time_s,state,roll_rad,pitch_rad,yaw_rad,body_x_m,body_y_m,body_z_m,com_x_m,com_y_m,support_margin_m,fr_foot_z_m,fr_lift_m,fl_force_n,fr_force_n,hl_force_n,hr_force_n,fr_q0,fr_q1,fr_q2,fr_qd0,fr_qd1,fr_qd2,max_abs_tau_nm,ik_residual_m
0.00100000,STAND,-0.00000000,0.00000000,-0.00000000,-0.00000004,0.00000000,0.32207984,-0.00842045,0.00016080,0.00585067,0.02200000,0.00000000,1.41653174,1.41753142,1.41745844,1.41726896,0.00000017,-0.77300194,1.50054729,0.00000000,-0.77297953,1.50050035,0.00000000,0.00000000
0.01000000,STAND,-0.00000007,0.00009971,0.00000009,-0.00000957,0.00000001,0.32159653,-0.00843082,0.00016081,0.00587332,0.02177284,0.00000000,7.14526091,7.15199081,6.57793477,6.57712714,0.00011975,-0.77355391,1.50205470,0.00000000,-0.77297953,1.50050035,0.73863846,0.00000000
0.02000000,STAND,-0.00000043,0.00054182,0.00000084,-0.00005763,0.00000011,0.32036677,-0.00847994,0.00016087,0.00594382,0.02107199,0.00000000,18.40826680,18.41580868,15.73177259,15.73192539,0.00052767,-0.77473904,1.50592882,0.00000000,-0.77297953,1.50050035,1.95466580,0.00000000
0.03000000,STAND,-0.00000165,0.00150096,0.00000321,-0.00018467,0.00000043,0.31872199,-0.00860800,0.00016111,0.00606369,0.02021534,0.00000000,27.41861227,27.43025508,22.34811217,22.34677154,0.00119237,-0.77634216,1.51215165,0.00000000,-0.77297953,1.50050035,3.16239159,0.00000000
0.04000000,STAND,-0.00000480,0.00281065,0.00000799,-0.00041103,0.00000114,0.31694141,-0.00882946,0.00016166,0.00624196,0.01921484,0.00000000,33.79840881,33.80396471,26.90476688,26.90137882,0.00210850,-0.77734506,1.51861514,0.00000000,-0.77297953,1.50050035,4.04037928,0.00000000
0.05000000,STAND,-0.00001011,0.00411622,0.00001540,-0.00073710,0.00000236,0.31521160,-0.00914337,0.00016265,0.00647932,0.01820008,0.00000000,38.33915584,38.33344194,30.54447463,30.53782175,0.00319147,-0.77772359,1.52456243,0.00000000,-0.77297953,1.50050035,4.70991551,0.00000000
0.06000000,STAND,-0.00001741,0.00512848,0.00002525,-0.00115757,0.00000417,0.31366938,-0.00954403,0.00016417,0.00677333,0.01729060,0.00000000,41.00194729,40.98098251,33.26647986,33.25515119,0.00436337,-0.77757259,1.52954504,0.00000000,-0.77297953,1.50050035,5.15391278,0.00000000
0.07000000,STAND,-0.00002636,0.00566044,0.00003700,-0.00166353,0.00000657,0.31240367,-0.01002275,0.00016622,0.00711980,0.01656596,0.00000000,41.90324240,41.86423426,35.10191709,35.08440620,0.00555096,-0.77699185,1.53329486,0.00000000,-0.77297953,1.50050035,5.37692662,0.00000000
0.08000000,STAND,-0.00003652,0.00562861,0.00004990,-0.00224344,0.00000953,0.31145826,-0.01056873,0.00016879,0.00751270,0.01606719,0.00000000,41.30030818,41.24176672,36.13814702,36.11298349,0.00668829,-0.77607721,1.53571657,0.00000000,-0.77297953,1.50050035,5.40487045,0.00000000
0.09000000,STAND,-0.00004740,0.00503759,0.00006304,-0.00288376,0.00001293,0.31083780,-0.01116968,0.00017180,0.00794415,0.01580255,0.00000000,39.53514709,39.45687727,36.50749183,36.47339561,0.00772141,-0.77491935,1.53686346,0.00000000,-0.77297953,1.50050035,5.27740748,0.00000000
0.10000000,STAND,-0.00005847,0.00395698,0.00007555,-0.00356955,0.00001665,0.31051602,-0.01181225,0.00017514,0.00840469,0.01575491,0.00000000,36.98378272,36.88676141,36.37043763,36.32646540,0.00861188,-0.77360355,1.53690077,0.00000000,-0.77297953,1.50050035,5.04063489,0.00000000
0.11000000,STAND,-0.00006926,0.00249689,0.00008665,-0.00428508,0.00002053,0.31044502,-0.01248248,0.00017866,0.00888371,0.01588958,0.00000000,34.01465474,33.90082265,35.89725787,35.84291699,0.00933813,-0.77220891,1.53606474,0.00000000,-0.77297953,1.50050035,4.89696523,0.00000000
0.12000000,STAND,-0.00007932,0.00078577,0.00009576,-0.00501447,0.00002441,0.31056450,-0.01316629,0.00018224,0.00937013,0.01616170,0.00000000,30.95697829,30.82898177,35.25085674,35.18617169,0.00989468,-0.77080678,1.53462345,0.00000000,-0.77297953,1.50050035,4.85411382,0.00000000
0.13000000,STAND,-0.00008826,-0.00104759,0.00010251,-0.00574237,0.00002815,0.31081018,-0.01384996,0.00018572,0.00985304,0.01652283,0.00000000,28.07927364,27.94018978,34.57284874,34.49837466,0.01028980,-0.76945875,1.53284314,0.00000000,-0.77297953,1.50050035,4.80513854,0.00000000
0.14000000,STAND,-0.00009584,-0.00288708,0.00010677,-0.00645457,0.00003159,0.31112081,-0.01452070,0.00018897,0.01032236,0.01692629,0.00000000,25.57776197,25.43083600,33.97404288,33.89082935,0.01054203,-0.76821470,1.53096253,0.00000000,-0.77297953,1.50050035,4.76512587,0.00000000
0.15000000,STAND,-0.00010186,-0.00463746,0.00010865,-0.00713850,0.00003463,0.31144333,-0.01516703,0.00019188,0.01076930,0.01733118,0.00000000,23.57375304,23.42216980,33.52970767,33.43922151,0.01067644,-0.76711152,1.52917570,0.00000000,-0.77297953,1.50050035,4.74401917,0.00000000
0.16000000,STAND,-0.00010627,-0.00622832,0.00010843,-0.00778360,0.00003719,0.31173611,-0.01577914,0.00019437,0.01118673,0.01770488,0.00000000,22.11856846,21.96527162,33.27932954,33.18334877,0.01072103,-0.76617279,1.52762349,0.00000000,-0.77297953,1.50050035,4.74673811,0.00000000
0.17000000,STAND,-0.00010907,-0.00761451,0.00010652,-0.00838149,0.00003921,0.31197047,-0.01634908,0.00019637,0.01156927,0.01802436,0.00000000,21.20407718,21.05164210,33.23008418,33.13057628,0.01070366,-0.76540944,1.52639208,0.00000000,-0.77297953,1.50050035,4.77378273,0.00000000
0.18000000,STAND,-0.00011035,-0.00877400,0.00010339,-0.00892603,0.00004067,0.31213047,-0.01687082,0.00019787,0.01191334,0.01827618,0.00000000,20.77668036,20.62723990,33.36294126,33.26193793,0.01064975,-0.76482139,1.52551743,0.00000000,-0.77297953,1.50050035,4.82215472,0.00000000
0.19000000,STAND,-0.00011026,-0.00970415,0.00009956,-0.00941317,0.00004158,0.31221167,-0.01734017,0.00019884,0.01221690,0.01845565,0.00000000,20.75262049,20.60783798,33.64021872,33.53969758,0.01058075,-0.76439971,1.52499345,0.00000000,-0.77297953,1.50050035,4.88643141,0.00000000
0.20000000,STAND,-0.00010897,-0.01041705,0.00009548,-0.00984069,0.00004196,0.31221894,-0.01775462,0.00019932,0.01247927,0.01856533,0.00000000,21.03277687,20.89385727,34.01347262,33.91525413,0.01051337,-0.76412917,1.52478243,0.00000000,-0.77297953,1.50050035,4.95984886,0.00000000
0.21000000,STAND,-0.00010668,-0.01093474,0.00009154,-0.01020797,0.00004186,0.31216390,-0.01811311,0.00019933,0.01270083,0.01861315,0.00000000,21.51556440,21.38329353,34.43080622,34.33647134,0.01045940,-0.76399078,1.52482601,0.00000000,-0.77297953,1.50050035,5.03528292,0.00000000
0.22000000,STAND,-0.00010358,-0.01128476,0.00008807,-0.01051560,0.00004133,0.31206229,-0.01841575,0.00019893,0.01288270,0.01861045,0.00000000,22.10707427,21.98187573,34.84295224,34.75378407,0.01042600,-0.76396408,1.52505552,0.00000000,-0.77297953,1.50050035,5.10605363,0.00000000
0.23000000,STAND,-0.00009987,-0.01149634,0.00008523,-0.01076510,0.00004044,0.31193151,-0.01866357,0.00019817,0.01302653,0.01857016,0.00000000,22.72809254,22.61009305,35.20776862,35.12471903,0.01041632,-0.76402902,1.52540092,0.00000000,-0.77297953,1.50050035,5.16651419,0.00000000
0.24000000,STAND,-0.00009574,-0.01159744,0.00008314,-0.01095864,0.00003926,0.31178856,-0.01885827,0.00019712,0.01313424,0.01850524,0.00000000,23.31804583,23.20714156,35.49304794,35.41672809,0.01043036,-0.76416734,1.52579777,0.00000000,-0.77297953,1.50050035,5.21241621,0.00000000
0.25000000,STAND,-0.00009133,-0.01161269,0.00008178,-0.01109880,0.00003785,0.31164847,-0.01900200,0.00019583,0.01320792,0.01842742,0.00000000,23.83622270,23.73214072,35.67774463,35.60843679,0.01046584,-0.76436340,1.52619207,0.00000000,-0.77297953,1.50050035,5.24106617,0.00000000
0.26000000,STAND,-0.00008679,-0.01156222,0.00008109,-0.01118842,0.00003629,0.31152327,-0.01909726,0.00019438,0.01324968,0.01834647,0.00000000,24.26080220,24.16315344,35.75186374,35.68955058,0.01051911,-0.76460455,1.52654298,0.00000000,-0.77297953,1.50050035,5.25130506,0.00000000
0.27000000,STAND,-0.00008224,-0.01146121,0.00008093,-0.01123049,0.00003463,0.31142145,-0.01914673,0.00019282,0.01326165,0.01826971,0.00000000,24.58630223,24.49462401,35.71533026,35.65973691,0.01058592,-0.76488110,1.52682370,0.00000000,-0.77297953,1.50050035,5.24335170,0.00000000
0.28000000,STAND,-0.00007778,-0.01132012,0.00008116,-0.01122808,0.00003291,0.31134792,-0.01915325,0.00019121,0.01324592,0.01820194,0.00000000,24.82006081,24.73384848,35.57618059,35.52682469,0.01066205,-0.76518600,1.52702083,0.00000000,-0.77297953,1.50050035,5.21855410,0.00000000
0.29000000,STAND,-0.00007349,-0.01114528,0.00008159,-0.01118435,0.00003120,0.31130428,-0.01911977,0.00018958,0.01320458,0.01814560,0.00000000,24.97830674,24.89703532,35.34840001,35.30464501,0.01074383,-0.76551427,1.52713262,0.00000000,-0.77297953,1.50050035,5.17909168,0.00000000
0.30000000,STAND,-0.00006944,-0.01093985,0.00008209,-0.01110252,0.00002954,0.31128933,-0.01904934,0.00018799,0.01313974,0.01810112,0.00000000,25.08228339,25.00542062,35.04968619,35.01079375,0.01082839,-0.76586246,1.52716645,0.00000000,-0.77297953,1.50050035,5.12766603,0.00000000
0.31000000,STAND,-0.00006567,-0.01070479,0.00008251,-0.01098592,0.00002794,0.31129975,-0.01894514,0.00018646,0.01305356,0.01806740,0.00000000,25.15477744,25.08179048,34.69935983,34.66453800,0.01091382,-0.76622801,1.52713609,0.00000000,-0.77297953,1.50050035,5.06721081,0.00000000
0.32000000,STAND,-0.00006224,-0.01043995,0.00008277,-0.01083797,0.00002644,0.31133086,-0.01881045,0.00018503,0.01294827,0.01804231,0.00000000,25.21728809,25.14764581,34.31657922,34.28502397,0.01099915,-0.76660870,1.52705890,0.00000000,-0.77297953,1.50050035,5.00064285,0.00000000
0.33000000,STAND,-0.00005916,-0.01014491,0.00008279,-0.01066225,0.00002507,0.31137725,-0.01864870,0.00018370,0.01282618,0.01802316,0.00000000,25.28796038,25.22113350,33.91895244,33.88988128,0.01108423,-0.76700226,1.52695336,0.00000000,-0.77297953,1.50050035,4.93066782,0.00000000
0.34000000,STAND,-0.00005647,-0.00981975,0.00008255,-0.01046245,0.00002383,0.31143345,-0.01846342,0.00018251,0.01268969,0.01800715,0.00000000,25.38030894,25.31576962,33.52158401,33.49426106,0.01116955,-0.76740603,1.52683700,0.00000000,-0.77297953,1.50050035,4.85964602,0.00000000
0.35000000,STAND,-0.00005418,-0.00946553,0.00008206,-0.01024239,0.00002275,0.31149437,-0.01825825,0.00018146,0.01254129,0.01799172,0.00000000,25.50267906,25.43990129,33.13654512,33.11029813,0.01125605,-0.76781680,1.52672494,0.00000000,-0.77297953,1.50050035,4.78951667,0.00000000
0.36000000,STAND,-0.00005229,-0.00908459,0.00008135,-0.01000596,0.00002182,0.31155565,-0.01803693,0.00018056,0.01238351,0.01797475,0.00000000,25.65833463,25.59679623,32.77272060,32.74695062,0.01134483,-0.76823078,1.52662889,0.00000000,-0.77297953,1.50050035,4.72177444,0.00000000
0.37000000,STAND,-0.00005082,-0.00868059,0.00008049,-0.00975713,0.00002105,0.31161387,-0.01780322,0.00017981,0.01221894,0.01795475,0.00000000,25.84602775,25.78521434,32.43596123,32.41014630,0.01143700,-0.76864366,1.52655679,0.00000000,-0.77297953,1.50050035,4.65748803,0.00000000
0.38000000,STAND,-0.00004976,-0.00825847,0.00007953,-0.00949982,0.00002044,0.31166663,-0.01756087,0.00017922,0.01205012,0.01793090,0.00000000,26.06089090,26.00030179,32.12945783,32.10315204,0.01153352,-0.76905073,1.52651284,0.00000000,-0.77297953,1.50050035,4.59734925,0.00000000
0.39000000,STAND,-0.00004910,-0.00782419,0.00007854,-0.00923794,0.00002000,0.31171247,-0.01731359,0.00017878,0.01187957,0.01790299,0.00000000,26.29549706,26.23465274,31.85425125,31.82708064,0.01163501,-0.76944708,1.52649788,0.00000000,-0.77297953,1.50050035,4.54174070,0.00000000
0.40000000,STAND,-0.00004882,-0.00738439,0.00007760,-0.00897524,0.00001971,0.31175082,-0.01706495,0.00017849,0.01170971,0.01787138,0.00000000,26.54095104,26.47940162,31.60979901,31.58145564,0.01174177,-0.76982779,1.52650998,0.00000000,-0.77297953,1.50050035,4.49081120,0.00000000
0.41000000,STAND,-0.00004890,-0.00694611,0.00007675,-0.00871532,0.00001957,0.31178178,-0.01681839,0.00017834,0.01154281,0.01783684,0.00000000,26.78790270,26.72523664,31.39453196,31.36476723,0.01185367,-0.77018818,1.52654523,0.00000000,-0.77297953,1.50050035,4.44454992,0.00000000
0.42000000,STAND,-0.00004931,-0.00651635,0.00007605,-0.00846152,0.00001957,0.31180596,-0.01657709,0.00017832,0.01138100,0.01780043,0.00000000,27.02740406,26.96325657,31.20635045,31.17496853,0.01197023,-0.77052395,1.52659848,0.00000000,-0.77297953,1.50050035,4.40285239,0.00000000
0.43000000,STAND,-0.00005002,-0.00610183,0.00007553,-0.00821693,0.00001970,0.31182428,-0.01634400,0.00017843,0.01122620,0.01776337,0.00000000,27.25156465,27.18562498,31.04302706,31.00987900,0.01209062,-0.77083136,1.52666402,0.00000000,-0.77297953,1.50050035,4.36557403,0.00000000
0.44000000,STAND,-0.00005100,-0.00570868,0.00007519,-0.00798430,0.00001995,0.31183782,-0.01612177,0.00017864,0.01108011,0.01772689,0.00000000,27.45398808,27.38600525,30.90249957,30.86747843,0.01221375,-0.77110732,1.52673624,0.00000000,-0.77297953,1.50050035,4.33256905,0.00000000
0.45000000,STAND,-0.00005219,-0.00534223,0.00007504,-0.00776605,0.00002030,0.31184762,-0.01591274,0.00017896,0.01094418,0.01769216,0.00000000,27.62999731,27.55978391,30.78305245,30.74608949,0.01233835,-0.77134949,1.52681007,0.00000000,-0.77297953,1.50050035,4.30371464,0.00000000
0.46000000,STAND,-0.00005356,-0.00500689,0.00007507,-0.00756423,0.00002073,0.31185466,-0.01571890,0.00017936,0.01081965,0.01766017,0.00000000,27.77667382,27.70410768,30.68339645,30.64445836,0.01246305,-0.77155631,1.52688129,0.00000000,-0.77297953,1.50050035,4.27892166,0.00000000
0.47000000,STAND,-0.00005506,-0.00470607,0.00007526,-0.00738052,0.00002124,0.31185971,-0.01554190,0.00017983,0.01070748,0.01763169,0.00000000,27.89274756,27.81777116,30.60266358,30.56175042,0.01258642,-0.77172694,1.52694671,0.00000000,-0.77297953,1.50050035,4.25813417,0.00000000
0.48000000,STAND,-0.00005665,-0.00444220,0.00007559,-0.00721624,0.00002181,0.31186335,-0.01538304,0.00018035,0.01060840,0.01760730,0.00000000,27.97837975,27.90099764,30.54033926,30.49748297,0.01270713,-0.77186126,1.52700423,0.00000000,-0.77297953,1.50050035,4.24132091,0.00000000
0.49000000,STAND,-0.00005828,-0.00421673,0.00007600,-0.00707233,0.00002241,0.31186593,-0.01524327,0.00018092,0.01052288,0.01758730,0.00000000,28.03488132,27.95515562,30.49615455,30.45141752,0.01282392,-0.77195982,1.52705272,0.00000000,-0.77297953,1.50050035,4.22846161,0.00000000
0.50000000,STAND,-0.00005991,-0.00403025,0.00007649,-0.00694938,0.00002304,0.31186761,-0.01512322,0.00018150,0.01045120,0.01757181,0.00000000,28.06440566,27.98245002,30.46996000,30.42343365,0.01293565,-0.77202371,1.52709192,0.00000000,-0.77297953,1.50050035,4.21953107,0.00000000
0.51000000,STAND,-0.00006151,-0.00388257,0.00007700,-0.00684766,0.00002367,0.31186841,-0.01502320,0.00018210,0.01039341,0.01756075,0.00000000,28.06964802,27.98562052,30.46159984,30.41340275,0.01304140,-0.77205450,1.52712227,0.00000000,-0.77297953,1.50050035,4.21448359,0.00000000
0.52000000,STAND,-0.00006304,-0.00377283,0.00007753,-0.00676713,0.00002430,0.31186822,-0.01494322,0.00018269,0.01034934,0.01755390,0.00000000,28.05357618,27.96767133,30.47080078,30.42107632,0.01314038,-0.77205418,1.52714467,0.00000000,-0.77297953,1.50050035,4.21323946,0.00000000
0.53000000,STAND,-0.00006447,-0.00369963,0.00007803,-0.00670745,0.00002490,0.31186687,-0.01488304,0.00018326,0.01031868,0.01755093,0.00000000,28.01920805,27.93164850,30.49708522,30.44599857,0.01323200,-0.77202502,1.52716028,0.00000000,-0.77297953,1.50050035,4.21567499,0.00000000
0.54000000,STAND,-0.00006578,-0.00366114,0.00007849,-0.00666803,0.00002548,0.31186417,-0.01484213,0.00018381,0.01030095,0.01755145,0.00000000,27.96944433,27.88047250,30.53971411,30.48744869,0.01331586,-0.77196953,1.52717040,0.00000000,-0.77297953,1.50050035,4.22161666,0.00000000
0.55000000,STAND,-0.00006694,-0.00365520,0.00007889,-0.00664805,0.00002601,0.31185995,-0.01481977,0.00018432,0.01029551,0.01755504,0.00000000,27.90695718,27.81682719,30.59766080,30.54441407,0.01339168,-0.77189038,1.52717626,0.00000000,-0.77297953,1.50050035,4.23083950,0.00000000
0.56000000,STAND,-0.00006794,-0.00367941,0.00007924,-0.00664649,0.00002649,0.31185409,-0.01481502,0.00018478,0.01030164,0.01756127,0.00000000,27.83413036,27.74310053,30.66961355,30.61559247,0.01345934,-0.77179034,1.52717895,0.00000000,-0.77297953,1.50050035,4.24306941,0.00000000
0.57000000,STAND,-0.00006877,-0.00373119,0.00007951,-0.00666215,0.00002691,0.31184652,-0.01482679,0.00018518,0.01031847,0.01756973,0.00000000,27.75304294,27.66136893,30.75400267,30.69941880,0.01351886,-0.77167223,1.52717936,0.00000000,-0.77297953,1.50050035,4.25798883,0.00000000
0.58000000,STAND,-0.00006942,-0.00380785,0.00007972,-0.00669369,0.00002727,0.31183726,-0.01485384,0.00018553,0.01034508,0.01758003,0.00000000,27.66548578,27.57341463,30.84904612,30.79411070,0.01357032,-0.77153887,1.52717816,0.00000000,-0.77297953,1.50050035,4.27524489,0.00000000
0.59000000,STAND,-0.00006990,-0.00390663,0.00007986,-0.00673965,0.00002756,0.31182639,-0.01489480,0.00018582,0.01038049,0.01759184,0.00000000,27.57300025,27.48076529,30.95280737,30.89772650,0.01361392,-0.77139308,1.52717577,0.00000000,-0.77297953,1.50050035,4.29445918,0.00000000
0.60000000,STAND,-0.00007021,-0.00402475,0.00007995,-0.00679847,0.00002778,0.31181407,-0.01494822,0.00018604,0.01042365,0.01760485,0.00000000,27.47692833,27.38474505,31.06325907,31.00822917,0.01364990,-0.77123759,1.52717242,0.00000000,-0.77297953,1.50050035,4.31523822,0.00000000
0.61000000,STAND,-0.00007035,-0.00415940,0.00007998,-0.00686855,0.00002794,0.31180050,-0.01501259,0.00018621,0.01047348,0.01761879,0.00000000,27.37846533,27.28652821,31.17834708,31.12355084,0.01367857,-0.77107510,1.52716817,0.00000000,-0.77297953,1.50050035,4.33718393,0.00000000
0.62000000,STAND,-0.00007033,-0.00430778,0.00007997,-0.00694821,0.00002804,0.31178595,-0.01508633,0.00018631,0.01052891,0.01763342,0.00000000,27.27870806,27.18718819,31.29605021,31.24165304,0.01370030,-0.77090816,1.52716297,0.00000000,-0.77297953,1.50050035,4.35990334,0.00000000
0.63000000,STAND,-0.00007017,-0.00446716,0.00007992,-0.00703579,0.00002807,0.31177067,-0.01516786,0.00018635,0.01058884,0.01764855,0.00000000,27.17869366,27.08773722,31.41443230,31.36057960,0.01371546,-0.77073924,1.52715672,0.00000000,-0.77297953,1.50050035,4.38301724,0.00000000
0.64000000,STAND,-0.00006988,-0.00463480,0.00007984,-0.00712962,0.00002804,0.31175496,-0.01525560,0.00018633,0.01065220,0.01766397,0.00000000,27.07942629,26.98915380,31.53168472,31.47849978,0.01372449,-0.77057066,1.52714928,0.00000000,-0.77297953,1.50050035,4.40616733,0.00000000
0.65000000,STAND,-0.00006948,-0.00480809,0.00007974,-0.00722805,0.00002796,0.31173911,-0.01534800,0.00018626,0.01071792,0.01767951,0.00000000,26.98189121,26.89239737,31.64615833,31.59374100,0.01372783,-0.77040460,1.52714056,0.00000000,-0.77297953,1.50050035,4.42902182,0.00000000
0.66000000,STAND,-0.00006898,-0.00498448,0.00007963,-0.00732949,0.00002783,0.31172336,-0.01544352,0.00018615,0.01078501,0.01769500,0.00000000,26.88705687,26.79841099,31.75638491,31.70481105,0.01372597,-0.77024306,1.52713049,0.00000000,-0.77297953,1.50050035,4.45127945,0.00000000
0.67000000,STAND,-0.00006841,-0.00516151,0.00007950,-0.00743241,0.00002766,0.31170797,-0.01554070,0.00018600,0.01085249,0.01771029,0.00000000,26.79586705,26.70811403,31.86108914,31.81041068,0.01371941,-0.77008786,1.52711908,0.00000000,-0.77297953,1.50050035,4.47267206,0.00000000
0.68000000,STAND,-0.00006778,-0.00533688,0.00007937,-0.00753534,0.00002746,0.31169315,-0.01563815,0.00018582,0.01091945,0.01772522,0.00000000,26.70922585,26.62238746,31.95919225,31.90943798,0.01370864,-0.76994063,1.52710639,0.00000000,-0.77297953,1.50050035,4.49296596,0.00000000
0.69000000,STAND,-0.00006710,-0.00550842,0.00007923,-0.00763693,0.00002723,0.31167908,-0.01573458,0.00018560,0.01098504,0.01773965,0.00000000,26.62797823,26.54205479,32.04980925,32.00098602,0.01369421,-0.76980282,1.52709257,0.00000000,-0.77297953,1.50050035,4.51196210,0.00000000
0.70000000,STAND,-0.00006641,-0.00567415,0.00007910,-0.00773592,0.00002698,0.31166591,-0.01582876,0.00018537,0.01104849,0.01775342,0.00000000,26.55288912,26.46786147,32.13224120,32.08433568,0.01367664,-0.76967564,1.52707781,0.00000000,-0.77297953,1.50050035,4.52949561,0.00000000
0.71000000,STAND,-0.00006570,-0.00583225,0.00007897,-0.00783118,0.00002672,0.31165376,-0.01591960,0.00018513,0.01110910,0.01776642,0.00000000,26.48462355,26.40045518,32.20596438,32.15894506,0.01365647,-0.76956009,1.52706236,0.00000000,-0.77297953,1.50050035,4.54543462,0.00000000
0.72000000,STAND,-0.00006500,-0.00598114,0.00007884,-0.00792169,0.00002645,0.31164270,-0.01600613,0.00018487,0.01116627,0.01777852,0.00000000,26.42372974,26.34036911,32.27061759,32.22443711,0.01363422,-0.76945697,1.52704648,0.00000000,-0.77297953,1.50050035,4.55967873,0.00000000
0.73000000,STAND,-0.00006432,-0.00611941,0.00007873,-0.00800655,0.00002618,0.31163280,-0.01608746,0.00018461,0.01121946,0.01778961,0.00000000,26.37062658,26.28800947,32.32598874,32.28058631,0.01361041,-0.76936685,1.52703045,0.00000000,-0.77297953,1.50050035,4.57215730,0.00000000
0.74000000,STAND,-0.00006367,-0.00624591,0.00007862,-0.00808502,0.00002591,0.31162410,-0.01616287,0.00018436,0.01126822,0.01779960,0.00000000,26.32559613,26.24364812,32.37200163,32.32730556,0.01358555,-0.76929009,1.52701456,0.00000000,-0.77297953,1.50050035,4.58282752,0.00000000
0.75000000,STAND,-0.00006307,-0.00635972,0.00007852,-0.00815647,0.00002565,0.31161661,-0.01623175,0.00018411,0.01131222,0.01780843,0.00000000,26.28878152,26.20742042,32.40870324,32.36463343,0.01356013,-0.76922685,1.52699907,0.00000000,-0.77297953,1.50050035,4.59167257,0.00000000
0.76000000,STAND,-0.00006252,-0.00646011,0.00007844,-0.00822042,0.00002541,0.31161033,-0.01629361,0.00018388,0.01135117,0.01781604,0.00000000,26.26018982,26.17932803,32.43625195,32.39272236,0.01353459,-0.76917711,1.52698422,0.00000000,-0.77297953,1.50050035,4.59869963,0.00000000
0.77000000,STAND,-0.00006202,-0.00654663,0.00007837,-0.00827650,0.00002518,0.31160525,-0.01634808,0.00018366,0.01138489,0.01782239,0.00000000,26.23969924,26.15924605,32.45490659,32.41182755,0.01350936,-0.76914064,1.52697022,0.00000000,-0.77297953,1.50050035,4.60393810,0.00000000
0.78000000,STAND,-0.00006159,-0.00661902,0.00007831,-0.00832450,0.00002497,0.31160133,-0.01639494,0.00018346,0.01141328,0.01782749,0.00000000,26.22706997,26.14693375,32.46501626,32.42229663,0.01348483,-0.76911707,1.52695723,0.00000000,-0.77297953,1.50050035,4.60743766,0.00000000
0.79000000,STAND,-0.00006123,-0.00667722,0.00007826,-0.00836430,0.00002479,0.31159855,-0.01643405,0.00018329,0.01143631,0.01783133,0.00000000,26.22195747,26.14204765,32.46701066,32.42455988,0.01346134,-0.76910587,1.52694539,0.00000000,-0.77297953,1.50050035,4.60926642,0.00000000
0.80000000,STAND,-0.00006093,-0.00672139,0.00007823,-0.00839591,0.00002463,0.31159686,-0.01646542,0.00018313,0.01145402,0.01783395,0.00000000,26.22392741,26.14415632,32.46139085,32.41912064,0.01343920,-0.76910638,1.52693479,0.00000000,-0.77297953,1.50050035,4.60950907,0.00000000
0.81000000,STAND,-0.00006071,-0.00675185,0.00007822,-0.00841945,0.00002450,0.31159619,-0.01648912,0.00018300,0.01146655,0.01783539,0.00000000,26.23247134,26.15275579,32.44871989,32.40654587,0.01341869,-0.76911782,1.52692549,0.00000000,-0.77297953,1.50050035,4.60826492,0.00000000
0.82000000,STAND,-0.00006055,-0.00676911,0.00007822,-0.00843513,0.00002440,0.31159650,-0.01650535,0.00018290,0.01147404,0.01783570,0.00000000,26.24702218,26.16728486,32.42961359,32.38745657,0.01340001,-0.76913932,1.52691753,0.00000000,-0.77297953,1.50050035,4.60564593,0.00000000
0.83000000,STAND,-0.00006045,-0.00677380,0.00007823,-0.00844327,0.00002432,0.31159770,-0.01651438,0.00018282,0.01147675,0.01783496,0.00000000,26.26696920,26.18713983,32.40473093,32.36251805,0.01338334,-0.76916994,1.52691090,0.00000000,-0.77297953,1.50050035,4.60177468,0.00000000
0.84000000,STAND,-0.00006042,-0.00676669,0.00007826,-0.00844424,0.00002426,0.31159972,-0.01651656,0.00018276,0.01147494,0.01783325,0.00000000,26.29167187,26.21168806,32.37476425,32.33242982,0.01336882,-0.76920867,1.52690560,0.00000000,-0.77297953,1.50050035,4.59678234,0.00000000
0.85000000,STAND,-0.00006045,-0.00674865,0.00007829,-0.00843851,0.00002424,0.31160248,-0.01651232,0.00018273,0.01146893,0.01783066,0.00000000,26.32047235,26.24028025,32.34042931,32.29791550,0.01335654,-0.76925447,1.52690158,0.00000000,-0.77297953,1.50050035,4.59080647,0.00000000
0.86000000,STAND,-0.00006053,-0.00672064,0.00007834,-0.00842659,0.00002423,0.31160590,-0.01650212,0.00018272,0.01145909,0.01782728,0.00000000,26.35270658,26.27226133,32.30245516,32.25971244,0.01334656,-0.76930627,1.52689880,0.00000000,-0.77297953,1.50050035,4.58398900,0.00000000
0.87000000,STAND,-0.00006065,-0.00668368,0.00007840,-0.00840903,0.00002424,0.31160988,-0.01648649,0.00018273,0.01144578,0.01782322,0.00000000,26.38771397,26.30697982,32.26157415,32.21856150,0.01333888,-0.76936299,1.52689720,0.00000000,-0.77297953,1.50050035,4.57647406,0.00000000
0.88000000,STAND,-0.00006081,-0.00663886,0.00007846,-0.00838645,0.00002428,0.31161434,-0.01646600,0.00018275,0.01142942,0.01781856,0.00000000,26.42484568,26.34379600,32.21851209,32.17519710,0.01333350,-0.76942356,1.52689671,0.00000000,-0.77297953,1.50050035,4.56840600,0.00000000
0.89000000,STAND,-0.00006101,-0.00658729,0.00007853,-0.00835947,0.00002433,0.31161919,-0.01644123,0.00018280,0.01141041,0.01781342,0.00000000,26.46347177,26.38208880,32.17397885,32.13033761,0.01333037,-0.76948693,1.52689727,0.00000000,-0.77297953,1.50050035,4.55992740,0.00000000
0.90000000,STAND,-0.00006123,-0.00653009,0.00007860,-0.00832873,0.00002440,0.31162432,-0.01641278,0.00018286,0.01138919,0.01780789,0.00000000,26.50298729,26.42126174,32.12865961,32.08467642,0.01332940,-0.76955209,1.52689878,0.00000000,-0.77297953,1.50050035,4.55117726,0.00000000
0.91000000,STAND,-0.00006147,-0.00646840,0.00007867,-0.00829488,0.00002448,0.31162965,-0.01638128,0.00018293,0.01136617,0.01780207,0.00000000,26.54281741,26.46074794,32.08320686,32.03887385,0.01333050,-0.76961805,1.52690117,0.00000000,-0.77297953,1.50050035,4.54228933,0.00000000
0.92000000,STAND,-0.00006173,-0.00640331,0.00007874,-0.00825857,0.00002456,0.31163510,-0.01634735,0.00018301,0.01134179,0.01779606,0.00000000,26.58242196,26.50001446,32.03823325,31.99354987,0.01333353,-0.76968390,1.52690435,0.00000000,-0.77297953,1.50050035,4.53339058,0.00000000
0.93000000,STAND,-0.00006199,-0.00633592,0.00007881,-0.00822045,0.00002466,0.31164058,-0.01631158,0.00018310,0.01131644,0.01778995,0.00000000,26.62129917,26.53856604,31.99430557,31.94927795,0.01333836,-0.76974878,1.52690823,0.00000000,-0.77297953,1.50050035,4.52459989,0.00000000
0.94000000,STAND,-0.00006225,-0.00626726,0.00007887,-0.00818114,0.00002476,0.31164601,-0.01627457,0.00018319,0.01129054,0.01778383,0.00000000,26.65898896,26.57594822,31.95193973,31.90658003,0.01334482,-0.76981189,1.52691273,0.00000000,-0.77297953,1.50050035,4.51602696,0.00000000
0.95000000,STAND,-0.00006251,-0.00619832,0.00007893,-0.00814124,0.00002486,0.31165131,-0.01623689,0.00018328,0.01126445,0.01777776,0.00000000,26.69507564,26.61175011,31.91159688,31.86592251,0.01335275,-0.76987253,1.52691773,0.00000000,-0.77297953,1.50050035,4.50777138,0.00000000
0.96000000,STAND,-0.00006276,-0.00613004,0.00007899,-0.00810130,0.00002496,0.31165643,-0.01619909,0.00018338,0.01123854,0.01777184,0.00000000,26.72919015,26.64560649,31.87368063,31.82771347,0.01336197,-0.76993006,1.52692316,0.00000000,-0.77297953,1.50050035,4.49992197,0.00000000
0.97000000,STAND,-0.00006300,-0.00606328,0.00007903,-0.00806187,0.00002506,0.31166130,-0.01616167,0.00018347,0.01121314,0.01776613,0.00000000,26.76101172,26.67719956,31.83853534,31.79230093,0.01337228,-0.76998392,1.52692892,0.00000000,-0.77297953,1.50050035,4.49255626,0.00000000
0.98000000,STAND,-0.00006322,-0.00599881,0.00007907,-0.00802343,0.00002515,0.31166587,-0.01612511,0.00018356,0.01118855,0.01776069,0.00000000,26.79026908,26.70626012,31.80644542,31.75997216,0.01338350,-0.77003363,1.52693491,0.00000000,-0.77297953,1.50050035,4.48574020,0.00000000
0.99000000,STAND,-0.00006342,-0.00593735,0.00007910,-0.00798643,0.00002524,0.31167011,-0.01608982,0.00018365,0.01116504,0.01775557,0.00000000,26.81674101,26.73256817,31.77763556,31.73095390,0.01339543,-0.77007882,1.52694104,0.00000000,-0.77297953,1.50050035,4.47952808,0.00000000
1.00000000,STAND,-0.00006359,-0.00587951,0.00007912,-0.00795125,0.00002532,0.31167397,-0.01605620,0.00018373,0.01114286,0.01775081,0.00000000,26.84025634,26.75595296,31.75227181,31.70541349,0.01340788,-0.77011918,1.52694722,0.00000000,-0.77297953,1.50050035,4.47396258,0.00000000
1.01000000,STAND,-0.00006375,-0.00582582,0.00007913,-0.00791826,0.00002540,0.31167742,-0.01602458,0.00018380,0.01112220,0.01774647,0.00000000,26.86069339,26.77629250,31.73046335,31.68346069,0.01342068,-0.77015450,1.52695336,0.00000000,-0.77297953,1.50050035,4.46907496,0.00000000
1.02000000,STAND,-0.00006388,-0.00577672,0.00007914,-0.00788774,0.00002547,0.31168045,-0.01599525,0.00018387,0.01110325,0.01774257,0.00000000,26.87797869,26.79351236,31.71226501,31.66515021,0.01343365,-0.77018462,1.52695939,0.00000000,-0.77297953,1.50050035,4.46488547,0.00000000
1.03000000,STAND,-0.00006399,-0.00573256,0.00007913,-0.00785993,0.00002553,0.31168305,-0.01596845,0.00018393,0.01108615,0.01773912,0.00000000,26.89208527,26.80758402,31.69768026,31.65048480,0.01344660,-0.77020950,1.52696522,0.00000000,-0.77297953,1.50050035,4.46140378,0.00000000
1.04000000,STAND,-0.00006407,-0.00569361,0.00007912,-0.00783503,0.00002557,0.31168521,-0.01594436,0.00018397,0.01107100,0.01773616,0.00000000,26.90303024,26.81852255,31.68666467,31.63941876,0.01345939,-0.77022915,1.52697080,0.00000000,-0.77297953,1.50050035,4.45862957,0.00000000
1.05000000,STAND,-0.00006412,-0.00566004,0.00007910,-0.00781318,0.00002561,0.31168692,-0.01592314,0.00018401,0.01105787,0.01773368,0.00000000,26.91087201,26.82638391,31.67912975,31.63186188,0.01347186,-0.77024364,1.52697607,0.00000000,-0.77297953,1.50050035,4.45655324,0.00000000
1.06000000,STAND,-0.00006416,-0.00563195,0.00007908,-0.00779446,0.00002565,0.31168820,-0.01590487,0.00018405,0.01104681,0.01773170,0.00000000,26.91570691,26.83126168,31.67494708,31.62768363,0.01348389,-0.77025312,1.52698096,0.00000000,-0.77297953,1.50050035,4.45515661,0.00000000
1.07000000,STAND,-0.00006417,-0.00560935,0.00007905,-0.00777893,0.00002567,0.31168905,-0.01588960,0.00018407,0.01103783,0.01773019,0.00000000,26.91766560,26.83328353,31.67395270,31.62671758,0.01349535,-0.77025780,1.52698544,0.00000000,-0.77297953,1.50050035,4.45441376,0.00000000
1.08000000,STAND,-0.00006416,-0.00559218,0.00007902,-0.00776658,0.00002568,0.31168950,-0.01587735,0.00018408,0.01103092,0.01772916,0.00000000,26.91690906,26.83260730,31.67595153,31.62876600,0.01350613,-0.77025791,1.52698948,0.00000000,-0.77297953,1.50050035,4.45429183,0.00000000
1.09000000,STAND,-0.00006413,-0.00558033,0.00007898,-0.00775736,0.00002568,0.31168956,-0.01586807,0.00018409,0.01102602,0.01772858,0.00000000,26.91362447,26.82941697,31.68072202,31.63360449,0.01351614,-0.77025375,1.52699305,0.00000000,-0.77297953,1.50050035,4.45475198,0.00000000
1.10000000,STAND,-0.00006409,-0.00557359,0.00007894,-0.00775120,0.00002568,0.31168926,-0.01586170,0.00018409,0.01102307,0.01772844,0.00000000,26.90802088,26.82391840,31.68802069,31.64098666,0.01352531,-0.77024567,1.52699612,0.00000000,-0.77297953,1.50050035,4.45575021,0.00000000
1.11000000,STAND,-0.00006404,-0.00557172,0.00007890,-0.00774797,0.00002567,0.31168862,-0.01585813,0.00018408,0.01102200,0.01772871,0.00000000,26.90032492,26.81633510,31.69758676,31.65064878,0.01353359,-0.77023402,1.52699870,0.00000000,-0.77297953,1.50050035,4.45723830,0.00000000
1.12000000,STAND,-0.00006397,-0.00557443,0.00007886,-0.00774753,0.00002566,0.31168767,-0.01585722,0.00018407,0.01102267,0.01772935,0.00000000,26.89077650,26.80690398,31.70914664,31.66231432,0.01354091,-0.77021918,1.52700078,0.00000000,-0.77297953,1.50050035,4.45916475,0.00000000
1.13000000,STAND,-0.00006389,-0.00558139,0.00007882,-0.00774970,0.00002564,0.31168646,-0.01585882,0.00018405,0.01102499,0.01773034,0.00000000,26.87962459,26.79587121,31.72241828,31.67569843,0.01354726,-0.77020157,1.52700236,0.00000000,-0.77297953,1.50050035,4.46147559,0.00000000
1.14000000,STAND,-0.00006381,-0.00559223,0.00007878,-0.00775428,0.00002561,0.31168500,-0.01586273,0.00018403,0.01102880,0.01773163,0.00000000,26.86712323,26.78348824,31.73711540,31.69051212,0.01355263,-0.77018160,1.52700345,0.00000000,-0.77297953,1.50050035,4.46411530,0.00000000
1.15000000,STAND,-0.00006372,-0.00560655,0.00007874,-0.00776106,0.00002558,0.31168333,-0.01586876,0.00018400,0.01103396,0.01773320,0.00000000,26.85352770,26.77000802,31.75295148,31.70646638,0.01355700,-0.77015968,1.52700408,0.00000000,-0.77297953,1.50050035,4.46702764,0.00000000
1.16000000,STAND,-0.00006363,-0.00562393,0.00007870,-0.00776980,0.00002555,0.31168149,-0.01587669,0.00018397,0.01104032,0.01773500,0.00000000,26.83909094,26.75568146,31.76964354,31.72327590,0.01356039,-0.77013623,1.52700427,0.00000000,-0.77297953,1.50050035,4.47015639,0.00000000
1.17000000,STAND,-0.00006354,-0.00564394,0.00007867,-0.00778026,0.00002552,0.31167951,-0.01588629,0.00018394,0.01104771,0.01773700,0.00000000,26.82406034,26.74075418,31.78691555,31.74066260,0.01356283,-0.77011167,1.52700403,0.00000000,-0.77297953,1.50050035,4.47344614,0.00000000
1.18000000,STAND,-0.00006345,-0.00566615,0.00007864,-0.00779218,0.00002548,0.31167743,-0.01589732,0.00018391,0.01105596,0.01773915,0.00000000,26.80867470,26.72546356,31.80450170,31.75835884,0.01356435,-0.77008639,1.52700341,0.00000000,-0.77297953,1.50050035,4.47684290,0.00000000
1.19000000,STAND,-0.00006336,-0.00569012,0.00007861,-0.00780532,0.00002545,0.31167528,-0.01590955,0.00018388,0.01106492,0.01774141,0.00000000,26.79316170,26.71003612,31.82214916,31.77611024,0.01356499,-0.77006078,1.52700244,0.00000000,-0.77297953,1.50050035,4.48029482,0.00000000
1.20000000,STAND,-0.00006328,-0.00571542,0.00007859,-0.00781942,0.00002542,0.31167309,-0.01592273,0.00018385,0.01107441,0.01774375,0.00000000,26.77773551,26.69468522,31.83962063,31.79367822,0.01356481,-0.77003519,1.52700115,0.00000000,-0.77297953,1.50050035,4.48375264,0.00000000
1.21000000,STAND,-0.00006320,-0.00574162,0.00007857,-0.00783423,0.00002538,0.31167090,-0.01593662,0.00018382,0.01108428,0.01774614,0.00000000,26.76259496,26.67960914,31.85669645,31.81084208,0.01356386,-0.77000996,1.52699957,0.00000000,-0.77297953,1.50050035,4.48717024,0.00000000
1.22000000,STAND,-0.00006313,-0.00576833,0.00007855,-0.00784951,0.00002535,0.31166872,-0.01595101,0.00018379,0.01109437,0.01774853,0.00000000,26.74792184,26.66498941,31.87317641,31.82740087,0.01356222,-0.76998541,1.52699776,0.00000000,-0.77297953,1.50050035,4.49050499,0.00000000
1.23000000,STAND,-0.00006307,-0.00579514,0.00007854,-0.00786502,0.00002532,0.31166660,-0.01596565,0.00018376,0.01110453,0.01775090,0.00000000,26.73387971,26.65098957,31.88888112,31.84317466,0.01355995,-0.76996182,1.52699575,0.00000000,-0.77297953,1.50050035,4.49371815,0.00000000
1.24000000,STAND,-0.00006301,-0.00582171,0.00007854,-0.00788055,0.00002530,0.31166455,-0.01598035,0.00018373,0.01111463,0.01775322,0.00000000,26.72061293,26.63775421,31.90365306,31.85800566,0.01355713,-0.76993943,1.52699357,0.00000000,-0.77297953,1.50050035,4.49677511,0.00000000
1.25000000,STAND,-0.00006296,-0.00584770,0.00007853,-0.00789589,0.00002527,0.31166259,-0.01599491,0.00018371,0.01112454,0.01775545,0.00000000,26.70824605,26.62540831,31.91735729,31.87175887,0.01355383,-0.76991846,1.52699127,0.00000000,-0.77297953,1.50050035,4.49964556,0.00000000
1.26000000,STAND,-0.00006292,-0.00587280,0.00007854,-0.00791085,0.00002525,0.31166076,-0.01600913,0.00018369,0.01113413,0.01775758,0.00000000,26.69688353,26.61405691,31.92988172,31.88432234,0.01355013,-0.76989911,1.52698889,0.00000000,-0.77297953,1.50050035,4.50230362,0.00000000
1.27000000,STAND,-0.00006288,-0.00589673,0.00007854,-0.00792525,0.00002523,0.31165905,-0.01602287,0.00018367,0.01114330,0.01775958,0.00000000,26.68660965,26.60378503,31.94113723,31.89560722,0.01354610,-0.76988151,1.52698646,0.00000000,-0.77297953,1.50050035,4.50472795,0.00000000
1.28000000,STAND,-0.00006286,-0.00591927,0.00007855,-0.00793894,0.00002522,0.31165749,-0.01603596,0.00018366,0.01115196,0.01776144,0.00000000,26.67748878,26.59465792,31.95105725,31.90554743,0.01354183,-0.76986579,1.52698401,0.00000000,-0.77297953,1.50050035,4.50690164,0.00000000
1.29000000,STAND,-0.00006284,-0.00594019,0.00007856,-0.00795179,0.00002520,0.31165608,-0.01604827,0.00018364,0.01116002,0.01776313,0.00000000,26.66956584,26.58672143,31.95959728,31.91409902,0.01353739,-0.76985204,1.52698158,0.00000000,-0.77297953,1.50050035,4.50881225,0.00000000
1.30000000,STAND,-0.00006283,-0.00595933,0.00007857,-0.00796368,0.00002519,0.31165484,-0.01605969,0.00018363,0.01116742,0.01776466,0.00000000,26.66286701,26.58000275,31.96673399,31.92123935,0.01353285,-0.76984030,1.52697921,0.00000000,-0.77297953,1.50050035,4.51045162,0.00000000
1.31000000,STAND,-0.00006282,-0.00597655,0.00007859,-0.00797451,0.00002519,0.31165378,-0.01607014,0.00018362,0.01117411,0.01776600,0.00000000,26.65740060,26.57451121,31.97246419,31.92696598,0.01352828,-0.76983061,1.52697691,0.00000000,-0.77297953,1.50050035,4.51181569,0.00000000
1.32000000,STAND,-0.00006282,-0.00599175,0.00007860,-0.00798422,0.00002518,0.31165288,-0.01607952,0.00018362,0.01118003,0.01776716,0.00000000,26.65315813,26.57023939,31.97680355,31.93129538,0.01352374,-0.76982295,1.52697472,0.00000000,-0.77297953,1.50050035,4.51290436,0.00000000
1.33000000,STAND,-0.00006283,-0.00600486,0.00007862,-0.00799274,0.00002518,0.31165216,-0.01608780,0.00018361,0.01118517,0.01776812,0.00000000,26.65011555,26.56716424,31.97978515,31.93426149,0.01351929,-0.76981729,1.52697266,0.00000000,-0.77297953,1.50050035,4.51372115,0.00000000
1.34000000,STAND,-0.00006284,-0.00601584,0.00007864,-0.00800005,0.00002518,0.31165162,-0.01609493,0.00018361,0.01118950,0.01776890,0.00000000,26.64823455,26.56524846,31.98145792,31.93591409,0.01351499,-0.76981359,1.52697074,0.00000000,-0.77297953,1.50050035,4.51427296,0.00000000
1.35000000,STAND,-0.00006286,-0.00602469,0.00007866,-0.00800612,0.00002518,0.31165124,-0.01610090,0.00018361,0.01119302,0.01776949,0.00000000,26.64746402,26.56444185,31.98188498,31.93631714,0.01351088,-0.76981176,1.52696898,0.00000000,-0.77297953,1.50050035,4.51456977,0.00000000
1.36000000,STAND,-0.00006287,-0.00603143,0.00007868,-0.00801095,0.00002518,0.31165102,-0.01610569,0.00018362,0.01119574,0.01776989,0.00000000,26.64774155,26.56468289,31.98114183,31.93554697,0.01350701,-0.76981170,1.52696739,0.00000000,-0.77297953,1.50050035,4.51462427,0.00000000
1.37000000,STAND,-0.00006289,-0.00603610,0.00007870,-0.00801457,0.00002519,0.31165096,-0.01610932,0.00018362,0.01119768,0.01777012,0.00000000,26.64899499,26.56590019,31.97931457,31.93369047,0.01350341,-0.76981329,1.52696599,0.00000000,-0.77297953,1.50050035,4.51445153,0.00000000
1.38000000,STAND,-0.00006292,-0.00603878,0.00007872,-0.00801699,0.00002519,0.31165104,-0.01611183,0.00018363,0.01119885,0.01777018,0.00000000,26.65114403,26.56801414,31.97649804,31.93084324,0.01350012,-0.76981642,1.52696478,0.00000000,-0.77297953,1.50050035,4.51406866,0.00000000
1.39000000,STAND,-0.00006294,-0.00603957,0.00007873,-0.00801828,0.00002520,0.31165126,-0.01611325,0.00018363,0.01119929,0.01777008,0.00000000,26.65410179,26.57093847,31.97279404,31.92710776,0.01349715,-0.76982094,1.52696376,0.00000000,-0.77297953,1.50050035,4.51349443,0.00000000
1.40000000,STAND,-0.00006297,-0.00603857,0.00007875,-0.00801848,0.00002521,0.31165160,-0.01611363,0.00018364,0.01119905,0.01776983,0.00000000,26.65777638,26.57458180,31.96830946,31.92259155,0.01349454,-0.76982669,1.52696294,0.00000000,-0.77297953,1.50050035,4.51274892,0.00000000
1.41000000,STAND,-0.00006299,-0.00603592,0.00007876,-0.00801766,0.00002522,0.31165205,-0.01611304,0.00018365,0.01119817,0.01776945,0.00000000,26.66207245,26.57884918,31.96315458,31.91740546,0.01349229,-0.76983352,1.52696231,0.00000000,-0.77297953,1.50050035,4.51185317,0.00000000
1.42000000,STAND,-0.00006302,-0.00603176,0.00007878,-0.00801591,0.00002523,0.31165260,-0.01611154,0.00018366,0.01119671,0.01776895,0.00000000,26.66689268,26.58364359,31.95744137,31.91166192,0.01349040,-0.76984127,1.52696187,0.00000000,-0.77297953,1.50050035,4.51082884,0.00000000
1.43000000,STAND,-0.00006304,-0.00602624,0.00007879,-0.00801330,0.00002524,0.31165323,-0.01610922,0.00018366,0.01119472,0.01776834,0.00000000,26.67213916,26.58886735,31.95128188,31.90547342,0.01348888,-0.76984978,1.52696162,0.00000000,-0.77297953,1.50050035,4.50969788,0.00000000
1.44000000,STAND,-0.00006306,-0.00601953,0.00007880,-0.00800993,0.00002524,0.31165393,-0.01610616,0.00018367,0.01119227,0.01776765,0.00000000,26.67771473,26.59442343,31.94478677,31.89895095,0.01348773,-0.76985888,1.52696154,0.00000000,-0.77297953,1.50050035,4.50848220,0.00000000
1.45000000,STAND,-0.00006308,-0.00601179,0.00007881,-0.00800588,0.00002525,0.31165468,-0.01610245,0.00018368,0.01118941,0.01776687,0.00000000,26.68352423,26.60021671,31.93806392,31.89220267,0.01348694,-0.76986842,1.52696162,0.00000000,-0.77297953,1.50050035,4.50720344,0.00000000
1.46000000,STAND,-0.00006310,-0.00600319,0.00007881,-0.00800126,0.00002526,0.31165548,-0.01609818,0.00018369,0.01118621,0.01776604,0.00000000,26.68947560,26.60615511,31.93121720,31.88533265,0.01348649,-0.76987824,1.52696185,0.00000000,-0.77297953,1.50050035,4.50588262,0.00000000
1.47000000,STAND,-0.00006312,-0.00599390,0.00007882,-0.00799617,0.00002527,0.31165631,-0.01609344,0.00018370,0.01118274,0.01776516,0.00000000,26.69548091,26.61215060,31.92434533,31.87843975,0.01348637,-0.76988820,1.52696223,0.00000000,-0.77297953,1.50050035,4.50453999,0.00000000
1.48000000,STAND,-0.00006314,-0.00598408,0.00007882,-0.00799071,0.00002528,0.31165715,-0.01608833,0.00018370,0.01117905,0.01776425,0.00000000,26.70145724,26.61812011,31.91754094,31.87161668,0.01348657,-0.76989815,1.52696273,0.00000000,-0.77297953,1.50050035,4.50319474,0.00000000
1.49000000,STAND,-0.00006315,-0.00597392,0.00007882,-0.00798496,0.00002528,0.31165799,-0.01608294,0.00018371,0.01117522,0.01776333,0.00000000,26.70732746,26.62398631,31.91088971,31.86494916,0.01348705,-0.76990795,1.52696334,0.00000000,-0.77297953,1.50050035,4.50186484,0.00000000
1.50000000,STAND,-0.00006316,-0.00596355,0.00007882,-0.00797903,0.00002529,0.31165883,-0.01607736,0.00018371,0.01117130,0.01776239,0.00000000,26.71302084,26.62967824,31.90446970,31.85851523,0.01348779,-0.76991750,1.52696405,0.00000000,-0.77297953,1.50050035,4.50056689,0.00000000
1.51000000,STAND,-0.00006317,-0.00595313,0.00007882,-0.00797301,0.00002529,0.31165964,-0.01607167,0.00018372,0.01116735,0.01776147,-0.00000083,26.71847363,26.63513189,31.89835083,31.85238474,0.01348877,-0.76992668,1.52696483,0.00000000,-0.77297953,1.50050035,4.49931600,0.00000000
1.52000000,STAND,-0.00006318,-0.00594281,0.00007882,-0.00796697,0.00002530,0.31166043,-0.01606596,0.00018372,0.01116342,0.01776057,-0.00000173,26.72362940,26.64029052,31.89259445,31.84661897,0.01348996,-0.76993540,1.52696568,0.00000000,-0.77297953,1.50050035,4.49812566,0.00000000
1.53000000,STAND,-0.00006319,-0.00593271,0.00007881,-0.00796101,0.00002530,0.31166118,-0.01606031,0.00018373,0.01115957,0.01775970,-0.00000260,26.72843930,26.64510502,31.88725314,31.84127035,0.01349133,-0.76994356,1.52696658,0.00000000,-0.77297953,1.50050035,4.49700766,0.00000000
1.54000000,STAND,-0.00006319,-0.00592295,0.00007881,-0.00795520,0.00002531,0.31166189,-0.01605478,0.00018373,0.01115584,0.01775887,-0.00000343,26.73286226,26.64953401,31.88237054,31.83638239,0.01349285,-0.76995110,1.52696751,0.00000000,-0.77297953,1.50050035,4.49597210,0.00000000
1.55000000,STAND,-0.00006320,-0.00591363,0.00007880,-0.00794960,0.00002531,0.31166255,-0.01604944,0.00018374,0.01115227,0.01775809,-0.00000421,26.73686501,26.65354390,31.87798135,31.83198964,0.01349449,-0.76995796,1.52696846,0.00000000,-0.77297953,1.50050035,4.49502730,0.00000000
1.56000000,STAND,-0.00006320,-0.00590487,0.00007880,-0.00794427,0.00002531,0.31166315,-0.01604434,0.00018374,0.01114890,0.01775737,-0.00000493,26.74042199,26.65710886,31.87411151,31.82811787,0.01349623,-0.76996409,1.52696942,0.00000000,-0.77297953,1.50050035,4.49417984,0.00000000
1.57000000,STAND,-0.00006320,-0.00589672,0.00007879,-0.00793927,0.00002531,0.31166368,-0.01603955,0.00018374,0.01114576,0.01775671,-0.00000559,26.74351520,26.66021063,31.87077837,31.82478424,0.01349802,-0.76996946,1.52697036,0.00000000,-0.77297953,1.50050035,4.49343460,0.00000000
1.58000000,STAND,-0.00006320,-0.00588927,0.00007878,-0.00793464,0.00002531,0.31166416,-0.01603510,0.00018374,0.01114288,0.01775611,-0.00000619,26.74613396,26.66283827,31.86799106,31.82199772,0.01349986,-0.76997404,1.52697129,0.00000000,-0.77297953,1.50050035,4.49279478,0.00000000
1.59000000,STAND,-0.00006319,-0.00588256,0.00007878,-0.00793042,0.00002531,0.31166457,-0.01603104,0.00018374,0.01114028,0.01775559,-0.00000671,26.74827458,26.66498784,31.86575087,31.81975942,0.01350170,-0.76997783,1.52697218,0.00000000,-0.77297953,1.50050035,4.49226197,0.00000000
1.60000000,STAND,-0.00006319,-0.00587663,0.00007877,-0.00792663,0.00002531,0.31166491,-0.01602738,0.00018374,0.01113797,0.01775514,-0.00000717,26.74993990,26.66666200,31.86405179,31.81806316,0.01350352,-0.76998083,1.52697304,0.00000000,-0.77297953,1.50050035,4.49183623,0.00000000
1.61000000,STAND,-0.00006319,-0.00587152,0.00007876,-0.00792331,0.00002531,0.31166518,-0.01602415,0.00018374,0.01113596,0.01775476,-0.00000754,26.75113891,26.66786955,31.86288102,31.81689597,0.01350531,-0.76998305,1.52697384,0.00000000,-0.77297953,1.50050035,4.49151624,0.00000000
1.62000000,STAND,-0.00006318,-0.00586723,0.00007875,-0.00792046,0.00002531,0.31166539,-0.01602137,0.00018374,0.01113427,0.01775445,-0.00000785,26.75188615,26.66862488,31.86221961,31.81623876,0.01350704,-0.76998451,1.52697459,0.00000000,-0.77297953,1.50050035,4.49129931,0.00000000
1.63000000,STAND,-0.00006318,-0.00586377,0.00007875,-0.00791809,0.00002531,0.31166553,-0.01601904,0.00018374,0.01113290,0.01775422,-0.00000808,26.75220122,26.66894748,31.86204309,31.81606694,0.01350869,-0.76998525,1.52697527,0.00000000,-0.77297953,1.50050035,4.49118161,0.00000000
1.64000000,STAND,-0.00006318,-0.00586113,0.00007874,-0.00791620,0.00002531,0.31166561,-0.01601716,0.00018374,0.01113183,0.01775406,-0.00000824,26.75210814,26.66886128,31.86232220,31.81635108,0.01351024,-0.76998529,1.52697589,0.00000000,-0.77297953,1.50050035,4.49115823,0.00000000
1.65000000,STAND,-0.00006317,-0.00585930,0.00007873,-0.00791478,0.00002531,0.31166563,-0.01601574,0.00018374,0.01113108,0.01775397,-0.00000833,26.75163479,26.66839407,31.86302351,31.81705768,0.01351169,-0.76998469,1.52697643,0.00000000,-0.77297953,1.50050035,4.49122331,0.00000000
1.66000000,STAND,-0.00006317,-0.00585824,0.00007873,-0.00791383,0.00002531,0.31166560,-0.01601475,0.00018374,0.01113062,0.01775395,-0.00000835,26.75081225,26.66757690,31.86411022,31.81814982,0.01351301,-0.76998349,1.52697690,0.00000000,-0.77297953,1.50050035,4.49137022,0.00000000
1.67000000,STAND,-0.00006316,-0.00585791,0.00007872,-0.00791332,0.00002531,0.31166551,-0.01601419,0.00018374,0.01113044,0.01775399,-0.00000831,26.74967418,26.66644344,31.86554281,31.81958790,0.01351421,-0.76998175,1.52697729,0.00000000,-0.77297953,1.50050035,4.49159170,0.00000000
1.68000000,STAND,-0.00006316,-0.00585828,0.00007872,-0.00791323,0.00002531,0.31166538,-0.01601403,0.00018374,0.01113053,0.01775408,-0.00000822,26.74825625,26.66502933,31.86727976,31.82133033,0.01351527,-0.76997953,1.52697761,0.00000000,-0.77297953,1.50050035,4.49187993,0.00000000
1.69000000,STAND,-0.00006315,-0.00585930,0.00007871,-0.00791353,0.00002531,0.31166520,-0.01601425,0.00018373,0.01113086,0.01775423,-0.00000807,26.74659549,26.66337162,31.86927822,31.82333421,0.01351618,-0.76997689,1.52697785,0.00000000,-0.77297953,1.50050035,4.49222676,0.00000000
1.70000000,STAND,-0.00006315,-0.00586090,0.00007871,-0.00791421,0.00002530,0.31166499,-0.01601483,0.00018373,0.01113143,0.01775442,-0.00000788,26.74472973,26.66150819,31.87149469,31.82555597,0.01351695,-0.76997388,1.52697801,0.00000000,-0.77297953,1.50050035,4.49262376,0.00000000
1.71000000,STAND,-0.00006315,-0.00586303,0.00007871,-0.00791521,0.00002530,0.31166474,-0.01601572,0.00018373,0.01113220,0.01775466,-0.00000764,26.74269703,26.65947716,31.87388560,31.82795201,0.01351757,-0.76997058,1.52697811,0.00000000,-0.77297953,1.50050035,4.49306242,0.00000000
1.72000000,STAND,-0.00006314,-0.00586563,0.00007871,-0.00791651,0.00002530,0.31166447,-0.01601690,0.00018373,0.01113315,0.01775493,-0.00000737,26.74053519,26.65731637,31.87640792,31.83047928,0.01351805,-0.76996705,1.52697814,0.00000000,-0.77297953,1.50050035,4.49353420,0.00000000
1.73000000,STAND,-0.00006314,-0.00586863,0.00007871,-0.00791808,0.00002530,0.31166417,-0.01601834,0.00018373,0.01113426,0.01775523,-0.00000707,26.73828124,26.65506293,31.87901968,31.83309578,0.01351839,-0.76996335,1.52697810,0.00000000,-0.77297953,1.50050035,4.49403070,0.00000000
1.74000000,STAND,-0.00006314,-0.00587196,0.00007870,-0.00791987,0.00002530,0.31166386,-0.01601999,0.00018373,0.01113550,0.01775555,-0.00000675,26.73597102,26.65275275,31.88168047,31.83576109,0.01351859,-0.76995954,1.52697801,0.00000000,-0.77297953,1.50050035,4.49454373,0.00000000
1.75000000,STAND,-0.00006313,-0.00587557,0.00007870,-0.00792184,0.00002530,0.31166354,-0.01602183,0.00018373,0.01113685,0.01775590,-0.00000641,26.73363876,26.65042013,31.88435185,31.83843676,0.01351867,-0.76995567,1.52697786,0.00000000,-0.77297953,1.50050035,4.49506543,0.00000000
1.76000000,STAND,-0.00006313,-0.00587938,0.00007870,-0.00792396,0.00002530,0.31166321,-0.01602381,0.00018373,0.01113828,0.01775625,-0.00000605,26.73131676,26.64809744,31.88699778,31.84108672,0.01351862,-0.76995180,1.52697766,0.00000000,-0.77297953,1.50050035,4.49558831,0.00000000
1.77000000,STAND,-0.00006313,-0.00588332,0.00007871,-0.00792619,0.00002530,0.31166288,-0.01602590,0.00018372,0.01113977,0.01775661,-0.00000569,26.72903505,26.64581480,31.88958485,31.84367761,0.01351845,-0.76994799,1.52697743,0.00000000,-0.77297953,1.50050035,4.49610539,0.00000000
1.78000000,STAND,-0.00006313,-0.00588735,0.00007871,-0.00792850,0.00002529,0.31166256,-0.01602807,0.00018372,0.01114129,0.01775697,-0.00000533,26.72682120,26.64359984,31.89208267,31.84617898,0.01351818,-0.76994428,1.52697715,0.00000000,-0.77297953,1.50050035,4.49661019,0.00000000
1.79000000,STAND,-0.00006312,-0.00589140,0.00007871,-0.00793084,0.00002529,0.31166224,-0.01603028,0.00018372,0.01114283,0.01775733,-0.00000497,26.72470006,26.64147747,31.89446397,31.84856360,0.01351782,-0.76994071,1.52697684,0.00000000,-0.77297953,1.50050035,4.49709683,0.00000000
1.80000000,STAND,-0.00006312,-0.00589541,0.00007871,-0.00793318,0.00002529,0.31166193,-0.01603250,0.00018372,0.01114435,0.01775768,-0.00000462,26.72269364,26.63946976,31.89670481,31.85080752,0.01351738,-0.76993732,1.52697651,0.00000000,-0.77297953,1.50050035,4.49756005,0.00000000
1.81000000,STAND,-0.00006312,-0.00589934,0.00007871,-0.00793550,0.00002529,0.31166164,-0.01603470,0.00018372,0.01114585,0.01775802,-0.00000428,26.72082098,26.63759580,31.89878469,31.85289024,0.01351686,-0.76993414,1.52697616,0.00000000,-0.77297953,1.50050035,4.49799524,0.00000000
1.82000000,STAND,-0.00006312,-0.00590314,0.00007871,-0.00793776,0.00002529,0.31166136,-0.01603685,0.00018372,0.01114730,0.01775834,-0.00000396,26.71909812,26.63587169,31.90068656,31.85479472,0.01351628,-0.76993120,1.52697580,0.00000000,-0.77297953,1.50050035,4.49839848,0.00000000
1.83000000,STAND,-0.00006312,-0.00590676,0.00007872,-0.00793994,0.00002529,0.31166110,-0.01603892,0.00018372,0.01114869,0.01775865,-0.00000366,26.71753808,26.63431047,31.90239685,31.85650738,0.01351566,-0.76992853,1.52697543,0.00000000,-0.77297953,1.50050035,4.49876650,0.00000000
1.84000000,STAND,-0.00006312,-0.00591017,0.00007872,-0.00794201,0.00002529,0.31166087,-0.01604090,0.00018372,0.01115000,0.01775893,-0.00000337,26.71615086,26.63292218,31.90390540,31.85801808,0.01351500,-0.76992614,1.52697506,0.00000000,-0.77297953,1.50050035,4.49909673,0.00000000
1.85000000,STAND,-0.00006312,-0.00591334,0.00007872,-0.00794396,0.00002529,0.31166066,-0.01604277,0.00018372,0.01115123,0.01775919,-0.00000312,26.71494354,26.63171391,31.90520541,31.85931999,0.01351431,-0.76992405,1.52697469,0.00000000,-0.77297953,1.50050035,4.49938727,0.00000000
1.86000000,STAND,-0.00006312,-0.00591625,0.00007872,-0.00794576,0.00002529,0.31166047,-0.01604450,0.00018372,0.01115235,0.01775942,-0.00000288,26.71392034,26.63068990,31.90629325,31.86040951,0.01351361,-0.76992226,1.52697434,0.00000000,-0.77297953,1.50050035,4.49963686,0.00000000
1.87000000,STAND,-0.00006312,-0.00591886,0.00007873,-0.00794740,0.00002529,0.31166031,-0.01604609,0.00018372,0.01115336,0.01775962,-0.00000268,26.71308279,26.62985168,31.90716837,31.86128608,0.01351290,-0.76992078,1.52697399,0.00000000,-0.77297953,1.50050035,4.49984486,0.00000000
1.88000000,STAND,-0.00006311,-0.00592117,0.00007873,-0.00794888,0.00002529,0.31166018,-0.01604751,0.00018372,0.01115426,0.01775980,-0.00000250,26.71242985,26.62919822,31.90783307,31.86195198,0.01351220,-0.76991961,1.52697366,0.00000000,-0.77297953,1.50050035,4.50001123,0.00000000
1.89000000,STAND,-0.00006311,-0.00592317,0.00007873,-0.00795018,0.00002529,0.31166007,-0.01604877,0.00018372,0.01115504,0.01775995,-0.00000236,26.71195812,26.62872611,31.90829226,31.86241215,0.01351151,-0.76991874,1.52697335,0.00000000,-0.77297953,1.50050035,4.50013649,0.00000000
1.90000000,STAND,-0.00006311,-0.00592484,0.00007873,-0.00795129,0.00002529,0.31165999,-0.01604986,0.00018371,0.01115570,0.01776006,-0.00000224,26.71166201,26.62842976,31.90855327,31.86267390,0.01351085,-0.76991816,1.52697306,0.00000000,-0.77297953,1.50050035,4.50022167,0.00000000
1.91000000,STAND,-0.00006311,-0.00592620,0.00007873,-0.00795221,0.00002529,0.31165993,-0.01605077,0.00018371,0.01115624,0.01776015,-0.00000215,26.71153400,26.62830162,31.90862559,31.86274673,0.01351021,-0.76991787,1.52697279,0.00000000,-0.77297953,1.50050035,4.50026824,0.00000000
1.92000000,STAND,-0.00006311,-0.00592723,0.00007874,-0.00795295,0.00002529,0.31165990,-0.01605150,0.00018371,0.01115666,0.01776022,-0.00000209,26.71156481,26.62833240,31.90852057,31.86264198,0.01350961,-0.76991785,1.52697255,0.00000000,-0.77297953,1.50050035,4.50027811,0.00000000
1.93000000,STAND,-0.00006311,-0.00592795,0.00007874,-0.00795351,0.00002528,0.31165989,-0.01605206,0.00018371,0.01115695,0.01776025,-0.00000205,26.71174368,26.62851133,31.90825117,31.86237262,0.01350905,-0.76991808,1.52697234,0.00000000,-0.77297953,1.50050035,4.50025356,0.00000000
1.94000000,STAND,-0.00006311,-0.00592837,0.00007874,-0.00795389,0.00002528,0.31165990,-0.01605244,0.00018371,0.01115714,0.01776026,-0.00000204,26.71205860,26.62882636,31.90783169,31.86195296,0.01350854,-0.76991854,1.52697216,0.00000000,-0.77297953,1.50050035,4.50019713,0.00000000
1.95000000,STAND,-0.00006311,-0.00592851,0.00007874,-0.00795409,0.00002528,0.31165993,-0.01605267,0.00018371,0.01115721,0.01776025,-0.00000205,26.71249652,26.62926444,31.90727748,31.86139835,0.01350808,-0.76991921,1.52697201,0.00000000,-0.77297953,1.50050035,4.50011168,0.00000000
1.96000000,STAND,-0.00006311,-0.00592837,0.00007874,-0.00795413,0.00002528,0.31165998,-0.01605273,0.00018371,0.01115718,0.01776021,-0.00000209,26.71304363,26.62981174,31.90660467,31.86072493,0.01350767,-0.76992006,1.52697189,0.00000000,-0.77297953,1.50050035,4.50000021,0.00000000
1.97000000,STAND,-0.00006311,-0.00592798,0.00007874,-0.00795401,0.00002528,0.31166005,-0.01605265,0.00018371,0.01115705,0.01776015,-0.00000215,26.71368559,26.63045388,31.90582991,31.85994935,0.01350732,-0.76992109,1.52697179,0.00000000,-0.77297953,1.50050035,4.49986590,0.00000000
1.98000000,STAND,-0.00006311,-0.00592736,0.00007874,-0.00795375,0.00002528,0.31166013,-0.01605243,0.00018371,0.01115683,0.01776008,-0.00000222,26.71440772,26.63117618,31.90497011,31.85908855,0.01350702,-0.76992225,1.52697173,0.00000000,-0.77297953,1.50050035,4.49971203,0.00000000
1.99000000,STAND,-0.00006311,-0.00592654,0.00007874,-0.00795337,0.00002528,0.31166023,-0.01605209,0.00018371,0.01115653,0.01775999,-0.00000231,26.71519523,26.63196384,31.90404221,31.85815947,0.01350678,-0.76992353,1.52697169,0.00000000,-0.77297953,1.50050035,4.49954190,0.00000000
2.00000000,STAND,-0.00006311,-0.00592554,0.00007874,-0.00795286,0.00002528,0.31166033,-0.01605163,0.00018371,0.01115616,0.01775988,-0.00000242,26.71603346,26.63280217,31.90306295,31.85717885,0.01350660,-0.76992490,1.52697168,0.00000000,-0.77297953,1.50050035,4.49935884,0.00000000
2.01000000,SHIFT_WEIGHT,-0.00005499,-0.00536718,0.00007931,-0.00794711,0.00002492,0.31165587,-0.01604803,0.00018345,0.01116339,0.01786749,0.00010519,24.85727105,24.72939405,33.17720485,33.08949389,0.01344260,-0.77034805,1.52860365,0.00000009,-0.77606378,1.50639796,4.71651596,0.00000001
2.02000000,SHIFT_WEIGHT,-0.00004893,-0.00463687,0.00008027,-0.00791958,0.00002407,0.31163999,-0.01602661,0.00018271,0.01114407,0.01794587,0.00018357,25.89904030,25.78683675,32.47147855,32.39977532,0.01338215,-0.77069567,1.53015377,0.00000094,-0.77564305,1.50559518,4.66146787,0.00000001
2.03000000,SHIFT_WEIGHT,-0.00004467,-0.00409637,0.00008132,-0.00786900,0.00002300,0.31161955,-0.01598352,0.00018172,0.01110026,0.01793893,0.00017662,26.37002545,26.26954199,32.30873722,32.24893852,0.01334835,-0.77086988,1.53091902,0.00000332,-0.77532252,1.50498689,4.64269794,0.00000001
2.04000000,SHIFT_WEIGHT,-0.00004040,-0.00375358,0.00008223,-0.00779915,0.00002184,0.31160046,-0.01592137,0.00018064,0.01104333,0.01789740,0.00013510,26.63017606,26.54356280,32.29188847,32.24574608,0.01333293,-0.77101086,1.53120333,0.00000804,-0.77511117,1.50459181,4.62380668,0.00000000
2.05000000,SHIFT_WEIGHT,-0.00003541,-0.00355429,0.00008278,-0.00771508,0.00002072,0.31158705,-0.01584464,0.00017957,0.01097995,0.01785053,0.00008823,26.76995221,26.69993495,32.29357770,32.26325800,0.01333151,-0.77117158,1.53123726,0.00001586,-0.77497887,1.50435381,4.60141265,0.00000000
2.06000000,SHIFT_WEIGHT,-0.00002947,-0.00343571,0.00008272,-0.00762165,0.00001977,0.31158181,-0.01575800,0.00017863,0.01091404,0.01781018,0.00004787,26.84799999,26.79740280,32.25200868,32.23971699,0.01334116,-0.77135162,1.53115714,0.00002752,-0.77488891,1.50420409,4.57461898,0.00000000
2.07000000,SHIFT_WEIGHT,-0.00002246,-0.00334941,0.00008190,-0.00752286,0.00001915,0.31158550,-0.01566542,0.00017799,0.01084783,0.01777888,0.00001658,26.89931593,26.87086337,32.15120119,32.15905426,0.01335978,-0.77153253,1.53103228,0.00004375,-0.77481195,1.50408795,4.54393445,0.00000000
2.08000000,SHIFT_WEIGHT,-0.00001440,-0.00326703,0.00008021,-0.00742181,0.00001905,0.31159753,-0.01557003,0.00017781,0.01078264,0.01775528,-0.00000702,26.94100128,26.93718217,32.00135309,32.03129268,0.01338611,-0.77169637,1.53089149,0.00006525,-0.77472995,1.50397229,4.51276650,0.00000000
2.09000000,SHIFT_WEIGHT,-0.00000534,-0.00317702,0.00007761,-0.00732086,0.00001967,0.31161637,-0.01547423,0.00017828,0.01071939,0.01773704,-0.00002526,26.97954741,27.00250850,31.82268417,31.87640481,0.01341956,-0.77183221,1.53074330,0.00009273,-0.77463467,1.50384264,4.48155326,0.00000000
2.10000000,SHIFT_WEIGHT,0.00000464,-0.00307839,0.00007411,-0.00722188,0.00002125,0.31164007,-0.01537990,0.00017961,0.01065896,0.01772213,-0.00004017,27.01669382,27.06815314,31.63531310,31.71419764,0.01346005,-0.77193598,1.53058875,0.00012683,-0.77452418,1.50369660,4.45101745,0.00000000
2.11000000,SHIFT_WEIGHT,0.00001540,-0.00297495,0.00006980,-0.00712649,0.00002402,0.31166656,-0.01528863,0.00018204,0.01060227,0.01770916,-0.00005314,27.05287074,27.13404870,31.45462667,31.55969045,0.01350789,-0.77200804,1.53042791,0.00016823,-0.77439959,1.50353750,4.42230836,0.00000000
2.12000000,SHIFT_WEIGHT,0.00002678,-0.00287153,0.00006477,-0.00703614,0.00002827,0.31169389,-0.01520187,0.00018581,0.01055036,0.01769729,-0.00006502,27.08856982,27.20013968,31.29034513,31.42219227,0.01356359,-0.77205048,1.53026220,0.00021754,-0.77426275,1.50337013,4.39624798,0.00000000
2.13000000,SHIFT_WEIGHT,0.00003860,-0.00277210,0.00005916,-0.00695223,0.00003424,0.31172041,-0.01512095,0.00019118,0.01050426,0.01768601,-0.00007630,27.12445626,27.26651603,31.14745741,31.30625198,0.01362778,-0.77206538,1.53009432,0.00027538,-0.77411516,1.50319852,4.37335712,0.00000000
2.14000000,SHIFT_WEIGHT,0.00005067,-0.00267927,0.00005316,-0.00687606,0.00004223,0.31174485,-0.01504713,0.00019840,0.01046502,0.01767505,-0.00008726,27.16098391,27.33305021,31.02771488,31.21316848,0.01370115,-0.77205398,1.52992743,0.00034235,-0.77395759,1.50302528,4.35391071,0.00000000
2.15000000,SHIFT_WEIGHT,0.00006278,-0.00259452,0.00004693,-0.00680883,0.00005252,0.31176630,-0.01498157,0.00020774,0.01043360,0.01766425,-0.00009805,27.19801109,27.39903419,30.93097093,31.14234636,0.01378436,-0.77201654,1.52976425,0.00041903,-0.77379019,1.50285178,4.33799657,0.00000000
2.16000000,SHIFT_WEIGHT,0.00007473,-0.00251862,0.00004066,-0.00675162,0.00006538,0.31178426,-0.01492533,0.00021946,0.01041086,0.01765360,-0.00010871,27.23464000,27.46303758,30.85611369,31.09224323,0.01387802,-0.77195257,1.52960647,0.00050597,-0.77361270,1.50267862,4.32556583,0.00000000
2.17000000,SHIFT_WEIGHT,0.00008632,-0.00245204,0.00003455,-0.00670536,0.00008110,0.31179857,-0.01487931,0.00023382,0.01039756,0.01764314,-0.00011917,27.26930497,27.52301139,30.80160454,31.06092038,0.01398263,-0.77186125,1.52945468,0.00060372,-0.77342471,1.50250603,4.31647270,0.00000000
2.18000000,SHIFT_WEIGHT,0.00009736,-0.00239515,0.00002877,-0.00667082,0.00009994,0.31180931,-0.01484426,0.00025108,0.01039431,0.01763305,-0.00012925,27.30003296,27.57656024,30.76574031,31.04631463,0.01409861,-0.77174166,1.52930841,0.00071281,-0.77322576,1.50233413,4.31050492,0.00000000
2.19000000,SHIFT_WEIGHT,0.00010770,-0.00234832,0.00002349,-0.00664858,0.00012216,0.31181681,-0.01482076,0.00027148,0.01040159,0.01762359,-0.00013872,27.32477181,27.62127853,30.74676416,31.04635609,0.01422625,-0.77159305,1.52916644,0.00083373,-0.77301538,1.50216302,4.30740729,0.00000000
2.20000000,SHIFT_WEIGHT,0.00011718,-0.00231187,0.00001887,-0.00663905,0.00014801,0.31182150,-0.01480923,0.00029526,0.01041976,0.01761505,-0.00014725,27.34169813,27.65506263,30.74291415,31.05902097,0.01436575,-0.77141498,1.52902710,0.00096699,-0.77279312,1.50199275,4.30690015,0.00000000
2.21000000,SHIFT_WEIGHT,0.00012569,-0.00228602,0.00001505,-0.00664246,0.00017773,0.31182390,-0.01480990,0.00032264,0.01044904,0.01760776,-0.00015454,27.34944989,27.67634429,30.75245621,31.08236656,0.01451721,-0.77120728,1.52888850,0.00111305,-0.77255847,1.50182325,4.30869374,0.00000000
2.22000000,SHIFT_WEIGHT,0.00013314,-0.00227081,0.00001213,-0.00665885,0.00021155,0.31182454,-0.01482284,0.00035384,0.01048956,0.01760201,-0.00016029,27.34726141,27.68422353,30.77371705,31.11456382,0.01468071,-0.77097011,1.52874876,0.00127237,-0.77231084,1.50165426,4.31249914,0.00000000
2.23000000,SHIFT_WEIGHT,0.00013946,-0.00226605,0.00001021,-0.00668813,0.00024965,0.31182392,-0.01484798,0.00038904,0.01054131,0.01759804,-0.00016426,27.33500320,27.67850389,30.80511528,31.15392650,0.01485626,-0.77070387,1.52860614,0.00144539,-0.77204951,1.50148525,4.31803568,0.00000000
2.24000000,SHIFT_WEIGHT,0.00014459,-0.00227132,0.00000935,-0.00673002,0.00029224,0.31182247,-0.01488508,0.00042843,0.01060417,0.01759601,-0.00016630,27.31314372,27.65964741,30.84518474,31.19893063,0.01504388,-0.77040918,1.52845902,0.00163254,-0.77177364,1.50131543,4.32503550,0.00000000
2.25000000,SHIFT_WEIGHT,0.00014852,-0.00228596,0.00000960,-0.00678414,0.00033949,0.31182056,-0.01493380,0.00047218,0.01067795,0.01759597,-0.00016633,27.28265596,27.62867303,30.89258501,31.24822008,0.01524364,-0.77008682,1.52830602,0.00183423,-0.77148230,1.50114375,4.33324555,0.00000000
2.26000000,SHIFT_WEIGHT,0.00015125,-0.00230914,0.00001100,-0.00684998,0.00039156,0.31181848,-0.01499367,0.00052044,0.01076236,0.01759791,-0.00016439,27.24489233,27.58702210,30.94609869,31.30059777,0.01545563,-0.76973766,1.52814589,0.00205084,-0.77117441,1.50096894,4.34242766,0.00000000
2.27000000,SHIFT_WEIGHT,0.00015277,-0.00233984,0.00001354,-0.00692695,0.00044859,0.31181644,-0.01506414,0.00057334,0.01085708,0.01760173,-0.00016058,27.20144806,27.53641204,31.00461814,31.35500582,0.01567998,-0.76936263,1.52797754,0.00228274,-0.77084886,1.50078954,4.35235753,0.00000000
2.28000000,SHIFT_WEIGHT,0.00015313,-0.00237698,0.00001724,-0.00701437,0.00051071,0.31181457,-0.01514459,0.00063103,0.01096170,0.01760724,-0.00015506,27.15402911,27.47869421,31.06712668,31.41049965,0.01591692,-0.76896267,1.52779996,0.00253030,-0.77050446,1.50060398,4.36282322,0.00000000
2.29000000,SHIFT_WEIGHT,0.00015235,-0.00241940,0.00002208,-0.00711153,0.00057805,0.31181297,-0.01523435,0.00069360,0.01107582,0.01761423,-0.00014807,27.10433562,27.41572795,31.13267911,31.46622170,0.01616673,-0.76853866,1.52761219,0.00279386,-0.77014004,1.50041065,4.37362375,0.00000000
2.30000000,SHIFT_WEIGHT,0.00015048,-0.00246594,0.00002804,-0.00721768,0.00065071,0.31181170,-0.01533272,0.00076116,0.01119898,0.01762245,-0.00013985,27.05396785,27.34927758,31.20038596,31.52137887,0.01642974,-0.76809144,1.52741331,0.00307373,-0.76975440,1.50020788,4.38456824,0.00000000
2.31000000,SHIFT_WEIGHT,0.00014756,-0.00251548,0.00003509,-0.00733208,0.00072879,0.31181079,-0.01543899,0.00083382,0.01133077,0.01763163,-0.00013067,27.00435743,27.28093586,31.26940385,31.57522685,0.01670635,-0.76762173,1.52720236,0.00337023,-0.76934641,1.49999407,4.39547575,0.00000001
2.32000000,SHIFT_WEIGHT,0.00014365,-0.00256694,0.00004319,-0.00745399,0.00081239,0.31181027,-0.01555245,0.00091166,0.01147073,0.01764151,-0.00012079,26.95672404,27.21207399,31.33893305,31.62706231,0.01699701,-0.76713013,1.52697839,0.00368365,-0.76891498,1.49976769,4.40617590,0.00000001
2.33000000,SHIFT_WEIGHT,0.00013878,-0.00261935,0.00005233,-0.00758269,0.00090160,0.31181017,-0.01567243,0.00099475,0.01161848,0.01765184,-0.00011046,26.91205519,27.14381605,31.40822183,31.67622271,0.01730218,-0.76661713,1.52674041,0.00401427,-0.76845907,1.49952727,4.41651018,0.00000001
2.34000000,SHIFT_WEIGHT,0.00013301,-0.00267181,0.00006247,-0.00771752,0.00099649,0.31181053,-0.01579829,0.00108319,0.01177363,0.01766240,-0.00009990,26.87110529,27.07703417,31.47657615,31.72209247,0.01762239,-0.76608304,1.52648742,0.00436234,-0.76797774,1.49927151,4.42633380,0.00000001
2.35000000,SHIFT_WEIGHT,0.00012637,-0.00272356,0.00007359,-0.00785788,0.00109713,0.31181138,-0.01592945,0.00117704,0.01193584,0.01767301,-0.00008929,26.83440956,27.01235972,31.54337279,31.76411349,0.01795812,-0.76552804,1.52621842,0.00472811,-0.76747013,1.49899920,4.43551776,0.00000001
2.36000000,SHIFT_WEIGHT,0.00011889,-0.00277395,0.00008566,-0.00800322,0.00120361,0.31181280,-0.01606536,0.00127638,0.01210483,0.01768351,-0.00007879,26.80230789,26.95020583,31.60807382,31.80179801,0.01830991,-0.76495219,1.52593240,0.00511181,-0.76693547,1.49870928,4.44395092,0.00000001
2.37000000,SHIFT_WEIGHT,0.00011060,-0.00282243,0.00009866,-0.00815305,0.00131599,0.31181483,-0.01620558,0.00138126,0.01228034,0.01769379,-0.00006852,26.77497417,26.89079648,31.67024044,31.83474162,0.01867825,-0.76435538,1.52562839,0.00551365,-0.76637306,1.49840085,4.45154194,0.00000001
2.38000000,SHIFT_WEIGHT,0.00010152,-0.00286858,0.00011258,-0.00830700,0.00143435,0.31181755,-0.01634971,0.00149175,0.01246218,0.01770375,-0.00005855,26.75244722,26.83419821,31.72954447,31.86263479,0.01906363,-0.76373742,1.52530548,0.00593384,-0.76578232,1.49807314,4.45822073,0.00000001
2.39000000,SHIFT_WEIGHT,0.00009165,-0.00291209,0.00012742,-0.00846472,0.00155874,0.31182102,-0.01649742,0.00160793,0.01265022,0.01771334,-0.00004896,26.73466035,26.78035115,31.78577633,31.88527151,0.01946653,-0.76309797,1.52496283,0.00637254,-0.76516274,1.49772549,4.46393937,0.00000001
2.40000000,SHIFT_WEIGHT,0.00008100,-0.00295277,0.00014316,-0.00862600,0.00168924,0.31182530,-0.01664849,0.00172984,0.01284435,0.01772253,-0.00003977,26.72146735,26.72909726,31.83884888,31.90255429,0.01988739,-0.76243662,1.52459969,0.00682995,-0.76451389,1.49735740,4.47021093,0.00000001
2.41000000,SHIFT_WEIGHT,0.00006956,-0.00299048,0.00015983,-0.00879066,0.00182591,0.31183045,-0.01680273,0.00185754,0.01304455,0.01773132,-0.00003098,26.71266386,26.68020432,31.88879658,31.91449498,0.02032661,-0.76175285,1.52421540,0.00730620,-0.76383541,1.49696847,4.48014171,0.00000001
2.42000000,SHIFT_WEIGHT,0.00005733,-0.00302522,0.00017741,-0.00895863,0.00196881,0.31183649,-0.01696007,0.00199111,0.01325081,0.01773972,-0.00002258,26.70800361,26.63338512,31.93577050,31.92121157,0.02078457,-0.76104611,1.52380941,0.00780144,-0.76312702,1.49655841,4.48948425,0.00000001
2.43000000,SHIFT_WEIGHT,0.00004429,-0.00305705,0.00019593,-0.00912990,0.00211800,0.31184345,-0.01712048,0.00213059,0.01346320,0.01774774,-0.00001456,26.70720993,26.58831208,31.98002923,31.92292126,0.02126162,-0.76031576,1.52338129,0.00831580,-0.76238852,1.49612705,4.49828323,0.00000001
2.44000000,SHIFT_WEIGHT,0.00003042,-0.00308609,0.00021539,-0.00930453,0.00227353,0.31185134,-0.01728399,0.00227604,0.01368181,0.01775543,-0.00000687,26.70998322,26.54462774,32.02192675,31.91993032,0.02175805,-0.75956111,1.52293073,0.00884939,-0.76161976,1.49567428,4.50660177,0.00000001
2.45000000,SHIFT_WEIGHT,0.00001570,-0.00311254,0.00023581,-0.00948264,0.00243548,0.31186013,-0.01745073,0.00242752,0.01390677,0.01776283,0.00000053,26.71600523,26.50195212,32.06189780,31.91262166,0.02227414,-0.75878148,1.52245750,0.00940231,-0.76082062,1.49520008,4.51451879,0.00000001
2.46000000,SHIFT_WEIGHT,0.00000010,-0.00313666,0.00025722,-0.00966442,0.00260389,0.31186981,-0.01762084,0.00258506,0.01413825,0.01777000,0.00000770,26.72494141,26.45988787,32.10044180,31.90144066,0.02281010,-0.75797613,1.52196148,0.00997464,-0.75999108,1.49470452,4.52212608,0.00000001
2.47000000,SHIFT_WEIGHT,-0.00001640,-0.00315875,0.00027962,-0.00985010,0.00277880,0.31188032,-0.01779455,0.00274873,0.01437644,0.01777698,0.00001468,26.73644227,26.41802414,32.13810608,31.88688029,0.02336613,-0.75714432,1.52144263,0.01056646,-0.75913113,1.49418770,4.52952541,0.00000001
2.48000000,SHIFT_WEIGHT,-0.00003383,-0.00317915,0.00030304,-0.01003995,0.00296028,0.31189162,-0.01797209,0.00291856,0.01462157,0.01778384,0.00002154,26.75014459,26.37594005,32.17546921,31.86946600,0.02394237,-0.75628534,1.52090099,0.01117783,-0.75824081,1.49364981,4.53682555,0.00000001
2.49000000,SHIFT_WEIGHT,-0.00005223,-0.00319825,0.00032750,-0.01023428,0.00314835,0.31190363,-0.01815375,0.00309460,0.01487386,0.01779065,0.00002834,26.76567313,26.33320832,32.21312500,31.84974123,0.02453893,-0.75539846,1.52033665,0.01180880,-0.75732019,1.49309103,4.54413936,0.00000001
2.50000000,SHIFT_WEIGHT,-0.00007160,-0.00321644,0.00035300,-0.01043343,0.00334307,0.31191629,-0.01833986,0.00327688,0.01513357,0.01779745,0.00003515,26.78264337,26.28939948,32.25166780,31.82825375,0.02515588,-0.75448299,1.51974977,0.01245941,-0.75636939,1.49251162,4.55158117,0.00000001
2.51000000,SHIFT_WEIGHT,-0.00009199,-0.00323414,0.00037957,-0.01063776,0.00354446,0.31192952,-0.01853074,0.00346543,0.01540095,0.01780434,0.00004203,26.80066527,26.24408684,32.29167924,31.80554343,0.02579325,-0.75353826,1.51914051,0.01312967,-0.75538853,1.49191185,4.55926429,0.00000001
2.52000000,SHIFT_WEIGHT,-0.00011341,-0.00325178,0.00040721,-0.01084763,0.00375256,0.31194325,-0.01872674,0.00366030,0.01567625,0.01781136,0.00004905,26.81934821,26.19685214,32.33371686,31.78213144,0.02645105,-0.75256367,1.51850909,0.01381959,-0.75437777,1.49129198,4.56729882,0.00000001
2.53000000,SHIFT_WEIGHT,-0.00013588,-0.00326978,0.00043595,-0.01106343,0.00396739,0.31195740,-0.01892821,0.00386149,0.01595974,0.01781859,0.00005628,26.83830671,26.14729175,32.37830452,31.75851110,0.02712923,-0.75155862,1.51785572,0.01452919,-0.75333726,1.49065231,4.57578978,0.00000001
2.54000000,SHIFT_WEIGHT,-0.00015942,-0.00328858,0.00046578,-0.01128551,0.00418898,0.31197189,-0.01913549,0.00406902,0.01625166,0.01782609,0.00006378,26.85716684,26.09502318,32.42592470,31.73514041,0.02782772,-0.75052262,1.51718061,0.01525843,-0.75226718,1.48999311,4.58483547,0.00000001
2.55000000,SHIFT_WEIGHT,-0.00018405,-0.00330857,0.00049671,-0.01151424,0.00441733,0.31198665,-0.01934895,0.00428292,0.01655224,0.01783392,0.00007162,26.87557274,26.03969136,32.47701258,31.71243600,0.02854642,-0.74945519,1.51648398,0.01600731,-0.75116772,1.48931466,4.59452620,0.00000001
2.56000000,SHIFT_WEIGHT,-0.00020977,-0.00333014,0.00052875,-0.01174997,0.00465246,0.31200162,-0.01956889,0.00450320,0.01686171,0.01784216,0.00007986,26.89319304,25.98097463,32.53195171,31.69076876,0.02928521,-0.74835595,1.51576604,0.01677579,-0.75003907,1.48861720,4.60494323,0.00000001
2.57000000,SHIFT_WEIGHT,-0.00023661,-0.00335366,0.00056190,-0.01199301,0.00489437,0.31201674,-0.01979564,0.00472985,0.01718027,0.01785085,0.00008854,26.90972674,25.91858990,32.59107128,31.67046062,0.03004392,-0.74722457,1.51502697,0.01756381,-0.74888139,1.48790097,4.61615807,0.00000001
2.58000000,SHIFT_WEIGHT,-0.00026456,-0.00337945,0.00059616,-0.01224368,0.00514307,0.31203195,-0.02002948,0.00496288,0.01750809,0.01786004,0.00009774,26.92490818,25.85229686,32.65464460,31.65178267,0.03082238,-0.74606081,1.51426695,0.01837133,-0.74769488,1.48716616,4.62823190,0.00000001
2.59000000,SHIFT_WEIGHT,-0.00029364,-0.00340781,0.00063154,-0.01250224,0.00539855,0.31204720,-0.02027066,0.00520228,0.01784533,0.01786979,0.00010749,26.93851108,25.78190096,32.72288882,31.63495426,0.03162039,-0.74486447,1.51348610,0.01919827,-0.74647971,1.48641293,4.64121534,0.00000001
2.60000000,SHIFT_WEIGHT,-0.00032385,-0.00343899,0.00066802,-0.01276892,0.00566080,0.31206246,-0.02051942,0.00544804,0.01819214,0.01788014,0.00011784,26.95035131,25.70725511,32.79596562,31.62014310,0.03243774,-0.74363546,1.51268456,0.02004455,-0.74523604,1.48564142,4.65514839,0.00000002
2.61000000,SHIFT_WEIGHT,-0.00035518,-0.00347321,0.00070561,-0.01304392,0.00592981,0.31207769,-0.02077594,0.00570016,0.01854860,0.01789111,0.00012881,26.96028838,25.62826019,32.87398278,31.60746621,0.03327421,-0.74237373,1.51186240,0.02091008,-0.74396404,1.48485171,4.67006050,0.00000002
2.62000000,SHIFT_WEIGHT,-0.00038765,-0.00351065,0.00074430,-0.01332742,0.00620555,0.31209285,-0.02104040,0.00595861,0.01891479,0.01790274,0.00014043,26.96822578,25.54486416,32.95699646,31.59699153,0.03412955,-0.74107930,1.51101967,0.02179477,-0.74266384,1.48404385,4.68597088,0.00000002
2.63000000,SHIFT_WEIGHT,-0.00042124,-0.00355142,0.00078410,-0.01361953,0.00648801,0.31210793,-0.02131291,0.00622337,0.01929078,0.01791504,0.00015273,26.97411002,25.45706019,33.04501417,31.58874032,0.03500353,-0.73975228,1.51015641,0.02269849,-0.74133559,1.48321785,4.70288894,0.00000002
2.64000000,SHIFT_WEIGHT,-0.00045597,-0.00359564,0.00082500,-0.01392034,0.00677716,0.31212291,-0.02159357,0.00649442,0.01967658,0.01792802,0.00016572,26.97792876,25.36488375,33.13799819,31.58269000,0.03589589,-0.73839283,1.50927259,0.02362113,-0.73997941,1.48237367,4.72081484,0.00000002
2.65000000,SHIFT_WEIGHT,-0.00049183,-0.00364333,0.00086701,-0.01422991,0.00707297,0.31213778,-0.02188242,0.00677173,0.02007218,0.01794170,0.00017940,26.97970800,25.26840895,33.23586950,31.57877762,0.03680638,-0.73700114,1.50836820,0.02456255,-0.73859542,1.48151125,4.73974017,0.00000002
2.66000000,SHIFT_WEIGHT,-0.00052882,-0.00369453,0.00091011,-0.01454824,0.00737541,0.31215252,-0.02217948,0.00705526,0.02047755,0.01795606,0.00019376,26.97950849,25.16774424,33.33851207,31.57690368,0.03773476,-0.73557750,1.50744314,0.02552262,-0.73718374,1.48063049,4.75964872,0.00000002
2.67000000,SHIFT_WEIGHT,-0.00056693,-0.00374919,0.00095432,-0.01487532,0.00768443,0.31216714,-0.02248473,0.00734498,0.02089265,0.01797111,0.00020881,26.97742174,25.06302781,33.44577735,31.57693638,0.03868075,-0.73412220,1.50649734,0.02650116,-0.73574448,1.47973125,4.78051730,0.00000002
2.68000000,SHIFT_WEIGHT,-0.00060617,-0.00380727,0.00099964,-0.01521108,0.00800000,0.31218164,-0.02279813,0.00764085,0.02131740,0.01798682,0.00022452,26.97356559,24.95442268,33.55748907,31.57871613,0.03964413,-0.73263559,1.50553067,0.02749803,-0.73427772,1.47881337,4.80231669,0.00000002
2.69000000,SHIFT_WEIGHT,-0.00064654,-0.00386868,0.00104607,-0.01555545,0.00832208,0.31219602,-0.02311961,0.00794283,0.02175169,0.01800318,0.00024088,26.96807957,24.84211179,33.67344807,31.58206025,0.04062463,-0.73111807,1.50454298,0.02851305,-0.73278357,1.47787665,4.82501250,0.00000002
2.70000000,SHIFT_WEIGHT,-0.00068803,-0.00393332,0.00109361,-0.01590831,0.00865061,0.31221029,-0.02344905,0.00825087,0.02219542,0.01802017,0.00025786,26.96112028,24.72629315,33.79343722,31.58676784,0.04162200,-0.72957005,1.50353411,0.02954603,-0.73126214,1.47692090,4.84856623,0.00000002
2.71000000,SHIFT_WEIGHT,-0.00073065,-0.00400104,0.00114227,-0.01626952,0.00898555,0.31222447,-0.02378633,0.00856493,0.02264845,0.01803775,0.00027545,26.95285673,24.60717518,33.91722628,31.59262465,0.04263602,-0.72799196,1.50250387,0.03059678,-0.72971351,1.47594589,4.87293612,0.00000002
2.72000000,SHIFT_WEIGHT,-0.00077439,-0.00407170,0.00119206,-0.01663893,0.00932684,0.31223858,-0.02413130,0.00888496,0.02311063,0.01805591,0.00029360,26.94346597,24.48497234,34.04457664,31.59940795,0.04366644,-0.72638427,1.50145208,0.03166511,-0.72813781,1.47495139,4.89807820,0.00000002
2.73000000,SHIFT_WEIGHT,-0.00081926,-0.00414514,0.00124297,-0.01701636,0.00967444,0.31225262,-0.02448379,0.00921090,0.02358180,0.01807460,0.00031230,26.93312882,24.35990109,34.17524589,31.60689114,0.04471302,-0.72474743,1.50037852,0.03275079,-0.72653512,1.47393716,4.92394711,0.00000002
2.74000000,SHIFT_WEIGHT,-0.00086526,-0.00422120,0.00129503,-0.01740161,0.01002827,0.31226662,-0.02484364,0.00954269,0.02406180,0.01809380,0.00033150,26.92202600,24.23217618,34.30899210,31.61484830,0.04577553,-0.72308192,1.49928298,0.03385361,-0.72490558,1.47290295,4.95049706,0.00000002
2.75000000,SHIFT_WEIGHT,-0.00091239,-0.00429968,0.00134823,-0.01779449,0.01038829,0.31228059,-0.02521064,0.00988029,0.02455045,0.01811347,0.00035117,26.91033463,24.10200744,34.44557778,31.62305832,0.04685374,-0.72138823,1.49816526,0.03497334,-0.72324932,1.47184852,4.97768258,0.00000002
2.76000000,SHIFT_WEIGHT,-0.00096065,-0.00438042,0.00140258,-0.01819479,0.01075443,0.31229457,-0.02558459,0.01022362,0.02504756,0.01813358,0.00037128,26.89822495,23.96959691,34.58477353,31.63130872,0.04794742,-0.71966682,1.49702513,0.03610974,-0.72156646,1.47077365,5.00545929,0.00000002
2.77000000,SHIFT_WEIGHT,-0.00101004,-0.00446324,0.00145809,-0.01860229,0.01112662,0.31230855,-0.02596530,0.01057264,0.02555296,0.01815410,0.00039180,26.88585766,23.83513639,34.72636117,31.63939904,0.04905633,-0.71791819,1.49586241,0.03726257,-0.71985718,1.46967811,5.03378457,0.00000002
2.78000000,SHIFT_WEIGHT,-0.00106056,-0.00454797,0.00151476,-0.01901678,0.01150480,0.31232258,-0.02635256,0.01092726,0.02606645,0.01817499,0.00041269,26.87338146,23.69880542,34.87013647,31.64714373,0.05018026,-0.71614279,1.49467688,0.03843157,-0.71812162,1.46856167,5.06261815,0.00000002
2.79000000,SHIFT_WEIGHT,-0.00111222,-0.00463444,0.00157259,-0.01943804,0.01188889,0.31233666,-0.02674616,0.01128744,0.02658785,0.01819623,0.00043393,26.86093118,23.56076968,35.01591145,31.65437467,0.05131896,-0.71434108,1.49346837,0.03961648,-0.71635999,1.46742416,5.09192255,0.00000002
2.80000000,SHIFT_WEIGHT,-0.00116501,-0.00472250,0.00163159,-0.01986585,0.01227883,0.31235080,-0.02714590,0.01165309,0.02711697,0.01821778,0.00045548,26.84862616,23.42117970,35.16351614,31.66094299,0.05247219,-0.71251353,1.49223671,0.04081703,-0.71457248,1.46626540,5.12166356,0.00000002
2.81000000,SHIFT_WEIGHT,-0.00121894,-0.00481201,0.00169176,-0.02030002,0.01267453,0.31236503,-0.02755159,0.01202414,0.02765362,0.01823962,0.00047731,26.83656918,23.28017005,35.31279987,31.66672054,0.05363973,-0.71066056,1.49098174,0.04203294,-0.71275931,1.46508522,5.15181048,0.00000002
2.82000000,SHIFT_WEIGHT,-0.00127400,-0.00490284,0.00175310,-0.02074035,0.01307592,0.31237936,-0.02796302,0.01240052,0.02819763,0.01826172,0.00049941,26.82484566,23.13785876,35.46363212,31.67160079,0.05482132,-0.70878260,1.48970334,0.04326394,-0.71092073,1.46388350,5.18233637,0.00000002
2.83000000,SHIFT_WEIGHT,-0.00133020,-0.00499487,0.00181560,-0.02118663,0.01348292,0.31239379,-0.02838002,0.01278216,0.02874882,0.01828406,0.00052175,26.81352335,22.99434716,35.61590291,31.67549922,0.05601672,-0.70688007,1.48840140,0.04450972,-0.70905698,1.46266012,5.21321817,0.00000003
2.84000000,SHIFT_WEIGHT,-0.00138754,-0.00508800,0.00187926,-0.02163870,0.01389544,0.31240834,-0.02880241,0.01316897,0.02930703,0.01830662,0.00054432,26.80265227,22.84972000,35.76952274,31.67835329,0.05722567,-0.70495337,1.48707584,0.04577001,-0.70716836,1.46141502,5.24443672,0.00000003
2.85000000,SHIFT_WEIGHT,-0.00144600,-0.00518215,0.00194408,-0.02209637,0.01431341,0.31242300,-0.02923003,0.01356088,0.02987208,0.01832938,0.00056708,26.79226508,22.70404583,35.92442216,31.68012197,0.05844790,-0.70300289,1.48572659,0.04704448,-0.70525516,1.46014812,5.27597677,0.00000003
2.86000000,SHIFT_WEIGHT,-0.00150560,-0.00527725,0.00201003,-0.02255949,0.01473673,0.31243778,-0.02966272,0.01395779,0.03044381,0.01835234,0.00059003,26.78237767,22.55737769,36.08055103,31.68078488,0.05968314,-0.70102902,1.48435362,0.04833283,-0.70331769,1.45885941,5.30782682,0.00000003
2.87000000,SHIFT_WEIGHT,-0.00156633,-0.00537325,0.00207712,-0.02302792,0.01516530,0.31245267,-0.03010035,0.01435963,0.03102209,0.01837546,0.00061316,26.77299007,22.40975398,36.23787737,31.68034110,0.06093112,-0.69903213,1.48295692,0.04963475,-0.70135630,1.45754888,5.33997898,0.00000003
2.88000000,SHIFT_WEIGHT,-0.00162819,-0.00547013,0.00214533,-0.02350151,0.01559905,0.31246768,-0.03054277,0.01476630,0.03160675,0.01839876,0.00063646,26.76408761,22.26119957,36.39638607,31.67880771,0.06219153,-0.69701257,1.48153651,0.05094992,-0.69937135,1.45621657,5.37242873,0.00000003
2.89000000,SHIFT_WEIGHT,-0.00169117,-0.00556784,0.00221465,-0.02398014,0.01603787,0.31248278,-0.03098986,0.01517773,0.03219766,0.01842221,0.00065991,26.75564223,22.11172702,36.55607725,31.67621808,0.06346409,-0.69497073,1.48009243,0.05227801,-0.69736320,1.45486251,5.40517464,0.00000003
2.90000000,SHIFT_WEIGHT,-0.00175527,-0.00566640,0.00228505,-0.02446369,0.01648167,0.31249798,-0.03144152,0.01559380,0.03279468,0.01844582,0.00068352,26.74761397,21.96133802,36.71696457,31.67261998,0.06474848,-0.69290694,1.47862476,0.05361870,-0.69533227,1.45348679,5.43821807,0.00000003
2.91000000,SHIFT_WEIGHT,-0.00182048,-0.00576581,0.00235653,-0.02495206,0.01693035,0.31251326,-0.03189764,0.01601444,0.03339768,0.01846958,0.00070728,26.73995263,21.81002486,36.87907331,31.66807356,0.06604439,-0.69082158,1.47713358,0.05497163,-0.69327895,1.45208951,5.47156279,0.00000003
2.92000000,SHIFT_WEIGHT,-0.00188681,-0.00586608,0.00242906,-0.02544516,0.01738380,0.31252860,-0.03235813,0.01643954,0.03400655,0.01849349,0.00073118,26.73259941,21.65777200,37.04243842,31.66264925,0.06735148,-0.68871500,1.47561902,0.05633649,-0.69120368,1.45067081,5.50521465,0.00000003
2.93000000,SHIFT_WEIGHT,-0.00195425,-0.00596724,0.00250263,-0.02594289,0.01784192,0.31254398,-0.03282290,0.01686900,0.03462114,0.01851754,0.00075524,26.72548867,21.50455769,37.20710252,31.65642565,0.06866942,-0.68658756,1.47408121,0.05771291,-0.68910690,1.44923083,5.53918118,0.00000003
2.94000000,SHIFT_WEIGHT,-0.00202280,-0.00606934,0.00257721,-0.02644518,0.01830462,0.31255939,-0.03329188,0.01730273,0.03524135,0.01854175,0.00077945,26.71854969,21.35035553,37.37311390,31.64948740,0.06999787,-0.68443962,1.47252032,0.05910056,-0.68698908,1.44776973,5.57347120,0.00000003
2.95000000,SHIFT_WEIGHT,-0.00209244,-0.00617242,0.00265278,-0.02695195,0.01877177,0.31257481,-0.03376499,0.01774062,0.03586706,0.01856611,0.00080380,26.71170835,21.19513609,37.54052449,31.64192309,0.07133646,-0.68227158,1.47093654,0.06049907,-0.68485069,1.44628772,5.60809444,0.00000003
2.96000000,SHIFT_WEIGHT,-0.00216318,-0.00627652,0.00272933,-0.02746312,0.01924327,0.31259021,-0.03424216,0.01818257,0.03649815,0.01859062,0.00082832,26.70488878,21.03886840,37.70938804,31.63382333,0.07268484,-0.68008380,1.46933006,0.06190810,-0.68269220,1.44478500,5.64306116,0.00000003
2.97000000,SHIFT_WEIGHT,-0.00223501,-0.00638171,0.00280683,-0.02797864,0.01971900,0.31260557,-0.03472334,0.01862848,0.03713452,0.01861530,0.00085299,26.69801491,20.88152141,37.87975823,31.62527885,0.07404262,-0.67787668,1.46770110,0.06332728,-0.68051413,1.44326180,5.67838181,0.00000003
2.98000000,SHIFT_WEIGHT,-0.00230793,-0.00648804,0.00288525,-0.02849843,0.02019887,0.31262086,-0.03520844,0.01907823,0.03777603,0.01864014,0.00087783,26.69101194,20.72306534,38.05168699,31.61637879,0.07540945,-0.67565064,1.46604991,0.06475625,-0.67831698,1.44171836,5.71406664,0.00000003
2.99000000,SHIFT_WEIGHT,-0.00238194,-0.00659558,0.00296459,-0.02902244,0.02068274,0.31263607,-0.03569743,0.01953173,0.03842258,0.01866515,0.00090284,26.68380757,20.56347288,38.22522298,31.60720916,0.07678492,-0.67340610,1.46437674,0.06619464,-0.67610126,1.44015492,5.75012545,0.00000003
3.00000000,SHIFT_WEIGHT,-0.00245702,-0.00670436,0.00304482,-0.02955059,0.02117051,0.31265116,-0.03619022,0.01998885,0.03907405,0.01869033,0.00092803,26.67633325,20.40272029,38.40041017,31.59785149,0.07816864,-0.67114349,1.46268185,0.06764208,-0.67386752,1.43857177,5.78656723,0.00000003
3.01000000,SHIFT_WEIGHT,-0.00253317,-0.00681447,0.00312592,-0.03008282,0.02166206,0.31266612,-0.03668676,0.02044949,0.03973032,0.01871569,0.00095339,26.66852508,20.24078837,38.57728666,31.58838159,0.07956023,-0.66886326,1.46096552,0.06909819,-0.67161627,1.43696917,5.82339998,0.00000003
3.02000000,SHIFT_WEIGHT,-0.00261040,-0.00692594,0.00320787,-0.03061906,0.02215727,0.31268092,-0.03718699,0.02091354,0.04039128,0.01874123,0.00097893,26.66032469,20.07766322,38.75588359,31.57886868,0.08095927,-0.66656590,1.45922804,0.07056261,-0.66934807,1.43534742,5.86063041,0.00000003
3.03000000,SHIFT_WEIGHT,-0.00268869,-0.00703883,0.00329065,-0.03115924,0.02265601,0.31269554,-0.03769084,0.02138088,0.04105678,0.01876696,0.00100466,26.65167991,19.91333693,38.93622435,31.56937453,0.08236535,-0.66425189,1.45746973,0.07203495,-0.66706346,1.43370680,5.89826383,0.00000003
3.04000000,SHIFT_WEIGHT,-0.00276804,-0.00715319,0.00337425,-0.03170328,0.02315817,0.31270995,-0.03819822,0.02185139,0.04172671,0.01879287,0.00103057,26.64254519,19.74780800,39.11832389,31.55995297,0.08377808,-0.66192174,1.45569088,0.07351482,-0.66476300,1.43204763,5.93630393,0.00000003
3.05000000,SHIFT_WEIGHT,-0.00284845,-0.00726905,0.00345865,-0.03225110,0.02366362,0.31272414,-0.03870908,0.02232497,0.04240093,0.01881898,0.00105667,26.63288199,19.58108176,39.30218831,31.55064947,0.08519704,-0.65957596,1.45389182,0.07500186,-0.66244724,1.43037022,5.97475273,0.00000003
3.06000000,SHIFT_WEIGHT,-0.00292991,-0.00738645,0.00354383,-0.03280261,0.02417225,0.31273808,-0.03922332,0.02280149,0.04307931,0.01884527,0.00108297,26.62265893,19.41317046,39.48781450,31.54150101,0.08662181,-0.65721510,1.45207287,0.07649565,-0.66011676,1.42867488,6.01361047,0.00000003
3.07000000,SHIFT_WEIGHT,-0.00301241,-0.00750541,0.00362979,-0.03335772,0.02468391,0.31275176,-0.03974086,0.02328084,0.04376169,0.01887175,0.00110945,26.61185179,19.24409343,39.67519012,31.53253604,0.08805198,-0.65483971,1.45023438,0.07799583,-0.65777212,1.42696194,6.05287555,0.00000003
3.08000000,SHIFT_WEIGHT,-0.00309595,-0.00762596,0.00371649,-0.03391633,0.02519850,0.31276516,-0.04026160,0.02376289,0.04444794,0.01889842,0.00113611,26.60044343,19.07387688,39.86429361,31.52377471,0.08948712,-0.65245037,1.44837669,0.07950200,-0.65541390,1.42523172,6.09254457,0.00000003
3.09000000,SHIFT_WEIGHT,-0.00318053,-0.00774810,0.00380395,-0.03447833,0.02571587,0.31277826,-0.04078544,0.02424752,0.04513790,0.01892527,0.00116297,26.58842352,18.90255379,40.05509445,31.51522909,0.09092683,-0.65004767,1.44650015,0.08101376,-0.65304266,1.42348457,6.13261231,0.00000004
3.10000000,SHIFT_WEIGHT,-0.00326613,-0.00787186,0.00389213,-0.03504361,0.02623590,0.31279105,-0.04131229,0.02473462,0.04583141,0.01895230,0.00119000,26.57578827,18.73016355,40.24755346,31.50690371,0.09237068,-0.64763221,1.44460512,0.08253073,-0.65065900,1.42172081,6.17307181,0.00000004
3.11000000,SHIFT_WEIGHT,-0.00335274,-0.00799721,0.00398102,-0.03561204,0.02675847,0.31280352,-0.04184203,0.02522406,0.04652832,0.01897951,0.00121721,26.56253990,18.55675158,40.44162333,31.49879606,0.09381825,-0.64520461,1.44269195,0.08405250,-0.64826349,1.41994079,6.21391442,0.00000004
3.12000000,SHIFT_WEIGHT,-0.00344037,-0.00812416,0.00407063,-0.03618351,0.02728343,0.31281565,-0.04237453,0.02571572,0.04722845,0.01900689,0.00124459,26.54868622,18.38236882,40.63724919,31.49089724,0.09526914,-0.64276549,1.44076103,0.08557867,-0.64585671,1.41814486,6.25512991,0.00000004
3.13000000,SHIFT_WEIGHT,-0.00352899,-0.00825270,0.00416092,-0.03675788,0.02781067,0.31282744,-0.04290968,0.02620947,0.04793163,0.01903443,0.00127213,26.53424003,18.20707123,40.83436927,31.48319269,0.09672291,-0.64031549,1.43881273,0.08710886,-0.64343926,1.41633338,6.29670660,0.00000004
3.14000000,SHIFT_WEIGHT,-0.00361861,-0.00838279,0.00425190,-0.03733501,0.02834004,0.31283888,-0.04344735,0.02670520,0.04863770,0.01906213,0.00129983,26.51921853,18.03091915,41.03291565,31.47566296,0.09817917,-0.63785527,1.43684743,0.08864266,-0.64101172,1.41450670,6.33863144,0.00000004
3.15000000,SHIFT_WEIGHT,-0.00370921,-0.00851443,0.00434354,-0.03791476,0.02887141,0.31284996,-0.04398741,0.02720276,0.04934646,0.01908998,0.00132767,26.50364268,17.85397668,41.23281506,31.46828451,0.09963750,-0.63538547,1.43486554,0.09017966,-0.63857469,1.41266520,6.38089025,0.00000004
3.16000000,SHIFT_WEIGHT,-0.00380077,-0.00864756,0.00443584,-0.03849698,0.02940465,0.31286067,-0.04452971,0.02770205,0.05005774,0.01911796,0.00135566,26.48753653,17.67631104,41.43398967,31.46103054,0.10109748,-0.63290677,1.43286744,0.09171948,-0.63612877,1.41080925,6.42346776,0.00000004
3.17000000,SHIFT_WEIGHT,-0.00389330,-0.00878217,0.00452878,-0.03908151,0.02993963,0.31287101,-0.04507410,0.02820293,0.05077135,0.01914607,0.00138377,26.47092661,17.49799190,41.63635799,31.45387178,0.10255872,-0.63041984,1.43085356,0.09326170,-0.63367455,1.40893922,6.46634785,0.00000004
3.18000000,SHIFT_WEIGHT,-0.00398676,-0.00891821,0.00462236,-0.03966820,0.03047621,0.31288099,-0.04562046,0.02870527,0.05148710,0.01917431,0.00141200,26.45384129,17.31909072,41.83983565,31.44677733,0.10402080,-0.62792536,1.42882430,0.09480593,-0.63121264,1.40705551,6.50951367,0.00000004
3.19000000,SHIFT_WEIGHT,-0.00408116,-0.00905563,0.00471655,-0.04025689,0.03101425,0.31289059,-0.04616861,0.02920895,0.05220480,0.01920265,0.00144034,26.43631013,17.13968012,42.04433626,31.43971541,0.10548332,-0.62542400,1.42678009,0.09635175,-0.62874364,1.40515851,6.55294783,0.00000004
3.20000000,SHIFT_WEIGHT,-0.00417646,-0.00919439,0.00481134,-0.04084741,0.03155361,0.31289981,-0.04671842,0.02971384,0.05292427,0.01923108,0.00146878,26.41836334,16.95983326,42.24977219,31.43265409,0.10694589,-0.62291644,1.42472137,0.09789878,-0.62626816,1.40324863,6.59663251,0.00000004
3.21000000,SHIFT_WEIGHT,-0.00427267,-0.00933444,0.00490672,-0.04143959,0.03209417,0.31290866,-0.04726971,0.03021981,0.05364529,0.01925960,0.00149730,26.40003123,16.77962325,42.45605536,31.42556197,0.10840811,-0.62040338,1.42264859,0.09944661,-0.62378682,1.40132629,6.64054965,0.00000004
3.22000000,SHIFT_WEIGHT,-0.00436976,-0.00947574,0.00500268,-0.04203327,0.03263577,0.31291713,-0.04782235,0.03072673,0.05436768,0.01928820,0.00152589,26.38134371,16.59912266,42.66309787,31.41840879,0.10986958,-0.61788550,1.42056221,0.10099484,-0.62130022,1.39939191,6.68468107,0.00000004
3.23000000,SHIFT_WEIGHT,-0.00446772,-0.00961823,0.00509918,-0.04262828,0.03317829,0.31292522,-0.04837615,0.03123447,0.05509124,0.01931685,0.00155455,26.36232986,16.41840298,42.87081274,31.41116599,0.11132991,-0.61536348,1.41846268,0.10254306,-0.61880900,1.39744592,6.72900862,0.00000004
3.24000000,SHIFT_WEIGHT,-0.00456652,-0.00976185,0.00519622,-0.04322444,0.03372159,0.31293293,-0.04893098,0.03174290,0.05581577,0.01934556,0.00158326,26.34301754,16.23753423,43.07911439,31.40380716,0.11278871,-0.61283802,1.41635049,0.10409088,-0.61631377,1.39548878,6.77351426,0.00000004
3.25000000,SHIFT_WEIGHT,-0.00466615,-0.00990657,0.00529378,-0.04382159,0.03426552,0.31294027,-0.04948666,0.03225189,0.05654108,0.01937431,0.00161200,26.32343304,16.05658459,43.28791922,31.39630846,0.11424561,-0.61030979,1.41422614,0.10563790,-0.61381515,1.39352095,6.81818022,0.00000004
3.26000000,SHIFT_WEIGHT,-0.00476658,-0.01005232,0.00539183,-0.04441955,0.03480996,0.31294723,-0.05004304,0.03276132,0.05726696,0.01940308,0.00164078,26.30360087,15.87562006,43.49714598,31.38864891,0.11570021,-0.60777949,1.41209011,0.10718372,-0.61131378,1.39154288,6.86298905,0.00000004
3.27000000,SHIFT_WEIGHT,-0.00486781,-0.01019906,0.00549036,-0.04501815,0.03535475,0.31295382,-0.05059996,0.03327105,0.05799323,0.01943187,0.00166957,26.28354350,15.69470425,43.70671615,31.38081069,0.11715214,-0.60524778,1.40994294,0.10872794,-0.60881029,1.38955508,6.90792371,0.00000004
3.28000000,SHIFT_WEIGHT,-0.00496980,-0.01034673,0.00558935,-0.04561722,0.03589976,0.31296004,-0.05115726,0.03378095,0.05871968,0.01946067,0.00169837,26.26328123,15.51389815,43.91655419,31.37277922,0.11860102,-0.60271536,1.40778515,0.11027017,-0.60630532,1.38755803,6.95296764,0.00000004
3.29000000,SHIFT_WEIGHT,-0.00507254,-0.01049530,0.00568876,-0.04621660,0.03644485,0.31296588,-0.05171478,0.03429089,0.05944612,0.01948947,0.00172716,26.24283211,15.33326008,44.12658777,31.36454335,0.12004648,-0.60018289,1.40561727,0.11181002,-0.60379951,1.38555224,6.99810482,0.00000004
3.30000000,SHIFT_WEIGHT,-0.00517600,-0.01064470,0.00578859,-0.04681612,0.03698988,0.31297135,-0.05227236,0.03480075,0.06017236,0.01951825,0.00175595,26.22221185,15.15284551,44.33674783,31.35609532,0.12148815,-0.59765105,1.40343986,0.11334708,-0.60129349,1.38353824,7.04331977,0.00000004
3.31000000,SHIFT_WEIGHT,-0.00528016,-0.01079491,0.00588879,-0.04741561,0.03753471,0.31297645,-0.05282986,0.03531039,0.06089819,0.01954701,0.00178470,26.20143389,14.97270715,44.54696866,31.34743073,0.12292566,-0.59512051,1.40125348,0.11488099,-0.59878793,1.38151655,7.08859760,0.00000004
3.32000000,SHIFT_WEIGHT,-0.00538500,-0.01094587,0.00598935,-0.04801491,0.03807921,0.31298117,-0.05338712,0.03581967,0.06162345,0.01957573,0.00181343,26.18050941,14.79289494,44.75718789,31.33854847,0.12435865,-0.59259194,1.39905872,0.11641134,-0.59628346,1.37948773,7.13392402,0.00000004
3.33000000,SHIFT_WEIGHT,-0.00549050,-0.01109755,0.00609025,-0.04861386,0.03862323,0.31298552,-0.05394399,0.03632849,0.06234792,0.01960442,0.00184212,26.15944741,14.61345610,44.96734636,31.32945057,0.12578675,-0.59006601,1.39685617,0.11793775,-0.59378075,1.37745233,7.17928532,0.00000004
3.34000000,SHIFT_WEIGHT,-0.00559662,-0.01124990,0.00619145,-0.04921230,0.03916664,0.31298949,-0.05450033,0.03683669,0.06307143,0.01963306,0.00187076,26.13825487,14.43443534,45.17738805,31.32014198,0.12720961,-0.58754337,1.39464642,0.11945984,-0.59128043,1.37541092,7.22466837,0.00000004
3.35000000,SHIFT_WEIGHT,-0.00570335,-0.01140289,0.00629293,-0.04981008,0.03970930,0.31299310,-0.05505598,0.03734416,0.06379379,0.01966164,0.00189934,26.11693688,14.25587490,45.38725984,31.31063037,0.12862688,-0.58502468,1.39243009,0.12097724,-0.58878318,1.37336409,7.27006058,0.00000004
3.36000000,SHIFT_WEIGHT,-0.00581066,-0.01155649,0.00639466,-0.05040703,0.04025106,0.31299632,-0.05561080,0.03785076,0.06451482,0.01969016,0.00192785,26.09549684,14.07781485,45.59691132,31.30092585,0.13003820,-0.58251061,1.39020781,0.12248955,-0.58628965,1.37131242,7.31544987,0.00000004
3.37000000,SHIFT_WEIGHT,-0.00591853,-0.01171065,0.00649661,-0.05100302,0.04079180,0.31299917,-0.05616466,0.03835638,0.06523432,0.01971860,0.00195630,26.07393660,13.90029321,45.80629451,31.29104069,0.13144322,-0.58000180,1.38798022,0.12399642,-0.58380049,1.36925654,7.36082467,0.00000004
3.38000000,SHIFT_WEIGHT,-0.00602693,-0.01186536,0.00659875,-0.05159788,0.04133138,0.31300164,-0.05671741,0.03886087,0.06595214,0.01974697,0.00198467,26.05225675,13.72334623,46.01536358,31.28098904,0.13284160,-0.57749890,1.38574796,0.12549746,-0.58131638,1.36719704,7.40617382,0.00000004
3.39000000,SHIFT_WEIGHT,-0.00613583,-0.01202057,0.00670107,-0.05219147,0.04186965,0.31300372,-0.05726892,0.03936411,0.06666807,0.01977526,0.00201296,26.03045676,13.54700861,46.22407457,31.27078660,0.13423299,-0.57500257,1.38351169,0.12699232,-0.57883797,1.36513457,7.45148652,0.00000004
3.40000000,SHIFT_WEIGHT,-0.00624521,-0.01217626,0.00680351,-0.05278364,0.04240648,0.31300543,-0.05781905,0.03986598,0.06738195,0.01980346,0.00204115,26.00853527,13.37131372,46.43238505,31.26045030,0.13561707,-0.57251345,1.38127209,0.12848062,-0.57636592,1.36306975,7.49675235,0.00000004
3.41000000,SHIFT_WEIGHT,-0.00635504,-0.01233240,0.00690607,-0.05337426,0.04294174,0.31300675,-0.05836767,0.04036635,0.06809361,0.01983156,0.00206926,25.98649025,13.19629390,46.64025383,31.24999801,0.13699349,-0.57003218,1.37902983,0.12996201,-0.57390090,1.36100323,7.54196112,0.00000004
3.42000000,SHIFT_WEIGHT,-0.00646529,-0.01248897,0.00700871,-0.05396317,0.04347530,0.31300768,-0.05891465,0.04086510,0.06880286,0.01985956,0.00209726,25.96431923,13.02198065,46.84764061,31.23944823,0.13836193,-0.56755940,1.37678560,0.13143613,-0.57144357,1.35893567,7.58710288,0.00000004
3.43000000,SHIFT_WEIGHT,-0.00657594,-0.01264593,0.00711140,-0.05455025,0.04400701,0.31300823,-0.05945985,0.04136209,0.06950953,0.01988745,0.00212515,25.94201956,12.84840490,47.05450571,31.22881980,0.13972205,-0.56509577,1.37454009,0.13290263,-0.56899458,1.35686772,7.63216784,0.00000004
3.44000000,SHIFT_WEIGHT,-0.00668696,-0.01280325,0.00721412,-0.05513534,0.04453675,0.31300839,-0.06000316,0.04185722,0.07021347,0.01991524,0.00215294,25.91958853,12.67559723,47.26080974,31.21813162,0.14107355,-0.56264191,1.37229401,0.13436115,-0.56655461,1.35480006,7.67714632,0.00000004
3.45000000,SHIFT_WEIGHT,-0.00679831,-0.01296092,0.00731683,-0.05571831,0.04506438,0.31300815,-0.06054444,0.04235034,0.07091448,0.01994291,0.00218061,25.89702360,12.50358804,47.46651338,31.20740241,0.14241609,-0.56019845,1.37004807,0.13581135,-0.56412430,1.35273336,7.72202871,0.00000004
3.46000000,SHIFT_WEIGHT,-0.00690998,-0.01311890,0.00741950,-0.05629902,0.04558977,0.31300752,-0.06108356,0.04284135,0.07161242,0.01997045,0.00220815,25.87432255,12.33240780,47.67157705,31.19665045,0.14374936,-0.55776604,1.36780299,0.13725289,-0.56170432,1.35066830,7.76680540,0.00000004
3.47000000,SHIFT_WEIGHT,-0.00702193,-0.01327717,0.00752212,-0.05687735,0.04611279,0.31300650,-0.06162041,0.04333011,0.07230710,0.01999788,0.00223557,25.85148363,12.16208718,47.87596075,31.18589341,0.14507306,-0.55534531,1.36555949,0.13868542,-0.55929531,1.34860557,7.81146676,0.00000004
3.48000000,SHIFT_WEIGHT,-0.00713412,-0.01343570,0.00762465,-0.05745315,0.04663331,0.31300509,-0.06215486,0.04381651,0.07299837,0.02002517,0.00226286,25.82850571,11.99265721,48.07962382,31.17514815,0.14638688,-0.55293687,1.36331829,0.14010863,-0.55689792,1.34654585,7.85600309,0.00000004
3.49000000,SHIFT_WEIGHT,-0.00724654,-0.01359445,0.00772706,-0.05802629,0.04715120,0.31300329,-0.06268678,0.04430043,0.07368606,0.02005232,0.00229002,25.80538834,11.82414943,48.28252480,31.16443060,0.14769052,-0.55054137,1.36108013,0.14152218,-0.55451281,1.34448984,7.90040458,0.00000004
3.50000000,SHIFT_WEIGHT,-0.00735915,-0.01375340,0.00782933,-0.05859664,0.04766634,0.31300109,-0.06321606,0.04478176,0.07437000,0.02007934,0.00231703,25.78213190,11.65659594,48.48462123,31.15375557,0.14898369,-0.54815941,1.35884575,0.14292573,-0.55214060,1.34243824,7.94466132,0.00000004
3.51000000,SHIFT_WEIGHT,-0.00747192,-0.01391252,0.00793142,-0.05916407,0.04817859,0.31299850,-0.06374257,0.04526036,0.07505005,0.02010621,0.00234390,25.75873765,11.49002955,48.68586963,31.14313673,0.15026610,-0.54579163,1.35661588,0.14431898,-0.54978195,1.34039174,7.98876321,0.00000004
3.52000000,SHIFT_WEIGHT,-0.00758481,-0.01407178,0.00803333,-0.05972844,0.04868783,0.31299552,-0.06426620,0.04573613,0.07572602,0.02013292,0.00237062,25.73520777,11.32448377,48.88622534,31.13258649,0.15153746,-0.54343864,1.35439126,0.14570161,-0.54743749,1.33835106,8.03270000,0.00000004
3.53000000,SHIFT_WEIGHT,-0.00769779,-0.01423114,0.00813501,-0.06028962,0.04919394,0.31299215,-0.06478681,0.04620895,0.07639777,0.02015949,0.00239718,25.71154538,11.15999291,49.08564251,31.12211599,0.15279750,-0.54110104,1.35217264,0.14707331,-0.54510783,1.33631688,8.07646126,0.00000004
3.54000000,SHIFT_WEIGHT,-0.00781084,-0.01439056,0.00823644,-0.06084749,0.04969679,0.31298840,-0.06530430,0.04667871,0.07706513,0.02018589,0.00242359,25.68775461,10.99659204,49.28407408,31.11173506,0.15404593,-0.53877945,1.34996077,0.14843376,-0.54279361,1.33428991,8.12003637,0.00000004
3.55000000,SHIFT_WEIGHT,-0.00792391,-0.01455001,0.00833759,-0.06140190,0.05019627,0.31298426,-0.06581855,0.04714529,0.07772795,0.02021212,0.00244982,25.66384054,10.83431700,49.48147180,31.10145222,0.15528251,-0.53647448,1.34775638,0.14978268,-0.54049545,1.33227085,8.16341453,0.00000004
3.56000000,SHIFT_WEIGHT,-0.00803697,-0.01470946,0.00843845,-0.06195274,0.05069224,0.31297975,-0.06632943,0.04760858,0.07838608,0.02023819,0.00247588,25.63980921,10.67320438,49.67778624,31.09127475,0.15650695,-0.53418671,1.34556022,0.15111976,-0.53821395,1.33026040,8.20658474,0.00000004
3.57000000,SHIFT_WEIGHT,-0.00814999,-0.01486886,0.00853897,-0.06249988,0.05118459,0.31297487,-0.06683683,0.04806847,0.07903934,0.02026407,0.00250177,25.61566760,10.51329149,49.87296686,31.08120868,0.15771902,-0.53191675,1.34337305,0.15244471,-0.53594971,1.32825926,8.24953585,0.00000004
3.58000000,SHIFT_WEIGHT,-0.00826293,-0.01502816,0.00863915,-0.06304317,0.05167320,0.31296961,-0.06734063,0.04852486,0.07968760,0.02028977,0.00252747,25.59142355,10.35461624,50.06696209,31.07125887,0.15891845,-0.52966518,1.34119559,0.15375725,-0.53370334,1.32626814,8.29225652,0.00000004
3.59000000,SHIFT_WEIGHT,-0.00837576,-0.01518734,0.00873895,-0.06358251,0.05215797,0.31296400,-0.06784071,0.04897763,0.08033070,0.02031529,0.00255299,25.56708574,10.19721717,50.25971945,31.06142910,0.16010501,-0.52743259,1.33902859,0.15505710,-0.53147543,1.32428771,8.33473528,0.00000004
3.60000000,SHIFT_WEIGHT,-0.00848844,-0.01534634,0.00883834,-0.06411775,0.05263876,0.31295804,-0.06833696,0.04942667,0.08096849,0.02034061,0.00257830,25.54266362,10.04113326,50.45118563,31.05172214,0.16127846,-0.52521954,1.33687279,0.15634398,-0.52926655,1.32231868,8.37696054,0.00000004
3.61000000,SHIFT_WEIGHT,-0.00860093,-0.01550512,0.00893731,-0.06464877,0.05311547,0.31295172,-0.06882926,0.04987189,0.08160082,0.02036572,0.00260342,25.51816735,9.88640391,50.64130662,31.04213984,0.16243856,-0.52302661,1.33472893,0.15761762,-0.52707728,1.32036174,8.41892059,0.00000004
3.62000000,SHIFT_WEIGHT,-0.00871320,-0.01566363,0.00903582,-0.06517545,0.05358798,0.31294507,-0.06931750,0.05031318,0.08222754,0.02039063,0.00262833,25.49360768,9.73306882,50.83002789,31.03268324,0.16358511,-0.52085436,1.33259774,0.15887775,-0.52490820,1.31841756,8.46060365,0.00000004
3.63000000,SHIFT_WEIGHT,-0.00882520,-0.01582183,0.00913385,-0.06569766,0.05405619,0.31293809,-0.06980156,0.05075043,0.08284850,0.02041533,0.00265303,25.46899592,9.58116788,51.01729448,31.02335266,0.16471787,-0.51870333,1.33047995,0.16012413,-0.52275985,1.31648682,8.50199788,0.00000004
3.64000000,SHIFT_WEIGHT,-0.00893691,-0.01597965,0.00923138,-0.06621527,0.05451999,0.31293079,-0.07028133,0.05118356,0.08346356,0.02043981,0.00267750,25.44434387,9.43074106,51.20305119,31.01414783,0.16583663,-0.51657407,1.32837627,0.16135650,-0.52063278,1.31457020,8.54309144,0.00000004
3.65000000,SHIFT_WEIGHT,-0.00904827,-0.01613707,0.00932837,-0.06672817,0.05497927,0.31292317,-0.07075669,0.05161245,0.08407258,0.02046406,0.00270175,25.41966367,9.28182834,51.38724268,31.00506797,0.16694121,-0.51446712,1.32628744,0.16257461,-0.51852754,1.31266837,8.58387245,0.00000004
3.66000000,SHIFT_WEIGHT,-0.00915926,-0.01629401,0.00942482,-0.06723624,0.05543392,0.31291525,-0.07122755,0.05203701,0.08467541,0.02048808,0.00272577,25.39496779,9.13446954,51.56981370,30.99611191,0.16803139,-0.51238300,1.32421416,0.16377822,-0.51644466,1.31078199,8.62432908,0.00000004
3.67000000,SHIFT_WEIGHT,-0.00926983,-0.01645044,0.00952068,-0.06773934,0.05588385,0.31290705,-0.07169378,0.05245715,0.08527192,0.02051186,0.00274955,25.37026892,8.98870427,51.75070915,30.98727819,0.16910699,-0.51032223,1.32215714,0.16496709,-0.51438465,1.30891171,8.66444956,0.00000004
3.68000000,SHIFT_WEIGHT,-0.00937994,-0.01660629,0.00961593,-0.06823737,0.05632894,0.31289856,-0.07215528,0.05287278,0.08586198,0.02053539,0.00277309,25.34557989,8.84457182,51.92987427,30.97856512,0.17016782,-0.50828530,1.32011708,0.16614101,-0.51234803,1.30705818,8.70422221,0.00000003
3.69000000,SHIFT_WEIGHT,-0.00948956,-0.01676152,0.00971055,-0.06873020,0.05676911,0.31288980,-0.07261194,0.05328379,0.08644545,0.02055868,0.00279637,25.32091361,8.70211103,52.10725479,30.96997093,0.17121371,-0.50627272,1.31809468,0.16729974,-0.51033529,1.30522204,8.74363544,0.00000003
3.70000000,SHIFT_WEIGHT,-0.00959864,-0.01691607,0.00980452,-0.06921772,0.05720426,0.31288079,-0.07306366,0.05369011,0.08702219,0.02058170,0.00281940,25.29628301,8.56136024,52.28279701,30.96149380,0.17224449,-0.50428497,1.31609061,0.16844307,-0.50834693,1.30340392,8.78267780,0.00000003
3.71000000,SHIFT_WEIGHT,-0.00970715,-0.01706989,0.00989780,-0.06969983,0.05763429,0.31287153,-0.07351034,0.05409165,0.08759208,0.02060447,0.00284216,25.27170094,8.42235719,52.45644796,30.95313194,0.17326000,-0.50232251,1.31410556,0.16957080,-0.50638343,1.30160445,8.82133803,0.00000003
3.72000000,SHIFT_WEIGHT,-0.00981503,-0.01722292,0.00999037,-0.07017639,0.05805910,0.31286204,-0.07395186,0.05448832,0.08815500,0.02062696,0.00286466,25.24718018,8.28513895,52.62815548,30.94488367,0.17426008,-0.50038581,1.31214020,0.17068272,-0.50444525,1.29982423,8.85960500,0.00000003
3.73000000,SHIFT_WEIGHT,-0.00992227,-0.01737510,0.01008220,-0.07064732,0.05847862,0.31285233,-0.07438815,0.05488003,0.08871081,0.02064918,0.00288688,25.22273331,8.14974183,52.79786835,30.93674746,0.17524459,-0.49847531,1.31019517,0.17177864,-0.50253285,1.29806388,8.89746782,0.00000003
3.74000000,SHIFT_WEIGHT,-0.01002880,-0.01752639,0.01017328,-0.07111249,0.05889274,0.31284241,-0.07481909,0.05526671,0.08925941,0.02067112,0.00290882,25.19837274,8.01620134,52.96553635,30.92872199,0.17621338,-0.49659145,1.30827114,0.17285836,-0.50064667,1.29632399,8.93491579,0.00000003
3.75000000,SHIFT_WEIGHT,-0.01013460,-0.01767673,0.01026356,-0.07157181,0.05930138,0.31283230,-0.07524459,0.05564827,0.08980067,0.02069277,0.00293047,25.17411064,7.88455214,53.13111034,30.92080615,0.17716632,-0.49473464,1.30636874,0.17392171,-0.49878715,1.29460513,8.97193847,0.00000003
3.76000000,SHIFT_WEIGHT,-0.01023962,-0.01782606,0.01035304,-0.07202517,0.05970447,0.31282201,-0.07566456,0.05602465,0.09033448,0.02071413,0.00295182,25.14995888,7.75482800,53.29454235,30.91299910,0.17810329,-0.49290531,1.30448859,0.17496852,-0.49695469,1.29290788,9.00852564,0.00000003
3.77000000,SHIFT_WEIGHT,-0.01034382,-0.01797433,0.01044167,-0.07247248,0.06010192,0.31281155,-0.07607891,0.05639575,0.09086073,0.02073519,0.00297288,25.12592908,7.62706171,53.45578559,30.90530030,0.17902416,-0.49110383,1.30263131,0.17599861,-0.49514972,1.29123280,9.04466736,0.00000003
3.78000000,SHIFT_WEIGHT,-0.01044716,-0.01812148,0.01052944,-0.07291363,0.06049364,0.31280093,-0.07648755,0.05676153,0.09137931,0.02075594,0.00299364,25.10203251,7.50128514,53.61479453,30.89770944,0.17992882,-0.48933060,1.30079750,0.17701182,-0.49337262,1.28958044,9.08035393,0.00000003
3.79000000,SHIFT_WEIGHT,-0.01054961,-0.01826746,0.01061632,-0.07334853,0.06087957,0.31279018,-0.07689040,0.05712189,0.09189013,0.02077639,0.00301409,25.07828015,7.37752914,53.77152491,30.89022655,0.18081718,-0.48758598,1.29898776,0.17800801,-0.49162376,1.28795132,9.11557596,0.00000003
3.80000000,SHIFT_WEIGHT,-0.01065112,-0.01841222,0.01070229,-0.07377710,0.06125964,0.31277929,-0.07728736,0.05747678,0.09239307,0.02079652,0.00303422,25.05468262,7.25582357,53.92593379,30.88285190,0.18168913,-0.48587032,1.29720266,0.17898703,-0.48990353,1.28634597,9.15032430,0.00000003
3.81000000,SHIFT_WEIGHT,-0.01075165,-0.01855571,0.01078731,-0.07419924,0.06163376,0.31276829,-0.07767838,0.05782613,0.09288804,0.02081634,0.00305403,25.03125022,7.13619725,54.07797952,30.87558604,0.18254458,-0.48418395,1.29544275,0.17994874,-0.48821225,1.28476489,9.18459012,0.00000003
3.82000000,SHIFT_WEIGHT,-0.01085117,-0.01869787,0.01087137,-0.07461487,0.06200187,0.31275719,-0.07806336,0.05816988,0.09337496,0.02083583,0.00307352,25.00799293,7.01867801,54.22762181,30.86842975,0.18338345,-0.48252720,1.29370860,0.18089302,-0.48655029,1.28320857,9.21836484,0.00000003
3.83000000,SHIFT_WEIGHT,-0.01094963,-0.01883865,0.01095444,-0.07502390,0.06236391,0.31274601,-0.07844223,0.05850796,0.09385372,0.02085499,0.00309269,24.98492039,6.90329264,54.37482167,30.86138405,0.18420567,-0.48090038,1.29200072,0.18181973,-0.48491794,1.28167748,9.25164019,0.00000003
3.84000000,SHIFT_WEIGHT,-0.01104700,-0.01897800,0.01103650,-0.07542626,0.06271982,0.31273475,-0.07881492,0.05884032,0.09432425,0.02087382,0.00311151,24.96204193,6.79006690,54.51954142,30.85445014,0.18501117,-0.47930377,1.29031964,0.18272878,-0.48331552,1.28017209,9.28440818,0.00000003
3.85000000,SHIFT_WEIGHT,-0.01114324,-0.01911587,0.01111752,-0.07582187,0.06306953,0.31272342,-0.07918136,0.05916691,0.09403373,0.02089231,0.00313001,24.93936658,6.67902557,54.66174473,30.84762938,0.18579988,-0.47773766,1.28866586,0.18362004,-0.48174332,1.27869284,9.31666108,0.00000003
3.86000000,SHIFT_WEIGHT,-0.01123831,-0.01925221,0.01119747,-0.07621067,0.06341299,0.31271206,-0.07954149,0.05948767,0.09364889,0.02091046,0.00314816,24.91690309,6.57019240,54.80139653,30.84092325,0.18657176,-0.47620230,1.28703985,0.18449343,-0.48020162,1.27724014,9.34839148,0.00000003
3.87000000,SHIFT_WEIGHT,-0.01133218,-0.01938697,0.01127634,-0.07659257,0.06375014,0.31270066,-0.07989525,0.05980256,0.09327052,0.02092827,0.00316596,24.89465993,6.46359017,54.93846304,30.83433334,0.18732676,-0.47469792,1.28544209,0.18534886,-0.47869066,1.27581440,9.37959220,0.00000003
3.88000000,SHIFT_WEIGHT,-0.01142480,-0.01952010,0.01135410,-0.07696751,0.06408094,0.31268924,-0.08024256,0.06011152,0.09289872,0.02094572,0.00318342,24.87264532,6.35924065,55.07291176,30.82786128,0.18806485,-0.47322477,1.28387301,0.18618624,-0.47721069,1.27441602,9.41025637,0.00000003
3.89000000,SHIFT_WEIGHT,-0.01151615,-0.01965156,0.01143073,-0.07733544,0.06440533,0.31267781,-0.08058339,0.06041451,0.09253354,0.02096283,0.00320052,24.85086724,6.25716468,55.20471141,30.82150872,0.18878599,-0.47178304,1.28233304,0.18700550,-0.47576194,1.27304536,9.44037736,0.00000003
3.90000000,SHIFT_WEIGHT,-0.01160618,-0.01978130,0.01150620,-0.07769629,0.06472327,0.31266639,-0.08091767,0.06071150,0.09217506,0.02097957,0.00321727,24.82933346,6.15738210,55.33383197,30.81527730,0.18949017,-0.47037293,1.28082260,0.18780658,-0.47434460,1.27170276,9.46994882,0.00000002
3.91000000,SHIFT_WEIGHT,-0.01169487,-0.01990926,0.01158050,-0.07805001,0.06503472,0.31265499,-0.08124536,0.06100243,0.09182336,0.02099596,0.00323366,24.80805156,6.05991182,55.46024459,30.80916860,0.19017737,-0.46899461,1.27934206,0.18858943,-0.47295887,1.27038856,9.49896465,0.00000002
3.92000000,SHIFT_WEIGHT,-0.01178218,-0.02003542,0.01165361,-0.07839655,0.06533964,0.31264363,-0.08156641,0.06128729,0.09147848,0.02101198,0.00324968,24.78703380,5.96424082,55.58391407,30.80319097,0.19084757,-0.46764823,1.27789173,0.18935400,-0.47160491,1.26910306,9.52741808,0.00000002
3.93000000,SHIFT_WEIGHT,-0.01186800,-0.02015968,0.01172550,-0.07873585,0.06563800,0.31263230,-0.08188077,0.06156603,0.09114049,0.02102753,0.00326523,24.76640310,5.86885317,55.70466718,30.79745298,0.19150067,-0.46633376,1.27647145,0.19010024,-0.47028284,1.26784645,9.55528593,0.00000002
3.94000000,SHIFT_WEIGHT,-0.01195215,-0.02028190,0.01179612,-0.07906786,0.06592975,0.31262101,-0.08218840,0.06183862,0.09080946,0.02104243,0.00328012,24.74639245,5.77456642,55.82229397,30.79209115,0.19213650,-0.46505125,1.27508106,0.19082810,-0.46899265,1.26661870,9.58254370,0.00000002
3.95000000,SHIFT_WEIGHT,-0.01203446,-0.02040191,0.01186540,-0.07939254,0.06621484,0.31260974,-0.08248925,0.06210502,0.09048546,0.02105653,0.00329423,24.72717032,5.68243740,55.93672866,30.78719153,0.19275491,-0.46380085,1.27372079,0.19153754,-0.46773432,1.26541976,9.60918338,0.00000002
3.96000000,SHIFT_WEIGHT,-0.01211482,-0.02051956,0.01193328,-0.07970982,0.06649324,0.31259848,-0.08278328,0.06236519,0.09016855,0.02106977,0.00330746,24.70878829,5.59321913,56.04799568,30.78280978,0.19335580,-0.46258275,1.27239107,0.19222854,-0.46650784,1.26424962,9.63520380,0.00000002
3.97000000,SHIFT_WEIGHT,-0.01219319,-0.02063480,0.01199967,-0.08001966,0.06676491,0.31258722,-0.08307044,0.06261909,0.08985881,0.02108210,0.00331980,24.69118459,5.50733966,56.15615355,30.77896203,0.19393913,-0.46139713,1.27109235,0.19290109,-0.46531326,1.26310843,9.66060541,0.00000002
3.98000000,SHIFT_WEIGHT,-0.01226957,-0.02074761,0.01206454,-0.08032203,0.06702982,0.31257596,-0.08335070,0.06286671,0.08955629,0.02109357,0.00333127,24.67421690,5.42494728,56.26125716,30.77561650,0.19450494,-0.46024415,1.26982506,0.19355520,-0.46415067,1.26199640,9.68538788,0.00000002
3.99000000,SHIFT_WEIGHT,-0.01234398,-0.02085802,0.01212785,-0.08061689,0.06728795,0.31256474,-0.08362404,0.06310802,0.08926102,0.02110421,0.00334191,24.65770458,5.34598385,56.36333903,30.77269645,0.19505330,-0.45912391,1.26858957,0.19419090,-0.46302014,1.26091382,9.70954935,0.00000002
4.00000000,SHIFT_WEIGHT,-0.01241645,-0.02096609,0.01218960,-0.08090424,0.06753931,0.31255358,-0.08389044,0.06334303,0.08897303,0.02111412,0.00335182,24.64146747,5.27026449,56.46240623,30.77009322,0.19558435,-0.45803648,1.26738617,0.19480823,-0.46192176,1.25986096,9.73308671,0.00000002
4.01000000,SHIFT_WEIGHT,-0.01248704,-0.02107187,0.01224979,-0.08118407,0.06778389,0.31254252,-0.08414990,0.06357173,0.08869234,0.02112337,0.00336107,24.62535457,5.19754895,56.55844713,30.76768437,0.19609826,-0.45698186,1.26621508,0.19540725,-0.46085561,1.25883811,9.75599646,0.00000002
4.02000000,SHIFT_WEIGHT,-0.01255578,-0.02117539,0.01230844,-0.08145637,0.06802172,0.31253160,-0.08440241,0.06379414,0.08841897,0.02113205,0.00336975,24.60926101,5.12759624,56.65144228,30.76535134,0.19659518,-0.45596002,1.26507646,0.19598802,-0.45982173,1.25784549,9.77827563,0.00000002
4.03000000,SHIFT_WEIGHT,-0.01262272,-0.02127670,0.01236559,-0.08172116,0.06825280,0.31252087,-0.08464799,0.06401028,0.08815291,0.02114024,0.00337794,24.59313403,5.06020028,56.74137495,30.76299314,0.19707531,-0.45497089,1.26397042,0.19655061,-0.45882012,1.25688330,9.79992260,0.00000002
4.04000000,SHIFT_WEIGHT,-0.01268790,-0.02137578,0.01242128,-0.08197843,0.06847716,0.31251035,-0.08488663,0.06422016,0.08789418,0.02114799,0.00338569,24.57697039,4.99520770,56.82823882,30.76053440,0.19753883,-0.45401436,1.26289706,0.19709509,-0.45785076,1.25595166,9.82093758,0.00000002
4.05000000,SHIFT_WEIGHT,-0.01275136,-0.02147264,0.01247554,-0.08222821,0.06869484,0.31250007,-0.08511835,0.06442381,0.08764277,0.02115536,0.00339306,24.56080798,4.93252168,56.91204183,30.75792783,0.19798591,-0.45309032,1.26185641,0.19762156,-0.45691359,1.25505065,9.84132270,0.00000002
4.06000000,SHIFT_WEIGHT,-0.01281311,-0.02156724,0.01252841,-0.08247051,0.06890585,0.31249006,-0.08534318,0.06462126,0.08739867,0.02116239,0.00340008,24.54471422,4.87209602,56.99280648,30.75515248,0.19841675,-0.45219862,1.26084852,0.19813011,-0.45600851,1.25418029,9.86108184,0.00000002
4.07000000,SHIFT_WEIGHT,-0.01287319,-0.02165956,0.01257993,-0.08270534,0.06911023,0.31248033,-0.08556111,0.06481253,0.08716189,0.02116910,0.00340679,24.52877356,4.81392384,57.07056741,30.75220909,0.19883152,-0.45133909,1.25987340,0.19862085,-0.45513540,1.25334055,9.88022016,0.00000002
4.08000000,SHIFT_WEIGHT,-0.01293160,-0.02174957,0.01263012,-0.08293273,0.06930802,0.31247088,-0.08577217,0.06499767,0.08693243,0.02117551,0.00341321,24.51307570,4.75802420,57.14536740,30.74911424,0.19923041,-0.45051156,1.25893104,0.19909389,-0.45429410,1.25253139,9.89874363,0.00000001
4.09000000,SHIFT_WEIGHT,-0.01298836,-0.02183722,0.01267900,-0.08315270,0.06949925,0.31246171,-0.08597639,0.06517670,0.08671026,0.02118163,0.00341933,24.49770575,4.70442952,57.21725277,30.74589452,0.19961360,-0.44971580,1.25802144,0.19954936,-0.45348442,1.25175267,9.91665841,0.00000001
4.10000000,SHIFT_WEIGHT,-0.01304348,-0.02192248,0.01272659,-0.08336528,0.06968396,0.31245283,-0.08617379,0.06534966,0.08649537,0.02118747,0.00342517,24.48273684,4.65317499,57.28626913,30.74258145,0.19998127,-0.44895160,1.25714452,0.19998739,-0.45270616,1.25100428,9.93397041,0.00000001
4.11000000,SHIFT_WEIGHT,-0.01309695,-0.02200533,0.01277290,-0.08357049,0.06986218,0.31244424,-0.08636439,0.06551658,0.08628775,0.02119304,0.00343074,24.46822557,4.60429120,57.35245773,30.73920761,0.20033361,-0.44821869,1.25630022,0.20040813,-0.45195907,1.25028602,9.95068485,0.00000001
4.12000000,SHIFT_WEIGHT,-0.01314877,-0.02208575,0.01281792,-0.08376837,0.07003396,0.31243592,-0.08654823,0.06567750,0.08608738,0.02119834,0.00343604,24.45420993,4.55779976,57.41585297,30.73580406,0.20067083,-0.44751679,1.25548842,0.20081173,-0.45124290,1.24959771,9.96680601,0.00000001
4.13000000,SHIFT_WEIGHT,-0.01319894,-0.02216370,0.01286164,-0.08395896,0.07019934,0.31242787,-0.08672534,0.06583246,0.08589421,0.02120336,0.00344106,24.44070943,4.51371168,57.47648096,30.73239895,0.20099312,-0.44684560,1.25470898,0.20119837,-0.45055734,1.24893909,9.98233710,0.00000001
4.14000000,SHIFT_WEIGHT,-0.01324744,-0.02223918,0.01290407,-0.08414230,0.07035836,0.31242011,-0.08689576,0.06598150,0.08570823,0.02120812,0.00344582,24.42772696,4.47202793,57.53435910,30.72901702,0.20130068,-0.44620477,1.25396172,0.20156824,-0.44990208,1.24830990,9.99728022,0.00000001
4.15000000,SHIFT_WEIGHT,-0.01329426,-0.02231218,0.01294518,-0.08431845,0.07051108,0.31241262,-0.08705955,0.06612467,0.08552938,0.02121261,0.00345031,24.41525167,4.43274129,57.58949649,30.72567972,0.20159372,-0.44559393,1.25324640,0.20192151,-0.44927679,1.24770984,10.01163644,0.00000001
4.16000000,SHIFT_WEIGHT,-0.01333938,-0.02238269,0.01298495,-0.08448745,0.07065753,0.31240540,-0.08721674,0.06626201,0.08535762,0.02121685,0.00345454,24.40326254,4.39583898,57.64189501,30.72240570,0.20187247,-0.44501270,1.25256277,0.20225840,-0.44868109,1.24713857,10.02540595,0.00000001
4.17000000,SHIFT_WEIGHT,-0.01338279,-0.02245071,0.01302336,-0.08464936,0.07079779,0.31239847,-0.08736739,0.06639358,0.08519291,0.02122082,0.00345852,24.39173194,4.36130530,57.69155071,30.71921134,0.20213714,-0.44446066,1.25191053,0.20257912,-0.44811458,1.24659573,10.03858823,0.00000001
4.18000000,SHIFT_WEIGHT,-0.01342446,-0.02251623,0.01306040,-0.08480426,0.07093190,0.31239183,-0.08751156,0.06651942,0.08503518,0.02122454,0.00346224,24.38062906,4.32912395,57.73845551,30.71611128,0.20238796,-0.44393736,1.25128936,0.20288391,-0.44757684,1.24608090,10.05118227,0.00000001
4.19000000,SHIFT_WEIGHT,-0.01346438,-0.02257926,0.01309604,-0.08495220,0.07105992,0.31238549,-0.08764931,0.06663959,0.08488438,0.02122801,0.00346571,24.36992283,4.29927974,57.78259883,30.71311873,0.20262517,-0.44344235,1.25069886,0.20317299,-0.44706742,1.24559365,10.06318678,0.00000001
4.20000000,SHIFT_WEIGHT,-0.01350252,-0.02263980,0.01313027,-0.08509325,0.07118193,0.31237945,-0.08778070,0.06675416,0.08474045,0.02123123,0.00346893,24.35958417,4.27175957,57.82396917,30.71024561,0.20284901,-0.44297513,1.25013864,0.20344664,-0.44658584,1.24513352,10.07460038,0.00000001
4.21000000,SHIFT_WEIGHT,-0.01353886,-0.02269784,0.01316306,-0.08522750,0.07129799,0.31237372,-0.08790581,0.06686319,0.08460330,0.02123421,0.00347190,24.34958772,4.24655277,57.86255554,30.70750245,0.20305975,-0.44253519,1.24960825,0.20370511,-0.44613158,1.24469998,10.08542177,0.00000001
4.22000000,SHIFT_WEIGHT,-0.01357338,-0.02275339,0.01319441,-0.08535503,0.07140817,0.31236831,-0.08802470,0.06696674,0.08447287,0.02123694,0.00347464,24.33991282,4.22365085,57.89834856,30.70489819,0.20325764,-0.44212199,1.24910722,0.20394868,-0.44570411,1.24429251,10.09564992,0.00000001
4.23000000,SHIFT_WEIGHT,-0.01360607,-0.02280644,0.01322431,-0.08547591,0.07151255,0.31236323,-0.08813747,0.06706489,0.08434909,0.02123943,0.00347713,24.33054401,4.20304677,57.93134147,30.70243983,0.20344296,-0.44173499,1.24863503,0.20417765,-0.44530287,1.24391054,10.10528412,0.00000001
4.24000000,SHIFT_WEIGHT,-0.01363692,-0.02285700,0.01325274,-0.08559024,0.07161122,0.31235849,-0.08824417,0.06715771,0.08423186,0.02124168,0.00347938,24.32147110,4.18473406,57.96153077,30.70013214,0.20361601,-0.44137360,1.24819113,0.20439231,-0.44492726,1.24355345,10.11432415,0.00000001
4.25000000,SHIFT_WEIGHT,-0.01366592,-0.02290505,0.01327972,-0.08569812,0.07170427,0.31235410,-0.08834491,0.06724529,0.08412110,0.02124369,0.00348139,24.31268887,4.16870576,57.98891677,30.69797730,0.20377707,-0.44103722,1.24777495,0.20459300,-0.44457667,1.24322061,10.12277032,0.00000001
4.26000000,SHIFT_WEIGHT,-0.01369306,-0.02295062,0.01330523,-0.08579964,0.07179179,0.31235005,-0.08843977,0.06732772,0.08401672,0.02124546,0.00348316,24.30419652,4.15495345,58.01350391,30.69597469,0.20392648,-0.44072523,1.24738587,0.20478004,-0.44425043,1.24291135,10.13062349,0.00000001
4.27000000,SHIFT_WEIGHT,-0.01371834,-0.02299368,0.01332929,-0.08589490,0.07187387,0.31234636,-0.08852885,0.06740508,0.08391862,0.02124699,0.00348469,24.29599705,4.14346642,58.03530096,30.69412080,0.20406454,-0.44043698,1.24702324,0.20495378,-0.44394789,1.24262498,10.13788518,0.00000001
4.28000000,SHIFT_WEIGHT,-0.01374177,-0.02303425,0.01335191,-0.08598402,0.07195064,0.31234304,-0.08861224,0.06747747,0.08382669,0.02124829,0.00348599,24.28809653,4.13423099,58.05432113,30.69240922,0.20419160,-0.44017179,1.24668638,0.20511458,-0.44366833,1.24236077,10.14455755,0.00000000
4.29000000,SHIFT_WEIGHT,-0.01376335,-0.02307233,0.01337311,-0.08606711,0.07202219,0.31234008,-0.08869005,0.06754500,0.08374083,0.02124936,0.00348705,24.28050333,4.12723004,58.07058212,30.69083082,0.20430802,-0.43992898,1.24637456,0.20526282,-0.44341103,1.24211795,10.15064341,0.00000000
4.30000000,SHIFT_WEIGHT,-0.01378309,-0.02310792,0.01339290,-0.08614428,0.07208866,0.31233749,-0.08876238,0.06760778,0.08366092,0.02125018,0.00348788,24.27322741,4.12244278,58.08410607,30.68937398,0.20441416,-0.43970782,1.24608705,0.20539888,-0.44317522,1.24189576,10.15614627,0.00000000
4.31000000,SHIFT_WEIGHT,-0.01380101,-0.02314104,0.01341131,-0.08621567,0.07215015,0.31233529,-0.08882936,0.06766592,0.08358684,0.02125078,0.00348848,24.26627971,4.11984466,58.09491957,30.68802497,0.20451039,-0.43950756,1.24582305,0.20552317,-0.44296013,1.24169336,10.16107033,0.00000000
4.32000000,SHIFT_WEIGHT,-0.01381714,-0.02317168,0.01342835,-0.08628141,0.07220681,0.31233346,-0.08889110,0.06771954,0.08351846,0.02125115,0.00348885,24.25967149,4.11940743,58.10305356,30.68676840,0.20459710,-0.43932745,1.24558174,0.20563612,-0.44276493,1.24150991,10.16542049,0.00000000
4.33000000,SHIFT_WEIGHT,-0.01383149,-0.02319987,0.01344407,-0.08634163,0.07225878,0.31233202,-0.08894773,0.06776877,0.08345565,0.02125129,0.00348899,24.25341385,4.12109929,58.10854330,30.68558763,0.20467470,-0.43916667,1.24536229,0.20573815,-0.44258878,1.24134454,10.16920234,0.00000000
4.34000000,SHIFT_WEIGHT,-0.01384409,-0.02322561,0.01345848,-0.08639648,0.07230619,0.31233096,-0.08899937,0.06781374,0.08339826,0.02125121,0.00348891,24.24751726,4.12488507,58.11142822,30.68446533,0.20474360,-0.43902442,1.24516379,0.20582971,-0.44243082,1.24119634,10.17242220,0.00000000
4.35000000,SHIFT_WEIGHT,-0.01385497,-0.02324894,0.01347162,-0.08644612,0.07234920,0.31233029,-0.08904617,0.06785460,0.08334615,0.02125092,0.00348861,24.24199116,4.13072650,58.11175193,30.68338387,0.20480423,-0.43889983,1.24498534,0.20591128,-0.44229014,1.24106439,10.17508710,0.00000000
4.36000000,SHIFT_WEIGHT,-0.01386417,-0.02326986,0.01348353,-0.08649069,0.07238796,0.31233001,-0.08908827,0.06789148,0.08329917,0.02125040,0.00348810,24.23684366,4.13858236,58.10956205,30.68232582,0.20485702,-0.43879203,1.24482599,0.20598333,-0.44216582,1.24094771,10.17720478,0.00000000
4.37000000,SHIFT_WEIGHT,-0.01387171,-0.02328840,0.01349424,-0.08653037,0.07242264,0.31233011,-0.08912582,0.06792453,0.08325714,0.02124968,0.00348737,24.23208131,4.14840871,58.10491021,30.68127433,0.20490243,-0.43870012,1.24468476,0.20604637,-0.44205690,1.24084533,10.17878371,0.00000000
4.38000000,SHIFT_WEIGHT,-0.01387764,-0.02330459,0.01350378,-0.08656533,0.07245341,0.31233060,-0.08915897,0.06795391,0.08321990,0.02124875,0.00348644,24.22770885,4.16015899,58.09785186,30.68021342,0.20494091,-0.43862317,1.24456062,0.20610089,-0.44196239,1.24075620,10.17983307,0.00000000
4.39000000,SHIFT_WEIGHT,-0.01388199,-0.02331847,0.01351220,-0.08659575,0.07248044,0.31233149,-0.08918790,0.06797979,0.08318727,0.02124761,0.00348531,24.22372911,4.17378417,58.08844628,30.67912834,0.20497295,-0.43856021,1.24445254,0.20614744,-0.44188128,1.24067929,10.18036277,0.00000000
4.40000000,SHIFT_WEIGHT,-0.01388481,-0.02333007,0.01351952,-0.08662182,0.07250391,0.31233275,-0.08921277,0.06800233,0.08315906,0.02124629,0.00348398,24.22014293,4.18923271,58.07675642,30.67800569,0.20499902,-0.43851026,1.24435945,0.20618656,-0.44181253,1.24061351,10.18038343,0.00000000
4.41000000,SHIFT_WEIGHT,-0.01388613,-0.02333943,0.01352579,-0.08664373,0.07252402,0.31233440,-0.08923377,0.06802171,0.08313508,0.02124477,0.00348247,24.21694910,4.20645067,58.06284885,30.67683363,0.20501963,-0.43847229,1.24428022,0.20621880,-0.44175505,1.24055775,10.17990640,0.00000000
4.42000000,SHIFT_WEIGHT,-0.01388601,-0.02334660,0.01353105,-0.08666169,0.07254095,0.31233643,-0.08925107,0.06803809,0.08311513,0.02124306,0.00348076,24.21414442,4.22538162,58.04679367,30.67560195,0.20503528,-0.43844526,1.24421372,0.20624476,-0.44170774,1.24051086,10.17894374,0.00000000
4.43000000,SHIFT_WEIGHT,-0.01388449,-0.02335162,0.01353534,-0.08667592,0.07255491,0.31233883,-0.08926487,0.06805168,0.08309899,0.02124118,0.00347888,24.21172374,4.24596665,58.02866439,30.67430212,0.20504651,-0.43842808,1.24415877,0.20626501,-0.44166947,1.24047167,10.17750822,0.00000000
4.44000000,SHIFT_WEIGHT,-0.01388161,-0.02335455,0.01353869,-0.08668662,0.07256610,0.31234161,-0.08927538,0.06806266,0.08308645,0.02123913,0.00347683,24.20968003,4.26814426,58.00853789,30.67292726,0.20505385,-0.43841965,1.24411417,0.20628018,-0.44163907,1.24043898,10.17561329,0.00000000
4.45000000,SHIFT_WEIGHT,-0.01387743,-0.02335544,0.01354115,-0.08669403,0.07257473,0.31234475,-0.08928279,0.06807122,0.08307729,0.02123691,0.00347460,24.20800456,4.29185037,57.98649431,30.67147213,0.20505785,-0.43841883,1.24407868,0.20629090,-0.44161534,1.24041155,10.17327312,0.00000000
4.46000000,SHIFT_WEIGHT,-0.01387199,-0.02335435,0.01354276,-0.08669838,0.07258103,0.31234825,-0.08928732,0.06807757,0.08307126,0.02123453,0.00347222,24.20668705,4.31701820,57.96261699,30.66993302,0.20505907,-0.43842444,1.24405102,0.20629780,-0.44159704,1.24038812,10.17050255,0.00000000
4.47000000,SHIFT_WEIGHT,-0.01386535,-0.02335134,0.01354356,-0.08669992,0.07258522,0.31235211,-0.08928920,0.06808191,0.08306812,0.02123199,0.00346969,24.20571579,4.34357828,57.93699235,30.66830769,0.20505810,-0.43843529,1.24402989,0.20630156,-0.44158293,1.24036739,10.16731711,0.00000000
4.48000000,SHIFT_WEIGHT,-0.01385757,-0.02334649,0.01354360,-0.08669891,0.07258753,0.31235631,-0.08928866,0.06808447,0.08306763,0.02122931,0.00346701,24.20504909,4.37145105,57.90974735,30.66681271,0.20505552,-0.43845013,1.24401395,0.20630285,-0.44157171,1.24034802,10.16373778,0.00000000
4.49000000,SHIFT_WEIGHT,-0.01384869,-0.02333987,0.01354292,-0.08669559,0.07258819,0.31236085,-0.08928592,0.06808545,0.08306952,0.02122649,0.00346419,24.20484685,4.40056333,57.88090615,30.66470682,0.20505195,-0.43846773,1.24400182,0.20630238,-0.44156205,1.24032867,10.15977109,0.00000004
4.50000000,SHIFT_WEIGHT,-0.01383875,-0.02333154,0.01354156,-0.08669024,0.07258746,0.31236572,-0.08928125,0.06808508,0.08307353,0.02122354,0.00346124,24.20513054,4.43086107,57.85058061,30.66253579,0.20504801,-0.43848676,1.24399210,0.20630085,-0.44155260,1.24030792,10.15543878,0.00000009
4.51000000,LIFT_LEG,-0.01382784,-0.02332159,0.01353958,-0.08668314,0.07258557,0.31237091,-0.08927489,0.06808360,0.08307937,0.02122047,0.00345816,24.20490289,4.46198852,57.81883704,30.66089217,0.20504432,-0.43850590,1.24398337,0.20629893,-0.44154218,1.24028466,10.15075860,0.00000002
4.52000000,LIFT_LEG,-0.01381606,-0.02331011,0.01353702,-0.08667456,0.07258279,0.31237641,-0.08926709,0.06808124,0.08308679,0.02121730,0.00345500,24.20551010,4.49269348,57.78596836,30.65779284,0.20504145,-0.43852402,1.24397449,0.20629685,-0.44153092,1.24025951,10.14578697,0.00000008
4.53000000,LIFT_LEG,-0.01380367,-0.02329730,0.01353395,-0.08666477,0.07257935,0.31238217,-0.08925811,0.06807822,0.08309551,0.02121413,0.00345183,24.20577685,4.52179244,57.75248829,30.65422212,0.20503972,-0.43854048,1.24396494,0.20629472,-0.44151944,1.24023386,10.14061866,0.00000003
4.54000000,LIFT_LEG,-0.01379099,-0.02328333,0.01353043,-0.08665404,0.07257548,0.31238814,-0.08924820,0.06807476,0.08310528,0.02121106,0.00344876,24.20668515,4.54838868,57.71908604,30.64942875,0.20503927,-0.43855502,1.24395478,0.20629268,-0.44150839,1.24020919,10.13536438,0.00000005
4.55000000,LIFT_LEG,-0.01377829,-0.02326847,0.01352656,-0.08664259,0.07257137,0.31239421,-0.08923757,0.06807104,0.08311588,0.02120820,0.00344589,24.20889336,4.57178339,57.68646765,30.64319181,0.20504020,-0.43856771,1.24394440,0.20629084,-0.44149843,1.24018693,10.13012870,0.00000000
4.56000000,LIFT_LEG,-0.01376581,-0.02325294,0.01352241,-0.08663065,0.07256719,0.31240028,-0.08922644,0.06806722,0.08312710,0.02120562,0.00344331,24.21132355,4.59158318,57.65520293,30.63734443,0.20504252,-0.43857883,1.24393446,0.20628931,-0.44149016,1.24016848,10.12500811,0.00000005
4.57000000,LIFT_LEG,-0.01375375,-0.02323693,0.01351806,-0.08661842,0.07256307,0.31240623,-0.08921501,0.06806345,0.08313871,0.02120338,0.00344108,24.21533917,4.60764158,57.62575806,30.63090967,0.20504615,-0.43858877,1.24392581,0.20628821,-0.44148416,1.24015507,10.12008533,0.00000006
4.58000000,LIFT_LEG,-0.01374224,-0.02322055,0.01351353,-0.08660609,0.07255914,0.31241191,-0.08920344,0.06805981,0.08315054,0.02120152,0.00343921,24.22109440,4.61970323,57.59848919,30.62436725,0.20505098,-0.43859798,1.24391948,0.20628764,-0.44148109,1.24014821,10.11543005,0.00000008
4.59000000,LIFT_LEG,-0.01373134,-0.02320392,0.01350887,-0.08659380,0.07255544,0.31241720,-0.08919191,0.06805639,0.08316241,0.02120004,0.00343774,24.22870215,4.62919840,57.57368833,30.61816221,0.20505688,-0.43860695,1.24391650,0.20628757,-0.44148074,1.24014743,10.11109985,0.00000009
4.60000000,LIFT_LEG,-0.01372110,-0.02318714,0.01350408,-0.08658173,0.07255205,0.31242198,-0.08918054,0.06805324,0.08317418,0.02119892,0.00343662,24.23891602,4.63407424,57.55155688,30.61178290,0.20506370,-0.43861602,1.24391758,0.20628822,-0.44148425,1.24015528,10.10713846,0.00000000
4.61000000,LIFT_LEG,-0.01371141,-0.02317030,0.01349914,-0.08656998,0.07254897,0.31242613,-0.08916948,0.06805037,0.08318569,0.02119818,0.00343588,24.25018306,4.63618852,57.53212448,30.60742965,0.20507130,-0.43862582,1.24392398,0.20628958,-0.44149159,1.24017166,10.10356561,0.00000000
4.62000000,LIFT_LEG,-0.01370223,-0.02315349,0.01349402,-0.08655868,0.07254620,0.31242957,-0.08915882,0.06804779,0.08319684,0.02119778,0.00343548,24.26339593,4.63517153,57.51535031,30.60412023,0.20507948,-0.43863675,1.24393651,0.20629171,-0.44150309,1.24019736,10.10039248,0.00000000
4.63000000,LIFT_LEG,-0.01369340,-0.02313676,0.01348865,-0.08654792,0.07254371,0.31243224,-0.08914867,0.06804548,0.08320751,0.02119772,0.00343542,24.27819558,4.63121785,57.50112508,30.60233596,0.20508803,-0.43864925,1.24395597,0.20629465,-0.44151903,1.24023296,10.09761443,0.00000000
4.64000000,LIFT_LEG,-0.01368476,-0.02312020,0.01348297,-0.08653777,0.07254147,0.31243410,-0.08913910,0.06804340,0.08321764,0.02119797,0.00343567,24.29431071,4.62446266,57.48925282,30.60229772,0.20509678,-0.43866372,1.24398309,0.20629846,-0.44153962,1.24027894,10.09521400,0.00000000
4.65000000,LIFT_LEG,-0.01367610,-0.02310386,0.01347688,-0.08652830,0.07253942,0.31243512,-0.08913016,0.06804151,0.08322714,0.02119852,0.00343622,24.31144410,4.61503458,57.47947200,30.60418435,0.20510552,-0.43868054,1.24401849,0.20630316,-0.44156505,1.24033573,10.09316276,0.00000000
4.66000000,LIFT_LEG,-0.01366721,-0.02308780,0.01347028,-0.08651954,0.07253748,0.31243530,-0.08912191,0.06803975,0.08323598,0.02119936,0.00343706,24.32929191,4.60306606,57.47146981,30.60813650,0.20511406,-0.43870008,1.24406274,0.20630878,-0.44159547,1.24040370,10.09142324,0.00000000
4.67000000,LIFT_LEG,-0.01365785,-0.02307202,0.01346306,-0.08651153,0.07253560,0.31243466,-0.08911436,0.06803804,0.08324413,0.02120048,0.00343817,24.34709977,4.58870927,57.46488030,30.61476741,0.20512220,-0.43872266,1.24411633,0.20631536,-0.44163103,1.24048313,10.08995071,0.00000009
4.68000000,LIFT_LEG,-0.01364779,-0.02305653,0.01345511,-0.08650425,0.07253368,0.31243324,-0.08910753,0.06803632,0.08325160,0.02120185,0.00343954,24.36568803,4.57211693,57.45937342,30.62300031,0.20512978,-0.43874861,1.24417965,0.20632290,-0.44167182,1.24057424,10.08869707,0.00000008
4.69000000,LIFT_LEG,-0.01363676,-0.02304132,0.01344634,-0.08649770,0.07253165,0.31243107,-0.08910140,0.06803451,0.08325839,0.02120346,0.00344116,24.38421275,4.55345450,57.45455575,30.63353447,0.20513664,-0.43877825,1.24425307,0.20633143,-0.44171792,1.24067721,10.08760912,0.00000006
4.70000000,LIFT_LEG,-0.01362454,-0.02302633,0.01343662,-0.08649185,0.07252941,0.31242819,-0.08909595,0.06803253,0.08326454,0.02120529,0.00344299,24.40262468,4.53291999,57.45004478,30.64625737,0.20514263,-0.43881185,1.24433688,0.20634095,-0.44176939,1.24079218,10.08663299,0.00000003
4.71000000,LIFT_LEG,-0.01361092,-0.02301148,0.01342587,-0.08648663,0.07252690,0.31242466,-0.08909113,0.06803031,0.08327011,0.02120734,0.00344504,24.42080128,4.51071789,57.44548236,30.66121166,0.20514763,-0.43884968,1.24443134,0.20635147,-0.44182626,1.24091922,10.08571509,0.00000001
4.72000000,LIFT_LEG,-0.01359567,-0.02299667,0.01341401,-0.08648199,0.07252403,0.31242054,-0.08908688,0.06802778,0.08327517,0.02120957,0.00344726,24.43847823,4.48703441,57.44055719,30.67869137,0.20515158,-0.43889203,1.24453665,0.20636300,-0.44188856,1.24105839,10.08480367,0.00000003
4.73000000,LIFT_LEG,-0.01357861,-0.02298179,0.01340097,-0.08647784,0.07252074,0.31241587,-0.08908313,0.06802486,0.08327981,0.02121196,0.00344966,24.45586245,4.46206406,57.43492132,30.69828054,0.20515440,-0.43893915,1.24465298,0.20637554,-0.44195630,1.24120972,10.08384605,0.00000008
4.74000000,LIFT_LEG,-0.01355963,-0.02296666,0.01338670,-0.08647410,0.07251695,0.31241072,-0.08907980,0.06802151,0.08328413,0.02121449,0.00345219,24.47231578,4.43602781,57.42826898,30.72076744,0.20515602,-0.43899125,1.24478048,0.20638909,-0.44202949,1.24137321,10.08279526,0.00000000
4.75000000,LIFT_LEG,-0.01353856,-0.02295113,0.01337115,-0.08647066,0.07251262,0.31240512,-0.08907679,0.06801766,0.08328822,0.02121715,0.00345485,24.48915455,4.40909006,57.42037023,30.74468636,0.20515647,-0.43904857,1.24491927,0.20640365,-0.44210811,1.24154886,10.08160652,0.00000000
4.76000000,LIFT_LEG,-0.01351534,-0.02293501,0.01335430,-0.08646740,0.07250770,0.31239913,-0.08907400,0.06801328,0.08329222,0.02121991,0.00345761,24.50624624,4.38139784,57.41096676,30.77009963,0.20515574,-0.43911132,1.24506940,0.20641923,-0.44219216,1.24173666,10.08023686,0.00000000
4.77000000,LIFT_LEG,-0.01348986,-0.02291813,0.01333617,-0.08646421,0.07250215,0.31239279,-0.08907131,0.06800833,0.08329625,0.02122276,0.00346046,24.52339342,4.35307972,57.39991901,30.79752856,0.20515390,-0.43917972,1.24523094,0.20643581,-0.44228165,1.24193659,10.07865264,0.00000000
4.78000000,LIFT_LEG,-0.01346207,-0.02290032,0.01331677,-0.08646097,0.07249595,0.31238615,-0.08906863,0.06800278,0.08330042,0.02122568,0.00346338,24.54087604,4.32421852,57.38704206,30.82659408,0.20515103,-0.43925395,1.24540390,0.20645341,-0.44237655,1.24214864,10.07681814,0.00000000
4.79000000,LIFT_LEG,-0.01343194,-0.02288139,0.01329612,-0.08645757,0.07248908,0.31237924,-0.08906583,0.06799662,0.08330488,0.02122866,0.00346636,24.55892664,4.29489117,57.37219565,30.85711568,0.20514719,-0.43933421,1.24558827,0.20647202,-0.44247688,1.24237281,10.07470342,0.00000000
4.80000000,LIFT_LEG,-0.01339946,-0.02286117,0.01327426,-0.08645387,0.07248152,0.31237210,-0.08906280,0.06798983,0.08330973,0.02123169,0.00346939,24.57775248,4.26515202,57.35526370,30.88893321,0.20514248,-0.43942065,1.24578406,0.20649164,-0.44258262,1.24260911,10.07228183,0.00000000
4.81000000,LIFT_LEG,-0.01336463,-0.02283949,0.01325124,-0.08644977,0.07247328,0.31236475,-0.08905943,0.06798241,0.08331511,0.02123477,0.00347247,24.59755627,4.23503607,57.33615509,30.92189031,0.20513701,-0.43951343,1.24599124,0.20651228,-0.44269379,1.24285751,10.06953033,0.00000000
4.82000000,LIFT_LEG,-0.01332748,-0.02281617,0.01322710,-0.08644514,0.07246436,0.31235724,-0.08905563,0.06797436,0.08332112,0.02123789,0.00347559,24.61853131,4.20456127,57.31480206,30.95583834,0.20513088,-0.43961266,1.24620979,0.20653393,-0.44281036,1.24311803,10.06642940,0.00000000
4.83000000,LIFT_LEG,-0.01328801,-0.02279107,0.01320188,-0.08643990,0.07245476,0.31234958,-0.08905128,0.06796568,0.08332787,0.02124105,0.00347875,24.64085662,4.17373133,57.29115790,30.99063966,0.20512420,-0.43971845,1.24643968,0.20655659,-0.44293235,1.24339066,10.06296286,0.00000000
4.84000000,LIFT_LEG,-0.01324627,-0.02276404,0.01317563,-0.08643394,0.07244449,0.31234179,-0.08904629,0.06795639,0.08333547,0.02124425,0.00348194,24.66469324,4.14253877,57.26519467,31.02617046,0.20511708,-0.43983090,1.24668087,0.20658027,-0.44305975,1.24367541,10.05911768,0.00000000
4.85000000,LIFT_LEG,-0.01320229,-0.02273495,0.01314839,-0.08642716,0.07243358,0.31233389,-0.08904059,0.06794650,0.08334399,0.02124748,0.00348518,24.69018134,4.11096792,57.23690088,31.06232292,0.20510963,-0.43995007,1.24693331,0.20660498,-0.44319257,1.24397227,10.05488380,0.00000000
4.86000000,LIFT_LEG,-0.01315610,-0.02270370,0.01312019,-0.08641950,0.07242203,0.31232589,-0.08903409,0.06793603,0.08335354,0.02125076,0.00348846,24.71743837,4.07899755,57.20627944,31.09900694,0.20510192,-0.44007602,1.24719698,0.20663070,-0.44333080,1.24428125,10.05025391,0.00000000
4.87000000,LIFT_LEG,-0.01310774,-0.02267019,0.01309106,-0.08641088,0.07240987,0.31231781,-0.08902673,0.06792498,0.08336416,0.02125408,0.00349177,24.74655791,4.04660304,57.17334584,31.13615118,0.20509405,-0.44020876,1.24747185,0.20665744,-0.44347445,1.24460236,10.04522324,0.00000000
4.88000000,LIFT_LEG,-0.01305724,-0.02263434,0.01306101,-0.08640125,0.07239710,0.31230965,-0.08901845,0.06791337,0.08337593,0.02125744,0.00349514,24.77760928,4.01375805,57.13812642,31.17370357,0.20508610,-0.44034833,1.24775787,0.20668521,-0.44362350,1.24493558,10.03978944,0.00000000
4.89000000,LIFT_LEG,-0.01300463,-0.02259609,0.01303004,-0.08639055,0.07238376,0.31230141,-0.08900920,0.06790123,0.08338889,0.02126085,0.00349855,24.81063788,3.98043572,57.10065695,31.21163110,0.20507811,-0.44049470,1.24805502,0.20671401,-0.44377796,1.24528091,10.03395236,0.00000000
4.90000000,LIFT_LEG,-0.01294993,-0.02255541,0.01299815,-0.08637874,0.07236984,0.31229310,-0.08899895,0.06788856,0.08340308,0.02126432,0.00350202,24.84566610,3.94660937,57.06098125,31.24991915,0.20507015,-0.44064786,1.24836329,0.20674382,-0.44393783,1.24563834,10.02771385,0.00000000
4.91000000,LIFT_LEG,-0.01289318,-0.02251225,0.01296534,-0.08636581,0.07235537,0.31228472,-0.08898766,0.06787539,0.08341852,0.02126784,0.00350554,24.88269482,3.91225301,57.01915008,31.28857024,0.20506226,-0.44080777,1.24868264,0.20677467,-0.44410308,1.24600785,10.02107768,0.00000000
4.92000000,LIFT_LEG,-0.01283437,-0.02246661,0.01293157,-0.08635174,0.07234037,0.31227625,-0.08897534,0.06786171,0.08343524,0.02127142,0.00350912,24.92170528,3.87734143,56.97521999,31.32760244,0.20505446,-0.44097438,1.24901306,0.20680654,-0.44427372,1.24638943,10.01404930,0.00000000
4.93000000,LIFT_LEG,-0.01277353,-0.02241849,0.01289684,-0.08633652,0.07232483,0.31226769,-0.08896195,0.06784754,0.08345323,0.02127506,0.00351276,24.96266137,3.84185026,56.92925249,31.36704739,0.20504678,-0.44114761,1.24935454,0.20683943,-0.44444973,1.24678305,10.00663571,0.00000000
4.94000000,LIFT_LEG,-0.01271067,-0.02236790,0.01286110,-0.08632014,0.07230876,0.31225904,-0.08894752,0.06783290,0.08347251,0.02127877,0.00351647,25.00551210,3.80575586,56.88131315,31.40694817,0.20503922,-0.44132739,1.24970705,0.20687335,-0.44463109,1.24718867,9.99884535,0.00000000
4.95000000,LIFT_LEG,-0.01264579,-0.02231487,0.01282432,-0.08630264,0.07229218,0.31225028,-0.08893203,0.06781778,0.08349305,0.02128255,0.00352025,25.05019419,3.76903517,56.83147093,31.44735697,0.20503179,-0.44151363,1.25007059,0.20690829,-0.44481779,1.24760626,9.99068787,0.00000000
4.96000000,LIFT_LEG,-0.01257891,-0.02225944,0.01278646,-0.08628401,0.07227510,0.31224140,-0.08891552,0.06780219,0.08351483,0.02128640,0.00352410,25.09663474,3.73166560,56.77979750,31.48833281,0.20502449,-0.44170625,1.25044512,0.20694425,-0.44500980,1.24803577,9.98217406,0.00000000
4.97000000,LIFT_LEG,-0.01251002,-0.02220166,0.01274750,-0.08626429,0.07225750,0.31223238,-0.08889801,0.06778614,0.08353784,0.02129033,0.00352802,25.14475376,3.69362494,56.72636669,31.52993921,0.20501730,-0.44190512,1.25083063,0.20698123,-0.44520711,1.24847716,9.97331565,0.00000000
4.98000000,LIFT_LEG,-0.01243913,-0.02214157,0.01270740,-0.08624352,0.07223940,0.31222322,-0.08887952,0.06776962,0.08356204,0.02129433,0.00353203,25.19446664,3.65489132,56.67125392,31.57224199,0.20501022,-0.44211016,1.25122708,0.20701923,-0.44540968,1.24893037,9.96412519,0.00000000
4.99000000,LIFT_LEG,-0.01236625,-0.02207925,0.01266612,-0.08622172,0.07222080,0.31221390,-0.08886008,0.06775265,0.08358740,0.02129842,0.00353612,25.24568633,3.61544326,56.61453568,31.61530718,0.20500324,-0.44232126,1.25163445,0.20705824,-0.44561748,1.24939533,9.95461589,0.00000000
5.00000000,LIFT_LEG,-0.01229139,-0.02201477,0.01262365,-0.08619895,0.07220170,0.31220439,-0.08883975,0.06773522,0.08361386,0.02130259,0.00354029,25.29832538,3.57525977,56.55628906,31.65919916,0.20499633,-0.44253829,1.25205268,0.20709826,-0.44583049,1.24987198,9.94480149,0.00000001
5.01000000,LIFT_LEG,-0.01221455,-0.02194818,0.01257995,-0.08617524,0.07218210,0.31219470,-0.08881855,0.06771733,0.08364140,0.02130686,0.00354456,25.35229759,3.53432057,56.49659123,31.70397900,0.20498948,-0.44276117,1.25248174,0.20713929,-0.44604866,1.25036023,9.93469607,0.00000001
5.02000000,LIFT_LEG,-0.01213576,-0.02187957,0.01253501,-0.08615064,0.07216200,0.31218479,-0.08879653,0.06769899,0.08366996,0.02131122,0.00354892,25.40751943,3.49260632,56.43551895,31.74970296,0.20498267,-0.44298978,1.25292156,0.20718132,-0.44627195,1.25086000,9.92431395,0.00000001
5.03000000,LIFT_LEG,-0.01205502,-0.02180902,0.01248882,-0.08612521,0.07214141,0.31217466,-0.08877375,0.06768019,0.08369950,0.02131567,0.00355337,25.46391116,3.45009896,56.37314808,31.79642134,0.20497588,-0.44322401,1.25337207,0.20722434,-0.44650033,1.25137120,9.91366950,0.00000001
5.04000000,LIFT_LEG,-0.01197237,-0.02173659,0.01244137,-0.08609899,0.07212032,0.31216430,-0.08875023,0.06766095,0.08372996,0.02132023,0.00355793,25.52139765,3.40678202,56.30955312,31.84417752,0.20496910,-0.44346377,1.25383320,0.20726835,-0.44673375,1.25189372,9.90277703,0.00000001
5.05000000,LIFT_LEG,-0.01188782,-0.02166237,0.01239268,-0.08607203,0.07209875,0.31215368,-0.08872604,0.06764125,0.08376129,0.02132489,0.00356259,25.57990888,3.36264104,56.24480667,31.89300724,0.20496231,-0.44370896,1.25430486,0.20731334,-0.44697214,1.25242745,9.89165065,0.00000001
5.06000000,LIFT_LEG,-0.01180140,-0.02158643,0.01234273,-0.08604438,0.07207668,0.31214279,-0.08870122,0.06762111,0.08379345,0.02132966,0.00356736,25.63938030,3.31766394,56.17897902,31.94293813,0.20495549,-0.44395948,1.25478694,0.20735930,-0.44721547,1.25297227,9.88030412,0.00000001
5.07000000,LIFT_LEG,-0.01171314,-0.02150886,0.01229156,-0.08601610,0.07205414,0.31213163,-0.08867581,0.06760052,0.08382639,0.02133455,0.00357224,25.69975287,3.27184140,56.11213772,31.99398943,0.20494864,-0.44421524,1.25527933,0.20740623,-0.44746366,1.25352805,9.86875078,0.00000001
5.08000000,LIFT_LEG,-0.01162309,-0.02142971,0.01223918,-0.08598723,0.07203112,0.31212019,-0.08864986,0.06757950,0.08386007,0.02133955,0.00357724,25.76097296,3.22516720,56.04434716,32.04617197,0.20494174,-0.44447617,1.25578192,0.20745411,-0.44771665,1.25409464,9.85700338,0.00000001
5.09000000,LIFT_LEG,-0.01153127,-0.02134906,0.01218562,-0.08595781,0.07200763,0.31210845,-0.08862342,0.06755805,0.08389442,0.02134466,0.00358236,25.82299212,3.17763859,55.97566828,32.09948824,0.20493478,-0.44474218,1.25629456,0.20750294,-0.44797437,1.25467189,9.84507407,0.00000001
5.10000000,LIFT_LEG,-0.01143774,-0.02126698,0.01213090,-0.08592789,0.07198368,0.31209642,-0.08859652,0.06753618,0.08392942,0.02134991,0.00358760,25.88576670,3.12925650,55.90615823,32.15393269,0.20492776,-0.44501318,1.25681711,0.20755270,-0.44823674,1.25525964,9.83297424,0.00000001
5.11000000,LIFT_LEG,-0.01134253,-0.02118353,0.01207507,-0.08589751,0.07195928,0.31208407,-0.08856920,0.06751389,0.08396503,0.02135527,0.00359297,25.94925744,3.08002580,55.83587021,32.20949213,0.20492067,-0.44528910,1.25734941,0.20760338,-0.44850370,1.25585771,9.82071454,0.00000001
5.12000000,LIFT_LEG,-0.01124570,-0.02109877,0.01201814,-0.08586671,0.07193444,0.31207142,-0.08854149,0.06749120,0.08400120,0.02136077,0.00359846,26.01342892,3.02995544,55.76485333,32.26614622,0.20491350,-0.44556988,1.25789129,0.20765497,-0.44877514,1.25646591,9.80830479,0.00000001
5.13000000,LIFT_LEG,-0.01114729,-0.02101277,0.01196018,-0.08583552,0.07190917,0.31205846,-0.08851344,0.06746811,0.08403789,0.02136639,0.00360409,26.07824908,2.97905849,55.69315254,32.32386806,0.20490625,-0.44585543,1.25844256,0.20770745,-0.44905098,1.25708404,9.79575400,0.00000001
5.14000000,LIFT_LEG,-0.01104734,-0.02092557,0.01190121,-0.08580397,0.07188348,0.31204519,-0.08848507,0.06744464,0.08407509,0.02137215,0.00360985,26.14368871,2.92735221,55.62080868,32.38262482,0.20489893,-0.44614569,1.25900304,0.20776080,-0.44933112,1.25771189,9.78307032,0.00000001
5.15000000,LIFT_LEG,-0.01094592,-0.02083722,0.01184128,-0.08577210,0.07185739,0.31203161,-0.08845641,0.06742079,0.08411275,0.02137805,0.00361574,26.20972089,2.87485792,55.54785855,32.44237847,0.20489152,-0.44644058,1.25957252,0.20781502,-0.44961545,1.25834923,9.77026110,0.00000001
5.16000000,LIFT_LEG,-0.01084308,-0.02074778,0.01178043,-0.08573993,0.07183090,0.31201773,-0.08842748,0.06739658,0.08415085,0.02138408,0.00362178,26.27632056,2.82160087,55.47433516,32.50308641,0.20488404,-0.44674004,1.26015080,0.20787008,-0.44990389,1.25899583,9.75733288,0.00000001
5.17000000,LIFT_LEG,-0.01073886,-0.02065728,0.01171871,-0.08570747,0.07180404,0.31200355,-0.08839830,0.06737203,0.08418936,0.02139025,0.00362795,26.34346405,2.76761003,55.40026792,32.56470221,0.20487647,-0.44704397,1.26073763,0.20792596,-0.45019630,1.25965144,9.74429147,0.00000001
5.18000000,LIFT_LEG,-0.01063333,-0.02056578,0.01165616,-0.08567476,0.07177681,0.31198908,-0.08836890,0.06734713,0.08422827,0.02139656,0.00363426,26.41112869,2.71291786,55.32568303,32.62717630,0.20486883,-0.44735232,1.26133280,0.20798265,-0.45049257,1.26031579,9.73114198,0.00000001
5.19000000,LIFT_LEG,-0.01052653,-0.02047331,0.01159282,-0.08564181,0.07174924,0.31197432,-0.08833929,0.06732192,0.08426755,0.02140301,0.00364071,26.47929244,2.65755992,55.25060378,32.69045659,0.20486112,-0.44766500,1.26193605,0.20804012,-0.45079259,1.26098863,9.71788891,0.00000001
5.20000000,LIFT_LEG,-0.01041853,-0.02037992,0.01152873,-0.08560864,0.07172133,0.31195929,-0.08830948,0.06729639,0.08430719,0.02140961,0.00364731,26.54793361,2.60157453,55.17505106,32.75448916,0.20485334,-0.44798192,1.26254715,0.20809835,-0.45109621,1.26166966,9.70453623,0.00000001
5.21000000,LIFT_LEG,-0.01030936,-0.02028562,0.01146394,-0.08557526,0.07169310,0.31194399,-0.08827950,0.06727057,0.08434718,0.02141635,0.00365405,26.61703058,2.54500242,55.09904374,32.81921877,0.20484550,-0.44830300,1.26316582,0.20815732,-0.45140333,1.26235861,9.69108742,0.00000001
5.22000000,LIFT_LEG,-0.01019909,-0.02019047,0.01139848,-0.08554168,0.07166456,0.31192844,-0.08824934,0.06724447,0.08438748,0.02142323,0.00366093,26.68656159,2.48788626,55.02259920,32.88458946,0.20483760,-0.44862814,1.26379181,0.20821701,-0.45171379,1.26305516,9.67754564,0.00000001
5.23000000,LIFT_LEG,-0.01008778,-0.02009450,0.01133239,-0.08550791,0.07163574,0.31191265,-0.08821903,0.06721810,0.08442811,0.02143026,0.00366796,26.75650455,2.43027026,54.94573379,32.95054497,0.20482966,-0.44895725,1.26442484,0.20827738,-0.45202746,1.26375902,9.66391373,0.00000001
5.24000000,LIFT_LEG,-0.00997547,-0.01999773,0.01126571,-0.08547397,0.07160665,0.31189662,-0.08818856,0.06719148,0.08446904,0.02143744,0.00367514,26.82683688,2.37219975,54.86846332,33.01702924,0.20482169,-0.44929022,1.26506463,0.20833843,-0.45234420,1.26446986,9.65019439,0.00000001
5.25000000,LIFT_LEG,-0.00986221,-0.01990020,0.01119847,-0.08543985,0.07157729,0.31188038,-0.08815794,0.06716462,0.08451026,0.02144476,0.00368246,26.89753542,2.31372077,54.79080356,33.08398672,0.20481368,-0.44962695,1.26571089,0.20840011,-0.45266386,1.26518738,9.63639020,0.00000001
5.26000000,LIFT_LEG,-0.00974808,-0.01980195,0.01113070,-0.08540557,0.07154770,0.31186394,-0.08812719,0.06713754,0.08455177,0.02145223,0.00368992,26.96857628,2.25487968,54.71277063,33.15136274,0.20480567,-0.44996731,1.26636335,0.20846241,-0.45298630,1.26591123,9.62250374,0.00000001
5.27000000,LIFT_LEG,-0.00963310,-0.01970299,0.01106245,-0.08537113,0.07151787,0.31184731,-0.08809631,0.06711024,0.08459355,0.02145984,0.00369754,27.03993480,2.19572281,54.63438150,33.21910375,0.20479765,-0.45031119,1.26702169,0.20852530,-0.45331137,1.26664109,9.60853769,0.00000001
5.28000000,LIFT_LEG,-0.00951735,-0.01960337,0.01099373,-0.08533655,0.07148784,0.31183051,-0.08806530,0.06708275,0.08463560,0.02146761,0.00370531,27.11158545,2.13629614,54.55565430,33.28715752,0.20478964,-0.45065845,1.26768563,0.20858875,-0.45363892,1.26737661,9.59449485,0.00000001
5.29000000,LIFT_LEG,-0.00940087,-0.01950312,0.01092457,-0.08530182,0.07145761,0.31181354,-0.08803416,0.06705508,0.08467791,0.02147552,0.00371322,27.18350179,2.07664499,54.47660871,33.35547336,0.20478165,-0.45100897,1.26835486,0.20865273,-0.45396878,1.26811747,9.58037826,0.00000001
5.30000000,LIFT_LEG,-0.00928373,-0.01940228,0.01085502,-0.08526695,0.07142720,0.31179643,-0.08800291,0.06702724,0.08472047,0.02148359,0.00372129,27.25565642,2.01681380,54.39726620,33.42400219,0.20477371,-0.45136261,1.26902907,0.20871722,-0.45430082,1.26886331,9.56619125,0.00000001
5.31000000,LIFT_LEG,-0.00916597,-0.01930087,0.01078509,-0.08523195,0.07139663,0.31177918,-0.08797155,0.06699925,0.08476327,0.02149181,0.00372951,27.32802089,1.95684594,54.31765031,33.49269665,0.20476582,-0.45171922,1.26970797,0.20878218,-0.45463487,1.26961379,9.55193746,0.00000001
5.32000000,LIFT_LEG,-0.00904765,-0.01919893,0.01071481,-0.08519683,0.07136590,0.31176181,-0.08794009,0.06697112,0.08480630,0.02150019,0.00373789,27.40056573,1.89678359,54.23778681,33.56151113,0.20475801,-0.45207865,1.27039123,0.20884759,-0.45497077,1.27036855,9.53762092,0.00000001
5.33000000,LIFT_LEG,-0.00892883,-0.01909651,0.01064421,-0.08516160,0.07133505,0.31174434,-0.08790854,0.06694286,0.08484954,0.02150872,0.00374642,27.47325695,1.83683686,54.15770805,33.63039838,0.20475029,-0.45244075,1.27107858,0.20891343,-0.45530838,1.27112726,9.52324657,0.00000001
5.34000000,LIFT_LEG,-0.00880958,-0.01899364,0.01057332,-0.08512627,0.07130407,0.31172676,-0.08787689,0.06691450,0.08489299,0.02151745,0.00375514,27.54603495,1.77719302,54.07747387,33.69929597,0.20474271,-0.45280538,1.27176980,0.20897965,-0.45564754,1.27188958,9.50882272,0.00000001
5.35000000,LIFT_LEG,-0.00868999,-0.01889040,0.01050216,-0.08509085,0.07127300,0.31170911,-0.08784517,0.06688605,0.08493663,0.02152638,0.00376408,27.61883013,1.71775717,53.99714149,33.76814562,0.20473530,-0.45317239,1.27246465,0.20904624,-0.45598812,1.27265522,9.49435704,0.00000001
5.36000000,LIFT_LEG,-0.00857013,-0.01878683,0.01043078,-0.08505534,0.07124184,0.31169140,-0.08781339,0.06685752,0.08498044,0.02153556,0.00377326,27.69158126,1.65846088,53.91675360,33.83689412,0.20472812,-0.45354160,1.27316282,0.20911317,-0.45632999,1.27342387,9.47985591,0.00000001
5.37000000,LIFT_LEG,-0.00845009,-0.01868302,0.01035922,-0.08501978,0.07121063,0.31167364,-0.08778155,0.06682893,0.08502441,0.02154501,0.00378271,27.76423926,1.59927263,53.83634670,33.90549120,0.20472120,-0.45391283,1.27386401,0.20918042,-0.45667301,1.27419522,9.46532568,0.00000001
5.38000000,LIFT_LEG,-0.00832992,-0.01857901,0.01028750,-0.08498417,0.07117937,0.31165585,-0.08774967,0.06680030,0.08506851,0.02155474,0.00379244,27.83676655,1.54018829,53.75595730,33.97389134,0.20471457,-0.45428588,1.27456792,0.20924796,-0.45701703,1.27496895,9.45077313,0.00000001
5.39000000,LIFT_LEG,-0.00820971,-0.01847486,0.01021567,-0.08494853,0.07114809,0.31163804,-0.08771778,0.06677165,0.08511272,0.02156476,0.00380246,27.90913405,1.48122197,53.67562528,34.04205534,0.20470827,-0.45466057,1.27527423,0.20931575,-0.45736190,1.27574473,9.43620570,0.00000001
5.40000000,LIFT_LEG,-0.00808950,-0.01837062,0.01014377,-0.08491288,0.07111681,0.31162022,-0.08768587,0.06674299,0.08515703,0.02157509,0.00381278,27.98131764,1.42239868,53.59539515,34.10995058,0.20470232,-0.45503672,1.27598264,0.20938378,-0.45770748,1.27652222,9.42163148,0.00000001
5.41000000,LIFT_LEG,-0.00796938,-0.01826633,0.01007183,-0.08487724,0.07108554,0.31160240,-0.08765397,0.06671435,0.08520140,0.02158572,0.00382342,28.05329521,1.36374883,53.51531566,34.17755026,0.20469674,-0.45541412,1.27669285,0.20945201,-0.45805360,1.27730106,9.40705905,0.00000001
5.42000000,LIFT_LEG,-0.00784940,-0.01816204,0.00999989,-0.08484162,0.07105430,0.31158459,-0.08762210,0.06668573,0.08524582,0.02159668,0.00383438,28.12504435,1.30530444,53.43543862,34.24483199,0.20469155,-0.45579260,1.27740455,0.20952042,-0.45840012,1.27808093,9.39249736,0.00000001
5.43000000,LIFT_LEG,-0.00772963,-0.01805782,0.00992798,-0.08480604,0.07102312,0.31156680,-0.08759027,0.06665715,0.08529027,0.02160795,0.00384565,28.19654085,1.24709669,53.35581740,34.31177629,0.20468677,-0.45617195,1.27811745,0.20958897,-0.45874689,1.27886148,9.37795559,0.00000001
5.44000000,LIFT_LEG,-0.00761012,-0.01795370,0.00985613,-0.08477053,0.07099199,0.31154903,-0.08755850,0.06662864,0.08533472,0.02161955,0.00385725,28.26775788,1.18915447,53.27650563,34.37836530,0.20468241,-0.45655198,1.27883125,0.20965763,-0.45909375,1.27964236,9.36344292,0.00000001
5.45000000,LIFT_LEG,-0.00749095,-0.01784974,0.00978439,-0.08473510,0.07096095,0.31153129,-0.08752681,0.06660019,0.08537915,0.02163148,0.00386918,28.33866564,1.13150373,53.19755607,34.44458187,0.20467848,-0.45693249,1.27954564,0.20972637,-0.45944055,1.28042324,9.34896850,0.00000001
5.46000000,LIFT_LEG,-0.00737216,-0.01774599,0.00971278,-0.08469977,0.07093000,0.31151358,-0.08749521,0.06657184,0.08542354,0.02164374,0.00388144,28.40923147,1.07416723,53.11901979,34.51040900,0.20467500,-0.45731329,1.28026033,0.20979517,-0.45978714,1.28120377,9.33454129,0.00000001
5.47000000,LIFT_LEG,-0.00725383,-0.01764252,0.00964132,-0.08466456,0.07089917,0.31149591,-0.08746372,0.06654358,0.08546786,0.02165633,0.00389402,28.47942023,1.01716473,53.04094576,34.57582954,0.20467197,-0.45769419,1.28097502,0.20986398,-0.46013337,1.28198361,9.32017001,0.00000001
5.48000000,LIFT_LEG,-0.00713600,-0.01753937,0.00957006,-0.08462949,0.07086846,0.31147828,-0.08743236,0.06651543,0.08551208,0.02166924,0.00390694,28.54919489,0.96051327,52.96338047,34.64082616,0.20466941,-0.45807498,1.28168941,0.20993280,-0.46047908,1.28276242,9.30586314,0.00000001
5.49000000,LIFT_LEG,-0.00701873,-0.01743661,0.00949903,-0.08459459,0.07083789,0.31146070,-0.08740115,0.06648742,0.08555618,0.02168249,0.00392019,28.61851731,0.90422755,52.88636785,34.70538144,0.20466731,-0.45845547,1.28240319,0.21000157,-0.46082413,1.28353986,9.29162881,0.00000001
5.50000000,LIFT_LEG,-0.00690207,-0.01733428,0.00942824,-0.08455987,0.07080747,0.31144318,-0.08737011,0.06645954,0.08560014,0.02169607,0.00393376,28.68734902,0.84832038,52.80994922,34.76947795,0.20466569,-0.45883546,1.28311606,0.21007028,-0.46116837,1.28431559,9.27747485,0.00000001
5.51000000,LIFT_LEG,-0.00678608,-0.01723244,0.00935775,-0.08452536,0.07077722,0.31142572,-0.08733925,0.06643181,0.08564394,0.02170997,0.00394767,28.75565208,0.79280306,52.73416333,34.83309846,0.20466454,-0.45921476,1.28382771,0.21013889,-0.46151164,1.28508927,9.26340875,0.00000001
5.52000000,LIFT_LEG,-0.00667081,-0.01713114,0.00928756,-0.08449106,0.07074714,0.31140833,-0.08730860,0.06640425,0.08568754,0.02172420,0.00396189,28.82338980,0.73768567,52.65904635,34.89622612,0.20466386,-0.45959317,1.28453783,0.21020737,-0.46185379,1.28586056,9.24943766,0.00000001
5.53000000,LIFT_LEG,-0.00655630,-0.01703044,0.00921772,-0.08445701,0.07071726,0.31139101,-0.08727816,0.06637686,0.08573092,0.02173874,0.00397644,28.89052744,0.68297734,52.58463197,34.95884454,0.20466365,-0.45997049,1.28524611,0.21027569,-0.46219467,1.28662912,9.23556836,0.00000001
5.54000000,LIFT_LEG,-0.00644260,-0.01693039,0.00914826,-0.08442322,0.07068758,0.31137377,-0.08724796,0.06634965,0.08577406,0.02175359,0.00399129,28.95703280,0.62868639,52.51095141,35.02093800,0.20466390,-0.46034655,1.28595224,0.21034381,-0.46253414,1.28739461,9.22180728,0.00000001
5.55000000,LIFT_LEG,-0.00632976,-0.01683103,0.00907920,-0.08438970,0.07065812,0.31135662,-0.08721801,0.06632264,0.08581695,0.02176875,0.00400645,29.02287660,0.57482048,52.43803340,35.08249149,0.20466461,-0.46072114,1.28665590,0.21041172,-0.46287203,1.28815668,9.20816046,0.00000001
5.56000000,LIFT_LEG,-0.00621782,-0.01673241,0.00901057,-0.08435648,0.07062888,0.31133956,-0.08718833,0.06629583,0.08585955,0.02178420,0.00402190,29.08803282,0.52138667,52.36590424,35.14349085,0.20466577,-0.46109407,1.28735677,0.21047937,-0.46320821,1.28891498,9.19463357,0.00000001
5.57000000,LIFT_LEG,-0.00610682,-0.01663456,0.00894242,-0.08432356,0.07059988,0.31132260,-0.08715892,0.06626924,0.08590185,0.02179992,0.00403762,29.15247887,0.46839143,52.29458770,35.20392283,0.20466736,-0.46146517,1.28805454,0.21054673,-0.46354250,1.28966918,9.18123186,0.00000001
5.58000000,LIFT_LEG,-0.00599679,-0.01653753,0.00887475,-0.08429097,0.07057111,0.31130574,-0.08712981,0.06624287,0.08594382,0.02181590,0.00405360,29.21619562,0.41584071,52.22410507,35.26377512,0.20466937,-0.46183425,1.28874887,0.21061378,-0.46387477,1.29041892,9.16796016,0.00000001
5.59000000,LIFT_LEG,-0.00588777,-0.01644136,0.00880761,-0.08425871,0.07054261,0.31128900,-0.08710100,0.06621673,0.08598547,0.02183213,0.00406983,29.27916739,0.36374001,52.15447504,35.32303643,0.20467179,-0.46220111,1.28943945,0.21068047,-0.46420486,1.29116386,9.15482287,0.00000001
5.60000000,LIFT_LEG,-0.00577980,-0.01634607,0.00874103,-0.08422680,0.07051436,0.31127237,-0.08707250,0.06619083,0.08602675,0.02184858,0.00408628,29.34138181,0.31209444,52.08571369,35.38169647,0.20467460,-0.46256559,1.29012595,0.21074678,-0.46453261,1.29190364,9.14182394,0.00000001
5.61000000,LIFT_LEG,-0.00567299,-0.01625173,0.00867502,-0.08419524,0.07048639,0.31125586,-0.08704433,0.06616518,0.08606766,0.02186531,0.00410301,29.40262443,0.27135520,52.01800896,35.43937822,0.20467790,-0.46292885,1.29080902,0.21081267,-0.46485792,1.29263802,9.12899104,0.00000001
5.62000000,LIFT_LEG,-0.00556803,-0.01615859,0.00860962,-0.08416410,0.07045874,0.31123957,-0.08701655,0.06613981,0.08610813,0.02188259,0.00412028,29.46218364,0.23477697,51.95163601,35.49431666,0.20468219,-0.46329499,1.29148966,0.21087821,-0.46518102,1.29336752,9.11637079,0.00000001
5.63000000,LIFT_LEG,-0.00546526,-0.01606682,0.00854474,-0.08413347,0.07043147,0.31122356,-0.08698926,0.06611478,0.08614805,0.02190038,0.00413808,29.51992099,0.19734250,51.88621475,35.54640541,0.20468771,-0.46366406,1.29216602,0.21094341,-0.46550202,1.29409241,9.10391503,0.00000001
5.64000000,LIFT_LEG,-0.00536462,-0.01597649,0.00848027,-0.08410344,0.07040465,0.31120792,-0.08696254,0.06609016,0.08618737,0.02191866,0.00415636,29.57579274,0.15918937,51.82162333,35.59582478,0.20469449,-0.46403505,1.29283701,0.21100823,-0.46582076,1.29481231,9.09161509,0.00000001
5.65000000,LIFT_LEG,-0.00526599,-0.01588760,0.00841604,-0.08407408,0.07037832,0.31119266,-0.08693645,0.06606598,0.08622601,0.02193737,0.00417507,29.62986451,0.12049798,51.75791893,35.64283853,0.20470240,-0.46440696,1.29350200,0.21107263,-0.46613703,1.29552673,9.07948341,0.00000001
5.66000000,LIFT_LEG,-0.00516934,-0.01580026,0.00835191,-0.08404548,0.07035252,0.31117779,-0.08691108,0.06604228,0.08626393,0.02195658,0.00419428,29.68160868,0.09140672,51.69552653,35.68779789,0.20471047,-0.46477967,1.29416236,0.21113657,-0.46645065,1.29623528,9.06756955,0.00000001
5.67000000,LIFT_LEG,-0.00507475,-0.01571494,0.00828795,-0.08401773,0.07032732,0.31116336,-0.08688651,0.06601915,0.08630106,0.02197679,0.00421448,29.73008881,0.07359551,51.63474021,35.73047518,0.20471863,-0.46515352,1.29482098,0.21120007,-0.46676172,1.29693816,9.05589363,0.00000001
5.68000000,LIFT_LEG,-0.00498393,-0.01563191,0.00822378,-0.08399095,0.07030278,0.31114938,-0.08686286,0.06599659,0.08633729,0.02199952,0.00423722,29.77755384,0.05602381,51.57847200,35.76722531,0.20473526,-0.46552861,1.29547621,0.21126327,-0.46707091,1.29763691,9.04490624,0.00000001
5.69000000,LIFT_LEG,-0.00489640,-0.01554916,0.00815825,-0.08396530,0.07027887,0.31113580,-0.08684052,0.06597461,0.08637222,0.02201481,0.00425251,29.83085790,0.00000000,51.51268127,35.79044606,0.20475437,-0.46595168,1.29608448,0.21132600,-0.46737744,1.29832975,9.03304904,0.00000001
5.70000000,LIFT_LEG,-0.00481102,-0.01546380,0.00808789,-0.08394114,0.07025550,0.31112236,-0.08681969,0.06595314,0.08640602,0.02203135,0.00426905,29.88462176,0.00000000,51.45154027,35.80803886,0.20478008,-0.46637759,1.29670741,0.21138770,-0.46767855,1.29901044,9.02207033,0.00000004
5.71000000,LIFT_LEG,-0.00473091,-0.01538194,0.00801327,-0.08391854,0.07023266,0.31110916,-0.08680011,0.06593214,0.08643905,0.02205796,0.00429565,29.92895184,0.00000000,51.40839170,35.83458234,0.20481664,-0.46675683,1.29735064,0.21144920,-0.46797831,1.29968820,9.01300853,0.00000007
5.72000000,LIFT_LEG,-0.00465720,-0.01530918,0.00793695,-0.08389739,0.07021046,0.31109644,-0.08678165,0.06591167,0.08647097,0.02209581,0.00433351,29.96028286,0.00000000,51.38049071,35.86848033,0.20486293,-0.46709564,1.29801114,0.21151117,-0.46828003,1.30037045,9.00541712,0.00000001
5.73000000,LIFT_LEG,-0.00459021,-0.01524774,0.00786152,-0.08387768,0.07018905,0.31108457,-0.08676434,0.06589187,0.08650126,0.02214389,0.00438159,29.97851551,0.00000000,51.36231164,35.90471051,0.20491696,-0.46741101,1.29868513,0.21157387,-0.46858492,1.30106000,8.99884490,0.00000001
5.74000000,LIFT_LEG,-0.00453003,-0.01519708,0.00778909,-0.08385948,0.07016861,0.31107387,-0.08674828,0.06587291,0.08652948,0.02220070,0.00443840,29.98629654,0.00000000,51.34899015,35.93808636,0.20497677,-0.46771636,1.29936949,0.21163725,-0.46889274,1.30175627,8.99296004,0.00000001
5.75000000,LIFT_LEG,-0.00447660,-0.01515543,0.00772133,-0.08384285,0.07014932,0.31106459,-0.08673359,0.06585495,0.08655538,0.02226480,0.00450250,29.98575836,0.00000000,51.33729495,35.96598184,0.20504062,-0.46801942,1.30006144,0.21170111,-0.46920250,1.30245704,8.98755209,0.00000001
5.76000000,LIFT_LEG,-0.00442983,-0.01512082,0.00765952,-0.08382783,0.07013138,0.31105687,-0.08672034,0.06583817,0.08657891,0.02233493,0.00457262,29.97926099,0.00000000,51.32568339,35.98700181,0.20510698,-0.46832354,1.30075844,0.21176522,-0.46951306,1.30315972,8.98252664,0.00000001
5.77000000,LIFT_LEG,-0.00438956,-0.01509164,0.00760463,-0.08381444,0.07011491,0.31105075,-0.08670855,0.06582270,0.08660012,0.02241005,0.00464775,29.96860243,0.00000000,51.31393612,36.00126165,0.20517459,-0.46862954,1.30145815,0.21182936,-0.46982342,1.30386207,8.97787736,0.00000001
5.78000000,LIFT_LEG,-0.00435561,-0.01506680,0.00755739,-0.08380264,0.07010005,0.31104617,-0.08669822,0.06580866,0.08661918,0.02248935,0.00472705,29.95519432,0.00000000,51.30262369,36.00956929,0.20524254,-0.46893699,1.30215855,0.21189340,-0.47013284,1.30456238,8.97365241,0.00000001
5.79000000,LIFT_LEG,-0.00432779,-0.01504568,0.00751825,-0.08379234,0.07008690,0.31104298,-0.08668927,0.06579616,0.08663624,0.02257220,0.00480990,29.93999235,0.00000000,51.29267636,36.01323589,0.20531026,-0.46924501,1.30285801,0.21195720,-0.47044077,1.30525945,8.96992598,0.00000001
5.80000000,LIFT_LEG,-0.00430594,-0.01502794,0.00748740,-0.08378347,0.07007551,0.31104101,-0.08668163,0.06578527,0.08665146,0.02265810,0.00489580,29.92499378,0.00000000,51.28496127,36.01171903,0.20537740,-0.46955265,1.30355526,0.21202070,-0.47074686,1.30595244,8.96676738,0.00000010
5.81000000,LIFT_LEG,-0.00428988,-0.01501337,0.00746482,-0.08377592,0.07006594,0.31104006,-0.08667520,0.06577601,0.08666499,0.02274664,0.00498434,29.90875257,0.00000000,51.28025982,36.00854019,0.20544387,-0.46985911,1.30424934,0.21208383,-0.47105081,1.30664068,8.96424018,0.00000001
5.82000000,LIFT_LEG,-0.00427945,-0.01500179,0.00745027,-0.08376958,0.07005819,0.31103991,-0.08666988,0.06576843,0.08667693,0.02283745,0.00507515,29.89434143,0.00000000,51.27902990,36.00118900,0.20550962,-0.47016373,1.30493945,0.21214654,-0.47135234,1.30732356,8.96237937,0.00000001
5.83000000,LIFT_LEG,-0.00427439,-0.01499303,0.00744334,-0.08376437,0.07005226,0.31104038,-0.08666558,0.06576252,0.08668740,0.02293015,0.00516785,29.88086570,0.00000000,51.28162822,35.99198854,0.20557473,-0.47046607,1.30562483,0.21220876,-0.47165116,1.30800040,8.96120505,0.00000001
5.84000000,LIFT_LEG,-0.00427438,-0.01498693,0.00744349,-0.08376019,0.07004811,0.31104129,-0.08666224,0.06575825,0.08669645,0.02302439,0.00526208,29.86888653,0.00000000,51.28828558,35.98060604,0.20563919,-0.47076574,1.30630477,0.21227043,-0.47194695,1.30867047,8.96073915,0.00000005
5.85000000,LIFT_LEG,-0.00427906,-0.01498329,0.00745007,-0.08375698,0.07004569,0.31104250,-0.08665977,0.06575558,0.08670416,0.02311977,0.00535747,29.85849871,0.00000000,51.29816935,35.96733655,0.20570295,-0.47106242,1.30697848,0.21233146,-0.47223936,1.30933299,8.96085868,0.00000001
5.86000000,LIFT_LEG,-0.00428805,-0.01498191,0.00746237,-0.08375467,0.07004492,0.31104389,-0.08665813,0.06575445,0.08671058,0.02321594,0.00545364,29.84983961,0.00000000,51.31160637,35.95211943,0.20576595,-0.47135578,1.30764520,0.21239179,-0.47252803,1.30998714,8.96159747,0.00000001
5.87000000,LIFT_LEG,-0.00430089,-0.01498257,0.00747961,-0.08375322,0.07004570,0.31104538,-0.08665726,0.06575477,0.08671576,0.02331254,0.00555024,29.84265153,0.00000000,51.32814692,35.93537773,0.20582813,-0.47164551,1.30830408,0.21245132,-0.47281258,1.31063202,8.96289467,0.00000001
5.88000000,LIFT_LEG,-0.00431710,-0.01498511,0.00750104,-0.08375257,0.07004793,0.31104690,-0.08665713,0.06575645,0.08671974,0.02340923,0.00564692,29.83664980,0.00000000,51.34740307,35.91735276,0.20588938,-0.47193131,1.30895425,0.21250997,-0.47309262,1.31126679,8.96468966,0.00000001
5.89000000,LIFT_LEG,-0.00433620,-0.01498938,0.00752587,-0.08375270,0.07005146,0.31104841,-0.08665770,0.06575937,0.08672257,0.02350568,0.00574338,29.83149711,0.00000000,51.36894898,35.89831755,0.20594962,-0.47221284,1.30959488,0.21256768,-0.47336780,1.31189061,8.96691755,0.00000001
5.90000000,LIFT_LEG,-0.00435771,-0.01499525,0.00755338,-0.08375356,0.07005616,0.31104989,-0.08665895,0.06576340,0.08672429,0.02360162,0.00583932,29.82683089,0.00000000,51.39236552,35.87855231,0.20600878,-0.47248979,1.31022511,0.21262435,-0.47363776,1.31250270,8.96951505,0.00000001
5.91000000,LIFT_LEG,-0.00438115,-0.01500261,0.00758286,-0.08375512,0.07006187,0.31105132,-0.08666084,0.06576841,0.08672495,0.02369678,0.00593448,29.82229553,0.00000000,51.41723345,35.85833655,0.20606678,-0.47276181,1.31084416,0.21267992,-0.47390218,1.31310231,8.97241914,0.00000001
5.92000000,LIFT_LEG,-0.00440606,-0.01501136,0.00761365,-0.08375736,0.07006845,0.31105272,-0.08666335,0.06577425,0.08672459,0.02379094,0.00602864,29.81756824,0.00000000,51.44314101,35.83794328,0.20612359,-0.47302858,1.31145126,0.21273431,-0.47416076,1.31368873,8.97556822,0.00000001
5.93000000,LIFT_LEG,-0.00443200,-0.01502139,0.00764516,-0.08376023,0.07007574,0.31105409,-0.08666644,0.06578079,0.08672327,0.02388388,0.00612158,29.81237792,0.00000000,51.46969104,35.81763524,0.20617916,-0.47328980,1.31204569,0.21278748,-0.47441319,1.31426130,8.97890307,0.00000001
5.94000000,LIFT_LEG,-0.00445857,-0.01503258,0.00767685,-0.08376371,0.07008357,0.31105543,-0.08667009,0.06578788,0.08672103,0.02397539,0.00621308,29.80651731,0.00000000,51.49650727,35.79766239,0.20623347,-0.47354516,1.31262675,0.21283934,-0.47465920,1.31481938,8.98236761,0.00000001
5.95000000,LIFT_LEG,-0.00448539,-0.01504481,0.00770824,-0.08376775,0.07009180,0.31105674,-0.08667427,0.06579537,0.08671796,0.02406526,0.00630296,29.79984894,0.00000000,51.52323994,35.77825991,0.20628649,-0.47379439,1.31319379,0.21288984,-0.47489854,1.31536238,8.98590954,0.00000001
5.96000000,LIFT_LEG,-0.00451209,-0.01505794,0.00773892,-0.08377232,0.07010028,0.31105805,-0.08667893,0.06580313,0.08671410,0.02415332,0.00639101,29.79230594,0.00000000,51.54957042,35.75964638,0.20633819,-0.47403720,1.31374619,0.21293893,-0.47513095,1.31588971,8.98948077,0.00000001
5.97000000,LIFT_LEG,-0.00453836,-0.01507182,0.00776853,-0.08377735,0.07010886,0.31105933,-0.08668403,0.06581102,0.08670954,0.02423935,0.00647705,29.78388835,0.00000000,51.57521462,35.74202166,0.20638853,-0.47427335,1.31428335,0.21298655,-0.47535619,1.31640086,8.99303771,0.00000001
5.98000000,LIFT_LEG,-0.00456389,-0.01508628,0.00779676,-0.08378282,0.07011743,0.31106060,-0.08668953,0.06581894,0.08670435,0.02432319,0.00656089,29.77465609,0.00000000,51.59992512,35.72556456,0.20643747,-0.47450258,1.31480473,0.21303265,-0.47557405,1.31689531,8.99654142,0.00000000
5.99000000,LIFT_LEG,-0.00458843,-0.01510114,0.00782337,-0.08378864,0.07012587,0.31106184,-0.08669538,0.06582676,0.08669862,0.02440463,0.00664233,29.76471942,0.00000000,51.62349189,35.71043037,0.20648496,-0.47472468,1.31530980,0.21307719,-0.47578433,1.31737260,8.99995763,0.00000000
6.00000000,LIFT_LEG,-0.00461173,-0.01511623,0.00784815,-0.08379478,0.07013406,0.31106304,-0.08670151,0.06583438,0.08669243,0.02448351,0.00672120,29.75422782,0.00000000,51.64574174,35.69674863,0.20653095,-0.47493942,1.31579807,0.21312012,-0.47598685,1.31783232,9.00325657,0.00000000
6.01000000,LIFT_LEG,-0.00463362,-0.01513135,0.00787096,-0.08380116,0.07014191,0.31106418,-0.08670788,0.06584172,0.08668586,0.02455964,0.00679733,29.74279892,0.00000000,51.66652214,35.68523410,0.20657538,-0.47514661,1.31626911,0.21316140,-0.47618144,1.31827410,9.00641214,0.00000009
6.02000000,LIFT_LEG,-0.00465393,-0.01514633,0.00789166,-0.08380771,0.07014936,0.31106524,-0.08671442,0.06584869,0.08667902,0.02463286,0.00687056,29.73199170,0.00000000,51.68575824,35.67447766,0.20661821,-0.47534608,1.31672251,0.21320100,-0.47636798,1.31869763,9.00940501,0.00000007
6.03000000,LIFT_LEG,-0.00467250,-0.01516101,0.00791020,-0.08381438,0.07015632,0.31106620,-0.08672107,0.06585525,0.08667199,0.02470303,0.00694073,29.72107998,0.00000000,51.70336436,35.66551354,0.20665938,-0.47553768,1.31715793,0.21323890,-0.47654635,1.31910266,9.01221525,0.00000005
6.04000000,LIFT_LEG,-0.00468925,-0.01517521,0.00792651,-0.08382110,0.07016275,0.31106705,-0.08672777,0.06586132,0.08666487,0.02477002,0.00700772,29.71000696,0.00000000,51.71926896,35.65860109,0.20669883,-0.47572126,1.31757508,0.21327507,-0.47671648,1.31948899,9.01482780,0.00000010
6.05000000,LIFT_LEG,-0.00470410,-0.01518879,0.00794059,-0.08382779,0.07016860,0.31106776,-0.08673445,0.06586686,0.08665773,0.02483373,0.00707143,29.69982565,0.00000000,51.73348278,35.65283858,0.20673654,-0.47589674,1.31797374,0.21330950,-0.47687830,1.31985650,9.01723340,0.00000006
6.06000000,LIFT_LEG,-0.00471702,-0.01520162,0.00795245,-0.08383439,0.07017384,0.31106833,-0.08674106,0.06587186,0.08665067,0.02489406,0.00713175,29.69033802,0.00000000,51.74599092,35.64857120,0.20677248,-0.47606402,1.31835373,0.21334218,-0.47703180,1.32020514,9.01942241,0.00000001
6.07000000,LIFT_LEG,-0.00472794,-0.01521362,0.00796214,-0.08384085,0.07017846,0.31106874,-0.08674753,0.06587628,0.08664376,0.02495095,0.00718865,29.68100718,0.00000000,51.75678654,35.64637323,0.20680661,-0.47622308,1.31871495,0.21337311,-0.47717697,1.32053490,9.02138459,0.00000004
6.08000000,LIFT_LEG,-0.00473694,-0.01522466,0.00796971,-0.08384710,0.07018244,0.31106898,-0.08675382,0.06588012,0.08663707,0.02500438,0.00724207,29.67217600,0.00000000,51.76588219,35.64599602,0.20683890,-0.47637387,1.31905739,0.21340229,-0.47731387,1.32084588,9.02311886,0.00000000
6.09000000,LIFT_LEG,-0.00474405,-0.01523464,0.00797522,-0.08385309,0.07018578,0.31106906,-0.08675985,0.06588337,0.08663067,0.02505432,0.00729202,29.66492941,0.00000000,51.77331240,35.64609552,0.20686938,-0.47651639,1.31938106,0.21342974,-0.47744255,1.32113821,9.02462068,0.00000005
6.10000000,LIFT_LEG,-0.00474934,-0.01524351,0.00797878,-0.08385877,0.07018850,0.31106897,-0.08676560,0.06588604,0.08662463,0.02510079,0.00733848,29.65795256,0.00000000,51.77914083,35.64823696,0.20689804,-0.47665072,1.31968606,0.21345546,-0.47756310,1.32141208,9.02589112,0.00000000
6.11000000,LIFT_LEG,-0.00475286,-0.01525122,0.00798050,-0.08386409,0.07019061,0.31106873,-0.08677101,0.06588814,0.08661900,0.02514382,0.00738151,29.65224589,0.00000000,51.78342501,35.65112297,0.20692490,-0.47677691,1.31997254,0.21347948,-0.47767563,1.32166775,9.02693024,0.00000000
6.12000000,LIFT_LEG,-0.00475472,-0.01525777,0.00798051,-0.08386901,0.07019214,0.31106835,-0.08677604,0.06588970,0.08661382,0.02518346,0.00742116,29.64750473,0.00000000,51.78622626,35.65496932,0.20694999,-0.47689505,1.32024073,0.21350183,-0.47778028,1.32190554,9.02774049,0.00000000
6.13000000,LIFT_LEG,-0.00475503,-0.01526316,0.00797894,-0.08387349,0.07019310,0.31106784,-0.08678066,0.06589074,0.08660915,0.02521980,0.00745750,29.64373262,0.00000000,51.78783010,35.65965588,0.20697332,-0.47700527,1.32049090,0.21352255,-0.47787723,1.32212584,9.02835975,0.00000000
6.14000000,LIFT_LEG,-0.00475389,-0.01526738,0.00797595,-0.08387751,0.07019355,0.31106723,-0.08678484,0.06589129,0.08660500,0.02525293,0.00749062,29.64090021,0.00000000,51.78761207,35.66495966,0.20699494,-0.47710770,1.32072338,0.21354166,-0.47796666,1.32232904,9.02868519,0.00000003
6.15000000,LIFT_LEG,-0.00475144,-0.01527046,0.00797167,-0.08388104,0.07019351,0.31106653,-0.08678855,0.06589139,0.08660140,0.02528294,0.00752064,29.63898079,0.00000000,51.78634649,35.67079555,0.20701488,-0.47720250,1.32093856,0.21355922,-0.47804876,1.32251562,9.02883192,0.00000005
6.16000000,LIFT_LEG,-0.00474779,-0.01527243,0.00796629,-0.08388407,0.07019302,0.31106576,-0.08679177,0.06589106,0.08659837,0.02530998,0.00754767,29.63791948,0.00000000,51.78425178,35.67693561,0.20703322,-0.47728986,1.32113687,0.21357526,-0.47812375,1.32268605,9.02882100,0.00000004
6.17000000,LIFT_LEG,-0.00474310,-0.01527331,0.00795996,-0.08388659,0.07019213,0.31106496,-0.08679451,0.06589035,0.08659592,0.02533414,0.00757184,29.63767600,0.00000000,51.78095718,35.68336315,0.20704997,-0.47736998,1.32131876,0.21358983,-0.47819187,1.32284085,9.02860751,0.00000007
6.18000000,LIFT_LEG,-0.00473749,-0.01527319,0.00795285,-0.08388858,0.07019088,0.31106414,-0.08679673,0.06588929,0.08659406,0.02535558,0.00759328,29.63818354,0.00000000,51.77662905,35.68989969,0.20706520,-0.47744309,1.32148473,0.21360299,-0.47825337,1.32298063,9.02820399,0.00000010
6.19000000,LIFT_LEG,-0.00473111,-0.01527211,0.00794510,-0.08389004,0.07018931,0.31106332,-0.08679845,0.06588794,0.08659279,0.02537445,0.00761215,29.63939363,0.00000000,51.77073165,35.69646676,0.20707897,-0.47750942,1.32163534,0.21361480,-0.47830853,1.32310599,9.02753272,0.00000000
6.20000000,LIFT_LEG,-0.00472409,-0.01527014,0.00793689,-0.08389099,0.07018747,0.31106252,-0.08679966,0.06588632,0.08659209,0.02539088,0.00762858,29.64125209,0.00000000,51.76458390,35.70292239,0.20709135,-0.47756922,1.32177118,0.21362531,-0.47835760,1.32321753,9.02678156,0.00000000
6.21000000,LIFT_LEG,-0.00471655,-0.01526733,0.00792835,-0.08389143,0.07018540,0.31106176,-0.08680038,0.06588448,0.08659196,0.02540503,0.00764273,29.64370748,0.00000000,51.75772150,35.70918924,0.20710241,-0.47762275,1.32189282,0.21363457,-0.47840087,1.32331588,9.02588509,0.00000000
6.22000000,LIFT_LEG,-0.00470861,-0.01526375,0.00791963,-0.08389137,0.07018314,0.31106106,-0.08680061,0.06588245,0.08659236,0.02541704,0.00765474,29.64670596,0.00000000,51.75025361,35.71519375,0.20711220,-0.47767028,1.32200091,0.21364266,-0.47843863,1.32340171,9.02485945,0.00000000
6.23000000,LIFT_LEG,-0.00470039,-0.01525947,0.00791085,-0.08389083,0.07018074,0.31106042,-0.08680037,0.06588028,0.08659329,0.02542705,0.00766474,29.65019528,0.00000000,51.74228041,35.72087689,0.20712079,-0.47771210,1.32209606,0.21364963,-0.47847118,1.32347568,9.02371976,0.00000000
6.24000000,LIFT_LEG,-0.00469199,-0.01525455,0.00790215,-0.08388983,0.07017822,0.31105986,-0.08679968,0.06587800,0.08659472,0.02543520,0.00767290,29.65412465,0.00000000,51.73390122,35.72619256,0.20712824,-0.47774849,1.32217894,0.21365555,-0.47849881,1.32353849,9.02248143,0.00000000
6.25000000,LIFT_LEG,-0.00468350,-0.01524908,0.00789362,-0.08388841,0.07017564,0.31105938,-0.08679856,0.06587564,0.08659660,0.02544163,0.00767933,29.65866638,0.00000000,51.72521723,35.73083796,0.20713461,-0.47777977,1.32225023,0.21366049,-0.47852184,1.32359084,9.02115964,0.00000004
6.26000000,LIFT_LEG,-0.00467502,-0.01524311,0.00788535,-0.08388657,0.07017301,0.31105898,-0.08679704,0.06587324,0.08659892,0.02544649,0.00768419,29.66350756,0.00000000,51.71631715,35.73511724,0.20713997,-0.47780622,1.32231063,0.21366451,-0.47854059,1.32363346,9.01977074,0.00000007
6.27000000,LIFT_LEG,-0.00466662,-0.01523672,0.00787744,-0.08388437,0.07017038,0.31105868,-0.08679515,0.06587082,0.08660163,0.02544991,0.00768761,29.66809854,0.00000000,51.70729327,35.73959391,0.20714438,-0.47782815,1.32236084,0.21366767,-0.47855538,1.32366708,9.01832965,0.00000003
6.28000000,LIFT_LEG,-0.00465838,-0.01522998,0.00786994,-0.08388183,0.07016776,0.31105845,-0.08679292,0.06586840,0.08660469,0.02545202,0.00768972,29.67337381,0.00000000,51.69823075,35.74310565,0.20714792,-0.47784590,1.32240158,0.21367007,-0.47856654,1.32369245,9.01685132,0.00000004
6.29000000,LIFT_LEG,-0.00465034,-0.01522294,0.00786290,-0.08387898,0.07016518,0.31105831,-0.08679038,0.06586602,0.08660806,0.02545295,0.00769065,29.67898004,0.00000000,51.68922981,35.74608821,0.20715065,-0.47785979,1.32243360,0.21367175,-0.47857441,1.32371034,9.01535160,0.00000008
6.30000000,LIFT_LEG,-0.00464258,-0.01521568,0.00785637,-0.08387587,0.07016266,0.31105824,-0.08678756,0.06586369,0.08661170,0.02545283,0.00769053,29.68436361,0.00000000,51.68033074,35.74900891,0.20715264,-0.47787015,1.32245765,0.21367281,-0.47857933,1.32372151,9.01384189,0.00000006
6.31000000,LIFT_LEG,-0.00463510,-0.01520827,0.00785036,-0.08387252,0.07016023,0.31105824,-0.08678452,0.06586143,0.08661558,0.02545177,0.00768947,29.68993433,0.00000000,51.67164695,35.75145316,0.20715397,-0.47787728,1.32247436,0.21367324,-0.47858137,1.32372616,9.01233768,0.00000009
6.32000000,LIFT_LEG,-0.00462797,-0.01520076,0.00784489,-0.08386899,0.07015789,0.31105831,-0.08678128,0.06585925,0.08661963,0.02544991,0.00768761,29.69536388,0.00000000,51.66317683,35.75366349,0.20715467,-0.47788158,1.32248474,0.21367332,-0.47858175,1.32372701,9.01084754,0.00000003
6.33000000,LIFT_LEG,-0.00462123,-0.01519318,0.00783996,-0.08386531,0.07015566,0.31105843,-0.08677787,0.06585717,0.08662383,0.02544740,0.00768510,29.70068108,0.00000000,51.65498983,35.75559112,0.20715485,-0.47788346,1.32248975,0.21367298,-0.47858016,1.32372341,9.00938560,0.00000009
6.34000000,LIFT_LEG,-0.00461489,-0.01518561,0.00783555,-0.08386152,0.07015354,0.31105859,-0.08677435,0.06585520,0.08662812,0.02544433,0.00768203,29.70659717,0.00000000,51.64724017,35.75666253,0.20715461,-0.47788319,1.32248974,0.21367222,-0.47857658,1.32371528,9.00796701,0.00000006
6.35000000,LIFT_LEG,-0.00460893,-0.01517813,0.00783167,-0.08385765,0.07015156,0.31105878,-0.08677073,0.06585334,0.08663248,0.02544082,0.00767851,29.71211902,0.00000000,51.63988463,35.75770324,0.20715400,-0.47788114,1.32248573,0.21367126,-0.47857213,1.32370515,9.00659450,0.00000007
6.36000000,LIFT_LEG,-0.00460337,-0.01517078,0.00782829,-0.08385374,0.07014970,0.31105900,-0.08676707,0.06585160,0.08663685,0.02543700,0.00767469,29.71811684,0.00000000,51.63297262,35.75773401,0.20715308,-0.47787771,1.32247859,0.21367015,-0.47856693,1.32369334,9.00527787,0.00000000
6.37000000,LIFT_LEG,-0.00459820,-0.01516362,0.00782538,-0.08384984,0.07014798,0.31105924,-0.08676340,0.06584997,0.08664120,0.02543300,0.00767070,29.72287537,0.00000000,51.62654927,35.75884500,0.20715193,-0.47787327,1.32246920,0.21366896,-0.47856139,1.32368073,9.00402665,0.00000006
6.38000000,HOLD_LEG,-0.00459345,-0.01515669,0.00782291,-0.08384597,0.07014639,0.31105948,-0.08675975,0.06584847,0.08664549,0.02542895,0.00766665,29.72842850,0.00000000,51.62059719,35.75844924,0.20715064,-0.47786822,1.32245843,0.21366778,-0.47855590,1.32366826,9.00284337,0.00000000
6.39000000,HOLD_LEG,-0.00458908,-0.01515004,0.00782085,-0.08384218,0.07014493,0.31105973,-0.08675615,0.06584710,0.08664968,0.02542497,0.00766267,29.73279434,0.00000000,51.61519260,35.75908988,0.20714931,-0.47786293,1.32244712,0.21366667,-0.47855071,1.32365646,9.00173873,0.00000003
6.40000000,HOLD_LEG,-0.00458513,-0.01514369,0.00781916,-0.08383848,0.07014360,0.31105998,-0.08675265,0.06584584,0.08665374,0.02542115,0.00765885,29.73698117,0.00000000,51.61030189,35.75933245,0.20714800,-0.47785767,1.32243581,0.21366563,-0.47854585,1.32364541,9.00071417,0.00000007
6.41000000,HOLD_LEG,-0.00458158,-0.01513769,0.00781780,-0.08383491,0.07014239,0.31106021,-0.08674925,0.06584470,0.08665765,0.02541755,0.00765524,29.74163806,0.00000000,51.60595767,35.75846388,0.20714677,-0.47785259,1.32242485,0.21366466,-0.47854134,1.32363517,8.99977511,0.00000000
6.42000000,HOLD_LEG,-0.00457843,-0.01513207,0.00781674,-0.08383150,0.07014131,0.31106043,-0.08674600,0.06584367,0.08666137,0.02541419,0.00765189,29.74505714,0.00000000,51.60218013,35.75855802,0.20714564,-0.47784780,1.32241444,0.21366378,-0.47853720,1.32362575,8.99892606,0.00000004
6.43000000,HOLD_LEG,-0.00457567,-0.01512685,0.00781593,-0.08382828,0.07014035,0.31106064,-0.08674292,0.06584275,0.08666488,0.02541110,0.00764880,29.74813471,0.00000000,51.59893981,35.75843278,0.20714464,-0.47784333,1.32240470,0.21366297,-0.47853343,1.32361718,8.99816587,0.00000007
6.44000000,HOLD_LEG,-0.00457329,-0.01512207,0.00781534,-0.08382525,0.07013951,0.31106082,-0.08674002,0.06584194,0.08666816,0.02540830,0.00764600,29.75158237,0.00000000,51.59623654,35.75728516,0.20714374,-0.47783922,1.32239571,0.21366224,-0.47853004,1.32360947,8.99749558,0.00000000
6.45000000,HOLD_LEG,-0.00457126,-0.01511774,0.00781495,-0.08382245,0.07013877,0.31106099,-0.08673732,0.06584123,0.08667119,0.02540579,0.00764349,29.75373695,0.00000000,51.59381674,35.75712988,0.20714296,-0.47783553,1.32238764,0.21366160,-0.47852702,1.32360261,8.99687688,0.00000003
6.46000000,HOLD_LEG,-0.00456958,-0.01511386,0.00781472,-0.08381988,0.07013814,0.31106113,-0.08673485,0.06584062,0.08667396,0.02540356,0.00764126,29.75611667,0.00000000,51.59212659,35.75607219,0.20714227,-0.47783220,1.32238034,0.21366103,-0.47852437,1.32359660,8.99638652,0.00000000
6.47000000,HOLD_LEG,-0.00456822,-0.01511046,0.00781463,-0.08381756,0.07013760,0.31106124,-0.08673261,0.06584010,0.08667646,0.02540160,0.00763930,29.75717816,0.00000000,51.59098716,35.75617653,0.20714167,-0.47782924,1.32237383,0.21366054,-0.47852211,1.32359145,8.99599060,0.00000006
6.48000000,HOLD_LEG,-0.00456716,-0.01510754,0.00781465,-0.08381550,0.07013716,0.31106133,-0.08673060,0.06583967,0.08667868,0.02539992,0.00763762,29.75878502,0.00000000,51.59030450,35.75502301,0.20714115,-0.47782665,1.32236812,0.21366014,-0.47852021,1.32358714,8.99567950,0.00000000
6.49000000,HOLD_LEG,-0.00456639,-0.01510509,0.00781478,-0.08381370,0.07013681,0.31106138,-0.08672885,0.06583932,0.08668062,0.02539851,0.00763621,29.75906804,0.00000000,51.58997323,35.75503352,0.20714071,-0.47782445,1.32236328,0.21365981,-0.47851867,1.32358363,8.99543523,0.00000005
6.50000000,HOLD_LEG,-0.00456591,-0.01510311,0.00781499,-0.08381217,0.07013655,0.31106141,-0.08672734,0.06583906,0.08668227,0.02539735,0.00763505,29.75945606,0.00000000,51.59048149,35.75444646,0.20714035,-0.47782261,1.32235924,0.21365957,-0.47851758,1.32358116,8.99533794,0.00000004
6.51000000,HOLD_LEG,-0.00456568,-0.01510158,0.00781527,-0.08381090,0.07013636,0.31106141,-0.08672609,0.06583886,0.08668364,0.02539646,0.00763415,29.75963217,0.00000000,51.59129156,35.75367201,0.20714007,-0.47782115,1.32235602,0.21365942,-0.47851685,1.32357949,8.99530215,0.00000007
6.52000000,HOLD_LEG,-0.00456571,-0.01510049,0.00781562,-0.08380989,0.07013625,0.31106138,-0.08672509,0.06583874,0.08668473,0.02539580,0.00763350,29.75880716,0.00000000,51.59195062,35.75368001,0.20713986,-0.47782003,1.32235353,0.21365927,-0.47851618,1.32357796,8.99526481,0.00000008
6.53000000,HOLD_LEG,-0.00456597,-0.01509982,0.00781603,-0.08380914,0.07013621,0.31106133,-0.08672433,0.06583868,0.08668555,0.02539539,0.00763309,29.75877893,0.00000000,51.59354009,35.75236621,0.20713973,-0.47781929,1.32235191,0.21365927,-0.47851618,1.32357796,8.99538048,0.00000010
6.54000000,HOLD_LEG,-0.00456645,-0.01509955,0.00781649,-0.08380865,0.07013623,0.31106124,-0.08672380,0.06583869,0.08668610,0.02539521,0.00763291,29.75762793,0.00000000,51.59498450,35.75218625,0.20713968,-0.47781890,1.32235100,0.21365927,-0.47851618,1.32357796,8.99549703,0.00000007
6.55000000,HOLD_LEG,-0.00456717,-0.01509968,0.00781700,-0.08380839,0.07013632,0.31106113,-0.08672351,0.06583875,0.08668640,0.02539521,0.00763290,29.75654482,0.00000000,51.59648255,35.75154643,0.20713968,-0.47781871,1.32235048,0.21365927,-0.47851618,1.32357796,8.99564603,0.00000004
6.56000000,HOLD_LEG,-0.00456808,-0.01510020,0.00781755,-0.08380836,0.07013647,0.31106100,-0.08672344,0.06583887,0.08668647,0.02539540,0.00763309,29.75450305,0.00000000,51.59909829,35.75188470,0.20713972,-0.47781878,1.32235055,0.21365942,-0.47851688,1.32357957,8.99596812,0.00000006
6.57000000,HOLD_LEG,-0.00456919,-0.01510104,0.00781815,-0.08380855,0.07013667,0.31106085,-0.08672357,0.06583905,0.08668631,0.02539580,0.00763350,29.75331933,0.00000000,51.60112873,35.75095804,0.20713983,-0.47781915,1.32235138,0.21365957,-0.47851756,1.32358110,8.99622260,0.00000009
6.58000000,HOLD_LEG,-0.00457044,-0.01510220,0.00781881,-0.08380895,0.07013693,0.31106068,-0.08672390,0.06583927,0.08668594,0.02539639,0.00763409,29.75113468,0.00000000,51.60449302,35.75098507,0.20714001,-0.47781985,1.32235291,0.21365987,-0.47851895,1.32358428,8.99668841,0.00000002
6.59000000,HOLD_LEG,-0.00457185,-0.01510365,0.00781952,-0.08380953,0.07013724,0.31106049,-0.08672441,0.06583954,0.08668537,0.02539715,0.00763485,29.74913269,0.00000000,51.60698178,35.75058591,0.20714024,-0.47782080,1.32235496,0.21366012,-0.47852013,1.32358696,8.99704352,0.00000005
6.60000000,HOLD_LEG,-0.00457341,-0.01510535,0.00782028,-0.08381028,0.07013760,0.31106030,-0.08672509,0.06583986,0.08668462,0.02539807,0.00763577,29.74705915,0.00000000,51.61033016,35.75014350,0.20714051,-0.47782199,1.32235755,0.21366047,-0.47852178,1.32359071,8.99754110,0.00000000
6.61000000,HOLD_LEG,-0.00457510,-0.01510728,0.00782111,-0.08381119,0.07013799,0.31106010,-0.08672592,0.06584021,0.08668371,0.02539915,0.00763684,29.74491211,0.00000000,51.61337544,35.74965998,0.20714084,-0.47782341,1.32236064,0.21366083,-0.47852346,1.32359452,8.99800679,0.00000004
6.62000000,HOLD_LEG,-0.00457689,-0.01510943,0.00782201,-0.08381224,0.07013843,0.31105991,-0.08672688,0.06584060,0.08668266,0.02540035,0.00763805,29.74270309,0.00000000,51.61657079,35.74915482,0.20714121,-0.47782502,1.32236413,0.21366123,-0.47852529,1.32359868,8.99850723,0.00000009
6.63000000,HOLD_LEG,-0.00457881,-0.01511174,0.00782296,-0.08381341,0.07013890,0.31105971,-0.08672795,0.06584103,0.08668148,0.02540168,0.00763938,29.74016863,0.00000000,51.61977396,35.74882492,0.20714160,-0.47782678,1.32236799,0.21366165,-0.47852726,1.32360315,8.99902511,0.00000005
6.64000000,HOLD_LEG,-0.00458081,-0.01511419,0.00782398,-0.08381468,0.07013941,0.31105952,-0.08672913,0.06584149,0.08668020,0.02540312,0.00764082,29.73735502,0.00000000,51.62302391,35.74883238,0.20714203,-0.47782868,1.32237217,0.21366209,-0.47852933,1.32360787,8.99955708,0.00000001
6.65000000,HOLD_LEG,-0.00458290,-0.01511676,0.00782505,-0.08381603,0.07013994,0.31105934,-0.08673039,0.06584197,0.08667883,0.02540465,0.00764235,29.73546724,0.00000000,51.62627300,35.74777290,0.20714249,-0.47783071,1.32237664,0.21366256,-0.47853150,1.32361281,9.00009872,0.00000008
6.66000000,HOLD_LEG,-0.00458505,-0.01511941,0.00782618,-0.08381745,0.07014051,0.31105917,-0.08673172,0.06584249,0.08667739,0.02540627,0.00764397,29.73299119,0.00000000,51.62947226,35.74730637,0.20714298,-0.47783285,1.32238135,0.21366304,-0.47853375,1.32361791,9.00064185,0.00000005
6.67000000,HOLD_LEG,-0.00458724,-0.01512213,0.00782737,-0.08381892,0.07014109,0.31105902,-0.08673309,0.06584302,0.08667590,0.02540796,0.00764566,29.73044065,0.00000000,51.63262173,35.74694165,0.20714349,-0.47783508,1.32238626,0.21366353,-0.47853604,1.32362313,9.00118314,0.00000002
6.68000000,HOLD_LEG,-0.00458947,-0.01512488,0.00782861,-0.08382042,0.07014169,0.31105888,-0.08673450,0.06584357,0.08667437,0.02540970,0.00764740,29.72783074,0.00000000,51.63572777,35.74684295,0.20714401,-0.47783737,1.32239132,0.21366403,-0.47853837,1.32362842,9.00172144,0.00000000
6.69000000,HOLD_LEG,-0.00459171,-0.01512764,0.00782990,-0.08382194,0.07014231,0.31105876,-0.08673593,0.06584414,0.08667283,0.02541149,0.00764918,29.72626511,0.00000000,51.63870213,35.74544551,0.20714454,-0.47783971,1.32239649,0.21366453,-0.47854072,1.32363375,9.00224689,0.00000008
6.70000000,HOLD_LEG,-0.00459396,-0.01513038,0.00783123,-0.08382346,0.07014294,0.31105866,-0.08673736,0.06584471,0.08667128,0.02541329,0.00765099,29.72406302,0.00000000,51.64155424,35.74486405,0.20714508,-0.47784207,1.32240173,0.21366503,-0.47854305,1.32363906,9.00275784,0.00000005
6.71000000,HOLD_LEG,-0.00459618,-0.01513310,0.00783259,-0.08382497,0.07014358,0.31105857,-0.08673878,0.06584530,0.08666974,0.02541512,0.00765281,29.72184926,0.00000000,51.64427314,35.74439559,0.20714562,-0.47784444,1.32240698,0.21366553,-0.47854537,1.32364432,9.00325054,0.00000002
6.72000000,HOLD_LEG,-0.00459837,-0.01513575,0.00783398,-0.08382644,0.07014422,0.31105851,-0.08674017,0.06584589,0.08666823,0.02541693,0.00765463,29.72031799,0.00000000,51.64687429,35.74340498,0.20714617,-0.47784679,1.32241222,0.21366602,-0.47854764,1.32364948,9.00372499,0.00000009
6.73000000,HOLD_LEG,-0.00460052,-0.01513832,0.00783539,-0.08382788,0.07014485,0.31105847,-0.08674154,0.06584648,0.08666676,0.02541874,0.00765643,29.71843789,0.00000000,51.64926542,35.74280039,0.20714669,-0.47784911,1.32241740,0.21366649,-0.47854986,1.32365452,9.00417243,0.00000005
6.74000000,HOLD_LEG,-0.00460260,-0.01514080,0.00783680,-0.08382927,0.07014548,0.31105845,-0.08674285,0.06584706,0.08666534,0.02542051,0.00765821,29.71641248,0.00000000,51.65149963,35.74257612,0.20714722,-0.47785139,1.32242247,0.21366695,-0.47855200,1.32365939,9.00459353,0.00000001
6.75000000,HOLD_LEG,-0.00460462,-0.01514315,0.00783822,-0.08383060,0.07014611,0.31105845,-0.08674412,0.06584763,0.08666397,0.02542224,0.00765993,29.71541085,0.00000000,51.65354418,35.74136413,0.20714773,-0.47785359,1.32242741,0.21366739,-0.47855405,1.32366406,9.00498689,0.00000006
6.76000000,HOLD_LEG,-0.00460653,-0.01514538,0.00783962,-0.08383186,0.07014671,0.31105847,-0.08674532,0.06584820,0.08666267,0.02542391,0.00766161,29.71365201,0.00000000,51.65539077,35.74116955,0.20714822,-0.47785572,1.32243218,0.21366781,-0.47855601,1.32366850,9.00534767,0.00000000
6.77000000,HOLD_LEG,-0.00460836,-0.01514746,0.00784099,-0.08383305,0.07014730,0.31105850,-0.08674644,0.06584874,0.08666145,0.02542551,0.00766321,29.71291797,0.00000000,51.65703326,35.74001997,0.20714868,-0.47785775,1.32243675,0.21366820,-0.47855785,1.32367269,9.00567752,0.00000004
6.78000000,HOLD_LEG,-0.00461006,-0.01514939,0.00784233,-0.08383415,0.07014786,0.31105855,-0.08674749,0.06584927,0.08666031,0.02542704,0.00766474,29.71202622,0.00000000,51.65849068,35.73929483,0.20714914,-0.47785968,1.32244108,0.21366857,-0.47855956,1.32367658,9.00597367,0.00000008
6.79000000,HOLD_LEG,-0.00461164,-0.01515117,0.00784363,-0.08383516,0.07014840,0.31105861,-0.08674846,0.06584977,0.08665926,0.02542847,0.00766617,29.71082661,0.00000000,51.65938132,35.73899367,0.20714955,-0.47786148,1.32244511,0.21366888,-0.47856099,1.32367984,9.00618604,0.00000005
6.80000000,HOLD_LEG,-0.00461311,-0.01515276,0.00784486,-0.08383608,0.07014891,0.31105869,-0.08674934,0.06585025,0.08665830,0.02542980,0.00766750,29.71037834,0.00000000,51.66018661,35.73819495,0.20714992,-0.47786312,1.32244883,0.21366916,-0.47856231,1.32368284,9.00638039,0.00000009
6.81000000,HOLD_LEG,-0.00461442,-0.01515417,0.00784602,-0.08383690,0.07014939,0.31105877,-0.08675014,0.06585070,0.08665743,0.02543103,0.00766873,29.70992084,0.00000000,51.66169783,35.73762129,0.20715028,-0.47786466,1.32245232,0.21366950,-0.47856388,1.32368641,9.00667254,0.00000004
6.82000000,HOLD_LEG,-0.00461557,-0.01515542,0.00784710,-0.08383763,0.07014982,0.31105887,-0.08675084,0.06585111,0.08665667,0.02543215,0.00766985,29.70957955,0.00000000,51.66201041,35.73710603,0.20715060,-0.47786606,1.32245547,0.21366972,-0.47856491,1.32368875,9.00678134,0.00000006
6.83000000,HOLD_LEG,-0.00461657,-0.01515648,0.00784809,-0.08383826,0.07015022,0.31105897,-0.08675145,0.06585149,0.08665600,0.02543314,0.00767084,29.70936357,0.00000000,51.66281592,35.73668118,0.20715089,-0.47786729,1.32245826,0.21366995,-0.47856600,1.32369123,9.00696075,0.00000007
6.84000000,HOLD_LEG,-0.00461740,-0.01515737,0.00784899,-0.08383879,0.07015058,0.31105908,-0.08675196,0.06585182,0.08665543,0.02543401,0.00767171,29.70926821,0.00000000,51.66260418,35.73629937,0.20715113,-0.47786838,1.32246073,0.21367009,-0.47856668,1.32369276,9.00698136,0.00000007
6.85000000,HOLD_LEG,-0.00461808,-0.01515808,0.00784979,-0.08383922,0.07015089,0.31105918,-0.08675239,0.06585212,0.08665496,0.02543476,0.00767246,29.70929681,0.00000000,51.66273890,35.73600205,0.20715133,-0.47786929,1.32246284,0.21367024,-0.47856737,1.32369434,9.00704949,0.00000008
6.86000000,HOLD_LEG,-0.00461860,-0.01515862,0.00785047,-0.08383956,0.07015115,0.31105930,-0.08675273,0.06585238,0.08665458,0.02543537,0.00767307,29.70943980,0.00000000,51.66233557,35.73578362,0.20715150,-0.47787004,1.32246455,0.21367032,-0.47856771,1.32369512,9.00703470,0.00000009
6.87000000,HOLD_LEG,-0.00461895,-0.01515897,0.00785103,-0.08383981,0.07015137,0.31105940,-0.08675297,0.06585259,0.08665430,0.02543585,0.00767355,29.70969445,0.00000000,51.66204903,35.73563266,0.20715163,-0.47787063,1.32246592,0.21367039,-0.47856804,1.32369586,9.00703081,0.00000010
6.88000000,HOLD_LEG,-0.00461915,-0.01515915,0.00785147,-0.08383997,0.07015154,0.31105951,-0.08675314,0.06585276,0.08665411,0.02543622,0.00767391,29.71005052,0.00000000,51.66177870,35.73553231,0.20715173,-0.47787110,1.32246702,0.21367046,-0.47856837,1.32369662,9.00702100,0.00000008
6.89000000,HOLD_LEG,-0.00461920,-0.01515917,0.00785178,-0.08384004,0.07015167,0.31105961,-0.08675322,0.06585289,0.08665401,0.02543644,0.00767413,29.71050319,0.00000000,51.66119106,35.73552826,0.20715178,-0.47787136,1.32246764,0.21367046,-0.47856837,1.32369662,9.00696200,0.00000008
6.90000000,HOLD_LEG,-0.00461909,-0.01515904,0.00785197,-0.08384003,0.07015174,0.31105971,-0.08675323,0.06585297,0.08665400,0.02543654,0.00767423,29.71104226,0.00000000,51.66060873,35.73557661,0.20715180,-0.47787150,1.32246800,0.21367046,-0.47856837,1.32369662,9.00689505,0.00000007
6.91000000,HOLD_LEG,-0.00461883,-0.01515874,0.00785203,-0.08383995,0.07015177,0.31105980,-0.08675316,0.06585301,0.08665406,0.02543653,0.00767423,29.71165599,0.00000000,51.65999617,35.73566839,0.20715180,-0.47787155,1.32246820,0.21367046,-0.47856837,1.32369662,9.00681690,0.00000007
6.92000000,HOLD_LEG,-0.00461842,-0.01515830,0.00785197,-0.08383979,0.07015176,0.31105989,-0.08675303,0.06585301,0.08665419,0.02543642,0.00767411,29.71233309,0.00000000,51.65901482,35.73583901,0.20715178,-0.47787150,1.32246810,0.21367039,-0.47856806,1.32369591,9.00668413,0.00000007
6.93000000,HOLD_LEG,-0.00461789,-0.01515773,0.00785180,-0.08383957,0.07015170,0.31105997,-0.08675283,0.06585296,0.08665440,0.02543618,0.00767388,29.71305873,0.00000000,51.65730309,35.73606698,0.20715172,-0.47787128,1.32246759,0.21367024,-0.47856735,1.32369429,9.00643750,0.00000006
6.94000000,HOLD_LEG,-0.00461725,-0.01515705,0.00785151,-0.08383928,0.07015160,0.31106004,-0.08675258,0.06585288,0.08665468,0.02543582,0.00767352,29.71383987,0.00000000,51.65681141,35.73639271,0.20715162,-0.47787090,1.32246674,0.21367016,-0.47856700,1.32369349,9.00636749,0.00000008
6.95000000,HOLD_LEG,-0.00461649,-0.01515628,0.00785111,-0.08383894,0.07015145,0.31106010,-0.08675227,0.06585276,0.08665501,0.02543537,0.00767307,29.71465482,0.00000000,51.65565184,35.73675903,0.20715148,-0.47787039,1.32246559,0.21367002,-0.47856633,1.32369197,9.00619152,0.00000009
6.96000000,HOLD_LEG,-0.00461563,-0.01515542,0.00785061,-0.08383855,0.07015127,0.31106015,-0.08675191,0.06585260,0.08665540,0.02543483,0.00767253,29.71549605,0.00000000,51.65367820,35.73717016,0.20715132,-0.47786975,1.32246416,0.21366979,-0.47856524,1.32368950,9.00589110,0.00000005
6.97000000,HOLD_LEG,-0.00461469,-0.01515449,0.00785002,-0.08383812,0.07015106,0.31106019,-0.08675151,0.06585241,0.08665583,0.02543420,0.00767190,29.71636539,0.00000000,51.65284850,35.73763847,0.20715114,-0.47786902,1.32246253,0.21366964,-0.47856455,1.32368793,9.00575590,0.00000006
6.98000000,HOLD_LEG,-0.00461366,-0.01515350,0.00784934,-0.08383765,0.07015081,0.31106023,-0.08675108,0.06585219,0.08665630,0.02543351,0.00767121,29.71724214,0.00000000,51.65098659,35.73811656,0.20715094,-0.47786820,1.32246070,0.21366940,-0.47856343,1.32368538,9.00546227,0.00000006
6.99000000,HOLD_LEG,-0.00461257,-0.01515245,0.00784858,-0.08383715,0.07015054,0.31106025,-0.08675062,0.06585195,0.08665681,0.02543276,0.00767045,29.71812883,0.00000000,51.65015902,35.73864752,0.20715072,-0.47786731,1.32245872,0.21366923,-0.47856264,1.32368358,9.00532055,0.00000006
7.00000000,HOLD_LEG,-0.00461143,-0.01515136,0.00784776,-0.08383663,0.07015024,0.31106026,-0.08675013,0.06585168,0.08665735,0.02543195,0.00766964,29.71900547,0.00000000,51.64859348,35.73918903,0.20715049,-0.47786635,1.32245656,0.21366899,-0.47856150,1.32368099,9.00506649,0.00000007
7.01000000,HOLD_LEG,-0.00461025,-0.01515024,0.00784688,-0.08383608,0.07014992,0.31106027,-0.08674962,0.06585139,0.08665791,0.02543109,0.00766879,29.71987605,0.00000000,51.64750052,35.73975207,0.20715024,-0.47786533,1.32245429,0.21366878,-0.47856054,1.32367881,9.00487821,0.00000008
7.02000000,HOLD_LEG,-0.00460904,-0.01514911,0.00784596,-0.08383553,0.07014959,0.31106026,-0.08674911,0.06585109,0.08665849,0.02543020,0.00766790,29.72072116,0.00000000,51.64562018,35.74031399,0.20714999,-0.47786427,1.32245190,0.21366850,-0.47855923,1.32367582,9.00457112,0.00000009
7.03000000,HOLD_LEG,-0.00460782,-0.01514796,0.00784500,-0.08383496,0.07014924,0.31106025,-0.08674858,0.06585077,0.08665907,0.02542929,0.00766699,29.72154205,0.00000000,51.64461988,35.74089242,0.20714972,-0.47786319,1.32244947,0.21366828,-0.47855823,1.32367356,9.00439353,0.00000010
7.04000000,HOLD_LEG,-0.00460664,-0.01514678,0.00784402,-0.08383440,0.07014889,0.31106023,-0.08674805,0.06585044,0.08665966,0.02542837,0.00766607,29.72208124,0.00000000,51.64354152,35.74164812,0.20714945,-0.47786207,1.32244702,0.21366807,-0.47855723,1.32367129,9.00420761,0.00000007
7.05000000,HOLD_LEG,-0.00460546,-0.01514560,0.00784302,-0.08383383,0.07014853,0.31106020,-0.08674752,0.06585011,0.08666025,0.02542744,0.00766514,29.72290795,0.00000000,51.64176982,35.74214834,0.20714919,-0.47786096,1.32244451,0.21366779,-0.47855591,1.32366828,9.00391327,0.00000000
7.06000000,HOLD_LEG,-0.00460430,-0.01514445,0.00784202,-0.08383327,0.07014817,0.31106017,-0.08674700,0.06584978,0.08666084,0.02542651,0.00766421,29.72366522,0.00000000,51.64091997,35.74267433,0.20714894,-0.47785987,1.32244201,0.21366758,-0.47855493,1.32366605,9.00375414,0.00000003
7.07000000,HOLD_LEG,-0.00460316,-0.01514333,0.00784104,-0.08383273,0.07014781,0.31106013,-0.08674648,0.06584945,0.08666143,0.02542559,0.00766329,29.72437146,0.00000000,51.64006077,35.74319121,0.20714869,-0.47785879,1.32243955,0.21366737,-0.47855397,1.32366387,9.00359093,0.00000007
7.08000000,HOLD_LEG,-0.00460206,-0.01514226,0.00784008,-0.08383219,0.07014746,0.31106009,-0.08674598,0.06584912,0.08666200,0.02542470,0.00766239,29.72501282,0.00000000,51.63874714,35.74367783,0.20714844,-0.47785774,1.32243714,0.21366713,-0.47855284,1.32366130,9.00336008,0.00000003
7.09000000,HOLD_LEG,-0.00460100,-0.01514123,0.00783915,-0.08383168,0.07014711,0.31106005,-0.08674549,0.06584880,0.08666255,0.02542383,0.00766153,29.72560509,0.00000000,51.63821637,35.74415174,0.20714819,-0.47785671,1.32243483,0.21366696,-0.47855205,1.32365950,9.00324470,0.00000009
7.10000000,HOLD_LEG,-0.00460001,-0.01514027,0.00783826,-0.08383118,0.07014678,0.31106000,-0.08674502,0.06584850,0.08666308,0.02542300,0.00766070,29.72612710,0.00000000,51.63694422,35.74458899,0.20714795,-0.47785571,1.32243254,0.21366672,-0.47855092,1.32365695,9.00302153,0.00000003
7.11000000,HOLD_LEG,-0.00459907,-0.01513936,0.00783743,-0.08383071,0.07014646,0.31105996,-0.08674458,0.06584820,0.08666359,0.02542221,0.00765991,29.72659810,0.00000000,51.63653685,35.74499550,0.20714772,-0.47785475,1.32243040,0.21366657,-0.47855022,1.32365535,9.00292516,0.00000008
7.12000000,HOLD_LEG,-0.00459821,-0.01513852,0.00783665,-0.08383027,0.07014616,0.31105991,-0.08674416,0.06584792,0.08666406,0.02542147,0.00765917,29.72699984,0.00000000,51.63548657,35.74535695,0.20714751,-0.47785383,1.32242832,0.21366636,-0.47854924,1.32365313,9.00273610,0.00000003
7.13000000,HOLD_LEG,-0.00459743,-0.01513775,0.00783593,-0.08382986,0.07014588,0.31105987,-0.08674377,0.06584765,0.08666451,0.02542079,0.00765849,29.72734444,0.00000000,51.63482949,35.74567141,0.20714731,-0.47785299,1.32242643,0.21366620,-0.47854850,1.32365144,9.00260526,0.00000003
7.14000000,HOLD_LEG,-0.00459673,-0.01513704,0.00783528,-0.08382948,0.07014562,0.31105982,-0.08674340,0.06584741,0.08666493,0.02542016,0.00765786,29.72763138,0.00000000,51.63431960,35.74594845,0.20714714,-0.47785221,1.32242467,0.21366606,-0.47854783,1.32364991,9.00249834,0.00000003
7.15000000,HOLD_LEG,-0.00459611,-0.01513641,0.00783470,-0.08382913,0.07014538,0.31105978,-0.08674307,0.06584718,0.08666531,0.02541960,0.00765729,29.72786487,0.00000000,51.63434240,35.74617690,0.20714698,-0.47785151,1.32242310,0.21366598,-0.47854746,1.32364907,9.00246997,0.00000009
7.16000000,HOLD_LEG,-0.00459559,-0.01513584,0.00783419,-0.08382882,0.07014516,0.31105974,-0.08674277,0.06584698,0.08666566,0.02541909,0.00765678,29.72803823,0.00000000,51.63378187,35.74637251,0.20714684,-0.47785086,1.32242161,0.21366583,-0.47854680,1.32364758,9.00236008,0.00000005
7.17000000,HOLD_LEG,-0.00459515,-0.01513535,0.00783375,-0.08382854,0.07014497,0.31105971,-0.08674250,0.06584679,0.08666597,0.02541865,0.00765634,29.72815947,0.00000000,51.63371027,35.74650617,0.20714671,-0.47785029,1.32242036,0.21366576,-0.47854647,1.32364682,9.00232111,0.00000008
7.18000000,HOLD_LEG,-0.00459480,-0.01513493,0.00783338,-0.08382829,0.07014481,0.31105967,-0.08674226,0.06584664,0.08666625,0.02541827,0.00765597,29.72823014,0.00000000,51.63357526,35.74659906,0.20714661,-0.47784981,1.32241926,0.21366569,-0.47854613,1.32364605,9.00227540,0.00000009
7.19000000,HOLD_LEG,-0.00459453,-0.01513458,0.00783309,-0.08382808,0.07014467,0.31105964,-0.08674206,0.06584650,0.08666649,0.02541795,0.00765565,29.72825461,0.00000000,51.63345553,35.74665673,0.20714652,-0.47784938,1.32241830,0.21366562,-0.47854581,1.32364532,9.00223478,0.00000008
7.20000000,HOLD_LEG,-0.00459436,-0.01513430,0.00783287,-0.08382791,0.07014456,0.31105961,-0.08674189,0.06584639,0.08666669,0.02541770,0.00765539,29.72823599,0.00000000,51.63331023,35.74668339,0.20714645,-0.47784902,1.32241747,0.21366555,-0.47854547,1.32364455,9.00219414,0.00000005
7.21000000,HOLD_LEG,-0.00459426,-0.01513409,0.00783273,-0.08382776,0.07014447,0.31105958,-0.08674175,0.06584631,0.08666686,0.02541752,0.00765522,29.72817475,0.00000000,51.63352441,35.74663712,0.20714640,-0.47784878,1.32241696,0.21366555,-0.47854547,1.32364455,9.00220380,0.00000010
7.22000000,HOLD_LEG,-0.00459426,-0.01513395,0.00783265,-0.08382766,0.07014441,0.31105956,-0.08674164,0.06584624,0.08666699,0.02541737,0.00765507,29.72807912,0.00000000,51.63342498,35.74660444,0.20714636,-0.47784854,1.32241637,0.21366548,-0.47854515,1.32364383,9.00217656,0.00000007
7.23000000,HOLD_LEG,-0.00459433,-0.01513388,0.00783263,-0.08382758,0.07014438,0.31105954,-0.08674156,0.06584621,0.08666708,0.02541730,0.00765500,29.72794996,0.00000000,51.63367439,35.74650916,0.20714633,-0.47784839,1.32241603,0.21366548,-0.47854515,1.32364383,9.00219688,0.00000009
7.24000000,HOLD_LEG,-0.00459446,-0.01513388,0.00783268,-0.08382754,0.07014437,0.31105952,-0.08674152,0.06584619,0.08666715,0.02541728,0.00765497,29.72821892,0.00000000,51.63395008,35.74603003,0.20714634,-0.47784830,1.32241583,0.21366548,-0.47854515,1.32364383,9.00222093,0.00000000
7.25000000,HOLD_LEG,-0.00459463,-0.01513398,0.00783279,-0.08382752,0.07014438,0.31105950,-0.08674150,0.06584620,0.08666718,0.02541730,0.00765500,29.72782361,0.00000000,51.63420040,35.74608778,0.20714634,-0.47784827,1.32241571,0.21366548,-0.47854515,1.32364383,9.00224525,0.00000004
7.26000000,HOLD_LEG,-0.00459489,-0.01513414,0.00783296,-0.08382754,0.07014442,0.31105949,-0.08674150,0.06584623,0.08666718,0.02541738,0.00765507,29.72755841,0.00000000,51.63445787,35.74596916,0.20714633,-0.47784825,1.32241565,0.21366548,-0.47854515,1.32364383,9.00227530,0.00000010
7.27000000,HOLD_LEG,-0.00459519,-0.01513434,0.00783318,-0.08382758,0.07014448,0.31105948,-0.08674154,0.06584628,0.08666714,0.02541752,0.00765522,29.72728482,0.00000000,51.63499818,35.74576938,0.20714636,-0.47784834,1.32241596,0.21366555,-0.47854548,1.32364457,9.00234563,0.00000007
7.28000000,HOLD_LEG,-0.00459555,-0.01513457,0.00783344,-0.08382765,0.07014455,0.31105947,-0.08674160,0.06584634,0.08666708,0.02541770,0.00765540,29.72699919,0.00000000,51.63553495,35.74554347,0.20714640,-0.47784851,1.32241637,0.21366562,-0.47854580,1.32364529,9.00242044,0.00000006
7.29000000,HOLD_LEG,-0.00459597,-0.01513483,0.00783375,-0.08382775,0.07014464,0.31105947,-0.08674168,0.06584642,0.08666698,0.02541793,0.00765563,29.72670203,0.00000000,51.63606172,35.74529805,0.20714647,-0.47784873,1.32241689,0.21366569,-0.47854612,1.32364602,9.00249725,0.00000009
7.30000000,HOLD_LEG,-0.00459641,-0.01513514,0.00783409,-0.08382786,0.07014475,0.31105946,-0.08674179,0.06584652,0.08666687,0.02541819,0.00765588,29.72676900,0.00000000,51.63661948,35.74474496,0.20714655,-0.47784902,1.32241751,0.21366576,-0.47854645,1.32364678,9.00257674,0.00000006
7.31000000,HOLD_LEG,-0.00459686,-0.01513551,0.00783447,-0.08382800,0.07014487,0.31105947,-0.08674191,0.06584663,0.08666673,0.02541848,0.00765617,29.72628374,0.00000000,51.63709090,35.74462644,0.20714664,-0.47784935,1.32241820,0.21366583,-0.47854677,1.32364751,9.00264774,0.00000007
7.32000000,HOLD_LEG,-0.00459735,-0.01513591,0.00783488,-0.08382816,0.07014501,0.31105947,-0.08674205,0.06584675,0.08666657,0.02541879,0.00765649,29.72590339,0.00000000,51.63758708,35.74439782,0.20714672,-0.47784969,1.32241897,0.21366591,-0.47854713,1.32364832,9.00272584,0.00000009
7.33000000,HOLD_LEG,-0.00459786,-0.01513632,0.00783531,-0.08382833,0.07014515,0.31105947,-0.08674221,0.06584687,0.08666639,0.02541914,0.00765684,29.72553583,0.00000000,51.63867164,35.74414505,0.20714680,-0.47785008,1.32241989,0.21366605,-0.47854780,1.32364986,9.00289112,0.00000005
7.34000000,HOLD_LEG,-0.00459839,-0.01513675,0.00783575,-0.08382852,0.07014530,0.31105948,-0.08674238,0.06584701,0.08666619,0.02541950,0.00765720,29.72516387,0.00000000,51.63898541,35.74387268,0.20714690,-0.47785049,1.32242082,0.21366613,-0.47854816,1.32365066,9.00294515,0.00000006
7.35000000,HOLD_LEG,-0.00459893,-0.01513718,0.00783619,-0.08382872,0.07014545,0.31105949,-0.08674257,0.06584715,0.08666598,0.02541988,0.00765758,29.72480404,0.00000000,51.63930507,35.74361709,0.20714701,-0.47785091,1.32242177,0.21366619,-0.47854848,1.32365139,9.00300364,0.00000009
7.36000000,HOLD_LEG,-0.00459947,-0.01513763,0.00783664,-0.08382893,0.07014561,0.31105950,-0.08674276,0.06584730,0.08666576,0.02542027,0.00765796,29.72445548,0.00000000,51.64020328,35.74334817,0.20714712,-0.47785137,1.32242283,0.21366633,-0.47854912,1.32365285,9.00314560,0.00000009
7.37000000,HOLD_LEG,-0.00460000,-0.01513809,0.00783709,-0.08382914,0.07014577,0.31105951,-0.08674296,0.06584744,0.08666553,0.02542065,0.00765835,29.72445072,0.00000000,51.64052792,35.74284482,0.20714725,-0.47785184,1.32242383,0.21366640,-0.47854945,1.32365359,9.00320146,0.00000007
7.38000000,MOVE_LEG_FORWARD,-0.00460049,-0.01513859,0.00783755,-0.08382936,0.07014593,0.31105953,-0.08674316,0.06584759,0.08666530,0.02542105,0.00765874,29.72399250,0.00000000,51.64148533,35.74271607,0.20714736,-0.47785232,1.32242489,0.21366654,-0.47855009,1.32365507,9.00335263,0.00000001
7.39000000,MOVE_LEG_FORWARD,-0.00460098,-0.01513908,0.00783799,-0.08382958,0.07014609,0.31105954,-0.08674337,0.06584774,0.08666506,0.02542144,0.00765914,29.72362132,0.00000000,51.64165990,35.74251319,0.20714746,-0.47785277,1.32242593,0.21366661,-0.47855042,1.32365580,9.00339094,0.00000006
7.40000000,MOVE_LEG_FORWARD,-0.00460146,-0.01513957,0.00783842,-0.08382981,0.07014624,0.31105956,-0.08674358,0.06584788,0.08666482,0.02542182,0.00765952,29.72328604,0.00000000,51.64266919,35.74233266,0.20714756,-0.47785322,1.32242698,0.21366675,-0.47855105,1.32365725,9.00355542,0.00000000
7.41000000,MOVE_LEG_FORWARD,-0.00460192,-0.01514004,0.00783883,-0.08383003,0.07014640,0.31105957,-0.08674379,0.06584802,0.08666458,0.02542221,0.00765990,29.72296868,0.00000000,51.64283185,35.74212953,0.20714766,-0.47785367,1.32242801,0.21366682,-0.47855141,1.32365805,9.00359280,0.00000003
7.42000000,MOVE_LEG_FORWARD,-0.00460236,-0.01514049,0.00783921,-0.08383026,0.07014654,0.31105958,-0.08674400,0.06584816,0.08666434,0.02542257,0.00766027,29.72267595,0.00000000,51.64306647,35.74194968,0.20714777,-0.47785411,1.32242901,0.21366690,-0.47855175,1.32365882,9.00364295,0.00000005
7.43000000,MOVE_LEG_FORWARD,-0.00460277,-0.01514092,0.00783958,-0.08383047,0.07014668,0.31105960,-0.08674421,0.06584829,0.08666410,0.02542292,0.00766062,29.72240983,0.00000000,51.64334422,35.74179329,0.20714787,-0.47785454,1.32242996,0.21366697,-0.47855207,1.32365956,9.00370057,0.00000008
7.44000000,MOVE_LEG_FORWARD,-0.00460316,-0.01514133,0.00783991,-0.08383069,0.07014681,0.31105961,-0.08674441,0.06584841,0.08666387,0.02542325,0.00766095,29.72216868,0.00000000,51.64363226,35.74165708,0.20714797,-0.47785494,1.32243086,0.21366703,-0.47855238,1.32366027,9.00375989,0.00000009
7.45000000,MOVE_LEG_FORWARD,-0.00460351,-0.01514171,0.00784021,-0.08383089,0.07014693,0.31105962,-0.08674460,0.06584852,0.08666365,0.02542356,0.00766126,29.72195540,0.00000000,51.64465573,35.74153849,0.20714806,-0.47785534,1.32243176,0.21366717,-0.47855303,1.32366174,9.00392616,0.00000001
7.46000000,MOVE_LEG_FORWARD,-0.00460382,-0.01514208,0.00784049,-0.08383108,0.07014705,0.31105963,-0.08674478,0.06584863,0.08666344,0.02542385,0.00766155,29.72176304,0.00000000,51.64496712,35.74143662,0.20714815,-0.47785571,1.32243258,0.21366724,-0.47855335,1.32366247,9.00398740,0.00000002
7.47000000,MOVE_LEG_FORWARD,-0.00460410,-0.01514242,0.00784073,-0.08383127,0.07014715,0.31105964,-0.08674496,0.06584873,0.08666324,0.02542412,0.00766181,29.72159074,0.00000000,51.64453708,35.74134719,0.20714823,-0.47785605,1.32243332,0.21366724,-0.47855335,1.32366247,9.00393857,0.00000009
7.48000000,MOVE_LEG_FORWARD,-0.00460434,-0.01514273,0.00784094,-0.08383144,0.07014725,0.31105965,-0.08674513,0.06584882,0.08666305,0.02542436,0.00766206,29.72144540,0.00000000,51.64482416,35.74127567,0.20714830,-0.47785637,1.32243405,0.21366731,-0.47855367,1.32366320,9.00399405,0.00000007
7.49000000,MOVE_LEG_FORWARD,-0.00460455,-0.01514302,0.00784112,-0.08383161,0.07014733,0.31105965,-0.08674528,0.06584890,0.08666288,0.02542458,0.00766227,29.72132294,0.00000000,51.64514706,35.74121915,0.20714836,-0.47785666,1.32243472,0.21366738,-0.47855401,1.32366396,9.00405341,0.00000005
7.50000000,MOVE_LEG_FORWARD,-0.00460472,-0.01514329,0.00784127,-0.08383176,0.07014740,0.31105966,-0.08674542,0.06584897,0.08666271,0.02542476,0.00766246,29.72122902,0.00000000,51.64567070,35.74120552,0.20714841,-0.47785691,1.32243525,0.21366745,-0.47855433,1.32366469,9.00414452,0.00000007
7.51000000,MOVE_LEG_FORWARD,-0.00460485,-0.01514351,0.00784139,-0.08383189,0.07014747,0.31105966,-0.08674555,0.06584903,0.08666256,0.02542493,0.00766263,29.72114455,0.00000000,51.64533273,35.74118418,0.20714846,-0.47785715,1.32243579,0.21366745,-0.47855433,1.32366469,9.00410721,0.00000008
7.52000000,MOVE_LEG_FORWARD,-0.00460495,-0.01514373,0.00784148,-0.08383201,0.07014752,0.31105967,-0.08674567,0.06584908,0.08666243,0.02542506,0.00766276,29.72109118,0.00000000,51.64589242,35.74119799,0.20714849,-0.47785732,1.32243618,0.21366752,-0.47855466,1.32366543,9.00420100,0.00000010
7.53000000,MOVE_LEG_FORWARD,-0.00460504,-0.01514386,0.00784154,-0.08383212,0.07014756,0.31105967,-0.08674578,0.06584912,0.08666231,0.02542519,0.00766288,29.72077767,0.00000000,51.64547600,35.74139115,0.20714852,-0.47785750,1.32243664,0.21366752,-0.47855466,1.32366543,9.00415534,0.00000004
7.54000000,MOVE_LEG_FORWARD,-0.00460511,-0.01514397,0.00784156,-0.08383222,0.07014759,0.31105967,-0.08674587,0.06584915,0.08666221,0.02542527,0.00766297,29.72084338,0.00000000,51.64541567,35.74137057,0.20714855,-0.47785762,1.32243690,0.21366752,-0.47855466,1.32366543,9.00415984,0.00000007
7.55000000,MOVE_LEG_FORWARD,-0.00460515,-0.01514405,0.00784155,-0.08383229,0.07014762,0.31105967,-0.08674595,0.06584918,0.08666212,0.02542532,0.00766302,29.72089070,0.00000000,51.64537521,35.74139471,0.20714857,-0.47785771,1.32243704,0.21366752,-0.47855466,1.32366543,9.00416331,0.00000008
7.56000000,MOVE_LEG_FORWARD,-0.00460515,-0.01514411,0.00784152,-0.08383236,0.07014763,0.31105967,-0.08674601,0.06584919,0.08666206,0.02542534,0.00766304,29.72094814,0.00000000,51.64533728,35.74144052,0.20714858,-0.47785776,1.32243711,0.21366752,-0.47855466,1.32366543,9.00416439,0.00000010
7.57000000,MOVE_LEG_FORWARD,-0.00460512,-0.01514416,0.00784147,-0.08383240,0.07014764,0.31105966,-0.08674606,0.06584920,0.08666200,0.02542535,0.00766305,29.72101631,0.00000000,51.64529368,35.74149852,0.20714858,-0.47785778,1.32243716,0.21366752,-0.47855466,1.32366543,9.00416289,0.00000010
7.58000000,MOVE_LEG_FORWARD,-0.00460505,-0.01514419,0.00784140,-0.08383244,0.07014764,0.31105966,-0.08674609,0.06584920,0.08666197,0.02542534,0.00766304,29.72109378,0.00000000,51.64523869,35.74156218,0.20714858,-0.47785779,1.32243718,0.21366752,-0.47855466,1.32366543,9.00415868,0.00000009
7.59000000,MOVE_LEG_FORWARD,-0.00460496,-0.01514419,0.00784132,-0.08383246,0.07014763,0.31105966,-0.08674611,0.06584920,0.08666194,0.02542532,0.00766302,29.72117846,0.00000000,51.64516897,35.74162771,0.20714857,-0.47785779,1.32243720,0.21366752,-0.47855466,1.32366543,9.00415170,0.00000008
7.60000000,MOVE_LEG_FORWARD,-0.00460485,-0.01514417,0.00784122,-0.08383247,0.07014761,0.31105965,-0.08674612,0.06584918,0.08666193,0.02542529,0.00766299,29.72126795,0.00000000,51.64508308,35.74169343,0.20714856,-0.47785779,1.32243721,0.21366752,-0.47855466,1.32366543,9.00414194,0.00000008
7.61000000,MOVE_LEG_FORWARD,-0.00460471,-0.01514411,0.00784112,-0.08383246,0.07014758,0.31105965,-0.08674612,0.06584916,0.08666193,0.02542524,0.00766294,29.72135990,0.00000000,51.64498096,35.74175890,0.20714855,-0.47785779,1.32243721,0.21366752,-0.47855466,1.32366543,9.00412944,0.00000009
7.62000000,MOVE_LEG_FORWARD,-0.00460456,-0.01514403,0.00784101,-0.08383245,0.07014755,0.31105965,-0.08674611,0.06584913,0.08666195,0.02542519,0.00766289,29.72103257,0.00000000,51.64481944,35.74217570,0.20714853,-0.47785778,1.32243721,0.21366752,-0.47855466,1.32366543,9.00411153,0.00000000
7.63000000,MOVE_LEG_FORWARD,-0.00460443,-0.01514388,0.00784088,-0.08383242,0.07014752,0.31105966,-0.08674609,0.06584910,0.08666197,0.02542513,0.00766283,29.72133282,0.00000000,51.64468323,35.74204265,0.20714852,-0.47785776,1.32243722,0.21366752,-0.47855466,1.32366543,9.00409600,0.00000004
7.64000000,MOVE_LEG_FORWARD,-0.00460427,-0.01514371,0.00784076,-0.08383238,0.07014748,0.31105966,-0.08674606,0.06584906,0.08666201,0.02542506,0.00766276,29.72148275,0.00000000,51.64454806,35.74206719,0.20714853,-0.47785777,1.32243722,0.21366752,-0.47855466,1.32366543,9.00407775,0.00000009
7.65000000,MOVE_LEG_FORWARD,-0.00460412,-0.01514354,0.00784062,-0.08383233,0.07014743,0.31105967,-0.08674601,0.06584902,0.08666206,0.02542495,0.00766265,29.72162247,0.00000000,51.64414073,35.74215628,0.20714851,-0.47785768,1.32243691,0.21366745,-0.47855434,1.32366471,9.00402216,0.00000004
7.66000000,MOVE_LEG_FORWARD,-0.00460394,-0.01514337,0.00784049,-0.08383227,0.07014738,0.31105967,-0.08674596,0.06584898,0.08666212,0.02542484,0.00766254,29.72175727,0.00000000,51.64406436,35.74221976,0.20714849,-0.47785760,1.32243673,0.21366745,-0.47855434,1.32366471,9.00400645,0.00000009
7.67000000,MOVE_LEG_FORWARD,-0.00460376,-0.01514321,0.00784035,-0.08383220,0.07014733,0.31105968,-0.08674590,0.06584893,0.08666219,0.02542471,0.00766241,29.72189394,0.00000000,51.64367765,35.74232865,0.20714846,-0.47785744,1.32243632,0.21366738,-0.47855402,1.32366400,9.00394945,0.00000004
7.68000000,MOVE_LEG_FORWARD,-0.00460356,-0.01514304,0.00784021,-0.08383213,0.07014727,0.31105968,-0.08674583,0.06584888,0.08666228,0.02542460,0.00766229,29.72202968,0.00000000,51.64361086,35.74239641,0.20714842,-0.47785731,1.32243608,0.21366738,-0.47855402,1.32366400,9.00393242,0.00000010
7.69000000,MOVE_LEG_FORWARD,-0.00460337,-0.01514287,0.00784007,-0.08383205,0.07014722,0.31105969,-0.08674575,0.06584883,0.08666237,0.02542446,0.00766215,29.72216969,0.00000000,51.64323958,35.74250154,0.20714838,-0.47785711,1.32243563,0.21366731,-0.47855371,1.32366327,9.00387588,0.00000005
7.70000000,MOVE_LEG_FORWARD,-0.00460316,-0.01514269,0.00783994,-0.08383196,0.07014716,0.31105969,-0.08674567,0.06584878,0.08666246,0.02542433,0.00766203,29.72230505,0.00000000,51.64242163,35.74255609,0.20714834,-0.47785696,1.32243533,0.21366724,-0.47855338,1.32366252,9.00374767,0.00000001
7.71000000,MOVE_LEG_FORWARD,-0.00460297,-0.01514251,0.00783980,-0.08383186,0.07014710,0.31105970,-0.08674558,0.06584873,0.08666256,0.02542418,0.00766188,29.72245143,0.00000000,51.64279601,35.74265556,0.20714829,-0.47785676,1.32243488,0.21366724,-0.47855338,1.32366252,9.00380017,0.00000006
7.72000000,MOVE_LEG_FORWARD,-0.00460278,-0.01514232,0.00783966,-0.08383177,0.07014704,0.31105970,-0.08674549,0.06584867,0.08666266,0.02542405,0.00766175,29.72259089,0.00000000,51.64223592,35.74272738,0.20714826,-0.47785659,1.32243451,0.21366718,-0.47855306,1.32366180,9.00371301,0.00000001
7.73000000,MOVE_LEG_FORWARD,-0.00460259,-0.01514213,0.00783953,-0.08383167,0.07014699,0.31105971,-0.08674540,0.06584862,0.08666277,0.02542391,0.00766160,29.72273291,0.00000000,51.64238401,35.74279084,0.20714822,-0.47785641,1.32243410,0.21366718,-0.47855306,1.32366180,9.00372766,0.00000007
7.74000000,MOVE_LEG_FORWARD,-0.00460241,-0.01514194,0.00783940,-0.08383157,0.07014693,0.31105971,-0.08674531,0.06584857,0.08666287,0.02542376,0.00766146,29.72287133,0.00000000,51.64193949,35.74286716,0.20714818,-0.47785622,1.32243369,0.21366711,-0.47855274,1.32366107,9.00365857,0.00000002
7.75000000,MOVE_LEG_FORWARD,-0.00460223,-0.01514174,0.00783927,-0.08383147,0.07014687,0.31105971,-0.08674521,0.06584851,0.08666298,0.02542363,0.00766132,29.72300535,0.00000000,51.64199323,35.74291265,0.20714814,-0.47785605,1.32243332,0.21366711,-0.47855274,1.32366107,9.00365750,0.00000008
7.76000000,MOVE_LEG_FORWARD,-0.00460207,-0.01514155,0.00783915,-0.08383137,0.07014682,0.31105971,-0.08674512,0.06584846,0.08666308,0.02542348,0.00766118,29.72313642,0.00000000,51.64162697,35.74298691,0.20714810,-0.47785586,1.32243288,0.21366704,-0.47855243,1.32366036,9.00359992,0.00000003
7.77000000,MOVE_LEG_FORWARD,-0.00460191,-0.01514136,0.00783903,-0.08383127,0.07014677,0.31105971,-0.08674502,0.06584841,0.08666319,0.02542335,0.00766105,29.72326002,0.00000000,51.64163925,35.74302227,0.20714806,-0.47785571,1.32243256,0.21366704,-0.47855243,1.32366036,9.00359208,0.00000008
7.78000000,MOVE_LEG_FORWARD,-0.00460176,-0.01514117,0.00783891,-0.08383117,0.07014672,0.31105971,-0.08674493,0.06584837,0.08666329,0.02542321,0.00766091,29.72337910,0.00000000,51.64130361,35.74309163,0.20714802,-0.47785552,1.32243211,0.21366697,-0.47855211,1.32365965,9.00353908,0.00000003
7.79000000,MOVE_LEG_FORWARD,-0.00460162,-0.01514099,0.00783881,-0.08383108,0.07014667,0.31105971,-0.08674484,0.06584832,0.08666339,0.02542309,0.00766079,29.72348883,0.00000000,51.64131643,35.74311981,0.20714798,-0.47785538,1.32243181,0.21366697,-0.47855211,1.32365965,9.00353130,0.00000008
7.80000000,MOVE_LEG_FORWARD,-0.00460149,-0.01514082,0.00783871,-0.08383099,0.07014663,0.31105971,-0.08674476,0.06584828,0.08666349,0.02542296,0.00766066,29.72359193,0.00000000,51.64097285,35.74318119,0.20714795,-0.47785521,1.32243140,0.21366691,-0.47855179,1.32365893,9.00347756,0.00000003
7.81000000,MOVE_LEG_FORWARD,-0.00460138,-0.01514066,0.00783861,-0.08383090,0.07014659,0.31105971,-0.08674467,0.06584824,0.08666358,0.02542285,0.00766055,29.72368462,0.00000000,51.64102118,35.74320411,0.20714791,-0.47785506,1.32243110,0.21366691,-0.47855179,1.32365893,9.00347529,0.00000007
7.82000000,MOVE_LEG_FORWARD,-0.00460127,-0.01514050,0.00783853,-0.08383082,0.07014655,0.31105971,-0.08674460,0.06584821,0.08666367,0.02542275,0.00766044,29.72376622,0.00000000,51.64052538,35.74324041,0.20714789,-0.47785494,1.32243081,0.21366684,-0.47855148,1.32365822,9.00339797,0.00000003
7.83000000,MOVE_LEG_FORWARD,-0.00460118,-0.01514037,0.00783845,-0.08383074,0.07014651,0.31105970,-0.08674452,0.06584818,0.08666375,0.02542264,0.00766033,29.72384186,0.00000000,51.64074909,35.74327142,0.20714785,-0.47785478,1.32243045,0.21366684,-0.47855148,1.32365822,9.00342412,0.00000004
7.84000000,MOVE_LEG_FORWARD,-0.00460110,-0.01514024,0.00783837,-0.08383067,0.07014648,0.31105970,-0.08674445,0.06584815,0.08666383,0.02542255,0.00766025,29.72390504,0.00000000,51.64076212,35.74327920,0.20714782,-0.47785468,1.32243025,0.21366684,-0.47855148,1.32365822,9.00341788,0.00000007
7.85000000,MOVE_LEG_FORWARD,-0.00460103,-0.01514011,0.00783831,-0.08383060,0.07014646,0.31105970,-0.08674439,0.06584812,0.08666390,0.02542248,0.00766018,29.72395167,0.00000000,51.64018651,35.74328855,0.20714781,-0.47785460,1.32243006,0.21366677,-0.47855117,1.32365750,9.00332924,0.00000005
7.86000000,MOVE_LEG_FORWARD,-0.00460098,-0.01514001,0.00783826,-0.08383054,0.07014643,0.31105969,-0.08674433,0.06584810,0.08666396,0.02542239,0.00766009,29.72399919,0.00000000,51.64051493,35.74332130,0.20714778,-0.47785446,1.32242971,0.21366677,-0.47855117,1.32365750,9.00337359,0.00000006
7.87000000,MOVE_LEG_FORWARD,-0.00460094,-0.01513993,0.00783821,-0.08383049,0.07014641,0.31105969,-0.08674428,0.06584808,0.08666402,0.02542233,0.00766002,29.72403202,0.00000000,51.64055436,35.74332094,0.20714775,-0.47785436,1.32242952,0.21366677,-0.47855117,1.32365750,9.00337211,0.00000007
7.88000000,MOVE_LEG_FORWARD,-0.00460091,-0.01513985,0.00783818,-0.08383044,0.07014640,0.31105969,-0.08674423,0.06584807,0.08666407,0.02542228,0.00765998,29.72405451,0.00000000,51.64057615,35.74331163,0.20714774,-0.47785431,1.32242942,0.21366677,-0.47855117,1.32365750,9.00336971,0.00000008
7.89000000,MOVE_LEG_FORWARD,-0.00460089,-0.01513977,0.00783815,-0.08383040,0.07014639,0.31105968,-0.08674419,0.06584805,0.08666412,0.02542224,0.00765994,29.72406570,0.00000000,51.64059346,35.74329587,0.20714774,-0.47785428,1.32242936,0.21366677,-0.47855117,1.32365750,9.00336800,0.00000008
7.90000000,MOVE_LEG_FORWARD,-0.00460088,-0.01513971,0.00783814,-0.08383036,0.07014638,0.31105968,-0.08674416,0.06584805,0.08666415,0.02542222,0.00765992,29.72406550,0.00000000,51.64060988,35.74327682,0.20714773,-0.47785426,1.32242932,0.21366677,-0.47855117,1.32365750,9.00336708,0.00000009
7.91000000,MOVE_LEG_FORWARD,-0.00460087,-0.01513966,0.00783813,-0.08383034,0.07014637,0.31105968,-0.08674413,0.06584804,0.08666418,0.02542220,0.00765990,29.72474855,0.00000000,51.64063176,35.74244930,0.20714773,-0.47785426,1.32242930,0.21366677,-0.47855117,1.32365750,9.00336697,0.00000009
7.92000000,MOVE_LEG_FORWARD,-0.00460084,-0.01513966,0.00783815,-0.08383031,0.07014637,0.31105968,-0.08674411,0.06584804,0.08666421,0.02542219,0.00765989,29.72427210,0.00000000,51.64069852,35.74306398,0.20714775,-0.47785428,1.32242928,0.21366677,-0.47855117,1.32365750,9.00336897,0.00000010
7.93000000,MOVE_LEG_FORWARD,-0.00460085,-0.01513971,0.00783818,-0.08383030,0.07014637,0.31105968,-0.08674410,0.06584803,0.08666422,0.02542216,0.00765986,29.72417628,0.00000000,51.64045240,35.74314133,0.20714772,-0.47785418,1.32242898,0.21366670,-0.47855085,1.32365679,9.00333407,0.00000001
7.94000000,MOVE_LEG_FORWARD,-0.00460087,-0.01513977,0.00783821,-0.08383029,0.07014637,0.31105968,-0.08674409,0.06584803,0.08666424,0.02542215,0.00765985,29.72410098,0.00000000,51.64053786,35.74316206,0.20714769,-0.47785407,1.32242880,0.21366670,-0.47855085,1.32365679,9.00334192,0.00000002
7.95000000,MOVE_LEG_FORWARD,-0.00460089,-0.01513983,0.00783824,-0.08383029,0.07014637,0.31105968,-0.08674408,0.06584803,0.08666424,0.02542216,0.00765986,29.72403297,0.00000000,51.64058893,35.74316371,0.20714767,-0.47785400,1.32242870,0.21366670,-0.47855085,1.32365679,9.00334657,0.00000003
7.96000000,MOVE_LEG_FORWARD,-0.00460093,-0.01513990,0.00783827,-0.08383030,0.07014637,0.31105968,-0.08674409,0.06584804,0.08666423,0.02542217,0.00765987,29.72397011,0.00000000,51.64063549,35.74315150,0.20714767,-0.47785396,1.32242865,0.21366670,-0.47855085,1.32365679,9.00335226,0.00000005
7.97000000,MOVE_LEG_FORWARD,-0.00460098,-0.01513996,0.00783830,-0.08383031,0.07014638,0.31105967,-0.08674410,0.06584804,0.08666422,0.02542219,0.00765989,29.72391124,0.00000000,51.64068336,35.74313225,0.20714767,-0.47785394,1.32242862,0.21366670,-0.47855085,1.32365679,9.00335924,0.00000006
7.98000000,MOVE_LEG_FORWARD,-0.00460104,-0.01514003,0.00783833,-0.08383033,0.07014639,0.31105967,-0.08674411,0.06584805,0.08666420,0.02542222,0.00765992,29.72385534,0.00000000,51.64073602,35.74311110,0.20714768,-0.47785393,1.32242860,0.21366670,-0.47855085,1.32365679,9.00336753,0.00000008
7.99000000,MOVE_LEG_FORWARD,-0.00460110,-0.01514010,0.00783836,-0.08383035,0.07014640,0.31105966,-0.08674413,0.06584806,0.08666418,0.02542225,0.00765995,29.72380563,0.00000000,51.64136961,35.74307967,0.20714769,-0.47785396,1.32242867,0.21366677,-0.47855117,1.32365751,9.00345920,0.00000003
8.00000000,MOVE_LEG_FORWARD,-0.00460115,-0.01514014,0.00783840,-0.08383038,0.07014642,0.31105966,-0.08674416,0.06584808,0.08666414,0.02542231,0.00766001,29.72374271,0.00000000,51.64109668,35.74302075,0.20714772,-0.47785407,1.32242895,0.21366677,-0.47855117,1.32365751,9.00341900,0.00000003
8.01000000,MOVE_LEG_FORWARD,-0.00460122,-0.01514020,0.00783845,-0.08383041,0.07014643,0.31105965,-0.08674419,0.06584809,0.08666411,0.02542236,0.00766005,29.72368162,0.00000000,51.64111921,35.74299446,0.20714774,-0.47785416,1.32242910,0.21366677,-0.47855117,1.32365751,9.00342652,0.00000003
8.02000000,MOVE_LEG_FORWARD,-0.00460129,-0.01514027,0.00783849,-0.08383045,0.07014645,0.31105965,-0.08674423,0.06584811,0.08666407,0.02542239,0.00766009,29.72361837,0.00000000,51.64116628,35.74297780,0.20714775,-0.47785421,1.32242918,0.21366677,-0.47855117,1.32365751,9.00343658,0.00000006
8.03000000,MOVE_LEG_FORWARD,-0.00460137,-0.01514035,0.00783853,-0.08383049,0.07014647,0.31105964,-0.08674426,0.06584812,0.08666403,0.02542243,0.00766013,29.72355510,0.00000000,51.64122515,35.74296805,0.20714776,-0.47785424,1.32242922,0.21366677,-0.47855117,1.32365751,9.00344746,0.00000008
8.04000000,MOVE_LEG_FORWARD,-0.00460145,-0.01514044,0.00783857,-0.08383053,0.07014649,0.31105964,-0.08674430,0.06584814,0.08666399,0.02542248,0.00766017,29.72349747,0.00000000,51.64187278,35.74294971,0.20714776,-0.47785429,1.32242933,0.21366684,-0.47855149,1.32365824,9.00354204,0.00000003
8.05000000,MOVE_LEG_FORWARD,-0.00460151,-0.01514051,0.00783862,-0.08383058,0.07014651,0.31105963,-0.08674434,0.06584816,0.08666394,0.02542255,0.00766025,29.72342756,0.00000000,51.64160109,35.74290110,0.20714779,-0.47785440,1.32242964,0.21366684,-0.47855149,1.32365824,9.00350257,0.00000003
8.06000000,MOVE_LEG_FORWARD,-0.00460159,-0.01514060,0.00783867,-0.08383062,0.07014653,0.31105963,-0.08674439,0.06584818,0.08666389,0.02542261,0.00766030,29.72336155,0.00000000,51.64162411,35.74288131,0.20714780,-0.47785449,1.32242980,0.21366684,-0.47855149,1.32365824,9.00351071,0.00000005
8.07000000,MOVE_LEG_FORWARD,-0.00460167,-0.01514069,0.00783872,-0.08383067,0.07014656,0.31105962,-0.08674443,0.06584820,0.08666385,0.02542266,0.00766035,29.72329589,0.00000000,51.64166735,35.74286705,0.20714782,-0.47785454,1.32242989,0.21366684,-0.47855149,1.32365824,9.00352081,0.00000007
8.08000000,MOVE_LEG_FORWARD,-0.00460176,-0.01514080,0.00783877,-0.08383072,0.07014658,0.31105962,-0.08674448,0.06584822,0.08666380,0.02542270,0.00766040,29.72323639,0.00000000,51.64243035,35.74285893,0.20714782,-0.47785459,1.32242999,0.21366691,-0.47855180,1.32365895,9.00363580,0.00000004
8.09000000,MOVE_LEG_FORWARD,-0.00460182,-0.01514088,0.00783882,-0.08383077,0.07014660,0.31105962,-0.08674452,0.06584824,0.08666375,0.02542279,0.00766048,29.72316765,0.00000000,51.64201723,35.74279573,0.20714785,-0.47785471,1.32243032,0.21366691,-0.47855180,1.32365895,9.00357386,0.00000004
8.10000000,MOVE_LEG_FORWARD,-0.00460189,-0.01514097,0.00783888,-0.08383082,0.07014662,0.31105961,-0.08674457,0.06584826,0.08666369,0.02542285,0.00766055,29.72310408,0.00000000,51.64201923,35.74277363,0.20714787,-0.47785480,1.32243050,0.21366691,-0.47855180,1.32365895,9.00357961,0.00000005
8.11000000,MOVE_LEG_FORWARD,-0.00460197,-0.01514106,0.00783893,-0.08383086,0.07014665,0.31105961,-0.08674461,0.06584828,0.08666365,0.02542290,0.00766060,29.72304281,0.00000000,51.64204476,35.74275765,0.20714789,-0.47785486,1.32243060,0.21366691,-0.47855180,1.32365895,9.00358766,0.00000007
8.12000000,MOVE_LEG_FORWARD,-0.00460205,-0.01514116,0.00783898,-0.08383091,0.07014667,0.31105961,-0.08674466,0.06584830,0.08666360,0.02542295,0.00766065,29.72298638,0.00000000,51.64207793,35.74274632,0.20714790,-0.47785489,1.32243065,0.21366691,-0.47855180,1.32365895,9.00359583,0.00000010
8.13000000,MOVE_LEG_FORWARD,-0.00460211,-0.01514124,0.00783903,-0.08383096,0.07014669,0.31105961,-0.08674470,0.06584832,0.08666355,0.02542303,0.00766073,29.72293065,0.00000000,51.64237070,35.74268692,0.20714792,-0.47785502,1.32243101,0.21366698,-0.47855212,1.32365968,9.00363751,0.00000005
8.14000000,MOVE_LEG_FORWARD,-0.00460217,-0.01514132,0.00783908,-0.08383100,0.07014671,0.31105961,-0.08674474,0.06584834,0.08666350,0.02542310,0.00766079,29.72287851,0.00000000,51.64234794,35.74266519,0.20714795,-0.47785511,1.32243120,0.21366698,-0.47855212,1.32365968,9.00363980,0.00000005
8.15000000,MOVE_LEG_FORWARD,-0.00460223,-0.01514140,0.00783913,-0.08383104,0.07014673,0.31105962,-0.08674478,0.06584836,0.08666346,0.02542315,0.00766084,29.72283022,0.00000000,51.64235407,35.74265031,0.20714796,-0.47785517,1.32243131,0.21366698,-0.47855212,1.32365968,9.00364516,0.00000006
8.16000000,MOVE_LEG_FORWARD,-0.00460230,-0.01514148,0.00783918,-0.08383108,0.07014675,0.31105962,-0.08674482,0.06584838,0.08666342,0.02542319,0.00766089,29.72278814,0.00000000,51.64236813,35.74264124,0.20714797,-0.47785521,1.32243137,0.21366698,-0.47855212,1.32365968,9.00365056,0.00000008
8.17000000,MOVE_LEG_FORWARD,-0.00460235,-0.01514156,0.00783922,-0.08383112,0.07014677,0.31105962,-0.08674485,0.06584840,0.08666338,0.02542324,0.00766093,29.72275759,0.00000000,51.64296083,35.74262374,0.20714798,-0.47785525,1.32243149,0.21366704,-0.47855244,1.32366039,9.00373795,0.00000006
8.18000000,MOVE_LEG_FORWARD,-0.00460238,-0.01514161,0.00783926,-0.08383115,0.07014678,0.31105962,-0.08674489,0.06584841,0.08666334,0.02542331,0.00766100,29.72272035,0.00000000,51.64264194,35.74257733,0.20714801,-0.47785536,1.32243179,0.21366704,-0.47855244,1.32366039,9.00369218,0.00000007
8.19000000,MOVE_LEG_FORWARD,-0.00460242,-0.01514166,0.00783931,-0.08383119,0.07014680,0.31105962,-0.08674492,0.06584843,0.08666331,0.02542336,0.00766105,29.72269181,0.00000000,51.64261227,35.74256109,0.20714803,-0.47785545,1.32243196,0.21366704,-0.47855244,1.32366039,9.00369290,0.00000007
8.20000000,MOVE_LEG_FORWARD,-0.00460246,-0.01514171,0.00783934,-0.08383122,0.07014681,0.31105963,-0.08674495,0.06584844,0.08666327,0.02542339,0.00766109,29.72266767,0.00000000,51.64260092,35.74255246,0.20714804,-0.47785550,1.32243205,0.21366704,-0.47855244,1.32366039,9.00369505,0.00000007
8.21000000,MOVE_LEG_FORWARD,-0.00460250,-0.01514176,0.00783938,-0.08383124,0.07014682,0.31105963,-0.08674497,0.06584845,0.08666325,0.02542342,0.00766112,29.72264940,0.00000000,51.64259580,35.74254984,0.20714804,-0.47785553,1.32243210,0.21366704,-0.47855244,1.32366039,9.00369702,0.00000007
8.22000000,MOVE_LEG_FORWARD,-0.00460253,-0.01514181,0.00783941,-0.08383126,0.07014683,0.31105963,-0.08674499,0.06584846,0.08666322,0.02542345,0.00766115,29.72263787,0.00000000,51.64259395,35.74255046,0.20714805,-0.47785554,1.32243213,0.21366704,-0.47855244,1.32366039,9.00369874,0.00000007
8.23000000,MOVE_LEG_FORWARD,-0.00460255,-0.01514185,0.00783943,-0.08383128,0.07014684,0.31105964,-0.08674501,0.06584847,0.08666320,0.02542347,0.00766117,29.72263341,0.00000000,51.64259332,35.74255232,0.20714805,-0.47785555,1.32243215,0.21366704,-0.47855244,1.32366039,9.00370018,0.00000008
8.24000000,MOVE_LEG_FORWARD,-0.00460257,-0.01514189,0.00783944,-0.08383130,0.07014685,0.31105964,-0.08674503,0.06584848,0.08666319,0.02542349,0.00766119,29.72263577,0.00000000,51.64259251,35.74255441,0.20714805,-0.47785555,1.32243216,0.21366704,-0.47855244,1.32366039,9.00370134,0.00000008
8.25000000,MOVE_LEG_FORWARD,-0.00460258,-0.01514192,0.00783946,-0.08383131,0.07014686,0.31105964,-0.08674504,0.06584848,0.08666317,0.02542350,0.00766120,29.72264427,0.00000000,51.64259067,35.74255643,0.20714805,-0.47785555,1.32243217,0.21366704,-0.47855244,1.32366039,9.00370218,0.00000009
8.26000000,MOVE_LEG_FORWARD,-0.00460259,-0.01514194,0.00783946,-0.08383133,0.07014686,0.31105964,-0.08674505,0.06584849,0.08666316,0.02542351,0.00766121,29.72265788,0.00000000,51.64258730,35.74255855,0.20714805,-0.47785555,1.32243217,0.21366704,-0.47855244,1.32366039,9.00370270,0.00000010
8.27000000,MOVE_LEG_FORWARD,-0.00460260,-0.01514196,0.00783946,-0.08383133,0.07014687,0.31105964,-0.08674506,0.06584849,0.08666315,0.02542352,0.00766121,29.72267548,0.00000000,51.64258215,35.74256107,0.20714805,-0.47785554,1.32243217,0.21366704,-0.47855244,1.32366039,9.00370286,0.00000010
8.28000000,MOVE_LEG_FORWARD,-0.00460258,-0.01514195,0.00783947,-0.08383134,0.07014687,0.31105964,-0.08674507,0.06584850,0.08666314,0.02542355,0.00766124,29.72269128,0.00000000,51.64285441,35.74251846,0.20714807,-0.47785564,1.32243245,0.21366711,-0.47855275,1.32366110,9.00373922,0.00000009
8.29000000,MOVE_LEG_FORWARD,-0.00460256,-0.01514192,0.00783947,-0.08383134,0.07014687,0.31105964,-0.08674507,0.06584850,0.08666313,0.02542357,0.00766126,29.72270485,0.00000000,51.64276383,35.74250933,0.20714809,-0.47785573,1.32243264,0.21366711,-0.47855275,1.32366110,9.00372981,0.00000009
8.30000000,MOVE_LEG_FORWARD,-0.00460254,-0.01514189,0.00783947,-0.08383134,0.07014687,0.31105965,-0.08674507,0.06584850,0.08666313,0.02542357,0.00766127,29.72271446,0.00000000,51.64271631,35.74250866,0.20714810,-0.47785579,1.32243274,0.21366711,-0.47855275,1.32366110,9.00372591,0.00000009
8.31000000,MOVE_LEG_FORWARD,-0.00460251,-0.01514186,0.00783947,-0.08383134,0.07014687,0.31105965,-0.08674507,0.06584849,0.08666313,0.02542357,0.00766127,29.72272207,0.00000000,51.64267557,35.74251628,0.20714810,-0.47785583,1.32243280,0.21366711,-0.47855275,1.32366110,9.00372177,0.00000008
8.32000000,MOVE_LEG_FORWARD,-0.00460248,-0.01514184,0.00783947,-0.08383134,0.07014686,0.31105966,-0.08674507,0.06584849,0.08666313,0.02542357,0.00766127,29.72272924,0.00000000,51.64263796,35.74252898,0.20714811,-0.47785585,1.32243283,0.21366711,-0.47855275,1.32366110,9.00371716,0.00000008
8.33000000,MOVE_LEG_FORWARD,-0.00460245,-0.01514181,0.00783947,-0.08383133,0.07014685,0.31105966,-0.08674506,0.06584848,0.08666314,0.02542356,0.00766126,29.72273738,0.00000000,51.64260143,35.74254386,0.20714811,-0.47785586,1.32243285,0.21366711,-0.47855275,1.32366110,9.00371211,0.00000009
8.34000000,MOVE_LEG_FORWARD,-0.00460241,-0.01514178,0.00783947,-0.08383132,0.07014684,0.31105967,-0.08674505,0.06584847,0.08666315,0.02542356,0.00766125,29.72274750,0.00000000,51.64256464,35.74255906,0.20714811,-0.47785586,1.32243287,0.21366711,-0.47855275,1.32366110,9.00370666,0.00000009
8.35000000,MOVE_LEG_FORWARD,-0.00460237,-0.01514175,0.00783946,-0.08383131,0.07014683,0.31105967,-0.08674504,0.06584846,0.08666316,0.02542355,0.00766124,29.72276020,0.00000000,51.64252688,35.74257371,0.20714811,-0.47785586,1.32243287,0.21366711,-0.47855275,1.32366110,9.00370087,0.00000009
8.36000000,MOVE_LEG_FORWARD,-0.00460232,-0.01514172,0.00783944,-0.08383130,0.07014682,0.31105968,-0.08674503,0.06584845,0.08666318,0.02542353,0.00766123,29.72277571,0.00000000,51.64248796,35.74258767,0.20714811,-0.47785586,1.32243288,0.21366711,-0.47855275,1.32366110,9.00369478,0.00000009
8.37000000,MOVE_LEG_FORWARD,-0.00460227,-0.01514168,0.00783943,-0.08383128,0.07014681,0.31105968,-0.08674502,0.06584844,0.08666319,0.02542352,0.00766122,29.72279400,0.00000000,51.64244797,35.74260123,0.20714811,-0.47785586,1.32243288,0.21366711,-0.47855275,1.32366110,9.00368845,0.00000009
8.38000000,RETURN_LEG,-0.00460222,-0.01514164,0.00783941,-0.08383126,0.07014679,0.31105969,-0.08674500,0.06584843,0.08666321,0.02542349,0.00766119,29.72281476,0.00000000,51.64192628,35.74263989,0.20714811,-0.47785582,1.32243276,0.21366704,-0.47855244,1.32366039,9.00361473,0.00000009
8.39000000,RETURN_LEG,-0.00460219,-0.01514162,0.00783938,-0.08383124,0.07014678,0.31105969,-0.08674498,0.06584841,0.08666323,0.02542344,0.00766114,29.72284601,0.00000000,51.64213891,35.74268253,0.20714808,-0.47785571,1.32243250,0.21366704,-0.47855244,1.32366039,9.00364482,0.00000010
8.40000000,RETURN_LEG,-0.00460214,-0.01514160,0.00783935,-0.08383122,0.07014676,0.31105969,-0.08674496,0.06584840,0.08666326,0.02542341,0.00766111,29.72288229,0.00000000,51.64214446,35.74270721,0.20714806,-0.47785563,1.32243236,0.21366704,-0.47855244,1.32366039,9.00364182,0.00000010
8.41000000,RETURN_LEG,-0.00460213,-0.01514153,0.00783930,-0.08383120,0.07014675,0.31105969,-0.08674494,0.06584839,0.08666328,0.02542338,0.00766108,29.72265785,0.00000000,51.64208361,35.74291617,0.20714804,-0.47785556,1.32243228,0.21366704,-0.47855244,1.32366039,9.00363580,0.00000003
8.42000000,RETURN_LEG,-0.00460211,-0.01514144,0.00783924,-0.08383118,0.07014674,0.31105969,-0.08674492,0.06584838,0.08666330,0.02542335,0.00766104,29.72278830,0.00000000,51.64207285,35.74286603,0.20714804,-0.47785553,1.32243224,0.21366704,-0.47855244,1.32366039,9.00363365,0.00000005
8.43000000,RETURN_LEG,-0.00460208,-0.01514134,0.00783919,-0.08383115,0.07014673,0.31105969,-0.08674490,0.06584837,0.08666333,0.02542331,0.00766101,29.72288166,0.00000000,51.64206397,35.74284427,0.20714805,-0.47785553,1.32243221,0.21366704,-0.47855244,1.32366039,9.00363094,0.00000007
8.44000000,RETURN_LEG,-0.00460206,-0.01514124,0.00783913,-0.08383112,0.07014672,0.31105969,-0.08674487,0.06584836,0.08666336,0.02542327,0.00766097,29.72296416,0.00000000,51.64205713,35.74283475,0.20714805,-0.47785554,1.32243219,0.21366704,-0.47855244,1.32366039,9.00362801,0.00000009
8.45000000,RETURN_LEG,-0.00460203,-0.01514115,0.00783908,-0.08383110,0.07014671,0.31105968,-0.08674485,0.06584835,0.08666339,0.02542323,0.00766092,29.72303605,0.00000000,51.64156790,35.74285850,0.20714805,-0.47785551,1.32243206,0.21366697,-0.47855212,1.32365967,9.00355737,0.00000005
8.46000000,RETURN_LEG,-0.00460202,-0.01514109,0.00783903,-0.08383107,0.07014670,0.31105968,-0.08674482,0.06584834,0.08666342,0.02542316,0.00766086,29.72310549,0.00000000,51.64181308,35.74289005,0.20714801,-0.47785541,1.32243178,0.21366697,-0.47855212,1.32365967,9.00359051,0.00000006
8.47000000,RETURN_LEG,-0.00460199,-0.01514104,0.00783898,-0.08383104,0.07014670,0.31105967,-0.08674479,0.06584834,0.08666345,0.02542311,0.00766081,29.72316750,0.00000000,51.64184686,35.74290401,0.20714799,-0.47785533,1.32243163,0.21366697,-0.47855212,1.32365967,9.00359005,0.00000006
8.48000000,RETURN_LEG,-0.00460196,-0.01514098,0.00783894,-0.08383101,0.07014669,0.31105967,-0.08674476,0.06584833,0.08666349,0.02542307,0.00766077,29.72322252,0.00000000,51.64186003,35.74290898,0.20714797,-0.47785528,1.32243155,0.21366697,-0.47855212,1.32365967,9.00358790,0.00000007
8.49000000,RETURN_LEG,-0.00460194,-0.01514092,0.00783890,-0.08383098,0.07014669,0.31105966,-0.08674474,0.06584833,0.08666351,0.02542304,0.00766074,29.72326894,0.00000000,51.64186146,35.74290608,0.20714796,-0.47785525,1.32243151,0.21366697,-0.47855212,1.32365967,9.00358521,0.00000007
8.50000000,RETURN_LEG,-0.00460192,-0.01514087,0.00783887,-0.08383095,0.07014668,0.31105966,-0.08674471,0.06584833,0.08666354,0.02542302,0.00766072,29.72330573,0.00000000,51.64185413,35.74289812,0.20714795,-0.47785523,1.32243148,0.21366697,-0.47855212,1.32365967,9.00358205,0.00000008
8.51000000,RETURN_LEG,-0.00460190,-0.01514081,0.00783885,-0.08383092,0.07014668,0.31105966,-0.08674469,0.06584832,0.08666357,0.02542300,0.00766069,29.72333254,0.00000000,51.64184060,35.74288752,0.20714795,-0.47785523,1.32243146,0.21366697,-0.47855212,1.32365967,9.00357850,0.00000008
8.52000000,RETURN_LEG,-0.00460188,-0.01514076,0.00783884,-0.08383090,0.07014668,0.31105966,-0.08674466,0.06584832,0.08666359,0.02542298,0.00766068,29.72334981,0.00000000,51.64182303,35.74287592,0.20714795,-0.47785522,1.32243145,0.21366697,-0.47855212,1.32365967,9.00357464,0.00000009
8.53000000,RETURN_LEG,-0.00460187,-0.01514071,0.00783884,-0.08383088,0.07014667,0.31105966,-0.08674464,0.06584832,0.08666362,0.02542297,0.00766066,29.72335862,0.00000000,51.64180314,35.74286419,0.20714795,-0.47785522,1.32243145,0.21366697,-0.47855212,1.32365967,9.00357058,0.00000009
8.54000000,RETURN_LEG,-0.00460187,-0.01514067,0.00783884,-0.08383085,0.07014667,0.31105967,-0.08674462,0.06584832,0.08666364,0.02542295,0.00766065,29.72335658,0.00000000,51.64121381,35.74286395,0.20714795,-0.47785520,1.32243136,0.21366691,-0.47855181,1.32365896,9.00348513,0.00000010
8.55000000,RETURN_LEG,-0.00460186,-0.01514068,0.00783885,-0.08383083,0.07014667,0.31105967,-0.08674460,0.06584831,0.08666367,0.02542291,0.00766061,29.72366941,0.00000000,51.64157935,35.74266899,0.20714794,-0.47785511,1.32243108,0.21366691,-0.47855181,1.32365896,9.00353373,0.00000000
8.56000000,RETURN_LEG,-0.00460183,-0.01514071,0.00783886,-0.08383081,0.07014667,0.31105967,-0.08674458,0.06584831,0.08666369,0.02542289,0.00766059,29.72355752,0.00000000,51.64160518,35.74275595,0.20714792,-0.47785503,1.32243092,0.21366691,-0.47855181,1.32365896,9.00353158,0.00000001
8.57000000,RETURN_LEG,-0.00460180,-0.01514075,0.00783888,-0.08383080,0.07014666,0.31105968,-0.08674456,0.06584831,0.08666370,0.02542289,0.00766059,29.72350872,0.00000000,51.64160715,35.74278368,0.20714790,-0.47785497,1.32243084,0.21366691,-0.47855181,1.32365896,9.00352870,0.00000002
8.58000000,RETURN_LEG,-0.00460178,-0.01514078,0.00783890,-0.08383079,0.07014666,0.31105968,-0.08674455,0.06584830,0.08666371,0.02542289,0.00766059,29.72346973,0.00000000,51.64159881,35.74279238,0.20714788,-0.47785492,1.32243080,0.21366691,-0.47855181,1.32365896,9.00352623,0.00000003
8.59000000,RETURN_LEG,-0.00460177,-0.01514080,0.00783892,-0.08383078,0.07014665,0.31105968,-0.08674454,0.06584830,0.08666372,0.02542289,0.00766059,29.72343681,0.00000000,51.64158635,35.74279083,0.20714788,-0.47785490,1.32243078,0.21366691,-0.47855181,1.32365896,9.00352435,0.00000004
8.60000000,RETURN_LEG,-0.00460176,-0.01514082,0.00783893,-0.08383077,0.07014665,0.31105969,-0.08674454,0.06584830,0.08666372,0.02542290,0.00766060,29.72340862,0.00000000,51.64157481,35.74278585,0.20714789,-0.47785489,1.32243076,0.21366691,-0.47855181,1.32365896,9.00352318,0.00000004
8.61000000,RETURN_LEG,-0.00460176,-0.01514082,0.00783895,-0.08383077,0.07014665,0.31105969,-0.08674453,0.06584829,0.08666372,0.02542290,0.00766060,29.72338424,0.00000000,51.64156751,35.74278184,0.20714789,-0.47785489,1.32243076,0.21366691,-0.47855181,1.32365896,9.00352279,0.00000004
8.62000000,RETURN_LEG,-0.00460176,-0.01514083,0.00783896,-0.08383077,0.07014664,0.31105969,-0.08674453,0.06584829,0.08666372,0.02542291,0.00766060,29.72336310,0.00000000,51.64156616,35.74278105,0.20714790,-0.47785489,1.32243075,0.21366691,-0.47855181,1.32365896,9.00352319,0.00000004
8.63000000,RETURN_LEG,-0.00460176,-0.01514084,0.00783897,-0.08383077,0.07014664,0.31105969,-0.08674453,0.06584828,0.08666372,0.02542291,0.00766061,29.72334481,0.00000000,51.64157121,35.74278407,0.20714790,-0.47785489,1.32243075,0.21366691,-0.47855181,1.32365896,9.00352437,0.00000004
8.64000000,RETURN_LEG,-0.00460176,-0.01514084,0.00783897,-0.08383078,0.07014664,0.31105969,-0.08674454,0.06584828,0.08666372,0.02542291,0.00766061,29.72332906,0.00000000,51.64158221,35.74279050,0.20714791,-0.47785490,1.32243074,0.21366691,-0.47855181,1.32365896,9.00352625,0.00000004
8.65000000,RETURN_LEG,-0.00460176,-0.01514085,0.00783897,-0.08383078,0.07014663,0.31105969,-0.08674454,0.06584828,0.08666371,0.02542291,0.00766061,29.72331547,0.00000000,51.64159828,35.74279944,0.20714791,-0.47785490,1.32243074,0.21366691,-0.47855181,1.32365896,9.00352875,0.00000005
8.66000000,RETURN_LEG,-0.00460176,-0.01514086,0.00783897,-0.08383079,0.07014663,0.31105969,-0.08674455,0.06584828,0.08666370,0.02542291,0.00766060,29.72330356,0.00000000,51.64161829,35.74280990,0.20714791,-0.47785490,1.32243074,0.21366691,-0.47855181,1.32365896,9.00353177,0.00000005
8.67000000,RETURN_LEG,-0.00460176,-0.01514088,0.00783896,-0.08383080,0.07014663,0.31105968,-0.08674456,0.06584827,0.08666370,0.02542291,0.00766060,29.72329278,0.00000000,51.64164114,35.74282097,0.20714790,-0.47785490,1.32243074,0.21366691,-0.47855181,1.32365896,9.00353521,0.00000005
8.68000000,RETURN_LEG,-0.00460176,-0.01514090,0.00783896,-0.08383081,0.07014663,0.31105968,-0.08674457,0.06584827,0.08666369,0.02542291,0.00766060,29.72328252,0.00000000,51.64166584,35.74283193,0.20714790,-0.47785490,1.32243074,0.21366691,-0.47855181,1.32365896,9.00353896,0.00000005
8.69000000,RETURN_LEG,-0.00460176,-0.01514092,0.00783895,-0.08383082,0.07014663,0.31105967,-0.08674458,0.06584827,0.08666367,0.02542290,0.00766060,29.72327220,0.00000000,51.64169154,35.74284227,0.20714790,-0.47785490,1.32243074,0.21366691,-0.47855181,1.32365896,9.00354293,0.00000006
8.70000000,RETURN_LEG,-0.00460176,-0.01514094,0.00783894,-0.08383083,0.07014663,0.31105967,-0.08674459,0.06584827,0.08666366,0.02542290,0.00766060,29.72326130,0.00000000,51.64171759,35.74285162,0.20714790,-0.47785491,1.32243074,0.21366691,-0.47855181,1.32365896,9.00354704,0.00000006
8.71000000,RETURN_LEG,-0.00460177,-0.01514097,0.00783893,-0.08383085,0.07014663,0.31105966,-0.08674460,0.06584827,0.08666365,0.02542291,0.00766060,29.72324942,0.00000000,51.64174347,35.74285974,0.20714790,-0.47785491,1.32243074,0.21366691,-0.47855181,1.32365896,9.00355121,0.00000006
8.72000000,RETURN_LEG,-0.00460178,-0.01514100,0.00783892,-0.08383086,0.07014663,0.31105965,-0.08674462,0.06584827,0.08666363,0.02542291,0.00766061,29.72323629,0.00000000,51.64176883,35.74286650,0.20714790,-0.47785491,1.32243074,0.21366691,-0.47855181,1.32365896,9.00355540,0.00000006
8.73000000,RETURN_LEG,-0.00460179,-0.01514103,0.00783891,-0.08383088,0.07014663,0.31105965,-0.08674463,0.06584827,0.08666362,0.02542291,0.00766061,29.72322177,0.00000000,51.64179343,35.74287180,0.20714789,-0.47785491,1.32243074,0.21366691,-0.47855181,1.32365896,9.00355956,0.00000007
8.74000000,RETURN_LEG,-0.00460180,-0.01514106,0.00783891,-0.08383089,0.07014663,0.31105964,-0.08674465,0.06584828,0.08666360,0.02542291,0.00766061,29.72320589,0.00000000,51.64181711,35.74287560,0.20714789,-0.47785491,1.32243074,0.21366691,-0.47855181,1.32365896,9.00356366,0.00000007
8.75000000,RETURN_LEG,-0.00460182,-0.01514109,0.00783890,-0.08383091,0.07014663,0.31105964,-0.08674466,0.06584828,0.08666359,0.02542292,0.00766062,29.72318877,0.00000000,51.64183983,35.74287788,0.20714789,-0.47785491,1.32243073,0.21366691,-0.47855181,1.32365896,9.00356767,0.00000007
8.76000000,RETURN_LEG,-0.00460183,-0.01514113,0.00783889,-0.08383093,0.07014664,0.31105963,-0.08674468,0.06584828,0.08666357,0.02542293,0.00766063,29.72317065,0.00000000,51.64186157,35.74287865,0.20714789,-0.47785491,1.32243073,0.21366691,-0.47855181,1.32365896,9.00357160,0.00000008
8.77000000,RETURN_LEG,-0.00460185,-0.01514117,0.00783889,-0.08383095,0.07014664,0.31105963,-0.08674470,0.06584828,0.08666355,0.02542294,0.00766063,29.72315183,0.00000000,51.64188237,35.74287794,0.20714789,-0.47785491,1.32243073,0.21366691,-0.47855181,1.32365896,9.00357543,0.00000008
8.78000000,RETURN_LEG,-0.00460187,-0.01514120,0.00783889,-0.08383096,0.07014665,0.31105962,-0.08674471,0.06584829,0.08666354,0.02542295,0.00766064,29.72313267,0.00000000,51.64190232,35.74287581,0.20714789,-0.47785491,1.32243073,0.21366691,-0.47855181,1.32365896,9.00357918,0.00000008
8.79000000,RETURN_LEG,-0.00460190,-0.01514124,0.00783889,-0.08383098,0.07014665,0.31105962,-0.08674473,0.06584829,0.08666352,0.02542296,0.00766065,29.72311355,0.00000000,51.64192151,35.74287233,0.20714789,-0.47785491,1.32243073,0.21366691,-0.47855181,1.32365896,9.00358284,0.00000009
8.80000000,RETURN_LEG,-0.00460192,-0.01514128,0.00783890,-0.08383100,0.07014666,0.31105961,-0.08674475,0.06584830,0.08666350,0.02542297,0.00766067,29.72309482,0.00000000,51.64194006,35.74286759,0.20714789,-0.47785491,1.32243073,0.21366691,-0.47855181,1.32365896,9.00358643,0.00000010
8.81000000,RETURN_LEG,-0.00460193,-0.01514130,0.00783891,-0.08383102,0.07014666,0.31105961,-0.08674476,0.06584831,0.08666348,0.02542301,0.00766071,29.72307161,0.00000000,51.64222349,35.74281385,0.20714792,-0.47785502,1.32243103,0.21366698,-0.47855212,1.32365967,9.00362471,0.00000009
8.82000000,RETURN_LEG,-0.00460194,-0.01514131,0.00783893,-0.08383103,0.07014667,0.31105961,-0.08674478,0.06584831,0.08666346,0.02542305,0.00766074,29.72304540,0.00000000,51.64217072,35.74279426,0.20714794,-0.47785511,1.32243121,0.21366698,-0.47855212,1.32365967,9.00362110,0.00000009
8.83000000,RETURN_LEG,-0.00460196,-0.01514133,0.00783895,-0.08383105,0.07014668,0.31105962,-0.08674480,0.06584832,0.08666344,0.02542307,0.00766077,29.72301602,0.00000000,51.64215288,35.74278136,0.20714795,-0.47785517,1.32243131,0.21366698,-0.47855212,1.32365967,9.00362175,0.00000009
8.84000000,RETURN_LEG,-0.00460198,-0.01514135,0.00783897,-0.08383107,0.07014668,0.31105962,-0.08674481,0.06584832,0.08666343,0.02542309,0.00766079,29.72298636,0.00000000,51.64214332,35.74277475,0.20714796,-0.47785520,1.32243137,0.21366698,-0.47855212,1.32365967,9.00362249,0.00000009
8.85000000,RETURN_LEG,-0.00460200,-0.01514138,0.00783900,-0.08383108,0.07014669,0.31105962,-0.08674482,0.06584832,0.08666342,0.02542311,0.00766081,29.72295869,0.00000000,51.64213884,35.74277139,0.20714796,-0.47785522,1.32243140,0.21366698,-0.47855212,1.32365967,9.00362319,0.00000009
8.86000000,RETURN_LEG,-0.00460202,-0.01514141,0.00783902,-0.08383109,0.07014669,0.31105963,-0.08674484,0.06584833,0.08666340,0.02542313,0.00766083,29.72293486,0.00000000,51.64213752,35.74276871,0.20714797,-0.47785523,1.32243142,0.21366698,-0.47855212,1.32365967,9.00362388,0.00000009
8.87000000,RETURN_LEG,-0.00460204,-0.01514144,0.00783905,-0.08383111,0.07014670,0.31105963,-0.08674485,0.06584833,0.08666339,0.02542315,0.00766085,29.72291609,0.00000000,51.64213806,35.74276520,0.20714797,-0.47785523,1.32243143,0.21366698,-0.47855212,1.32365967,9.00362459,0.00000009
8.88000000,RETURN_LEG,-0.00460206,-0.01514147,0.00783907,-0.08383112,0.07014670,0.31105963,-0.08674486,0.06584834,0.08666338,0.02542316,0.00766086,29.72290298,0.00000000,51.64213969,35.74276034,0.20714797,-0.47785523,1.32243144,0.21366698,-0.47855212,1.32365967,9.00362534,0.00000009
8.89000000,RETURN_LEG,-0.00460208,-0.01514150,0.00783909,-0.08383113,0.07014671,0.31105964,-0.08674487,0.06584834,0.08666337,0.02542318,0.00766088,29.72289557,0.00000000,51.64214206,35.74275425,0.20714797,-0.47785523,1.32243145,0.21366698,-0.47855212,1.32365967,9.00362616,0.00000009
8.90000000,RETURN_LEG,-0.00460210,-0.01514152,0.00783911,-0.08383113,0.07014671,0.31105964,-0.08674487,0.06584835,0.08666336,0.02542319,0.00766089,29.72289351,0.00000000,51.64214503,35.74274739,0.20714797,-0.47785523,1.32243145,0.21366698,-0.47855212,1.32365967,9.00362704,0.00000009
8.91000000,RETURN_LEG,-0.00460212,-0.01514154,0.00783912,-0.08383114,0.07014672,0.31105964,-0.08674488,0.06584835,0.08666336,0.02542321,0.00766090,29.72289620,0.00000000,51.64214856,35.74274031,0.20714798,-0.47785522,1.32243145,0.21366698,-0.47855212,1.32365967,9.00362799,0.00000009
8.92000000,RETURN_LEG,-0.00460214,-0.01514156,0.00783914,-0.08383115,0.07014672,0.31105964,-0.08674489,0.06584836,0.08666335,0.02542321,0.00766091,29.72290282,0.00000000,51.64215259,35.74273352,0.20714798,-0.47785522,1.32243145,0.21366698,-0.47855212,1.32365967,9.00362898,0.00000009
8.93000000,RETURN_LEG,-0.00460216,-0.01514157,0.00783915,-0.08383115,0.07014673,0.31105964,-0.08674489,0.06584836,0.08666335,0.02542322,0.00766092,29.72291251,0.00000000,51.64215701,35.74272735,0.20714798,-0.47785522,1.32243145,0.21366698,-0.47855212,1.32365967,9.00362998,0.00000009
8.94000000,RETURN_LEG,-0.00460217,-0.01514158,0.00783916,-0.08383116,0.07014673,0.31105964,-0.08674490,0.06584837,0.08666334,0.02542323,0.00766092,29.72292434,0.00000000,51.64216161,35.74272202,0.20714798,-0.47785522,1.32243145,0.21366698,-0.47855212,1.32365967,9.00363097,0.00000009
8.95000000,RETURN_LEG,-0.00460218,-0.01514159,0.00783916,-0.08383116,0.07014674,0.31105964,-0.08674490,0.06584837,0.08666334,0.02542323,0.00766093,29.72293747,0.00000000,51.64216614,35.74271757,0.20714798,-0.47785522,1.32243145,0.21366698,-0.47855212,1.32365967,9.00363190,0.00000009
8.96000000,RETURN_LEG,-0.00460219,-0.01514159,0.00783917,-0.08383116,0.07014674,0.31105964,-0.08674490,0.06584838,0.08666334,0.02542323,0.00766093,29.72295111,0.00000000,51.64217032,35.74271395,0.20714797,-0.47785523,1.32243145,0.21366698,-0.47855212,1.32365967,9.00363273,0.00000009
8.97000000,RETURN_LEG,-0.00460220,-0.01514159,0.00783917,-0.08383116,0.07014675,0.31105964,-0.08674490,0.06584838,0.08666333,0.02542323,0.00766093,29.72296456,0.00000000,51.64217385,35.74271107,0.20714797,-0.47785523,1.32243145,0.21366698,-0.47855212,1.32365967,9.00363343,0.00000009
8.98000000,RETURN_LEG,-0.00460221,-0.01514159,0.00783917,-0.08383116,0.07014675,0.31105964,-0.08674490,0.06584839,0.08666333,0.02542323,0.00766093,29.72297729,0.00000000,51.64217648,35.74270878,0.20714797,-0.47785523,1.32243145,0.21366698,-0.47855212,1.32365967,9.00363396,0.00000009
8.99000000,RETURN_LEG,-0.00460222,-0.01514159,0.00783917,-0.08383116,0.07014676,0.31105964,-0.08674490,0.06584839,0.08666333,0.02542323,0.00766093,29.72298886,0.00000000,51.64217800,35.74270695,0.20714797,-0.47785523,1.32243145,0.21366698,-0.47855212,1.32365967,9.00363429,0.00000009
9.00000000,RETURN_LEG,-0.00460222,-0.01514158,0.00783917,-0.08383116,0.07014676,0.31105964,-0.08674490,0.06584839,0.08666333,0.02542323,0.00766093,29.72299902,0.00000000,51.64217825,35.74270548,0.20714797,-0.47785523,1.32243145,0.21366698,-0.47855212,1.32365967,9.00363442,0.00000009
9.01000000,RETURN_LEG,-0.00460223,-0.01514158,0.00783917,-0.08383116,0.07014676,0.31105963,-0.08674490,0.06584840,0.08666333,0.02542323,0.00766093,29.72300760,0.00000000,51.64217717,35.74270429,0.20714797,-0.47785523,1.32243145,0.21366698,-0.47855212,1.32365967,9.00363433,0.00000009
9.02000000,RETURN_LEG,-0.00460223,-0.01514158,0.00783917,-0.08383116,0.07014676,0.31105963,-0.08674490,0.06584840,0.08666333,0.02542323,0.00766093,29.72301460,0.00000000,51.64217474,35.74270332,0.20714797,-0.47785523,1.32243145,0.21366698,-0.47855212,1.32365967,9.00363402,0.00000009
9.03000000,RETURN_LEG,-0.00460223,-0.01514157,0.00783917,-0.08383116,0.07014677,0.31105963,-0.08674490,0.06584840,0.08666334,0.02542323,0.00766093,29.72302010,0.00000000,51.64217100,35.74270255,0.20714797,-0.47785523,1.32243145,0.21366698,-0.47855212,1.32365967,9.00363350,0.00000009
9.04000000,RETURN_LEG,-0.00460223,-0.01514157,0.00783917,-0.08383116,0.07014677,0.31105963,-0.08674490,0.06584840,0.08666334,0.02542323,0.00766093,29.72302425,0.00000000,51.64216606,35.74270201,0.20714797,-0.47785523,1.32243145,0.21366698,-0.47855212,1.32365967,9.00363279,0.00000009
9.05000000,RETURN_LEG,-0.00460223,-0.01514156,0.00783917,-0.08383115,0.07014677,0.31105964,-0.08674490,0.06584840,0.08666334,0.02542323,0.00766093,29.72302728,0.00000000,51.64216004,35.74270171,0.20714797,-0.47785523,1.32243145,0.21366698,-0.47855212,1.32365967,9.00363191,0.00000009
9.06000000,RETURN_LEG,-0.00460222,-0.01514156,0.00783917,-0.08383115,0.07014677,0.31105964,-0.08674489,0.06584840,0.08666334,0.02542323,0.00766092,29.72302945,0.00000000,51.64215310,35.74270171,0.20714797,-0.47785523,1.32243145,0.21366698,-0.47855212,1.32365967,9.00363088,0.00000009
9.07000000,RETURN_LEG,-0.00460222,-0.01514155,0.00783917,-0.08383115,0.07014677,0.31105964,-0.08674489,0.06584840,0.08666334,0.02542323,0.00766092,29.72303101,0.00000000,51.64214542,35.74270204,0.20714797,-0.47785523,1.32243145,0.21366698,-0.47855212,1.32365967,9.00362973,0.00000008
9.08000000,RETURN_LEG,-0.00460221,-0.01514154,0.00783917,-0.08383114,0.07014677,0.31105964,-0.08674489,0.06584840,0.08666335,0.02542322,0.00766092,29.72303223,0.00000000,51.64213717,35.74270277,0.20714797,-0.47785523,1.32243145,0.21366698,-0.47855212,1.32365967,9.00362847,0.00000008
9.09000000,RETURN_LEG,-0.00460221,-0.01514154,0.00783916,-0.08383114,0.07014677,0.31105964,-0.08674488,0.06584840,0.08666335,0.02542322,0.00766092,29.72303334,0.00000000,51.64212850,35.74270392,0.20714797,-0.47785523,1.32243145,0.21366698,-0.47855212,1.32365967,9.00362714,0.00000008
9.10000000,RETURN_LEG,-0.00460220,-0.01514153,0.00783916,-0.08383114,0.07014677,0.31105964,-0.08674488,0.06584840,0.08666335,0.02542322,0.00766092,29.72303456,0.00000000,51.64211959,35.74270553,0.20714797,-0.47785523,1.32243145,0.21366698,-0.47855212,1.32365967,9.00362576,0.00000008
9.11000000,RETURN_LEG,-0.00460219,-0.01514152,0.00783916,-0.08383113,0.07014676,0.31105964,-0.08674488,0.06584840,0.08666336,0.02542322,0.00766092,29.72303603,0.00000000,51.64211055,35.74270763,0.20714797,-0.47785523,1.32243145,0.21366698,-0.47855212,1.32365967,9.00362435,0.00000008
9.12000000,RETURN_LEG,-0.00460218,-0.01514151,0.00783916,-0.08383113,0.07014676,0.31105964,-0.08674487,0.06584840,0.08666336,0.02542322,0.00766091,29.72303787,0.00000000,51.64210151,35.74271022,0.20714797,-0.47785523,1.32243145,0.21366698,-0.47855212,1.32365967,9.00362292,0.00000008
9.13000000,RETURN_LEG,-0.00460217,-0.01514150,0.00783915,-0.08383113,0.07014676,0.31105965,-0.08674487,0.06584839,0.08666337,0.02542321,0.00766091,29.72304015,0.00000000,51.64209255,35.74271328,0.20714797,-0.47785523,1.32243145,0.21366698,-0.47855212,1.32365967,9.00362149,0.00000008
9.14000000,RETURN_LEG,-0.00460216,-0.01514149,0.00783915,-0.08383112,0.07014676,0.31105965,-0.08674486,0.06584839,0.08666337,0.02542321,0.00766091,29.72304289,0.00000000,51.64208373,35.74271681,0.20714797,-0.47785523,1.32243145,0.21366698,-0.47855212,1.32365967,9.00362006,0.00000008
9.15000000,RETURN_LEG,-0.00460215,-0.01514148,0.00783914,-0.08383112,0.07014675,0.31105965,-0.08674486,0.06584839,0.08666337,0.02542320,0.00766090,29.72304608,0.00000000,51.64207510,35.74272075,0.20714797,-0.47785523,1.32243145,0.21366698,-0.47855212,1.32365967,9.00361865,0.00000008
9.16000000,RETURN_LEG,-0.00460213,-0.01514147,0.00783914,-0.08383111,0.07014675,0.31105965,-0.08674486,0.06584838,0.08666338,0.02542320,0.00766090,29.72304967,0.00000000,51.64206669,35.74272506,0.20714797,-0.47785523,1.32243145,0.21366698,-0.47855212,1.32365967,9.00361725,0.00000008
9.17000000,RETURN_LEG,-0.00460212,-0.01514146,0.00783913,-0.08383111,0.07014674,0.31105965,-0.08674485,0.06584838,0.08666338,0.02542319,0.00766089,29.72305358,0.00000000,51.64205850,35.74272970,0.20714797,-0.47785523,1.32243145,0.21366698,-0.47855212,1.32365967,9.00361587,0.00000008
9.18000000,RETURN_LEG,-0.00460210,-0.01514144,0.00783913,-0.08383110,0.07014674,0.31105965,-0.08674485,0.06584838,0.08666339,0.02542319,0.00766089,29.72305773,0.00000000,51.64205053,35.74273459,0.20714797,-0.47785522,1.32243145,0.21366698,-0.47855212,1.32365967,9.00361451,0.00000008
9.19000000,RETURN_LEG,-0.00460209,-0.01514143,0.00783912,-0.08383110,0.07014674,0.31105965,-0.08674484,0.06584837,0.08666339,0.02542318,0.00766088,29.72306203,0.00000000,51.64204277,35.74273966,0.20714797,-0.47785522,1.32243145,0.21366698,-0.47855212,1.32365967,9.00361317,0.00000008
9.20000000,RETURN_LEG,-0.00460207,-0.01514142,0.00783912,-0.08383109,0.07014673,0.31105965,-0.08674484,0.06584837,0.08666340,0.02542318,0.00766088,29.72306637,0.00000000,51.64203519,35.74274487,0.20714797,-0.47785522,1.32243145,0.21366698,-0.47855212,1.32365967,9.00361184,0.00000008
9.21000000,RETURN_LEG,-0.00460206,-0.01514140,0.00783911,-0.08383109,0.07014673,0.31105965,-0.08674483,0.06584836,0.08666340,0.02542317,0.00766087,29.72307066,0.00000000,51.64202777,35.74275014,0.20714797,-0.47785522,1.32243145,0.21366698,-0.47855212,1.32365967,9.00361053,0.00000008
9.22000000,RETURN_LEG,-0.00460204,-0.01514139,0.00783910,-0.08383108,0.07014672,0.31105965,-0.08674483,0.06584836,0.08666341,0.02542317,0.00766086,29.72307483,0.00000000,51.64202051,35.74275540,0.20714797,-0.47785522,1.32243145,0.21366698,-0.47855212,1.32365967,9.00360923,0.00000008
9.23000000,RETURN_LEG,-0.00460203,-0.01514138,0.00783910,-0.08383108,0.07014672,0.31105965,-0.08674482,0.06584836,0.08666341,0.02542316,0.00766086,29.72307881,0.00000000,51.64201337,35.74276062,0.20714797,-0.47785522,1.32243145,0.21366698,-0.47855212,1.32365967,9.00360794,0.00000008
9.24000000,RETURN_LEG,-0.00460201,-0.01514137,0.00783909,-0.08383107,0.07014671,0.31105965,-0.08674482,0.06584835,0.08666342,0.02542315,0.00766085,29.72308254,0.00000000,51.64200635,35.74276573,0.20714797,-0.47785522,1.32243145,0.21366698,-0.47855212,1.32365967,9.00360666,0.00000008
9.25000000,RETURN_LEG,-0.00460199,-0.01514135,0.00783908,-0.08383107,0.07014671,0.31105966,-0.08674482,0.06584835,0.08666342,0.02542315,0.00766084,29.72308600,0.00000000,51.64199945,35.74277070,0.20714797,-0.47785522,1.32243145,0.21366698,-0.47855212,1.32365967,9.00360539,0.00000009
9.26000000,RETURN_LEG,-0.00460198,-0.01514134,0.00783907,-0.08383106,0.07014670,0.31105966,-0.08674481,0.06584834,0.08666343,0.02542314,0.00766084,29.72308918,0.00000000,51.64199267,35.74277550,0.20714797,-0.47785522,1.32243145,0.21366698,-0.47855212,1.32365967,9.00360413,0.00000009
9.27000000,RETURN_LEG,-0.00460196,-0.01514133,0.00783907,-0.08383106,0.07014670,0.31105966,-0.08674481,0.06584834,0.08666343,0.02542313,0.00766083,29.72309206,0.00000000,51.64198601,35.74278008,0.20714797,-0.47785522,1.32243145,0.21366698,-0.47855212,1.32365967,9.00360288,0.00000009
9.28000000,RETURN_LEG,-0.00460195,-0.01514131,0.00783906,-0.08383105,0.07014669,0.31105966,-0.08674480,0.06584833,0.08666344,0.02542313,0.00766083,29.72309467,0.00000000,51.64197949,35.74278444,0.20714797,-0.47785522,1.32243145,0.21366698,-0.47855212,1.32365967,9.00360165,0.00000009
9.29000000,RETURN_LEG,-0.00460193,-0.01514130,0.00783905,-0.08383105,0.07014669,0.31105966,-0.08674480,0.06584833,0.08666344,0.02542312,0.00766082,29.72309703,0.00000000,51.64197312,35.74278855,0.20714797,-0.47785522,1.32243145,0.21366698,-0.47855212,1.32365967,9.00360045,0.00000009
9.30000000,RETURN_LEG,-0.00460192,-0.01514129,0.00783905,-0.08383105,0.07014668,0.31105966,-0.08674479,0.06584832,0.08666345,0.02542312,0.00766081,29.72309916,0.00000000,51.64196694,35.74279242,0.20714797,-0.47785522,1.32243145,0.21366698,-0.47855212,1.32365967,9.00359927,0.00000009
9.31000000,RETURN_LEG,-0.00460190,-0.01514128,0.00783904,-0.08383104,0.07014668,0.31105966,-0.08674479,0.06584832,0.08666345,0.02542311,0.00766081,29.72310111,0.00000000,51.64196095,35.74279602,0.20714797,-0.47785522,1.32243145,0.21366698,-0.47855212,1.32365967,9.00359811,0.00000009
9.32000000,RETURN_LEG,-0.00460189,-0.01514127,0.00783903,-0.08383104,0.07014667,0.31105966,-0.08674479,0.06584831,0.08666346,0.02542311,0.00766080,29.72310291,0.00000000,51.64195521,35.74279935,0.20714797,-0.47785522,1.32243145,0.21366698,-0.47855212,1.32365967,9.00359700,0.00000009
9.33000000,RETURN_LEG,-0.00460188,-0.01514126,0.00783903,-0.08383103,0.07014667,0.31105966,-0.08674478,0.06584831,0.08666346,0.02542310,0.00766080,29.72310460,0.00000000,51.64194971,35.74280243,0.20714797,-0.47785522,1.32243145,0.21366698,-0.47855212,1.32365967,9.00359592,0.00000009
9.34000000,RETURN_LEG,-0.00460186,-0.01514125,0.00783902,-0.08383103,0.07014666,0.31105966,-0.08674478,0.06584831,0.08666346,0.02542310,0.00766079,29.72310621,0.00000000,51.64194451,35.74280524,0.20714797,-0.47785522,1.32243145,0.21366698,-0.47855212,1.32365967,9.00359488,0.00000009
9.35000000,RETURN_LEG,-0.00460185,-0.01514124,0.00783902,-0.08383102,0.07014666,0.31105966,-0.08674477,0.06584830,0.08666347,0.02542309,0.00766079,29.72310777,0.00000000,51.64193960,35.74280779,0.20714797,-0.47785522,1.32243145,0.21366698,-0.47855212,1.32365967,9.00359389,0.00000009
9.36000000,RETURN_LEG,-0.00460184,-0.01514123,0.00783901,-0.08383102,0.07014666,0.31105966,-0.08674477,0.06584830,0.08666347,0.02542309,0.00766078,29.72310929,0.00000000,51.64193503,35.74281009,0.20714797,-0.47785522,1.32243145,0.21366698,-0.47855212,1.32365967,9.00359296,0.00000009
9.37000000,RETURN_LEG,-0.00460183,-0.01514122,0.00783901,-0.08383102,0.07014665,0.31105966,-0.08674477,0.06584829,0.08666348,0.02542308,0.00766078,29.72311081,0.00000000,51.64193079,35.74281213,0.20714797,-0.47785522,1.32243145,0.21366698,-0.47855212,1.32365967,9.00359207,0.00000009
9.38000000,LOWER_LEG,-0.00460182,-0.01514121,0.00783901,-0.08383101,0.07014665,0.31105966,-0.08674476,0.06584829,0.08666348,0.02542308,0.00766078,29.72311231,0.00000000,51.64192691,35.74281392,0.20714797,-0.47785522,1.32243145,0.21366698,-0.47855212,1.32365967,9.00359124,0.00000009
9.39000000,LOWER_LEG,-0.00460181,-0.01514120,0.00783900,-0.08383101,0.07014664,0.31105966,-0.08674476,0.06584829,0.08666348,0.02542308,0.00766077,29.72311382,0.00000000,51.64192339,35.74281547,0.20714797,-0.47785522,1.32243145,0.21366698,-0.47855212,1.32365967,9.00359047,0.00000009
9.40000000,LOWER_LEG,-0.00460182,-0.01514120,0.00783900,-0.08383101,0.07014664,0.31105966,-0.08674476,0.06584829,0.08666349,0.02542302,0.00766072,29.72310566,0.00000000,51.64192859,35.74278804,0.20714796,-0.47785504,1.32243095,0.21366683,-0.47855142,1.32365809,9.00359109,0.00000009
9.41000000,LOWER_LEG,-0.00460185,-0.01514120,0.00783899,-0.08383101,0.07014664,0.31105967,-0.08674475,0.06584828,0.08666349,0.02542284,0.00766054,29.72307900,0.00000000,51.64193901,35.74273962,0.20714790,-0.47785441,1.32242937,0.21366642,-0.47854951,1.32365373,9.00359200,0.00000008
9.42000000,LOWER_LEG,-0.00460192,-0.01514122,0.00783898,-0.08383101,0.07014664,0.31105967,-0.08674475,0.06584828,0.08666349,0.02542245,0.00766015,29.72302767,0.00000000,51.64195644,35.74265870,0.20714774,-0.47785308,1.32242614,0.21366580,-0.47854663,1.32364719,9.00359414,0.00000008
9.43000000,LOWER_LEG,-0.00460202,-0.01514125,0.00783897,-0.08383101,0.07014664,0.31105968,-0.08674475,0.06584828,0.08666350,0.02542175,0.00765944,29.72295131,0.00000000,51.64197067,35.74256006,0.20714738,-0.47785068,1.32242043,0.21366484,-0.47854215,1.32363700,9.00359528,0.00000007
9.44000000,LOWER_LEG,-0.00460215,-0.01514131,0.00783895,-0.08383102,0.07014665,0.31105970,-0.08674475,0.06584829,0.08666350,0.02542063,0.00765833,29.72284478,0.00000000,51.64198872,35.74244076,0.20714676,-0.47784692,1.32241162,0.21366346,-0.47853572,1.32362240,9.00359654,0.00000006
9.45000000,LOWER_LEG,-0.00460231,-0.01514139,0.00783893,-0.08383103,0.07014666,0.31105972,-0.08674474,0.06584829,0.08666350,0.02541901,0.00765671,29.72271109,0.00000000,51.64200918,35.74230070,0.20714579,-0.47784147,1.32239894,0.21366160,-0.47852704,1.32360265,9.00359786,0.00000007
9.46000000,LOWER_LEG,-0.00460249,-0.01514149,0.00783891,-0.08383105,0.07014667,0.31105974,-0.08674474,0.06584831,0.08666350,0.02541676,0.00765446,29.72254930,0.00000000,51.64252586,35.74210421,0.20714440,-0.47783398,1.32238165,0.21365918,-0.47851577,1.32357703,9.00366843,0.00000003
9.47000000,LOWER_LEG,-0.00460268,-0.01514160,0.00783889,-0.08383107,0.07014670,0.31105977,-0.08674474,0.06584832,0.08666350,0.02541378,0.00765148,29.72236405,0.00000000,51.64229138,35.74190516,0.20714251,-0.47782414,1.32235900,0.21365615,-0.47850160,1.32354483,9.00363266,0.00000005
9.48000000,LOWER_LEG,-0.00460290,-0.01514173,0.00783888,-0.08383110,0.07014672,0.31105981,-0.08674473,0.06584834,0.08666350,0.02540998,0.00764767,29.72216388,0.00000000,51.64301569,35.74171868,0.20714004,-0.47781165,1.32233030,0.21365243,-0.47848426,1.32350541,9.00374015,0.00000001
9.49000000,LOWER_LEG,-0.00460313,-0.01514186,0.00783888,-0.08383114,0.07014676,0.31105985,-0.08674473,0.06584837,0.08666349,0.02540524,0.00764294,29.72194228,0.00000000,51.64254116,35.74145894,0.20713693,-0.47779619,1.32229487,0.21364797,-0.47846345,1.32345811,9.00366759,0.00000005
9.50000000,LOWER_LEG,-0.00460337,-0.01514201,0.00783888,-0.08383119,0.07014680,0.31105989,-0.08674472,0.06584840,0.08666349,0.02539948,0.00763717,29.72171667,0.00000000,51.64299906,35.74122075,0.20713311,-0.47777748,1.32225204,0.21364272,-0.47843891,1.32340234,9.00373482,0.00000002
9.51000000,LOWER_LEG,-0.00460363,-0.01514217,0.00783891,-0.08383124,0.07014684,0.31105994,-0.08674471,0.06584844,0.08666349,0.02539260,0.00763030,29.72149082,0.00000000,51.64275207,35.74099878,0.20712853,-0.47775524,1.32220119,0.21363661,-0.47841039,1.32333751,9.00370135,0.00000007
9.52000000,LOWER_LEG,-0.00460390,-0.01514235,0.00783894,-0.08383130,0.07014689,0.31105999,-0.08674470,0.06584848,0.08666350,0.02538453,0.00762223,29.72126469,0.00000000,51.64304707,35.74074343,0.20712312,-0.47772921,1.32214173,0.21362959,-0.47837763,1.32326306,9.00374473,0.00000005
9.53000000,LOWER_LEG,-0.00460419,-0.01514253,0.00783898,-0.08383136,0.07014695,0.31106004,-0.08674468,0.06584853,0.08666351,0.02537517,0.00761287,29.72104858,0.00000000,51.64356607,35.74052196,0.20711683,-0.47769914,1.32207307,0.21362162,-0.47834041,1.32317845,9.00382499,0.00000007
9.54000000,LOWER_LEG,-0.00460448,-0.01514271,0.00783904,-0.08383143,0.07014701,0.31106009,-0.08674466,0.06584859,0.08666352,0.02536446,0.00760215,29.72084089,0.00000000,51.64323797,35.74029332,0.20710963,-0.47766478,1.32199466,0.21361265,-0.47829849,1.32308317,9.00378096,0.00000008
9.55000000,LOWER_LEG,-0.00460479,-0.01514290,0.00783912,-0.08383151,0.07014708,0.31106014,-0.08674463,0.06584864,0.08666354,0.02535230,0.00759000,29.72064339,0.00000000,51.64352787,35.74004839,0.20710144,-0.47762589,1.32190597,0.21360262,-0.47825166,1.32297673,9.00382629,0.00000010
9.56000000,LOWER_LEG,-0.00460507,-0.01514313,0.00783921,-0.08383159,0.07014715,0.31106018,-0.08674460,0.06584870,0.08666357,0.02533863,0.00757633,29.72071381,0.00000000,51.64398194,35.73963386,0.20709225,-0.47758229,1.32180649,0.21359151,-0.47819971,1.32285867,9.00389143,0.00000002
9.57000000,LOWER_LEG,-0.00460536,-0.01514337,0.00783932,-0.08383168,0.07014723,0.31106023,-0.08674456,0.06584877,0.08666361,0.02532339,0.00756108,29.72046945,0.00000000,51.64453627,35.73950465,0.20708196,-0.47753371,1.32169575,0.21357925,-0.47814246,1.32272855,9.00398018,0.00000001
9.58000000,LOWER_LEG,-0.00460565,-0.01514361,0.00783943,-0.08383178,0.07014730,0.31106027,-0.08674451,0.06584883,0.08666365,0.02530650,0.00754420,29.72026032,0.00000000,51.64408680,35.73930384,0.20707056,-0.47747996,1.32157329,0.21356583,-0.47807971,1.32258595,9.00391977,0.00000008
9.59000000,LOWER_LEG,-0.00460596,-0.01514383,0.00783955,-0.08383188,0.07014738,0.31106031,-0.08674445,0.06584890,0.08666370,0.02528791,0.00752560,29.72007326,0.00000000,51.64438370,35.73909966,0.20705802,-0.47742086,1.32143868,0.21355120,-0.47801129,1.32243046,9.00396995,0.00000006
9.60000000,LOWER_LEG,-0.00460628,-0.01514405,0.00783966,-0.08383199,0.07014746,0.31106035,-0.08674439,0.06584897,0.08666376,0.02526755,0.00750524,29.71990512,0.00000000,51.64473174,35.73889966,0.20704429,-0.47735624,1.32129149,0.21353532,-0.47793703,1.32226171,9.00402910,0.00000005
9.61000000,LOWER_LEG,-0.00460659,-0.01514426,0.00783977,-0.08383210,0.07014755,0.31106038,-0.08674431,0.06584904,0.08666383,0.02524536,0.00748306,29.71975681,0.00000000,51.64520971,35.73872745,0.20702934,-0.47728592,1.32113134,0.21351817,-0.47785678,1.32207934,9.00411007,0.00000007
9.62000000,LOWER_LEG,-0.00460691,-0.01514445,0.00783988,-0.08383222,0.07014763,0.31106041,-0.08674422,0.06584911,0.08666392,0.02522130,0.00745900,29.71962289,0.00000000,51.64489804,35.73855460,0.20701313,-0.47720974,1.32095785,0.21349971,-0.47777038,1.32188302,9.00407500,0.00000008
9.63000000,LOWER_LEG,-0.00460721,-0.01514464,0.00783998,-0.08383234,0.07014771,0.31106044,-0.08674412,0.06584918,0.08666402,0.02519531,0.00743301,29.72020030,0.00000000,51.64523055,35.73755142,0.20699563,-0.47712755,1.32077068,0.21347992,-0.47767770,1.32167245,9.00413119,0.00000005
9.64000000,LOWER_LEG,-0.00460748,-0.01514487,0.00784008,-0.08383246,0.07014780,0.31106046,-0.08674401,0.06584925,0.08666413,0.02516736,0.00740506,29.71963454,0.00000000,51.64568450,35.73802098,0.20697682,-0.47703921,1.32056949,0.21345876,-0.47757862,1.32144733,9.00420158,0.00000002
9.65000000,LOWER_LEG,-0.00460773,-0.01514509,0.00784017,-0.08383258,0.07014788,0.31106048,-0.08674388,0.06584931,0.08666426,0.02513739,0.00737509,29.71947124,0.00000000,51.64553213,35.73794554,0.20695664,-0.47694455,1.32035400,0.21343623,-0.47747302,1.32120741,9.00419094,0.00000009
9.66000000,LOWER_LEG,-0.00460798,-0.01514530,0.00784025,-0.08383271,0.07014796,0.31106050,-0.08674374,0.06584938,0.08666441,0.02510538,0.00734308,29.71933757,0.00000000,51.64581129,35.73780956,0.20693508,-0.47684346,1.32012393,0.21341229,-0.47736078,1.32095242,9.00424040,0.00000006
9.67000000,LOWER_LEG,-0.00460822,-0.01514550,0.00784031,-0.08383284,0.07014803,0.31106052,-0.08674358,0.06584944,0.08666457,0.02507128,0.00730897,29.71922299,0.00000000,51.64617456,35.73767452,0.20691214,-0.47673584,1.31987900,0.21338692,-0.47724180,1.32068215,9.00430318,0.00000003
9.68000000,LOWER_LEG,-0.00460846,-0.01514568,0.00784036,-0.08383296,0.07014811,0.31106054,-0.08674341,0.06584950,0.08666475,0.02503505,0.00727275,29.71912957,0.00000000,51.64605068,35.73758500,0.20688778,-0.47662158,1.31961897,0.21336011,-0.47711599,1.32039637,9.00429925,0.00000009
9.69000000,LOWER_LEG,-0.00460867,-0.01514584,0.00784039,-0.08383309,0.07014818,0.31106055,-0.08674322,0.06584955,0.08666495,0.02499667,0.00723437,29.71904729,0.00000000,51.64632476,35.73744929,0.20686200,-0.47650057,1.31934363,0.21333184,-0.47698326,1.32009489,9.00434858,0.00000004
9.70000000,LOWER_LEG,-0.00460888,-0.01514599,0.00784039,-0.08383322,0.07014825,0.31106056,-0.08674301,0.06584960,0.08666518,0.02495611,0.00719381,29.71898646,0.00000000,51.64628526,35.73737649,0.20683476,-0.47637274,1.31905275,0.21330210,-0.47684355,1.31977756,9.00435697,0.00000010
9.71000000,LOWER_LEG,-0.00460907,-0.01514611,0.00784039,-0.08383334,0.07014831,0.31106057,-0.08674278,0.06584965,0.08666542,0.02491335,0.00715104,29.71893580,0.00000000,51.64655837,35.73725226,0.20680606,-0.47623798,1.31874616,0.21327087,-0.47669676,1.31944419,9.00440496,0.00000006
9.72000000,LOWER_LEG,-0.00460924,-0.01514622,0.00784036,-0.08383346,0.07014837,0.31106058,-0.08674253,0.06584969,0.08666569,0.02486835,0.00710605,29.71890649,0.00000000,51.64651720,35.73719485,0.20677587,-0.47609624,1.31842369,0.21323815,-0.47654285,1.31909469,9.00441220,0.00000008
9.73000000,LOWER_LEG,-0.00460939,-0.01514632,0.00784031,-0.08383358,0.07014842,0.31106058,-0.08674225,0.06584973,0.08666599,0.02482110,0.00705880,29.71888987,0.00000000,51.64681924,35.73709105,0.20674419,-0.47594743,1.31808520,0.21320392,-0.47638177,1.31872892,9.00446310,0.00000008
9.74000000,LOWER_LEG,-0.00460951,-0.01514639,0.00784025,-0.08383369,0.07014847,0.31106059,-0.08674196,0.06584976,0.08666631,0.02477159,0.00700929,29.71889280,0.00000000,51.64672249,35.73704622,0.20671101,-0.47579150,1.31773055,0.21316818,-0.47621346,1.31834677,9.00446128,0.00000008
9.75000000,LOWER_LEG,-0.00460962,-0.01514645,0.00784017,-0.08383379,0.07014852,0.31106059,-0.08674164,0.06584979,0.08666666,0.02471980,0.00695749,29.71891480,0.00000000,51.64668949,35.73701321,0.20667631,-0.47562842,1.31735964,0.21313093,-0.47603790,1.31794819,9.00446741,0.00000009
9.76000000,LOWER_LEG,-0.00460971,-0.01514649,0.00784007,-0.08383389,0.07014856,0.31106059,-0.08674129,0.06584981,0.08666704,0.02466571,0.00690341,29.71895786,0.00000000,51.64666304,35.73698954,0.20664010,-0.47545812,1.31697238,0.21309216,-0.47585505,1.31753312,9.00447282,0.00000010
9.77000000,LOWER_LEG,-0.00460974,-0.01514652,0.00783997,-0.08383398,0.07014859,0.31106059,-0.08674092,0.06584983,0.08666744,0.02460933,0.00684703,29.71931791,0.00000000,51.64695347,35.73668615,0.20660240,-0.47528058,1.31656869,0.21305187,-0.47566489,1.31710146,9.00451438,0.00000001
9.78000000,LOWER_LEG,-0.00460974,-0.01514655,0.00783986,-0.08383406,0.07014861,0.31106059,-0.08674052,0.06584984,0.08666787,0.02455064,0.00678833,29.71927472,0.00000000,51.64684152,35.73675373,0.20656315,-0.47509577,1.31614850,0.21301006,-0.47546740,1.31665322,9.00450684,0.00000001
9.79000000,LOWER_LEG,-0.00460972,-0.01514655,0.00783974,-0.08383414,0.07014863,0.31106059,-0.08674010,0.06584984,0.08666833,0.02448963,0.00672733,29.71931066,0.00000000,51.64674929,35.73677890,0.20652236,-0.47490365,1.31571178,0.21296674,-0.47526257,1.31618839,9.00450252,0.00000001
9.80000000,LOWER_LEG,-0.00460968,-0.01514652,0.00783960,-0.08383421,0.07014864,0.31106058,-0.08673965,0.06584983,0.08666882,0.02442632,0.00666402,29.71937435,0.00000000,51.64664820,35.73679926,0.20648005,-0.47470422,1.31525851,0.21292190,-0.47505042,1.31570697,9.00449642,0.00000001
9.81000000,LOWER_LEG,-0.00460962,-0.01514646,0.00783945,-0.08383427,0.07014864,0.31106058,-0.08673918,0.06584981,0.08666934,0.02436069,0.00659839,29.71946294,0.00000000,51.64653629,35.73681816,0.20643623,-0.47449748,1.31478868,0.21287555,-0.47483093,1.31520896,9.00448819,0.00000002
9.82000000,LOWER_LEG,-0.00460954,-0.01514636,0.00783929,-0.08383432,0.07014864,0.31106058,-0.08673868,0.06584979,0.08666989,0.02429275,0.00653045,29.71957560,0.00000000,51.64641316,35.73683833,0.20639091,-0.47428344,1.31430228,0.21282770,-0.47460413,1.31469441,9.00447768,0.00000004
9.83000000,LOWER_LEG,-0.00460944,-0.01514622,0.00783911,-0.08383436,0.07014863,0.31106058,-0.08673814,0.06584976,0.08667048,0.02422251,0.00646021,29.71971149,0.00000000,51.64627834,35.73686200,0.20634407,-0.47406209,1.31379934,0.21277836,-0.47437002,1.31416335,9.00446474,0.00000008
9.84000000,LOWER_LEG,-0.00460932,-0.01514605,0.00783892,-0.08383439,0.07014861,0.31106057,-0.08673758,0.06584973,0.08667109,0.02414997,0.00638766,29.71987719,0.00000000,51.64580066,35.73694629,0.20629573,-0.47383346,1.31327989,0.21272753,-0.47412864,1.31361586,9.00440526,0.00000002
9.85000000,LOWER_LEG,-0.00460918,-0.01514586,0.00783870,-0.08383440,0.07014858,0.31106057,-0.08673699,0.06584968,0.08667175,0.02407514,0.00631284,29.72006726,0.00000000,51.64576218,35.73699074,0.20624590,-0.47359756,1.31274401,0.21267524,-0.47388003,1.31305204,9.00440227,0.00000007
9.86000000,LOWER_LEG,-0.00460901,-0.01514564,0.00783847,-0.08383441,0.07014855,0.31106056,-0.08673637,0.06584963,0.08667243,0.02399803,0.00623573,29.72028837,0.00000000,51.64524314,35.73708896,0.20619458,-0.47335442,1.31219175,0.21262148,-0.47362421,1.31247195,9.00433257,0.00000002
9.87000000,LOWER_LEG,-0.00460883,-0.01514539,0.00783822,-0.08383440,0.07014851,0.31106055,-0.08673572,0.06584958,0.08667315,0.02391867,0.00615636,29.72053286,0.00000000,51.64524089,35.73714604,0.20614179,-0.47310407,1.31162321,0.21256628,-0.47336124,1.31187571,9.00433207,0.00000009
9.88000000,LOWER_LEG,-0.00460862,-0.01514511,0.00783796,-0.08383438,0.07014847,0.31106053,-0.08673504,0.06584951,0.08667391,0.02383705,0.00607475,29.72080919,0.00000000,51.64482635,35.73725771,0.20608754,-0.47284656,1.31103846,0.21250965,-0.47309116,1.31126346,9.00427470,0.00000006
9.89000000,LOWER_LEG,-0.00460839,-0.01514479,0.00783767,-0.08383435,0.07014842,0.31106052,-0.08673432,0.06584945,0.08667470,0.02375321,0.00599091,29.72111103,0.00000000,51.64433348,35.73736811,0.20603185,-0.47258192,1.31043764,0.21245160,-0.47281404,1.31063530,9.00420396,0.00000005
9.90000000,LOWER_LEG,-0.00460814,-0.01514444,0.00783737,-0.08383430,0.07014836,0.31106050,-0.08673358,0.06584937,0.08667552,0.02366717,0.00590486,29.72143628,0.00000000,51.64382797,35.73747123,0.20597473,-0.47231023,1.30982086,0.21239216,-0.47252993,1.30999140,9.00412900,0.00000007
9.91000000,LOWER_LEG,-0.00460788,-0.01514407,0.00783706,-0.08383424,0.07014830,0.31106048,-0.08673281,0.06584929,0.08667638,0.02357894,0.00581663,29.72178414,0.00000000,51.64333093,35.73757504,0.20591620,-0.47203152,1.30918827,0.21233134,-0.47223890,1.30933192,9.00405393,0.00000009
9.92000000,LOWER_LEG,-0.00460759,-0.01514366,0.00783673,-0.08383417,0.07014824,0.31106045,-0.08673200,0.06584921,0.08667727,0.02348854,0.00572624,29.72273517,0.00000000,51.64296514,35.73710373,0.20585628,-0.47174588,1.30854000,0.21226917,-0.47194103,1.30865703,9.00399608,0.00000001
9.93000000,LOWER_LEG,-0.00460724,-0.01514326,0.00783640,-0.08383408,0.07014817,0.31106043,-0.08673117,0.06584912,0.08667819,0.02339602,0.00563372,29.72277685,0.00000000,51.64254869,35.73765168,0.20579499,-0.47145337,1.30787623,0.21220566,-0.47163639,1.30796692,9.00392725,0.00000001
9.94000000,LOWER_LEG,-0.00460689,-0.01514284,0.00783607,-0.08383399,0.07014809,0.31106041,-0.08673031,0.06584902,0.08667915,0.02330140,0.00553909,29.72311940,0.00000000,51.64225724,35.73783992,0.20573233,-0.47115405,1.30719715,0.21214085,-0.47132509,1.30726181,9.00388043,0.00000002
9.95000000,LOWER_LEG,-0.00460652,-0.01514239,0.00783572,-0.08383388,0.07014800,0.31106038,-0.08672942,0.06584892,0.08668013,0.02320470,0.00544240,29.72349645,0.00000000,51.64189082,35.73800308,0.20566834,-0.47084801,1.30650295,0.21207475,-0.47100720,1.30654190,9.00382193,0.00000004
9.96000000,LOWER_LEG,-0.00460615,-0.01514190,0.00783537,-0.08383376,0.07014792,0.31106035,-0.08672850,0.06584881,0.08668115,0.02310596,0.00534366,29.72389527,0.00000000,51.64157025,35.73815175,0.20560305,-0.47053534,1.30579383,0.21200738,-0.47068282,1.30580740,9.00376924,0.00000006
9.97000000,LOWER_LEG,-0.00460577,-0.01514137,0.00783500,-0.08383363,0.07014782,0.31106033,-0.08672755,0.06584870,0.08668219,0.02300522,0.00524292,29.72431382,0.00000000,51.64118245,35.73829035,0.20553648,-0.47021614,1.30506999,0.21193878,-0.47035204,1.30505854,9.00370535,0.00000010
9.98000000,LOWER_LEG,-0.00460537,-0.01514081,0.00783462,-0.08383349,0.07014772,0.31106030,-0.08672658,0.06584858,0.08668327,0.02290250,0.00514020,29.72475350,0.00000000,51.64010744,35.73845238,0.20546866,-0.46989050,1.30433166,0.21186897,-0.47001498,1.30429558,9.00354200,0.00000010
9.99000000,LOWER_LEG,-0.00460494,-0.01514026,0.00783425,-0.08383334,0.07014762,0.31106027,-0.08672558,0.06584846,0.08668438,0.02279785,0.00503554,29.72547872,0.00000000,51.63999051,35.73842498,0.20539963,-0.46955854,1.30357908,0.21179798,-0.46967174,1.30351878,9.00351225,0.00000006
10.00000000,LOWER_LEG,-0.00460448,-0.01513969,0.00783387,-0.08383318,0.07014751,0.31106024,-0.08672455,0.06584833,0.08668551,0.02269129,0.00492899,29.72586124,0.00000000,51.63888624,35.73862506,0.20532937,-0.46922034,1.30281251,0.21172584,-0.46932245,1.30272840,9.00333832,0.00000003
10.01000000,LOWER_LEG,-0.00460403,-0.01513909,0.00783349,-0.08383301,0.07014740,0.31106021,-0.08672350,0.06584819,0.08668667,0.02258288,0.00482058,29.72630379,0.00000000,51.63877333,35.73884781,0.20525793,-0.46887600,1.30203220,0.21165257,-0.46896722,1.30192472,9.00331377,0.00000005
10.02000000,LOWER_LEG,-0.00460356,-0.01513846,0.00783310,-0.08383283,0.07014728,0.31106018,-0.08672243,0.06584806,0.08668786,0.02247265,0.00471035,29.72676395,0.00000000,51.63843952,35.73901748,0.20518536,-0.46852566,1.30123843,0.21157822,-0.46860617,1.30110804,9.00325314,0.00000010
10.03000000,LOWER_LEG,-0.00460309,-0.01513781,0.00783270,-0.08383265,0.07014716,0.31106015,-0.08672133,0.06584791,0.08668907,0.02236065,0.00459835,29.72782447,0.00000000,51.63762673,35.73863215,0.20511167,-0.46816945,1.30043147,0.21150280,-0.46823944,1.30027863,9.00312292,0.00000005
10.04000000,LOWER_LEG,-0.00460258,-0.01513717,0.00783230,-0.08383245,0.07014704,0.31106012,-0.08672021,0.06584777,0.08669031,0.02224691,0.00448461,29.72798088,0.00000000,51.63676588,35.73923086,0.20503691,-0.46780750,1.29961160,0.21142635,-0.46786715,1.29943681,9.00298029,0.00000002
10.05000000,LOWER_LEG,-0.00460206,-0.01513650,0.00783190,-0.08383225,0.07014691,0.31106008,-0.08671907,0.06584762,0.08669157,0.02213149,0.00436919,29.72843465,0.00000000,51.63661334,35.73945493,0.20496108,-0.46743989,1.29877915,0.21134892,-0.46748945,1.29858291,9.00294379,0.00000009
10.06000000,LOWER_LEG,-0.00460155,-0.01513581,0.00783149,-0.08383204,0.07014677,0.31106005,-0.08671790,0.06584746,0.08669286,0.02201443,0.00425213,29.72892576,0.00000000,51.63579259,35.73967962,0.20488423,-0.46706679,1.29793441,0.21127052,-0.46710647,1.29771725,9.00281117,0.00000007
10.07000000,LOWER_LEG,-0.00461691,-0.01514278,0.00783198,-0.08383237,0.07014720,0.31106118,-0.08671713,0.06584762,0.08669372,0.02192455,0.00416225,29.69510594,0.63508111,51.67669552,35.70760680,0.20483325,-0.46673774,1.29724939,0.21119296,-0.46672702,1.29685971,9.00782762,0.00000001
10.08000000,LOWER_LEG,-0.00466802,-0.01517662,0.00784025,-0.08383478,0.07015019,0.31106701,-0.08671793,0.06584975,0.08669204,0.02186541,0.00410310,29.61718618,0.71514035,51.74230572,35.65888531,0.20481240,-0.46639771,1.29658062,0.21112069,-0.46637292,1.29605961,9.01484935,0.00000001
10.09000000,LOWER_LEG,-0.00473629,-0.01523256,0.00785947,-0.08383982,0.07015656,0.31107809,-0.08672094,0.06585482,0.08668642,0.02182109,0.00405878,29.51676727,0.77211482,51.80128812,35.59631068,0.20480834,-0.46605465,1.29589179,0.21105160,-0.46603393,1.29529379,9.02100470,0.00000001
10.10000000,LOWER_LEG,-0.00481532,-0.01530273,0.00789010,-0.08384774,0.07016656,0.31109406,-0.08672648,0.06586315,0.08667666,0.02178810,0.00402579,29.40482090,0.81523245,51.85408357,35.51691333,0.20481513,-0.46571456,1.29519442,0.21098423,-0.46570292,1.29454612,9.02704705,0.00000001
10.11000000,LOWER_LEG,-0.00490345,-0.01538102,0.00793180,-0.08385855,0.07018018,0.31111410,-0.08673465,0.06587480,0.08666306,0.02176389,0.00400159,29.29042435,0.84902461,51.90344153,35.42341225,0.20482885,-0.46537712,1.29449352,0.21091780,-0.46537612,1.29380807,9.03343354,0.00000001
10.12000000,LOWER_LEG,-0.00500005,-0.01546344,0.00798395,-0.08387208,0.07019727,0.31113716,-0.08674534,0.06588964,0.08664612,0.02174619,0.00398389,29.17986378,0.87754310,51.95299616,35.32054354,0.20484681,-0.46504123,1.29379099,0.21085188,-0.46505137,1.29307476,9.04053770,0.00000001
10.13000000,LOWER_LEG,-0.00510439,-0.01554774,0.00804571,-0.08388807,0.07021758,0.31116209,-0.08675836,0.06590746,0.08662637,0.02173300,0.00397069,29.07711712,0.90433728,52.00613308,35.21314147,0.20486720,-0.46470613,1.29308761,0.21078619,-0.46472736,1.29234323,9.04865664,0.00000001
10.14000000,LOWER_LEG,-0.00521558,-0.01563280,0.00811599,-0.08390625,0.07024079,0.31118778,-0.08677346,0.06592800,0.08660422,0.02172261,0.00396031,28.98434963,0.93227427,52.06540454,35.10517746,0.20488878,-0.46437141,1.29238392,0.21072057,-0.46440325,1.29161160,9.05799585,0.00000001
10.15000000,LOWER_LEG,-0.00533262,-0.01571819,0.00819353,-0.08392636,0.07026656,0.31121329,-0.08679041,0.06595095,0.08658000,0.02171369,0.00395139,28.90228638,0.96342353,52.13235369,34.99945498,0.20491068,-0.46403671,1.29168047,0.21065490,-0.46407852,1.29087868,9.06866364,0.00000001
10.16000000,LOWER_LEG,-0.00545449,-0.01580382,0.00827689,-0.08394820,0.07029456,0.31123787,-0.08680902,0.06597600,0.08655390,0.02170522,0.00394291,28.83049914,0.99904623,52.20758374,34.89767312,0.20493228,-0.46370165,1.29097780,0.21058913,-0.46375280,1.29014364,9.08067799,0.00000001
10.17000000,LOWER_LEG,-0.00558019,-0.01588987,0.00836462,-0.08397161,0.07032442,0.31126101,-0.08682916,0.06600283,0.08652604,0.02169649,0.00393418,28.76766092,1.03967167,52.29094084,34.80064729,0.20495311,-0.46336572,1.29027637,0.21052319,-0.46342587,1.28940599,9.09398163,0.00000001
10.18000000,LOWER_LEG,-0.00570884,-0.01597661,0.00845525,-0.08399654,0.07035582,0.31128240,-0.08685073,0.06603114,0.08649643,0.02168708,0.00392478,28.71180006,1.08522834,52.38172483,34.70856032,0.20497280,-0.46302835,1.28957648,0.21045708,-0.46309761,1.28866546,9.10846064,0.00000001
10.19000000,LOWER_LEG,-0.00583961,-0.01606446,0.00854745,-0.08402296,0.07038846,0.31130196,-0.08687371,0.06606065,0.08646507,0.02167681,0.00391450,28.66056015,1.13519981,52.47888274,34.62118423,0.20499105,-0.46268898,1.28887823,0.21039078,-0.46276800,1.28792200,9.12396321,0.00000001
10.20000000,LOWER_LEG,-0.00597181,-0.01615385,0.00864001,-0.08405086,0.07042206,0.31131978,-0.08689811,0.06609111,0.08643189,0.02166567,0.00390337,28.61145501,1.18878243,52.58116838,34.53805367,0.20500765,-0.46234712,1.28818156,0.21032430,-0.46243710,1.28717575,9.14031663,0.00000001
10.21000000,LOWER_LEG,-0.00610482,-0.01624525,0.00873197,-0.08408030,0.07045637,0.31133605,-0.08692395,0.06612229,0.08639685,0.02165381,0.00389150,28.56210025,1.24503032,52.68726642,34.45859298,0.20502241,-0.46200242,1.28748626,0.21025769,-0.46210504,1.28642700,9.15734158,0.00000001
10.22000000,LOWER_LEG,-0.00623814,-0.01633909,0.00882256,-0.08411129,0.07049118,0.31135106,-0.08695125,0.06615399,0.08635989,0.02164144,0.00387914,28.51040372,1.30297960,52.79588612,34.38220524,0.20503523,-0.46165469,1.28679204,0.21019096,-0.46177197,1.28567607,9.17486361,0.00000001
10.23000000,LOWER_LEG,-0.00637134,-0.01643574,0.00891122,-0.08414388,0.07052629,0.31136514,-0.08698004,0.06618602,0.08632098,0.02162883,0.00386652,28.45470258,1.36174825,52.90583035,34.30833212,0.20504603,-0.46130387,1.28609856,0.21012414,-0.46143805,1.28492336,9.19272171,0.00000001
10.24000000,LOWER_LEG,-0.00650409,-0.01653542,0.00899761,-0.08417807,0.07056154,0.31137861,-0.08701034,0.06621823,0.08628012,0.02161622,0.00385392,28.39384132,1.42061037,53.01604451,34.23649066,0.20505478,-0.46095004,1.28540548,0.21005728,-0.46110343,1.28416921,9.21077429,0.00000001
10.25000000,LOWER_LEG,-0.00663612,-0.01663825,0.00908157,-0.08421383,0.07059680,0.31139179,-0.08704212,0.06625049,0.08623736,0.02160383,0.00384153,28.32719260,1.47904421,53.12564816,34.16629135,0.20506152,-0.46059338,1.28471249,0.20999040,-0.46076825,1.28341391,9.22890269,0.00000001
10.26000000,LOWER_LEG,-0.00676722,-0.01674419,0.00916311,-0.08425112,0.07063195,0.31140492,-0.08707534,0.06628269,0.08619278,0.02159184,0.00382953,28.25462792,1.53675332,53.23395122,34.09744051,0.20506630,-0.46023413,1.28401930,0.20992351,-0.46043260,1.28265765,9.24701258,0.00000001
10.27000000,LOWER_LEG,-0.00689727,-0.01685306,0.00924233,-0.08428985,0.07066689,0.31141821,-0.08710992,0.06631474,0.08614650,0.02158032,0.00381802,28.17644944,1.59366143,53.34045612,34.02973025,0.20506924,-0.45987260,1.28332572,0.20985663,-0.46009652,1.28190057,9.26503349,0.00000001
10.28000000,LOWER_LEG,-0.00702619,-0.01696457,0.00931946,-0.08432990,0.07070156,0.31143181,-0.08714576,0.06634656,0.08609866,0.02156934,0.00380703,28.09329609,1.64988356,53.44484750,33.96301945,0.20507050,-0.45950912,1.28263158,0.20978976,-0.45976005,1.28114272,9.28291689,0.00000001
10.29000000,LOWER_LEG,-0.00715394,-0.01707834,0.00939475,-0.08437112,0.07073591,0.31144579,-0.08718273,0.06637810,0.08604945,0.02155886,0.00379656,28.00603776,1.70567855,53.54697174,33.89720988,0.20507028,-0.45914404,1.28193682,0.20972290,-0.45942320,1.28038413,9.30063315,0.00000001
10.30000000,LOWER_LEG,-0.00728055,-0.01719396,0.00946852,-0.08441336,0.07076990,0.31146020,-0.08722067,0.06640933,0.08599908,0.02154885,0.00378655,27.91566971,1.76139083,53.64680910,33.83222134,0.20506879,-0.45877773,1.28124144,0.20965606,-0.45908598,1.27962482,9.31816777,0.00000001
10.31000000,LOWER_LEG,-0.00740608,-0.01731097,0.00954110,-0.08445643,0.07080351,0.31147502,-0.08725943,0.06644022,0.08594774,0.02153923,0.00377693,27.82321736,1.81738992,53.74444159,33.76796970,0.20506631,-0.45841053,1.28054551,0.20958924,-0.45874840,1.27886483,9.33551745,0.00000001
10.32000000,LOWER_LEG,-0.00753065,-0.01742891,0.00961278,-0.08450014,0.07083675,0.31149023,-0.08729882,0.06647076,0.08589567,0.02152993,0.00376762,27.72916776,1.87401377,53.83999660,33.70405059,0.20506308,-0.45804280,1.27984916,0.20952244,-0.45841049,1.27810423,9.35268423,0.00000009
10.33000000,LOWER_LEG,-0.00765436,-0.01754739,0.00968387,-0.08454430,0.07086962,0.31150577,-0.08733868,0.06650097,0.08584306,0.02152086,0.00375856,27.63554897,1.93154551,53.93371418,33.64091378,0.20505940,-0.45767487,1.27915254,0.20945568,-0.45807233,1.27734318,9.36968091,0.00000007
10.34000000,LOWER_LEG,-0.00777737,-0.01766604,0.00975463,-0.08458875,0.07090216,0.31152160,-0.08737883,0.06653086,0.08579011,0.02151197,0.00374967,27.54232264,1.99013242,54.02577115,33.57815786,0.20505554,-0.45730709,1.27845586,0.20938898,-0.45773401,1.27658188,9.38651329,0.00000006
10.35000000,LOWER_LEG,-0.00789982,-0.01778455,0.00982531,-0.08463329,0.07093441,0.31153767,-0.08741911,0.06656047,0.08573701,0.02150323,0.00374093,27.45012712,2.04983603,54.11635539,33.51552044,0.20505177,-0.45693974,1.27775934,0.20932237,-0.45739566,1.27582064,9.40318970,0.00000006
10.36000000,LOWER_LEG,-0.00802187,-0.01790267,0.00989609,-0.08467780,0.07096639,0.31155394,-0.08745938,0.06658984,0.08568391,0.02149462,0.00373232,27.35939733,2.11053465,54.20563119,33.45278897,0.20504831,-0.45657311,1.27706320,0.20925587,-0.45705742,1.27505979,9.41971578,0.00000006
10.37000000,LOWER_LEG,-0.00814364,-0.01802019,0.00996711,-0.08472212,0.07099818,0.31157037,-0.08749951,0.06661900,0.08563095,0.02148611,0.00372381,27.27044655,2.17173625,54.29371256,33.38977181,0.20504534,-0.45620739,1.27636760,0.20918951,-0.45671948,1.27429971,9.43609196,0.00000007
10.38000000,LOWER_LEG,-0.00826524,-0.01813692,0.01003849,-0.08476614,0.07102980,0.31158694,-0.08753939,0.06664801,0.08557826,0.02147770,0.00371540,27.18349490,2.23328015,54.38066929,33.32630725,0.20504302,-0.45584275,1.27567265,0.20912333,-0.45638200,1.27354078,9.45231495,0.00000008
10.39000000,LOWER_LEG,-0.00838672,-0.01825272,0.01011027,-0.08480976,0.07106132,0.31160363,-0.08757892,0.06667691,0.08552593,0.02146939,0.00370708,27.09866359,2.29504901,54.46655909,33.26225643,0.20504144,-0.45547935,1.27497855,0.20905737,-0.45604514,1.27278337,9.46838151,0.00000009
10.40000000,LOWER_LEG,-0.00850813,-0.01836749,0.01018246,-0.08485291,0.07109278,0.31162044,-0.08761801,0.06670574,0.08547404,0.02146116,0.00369886,27.01662238,2.35689779,54.55145201,33.19783989,0.20504067,-0.45511733,1.27428553,0.20899165,-0.45570908,1.27202788,9.48429020,0.00000001
10.41000000,LOWER_LEG,-0.00862946,-0.01848117,0.01025506,-0.08489550,0.07112420,0.31163736,-0.08765661,0.06673453,0.08542267,0.02145305,0.00369075,26.93603591,2.41863332,54.63532725,33.13250756,0.20504073,-0.45475683,1.27359383,0.20892620,-0.45537399,1.27127469,9.50003055,0.00000001
10.42000000,LOWER_LEG,-0.00875074,-0.01859367,0.01032801,-0.08493750,0.07115562,0.31165438,-0.08769466,0.06676332,0.08537185,0.02144506,0.00368276,26.85759517,2.48012497,54.71821254,33.06635328,0.20504161,-0.45439795,1.27290373,0.20886107,-0.45504006,1.27052422,9.51560042,0.00000001
10.43000000,LOWER_LEG,-0.00887193,-0.01870497,0.01040121,-0.08497886,0.07118706,0.31167151,-0.08773213,0.06679211,0.08532164,0.02143721,0.00367491,26.78111536,2.54123464,54.80010870,32.99946518,0.20504328,-0.45404078,1.27221552,0.20879628,-0.45470745,1.26977682,9.53099388,0.00000001
10.44000000,LOWER_LEG,-0.00899296,-0.01881504,0.01047458,-0.08501956,0.07121852,0.31168874,-0.08776899,0.06682093,0.08527204,0.02142951,0.00366721,26.70647146,2.60185609,54.88101050,32.93191499,0.20504569,-0.45368540,1.27152950,0.20873187,-0.45437632,1.26903288,9.54620613,0.00000001
10.45000000,LOWER_LEG,-0.00911377,-0.01892388,0.01054799,-0.08505960,0.07125001,0.31170607,-0.08780524,0.06684978,0.08522308,0.02142196,0.00365966,26.63353605,2.66191482,54.96090839,32.86380842,0.20504877,-0.45333190,1.27084599,0.20866786,-0.45404684,1.26829276,9.56123325,0.00000001
10.46000000,LOWER_LEG,-0.00923425,-0.01903148,0.01062132,-0.08509896,0.07128152,0.31172348,-0.08784086,0.06687865,0.08517477,0.02141457,0.00365227,26.56218239,2.72136613,55.03979138,32.79527978,0.20505246,-0.45298034,1.27016534,0.20860428,-0.45371917,1.26755680,9.57607234,0.00000001
10.47000000,LOWER_LEG,-0.00935431,-0.01913785,0.01069444,-0.08513766,0.07131303,0.31174097,-0.08787586,0.06690754,0.08512709,0.02140735,0.00364504,26.49228790,2.78018984,55.11764984,32.72648546,0.20505666,-0.45263078,1.26948788,0.20854116,-0.45339344,1.26682534,9.59072175,0.00000001
10.48000000,LOWER_LEG,-0.00947384,-0.01924300,0.01076722,-0.08517570,0.07134453,0.31175850,-0.08791025,0.06693642,0.08508005,0.02140027,0.00363797,26.42373601,2.83838301,55.19447719,32.65759682,0.20506130,-0.45228327,1.26881399,0.20847854,-0.45306983,1.26609871,9.60518111,0.00000001
10.49000000,LOWER_LEG,-0.00959272,-0.01934693,0.01083952,-0.08521311,0.07137599,0.31177608,-0.08794406,0.06696527,0.08503362,0.02139335,0.00363105,26.35641715,2.89595195,55.27027088,32.58879321,0.20506630,-0.45193789,1.26814403,0.20841642,-0.45274846,1.26537723,9.61945127,0.00000001
10.50000000,LOWER_LEG,-0.00971084,-0.01944967,0.01091121,-0.08524990,0.07140737,0.31179367,-0.08797729,0.06699406,0.08498780,0.02138657,0.00362427,26.29022931,2.95290496,55.34503247,32.52025532,0.20507157,-0.45159468,1.26747838,0.20835485,-0.45242948,1.26466124,9.63353417,0.00000001
10.51000000,LOWER_LEG,-0.00982809,-0.01955122,0.01098219,-0.08528611,0.07143865,0.31181124,-0.08800998,0.06702277,0.08494255,0.02137993,0.00361763,26.22507860,3.00924628,55.41876731,32.45215935,0.20507704,-0.45125371,1.26681741,0.20829384,-0.45211304,1.26395104,9.64743270,0.00000001
10.52000000,LOWER_LEG,-0.00994436,-0.01965162,0.01105234,-0.08532176,0.07146979,0.31182877,-0.08804216,0.06705137,0.08489786,0.02137342,0.00361112,26.16088002,3.06497184,55.49148391,32.38467238,0.20508264,-0.45091504,1.26616149,0.20823343,-0.45179929,1.26324698,9.66115049,0.00000001
10.53000000,LOWER_LEG,-0.01005955,-0.01975089,0.01112157,-0.08535690,0.07150076,0.31184623,-0.08807385,0.06707982,0.08485369,0.02136704,0.00360474,26.09755834,3.12006676,55.56319322,32.31794881,0.20508834,-0.45057876,1.26551099,0.20817364,-0.45148837,1.26254937,9.67469174,0.00000001
10.54000000,LOWER_LEG,-0.01017358,-0.01984903,0.01118980,-0.08539154,0.07153152,0.31186359,-0.08810510,0.06710809,0.08481003,0.02136078,0.00359848,26.03504909,3.17450464,55.63390796,32.25212801,0.20509406,-0.45024493,1.26486626,0.20811449,-0.45118044,1.26185857,9.68806099,0.00000001
10.55000000,LOWER_LEG,-0.01028636,-0.01994609,0.01125695,-0.08542573,0.07156205,0.31188083,-0.08813592,0.06713615,0.08476684,0.02135464,0.00359234,25.97329946,3.22824813,55.70364198,32.18733307,0.20509977,-0.44991365,1.26422765,0.20805602,-0.45087565,1.26117490,9.70126300,0.00000001
10.56000000,LOWER_LEG,-0.01039782,-0.02004207,0.01132298,-0.08545950,0.07159230,0.31189792,-0.08816635,0.06716398,0.08472411,0.02134862,0.00358632,25.91226905,3.28125060,55.77240966,32.12367035,0.20510544,-0.44958503,1.26359551,0.20799824,-0.45057415,1.26049870,9.71430254,0.00000001
10.57000000,LOWER_LEG,-0.01050790,-0.02013700,0.01138784,-0.08549288,0.07162226,0.31191483,-0.08819643,0.06719155,0.08468179,0.02134272,0.00358042,25.85193024,3.33345839,55.84022537,32.06122978,0.20511104,-0.44925915,1.26297015,0.20794120,-0.45027608,1.25983031,9.72718429,0.00000001
10.58000000,LOWER_LEG,-0.01061653,-0.02023088,0.01145149,-0.08552590,0.07165190,0.31193155,-0.08822618,0.06721883,0.08463988,0.02133695,0.00357465,25.79226824,3.38481338,55.90710294,32.00008563,0.20511655,-0.44893614,1.26235189,0.20788491,-0.44998162,1.25917007,9.73991261,0.00000001
10.59000000,LOWER_LEG,-0.01072368,-0.02032373,0.01151391,-0.08555858,0.07168120,0.31194804,-0.08825563,0.06724580,0.08459836,0.02133130,0.00356900,25.73328065,3.43525563,55.97305507,31.94029757,0.20512195,-0.44861612,1.26174104,0.20782939,-0.44969089,1.25851830,9.75249149,0.00000001
10.60000000,LOWER_LEG,-0.01082929,-0.02041555,0.01157510,-0.08559095,0.07171013,0.31196429,-0.08828480,0.06727245,0.08455720,0.02132578,0.00356348,25.67497662,3.48472566,56.03809275,31.88191196,0.20512723,-0.44829922,1.26113789,0.20777468,-0.44940405,1.25787535,9.76492433,0.00000001
10.61000000,LOWER_LEG,-0.01093333,-0.02050634,0.01163505,-0.08562304,0.07173869,0.31198028,-0.08831371,0.06729876,0.08451638,0.02132039,0.00355809,25.61737568,3.53316662,56.10222459,31.82496318,0.20513238,-0.44798558,1.26054272,0.20772081,-0.44912125,1.25724151,9.77721389,0.00000001
10.62000000,LOWER_LEG,-0.01103578,-0.02059609,0.01169376,-0.08565485,0.07176685,0.31199599,-0.08834238,0.06732471,0.08447592,0.02131514,0.00355284,25.56050621,3.58052584,56.16545621,31.76947504,0.20513739,-0.44767535,1.25995582,0.20766778,-0.44884263,1.25661712,9.78936212,0.00000001
10.63000000,LOWER_LEG,-0.01113661,-0.02068480,0.01175123,-0.08568640,0.07179461,0.31201141,-0.08837082,0.06735029,0.08443578,0.02131002,0.00354772,25.50440382,3.62675610,56.22778959,31.71546205,0.20514225,-0.44736867,1.25937744,0.20761563,-0.44856831,1.25600245,9.80137006,0.00000001
10.64000000,LOWER_LEG,-0.01123578,-0.02077244,0.01180747,-0.08571769,0.07182195,0.31202652,-0.08839904,0.06737550,0.08439598,0.02130504,0.00354274,25.44910954,3.67181646,56.28922253,31.66293072,0.20514697,-0.44706571,1.25880784,0.20756439,-0.44829843,1.25539781,9.81323778,0.00000001
10.65000000,LOWER_LEG,-0.01133329,-0.02085899,0.01186251,-0.08574873,0.07184886,0.31204131,-0.08842704,0.06740032,0.08435651,0.02130021,0.00353790,25.39466807,3.71567276,56.34974812,31.61188072,0.20515154,-0.44676662,1.25824727,0.20751406,-0.44803312,1.25480346,9.82496431,0.00000001
10.66000000,LOWER_LEG,-0.01142910,-0.02094443,0.01191634,-0.08577953,0.07187535,0.31205578,-0.08845483,0.06742475,0.08431738,0.02129551,0.00353321,25.34112617,3.75829783,56.40935442,31.56230600,0.20515595,-0.44647156,1.25769595,0.20746467,-0.44777248,1.25421967,9.83654758,0.00000001
10.67000000,LOWER_LEG,-0.01152320,-0.02102874,0.01196899,-0.08581006,0.07190139,0.31206990,-0.08848240,0.06744877,0.08427860,0.02129096,0.00352866,25.28853115,3.79967147,56.46802423,31.51419581,0.20516021,-0.44618070,1.25715411,0.20741623,-0.44751664,1.25364668,9.84798442,0.00000001
10.68000000,LOWER_LEG,-0.01161558,-0.02111186,0.01202047,-0.08584034,0.07192699,0.31208369,-0.08850974,0.06747239,0.08424019,0.02128655,0.00352425,25.23692959,3.83978029,56.52573505,31.46753559,0.20516432,-0.44589419,1.25662197,0.20736878,-0.44726570,1.25308472,9.85927058,0.00000001
10.69000000,LOWER_LEG,-0.01170620,-0.02119378,0.01207079,-0.08587033,0.07195213,0.31209712,-0.08853685,0.06749559,0.08420215,0.02128229,0.00351999,25.18636633,3.87861744,56.58245919,31.42230788,0.20516826,-0.44561220,1.25609973,0.20732231,-0.44701975,1.25253401,9.87040077,0.00000001
10.70000000,LOWER_LEG,-0.01179505,-0.02127445,0.01211996,-0.08590004,0.07197681,0.31211021,-0.08856371,0.06751837,0.08416450,0.02127817,0.00351587,25.13688367,3.91618212,56.63816409,31.37849303,0.20517205,-0.44533487,1.25558758,0.20727684,-0.44677888,1.25199474,9.88136873,0.00000001
10.71000000,LOWER_LEG,-0.01188210,-0.02135382,0.01216799,-0.08592943,0.07200103,0.31212294,-0.08859030,0.06754073,0.08412728,0.02127419,0.00351188,25.08852086,3.95247924,56.69281275,31.33606991,0.20517567,-0.44506236,1.25508571,0.20723240,-0.44654319,1.25146711,9.89216734,0.00000001
10.72000000,LOWER_LEG,-0.01196733,-0.02143186,0.01221488,-0.08595849,0.07202478,0.31213533,-0.08861661,0.06756266,0.08409049,0.02127034,0.00350804,25.04131371,3.98751881,56.74636435,31.29501646,0.20517912,-0.44479482,1.25459428,0.20718898,-0.44631274,1.25095127,9.90278870,0.00000001
10.73000000,LOWER_LEG,-0.01205073,-0.02150852,0.01226064,-0.08598720,0.07204805,0.31214737,-0.08864261,0.06758415,0.08405417,0.02126664,0.00350434,24.99541954,4.02131363,56.79875558,31.25508376,0.20518240,-0.44453237,1.25411345,0.20714660,-0.44608761,1.25044738,9.91322283,0.00000001
10.74000000,LOWER_LEG,-0.01213227,-0.02158373,0.01230526,-0.08601553,0.07207084,0.31215906,-0.08866828,0.06760520,0.08401835,0.02126307,0.00350077,24.95076770,4.05390117,56.84997344,31.21654394,0.20518550,-0.44427515,1.25364339,0.20710527,-0.44586785,1.24995557,9.92346419,0.00000001
10.75000000,LOWER_LEG,-0.01221191,-0.02165748,0.01234875,-0.08604345,0.07209314,0.31217042,-0.08869360,0.06762580,0.08398305,0.02125963,0.00349733,24.90722199,4.08527616,56.89996778,31.17947049,0.20518843,-0.44402330,1.25318422,0.20706500,-0.44565352,1.24947596,9.93350155,0.00000001
10.76000000,LOWER_LEG,-0.01228962,-0.02172972,0.01239111,-0.08607094,0.07211494,0.31218144,-0.08871854,0.06764595,0.08394830,0.02125632,0.00349402,24.86492686,4.11546642,56.94868295,31.14368709,0.20519119,-0.44377692,1.25273605,0.20702578,-0.44544468,1.24900867,9.94332556,0.00000001
10.77000000,LOWER_LEG,-0.01236538,-0.02180041,0.01243233,-0.08609797,0.07213624,0.31219213,-0.08874308,0.06766564,0.08391414,0.02125313,0.00349083,24.82390936,4.14450068,56.99606760,31.10916657,0.20519377,-0.44353613,1.25229901,0.20698764,-0.44524137,1.24855379,9.95292653,0.00000000
10.78000000,LOWER_LEG,-0.01243916,-0.02186949,0.01247240,-0.08612450,0.07215702,0.31220251,-0.08876718,0.06768485,0.08388059,0.02125007,0.00348777,24.78418824,4.17240940,57.04207242,31.07588635,0.20519617,-0.44330103,1.25187319,0.20695057,-0.44504362,1.24811140,9.96229493,0.00000000
10.79000000,LOWER_LEG,-0.01251095,-0.02193693,0.01251132,-0.08615052,0.07217728,0.31221257,-0.08879083,0.06770359,0.08384768,0.02124713,0.00348483,24.74577878,4.19922356,57.08665154,31.04382653,0.20519838,-0.44307170,1.25145871,0.20691458,-0.44485146,1.24768156,9.97142162,0.00000000
10.80000000,LOWER_LEG,-0.01258071,-0.02200269,0.01254908,-0.08617599,0.07219702,0.31222233,-0.08881399,0.06772185,0.08381545,0.02124430,0.00348200,24.70869336,4.22497369,57.12976287,31.01296920,0.20520041,-0.44284823,1.25105563,0.20687966,-0.44466492,1.24726432,9.98029791,0.00000000
10.81000000,LOWER_LEG,-0.01264841,-0.02206671,0.01258566,-0.08620088,0.07221622,0.31223179,-0.08883664,0.06773962,0.08378392,0.02124159,0.00347929,24.67294185,4.24968928,57.17136821,30.98329778,0.20520226,-0.44263068,1.25066404,0.20684583,-0.44448402,1.24685973,9.98891570,0.00000000
10.82000000,LOWER_LEG,-0.01271405,-0.02212897,0.01262107,-0.08622518,0.07223487,0.31224097,-0.08885876,0.06775689,0.08375312,0.02123898,0.00347668,24.63784647,4.27339708,57.21142946,30.95559089,0.20520392,-0.44241912,1.25028398,0.20681307,-0.44430878,1.24646782,9.99726751,0.00000010
10.83000000,LOWER_LEG,-0.01277761,-0.02218943,0.01265528,-0.08624885,0.07225298,0.31224985,-0.08888031,0.06777366,0.08372308,0.02123648,0.00347418,24.60561680,4.29613460,57.24991504,30.92724087,0.20520540,-0.44221359,1.24991552,0.20678140,-0.44413920,1.24608860,10.00534601,0.00000000
10.84000000,LOWER_LEG,-0.01283905,-0.02224805,0.01268830,-0.08627187,0.07227054,0.31225846,-0.08890129,0.06778992,0.08369382,0.02123408,0.00347178,24.57356554,4.31791363,57.28682858,30.90149314,0.20520671,-0.44201415,1.24955868,0.20675080,-0.44397528,1.24572208,10.01314770,0.00000004
10.85000000,LOWER_LEG,-0.01289838,-0.02230483,0.01272011,-0.08629422,0.07228754,0.31226681,-0.08892167,0.06780567,0.08366536,0.02123178,0.00346948,24.54298767,4.33875495,57.32211588,30.87667002,0.20520784,-0.44182083,1.24921349,0.20672128,-0.44381704,1.24536826,10.02066456,0.00000007
10.86000000,LOWER_LEG,-0.01295557,-0.02235973,0.01275071,-0.08631588,0.07230397,0.31227488,-0.08894142,0.06782091,0.08363773,0.02122958,0.00346728,24.51455072,4.35868553,57.35577267,30.85202698,0.20520882,-0.44163367,1.24887998,0.20669283,-0.44366446,1.24502713,10.02789308,0.00000000
10.87000000,LOWER_LEG,-0.01301063,-0.02241272,0.01278010,-0.08633683,0.07231984,0.31228270,-0.08896054,0.06783562,0.08361095,0.02122748,0.00346517,24.48650172,4.37772929,57.38779576,30.82966826,0.20520963,-0.44145267,1.24855815,0.20666546,-0.44351754,1.24469867,10.03483154,0.00000006
10.88000000,LOWER_LEG,-0.01306355,-0.02246379,0.01280826,-0.08635705,0.07233514,0.31229026,-0.08897901,0.06784982,0.08358503,0.02122546,0.00346316,24.46071460,4.39589737,57.41816304,30.80726625,0.20521029,-0.44127785,1.24824799,0.20663915,-0.44337625,1.24438284,10.04147477,0.00000000
10.89000000,LOWER_LEG,-0.01311433,-0.02251293,0.01283521,-0.08637654,0.07234987,0.31229757,-0.08899681,0.06786349,0.08355999,0.02122354,0.00346124,24.43560003,4.41321162,57.44690397,30.78681225,0.20521080,-0.44110921,1.24794949,0.20661390,-0.44324059,1.24407960,10.04782468,0.00000002
10.90000000,LOWER_LEG,-0.01316297,-0.02256013,0.01286094,-0.08639528,0.07236403,0.31230463,-0.08901393,0.06787663,0.08353584,0.02122170,0.00345940,24.41204014,4.42968273,57.47400293,30.76715184,0.20521118,-0.44094674,1.24766263,0.20658971,-0.44311053,1.24378890,10.05387835,0.00000002
10.91000000,LOWER_LEG,-0.01320947,-0.02260538,0.01288545,-0.08641327,0.07237761,0.31231145,-0.08903037,0.06788925,0.08351259,0.02121995,0.00345765,24.39004203,4.44532126,57.49945906,30.74820066,0.20521143,-0.44079043,1.24738737,0.20656656,-0.44298605,1.24351066,10.05963527,0.00000000
10.92000000,LOWER_LEG,-0.01325385,-0.02264868,0.01290875,-0.08643049,0.07239062,0.31231802,-0.08904612,0.06790134,0.08349024,0.02121829,0.00345599,24.36859510,4.46014611,57.52333343,30.73132801,0.20521156,-0.44064027,1.24712366,0.20654446,-0.44286709,1.24324481,10.06510059,0.00000006
10.93000000,LOWER_LEG,-0.01329612,-0.02269003,0.01293084,-0.08644694,0.07240307,0.31232435,-0.08906117,0.06791292,0.08346881,0.02121671,0.00345441,24.34887406,4.47416553,57.54559007,30.71489026,0.20521158,-0.44049621,1.24687145,0.20652338,-0.44275364,1.24299126,10.07027182,0.00000010
10.94000000,LOWER_LEG,-0.01333630,-0.02272945,0.01295173,-0.08646262,0.07241494,0.31233045,-0.08907553,0.06792397,0.08344829,0.02121522,0.00345292,24.33130261,4.48739405,57.56629366,30.69852206,0.20521149,-0.44035824,1.24663065,0.20650333,-0.44264564,1.24274992,10.07515439,0.00000000
10.95000000,LOWER_LEG,-0.01337440,-0.02276693,0.01297142,-0.08647754,0.07242626,0.31233631,-0.08908918,0.06793450,0.08342868,0.02121381,0.00345151,24.31362963,4.49983382,57.58545867,30.68478898,0.20521130,-0.44022629,1.24640120,0.20648429,-0.44254305,1.24252065,10.07975151,0.00000009
10.96000000,LOWER_LEG,-0.01341044,-0.02280250,0.01298994,-0.08649169,0.07243701,0.31234192,-0.08910215,0.06794452,0.08340998,0.02121248,0.00345017,24.29800941,4.51149995,57.60312961,30.67116455,0.20521104,-0.44010033,1.24618298,0.20646624,-0.44244580,1.24230335,10.08406731,0.00000006
10.97000000,LOWER_LEG,-0.01344445,-0.02283617,0.01300728,-0.08650508,0.07244721,0.31234731,-0.08911442,0.06795403,0.08339218,0.02121122,0.00344892,24.28384003,4.52241552,57.61933018,30.65831914,0.20521068,-0.43998029,1.24597591,0.20644919,-0.44235383,1.24209787,10.08810700,0.00000001
10.98000000,LOWER_LEG,-0.01347646,-0.02286797,0.01302347,-0.08651772,0.07245687,0.31235246,-0.08912601,0.06796304,0.08337529,0.02121005,0.00344775,24.27033423,4.53255829,57.63406909,30.64693641,0.20521025,-0.43986613,1.24577985,0.20643311,-0.44226708,1.24190404,10.09187216,0.00000004
10.99000000,LOWER_LEG,-0.01350650,-0.02289791,0.01303852,-0.08652962,0.07246598,0.31235737,-0.08913692,0.06797155,0.08335928,0.02120896,0.00344666,24.25823528,4.54197847,57.64740970,30.63629910,0.20520974,-0.43975774,1.24559467,0.20641798,-0.44218548,1.24172172,10.09537221,0.00000006
11.00000000,LOWER_LEG,-0.01353460,-0.02292603,0.01305244,-0.08654079,0.07247457,0.31236205,-0.08914716,0.06797957,0.08334415,0.02120794,0.00344564,24.24735800,4.55067657,57.65939987,30.62655335,0.20520916,-0.43965506,1.24542024,0.20640380,-0.44210893,1.24155069,10.09861266,0.00000006
11.01000000,LOWER_LEG,-0.01356080,-0.02295236,0.01306527,-0.08655123,0.07248263,0.31236650,-0.08915675,0.06798711,0.08332989,0.02120700,0.00344470,24.23765317,4.55866105,57.67008600,30.61769441,0.20520852,-0.43955802,1.24525638,0.20639054,-0.44203735,1.24139077,10.10160015,0.00000004
11.02000000,LOWER_LEG,-0.01358511,-0.02297694,0.01307701,-0.08656097,0.07249017,0.31237071,-0.08916570,0.06799417,0.08331648,0.02120613,0.00344383,24.22907699,4.56594464,57.67951237,30.60971026,0.20520784,-0.43946652,1.24510290,0.20637819,-0.44197063,1.24124173,10.10434149,0.00000000
11.03000000,LOWER_LEG,-0.01360758,-0.02299983,0.01308771,-0.08657002,0.07249720,0.31237470,-0.08917401,0.06800076,0.08330390,0.02120534,0.00344303,24.22158522,4.57254475,57.68772165,30.60258495,0.20520711,-0.43938046,1.24495962,0.20636672,-0.44190869,1.24110335,10.10684359,0.00000006
11.04000000,LOWER_LEG,-0.01362827,-0.02302105,0.01309736,-0.08657840,0.07250374,0.31237845,-0.08918171,0.06800690,0.08329214,0.02120461,0.00344231,24.21475111,4.57848942,57.69471164,30.59659651,0.20520632,-0.43929974,1.24482634,0.20635612,-0.44185140,1.24097537,10.10911129,0.00000003
11.05000000,LOWER_LEG,-0.01364723,-0.02304063,0.01310601,-0.08658612,0.07250979,0.31238199,-0.08918882,0.06801258,0.08328117,0.02120396,0.00344166,24.20894492,4.58382192,57.70057325,30.59145506,0.20520547,-0.43922423,1.24470285,0.20634636,-0.44179864,1.24085752,10.11115540,0.00000002
11.06000000,LOWER_LEG,-0.01366450,-0.02305860,0.01311367,-0.08659320,0.07251536,0.31238530,-0.08919534,0.06801783,0.08327099,0.02120337,0.00344107,24.20425170,4.58856502,57.70534731,30.58691999,0.20520456,-0.43915380,1.24458891,0.20633741,-0.44175028,1.24074950,10.11298326,0.00000002
11.07000000,LOWER_LEG,-0.01368013,-0.02307503,0.01312038,-0.08659967,0.07252048,0.31238839,-0.08920130,0.06802265,0.08326156,0.02120284,0.00344054,24.20055165,4.59273904,57.70909092,30.58305356,0.20520359,-0.43908833,1.24448426,0.20632925,-0.44170619,1.24065099,10.11460325,0.00000004
11.08000000,LOWER_LEG,-0.01369417,-0.02308997,0.01312616,-0.08660554,0.07252514,0.31239127,-0.08920671,0.06802705,0.08325287,0.02120238,0.00344008,24.19776956,4.59637078,57.71186551,30.57989499,0.20520259,-0.43902768,1.24438863,0.20632186,-0.44166621,1.24056169,10.11602449,0.00000007
11.09000000,LOWER_LEG,-0.01370668,-0.02310347,0.01313106,-0.08661083,0.07252937,0.31239393,-0.08921160,0.06803105,0.08324489,0.02120197,0.00343967,24.19503221,4.59948283,57.71371628,30.57834598,0.20520154,-0.43897172,1.24430171,0.20631520,-0.44163019,1.24048123,10.11725499,0.00000000
11.10000000,LOWER_LEG,-0.01371772,-0.02311558,0.01313510,-0.08661556,0.07253318,0.31239639,-0.08921598,0.06803466,0.08323760,0.02120162,0.00343931,24.19407392,4.60211438,57.71466698,30.57616506,0.20520045,-0.43892030,1.24422321,0.20630924,-0.44159797,1.24040926,10.11830106,0.00000005
11.11000000,LOWER_LEG,-0.01372735,-0.02312637,0.01313833,-0.08661977,0.07253658,0.31239865,-0.08921987,0.06803789,0.08323098,0.02120132,0.00343901,24.19291525,4.60430324,57.71482520,30.57581851,0.20519932,-0.43887325,1.24415280,0.20630395,-0.44156937,1.24034539,10.11917622,0.00000000
11.12000000,LOWER_LEG,-0.01373563,-0.02313589,0.01314079,-0.08662346,0.07253959,0.31240072,-0.08922329,0.06804077,0.08322500,0.02120106,0.00343876,24.19346117,4.60608870,57.71419089,30.57474217,0.20519816,-0.43883040,1.24409013,0.20629930,-0.44154422,1.24028921,10.11988478,0.00000007
11.13000000,LOWER_LEG,-0.01374264,-0.02314421,0.01314252,-0.08662667,0.07254222,0.31240260,-0.08922627,0.06804329,0.08321963,0.02120085,0.00343855,24.19376865,4.60750727,57.71284204,30.57521010,0.20519696,-0.43879159,1.24403484,0.20629526,-0.44152232,1.24024030,10.12043799,0.00000004
11.14000000,LOWER_LEG,-0.01374844,-0.02315138,0.01314356,-0.08662941,0.07254450,0.31240431,-0.08922882,0.06804548,0.08321486,0.02120069,0.00343838,24.19489754,4.60861520,57.71083708,30.57589758,0.20519573,-0.43875663,1.24398656,0.20629177,-0.44150346,1.24019819,10.12084558,0.00000004
11.15000000,LOWER_LEG,-0.01375310,-0.02315747,0.01314397,-0.08663171,0.07254644,0.31240585,-0.08923097,0.06804736,0.08321064,0.02120055,0.00343825,24.19648261,4.60945219,57.70822956,30.57709070,0.20519448,-0.43872531,1.24394488,0.20628881,-0.44148745,1.24016242,10.12111638,0.00000004
11.16000000,LOWER_LEG,-0.01375671,-0.02316254,0.01314377,-0.08663359,0.07254806,0.31240723,-0.08923273,0.06804894,0.08320697,0.02120045,0.00343815,24.19849511,4.61006909,57.70507516,30.57870048,0.20519321,-0.43869745,1.24390937,0.20628634,-0.44147405,1.24013249,10.12126007,0.00000004
11.17000000,LOWER_LEG,-0.01375934,-0.02316667,0.01314304,-0.08663508,0.07254937,0.31240846,-0.08923414,0.06805023,0.08320380,0.02120037,0.00343807,24.20088320,4.61049996,57.70163014,30.58070535,0.20519192,-0.43867283,1.24387960,0.20628430,-0.44146304,1.24010790,10.12131814,0.00000005
11.18000000,LOWER_LEG,-0.01376107,-0.02316993,0.01314180,-0.08663621,0.07255041,0.31240956,-0.08923521,0.06805126,0.08320111,0.02120032,0.00343801,24.20357853,4.61083946,57.69758278,30.58298088,0.20519061,-0.43865124,1.24385512,0.20628266,-0.44145418,1.24008810,10.12123931,0.00000005
11.19000000,LOWER_LEG,-0.01376198,-0.02317239,0.01314013,-0.08663699,0.07255119,0.31241053,-0.08923596,0.06805206,0.08319887,0.02120027,0.00343797,24.20652588,4.61112630,57.69282077,30.58549854,0.20518930,-0.43863242,1.24383544,0.20628138,-0.44144720,1.24007253,10.12101320,0.00000005
11.20000000,LOWER_LEG,-0.01376217,-0.02317411,0.01313807,-0.08663746,0.07255173,0.31241139,-0.08923642,0.06805262,0.08319704,0.02120024,0.00343794,24.20966269,4.61141495,57.68824640,30.58820700,0.20518800,-0.43861615,1.24382006,0.20628039,-0.44144187,1.24006061,10.12077342,0.00000005
11.21000000,LOWER_LEG,-0.01376173,-0.02317518,0.01313569,-0.08663764,0.07255205,0.31241215,-0.08923662,0.06805299,0.08319561,0.02120021,0.00343791,24.21292016,4.61177079,57.68316026,30.59103137,0.20518670,-0.43860216,1.24380847,0.20627966,-0.44143789,1.24005172,10.12041797,0.00000004
11.22000000,LOWER_LEG,-0.01376074,-0.02317566,0.01313303,-0.08663756,0.07255218,0.31241282,-0.08923657,0.06805317,0.08319453,0.02120018,0.00343788,24.21625040,4.61252461,57.67831868,30.59391525,0.20518542,-0.43859025,1.24380021,0.20627912,-0.44143498,1.24004522,10.12005919,0.00000004
11.23000000,LOWER_LEG,-0.01375931,-0.02317564,0.01313017,-0.08663725,0.07255215,0.31241342,-0.08923631,0.06805319,0.08319378,0.02120014,0.00343783,24.21954319,4.61317366,57.67254988,30.59674114,0.20518417,-0.43858005,1.24379458,0.20627872,-0.44143285,1.24004046,10.11952642,0.00000004
11.24000000,LOWER_LEG,-0.01375756,-0.02317521,0.01312717,-0.08663673,0.07255197,0.31241397,-0.08923585,0.06805308,0.08319331,0.02120007,0.00343777,24.22275945,4.61421526,57.66784039,30.59955642,0.20518295,-0.43857132,1.24379102,0.20627842,-0.44143121,1.24003681,10.11911750,0.00000007
11.25000000,LOWER_LEG,-0.01375557,-0.02317448,0.01312409,-0.08663604,0.07255168,0.31241448,-0.08923522,0.06805285,0.08319311,0.02119999,0.00343769,24.22539088,4.61504740,57.66206957,30.60272560,0.20518177,-0.43856378,1.24378895,0.20627818,-0.44142990,1.24003389,10.11851426,0.00000004
11.26000000,VERIFY_CONTACT,-0.01375346,-0.02317351,0.01312100,-0.08663520,0.07255130,0.31241497,-0.08923446,0.06805254,0.08319313,0.02119987,0.00343757,24.22878837,4.61625665,57.65732064,30.60441872,0.20518064,-0.43855712,1.24378775,0.20627793,-0.44142853,1.24003083,10.11803065,0.00000009
11.27000000,VERIFY_CONTACT,-0.01375133,-0.02317241,0.01311796,-0.08663425,0.07255086,0.31241545,-0.08923358,0.06805217,0.08319333,0.02119973,0.00343743,24.23075436,4.61868513,57.65272194,30.60727652,0.20517958,-0.43855108,1.24378690,0.20627757,-0.44142658,1.24002646,10.11753501,0.00000010
11.28000000,VERIFY_CONTACT,-0.01374926,-0.02317123,0.01311503,-0.08663321,0.07255039,0.31241593,-0.08923262,0.06805176,0.08319369,0.02119957,0.00343727,24.23331223,4.61965350,57.64719072,30.60862651,0.20517861,-0.43854550,1.24378611,0.20627729,-0.44142509,1.24002313,10.11687778,0.00000005
11.29000000,VERIFY_CONTACT,-0.01374730,-0.02317002,0.01311227,-0.08663211,0.07254992,0.31241642,-0.08923159,0.06805134,0.08319416,0.02119941,0.00343711,24.23541608,4.62047261,57.64308828,30.61003209,0.20517777,-0.43854029,1.24378521,0.20627702,-0.44142362,1.24001986,10.11640790,0.00000009
11.30000000,VERIFY_CONTACT,-0.01374549,-0.02316880,0.01310971,-0.08663097,0.07254945,0.31241692,-0.08923053,0.06805093,0.08319472,0.02119928,0.00343698,24.23711942,4.62209603,57.63913227,30.61134657,0.20517707,-0.43853539,1.24378415,0.20627668,-0.44142176,1.24001570,10.11593764,0.00000009
11.31000000,VERIFY_CONTACT,-0.01374387,-0.02316759,0.01310738,-0.08662983,0.07254901,0.31241743,-0.08922946,0.06805054,0.08319534,0.02119917,0.00343687,24.23919580,4.62217354,57.63450695,30.61182686,0.20517652,-0.43853078,1.24378291,0.20627643,-0.44142045,1.24001278,10.11535235,0.00000008
11.32000000,VERIFY_CONTACT,-0.01374246,-0.02316640,0.01310529,-0.08662869,0.07254862,0.31241794,-0.08922839,0.06805018,0.08319600,0.02119910,0.00343680,24.24058077,4.62208085,57.63118361,30.61264226,0.20517611,-0.43852642,1.24378153,0.20627621,-0.44141924,1.24001006,10.11494959,0.00000008
11.33000000,VERIFY_CONTACT,-0.01374126,-0.02316523,0.01310346,-0.08662757,0.07254828,0.31241844,-0.08922733,0.06804987,0.08319669,0.02119906,0.00343676,24.24225688,4.62264071,57.62811824,30.61300341,0.20517583,-0.43852230,1.24378004,0.20627594,-0.44141776,1.24000677,10.11456927,0.00000007
11.34000000,VERIFY_CONTACT,-0.01374026,-0.02316409,0.01310188,-0.08662649,0.07254799,0.31241892,-0.08922631,0.06804960,0.08319737,0.02119906,0.00343676,24.24382001,4.62165270,57.62485404,30.61328791,0.20517570,-0.43851843,1.24377852,0.20627579,-0.44141698,1.24000503,10.11415133,0.00000009
11.35000000,VERIFY_CONTACT,-0.01373948,-0.02316298,0.01310053,-0.08662546,0.07254777,0.31241937,-0.08922533,0.06804939,0.08319805,0.02119908,0.00343677,24.24534986,4.62167789,57.62266626,30.61350790,0.20517566,-0.43851477,1.24377699,0.20627557,-0.44141578,1.24000235,10.11388427,0.00000008
11.36000000,VERIFY_CONTACT,-0.01373890,-0.02316191,0.01309939,-0.08662449,0.07254760,0.31241977,-0.08922440,0.06804924,0.08319870,0.02119911,0.00343681,24.24748650,4.62079179,57.61982751,30.61305550,0.20517570,-0.43851131,1.24377550,0.20627544,-0.44141508,1.24000079,10.11351289,0.00000007
11.37000000,VERIFY_CONTACT,-0.01373849,-0.02316090,0.01309846,-0.08662359,0.07254749,0.31242012,-0.08922354,0.06804914,0.08319931,0.02119916,0.00343686,24.24867055,4.62020699,57.61807924,30.61365663,0.20517583,-0.43850808,1.24377410,0.20627530,-0.44141431,1.23999907,10.11329642,0.00000009
11.38000000,VERIFY_CONTACT,-0.01373824,-0.02315998,0.01309770,-0.08662276,0.07254743,0.31242041,-0.08922275,0.06804908,0.08319987,0.02119923,0.00343692,24.25042523,4.61983908,57.61725310,30.61367977,0.20517602,-0.43850505,1.24377282,0.20627516,-0.44141356,1.23999738,10.11320921,0.00000009
11.39000000,VERIFY_CONTACT,-0.01373812,-0.02315915,0.01309708,-0.08662202,0.07254743,0.31242065,-0.08922204,0.06804907,0.08320038,0.02119930,0.00343700,24.25213584,4.61872519,57.61634135,30.61369195,0.20517624,-0.43850219,1.24377166,0.20627509,-0.44141319,1.23999657,10.11310416,0.00000010
11.40000000,VERIFY_CONTACT,-0.01373813,-0.02315843,0.01309658,-0.08662137,0.07254746,0.31242082,-0.08922141,0.06804910,0.08320081,0.02119938,0.00343708,24.25375764,4.61784083,57.61560092,30.61377787,0.20517647,-0.43849951,1.24377068,0.20627503,-0.44141285,1.23999579,10.11302336,0.00000010
11.41000000,VERIFY_CONTACT,-0.01373823,-0.02315782,0.01309616,-0.08662081,0.07254753,0.31242094,-0.08922086,0.06804916,0.08320117,0.02119946,0.00343716,24.25529047,4.61708303,57.61505978,30.61391593,0.20517668,-0.43849698,1.24376988,0.20627496,-0.44141249,1.23999499,10.11297237,0.00000008
11.42000000,VERIFY_CONTACT,-0.01373840,-0.02315733,0.01309581,-0.08662036,0.07254763,0.31242100,-0.08922041,0.06804925,0.08320145,0.02119956,0.00343725,24.25672451,4.61599738,57.61458542,30.61413442,0.20517687,-0.43849460,1.24376929,0.20627496,-0.44141249,1.23999499,10.11293254,0.00000009
11.43000000,VERIFY_CONTACT,-0.01373863,-0.02315697,0.01309549,-0.08661999,0.07254775,0.31242101,-0.08922005,0.06804936,0.08320165,0.02119965,0.00343735,24.25801780,4.61534301,57.61479205,30.61433213,0.20517701,-0.43849232,1.24376884,0.20627490,-0.44141214,1.23999423,10.11298915,0.00000006
11.44000000,VERIFY_CONTACT,-0.01373891,-0.02315675,0.01309520,-0.08661973,0.07254789,0.31242097,-0.08921979,0.06804949,0.08320176,0.02119974,0.00343744,24.25919260,4.61432897,57.61497964,30.61458079,0.20517709,-0.43849012,1.24376848,0.20627490,-0.44141214,1.23999423,10.11304539,0.00000004
11.45000000,VERIFY_CONTACT,-0.01373921,-0.02315665,0.01309491,-0.08661957,0.07254804,0.31242090,-0.08921962,0.06804963,0.08320178,0.02119984,0.00343754,24.25982609,4.61339759,57.61522243,30.61517920,0.20517710,-0.43848801,1.24376829,0.20627490,-0.44141214,1.23999423,10.11311706,0.00000010
11.46000000,VERIFY_CONTACT,-0.01373951,-0.02315671,0.01309463,-0.08661950,0.07254819,0.31242079,-0.08921953,0.06804977,0.08320173,0.02119994,0.00343764,24.26067881,4.61247387,57.61560505,30.61555186,0.20517705,-0.43848600,1.24376821,0.20627490,-0.44141214,1.23999423,10.11320715,0.00000008
11.47000000,VERIFY_CONTACT,-0.01373981,-0.02315689,0.01309432,-0.08661952,0.07254834,0.31242065,-0.08921953,0.06804992,0.08320159,0.02120004,0.00343774,24.26111441,4.61131117,57.61649024,30.61617133,0.20517692,-0.43848411,1.24376834,0.20627497,-0.44141250,1.23999503,10.11337487,0.00000005
11.48000000,VERIFY_CONTACT,-0.01374009,-0.02315716,0.01309400,-0.08661962,0.07254849,0.31242049,-0.08921962,0.06805006,0.08320138,0.02120015,0.00343785,24.26145302,4.61001846,57.61667604,30.61681998,0.20517671,-0.43848231,1.24376864,0.20627503,-0.44141287,1.23999584,10.11344630,0.00000010
11.49000000,VERIFY_CONTACT,-0.01374034,-0.02315752,0.01309366,-0.08661980,0.07254863,0.31242031,-0.08921977,0.06805019,0.08320110,0.02120026,0.00343796,24.26167015,4.60868144,57.61741363,30.61744503,0.20517643,-0.43848061,1.24376909,0.20627510,-0.44141323,1.23999665,10.11359882,0.00000008
11.50000000,VERIFY_CONTACT,-0.01374054,-0.02315798,0.01309331,-0.08662005,0.07254875,0.31242011,-0.08921999,0.06805031,0.08320076,0.02120037,0.00343807,24.26178897,4.60852708,57.61813049,30.61812706,0.20517610,-0.43847901,1.24376965,0.20627510,-0.44141323,1.23999665,10.11375062,0.00000010
11.51000000,VERIFY_CONTACT,-0.01374069,-0.02315853,0.01309295,-0.08662036,0.07254886,0.31241990,-0.08922028,0.06805042,0.08320036,0.02120047,0.00343817,24.26180486,4.60760695,57.61887280,30.61883562,0.20517570,-0.43847752,1.24377030,0.20627517,-0.44141360,1.23999747,10.11390818,0.00000009
11.52000000,VERIFY_CONTACT,-0.01374080,-0.02315915,0.01309260,-0.08662073,0.07254896,0.31241968,-0.08922061,0.06805051,0.08319993,0.02120057,0.00343827,24.26127372,4.60675633,57.61952285,30.61994064,0.20517524,-0.43847613,1.24377101,0.20627523,-0.44141395,1.23999827,10.11405824,0.00000010
11.53000000,VERIFY_CONTACT,-0.01374088,-0.02315981,0.01309223,-0.08662113,0.07254903,0.31241947,-0.08922098,0.06805058,0.08319945,0.02120066,0.00343836,24.26056827,4.60520619,57.62019132,30.62135888,0.20517472,-0.43847484,1.24377180,0.20627537,-0.44141467,1.23999986,10.11421215,0.00000008
11.54000000,VERIFY_CONTACT,-0.01374094,-0.02316050,0.01309187,-0.08662157,0.07254909,0.31241925,-0.08922138,0.06805064,0.08319895,0.02120075,0.00343845,24.26087097,4.60469576,57.62073775,30.62141682,0.20517415,-0.43847364,1.24377264,0.20627543,-0.44141501,1.24000062,10.11435210,0.00000009
11.55000000,VERIFY_CONTACT,-0.01374097,-0.02316120,0.01309152,-0.08662203,0.07254913,0.31241904,-0.08922181,0.06805068,0.08319843,0.02120083,0.00343853,24.26040600,4.60400777,57.62130701,30.62229309,0.20517355,-0.43847253,1.24377350,0.20627550,-0.44141538,1.24000145,10.11449570,0.00000009
11.56000000,VERIFY_CONTACT,-0.01374098,-0.02316190,0.01309119,-0.08662251,0.07254915,0.31241883,-0.08922226,0.06805071,0.08319791,0.02120090,0.00343860,24.25994277,4.60342059,57.62183463,30.62313007,0.20517293,-0.43847152,1.24377437,0.20627556,-0.44141574,1.24000227,10.11463290,0.00000009
11.57000000,VERIFY_CONTACT,-0.01374097,-0.02316261,0.01309089,-0.08662299,0.07254916,0.31241863,-0.08922271,0.06805073,0.08319738,0.02120096,0.00343866,24.25946157,4.60289513,57.62231236,30.62394000,0.20517229,-0.43847062,1.24377525,0.20627563,-0.44141610,1.24000305,10.11476236,0.00000010
11.58000000,VERIFY_CONTACT,-0.01374094,-0.02316329,0.01309061,-0.08662346,0.07254916,0.31241844,-0.08922316,0.06805073,0.08319687,0.02120102,0.00343872,24.25898137,4.60242903,57.62273756,30.62470912,0.20517166,-0.43846983,1.24377611,0.20627569,-0.44141644,1.24000381,10.11488316,0.00000010
11.59000000,VERIFY_CONTACT,-0.01374091,-0.02316396,0.01309037,-0.08662393,0.07254915,0.31241827,-0.08922360,0.06805072,0.08319637,0.02120108,0.00343877,24.25850820,4.60178068,57.62316033,30.62540918,0.20517103,-0.43846914,1.24377693,0.20627576,-0.44141679,1.24000460,10.11500166,0.00000009
11.60000000,VERIFY_CONTACT,-0.01374086,-0.02316459,0.01309017,-0.08662438,0.07254914,0.31241810,-0.08922402,0.06805071,0.08319589,0.02120112,0.00343882,24.25807422,4.60216800,57.62351706,30.62606173,0.20517042,-0.43846855,1.24377773,0.20627576,-0.44141679,1.24000460,10.11510805,0.00000009
11.61000000,VERIFY_CONTACT,-0.01374082,-0.02316518,0.01309001,-0.08662480,0.07254912,0.31241796,-0.08922443,0.06805069,0.08319544,0.02120117,0.00343886,24.25768616,4.60178049,57.62387764,30.62664540,0.20516983,-0.43846808,1.24377850,0.20627582,-0.44141715,1.24000541,10.11521305,0.00000009
11.62000000,VERIFY_CONTACT,-0.01374079,-0.02316573,0.01308989,-0.08662520,0.07254909,0.31241783,-0.08922481,0.06805066,0.08319502,0.02120120,0.00343890,24.25730918,4.60137884,57.62433596,30.62720480,0.20516926,-0.43846769,1.24377919,0.20627589,-0.44141751,1.24000621,10.11533181,0.00000007
11.63000000,VERIFY_CONTACT,-0.01374076,-0.02316622,0.01308981,-0.08662557,0.07254906,0.31241771,-0.08922516,0.06805064,0.08319463,0.02120123,0.00343893,24.25693138,4.60078701,57.62396267,30.62769856,0.20516872,-0.43846738,1.24377982,0.20627595,-0.44141785,1.24000697,10.11532487,0.00000008
11.64000000,VERIFY_CONTACT,-0.01374072,-0.02316666,0.01308978,-0.08662589,0.07254903,0.31241761,-0.08922547,0.06805061,0.08319428,0.02120126,0.00343896,24.25644629,4.60109366,57.62421131,30.62829935,0.20516823,-0.43846720,1.24378043,0.20627595,-0.44141785,1.24000697,10.11540165,0.00000007
11.65000000,VERIFY_CONTACT,-0.01374071,-0.02316705,0.01308978,-0.08662618,0.07254901,0.31241753,-0.08922575,0.06805059,0.08319398,0.02120128,0.00343897,24.25669151,4.60072714,57.62405146,30.62822285,0.20516776,-0.43846706,1.24378093,0.20627602,-0.44141820,1.24000775,10.11541947,0.00000009
11.66000000,VERIFY_CONTACT,-0.01374069,-0.02316737,0.01308982,-0.08662643,0.07254898,0.31241747,-0.08922599,0.06805056,0.08319372,0.02120130,0.00343899,24.25636479,4.60084699,57.62419687,30.62853197,0.20516733,-0.43846702,1.24378140,0.20627602,-0.44141820,1.24000775,10.11547444,0.00000007
11.67000000,VERIFY_CONTACT,-0.01374069,-0.02316763,0.01308989,-0.08662664,0.07254896,0.31241743,-0.08922619,0.06805054,0.08319349,0.02120130,0.00343900,24.25652077,4.60039197,57.62401289,30.62852345,0.20516693,-0.43846701,1.24378175,0.20627608,-0.44141854,1.24000851,10.11547977,0.00000008
11.68000000,VERIFY_CONTACT,-0.01374068,-0.02316785,0.01308998,-0.08662680,0.07254894,0.31241739,-0.08922636,0.06805052,0.08319332,0.02120132,0.00343901,24.25661052,4.60066802,57.62428515,30.62848295,0.20516660,-0.43846713,1.24378214,0.20627608,-0.44141854,1.24000851,10.11554168,0.00000010
11.69000000,VERIFY_CONTACT,-0.01374070,-0.02316798,0.01309009,-0.08662693,0.07254893,0.31241738,-0.08922648,0.06805051,0.08319318,0.02120132,0.00343902,24.25642980,4.60073894,57.62387626,30.62862400,0.20516626,-0.43846722,1.24378240,0.20627608,-0.44141854,1.24000851,10.11550955,0.00000006
11.70000000,VERIFY_CONTACT,-0.01374073,-0.02316806,0.01309022,-0.08662701,0.07254892,0.31241738,-0.08922657,0.06805050,0.08319308,0.02120131,0.00343901,24.25658521,4.60080642,57.62365673,30.62850362,0.20516597,-0.43846734,1.24378255,0.20627608,-0.44141854,1.24000851,10.11549760,0.00000008
11.71000000,VERIFY_CONTACT,-0.01374076,-0.02316811,0.01309037,-0.08662706,0.07254891,0.31241740,-0.08922662,0.06805049,0.08319303,0.02120131,0.00343901,24.25672544,4.60087281,57.62343371,30.62836621,0.20516571,-0.43846750,1.24378263,0.20627608,-0.44141854,1.24000851,10.11547986,0.00000009
11.72000000,VERIFY_CONTACT,-0.01374080,-0.02316812,0.01309052,-0.08662707,0.07254891,0.31241743,-0.08922663,0.06805049,0.08319301,0.02120130,0.00343900,24.25687584,4.60094247,57.62319854,30.62820015,0.20516549,-0.43846769,1.24378267,0.20627608,-0.44141854,1.24000851,10.11545640,0.00000010
11.73000000,VERIFY_CONTACT,-0.01374081,-0.02316807,0.01309067,-0.08662705,0.07254891,0.31241746,-0.08922662,0.06805049,0.08319302,0.02120131,0.00343900,24.25709296,4.60078502,57.62293567,30.62803174,0.20516531,-0.43846800,1.24378288,0.20627614,-0.44141888,1.24000927,10.11542681,0.00000007
11.74000000,VERIFY_CONTACT,-0.01374083,-0.02316797,0.01309081,-0.08662699,0.07254891,0.31241751,-0.08922657,0.06805049,0.08319306,0.02120131,0.00343900,24.25729972,4.60092634,57.62268316,30.62782955,0.20516514,-0.43846831,1.24378305,0.20627614,-0.44141888,1.24000927,10.11539564,0.00000005
11.75000000,VERIFY_CONTACT,-0.01374085,-0.02316782,0.01309094,-0.08662691,0.07254892,0.31241756,-0.08922650,0.06805049,0.08319314,0.02120130,0.00343900,24.25751468,4.60108048,57.62242338,30.62761454,0.20516499,-0.43846859,1.24378315,0.20627614,-0.44141888,1.24000927,10.11536075,0.00000003
11.76000000,VERIFY_CONTACT,-0.01374086,-0.02316763,0.01309106,-0.08662680,0.07254893,0.31241762,-0.08922640,0.06805050,0.08319323,0.02120128,0.00343898,24.25773291,4.60124652,57.62216035,30.62738885,0.20516486,-0.43846886,1.24378323,0.20627614,-0.44141888,1.24000927,10.11532308,0.00000006
11.77000000,VERIFY_CONTACT,-0.01374088,-0.02316740,0.01309117,-0.08662667,0.07254893,0.31241768,-0.08922628,0.06805050,0.08319335,0.02120127,0.00343896,24.25795069,4.60141611,57.62189599,30.62715644,0.20516475,-0.43846912,1.24378329,0.20627614,-0.44141888,1.24000927,10.11528316,0.00000009
11.78000000,VERIFY_CONTACT,-0.01374088,-0.02316718,0.01309128,-0.08662652,0.07254894,0.31241775,-0.08922615,0.06805051,0.08319349,0.02120124,0.00343894,24.25839299,4.60182335,57.62170064,30.62670022,0.20516467,-0.43846931,1.24378316,0.20627608,-0.44141853,1.24000850,10.11524523,0.00000006
11.79000000,VERIFY_CONTACT,-0.01374088,-0.02316696,0.01309138,-0.08662637,0.07254895,0.31241783,-0.08922600,0.06805052,0.08319364,0.02120121,0.00343891,24.25849511,4.60190844,57.62142603,30.62650580,0.20516461,-0.43846948,1.24378300,0.20627608,-0.44141853,1.24000850,10.11519906,0.00000009
11.80000000,VERIFY_CONTACT,-0.01374089,-0.02316672,0.01309147,-0.08662620,0.07254896,0.31241791,-0.08922584,0.06805052,0.08319379,0.02120119,0.00343889,24.25863978,4.60199339,57.62083803,30.62634526,0.20516454,-0.43846968,1.24378290,0.20627608,-0.44141853,1.24000850,10.11511220,0.00000010
11.81000000,VERIFY_CONTACT,-0.01374088,-0.02316652,0.01309154,-0.08662602,0.07254896,0.31241799,-0.08922568,0.06805053,0.08319396,0.02120117,0.00343887,24.25902749,4.60234410,57.62073314,30.62591160,0.20516451,-0.43846981,1.24378267,0.20627602,-0.44141820,1.24000774,10.11508194,0.00000005
11.82000000,VERIFY_CONTACT,-0.01374087,-0.02316631,0.01309160,-0.08662584,0.07254897,0.31241807,-0.08922551,0.06805054,0.08319413,0.02120115,0.00343885,24.25908271,4.60239079,57.62049500,30.62574885,0.20516448,-0.43846992,1.24378246,0.20627602,-0.44141820,1.24000774,10.11503708,0.00000009
11.83000000,VERIFY_CONTACT,-0.01374086,-0.02316608,0.01309164,-0.08662566,0.07254898,0.31241815,-0.08922534,0.06805054,0.08319430,0.02120114,0.00343884,24.25918955,4.60244991,57.61991710,30.62562634,0.20516444,-0.43847004,1.24378234,0.20627602,-0.44141820,1.24000774,10.11494939,0.00000009
11.84000000,VERIFY_CONTACT,-0.01374084,-0.02316588,0.01309166,-0.08662549,0.07254898,0.31241823,-0.08922518,0.06805055,0.08319447,0.02120112,0.00343882,24.25960328,4.60279752,57.61988384,30.62519210,0.20516442,-0.43847008,1.24378211,0.20627595,-0.44141785,1.24000698,10.11492949,0.00000005
11.85000000,VERIFY_CONTACT,-0.01374081,-0.02316569,0.01309167,-0.08662532,0.07254898,0.31241830,-0.08922502,0.06805055,0.08319463,0.02120110,0.00343880,24.25957926,4.60282473,57.61971106,30.62513608,0.20516441,-0.43847010,1.24378190,0.20627595,-0.44141785,1.24000698,10.11489272,0.00000008
11.86000000,VERIFY_CONTACT,-0.01374078,-0.02316549,0.01309166,-0.08662516,0.07254899,0.31241837,-0.08922486,0.06805056,0.08319479,0.02120110,0.00343879,24.25965066,4.60286726,57.61920995,30.62508390,0.20516440,-0.43847013,1.24378179,0.20627595,-0.44141785,1.24000698,10.11481568,0.00000009
11.87000000,VERIFY_CONTACT,-0.01374077,-0.02316531,0.01309163,-0.08662500,0.07254899,0.31241842,-0.08922472,0.06805056,0.08319493,0.02120108,0.00343878,24.25969160,4.60322793,57.61919826,30.62497728,0.20516437,-0.43847008,1.24378161,0.20627589,-0.44141751,1.24000620,10.11480389,0.00000009
11.88000000,VERIFY_CONTACT,-0.01374074,-0.02316515,0.01309160,-0.08662486,0.07254899,0.31241848,-0.08922458,0.06805056,0.08319507,0.02120106,0.00343876,24.26009191,4.60322221,57.61914991,30.62464734,0.20516437,-0.43846999,1.24378143,0.20627589,-0.44141751,1.24000620,10.11478299,0.00000007
11.89000000,VERIFY_CONTACT,-0.01374069,-0.02316501,0.01309156,-0.08662474,0.07254899,0.31241852,-0.08922446,0.06805056,0.08319519,0.02120105,0.00343875,24.26003522,4.60322532,57.61848680,30.62470340,0.20516438,-0.43846993,1.24378133,0.20627589,-0.44141751,1.24000620,10.11467912,0.00000007
11.90000000,VERIFY_CONTACT,-0.01374067,-0.02316489,0.01309150,-0.08662462,0.07254899,0.31241856,-0.08922435,0.06805056,0.08319530,0.02120105,0.00343875,24.26006550,4.60324329,57.61875912,30.62473016,0.20516437,-0.43846987,1.24378129,0.20627589,-0.44141751,1.24000620,10.11471442,0.00000010
11.91000000,VERIFY_CONTACT,-0.01374066,-0.02316479,0.01309144,-0.08662452,0.07254899,0.31241859,-0.08922426,0.06805056,0.08319540,0.02120104,0.00343873,24.26005485,4.60351970,57.61876620,30.62471080,0.20516435,-0.43846970,1.24378111,0.20627583,-0.44141717,1.24000545,10.11470741,0.00000005
11.92000000,VERIFY_CONTACT,-0.01374065,-0.02316470,0.01309137,-0.08662444,0.07254899,0.31241861,-0.08922417,0.06805056,0.08319548,0.02120102,0.00343872,24.26006622,4.60349510,57.61875373,30.62471522,0.20516435,-0.43846952,1.24378098,0.20627583,-0.44141717,1.24000545,10.11470002,0.00000006
11.93000000,VERIFY_CONTACT,-0.01374064,-0.02316462,0.01309130,-0.08662437,0.07254899,0.31241863,-0.08922411,0.06805057,0.08319554,0.02120102,0.00343872,24.26007701,4.60347129,57.61875779,30.62473008,0.20516434,-0.43846935,1.24378093,0.20627583,-0.44141717,1.24000545,10.11469696,0.00000007
11.94000000,VERIFY_CONTACT,-0.01374063,-0.02316455,0.01309123,-0.08662432,0.07254900,0.31241863,-0.08922406,0.06805057,0.08319559,0.02120102,0.00343872,24.26008585,4.60343754,57.61877839,30.62476035,0.20516434,-0.43846918,1.24378092,0.20627583,-0.44141717,1.24000545,10.11469760,0.00000008
11.95000000,VERIFY_CONTACT,-0.01374063,-0.02316450,0.01309117,-0.08662428,0.07254900,0.31241864,-0.08922402,0.06805057,0.08319563,0.02120103,0.00343872,24.26009133,4.60339737,57.61881563,30.62480607,0.20516434,-0.43846901,1.24378093,0.20627583,-0.44141717,1.24000545,10.11470165,0.00000009
11.96000000,VERIFY_CONTACT,-0.01374063,-0.02316447,0.01309111,-0.08662426,0.07254900,0.31241863,-0.08922399,0.06805058,0.08319565,0.02120103,0.00343873,24.26009203,4.60335161,57.61886816,30.62486535,0.20516434,-0.43846884,1.24378096,0.20627583,-0.44141717,1.24000545,10.11470874,0.00000010
11.97000000,VERIFY_CONTACT,-0.01374064,-0.02316445,0.01309105,-0.08662425,0.07254901,0.31241862,-0.08922398,0.06805058,0.08319566,0.02120103,0.00343873,24.26008685,4.60329997,57.61893380,30.62493542,0.20516434,-0.43846867,1.24378099,0.20627583,-0.44141717,1.24000545,10.11471846,0.00000010
11.98000000,VERIFY_CONTACT,-0.01374065,-0.02316446,0.01309100,-0.08662425,0.07254901,0.31241861,-0.08922398,0.06805059,0.08319566,0.02120104,0.00343874,24.26007510,4.60324197,57.61901000,30.62501330,0.20516433,-0.43846850,1.24378102,0.20627583,-0.44141717,1.24000545,10.11473041,0.00000010
11.99000000,VERIFY_CONTACT,-0.01374067,-0.02316448,0.01309096,-0.08662426,0.07254902,0.31241859,-0.08922399,0.06805059,0.08319565,0.02120105,0.00343874,24.26005656,4.60317748,57.61909431,30.62509629,0.20516432,-0.43846833,1.24378105,0.20627583,-0.44141717,1.24000545,10.11474420,0.00000010
12.00000000,VERIFY_CONTACT,-0.01374069,-0.02316453,0.01309092,-0.08662429,0.07254903,0.31241857,-0.08922401,0.06805060,0.08319562,0.02120105,0.00343875,24.26003137,4.60310680,57.61918450,30.62518208,0.20516431,-0.43846816,1.24378107,0.20627583,-0.44141717,1.24000545,10.11475948,0.00000009
12.01100000,STAND,-0.01374071,-0.02316461,0.01309089,-0.08662433,0.07254903,0.31241854,-0.08922405,0.06805061,0.08319559,0.02120106,0.00343876,24.26036881,4.60268403,57.61888624,30.62488743,0.20516429,-0.43846800,1.24378108,0.20627557,-0.44141752,1.24000569,10.11472249,0.00000007
12.02100000,STAND,-0.01374089,-0.02316483,0.01309088,-0.08662436,0.07254903,0.31241850,-0.08922408,0.06805060,0.08319557,0.02120110,0.00343880,24.25948655,4.59989751,57.61955789,30.62301969,0.20516402,-0.43846826,1.24378151,0.20627396,-0.44142102,1.24000968,10.11486586,0.00000000
12.03100000,STAND,-0.01374171,-0.02316539,0.01309095,-0.08662435,0.07254897,0.31241839,-0.08922409,0.06805056,0.08319561,0.02120131,0.00343901,24.25874767,4.59368083,57.62144976,30.61963749,0.20516275,-0.43847018,1.24378391,0.20626967,-0.44143057,1.24002074,10.11523161,0.00000000
12.04100000,STAND,-0.01374367,-0.02316662,0.01309116,-0.08662422,0.07254878,0.31241813,-0.08922401,0.06805041,0.08319581,0.02120181,0.00343951,24.25804743,4.58281099,57.62575156,30.61437239,0.20515955,-0.43847553,1.24379024,0.20626144,-0.44144927,1.24004273,10.11600051,0.00000000
12.05100000,STAND,-0.01374729,-0.02316888,0.01309164,-0.08662385,0.07254832,0.31241760,-0.08922376,0.06805004,0.08319628,0.02120272,0.00344041,24.25776282,4.56670628,57.63349959,30.60753723,0.20515328,-0.43848657,1.24380306,0.20624809,-0.44148016,1.24007944,10.11732618,0.00000000
12.06100000,STAND,-0.01375299,-0.02317247,0.01309248,-0.08662310,0.07254741,0.31241667,-0.08922322,0.06804928,0.08319716,0.02120413,0.00344182,24.25829194,4.54521628,57.64547239,30.59949823,0.20514272,-0.43850586,1.24382529,0.20622843,-0.44152613,1.24013443,10.11932951,0.00000000
12.07100000,STAND,-0.01376105,-0.02317763,0.01309379,-0.08662178,0.07254582,0.31241517,-0.08922221,0.06804794,0.08319863,0.02120608,0.00344378,24.26000647,4.51857799,57.66220509,30.59068988,0.20512660,-0.43853608,1.24386006,0.20620132,-0.44158989,1.24021094,10.12210162,0.00000000
12.08100000,STAND,-0.01377164,-0.02318451,0.01309564,-0.08661967,0.07254327,0.31241295,-0.08922056,0.06804575,0.08320089,0.02120858,0.00344628,24.26318632,4.48730182,57.68399490,30.58157678,0.20510363,-0.43857995,1.24391060,0.20616563,-0.44167393,1.24031188,10.12570235,0.00000000
12.09100000,STAND,-0.01378480,-0.02319317,0.01309808,-0.08661650,0.07253940,0.31240988,-0.08921804,0.06804240,0.08320418,0.02121159,0.00344929,24.26796875,4.45205716,57.71091669,30.57262495,0.20507254,-0.43864017,1.24398009,0.20612025,-0.44178058,1.24043984,10.13016000,0.00000000
12.10100000,STAND,-0.01380043,-0.02320366,0.01310111,-0.08661201,0.07253386,0.31240584,-0.08921440,0.06803756,0.08320875,0.02121505,0.00345274,24.27432155,4.41357940,57.74284135,30.56427803,0.20503204,-0.43871934,1.24407161,0.20606410,-0.44191201,1.24059712,10.13547191,0.00000000
12.11100000,STAND,-0.01381836,-0.02321597,0.01310471,-0.08660587,0.07252621,0.31240075,-0.08920936,0.06803084,0.08321490,0.02121888,0.00345658,24.28204188,4.37260646,57.77945518,30.55693766,0.20498086,-0.43881998,1.24418807,0.20599611,-0.44207023,1.24078578,10.14160605,0.00000000
12.12100000,STAND,-0.01383831,-0.02323006,0.01310880,-0.08659775,0.07251601,0.31239457,-0.08920263,0.06802184,0.08322294,0.02122302,0.00346072,24.29077698,4.32984374,57.82028106,30.55094893,0.20491776,-0.43894448,1.24433218,0.20591525,-0.44225711,1.24100767,10.14850347,0.00000000
12.13100000,STAND,-0.01385994,-0.02324590,0.01311327,-0.08658729,0.07250280,0.31238731,-0.08919388,0.06801011,0.08323320,0.02122738,0.00346508,24.30006046,4.28595158,57.86470254,30.54659162,0.20484154,-0.43909511,1.24450643,0.20582052,-0.44247440,1.24126445,10.15608150,0.00000000
12.14100000,STAND,-0.01388285,-0.02326342,0.01311798,-0.08657412,0.07248610,0.31237899,-0.08918276,0.06799523,0.08324608,0.02123190,0.00346960,24.30935677,4.24154749,57.91199082,30.54407706,0.20475102,-0.43927403,1.24471310,0.20571093,-0.44272373,1.24155757,10.16423753,0.00000000
12.15100000,STAND,-0.01390659,-0.02328252,0.01312276,-0.08655781,0.07246539,0.31236970,-0.08916890,0.06797672,0.08326194,0.02123650,0.00347420,24.31810763,4.19721594,57.96133381,30.54354962,0.20464508,-0.43948323,1.24495425,0.20558555,-0.44300660,1.24188834,10.17285323,0.00000000
12.16100000,STAND,-0.01393069,-0.02330308,0.01312740,-0.08653796,0.07244020,0.31235954,-0.08915193,0.06795412,0.08328123,0.02124113,0.00347882,24.32577523,4.15351974,58.01186590,30.54509115,0.20452266,-0.43972463,1.24523174,0.20544346,-0.44332443,1.24225788,10.18179878,0.00000001
12.17100000,STAND,-0.01395465,-0.02332493,0.01313169,-0.08651411,0.07241003,0.31234864,-0.08913142,0.06792699,0.08330437,0.02124571,0.00348341,24.33187873,4.11100913,58.06269666,30.54872691,0.20438274,-0.43999999,1.24554726,0.20528378,-0.44367852,1.24266718,10.19093713,0.00000001
12.18100000,STAND,-0.01397799,-0.02334785,0.01313540,-0.08648580,0.07237440,0.31233715,-0.08910696,0.06789488,0.08333184,0.02125021,0.00348790,24.33602235,4.07022655,58.11293691,30.55443171,0.20422439,-0.44031095,1.24590231,0.20510564,-0.44407007,1.24311710,10.20012779,0.00000001
12.19100000,STAND,-0.01400024,-0.02337161,0.01313829,-0.08645255,0.07233283,0.31232521,-0.08907809,0.06785733,0.08336412,0.02125455,0.00349224,24.33791403,4.03170655,58.16172131,30.56213558,0.20404674,-0.44065908,1.24629824,0.20490822,-0.44450018,1.24360835,10.20923028,0.00000001
12.20100000,STAND,-0.01402095,-0.02339589,0.01314016,-0.08641386,0.07228488,0.31231299,-0.08904437,0.06781394,0.08340170,0.02125868,0.00349638,24.33737527,3.99597146,58.20822650,30.57172863,0.20384902,-0.44104581,1.24673627,0.20469074,-0.44496990,1.24414156,10.21810701,0.00000001
12.21100000,STAND,-0.01403971,-0.02342037,0.01314078,-0.08636922,0.07223010,0.31230064,-0.08900532,0.06776429,0.08344512,0.02126255,0.00350024,24.33434276,3.96352404,58.25168491,30.58306518,0.20363053,-0.44147247,1.24721749,0.20445244,-0.44548017,1.24471724,10.22662558,0.00000001
12.22100000,STAND,-0.01405615,-0.02344467,0.01313998,-0.08631813,0.07216811,0.31228832,-0.08896047,0.06770800,0.08349489,0.02126610,0.00350379,24.32886337,3.93483884,58.29139428,30.59596764,0.20339065,-0.44194032,1.24774284,0.20419258,-0.44603187,1.24533583,10.23466052,0.00000001
12.23100000,STAND,-0.01406996,-0.02346839,0.01313759,-0.08626006,0.07209850,0.31227618,-0.08890934,0.06764472,0.08355155,0.02126928,0.00350697,24.32108368,3.91035342,58.32672327,30.61023021,0.20312886,-0.44245052,1.24831319,0.20391048,-0.44662583,1.24599772,10.24209459,0.00000001
12.24100000,STAND,-0.01408086,-0.02349111,0.01313347,-0.08619450,0.07202095,0.31226434,-0.08885143,0.06757412,0.08361563,0.02127204,0.00350973,24.31123592,3.89046099,58.35711389,30.62562300,0.20284472,-0.44300412,1.24892928,0.20360549,-0.44726281,1.24670323,10.24881957,0.00000001
12.25100000,STAND,-0.01408864,-0.02351240,0.01312753,-0.08612092,0.07193511,0.31225293,-0.08878628,0.06749589,0.08368765,0.02127434,0.00351203,24.29962133,3.87550494,58.38208129,30.64189664,0.20253786,-0.44360211,1.24959177,0.20327698,-0.44794351,1.24745262,10.25473664,0.00000001
12.26100000,STAND,-0.01409314,-0.02353181,0.01311968,-0.08603882,0.07184071,0.31224207,-0.08871340,0.06740975,0.08376813,0.02127614,0.00351383,24.28659255,3.86577594,58.40121147,30.65878755,0.20220798,-0.44424539,1.25030122,0.20292437,-0.44866859,1.24824613,10.25975657,0.00000001
12.27100000,STAND,-0.01409422,-0.02354890,0.01310988,-0.08594771,0.07173747,0.31223186,-0.08863234,0.06731545,0.08385758,0.02127740,0.00351510,24.27253587,3.86151148,58.41415757,30.67602367,0.20185485,-0.44493479,1.25105814,0.20254710,-0.44943868,1.24908398,10.26379960,0.00000001
12.28100000,STAND,-0.01409180,-0.02356325,0.01309810,-0.08584711,0.07162515,0.31222239,-0.08854264,0.06721276,0.08395649,0.02127810,0.00351580,24.25785430,3.86289768,58.42063525,30.69333072,0.20147829,-0.44567104,1.25186293,0.20214466,-0.45025434,1.24996634,10.26679512,0.00000001
12.29100000,STAND,-0.01408585,-0.02357443,0.01308433,-0.08573656,0.07150355,0.31221373,-0.08844387,0.06710149,0.08406531,0.02127822,0.00351591,24.24295209,3.87007298,58.42041741,30.71043850,0.20107816,-0.44645482,1.25271596,0.20171657,-0.45111609,1.25089336,10.26868131,0.00000001
12.30100000,STAND,-0.01407635,-0.02358204,0.01306858,-0.08561563,0.07137248,0.31220596,-0.08833562,0.06698145,0.08418450,0.02127773,0.00351543,24.22822102,3.88313302,58.41332878,30.72708721,0.20065434,-0.44728673,1.25361750,0.20126239,-0.45202444,1.25186517,10.26940463,0.00000001
12.31100000,STAND,-0.01406331,-0.02358572,0.01305087,-0.08548390,0.07123177,0.31219913,-0.08821750,0.06685248,0.08431445,0.02127664,0.00351433,24.21402903,3.90213635,58.39924050,30.74303332,0.20020677,-0.44816729,1.25456780,0.20078169,-0.45297982,1.25288188,10.26891937,0.00000001
12.32100000,STAND,-0.01404677,-0.02358513,0.01303121,-0.08534101,0.07108128,0.31219329,-0.08808916,0.06671445,0.08445556,0.02127492,0.00351262,24.20071095,3.92711043,58.37806491,30.75805492,0.19973537,-0.44909695,1.25556705,0.20027410,-0.45398265,1.25394355,10.26718708,0.00000001
12.33100000,STAND,-0.01402675,-0.02357996,0.01300964,-0.08518659,0.07092089,0.31218847,-0.08795026,0.06656724,0.08460818,0.02127259,0.00351029,24.18856164,3.95805738,58.34975071,30.77195619,0.19924009,-0.45007612,1.25661539,0.19973926,-0.45503328,1.25505023,10.26417606,0.00000002
12.34100000,STAND,-0.01400332,-0.02356993,0.01298617,-0.08502034,0.07075048,0.31218472,-0.08780050,0.06641074,0.08477261,0.02126964,0.00350734,24.17783134,3.99495923,58.31427849,30.78457104,0.19872088,-0.45110511,1.25771293,0.19917688,-0.45613204,1.25620194,10.25986094,0.00000002
12.35100000,STAND,-0.01397653,-0.02355480,0.01296082,-0.08484197,0.07056995,0.31218204,-0.08763960,0.06624485,0.08494915,0.02126608,0.00350377,24.16872306,4.03778256,58.27165677,30.79576561,0.19817769,-0.45218419,1.25885972,0.19858664,-0.45727921,1.25739866,10.25422214,0.00000002
12.36100000,STAND,-0.01394642,-0.02353438,0.01293359,-0.08465123,0.07037924,0.31218045,-0.08746733,0.06606950,0.08513803,0.02126191,0.00349960,24.16139185,4.08648213,58.22191839,30.80543980,0.19761046,-0.45331355,1.26005581,0.19796832,-0.45847503,1.25864034,10.24724550,0.00000002
12.37100000,STAND,-0.01391306,-0.02350851,0.01290446,-0.08444791,0.07017825,0.31217996,-0.08728347,0.06588461,0.08533948,0.02125713,0.00349483,24.15594572,4.14100375,58.16511746,30.81352775,0.19701913,-0.45449334,1.26130118,0.19732166,-0.45971969,1.25992688,10.23892185,0.00000002
12.38100000,STAND,-0.01387649,-0.02347705,0.01287343,-0.08423182,0.06996694,0.31218056,-0.08708785,0.06569013,0.08555367,0.02125177,0.00348947,24.15244793,4.20128619,58.10132660,30.81999736,0.19640362,-0.45572364,1.26259579,0.19664649,-0.46101334,1.26125817,10.22924669,0.00000002
12.39100000,STAND,-0.01383675,-0.02343993,0.01284046,-0.08400281,0.06974523,0.31218225,-0.08688032,0.06548600,0.08578074,0.02124583,0.00348353,24.15092037,4.26726232,58.03063461,30.82484897,0.19576387,-0.45700448,1.26393956,0.19594263,-0.46235608,1.26263402,10.21821982,0.00000002
12.40100000,STAND,-0.01379387,-0.02339707,0.01280551,-0.08376078,0.06951310,0.31218501,-0.08666077,0.06527217,0.08602080,0.02123931,0.00347701,24.15134791,4.33885956,57.95314432,30.82811330,0.19509978,-0.45833581,1.26533237,0.19520994,-0.46374799,1.26405424,10.20584499,0.00000002
12.41100000,STAND,-0.01374788,-0.02334846,0.01276853,-0.08350563,0.06927049,0.31218882,-0.08642910,0.06504860,0.08627393,0.02123222,0.00346992,24.15368330,4.41599977,57.86897081,30.82984884,0.19441128,-0.45971757,1.26677406,0.19444831,-0.46518908,1.26551857,10.19212965,0.00000002
12.42100000,STAND,-0.01369881,-0.02329409,0.01272946,-0.08323731,0.06901738,0.31219364,-0.08618526,0.06481527,0.08654019,0.02122458,0.00346228,24.15785247,4.49859863,57.77823972,30.83013877,0.19369827,-0.46114961,1.26826445,0.19365765,-0.46667932,1.26702671,10.17708457,0.00000002
12.43100000,STAND,-0.01364666,-0.02323401,0.01268823,-0.08295579,0.06875374,0.31219945,-0.08592922,0.06457215,0.08681958,0.02121638,0.00345408,24.16376011,4.58656486,57.68108567,30.82908767,0.19296066,-0.46263175,1.26980328,0.19283790,-0.46821864,1.26857833,10.16072358,0.00000002
12.44100000,STAND,-0.01359146,-0.02316825,0.01264477,-0.08266109,0.06847954,0.31220621,-0.08566097,0.06431920,0.08711211,0.02120763,0.00344533,24.17129518,4.67979909,57.57765081,30.82681803,0.19219837,-0.46416376,1.27139028,0.19198902,-0.46980694,1.27017304,10.14306323,0.00000002
12.45100000,STAND,-0.01353321,-0.02309690,0.01259903,-0.08235321,0.06819478,0.31221387,-0.08538053,0.06405643,0.08741773,0.02119834,0.00343604,24.18033637,4.77819273,57.46808331,30.82346687,0.19141131,-0.46574538,1.27302510,0.19111101,-0.47144404,1.27181041,10.12412244,0.00000002
12.46100000,STAND,-0.01347191,-0.02302005,0.01255091,-0.08203222,0.06789945,0.31222238,-0.08508794,0.06378382,0.08773640,0.02118850,0.00342620,24.19075726,4.88162677,57.35253595,30.81918244,0.19059941,-0.46737627,1.27470737,0.19020387,-0.47312976,1.27348998,10.10392220,0.00000002
12.47100000,STAND,-0.01340758,-0.02293779,0.01250037,-0.08169819,0.06759354,0.31223170,-0.08478325,0.06350136,0.08806804,0.02117811,0.00341581,24.20243119,4.98997055,57.23116450,30.81412114,0.18976259,-0.46905609,1.27643665,0.18926765,-0.47486384,1.27521122,10.08248520,0.00000002
12.48100000,STAND,-0.01334021,-0.02285024,0.01244733,-0.08135119,0.06727707,0.31224176,-0.08446655,0.06320907,0.08841255,0.02116717,0.00340487,24.21523565,5.10308053,57.10412614,30.80844483,0.18890081,-0.47078442,1.27821243,0.18830240,-0.47664600,1.27697356,10.05983540,0.00000003
12.49100000,STAND,-0.01326981,-0.02275753,0.01239174,-0.08099134,0.06695005,0.31225251,-0.08413792,0.06290695,0.08876982,0.02115567,0.00339337,24.22905634,5.22079899,56.97157774,30.80231854,0.18801401,-0.47256083,1.28003417,0.18730821,-0.47847590,1.27877639,10.03599772,0.00000003
12.50100000,STAND,-0.01319639,-0.02265979,0.01233356,-0.08061876,0.06661250,0.31226390,-0.08379748,0.06259502,0.08913973,0.02114359,0.00338129,24.24379078,5.34295257,56.83367395,30.79590862,0.18710218,-0.47438484,1.28190125,0.18628519,-0.48035316,1.28061903,10.01099755,0.00000003
12.51100000,STAND,-0.01311994,-0.02255713,0.01227274,-0.08023358,0.06626446,0.31227584,-0.08344533,0.06227331,0.08952213,0.02113091,0.00336861,24.25935152,5.46935042,56.69056519,30.78938153,0.18616529,-0.47625593,1.28381299,0.18523345,-0.48227737,1.28250078,9.98486035,0.00000003
12.52100000,STAND,-0.01304046,-0.02244969,0.01220924,-0.07983595,0.06590594,0.31228829,-0.08308161,0.06194183,0.08991688,0.02111762,0.00335532,24.27566911,5.59978186,56.54239544,30.78290312,0.18520336,-0.47817353,1.28576864,0.18415315,-0.48424805,1.28442085,9.95761119,0.00000003
12.53100000,STAND,-0.01295796,-0.02233759,0.01214305,-0.07942601,0.06553701,0.31230117,-0.08270646,0.06160064,0.09032382,0.02110367,0.00334136,24.29269490,5.73401310,56.38929984,30.77663866,0.18421639,-0.48013704,1.28776738,0.18304445,-0.48626469,1.28637842,9.92927427,0.00000003
12.54100000,STAND,-0.01287243,-0.02222094,0.01207413,-0.07900393,0.06515770,0.31231442,-0.08232001,0.06124977,0.09074278,0.02108902,0.00332671,24.31040387,5.87178261,56.23140190,30.77075362,0.18320443,-0.48214582,1.28980831,0.18190755,-0.48832672,1.28837259,9.89987241,0.00000003
12.55100000,STAND,-0.01278384,-0.02209984,0.01200247,-0.07856987,0.06476807,0.31232797,-0.08192242,0.06088927,0.09117360,0.02107361,0.00331131,24.32879773,6.01279453,56.06881055,30.76541530,0.18216752,-0.48419918,1.29189044,0.18074264,-0.49043353,1.29040240,9.86942651,0.00000003
12.56100000,STAND,-0.01269218,-0.02197439,0.01192806,-0.07812398,0.06436818,0.31234174,-0.08151383,0.06051919,0.09161610,0.02105739,0.00329509,24.34790858,6.15670899,55.90161651,30.76079558,0.18110574,-0.48629635,1.29401270,0.17954994,-0.49258446,1.29246683,9.83795496,0.00000003
12.57100000,STAND,-0.01259741,-0.02184464,0.01185087,-0.07766645,0.06395810,0.31235566,-0.08109439,0.06013959,0.09207012,0.02104025,0.00327795,24.36780369,6.30312814,55.72988815,30.75707495,0.18001917,-0.48843654,1.29617392,0.17832971,-0.49477878,1.29456477,9.80547298,0.00000003
12.58100000,STAND,-0.01249946,-0.02171064,0.01177088,-0.07719743,0.06353789,0.31236966,-0.08066425,0.05975053,0.09253547,0.02102209,0.00325979,24.38859195,6.45157563,55.55366624,30.75444833,0.17890791,-0.49061887,1.29837280,0.17708219,-0.49701571,1.29669504,9.77199188,0.00000003
12.59100000,STAND,-0.01239825,-0.02157241,0.01168807,-0.07671708,0.06310762,0.31238366,-0.08022356,0.05935207,0.09301200,0.02100277,0.00324047,24.41043289,6.60146609,55.37295738,30.75313320,0.17777205,-0.49284238,1.30060791,0.17580765,-0.49929441,1.29885632,9.73751808,0.00000003
12.60100000,STAND,-0.01229365,-0.02142991,0.01160239,-0.07622556,0.06266735,0.31239757,-0.07977245,0.05894426,0.09336706,0.02098211,0.00321981,24.43352357,6.75363016,55.18775234,30.75336035,0.17661172,-0.49510609,1.30287782,0.17450638,-0.50161395,1.30104724,9.70205521,0.00000003
12.61100000,STAND,-0.01218566,-0.02128316,0.01151379,-0.07572303,0.06221716,0.31241131,-0.07931106,0.05852718,0.09274582,0.02096011,0.00319781,24.45779372,6.91149556,54.99828189,30.75516457,0.17542708,-0.49740946,1.30518209,0.17317869,-0.50397346,1.30326646,9.66563307,0.00000003
12.62100000,STAND,-0.01207442,-0.02113232,0.01142228,-0.07520963,0.06175714,0.31242484,-0.07883954,0.05810089,0.09211168,0.02093688,0.00317458,24.48287572,7.07485800,54.80483022,30.75845700,0.17421836,-0.49975208,1.30752038,0.17182493,-0.50637216,1.30551300,9.62827969,0.00000003
12.63100000,STAND,-0.01196010,-0.02097764,0.01132790,-0.07468555,0.06128740,0.31243815,-0.07835804,0.05766550,0.09146486,0.02091257,0.00315027,24.50836722,7.24300145,54.60751755,30.76311284,0.17298587,-0.50213339,1.30989188,0.17044549,-0.50880932,1.30778599,9.59000321,0.00000003
12.64100000,STAND,-0.01184288,-0.02081938,0.01123076,-0.07415097,0.06080807,0.31245124,-0.07786673,0.05722112,0.09080558,0.02088730,0.00312500,24.53392043,7.41529654,54.40635972,30.76894640,0.17172995,-0.50455273,1.31229551,0.16904077,-0.51128419,1.31008453,9.55080419,0.00000003
12.65100000,STAND,-0.01172290,-0.02065776,0.01113095,-0.07360607,0.06031930,0.31246414,-0.07736576,0.05676788,0.09013407,0.02086119,0.00309889,24.55928144,7.59123572,54.20132436,30.77573781,0.17045098,-0.50700935,1.31473005,0.16761117,-0.51379595,1.31240765,9.51068135,0.00000003
12.66100000,STAND,-0.01160028,-0.02049296,0.01102863,-0.07305105,0.05982125,0.31247688,-0.07685532,0.05630594,0.08945057,0.02083434,0.00307204,24.58429869,7.77043259,53.99237328,30.78326730,0.16914934,-0.50950245,1.31719420,0.16615713,-0.51634375,1.31475431,9.46963489,0.00000003
12.67100000,STAND,-0.01147519,-0.02032512,0.01092393,-0.07248611,0.05931409,0.31248949,-0.07633557,0.05583543,0.08875532,0.02080685,0.00304455,24.60891451,7.95260998,53.77948929,30.79134001,0.16782542,-0.51203122,1.31968662,0.16467908,-0.51892667,1.31712337,9.42766816,0.00000003
12.68100000,STAND,-0.01134773,-0.02015433,0.01081701,-0.07191143,0.05879800,0.31250198,-0.07580669,0.05535653,0.08804857,0.02077878,0.00301647,24.63314890,8.13758301,53.56268869,30.79979793,0.16647964,-0.51459478,1.32220597,0.16317747,-0.52154375,1.31951366,9.38478834,0.00000003
12.69100000,STAND,-0.01121807,-0.01998068,0.01070800,-0.07132721,0.05827316,0.31251436,-0.07526886,0.05486941,0.08733057,0.02075018,0.00298788,24.65708078,8.32524021,53.34202325,30.80852144,0.16511239,-0.51719227,1.32475090,0.16165277,-0.52419401,1.32192395,9.34100630,0.00000003
12.70100000,STAND,-0.01108632,-0.01980422,0.01059707,-0.07073365,0.05773978,0.31252664,-0.07472224,0.05437423,0.08660157,0.02072110,0.00295880,24.68082912,8.51552464,53.11757548,30.81742434,0.16372408,-0.51982279,1.32732004,0.16010545,-0.52687640,1.32435298,9.29633608,0.00000003
12.71100000,STAND,-0.01095261,-0.01962501,0.01048433,-0.07013093,0.05719804,0.31253880,-0.07416702,0.05387118,0.08586180,0.02069156,0.00292926,24.70453524,8.70841609,52.88945100,30.82644612,0.16231514,-0.52248543,1.32991204,0.15853601,-0.52958989,1.32679946,9.25079408,0.00000003
12.72100000,STAND,-0.01081707,-0.01944309,0.01036993,-0.06951924,0.05664815,0.31255084,-0.07360336,0.05336044,0.08511154,0.02066158,0.00289927,24.72834714,8.90391520,52.65777023,30.83554404,0.16088600,-0.52517927,1.33252555,0.15694496,-0.53233338,1.32926208,9.20439825,0.00000003
12.73100000,STAND,-0.01067982,-0.01925851,0.01025397,-0.06889879,0.05609031,0.31256271,-0.07303143,0.05284220,0.08435103,0.02063117,0.00286886,24.75240645,9.10203014,52.42266090,30.84468638,0.15943709,-0.52790336,1.33515921,0.15533281,-0.53510578,1.33173954,9.15716742,0.00000003
12.74100000,STAND,-0.01054098,-0.01907132,0.01013656,-0.06826977,0.05552473,0.31257440,-0.07245143,0.05231666,0.08358054,0.02060033,0.00283803,24.77683842,9.30276629,52.18425218,30.85384747,0.15796887,-0.53065672,1.33781167,0.15370010,-0.53790597,1.33423049,9.10912068,0.00000004
12.75100000,STAND,-0.01040064,-0.01888157,0.01001778,-0.06763239,0.05495162,0.31258588,-0.07186352,0.05178399,0.08280034,0.02056907,0.00280677,24.80174499,9.50611896,51.94267042,30.86300449,0.15648179,-0.53343835,1.34048157,0.15204738,-0.54073280,1.33673360,9.06027702,0.00000004
12.76100000,STAND,-0.01025893,-0.01868933,0.00989772,-0.06698686,0.05437121,0.31259711,-0.07126791,0.05124441,0.08201070,0.02053740,0.00277509,24.82720108,9.71206921,51.69803663,30.87213578,0.15497631,-0.53624724,1.34316753,0.15037522,-0.54358512,1.33924754,9.01065515,0.00000004
12.77100000,STAND,-0.01011593,-0.01849466,0.00977644,-0.06633339,0.05378370,0.31260807,-0.07066478,0.05069810,0.08121190,0.02050530,0.00274300,24.85325365,9.92058209,51.45046531,30.88122038,0.15345292,-0.53908233,1.34586818,0.14868418,-0.54646177,1.34177098,8.96027340,0.00000004
12.78100000,STAND,-0.00997173,-0.01829763,0.00965400,-0.06567220,0.05318932,0.31261873,-0.07005434,0.05014529,0.08040423,0.02047279,0.00271049,24.87992297,10.13160701,51.20006443,30.89023826,0.15191209,-0.54194254,1.34858213,0.14697487,-0.54936156,1.34430260,8.90914980,0.00000004
12.79100000,STAND,-0.00982643,-0.01809835,0.00953045,-0.06500353,0.05258830,0.31262906,-0.06943679,0.04958616,0.07958799,0.02043987,0.00267757,24.90720565,10.34507958,50.94693629,30.89917111,0.15035432,-0.54482676,1.35130801,0.14524787,-0.55228331,1.34684107,8.85730230,0.00000004
12.80100000,STAND,-0.00968012,-0.01789689,0.00940583,-0.06432761,0.05198086,0.31263905,-0.06881235,0.04902094,0.07876347,0.02040655,0.00264424,24.93507875,10.56092408,50.69117897,30.90800328,0.14878010,-0.54773389,1.35404442,0.14350382,-0.55522580,1.34938508,8.80474892,0.00000004
12.81100000,STAND,-0.00953286,-0.01769335,0.00928018,-0.06364469,0.05136723,0.31264867,-0.06818124,0.04844983,0.07793098,0.02037283,0.00261053,24.96350434,10.77905642,50.43288811,30.91672266,0.14718995,-0.55066277,1.35678997,0.14174333,-0.55818784,1.35193333,8.75150809,0.00000004
12.82100000,STAND,-0.00938475,-0.01748785,0.00915354,-0.06295502,0.05074764,0.31265790,-0.06754369,0.04787305,0.07709084,0.02033873,0.00257643,24.99243404,10.99938678,50.17215880,30.92532151,0.14558438,-0.55361224,1.35954327,0.13996704,-0.56116820,1.35448453,8.69759883,0.00000004
12.83100000,STAND,-0.00923584,-0.01728050,0.00902596,-0.06225886,0.05012233,0.31266674,-0.06689994,0.04729081,0.07624335,0.02030426,0.00254196,25.02181324,11.22182194,49.90908743,30.93379683,0.14396392,-0.55658113,1.36230295,0.13817561,-0.56416565,1.35703741,8.64304107,0.00000004
12.84100000,STAND,-0.00908623,-0.01707140,0.00889745,-0.06155649,0.04949153,0.31267515,-0.06625022,0.04670333,0.07538885,0.02026943,0.00250713,25.05158465,11.44626695,49.64377334,30.94215062,0.14232911,-0.55956825,1.36506764,0.13636970,-0.56717896,1.35959071,8.58785578,0.00000004
12.85100000,STAND,-0.00893597,-0.01686067,0.00876806,-0.06084816,0.04885549,0.31268313,-0.06559479,0.04611083,0.07452767,0.02023426,0.00247196,25.08169119,11.67262621,49.37632016,30.95038965,0.14068050,-0.56257240,1.36783596,0.13454998,-0.57020690,1.36214317,8.53206519,0.00000004
12.86100000,STAND,-0.00878515,-0.01664845,0.00863782,-0.06013416,0.04821445,0.31269066,-0.06493390,0.04551354,0.07366013,0.02019876,0.00243645,25.11207799,11.90080397,49.10683677,30.95852504,0.13901863,-0.56559238,1.37060658,0.13271713,-0.57324823,1.36469357,8.47569282,0.00000004
12.87100000,STAND,-0.00863384,-0.01643484,0.00850678,-0.05941478,0.04756864,0.31269773,-0.06426781,0.04491168,0.07278658,0.02016294,0.00240064,25.14269373,12.13070427,48.83543798,30.96657157,0.13734409,-0.56862696,1.37337816,0.13087185,-0.57630169,1.36724068,8.41876362,0.00000004
12.88100000,STAND,-0.00848210,-0.01621998,0.00837498,-0.05869029,0.04691833,0.31270432,-0.06359679,0.04430548,0.07190737,0.02012682,0.00236452,25.17349135,12.36223068,48.56224472,30.97454686,0.13565745,-0.57167493,1.37614939,0.12901484,-0.57936603,1.36978333,8.36130388,0.00000004
12.89100000,STAND,-0.00833002,-0.01600398,0.00824246,-0.05796101,0.04626376,0.31271042,-0.06292110,0.04369518,0.07102284,0.02009042,0.00232812,25.20442824,12.59528566,48.28738404,30.98247046,0.13395930,-0.57473506,1.37891895,0.12714681,-0.58244002,1.37232033,8.30334124,0.00000004
12.90100000,STAND,-0.00817766,-0.01578698,0.00810928,-0.05722723,0.04560518,0.31271601,-0.06224102,0.04308100,0.07013334,0.02005375,0.00229145,25.23546598,12.82976995,48.01098871,30.99036289,0.13225024,-0.57780611,1.38168558,0.12526848,-0.58552239,1.37485053,8.24490459,0.00000004
12.91100000,STAND,-0.00802511,-0.01556909,0.00797548,-0.05648924,0.04494285,0.31272107,-0.06155683,0.04246319,0.06923924,0.02001683,0.00225453,25.26656994,13.06558201,47.73319672,30.99824485,0.13053089,-0.58088685,1.38444799,0.12338058,-0.58861190,1.37737281,8.18602396,0.00000004
12.92100000,STAND,-0.00787244,-0.01535045,0.00784112,-0.05574736,0.04427703,0.31272559,-0.06086882,0.04184198,0.06834090,0.01997967,0.00221737,25.29770871,13.30261753,47.45415052,31.00613636,0.12880188,-0.58397605,1.38720496,0.12148385,-0.59170729,1.37988604,8.12673041,0.00000004
12.93100000,STAND,-0.00771974,-0.01513119,0.00770627,-0.05500190,0.04360798,0.31272955,-0.06017726,0.04121761,0.06743868,0.01994228,0.00217998,25.32885342,13.54076914,47.17399627,31.01405620,0.12706383,-0.58707246,1.38995525,0.11957902,-0.59480732,1.38238916,8.06705582,0.00000004
12.94100000,STAND,-0.00756708,-0.01491143,0.00757097,-0.05425317,0.04293597,0.31273295,-0.05948244,0.04059034,0.06653295,0.01990469,0.00214239,25.35997723,13.77992641,46.89288291,31.02202139,0.12531739,-0.59017485,1.39269765,0.11766685,-0.59791074,1.38488109,8.00703282,0.00000004
12.95100000,STAND,-0.00741454,-0.01469129,0.00743529,-0.05350149,0.04226126,0.31273576,-0.05878467,0.03996041,0.06562409,0.01986691,0.00210461,25.39105473,14.01997591,46.61096132,31.03004683,0.12356322,-0.59328198,1.39543098,0.11574810,-0.60101630,1.38736081,7.94669458,0.00000004
12.96100000,STAND,-0.00726220,-0.01447091,0.00729930,-0.05274717,0.04158412,0.31273797,-0.05808422,0.03932807,0.06471246,0.01982896,0.00206666,25.42206158,14.26080160,46.32838347,31.03814514,0.12180197,-0.59639261,1.39815409,0.11382352,-0.60412278,1.38982731,7.88607468,0.00000004
12.97100000,STAND,-0.00711015,-0.01425041,0.00716306,-0.05199054,0.04090483,0.31273957,-0.05738141,0.03869357,0.06379846,0.01979086,0.00202856,25.45297420,14.50228533,46.04530157,31.04632658,0.12003432,-0.59950551,1.40086581,0.11189390,-0.60722892,1.39227961,7.82520696,0.00000004
12.98100000,STAND,-0.00695847,-0.01402991,0.00702664,-0.05123191,0.04022365,0.31274056,-0.05667652,0.03805717,0.06288245,0.01975262,0.00199032,25.48376957,14.74430737,45.76186740,31.05459903,0.11826094,-0.60261944,1.40356505,0.10995999,-0.61033351,1.39471674,7.76412538,0.00000004
12.99100000,STAND,-0.00680724,-0.01380955,0.00689010,-0.05047161,0.03954087,0.31274091,-0.05596986,0.03741912,0.06196482,0.01971426,0.00195196,25.51442512,14.98674714,45.47823157,31.06296816,0.11648252,-0.60573318,1.40625069,0.10802258,-0.61343532,1.39713778,7.70286391,0.00000004
13.00100000,STAND,-0.00665653,-0.01358943,0.00675352,-0.04970997,0.03885676,0.31274063,-0.05526172,0.03677968,0.06104594,0.01967581,0.00191351,25.54491872,15.22948387,45.19454296,31.07143751,0.11469976,-0.60884550,1.40892166,0.10608244,-0.61653312,1.39954181,7.64145640,0.00000003
13.01100000,STAND,-0.00650642,-0.01336969,0.00661695,-0.04894730,0.03817160,0.31273971,-0.05455241,0.03613911,0.06012620,0.01963728,0.00187497,25.57522869,15.47239726,44.91094819,31.08000874,0.11291334,-0.61195519,1.41157692,0.10414037,-0.61962570,1.40192795,7.57993647,0.00000003
13.02100000,STAND,-0.00635700,-0.01315043,0.00648048,-0.04818392,0.03748566,0.31273815,-0.05384223,0.03549767,0.05920598,0.01959868,0.00183638,25.60533389,15.71536806,44.62759124,31.08868177,0.11112398,-0.61506103,1.41421544,0.10219715,-0.62271186,1.40429535,7.51833744,0.00000003
13.03100000,STAND,-0.00620833,-0.01293177,0.00634416,-0.04742017,0.03679923,0.31273593,-0.05313147,0.03485562,0.05828566,0.01956005,0.00179775,25.63521379,15.95827865,44.34461306,31.09745499,0.10933237,-0.61816181,1.41683621,0.10025357,-0.62579039,1.40664317,7.45669224,0.00000003
13.04100000,STAND,-0.00606049,-0.01271383,0.00620806,-0.04665636,0.03611258,0.31273307,-0.05242044,0.03421322,0.05736562,0.01952139,0.00175909,25.66484860,16.20101342,44.06215129,31.10632544,0.10753923,-0.62125633,1.41943827,0.09831042,-0.62886009,1.40897061,7.39503335,0.00000003
13.05100000,STAND,-0.00591354,-0.01249671,0.00607225,-0.04589280,0.03542601,0.31272957,-0.05170943,0.03357074,0.05644624,0.01948273,0.00172043,25.69421932,16.44345913,43.78034013,31.11528894,0.10574529,-0.62434339,1.42202065,0.09636849,-0.63191980,1.41127687,7.33339274,0.00000003
13.06100000,STAND,-0.00576756,-0.01228051,0.00593678,-0.04512983,0.03473977,0.31272542,-0.05099875,0.03292843,0.05552789,0.01944408,0.00168178,25.72330788,16.68550513,43.49931014,31.12434025,0.10395124,-0.62742181,1.42458245,0.09442858,-0.63496831,1.41356121,7.27180181,0.00000003
13.07100000,STAND,-0.00562261,-0.01206534,0.00580174,-0.04436776,0.03405416,0.31272063,-0.05028868,0.03228656,0.05461096,0.01940547,0.00164317,25.75209720,16.92704347,43.21918822,31.13347316,0.10215783,-0.63049042,1.42712275,0.09249149,-0.63800448,1.41582289,7.21029139,0.00000003
13.08100000,STAND,-0.00547874,-0.01185130,0.00566716,-0.04360689,0.03336946,0.31271521,-0.04957953,0.03164539,0.05369582,0.01936691,0.00160461,25.78057125,17.16796897,42.94009760,31.14268059,0.10036577,-0.63354803,1.42964068,0.09055800,-0.64102714,1.41806119,7.14889169,0.00000003
13.09100000,STAND,-0.00533602,-0.01163848,0.00553312,-0.04284755,0.03268594,0.31270916,-0.04887159,0.03100517,0.05278283,0.01932842,0.00156612,25.80871513,17.40817916,42.66215789,31.15195463,0.09857580,-0.63659350,1.43213541,0.08862891,-0.64403514,1.42027544,7.08763231,0.00000003
13.10100000,STAND,-0.00519450,-0.01142697,0.00539968,-0.04209005,0.03200387,0.31270250,-0.04816514,0.03036618,0.05187237,0.01929001,0.00152771,25.83651510,17.64757415,42.38548514,31.16128664,0.09678863,-0.63962566,1.43460610,0.08670501,-0.64702734,1.42246498,7.02654222,0.00000003
13.11100000,STAND,-0.00505425,-0.01121685,0.00526689,-0.04133468,0.03132354,0.31269523,-0.04746048,0.02972866,0.05096480,0.01925171,0.00148940,25.86395862,17.88605655,42.11019205,31.17066728,0.09500501,-0.64264338,1.43705198,0.08478709,-0.65000263,1.42462917,6.96564977,0.00000003
13.12100000,STAND,-0.00491530,-0.01100821,0.00513480,-0.04058176,0.03064522,0.31268737,-0.04675789,0.02909288,0.05006048,0.01921352,0.00145122,25.89103436,18.12353119,41.83638808,31.18008656,0.09322566,-0.64564553,1.43947228,0.08287594,-0.65295988,1.42676740,6.90498268,0.00000003
13.13100000,STAND,-0.00477770,-0.01080113,0.00500347,-0.03983159,0.02996918,0.31267893,-0.04605766,0.02845909,0.04915979,0.01917547,0.00141316,25.91773224,18.35990497,41.56417967,31.18953392,0.09145133,-0.64863098,1.44186625,0.08097235,-0.65589800,1.42887909,6.84456809,0.00000003
13.14100000,STAND,-0.00464151,-0.01059569,0.00487296,-0.03908446,0.02929569,0.31266992,-0.04536007,0.02782755,0.04826306,0.01913756,0.00137526,25.94404343,18.59508660,41.29367048,31.19899825,0.08968273,-0.65159863,1.44423320,0.07907709,-0.65881591,1.43096370,6.78443258,0.00000003
13.15100000,STAND,-0.00450677,-0.01039195,0.00474332,-0.03834067,0.02862503,0.31266036,-0.04466539,0.02719851,0.04737067,0.01909982,0.00133752,25.96996033,18.82898638,41.02496156,31.20846802,0.08792061,-0.65454739,1.44657245,0.07719095,-0.66171252,1.43302068,6.72460214,0.00000003
13.16100000,STAND,-0.00437352,-0.01018999,0.00461459,-0.03760052,0.02795745,0.31265026,-0.04397390,0.02657222,0.04648295,0.01906226,0.00129996,25.99547656,19.06151596,40.75815165,31.21793128,0.08616569,-0.65747617,1.44888333,0.07531470,-0.66458679,1.43504953,6.66510227,0.00000003
13.17100000,STAND,-0.00424179,-0.00998987,0.00448683,-0.03686429,0.02729323,0.31263964,-0.04328588,0.02594895,0.04560026,0.01902490,0.00126259,26.02058694,19.29258816,40.49333737,31.22737582,0.08441872,-0.66038390,1.45116523,0.07344911,-0.66743768,1.43704978,6.60595797,0.00000003
13.18100000,STAND,-0.00411163,-0.00979166,0.00436008,-0.03613226,0.02663263,0.31262852,-0.04260159,0.02532892,0.04472294,0.01898774,0.00122544,26.04528743,19.52211673,40.23061348,31.23678923,0.08268041,-0.66326952,1.45341755,0.07159493,-0.67026416,1.43902098,6.54719375,0.00000003
13.19100000,STAND,-0.00398307,-0.00959541,0.00423439,-0.03540473,0.02597591,0.31261692,-0.04192131,0.02471240,0.04385133,0.01895080,0.00118850,26.06957512,19.75001617,39.97007305,31.24615902,0.08095150,-0.66613200,1.45563972,0.06975293,-0.67306523,1.44096270,6.48883370,0.00000003
13.20100000,STAND,-0.00385615,-0.00940118,0.00410980,-0.03468197,0.02532333,0.31260486,-0.04124528,0.02409962,0.04298576,0.01891410,0.00115180,26.09344810,19.97620161,39.71180767,31.25547271,0.07923272,-0.66897029,1.45783121,0.06792386,-0.67583990,1.44287455,6.43090148,0.00000003
13.21100000,STAND,-0.00373089,-0.00920903,0.00398637,-0.03396424,0.02467514,0.31259235,-0.04057379,0.02349084,0.04212657,0.01887766,0.00111535,26.11690543,20.20058862,39.45590761,31.26471797,0.07752478,-0.67178340,1.45999150,0.06610847,-0.67858720,1.44475616,6.37342035,0.00000003
13.22100000,STAND,-0.00360734,-0.00901901,0.00386412,-0.03325184,0.02403161,0.31257943,-0.03990707,0.02288628,0.04127408,0.01884147,0.00107917,26.13994703,20.42309314,39.20246199,31.27388274,0.07582840,-0.67457032,1.46212011,0.06430747,-0.68130620,1.44660719,6.31641322,0.00000003
13.23100000,STAND,-0.00348551,-0.00883117,0.00374311,-0.03254502,0.02339297,0.31256610,-0.03924539,0.02228618,0.04042862,0.01880556,0.00104326,26.16257359,20.64363139,38.95155888,31.28295533,0.07414430,-0.67733008,1.46421659,0.06252162,-0.68399595,1.44842731,6.25990261,0.00000003
13.24100000,STAND,-0.00336545,-0.00864556,0.00362337,-0.03184404,0.02275947,0.31255239,-0.03858901,0.02169079,0.03959051,0.01876995,0.00100764,26.18478646,20.86211979,38.70328535,31.29192453,0.07247318,-0.68006170,1.46628051,0.06075161,-0.68665555,1.45021625,6.20391071,0.00000003
13.25100000,STAND,-0.00324716,-0.00846223,0.00350494,-0.03114918,0.02213137,0.31253832,-0.03793816,0.02110033,0.03876006,0.01873463,0.00097233,26.20658753,21.07847492,38.45772762,31.30077973,0.07081575,-0.68276425,1.46831148,0.05899817,-0.68928412,1.45197373,6.14845936,0.00000003
13.26100000,STAND,-0.00313069,-0.00828122,0.00338787,-0.03046068,0.02150890,0.31252391,-0.03729309,0.02051503,0.03793758,0.01869964,0.00093734,26.22797915,21.29261353,38.21497099,31.30951103,0.06917271,-0.68543679,1.47030913,0.05726198,-0.69188079,1.45369952,6.09357008,0.00000003
13.27100000,STAND,-0.00301605,-0.00810257,0.00327219,-0.02977880,0.02089230,0.31250919,-0.03665404,0.01993513,0.03712338,0.01866497,0.00090267,26.24896398,21.50445252,37.97509992,31.31810929,0.06754474,-0.68807842,1.47227312,0.05554375,-0.69444472,1.45539341,6.03926403,0.00000003
13.28100000,STAND,-0.00290326,-0.00792633,0.00315793,-0.02910378,0.02028181,0.31249418,-0.03602126,0.01936083,0.03631775,0.01863066,0.00086835,26.26954493,21.71390899,37.73819800,31.32656624,0.06593252,-0.69068824,1.47420313,0.05384413,-0.69697510,1.45705521,5.98556204,0.00000003
13.29100000,STAND,-0.00279236,-0.00775254,0.00304514,-0.02843589,0.01967764,0.31247890,-0.03539497,0.01879236,0.03552100,0.01859670,0.00083439,26.28972504,21.92090025,37.50434786,31.33487453,0.06433674,-0.69326538,1.47609887,0.05216381,-0.69947113,1.45868477,5.93248460,0.00000003
13.30100000,STAND,-0.00268335,-0.00758123,0.00293384,-0.02777534,0.01908004,0.31246337,-0.03477540,0.01822994,0.03473342,0.01856311,0.00080080,26.30950736,22.12534392,37.27363118,31.34302780,0.06275805,-0.69580900,1.47796010,0.05050344,-0.70193204,1.46028194,5.88005182,0.00000003
13.31100000,STAND,-0.00257626,-0.00741245,0.00282408,-0.02712239,0.01848922,0.31244762,-0.03416278,0.01767377,0.03395528,0.01852990,0.00076760,26.32889496,22.32715801,37.04612859,31.35102067,0.06119711,-0.69831826,1.47978658,0.04886364,-0.70435709,1.46184662,5.82828346,0.00000002
13.32100000,STAND,-0.00247111,-0.00724623,0.00271588,-0.02647726,0.01790540,0.31243167,-0.03355734,0.01712407,0.03318687,0.01849710,0.00073479,26.34789080,22.52626096,36.82191955,31.35884880,0.05965456,-0.70079236,1.48157811,0.04724506,-0.70674556,1.46337871,5.77719888,0.00000002
13.33100000,STAND,-0.00236791,-0.00708261,0.00260927,-0.02584018,0.01732879,0.31241554,-0.03295929,0.01658104,0.03242846,0.01846470,0.00070240,26.36649769,22.72257179,36.60108230,31.36650887,0.05813104,-0.70323051,1.48333449,0.04564829,-0.70909675,1.46487816,5.72681704,0.00000002
13.34100000,STAND,-0.00226667,-0.00692161,0.00250429,-0.02521137,0.01675960,0.31239926,-0.03236884,0.01604488,0.03168032,0.01843273,0.00067043,26.38471830,22.91601019,36.38369372,31.37399860,0.05662716,-0.70563195,1.48505559,0.04407395,-0.71141000,1.46634492,5.67715646,0.00000002
13.35100000,STAND,-0.00216742,-0.00676328,0.00240097,-0.02459106,0.01619804,0.31238284,-0.03178622,0.01551578,0.03094270,0.01840119,0.00063889,26.40255509,23.10649664,36.16982923,31.38131668,0.05514353,-0.70799594,1.48674128,0.04252260,-0.71368466,1.46777898,5.62823523,0.00000002
13.36100000,STAND,-0.00207016,-0.00660765,0.00229932,-0.02397946,0.01564430,0.31236631,-0.03121161,0.01499394,0.03021587,0.01837011,0.00060781,26.42001036,23.29395252,35.95956266,31.38846276,0.05368075,-0.71032176,1.48839145,0.04099482,-0.71592013,1.46918033,5.58007095,0.00000002
13.37100000,STAND,-0.00197491,-0.00645475,0.00219939,-0.02337677,0.01509858,0.31234969,-0.03064522,0.01447953,0.02950006,0.01833949,0.00057719,26.43708620,23.47830024,35.75296615,31.39543739,0.05223940,-0.71260872,1.49000601,0.03949115,-0.71811581,1.47054899,5.53268077,0.00000002
13.38100000,STAND,-0.00188167,-0.00630461,0.00210119,-0.02278320,0.01456106,0.31233301,-0.03008725,0.01397274,0.02879553,0.01830934,0.00054704,26.45378458,23.65946338,35.55011004,31.40224199,0.05082004,-0.71485617,1.49158493,0.03801213,-0.72027115,1.47188502,5.48608128,0.00000002
13.39100000,STAND,-0.00179046,-0.00615725,0.00200475,-0.02219894,0.01403192,0.31231629,-0.02953788,0.01347375,0.02810249,0.01827969,0.00051738,26.47010733,23.83736680,35.35106271,31.40887871,0.04942322,-0.71706345,1.49312816,0.03655827,-0.72238561,1.47318847,5.44028857,0.00000002
13.40100000,STAND,-0.00170128,-0.00601271,0.00191009,-0.02162418,0.01351135,0.31229954,-0.02899731,0.01298272,0.02742119,0.01825053,0.00048823,26.48605621,24.01193674,35.15589054,31.41535045,0.04804949,-0.71922996,1.49463569,0.03513007,-0.72445870,1.47445943,5.39531817,0.00000002
13.41100000,STAND,-0.00161414,-0.00587101,0.00181724,-0.02105912,0.01299952,0.31228279,-0.02846571,0.01249982,0.02675183,0.01822189,0.00045958,26.50163293,24.18310101,34.96465773,31.42166068,0.04669934,-0.72135511,1.49610754,0.03372800,-0.72648993,1.47569800,5.35118503,0.00000002
13.42100000,STAND,-0.00152905,-0.00573218,0.00172622,-0.02050393,0.01249658,0.31226606,-0.02794325,0.01202521,0.02609463,0.01819377,0.00043147,26.51683926,24.35078902,34.77742626,31.42781343,0.04537329,-0.72343834,1.49754374,0.03235253,-0.72847888,1.47690429,5.30790351,0.00000002
13.43100000,STAND,-0.00144601,-0.00559624,0.00163704,-0.01995879,0.01200270,0.31224938,-0.02743010,0.01155903,0.02544978,0.01816618,0.00040388,26.53167699,24.51493197,34.59425577,31.43381316,0.04407181,-0.72547912,1.49894435,0.03100408,-0.73042511,1.47807846,5.26548736,0.00000002
13.44100000,STAND,-0.00136502,-0.00546322,0.00154973,-0.01942385,0.01151803,0.31223275,-0.02692643,0.01110145,0.02481749,0.01813915,0.00037685,26.54614807,24.67546293,34.41520347,31.43966469,0.04279538,-0.72747696,1.50030944,0.02968307,-0.73232825,1.47922064,5.22394972,0.00000002
13.45100000,STAND,-0.00128609,-0.00533313,0.00146430,-0.01889928,0.01104271,0.31221621,-0.02643238,0.01065259,0.02419793,0.01811267,0.00035037,26.56025463,24.83231691,34.24032411,31.44537312,0.04154442,-0.72943137,1.50163910,0.02838991,-0.73418794,1.48033101,5.18330307,0.00000002
13.46100000,STAND,-0.00120922,-0.00520600,0.00138076,-0.01838524,0.01057688,0.31219977,-0.02594812,0.01021259,0.02359128,0.01808677,0.00032446,26.57399900,24.98543105,34.06966981,31.45094374,0.04031936,-0.73134193,1.50293345,0.02712496,-0.73600386,1.48140976,5.14355925,0.00000002
13.47100000,STAND,-0.00113441,-0.00508185,0.00129914,-0.01788186,0.01012068,0.31218345,-0.02547377,0.00978158,0.02299771,0.01806144,0.00029914,26.58738383,25.13474463,33.90329012,31.45638193,0.03912061,-0.73320822,1.50419262,0.02588858,-0.73777571,1.48245709,5.10472944,0.00000002
13.48100000,STAND,-0.00106165,-0.00496069,0.00121945,-0.01738928,0.00967423,0.31216727,-0.02500947,0.00935969,0.02241738,0.01803671,0.00027440,26.60041204,25.28019920,33.74123188,31.46169315,0.03794855,-0.73502986,1.50541677,0.02468109,-0.73950325,1.48347322,5.06682414,0.00000002
13.49100000,STAND,-0.00099096,-0.00484254,0.00114169,-0.01690764,0.00923764,0.31215125,-0.02455536,0.00894702,0.02185042,0.01801257,0.00025027,26.61308690,25.42173867,33.58353917,31.46688282,0.03680354,-0.73680650,1.50660605,0.02350280,-0.74118623,1.48445837,5.02985318,0.00000002
13.50100000,STAND,-0.00092233,-0.00472741,0.00106588,-0.01643706,0.00881103,0.31213540,-0.02411154,0.00854368,0.02129698,0.01798905,0.00022675,26.62541207,25.55930938,33.43025335,31.47195627,0.03568590,-0.73853784,1.50776067,0.02235399,-0.74282447,1.48541280,4.99382570,0.00000002
13.51100000,STAND,-0.00085575,-0.00461532,0.00099204,-0.01597764,0.00839450,0.31211975,-0.02367815,0.00814978,0.02075719,0.01796614,0.00020384,26.63739158,25.69286018,33.28141294,31.47691871,0.03459596,-0.74022358,1.50888081,0.02123492,-0.74441779,1.48633676,4.95875016,0.00000002
13.52100000,STAND,-0.00079122,-0.00450628,0.00092016,-0.01552951,0.00798815,0.31210431,-0.02325526,0.00776540,0.02023117,0.01794387,0.00018156,26.64902983,25.82234253,33.13705361,31.48177519,0.03353401,-0.74186349,1.50996670,0.02014581,-0.74596608,1.48723053,4.92463434,0.00000002
13.53100000,STAND,-0.00072874,-0.00440030,0.00085025,-0.01509274,0.00759205,0.31208910,-0.02284300,0.00739064,0.01971901,0.01792223,0.00015992,26.66033165,25.94771052,32.99720821,31.48653054,0.03250030,-0.74345735,1.51101858,0.01908687,-0.74746922,1.48809439,4.89148530,0.00000002
13.54100000,STAND,-0.00066831,-0.00429739,0.00078233,-0.01466744,0.00720630,0.31207412,-0.02244143,0.00702557,0.01922081,0.01790123,0.00013893,26.67130223,26.06892099,32.86190668,31.49118938,0.03149509,-0.74500498,1.51203669,0.01805828,-0.74892717,1.48892864,4.85930944,0.00000001
13.55100000,STAND,-0.00060991,-0.00419755,0.00071639,-0.01425367,0.00683096,0.31205941,-0.02205065,0.00667026,0.01873667,0.01788089,0.00011858,26.68194712,26.18593356,32.73117609,31.49575608,0.03051857,-0.74650624,1.51302130,0.01706020,-0.75033989,1.48973359,4.82811246,0.00000001
13.56100000,STAND,-0.00055355,-0.00410079,0.00065245,-0.01385152,0.00646609,0.31204496,-0.02167073,0.00632477,0.01826665,0.01786120,0.00009890,26.69227223,26.29871072,32.60504061,31.50023473,0.02957095,-0.74796102,1.51397269,0.01609274,-0.75170739,1.49050956,4.79789939,0.00000001
13.57100000,STAND,-0.00049922,-0.00400711,0.00059049,-0.01346105,0.00611175,0.31203080,-0.02130172,0.00598917,0.01781081,0.01784219,0.00007988,26.70228375,26.40721785,32.48352148,31.50462921,0.02865238,-0.74936926,1.51489115,0.01515600,-0.75302971,1.49125690,4.76867456,0.00000001
13.58100000,STAND,-0.00044692,-0.00391652,0.00053053,-0.01308230,0.00576798,0.31201693,-0.02094369,0.00566349,0.01736921,0.01782384,0.00006154,26.71198818,26.51142331,32.36663706,31.50894311,0.02776299,-0.75073092,1.51577701,0.01425006,-0.75430693,1.49197594,4.74044164,0.00000001
13.59100000,STAND,-0.00039662,-0.00382902,0.00047257,-0.01271531,0.00543483,0.31200337,-0.02059667,0.00534777,0.01694188,0.01780617,0.00004387,26.72139225,26.61129849,32.25440278,31.51317978,0.02690290,-0.75204600,1.51663057,0.01337495,-0.75553916,1.49266705,4.71320362,0.00000001
13.60100000,STAND,-0.00034834,-0.00374460,0.00041660,-0.01236013,0.00511231,0.31199013,-0.02026071,0.00504205,0.01652885,0.01778919,0.00002689,26.73050285,26.70681783,32.14683116,31.51734234,0.02607217,-0.75331456,1.51745219,0.01253069,-0.75672657,1.49333060,4.68696285,0.00000001
13.61100000,STAND,-0.00030206,-0.00366327,0.00036262,-0.01201677,0.00480045,0.31197722,-0.01993582,0.00474635,0.01613013,0.01777289,0.00001059,26.73932704,26.79795892,32.04393181,31.52143369,0.02527085,-0.75453667,1.51824221,0.01171724,-0.75786933,1.49396698,4.66172100,0.00000001
13.62100000,STAND,-0.00025777,-0.00358501,0.00031063,-0.01168524,0.00449926,0.31196465,-0.01962203,0.00446067,0.01574572,0.01775729,-0.00000501,26.74787198,26.88470251,31.94571143,31.52545654,0.02449897,-0.75571246,1.51900100,0.01093457,-0.75896767,1.49457656,4.63747910,0.00000001
13.63100000,STAND,-0.00021546,-0.00350983,0.00026062,-0.01136556,0.00420874,0.31195242,-0.01931934,0.00418503,0.01537562,0.01774238,-0.00001992,26.75614485,26.96703257,31.85217379,31.52941341,0.02375650,-0.75684208,1.51972895,0.01018259,-0.76002187,1.49515978,4.61423753,0.00000001
13.64100000,STAND,-0.00017512,-0.00343772,0.00021259,-0.01105770,0.00392887,0.31194054,-0.01902776,0.00391942,0.01501980,0.01772818,-0.00003413,26.76415284,27.04493634,31.76331974,31.53330666,0.02304342,-0.75792575,1.52042644,0.00946118,-0.76103222,1.49571703,4.59199605,0.00000001
13.65100000,STAND,-0.00013675,-0.00336867,0.00016653,-0.01076166,0.00365964,0.31192903,-0.01874726,0.00366381,0.01467821,0.01771467,-0.00004763,26.77190308,27.11840437,31.67914723,31.53713852,0.02235963,-0.75896371,1.52109389,0.00877021,-0.76199907,1.49624876,4.57075377,0.00000001
13.66100000,STAND,-0.00010033,-0.00330267,0.00012244,-0.01047740,0.00340102,0.31191788,-0.01847783,0.00341819,0.01435082,0.01770187,-0.00006043,26.77940260,27.18743057,31.59965127,31.54091112,0.02170503,-0.75995624,1.52173173,0.00810949,-0.76292280,1.49675541,4.55050919,0.00000001
13.67100000,STAND,-0.00006586,-0.00323971,0.00008029,-0.01020489,0.00315297,0.31190710,-0.01821943,0.00318253,0.01403755,0.01768978,-0.00007252,26.78665827,27.25201227,31.52482392,31.54462646,0.02107949,-0.76090369,1.52234038,0.00747882,-0.76380385,1.49723743,4.53126018,0.00000001
13.68100000,STAND,-0.00003331,-0.00317978,0.00004009,-0.00994407,0.00291544,0.31189669,-0.01797202,0.00295678,0.01373833,0.01767840,-0.00008390,26.79367678,27.31215022,31.45465430,31.54828650,0.02048283,-0.76180641,1.52292032,0.00687795,-0.76464268,1.49769530,4.51300400,0.00000001
13.69100000,STAND,-0.00000269,-0.00312286,0.00000182,-0.00969488,0.00268836,0.31188666,-0.01773555,0.00274088,0.01345307,0.01766772,-0.00009458,26.80046459,27.36784868,31.38912858,31.55189312,0.01991484,-0.76266483,1.52347200,0.00630660,-0.76543979,1.49812949,4.49573729,0.00000001
13.70100000,STAND,0.00002603,-0.00306895,-0.00003453,-0.00945725,0.00247168,0.31187700,-0.01750994,0.00253478,0.01318165,0.01765775,-0.00010455,26.80702787,27.41911545,31.32822991,31.55544815,0.01937529,-0.76347941,1.52399592,0.00576447,-0.76619575,1.49854051,4.47945608,0.00000001
13.71100000,STAND,0.00005286,-0.00301802,-0.00006898,-0.00923110,0.00226531,0.31186772,-0.01729514,0.00233840,0.01292397,0.01764850,-0.00011381,26.81337254,27.46596193,31.27193849,31.55895342,0.01886389,-0.76425066,1.52449256,0.00525120,-0.76691115,1.49892887,4.46415581,0.00000001
13.72100000,STAND,0.00007780,-0.00297006,-0.00010154,-0.00901632,0.00206915,0.31185881,-0.01709104,0.00215166,0.01267988,0.01763995,-0.00012236,26.81950414,27.50840311,31.22023143,31.56241070,0.01838033,-0.76497915,1.52496246,0.00476641,-0.76758662,1.49929509,4.44983130,0.00000001
13.73100000,STAND,0.00010088,-0.00292504,-0.00013223,-0.00881282,0.00188310,0.31185028,-0.01689756,0.00197446,0.01244923,0.01763210,-0.00013020,26.82542791,27.54645771,31.17308281,31.56582177,0.01792427,-0.76566546,1.52540615,0.00430968,-0.76822286,1.49963972,4.43647676,0.00000001
13.74100000,STAND,0.00012211,-0.00288295,-0.00016106,-0.00862047,0.00170706,0.31184212,-0.01671458,0.00180669,0.01223186,0.01762496,-0.00013734,26.83114871,27.58014815,31.13046361,31.56918838,0.01749533,-0.76631025,1.52582417,0.00388057,-0.76882060,1.49996331,4.42408580,0.00000001
13.75100000,STAND,0.00014150,-0.00284377,-0.00018807,-0.00843914,0.00154088,0.31183432,-0.01654199,0.00164825,0.01202760,0.01761852,-0.00014378,26.83667102,27.60950063,31.09234166,31.57251227,0.01709308,-0.76691422,1.52621710,0.00347857,-0.76938062,1.50026643,4.41265140,0.00000001
13.76100000,STAND,0.00015907,-0.00280748,-0.00021326,-0.00826868,0.00138444,0.31182689,-0.01637965,0.00149901,0.01183624,0.01761278,-0.00014953,26.84199895,27.63454518,31.05868162,31.57579520,0.01671707,-0.76747812,1.52658553,0.00310317,-0.76990374,1.50054968,4.40216594,0.00000001
13.77100000,STAND,0.00017484,-0.00277404,-0.00023665,-0.00810894,0.00123759,0.31181981,-0.01622742,0.00135882,0.01165757,0.01760773,-0.00015458,26.84713620,27.65531571,31.02944492,31.57903888,0.01636680,-0.76800274,1.52693006,0.00275378,-0.77039083,1.50081368,4.39262118,0.00000000
13.78100000,STAND,0.00018883,-0.00274343,-0.00025828,-0.00795976,0.00110016,0.31181308,-0.01608514,0.00122754,0.01149137,0.01760337,-0.00015893,26.85208612,27.67185005,31.00458970,31.58224502,0.01604174,-0.76848895,1.52725132,0.00242982,-0.77084282,1.50105904,4.39061706,0.00000000
13.79100000,STAND,0.00020104,-0.00271564,-0.00027817,-0.00782094,0.00097199,0.31180669,-0.01595265,0.00110501,0.01133740,0.01759969,-0.00016261,26.85685164,27.68419002,30.98407079,31.58541529,0.01574131,-0.76893764,1.52754997,0.00213063,-0.77126069,1.50128641,4.39053954,0.00000000
13.80100000,STAND,0.00021151,-0.00269062,-0.00029634,-0.00769231,0.00085288,0.31180062,-0.01582977,0.00099106,0.01119539,0.01759669,-0.00016561,26.86143534,27.69238146,30.96783960,31.58855137,0.01546491,-0.76934976,1.52782666,0.00185554,-0.77164545,1.50149647,4.39060774,0.00000000
13.81100000,STAND,0.00022025,-0.00266834,-0.00031281,-0.00757364,0.00074264,0.31179488,-0.01571631,0.00088550,0.01106507,0.01759437,-0.00016793,26.86583943,27.69647430,30.95584408,31.59165485,0.01521188,-0.76972633,1.52808211,0.00160383,-0.77199818,1.50168990,4.39082159,0.00000000
13.82100000,STAND,0.00022728,-0.00264878,-0.00032763,-0.00746472,0.00064106,0.31178945,-0.01561206,0.00078814,0.01094616,0.01759271,-0.00016959,26.87006576,27.69652260,30.94802869,31.59472732,0.01498154,-0.77006841,1.52831701,0.00137472,-0.77232000,1.50186742,4.39118079,0.00000000
13.83100000,STAND,0.00023263,-0.00263191,-0.00034081,-0.00736531,0.00054792,0.31178431,-0.01551681,0.00069877,0.01083833,0.01759170,-0.00017060,26.87411588,27.69258459,30.94433425,31.59777028,0.01477315,-0.77037712,1.52853212,0.00116743,-0.77261210,1.50202976,4.39168488,0.00000000
13.84100000,STAND,0.00023631,-0.00261768,-0.00035239,-0.00727517,0.00046298,0.31177946,-0.01543032,0.00061718,0.01074127,0.01759135,-0.00017095,26.87799099,27.68472276,30.94469795,31.60078520,0.01458593,-0.77065363,1.52872820,0.00098111,-0.77287571,1.50217767,4.39233316,0.00000000
13.85100000,STAND,0.00023835,-0.00260605,-0.00036241,-0.00719404,0.00038599,0.31177487,-0.01535236,0.00054312,0.01065463,0.01759163,-0.00017067,26.88169203,27.67300387,30.94905323,31.60377345,0.01441909,-0.77089918,1.52890604,0.00081487,-0.77311212,1.50231195,4.39312477,0.00000000
13.86100000,STAND,0.00023877,-0.00259700,-0.00037089,-0.00712163,0.00031669,0.31177053,-0.01528266,0.00047636,0.01057806,0.01759255,-0.00016975,26.88521965,27.65749902,30.95732972,31.60673636,0.01427176,-0.77111506,1.52906645,0.00066780,-0.77332267,1.50243340,4.39405863,0.00000000
13.87100000,STAND,0.00023760,-0.00259048,-0.00037788,-0.00705767,0.00025481,0.31176643,-0.01522097,0.00041665,0.01051116,0.01759408,-0.00016822,26.88857427,27.63828368,30.96945315,31.60967514,0.01414304,-0.77130262,1.52921030,0.00053892,-0.77350877,1.50254286,4.39513346,0.00000000
13.88100000,STAND,0.00023486,-0.00258645,-0.00038340,-0.00700185,0.00020006,0.31176255,-0.01516699,0.00036370,0.01045356,0.01759623,-0.00016608,26.89175608,27.61543776,30.98534529,31.61259095,0.01403200,-0.77146327,1.52933844,0.00042722,-0.77367187,1.50264119,4.39634780,0.00000000
13.89100000,STAND,0.00023058,-0.00258486,-0.00038750,-0.00695385,0.00015214,0.31175886,-0.01512044,0.00031724,0.01040483,0.01759897,-0.00016334,26.89476508,27.58904563,31.00492383,31.61548486,0.01393765,-0.77159848,1.52945180,0.00033166,-0.77381349,1.50272928,4.39769997,0.00000000
13.90100000,STAND,0.00022480,-0.00258567,-0.00039023,-0.00691333,0.00011072,0.31175536,-0.01508099,0.00027697,0.01036453,0.01760229,-0.00016001,26.89760112,27.55919619,31.02810237,31.61835782,0.01385897,-0.77170978,1.52955130,0.00025113,-0.77393521,1.50280807,4.39918813,0.00000000
13.91100000,STAND,0.00021753,-0.00258883,-0.00039161,-0.00687995,0.00007549,0.31175202,-0.01504833,0.00024259,0.01033223,0.01760618,-0.00015612,26.90026387,27.52598287,31.05479024,31.62121075,0.01379489,-0.77179876,1.52963792,0.00018451,-0.77403866,1.50287849,4.40081023,0.00000000
13.92100000,STAND,0.00020882,-0.00259428,-0.00039170,-0.00685335,0.00004609,0.31174881,-0.01502213,0.00021378,0.01030745,0.01761064,-0.00015167,26.90275294,27.48950372,31.08489252,31.62404445,0.01374429,-0.77186710,1.52971266,0.00013059,-0.77412555,1.50294155,4.40256405,0.00000000
13.93100000,STAND,0.00019869,-0.00260198,-0.00039054,-0.00683315,0.00002218,0.31174572,-0.01500201,0.00019019,0.01028969,0.01761563,-0.00014667,26.90506782,27.44986140,31.11830988,31.62685965,0.01370602,-0.77191650,1.52977656,0.00008817,-0.77419763,1.50299825,4.40444716,0.00000000
13.94100000,STAND,0.00018717,-0.00261188,-0.00038819,-0.00681896,0.00000337,0.31174273,-0.01498763,0.00017148,0.01027846,0.01762115,-0.00014115,26.90720793,27.40716325,31.15493853,31.62965703,0.01367888,-0.77194875,1.52983068,0.00005595,-0.77425672,1.50304965,4.40645698,0.00000000
13.95100000,STAND,0.00017431,-0.00262390,-0.00038468,-0.00681036,-0.00001073,0.31173981,-0.01497860,0.00015729,0.01027323,0.01762719,-0.00013512,26.90917269,27.36152128,31.19467012,31.63243720,0.01366162,-0.77196572,1.52987615,0.00003263,-0.77430472,1.50309683,4.40859075,0.00000000
13.96100000,STAND,0.00016013,-0.00263799,-0.00038007,-0.00680694,-0.00002050,0.31173693,-0.01497452,0.00014724,0.01027343,0.01763371,-0.00012859,26.91096149,27.31305226,31.23739169,31.63520074,0.01365295,-0.77196932,1.52991411,0.00001683,-0.77434357,1.50314091,4.41084554,0.00000000
13.97100000,STAND,0.00014468,-0.00265410,-0.00037441,-0.00680825,-0.00002637,0.31173407,-0.01497498,0.00014094,0.01027852,0.01764072,-0.00012158,26.91257374,27.26187769,31.28298556,31.63794817,0.01365152,-0.77196154,1.52994573,0.00000716,-0.77437529,1.50318306,4.41321827,0.00000000
13.98100000,STAND,0.00012799,-0.00267215,-0.00036776,-0.00681383,-0.00002878,0.31173121,-0.01497956,0.00013798,0.01028790,0.01764818,-0.00011412,26.91400888,27.20812386,31.33132923,31.64068003,0.01365596,-0.77194443,1.52997225,0.00000214,-0.77440196,1.50322446,4.41570569,0.00000000
13.99100000,STAND,0.00011012,-0.00269209,-0.00036017,-0.00682322,-0.00002816,0.31172832,-0.01498781,0.00013796,0.01030096,0.01765608,-0.00010622,26.91544940,27.15193457,31.38227453,31.64327485,0.01366485,-0.77192013,1.52999492,0.00000027,-0.77442573,1.50326634,4.41828299,0.00000005
14.00100000,STAND,0.00009110,-0.00271384,-0.00035170,-0.00683592,-0.00002499,0.31172537,-0.01499927,0.00014042,0.01031708,0.01766440,-0.00009790,26.91609789,27.09340406,31.43575480,31.64566389,0.01367669,-0.77189082,1.53001505,0.00000000,-0.77444882,1.50330998,4.42095070,0.00000009
