time_s,state,roll_rad,pitch_rad,yaw_rad,body_x_m,body_y_m,body_z_m,com_x_m,com_y_m,support_margin_m,fr_foot_z_m,fr_lift_m,fl_force_n,fr_force_n,hl_force_n,hr_force_n,fr_q0,fr_q1,fr_q2,fr_qd0,fr_qd1,fr_qd2,max_abs_tau_nm,ik_residual_m
0.00100000,STAND,-0.00000000,0.00000000,-0.00000000,-0.00000005,0.00000000,0.32207985,-0.00842045,0.00016080,0.00585067,0.02200000,0.00000000,1.90699794,1.90758955,1.90754335,1.90743021,0.00000017,-0.77301031,1.50056170,0.00000000,-0.77297953,1.50050035,0.00000000,0.00000000
0.01000000,STAND,0.00000005,0.00015846,0.00000017,-0.00001551,0.00000002,0.32162406,-0.00843827,0.00016081,0.00587473,0.02189973,0.00000000,12.19541201,12.20051815,10.64643239,10.64705630,0.00013307,-0.77400519,1.50303475,0.00000000,-0.77297953,1.50050035,1.24395651,0.00000000
0.02000000,STAND,-0.00000031,0.00081291,0.00000136,-0.00009322,0.00000016,0.32055919,-0.00851811,0.00016091,0.00596017,0.02153459,0.00000000,23.10630876,23.10540232,18.30899822,18.31139541,0.00065247,-0.77562206,1.50834715,0.00000000,-0.77297953,1.50050035,2.52760097,0.00000000
0.03000000,STAND,-0.00000161,0.00186152,0.00000460,-0.00026879,0.00000059,0.31922778,-0.00869307,0.00016123,0.00610641,0.02112317,0.00000000,35.41958725,35.40367205,26.33822300,26.34406134,0.00137999,-0.77761299,1.51575755,0.00000000,-0.77297953,1.50050035,4.01964962,0.00000000
0.04000000,STAND,-0.00000449,0.00305609,0.00001068,-0.00057411,0.00000148,0.31795979,-0.00899092,0.00016194,0.00631682,0.02081584,0.00000000,41.88454200,41.85683631,30.72135673,30.72652698,0.00219538,-0.77925333,1.52351641,0.00000000,-0.77297953,1.50050035,4.96370486,0.00000000
0.05000000,STAND,-0.00000928,0.00404077,0.00001966,-0.00101226,0.00000292,0.31694254,-0.00940992,0.00016314,0.00659873,0.02056440,0.00000000,43.45967837,43.41025616,32.25264650,32.25499130,0.00308529,-0.77974494,1.52954339,0.00000000,-0.77297953,1.50050035,5.31535888,0.00000000
0.06000000,STAND,-0.00001550,0.00449759,0.00003089,-0.00156491,0.00000490,0.31622873,-0.00993210,0.00016484,0.00694822,0.02038505,0.00000000,42.14950067,42.07522347,32.82171837,32.82003769,0.00396745,-0.77919403,1.53328633,0.00000000,-0.77297953,1.50050035,5.29986793,0.00000000
0.07000000,STAND,-0.00002247,0.00432360,0.00004330,-0.00220804,0.00000734,0.31580172,-0.01053601,0.00016697,0.00735382,0.02029543,0.00000000,39.12820483,39.02943911,32.91706374,32.90974164,0.00477469,-0.77789745,1.53490384,0.00000000,-0.77297953,1.50050035,5.05850984,0.00000000
0.08000000,STAND,-0.00002957,0.00359317,0.00005570,-0.00291639,0.00001007,0.31560761,-0.01119949,0.00016940,0.00780130,0.02029187,0.00000000,35.33693544,35.21607224,32.76780924,32.75331659,0.00546828,-0.77613517,1.53485911,0.00000000,-0.77297953,1.50050035,4.70777352,0.00000000
0.09000000,STAND,-0.00003632,0.00246922,0.00006700,-0.00366496,0.00001292,0.31557602,-0.01190071,0.00017197,0.00827519,0.02035573,0.00000000,31.50788196,31.36859762,32.56396706,32.54116787,0.00603386,-0.77414452,1.53372065,0.00000000,-0.77297953,1.50050035,4.39803825,0.00000000
0.10000000,STAND,-0.00004237,0.00113459,0.00007642,-0.00443021,0.00001570,0.31563597,-0.01261895,0.00017452,0.00875999,0.02046212,0.00000000,28.14104723,27.98770945,32.45354655,32.42191544,0.00647576,-0.77211562,1.53203431,0.00000000,-0.77297953,1.50050035,4.44208265,0.00000000
0.11000000,STAND,-0.00004748,-0.00025002,0.00008349,-0.00519105,0.00001826,0.31572686,-0.01333537,0.00017689,0.00924148,0.02058655,0.00000000,25.50842570,25.34557721,32.52685724,32.48658191,0.00681067,-0.77018964,1.53024508,0.00000000,-0.77297953,1.50050035,4.50873129,0.00000000
0.12000000,STAND,-0.00005151,-0.00156592,0.00008808,-0.00592947,0.00002048,0.31580453,-0.01403356,0.00017899,0.00970749,0.02070903,0.00000000,23.68777892,23.51972829,32.81293441,32.76490494,0.00706137,-0.76845985,1.52866157,0.00000000,-0.77297953,1.50050035,4.60167634,0.00000000
0.13000000,STAND,-0.00005441,-0.00274032,0.00009036,-0.00663088,0.00002228,0.31584284,-0.01469984,0.00018072,0.01014838,0.02081585,0.00000000,22.61488993,22.44543255,33.28856723,33.23427263,0.00725164,-0.76697651,1.52745383,0.00000000,-0.77297953,1.50050035,4.71692403,0.00000000
0.14000000,STAND,-0.00005622,-0.00374060,0.00009070,-0.00728399,0.00002362,0.31583194,-0.01532329,0.00018204,0.01055701,0.02089975,0.00000000,22.14123349,21.97350176,33.89513036,33.83649128,0.00740271,-0.76575502,1.52667398,0.00000000,-0.77297953,1.50050035,4.84557647,0.00000000
0.15000000,STAND,-0.00005699,-0.00456392,0.00008958,-0.00788053,0.00002450,0.31577457,-0.01589558,0.00018294,0.01092845,0.02095894,0.00000000,22.08609101,21.92251298,34.55759854,34.49676798,0.00753132,-0.76478605,1.52628856,0.00000000,-0.77297953,1.50050035,4.97665645,0.00000000
0.16000000,STAND,-0.00005686,-0.00522599,0.00008750,-0.00841470,0.00002494,0.31568156,-0.01641066,0.00018342,0.01125957,0.02099555,0.00000000,22.27622870,22.11856379,35.20127493,35.14043649,0.00764916,-0.76404561,1.52621329,0.00000000,-0.77297953,1.50050035,5.09945403,0.00000000
0.17000000,STAND,-0.00005595,-0.00575112,0.00008494,-0.00888273,0.00002497,0.31556751,-0.01686430,0.00018351,0.01154858,0.02101397,0.00000000,22.57059669,22.41895666,35.76366392,35.70488378,0.00776332,-0.76350377,1.52634389,0.00000000,-0.77297953,1.50050035,5.20513307,0.00000000
0.18000000,STAND,-0.00005435,-0.00616474,0.00008226,-0.00928236,0.00002464,0.31544732,-0.01725384,0.00018327,0.01179463,0.02101931,0.00000000,22.87105039,22.72578641,36.20079152,36.14597534,0.00787722,-0.76313089,1.52657915,0.00000000,-0.77297953,1.50050035,5.28756691,0.00000000
0.19000000,STAND,-0.00005221,-0.00648875,0.00007972,-0.00961257,0.00002401,0.31533371,-0.01757782,0.00018272,0.01199750,0.02101662,0.00000000,23.12480181,22.98784058,36.48918168,36.43963455,0.00799174,-0.76290218,1.52683752,0.00000000,-0.77297953,1.50050035,5.34354531,0.00000000
0.20000000,STAND,-0.00004974,-0.00673947,0.00007748,-0.00987328,0.00002313,0.31523602,-0.01783585,0.00018194,0.01215755,0.02101006,0.00000000,23.31286108,23.18518345,36.62331998,36.57982871,0.00810637,-0.76279862,1.52706226,0.00000000,-0.77297953,1.50050035,5.37241843,0.00000000
0.21000000,STAND,-0.00004711,-0.00692717,0.00007562,-0.01006534,0.00002208,0.31515979,-0.01802845,0.00018098,0.01227550,0.02100245,0.00000000,23.44175935,23.32322710,36.61146498,36.57440698,0.00822024,-0.76280640,1.52722115,0.00000000,-0.77297953,1.50050035,5.37554846,0.00000000
0.22000000,STAND,-0.00004443,-0.00705682,0.00007417,-0.01019036,0.00002092,0.31510704,-0.01815701,0.00017990,0.01235252,0.02099530,0.00000000,23.53512129,23.42439374,36.47121950,36.44064724,0.00833268,-0.76291594,1.52730365,0.00000000,-0.77297953,1.50050035,5.35568085,0.00000000
0.23000000,STAND,-0.00004175,-0.00712975,0.00007307,-0.01025081,0.00001971,0.31507701,-0.01822374,0.00017876,0.01239019,0.02098911,0.00000000,23.62209424,23.51816788,36.22519521,36.20083988,0.00844358,-0.76312057,1.52731590,0.00000000,-0.77297953,1.50050035,5.31631790,0.00000000
0.24000000,STAND,-0.00003915,-0.00714549,0.00007224,-0.01024993,0.00001849,0.31506703,-0.01823166,0.00017761,0.01239054,0.02098369,0.00000000,23.72960276,23.63168158,35.89723919,35.87850249,0.00855340,-0.76341473,1.52727422,0.00000000,-0.77297953,1.50050035,5.26118888,0.00000000
0.25000000,STAND,-0.00003670,-0.00710337,0.00007159,-0.01019179,0.00001732,0.31507342,-0.01818456,0.00017649,0.01235608,0.02097848,0.00000000,23.87796366,23.78521540,35.50970860,35.49576729,0.00866316,-0.76379243,1.52719894,0.00000000,-0.77297953,1.50050035,5.19387111,0.00000000
0.26000000,STAND,-0.00003447,-0.00700367,0.00007105,-0.01008118,0.00001622,0.31509222,-0.01808695,0.00017544,0.01228975,0.02097273,0.00000000,24.07885171,23.99039379,35.08198050,35.07187904,0.00877428,-0.76424630,1.52710987,0.00000000,-0.77297953,1.50050035,5.11757392,0.00000000
0.27000000,STAND,-0.00003250,-0.00684838,0.00007055,-0.00992358,0.00001523,0.31511972,-0.01794399,0.00017448,0.01219492,0.02096579,0.00000000,24.33523335,24.25015127,34.62990883,34.62263525,0.00888827,-0.76476708,1.52702339,0.00000000,-0.77297953,1.50050035,5.03505076,0.00000000
0.28000000,STAND,-0.00003083,-0.00664144,0.00007005,-0.00972500,0.00001437,0.31515274,-0.01776133,0.00017365,0.01207531,0.02095719,0.00000000,24.64267266,24.56004394,34.16596062,34.16050950,0.00900663,-0.76534370,1.52695101,0.00000000,-0.77297953,1.50050035,4.94860486,0.00000000
0.29000000,STAND,-0.00002949,-0.00638866,0.00006953,-0.00949188,0.00001365,0.31518878,-0.01754505,0.00017295,0.01193487,0.02094671,0.00000000,24.99137551,24.91029519,33.69976270,33.69518523,0.00913057,-0.76596354,1.52689918,0.00000000,-0.77297953,1.50050035,4.86015207,0.00000000
0.30000000,STAND,-0.00002847,-0.00609736,0.00006900,-0.00923092,0.00001309,0.31522602,-0.01730147,0.00017240,0.01177775,0.02093438,0.00000000,25.36842845,25.28803429,33.23881826,33.23425931,0.00926096,-0.76661300,1.52686989,0.00000000,-0.77297953,1.50050035,4.77130769,0.00000000
0.31000000,STAND,-0.00002777,-0.00577592,0.00006846,-0.00894893,0.00001268,0.31526317,-0.01703704,0.00017199,0.01160814,0.02092043,0.00000000,25.75983631,25.67933251,32.78920891,32.78393181,0.00939824,-0.76727808,1.52686177,0.00000000,-0.77297953,1.50050035,4.68347240,0.00000000
0.32000000,STAND,-0.00002739,-0.00543325,0.00006795,-0.00865267,0.00001243,0.31529941,-0.01675815,0.00017173,0.01143019,0.02090525,0.00000000,26.15212463,26.07080262,32.35616446,32.34956471,0.00954245,-0.76794497,1.52687135,0.00000000,-0.77297953,1.50050035,4.59790098,0.00000000
0.33000000,STAND,-0.00002728,-0.00507831,0.00006749,-0.00834873,0.00001232,0.31533415,-0.01647106,0.00017161,0.01124796,0.02088931,0.00000000,26.53341649,26.45067154,31.94444542,31.93605521,0.00969322,-0.76860061,1.52689414,0.00000000,-0.77297953,1.50050035,4.51574664,0.00000000
0.34000000,STAND,-0.00002743,-0.00471970,0.00006710,-0.00804336,0.00001234,0.31536699,-0.01618175,0.00017161,0.01106528,0.02087311,0.00000000,26.89400352,26.80934662,31.55853443,31.54801978,0.00984987,-0.76923302,1.52692562,0.00000000,-0.77297953,1.50050035,4.43808037,0.00000000
0.35000000,STAND,-0.00002780,-0.00436542,0.00006681,-0.00774244,0.00001247,0.31539757,-0.01589582,0.00017172,0.01088572,0.02085709,0.00000000,27.22650059,27.13956482,31.20266654,31.18981906,0.01001146,-0.76983163,1.52696177,0.00000000,-0.77297953,1.50050035,4.36588964,0.00000000
0.36000000,STAND,-0.00002835,-0.00402259,0.00006662,-0.00745133,0.00001271,0.31542557,-0.01561842,0.00017193,0.01071256,0.02084169,0.00000000,27.52570528,27.43624696,30.88074667,30.86547152,0.01017687,-0.77038743,1.52699944,0.00000000,-0.77297953,1.50050035,4.30006290,0.00000000
0.37000000,STAND,-0.00002903,-0.00369743,0.00006653,-0.00717483,0.00001302,0.31545064,-0.01535419,0.00017222,0.01054870,0.02082724,0.00000000,27.78828617,27.69618097,30.59620632,30.57850792,0.01034488,-0.77089301,1.52703643,0.00000000,-0.77297953,1.50050035,4.24136713,0.00000000
0.38000000,STAND,-0.00002980,-0.00339515,0.00006655,-0.00691713,0.00001339,0.31547244,-0.01510718,0.00017256,0.01039666,0.02081400,0.00000000,28.01240595,27.91764064,30.35184616,30.33181278,0.01051421,-0.77134257,1.52707141,0.00000000,-0.77297953,1.50050035,4.19042476,0.00000000
0.39000000,STAND,-0.00003063,-0.00312001,0.00006667,-0.00668178,0.00001379,0.31549065,-0.01488084,0.00017293,0.01025855,0.02080215,0.00000000,28.19735746,28.10001808,30.14969960,30.12748774,0.01068355,-0.77173188,1.52710372,0.00000000,-0.77297953,1.50050035,4.14769461,0.00000000
0.40000000,STAND,-0.00003147,-0.00287535,0.00006687,-0.00647165,0.00001422,0.31550498,-0.01467801,0.00017333,0.01013609,0.02079184,0.00000000,28.34326031,28.24351770,29.99093923,29.96675846,0.01085165,-0.77205816,1.52713318,0.00000000,-0.77297953,1.50050035,4.11345978,0.00000000
0.41000000,STAND,-0.00003230,-0.00266365,0.00006712,-0.00628897,0.00001465,0.31551521,-0.01450087,0.00017374,0.01003056,0.02078312,0.00000000,28.45083822,28.34893187,29.87583556,29.84993421,0.01101728,-0.77232002,1.52715985,0.00000000,-0.77297953,1.50050035,4.08782377,0.00000000
0.42000000,STAND,-0.00003307,-0.00248657,0.00006742,-0.00613528,0.00001506,0.31552121,-0.01435100,0.00017413,0.00994286,0.02077603,0.00000000,28.52127627,28.41749727,29.80376740,29.77641947,0.01117929,-0.77251732,1.52718391,0.00000000,-0.77297953,1.50050035,4.07071452,0.00000000
0.43000000,STAND,-0.00003378,-0.00234504,0.00006774,-0.00601149,0.00001545,0.31552292,-0.01422936,0.00017450,0.00987347,0.02077057,0.00000000,28.55614338,28.45081743,29.77327645,29.74476983,0.01133663,-0.77265108,1.52720550,0.00000000,-0.77297953,1.50050035,4.06189534,0.00000000
0.44000000,STAND,-0.00003439,-0.00223927,0.00006805,-0.00591790,0.00001580,0.31552041,-0.01413632,0.00017484,0.00982251,0.02076670,0.00000000,28.55735921,28.45083029,29.78215507,29.75278115,0.01148832,-0.77272339,1.52722470,0.00000000,-0.77297953,1.50050035,4.06098106,0.00000000
0.45000000,STAND,-0.00003490,-0.00216885,0.00006835,-0.00585422,0.00001611,0.31551380,-0.01407168,0.00017513,0.00978976,0.02076437,0.00000000,28.52718364,28.41979895,29.82755524,29.79759989,0.01163350,-0.77273727,1.52724147,0.00000000,-0.77297953,1.50050035,4.06745763,0.00000000
0.46000000,STAND,-0.00003530,-0.00213279,0.00006862,-0.00581964,0.00001636,0.31550333,-0.01403476,0.00017538,0.00977465,0.02076351,0.00000000,28.46821021,28.36030679,29.90610772,29.87584370,0.01177143,-0.77269658,1.52725572,0.00000000,-0.77297953,1.50050035,4.08070355,0.00000000
0.47000000,STAND,-0.00003558,-0.00212955,0.00006885,-0.00581286,0.00001657,0.31548928,-0.01402438,0.00017557,0.00977634,0.02076404,0.00000000,28.38335053,28.27524388,30.01404265,29.98372331,0.01190146,-0.77260590,1.52726728,0.00000000,-0.77297953,1.50050035,4.10001192,0.00000000
0.48000000,STAND,-0.00003576,-0.00215712,0.00006903,-0.00583215,0.00001671,0.31547202,-0.01403898,0.00017572,0.00979374,0.02076583,0.00000000,28.27580210,28.16777699,30.14730533,30.11715953,0.01202310,-0.77247041,1.52727601,0.00000000,-0.77297953,1.50050035,4.12461188,0.00000000
0.49000000,STAND,-0.00003582,-0.00221304,0.00006916,-0.00587542,0.00001680,0.31545193,-0.01407661,0.00017581,0.00982551,0.02076879,0.00000000,28.14899790,28.04130143,30.30166330,30.27189164,0.01213598,-0.77229576,1.52728176,0.00000000,-0.77297953,1.50050035,4.15368906,0.00000000
0.50000000,STAND,-0.00003579,-0.00229454,0.00006925,-0.00594027,0.00001684,0.31542943,-0.01413505,0.00017586,0.00987017,0.02077278,0.00000000,28.00653973,27.89937665,30.47280325,30.44357536,0.01223985,-0.77208794,1.52728449,0.00000000,-0.77297953,1.50050035,4.18640453,0.00000000
0.51000000,STAND,-0.00003566,-0.00239853,0.00006929,-0.00602409,0.00001684,0.31540496,-0.01421185,0.00017586,0.00992609,0.02077765,0.00000000,27.85212028,27.74565039,30.65641722,30.62787019,0.01233459,-0.77185316,1.52728417,0.00000000,-0.77297953,1.50050035,4.22191217,0.00000000
0.52000000,STAND,-0.00003546,-0.00252173,0.00006929,-0.00612406,0.00001679,0.31537898,-0.01430437,0.00017582,0.00999153,0.02078326,0.00000000,27.68943980,27.58377742,30.84827885,30.82051665,0.01242022,-0.77159770,1.52728090,0.00000000,-0.77297953,1.50050035,4.25937443,0.00000000
0.53000000,STAND,-0.00003521,-0.00266070,0.00006927,-0.00623728,0.00001671,0.31535192,-0.01440986,0.00017574,0.01006469,0.02078946,0.00000000,27.52212344,27.41733862,31.04431061,31.01740444,0.01249688,-0.77132782,1.52727484,0.00000000,-0.77297953,1.50050035,4.29797651,0.00000000
0.54000000,STAND,-0.00003490,-0.00281196,0.00006922,-0.00636079,0.00001659,0.31532423,-0.01452552,0.00017564,0.01014378,0.02079609,0.00000000,27.35364440,27.24976560,31.24064279,31.21463234,0.01256480,-0.77104960,1.52726621,0.00000000,-0.77297953,1.50050035,4.33693905,0.00000000
0.55000000,STAND,-0.00003457,-0.00297201,0.00006916,-0.00649165,0.00001646,0.31529633,-0.01464857,0.00017552,0.01022697,0.02080299,0.00000000,27.18725655,27.08427458,31.43366511,31.40856052,0.01262434,-0.77076888,1.52725528,0.00000000,-0.77297953,1.50050035,4.37552933,0.00000000
0.56000000,STAND,-0.00003421,-0.00313742,0.00006909,-0.00662697,0.00001631,0.31526863,-0.01477627,0.00017538,0.01031253,0.02081002,0.00000000,27.02593898,26.92381192,31.62007114,31.59585570,0.01267593,-0.77049113,1.52724236,0.00000000,-0.77297953,1.50050035,4.41307101,0.00000000
0.57000000,STAND,-0.00003385,-0.00330490,0.00006903,-0.00676399,0.00001615,0.31524152,-0.01490596,0.00017523,0.01039876,0.02081705,0.00000000,26.87235347,26.77101216,31.79689571,31.77352897,0.01272009,-0.77022138,1.52722778,0.00000000,-0.77297953,1.50050035,4.44895233,0.00000000
0.58000000,STAND,-0.00003350,-0.00347134,0.00006898,-0.00690011,0.00001599,0.31521535,-0.01503517,0.00017507,0.01048410,0.02082393,0.00000000,26.72881462,26.62816856,31.96154502,31.93896642,0.01275740,-0.76996417,1.52721189,0.00000000,-0.77297953,1.50050035,4.48263282,0.00000000
0.59000000,STAND,-0.00003317,-0.00363385,0.00006894,-0.00703292,0.00001583,0.31519043,-0.01516157,0.00017492,0.01056707,0.02083055,0.00000000,26.59727187,26.49721523,32.11181929,32.08995196,0.01278848,-0.76972348,1.52719502,0.00000000,-0.77297953,1.50050035,4.51364842,0.00000000
0.60000000,STAND,-0.00003286,-0.00378982,0.00006892,-0.00716022,0.00001567,0.31516707,-0.01528306,0.00017477,0.01064638,0.02083681,0.00000000,26.47930193,26.37971939,32.24592752,32.22468230,0.01281399,-0.76950271,1.52717749,0.00000000,-0.77297953,1.50050035,4.54161489,0.00000000
0.61000000,STAND,-0.00003259,-0.00393692,0.00006891,-0.00728009,0.00001553,0.31514549,-0.01539778,0.00017464,0.01072085,0.02084261,0.00000000,26.37611011,26.27688235,32.36249446,32.34177384,0.01283461,-0.76930463,1.52715961,0.00000000,-0.77297953,1.50050035,4.56622974,0.00000000
0.62000000,STAND,-0.00003235,-0.00407314,0.00006893,-0.00739085,0.00001541,0.31512590,-0.01550410,0.00017451,0.01078950,0.02084789,0.00000000,26.28853892,26.18954766,32.46055955,32.44026151,0.01285105,-0.76913140,1.52714169,0.00000000,-0.77297953,1.50050035,4.58727246,0.00000000
0.63000000,STAND,-0.00003216,-0.00419682,0.00006897,-0.00749113,0.00001530,0.31510845,-0.01560068,0.00017440,0.01085151,0.02085258,0.00000000,26.21708257,26.11821491,32.53956826,32.51958988,0.01286399,-0.76898458,1.52712398,0.00000000,-0.77297953,1.50050035,4.60460320,0.00000000
0.64000000,STAND,-0.00003200,-0.00430663,0.00006903,-0.00757983,0.00001521,0.31509326,-0.01568643,0.00017431,0.01090623,0.02085663,0.00000000,26.16190620,26.06305826,32.59935618,32.57959687,0.01287409,-0.76886511,1.52710675,0.00000000,-0.77297953,1.50050035,4.61816007,0.00000000
0.65000000,STAND,-0.00003188,-0.00440159,0.00006910,-0.00765615,0.00001513,0.31508038,-0.01576054,0.00017424,0.01095321,0.02086003,0.00000000,26.12286876,26.02394853,32.64012658,32.62049098,0.01288202,-0.76877337,1.52709020,0.00000000,-0.77297953,1.50050035,4.62795508,0.00000000
0.66000000,STAND,-0.00003181,-0.00448104,0.00006919,-0.00771955,0.00001508,0.31506983,-0.01582249,0.00017418,0.01099214,0.02086275,0.00000000,26.09954881,26.00047823,32.66242226,32.64282252,0.01288840,-0.76870919,1.52707456,0.00000000,-0.77297953,1.50050035,4.63406899,0.00000000
0.67000000,STAND,-0.00003176,-0.00454466,0.00006928,-0.00776978,0.00001504,0.31506160,-0.01587198,0.00017414,0.01102290,0.02086479,0.00000000,26.09127269,25.99198893,32.66709254,32.64745025,0.01289378,-0.76867192,1.52705998,0.00000000,-0.77297953,1.50050035,4.63664511,0.00000000
0.68000000,STAND,-0.00003175,-0.00459244,0.00006938,-0.00780684,0.00001502,0.31505560,-0.01590899,0.00017412,0.01104551,0.02086616,0.00000000,26.09714432,25.99760038,32.65525653,32.63550402,0.01289871,-0.76866045,1.52704663,0.00000000,-0.77297953,1.50050035,4.63588236,0.00000000
0.69000000,STAND,-0.00003177,-0.00462466,0.00006948,-0.00783100,0.00001502,0.31505175,-0.01593372,0.00017411,0.01106016,0.02086689,0.00000000,26.11607644,26.01624100,32.62826361,32.60834481,0.01290367,-0.76867326,1.52703461,0.00000000,-0.77297953,1.50050035,4.63202776,0.00000000
0.70000000,STAND,-0.00003181,-0.00464186,0.00006958,-0.00784270,0.00001502,0.31504991,-0.01594657,0.00017411,0.01106716,0.02086700,0.00000000,26.14682259,26.04667938,32.58765219,32.56752296,0.01290906,-0.76870850,1.52702403,0.00000000,-0.77297953,1.50050035,4.62536851,0.00000000
0.71000000,STAND,-0.00003186,-0.00464482,0.00006968,-0.00784261,0.00001504,0.31504991,-0.01594815,0.00017412,0.01106692,0.02086653,0.00000000,26.18800963,26.08755621,32.53510772,32.51473576,0.01291526,-0.76876404,1.52701495,0.00000000,-0.77297953,1.50050035,4.61622381,0.00000000
0.72000000,STAND,-0.00003193,-0.00463452,0.00006976,-0.00783156,0.00001507,0.31505159,-0.01593923,0.00017415,0.01105998,0.02086554,0.00000000,26.23817008,26.13741635,32.47242083,32.45178522,0.01292256,-0.76883752,1.52700740,0.00000000,-0.77297953,1.50050035,4.60493677,0.00000000
0.73000000,STAND,-0.00003200,-0.00461213,0.00006983,-0.00781053,0.00001510,0.31505473,-0.01592070,0.00017417,0.01104696,0.02086408,0.00000000,26.29577423,26.19474056,32.40144650,32.38053688,0.01293121,-0.76892640,1.52700139,0.00000000,-0.77297953,1.50050035,4.59186629,0.00000000
0.74000000,STAND,-0.00003208,-0.00457893,0.00006989,-0.00778061,0.00001514,0.31505912,-0.01589358,0.00017421,0.01102854,0.02086220,0.00000000,26.35926107,26.25797633,32.32406491,32.30288044,0.01294138,-0.76902805,1.52699691,0.00000000,-0.77297953,1.50050035,4.57737936,0.00000000
0.75000000,STAND,-0.00003215,-0.00453635,0.00006994,-0.00774297,0.00001518,0.31506455,-0.01585898,0.00017424,0.01100545,0.02085997,0.00000000,26.42706812,26.32556756,32.24214460,32.22069274,0.01295319,-0.76913977,1.52699390,0.00000000,-0.77297953,1.50050035,4.56184369,0.00000000
0.76000000,STAND,-0.00003222,-0.00448587,0.00006996,-0.00769887,0.00001522,0.31507080,-0.01581807,0.00017428,0.01097847,0.02085745,0.00000000,26.49765931,26.39598249,32.15750860,32.13580372,0.01296672,-0.76925887,1.52699229,0.00000000,-0.77297953,1.50050035,4.54562081,0.00000000
0.77000000,STAND,-0.00003229,-0.00442901,0.00006997,-0.00764956,0.00001526,0.31507764,-0.01577205,0.00017432,0.01094837,0.02085471,0.00000000,26.56955083,26.46773965,32.07190374,32.04996574,0.01298198,-0.76938271,1.52699200,0.00000000,-0.77297953,1.50050035,4.52905988,0.00000000
0.78000000,STAND,-0.00003234,-0.00436732,0.00006997,-0.00759633,0.00001530,0.31508487,-0.01572212,0.00017435,0.01091596,0.02085182,0.00000000,26.64133447,26.53943125,31.98697369,31.96482661,0.01299893,-0.76950874,1.52699292,0.00000000,-0.77297953,1.50050035,4.51249206,0.00000000
0.79000000,STAND,-0.00003238,-0.00430230,0.00006995,-0.00754045,0.00001533,0.31509228,-0.01566950,0.00017438,0.01088201,0.02084883,0.00000000,26.71169819,26.60974407,31.90423577,31.88190642,0.01301750,-0.76963452,1.52699491,0.00000000,-0.77297953,1.50050035,4.49622568,0.00000000
0.80000000,STAND,-0.00003241,-0.00423543,0.00006991,-0.00748313,0.00001536,0.31509969,-0.01561535,0.00017441,0.01084727,0.02084581,0.00000000,26.77944373,26.67747723,31.82506183,31.80257857,0.01303756,-0.76975782,1.52699784,0.00000000,-0.77297953,1.50050035,4.48054216,0.00000000
0.81000000,STAND,-0.00003243,-0.00416813,0.00006986,-0.00742555,0.00001538,0.31510691,-0.01556079,0.00017443,0.01081246,0.02084281,0.00000000,26.84350107,26.74155693,31.75066316,31.72805477,0.01305896,-0.76987657,1.52700158,0.00000000,-0.77297953,1.50050035,4.46569270,0.00000000
0.82000000,STAND,-0.00003244,-0.00410170,0.00006980,-0.00736881,0.00001540,0.31511381,-0.01550685,0.00017445,0.01077824,0.02083989,0.00000000,26.90293972,26.80104802,31.68207941,31.65937410,0.01308153,-0.76998895,1.52700596,0.00000000,-0.77297953,1.50050035,4.45189574,0.00000000
0.83000000,STAND,-0.00003244,-0.00403735,0.00006973,-0.00731389,0.00001541,0.31512023,-0.01545451,0.00017447,0.01074522,0.02083710,0.00000000,26.95697663,26.85516218,31.62017145,31.59739610,0.01310507,-0.77009336,1.52701084,0.00000000,-0.77297953,1.50050035,4.43933524,0.00000000
0.84000000,STAND,-0.00003243,-0.00397617,0.00006966,-0.00726170,0.00001542,0.31512606,-0.01540464,0.00017448,0.01071395,0.02083448,0.00000000,27.00498104,26.90326303,31.56561807,31.54279756,0.01312935,-0.77018846,1.52701606,0.00000000,-0.77297953,1.50050035,4.42815968,0.00000000
0.85000000,STAND,-0.00003240,-0.00391911,0.00006958,-0.00721303,0.00001542,0.31513121,-0.01535798,0.00017448,0.01068491,0.02083207,0.00000000,27.04647608,26.94486798,31.51891614,31.49607291,0.01315415,-0.77027319,1.52702148,0.00000000,-0.77297953,1.50050035,4.41848182,0.00000000
0.86000000,STAND,-0.00003237,-0.00386697,0.00006950,-0.00716854,0.00001542,0.31513560,-0.01531520,0.00017448,0.01065848,0.02082990,0.00000000,27.08113743,26.97964712,31.48038419,31.45753790,0.01317924,-0.77034671,1.52702695,0.00000000,-0.77297953,1.50050035,4.41037906,0.00000000
0.87000000,STAND,-0.00003234,-0.00382041,0.00006942,-0.00712878,0.00001542,0.31513918,-0.01527682,0.00017448,0.01063500,0.02082798,0.00000000,27.10878923,27.00741935,31.45016889,31.42733627,0.01320437,-0.77040848,1.52703236,0.00000000,-0.77297953,1.50050035,4.40389447,0.00000000
0.88000000,STAND,-0.00003230,-0.00377995,0.00006934,-0.00709417,0.00001541,0.31514190,-0.01524327,0.00017448,0.01061472,0.02082635,0.00000000,27.12939746,27.02814581,31.42825426,31.40544909,0.01322933,-0.77045820,1.52703758,0.00000000,-0.77297953,1.50050035,4.39903841,0.00000000
0.89000000,STAND,-0.00003226,-0.00374594,0.00006926,-0.00706501,0.00001540,0.31514377,-0.01521484,0.00017447,0.01059780,0.02082500,0.00000000,27.14306100,27.04192124,31.41447319,31.39170636,0.01325389,-0.77049581,1.52704250,0.00000000,-0.77297953,1.50050035,4.39579052,0.00000000
0.90000000,STAND,-0.00003222,-0.00371860,0.00006919,-0.00704146,0.00001539,0.31514476,-0.01519171,0.00017446,0.01058434,0.02082396,0.00000000,27.15000089,27.04896316,31.40852087,31.38580054,0.01327783,-0.77052146,1.52704703,0.00000000,-0.77297953,1.50050035,4.39410227,0.00000000
0.91000000,STAND,-0.00003218,-0.00369802,0.00006913,-0.00702358,0.00001538,0.31514491,-0.01517396,0.00017445,0.01057436,0.02082320,0.00000000,27.15054789,27.04959956,31.40996984,31.38730168,0.01330098,-0.77053555,1.52705109,0.00000000,-0.77297953,1.50050035,4.39389972,0.00000000
0.92000000,STAND,-0.00003214,-0.00368412,0.00006907,-0.00701134,0.00001537,0.31514425,-0.01516155,0.00017444,0.01056783,0.02082274,0.00000000,27.14512878,27.04425525,31.41828618,31.39567368,0.01332315,-0.77053862,1.52705463,0.00000000,-0.77297953,1.50050035,4.39508669,0.00000000
0.93000000,STAND,-0.00003210,-0.00367675,0.00006903,-0.00700457,0.00001536,0.31514283,-0.01515435,0.00017443,0.01056464,0.02082255,0.00000000,27.13425186,27.03343725,31.43284660,31.41029132,0.01334419,-0.77053139,1.52705759,0.00000000,-0.77297953,1.50050035,4.39754798,0.00000000
0.94000000,STAND,-0.00003206,-0.00367562,0.00006899,-0.00700304,0.00001535,0.31514070,-0.01515216,0.00017442,0.01056464,0.02082263,0.00000000,27.11849178,27.01771971,31.45295589,31.43045784,0.01336398,-0.77051475,1.52705994,0.00000000,-0.77297953,1.50050035,4.40115282,0.00000000
0.95000000,STAND,-0.00003203,-0.00368035,0.00006896,-0.00700642,0.00001534,0.31513792,-0.01515467,0.00017441,0.01056761,0.02082295,0.00000000,27.09847424,26.99772842,31.47786454,31.45542247,0.01338240,-0.77048965,1.52706166,0.00000000,-0.77297953,1.50050035,4.40575832,0.00000000
0.96000000,STAND,-0.00003200,-0.00369047,0.00006895,-0.00701432,0.00001532,0.31513459,-0.01516152,0.00017440,0.01057332,0.02082349,0.00000000,27.07486072,26.97412556,31.50678618,31.48439790,0.01339939,-0.77045717,1.52706276,0.00000000,-0.77297953,1.50050035,4.41121292,0.00000000
0.97000000,STAND,-0.00003198,-0.00370546,0.00006894,-0.00702630,0.00001532,0.31513077,-0.01517230,0.00017439,0.01058147,0.02082423,0.00000000,27.04833365,26.94759477,31.53891445,31.51657709,0.01341487,-0.77041844,1.52706323,0.00000000,-0.77297953,1.50050035,4.41735976,0.00000000
0.98000000,STAND,-0.00003196,-0.00372473,0.00006894,-0.00704186,0.00001531,0.31512655,-0.01518655,0.00017438,0.01059177,0.02082513,0.00000000,27.01958219,26.91882678,31.57343913,31.55114941,0.01342883,-0.77037462,1.52706310,0.00000000,-0.77297953,1.50050035,4.42403993,0.00000000
0.99000000,STAND,-0.00003195,-0.00374766,0.00006895,-0.00706049,0.00001530,0.31512203,-0.01520378,0.00017437,0.01060388,0.02082618,0.00000000,26.98928895,26.88850607,31.60956125,31.58731568,0.01344126,-0.77032689,1.52706239,0.00000000,-0.77297953,1.50050035,4.43109554,0.00000000
1.00000000,STAND,-0.00003194,-0.00377359,0.00006897,-0.00708162,0.00001530,0.31511728,-0.01522346,0.00017437,0.01061747,0.02082734,0.00000000,26.95811771,26.85729851,31.64650701,31.62430205,0.01345216,-0.77027642,1.52706115,0.00000000,-0.77297953,1.50050035,4.43837250,0.00000000
1.01000000,STAND,-0.00003193,-0.00380187,0.00006899,-0.00710472,0.00001529,0.31511239,-0.01524509,0.00017437,0.01063220,0.02082858,0.00000000,26.92670244,26.82584023,31.68354021,31.66137244,0.01346159,-0.77022435,1.52705943,0.00000000,-0.77297953,1.50050035,4.44572318,0.00000000
1.02000000,STAND,-0.00003193,-0.00383184,0.00006902,-0.00712922,0.00001529,0.31510745,-0.01526812,0.00017436,0.01064773,0.02082987,0.00000000,26.89563759,26.79472786,31.71997330,31.69783946,0.01346958,-0.77017176,1.52705727,0.00000000,-0.77297953,1.50050035,4.45300861,0.00000000
1.03000000,STAND,-0.00003192,-0.00386285,0.00006906,-0.00715459,0.00001529,0.31510254,-0.01529206,0.00017436,0.01066372,0.02083119,0.00000000,26.86546993,26.76451030,31.75517664,31.73307374,0.01347623,-0.77011969,1.52705474,0.00000000,-0.77297953,1.50050035,4.46010047,0.00000000
1.04000000,STAND,-0.00003192,-0.00389427,0.00006909,-0.00718031,0.00001529,0.31509774,-0.01531639,0.00017436,0.01067986,0.02083251,0.00000000,26.83669175,26.73568179,31.78858622,31.76651151,0.01348160,-0.77006908,1.52705189,0.00000000,-0.77297953,1.50050035,4.46688276,0.00000000
1.05000000,STAND,-0.00003192,-0.00392553,0.00006913,-0.00720588,0.00001528,0.31509310,-0.01534066,0.00017436,0.01069585,0.02083380,0.00000000,26.80973561,26.70867670,31.81970953,31.79766055,0.01348581,-0.77002077,1.52704879,0.00000000,-0.77297953,1.50050035,4.47325305,0.00000000
1.06000000,STAND,-0.00003193,-0.00395607,0.00006917,-0.00723085,0.00001528,0.31508870,-0.01536443,0.00017435,0.01071141,0.02083505,0.00000000,26.78497059,26.68386566,31.84812982,31.82610436,0.01348896,-0.76997552,1.52704550,0.00000000,-0.77297953,1.50050035,4.47912349,0.00000000
1.07000000,STAND,-0.00003193,-0.00398541,0.00006921,-0.00725481,0.00001528,0.31508458,-0.01538729,0.00017435,0.01072630,0.02083623,0.00000000,26.76269995,26.66155324,31.87350860,31.85150465,0.01349117,-0.76993397,1.52704208,0.00000000,-0.77297953,1.50050035,4.48442138,0.00000000
1.08000000,STAND,-0.00003193,-0.00401309,0.00006925,-0.00727739,0.00001528,0.31508080,-0.01540890,0.00017435,0.01074028,0.02083733,0.00000000,26.74316018,26.64197691,31.89558657,31.87360228,0.01349256,-0.76989664,1.52703859,0.00000000,-0.77297953,1.50050035,4.48908952,0.00000000
1.09000000,STAND,-0.00003193,-0.00403875,0.00006929,-0.00729828,0.00001528,0.31507738,-0.01542895,0.00017435,0.01075318,0.02083833,0.00000000,26.72652131,26.62530746,31.91418300,31.89221663,0.01349326,-0.76986394,1.52703510,0.00000000,-0.77297953,1.50050035,4.49308620,0.00000000
1.10000000,STAND,-0.00003193,-0.00406206,0.00006933,-0.00731721,0.00001528,0.31507436,-0.01544718,0.00017435,0.01076484,0.02083923,0.00000000,26.71288845,26.61165044,31.92919372,31.90724359,0.01349339,-0.76983619,1.52703165,0.00000000,-0.77297953,1.50050035,4.49638491,0.00000000
1.11000000,STAND,-0.00003193,-0.00408277,0.00006936,-0.00733397,0.00001528,0.31507175,-0.01546338,0.00017435,0.01077514,0.02084000,0.00000000,26.70230439,26.60104881,31.94058780,31.91865224,0.01349307,-0.76981356,1.52702830,0.00000000,-0.77297953,1.50050035,4.49897376,0.00000000
1.12000000,STAND,-0.00003193,-0.00410070,0.00006939,-0.00734842,0.00001528,0.31506956,-0.01547741,0.00017435,0.01078398,0.02084065,0.00000000,26.69475314,26.59348654,31.94840315,31.92648044,0.01349242,-0.76979613,1.52702509,0.00000000,-0.77297953,1.50050035,4.50085475,0.00000000
1.13000000,STAND,-0.00003192,-0.00411571,0.00006941,-0.00736044,0.00001528,0.31506781,-0.01548915,0.00017434,0.01079130,0.02084117,0.00000000,26.69016427,26.58889292,31.95274105,31.93082941,0.01349155,-0.76978388,1.52702206,0.00000000,-0.77297953,1.50050035,4.50204275,0.00000000
1.14000000,STAND,-0.00003192,-0.00412775,0.00006943,-0.00736999,0.00001527,0.31506647,-0.01549855,0.00017434,0.01079709,0.02084157,0.00000000,26.68841798,26.58714769,31.95376001,31.93185754,0.01349058,-0.76977669,1.52701925,0.00000000,-0.77297953,1.50050035,4.50256434,0.00000000
1.15000000,STAND,-0.00003191,-0.00413681,0.00006945,-0.00737706,0.00001527,0.31506555,-0.01550561,0.00017434,0.01080135,0.02084183,0.00000000,26.68935068,26.58808666,31.95166886,31.92977357,0.01348959,-0.76977437,1.52701669,0.00000000,-0.77297953,1.50050035,4.50245654,0.00000000
1.16000000,STAND,-0.00003191,-0.00414294,0.00006946,-0.00738171,0.00001527,0.31506501,-0.01551036,0.00017433,0.01080411,0.02084198,0.00000000,26.69276097,26.59150772,31.94671946,31.92482926,0.01348868,-0.76977663,1.52701439,0.00000000,-0.77297953,1.50050035,4.50176540,0.00000000
1.17000000,STAND,-0.00003190,-0.00414624,0.00006947,-0.00738400,0.00001527,0.31506484,-0.01551287,0.00017433,0.01080542,0.02084200,0.00000000,26.69841590,26.59717713,31.93919910,31.91731179,0.01348792,-0.76978313,1.52701237,0.00000000,-0.77297953,1.50050035,4.50054452,0.00000000
1.18000000,STAND,-0.00003189,-0.00414686,0.00006947,-0.00738408,0.00001526,0.31506501,-0.01551325,0.00017433,0.01080537,0.02084192,0.00000000,26.70605737,26.60483598,31.92942275,31.90753606,0.01348739,-0.76979347,1.52701064,0.00000000,-0.77297953,1.50050035,4.49885357,0.00000000
1.19000000,STAND,-0.00003188,-0.00414498,0.00006947,-0.00738208,0.00001526,0.31506548,-0.01551165,0.00017432,0.01080406,0.02084174,0.00000000,26.71540860,26.61420663,31.91772532,31.89583696,0.01348713,-0.76980721,1.52700922,0.00000000,-0.77297953,1.50050035,4.49675675,0.00000000
1.20000000,STAND,-0.00003187,-0.00414081,0.00006947,-0.00737820,0.00001525,0.31506621,-0.01550824,0.00017432,0.01080160,0.02084146,0.00000000,26.72618037,26.62499907,31.90445414,31.88256181,0.01348719,-0.76982387,1.52700809,0.00000000,-0.77297953,1.50050035,4.49432129,0.00000000
1.21000000,STAND,-0.00003186,-0.00413461,0.00006946,-0.00737263,0.00001525,0.31506718,-0.01550320,0.00017432,0.01079811,0.02084111,0.00000000,26.73807721,26.63691705,31.88996166,31.86806310,0.01348760,-0.76984296,1.52700724,0.00000000,-0.77297953,1.50050035,4.49161604,0.00000000
1.22000000,STAND,-0.00003185,-0.00412663,0.00006945,-0.00736561,0.00001525,0.31506833,-0.01549674,0.00017431,0.01079375,0.02084069,0.00000000,26.75080319,26.64966395,31.87459862,31.85269168,0.01348839,-0.76986398,1.52700668,0.00000000,-0.77297953,1.50050035,4.48871005,0.00000000
1.23000000,STAND,-0.00003184,-0.00411715,0.00006944,-0.00735735,0.00001524,0.31506964,-0.01548909,0.00017431,0.01078864,0.02084022,0.00000000,26.76406736,26.66294822,31.85870768,31.83679035,0.01348956,-0.76988640,1.52700638,0.00000000,-0.77297953,1.50050035,4.48567129,0.00000000
1.24000000,STAND,-0.00003183,-0.00410647,0.00006942,-0.00734811,0.00001524,0.31507105,-0.01548046,0.00017431,0.01078295,0.02083970,0.00000000,26.77758876,26.67648835,31.84261766,31.82068811,0.01349112,-0.76990974,1.52700632,0.00000000,-0.77297953,1.50050035,4.48256551,0.00000000
1.25000000,STAND,-0.00003182,-0.00409486,0.00006941,-0.00733812,0.00001524,0.31507253,-0.01547109,0.00017431,0.01077682,0.02083916,0.00000000,26.79110085,26.69001739,31.82663843,31.80469509,0.01349305,-0.76993351,1.52700649,0.00000000,-0.77297953,1.50050035,4.47945515,0.00000000
1.26000000,STAND,-0.00003182,-0.00408261,0.00006939,-0.00732762,0.00001524,0.31507404,-0.01546120,0.00017430,0.01077039,0.02083859,0.00000000,26.80435544,26.70328684,31.81105653,31.78909808,0.01349534,-0.76995726,1.52700685,0.00000000,-0.77297953,1.50050035,4.47639839,0.00000000
1.27000000,STAND,-0.00003181,-0.00407001,0.00006938,-0.00731683,0.00001524,0.31507555,-0.01545102,0.00017430,0.01076382,0.02083802,0.00000000,26.81712598,26.71606993,31.79613148,31.77415690,0.01349797,-0.76998055,1.52700739,0.00000000,-0.77297953,1.50050035,4.47344845,0.00000000
1.28000000,STAND,-0.00003180,-0.00405732,0.00006936,-0.00730599,0.00001523,0.31507703,-0.01544074,0.00017430,0.01075722,0.02083746,0.00000000,26.82921028,26.72816436,31.78209285,31.76010148,0.01350091,-0.77000300,1.52700807,0.00000000,-0.77297953,1.50050035,4.47065290,0.00000000
1.29000000,STAND,-0.00003180,-0.00404477,0.00006934,-0.00729530,0.00001523,0.31507844,-0.01543058,0.00017430,0.01075074,0.02083691,0.00000000,26.84043256,26.73939432,31.76913813,31.74712963,0.01350412,-0.77002426,1.52700887,0.00000000,-0.77297953,1.50050035,4.46805315,0.00000000
1.30000000,STAND,-0.00003180,-0.00403261,0.00006933,-0.00728494,0.00001523,0.31507976,-0.01542071,0.00017430,0.01074447,0.02083638,0.00000000,26.85064487,26.74961191,31.75743130,31.73540567,0.01350755,-0.77004404,1.52700976,0.00000000,-0.77297953,1.50050035,4.46568419,0.00000000
1.31000000,STAND,-0.00003179,-0.00402104,0.00006931,-0.00727509,0.00001523,0.31508097,-0.01541130,0.00017430,0.01073854,0.02083588,0.00000000,26.85972797,26.75869802,31.74710209,31.72505969,0.01351118,-0.77006207,1.52701071,0.00000000,-0.77297953,1.50050035,4.46357432,0.00000000
1.32000000,STAND,-0.00003179,-0.00401024,0.00006930,-0.00726589,0.00001523,0.31508205,-0.01540248,0.00017430,0.01073302,0.02083543,0.00000000,26.86759154,26.76656251,31.73824598,31.71618751,0.01351494,-0.77007815,1.52701169,0.00000000,-0.77297953,1.50050035,4.46174512,0.00000000
1.33000000,STAND,-0.00003179,-0.00400035,0.00006929,-0.00725748,0.00001523,0.31508298,-0.01539439,0.00017430,0.01072799,0.02083502,0.00000000,26.87417389,26.77314392,31.73092482,31.70885128,0.01351880,-0.77009213,1.52701269,0.00000000,-0.77297953,1.50050035,4.46021151,0.00000000
1.34000000,STAND,-0.00003179,-0.00399151,0.00006927,-0.00724995,0.00001524,0.31508376,-0.01538712,0.00017430,0.01072352,0.02083466,0.00000000,26.87944117,26.77840864,31.72516797,31.70308062,0.01352271,-0.77010390,1.52701367,0.00000000,-0.77297953,1.50050035,4.45898192,0.00000000
1.35000000,STAND,-0.00003179,-0.00398381,0.00006926,-0.00724338,0.00001524,0.31508437,-0.01538076,0.00017430,0.01071965,0.02083435,0.00000000,26.88338605,26.78234963,31.72097399,31.69887436,0.01352662,-0.77011340,1.52701462,0.00000000,-0.77297953,1.50050035,4.45805860,0.00000000
1.36000000,STAND,-0.00003179,-0.00397733,0.00006925,-0.00723784,0.00001524,0.31508482,-0.01537536,0.00017431,0.01071640,0.02083409,0.00000000,26.88602612,26.78498477,31.71831283,31.69620263,0.01353050,-0.77012063,1.52701551,0.00000000,-0.77297953,1.50050035,4.45743802,0.00000000
1.37000000,STAND,-0.00003179,-0.00397210,0.00006925,-0.00723335,0.00001524,0.31508510,-0.01537095,0.00017431,0.01071382,0.02083389,0.00000000,26.88740180,26.78635475,31.71712829,31.69500942,0.01353429,-0.77012560,1.52701633,0.00000000,-0.77297953,1.50050035,4.45711129,0.00000000
1.38000000,STAND,-0.00003179,-0.00396814,0.00006924,-0.00722993,0.00001524,0.31508521,-0.01536756,0.00017431,0.01071188,0.02083375,0.00000000,26.88757407,26.78652084,31.71734091,31.69521534,0.01353797,-0.77012839,1.52701707,0.00000000,-0.77297953,1.50050035,4.45706469,0.00000000
1.39000000,STAND,-0.00003179,-0.00396544,0.00006924,-0.00722757,0.00001524,0.31508517,-0.01536517,0.00017431,0.01071060,0.02083366,0.00000000,26.88662192,26.78556227,31.71885096,31.69672075,0.01354149,-0.77012911,1.52701771,0.00000000,-0.77297953,1.50050035,4.45728033,0.00000000
1.40000000,STAND,-0.00003179,-0.00396397,0.00006923,-0.00722624,0.00001524,0.31508498,-0.01536376,0.00017431,0.01070995,0.02083363,0.00000000,26.88463969,26.78357360,31.72154171,31.69940892,0.01354483,-0.77012788,1.52701824,0.00000000,-0.77297953,1.50050035,4.45773665,0.00000000
1.41000000,STAND,-0.00003179,-0.00396368,0.00006923,-0.00722590,0.00001524,0.31508466,-0.01536330,0.00017431,0.01070990,0.02083364,0.00000000,26.88173424,26.78066190,31.72528273,31.70314938,0.01354796,-0.77012487,1.52701866,0.00000000,-0.77297953,1.50050035,4.45840917,0.00000000
1.42000000,STAND,-0.00003179,-0.00396449,0.00006923,-0.00722648,0.00001525,0.31508420,-0.01536372,0.00017431,0.01071041,0.02083370,0.00000000,26.87802212,26.77694389,31.72993322,31.70780126,0.01355086,-0.77012027,1.52701897,0.00000000,-0.77297953,1.50050035,4.45927109,0.00000000
1.43000000,STAND,-0.00003179,-0.00396633,0.00006923,-0.00722792,0.00001525,0.31508364,-0.01536497,0.00017431,0.01071144,0.02083380,0.00000000,26.87362678,26.77254316,31.73534530,31.71321656,0.01355351,-0.77011427,1.52701916,0.00000000,-0.77297953,1.50050035,4.46029394,0.00000000
1.44000000,STAND,-0.00003179,-0.00396909,0.00006923,-0.00723013,0.00001525,0.31508299,-0.01536695,0.00017431,0.01071293,0.02083393,0.00000000,26.86867580,26.76758737,31.74136722,31.71924338,0.01355590,-0.77010708,1.52701924,0.00000000,-0.77297953,1.50050035,4.46144825,0.00000000
1.45000000,STAND,-0.00003179,-0.00397266,0.00006923,-0.00723302,0.00001525,0.31508225,-0.01536960,0.00017431,0.01071483,0.02083410,0.00000000,26.86329824,26.76220567,31.74784645,31.72572898,0.01355803,-0.77009892,1.52701920,0.00000000,-0.77297953,1.50050035,4.46270411,0.00000000
1.46000000,STAND,-0.00003179,-0.00397693,0.00006924,-0.00723649,0.00001525,0.31508145,-0.01537281,0.00017431,0.01071708,0.02083430,0.00000000,26.85762219,26.75652618,31.75463245,31.73252264,0.01355990,-0.77009002,1.52701906,0.00000000,-0.77297953,1.50050035,4.46403182,0.00000000
1.47000000,STAND,-0.00003179,-0.00398176,0.00006924,-0.00724044,0.00001525,0.31508061,-0.01537648,0.00017431,0.01071961,0.02083451,0.00000000,26.85177242,26.75067368,31.76157939,31.73947830,0.01356149,-0.77008058,1.52701882,0.00000000,-0.77297953,1.50050035,4.46540234,0.00000000
1.48000000,STAND,-0.00003178,-0.00398705,0.00006925,-0.00724477,0.00001525,0.31507974,-0.01538053,0.00017431,0.01072235,0.02083475,0.00000000,26.84586837,26.74476760,31.76854846,31.74645690,0.01356283,-0.77007084,1.52701849,0.00000000,-0.77297953,1.50050035,4.46678787,0.00000000
1.49000000,STAND,-0.00003178,-0.00399267,0.00006925,-0.00724936,0.00001525,0.31507886,-0.01538485,0.00017431,0.01072525,0.02083499,0.00000000,26.84002225,26.73892013,31.77540995,31.75332850,0.01356392,-0.77006099,1.52701808,0.00000000,-0.77297953,1.50050035,4.46816218,0.00000000
1.50000000,STAND,-0.00003178,-0.00399848,0.00006926,-0.00725412,0.00001524,0.31507798,-0.01538934,0.00017431,0.01072824,0.02083523,0.00000000,26.83433753,26.73323467,31.78204504,31.75997402,0.01356477,-0.77005122,1.52701759,0.00000000,-0.77297953,1.50050035,4.46950108,0.00000000
1.51000000,STAND,-0.00003178,-0.00400438,0.00006926,-0.00725895,0.00001524,0.31507711,-0.01539391,0.00017431,0.01073126,0.02083548,0.00000022,26.82890758,26.72780455,31.78834718,31.76628669,0.01356539,-0.77004172,1.52701705,0.00000000,-0.77297953,1.50050035,4.47078265,0.00000000
1.52000000,STAND,-0.00003178,-0.00401026,0.00006927,-0.00726377,0.00001524,0.31507628,-0.01539848,0.00017431,0.01073426,0.02083573,0.00000047,26.82381470,26.72271198,31.79422326,31.77217319,0.01356582,-0.77003264,1.52701646,0.00000000,-0.77297953,1.50050035,4.47198751,0.00000000
1.53000000,STAND,-0.00003177,-0.00401600,0.00006927,-0.00726847,0.00001524,0.31507549,-0.01540295,0.00017431,0.01073718,0.02083596,0.00000070,26.81912931,26.71802732,31.79959442,31.77755442,0.01356605,-0.77002413,1.52701583,0.00000000,-0.77297953,1.50050035,4.47309906,0.00000000
1.54000000,STAND,-0.00003177,-0.00402153,0.00006928,-0.00727298,0.00001524,0.31507475,-0.01540726,0.00017431,0.01073997,0.02083618,0.00000092,26.81490953,26.71380861,31.80439644,31.78236601,0.01356613,-0.77001631,1.52701518,0.00000000,-0.77297953,1.50050035,4.47410348,0.00000000
1.55000000,STAND,-0.00003177,-0.00402675,0.00006928,-0.00727724,0.00001524,0.31507407,-0.01541134,0.00017431,0.01074260,0.02083639,0.00000113,26.81120089,26.71010131,31.80858001,31.78655846,0.01356607,-0.77000927,1.52701452,0.00000000,-0.77297953,1.50050035,4.47498991,0.00000000
1.56000000,STAND,-0.00003177,-0.00403159,0.00006929,-0.00728119,0.00001524,0.31507346,-0.01541512,0.00017430,0.01074503,0.02083658,0.00000132,26.80803643,26.70693838,31.81211056,31.79009708,0.01356588,-0.77000310,1.52701385,0.00000000,-0.77297953,1.50050035,4.47575039,0.00000000
1.57000000,STAND,-0.00003176,-0.00403599,0.00006929,-0.00728477,0.00001524,0.31507292,-0.01541857,0.00017430,0.01074722,0.02083675,0.00000149,26.80543689,26.70434051,31.81496793,31.79296158,0.01356561,-0.76999786,1.52701320,0.00000000,-0.77297953,1.50050035,4.47637979,0.00000000
1.58000000,STAND,-0.00003176,-0.00403991,0.00006930,-0.00728794,0.00001523,0.31507246,-0.01542164,0.00017430,0.01074916,0.02083690,0.00000164,26.80341122,26.70231657,31.81714571,31.79514547,0.01356526,-0.76999357,1.52701256,0.00000000,-0.77297953,1.50050035,4.47687575,0.00000000
1.59000000,STAND,-0.00003176,-0.00404330,0.00006930,-0.00729068,0.00001523,0.31507208,-0.01542429,0.00017430,0.01075083,0.02083702,0.00000176,26.80195718,26.70086428,31.81865043,31.79665525,0.01356486,-0.76999027,1.52701194,0.00000000,-0.77297953,1.50050035,4.47723854,0.00000000
1.60000000,STAND,-0.00003176,-0.00404615,0.00006930,-0.00729297,0.00001523,0.31507177,-0.01542653,0.00017430,0.01075221,0.02083712,0.00000186,26.80106221,26.69997103,31.81950058,31.79750934,0.01356443,-0.76998793,1.52701136,0.00000000,-0.77297953,1.50050035,4.47747082,0.00000000
1.61000000,STAND,-0.00003175,-0.00404844,0.00006931,-0.00729479,0.00001523,0.31507155,-0.01542832,0.00017430,0.01075331,0.02083719,0.00000193,26.80070430,26.69961479,31.81972541,31.79773702,0.01356399,-0.76998655,1.52701082,0.00000000,-0.77297953,1.50050035,4.47757749,0.00000000
1.62000000,STAND,-0.00003175,-0.00405017,0.00006931,-0.00729614,0.00001523,0.31507140,-0.01542967,0.00017430,0.01075412,0.02083725,0.00000199,26.80085310,26.69976518,31.81936368,31.79737705,0.01356356,-0.76998609,1.52701033,0.00000000,-0.77297953,1.50050035,4.47756541,0.00000000
1.63000000,STAND,-0.00003175,-0.00405135,0.00006931,-0.00729704,0.00001523,0.31507132,-0.01543058,0.00017430,0.01075464,0.02083727,0.00000201,26.80147101,26.70038457,31.81846229,31.79647638,0.01356315,-0.76998649,1.52700988,0.00000000,-0.77297953,1.50050035,4.47744313,0.00000000
1.64000000,STAND,-0.00003175,-0.00405199,0.00006931,-0.00729749,0.00001523,0.31507131,-0.01543108,0.00017429,0.01075490,0.02083728,0.00000202,26.80251441,26.70142934,31.81707484,31.79508867,0.01356278,-0.76998769,1.52700949,0.00000000,-0.77297953,1.50050035,4.47722068,0.00000000
1.65000000,STAND,-0.00003175,-0.00405213,0.00006931,-0.00729753,0.00001523,0.31507136,-0.01543117,0.00017429,0.01075489,0.02083727,0.00000201,26.80393483,26.70285101,31.81526023,31.79327288,0.01356247,-0.76998961,1.52700916,0.00000000,-0.77297953,1.50050035,4.47690918,0.00000000
1.66000000,STAND,-0.00003174,-0.00405180,0.00006931,-0.00729717,0.00001523,0.31507147,-0.01543089,0.00017429,0.01075465,0.02083723,0.00000197,26.80568020,26.70459750,31.81308114,31.79109180,0.01356221,-0.76999218,1.52700888,0.00000000,-0.77297953,1.50050035,4.47652068,0.00000000
1.67000000,STAND,-0.00003174,-0.00405103,0.00006931,-0.00729646,0.00001522,0.31507162,-0.01543026,0.00017429,0.01075419,0.02083718,0.00000192,26.80769603,26.70661434,31.81060268,31.78861064,0.01356202,-0.76999531,1.52700865,0.00000000,-0.77297953,1.50050035,4.47606777,0.00000000
1.68000000,STAND,-0.00003174,-0.00404988,0.00006931,-0.00729543,0.00001522,0.31507182,-0.01542933,0.00017429,0.01075354,0.02083712,0.00000186,26.80992662,26.70884583,31.80789102,31.78589565,0.01356191,-0.76999889,1.52700848,0.00000000,-0.77297953,1.50050035,4.47556337,0.00000000
1.69000000,STAND,-0.00003174,-0.00404840,0.00006931,-0.00729412,0.00001522,0.31507206,-0.01542813,0.00017429,0.01075272,0.02083704,0.00000178,26.81231613,26.71123613,31.80501205,31.78301287,0.01356187,-0.77000284,1.52700836,0.00000000,-0.77297953,1.50050035,4.47502047,0.00000000
1.70000000,STAND,-0.00003174,-0.00404662,0.00006931,-0.00729258,0.00001522,0.31507232,-0.01542670,0.00017429,0.01075176,0.02083695,0.00000169,26.81480961,26.71373032,31.80203024,31.78002686,0.01356192,-0.77000706,1.52700830,0.00000000,-0.77297953,1.50050035,4.47445186,0.00000000
1.71000000,STAND,-0.00003174,-0.00404462,0.00006931,-0.00729085,0.00001522,0.31507260,-0.01542509,0.00017429,0.01075069,0.02083685,0.00000159,26.81735398,26.71627532,31.79900752,31.77699966,0.01356204,-0.77001146,1.52700827,0.00000000,-0.77297953,1.50050035,4.47386992,0.00000000
1.72000000,STAND,-0.00003174,-0.00404245,0.00006931,-0.00728898,0.00001522,0.31507290,-0.01542333,0.00017429,0.01074954,0.02083675,0.00000149,26.81989887,26.71882076,31.79600234,31.77398984,0.01356225,-0.77001595,1.52700830,0.00000000,-0.77297953,1.50050035,4.47328641,0.00000000
1.73000000,STAND,-0.00003174,-0.00404015,0.00006930,-0.00728701,0.00001522,0.31507320,-0.01542147,0.00017429,0.01074833,0.02083664,0.00000138,26.82239733,26.72131972,31.79306879,31.77105160,0.01356252,-0.77002043,1.52700835,0.00000000,-0.77297953,1.50050035,4.47271234,0.00000000
1.74000000,STAND,-0.00003174,-0.00403778,0.00006930,-0.00728498,0.00001522,0.31507350,-0.01541956,0.00017429,0.01074709,0.02083654,0.00000128,26.82480651,26.72372934,31.79025596,31.76823411,0.01356287,-0.77002483,1.52700845,0.00000000,-0.77297953,1.50050035,4.47215776,0.00000000
1.75000000,STAND,-0.00003174,-0.00403539,0.00006930,-0.00728294,0.00001522,0.31507379,-0.01541763,0.00017429,0.01074584,0.02083643,0.00000117,26.82708812,26.72601135,31.78760735,31.76558097,0.01356328,-0.77002908,1.52700857,0.00000000,-0.77297953,1.50050035,4.47163167,0.00000000
1.76000000,STAND,-0.00003174,-0.00403302,0.00006930,-0.00728093,0.00001522,0.31507407,-0.01541572,0.00017429,0.01074462,0.02083633,0.00000107,26.82920885,26.72813244,31.78516043,31.76312972,0.01356375,-0.77003310,1.52700871,0.00000000,-0.77297953,1.50050035,4.47114194,0.00000000
1.77000000,STAND,-0.00003174,-0.00403073,0.00006929,-0.00727898,0.00001522,0.31507434,-0.01541386,0.00017429,0.01074343,0.02083623,0.00000097,26.83114064,26.73006456,31.78294641,31.76091166,0.01356427,-0.77003685,1.52700887,0.00000000,-0.77297953,1.50050035,4.47069522,0.00000000
1.78000000,STAND,-0.00003174,-0.00402855,0.00006929,-0.00727712,0.00001522,0.31507458,-0.01541208,0.00017429,0.01074231,0.02083613,0.00000087,26.83286083,26.73178504,31.78099008,31.75895161,0.01356483,-0.77004027,1.52700904,0.00000000,-0.77297953,1.50050035,4.47029689,0.00000000
1.79000000,STAND,-0.00003174,-0.00402651,0.00006929,-0.00727538,0.00001523,0.31507480,-0.01541042,0.00017429,0.01074126,0.02083605,0.00000079,26.83435220,26.73327667,31.77930977,31.75726797,0.01356542,-0.77004333,1.52700922,0.00000000,-0.77297953,1.50050035,4.46995109,0.00000000
1.80000000,STAND,-0.00003174,-0.00402463,0.00006929,-0.00727379,0.00001523,0.31507499,-0.01540889,0.00017429,0.01074031,0.02083597,0.00000071,26.83560294,26.73452763,31.77791749,31.75587277,0.01356603,-0.77004599,1.52700940,0.00000000,-0.77297953,1.50050035,4.46966070,0.00000000
1.81000000,STAND,-0.00003174,-0.00402296,0.00006928,-0.00727236,0.00001523,0.31507515,-0.01540751,0.00017429,0.01073946,0.02083590,0.00000064,26.83660647,26.73553135,31.77681912,31.75477192,0.01356666,-0.77004824,1.52700958,0.00000000,-0.77297953,1.50050035,4.46942739,0.00000000
1.82000000,STAND,-0.00003174,-0.00402150,0.00006928,-0.00727112,0.00001523,0.31507528,-0.01540630,0.00017429,0.01073872,0.02083584,0.00000058,26.83736120,26.73628624,31.77601473,31.75396550,0.01356730,-0.77005006,1.52700975,0.00000000,-0.77297953,1.50050035,4.46925162,0.00000000
1.83000000,STAND,-0.00003174,-0.00402027,0.00006928,-0.00727007,0.00001523,0.31507537,-0.01540528,0.00017429,0.01073810,0.02083579,0.00000054,26.83787026,26.73679543,31.77549899,31.75344819,0.01356793,-0.77005146,1.52700991,0.00000000,-0.77297953,1.50050035,4.46913282,0.00000000
1.84000000,STAND,-0.00003174,-0.00401927,0.00006928,-0.00726921,0.00001523,0.31507544,-0.01540444,0.00017429,0.01073761,0.02083576,0.00000050,26.83814106,26.73706632,31.77526161,31.75320969,0.01356855,-0.77005243,1.52701006,0.00000000,-0.77297953,1.50050035,4.46906935,0.00000000
1.85000000,STAND,-0.00003174,-0.00401851,0.00006928,-0.00726856,0.00001523,0.31507547,-0.01540379,0.00017429,0.01073723,0.02083573,0.00000047,26.83818492,26.73711023,31.77528788,31.75323528,0.01356915,-0.77005298,1.52701020,0.00000000,-0.77297953,1.50050035,4.46905870,0.00000000
1.86000000,STAND,-0.00003174,-0.00401799,0.00006928,-0.00726810,0.00001523,0.31507547,-0.01540333,0.00017429,0.01073698,0.02083571,0.00000045,26.83801654,26.73694186,31.77555927,31.75350640,0.01356973,-0.77005315,1.52701032,0.00000000,-0.77297953,1.50050035,4.46909753,0.00000000
1.87000000,STAND,-0.00003174,-0.00401770,0.00006927,-0.00726784,0.00001523,0.31507545,-0.01540306,0.00017429,0.01073685,0.02083570,0.00000044,26.83765352,26.73657882,31.77605399,31.75400124,0.01357028,-0.77005295,1.52701041,0.00000000,-0.77297953,1.50050035,4.46918183,0.00000000
1.88000000,STAND,-0.00003174,-0.00401763,0.00006927,-0.00726777,0.00001523,0.31507540,-0.01540296,0.00017429,0.01073683,0.02083571,0.00000045,26.83711584,26.73604108,31.77674764,31.75469538,0.01357079,-0.77005241,1.52701049,0.00000000,-0.77297953,1.50050035,4.46930704,0.00000000
1.89000000,STAND,-0.00003174,-0.00401778,0.00006927,-0.00726787,0.00001523,0.31507532,-0.01540303,0.00017429,0.01073692,0.02083572,0.00000046,26.83642534,26.73535049,31.77761385,31.75556238,0.01357126,-0.77005157,1.52701055,0.00000000,-0.77297953,1.50050035,4.46946812,0.00000000
1.90000000,STAND,-0.00003174,-0.00401811,0.00006927,-0.00726813,0.00001523,0.31507522,-0.01540326,0.00017429,0.01073711,0.02083574,0.00000048,26.83560517,26.73453019,31.77862485,31.75657446,0.01357169,-0.77005046,1.52701058,0.00000000,-0.77297953,1.50050035,4.46965975,0.00000000
1.91000000,STAND,-0.00003173,-0.00401862,0.00006927,-0.00726854,0.00001523,0.31507511,-0.01540362,0.00017429,0.01073738,0.02083576,0.00000050,26.83467926,26.73360412,31.77975213,31.75770306,0.01357207,-0.77004913,1.52701059,0.00000000,-0.77297953,1.50050035,4.46987638,0.00000000
1.92000000,STAND,-0.00003173,-0.00401928,0.00006927,-0.00726908,0.00001523,0.31507498,-0.01540412,0.00017429,0.01073773,0.02083579,0.00000053,26.83367187,26.73259656,31.78096701,31.75891945,0.01357241,-0.77004761,1.52701058,0.00000000,-0.77297953,1.50050035,4.47011239,0.00000000
1.93000000,STAND,-0.00003173,-0.00402008,0.00006927,-0.00726973,0.00001523,0.31507484,-0.01540471,0.00017429,0.01073815,0.02083583,0.00000057,26.83260710,26.73153158,31.78224112,31.76019523,0.01357270,-0.77004595,1.52701055,0.00000000,-0.77297953,1.50050035,4.47036220,0.00000000
1.94000000,STAND,-0.00003173,-0.00402098,0.00006927,-0.00727046,0.00001523,0.31507469,-0.01540540,0.00017429,0.01073862,0.02083587,0.00000061,26.83150842,26.73043269,31.78354699,31.76150287,0.01357294,-0.77004419,1.52701051,0.00000000,-0.77297953,1.50050035,4.47062034,0.00000000
1.95000000,STAND,-0.00003173,-0.00402198,0.00006928,-0.00727127,0.00001523,0.31507453,-0.01540616,0.00017429,0.01073913,0.02083591,0.00000065,26.83039836,26.72932241,31.78485842,31.76281613,0.01357314,-0.77004237,1.52701044,0.00000000,-0.77297953,1.50050035,4.47088156,0.00000000
1.96000000,STAND,-0.00003173,-0.00402303,0.00006928,-0.00727214,0.00001523,0.31507437,-0.01540697,0.00017429,0.01073968,0.02083596,0.00000070,26.82929808,26.72822191,31.78615091,31.76411049,0.01357329,-0.77004052,1.52701036,0.00000000,-0.77297953,1.50050035,4.47114091,0.00000000
1.97000000,STAND,-0.00003173,-0.00402412,0.00006928,-0.00727303,0.00001523,0.31507421,-0.01540781,0.00017429,0.01074024,0.02083600,0.00000074,26.82822713,26.72715074,31.78740200,31.76536343,0.01357340,-0.77003869,1.52701027,0.00000000,-0.77297953,1.50050035,4.47139382,0.00000000
1.98000000,STAND,-0.00003173,-0.00402523,0.00006928,-0.00727394,0.00001523,0.31507405,-0.01540867,0.00017429,0.01074080,0.02083605,0.00000079,26.82720317,26.72612658,31.78859151,31.76655475,0.01357347,-0.77003691,1.52701016,0.00000000,-0.77297953,1.50050035,4.47163614,0.00000000
1.99000000,STAND,-0.00003173,-0.00402634,0.00006928,-0.00727484,0.00001523,0.31507390,-0.01540953,0.00017429,0.01074136,0.02083610,0.00000084,26.82624178,26.72516500,31.78970178,31.76766677,0.01357350,-0.77003520,1.52701005,0.00000000,-0.77297953,1.50050035,4.47186421,0.00000000
2.00000000,STAND,-0.00003173,-0.00402742,0.00006928,-0.00727573,0.00001522,0.31507376,-0.01541037,0.00017429,0.01074191,0.02083614,0.00000088,26.82535634,26.72427940,31.79071784,31.76868446,0.01357350,-0.77003360,1.52700993,0.00000000,-0.77297953,1.50050035,4.47207487,0.00000000
2.01000000,SHIFT_WEIGHT,-0.00002654,-0.00356646,0.00006957,-0.00727233,0.00001498,0.31506917,-0.01540851,0.00017411,0.01074594,0.02086315,0.00002789,24.83150140,24.69752360,32.92333062,32.87000868,0.01353873,-0.77009687,1.52786056,0.00000046,-0.77503364,1.50442907,4.68201730,0.00000001
2.02000000,SHIFT_WEIGHT,-0.00002228,-0.00292291,0.00007016,-0.00724883,0.00001439,0.31505012,-0.01538991,0.00017359,0.01073108,0.02088440,0.00004914,26.37267348,26.25916168,31.93544582,31.90379197,0.01350117,-0.77020941,1.52895401,0.00000432,-0.77465673,1.50371579,4.58460980,0.00000001
2.03000000,SHIFT_WEIGHT,-0.00001880,-0.00251774,0.00007078,-0.00720489,0.00001376,0.31502605,-0.01535190,0.00017298,0.01069723,0.02087802,0.00004276,26.94286204,26.85549792,31.96301703,31.95770117,0.01348699,-0.77035865,1.52958860,0.00001522,-0.77439712,1.50324022,4.57205118,0.00000000
2.04000000,SHIFT_WEIGHT,-0.00001367,-0.00233031,0.00007098,-0.00714674,0.00001337,0.31500777,-0.01529940,0.00017256,0.01065515,0.02086170,0.00002644,27.08470220,27.03953839,32.11941128,32.15451135,0.01349049,-0.77053970,1.52984491,0.00003664,-0.77424807,1.50299618,4.56897627,0.00000000
2.05000000,SHIFT_WEIGHT,-0.00000566,-0.00226106,0.00007016,-0.00708034,0.00001362,0.31500094,-0.01523795,0.00017269,0.01061100,0.02084667,0.00001141,27.05549907,27.07147103,32.15367156,32.24525053,0.01350622,-0.77072559,1.52988310,0.00007193,-0.77414881,1.50287387,4.55744940,0.00000000
2.06000000,SHIFT_WEIGHT,0.00000583,-0.00223173,0.00006766,-0.00700987,0.00001505,0.31500644,-0.01517176,0.00017386,0.01056760,0.02083619,0.00000093,26.98127531,27.07789637,32.03917821,32.20318923,0.01353231,-0.77089043,1.52981391,0.00012429,-0.77404837,1.50278192,4.53497928,0.00000000
2.07000000,SHIFT_WEIGHT,0.00002099,-0.00220223,0.00006287,-0.00693811,0.00001836,0.31502220,-0.01510372,0.00017672,0.01052636,0.02082959,-0.00000567,26.91415056,27.11001450,31.82595370,32.07701411,0.01356973,-0.77101982,1.52969455,0.00019675,-0.77391766,1.50267054,4.50593278,0.00000000
2.08000000,SHIFT_WEIGHT,0.00003978,-0.00215969,0.00005527,-0.00686710,0.00002440,0.31504498,-0.01503590,0.00018205,0.01048849,0.02082518,-0.00001008,26.87046303,27.18199304,31.57054947,31.92100464,0.01362117,-0.77110904,1.52954942,0.00029224,-0.77374405,1.50252114,4.47491958,0.00000000
2.09000000,SHIFT_WEIGHT,0.00006191,-0.00210433,0.00004451,-0.00679868,0.00003416,0.31507151,-0.01497016,0.00019077,0.01045546,0.02082143,-0.00001383,26.85271567,27.29313329,31.31146108,31.77069410,0.01369025,-0.77115761,1.52938781,0.00041350,-0.77352331,1.50233088,4.44503680,0.00000000
2.10000000,SHIFT_WEIGHT,0.00008689,-0.00204019,0.00003044,-0.00673476,0.00004875,0.31509915,-0.01490835,0.00020390,0.01042909,0.02081737,-0.00001789,26.85897141,27.43753107,31.06792532,31.64192924,0.01378099,-0.77116499,1.52921320,0.00056317,-0.77325400,1.50210206,4.41779724,0.00000000
2.11000000,SHIFT_WEIGHT,0.00011408,-0.00197111,0.00001316,-0.00667741,0.00006933,0.31512608,-0.01485242,0.00022254,0.01041142,0.02081250,-0.00002275,26.88555069,27.60706974,30.84654143,31.53775114,0.01389750,-0.77112868,1.52902650,0.00074372,-0.77293501,1.50183725,4.39363899,0.00000000
2.12000000,SHIFT_WEIGHT,0.00014275,-0.00189986,-0.00000702,-0.00662881,0.00009712,0.31515128,-0.01480445,0.00024785,0.01040465,0.02080668,-0.00002858,26.92750031,27.79218400,30.64785939,31.45521431,0.01404376,-0.77104404,1.52882667,0.00095750,-0.77256486,1.50153813,4.37245011,0.00000000
2.13000000,SHIFT_WEIGHT,0.00017211,-0.00182843,-0.00002953,-0.00659117,0.00013338,0.31517438,-0.01476653,0.00028098,0.01041098,0.02079998,-0.00003527,26.97896291,27.98249887,30.47052780,31.38972035,0.01422356,-0.77090492,1.52861082,0.00120673,-0.77214185,1.50120564,4.35392311,0.00000001
2.14000000,SHIFT_WEIGHT,0.00020138,-0.00175852,-0.00005364,-0.00656667,0.00017933,0.31519544,-0.01474071,0.00032310,0.01043255,0.02079266,-0.00004260,27.03391453,28.16779576,30.31320466,31.33706377,0.01444035,-0.77070460,1.52837451,0.00149348,-0.77166424,1.50084043,4.33774169,0.00000001
2.15000000,SHIFT_WEIGHT,0.00022981,-0.00169168,-0.00007845,-0.00655737,0.00023616,0.31521479,-0.01472895,0.00037532,0.01047138,0.02078503,-0.00005023,27.08702386,28.33905114,30.17513335,31.29409396,0.01469722,-0.77043647,1.52811252,0.00181972,-0.77113039,1.50044307,4.32365747,0.00000001
2.16000000,SHIFT_WEIGHT,0.00025674,-0.00162938,-0.00010298,-0.00656517,0.00030498,0.31523285,-0.01473306,0.00043870,0.01052931,0.02077746,-0.00005780,27.13430056,28.48921240,30.05613331,31.25874785,0.01499692,-0.77009457,1.52781957,0.00218725,-0.77053874,1.50001402,4.31150890,0.00000001
2.17000000,SHIFT_WEIGHT,0.00028160,-0.00157285,-0.00012623,-0.00659178,0.00038685,0.31525004,-0.01475467,0.00051424,0.01060801,0.02077029,-0.00006497,27.17336565,28.61354448,29.95641652,31.22987134,0.01534180,-0.76967383,1.52749095,0.00259779,-0.76988772,1.49955350,4.30121367,0.00000001
2.18000000,SHIFT_WEIGHT,0.00030394,-0.00152305,-0.00014722,-0.00663868,0.00048270,0.31526670,-0.01479519,0.00060283,0.01070894,0.02076380,-0.00007146,27.20335763,28.70956389,29.87639038,31.20699758,0.01573390,-0.76917016,1.52712281,0.00305290,-0.76917571,1.49906140,4.29275002,0.00000001
2.19000000,SHIFT_WEIGHT,0.00032342,-0.00148064,-0.00016506,-0.00670712,0.00059338,0.31528304,-0.01485585,0.00070528,0.01083332,0.02075823,-0.00007703,27.22459297,28.77668399,29.81648648,31.19012903,0.01617493,-0.76858043,1.52671233,0.00355404,-0.76840101,1.49853719,4.28613380,0.00000001
2.20000000,SHIFT_WEIGHT,0.00033982,-0.00144596,-0.00017896,-0.00679814,0.00071962,0.31529918,-0.01493764,0.00082228,0.01098219,0.02075372,-0.00008154,27.23812500,28.81572207,29.77701842,31.17953341,0.01666628,-0.76790237,1.52625756,0.00410254,-0.76756186,1.49797997,4.28139521,0.00000001
2.21000000,SHIFT_WEIGHT,0.00035305,-0.00141911,-0.00018832,-0.00691252,0.00086206,0.31531517,-0.01504134,0.00095444,0.01115636,0.02075033,-0.00008493,27.24532023,28.82839545,29.75807050,31.17556182,0.01720911,-0.76713442,1.52575722,0.00469960,-0.76665642,1.49738853,4.27855789,0.00000001
2.22000000,SHIFT_WEIGHT,0.00036310,-0.00140001,-0.00019269,-0.00705085,0.00102120,0.31533099,-0.01516753,0.00110226,0.01135645,0.02074810,-0.00008716,27.24752661,28.81688910,29.75942324,31.17850063,0.01780430,-0.76627559,1.52521046,0.00534633,-0.76568285,1.49676136,4.27762258,0.00000001
2.23000000,SHIFT_WEIGHT,0.00037004,-0.00138845,-0.00019181,-0.00721354,0.00119750,0.31534660,-0.01531662,0.00126615,0.01158291,0.02074698,-0.00008828,27.24586375,28.78353388,29.78052064,31.18846666,0.01845253,-0.76532533,1.52461665,0.00604370,-0.76463935,1.49609681,4.27855643,0.00000001
2.24000000,SHIFT_WEIGHT,0.00037405,-0.00138414,-0.00018557,-0.00740078,0.00139127,0.31536198,-0.01548881,0.00144646,0.01183601,0.02074691,-0.00008835,27.24113214,28.73059963,29.82047897,31.20534885,0.01915426,-0.76428342,1.52397520,0.00679258,-0.76352416,1.49539311,4.28128821,0.00000001
2.25000000,SHIFT_WEIGHT,0.00037530,-0.00138673,-0.00017403,-0.00761264,0.00160281,0.31537712,-0.01568420,0.00164344,0.01211591,0.02074783,-0.00008743,27.23381756,28.66018677,29.87813063,31.22879260,0.01990977,-0.76314987,1.52328543,0.00759372,-0.76233561,1.49464841,4.28570853,0.00000001
2.26000000,SHIFT_WEIGHT,0.00037404,-0.00139584,-0.00015739,-0.00784904,0.00183229,0.31539206,-0.01590270,0.00185728,0.01242265,0.02074965,-0.00008561,27.22415829,28.57418949,29.95209217,31.25821734,0.02071921,-0.76192489,1.52254652,0.00844777,-0.76107214,1.49386086,4.29167404,0.00000002
2.27000000,SHIFT_WEIGHT,0.00037049,-0.00141109,-0.00013592,-0.00810976,0.00207988,0.31540685,-0.01614414,0.00208814,0.01275614,0.02075228,-0.00008298,27.21224295,28.47430260,30.04084432,31.29285576,0.02158260,-0.76060880,1.52175750,0.00935526,-0.75973229,1.49302862,4.29901390,0.00000002
2.28000000,SHIFT_WEIGHT,0.00036491,-0.00143205,-0.00010999,-0.00839449,0.00234567,0.31542161,-0.01640823,0.00233613,0.01311624,0.02075564,-0.00007962,27.19811171,28.36204801,30.14281270,31.33180362,0.02249986,-0.75920205,1.52091725,0.01031663,-0.75831476,1.49214988,4.30753741,0.00000002
2.29000000,SHIFT_WEIGHT,0.00035751,-0.00145830,-0.00007998,-0.00870284,0.00262975,0.31543643,-0.01669459,0.00260130,0.01350272,0.02075966,-0.00007560,27.18184212,28.23880348,30.25644071,31.37407118,0.02347085,-0.75770518,1.52002452,0.01133218,-0.75681833,1.49122286,4.31704174,0.00000002
2.30000000,SHIFT_WEIGHT,0.00034849,-0.00148940,-0.00004628,-0.00903436,0.00293214,0.31545147,-0.01700280,0.00288372,0.01391531,0.02076427,-0.00007099,27.16360887,28.10582364,30.38024940,31.41863026,0.02449539,-0.75611880,1.51907801,0.01240216,-0.75524198,1.49024586,4.32731894,0.00000002
2.31000000,SHIFT_WEIGHT,0.00033801,-0.00152492,-0.00000926,-0.00938852,0.00325289,0.31546686,-0.01733237,0.00318341,0.01435371,0.02076940,-0.00006586,27.14371414,27.96424935,30.51288211,31.46445387,0.02557327,-0.75444358,1.51807634,0.01352668,-0.75358479,1.48921725,4.33816216,0.00000002
2.32000000,SHIFT_WEIGHT,0.00032619,-0.00156442,0.00003074,-0.00976478,0.00359201,0.31548273,-0.01768278,0.00350038,0.01481758,0.02077500,-0.00006026,27.12259091,27.81510632,30.65313401,31.51054761,0.02670427,-0.75268029,1.51701814,0.01470577,-0.75184601,1.48813548,4.34937069,0.00000002
2.33000000,SHIFT_WEIGHT,0.00031311,-0.00160746,0.00007348,-0.01016257,0.00394949,0.31549921,-0.01805348,0.00383464,0.01530656,0.02078101,-0.00005425,27.10078463,27.65929649,30.79996846,31.55597335,0.02788819,-0.75082968,1.51590204,0.01593936,-0.75002501,1.48699911,4.36075418,0.00000002
2.34000000,SHIFT_WEIGHT,0.00029881,-0.00165363,0.00011874,-0.01058134,0.00432534,0.31551642,-0.01844393,0.00418617,0.01582031,0.02078739,-0.00004787,27.07892036,27.49758680,30.95252267,31.59986687,0.02912480,-0.74889258,1.51472670,0.01722727,-0.74812135,1.48580680,4.37213597,0.00000002
2.35000000,SHIFT_WEIGHT,0.00028329,-0.00170255,0.00016641,-0.01102051,0.00471954,0.31553446,-0.01885359,0.00455498,0.01635847,0.02079409,-0.00004117,27.05766251,27.33059964,31.11010546,31.64145093,0.03041390,-0.74686980,1.51349082,0.01856927,-0.74613473,1.48455731,4.38335579,0.00000003
2.36000000,SHIFT_WEIGHT,0.00026653,-0.00175386,0.00021643,-0.01147955,0.00513208,0.31555341,-0.01928194,0.00494103,0.01692068,0.02080107,-0.00003419,27.03767314,27.15880810,31.27218957,31.68004511,0.03175527,-0.74476216,1.51219315,0.01996500,-0.74406499,1.48324952,4.39427199,0.00000003
2.37000000,SHIFT_WEIGHT,0.00024845,-0.00180726,0.00026882,-0.01195795,0.00556291,0.31557333,-0.01972849,0.00534429,0.01750662,0.02080832,-0.00002694,27.01957343,26.98253788,31.43840062,31.71507354,0.03314866,-0.74257047,1.51083248,0.02141403,-0.74191214,1.48188246,4.40476325,0.00000003
2.38000000,SHIFT_WEIGHT,0.00022897,-0.00186248,0.00032366,-0.01245522,0.00601199,0.31559429,-0.02019275,0.00576473,0.01811595,0.02081580,-0.00001946,27.00391127,26.80197598,31.60850408,31.74607075,0.03459382,-0.74029553,1.50940768,0.02291586,-0.73967633,1.48045525,4.41981314,0.00000003
2.39000000,SHIFT_WEIGHT,0.00020801,-0.00191931,0.00038106,-0.01297093,0.00647927,0.31561630,-0.02067432,0.00620227,0.01874836,0.02082350,-0.00001176,26.99113643,26.61718559,31.78239123,31.77268592,0.03609042,-0.73793809,1.50791772,0.02446988,-0.73735787,1.47896715,4.45160227,0.00000003
2.40000000,SHIFT_WEIGHT,0.00018544,-0.00197760,0.00044118,-0.01350470,0.00696468,0.31563938,-0.02117281,0.00665684,0.01940357,0.02083140,-0.00000386,26.98158376,26.42812535,31.96006479,31.79468517,0.03763808,-0.73549890,1.50636163,0.02607543,-0.73495721,1.47741752,4.48411086,0.00000003
2.41000000,SHIFT_WEIGHT,0.00016117,-0.00203724,0.00050419,-0.01405618,0.00746810,0.31566355,-0.02168788,0.00712835,0.02008129,0.02083950,0.00000424,26.97546393,26.23467121,32.14162438,31.81195158,0.03923637,-0.73297867,1.50473855,0.02773175,-0.73247493,1.47580587,4.51735405,0.00000003
2.42000000,SHIFT_WEIGHT,0.00013507,-0.00209820,0.00057027,-0.01462507,0.00798942,0.31568877,-0.02221923,0.00761668,0.02078125,0.02084779,0.00001253,26.97286084,26.03663888,32.32725198,31.82448268,0.04088473,-0.73037810,1.50304772,0.02943803,-0.72991174,1.47413176,4.55136485,0.00000004
2.43000000,SHIFT_WEIGHT,0.00010705,-0.00216045,0.00063958,-0.01521111,0.00852849,0.31571504,-0.02276660,0.00812169,0.02150319,0.02085629,0.00002103,26.97373472,25.83380529,32.51719755,31.83238518,0.04258253,-0.72769789,1.50128850,0.03119336,-0.72726850,1.47239492,4.58619136,0.00000004
2.44000000,SHIFT_WEIGHT,0.00007702,-0.00222407,0.00071229,-0.01581409,0.00908514,0.31574229,-0.02332979,0.00864321,0.02224684,0.02086499,0.00002973,26.97792970,25.62592788,32.71176487,31.83586689,0.04432904,-0.72493873,1.49946039,0.03299680,-0.72454616,1.47059511,4.62189405,0.00000004
2.45000000,SHIFT_WEIGHT,0.00004491,-0.00228912,0.00078854,-0.01643382,0.00965915,0.31577049,-0.02390861,0.00918103,0.02301196,0.02087390,0.00003864,26.98518502,25.41276088,32.91129766,31.83522599,0.04612340,-0.72210134,1.49756299,0.03484731,-0.72174580,1.46873224,4.65854296,0.00000004
2.46000000,SHIFT_WEIGHT,0.00001065,-0.00235574,0.00086842,-0.01707017,0.01025030,0.31579955,-0.02450290,0.00973495,0.02379828,0.02088303,0.00004777,26.99514884,25.19406835,33.11616618,31.83083804,0.04796465,-0.71918644,1.49559605,0.03674380,-0.71886861,1.46680626,4.69621495,0.00000004
2.47000000,SHIFT_WEIGHT,-0.00002580,-0.00242408,0.00095200,-0.01772299,0.01085831,0.31582942,-0.02511253,0.01030469,0.02460554,0.02089239,0.00005713,27.00739402,24.96963405,33.32675454,31.82314125,0.04985171,-0.71619482,1.49355945,0.03868513,-0.71591589,1.46481722,4.73499115,0.00000004
2.48000000,SHIFT_WEIGHT,-0.00006448,-0.00249432,0.00103933,-0.01839218,0.01148289,0.31585999,-0.02573739,0.01088999,0.02543347,0.02090199,0.00006673,27.02143504,24.73926842,33.54344869,31.81262039,0.05178341,-0.71312731,1.49145317,0.04067009,-0.71288901,1.46276526,4.77495441,0.00000004
2.49000000,SHIFT_WEIGHT,-0.00010540,-0.00256666,0.00113040,-0.01907763,0.01212372,0.31589118,-0.02637738,0.01149054,0.02628178,0.02091184,0.00007658,27.03674568,24.50281315,33.76662551,31.79979027,0.05375845,-0.70998481,1.48927733,0.04269741,-0.70978947,1.46065057,4.81618698,0.00000005
2.50000000,SHIFT_WEIGHT,-0.00014856,-0.00264131,0.00122519,-0.01977924,0.01278044,0.31592288,-0.02703239,0.01210600,0.02715015,0.02092194,0.00008668,27.05277663,24.26014396,33.99664288,31.78517916,0.05577544,-0.70676832,1.48703216,0.04476578,-0.70661884,1.45847344,4.85876845,0.00000005
2.51000000,SHIFT_WEIGHT,-0.00019398,-0.00271847,0.00132365,-0.02049690,0.01345267,0.31595500,-0.02770231,0.01273601,0.02803827,0.02093231,0.00009705,27.06897266,24.01117195,34.23383102,31.76931286,0.05783292,-0.70347893,1.48471800,0.04687383,-0.70337879,1.45623421,4.90277377,0.00000005
2.52000000,SHIFT_WEIGHT,-0.00024163,-0.00279838,0.00142569,-0.02123048,0.01414002,0.31598742,-0.02838702,0.01338018,0.02894579,0.02094294,0.00010768,27.08478881,23.75584408,34.47848490,31.75269987,0.05992933,-0.70011783,1.48233527,0.04902015,-0.70007105,1.45393329,4.94827166,0.00000005
2.53000000,SHIFT_WEIGHT,-0.00029149,-0.00288124,0.00153123,-0.02197985,0.01484204,0.31602005,-0.02908638,0.01403813,0.02987231,0.02095384,0.00011858,27.09970512,23.49414320,34.73085799,31.73581811,0.06206304,-0.69668633,1.47988450,0.05120327,-0.69669746,1.45157119,4.99532311,0.00000005
2.54000000,SHIFT_WEIGHT,-0.00034356,-0.00296726,0.00164014,-0.02274483,0.01555831,0.31605276,-0.02980024,0.01470942,0.03081744,0.02096502,0.00012976,27.11323951,23.22608767,34.99115714,31.71910353,0.06423236,-0.69318590,1.47736630,0.05342171,-0.69325992,1.44914846,5.04398022,0.00000005
2.55000000,SHIFT_WEIGHT,-0.00039781,-0.00305663,0.00175232,-0.02352522,0.01628835,0.31608546,-0.03052840,0.01539361,0.03178074,0.02097647,0.00014121,27.12495851,22.95173097,35.25953857,31.70294080,0.06643555,-0.68961810,1.47478135,0.05567391,-0.68976039,1.44666572,5.09428524,0.00000005
2.56000000,SHIFT_WEIGHT,-0.00045423,-0.00314951,0.00186766,-0.02432078,0.01703168,0.31611805,-0.03127064,0.01609026,0.03276174,0.02098819,0.00015293,27.13448562,22.67116127,35.53610500,31.68765616,0.06867082,-0.68598468,1.47213040,0.05795829,-0.68620094,1.44412368,5.14626983,0.00000006
2.57000000,SHIFT_WEIGHT,-0.00051281,-0.00324607,0.00198602,-0.02513124,0.01778781,0.31615042,-0.03202669,0.01679889,0.03375993,0.02100019,0.00016493,27.14150717,22.38450087,35.82090373,31.67351260,0.07093633,-0.68228750,1.46941428,0.06027325,-0.68258367,1.44152310,5.19995456,0.00000006
2.58000000,SHIFT_WEIGHT,-0.00057352,-0.00334642,0.00210732,-0.02595627,0.01855624,0.31618249,-0.03279626,0.01751902,0.03477477,0.02101244,0.00017718,27.14579157,22.09101185,36.11390005,31.66072304,0.07323024,-0.67852853,1.46663376,0.06261714,-0.67891076,1.43886482,5.25534606,0.00000006
2.59000000,SHIFT_WEIGHT,-0.00063630,-0.00345062,0.00223142,-0.02679551,0.01933644,0.31621416,-0.03357899,0.01825016,0.03580569,0.02102484,0.00018958,27.14735832,21.78949790,36.41480288,31.64956176,0.07555063,-0.67470965,1.46378921,0.06498827,-0.67518440,1.43614964,5.31242027,0.00000006
2.60000000,SHIFT_WEIGHT,-0.00070101,-0.00355865,0.00235822,-0.02764852,0.02012786,0.31624533,-0.03437451,0.01899180,0.03685205,0.02103723,0.00020197,27.14646778,21.48082265,36.72327476,31.64030534,0.07789555,-0.67083293,1.46088116,0.06738493,-0.67140675,1.43337828,5.37114291,0.00000006
2.61000000,SHIFT_WEIGHT,-0.00076753,-0.00367043,0.00248757,-0.02851485,0.02092996,0.31627589,-0.03518235,0.01974341,0.03791320,0.02104949,0.00021423,27.14335573,21.16622440,37.03910376,31.63314701,0.08026297,-0.66690080,1.45791061,0.06980538,-0.66758006,1.43055153,5.43148354,0.00000006
2.62000000,SHIFT_WEIGHT,-0.00083582,-0.00378590,0.00261932,-0.02939397,0.02174216,0.31630575,-0.03600204,0.02050446,0.03898844,0.02106155,0.00022629,27.13811085,20.84677565,37.36211269,31.62816960,0.08265083,-0.66291593,1.45487888,0.07224787,-0.66370665,1.42767036,5.49340643,0.00000006
2.63000000,SHIFT_WEIGHT,-0.00090585,-0.00390504,0.00275335,-0.03028532,0.02256388,0.31633482,-0.03683305,0.02127440,0.04007704,0.02107337,0.00023811,27.13067438,20.52329506,37.69207797,31.62532095,0.08505706,-0.65888124,1.45178741,0.07471060,-0.65978895,1.42473588,5.55686446,0.00000006
2.64000000,SHIFT_WEIGHT,-0.00097761,-0.00402782,0.00288952,-0.03118829,0.02339456,0.31636306,-0.03767482,0.02205268,0.04117824,0.02108494,0.00024968,27.12089474,20.19637200,38.02869758,31.62441312,0.08747958,-0.65479975,1.44863773,0.07719180,-0.65582947,1.42174936,5.62179795,0.00000006
2.65000000,SHIFT_WEIGHT,-0.00105114,-0.00415425,0.00302776,-0.03210225,0.02423360,0.31639044,-0.03852675,0.02283875,0.04229126,0.02109628,0.00026102,27.10859552,19.86642870,38.37159550,31.62514615,0.08991636,-0.65067461,1.44543138,0.07968964,-0.65183081,1.41871221,5.68813665,0.00000007
2.66000000,SHIFT_WEIGHT,-0.00112646,-0.00428431,0.00316798,-0.03302653,0.02508042,0.31641694,-0.03938821,0.02363208,0.04341533,0.02110739,0.00027213,27.09363440,19.53378995,38.72034420,31.62714398,0.09236539,-0.64650901,1.44216990,0.08220231,-0.64779562,1.41562595,5.75580305,0.00000007
2.67000000,SHIFT_WEIGHT,-0.00120362,-0.00441797,0.00331016,-0.03396045,0.02593446,0.31644256,-0.04025856,0.02443210,0.04454963,0.02111831,0.00028305,27.07594310,19.19874404,39.07449101,31.62999073,0.09482467,-0.64230625,1.43885487,0.08472797,-0.64372660,1.41249219,5.82471574,0.00000007
2.68000000,SHIFT_WEIGHT,-0.00128267,-0.00455519,0.00345429,-0.03490327,0.02679513,0.31646733,-0.04113711,0.02523829,0.04569334,0.02112906,0.00029380,27.05554574,18.86158653,39.43358028,31.63326027,0.09729224,-0.63806966,1.43548793,0.08726479,-0.63962651,1.40931263,5.89479214,0.00000007
2.69000000,SHIFT_WEIGHT,-0.00136367,-0.00469590,0.00360037,-0.03585425,0.02766186,0.31649125,-0.04202317,0.02605009,0.04684561,0.02113966,0.00030440,27.03255797,18.52264472,39.79716811,31.63653662,0.09976616,-0.63380263,1.43207079,0.08981092,-0.63549813,1.40608908,5.96595036,0.00000007
2.70000000,SHIFT_WEIGHT,-0.00144668,-0.00484000,0.00374845,-0.03681265,0.02853406,0.31651435,-0.04291604,0.02686695,0.04800561,0.02115013,0.00031487,27.00717156,18.18228494,40.16482985,31.63942616,0.10224451,-0.62950863,1.42860526,0.09236450,-0.63134431,1.40282340,6.03811023,0.00000007
2.71000000,SHIFT_WEIGHT,-0.00153177,-0.00498740,0.00389856,-0.03777768,0.02941117,0.31653663,-0.04381498,0.02768835,0.04917246,0.02116048,0.00032522,26.97963046,17.84090718,40.53616192,31.64156372,0.10472539,-0.62519113,1.42509323,0.09492370,-0.62716790,1.39951756,6.11119372,0.00000007
2.72000000,SHIFT_WEIGHT,-0.00161900,-0.00513796,0.00405077,-0.03874856,0.03029260,0.31655811,-0.04471926,0.02851373,0.05034531,0.02117074,0.00033548,26.95020380,17.49893266,40.91078018,31.64261505,0.10720693,-0.62085367,1.42153673,0.09748666,-0.62297181,1.39617361,6.18512492,0.00000007
2.73000000,SHIFT_WEIGHT,-0.00170842,-0.00529156,0.00420511,-0.03972451,0.03117777,0.31657881,-0.04562814,0.02934254,0.05152327,0.02118089,0.00034563,26.91916052,17.15678916,41.28831681,31.64227777,0.10968727,-0.61649978,1.41793788,0.10005153,-0.61875897,1.39279368,6.25983000,0.00000007
2.74000000,SHIFT_WEIGHT,-0.00180009,-0.00544807,0.00436164,-0.04070474,0.03206610,0.31659872,-0.04654089,0.03017424,0.05270548,0.02119096,0.00035570,26.88674854,16.81489774,41.66841709,31.64028199,0.11216454,-0.61213303,1.41429895,0.10261647,-0.61453235,1.38938000,6.33523700,0.00000007
2.75000000,SHIFT_WEIGHT,-0.00189406,-0.00560737,0.00452041,-0.04168847,0.03295699,0.31661785,-0.04745678,0.03100827,0.05389105,0.02120094,0.00036568,26.85318010,16.47366290,42.05073712,31.63639149,0.11463692,-0.60775696,1.41062226,0.10517965,-0.61029494,1.38593491,6.41127586,0.00000007
2.76000000,SHIFT_WEIGHT,-0.00199035,-0.00576932,0.00468142,-0.04267491,0.03384987,0.31663622,-0.04837507,0.03184408,0.05507910,0.02121085,0.00037559,26.81862322,16.13346688,42.43494269,31.63040526,0.11710259,-0.60337511,1.40691030,0.10773923,-0.60604976,1.38246080,6.48787847,0.00000007
2.77000000,SHIFT_WEIGHT,-0.00208901,-0.00593383,0.00484471,-0.04366331,0.03474412,0.31665381,-0.04929505,0.03268112,0.05626877,0.02122067,0.00038541,26.78319873,15.79466743,42.82070934,31.62215942,0.11955973,-0.59899098,1.40316561,0.11029341,-0.60179987,1.37896019,6.56497885,0.00000007
2.78000000,SHIFT_WEIGHT,-0.00219004,-0.00610077,0.00501024,-0.04465290,0.03563915,0.31667065,-0.05021601,0.03351881,0.05745919,0.02123043,0.00039517,26.74698159,15.45759829,43.20772340,31.61152891,0.12200654,-0.59460805,1.39939086,0.11284039,-0.59754833,1.37543568,6.64251347,0.00000007
2.79000000,SHIFT_WEIGHT,-0.00229345,-0.00627006,0.00517801,-0.04564294,0.03653437,0.31668672,-0.05113725,0.03435661,0.05864948,0.02124011,0.00040485,26.71000509,15.12257092,43.59568344,31.59842859,0.12444123,-0.59022976,1.39558881,0.11537838,-0.59329823,1.37188995,6.72042147,0.00000007
2.80000000,SHIFT_WEIGHT,-0.00239923,-0.00644159,0.00534796,-0.04663270,0.03742916,0.31670203,-0.05205810,0.03519395,0.05983881,0.02124972,0.00041446,26.67226674,14.78987664,43.98430186,31.58281331,0.12686204,-0.58585952,1.39176232,0.11790562,-0.58905268,1.36832577,6.79864493,0.00000008
2.81000000,SHIFT_WEIGHT,-0.00250736,-0.00661530,0.00552002,-0.04762148,0.03832291,0.31671657,-0.05297790,0.03603025,0.06102631,0.02125927,0.00042401,26.63373481,14.45978836,44.37330623,31.56467693,0.12926721,-0.58150068,1.38791434,0.12042036,-0.58481479,1.36474600,6.87712903,0.00000008
2.82000000,SHIFT_WEIGHT,-0.00261783,-0.00679112,0.00569412,-0.04860857,0.03921502,0.31673034,-0.05389599,0.03686495,0.06221116,0.02126875,0.00043349,26.59435504,14.13256163,44.76244004,31.54405014,0.13165500,-0.57715656,1.38404791,0.12292086,-0.58058770,1.36115356,6.95582216,0.00000008
2.83000000,SHIFT_WEIGHT,-0.00273058,-0.00696897,0.00587014,-0.04959331,0.04010488,0.31674333,-0.05481176,0.03769749,0.06339252,0.02127817,0.00044291,26.55405677,13.80843495,45.15146293,31.52099729,0.13402371,-0.57283041,1.38016616,0.12540544,-0.57637453,1.35755146,7.03467586,0.00000008
2.84000000,SHIFT_WEIGHT,-0.00284557,-0.00714880,0.00604799,-0.05057503,0.04099188,0.31675554,-0.05572458,0.03852730,0.06456957,0.02128753,0.00045227,26.51275873,13.48762955,45.54015020,31.49561236,0.13637164,-0.56852547,1.37627232,0.12787241,-0.57217841,1.35394278,7.11364468,0.00000008
2.85000000,SHIFT_WEIGHT,-0.00296276,-0.00733056,0.00622753,-0.05155308,0.04187542,0.31676694,-0.05663387,0.03935381,0.06574152,0.02129683,0.00046157,26.47037406,13.17034907,45.92829167,31.46801454,0.13869716,-0.56424492,1.37236966,0.13032012,-0.56800249,1.35033067,7.19268597,0.00000008
2.86000000,SHIFT_WEIGHT,-0.00308208,-0.00751421,0.00640862,-0.05252684,0.04275488,0.31677754,-0.05753903,0.04017645,0.06690757,0.02130607,0.00047082,26.42681478,12.85677926,46.31569006,31.43834341,0.14099862,-0.55999188,1.36846155,0.13274695,-0.56384988,1.34671832,7.27175951,0.00000007
2.87000000,SHIFT_WEIGHT,-0.00320347,-0.00769969,0.00659113,-0.05349570,0.04362966,0.31678730,-0.05843950,0.04099469,0.06806692,0.02131526,0.00048000,26.38199570,12.54708812,46.70215886,31.40675423,0.14327446,-0.55576944,1.36455141,0.13515130,-0.55972370,1.34310900,7.35082714,0.00000007
2.88000000,SHIFT_WEIGHT,-0.00332686,-0.00788697,0.00677491,-0.05445905,0.04449918,0.31679621,-0.05933473,0.04180795,0.06921883,0.02132439,0.00048913,26.33583773,12.24142654,47.08751996,31.37341338,0.14552313,-0.55158066,1.36064272,0.13753160,-0.55562706,1.33950602,7.42985230,0.00000007
2.89000000,SHIFT_WEIGHT,-0.00345218,-0.00807601,0.00695980,-0.05541630,0.04536284,0.31680425,-0.06022419,0.04261569,0.07036251,0.02133347,0.00049821,26.28827069,11.93992956,47.47160104,31.33849413,0.14774311,-0.54742854,1.35673899,0.13988634,-0.55156305,1.33591274,7.50879955,0.00000007
2.90000000,SHIFT_WEIGHT,-0.00357934,-0.00826675,0.00714565,-0.05636688,0.04622006,0.31681141,-0.06110733,0.04341736,0.07149723,0.02134249,0.00050723,26.23923556,11.64271810,47.85423282,31.30217289,0.14993296,-0.54331603,1.35284379,0.14221400,-0.54753471,1.33233256,7.58763407,0.00000007
2.91000000,SHIFT_WEIGHT,-0.00370828,-0.00845915,0.00733230,-0.05731022,0.04707025,0.31681766,-0.06198364,0.04421245,0.07262225,0.02135147,0.00051621,26.18868621,11.34990111,48.23524632,31.26462590,0.15209126,-0.53924608,1.34896071,0.14451313,-0.54354510,1.32876888,7.66632114,0.00000007
2.92000000,SHIFT_WEIGHT,-0.00383890,-0.00865317,0.00751961,-0.05824577,0.04791286,0.31682299,-0.06285261,0.04500040,0.07373684,0.02136039,0.00052513,26.13659066,11.06157799,48.61447018,31.22602649,0.15421665,-0.53522155,1.34509337,0.14678231,-0.53959722,1.32522517,7.74482566,0.00000007
2.93000000,SHIFT_WEIGHT,-0.00397113,-0.00884874,0.00770742,-0.05917298,0.04874732,0.31682738,-0.06371374,0.04578072,0.07484030,0.02136926,0.00053400,26.08293177,10.77784105,48.99172811,31.18654276,0.15630781,-0.53124528,1.34124540,0.14902015,-0.53569402,1.32170487,7.82311169,0.00000007
2.94000000,SHIFT_WEIGHT,-0.00410487,-0.00904581,0.00789557,-0.06009130,0.04957308,0.31683081,-0.06456653,0.04655288,0.07593191,0.02137807,0.00054282,26.02770757,10.49877803,49.36683650,31.14633582,0.15836347,-0.52732008,1.33742045,0.15122529,-0.53183844,1.31821145,7.90114197,0.00000007
2.95000000,SHIFT_WEIGHT,-0.00424002,-0.00924430,0.00808393,-0.06100020,0.05038960,0.31683328,-0.06541050,0.04731638,0.07701098,0.02138684,0.00055158,25.97093117,10.22447430,49.73960235,31.10555843,0.16038243,-0.52344870,1.33362216,0.15339644,-0.52803335,1.31474837,7.97887761,0.00000007
2.96000000,SHIFT_WEIGHT,-0.00437649,-0.00944413,0.00827233,-0.06189915,0.05119634,0.31683477,-0.06624517,0.04807074,0.07807684,0.02139556,0.00056030,25.91263041,9.95501492,50.10982144,31.06435412,0.16236352,-0.51963384,1.32985416,0.15553232,-0.52428158,1.31131906,8.05627768,0.00000007
2.97000000,SHIFT_WEIGHT,-0.00451417,-0.00964523,0.00846064,-0.06278763,0.05199280,0.31683528,-0.06707006,0.04881547,0.07912882,0.02140423,0.00056897,25.85284725,9.69048624,50.47727682,31.02285663,0.16430565,-0.51587816,1.32612007,0.15763171,-0.52058589,1.30792696,8.13329900,0.00000007
2.98000000,SHIFT_WEIGHT,-0.00465296,-0.00984748,0.00864871,-0.06366511,0.05277845,0.31683481,-0.06788469,0.04955010,0.08016626,0.02141285,0.00057759,25.79163700,9.43097728,50.84173779,30.98118968,0.16620774,-0.51218426,1.32242349,0.15969343,-0.51694898,1.30457545,8.20989591,0.00000007
2.99000000,SHIFT_WEIGHT,-0.00479273,-0.01005079,0.00883638,-0.06453109,0.05355281,0.31683335,-0.06868860,0.05027417,0.08118850,0.02142141,0.00058615,25.72906748,9.17658060,51.20295910,30.93946714,0.16806882,-0.50855469,1.31876799,0.16171634,-0.51337350,1.30126789,8.28602012,0.00000007
3.00000000,SHIFT_WEIGHT,-0.00493337,-0.01025504,0.00902352,-0.06538504,0.05431538,0.31683093,-0.06948132,0.05098723,0.08219492,0.02142992,0.00059466,25.66521816,8.92739288,51.56068065,30.89779334,0.16988793,-0.50499193,1.31515709,0.16369935,-0.50986200,1.29800756,8.36162066,0.00000006
3.01000000,SHIFT_WEIGHT,-0.00507475,-0.01046008,0.00920997,-0.06622648,0.05506569,0.31682754,-0.07026240,0.05168885,0.08318489,0.02143837,0.00060311,25.60017926,8.68351512,51.91462752,30.85626366,0.17166420,-0.50149840,1.31159428,0.16564142,-0.50641697,1.29479770,8.43664391,0.00000006
3.02000000,SHIFT_WEIGHT,-0.00521673,-0.01066580,0.00939558,-0.06705488,0.05580328,0.31682321,-0.07103139,0.05237859,0.08415780,0.02144675,0.00061149,25.53405091,8.44505255,52.26451038,30.81496522,0.17339679,-0.49807643,1.30808297,0.16754156,-0.50304080,1.29164149,8.51103361,0.00000006
3.03000000,SHIFT_WEIGHT,-0.00535916,-0.01087202,0.00958020,-0.06786977,0.05652771,0.31681796,-0.07178783,0.05305605,0.08511306,0.02145507,0.00061981,25.46694229,8.21211428,52.61002617,30.77397783,0.17508495,-0.49472829,1.30462653,0.16939880,-0.49973581,1.28854201,8.58473099,0.00000006
3.04000000,SHIFT_WEIGHT,-0.00550191,-0.01107859,0.00976367,-0.06867065,0.05723854,0.31681181,-0.07253128,0.05372082,0.08605008,0.02146333,0.00062807,25.39897095,7.98481271,52.95085916,30.73337483,0.17672796,-0.49145616,1.30122823,0.17121227,-0.49650421,1.28550226,8.65767498,0.00000006
3.05000000,SHIFT_WEIGHT,-0.00564480,-0.01128533,0.00994583,-0.06945704,0.05793534,0.31680480,-0.07326130,0.05437251,0.08696829,0.02147150,0.00063624,25.33026194,7.76326280,53.28668215,30.69322418,0.17832518,-0.48826212,1.29789128,0.17298110,-0.49334812,1.28252515,8.72980237,0.00000006
3.06000000,SHIFT_WEIGHT,-0.00578767,-0.01149206,0.01012652,-0.07022847,0.05861772,0.31679696,-0.07397748,0.05501076,0.08786715,0.02147959,0.00064433,25.26094720,7.54758120,53.61715794,30.65358938,0.17987602,-0.48514815,1.29461878,0.17470451,-0.49026955,1.27961348,8.80104811,0.00000006
3.07000000,SHIFT_WEIGHT,-0.00593036,-0.01169858,0.01030557,-0.07098448,0.05928529,0.31678832,-0.07467937,0.05563519,0.08874613,0.02148760,0.00065234,25.19116475,7.33788536,53.94194092,30.61453052,0.18137996,-0.48211615,1.29141375,0.17638175,-0.48727040,1.27676992,8.87134555,0.00000006
3.08000000,SHIFT_WEIGHT,-0.00607268,-0.01190469,0.01048282,-0.07172461,0.05993766,0.31677895,-0.07536658,0.05624547,0.08960470,0.02149551,0.00066025,25.12105803,7.13429256,54.26067880,30.57610518,0.18283654,-0.47916786,1.28827908,0.17801215,-0.48435248,1.27399704,8.94062673,0.00000005
3.09000000,SHIFT_WEIGHT,-0.00621445,-0.01211018,0.01065808,-0.07244842,0.06057449,0.31676888,-0.07603870,0.05684127,0.09044239,0.02150331,0.00066805,25.05077534,6.93693717,54.57301421,30.53836911,0.18424536,-0.47630496,1.28521757,0.17959506,-0.48151743,1.27129727,9.00882270,0.00000005
3.10000000,SHIFT_WEIGHT,-0.00635548,-0.01231482,0.01083118,-0.07315548,0.06119542,0.31675816,-0.07669534,0.05742227,0.09125870,0.02151102,0.00067576,24.98046935,6.74611727,54.87860709,30.50136353,0.18560613,-0.47352895,1.28223191,0.18112992,-0.47876683,1.26867290,9.07586621,0.00000005
3.11000000,SHIFT_WEIGHT,-0.00649559,-0.01251839,0.01100193,-0.07384537,0.06180015,0.31674685,-0.07733613,0.05798817,0.09205320,0.02151865,0.00068339,24.91027784,6.56180682,55.17716483,30.46511824,0.18691865,-0.47084118,1.27932470,0.18261621,-0.47610209,1.26612611,9.14169514,0.00000005
3.12000000,SHIFT_WEIGHT,-0.00663461,-0.01272067,0.01117017,-0.07451771,0.06238836,0.31673501,-0.07796069,0.05853869,0.09282546,0.02152622,0.00069096,24.84034391,6.38388979,55.46835292,30.42968833,0.18818279,-0.46824286,1.27649830,0.18405348,-0.47352454,1.26365893,9.20624239,0.00000005
3.13000000,SHIFT_WEIGHT,-0.00677233,-0.01292142,0.01133569,-0.07517209,0.06295977,0.31672271,-0.07856868,0.05907357,0.09357507,0.02153373,0.00069847,24.77083847,6.21237771,55.75179533,30.39514268,0.18939846,-0.46573503,1.27375493,0.18544135,-0.47103532,1.26127321,9.26943648,0.00000005
3.14000000,SHIFT_WEIGHT,-0.00690854,-0.01312040,0.01149832,-0.07580817,0.06351410,0.31670999,-0.07915977,0.05959255,0.09430166,0.02154117,0.00070591,24.70195283,6.04736801,56.02710767,30.36155847,0.19056563,-0.46331864,1.27109661,0.18677946,-0.46863544,1.25897059,9.33120520,0.00000004
3.15000000,SHIFT_WEIGHT,-0.00704301,-0.01331733,0.01165786,-0.07642558,0.06405112,0.31669693,-0.07973363,0.06009542,0.09495997,0.02154854,0.00071328,24.63388235,5.88899450,56.29391346,30.32902006,0.19168430,-0.46099448,1.26852524,0.18806757,-0.46632576,1.25675252,9.39147712,0.00000004
3.16000000,SHIFT_WEIGHT,-0.00717551,-0.01351196,0.01181412,-0.07702399,0.06457059,0.31668359,-0.08028996,0.06058195,0.09437537,0.02155580,0.00072054,24.56681325,5.73739818,56.55184758,30.29761557,0.19275455,-0.45876320,1.26604255,0.18930546,-0.46410696,1.25462026,9.45018200,0.00000004
3.17000000,SHIFT_WEIGHT,-0.00730581,-0.01370399,0.01196690,-0.07760311,0.06507230,0.31667003,-0.08082849,0.06105195,0.09380824,0.02156294,0.00072768,24.50091587,5.59271386,56.80055481,30.26743216,0.19377649,-0.45662533,1.26365010,0.19049300,-0.46197959,1.25257489,9.50725070,0.00000004
3.18000000,SHIFT_WEIGHT,-0.00743368,-0.01389318,0.01211600,-0.07816265,0.06555608,0.31665632,-0.08134894,0.06150526,0.09325891,0.02156993,0.00073467,24.43634302,5.45506576,57.03968817,30.23855203,0.19475032,-0.45458122,1.26134923,0.19163012,-0.45994403,1.25061729,9.56261519,0.00000004
3.19000000,SHIFT_WEIGHT,-0.00755887,-0.01407924,0.01226122,-0.07870233,0.06602175,0.31664253,-0.08185108,0.06194172,0.09272766,0.02157676,0.00074150,24.37323162,5.32456756,57.26890880,30.21104998,0.19567628,-0.45263108,1.25914115,0.19271681,-0.45800051,1.24874813,9.61620864,0.00000004
3.20000000,SHIFT_WEIGHT,-0.00768116,-0.01426191,0.01240236,-0.07922194,0.06646918,0.31662872,-0.08233470,0.06236120,0.09221477,0.02158340,0.00074814,24.31170564,5.20132391,57.48788732,30.18499257,0.19655469,-0.45077494,1.25702680,0.19375316,-0.45614909,1.24696788,9.66796577,0.00000003
3.21000000,SHIFT_WEIGHT,-0.00780031,-0.01444093,0.01253922,-0.07972125,0.06689826,0.31661496,-0.08279959,0.06276361,0.09172049,0.02158982,0.00075456,24.25187940,5.08543226,57.69630619,30.16043802,0.19738591,-0.44901270,1.25500696,0.19473931,-0.45438965,1.24527683,9.71782325,0.00000003
3.22000000,SHIFT_WEIGHT,-0.00791611,-0.01461605,0.01267162,-0.08020010,0.06730891,0.31660133,-0.08324560,0.06314886,0.09124503,0.02159601,0.00076075,24.19386044,4.97698426,57.89386233,30.13743651,0.19817040,-0.44734406,1.25308219,0.19567549,-0.45272191,1.24367501,9.76572003,0.00000003
3.23000000,SHIFT_WEIGHT,-0.00802832,-0.01478699,0.01279938,-0.08065833,0.06770107,0.31658790,-0.08367257,0.06351690,0.09078860,0.02160194,0.00076668,24.13775170,4.87606654,58.08026964,30.11603042,0.19890866,-0.44576857,1.25125280,0.19656200,-0.45114540,1.24216227,9.81159784,0.00000003
3.24000000,SHIFT_WEIGHT,-0.00813674,-0.01495352,0.01292231,-0.08109583,0.06807472,0.31657473,-0.08408041,0.06386771,0.09035135,0.02160759,0.00077233,24.08365290,4.78276097,58.25526115,30.09625440,0.19960127,-0.44428563,1.24951893,0.19739921,-0.44965949,1.24073820,9.85540139,0.00000003
3.25000000,SHIFT_WEIGHT,-0.00824117,-0.01511539,0.01304027,-0.08151250,0.06842986,0.31656190,-0.08446903,0.06420129,0.08993343,0.02161294,0.00077768,24.03166113,4.69714451,58.41859078,30.07813531,0.20024887,-0.44289444,1.24788046,0.19818759,-0.44826334,1.23940221,9.89707875,0.00000003
3.26000000,SHIFT_WEIGHT,-0.00834140,-0.01527236,0.01315309,-0.08190830,0.06876653,0.31654947,-0.08483838,0.06451768,0.08953493,0.02161796,0.00078270,23.98187072,4.61928876,58.57003468,30.06169203,0.20085218,-0.44159405,1.24633705,0.19892769,-0.44695596,1.23815346,9.93658154,0.00000002
3.27000000,SHIFT_WEIGHT,-0.00843727,-0.01542420,0.01326065,-0.08228321,0.06908481,0.31653752,-0.08518843,0.06481693,0.08915593,0.02162263,0.00078737,23.93437270,4.54925939,58.70939220,30.04693533,0.20141199,-0.44038332,1.24488812,0.19962014,-0.44573614,1.23699086,9.97386506,0.00000002
3.28000000,SHIFT_WEIGHT,-0.00852859,-0.01557069,0.01336283,-0.08263725,0.06938479,0.31652612,-0.08551920,0.06509914,0.08879647,0.02162693,0.00079168,23.88925386,4.48711563,58.83648667,30.03386773,0.20192915,-0.43926094,1.24353288,0.20026565,-0.44460249,1.23591312,10.00888849,0.00000002
3.29000000,SHIFT_WEIGHT,-0.00861521,-0.01571161,0.01345951,-0.08297048,0.06966661,0.31651531,-0.08583074,0.06536443,0.08845654,0.02163085,0.00079559,23.84659565,4.43290975,58.95116588,30.02248355,0.20240461,-0.43822542,1.24227026,0.20086503,-0.44355342,1.23491871,10.04161494,0.00000002
3.30000000,SHIFT_WEIGHT,-0.00869699,-0.01584676,0.01355062,-0.08328299,0.06993044,0.31650518,-0.08612313,0.06561297,0.08813610,0.02163437,0.00079911,23.80647303,4.38668675,59.05330253,30.01276908,0.20283937,-0.43727509,1.24109899,0.20141919,-0.44258716,1.23400585,10.07201160,0.00000002
3.31000000,SHIFT_WEIGHT,-0.00877379,-0.01597595,0.01363607,-0.08357492,0.07017651,0.31649578,-0.08639649,0.06584494,0.08783509,0.02163746,0.00080220,23.76895338,4.34848406,59.14279445,30.00470280,0.20323451,-0.43640810,1.24001753,0.20192911,-0.44170170,1.23317252,10.10004972,0.00000002
3.32000000,SHIFT_WEIGHT,-0.00884550,-0.01609900,0.01371582,-0.08384645,0.07040504,0.31648716,-0.08665097,0.06606057,0.08755339,0.02164011,0.00080485,23.73409554,4.31833138,59.21956489,29.99825586,0.20359121,-0.43562241,1.23902410,0.20239588,-0.44089487,1.23241648,10.12570475,0.00000001
3.33000000,SHIFT_WEIGHT,-0.00891203,-0.01621575,0.01378982,-0.08409779,0.07061634,0.31647939,-0.08688676,0.06626011,0.08729083,0.02164231,0.00080705,23.70194895,4.29625061,59.28356265,29.99339250,0.20391070,-0.43491579,1.23811668,0.20282070,-0.44016428,1.23173525,10.14895634,0.00000001
3.34000000,SHIFT_WEIGHT,-0.00897328,-0.01632604,0.01385805,-0.08432922,0.07081071,0.31647252,-0.08710412,0.06644387,0.08704722,0.02164405,0.00080879,23.67255302,4.28225574,59.33476225,29.99007065,0.20419431,-0.43428580,1.23729300,0.20320484,-0.43950732,1.23112608,10.16978844,0.00000001
3.35000000,SHIFT_WEIGHT,-0.00902918,-0.01642974,0.01392051,-0.08454104,0.07098852,0.31646659,-0.08730330,0.06661217,0.08682232,0.02164532,0.00081006,23.64593664,4.27635277,59.37316404,29.98824244,0.20444345,-0.43372985,1.23655054,0.20354971,-0.43892118,1.23058601,10.18818927,0.00000001
3.36000000,SHIFT_WEIGHT,-0.00907969,-0.01652672,0.01397721,-0.08473361,0.07115018,0.31646166,-0.08748462,0.06676538,0.08661583,0.02164610,0.00081084,23.62211784,4.27853952,59.39879430,29.98785484,0.20465959,-0.43324510,1.23588652,0.20385678,-0.43840283,1.23011183,10.20415143,0.00000001
3.37000000,SHIFT_WEIGHT,-0.00912475,-0.01661689,0.01402817,-0.08490732,0.07129612,0.31645778,-0.08764845,0.06690392,0.08642743,0.02164640,0.00081114,23.60110365,4.28880545,59.41170537,29.98885017,0.20484431,-0.43282856,1.23529793,0.20412767,-0.43794904,1.22970007,10.21767191,0.00000001
3.38000000,SHIFT_WEIGHT,-0.00916434,-0.01670016,0.01407343,-0.08506263,0.07142683,0.31645498,-0.08779520,0.06702821,0.08625674,0.02164621,0.00081095,23.58289002,4.30713134,59.41197563,29.99116661,0.20499927,-0.43247699,1.23478149,0.20436408,-0.43755634,1.22934703,10.22875211,0.00000001
3.39000000,SHIFT_WEIGHT,-0.00919847,-0.01677645,0.01411305,-0.08520004,0.07154284,0.31645331,-0.08792530,0.06713875,0.08610331,0.02164553,0.00081027,23.56746190,4.33348892,59.39970961,29.99473868,0.20512623,-0.43218698,1.23433367,0.20456784,-0.43722104,1.22904878,10.23739795,0.00000001
3.40000000,SHIFT_WEIGHT,-0.00922712,-0.01684571,0.01414712,-0.08532009,0.07164470,0.31645280,-0.08803925,0.06723605,0.08596668,0.02164436,0.00080910,23.55479345,4.36784037,59.37503800,29.99949762,0.20522701,-0.43195489,1.23395070,0.20474088,-0.43693926,1.22880113,10.24361983,0.00000001
3.41000000,SHIFT_WEIGHT,-0.00925033,-0.01690792,0.01417570,-0.08542339,0.07173305,0.31645349,-0.08813760,0.06732068,0.08584631,0.02164270,0.00080744,23.54484827,4.41013779,59.33811762,30.00537176,0.20530355,-0.43177688,1.23362855,0.20488525,-0.43670685,1.22859965,10.24743269,0.00000000
3.42000000,SHIFT_WEIGHT,-0.00926812,-0.01696305,0.01419891,-0.08551059,0.07180852,0.31645541,-0.08822094,0.06739324,0.08574162,0.02164056,0.00080530,23.53757982,4.46032254,59.28913143,30.01228682,0.20535788,-0.43164889,1.23336292,0.20500312,-0.43651947,1.22843966,10.24885608,0.00000000
3.43000000,SHIFT_WEIGHT,-0.00928056,-0.01701112,0.01421686,-0.08558239,0.07187182,0.31645859,-0.08828989,0.06745438,0.08565199,0.02163794,0.00080268,23.53293178,4.51832449,59.22828849,30.02016621,0.20539212,-0.43156666,1.23314930,0.20509677,-0.43637251,1.22831626,10.24791416,0.00000000
3.44000000,SHIFT_WEIGHT,-0.00928772,-0.01705214,0.01422969,-0.08563954,0.07192370,0.31646305,-0.08834514,0.06750477,0.08557672,0.02163487,0.00079961,23.53083862,4.58406127,59.15582385,30.02893124,0.20540849,-0.43152568,1.23298287,0.20516863,-0.43626118,1.22822428,10.24463573,0.00000000
3.45000000,SHIFT_WEIGHT,-0.00928966,-0.01708616,0.01423754,-0.08568287,0.07196495,0.31646882,-0.08838744,0.06754516,0.08551507,0.02163134,0.00079608,23.53122611,4.65743739,59.07199850,30.03850135,0.20540932,-0.43152124,1.23285860,0.20522123,-0.43618040,1.22815832,10.23905428,0.00000000
3.46000000,SHIFT_WEIGHT,-0.00928651,-0.01711324,0.01424058,-0.08571323,0.07199640,0.31647593,-0.08841757,0.06757631,0.08546625,0.02162739,0.00079213,23.53401198,4.73834329,58.97709923,30.04879440,0.20539704,-0.43154841,1.23277117,0.20525722,-0.43612489,1.22811273,10.23120800,0.00000000
3.47000000,SHIFT_WEIGHT,-0.00927835,-0.01713347,0.01423897,-0.08573156,0.07201895,0.31648438,-0.08843635,0.06759903,0.08542941,0.02162302,0.00078776,23.53910656,4.82665436,58.87143846,30.05972690,0.20537419,-0.43160201,1.23271503,0.20527939,-0.43608912,1.22808163,10.22113982,0.00000000
3.48000000,SHIFT_WEIGHT,-0.00926533,-0.01714695,0.01423291,-0.08573882,0.07203353,0.31649420,-0.08844469,0.06761421,0.08540365,0.02161825,0.00078299,23.54641353,4.92222993,58.75535407,30.07121430,0.20534340,-0.43167665,1.23268435,0.20529068,-0.43606730,1.22805886,10.20889739,0.00000000
3.49000000,SHIFT_WEIGHT,-0.00924758,-0.01715380,0.01422261,-0.08573606,0.07204113,0.31650541,-0.08844353,0.06762273,0.08538800,0.02161312,0.00077786,23.55583067,5.02491212,58.62920915,30.08317131,0.20530744,-0.43176668,1.23267303,0.20529413,-0.43605342,1.22803804,10.19453315,0.00000000
3.50000000,SHIFT_WEIGHT,-0.00922527,-0.01715415,0.01420828,-0.08572437,0.07204277,0.31651802,-0.08843386,0.06762555,0.08538145,0.02160763,0.00077237,23.56725064,5.13452479,58.49339177,30.09551234,0.20526917,-0.43186623,1.23267472,0.20529293,-0.43604119,1.22801251,10.17810428,0.00000000
3.51000000,LIFT_LEG,-0.00919856,-0.01714819,0.01419015,-0.08570491,0.07203954,0.31653203,-0.08841672,0.06762367,0.08538292,0.02160183,0.00076657,23.58030844,5.24942305,58.34818882,30.10722519,0.20523156,-0.43196925,1.23268287,0.20529003,-0.43602518,1.22797684,10.15966877,0.00000000
3.52000000,LIFT_LEG,-0.00916787,-0.01713622,0.01416851,-0.08567885,0.07203255,0.31654742,-0.08839321,0.06761813,0.08539131,0.02159580,0.00076054,23.59416656,5.36236689,58.19481669,30.11457774,0.20519721,-0.43207035,1.23269181,0.20528652,-0.43600575,1.22793355,10.13946532,0.00000000
3.53000000,LIFT_LEG,-0.00913403,-0.01711889,0.01414373,-0.08564735,0.07202286,0.31656403,-0.08836440,0.06760991,0.08540556,0.02158977,0.00075451,23.60944673,5.46723603,58.03703366,30.11611016,0.20516782,-0.43216622,1.23269841,0.20528286,-0.43598550,1.22788842,10.11806822,0.00000000
3.54000000,LIFT_LEG,-0.00909813,-0.01709696,0.01411627,-0.08561151,0.07201145,0.31658157,-0.08833133,0.06759994,0.08542467,0.02158403,0.00074877,23.62792493,5.55985991,57.87919975,30.11195104,0.20514426,-0.43225541,1.23270200,0.20527953,-0.43596714,1.22784750,10.09613160,0.00000000
3.55000000,LIFT_LEG,-0.00906123,-0.01707118,0.01408663,-0.08557238,0.07199915,0.31659959,-0.08829500,0.06758903,0.08544767,0.02157882,0.00074356,23.65192569,5.63767303,57.72525737,30.10299519,0.20512694,-0.43233780,1.23270377,0.20527703,-0.43595326,1.22781659,10.07426961,0.00000000
3.56000000,LIFT_LEG,-0.00902423,-0.01704212,0.01405534,-0.08553094,0.07198666,0.31661759,-0.08825634,0.06757783,0.08547364,0.02157432,0.00073906,23.68378684,5.69852930,57.57840792,30.09060405,0.20511592,-0.43241410,1.23270623,0.20527581,-0.43594656,1.22780167,10.05301286,0.00000010
3.57000000,LIFT_LEG,-0.00898777,-0.01701026,0.01402291,-0.08548808,0.07197454,0.31663503,-0.08821622,0.06756689,0.08550172,0.02157064,0.00073538,23.72519615,5.74460304,57.44108965,30.07672935,0.20511101,-0.43248553,1.23271270,0.20527609,-0.43594809,1.22780506,10.03279307,0.00000000
3.58000000,LIFT_LEG,-0.00895232,-0.01697597,0.01398978,-0.08544467,0.07196316,0.31665135,-0.08817547,0.06755657,0.08553108,0.02156780,0.00073254,23.77745606,5.77331368,57.31485720,30.06275949,0.20511178,-0.43255348,1.23272681,0.20527836,-0.43596066,1.22783306,10.01393170,0.00000000
3.59000000,LIFT_LEG,-0.00891809,-0.01693952,0.01395626,-0.08540146,0.07195277,0.31666607,-0.08813482,0.06754714,0.08556098,0.02156581,0.00073055,23.84078504,5.78604350,57.20049695,30.05040652,0.20511760,-0.43261951,1.23275245,0.20528285,-0.43598548,1.22788839,9.99664153,0.00000005
3.60000000,LIFT_LEG,-0.00888498,-0.01690131,0.01392256,-0.08535917,0.07194347,0.31667878,-0.08809496,0.06753870,0.08559073,0.02156464,0.00072938,23.91422678,5.78323260,57.09842092,30.04225816,0.20512774,-0.43268525,1.23279330,0.20528981,-0.43602390,1.22797399,9.98105505,0.00000009
3.61000000,LIFT_LEG,-0.00885270,-0.01686175,0.01388875,-0.08531843,0.07193524,0.31668914,-0.08805652,0.06753124,0.08561971,0.02156425,0.00072899,23.99738277,5.76547166,57.00821875,30.03858036,0.20514129,-0.43275228,1.23285282,0.20529943,-0.43607708,1.22809249,9.96719795,0.00000000
3.62000000,LIFT_LEG,-0.00882083,-0.01682122,0.01385471,-0.08527979,0.07192796,0.31669693,-0.08802002,0.06752467,0.08564739,0.02156462,0.00072936,24.08673344,5.73350183,56.92896917,30.04261668,0.20515718,-0.43282212,1.23293423,0.20531190,-0.43614600,1.22824606,9.95501673,0.00000000
3.63000000,LIFT_LEG,-0.00878876,-0.01678008,0.01382015,-0.08524371,0.07192141,0.31670201,-0.08798592,0.06751882,0.08567331,0.02156570,0.00073044,24.18086139,5.68823897,56.85947956,30.05488055,0.20517424,-0.43289621,1.23304050,0.20532737,-0.43623145,1.22843647,9.94440024,0.00000000
3.64000000,LIFT_LEG,-0.00875577,-0.01673866,0.01378464,-0.08521055,0.07191533,0.31670432,-0.08795459,0.06751344,0.08569711,0.02156745,0.00073220,24.27753592,5.63070391,56.79832992,30.07652675,0.20519132,-0.43297594,1.23317426,0.20534595,-0.43633406,1.22866515,9.93519151,0.00000000
3.65000000,LIFT_LEG,-0.00872109,-0.01669722,0.01374764,-0.08518058,0.07190942,0.31670385,-0.08792628,0.06750825,0.08571853,0.02156985,0.00073459,24.37406094,5.56204637,56.74394440,30.10915012,0.20520723,-0.43306263,1.23333790,0.20536774,-0.43645432,1.22893315,9.92719984,0.00000009
3.66000000,LIFT_LEG,-0.00868391,-0.01665595,0.01370850,-0.08515395,0.07190336,0.31670068,-0.08790116,0.06750297,0.08573742,0.02157284,0.00073759,24.47045124,5.48353100,56.69476609,30.15142561,0.20522086,-0.43315756,1.23353348,0.20539280,-0.43659256,1.22924124,9.92021772,0.00000004
3.67000000,LIFT_LEG,-0.00864344,-0.01661496,0.01366655,-0.08513072,0.07189681,0.31669489,-0.08787931,0.06749730,0.08575372,0.02157639,0.00074113,24.56382088,5.39640394,56.64917656,30.20536168,0.20523118,-0.43326197,1.23376279,0.20542118,-0.43674900,1.22958993,9.91402341,0.00000006
3.68000000,LIFT_LEG,-0.00859888,-0.01657428,0.01362110,-0.08511084,0.07188948,0.31668661,-0.08786070,0.06749095,0.08576746,0.02158044,0.00074518,24.65447870,5.30191294,56.60584229,30.27008792,0.20523738,-0.43337707,1.23402730,0.20545289,-0.43692375,1.22997945,9.90840576,0.00000008
3.69000000,LIFT_LEG,-0.00854963,-0.01653380,0.01357152,-0.08509418,0.07188106,0.31667599,-0.08784522,0.06748365,0.08577878,0.02158495,0.00074969,24.73954708,5.20124932,56.56310355,30.34762040,0.20523867,-0.43350401,1.23432819,0.20548797,-0.43711686,1.23040993,9.90313150,0.00000000
3.70000000,LIFT_LEG,-0.00849513,-0.01649330,0.01351723,-0.08508050,0.07187133,0.31666319,-0.08783267,0.06747519,0.08578788,0.02158988,0.00075462,24.82131781,5.09555574,56.51979404,30.43526324,0.20523450,-0.43364389,1.23466640,0.20552639,-0.43732826,1.23088122,9.89799851,0.00000001
3.71000000,LIFT_LEG,-0.00843491,-0.01645252,0.01345775,-0.08506951,0.07186009,0.31664837,-0.08782277,0.06746537,0.08579504,0.02159518,0.00075992,24.89935560,4.98571194,56.47478821,30.53330888,0.20522458,-0.43379779,1.23504250,0.20556816,-0.43755784,1.23139310,9.89281156,0.00000001
3.72000000,LIFT_LEG,-0.00836864,-0.01641112,0.01339275,-0.08506084,0.07184719,0.31663171,-0.08781520,0.06745406,0.08580061,0.02160082,0.00076556,24.97432019,4.87246901,56.42707064,30.64097720,0.20520874,-0.43396678,1.23545675,0.20561324,-0.43780546,1.23194524,9.88738696,0.00000001
3.73000000,LIFT_LEG,-0.00829610,-0.01636870,0.01332203,-0.08505407,0.07183254,0.31661339,-0.08780957,0.06744116,0.08580497,0.02160675,0.00077149,25.04711546,4.75642000,56.37574557,30.75736348,0.20518701,-0.43415185,1.23590917,0.20566163,-0.43807090,1.23253720,9.88155451,0.00000001
3.74000000,LIFT_LEG,-0.00821718,-0.01632482,0.01324552,-0.08504874,0.07181607,0.31659358,-0.08780544,0.06742662,0.08580855,0.02161297,0.00077771,25.11882837,4.63801120,56.32002933,30.88145491,0.20515958,-0.43435396,1.23639951,0.20571327,-0.43835395,1.23316849,9.87515803,0.00000001
3.75000000,LIFT_LEG,-0.00813186,-0.01627901,0.01316328,-0.08504436,0.07179778,0.31657247,-0.08780238,0.06741042,0.08581180,0.02161944,0.00078418,25.19065850,4.51756302,56.25924254,31.01217149,0.20512676,-0.43457400,1.23692729,0.20576814,-0.43865434,1.23383854,9.86805539,0.00000001
3.76000000,LIFT_LEG,-0.00804020,-0.01623077,0.01307548,-0.08504044,0.07177770,0.31655022,-0.08779991,0.06739259,0.08581518,0.02162616,0.00079090,25.26385003,4.39529568,56.19280118,31.14840695,0.20508897,-0.43481279,1.23749187,0.20582620,-0.43897178,1.23454672,9.86011842,0.00000001
3.77000000,LIFT_LEG,-0.00794235,-0.01617963,0.01298240,-0.08503647,0.07175588,0.31652701,-0.08779756,0.06737316,0.08581915,0.02163312,0.00079786,25.33962983,4.27135655,56.12020794,31.28906702,0.20504670,-0.43507106,1.23809241,0.20588739,-0.43930594,1.23529233,9.85123255,0.00000001
3.78000000,LIFT_LEG,-0.00783847,-0.01612510,0.01288438,-0.08503196,0.07173241,0.31650300,-0.08779486,0.06735222,0.08582416,0.02164032,0.00080506,25.41915387,4.14584610,56.04104477,31.43310383,0.20500050,-0.43534946,1.23872801,0.20595167,-0.43965650,1.23607460,9.84129647,0.00000001
3.79000000,LIFT_LEG,-0.00772877,-0.01606675,0.01278181,-0.08502645,0.07170737,0.31647834,-0.08779138,0.06732985,0.08583064,0.02164774,0.00081248,25.50346301,4.01884073,55.95496696,31.57954511,0.20495090,-0.43564852,1.23939762,0.20601898,-0.44002306,1.23689274,9.83022192,0.00000001
3.80000000,LIFT_LEG,-0.00761347,-0.01600416,0.01267508,-0.08501949,0.07168087,0.31645317,-0.08778668,0.06730613,0.08583900,0.02165540,0.00082014,25.59344928,3.89041109,55.86169894,31.72751771,0.20489847,-0.43596863,1.24010020,0.20608925,-0.44040523,1.23774584,9.81793351,0.00000001
3.81000000,LIFT_LEG,-0.00749279,-0.01593696,0.01256461,-0.08501068,0.07165301,0.31642763,-0.08778039,0.06728117,0.08584962,0.02166330,0.00082804,25.68983262,3.76063527,55.76103163,31.87626482,0.20484372,-0.43631009,1.24083462,0.20616243,-0.44080257,1.23863299,9.80436869,0.00000001
3.82000000,LIFT_LEG,-0.00736697,-0.01586485,0.01245077,-0.08499966,0.07162389,0.31640185,-0.08777214,0.06725505,0.08586282,0.02167143,0.00083617,25.79314807,3.62960712,55.65282114,32.02515690,0.20478712,-0.43667300,1.24159977,0.20623844,-0.44121464,1.23955316,9.78947785,0.00000001
3.83000000,LIFT_LEG,-0.00723619,-0.01578757,0.01233390,-0.08498610,0.07159360,0.31637592,-0.08776164,0.06722786,0.08587889,0.02167981,0.00084455,25.90374232,3.49743980,55.53698852,32.17369662,0.20472910,-0.43705737,1.24239455,0.20631721,-0.44164095,1.24050530,9.77322441,0.00000001
3.84000000,LIFT_LEG,-0.00710064,-0.01570491,0.01221428,-0.08496976,0.07156222,0.31634994,-0.08774863,0.06719967,0.08589808,0.02168843,0.00085317,26.02177876,3.36426542,55.41352015,32.32151820,0.20467002,-0.43746300,1.24321786,0.20639864,-0.44208099,1.24148830,9.75558505,0.00000001
3.85000000,LIFT_LEG,-0.00696048,-0.01561675,0.01209212,-0.08495041,0.07152982,0.31632399,-0.08773291,0.06717055,0.08592058,0.02169729,0.00086203,26.14724947,3.23023157,55.28246847,32.46838191,0.20461019,-0.43788958,1.24406861,0.20648267,-0.44253423,1.24250097,9.73654985,0.00000001
3.86000000,LIFT_LEG,-0.00681586,-0.01552300,0.01196759,-0.08492792,0.07149646,0.31629812,-0.08771432,0.06714056,0.08594652,0.02170639,0.00087113,26.27999255,3.09549559,55.14395256,32.61416451,0.20454985,-0.43833664,1.24494576,0.20656920,-0.44300011,1.24354212,9.71612240,0.00000001
3.87000000,LIFT_LEG,-0.00666690,-0.01542366,0.01184080,-0.08490218,0.07146218,0.31627239,-0.08769275,0.06710973,0.08597601,0.02171573,0.00088047,26.41971318,2.96021760,54.99815832,32.75884649,0.20448918,-0.43880356,1.24584827,0.20665813,-0.44347807,1.24461048,9.69431979,0.00000001
3.88000000,LIFT_LEG,-0.00651371,-0.01531877,0.01171177,-0.08487314,0.07142701,0.31624681,-0.08766816,0.06707809,0.08600909,0.02172529,0.00089003,26.56600685,2.82455303,54.84533787,32.90249693,0.20442834,-0.43928961,1.24677511,0.20674938,-0.44396753,1.24570477,9.67117244,0.00000001
3.89000000,LIFT_LEG,-0.00635639,-0.01520842,0.01158052,-0.08484082,0.07139098,0.31622140,-0.08764053,0.06704568,0.08604574,0.02173508,0.00089982,26.71838325,2.68864552,54.68580795,33.04525697,0.20436740,-0.43979393,1.24772528,0.20684284,-0.44446789,1.24682367,9.64672375,0.00000001
3.90000000,LIFT_LEG,-0.00619506,-0.01509277,0.01144700,-0.08480526,0.07135411,0.31619617,-0.08760991,0.06701251,0.08608594,0.02174508,0.00090982,26.87628961,2.55262058,54.51994720,33.18732256,0.20430645,-0.44031558,1.24869777,0.20693840,-0.44497853,1.24796584,9.62102957,0.00000001
3.91000000,LIFT_LEG,-0.00602982,-0.01497199,0.01131116,-0.08476656,0.07131641,0.31617109,-0.08757639,0.06697859,0.08612959,0.02175529,0.00092003,27.03913247,2.41658077,54.34819210,33.32892735,0.20424552,-0.44085352,1.24969159,0.20703598,-0.44549886,1.24912994,9.59415736,0.00000001
3.92000000,LIFT_LEG,-0.00586078,-0.01484632,0.01117293,-0.08472485,0.07127789,0.31614614,-0.08754006,0.06694393,0.08617656,0.02176571,0.00093045,27.20629718,2.28060238,54.17103180,33.47032625,0.20418463,-0.44140665,1.25070570,0.20713546,-0.44602826,1.25031459,9.56618527,0.00000001
3.93000000,LIFT_LEG,-0.00568808,-0.01471601,0.01103224,-0.08468031,0.07123856,0.31612129,-0.08750110,0.06690854,0.08622670,0.02177631,0.00094105,27.37716454,2.14473394,53.98900171,33.61178029,0.20412380,-0.44197385,1.25173909,0.20723675,-0.44656610,1.25151844,9.53720085,0.00000001
3.94000000,LIFT_LEG,-0.00551187,-0.01458137,0.01088904,-0.08463314,0.07119844,0.31609649,-0.08745967,0.06687243,0.08627984,0.02178710,0.00095184,27.55112450,2.00899657,53.80267611,33.75354306,0.20406305,-0.44255394,1.25279069,0.20733972,-0.44711178,1.25274011,9.50729975,0.00000001
3.95000000,LIFT_LEG,-0.00533232,-0.01444270,0.01074331,-0.08458355,0.07115754,0.31607168,-0.08741599,0.06683562,0.08633575,0.02179808,0.00096282,27.72758672,1.87338588,53.61265993,33.89584917,0.20400238,-0.44314575,1.25385943,0.20744428,-0.44766467,1.25397824,9.47658417,0.00000001
3.96000000,LIFT_LEG,-0.00514962,-0.01430034,0.01059505,-0.08453180,0.07111588,0.31604682,-0.08737028,0.06679812,0.08639422,0.02180923,0.00097397,27.90598830,1.73787545,53.41958000,34.03890471,0.20394183,-0.44374812,1.25494421,0.20755032,-0.44822415,1.25523145,9.44516123,0.00000001
3.97000000,LIFT_LEG,-0.00496401,-0.01415462,0.01044430,-0.08447813,0.07107350,0.31602185,-0.08732276,0.06675996,0.08645500,0.02182056,0.00098530,28.08577655,1.60704976,53.22409774,34.18287689,0.20388142,-0.44436007,1.25604404,0.20765773,-0.44878961,1.25649836,9.41314299,0.00000001
3.98000000,LIFT_LEG,-0.00477640,-0.01400618,0.01029118,-0.08442285,0.07103046,0.31599677,-0.08727374,0.06672120,0.08651779,0.02183257,0.00099731,28.26457231,1.50309233,53.02813357,34.32484817,0.20382159,-0.44498712,1.25716239,0.20776648,-0.44936081,1.25777847,9.38080296,0.00000001
3.99000000,LIFT_LEG,-0.00458824,-0.01385600,0.01013591,-0.08436635,0.07098693,0.31597173,-0.08722360,0.06668196,0.08658220,0.02184569,0.00101043,28.43967934,1.39648144,52.83238596,34.46192254,0.20376295,-0.44563265,1.25829751,0.20787662,-0.44993808,1.25907251,9.34826526,0.00000001
4.00000000,LIFT_LEG,-0.00439980,-0.01370471,0.00997867,-0.08430908,0.07094307,0.31594682,-0.08717276,0.06664242,0.08664781,0.02185977,0.00102451,28.61077590,1.28608608,52.63645985,34.59487473,0.20370599,-0.44629463,1.25944501,0.20798810,-0.45052098,1.26037950,9.31552875,0.00000001
4.01000000,LIFT_LEG,-0.00421108,-0.01355259,0.00981956,-0.08425144,0.07089905,0.31592201,-0.08712158,0.06660271,0.08671426,0.02187466,0.00103940,28.77840012,1.17289506,52.44076672,34.72443739,0.20365091,-0.44697078,1.26060217,0.20810076,-0.45110870,1.26169768,9.28270273,0.00000001
4.02000000,LIFT_LEG,-0.00402217,-0.01339985,0.00965863,-0.08419381,0.07085496,0.31589722,-0.08707043,0.06656294,0.08678122,0.02189021,0.00105495,28.94336758,1.05779509,52.24624120,34.85147169,0.20359770,-0.44765898,1.26176719,0.20821444,-0.45170042,1.26302517,9.24995309,0.00000001
4.03000000,LIFT_LEG,-0.00383319,-0.01324664,0.00949588,-0.08413653,0.07081089,0.31587230,-0.08701963,0.06652318,0.08684839,0.02190628,0.00107102,29.10641251,0.94150102,52.05399636,34.97689534,0.20354628,-0.44835726,1.26293873,0.20832901,-0.45229532,1.26436016,9.21745964,0.00000001
4.04000000,LIFT_LEG,-0.00364460,-0.01309345,0.00933146,-0.08407995,0.07076694,0.31584713,-0.08696950,0.06648353,0.08691547,0.02192306,0.00108780,29.26562384,0.85371672,51.86607041,35.10131248,0.20349461,-0.44906652,1.26412066,0.20844435,-0.45289280,1.26570132,9.18548625,0.00000001
4.05000000,LIFT_LEG,-0.00345706,-0.01294176,0.00916616,-0.08402447,0.07072334,0.31582180,-0.08692042,0.06644421,0.08698207,0.02194113,0.00110587,29.41454599,0.77274264,51.68335860,35.22507562,0.20343793,-0.44978805,1.26531792,0.20856048,-0.45349296,1.26704886,9.15412418,0.00000001
4.06000000,LIFT_LEG,-0.00327062,-0.01279254,0.00900101,-0.08397052,0.07068039,0.31579641,-0.08687278,0.06640550,0.08704781,0.02196026,0.00112500,29.55360142,0.68963813,51.50502368,35.34776761,0.20337609,-0.45051843,1.26652521,0.20867732,-0.45409537,1.26840182,9.12335383,0.00000001
4.07000000,LIFT_LEG,-0.00308570,-0.01264610,0.00883695,-0.08391846,0.07063837,0.31577096,-0.08682692,0.06636766,0.08711231,0.02198031,0.00114505,29.68471570,0.60461964,51.33140806,35.46829500,0.20330954,-0.45125565,1.26773897,0.20879476,-0.45469942,1.26975885,9.09331124,0.00000001
4.08000000,LIFT_LEG,-0.00290327,-0.01250268,0.00867505,-0.08386861,0.07059755,0.31574543,-0.08678313,0.06633092,0.08717530,0.02200116,0.00116590,29.80848608,0.00000000,51.16482498,35.58684550,0.20323678,-0.45199862,1.26891941,0.20891267,-0.45530446,1.27111847,9.06416554,0.00000001
4.09000000,LIFT_LEG,-0.00271399,-0.01235408,0.00851367,-0.08382126,0.07055795,0.31571912,-0.08674226,0.06629548,0.08723605,0.02199488,0.00115962,29.95745948,0.39842358,50.95457678,35.68846748,0.20313801,-0.45283934,1.27007493,0.20902959,-0.45590299,1.27246384,9.03114996,0.00000001
4.10000000,LIFT_LEG,-0.00252613,-0.01220182,0.00834906,-0.08377692,0.07051953,0.31569149,-0.08670419,0.06626114,0.08729527,0.02199707,0.00116181,30.10981760,0.35361577,50.77530605,35.78603657,0.20305314,-0.45365175,1.27125597,0.20914562,-0.45649552,1.27379610,9.00164658,0.00000001
4.11000000,LIFT_LEG,-0.00234447,-0.01205103,0.00818118,-0.08373566,0.07048219,0.31566234,-0.08666909,0.06622777,0.08735270,0.02199945,0.00116419,30.26843379,0.25855741,50.62146492,35.88176855,0.20298647,-0.45446530,1.27241013,0.20926179,-0.45708740,1.27512725,8.97550813,0.00000001
4.12000000,LIFT_LEG,-0.00217037,-0.01190094,0.00800723,-0.08369788,0.07044569,0.31563150,-0.08663751,0.06619512,0.08740770,0.02200056,0.00116530,30.43610829,0.00000000,50.48282895,35.95687138,0.20294431,-0.45531001,1.27352971,0.20937799,-0.45767802,1.27645595,8.95165227,0.00000001
4.13000000,LIFT_LEG,-0.00200321,-0.01175198,0.00782420,-0.08366408,0.07040973,0.31559903,-0.08660989,0.06616295,0.08745983,0.02200184,0.00116658,30.60696185,0.00000000,50.35570217,36.02433669,0.20292497,-0.45617825,1.27465261,0.20949405,-0.45826657,1.27778037,8.92949794,0.00000001
4.14000000,LIFT_LEG,-0.00184483,-0.01160968,0.00763101,-0.08363475,0.07037410,0.31556536,-0.08658629,0.06613102,0.08750903,0.02201944,0.00118418,30.75212868,0.00000000,50.27084080,36.10046980,0.20293540,-0.45700077,1.27582321,0.20961034,-0.45885488,1.27910459,8.91226255,0.00000001
4.15000000,LIFT_LEG,-0.00170107,-0.01148514,0.00743174,-0.08361005,0.07033885,0.31553159,-0.08656649,0.06609929,0.08755507,0.02206646,0.00123120,30.84841546,0.00000000,50.24349061,36.19932747,0.20298187,-0.45772890,1.27705999,0.20972831,-0.45945028,1.28044515,8.90152185,0.00000001
4.16000000,LIFT_LEG,-0.00157473,-0.01138458,0.00723323,-0.08359000,0.07030429,0.31549919,-0.08655050,0.06606799,0.08759711,0.02214358,0.00130832,30.88997664,0.00000000,50.25356549,36.30372912,0.20306041,-0.45838430,1.27835290,0.20984877,-0.46005680,1.28181114,8.89523204,0.00000001
4.17000000,LIFT_LEG,-0.00146606,-0.01130739,0.00704221,-0.08357458,0.07027088,0.31546956,-0.08653845,0.06603754,0.08763435,0.02224687,0.00141161,30.88270303,0.00000000,50.27797227,36.39507370,0.20316401,-0.45900279,1.27968948,0.20997158,-0.46067368,1.28320087,8.89112302,0.00000001
4.18000000,LIFT_LEG,-0.00137412,-0.01124955,0.00686447,-0.08356370,0.07023913,0.31544367,-0.08653040,0.06600840,0.08766643,0.02237137,0.00153611,30.83712110,0.00000000,50.30214170,36.46438228,0.20328527,-0.45961043,1.28105782,0.21009614,-0.46129775,1.28460721,8.88776821,0.00000001
4.19000000,LIFT_LEG,-0.00129761,-0.01120654,0.00670470,-0.08355710,0.07020953,0.31542200,-0.08652623,0.06598104,0.08769349,0.02251251,0.00167725,30.76449364,0.00000000,50.32051397,36.51127863,0.20341754,-0.46022052,1.28244730,0.21022170,-0.46192529,1.28602178,8.88461024,0.00000001
4.20000000,LIFT_LEG,-0.00123525,-0.01117465,0.00656646,-0.08355437,0.07018251,0.31540453,-0.08652561,0.06595590,0.08771599,0.02266653,0.00183127,30.67532476,0.00000000,50.33356091,36.53981517,0.20355547,-0.46083698,1.28384899,0.21034761,-0.46255298,1.28743712,8.88167909,0.00000001
4.21000000,LIFT_LEG,-0.00118599,-0.01115123,0.00645223,-0.08355499,0.07015845,0.31539090,-0.08652808,0.06593333,0.08773457,0.02283046,0.00199520,30.57888883,0.00000000,50.34457507,36.55490016,0.20369522,-0.46145858,1.28525555,0.21047333,-0.46317818,1.28884726,8.87928485,0.00000001
4.22000000,LIFT_LEG,-0.00114905,-0.01113439,0.00636338,-0.08355834,0.07013766,0.31538053,-0.08653307,0.06591364,0.08774991,0.02300196,0.00216670,30.48298777,0.00000000,50.35739120,36.56038362,0.20383433,-0.46208203,1.28666105,0.21059845,-0.46379879,1.29024748,8.87779118,0.00000001
4.23000000,LIFT_LEG,-0.00112378,-0.01112274,0.00630029,-0.08356382,0.07012038,0.31537279,-0.08654001,0.06589708,0.08776265,0.02317914,0.00234388,30.39371152,0.00000000,50.37516328,36.55854782,0.20397145,-0.46270381,1.28806057,0.21072259,-0.46441309,1.29163386,8.87748637,0.00000001
4.24000000,LIFT_LEG,-0.00110960,-0.01111517,0.00626247,-0.08357087,0.07010677,0.31536705,-0.08654837,0.06588382,0.08777336,0.02336042,0.00252516,30.31514076,0.00000000,50.39995407,36.55060516,0.20410592,-0.46332089,1.28944984,0.21084546,-0.46501955,1.29300295,8.87853408,0.00000001
4.25000000,LIFT_LEG,-0.00110582,-0.01111077,0.00624869,-0.08357895,0.07009690,0.31536281,-0.08655765,0.06587395,0.08778250,0.02354439,0.00270913,30.24984009,0.00000000,50.43295522,36.53606054,0.20423745,-0.46393090,1.29082504,0.21096674,-0.46561675,1.29435154,8.88100857,0.00000006
4.26000000,LIFT_LEG,-0.00111169,-0.01110879,0.00625712,-0.08358763,0.07009078,0.31535966,-0.08656742,0.06586749,0.08779048,0.02372985,0.00289459,30.19823442,0.00000000,50.47323146,36.51550434,0.20436589,-0.46453206,1.29218261,0.21108615,-0.46620334,1.29567654,8.88470815,0.00000001
4.27000000,LIFT_LEG,-0.00112623,-0.01110872,0.00628553,-0.08359653,0.07008829,0.31535733,-0.08657735,0.06586438,0.08779759,0.02391573,0.00308047,30.15934723,0.00000000,50.52102078,36.48857792,0.20449115,-0.46512295,1.29351919,0.21120342,-0.46677804,1.29697505,8.88959505,0.00000001
4.28000000,LIFT_LEG,-0.00114841,-0.01111020,0.00633142,-0.08360539,0.07008928,0.31535568,-0.08658714,0.06586448,0.08780407,0.02410114,0.00326588,30.13149440,0.00000000,50.57505537,36.45530723,0.20461312,-0.46570232,1.29483165,0.21131827,-0.46733964,1.29824431,8.89544842,0.00000001
4.29000000,LIFT_LEG,-0.00117713,-0.01111303,0.00639211,-0.08361396,0.07009346,0.31535464,-0.08659660,0.06586757,0.08781009,0.02428529,0.00345003,30.11234605,0.00000000,50.63395439,36.41595622,0.20473170,-0.46626907,1.29611705,0.21143046,-0.46788700,1.29948175,8.90203766,0.00000001
4.30000000,LIFT_LEG,-0.00121126,-0.01111707,0.00646490,-0.08362208,0.07010052,0.31535421,-0.08660555,0.06587336,0.08781579,0.02446754,0.00363228,30.09945369,0.00000000,50.69624902,36.37102565,0.20484688,-0.46682215,1.29737266,0.21153976,-0.46841908,1.30068493,8.90913073,0.00000001
4.31000000,LIFT_LEG,-0.00124964,-0.01112223,0.00654709,-0.08362963,0.07011008,0.31535442,-0.08661389,0.06588153,0.08782127,0.02464730,0.00381204,30.09053464,0.00000000,50.76043238,36.32125095,0.20495866,-0.46736056,1.29859594,0.21164594,-0.46893486,1.30185157,8.91650029,0.00000001
4.32000000,LIFT_LEG,-0.00129116,-0.01112841,0.00663614,-0.08363652,0.07012171,0.31535530,-0.08662154,0.06589170,0.08782658,0.02482402,0.00398876,30.08366970,0.00000000,50.82501758,36.26758176,0.20506707,-0.46788334,1.29978447,0.21174877,-0.46943340,1.30297949,8.92393070,0.00000001
4.33000000,LIFT_LEG,-0.00133468,-0.01113546,0.00672962,-0.08364269,0.07013497,0.31535688,-0.08662842,0.06590345,0.08783181,0.02499716,0.00416190,30.07741011,0.00000000,50.88858351,36.21115026,0.20517216,-0.46838957,1.30093598,0.21184806,-0.46991378,1.30406657,8.93122277,0.00000001
4.34000000,LIFT_LEG,-0.00137914,-0.01114317,0.00682529,-0.08364809,0.07014940,0.31535917,-0.08663452,0.06591638,0.08783700,0.02516613,0.00433087,30.07080818,0.00000000,50.94981122,36.15322823,0.20527392,-0.46887835,1.30204829,0.21194359,-0.47037509,1.30511076,8.93819687,0.00000001
4.35000000,LIFT_LEG,-0.00142347,-0.01115123,0.00692113,-0.08365269,0.07016454,0.31536211,-0.08663979,0.06593005,0.08784220,0.02533032,0.00449506,30.06338945,0.00000000,51.00751357,36.09517357,0.20537233,-0.46934882,1.30311929,0.21203516,-0.47081648,1.30611008,8.94469495,0.00000001
4.36000000,LIFT_LEG,-0.00146667,-0.01115930,0.00701527,-0.08365646,0.07017995,0.31536564,-0.08664423,0.06594406,0.08784748,0.02548905,0.00465379,30.05508500,0.00000000,51.06065853,36.03836952,0.20546726,-0.46980011,1.30414694,0.21212258,-0.47123712,1.30706263,8.95058175,0.00000001
4.37000000,LIFT_LEG,-0.00150776,-0.01116697,0.00710610,-0.08365938,0.07019520,0.31536966,-0.08664781,0.06595801,0.08785288,0.02564163,0.00480637,30.04614012,0.00000000,51.10838602,35.98416157,0.20555853,-0.47023141,1.30512927,0.21220566,-0.47163625,1.30796663,8.95574538,0.00000001
4.38000000,LIFT_LEG,-0.00154587,-0.01117382,0.00719215,-0.08366142,0.07020989,0.31537401,-0.08665053,0.06597153,0.08785848,0.02578734,0.00495208,30.03701349,0.00000000,51.15001755,35.93379750,0.20564593,-0.47064195,1.30606445,0.21228424,-0.47201315,1.30882046,8.96009725,0.00000001
4.39000000,LIFT_LEG,-0.00158020,-0.01117941,0.00727215,-0.08366258,0.07022369,0.31537856,-0.08665237,0.06598429,0.08786435,0.02592548,0.00509022,30.02827826,0.00000000,51.18505852,35.88837557,0.20572919,-0.47103101,1.30695076,0.21235818,-0.47236722,1.30962273,8.96357154,0.00000001
4.40000000,LIFT_LEG,-0.00161006,-0.01118336,0.00734503,-0.08366284,0.07023626,0.31538313,-0.08665334,0.06599599,0.08787054,0.02605538,0.00522012,30.02053371,0.00000000,51.21319359,35.84880434,0.20580804,-0.47139794,1.30778669,0.21242733,-0.47269798,1.31037229,8.96612405,0.00000001
4.41000000,LIFT_LEG,-0.00163487,-0.01118529,0.00740986,-0.08366219,0.07024737,0.31538757,-0.08665343,0.06600640,0.08787712,0.02617644,0.00534118,30.01433329,0.00000000,51.23427624,35.81577606,0.20588221,-0.47174219,1.30857095,0.21249163,-0.47300505,1.31106830,8.96773079,0.00000001
4.42000000,LIFT_LEG,-0.00165418,-0.01118491,0.00746590,-0.08366064,0.07025678,0.31539171,-0.08665265,0.06601530,0.08788415,0.02628815,0.00545289,30.01013226,0.00000000,51.24831384,35.78975396,0.20595146,-0.47206335,1.30930253,0.21255099,-0.47328823,1.31171024,8.96838626,0.00000001
4.43000000,LIFT_LEG,-0.00166769,-0.01118199,0.00751257,-0.08365819,0.07026435,0.31539543,-0.08665102,0.06602253,0.08789168,0.02639010,0.00555484,30.00825569,0.00000000,51.25544995,35.77097242,0.20601561,-0.47236110,1.30998072,0.21260538,-0.47354746,1.31229795,8.96810159,0.00000001
4.44000000,LIFT_LEG,-0.00167523,-0.01117639,0.00754946,-0.08365486,0.07026996,0.31539861,-0.08664854,0.06602799,0.08789975,0.02648203,0.00564677,30.00889418,0.00000000,51.25577218,35.75951236,0.20607453,-0.47263531,1.31060514,0.21265483,-0.47378284,1.31283167,8.96687981,0.00000005
4.45000000,LIFT_LEG,-0.00167673,-0.01116804,0.00757635,-0.08365068,0.07027354,0.31540116,-0.08664524,0.06603162,0.08790839,0.02656379,0.00572853,30.01206772,0.00000000,51.25016228,35.75498649,0.20612815,-0.47288595,1.31117578,0.21269935,-0.47399461,1.31331192,8.96482832,0.00000000
4.46000000,LIFT_LEG,-0.00167231,-0.01115694,0.00759318,-0.08364567,0.07027509,0.31540303,-0.08664116,0.06603337,0.08791761,0.02663535,0.00580009,30.01784444,0.00000000,51.23850324,35.75700341,0.20617645,-0.47311319,1.31169296,0.21273904,-0.47418322,1.31373969,8.96192801,0.00000000
4.47000000,LIFT_LEG,-0.00166218,-0.01114318,0.00760008,-0.08363988,0.07027462,0.31540417,-0.08663634,0.06603329,0.08792743,0.02669682,0.00586156,30.02555795,0.00000000,51.22152945,35.76580772,0.20621948,-0.47331734,1.31215739,0.21277400,-0.47434925,1.31411625,8.95826383,0.00000004
4.48000000,LIFT_LEG,-0.00164665,-0.01112689,0.00759733,-0.08363336,0.07027221,0.31540460,-0.08663081,0.06603141,0.08793784,0.02674846,0.00591320,30.03529679,0.00000000,51.19974049,35.78012200,0.20625736,-0.47349887,1.31257011,0.21280438,-0.47449341,1.31444326,8.95390095,0.00000009
4.49000000,LIFT_LEG,-0.00162611,-0.01110831,0.00758541,-0.08362616,0.07026796,0.31540433,-0.08662463,0.06602783,0.08794882,0.02679059,0.00595533,30.04779617,0.00000000,51.17388197,35.79848492,0.20629027,-0.47365841,1.31293253,0.21283034,-0.47461657,1.31472265,8.94892444,0.00000004
4.50000000,LIFT_LEG,-0.00160103,-0.01108770,0.00756494,-0.08361834,0.07026200,0.31540340,-0.08661785,0.06602267,0.08796034,0.02682366,0.00598840,30.06021842,0.00000000,51.14435618,35.82250407,0.20631834,-0.47379669,1.31324638,0.21285210,-0.47471973,1.31495669,8.94340057,0.00000000
4.51000000,LIFT_LEG,-0.00157203,-0.01106527,0.00753666,-0.08360997,0.07025449,0.31540187,-0.08661054,0.06601606,0.08797236,0.02684821,0.00601295,30.07431661,0.00000000,51.11177388,35.84906613,0.20634183,-0.47391455,1.31351370,0.21286988,-0.47480400,1.31514788,8.93741404,0.00000000
4.52000000,LIFT_LEG,-0.00153973,-0.01104127,0.00750143,-0.08360112,0.07024562,0.31539980,-0.08660275,0.06600817,0.08798484,0.02686484,0.00602958,30.08930063,0.00000000,51.07684597,35.87823508,0.20636102,-0.47401303,1.31373681,0.21288394,-0.47487060,1.31529898,8.93105874,0.00000000
4.53000000,LIFT_LEG,-0.00150475,-0.01101603,0.00746024,-0.08359186,0.07023558,0.31539728,-0.08659454,0.06599919,0.08799773,0.02687418,0.00603892,30.10474432,0.00000000,51.04021999,35.90938615,0.20637623,-0.47409328,1.31391826,0.21289454,-0.47492083,1.31541294,8.92442481,0.00000000
4.54000000,LIFT_LEG,-0.00146774,-0.01098986,0.00741415,-0.08358225,0.07022458,0.31539439,-0.08658598,0.06598929,0.08801097,0.02687695,0.00604169,30.12043999,0.00000000,51.00249346,35.94170336,0.20638773,-0.47415649,1.31406086,0.21290199,-0.47495610,1.31549297,8.91760036,0.00000000
4.55000000,LIFT_LEG,-0.00142936,-0.01096305,0.00736424,-0.08357238,0.07021285,0.31539122,-0.08657715,0.06597869,0.08802450,0.02687388,0.00603862,30.13619095,0.00000000,50.96425510,35.97447686,0.20639584,-0.47420397,1.31416765,0.21290659,-0.47497790,1.31554242,8.91067336,0.00000000
4.56000000,LIFT_LEG,-0.00139026,-0.01093590,0.00731166,-0.08356231,0.07020061,0.31538784,-0.08656809,0.06596757,0.08803825,0.02686572,0.00603046,30.15183318,0.00000000,50.92607048,36.00704836,0.20640089,-0.47423712,1.31424185,0.21290868,-0.47498777,1.31556484,8.90372967,0.00000000
4.57000000,LIFT_LEG,-0.00135106,-0.01090868,0.00725751,-0.08355212,0.07018806,0.31538435,-0.08655888,0.06595614,0.08805216,0.02685325,0.00601799,30.16723107,0.00000000,50.88847543,36.03881874,0.20640322,-0.47425739,1.31428686,0.21290859,-0.47498737,1.31556391,8.89685179,0.00000000
4.58000000,LIFT_LEG,-0.00131237,-0.01088167,0.00720291,-0.08354187,0.07017543,0.31538081,-0.08654958,0.06594460,0.08806614,0.02683724,0.00600198,30.18227405,0.00000000,50.85197134,36.06924473,0.20640319,-0.47426637,1.31430631,0.21290669,-0.47497836,1.31554348,8.89011804,0.00000000
4.59000000,LIFT_LEG,-0.00127473,-0.01085509,0.00714890,-0.08353165,0.07016291,0.31537731,-0.08654026,0.06593313,0.08808013,0.02681848,0.00598322,30.19686615,0.00000000,50.81701760,36.09785701,0.20640117,-0.47426565,1.31430390,0.21290334,-0.47496252,1.31550753,8.88360098,0.00000000
4.60000000,LIFT_LEG,-0.00123865,-0.01082919,0.00709645,-0.08352151,0.07015069,0.31537390,-0.08653097,0.06592190,0.08809406,0.02679773,0.00596248,30.21092240,0.00000000,50.78402646,36.12425202,0.20639751,-0.47425694,1.31428349,0.21289893,-0.47494165,1.31546017,8.87736676,0.00000000
4.61000000,LIFT_LEG,-0.00120456,-0.01080416,0.00704645,-0.08351152,0.07013895,0.31537064,-0.08652179,0.06591107,0.08810784,0.02677579,0.00594053,30.22436582,0.00000000,50.75335888,36.14809559,0.20639261,-0.47424196,1.31424912,0.21289386,-0.47491761,1.31540563,8.87147428,0.00000000
4.62000000,LIFT_LEG,-0.00117285,-0.01078020,0.00699968,-0.08350174,0.07012784,0.31536759,-0.08651277,0.06590079,0.08812140,0.02675340,0.00591814,30.23712444,0.00000000,50.72532146,36.16912356,0.20638684,-0.47422255,1.31420493,0.21288852,-0.47489233,1.31534828,8.86597459,0.00000000
4.63000000,HOLD_LEG,-0.00114382,-0.01075748,0.00695683,-0.08349224,0.07011748,0.31536478,-0.08650396,0.06589118,0.08813468,0.02673132,0.00589606,30.24895226,0.00000000,50.70020762,36.18746662,0.20638061,-0.47420057,1.31415519,0.21288334,-0.47486778,1.31529256,8.86091323,0.00000000
4.64000000,HOLD_LEG,-0.00111773,-0.01073613,0.00691843,-0.08348307,0.07010800,0.31536225,-0.08649543,0.06588235,0.08814760,0.02671025,0.00587499,30.26005212,0.00000000,50.67813739,36.20233325,0.20637432,-0.47417779,1.31410392,0.21287857,-0.47484517,1.31524128,8.85632094,0.00000000
4.65000000,HOLD_LEG,-0.00109483,-0.01071627,0.00688491,-0.08347428,0.07009949,0.31536002,-0.08648723,0.06587438,0.08816009,0.02669072,0.00585546,30.27025489,0.00000000,50.65937264,36.21389009,0.20636833,-0.47415552,1.31405390,0.21287426,-0.47482476,1.31519496,8.85223674,0.00000000
4.66000000,HOLD_LEG,-0.00107525,-0.01069801,0.00685656,-0.08346592,0.07009200,0.31535811,-0.08647940,0.06586734,0.08817210,0.02667308,0.00583782,30.27940990,0.00000000,50.64404120,36.22208275,0.20636292,-0.47413458,1.31400685,0.21287044,-0.47480666,1.31515390,8.84868331,0.00000000
4.67000000,HOLD_LEG,-0.00105912,-0.01068142,0.00683356,-0.08345806,0.07008559,0.31535655,-0.08647200,0.06586128,0.08818355,0.02665756,0.00582230,30.28741640,0.00000000,50.63209042,36.22672028,0.20635821,-0.47411542,1.31396385,0.21286713,-0.47479097,1.31511830,8.84566503,0.00000004
4.68000000,HOLD_LEG,-0.00104641,-0.01066655,0.00681595,-0.08345071,0.07008028,0.31535533,-0.08646507,0.06585621,0.08819440,0.02664426,0.00580900,30.29488872,0.00000000,50.62358911,36.22744448,0.20635427,-0.47409832,1.31392556,0.21286433,-0.47477771,1.31508821,8.84318836,0.00000000
4.69000000,HOLD_LEG,-0.00103701,-0.01065348,0.00680370,-0.08344394,0.07007608,0.31535444,-0.08645863,0.06585215,0.08820460,0.02663324,0.00579798,30.29992900,0.00000000,50.61846640,36.22665881,0.20635108,-0.47408345,1.31389235,0.21286204,-0.47476686,1.31506360,8.84124536,0.00000006
4.70000000,HOLD_LEG,-0.00103079,-0.01064220,0.00679667,-0.08343775,0.07007296,0.31535390,-0.08645273,0.06584909,0.08821410,0.02662447,0.00578921,30.30396709,0.00000000,50.61646546,36.22259736,0.20634859,-0.47407083,1.31386438,0.21286025,-0.47475836,1.31504433,8.83981179,0.00000008
4.71000000,HOLD_LEG,-0.00102758,-0.01063269,0.00679462,-0.08343219,0.07007089,0.31535366,-0.08644738,0.06584699,0.08822288,0.02661789,0.00578263,30.30748651,0.00000000,50.61741535,36.21508240,0.20634673,-0.47406045,1.31384168,0.21285893,-0.47475214,1.31503020,8.83886699,0.00000000
4.72000000,HOLD_LEG,-0.00102714,-0.01062489,0.00679723,-0.08342728,0.07006981,0.31535371,-0.08644262,0.06584581,0.08823090,0.02661338,0.00577812,30.30881227,0.00000000,50.62114145,36.20656831,0.20634546,-0.47405228,1.31382413,0.21285807,-0.47474804,1.31502091,8.83838728,0.00000000
4.73000000,HOLD_LEG,-0.00102923,-0.01061871,0.00680413,-0.08342301,0.07006966,0.31535402,-0.08643845,0.06584549,0.08823816,0.02661082,0.00577556,30.30903990,0.00000000,50.62785150,36.19593613,0.20634473,-0.47404626,1.31381166,0.21285768,-0.47474619,1.31501672,8.83840544,0.00000009
4.74000000,HOLD_LEG,-0.00103360,-0.01061402,0.00681486,-0.08341940,0.07007036,0.31535455,-0.08643489,0.06584596,0.08824464,0.02661004,0.00577478,30.30816980,0.00000000,50.63587765,36.18376694,0.20634449,-0.47404225,1.31380384,0.21285760,-0.47474581,1.31501585,8.83870163,0.00000007
4.75000000,HOLD_LEG,-0.00103998,-0.01061077,0.00682893,-0.08341643,0.07007182,0.31535525,-0.08643192,0.06584714,0.08825034,0.02661082,0.00577556,30.30631121,0.00000000,50.64615671,36.17062322,0.20634468,-0.47404001,1.31379998,0.21285783,-0.47474692,1.31501838,8.83939243,0.00000000
4.76000000,HOLD_LEG,-0.00104804,-0.01060882,0.00684582,-0.08341411,0.07007395,0.31535609,-0.08642955,0.06584894,0.08825528,0.02661300,0.00577774,30.30351496,0.00000000,50.65839940,36.15664072,0.20634525,-0.47403948,1.31380012,0.21285841,-0.47474968,1.31502463,8.84043351,0.00000000
4.77000000,HOLD_LEG,-0.00105745,-0.01060801,0.00686498,-0.08341242,0.07007664,0.31535702,-0.08642776,0.06585127,0.08825947,0.02661639,0.00578113,30.29987831,0.00000000,50.67185565,36.14214907,0.20634620,-0.47404054,1.31380391,0.21285925,-0.47475363,1.31503358,8.84172843,0.00000000
4.78000000,HOLD_LEG,-0.00106790,-0.01060821,0.00688587,-0.08341132,0.07007978,0.31535801,-0.08642654,0.06585404,0.08826294,0.02662075,0.00578549,30.29550013,0.00000000,50.68649859,36.12756228,0.20634742,-0.47404296,1.31381071,0.21286029,-0.47475857,1.31504480,8.84326666,0.00000000
4.79000000,HOLD_LEG,-0.00107909,-0.01060931,0.00690795,-0.08341079,0.07008328,0.31535902,-0.08642585,0.06585716,0.08826571,0.02662589,0.00579063,30.29045546,0.00000000,50.70196973,36.11317192,0.20634887,-0.47404655,1.31382007,0.21286150,-0.47476431,1.31505781,8.84499448,0.00000000
4.80000000,HOLD_LEG,-0.00109073,-0.01061116,0.00693070,-0.08341081,0.07008702,0.31536000,-0.08642569,0.06586052,0.08826782,0.02663159,0.00579633,30.28482951,0.00000000,50.71796926,36.09924938,0.20635049,-0.47405109,1.31383151,0.21286283,-0.47477062,1.31507214,8.84686607,0.00000000
4.81000000,HOLD_LEG,-0.00110252,-0.01061362,0.00695361,-0.08341132,0.07009092,0.31536094,-0.08642600,0.06586403,0.08826932,0.02663767,0.00580241,30.27871108,0.00000000,50.73421270,36.08603386,0.20635222,-0.47405639,1.31384458,0.21286425,-0.47477733,1.31508735,8.84883725,0.00000000
4.82000000,HOLD_LEG,-0.00111421,-0.01061657,0.00697623,-0.08341229,0.07009486,0.31536179,-0.08642675,0.06586761,0.08827025,0.02664394,0.00580868,30.27219106,0.00000000,50.75043081,36.07373192,0.20635403,-0.47406227,1.31385883,0.21286570,-0.47478423,1.31510301,8.85086546,0.00000000
4.83000000,HOLD_LEG,-0.00112556,-0.01061988,0.00699811,-0.08341367,0.07009877,0.31536255,-0.08642790,0.06587117,0.08827067,0.02665022,0.00581496,30.26536179,0.00000000,50.76637289,36.06251698,0.20635586,-0.47406852,1.31387381,0.21286717,-0.47479116,1.31511873,8.85291029,0.00000000
4.84000000,HOLD_LEG,-0.00113636,-0.01062343,0.00701889,-0.08341541,0.07010257,0.31536319,-0.08642941,0.06587464,0.08827063,0.02665637,0.00582111,30.25831669,0.00000000,50.78180977,36.05252864,0.20635767,-0.47407499,1.31388912,0.21286860,-0.47479795,1.31513414,8.85493398,0.00000000
4.85000000,HOLD_LEG,-0.00114644,-0.01062708,0.00703822,-0.08341746,0.07010617,0.31536369,-0.08643122,0.06587795,0.08827018,0.02666225,0.00582699,30.25058507,0.00000000,50.79649761,36.04446972,0.20635942,-0.47408149,1.31390439,0.21286998,-0.47480447,1.31514893,8.85689977,0.00000009
4.86000000,HOLD_LEG,-0.00115564,-0.01063074,0.00705585,-0.08341976,0.07010952,0.31536405,-0.08643329,0.06588104,0.08826940,0.02666772,0.00583246,30.24359951,0.00000000,50.81034217,36.03702145,0.20636110,-0.47408790,1.31391926,0.21287127,-0.47481058,1.31516280,8.85878165,0.00000008
4.87000000,HOLD_LEG,-0.00116381,-0.01063432,0.00707154,-0.08342225,0.07011257,0.31536425,-0.08643557,0.06588387,0.08826834,0.02667270,0.00583744,30.23660191,0.00000000,50.82315732,36.03110567,0.20636267,-0.47409408,1.31393342,0.21287245,-0.47481619,1.31517552,8.86054943,0.00000006
4.88000000,HOLD_LEG,-0.00117086,-0.01063773,0.00708515,-0.08342489,0.07011527,0.31536431,-0.08643800,0.06588638,0.08826707,0.02667710,0.00584184,30.22972346,0.00000000,50.83479938,36.02666231,0.20636409,-0.47409989,1.31394661,0.21287351,-0.47482119,1.31518687,8.86217809,0.00000005
4.89000000,HOLD_LEG,-0.00117675,-0.01064089,0.00709655,-0.08342762,0.07011759,0.31536421,-0.08644053,0.06588856,0.08826564,0.02668085,0.00584559,30.22287668,0.00000000,50.84514364,36.02384343,0.20636534,-0.47410523,1.31395862,0.21287442,-0.47482553,1.31519672,8.86364641,0.00000007
4.90000000,HOLD_LEG,-0.00118142,-0.01064373,0.00710570,-0.08343038,0.07011950,0.31536398,-0.08644311,0.06589037,0.08826412,0.02668391,0.00584865,30.21690818,0.00000000,50.85415810,36.02177294,0.20636643,-0.47411003,1.31396924,0.21287519,-0.47482915,1.31520494,8.86494066,0.00000002
4.91000000,HOLD_LEG,-0.00118489,-0.01064620,0.00711258,-0.08343311,0.07012101,0.31536361,-0.08644569,0.06589181,0.08826256,0.02668623,0.00585097,30.21050025,0.00000000,50.86130203,36.02201680,0.20636731,-0.47411416,1.31397819,0.21287574,-0.47483178,1.31521089,8.86598614,0.00000008
4.92000000,HOLD_LEG,-0.00118713,-0.01064825,0.00711724,-0.08343578,0.07012209,0.31536311,-0.08644822,0.06589287,0.08826102,0.02668784,0.00585258,30.20537379,0.00000000,50.86775996,36.02255567,0.20636802,-0.47411765,1.31398564,0.21287620,-0.47483396,1.31521585,8.86692721,0.00000006
4.93000000,HOLD_LEG,-0.00118819,-0.01064985,0.00711977,-0.08343833,0.07012277,0.31536251,-0.08645067,0.06589355,0.08825955,0.02668871,0.00585345,30.20077668,0.00000000,50.87312647,36.02420349,0.20636854,-0.47412044,1.31399140,0.21287652,-0.47483547,1.31521927,8.86770949,0.00000005
4.94000000,HOLD_LEG,-0.00118811,-0.01065099,0.00712028,-0.08344073,0.07012305,0.31536182,-0.08645298,0.06589386,0.08825819,0.02668889,0.00585363,30.19568656,0.00000000,50.87595658,36.02803655,0.20636885,-0.47412251,1.31399541,0.21287659,-0.47483579,1.31521999,8.86814212,0.00000008
4.95000000,HOLD_LEG,-0.00118701,-0.01065162,0.00711892,-0.08344293,0.07012295,0.31536105,-0.08645511,0.06589383,0.08825699,0.02668837,0.00585311,30.19212069,0.00000000,50.87847863,36.03147879,0.20636896,-0.47412381,1.31399770,0.21287659,-0.47483579,1.31521999,8.86851319,0.00000003
4.96000000,HOLD_LEG,-0.00118494,-0.01065170,0.00711586,-0.08344490,0.07012249,0.31536023,-0.08645704,0.06589347,0.08825598,0.02668726,0.00585200,30.18871099,0.00000000,50.87939965,36.03614445,0.20636893,-0.47412451,1.31399867,0.21287645,-0.47483514,1.31521852,8.86865021,0.00000004
4.97000000,HOLD_LEG,-0.00118202,-0.01065124,0.00711130,-0.08344660,0.07012172,0.31535937,-0.08645874,0.06589282,0.08825520,0.02668555,0.00585029,30.18662526,0.00000000,50.87896357,36.04063726,0.20636873,-0.47412451,1.31399790,0.21287614,-0.47483367,1.31521519,8.86858328,0.00000006
4.98000000,HOLD_LEG,-0.00117836,-0.01065029,0.00710546,-0.08344802,0.07012066,0.31535850,-0.08646017,0.06589190,0.08825468,0.02668330,0.00584804,30.18520965,0.00000000,50.87749869,36.04563234,0.20636836,-0.47412383,1.31399552,0.21287570,-0.47483161,1.31521051,8.86834739,0.00000008
4.99000000,HOLD_LEG,-0.00117406,-0.01064887,0.00709854,-0.08344913,0.07011936,0.31535762,-0.08646132,0.06589074,0.08825444,0.02668058,0.00584532,30.18341709,0.00000000,50.87500505,36.05217227,0.20636786,-0.47412250,1.31399172,0.21287515,-0.47482901,1.31520460,8.86794410,0.00000009
5.00000000,HOLD_LEG,-0.00116923,-0.01064701,0.00709076,-0.08344993,0.07011785,0.31535676,-0.08646217,0.06588939,0.08825449,0.02667746,0.00584220,30.18338756,0.00000000,50.87080907,36.05746236,0.20636721,-0.47412055,1.31398655,0.21287444,-0.47482560,1.31519688,8.86728716,0.00000004
5.01000000,HOLD_LEG,-0.00116400,-0.01064475,0.00708234,-0.08345039,0.07011617,0.31535593,-0.08646272,0.06588789,0.08825485,0.02667401,0.00583875,30.18398050,0.00000000,50.86666262,36.06285006,0.20636644,-0.47411805,1.31398017,0.21287370,-0.47482210,1.31518893,8.86660080,0.00000009
5.02000000,HOLD_LEG,-0.00115847,-0.01064209,0.00707350,-0.08345052,0.07011436,0.31535516,-0.08646295,0.06588626,0.08825550,0.02667031,0.00583505,30.18413041,0.00000000,50.86173986,36.06936576,0.20636559,-0.47411508,1.31397286,0.21287289,-0.47481827,1.31518023,8.86578187,0.00000000
5.03000000,HOLD_LEG,-0.00115275,-0.01063908,0.00706444,-0.08345033,0.07011247,0.31535444,-0.08646286,0.06588454,0.08825646,0.02666642,0.00583116,30.18596884,0.00000000,50.85620592,36.07423826,0.20636467,-0.47411172,1.31396473,0.21287202,-0.47481417,1.31517094,8.86485405,0.00000004
5.04000000,HOLD_LEG,-0.00114694,-0.01063576,0.00705535,-0.08344981,0.07011053,0.31535379,-0.08646248,0.06588277,0.08825772,0.02666241,0.00582715,30.18826638,0.00000000,50.85022208,36.07892012,0.20636369,-0.47410804,1.31395593,0.21287112,-0.47480987,1.31516119,8.86383827,0.00000007
5.05000000,HOLD_LEG,-0.00114114,-0.01063217,0.00704641,-0.08344899,0.07010858,0.31535323,-0.08646179,0.06588099,0.08825926,0.02665835,0.00582309,30.19096552,0.00000000,50.84390305,36.08332321,0.20636267,-0.47410410,1.31394659,0.21287018,-0.47480545,1.31515116,8.86275179,0.00000010
5.06000000,HOLD_LEG,-0.00113544,-0.01062837,0.00703778,-0.08344787,0.07010664,0.31535276,-0.08646082,0.06587922,0.08826106,0.02665429,0.00581903,30.19333635,0.00000000,50.83734601,36.08812923,0.20636163,-0.47409996,1.31393688,0.21286924,-0.47480097,1.31514098,8.86161082,0.00000003
5.07000000,HOLD_LEG,-0.00112991,-0.01062440,0.00702961,-0.08344647,0.07010476,0.31535238,-0.08645959,0.06587748,0.08826312,0.02665028,0.00581502,30.19677474,0.00000000,50.83066394,36.09159268,0.20636058,-0.47409568,1.31392693,0.21286829,-0.47479648,1.31513080,8.86043209,0.00000004
5.08000000,HOLD_LEG,-0.00112462,-0.01062030,0.00702200,-0.08344483,0.07010294,0.31535210,-0.08645811,0.06587581,0.08826539,0.02664639,0.00581113,30.20014251,0.00000000,50.82396087,36.09498609,0.20635954,-0.47409131,1.31391688,0.21286735,-0.47479203,1.31512072,8.85923232,0.00000002
5.09000000,HOLD_LEG,-0.00111962,-0.01061611,0.00701505,-0.08344296,0.07010123,0.31535192,-0.08645641,0.06587423,0.08826787,0.02664264,0.00580738,30.20413589,0.00000000,50.81731139,36.09731993,0.20635851,-0.47408692,1.31390687,0.21286643,-0.47478769,1.31511086,8.85802531,0.00000003
5.10000000,HOLD_LEG,-0.00111497,-0.01061189,0.00700883,-0.08344090,0.07009963,0.31535183,-0.08645452,0.06587274,0.08827051,0.02663908,0.00580382,30.20775947,0.00000000,50.81085894,36.09990526,0.20635753,-0.47408256,1.31389700,0.21286555,-0.47478348,1.31510132,8.85682965,0.00000000
5.11000000,HOLD_LEG,-0.00111072,-0.01060765,0.00700340,-0.08343868,0.07009815,0.31535183,-0.08645246,0.06587137,0.08827330,0.02663573,0.00580047,30.21223745,0.00000000,50.80452131,36.10076198,0.20635656,-0.47407826,1.31388739,0.21286470,-0.47477946,1.31509218,8.85564802,0.00000001
5.12000000,HOLD_LEG,-0.00110688,-0.01060343,0.00699877,-0.08343632,0.07009682,0.31535192,-0.08645026,0.06587013,0.08827619,0.02663262,0.00579736,30.21625543,0.00000000,50.79851496,36.10184633,0.20635566,-0.47407408,1.31387811,0.21286389,-0.47477563,1.31508350,8.85450313,0.00000004
5.13000000,HOLD_LEG,-0.00110347,-0.01059927,0.00699495,-0.08343385,0.07009564,0.31535208,-0.08644796,0.06586902,0.08827916,0.02662975,0.00579449,30.22064899,0.00000000,50.79289175,36.10209166,0.20635482,-0.47407006,1.31386924,0.21286313,-0.47477203,1.31507533,8.85340501,0.00000005
5.14000000,HOLD_LEG,-0.00110046,-0.01059522,0.00699195,-0.08343132,0.07009460,0.31535231,-0.08644559,0.06586804,0.08828218,0.02662713,0.00579187,30.22456912,0.00000000,50.78767557,36.10233491,0.20635405,-0.47406623,1.31386084,0.21286242,-0.47476867,1.31506772,8.85236112,0.00000010
5.15000000,HOLD_LEG,-0.00109785,-0.01059131,0.00698974,-0.08342875,0.07009372,0.31535260,-0.08644317,0.06586721,0.08828521,0.02662479,0.00578953,30.22888557,0.00000000,50.78352270,36.10159435,0.20635334,-0.47406267,1.31385309,0.21286183,-0.47476587,1.31506136,8.85145829,0.00000009
5.16000000,HOLD_LEG,-0.00109564,-0.01058756,0.00698828,-0.08342618,0.07009298,0.31535294,-0.08644073,0.06586651,0.08828822,0.02662270,0.00578744,30.23268510,0.00000000,50.77906684,36.10086990,0.20635268,-0.47405931,1.31384584,0.21286122,-0.47476300,1.31505485,8.85052694,0.00000009
5.17000000,HOLD_LEG,-0.00109383,-0.01058401,0.00698752,-0.08342363,0.07009238,0.31535331,-0.08643832,0.06586593,0.08829118,0.02662086,0.00578560,30.23694241,0.00000000,50.77514366,36.09902353,0.20635207,-0.47405617,1.31383912,0.21286068,-0.47476041,1.31504898,8.84967554,0.00000008
5.18000000,HOLD_LEG,-0.00109239,-0.01058066,0.00698740,-0.08342114,0.07009191,0.31535372,-0.08643594,0.06586548,0.08829407,0.02661927,0.00578401,30.23984321,0.00000000,50.77175068,36.09831338,0.20635153,-0.47405327,1.31383297,0.21286019,-0.47475810,1.31504372,8.84890573,0.00000007
5.19000000,HOLD_LEG,-0.00109129,-0.01057753,0.00698784,-0.08341873,0.07009157,0.31535414,-0.08643364,0.06586514,0.08829686,0.02661790,0.00578264,30.24349628,0.00000000,50.76884021,36.09607376,0.20635104,-0.47405062,1.31382742,0.21285976,-0.47475605,1.31503908,8.84821575,0.00000006
5.20000000,HOLD_LEG,-0.00109051,-0.01057463,0.00698876,-0.08341643,0.07009134,0.31535457,-0.08643144,0.06586491,0.08829953,0.02661676,0.00578150,30.24577050,0.00000000,50.76646821,36.09508731,0.20635063,-0.47404823,1.31382247,0.21285938,-0.47475426,1.31503502,8.84761197,0.00000006
5.21000000,HOLD_LEG,-0.00109001,-0.01057195,0.00699009,-0.08341426,0.07009121,0.31535499,-0.08642935,0.06586477,0.08830205,0.02661582,0.00578056,30.24883070,0.00000000,50.76448581,36.09254608,0.20635028,-0.47404612,1.31381814,0.21285905,-0.47475271,1.31503151,8.84707968,0.00000004
5.22000000,HOLD_LEG,-0.00108976,-0.01056952,0.00699175,-0.08341223,0.07009117,0.31535539,-0.08642740,0.06586472,0.08830441,0.02661505,0.00577979,30.25041146,0.00000000,50.76336882,36.09147361,0.20634998,-0.47404428,1.31381438,0.21285880,-0.47475152,1.31502880,8.84667898,0.00000008
5.23000000,HOLD_LEG,-0.00108972,-0.01056732,0.00699366,-0.08341037,0.07009121,0.31535577,-0.08642560,0.06586473,0.08830660,0.02661444,0.00577918,30.25276325,0.00000000,50.76259504,36.08895037,0.20634974,-0.47404268,1.31381113,0.21285859,-0.47475051,1.31502650,8.84634537,0.00000010
5.24000000,HOLD_LEG,-0.00108985,-0.01056538,0.00699575,-0.08340869,0.07009130,0.31535612,-0.08642397,0.06586481,0.08830859,0.02661397,0.00577871,30.25362145,0.00000000,50.76158581,36.08792883,0.20634954,-0.47404130,1.31380836,0.21285836,-0.47474941,1.31502402,8.84600265,0.00000006
5.25000000,HOLD_LEG,-0.00109014,-0.01056367,0.00699793,-0.08340720,0.07009145,0.31535643,-0.08642251,0.06586493,0.08831039,0.02661362,0.00577836,30.25519281,0.00000000,50.76145831,36.08561488,0.20634937,-0.47404016,1.31380609,0.21285821,-0.47474870,1.31502241,8.84579795,0.00000002
5.26000000,HOLD_LEG,-0.00109054,-0.01056220,0.00700015,-0.08340591,0.07009164,0.31535670,-0.08642124,0.06586509,0.08831199,0.02661337,0.00577811,30.25538534,0.00000000,50.76224710,36.08476513,0.20634925,-0.47403923,1.31380427,0.21285814,-0.47474836,1.31502164,8.84573304,0.00000008
5.27000000,HOLD_LEG,-0.00109102,-0.01056097,0.00700234,-0.08340481,0.07009185,0.31535692,-0.08642016,0.06586528,0.08831338,0.02661320,0.00577794,30.25617339,0.00000000,50.76298340,36.08281203,0.20634916,-0.47403849,1.31380285,0.21285807,-0.47474803,1.31502090,8.84568531,0.00000009
5.28000000,HOLD_LEG,-0.00109158,-0.01055995,0.00700446,-0.08340392,0.07009208,0.31535708,-0.08641928,0.06586548,0.08831456,0.02661309,0.00577783,30.25621712,0.00000000,50.76375999,36.08155323,0.20634909,-0.47403791,1.31380173,0.21285799,-0.47474769,1.31502012,8.84566574,0.00000005
5.29000000,HOLD_LEG,-0.00109216,-0.01055913,0.00700645,-0.08340322,0.07009232,0.31535719,-0.08641858,0.06586569,0.08831554,0.02661305,0.00577779,30.25587931,0.00000000,50.76517766,36.08053794,0.20634906,-0.47403755,1.31380109,0.21285799,-0.47474769,1.31502012,8.84574950,0.00000009
5.30000000,HOLD_LEG,-0.00109278,-0.01055851,0.00700829,-0.08340273,0.07009255,0.31535725,-0.08641807,0.06586591,0.08831632,0.02661302,0.00577776,30.25467013,0.00000000,50.76613950,36.08051860,0.20634904,-0.47403728,1.31380051,0.21285793,-0.47474738,1.31501940,8.84579574,0.00000007
5.31000000,HOLD_LEG,-0.00109342,-0.01055811,0.00700994,-0.08340242,0.07009279,0.31535725,-0.08641774,0.06586611,0.08831692,0.02661301,0.00577775,30.25427459,0.00000000,50.76789407,36.07937246,0.20634902,-0.47403708,1.31380009,0.21285793,-0.47474738,1.31501940,8.84596082,0.00000004
5.32000000,HOLD_LEG,-0.00109406,-0.01055790,0.00701138,-0.08340229,0.07009301,0.31535720,-0.08641759,0.06586632,0.08831734,0.02661302,0.00577776,30.25296221,0.00000000,50.76967286,36.07926325,0.20634902,-0.47403698,1.31379985,0.21285793,-0.47474738,1.31501940,8.84614624,0.00000010
5.33000000,HOLD_LEG,-0.00109465,-0.01055783,0.00701259,-0.08340232,0.07009321,0.31535711,-0.08641759,0.06586650,0.08831758,0.02661307,0.00577781,30.25160754,0.00000000,50.77193553,36.07898793,0.20634905,-0.47403705,1.31380005,0.21285800,-0.47474771,1.31502015,8.84641246,0.00000007
5.34000000,HOLD_LEG,-0.00109523,-0.01055788,0.00701359,-0.08340252,0.07009340,0.31535696,-0.08641775,0.06586668,0.08831767,0.02661312,0.00577786,30.25034984,0.00000000,50.77421904,36.07852412,0.20634909,-0.47403722,1.31380042,0.21285807,-0.47474804,1.31502091,8.84669855,0.00000006
5.35000000,HOLD_LEG,-0.00109576,-0.01055807,0.00701437,-0.08340286,0.07009357,0.31535678,-0.08641805,0.06586683,0.08831761,0.02661317,0.00577791,30.24826430,0.00000000,50.77650972,36.07899484,0.20634914,-0.47403749,1.31380092,0.21285814,-0.47474839,1.31502170,8.84699982,0.00000007
5.36000000,HOLD_LEG,-0.00109628,-0.01055835,0.00701494,-0.08340332,0.07009372,0.31535656,-0.08641847,0.06586697,0.08831742,0.02661322,0.00577796,30.24713125,0.00000000,50.77868394,36.07835529,0.20634920,-0.47403782,1.31380155,0.21285821,-0.47474871,1.31502242,8.84729892,0.00000007
5.37000000,HOLD_LEG,-0.00109672,-0.01055876,0.00701534,-0.08340389,0.07009384,0.31535632,-0.08641900,0.06586708,0.08831713,0.02661326,0.00577800,30.24493996,0.00000000,50.78096697,36.07910925,0.20634928,-0.47403824,1.31380224,0.21285828,-0.47474905,1.31502320,8.84761737,0.00000009
5.38000000,HOLD_LEG,-0.00109713,-0.01055925,0.00701558,-0.08340456,0.07009395,0.31535605,-0.08641962,0.06586718,0.08831674,0.02661332,0.00577806,30.24298598,0.00000000,50.78385983,36.07945413,0.20634934,-0.47403869,1.31380309,0.21285842,-0.47474971,1.31502470,8.84802633,0.00000001
5.39000000,HOLD_LEG,-0.00109750,-0.01055982,0.00701566,-0.08340530,0.07009403,0.31535577,-0.08642032,0.06586726,0.08831627,0.02661337,0.00577811,30.24107626,0.00000000,50.78587555,36.07977665,0.20634941,-0.47403917,1.31380397,0.21285850,-0.47475006,1.31502550,8.84832870,0.00000004
5.40000000,HOLD_LEG,-0.00109784,-0.01056045,0.00701563,-0.08340611,0.07009409,0.31535548,-0.08642108,0.06586732,0.08831573,0.02661343,0.00577817,30.23920631,0.00000000,50.78788475,36.08014104,0.20634949,-0.47403966,1.31380487,0.21285857,-0.47475042,1.31502632,8.84863493,0.00000007
5.41000000,HOLD_LEG,-0.00109815,-0.01056112,0.00701550,-0.08340695,0.07009414,0.31535518,-0.08642188,0.06586736,0.08831515,0.02661349,0.00577823,30.23679711,0.00000000,50.79040085,36.08102327,0.20634956,-0.47404018,1.31380587,0.21285871,-0.47475107,1.31502778,8.84901506,0.00000002
5.42000000,HOLD_LEG,-0.00109846,-0.01056178,0.00701529,-0.08340782,0.07009417,0.31535489,-0.08642271,0.06586739,0.08831454,0.02661356,0.00577830,30.23526575,0.00000000,50.79203772,36.08110921,0.20634964,-0.47404070,1.31380687,0.21285878,-0.47475139,1.31502851,8.84928149,0.00000007
5.43000000,HOLD_LEG,-0.00109875,-0.01056245,0.00701503,-0.08340870,0.07009420,0.31535460,-0.08642354,0.06586741,0.08831392,0.02661363,0.00577837,30.23315240,0.00000000,50.79442455,36.08187087,0.20634974,-0.47404123,1.31380787,0.21285891,-0.47475203,1.31502996,8.84964826,0.00000003
5.44000000,HOLD_LEG,-0.00109902,-0.01056311,0.00701473,-0.08340958,0.07009422,0.31535433,-0.08642438,0.06586743,0.08831329,0.02661372,0.00577846,30.23182399,0.00000000,50.79594261,36.08198068,0.20634984,-0.47404177,1.31380887,0.21285899,-0.47475238,1.31503077,8.84989692,0.00000008
5.45000000,HOLD_LEG,-0.00109929,-0.01056375,0.00701442,-0.08341043,0.07009423,0.31535406,-0.08642519,0.06586744,0.08831268,0.02661380,0.00577854,30.22999368,0.00000000,50.79730612,36.08258946,0.20634994,-0.47404228,1.31380984,0.21285906,-0.47475273,1.31503155,8.85012820,0.00000005
5.46000000,HOLD_LEG,-0.00109953,-0.01056437,0.00701413,-0.08341124,0.07009424,0.31535382,-0.08642598,0.06586745,0.08831210,0.02661389,0.00577863,30.22887858,0.00000000,50.79866672,36.08271488,0.20635004,-0.47404279,1.31381078,0.21285913,-0.47475307,1.31503232,8.85035070,0.00000009
5.47000000,HOLD_LEG,-0.00109978,-0.01056494,0.00701385,-0.08341201,0.07009425,0.31535360,-0.08642672,0.06586746,0.08831155,0.02661398,0.00577872,30.22736908,0.00000000,50.79980745,36.08320082,0.20635012,-0.47404325,1.31381168,0.21285920,-0.47475339,1.31503304,8.85054655,0.00000010
5.48000000,HOLD_LEG,-0.00110000,-0.01056548,0.00701363,-0.08341273,0.07009427,0.31535340,-0.08642741,0.06586747,0.08831104,0.02661408,0.00577882,30.22650367,0.00000000,50.80179664,36.08327645,0.20635022,-0.47404372,1.31381259,0.21285934,-0.47475405,1.31503456,8.85084103,0.00000009
5.49000000,HOLD_LEG,-0.00110022,-0.01056595,0.00701345,-0.08341338,0.07009428,0.31535323,-0.08642804,0.06586748,0.08831059,0.02661419,0.00577893,30.22524761,0.00000000,50.80272954,36.08367646,0.20635029,-0.47404413,1.31381341,0.21285941,-0.47475439,1.31503531,8.85099967,0.00000003
5.50000000,HOLD_LEG,-0.00110044,-0.01056636,0.00701333,-0.08341396,0.07009430,0.31535309,-0.08642860,0.06586750,0.08831021,0.02661430,0.00577904,30.22468221,0.00000000,50.80278200,36.08359585,0.20635037,-0.47404451,1.31381416,0.21285941,-0.47475439,1.31503531,8.85103298,0.00000009
5.51000000,HOLD_LEG,-0.00110062,-0.01056671,0.00701329,-0.08341445,0.07009433,0.31535298,-0.08642909,0.06586752,0.08830988,0.02661442,0.00577916,30.22416524,0.00000000,50.80354665,36.08355649,0.20635046,-0.47404488,1.31381490,0.21285948,-0.47475471,1.31503604,8.85115097,0.00000008
5.52000000,HOLD_LEG,-0.00110079,-0.01056701,0.00701331,-0.08341487,0.07009436,0.31535290,-0.08642950,0.06586754,0.08830963,0.02661454,0.00577928,30.22314398,0.00000000,50.80415643,36.08403773,0.20635051,-0.47404519,1.31381556,0.21285955,-0.47475504,1.31503679,8.85124656,0.00000004
5.53000000,HOLD_LEG,-0.00110101,-0.01056718,0.00701339,-0.08341521,0.07009439,0.31535285,-0.08642983,0.06586757,0.08830945,0.02661465,0.00577939,30.22312810,0.00000000,50.80489966,36.08364101,0.20635055,-0.47404541,1.31381606,0.21285961,-0.47475536,1.31503751,8.85135355,0.00000000
5.54000000,HOLD_LEG,-0.00110118,-0.01056727,0.00701353,-0.08341545,0.07009443,0.31535283,-0.08643008,0.06586761,0.08830934,0.02661477,0.00577951,30.22307864,0.00000000,50.80449502,36.08337086,0.20635063,-0.47404565,1.31381661,0.21285961,-0.47475536,1.31503751,8.85130199,0.00000004
5.55000000,HOLD_LEG,-0.00110134,-0.01056729,0.00701373,-0.08341561,0.07009447,0.31535283,-0.08643025,0.06586764,0.08830931,0.02661486,0.00577960,30.22313092,0.00000000,50.80434120,36.08319137,0.20635068,-0.47404581,1.31381692,0.21285961,-0.47475536,1.31503751,8.85127549,0.00000007
5.56000000,HOLD_LEG,-0.00110149,-0.01056723,0.00701398,-0.08341569,0.07009451,0.31535286,-0.08643033,0.06586768,0.08830935,0.02661494,0.00577968,30.22329875,0.00000000,50.80415305,36.08299470,0.20635071,-0.47404589,1.31381710,0.21285961,-0.47475536,1.31503751,8.85123664,0.00000008
5.57000000,HOLD_LEG,-0.00110160,-0.01056710,0.00701426,-0.08341568,0.07009455,0.31535291,-0.08643033,0.06586772,0.08830946,0.02661500,0.00577974,30.22437726,0.00000000,50.80389415,36.08181468,0.20635074,-0.47404592,1.31381720,0.21285961,-0.47475536,1.31503751,8.85118154,0.00000008
5.58000000,HOLD_LEG,-0.00110164,-0.01056692,0.00701458,-0.08341559,0.07009460,0.31535298,-0.08643026,0.06586776,0.08830965,0.02661505,0.00577979,30.22436153,0.00000000,50.80364893,36.08223310,0.20635077,-0.47404594,1.31381726,0.21285961,-0.47475536,1.31503751,8.85111628,0.00000006
5.59000000,HOLD_LEG,-0.00110165,-0.01056665,0.00701492,-0.08341543,0.07009463,0.31535307,-0.08643012,0.06586780,0.08830989,0.02661508,0.00577983,30.22470670,0.00000000,50.80319669,36.08202576,0.20635077,-0.47404591,1.31381731,0.21285961,-0.47475536,1.31503751,8.85102580,0.00000007
5.60000000,HOLD_LEG,-0.00110161,-0.01056629,0.00701527,-0.08341520,0.07009466,0.31535318,-0.08642991,0.06586782,0.08831018,0.02661511,0.00577985,30.22575753,0.00000000,50.80272660,36.08125353,0.20635078,-0.47404588,1.31381734,0.21285961,-0.47475536,1.31503751,8.85092534,0.00000003
5.61000000,HOLD_LEG,-0.00110150,-0.01056587,0.00701563,-0.08341492,0.07009468,0.31535330,-0.08642965,0.06586784,0.08831053,0.02661510,0.00577984,30.22608912,0.00000000,50.80141908,36.08122900,0.20635079,-0.47404582,1.31381728,0.21285954,-0.47475504,1.31503678,8.85071568,0.00000007
5.62000000,HOLD_LEG,-0.00110138,-0.01056538,0.00701597,-0.08341457,0.07009469,0.31535343,-0.08642932,0.06586785,0.08831093,0.02661505,0.00577979,30.22728161,0.00000000,50.80113480,36.08050721,0.20635076,-0.47404567,1.31381702,0.21285954,-0.47475504,1.31503678,8.85063092,0.00000010
5.63000000,MOVE_LEG_FORWARD,-0.00110120,-0.01056486,0.00701629,-0.08341418,0.07009468,0.31535357,-0.08642896,0.06586785,0.08831137,0.02661496,0.00577970,30.22767029,0.00000000,50.80010174,36.08072308,0.20635072,-0.47404544,1.31381653,0.21285947,-0.47475470,1.31503601,8.85044586,0.00000009
5.64000000,MOVE_LEG_FORWARD,-0.00110099,-0.01056429,0.00701656,-0.08341374,0.07009466,0.31535371,-0.08642855,0.06586783,0.08831184,0.02661484,0.00577958,30.22892987,0.00000000,50.79830366,36.08008774,0.20635067,-0.47404512,1.31381589,0.21285933,-0.47475404,1.31503451,8.85015667,0.00000002
5.65000000,MOVE_LEG_FORWARD,-0.00110071,-0.01056369,0.00701677,-0.08341327,0.07009462,0.31535385,-0.08642810,0.06586780,0.08831235,0.02661468,0.00577942,30.22939561,0.00000000,50.79752480,36.08039659,0.20635061,-0.47404475,1.31381514,0.21285926,-0.47475371,1.31503378,8.84999808,0.00000006
5.66000000,MOVE_LEG_FORWARD,-0.00110041,-0.01056304,0.00701691,-0.08341277,0.07009457,0.31535399,-0.08642764,0.06586776,0.08831288,0.02661448,0.00577922,30.23077949,0.00000000,50.79666403,36.07974193,0.20635053,-0.47404432,1.31381432,0.21285919,-0.47475336,1.31503299,8.84982617,0.00000006
5.67000000,MOVE_LEG_FORWARD,-0.00110003,-0.01056238,0.00701698,-0.08341225,0.07009451,0.31535411,-0.08642715,0.06586770,0.08831342,0.02661424,0.00577898,30.23123791,0.00000000,50.79500413,36.08018033,0.20635046,-0.47404388,1.31381340,0.21285905,-0.47475269,1.31503146,8.84954827,0.00000005
5.68000000,MOVE_LEG_FORWARD,-0.00109963,-0.01056167,0.00701696,-0.08341173,0.07009443,0.31535423,-0.08642665,0.06586763,0.08831397,0.02661396,0.00577870,30.23194544,0.00000000,50.79430978,36.08031765,0.20635035,-0.47404337,1.31381237,0.21285897,-0.47475233,1.31503065,8.84939928,0.00000010
5.69000000,MOVE_LEG_FORWARD,-0.00109917,-0.01056096,0.00701687,-0.08341119,0.07009433,0.31535434,-0.08642614,0.06586754,0.08831453,0.02661364,0.00577838,30.23313799,0.00000000,50.79298929,36.08013555,0.20635026,-0.47404285,1.31381125,0.21285884,-0.47475168,1.31502916,8.84916130,0.00000003
5.70000000,MOVE_LEG_FORWARD,-0.00109868,-0.01056023,0.00701668,-0.08341066,0.07009422,0.31535444,-0.08642564,0.06586744,0.08831508,0.02661329,0.00577803,30.23378338,0.00000000,50.79243040,36.08039478,0.20635014,-0.47404231,1.31381010,0.21285876,-0.47475134,1.31502839,8.84902797,0.00000009
5.71000000,MOVE_LEG_FORWARD,-0.00109817,-0.01055949,0.00701640,-0.08341014,0.07009410,0.31535452,-0.08642514,0.06586733,0.08831562,0.02661291,0.00577765,30.23521507,0.00000000,50.79112469,36.07982549,0.20635001,-0.47404171,1.31380884,0.21285862,-0.47475064,1.31502680,8.84879826,0.00000006
5.72000000,MOVE_LEG_FORWARD,-0.00109760,-0.01055877,0.00701605,-0.08340962,0.07009396,0.31535458,-0.08642465,0.06586721,0.08831616,0.02661250,0.00577724,30.23556339,0.00000000,50.78983356,36.08058834,0.20634989,-0.47404114,1.31380754,0.21285846,-0.47474991,1.31502516,8.84856783,0.00000003
5.73000000,MOVE_LEG_FORWARD,-0.00109702,-0.01055807,0.00701562,-0.08340913,0.07009381,0.31535464,-0.08642419,0.06586708,0.08831667,0.02661207,0.00577681,30.23612196,0.00000000,50.78944763,36.08093974,0.20634975,-0.47404054,1.31380625,0.21285839,-0.47474955,1.31502433,8.84846054,0.00000010
5.74000000,MOVE_LEG_FORWARD,-0.00109645,-0.01055736,0.00701513,-0.08340867,0.07009366,0.31535467,-0.08642374,0.06586694,0.08831716,0.02661162,0.00577636,30.23668615,0.00000000,50.78826683,36.08126262,0.20634959,-0.47403991,1.31380487,0.21285823,-0.47474883,1.31502269,8.84825394,0.00000007
5.75000000,MOVE_LEG_FORWARD,-0.00109589,-0.01055667,0.00701457,-0.08340823,0.07009349,0.31535470,-0.08642333,0.06586679,0.08831762,0.02661116,0.00577590,30.23721993,0.00000000,50.78710505,36.08156937,0.20634945,-0.47403930,1.31380352,0.21285808,-0.47474811,1.31502107,8.84805224,0.00000008
5.76000000,MOVE_LEG_FORWARD,-0.00109533,-0.01055601,0.00701396,-0.08340782,0.07009333,0.31535471,-0.08642294,0.06586664,0.08831806,0.02661069,0.00577543,30.23851495,0.00000000,50.78693314,36.08096217,0.20634932,-0.47403871,1.31380221,0.21285801,-0.47474776,1.31502027,8.84798021,0.00000009
5.77000000,MOVE_LEG_FORWARD,-0.00109473,-0.01055543,0.00701333,-0.08340745,0.07009316,0.31535470,-0.08642258,0.06586649,0.08831847,0.02661022,0.00577496,30.23853736,0.00000000,50.78612370,36.08201360,0.20634920,-0.47403815,1.31380083,0.21285786,-0.47474708,1.31501872,8.84782227,0.00000005
5.78000000,MOVE_LEG_FORWARD,-0.00109415,-0.01055491,0.00701268,-0.08340711,0.07009299,0.31535469,-0.08642226,0.06586633,0.08831884,0.02660977,0.00577451,30.23874676,0.00000000,50.78505056,36.08244218,0.20634905,-0.47403759,1.31379957,0.21285772,-0.47474639,1.31501716,8.84763894,0.00000001
5.79000000,MOVE_LEG_FORWARD,-0.00109360,-0.01055442,0.00701202,-0.08340682,0.07009282,0.31535466,-0.08642198,0.06586617,0.08831917,0.02660932,0.00577406,30.23894412,0.00000000,50.78502059,36.08284888,0.20634890,-0.47403703,1.31379833,0.21285765,-0.47474604,1.31501637,8.84759688,0.00000005
5.80000000,MOVE_LEG_FORWARD,-0.00109309,-0.01055398,0.00701137,-0.08340656,0.07009265,0.31535463,-0.08642173,0.06586602,0.08831946,0.02660890,0.00577364,30.23908696,0.00000000,50.78489887,36.08319563,0.20634877,-0.47403653,1.31379720,0.21285758,-0.47474571,1.31501562,8.84754671,0.00000008
5.81000000,MOVE_LEG_FORWARD,-0.00109263,-0.01055358,0.00701073,-0.08340635,0.07009249,0.31535459,-0.08642153,0.06586587,0.08831972,0.02660851,0.00577325,30.23916476,0.00000000,50.78386688,36.08350925,0.20634866,-0.47403605,1.31379612,0.21285743,-0.47474503,1.31501408,8.84738313,0.00000004
5.82000000,MOVE_LEG_FORWARD,-0.00109221,-0.01055323,0.00701011,-0.08340617,0.07009234,0.31535454,-0.08642136,0.06586573,0.08831994,0.02660813,0.00577287,30.23918571,0.00000000,50.78379944,36.08382487,0.20634856,-0.47403562,1.31379512,0.21285736,-0.47474470,1.31501333,8.84734879,0.00000005
5.83000000,MOVE_LEG_FORWARD,-0.00109184,-0.01055293,0.00700954,-0.08340604,0.07009220,0.31535448,-0.08642123,0.06586560,0.08832013,0.02660779,0.00577253,30.23914770,0.00000000,50.78367719,36.08411169,0.20634847,-0.47403524,1.31379422,0.21285729,-0.47474437,1.31501259,8.84731087,0.00000006
5.84000000,MOVE_LEG_FORWARD,-0.00109152,-0.01055269,0.00700900,-0.08340594,0.07009207,0.31535442,-0.08642113,0.06586548,0.08832027,0.02660749,0.00577223,30.23905700,0.00000000,50.78429982,36.08436958,0.20634839,-0.47403492,1.31379348,0.21285729,-0.47474437,1.31501259,8.84737279,0.00000010
5.85000000,MOVE_LEG_FORWARD,-0.00109126,-0.01055250,0.00700853,-0.08340588,0.07009196,0.31535436,-0.08642108,0.06586538,0.08832039,0.02660721,0.00577195,30.23890772,0.00000000,50.78419936,36.08462295,0.20634832,-0.47403461,1.31379273,0.21285723,-0.47474405,1.31501185,8.84734543,0.00000008
5.86000000,MOVE_LEG_FORWARD,-0.00109104,-0.01055236,0.00700811,-0.08340586,0.07009186,0.31535429,-0.08642105,0.06586528,0.08832047,0.02660699,0.00577173,30.23870304,0.00000000,50.78397566,36.08481045,0.20634827,-0.47403438,1.31379215,0.21285716,-0.47474373,1.31501112,8.84730652,0.00000009
5.87000000,MOVE_LEG_FORWARD,-0.00109091,-0.01055227,0.00700776,-0.08340587,0.07009178,0.31535423,-0.08642106,0.06586520,0.08832051,0.02660679,0.00577153,30.23785772,0.00000000,50.78446414,36.08552267,0.20634820,-0.47403416,1.31379167,0.21285716,-0.47474373,1.31501112,8.84736619,0.00000005
5.88000000,MOVE_LEG_FORWARD,-0.00109087,-0.01055216,0.00700746,-0.08340591,0.07009172,0.31535416,-0.08642109,0.06586514,0.08832053,0.02660665,0.00577139,30.23784879,0.00000000,50.78479992,36.08525532,0.20634817,-0.47403402,1.31379140,0.21285716,-0.47474373,1.31501112,8.84741018,0.00000007
5.89000000,MOVE_LEG_FORWARD,-0.00109087,-0.01055210,0.00700724,-0.08340597,0.07009168,0.31535410,-0.08642115,0.06586510,0.08832053,0.02660654,0.00577128,30.23765782,0.00000000,50.78517380,36.08522566,0.20634817,-0.47403398,1.31379124,0.21285716,-0.47474373,1.31501112,8.84745935,0.00000008
5.90000000,MOVE_LEG_FORWARD,-0.00109091,-0.01055208,0.00700710,-0.08340605,0.07009166,0.31535403,-0.08642123,0.06586508,0.08832050,0.02660647,0.00577121,30.23739684,0.00000000,50.78556056,36.08522051,0.20634818,-0.47403398,1.31379114,0.21285716,-0.47474373,1.31501112,8.84751161,0.00000008
5.91000000,MOVE_LEG_FORWARD,-0.00109101,-0.01055212,0.00700703,-0.08340616,0.07009165,0.31535397,-0.08642132,0.06586507,0.08832046,0.02660642,0.00577116,30.23709183,0.00000000,50.78595794,36.08521322,0.20634818,-0.47403399,1.31379108,0.21285716,-0.47474373,1.31501112,8.84756667,0.00000006
5.92000000,MOVE_LEG_FORWARD,-0.00109117,-0.01055221,0.00700704,-0.08340628,0.07009167,0.31535392,-0.08642144,0.06586508,0.08832039,0.02660641,0.00577115,30.23675867,0.00000000,50.78636400,36.08518923,0.20634818,-0.47403400,1.31379104,0.21285716,-0.47474373,1.31501112,8.84762420,0.00000005
5.93000000,MOVE_LEG_FORWARD,-0.00109138,-0.01055235,0.00700713,-0.08340641,0.07009171,0.31535386,-0.08642156,0.06586511,0.08832032,0.02660644,0.00577118,30.23641094,0.00000000,50.78677729,36.08513871,0.20634817,-0.47403401,1.31379102,0.21285716,-0.47474373,1.31501112,8.84768387,0.00000006
5.94000000,MOVE_LEG_FORWARD,-0.00109164,-0.01055254,0.00700728,-0.08340656,0.07009176,0.31535382,-0.08642170,0.06586516,0.08832023,0.02660649,0.00577123,30.23606044,0.00000000,50.78719708,36.08505627,0.20634817,-0.47403401,1.31379102,0.21285716,-0.47474373,1.31501112,8.84774544,0.00000009
5.95000000,MOVE_LEG_FORWARD,-0.00109194,-0.01055274,0.00700749,-0.08340672,0.07009183,0.31535377,-0.08642184,0.06586522,0.08832013,0.02660660,0.00577134,30.23570214,0.00000000,50.78805940,36.08482803,0.20634820,-0.47403412,1.31379133,0.21285723,-0.47474406,1.31501188,8.84786641,0.00000008
5.96000000,MOVE_LEG_FORWARD,-0.00109226,-0.01055294,0.00700776,-0.08340688,0.07009191,0.31535374,-0.08642200,0.06586529,0.08832001,0.02660674,0.00577148,30.23534334,0.00000000,50.78890788,36.08457934,0.20634824,-0.47403428,1.31379172,0.21285730,-0.47474440,1.31501264,8.84798823,0.00000010
5.97000000,MOVE_LEG_FORWARD,-0.00109257,-0.01055320,0.00700811,-0.08340704,0.07009200,0.31535371,-0.08642215,0.06586538,0.08831990,0.02660690,0.00577164,30.23539670,0.00000000,50.78989169,36.08406336,0.20634831,-0.47403450,1.31379216,0.21285737,-0.47474473,1.31501340,8.84812209,0.00000001
5.98000000,MOVE_LEG_FORWARD,-0.00109290,-0.01055347,0.00700852,-0.08340721,0.07009211,0.31535370,-0.08642231,0.06586547,0.08831977,0.02660710,0.00577184,30.23486696,0.00000000,50.78980016,36.08389794,0.20634836,-0.47403473,1.31379265,0.21285737,-0.47474473,1.31501340,8.84812452,0.00000010
5.99000000,MOVE_LEG_FORWARD,-0.00109326,-0.01055373,0.00700897,-0.08340738,0.07009221,0.31535369,-0.08642247,0.06586556,0.08831964,0.02660732,0.00577206,30.23441368,0.00000000,50.79041128,36.08363674,0.20634841,-0.47403499,1.31379328,0.21285744,-0.47474507,1.31501417,8.84821982,0.00000008
6.00000000,MOVE_LEG_FORWARD,-0.00109365,-0.01055397,0.00700946,-0.08340755,0.07009233,0.31535369,-0.08642263,0.06586567,0.08831951,0.02660755,0.00577229,30.23400654,0.00000000,50.79096091,36.08335544,0.20634847,-0.47403526,1.31379393,0.21285751,-0.47474539,1.31501490,8.84830813,0.00000007
6.01000000,MOVE_LEG_FORWARD,-0.00109405,-0.01055419,0.00700997,-0.08340771,0.07009245,0.31535369,-0.08642278,0.06586577,0.08831938,0.02660780,0.00577254,30.23364439,0.00000000,50.79150036,36.08307049,0.20634855,-0.47403555,1.31379460,0.21285758,-0.47474572,1.31501564,8.84839494,0.00000008
6.02000000,MOVE_LEG_FORWARD,-0.00109444,-0.01055441,0.00701049,-0.08340786,0.07009256,0.31535370,-0.08642292,0.06586588,0.08831926,0.02660804,0.00577278,30.23397916,0.00000000,50.79207400,36.08215079,0.20634864,-0.47403585,1.31379526,0.21285765,-0.47474604,1.31501638,8.84848201,0.00000005
6.03000000,MOVE_LEG_FORWARD,-0.00109478,-0.01055466,0.00701103,-0.08340801,0.07009268,0.31535372,-0.08642306,0.06586599,0.08831915,0.02660828,0.00577302,30.23339982,0.00000000,50.79271016,36.08232242,0.20634873,-0.47403616,1.31379590,0.21285772,-0.47474638,1.31501714,8.84857443,0.00000003
6.04000000,MOVE_LEG_FORWARD,-0.00109511,-0.01055489,0.00701157,-0.08340814,0.07009279,0.31535373,-0.08642318,0.06586609,0.08831904,0.02660852,0.00577326,30.23304244,0.00000000,50.79325988,36.08216959,0.20634880,-0.47403643,1.31379653,0.21285779,-0.47474671,1.31501789,8.84865885,0.00000003
6.05000000,MOVE_LEG_FORWARD,-0.00109544,-0.01055509,0.00701209,-0.08340826,0.07009290,0.31535375,-0.08642330,0.06586619,0.08831894,0.02660875,0.00577349,30.23276990,0.00000000,50.79301784,36.08198311,0.20634886,-0.47403667,1.31379710,0.21285779,-0.47474671,1.31501789,8.84864147,0.00000010
6.06000000,MOVE_LEG_FORWARD,-0.00109575,-0.01055526,0.00701257,-0.08340837,0.07009300,0.31535378,-0.08642340,0.06586628,0.08831885,0.02660897,0.00577371,30.23256701,0.00000000,50.79344274,36.08175765,0.20634892,-0.47403693,1.31379775,0.21285786,-0.47474704,1.31501863,8.84870883,0.00000007
6.07000000,MOVE_LEG_FORWARD,-0.00109603,-0.01055539,0.00701302,-0.08340847,0.07009310,0.31535380,-0.08642349,0.06586637,0.08831877,0.02660917,0.00577391,30.23242908,0.00000000,50.79395681,36.08156988,0.20634898,-0.47403716,1.31379830,0.21285793,-0.47474736,1.31501938,8.84878558,0.00000010
6.08000000,MOVE_LEG_FORWARD,-0.00109624,-0.01055553,0.00701344,-0.08340855,0.07009319,0.31535382,-0.08642357,0.06586645,0.08831871,0.02660935,0.00577409,30.23277067,0.00000000,50.79388148,36.08113232,0.20634906,-0.47403739,1.31379874,0.21285793,-0.47474736,1.31501938,8.84877809,0.00000008
6.09000000,MOVE_LEG_FORWARD,-0.00109641,-0.01055567,0.00701382,-0.08340861,0.07009326,0.31535384,-0.08642363,0.06586652,0.08831865,0.02660950,0.00577424,30.23255686,0.00000000,50.79437032,36.08111812,0.20634910,-0.47403759,1.31379921,0.21285799,-0.47474769,1.31502011,8.84884565,0.00000002
6.10000000,MOVE_LEG_FORWARD,-0.00109655,-0.01055577,0.00701415,-0.08340866,0.07009332,0.31535387,-0.08642368,0.06586658,0.08831861,0.02660964,0.00577438,30.23245035,0.00000000,50.79416459,36.08106386,0.20634913,-0.47403774,1.31379958,0.21285799,-0.47474769,1.31502011,8.84882513,0.00000006
6.11000000,MOVE_LEG_FORWARD,-0.00109667,-0.01055584,0.00701441,-0.08340870,0.07009337,0.31535389,-0.08642371,0.06586663,0.08831858,0.02660974,0.00577448,30.23241406,0.00000000,50.79407894,36.08104197,0.20634914,-0.47403782,1.31379979,0.21285799,-0.47474769,1.31502011,8.84881767,0.00000009
6.12000000,MOVE_LEG_FORWARD,-0.00109675,-0.01055587,0.00701461,-0.08340872,0.07009341,0.31535391,-0.08642374,0.06586667,0.08831856,0.02660983,0.00577457,30.23242955,0.00000000,50.79456214,36.08096267,0.20634916,-0.47403793,1.31380010,0.21285806,-0.47474800,1.31502083,8.84888122,0.00000003
6.13000000,MOVE_LEG_FORWARD,-0.00109678,-0.01055585,0.00701476,-0.08340873,0.07009344,0.31535393,-0.08642374,0.06586670,0.08831856,0.02660990,0.00577464,30.23247826,0.00000000,50.79428892,36.08090065,0.20634920,-0.47403805,1.31380040,0.21285806,-0.47474800,1.31502083,8.84884807,0.00000004
6.14000000,MOVE_LEG_FORWARD,-0.00109678,-0.01055580,0.00701485,-0.08340872,0.07009346,0.31535395,-0.08642374,0.06586671,0.08831857,0.02660993,0.00577467,30.23255866,0.00000000,50.79414698,36.08090616,0.20634923,-0.47403813,1.31380057,0.21285806,-0.47474800,1.31502083,8.84882949,0.00000005
6.15000000,MOVE_LEG_FORWARD,-0.00109674,-0.01055574,0.00701488,-0.08340870,0.07009346,0.31535396,-0.08642372,0.06586672,0.08831859,0.02660993,0.00577467,30.23266477,0.00000000,50.79402789,36.08094227,0.20634924,-0.47403819,1.31380066,0.21285806,-0.47474800,1.31502083,8.84881137,0.00000005
6.16000000,MOVE_LEG_FORWARD,-0.00109666,-0.01055565,0.00701486,-0.08340867,0.07009345,0.31535398,-0.08642370,0.06586671,0.08831862,0.02660992,0.00577466,30.23279088,0.00000000,50.79390739,36.08099739,0.20634924,-0.47403821,1.31380071,0.21285806,-0.47474800,1.31502083,8.84879126,0.00000005
6.17000000,MOVE_LEG_FORWARD,-0.00109654,-0.01055553,0.00701479,-0.08340863,0.07009343,0.31535399,-0.08642366,0.06586670,0.08831866,0.02660988,0.00577462,30.23293073,0.00000000,50.79377412,36.08106535,0.20634924,-0.47403823,1.31380074,0.21285806,-0.47474800,1.31502083,8.84876822,0.00000007
6.18000000,MOVE_LEG_FORWARD,-0.00109639,-0.01055541,0.00701468,-0.08340857,0.07009340,0.31535400,-0.08642361,0.06586667,0.08831872,0.02660981,0.00577455,30.23308193,0.00000000,50.79302798,36.08119882,0.20634922,-0.47403818,1.31380060,0.21285799,-0.47474768,1.31502010,8.84866520,0.00000005
6.19000000,MOVE_LEG_FORWARD,-0.00109622,-0.01055529,0.00701452,-0.08340850,0.07009336,0.31535401,-0.08642355,0.06586663,0.08831878,0.02660972,0.00577446,30.23325261,0.00000000,50.79311713,36.08136054,0.20634919,-0.47403808,1.31380035,0.21285799,-0.47474768,1.31502010,8.84866624,0.00000005
6.20000000,MOVE_LEG_FORWARD,-0.00109602,-0.01055515,0.00701432,-0.08340843,0.07009331,0.31535401,-0.08642348,0.06586659,0.08831886,0.02660962,0.00577436,30.23342136,0.00000000,50.79218675,36.08146057,0.20634916,-0.47403799,1.31380017,0.21285792,-0.47474735,1.31501935,8.84853534,0.00000003
6.21000000,MOVE_LEG_FORWARD,-0.00109581,-0.01055501,0.00701409,-0.08340835,0.07009325,0.31535402,-0.08642340,0.06586654,0.08831894,0.02660949,0.00577423,30.23361236,0.00000000,50.79247176,36.08167463,0.20634912,-0.47403782,1.31379979,0.21285792,-0.47474735,1.31501935,8.84856075,0.00000005
6.22000000,MOVE_LEG_FORWARD,-0.00109558,-0.01055486,0.00701383,-0.08340826,0.07009319,0.31535402,-0.08642332,0.06586648,0.08831903,0.02660936,0.00577410,30.23378948,0.00000000,50.79166952,36.08179915,0.20634909,-0.47403768,1.31379949,0.21285785,-0.47474703,1.31501861,8.84844523,0.00000001
6.23000000,MOVE_LEG_FORWARD,-0.00109534,-0.01055471,0.00701354,-0.08340817,0.07009312,0.31535402,-0.08642324,0.06586642,0.08831912,0.02660921,0.00577395,30.23398368,0.00000000,50.79187666,36.08199674,0.20634904,-0.47403750,1.31379908,0.21285785,-0.47474703,1.31501861,8.84845888,0.00000006
6.24000000,MOVE_LEG_FORWARD,-0.00109509,-0.01055455,0.00701325,-0.08340807,0.07009304,0.31535402,-0.08642315,0.06586635,0.08831922,0.02660906,0.00577380,30.23416544,0.00000000,50.79124989,36.08216787,0.20634900,-0.47403732,1.31379866,0.21285779,-0.47474671,1.31501788,8.84836547,0.00000002
6.25000000,MOVE_LEG_FORWARD,-0.00109483,-0.01055439,0.00701294,-0.08340798,0.07009297,0.31535402,-0.08642306,0.06586628,0.08831932,0.02660891,0.00577365,30.23434248,0.00000000,50.79131628,36.08231309,0.20634895,-0.47403715,1.31379830,0.21285779,-0.47474671,1.31501788,8.84836039,0.00000009
6.26000000,MOVE_LEG_FORWARD,-0.00109458,-0.01055423,0.00701262,-0.08340788,0.07009289,0.31535401,-0.08642297,0.06586621,0.08831941,0.02660874,0.00577348,30.23451338,0.00000000,50.79074996,36.08250618,0.20634891,-0.47403694,1.31379780,0.21285772,-0.47474637,1.31501713,8.84827456,0.00000004
6.27000000,MOVE_LEG_FORWARD,-0.00109433,-0.01055406,0.00701231,-0.08340778,0.07009281,0.31535401,-0.08642288,0.06586614,0.08831951,0.02660859,0.00577333,30.23466579,0.00000000,50.78991348,36.08261732,0.20634887,-0.47403677,1.31379743,0.21285765,-0.47474604,1.31501637,8.84815319,0.00000006
6.28000000,MOVE_LEG_FORWARD,-0.00109409,-0.01055391,0.00701201,-0.08340769,0.07009273,0.31535400,-0.08642279,0.06586607,0.08831961,0.02660842,0.00577316,30.23482317,0.00000000,50.79025253,36.08281869,0.20634881,-0.47403656,1.31379694,0.21285765,-0.47474604,1.31501637,8.84818452,0.00000007
6.29000000,MOVE_LEG_FORWARD,-0.00109385,-0.01055375,0.00701171,-0.08340760,0.07009265,0.31535400,-0.08642270,0.06586600,0.08831971,0.02660827,0.00577301,30.23495897,0.00000000,50.78963964,36.08295997,0.20634877,-0.47403637,1.31379651,0.21285758,-0.47474572,1.31501565,8.84809359,0.00000008
6.30000000,MOVE_LEG_FORWARD,-0.00109364,-0.01055361,0.00701143,-0.08340751,0.07009258,0.31535399,-0.08642262,0.06586593,0.08831980,0.02660812,0.00577286,30.23508690,0.00000000,50.78979659,36.08309351,0.20634872,-0.47403619,1.31379610,0.21285758,-0.47474572,1.31501565,8.84810145,0.00000009
6.31000000,MOVE_LEG_FORWARD,-0.00109345,-0.01055345,0.00701115,-0.08340743,0.07009251,0.31535399,-0.08642254,0.06586586,0.08831989,0.02660797,0.00577271,30.23464526,0.00000000,50.78912648,36.08369182,0.20634867,-0.47403599,1.31379569,0.21285751,-0.47474540,1.31501491,8.84800974,0.00000002
6.32000000,MOVE_LEG_FORWARD,-0.00109333,-0.01055326,0.00701089,-0.08340735,0.07009245,0.31535398,-0.08642247,0.06586580,0.08831998,0.02660784,0.00577258,30.23499421,0.00000000,50.78924836,36.08351539,0.20634863,-0.47403581,1.31379532,0.21285751,-0.47474540,1.31501491,8.84801759,0.00000007
6.33000000,MOVE_LEG_FORWARD,-0.00109320,-0.01055308,0.00701064,-0.08340727,0.07009239,0.31535397,-0.08642239,0.06586575,0.08832006,0.02660771,0.00577245,30.23520192,0.00000000,50.78860427,36.08352520,0.20634862,-0.47403568,1.31379499,0.21285744,-0.47474507,1.31501416,8.84792572,0.00000002
6.34000000,MOVE_LEG_FORWARD,-0.00109310,-0.01055292,0.00701042,-0.08340720,0.07009235,0.31535395,-0.08642233,0.06586571,0.08832014,0.02660758,0.00577232,30.23536982,0.00000000,50.78891168,36.08360908,0.20634859,-0.47403553,1.31379459,0.21285744,-0.47474507,1.31501416,8.84795451,0.00000005
6.35000000,MOVE_LEG_FORWARD,-0.00109299,-0.01055279,0.00701023,-0.08340713,0.07009231,0.31535394,-0.08642226,0.06586567,0.08832022,0.02660748,0.00577222,30.23549223,0.00000000,50.78899692,36.08362009,0.20634857,-0.47403543,1.31379437,0.21285744,-0.47474507,1.31501416,8.84795576,0.00000008
6.36000000,MOVE_LEG_FORWARD,-0.00109291,-0.01055267,0.00701008,-0.08340707,0.07009228,0.31535393,-0.08642221,0.06586564,0.08832028,0.02660737,0.00577211,30.23558243,0.00000000,50.78852541,36.08369114,0.20634853,-0.47403530,1.31379402,0.21285737,-0.47474475,1.31501344,8.84788695,0.00000004
6.37000000,MOVE_LEG_FORWARD,-0.00109286,-0.01055259,0.00700995,-0.08340702,0.07009226,0.31535392,-0.08642216,0.06586562,0.08832035,0.02660728,0.00577202,30.23564674,0.00000000,50.78873095,36.08371973,0.20634849,-0.47403517,1.31379372,0.21285737,-0.47474475,1.31501344,8.84790449,0.00000004
6.38000000,MOVE_LEG_FORWARD,-0.00109282,-0.01055252,0.00700986,-0.08340697,0.07009224,0.31535391,-0.08642211,0.06586561,0.08832040,0.02660722,0.00577196,30.23568214,0.00000000,50.78881093,36.08369108,0.20634846,-0.47403508,1.31379356,0.21285737,-0.47474475,1.31501344,8.84790809,0.00000005
6.39000000,MOVE_LEG_FORWARD,-0.00109280,-0.01055246,0.00700981,-0.08340693,0.07009223,0.31535391,-0.08642208,0.06586560,0.08832045,0.02660718,0.00577192,30.23568921,0.00000000,50.78885592,36.08364043,0.20634845,-0.47403503,1.31379347,0.21285737,-0.47474475,1.31501344,8.84790933,0.00000006
6.40000000,MOVE_LEG_FORWARD,-0.00109281,-0.01055240,0.00700979,-0.08340690,0.07009223,0.31535391,-0.08642204,0.06586560,0.08832049,0.02660716,0.00577190,30.23567071,0.00000000,50.78888876,36.08358094,0.20634844,-0.47403501,1.31379342,0.21285737,-0.47474475,1.31501344,8.84791052,0.00000007
6.41000000,MOVE_LEG_FORWARD,-0.00109284,-0.01055236,0.00700981,-0.08340688,0.07009224,0.31535391,-0.08642202,0.06586560,0.08832052,0.02660715,0.00577189,30.23563139,0.00000000,50.78892097,36.08351929,0.20634844,-0.47403499,1.31379339,0.21285737,-0.47474475,1.31501344,8.84791264,0.00000007
6.42000000,MOVE_LEG_FORWARD,-0.00109289,-0.01055233,0.00700986,-0.08340686,0.07009225,0.31535391,-0.08642200,0.06586561,0.08832055,0.02660715,0.00577189,30.23557700,0.00000000,50.78895928,36.08345773,0.20634844,-0.47403499,1.31379337,0.21285737,-0.47474475,1.31501344,8.84791626,0.00000008
6.43000000,MOVE_LEG_FORWARD,-0.00109296,-0.01055232,0.00700994,-0.08340685,0.07009226,0.31535391,-0.08642199,0.06586562,0.08832057,0.02660717,0.00577191,30.23551343,0.00000000,50.78900743,36.08339592,0.20634844,-0.47403499,1.31379336,0.21285737,-0.47474475,1.31501344,8.84792169,0.00000010
6.44000000,MOVE_LEG_FORWARD,-0.00109302,-0.01055235,0.00701005,-0.08340685,0.07009228,0.31535391,-0.08642199,0.06586564,0.08832058,0.02660719,0.00577193,30.23589980,0.00000000,50.78916892,36.08300817,0.20634847,-0.47403501,1.31379335,0.21285737,-0.47474475,1.31501344,8.84793538,0.00000005
6.45000000,MOVE_LEG_FORWARD,-0.00109307,-0.01055243,0.00701019,-0.08340685,0.07009230,0.31535392,-0.08642199,0.06586566,0.08832059,0.02660723,0.00577197,30.23563992,0.00000000,50.78923660,36.08310817,0.20634847,-0.47403502,1.31379335,0.21285737,-0.47474475,1.31501344,8.84794231,0.00000003
6.46000000,MOVE_LEG_FORWARD,-0.00109316,-0.01055252,0.00701035,-0.08340686,0.07009233,0.31535393,-0.08642200,0.06586568,0.08832058,0.02660727,0.00577201,30.23545982,0.00000000,50.78928115,36.08309205,0.20634845,-0.47403500,1.31379335,0.21285737,-0.47474475,1.31501344,8.84794901,0.00000000
6.47000000,MOVE_LEG_FORWARD,-0.00109326,-0.01055261,0.00701051,-0.08340688,0.07009236,0.31535393,-0.08642201,0.06586571,0.08832058,0.02660733,0.00577207,30.23531602,0.00000000,50.78933152,36.08304335,0.20634845,-0.47403497,1.31379336,0.21285737,-0.47474475,1.31501344,8.84795781,0.00000002
6.48000000,MOVE_LEG_FORWARD,-0.00109339,-0.01055269,0.00701068,-0.08340690,0.07009239,0.31535394,-0.08642203,0.06586573,0.08832056,0.02660738,0.00577212,30.23520048,0.00000000,50.78939815,36.08298149,0.20634846,-0.47403496,1.31379337,0.21285737,-0.47474475,1.31501344,8.84796934,0.00000006
6.49000000,MOVE_LEG_FORWARD,-0.00109353,-0.01055277,0.00701084,-0.08340693,0.07009242,0.31535394,-0.08642206,0.06586576,0.08832054,0.02660744,0.00577218,30.23510921,0.00000000,50.78948520,36.08291636,0.20634847,-0.47403495,1.31379337,0.21285737,-0.47474475,1.31501344,8.84798371,0.00000009
6.50000000,MOVE_LEG_FORWARD,-0.00109365,-0.01055283,0.00701099,-0.08340696,0.07009246,0.31535394,-0.08642209,0.06586580,0.08832052,0.02660752,0.00577226,30.23502799,0.00000000,50.79006365,36.08276070,0.20634850,-0.47403503,1.31379363,0.21285744,-0.47474507,1.31501416,8.84806224,0.00000002
6.51000000,MOVE_LEG_FORWARD,-0.00109378,-0.01055287,0.00701115,-0.08340700,0.07009250,0.31535394,-0.08642212,0.06586583,0.08832048,0.02660759,0.00577233,30.23495206,0.00000000,50.79001136,36.08265930,0.20634854,-0.47403513,1.31379384,0.21285744,-0.47474507,1.31501416,8.84806184,0.00000004
6.52000000,MOVE_LEG_FORWARD,-0.00109391,-0.01055292,0.00701129,-0.08340704,0.07009253,0.31535394,-0.08642216,0.06586587,0.08832045,0.02660765,0.00577239,30.23488365,0.00000000,50.79007001,36.08260711,0.20634856,-0.47403521,1.31379395,0.21285744,-0.47474507,1.31501416,8.84807462,0.00000007
6.53000000,MOVE_LEG_FORWARD,-0.00109404,-0.01055298,0.00701143,-0.08340708,0.07009257,0.31535394,-0.08642219,0.06586590,0.08832042,0.02660769,0.00577243,30.23482430,0.00000000,50.79016785,36.08257491,0.20634857,-0.47403525,1.31379401,0.21285744,-0.47474507,1.31501416,8.84809129,0.00000009
6.54000000,MOVE_LEG_FORWARD,-0.00109414,-0.01055302,0.00701156,-0.08340712,0.07009261,0.31535393,-0.08642223,0.06586594,0.08832038,0.02660777,0.00577251,30.23475995,0.00000000,50.79069588,36.08244389,0.20634859,-0.47403538,1.31379435,0.21285751,-0.47474538,1.31501488,8.84816411,0.00000007
6.55000000,MOVE_LEG_FORWARD,-0.00109424,-0.01055306,0.00701169,-0.08340717,0.07009265,0.31535393,-0.08642227,0.06586597,0.08832034,0.02660783,0.00577257,30.23469466,0.00000000,50.79068031,36.08239190,0.20634861,-0.47403548,1.31379455,0.21285751,-0.47474538,1.31501488,8.84816816,0.00000008
6.56000000,MOVE_LEG_FORWARD,-0.00109434,-0.01055311,0.00701180,-0.08340721,0.07009268,0.31535392,-0.08642231,0.06586600,0.08832030,0.02660787,0.00577261,30.23463107,0.00000000,50.79073690,36.08237265,0.20634862,-0.47403555,1.31379466,0.21285751,-0.47474538,1.31501488,8.84818017,0.00000008
6.57000000,MOVE_LEG_FORWARD,-0.00109444,-0.01055317,0.00701190,-0.08340725,0.07009271,0.31535392,-0.08642235,0.06586603,0.08832027,0.02660791,0.00577265,30.23457244,0.00000000,50.79081571,36.08236429,0.20634862,-0.47403559,1.31379473,0.21285751,-0.47474538,1.31501488,8.84819394,0.00000009
6.58000000,MOVE_LEG_FORWARD,-0.00109453,-0.01055323,0.00701199,-0.08340729,0.07009274,0.31535391,-0.08642239,0.06586606,0.08832023,0.02660796,0.00577270,30.23451647,0.00000000,50.79149211,36.08230235,0.20634863,-0.47403565,1.31379492,0.21285758,-0.47474570,1.31501561,8.84828416,0.00000009
6.59000000,MOVE_LEG_FORWARD,-0.00109459,-0.01055327,0.00701207,-0.08340733,0.07009277,0.31535391,-0.08642243,0.06586609,0.08832019,0.02660802,0.00577276,30.23444992,0.00000000,50.79131578,36.08221935,0.20634866,-0.47403576,1.31379520,0.21285758,-0.47474570,1.31501561,8.84826704,0.00000010
6.60000000,MOVE_LEG_FORWARD,-0.00109462,-0.01055333,0.00701215,-0.08340737,0.07009280,0.31535391,-0.08642247,0.06586611,0.08832015,0.02660806,0.00577280,30.23489878,0.00000000,50.79138837,36.08179540,0.20634869,-0.47403586,1.31379534,0.21285758,-0.47474570,1.31501561,8.84827556,0.00000003
6.61000000,MOVE_LEG_FORWARD,-0.00109462,-0.01055343,0.00701224,-0.08340741,0.07009281,0.31535391,-0.08642250,0.06586612,0.08832012,0.02660810,0.00577284,30.23461288,0.00000000,50.79141752,36.08203125,0.20634870,-0.47403593,1.31379542,0.21285758,-0.47474570,1.31501561,8.84828014,0.00000005
6.62000000,MOVE_LEG_FORWARD,-0.00109463,-0.01055354,0.00701231,-0.08340745,0.07009282,0.31535391,-0.08642254,0.06586614,0.08832009,0.02660813,0.00577287,30.23443749,0.00000000,50.79140726,36.08210678,0.20634868,-0.47403594,1.31379547,0.21285758,-0.47474570,1.31501561,8.84828154,0.00000007
6.63000000,RETURN_LEG,-0.00109464,-0.01055364,0.00701237,-0.08340748,0.07009283,0.31535391,-0.08642257,0.06586614,0.08832005,0.02660817,0.00577291,30.23430731,0.00000000,50.79138841,36.08214822,0.20634867,-0.47403593,1.31379550,0.21285758,-0.47474570,1.31501561,8.84828240,0.00000008
6.64000000,RETURN_LEG,-0.00109466,-0.01055372,0.00701241,-0.08340752,0.07009283,0.31535391,-0.08642260,0.06586615,0.08832002,0.02660820,0.00577294,30.23421157,0.00000000,50.79136916,36.08217561,0.20634867,-0.47403592,1.31379552,0.21285758,-0.47474570,1.31501561,8.84828324,0.00000010
6.65000000,RETURN_LEG,-0.00109463,-0.01055376,0.00701244,-0.08340755,0.07009283,0.31535392,-0.08642263,0.06586614,0.08831999,0.02660825,0.00577299,30.23412976,0.00000000,50.79174198,36.08208797,0.20634871,-0.47403603,1.31379586,0.21285764,-0.47474602,1.31501632,8.84833607,0.00000007
6.66000000,RETURN_LEG,-0.00109461,-0.01055378,0.00701247,-0.08340758,0.07009282,0.31535392,-0.08642266,0.06586614,0.08831996,0.02660829,0.00577303,30.23406652,0.00000000,50.79160300,36.08209291,0.20634874,-0.47403612,1.31379604,0.21285764,-0.47474602,1.31501632,8.84832369,0.00000007
6.67000000,RETURN_LEG,-0.00109459,-0.01055379,0.00701248,-0.08340760,0.07009281,0.31535392,-0.08642269,0.06586613,0.08831993,0.02660830,0.00577304,30.23402191,0.00000000,50.79153011,36.08213459,0.20634876,-0.47403618,1.31379613,0.21285764,-0.47474602,1.31501632,8.84831807,0.00000008
6.68000000,RETURN_LEG,-0.00109456,-0.01055380,0.00701247,-0.08340762,0.07009280,0.31535392,-0.08642271,0.06586612,0.08831991,0.02660830,0.00577305,30.23399719,0.00000000,50.79148333,36.08219345,0.20634878,-0.47403622,1.31379619,0.21285764,-0.47474602,1.31501632,8.84831429,0.00000008
6.69000000,RETURN_LEG,-0.00109451,-0.01055380,0.00701245,-0.08340764,0.07009278,0.31535392,-0.08642272,0.06586610,0.08831990,0.02660830,0.00577304,30.23399151,0.00000000,50.79144900,36.08225790,0.20634878,-0.47403625,1.31379622,0.21285764,-0.47474602,1.31501632,8.84831102,0.00000009
6.70000000,RETURN_LEG,-0.00109446,-0.01055380,0.00701242,-0.08340765,0.07009277,0.31535392,-0.08642273,0.06586609,0.08831989,0.02660829,0.00577303,30.23400240,0.00000000,50.79141904,36.08232082,0.20634878,-0.47403625,1.31379623,0.21285764,-0.47474602,1.31501632,8.84830759,0.00000010
6.71000000,RETURN_LEG,-0.00109445,-0.01055374,0.00701235,-0.08340766,0.07009275,0.31535392,-0.08642274,0.06586607,0.08831988,0.02660827,0.00577301,30.23362700,0.00000000,50.79128205,36.08264471,0.20634876,-0.47403623,1.31379625,0.21285764,-0.47474602,1.31501632,8.84829730,0.00000003
6.72000000,RETURN_LEG,-0.00109442,-0.01055366,0.00701227,-0.08340766,0.07009273,0.31535392,-0.08642274,0.06586605,0.08831988,0.02660825,0.00577299,30.23382723,0.00000000,50.79126484,36.08257406,0.20634877,-0.47403623,1.31379626,0.21285764,-0.47474602,1.31501632,8.84829579,0.00000004
6.73000000,RETURN_LEG,-0.00109438,-0.01055358,0.00701217,-0.08340765,0.07009271,0.31535391,-0.08642274,0.06586604,0.08831989,0.02660821,0.00577295,30.23397430,0.00000000,50.79126845,36.08257684,0.20634879,-0.47403625,1.31379626,0.21285764,-0.47474602,1.31501632,8.84829466,0.00000006
6.74000000,RETURN_LEG,-0.00109433,-0.01055350,0.00701208,-0.08340764,0.07009270,0.31535390,-0.08642273,0.06586602,0.08831990,0.02660817,0.00577291,30.23409573,0.00000000,50.79126970,36.08259920,0.20634879,-0.47403627,1.31379625,0.21285764,-0.47474602,1.31501632,8.84829209,0.00000008
6.75000000,RETURN_LEG,-0.00109426,-0.01055343,0.00701198,-0.08340762,0.07009268,0.31535390,-0.08642271,0.06586601,0.08831992,0.02660813,0.00577287,30.23419189,0.00000000,50.79045514,36.08262371,0.20634878,-0.47403626,1.31379620,0.21285757,-0.47474570,1.31501560,8.84818339,0.00000002
6.76000000,RETURN_LEG,-0.00109421,-0.01055340,0.00701188,-0.08340760,0.07009266,0.31535389,-0.08642269,0.06586599,0.08831994,0.02660806,0.00577280,30.23429483,0.00000000,50.79085696,36.08276756,0.20634874,-0.47403616,1.31379590,0.21285757,-0.47474570,1.31501560,8.84823019,0.00000002
6.77000000,RETURN_LEG,-0.00109415,-0.01055337,0.00701178,-0.08340757,0.07009265,0.31535388,-0.08642267,0.06586598,0.08831997,0.02660801,0.00577275,30.23438210,0.00000000,50.79093057,36.08280238,0.20634871,-0.47403607,1.31379573,0.21285757,-0.47474570,1.31501560,8.84823347,0.00000003
6.78000000,RETURN_LEG,-0.00109409,-0.01055334,0.00701168,-0.08340755,0.07009263,0.31535388,-0.08642265,0.06586597,0.08832000,0.02660797,0.00577271,30.23445676,0.00000000,50.79093344,36.08280233,0.20634869,-0.47403601,1.31379564,0.21285757,-0.47474570,1.31501560,8.84822901,0.00000004
6.79000000,RETURN_LEG,-0.00109403,-0.01055329,0.00701159,-0.08340752,0.07009262,0.31535388,-0.08642262,0.06586595,0.08832002,0.02660793,0.00577267,30.23451642,0.00000000,50.79090128,36.08278692,0.20634868,-0.47403597,1.31379559,0.21285757,-0.47474570,1.31501560,8.84822112,0.00000006
6.80000000,RETURN_LEG,-0.00109397,-0.01055324,0.00701151,-0.08340749,0.07009261,0.31535388,-0.08642259,0.06586594,0.08832005,0.02660790,0.00577264,30.23456125,0.00000000,50.79084812,36.08276792,0.20634867,-0.47403595,1.31379557,0.21285757,-0.47474570,1.31501560,8.84821120,0.00000007
6.81000000,RETURN_LEG,-0.00109391,-0.01055319,0.00701145,-0.08340746,0.07009259,0.31535389,-0.08642256,0.06586593,0.08832008,0.02660788,0.00577262,30.23459324,0.00000000,50.79078283,36.08275197,0.20634867,-0.47403595,1.31379555,0.21285757,-0.47474570,1.31501560,8.84820005,0.00000009
6.82000000,RETURN_LEG,-0.00109387,-0.01055314,0.00701140,-0.08340743,0.07009258,0.31535389,-0.08642253,0.06586592,0.08832011,0.02660785,0.00577259,30.23461619,0.00000000,50.79006911,36.08277850,0.20634866,-0.47403591,1.31379541,0.21285751,-0.47474538,1.31501488,8.84810548,0.00000001
6.83000000,RETURN_LEG,-0.00109386,-0.01055312,0.00701136,-0.08340739,0.07009257,0.31535390,-0.08642250,0.06586591,0.08832015,0.02660781,0.00577255,30.23465411,0.00000000,50.79029714,36.08286083,0.20634863,-0.47403581,1.31379514,0.21285751,-0.47474538,1.31501488,8.84812961,0.00000001
6.84000000,RETURN_LEG,-0.00109384,-0.01055310,0.00701132,-0.08340736,0.07009256,0.31535390,-0.08642247,0.06586590,0.08832018,0.02660778,0.00577252,30.23469260,0.00000000,50.79032599,36.08286719,0.20634862,-0.47403572,1.31379500,0.21285751,-0.47474538,1.31501488,8.84812824,0.00000001
6.85000000,RETURN_LEG,-0.00109381,-0.01055307,0.00701129,-0.08340733,0.07009255,0.31535391,-0.08642244,0.06586589,0.08832021,0.02660776,0.00577250,30.23473249,0.00000000,50.79031364,36.08285116,0.20634862,-0.47403567,1.31379492,0.21285751,-0.47474538,1.31501488,8.84812288,0.00000002
6.86000000,RETURN_LEG,-0.00109380,-0.01055303,0.00701127,-0.08340730,0.07009255,0.31535391,-0.08642241,0.06586588,0.08832024,0.02660775,0.00577249,30.23477094,0.00000000,50.79028600,36.08282697,0.20634862,-0.47403564,1.31379487,0.21285751,-0.47474538,1.31501488,8.84811654,0.00000003
6.87000000,RETURN_LEG,-0.00109378,-0.01055299,0.00701126,-0.08340727,0.07009254,0.31535392,-0.08642239,0.06586588,0.08832027,0.02660774,0.00577248,30.23480628,0.00000000,50.79025344,36.08280277,0.20634862,-0.47403562,1.31379485,0.21285751,-0.47474538,1.31501488,8.84811015,0.00000004
6.88000000,RETURN_LEG,-0.00109377,-0.01055295,0.00701126,-0.08340724,0.07009254,0.31535392,-0.08642236,0.06586588,0.08832030,0.02660773,0.00577247,30.23483764,0.00000000,50.79022172,36.08278247,0.20634862,-0.47403562,1.31379483,0.21285751,-0.47474538,1.31501488,8.84810419,0.00000005
6.89000000,RETURN_LEG,-0.00109376,-0.01055291,0.00701126,-0.08340722,0.07009253,0.31535393,-0.08642233,0.06586587,0.08832032,0.02660772,0.00577246,30.23486472,0.00000000,50.79019381,36.08276689,0.20634862,-0.47403562,1.31379482,0.21285751,-0.47474538,1.31501488,8.84809891,0.00000005
6.90000000,RETURN_LEG,-0.00109375,-0.01055286,0.00701128,-0.08340719,0.07009253,0.31535394,-0.08642231,0.06586587,0.08832035,0.02660771,0.00577246,30.23488754,0.00000000,50.79017095,36.08275517,0.20634862,-0.47403562,1.31379482,0.21285751,-0.47474538,1.31501488,8.84809441,0.00000006
6.91000000,RETURN_LEG,-0.00109375,-0.01055282,0.00701129,-0.08340717,0.07009253,0.31535394,-0.08642229,0.06586587,0.08832037,0.02660771,0.00577245,30.23490630,0.00000000,50.79015343,36.08274586,0.20634862,-0.47403562,1.31379481,0.21285751,-0.47474538,1.31501488,8.84809069,0.00000007
6.92000000,RETURN_LEG,-0.00109374,-0.01055279,0.00701132,-0.08340715,0.07009253,0.31535395,-0.08642227,0.06586587,0.08832039,0.02660770,0.00577244,30.23492122,0.00000000,50.79014107,36.08273757,0.20634862,-0.47403562,1.31379481,0.21285751,-0.47474538,1.31501488,8.84808775,0.00000007
6.93000000,RETURN_LEG,-0.00109375,-0.01055276,0.00701134,-0.08340713,0.07009253,0.31535395,-0.08642225,0.06586587,0.08832041,0.02660770,0.00577244,30.23493258,0.00000000,50.79013359,36.08272933,0.20634862,-0.47403561,1.31379481,0.21285751,-0.47474538,1.31501488,8.84808554,0.00000008
6.94000000,RETURN_LEG,-0.00109375,-0.01055273,0.00701136,-0.08340712,0.07009253,0.31535395,-0.08642224,0.06586587,0.08832042,0.02660770,0.00577244,30.23494062,0.00000000,50.79013068,36.08272058,0.20634862,-0.47403561,1.31379481,0.21285751,-0.47474538,1.31501488,8.84808403,0.00000008
6.95000000,RETURN_LEG,-0.00109376,-0.01055271,0.00701139,-0.08340710,0.07009253,0.31535396,-0.08642222,0.06586587,0.08832044,0.02660770,0.00577244,30.23494562,0.00000000,50.79013207,36.08271118,0.20634862,-0.47403561,1.31379481,0.21285751,-0.47474538,1.31501488,8.84808319,0.00000008
6.96000000,RETURN_LEG,-0.00109377,-0.01055269,0.00701141,-0.08340709,0.07009254,0.31535396,-0.08642221,0.06586587,0.08832045,0.02660770,0.00577244,30.23494783,0.00000000,50.79013748,36.08270122,0.20634862,-0.47403561,1.31379481,0.21285751,-0.47474538,1.31501488,8.84808299,0.00000009
6.97000000,RETURN_LEG,-0.00109378,-0.01055267,0.00701144,-0.08340708,0.07009254,0.31535396,-0.08642220,0.06586588,0.08832046,0.02660770,0.00577244,30.23494748,0.00000000,50.79014663,36.08269097,0.20634862,-0.47403561,1.31379481,0.21285751,-0.47474538,1.31501488,8.84808340,0.00000009
6.98000000,RETURN_LEG,-0.00109379,-0.01055266,0.00701146,-0.08340707,0.07009254,0.31535396,-0.08642219,0.06586588,0.08832047,0.02660770,0.00577244,30.23494480,0.00000000,50.79015919,36.08268075,0.20634862,-0.47403561,1.31379481,0.21285751,-0.47474538,1.31501488,8.84808438,0.00000009
6.99000000,RETURN_LEG,-0.00109381,-0.01055265,0.00701148,-0.08340707,0.07009255,0.31535396,-0.08642219,0.06586588,0.08832048,0.02660770,0.00577244,30.23493997,0.00000000,50.79017479,36.08267088,0.20634862,-0.47403561,1.31379481,0.21285751,-0.47474538,1.31501488,8.84808589,0.00000009
7.00000000,RETURN_LEG,-0.00109382,-0.01055265,0.00701149,-0.08340706,0.07009255,0.31535396,-0.08642218,0.06586589,0.08832048,0.02660771,0.00577245,30.23493316,0.00000000,50.79019304,36.08266166,0.20634862,-0.47403561,1.31379481,0.21285751,-0.47474538,1.31501488,8.84808788,0.00000008
7.01000000,RETURN_LEG,-0.00109384,-0.01055265,0.00701151,-0.08340706,0.07009256,0.31535396,-0.08642218,0.06586589,0.08832048,0.02660771,0.00577245,30.23492451,0.00000000,50.79021351,36.08265333,0.20634862,-0.47403561,1.31379481,0.21285751,-0.47474538,1.31501488,8.84809031,0.00000008
7.02000000,RETURN_LEG,-0.00109385,-0.01055265,0.00701152,-0.08340706,0.07009256,0.31535396,-0.08642218,0.06586590,0.08832048,0.02660771,0.00577245,30.23491413,0.00000000,50.79023578,36.08264606,0.20634862,-0.47403561,1.31379481,0.21285751,-0.47474538,1.31501488,8.84809311,0.00000008
7.03000000,RETURN_LEG,-0.00109387,-0.01055265,0.00701153,-0.08340706,0.07009257,0.31535396,-0.08642218,0.06586590,0.08832048,0.02660771,0.00577245,30.23490212,0.00000000,50.79025944,36.08263993,0.20634862,-0.47403561,1.31379481,0.21285751,-0.47474538,1.31501488,8.84809624,0.00000008
7.04000000,RETURN_LEG,-0.00109388,-0.01055266,0.00701154,-0.08340707,0.07009257,0.31535396,-0.08642219,0.06586591,0.08832048,0.02660772,0.00577246,30.23488861,0.00000000,50.79028410,36.08263501,0.20634862,-0.47403561,1.31379481,0.21285751,-0.47474538,1.31501488,8.84809964,0.00000008
7.05000000,RETURN_LEG,-0.00109390,-0.01055267,0.00701155,-0.08340707,0.07009258,0.31535396,-0.08642219,0.06586591,0.08832048,0.02660772,0.00577246,30.23487372,0.00000000,50.79030942,36.08263125,0.20634862,-0.47403561,1.31379481,0.21285751,-0.47474538,1.31501488,8.84810326,0.00000009
7.06000000,RETURN_LEG,-0.00109391,-0.01055268,0.00701155,-0.08340708,0.07009258,0.31535395,-0.08642220,0.06586591,0.08832047,0.02660772,0.00577246,30.23485760,0.00000000,50.79033508,36.08262860,0.20634862,-0.47403561,1.31379481,0.21285751,-0.47474538,1.31501488,8.84810705,0.00000009
7.07000000,RETURN_LEG,-0.00109393,-0.01055269,0.00701156,-0.08340708,0.07009259,0.31535395,-0.08642220,0.06586592,0.08832047,0.02660773,0.00577247,30.23484040,0.00000000,50.79036082,36.08262694,0.20634862,-0.47403561,1.31379481,0.21285751,-0.47474538,1.31501488,8.84811096,0.00000009
7.08000000,RETURN_LEG,-0.00109395,-0.01055270,0.00701156,-0.08340709,0.07009259,0.31535395,-0.08642221,0.06586592,0.08832046,0.02660773,0.00577247,30.23482231,0.00000000,50.79038641,36.08262615,0.20634862,-0.47403561,1.31379481,0.21285751,-0.47474538,1.31501488,8.84811495,0.00000009
7.09000000,RETURN_LEG,-0.00109396,-0.01055272,0.00701157,-0.08340710,0.07009260,0.31535394,-0.08642222,0.06586593,0.08832045,0.02660773,0.00577247,30.23480356,0.00000000,50.79041166,36.08262605,0.20634862,-0.47403561,1.31379481,0.21285751,-0.47474538,1.31501488,8.84811899,0.00000009
7.10000000,RETURN_LEG,-0.00109398,-0.01055274,0.00701157,-0.08340711,0.07009260,0.31535394,-0.08642223,0.06586593,0.08832044,0.02660774,0.00577248,30.23478437,0.00000000,50.79043642,36.08262649,0.20634862,-0.47403561,1.31379481,0.21285751,-0.47474538,1.31501488,8.84812303,0.00000009
7.11000000,RETURN_LEG,-0.00109399,-0.01055276,0.00701157,-0.08340713,0.07009261,0.31535394,-0.08642224,0.06586594,0.08832043,0.02660774,0.00577248,30.23476497,0.00000000,50.79046055,36.08262729,0.20634862,-0.47403561,1.31379481,0.21285751,-0.47474538,1.31501488,8.84812706,0.00000009
7.12000000,RETURN_LEG,-0.00109401,-0.01055277,0.00701158,-0.08340714,0.07009261,0.31535393,-0.08642225,0.06586594,0.08832042,0.02660775,0.00577249,30.23474560,0.00000000,50.79048396,36.08262831,0.20634862,-0.47403561,1.31379481,0.21285751,-0.47474538,1.31501488,8.84813103,0.00000009
7.13000000,RETURN_LEG,-0.00109402,-0.01055279,0.00701158,-0.08340715,0.07009261,0.31535393,-0.08642226,0.06586595,0.08832041,0.02660775,0.00577249,30.23472649,0.00000000,50.79050655,36.08262938,0.20634862,-0.47403561,1.31379481,0.21285751,-0.47474538,1.31501488,8.84813493,0.00000009
7.14000000,RETURN_LEG,-0.00109404,-0.01055281,0.00701158,-0.08340716,0.07009262,0.31535393,-0.08642228,0.06586595,0.08832040,0.02660776,0.00577250,30.23470787,0.00000000,50.79052824,36.08263038,0.20634862,-0.47403561,1.31379481,0.21285751,-0.47474538,1.31501488,8.84813872,0.00000008
7.15000000,RETURN_LEG,-0.00109405,-0.01055284,0.00701159,-0.08340717,0.07009262,0.31535392,-0.08642229,0.06586595,0.08832039,0.02660776,0.00577250,30.23468994,0.00000000,50.79054896,36.08263119,0.20634862,-0.47403561,1.31379481,0.21285751,-0.47474538,1.31501488,8.84814240,0.00000008
7.16000000,RETURN_LEG,-0.00109407,-0.01055286,0.00701159,-0.08340719,0.07009263,0.31535392,-0.08642230,0.06586596,0.08832038,0.02660777,0.00577251,30.23467288,0.00000000,50.79056865,36.08263172,0.20634862,-0.47403562,1.31379481,0.21285751,-0.47474538,1.31501488,8.84814593,0.00000008
7.17000000,RETURN_LEG,-0.00109409,-0.01055288,0.00701159,-0.08340720,0.07009263,0.31535392,-0.08642231,0.06586596,0.08832036,0.02660777,0.00577251,30.23465685,0.00000000,50.79058725,36.08263189,0.20634862,-0.47403562,1.31379481,0.21285751,-0.47474538,1.31501488,8.84814931,0.00000008
7.18000000,RETURN_LEG,-0.00109410,-0.01055290,0.00701160,-0.08340721,0.07009264,0.31535391,-0.08642232,0.06586597,0.08832035,0.02660778,0.00577252,30.23464197,0.00000000,50.79060471,36.08263164,0.20634862,-0.47403562,1.31379481,0.21285751,-0.47474538,1.31501488,8.84815251,0.00000008
7.19000000,RETURN_LEG,-0.00109412,-0.01055292,0.00701160,-0.08340722,0.07009264,0.31535391,-0.08642233,0.06586597,0.08832034,0.02660778,0.00577252,30.23462835,0.00000000,50.79062099,36.08263094,0.20634862,-0.47403562,1.31379481,0.21285751,-0.47474538,1.31501488,8.84815553,0.00000008
7.20000000,RETURN_LEG,-0.00109413,-0.01055294,0.00701161,-0.08340723,0.07009264,0.31535391,-0.08642234,0.06586597,0.08832033,0.02660779,0.00577253,30.23461606,0.00000000,50.79063604,36.08262979,0.20634862,-0.47403562,1.31379481,0.21285751,-0.47474538,1.31501488,8.84815835,0.00000008
7.21000000,RETURN_LEG,-0.00109414,-0.01055295,0.00701161,-0.08340724,0.07009265,0.31535391,-0.08642235,0.06586598,0.08832032,0.02660779,0.00577253,30.23460515,0.00000000,50.79064982,36.08262816,0.20634862,-0.47403562,1.31379481,0.21285751,-0.47474538,1.31501488,8.84816095,0.00000008
7.22000000,RETURN_LEG,-0.00109416,-0.01055297,0.00701162,-0.08340725,0.07009265,0.31535390,-0.08642236,0.06586598,0.08832032,0.02660780,0.00577254,30.23459563,0.00000000,50.79066231,36.08262609,0.20634862,-0.47403562,1.31379481,0.21285751,-0.47474538,1.31501488,8.84816334,0.00000008
7.23000000,RETURN_LEG,-0.00109417,-0.01055299,0.00701162,-0.08340726,0.07009266,0.31535390,-0.08642237,0.06586598,0.08832031,0.02660780,0.00577254,30.23458752,0.00000000,50.79067347,36.08262360,0.20634862,-0.47403562,1.31379481,0.21285751,-0.47474538,1.31501488,8.84816550,0.00000008
7.24000000,RETURN_LEG,-0.00109418,-0.01055300,0.00701163,-0.08340727,0.07009266,0.31535390,-0.08642238,0.06586599,0.08832030,0.02660781,0.00577255,30.23458078,0.00000000,50.79068330,36.08262073,0.20634862,-0.47403562,1.31379481,0.21285751,-0.47474538,1.31501488,8.84816742,0.00000008
7.25000000,RETURN_LEG,-0.00109420,-0.01055302,0.00701163,-0.08340728,0.07009266,0.31535390,-0.08642239,0.06586599,0.08832029,0.02660781,0.00577255,30.23457539,0.00000000,50.79069179,36.08261752,0.20634862,-0.47403562,1.31379481,0.21285751,-0.47474538,1.31501488,8.84816912,0.00000008
7.26000000,RETURN_LEG,-0.00109421,-0.01055303,0.00701164,-0.08340729,0.07009267,0.31535390,-0.08642240,0.06586600,0.08832029,0.02660782,0.00577256,30.23457130,0.00000000,50.79069894,36.08261404,0.20634862,-0.47403562,1.31379481,0.21285751,-0.47474538,1.31501488,8.84817058,0.00000008
7.27000000,RETURN_LEG,-0.00109422,-0.01055304,0.00701165,-0.08340729,0.07009267,0.31535390,-0.08642240,0.06586600,0.08832028,0.02660782,0.00577256,30.23456846,0.00000000,50.79070476,36.08261035,0.20634862,-0.47403562,1.31379481,0.21285751,-0.47474538,1.31501488,8.84817181,0.00000008
7.28000000,RETURN_LEG,-0.00109423,-0.01055305,0.00701165,-0.08340730,0.07009268,0.31535390,-0.08642241,0.06586600,0.08832027,0.02660783,0.00577257,30.23456679,0.00000000,50.79070928,36.08260651,0.20634862,-0.47403562,1.31379481,0.21285751,-0.47474538,1.31501488,8.84817280,0.00000008
7.29000000,RETURN_LEG,-0.00109424,-0.01055306,0.00701166,-0.08340730,0.07009268,0.31535390,-0.08642241,0.06586601,0.08832027,0.02660783,0.00577257,30.23456622,0.00000000,50.79071252,36.08260259,0.20634862,-0.47403562,1.31379481,0.21285751,-0.47474538,1.31501488,8.84817357,0.00000008
7.30000000,RETURN_LEG,-0.00109425,-0.01055307,0.00701166,-0.08340731,0.07009268,0.31535390,-0.08642241,0.06586601,0.08832027,0.02660784,0.00577258,30.23456667,0.00000000,50.79071453,36.08259866,0.20634862,-0.47403562,1.31379481,0.21285751,-0.47474538,1.31501488,8.84817412,0.00000008
7.31000000,RETURN_LEG,-0.00109426,-0.01055308,0.00701167,-0.08340731,0.07009269,0.31535390,-0.08642242,0.06586601,0.08832026,0.02660784,0.00577258,30.23456807,0.00000000,50.79071535,36.08259480,0.20634862,-0.47403562,1.31379481,0.21285751,-0.47474538,1.31501488,8.84817446,0.00000008
7.32000000,RETURN_LEG,-0.00109427,-0.01055308,0.00701167,-0.08340731,0.07009269,0.31535390,-0.08642242,0.06586601,0.08832026,0.02660784,0.00577258,30.23457032,0.00000000,50.79071503,36.08259105,0.20634862,-0.47403562,1.31379481,0.21285751,-0.47474538,1.31501488,8.84817459,0.00000008
7.33000000,RETURN_LEG,-0.00109427,-0.01055309,0.00701168,-0.08340731,0.07009269,0.31535390,-0.08642242,0.06586602,0.08832026,0.02660785,0.00577259,30.23457335,0.00000000,50.79071363,36.08258751,0.20634862,-0.47403562,1.31379481,0.21285751,-0.47474538,1.31501488,8.84817453,0.00000008
7.34000000,RETURN_LEG,-0.00109428,-0.01055309,0.00701168,-0.08340731,0.07009269,0.31535390,-0.08642242,0.06586602,0.08832026,0.02660785,0.00577259,30.23457705,0.00000000,50.79071123,36.08258421,0.20634862,-0.47403562,1.31379481,0.21285751,-0.47474538,1.31501488,8.84817429,0.00000008
7.35000000,RETURN_LEG,-0.00109428,-0.01055309,0.00701169,-0.08340732,0.07009270,0.31535390,-0.08642242,0.06586602,0.08832026,0.02660785,0.00577259,30.23458135,0.00000000,50.79070787,36.08258122,0.20634862,-0.47403562,1.31379481,0.21285751,-0.47474538,1.31501488,8.84817387,0.00000008
7.36000000,RETURN_LEG,-0.00109429,-0.01055309,0.00701169,-0.08340731,0.07009270,0.31535390,-0.08642242,0.06586602,0.08832026,0.02660785,0.00577259,30.23458616,0.00000000,50.79070365,36.08257859,0.20634862,-0.47403562,1.31379481,0.21285751,-0.47474538,1.31501488,8.84817330,0.00000008
7.37000000,RETURN_LEG,-0.00109429,-0.01055309,0.00701170,-0.08340731,0.07009270,0.31535390,-0.08642242,0.06586602,0.08832026,0.02660785,0.00577259,30.23459139,0.00000000,50.79069862,36.08257635,0.20634862,-0.47403562,1.31379481,0.21285751,-0.47474538,1.31501488,8.84817258,0.00000008
7.38000000,RETURN_LEG,-0.00109429,-0.01055309,0.00701170,-0.08340731,0.07009270,0.31535390,-0.08642242,0.06586602,0.08832026,0.02660785,0.00577259,30.23459696,0.00000000,50.79069287,36.08257456,0.20634862,-0.47403562,1.31379481,0.21285751,-0.47474538,1.31501488,8.84817173,0.00000008
7.39000000,RETURN_LEG,-0.00109429,-0.01055309,0.00701170,-0.08340731,0.07009270,0.31535390,-0.08642242,0.06586603,0.08832026,0.02660785,0.00577259,30.23460279,0.00000000,50.79068647,36.08257323,0.20634862,-0.47403562,1.31379481,0.21285751,-0.47474538,1.31501488,8.84817076,0.00000008
7.40000000,RETURN_LEG,-0.00109429,-0.01055309,0.00701170,-0.08340731,0.07009270,0.31535390,-0.08642241,0.06586603,0.08832027,0.02660785,0.00577260,30.23460880,0.00000000,50.79067950,36.08257239,0.20634862,-0.47403562,1.31379481,0.21285751,-0.47474538,1.31501488,8.84816968,0.00000008
7.41000000,RETURN_LEG,-0.00109429,-0.01055308,0.00701170,-0.08340730,0.07009270,0.31535390,-0.08642241,0.06586603,0.08832027,0.02660785,0.00577259,30.23461492,0.00000000,50.79067203,36.08257206,0.20634862,-0.47403562,1.31379481,0.21285751,-0.47474538,1.31501488,8.84816850,0.00000008
7.42000000,RETURN_LEG,-0.00109429,-0.01055308,0.00701170,-0.08340730,0.07009270,0.31535390,-0.08642241,0.06586603,0.08832027,0.02660785,0.00577259,30.23462108,0.00000000,50.79066414,36.08257223,0.20634862,-0.47403562,1.31379481,0.21285751,-0.47474538,1.31501488,8.84816725,0.00000008
7.43000000,RETURN_LEG,-0.00109428,-0.01055307,0.00701170,-0.08340730,0.07009270,0.31535391,-0.08642241,0.06586603,0.08832027,0.02660785,0.00577259,30.23462722,0.00000000,50.79065589,36.08257290,0.20634862,-0.47403562,1.31379481,0.21285751,-0.47474538,1.31501488,8.84816593,0.00000008
7.44000000,RETURN_LEG,-0.00109428,-0.01055306,0.00701170,-0.08340729,0.07009270,0.31535391,-0.08642240,0.06586602,0.08832028,0.02660785,0.00577259,30.23463328,0.00000000,50.79064737,36.08257408,0.20634862,-0.47403562,1.31379481,0.21285751,-0.47474538,1.31501488,8.84816456,0.00000008
7.45000000,RETURN_LEG,-0.00109427,-0.01055306,0.00701170,-0.08340729,0.07009270,0.31535391,-0.08642240,0.06586602,0.08832028,0.02660785,0.00577259,30.23463922,0.00000000,50.79063863,36.08257573,0.20634862,-0.47403562,1.31379481,0.21285751,-0.47474538,1.31501488,8.84816314,0.00000008
7.46000000,RETURN_LEG,-0.00109426,-0.01055305,0.00701170,-0.08340729,0.07009270,0.31535391,-0.08642239,0.06586602,0.08832028,0.02660785,0.00577259,30.23464498,0.00000000,50.79062976,36.08257785,0.20634862,-0.47403562,1.31379481,0.21285751,-0.47474538,1.31501488,8.84816169,0.00000008
7.47000000,RETURN_LEG,-0.00109426,-0.01055304,0.00701169,-0.08340728,0.07009269,0.31535391,-0.08642239,0.06586602,0.08832029,0.02660784,0.00577259,30.23465053,0.00000000,50.79062081,36.08258039,0.20634862,-0.47403562,1.31379481,0.21285751,-0.47474538,1.31501488,8.84816022,0.00000008
7.48000000,RETURN_LEG,-0.00109425,-0.01055303,0.00701169,-0.08340728,0.07009269,0.31535391,-0.08642239,0.06586602,0.08832029,0.02660784,0.00577258,30.23465584,0.00000000,50.79061185,36.08258334,0.20634862,-0.47403562,1.31379481,0.21285751,-0.47474538,1.31501488,8.84815874,0.00000008
7.49000000,RETURN_LEG,-0.00109424,-0.01055303,0.00701168,-0.08340727,0.07009269,0.31535391,-0.08642238,0.06586602,0.08832030,0.02660784,0.00577258,30.23466088,0.00000000,50.79060293,36.08258663,0.20634862,-0.47403562,1.31379481,0.21285751,-0.47474538,1.31501488,8.84815726,0.00000008
7.50000000,RETURN_LEG,-0.00109423,-0.01055302,0.00701168,-0.08340727,0.07009269,0.31535391,-0.08642238,0.06586601,0.08832030,0.02660784,0.00577258,30.23466563,0.00000000,50.79059411,36.08259025,0.20634862,-0.47403562,1.31379481,0.21285751,-0.47474538,1.31501488,8.84815579,0.00000008
7.51000000,RETURN_LEG,-0.00109422,-0.01055301,0.00701167,-0.08340726,0.07009269,0.31535391,-0.08642237,0.06586601,0.08832030,0.02660783,0.00577257,30.23467008,0.00000000,50.79058546,36.08259413,0.20634862,-0.47403562,1.31379481,0.21285751,-0.47474538,1.31501488,8.84815434,0.00000008
7.52000000,RETURN_LEG,-0.00109421,-0.01055300,0.00701167,-0.08340726,0.07009268,0.31535391,-0.08642237,0.06586601,0.08832031,0.02660783,0.00577257,30.23467421,0.00000000,50.79057701,36.08259822,0.20634862,-0.47403562,1.31379481,0.21285751,-0.47474538,1.31501488,8.84815292,0.00000008
7.53000000,RETURN_LEG,-0.00109420,-0.01055299,0.00701166,-0.08340726,0.07009268,0.31535392,-0.08642237,0.06586601,0.08832031,0.02660783,0.00577257,30.23467802,0.00000000,50.79056881,36.08260249,0.20634862,-0.47403562,1.31379481,0.21285751,-0.47474538,1.31501488,8.84815154,0.00000008
7.54000000,RETURN_LEG,-0.00109419,-0.01055298,0.00701165,-0.08340725,0.07009268,0.31535392,-0.08642236,0.06586600,0.08832031,0.02660782,0.00577256,30.23468151,0.00000000,50.79056091,36.08260687,0.20634862,-0.47403562,1.31379481,0.21285751,-0.47474538,1.31501488,8.84815020,0.00000008
7.55000000,RETURN_LEG,-0.00109418,-0.01055297,0.00701165,-0.08340725,0.07009267,0.31535392,-0.08642236,0.06586600,0.08832032,0.02660782,0.00577256,30.23468469,0.00000000,50.79055334,36.08261131,0.20634862,-0.47403562,1.31379481,0.21285751,-0.47474538,1.31501488,8.84814891,0.00000008
7.56000000,RETURN_LEG,-0.00109417,-0.01055297,0.00701164,-0.08340724,0.07009267,0.31535392,-0.08642236,0.06586600,0.08832032,0.02660781,0.00577255,30.23468755,0.00000000,50.79054615,36.08261577,0.20634862,-0.47403562,1.31379481,0.21285751,-0.47474538,1.31501488,8.84814767,0.00000008
7.57000000,RETURN_LEG,-0.00109416,-0.01055296,0.00701163,-0.08340724,0.07009267,0.31535392,-0.08642235,0.06586599,0.08832032,0.02660781,0.00577255,30.23469010,0.00000000,50.79053936,36.08262018,0.20634862,-0.47403562,1.31379481,0.21285751,-0.47474538,1.31501488,8.84814650,0.00000008
7.58000000,RETURN_LEG,-0.00109415,-0.01055295,0.00701163,-0.08340724,0.07009266,0.31535392,-0.08642235,0.06586599,0.08832033,0.02660781,0.00577255,30.23469237,0.00000000,50.79053300,36.08262451,0.20634862,-0.47403562,1.31379481,0.21285751,-0.47474538,1.31501488,8.84814539,0.00000008
7.59000000,RETURN_LEG,-0.00109414,-0.01055294,0.00701162,-0.08340723,0.07009266,0.31535392,-0.08642235,0.06586599,0.08832033,0.02660780,0.00577254,30.23469435,0.00000000,50.79052709,36.08262871,0.20634862,-0.47403562,1.31379481,0.21285751,-0.47474538,1.31501488,8.84814435,0.00000008
7.60000000,RETURN_LEG,-0.00109413,-0.01055294,0.00701161,-0.08340723,0.07009266,0.31535392,-0.08642234,0.06586599,0.08832033,0.02660780,0.00577254,30.23469607,0.00000000,50.79052166,36.08263273,0.20634862,-0.47403562,1.31379481,0.21285751,-0.47474538,1.31501488,8.84814339,0.00000008
7.61000000,RETURN_LEG,-0.00109412,-0.01055293,0.00701161,-0.08340723,0.07009265,0.31535392,-0.08642234,0.06586598,0.08832034,0.02660780,0.00577254,30.23469753,0.00000000,50.79051671,36.08263653,0.20634862,-0.47403562,1.31379481,0.21285751,-0.47474538,1.31501488,8.84814250,0.00000008
7.62000000,RETURN_LEG,-0.00109411,-0.01055292,0.00701160,-0.08340723,0.07009265,0.31535392,-0.08642234,0.06586598,0.08832034,0.02660779,0.00577253,30.23469875,0.00000000,50.79051227,36.08264009,0.20634862,-0.47403562,1.31379481,0.21285751,-0.47474538,1.31501488,8.84814168,0.00000008
7.63000000,LOWER_LEG,-0.00109411,-0.01055292,0.00701160,-0.08340722,0.07009265,0.31535392,-0.08642234,0.06586598,0.08832034,0.02660779,0.00577253,30.23469975,0.00000000,50.79050834,36.08264336,0.20634862,-0.47403562,1.31379481,0.21285751,-0.47474538,1.31501488,8.84814095,0.00000008
7.64000000,LOWER_LEG,-0.00109411,-0.01055291,0.00701159,-0.08340722,0.07009264,0.31535392,-0.08642233,0.06586597,0.08832034,0.02660777,0.00577251,30.23468931,0.00000000,50.79051794,36.08262183,0.20634862,-0.47403553,1.31379455,0.21285733,-0.47474454,1.31501297,8.84814165,0.00000008
7.65000000,LOWER_LEG,-0.00109417,-0.01055292,0.00701158,-0.08340722,0.07009264,0.31535392,-0.08642233,0.06586597,0.08832035,0.02660751,0.00577225,30.23461985,0.00000000,50.79057315,36.08245272,0.20634858,-0.47403462,1.31379216,0.21285664,-0.47474126,1.31500553,8.84814903,0.00000009
7.66000000,LOWER_LEG,-0.00109433,-0.01055297,0.00701157,-0.08340723,0.07009265,0.31535394,-0.08642233,0.06586597,0.08832035,0.02660670,0.00577144,30.23516521,0.00000000,50.79069307,36.08137304,0.20634832,-0.47403181,1.31378512,0.21285508,-0.47473388,1.31498878,8.84816189,0.00000004
7.67000000,LOWER_LEG,-0.00109457,-0.01055313,0.00701157,-0.08340724,0.07009265,0.31535396,-0.08642233,0.06586597,0.08832035,0.02660497,0.00576971,30.23447811,0.00000000,50.79089831,36.08148035,0.20634760,-0.47402581,1.31377053,0.21285233,-0.47472083,1.31495918,8.84818107,0.00000009
7.68000000,LOWER_LEG,-0.00109493,-0.01055334,0.00701157,-0.08340727,0.07009266,0.31535400,-0.08642233,0.06586598,0.08832035,0.02660186,0.00576660,30.23381139,0.00000000,50.79147640,36.08088010,0.20634605,-0.47401512,1.31374519,0.21284807,-0.47470064,1.31491338,8.84825374,0.00000007
7.69000000,LOWER_LEG,-0.00109541,-0.01055360,0.00701157,-0.08340732,0.07009268,0.31535407,-0.08642233,0.06586599,0.08832034,0.02659692,0.00576166,30.23300832,0.00000000,50.79197249,36.08012264,0.20634334,-0.47399830,1.31370589,0.21284201,-0.47467191,1.31484818,8.84831880,0.00000007
7.70000000,LOWER_LEG,-0.00109597,-0.01055391,0.00701160,-0.08340739,0.07009272,0.31535415,-0.08642233,0.06586601,0.08832032,0.02658969,0.00575443,30.23279680,0.00000000,50.79234807,36.07849505,0.20633912,-0.47397396,1.31364946,0.21283386,-0.47463330,1.31476061,8.84836866,0.00000009
7.71000000,LOWER_LEG,-0.00109654,-0.01055431,0.00701167,-0.08340747,0.07009276,0.31535426,-0.08642233,0.06586604,0.08832031,0.02657973,0.00574447,30.23140083,0.00000000,50.79337504,36.07811930,0.20633306,-0.47394077,1.31357285,0.21282338,-0.47458360,1.31464785,8.84850103,0.00000003
7.72000000,LOWER_LEG,-0.00109716,-0.01055476,0.00701179,-0.08340758,0.07009282,0.31535438,-0.08642232,0.06586608,0.08832031,0.02656662,0.00573137,30.23017670,0.00000000,50.79352019,36.07730207,0.20632480,-0.47389739,1.31347323,0.21281032,-0.47452166,1.31450735,8.84852769,0.00000008
7.73000000,LOWER_LEG,-0.00109783,-0.01055523,0.00701196,-0.08340772,0.07009288,0.31535451,-0.08642230,0.06586614,0.08832031,0.02654998,0.00571472,30.22900596,0.00000000,50.79439140,36.07641634,0.20631410,-0.47384264,1.31334788,0.21279447,-0.47444643,1.31433668,8.84865254,0.00000008
7.74000000,LOWER_LEG,-0.00109850,-0.01055573,0.00701218,-0.08340787,0.07009297,0.31535465,-0.08642227,0.06586620,0.08832032,0.02652942,0.00569416,30.22843427,0.00000000,50.79535477,36.07516357,0.20630073,-0.47377544,1.31319427,0.21277560,-0.47435690,1.31413360,8.84878804,0.00000001
7.75000000,LOWER_LEG,-0.00109917,-0.01055626,0.00701247,-0.08340804,0.07009306,0.31535479,-0.08642222,0.06586628,0.08832035,0.02650462,0.00566936,30.22721148,0.00000000,50.79530906,36.07454353,0.20628444,-0.47369473,1.31301006,0.21275355,-0.47425219,1.31389610,8.84879982,0.00000007
7.76000000,LOWER_LEG,-0.00109987,-0.01055679,0.00701282,-0.08340823,0.07009317,0.31535492,-0.08642215,0.06586637,0.08832039,0.02647526,0.00564000,30.22621525,0.00000000,50.79616999,36.07381701,0.20626503,-0.47359955,1.31279311,0.21272814,-0.47413149,1.31362233,8.84893491,0.00000006
7.77000000,LOWER_LEG,-0.00110060,-0.01055729,0.00701320,-0.08340844,0.07009330,0.31535505,-0.08642207,0.06586646,0.08832047,0.02644105,0.00560579,30.22538446,0.00000000,50.79713355,36.07313269,0.20624233,-0.47348904,1.31254141,0.21269922,-0.47399403,1.31331058,8.84908784,0.00000009
7.78000000,LOWER_LEG,-0.00110130,-0.01055779,0.00701362,-0.08340866,0.07009343,0.31535516,-0.08642195,0.06586657,0.08832057,0.02640174,0.00556648,30.22514819,0.00000000,50.79722004,36.07210773,0.20621621,-0.47336243,1.31225316,0.21266665,-0.47383914,1.31295933,8.84912366,0.00000007
7.79000000,LOWER_LEG,-0.00110199,-0.01055829,0.00701408,-0.08340889,0.07009358,0.31535526,-0.08642180,0.06586669,0.08832070,0.02635709,0.00552183,30.22439841,0.00000000,50.79815472,36.07164209,0.20618647,-0.47321896,1.31192672,0.21263031,-0.47366624,1.31256725,8.84927622,0.00000005
7.80000000,LOWER_LEG,-0.00110269,-0.01055875,0.00701455,-0.08340914,0.07009373,0.31535534,-0.08642162,0.06586682,0.08832087,0.02630691,0.00547165,30.22384380,0.00000000,50.79914761,36.07113388,0.20615299,-0.47305797,1.31156064,0.21259011,-0.47347478,1.31213314,8.84944056,0.00000008
7.81000000,LOWER_LEG,-0.00110337,-0.01055920,0.00701503,-0.08340940,0.07009389,0.31535541,-0.08642141,0.06586695,0.08832107,0.02625100,0.00541574,30.22393950,0.00000000,50.79928197,36.07016669,0.20611571,-0.47287892,1.31115359,0.21254595,-0.47326430,1.31165596,8.84949003,0.00000007
7.82000000,LOWER_LEG,-0.00110401,-0.01055966,0.00701550,-0.08340967,0.07009406,0.31535547,-0.08642115,0.06586708,0.08832132,0.02618921,0.00535395,30.22337925,0.00000000,50.80058485,36.06995054,0.20607447,-0.47268128,1.31070442,0.21249776,-0.47303442,1.31113483,8.84969444,0.00000004
7.83000000,LOWER_LEG,-0.00110464,-0.01056008,0.00701596,-0.08340994,0.07009423,0.31535552,-0.08642086,0.06586722,0.08832161,0.02612142,0.00528616,30.22299258,0.00000000,50.80073483,36.06951583,0.20602921,-0.47246460,1.31021217,0.21244548,-0.47278479,1.31056901,8.84975300,0.00000007
7.84000000,LOWER_LEG,-0.00110525,-0.01056047,0.00701639,-0.08341022,0.07009439,0.31535556,-0.08642052,0.06586736,0.08832194,0.02604749,0.00521224,30.22336995,0.00000000,50.80107007,36.06847554,0.20597988,-0.47222851,1.30967596,0.21238907,-0.47251514,1.30995789,8.84983347,0.00000009
7.85000000,LOWER_LEG,-0.00110579,-0.01056088,0.00701679,-0.08341050,0.07009456,0.31535559,-0.08642013,0.06586749,0.08832233,0.02596735,0.00513209,30.22283923,0.00000000,50.80228592,36.06853683,0.20592644,-0.47197272,1.30909508,0.21232849,-0.47222526,1.30930101,8.85002577,0.00000003
7.86000000,LOWER_LEG,-0.00110630,-0.01056126,0.00701715,-0.08341079,0.07009472,0.31535561,-0.08641970,0.06586762,0.08832277,0.02588092,0.00504566,30.22254000,0.00000000,50.80253552,36.06825700,0.20586880,-0.47169693,1.30846901,0.21226374,-0.47191500,1.30859807,8.85009687,0.00000005
7.87000000,LOWER_LEG,-0.00110678,-0.01056159,0.00701745,-0.08341108,0.07009487,0.31535562,-0.08641921,0.06586774,0.08832326,0.02578815,0.00495289,30.22233814,0.00000000,50.80279576,36.06798226,0.20580697,-0.47140097,1.30779731,0.21219480,-0.47158427,1.30784885,8.85016990,0.00000007
7.88000000,LOWER_LEG,-0.00110722,-0.01056189,0.00701769,-0.08341136,0.07009502,0.31535563,-0.08641867,0.06586785,0.08832381,0.02568900,0.00485374,30.22221005,0.00000000,50.80313546,36.06773805,0.20574095,-0.47108470,1.30707968,0.21212169,-0.47123302,1.30705329,8.85025219,0.00000009
7.89000000,LOWER_LEG,-0.00110759,-0.01056216,0.00701788,-0.08341164,0.07009515,0.31535563,-0.08641807,0.06586795,0.08832443,0.02558345,0.00474819,30.22270464,0.00000000,50.80357663,36.06705959,0.20567075,-0.47074807,1.30631595,0.21204442,-0.47086126,1.30621142,8.85034072,0.00000006
7.90000000,LOWER_LEG,-0.00110787,-0.01056244,0.00701801,-0.08341191,0.07009527,0.31535563,-0.08641741,0.06586804,0.08832510,0.02547152,0.00463626,30.22245875,0.00000000,50.80394816,36.06718157,0.20559634,-0.47039103,1.30550609,0.21196303,-0.47046905,1.30532344,8.85042012,0.00000004
7.91000000,LOWER_LEG,-0.00110810,-0.01056269,0.00701808,-0.08341216,0.07009538,0.31535562,-0.08641669,0.06586811,0.08832585,0.02535322,0.00451796,30.22240528,0.00000000,50.80446144,36.06718920,0.20551774,-0.47001359,1.30465021,0.21187757,-0.47005654,1.30438964,8.85051875,0.00000001
7.92000000,LOWER_LEG,-0.00110826,-0.01056287,0.00701809,-0.08341241,0.07009547,0.31535561,-0.08641590,0.06586817,0.08832666,0.02522859,0.00439333,30.22244882,0.00000000,50.80398159,36.06714923,0.20543503,-0.46961582,1.30374850,0.21178808,-0.46962385,1.30341039,8.85048871,0.00000006
7.93000000,LOWER_LEG,-0.00110837,-0.01056300,0.00701802,-0.08341264,0.07009554,0.31535559,-0.08641505,0.06586821,0.08832754,0.02509768,0.00426242,30.22259747,0.00000000,50.80378734,36.06723516,0.20534822,-0.46919789,1.30280127,0.21169463,-0.46917123,1.30238624,8.85049260,0.00000010
7.94000000,LOWER_LEG,-0.00110841,-0.01056306,0.00701788,-0.08341285,0.07009560,0.31535557,-0.08641413,0.06586824,0.08832850,0.02496057,0.00412531,30.22282152,0.00000000,50.80403539,36.06722827,0.20525742,-0.46875995,1.30180895,0.21159730,-0.46869890,1.30131776,8.85055159,0.00000001
7.95000000,LOWER_LEG,-0.00110836,-0.01056306,0.00701768,-0.08341304,0.07009564,0.31535554,-0.08641314,0.06586824,0.08832953,0.02481732,0.00398206,30.22313528,0.00000000,50.80374190,36.06736892,0.20516266,-0.46830225,1.30077207,0.21149616,-0.46820718,1.30020568,8.85053872,0.00000001
7.96000000,LOWER_LEG,-0.00110825,-0.01056300,0.00701740,-0.08341321,0.07009566,0.31535551,-0.08641208,0.06586823,0.08833064,0.02466805,0.00383279,30.22353459,0.00000000,50.80347931,36.06756456,0.20506401,-0.46782505,1.29969128,0.21139133,-0.46769643,1.29905082,8.85052610,0.00000002
7.97000000,LOWER_LEG,-0.00110804,-0.01056287,0.00701707,-0.08341335,0.07009565,0.31535547,-0.08641094,0.06586820,0.08833183,0.02451288,0.00367762,30.22401509,0.00000000,50.80319153,36.06779705,0.20496158,-0.46732865,1.29856732,0.21128290,-0.46716702,1.29785410,8.85050700,0.00000006
7.98000000,LOWER_LEG,-0.00110776,-0.01056267,0.00701667,-0.08341346,0.07009563,0.31535543,-0.08640973,0.06586815,0.08833310,0.02435192,0.00351666,30.22458212,0.00000000,50.80229782,36.06815164,0.20485544,-0.46681343,1.29740103,0.21117097,-0.46661940,1.29661652,8.85040662,0.00000004
7.99000000,LOWER_LEG,-0.00110741,-0.01056243,0.00701620,-0.08341355,0.07009559,0.31535538,-0.08640845,0.06586807,0.08833445,0.02418533,0.00335007,30.22523328,0.00000000,50.80136778,36.06853038,0.20474571,-0.46627978,1.29619336,0.21105569,-0.46605404,1.29533921,8.85029627,0.00000006
8.00000000,LOWER_LEG,-0.00110698,-0.01056213,0.00701567,-0.08341360,0.07009553,0.31535533,-0.08640709,0.06586798,0.08833588,0.02401328,0.00317802,30.22597460,0.00000000,50.80062824,36.06899281,0.20463252,-0.46572814,1.29494536,0.21093716,-0.46547146,1.29402336,8.85020609,0.00000008
8.01000000,LOWER_LEG,-0.00110649,-0.01056177,0.00701508,-0.08341362,0.07009544,0.31535527,-0.08640565,0.06586787,0.08833740,0.02383592,0.00300066,30.22600749,0.00000000,50.79991210,36.07044185,0.20451598,-0.46515901,1.29365814,0.21081553,-0.46487220,1.29267022,8.85011532,0.00000003
8.02000000,LOWER_LEG,-0.00110598,-0.01056130,0.00701440,-0.08341361,0.07009534,0.31535521,-0.08640414,0.06586775,0.08833900,0.02365344,0.00281818,30.22732370,0.00000000,50.79914063,36.07027874,0.20439622,-0.46457286,1.29233292,0.21069094,-0.46425685,1.29128114,8.85001965,0.00000006
8.03000000,LOWER_LEG,-0.00110540,-0.01056075,0.00701366,-0.08341356,0.07009523,0.31535514,-0.08640255,0.06586761,0.08834067,0.02346603,0.00263077,30.22845458,0.00000000,50.79775745,36.07073275,0.20427342,-0.46397032,1.29097096,0.21056353,-0.46362600,1.28985752,8.84983467,0.00000002
8.04000000,LOWER_LEG,-0.00110474,-0.01056015,0.00701286,-0.08341348,0.07009510,0.31535507,-0.08640089,0.06586745,0.08834243,0.02327389,0.00243863,30.22960325,0.00000000,50.79726327,36.07128412,0.20414768,-0.46335197,1.28957363,0.21043346,-0.46298032,1.28840088,8.84975824,0.00000010
8.05000000,LOWER_LEG,-0.00110400,-0.01055951,0.00701202,-0.08341337,0.07009496,0.31535499,-0.08639915,0.06586728,0.08834427,0.02307723,0.00224198,30.23079129,0.00000000,50.79602442,36.07190425,0.20401916,-0.46271840,1.28814238,0.21030088,-0.46232049,1.28691277,8.84958096,0.00000008
8.06000000,LOWER_LEG,-0.00110321,-0.01055881,0.00701113,-0.08341322,0.07009480,0.31535491,-0.08639735,0.06586710,0.08834619,0.02287629,0.00204103,30.23201861,0.00000000,50.79482100,36.07254696,0.20388800,-0.46207028,1.28667872,0.21016597,-0.46164722,1.28539485,8.84940387,0.00000009
8.07000000,LOWER_LEG,-0.00110235,-0.01055807,0.00701021,-0.08341303,0.07009462,0.31535483,-0.08639548,0.06586690,0.08834817,0.02267130,0.00183604,30.23328442,0.00000000,50.79352436,36.07321306,0.20375436,-0.46140828,1.28518424,0.21002889,-0.46096125,1.28384879,8.84921105,0.00000010
8.08000000,LOWER_LEG,-0.00110144,-0.01055727,0.00700925,-0.08341282,0.07009443,0.31535474,-0.08639354,0.06586668,0.08835023,0.02246249,0.00162723,30.23458989,0.00000000,50.79159299,36.07391908,0.20361842,-0.46073314,1.28366057,0.20988980,-0.46026335,1.28227636,8.84893272,0.00000008
8.09000000,LOWER_LEG,-0.00110049,-0.01055643,0.00700827,-0.08341258,0.07009423,0.31535466,-0.08639154,0.06586646,0.08835235,0.02225012,0.00141486,30.23593216,0.00000000,50.79056127,36.07462647,0.20348035,-0.46004559,1.28210945,0.20974890,-0.45955432,1.28067937,8.84876674,0.00000010
8.10000000,LOWER_LEG,-0.00109955,-0.01055549,0.00700726,-0.08341231,0.07009402,0.31535458,-0.08638949,0.06586622,0.08835454,0.02203444,0.00119918,30.23688196,0.00000000,50.78850129,36.07564239,0.20334032,-0.45934639,1.28053262,0.20960634,-0.45883496,1.27905968,8.84847213,0.00000003
8.11000000,LOWER_LEG,-0.00114422,-0.01057707,0.00700982,-0.08341361,0.07009552,0.31535808,-0.08638871,0.06586700,0.08835542,0.02189441,0.00105915,30.09216883,2.10541086,50.94492695,35.94702334,0.20325513,-0.45882214,1.27944385,0.20946733,-0.45813145,1.27747621,8.86619984,0.00000002
8.12000000,LOWER_LEG,-0.00129170,-0.01067888,0.00704058,-0.08342172,0.07010554,0.31537663,-0.08639339,0.06587460,0.08834908,0.02184418,0.00100892,29.70728194,2.22804635,51.22107060,35.71855681,0.20323564,-0.45831353,1.27843333,0.20934495,-0.45751045,1.27607889,8.89670347,0.00000001
8.13000000,LOWER_LEG,-0.00147172,-0.01083263,0.00711100,-0.08343774,0.07012607,0.31540998,-0.08640482,0.06589156,0.08833257,0.02182031,0.00098505,29.26476871,2.18913118,51.42644290,35.45147961,0.20326483,-0.45776758,1.27728540,0.20923041,-0.45692789,1.27476841,8.92010082,0.00000001
8.14000000,LOWER_LEG,-0.00166408,-0.01100328,0.00722097,-0.08346087,0.07015637,0.31545366,-0.08642268,0.06591749,0.08830701,0.02180942,0.00097416,28.85392007,2.15010300,51.58212552,35.14433586,0.20332744,-0.45720347,1.27606009,0.20911804,-0.45635506,1.27348018,8.94039618,0.00000001
8.15000000,LOWER_LEG,-0.00186791,-0.01117135,0.00736777,-0.08348968,0.07019508,0.31550252,-0.08644590,0.06595121,0.08827475,0.02180513,0.00096987,28.51672959,2.14096959,51.72579118,34.82330402,0.20341186,-0.45663015,1.27479976,0.20900585,-0.45578180,1.27219135,8.96176487,0.00000001
8.16000000,LOWER_LEG,-0.00208402,-0.01132960,0.00754765,-0.08352277,0.07024071,0.31555214,-0.08647327,0.06599137,0.08823787,0.02180339,0.00096813,28.26311353,2.16947750,51.88392911,34.51216824,0.20351108,-0.45605366,1.27352857,0.20889332,-0.45520549,1.27089599,8.98671481,0.00000001
8.17000000,LOWER_LEG,-0.00231174,-0.01147752,0.00775589,-0.08355906,0.07029185,0.31559934,-0.08650382,0.06603665,0.08819769,0.02180169,0.00096643,28.08444885,2.23336140,52.06892678,34.22349254,0.20362074,-0.45547795,1.27225991,0.20878049,-0.45462634,1.26959457,9.01619243,0.00000001
8.18000000,LOWER_LEG,-0.00254900,-0.01161749,0.00798683,-0.08359795,0.07034719,0.31564230,-0.08653696,0.06608588,0.08815483,0.02179866,0.00096340,27.96297182,2.32561730,52.28240936,33.96018600,0.20373750,-0.45490453,1.27100076,0.20866757,-0.45404541,1.26828954,9.05003112,0.00000001
8.19000000,LOWER_LEG,-0.00279302,-0.01175272,0.00823419,-0.08363927,0.07040555,0.31568040,-0.08657248,0.06613797,0.08810933,0.02179379,0.00095853,27.87777118,2.43775083,52.51971797,33.71972215,0.20385825,-0.45433278,1.26975425,0.20855480,-0.45346390,1.26698354,9.08743173,0.00000001
8.20000000,LOWER_LEG,-0.00304074,-0.01188631,0.00849153,-0.08368311,0.07046589,0.31571389,-0.08661042,0.06619198,0.08806098,0.02178711,0.00095185,27.80860032,2.56176685,52.77356209,33.49773194,0.20397986,-0.45376074,1.26852121,0.20844237,-0.45288283,1.26567888,9.12734562,0.00000001
8.21000000,LOWER_LEG,-0.00328918,-0.01202095,0.00875264,-0.08372971,0.07052724,0.31574354,-0.08665098,0.06624704,0.08800941,0.02177894,0.00094368,27.73825188,2.69128246,53.03637206,33.29014123,0.20409923,-0.45318595,1.26730133,0.20833045,-0.45230304,1.26437744,9.16872669,0.00000001
8.22000000,LOWER_LEG,-0.00353563,-0.01215871,0.00901194,-0.08377932,0.07058875,0.31577031,-0.08669437,0.06630240,0.08795433,0.02176976,0.00093450,27.65384875,2.82198986,53.30154072,33.09406173,0.20421349,-0.45260618,1.26609393,0.20821917,-0.45172521,1.26308074,9.21066930,0.00000001
8.23000000,LOWER_LEG,-0.00377780,-0.01230099,0.00926470,-0.08383211,0.07064970,0.31579520,-0.08674075,0.06635738,0.08789553,0.02176001,0.00092475,27.54725553,2.95163095,53.56391745,32.90789977,0.20432018,-0.45201976,1.26489851,0.20810861,-0.45114988,1.26179000,9.25246518,0.00000001
8.24000000,LOWER_LEG,-0.00401387,-0.01244851,0.00950718,-0.08388812,0.07070944,0.31581903,-0.08679017,0.06641141,0.08783298,0.02175005,0.00091479,27.41480526,3.07963505,53.81986954,32.73108016,0.20441748,-0.45142577,1.26371497,0.20799887,-0.45057750,1.26050620,9.29361003,0.00000001
8.25000000,LOWER_LEG,-0.00424255,-0.01260136,0.00973670,-0.08394724,0.07076746,0.31584242,-0.08684253,0.06646401,0.08776680,0.02174010,0.00090484,27.25656283,3.20657189,54.06712250,32.56364160,0.20450424,-0.45082409,1.26254366,0.20789002,-0.45000844,1.25923020,9.33378198,0.00000001
8.26000000,LOWER_LEG,-0.00446309,-0.01275910,0.00995162,-0.08400923,0.07082341,0.31586576,-0.08689764,0.06651482,0.08769728,0.02173029,0.00089503,27.07535187,3.33356056,54.30450356,32.40584488,0.20458006,-0.45021522,1.26138530,0.20778211,-0.44944307,1.25796279,9.37280701,0.00000001
8.27000000,LOWER_LEG,-0.00467518,-0.01292093,0.01015127,-0.08407370,0.07087702,0.31588924,-0.08695514,0.06656361,0.08762482,0.02172064,0.00088538,26.87574283,3.46174686,54.53165842,32.25786185,0.20464520,-0.44960024,1.26024075,0.20767522,-0.44888179,1.25670486,9.41062023,0.00000001
8.28000000,LOWER_LEG,-0.00487894,-0.01308579,0.01033581,-0.08414020,0.07092821,0.31591290,-0.08701463,0.06661025,0.08754991,0.02171114,0.00087588,26.66314632,3.59192092,54.74878134,32.11957118,0.20470049,-0.44898064,1.25911089,0.20756943,-0.44832505,1.25545744,9.44722912,0.00000001
8.29000000,LOWER_LEG,-0.00507482,-0.01325252,0.01050609,-0.08420818,0.07097696,0.31593668,-0.08707561,0.06665473,0.08747311,0.02170174,0.00086648,26.44309455,3.72430395,54.95638211,31.99046279,0.20474722,-0.44835821,1.25799647,0.20746483,-0.44777343,1.25422179,9.48268198,0.00000001
8.30000000,LOWER_LEG,-0.00526349,-0.01341999,0.01066349,-0.08427710,0.07102341,0.31596051,-0.08713758,0.06669713,0.08739497,0.02169241,0.00085715,26.22073866,3.85849563,55.15510244,31.86963749,0.20478693,-0.44773492,1.25689804,0.20736156,-0.44722760,1.25299940,9.51704327,0.00000001
8.31000000,LOWER_LEG,-0.00544580,-0.01358711,0.01080974,-0.08434639,0.07106775,0.31598426,-0.08720002,0.06673760,0.08731605,0.02168315,0.00084789,26.00054936,3.99354873,55.34558500,31.75587927,0.20482133,-0.44711284,1.25581592,0.20725975,-0.44668833,1.25179200,9.55037633,0.00000001
8.32000000,LOWER_LEG,-0.00562262,-0.01375292,0.01094676,-0.08441552,0.07111023,0.31600786,-0.08726243,0.06677638,0.08723689,0.02167399,0.00083873,25.78618359,4.12812592,55.52839157,31.64777343,0.20485210,-0.44649405,1.25475029,0.20715954,-0.44615645,1.25060144,9.58273266,0.00000001
8.33000000,LOWER_LEG,-0.00579481,-0.01391661,0.01107651,-0.08448400,0.07115116,0.31603125,-0.08732434,0.06681370,0.08715799,0.02166499,0.00082973,25.58047078,4.26069372,55.70396186,31.54384384,0.20488080,-0.44588059,1.25370122,0.20706110,-0.44563285,1.24942969,9.61414666,0.00000001
8.34000000,LOWER_LEG,-0.00596315,-0.01407748,0.01120085,-0.08455137,0.07119082,0.31605442,-0.08738531,0.06684984,0.08707979,0.02165622,0.00082096,25.38547301,4.38971554,55.87260252,31.44268618,0.20490881,-0.44527438,1.25266877,0.20696458,-0.44511842,1.24827872,9.64463434,0.00000001
8.35000000,LOWER_LEG,-0.00612828,-0.01423496,0.01132144,-0.08461723,0.07122949,0.31607737,-0.08744497,0.06688506,0.08700268,0.02164778,0.00081252,25.20258125,4.51381625,56.03449566,31.34308028,0.20493724,-0.44467721,1.25165309,0.20687012,-0.44461401,1.24715043,9.67419472,0.00000001
8.36000000,LOWER_LEG,-0.00629067,-0.01438860,0.01143969,-0.08468124,0.07126744,0.31610012,-0.08750299,0.06691958,0.08692701,0.02163974,0.00080448,25.03262069,4.63190164,56.18971801,31.24407095,0.20496692,-0.44409070,1.25065444,0.20677788,-0.44412043,1.24604662,9.70281244,0.00000001
8.37000000,LOWER_LEG,-0.00645062,-0.01453802,0.01155667,-0.08474310,0.07130486,0.31612272,-0.08755908,0.06695359,0.08685308,0.02163217,0.00079691,24.87594922,4.74322604,56.33826391,31.14501353,0.20499840,-0.44351624,1.24967328,0.20668797,-0.44363842,1.24496889,9.73046119,0.00000001
8.38000000,LOWER_LEG,-0.00660824,-0.01468292,0.01167309,-0.08480258,0.07134190,0.31614518,-0.08761302,0.06698724,0.08678112,0.02162511,0.00078985,24.73254217,4.84740952,56.48006782,31.04558565,0.20503192,-0.44295504,1.24871031,0.20660050,-0.44316861,1.24391869,9.75710696,0.00000001
8.39000000,LOWER_LEG,-0.00676348,-0.01482306,0.01178934,-0.08485949,0.07137864,0.31616755,-0.08766462,0.06702061,0.08671134,0.02161859,0.00078333,24.60206347,4.94441233,56.61502422,30.94577022,0.20506753,-0.44240807,1.24776640,0.20651556,-0.44271159,1.24289727,9.78271119,0.00000001
8.40000000,LOWER_LEG,-0.00691614,-0.01495829,0.01190549,-0.08491370,0.07141512,0.31618983,-0.08771374,0.06705374,0.08664390,0.02161259,0.00077733,24.48392667,5.03447812,56.74300445,30.84581727,0.20510503,-0.44187612,1.24684263,0.20643323,-0.44226783,1.24190569,9.80723350,0.00000001
8.41000000,LOWER_LEG,-0.00706588,-0.01508847,0.01202131,-0.08496510,0.07145131,0.31621202,-0.08776030,0.06708662,0.08657891,0.02160711,0.00077185,24.37735044,5.11805881,56.86387069,30.74619227,0.20514407,-0.44135974,1.24594023,0.20635358,-0.44183775,1.24094485,9.83063413,0.00000001
8.42000000,LOWER_LEG,-0.00721231,-0.01521354,0.01213633,-0.08501365,0.07148714,0.31623410,-0.08780424,0.06711919,0.08651644,0.02160211,0.00076685,24.28141223,5.19573378,56.97748823,30.64751849,0.20518419,-0.44085934,1.24506054,0.20627665,-0.44142169,1.24001552,9.85287619,0.00000001
8.43000000,LOWER_LEG,-0.00735494,-0.01533348,0.01224993,-0.08505934,0.07152249,0.31625606,-0.08784555,0.06715136,0.08645654,0.02159753,0.00076227,24.19510196,5.26813329,57.08373665,30.55051943,0.20522484,-0.44037512,1.24420494,0.20620248,-0.44101996,1.23911835,9.87392763,0.00000001
8.44000000,LOWER_LEG,-0.00749328,-0.01544830,0.01236134,-0.08510219,0.07155724,0.31627784,-0.08788425,0.06718301,0.08639922,0.02159334,0.00075808,24.11737537,5.33587353,57.18252038,30.45596563,0.20526546,-0.43990719,1.24337484,0.20613112,-0.44063281,1.23825391,9.89376310,0.00000001
8.45000000,LOWER_LEG,-0.00762684,-0.01555804,0.01246974,-0.08514225,0.07159123,0.31629939,-0.08792037,0.06721401,0.08634447,0.02158949,0.00075423,24.04720511,5.39950685,57.27377868,30.36462872,0.20530548,-0.43945551,1.24257157,0.20606260,-0.44026048,1.23742269,9.91236547,0.00000001
8.46000000,LOWER_LEG,-0.00775514,-0.01566278,0.01257432,-0.08517961,0.07162431,0.31632068,-0.08795400,0.06724420,0.08629225,0.02158592,0.00075067,23.98362692,5.45948827,57.35749462,30.27724393,0.20534436,-0.43901999,1.24179642,0.20599693,-0.43990318,1.23662514,9.92972719,0.00000001
8.47000000,LOWER_LEG,-0.00787776,-0.01576262,0.01267427,-0.08521435,0.07165631,0.31634162,-0.08798523,0.06727347,0.08624249,0.02158262,0.00074736,23.92577788,5.51615720,57.43370228,30.19448141,0.20538163,-0.43860047,1.24105055,0.20593414,-0.43956110,1.23586167,9.94585110,0.00000001
8.48000000,LOWER_LEG,-0.00799435,-0.01585764,0.01276888,-0.08524660,0.07168709,0.31636215,-0.08801416,0.06730166,0.08619513,0.02157954,0.00074428,23.87292452,5.56973219,57.50249161,30.11692574,0.20541689,-0.43819676,1.24033499,0.20587426,-0.43923440,1.23513265,9.96075084,0.00000001
8.49000000,LOWER_LEG,-0.00810461,-0.01594795,0.01285755,-0.08527649,0.07171652,0.31638221,-0.08804093,0.06732866,0.08615007,0.02157667,0.00074141,23.82447958,5.62031579,57.56401044,30.04506290,0.20544983,-0.43780865,1.23965062,0.20581729,-0.43892325,1.23443842,9.97445075,0.00000001
8.50000000,LOWER_LEG,-0.00820835,-0.01603365,0.01293979,-0.08530414,0.07174451,0.31640172,-0.08806564,0.06735438,0.08610723,0.02157398,0.00073872,23.78000702,5.66790709,57.61846319,29.97927359,0.20548020,-0.43743595,1.23899817,0.20576327,-0.43862779,1.23377928,9.98698521,0.00000001
8.51000000,LOWER_LEG,-0.00830542,-0.01611486,0.01301524,-0.08532971,0.07177096,0.31642062,-0.08808845,0.06737873,0.08606651,0.02157147,0.00073621,23.73921647,5.71241929,57.66610656,29.91983183,0.20550786,-0.43707851,1.23837822,0.20571219,-0.43834814,1.23315551,9.99839750,0.00000001
8.52000000,LOWER_LEG,-0.00839579,-0.01619167,0.01308370,-0.08535332,0.07179581,0.31643883,-0.08810947,0.06740165,0.08602781,0.02156913,0.00073387,23.70194855,5.75370038,57.70724247,29.86690777,0.20553275,-0.43673617,1.23779118,0.20566407,-0.43808441,1.23256729,10.00873830,0.00000001
8.53000000,LOWER_LEG,-0.00847947,-0.01626416,0.01314508,-0.08537513,0.07181904,0.31645629,-0.08812884,0.06742312,0.08599103,0.02156697,0.00073171,23.66815344,5.79155538,57.74220886,29.82057386,0.20555486,-0.43640885,1.23723732,0.20561891,-0.43783666,1.23201479,10.01806390,0.00000001
8.54000000,LOWER_LEG,-0.00855654,-0.01633242,0.01319942,-0.08539524,0.07184063,0.31647294,-0.08814668,0.06744311,0.08595608,0.02156499,0.00072973,23.63786514,5.82576864,57.77136923,29.78081337,0.20557426,-0.43609647,1.23671676,0.20557671,-0.43760492,1.23149806,10.02643425,0.00000001
8.55000000,LOWER_LEG,-0.00862715,-0.01639653,0.01324686,-0.08541380,0.07186059,0.31648872,-0.08816312,0.06746162,0.08592288,0.02156320,0.00072794,23.61060961,5.85613140,57.79506986,29.74812744,0.20559104,-0.43579900,1.23622951,0.20553746,-0.43738921,1.23101708,10.03390922,0.00000009
8.56000000,LOWER_LEG,-0.00869147,-0.01645657,0.01328763,-0.08543091,0.07187895,0.31650358,-0.08817825,0.06747869,0.08589133,0.02156160,0.00072634,23.58797313,5.88245853,57.81376325,29.72080682,0.20560534,-0.43551643,1.23577542,0.20550114,-0.43718945,1.23057173,10.04055445,0.00000005
8.57000000,LOWER_LEG,-0.00874971,-0.01651263,0.01332205,-0.08544668,0.07189575,0.31651748,-0.08819219,0.06749434,0.08586136,0.02156020,0.00072494,23.56871918,5.90455667,57.82778587,29.70006898,0.20561732,-0.43524877,1.23535420,0.20546773,-0.43700554,1.23016175,10.04642755,0.00000008
8.58000000,LOWER_LEG,-0.00880211,-0.01656478,0.01335046,-0.08546121,0.07191105,0.31653039,-0.08820501,0.06750863,0.08583291,0.02155900,0.00072374,23.55392073,5.92233920,57.83751575,29.68457723,0.20562714,-0.43499605,1.23496549,0.20543719,-0.43683731,1.22978677,10.05158564,0.00000003
8.59000000,LOWER_LEG,-0.00884888,-0.01661315,0.01337325,-0.08547457,0.07192489,0.31654229,-0.08821681,0.06752159,0.08580591,0.02155801,0.00072275,23.54316912,5.93573758,57.84333850,29.67468877,0.20563499,-0.43475828,1.23460878,0.20540947,-0.43668454,1.22944625,10.05608371,0.00000006
8.60000000,LOWER_LEG,-0.00889032,-0.01665779,0.01339082,-0.08548685,0.07193736,0.31655317,-0.08822765,0.06753329,0.08578031,0.02155724,0.00072198,23.53531608,5.94480306,57.84542849,29.67111507,0.20564097,-0.43453545,1.23428346,0.20538452,-0.43654693,1.22913955,10.05996032,0.00000000
8.61000000,LOWER_LEG,-0.00892670,-0.01669878,0.01340355,-0.08549812,0.07194851,0.31656302,-0.08823760,0.06754379,0.08575605,0.02155667,0.00072141,23.53210569,5.94969940,57.84411687,29.67159252,0.20564519,-0.43432747,1.23398888,0.20536226,-0.43642410,1.22886579,10.06326011,0.00000000
8.62000000,LOWER_LEG,-0.00895827,-0.01673623,0.01341185,-0.08550842,0.07195842,0.31657187,-0.08824671,0.06755315,0.08573310,0.02155630,0.00072104,23.53273222,5.95057148,57.83971917,29.67664771,0.20564781,-0.43413430,1.23372420,0.20534260,-0.43631558,1.22862395,10.06602440,0.00000000
8.63000000,LOWER_LEG,-0.00898530,-0.01677025,0.01341610,-0.08551780,0.07196716,0.31657972,-0.08825502,0.06756144,0.08571142,0.02155614,0.00072088,23.53726661,5.94767252,57.83241808,29.68543246,0.20564890,-0.43395577,1.23348850,0.20532544,-0.43622085,1.22841284,10.06828261,0.00000000
8.64000000,LOWER_LEG,-0.00900803,-0.01680095,0.01341663,-0.08552631,0.07197478,0.31658661,-0.08826257,0.06756870,0.08569098,0.02155615,0.00072089,23.54525342,5.94133504,57.82252033,29.69812157,0.20564856,-0.43379171,1.23328074,0.20531068,-0.43613929,1.22823110,10.07006965,0.00000000
8.65000000,LOWER_LEG,-0.00902671,-0.01682849,0.01341381,-0.08553398,0.07198136,0.31659258,-0.08826938,0.06757501,0.08567175,0.02155634,0.00072108,23.55638379,5.93189944,57.81021162,29.71421225,0.20564687,-0.43364185,1.23309976,0.20529818,-0.43607022,1.22807718,10.07141011,0.00000000
8.66000000,LOWER_LEG,-0.00904159,-0.01685303,0.01340794,-0.08554084,0.07198696,0.31659768,-0.08827550,0.06758041,0.08565372,0.02155669,0.00072143,23.57036985,5.91980736,57.79566476,29.73322655,0.20564388,-0.43350585,1.23294426,0.20528780,-0.43601285,1.22794936,10.07232622,0.00000000
8.67000000,LOWER_LEG,-0.00905293,-0.01687472,0.01339933,-0.08554692,0.07199164,0.31660197,-0.08828093,0.06758496,0.08563684,0.02155717,0.00072191,23.58685540,5.90554671,57.77905901,29.75473976,0.20563964,-0.43338329,1.23281284,0.20527939,-0.43596634,1.22784572,10.07283989,0.00000000
8.68000000,LOWER_LEG,-0.00906100,-0.01689372,0.01338826,-0.08555223,0.07199546,0.31660552,-0.08828570,0.06758872,0.08562111,0.02155777,0.00072251,23.60544555,5.88963952,57.76058311,29.77832929,0.20563420,-0.43327365,1.23270396,0.20527277,-0.43592973,1.22776416,10.07297375,0.00000000
8.69000000,LOWER_LEG,-0.00906607,-0.01691022,0.01337500,-0.08555681,0.07199847,0.31660839,-0.08828982,0.06759174,0.08560650,0.02155847,0.00072321,23.62571797,5.87263343,57.74043997,29.80356547,0.20562761,-0.43317632,1.23261595,0.20526776,-0.43590201,1.22770240,10.07275224,0.00000000
8.70000000,LOWER_LEG,-0.00906842,-0.01692441,0.01335983,-0.08556067,0.07200075,0.31661066,-0.08829332,0.06759407,0.08559297,0.02155924,0.00072398,23.64723094,5.85509444,57.71885106,29.83000656,0.20561993,-0.43309061,1.23254698,0.20526415,-0.43588208,1.22765799,10.07220248,0.00000000
8.71000000,LOWER_LEG,-0.00906839,-0.01693650,0.01334303,-0.08556385,0.07200236,0.31661241,-0.08829622,0.06759579,0.08558050,0.02156005,0.00072479,23.66952937,5.83760075,57.69606138,29.85719566,0.20561123,-0.43301571,1.23249507,0.20526174,-0.43586875,1.22762829,10.07135526,0.00000000
8.72000000,LOWER_LEG,-0.00906628,-0.01694673,0.01332488,-0.08556638,0.07200336,0.31661373,-0.08829854,0.06759694,0.08556906,0.02156088,0.00072562,23.69214900,5.82073783,57.67234448,29.88465887,0.20560161,-0.43295074,1.23245809,0.20526030,-0.43586077,1.22761051,10.07024595,0.00000000
8.73000000,LOWER_LEG,-0.00906248,-0.01695533,0.01330567,-0.08556829,0.07200384,0.31661469,-0.08830030,0.06759759,0.08555861,0.02156170,0.00072644,23.71464186,5.80451287,57.64817555,29.91197044,0.20559117,-0.43289471,1.23243376,0.20525963,-0.43585706,1.22760224,10.06893674,0.00000008
8.74000000,LOWER_LEG,-0.00905734,-0.01696256,0.01328574,-0.08556962,0.07200387,0.31661538,-0.08830153,0.06759783,0.08554909,0.02156248,0.00072722,23.73653064,5.79068109,57.62283887,29.93852153,0.20558005,-0.43284655,1.23241969,0.20525939,-0.43585575,1.22759932,10.06733777,0.00000010
8.75000000,LOWER_LEG,-0.00905132,-0.01696870,0.01326543,-0.08557042,0.07200355,0.31661590,-0.08830229,0.06759772,0.08554044,0.02156320,0.00072794,23.75729012,5.77954289,57.59887985,29.96376363,0.20556839,-0.43280502,1.23241317,0.20525932,-0.43585536,1.22759845,10.06578153,0.00000007
8.76000000,VERIFY_CONTACT,-0.00904483,-0.01697403,0.01324511,-0.08557075,0.07200296,0.31661634,-0.08830262,0.06759736,0.08553259,0.02156382,0.00072856,23.77643397,5.77108494,57.57496764,29.98712155,0.20555639,-0.43276883,1.23241147,0.20525919,-0.43585464,1.22759685,10.06410293,0.00000002
8.77000000,VERIFY_CONTACT,-0.00903831,-0.01697884,0.01322518,-0.08557068,0.07200222,0.31661678,-0.08830256,0.06759684,0.08552548,0.02156433,0.00072907,23.79371893,5.76273963,57.55190638,30.00840072,0.20554424,-0.43273684,1.23241207,0.20525905,-0.43585389,1.22759517,10.06241663,0.00000005
8.78000000,VERIFY_CONTACT,-0.00903206,-0.01698334,0.01320602,-0.08557028,0.07200141,0.31661730,-0.08830219,0.06759623,0.08551901,0.02156477,0.00072951,23.80927200,5.75517534,57.52899899,30.02734024,0.20553221,-0.43270830,1.23241339,0.20525886,-0.43585279,1.22759273,10.06064575,0.00000000
8.79000000,VERIFY_CONTACT,-0.00902625,-0.01698760,0.01318796,-0.08556960,0.07200063,0.31661791,-0.08830155,0.06759563,0.08551311,0.02156518,0.00072992,23.82349566,5.74665761,57.50744172,30.04389398,0.20552052,-0.43268273,1.23241459,0.20525871,-0.43585198,1.22759093,10.05896443,0.00000000
8.80000000,VERIFY_CONTACT,-0.00902105,-0.01699163,0.01317125,-0.08556871,0.07199993,0.31661863,-0.08830070,0.06759510,0.08550773,0.02156559,0.00073033,23.83687679,5.73685285,57.48753920,30.05818293,0.20550936,-0.43265983,1.23241522,0.20525864,-0.43585158,1.22759004,10.05742815,0.00000006
8.81000000,VERIFY_CONTACT,-0.00901655,-0.01699542,0.01315609,-0.08556764,0.07199938,0.31661944,-0.08829968,0.06759468,0.08550279,0.02156602,0.00073076,23.84988687,5.72725380,57.46825858,30.07038252,0.20549886,-0.43263936,1.23241514,0.20525857,-0.43585122,1.22758922,10.05591511,0.00000007
8.82000000,VERIFY_CONTACT,-0.00901280,-0.01699895,0.01314261,-0.08556645,0.07199901,0.31662032,-0.08829854,0.06759441,0.08549824,0.02156647,0.00073121,23.86287559,5.71779065,57.44984444,30.08078038,0.20548909,-0.43262117,1.23241436,0.20525851,-0.43585086,1.22758843,10.05446804,0.00000001
8.83000000,VERIFY_CONTACT,-0.00900982,-0.01700226,0.01313085,-0.08556518,0.07199883,0.31662121,-0.08829732,0.06759431,0.08549403,0.02156694,0.00073168,23.87582005,5.70791492,57.43321540,30.09003550,0.20548008,-0.43260508,1.23241289,0.20525851,-0.43585086,1.22758843,10.05320748,0.00000003
8.84000000,VERIFY_CONTACT,-0.00900760,-0.01700533,0.01312079,-0.08556387,0.07199886,0.31662209,-0.08829606,0.06759439,0.08549011,0.02156741,0.00073215,23.88915925,5.69782477,57.41828606,30.09764741,0.20547180,-0.43259093,1.23241094,0.20525858,-0.43585124,1.22758926,10.05213635,0.00000004
8.85000000,VERIFY_CONTACT,-0.00900608,-0.01700816,0.01311235,-0.08556258,0.07199908,0.31662292,-0.08829481,0.06759464,0.08548642,0.02156790,0.00073264,23.90276611,5.68742651,57.40526384,30.10412716,0.20546421,-0.43257860,1.23240882,0.20525872,-0.43585204,1.22759105,10.05128613,0.00000000
8.86000000,VERIFY_CONTACT,-0.00900519,-0.01701079,0.01310539,-0.08556133,0.07199949,0.31662367,-0.08829359,0.06759505,0.08548292,0.02156839,0.00073313,23.91720881,5.67824249,57.39295393,30.10881871,0.20545724,-0.43256792,1.23240667,0.20525886,-0.43585281,1.22759277,10.05050272,0.00000010
8.87000000,VERIFY_CONTACT,-0.00900484,-0.01701329,0.01309975,-0.08556017,0.07200005,0.31662434,-0.08829246,0.06759561,0.08547955,0.02156887,0.00073361,23.92972732,5.66862186,57.38268055,30.11498929,0.20545078,-0.43255869,1.23240460,0.20525907,-0.43585399,1.22759540,10.04996125,0.00000000
8.88000000,VERIFY_CONTACT,-0.00900495,-0.01701573,0.01309525,-0.08555915,0.07200075,0.31662489,-0.08829145,0.06759628,0.08547627,0.02156934,0.00073408,23.94294237,5.66004035,57.37310266,30.11918332,0.20544471,-0.43255072,1.23240272,0.20525928,-0.43585514,1.22759796,10.04949198,0.00000004
8.89000000,VERIFY_CONTACT,-0.00900541,-0.01701817,0.01309169,-0.08555828,0.07200156,0.31662535,-0.08829059,0.06759705,0.08547304,0.02156979,0.00073453,23.95546608,5.65174767,57.36480977,30.12311160,0.20543893,-0.43254383,1.23240110,0.20525952,-0.43585645,1.22760087,10.04916990,0.00000009
8.90000000,VERIFY_CONTACT,-0.00900615,-0.01702068,0.01308886,-0.08555762,0.07200243,0.31662569,-0.08828990,0.06759789,0.08546981,0.02157023,0.00073497,23.96619987,5.64248781,57.35880530,30.12781303,0.20543331,-0.43253782,1.23239984,0.20525987,-0.43585841,1.22760525,10.04913130,0.00000003
8.91000000,VERIFY_CONTACT,-0.00900706,-0.01702328,0.01308658,-0.08555717,0.07200336,0.31662593,-0.08828943,0.06759877,0.08546655,0.02157066,0.00073540,23.97670591,5.63470374,57.35289085,30.13140579,0.20542776,-0.43253257,1.23239906,0.20526020,-0.43586020,1.22760923,10.04909048,0.00000008
8.92000000,VERIFY_CONTACT,-0.00900806,-0.01702602,0.01308467,-0.08555697,0.07200429,0.31662606,-0.08828918,0.06759966,0.08546324,0.02157106,0.00073580,23.98519325,5.62715422,57.34797736,30.13597787,0.20542220,-0.43252790,1.23239875,0.20526054,-0.43586211,1.22761349,10.04916877,0.00000003
8.93000000,VERIFY_CONTACT,-0.00900908,-0.01702894,0.01308298,-0.08555702,0.07200522,0.31662610,-0.08828917,0.06760055,0.08545986,0.02157145,0.00073619,23.99326367,5.62002111,57.34389179,30.13966337,0.20541655,-0.43252369,1.23239893,0.20526091,-0.43586413,1.22761799,10.04934269,0.00000009
8.94000000,VERIFY_CONTACT,-0.00901009,-0.01703204,0.01308139,-0.08555733,0.07200611,0.31662605,-0.08828941,0.06760141,0.08545638,0.02157182,0.00073656,23.99916389,5.61331998,57.34050656,30.14454976,0.20541078,-0.43251983,1.23239964,0.20526129,-0.43586623,1.22762268,10.04959906,0.00000003
8.95000000,VERIFY_CONTACT,-0.00901104,-0.01703533,0.01307981,-0.08555789,0.07200696,0.31662591,-0.08828988,0.06760223,0.08545281,0.02157217,0.00073691,24.00436855,5.60706632,57.33773686,30.14897131,0.20540484,-0.43251626,1.23240087,0.20526168,-0.43586841,1.22762752,10.04992744,0.00000004
8.96000000,VERIFY_CONTACT,-0.00901190,-0.01703879,0.01307818,-0.08555871,0.07200775,0.31662569,-0.08829060,0.06760299,0.08544915,0.02157249,0.00073723,24.00876097,5.60125266,57.33553475,30.15325309,0.20539876,-0.43251290,1.23240263,0.20526208,-0.43587062,1.22763246,10.05032081,0.00000008
8.97000000,VERIFY_CONTACT,-0.00901267,-0.01704241,0.01307646,-0.08555977,0.07200848,0.31662539,-0.08829155,0.06760370,0.08544540,0.02157280,0.00073754,24.01110836,5.59584365,57.33383464,30.15896602,0.20539253,-0.43250973,1.23240486,0.20526249,-0.43587288,1.22763749,10.05077172,0.00000000
8.98000000,VERIFY_CONTACT,-0.00901334,-0.01704619,0.01307464,-0.08556105,0.07200914,0.31662502,-0.08829271,0.06760435,0.08544156,0.02157308,0.00073782,24.01367266,5.59080854,57.33255275,30.16343001,0.20538618,-0.43250673,1.23240754,0.20526290,-0.43587516,1.22764257,10.05127028,0.00000005
8.99000000,VERIFY_CONTACT,-0.00901393,-0.01705008,0.01307274,-0.08556254,0.07200974,0.31662459,-0.08829407,0.06760493,0.08543766,0.02157335,0.00073809,24.01470769,5.58611534,57.33166248,30.16897031,0.20537975,-0.43250389,1.23241060,0.20526332,-0.43587747,1.22764771,10.05181188,0.00000000
9.00000000,VERIFY_CONTACT,-0.00901446,-0.01705406,0.01307078,-0.08556420,0.07201027,0.31662411,-0.08829560,0.06760545,0.08543370,0.02157359,0.00073833,24.01564398,5.58173594,57.33109093,30.17392912,0.20537327,-0.43250122,1.23241399,0.20526374,-0.43587978,1.22765287,10.05238777,0.00000000
9.01000000,VERIFY_CONTACT,-0.00901494,-0.01705810,0.01306879,-0.08556601,0.07201076,0.31662357,-0.08829728,0.06760593,0.08542971,0.02157383,0.00073857,24.01606924,5.57760713,57.33083038,30.17897364,0.20536680,-0.43249874,1.23241764,0.20526416,-0.43588211,1.22765805,10.05299386,0.00000000
9.02000000,VERIFY_CONTACT,-0.00901539,-0.01706218,0.01306682,-0.08556795,0.07201119,0.31662300,-0.08829908,0.06760636,0.08542571,0.02157404,0.00073878,24.01615542,5.57368818,57.33081976,30.18393921,0.20536040,-0.43249647,1.23242148,0.20526458,-0.43588444,1.22766323,10.05362228,0.00000000
9.03000000,VERIFY_CONTACT,-0.00901583,-0.01706627,0.01306492,-0.08556999,0.07201159,0.31662240,-0.08830097,0.06760675,0.08542171,0.02157425,0.00073899,24.01602771,5.56995060,57.33100983,30.18875364,0.20535409,-0.43249446,1.23242543,0.20526500,-0.43588676,1.22766842,10.05426567,0.00000000
9.04000000,VERIFY_CONTACT,-0.00901629,-0.01707033,0.01306314,-0.08557209,0.07201197,0.31662178,-0.08830294,0.06760712,0.08541775,0.02157444,0.00073918,24.01578942,5.56637190,57.33135544,30.19336009,0.20534792,-0.43249272,1.23242945,0.20526542,-0.43588909,1.22767360,10.05491687,0.00000000
9.05000000,VERIFY_CONTACT,-0.00901677,-0.01707434,0.01306150,-0.08557423,0.07201232,0.31662115,-0.08830494,0.06760747,0.08541383,0.02157463,0.00073937,24.01552484,5.56293643,57.33181436,30.19771167,0.20534192,-0.43249128,1.23243348,0.20526584,-0.43589140,1.22767875,10.05556886,0.00000000
9.06000000,VERIFY_CONTACT,-0.00901729,-0.01707828,0.01306005,-0.08557637,0.07201266,0.31662052,-0.08830696,0.06760780,0.08540999,0.02157480,0.00073954,24.01530005,5.55963584,57.33234633,30.20177076,0.20533613,-0.43249017,1.23243747,0.20526625,-0.43589369,1.22768386,10.05621478,0.00000000
9.07000000,VERIFY_CONTACT,-0.00901784,-0.01708212,0.01305882,-0.08557851,0.07201300,0.31661990,-0.08830897,0.06760813,0.08540624,0.02157498,0.00073972,24.01586286,5.55646184,57.33293140,30.20470822,0.20533056,-0.43248942,1.23244137,0.20526666,-0.43589596,1.22768890,10.05684881,0.00000010
9.08000000,VERIFY_CONTACT,-0.00901845,-0.01708585,0.01305780,-0.08558060,0.07201334,0.31661930,-0.08831095,0.06760845,0.08540260,0.02157514,0.00073988,24.01498500,5.55342335,57.33349914,30.20914700,0.20532522,-0.43248903,1.23244515,0.20526707,-0.43589819,1.22769387,10.05746320,0.00000000
9.09000000,VERIFY_CONTACT,-0.00901910,-0.01708944,0.01305701,-0.08558264,0.07201367,0.31661871,-0.08831287,0.06760878,0.08539908,0.02157530,0.00074004,24.01547631,5.55054298,57.33400163,30.21169479,0.20532012,-0.43248900,1.23244879,0.20526746,-0.43590037,1.22769874,10.05805000,0.00000004
9.10000000,VERIFY_CONTACT,-0.00901980,-0.01709288,0.01305644,-0.08558459,0.07201402,0.31661816,-0.08831472,0.06760910,0.08539570,0.02157545,0.00074019,24.01604149,5.54783368,57.33444817,30.21403806,0.20531525,-0.43248933,1.23245227,0.20526785,-0.43590250,1.22770349,10.05860697,0.00000008
9.11000000,VERIFY_CONTACT,-0.00902052,-0.01709615,0.01305608,-0.08558645,0.07201437,0.31661765,-0.08831648,0.06760943,0.08539247,0.02157559,0.00074033,24.01579180,5.54530235,57.33480334,30.21720876,0.20531061,-0.43249001,1.23245559,0.20526822,-0.43590456,1.22770808,10.05912920,0.00000000
9.12000000,VERIFY_CONTACT,-0.00902127,-0.01709925,0.01305592,-0.08558820,0.07201472,0.31661718,-0.08831815,0.06760977,0.08538941,0.02157572,0.00074046,24.01665713,5.54296035,57.33502573,30.21881847,0.20530621,-0.43249104,1.23245873,0.20526858,-0.43590655,1.22771251,10.05961076,0.00000003
9.13000000,VERIFY_CONTACT,-0.00902202,-0.01710219,0.01305593,-0.08558983,0.07201507,0.31661675,-0.08831969,0.06761010,0.08538651,0.02157585,0.00074059,24.01695607,5.54082055,57.33514571,30.22105031,0.20530202,-0.43249239,1.23246168,0.20526892,-0.43590845,1.22771675,10.06005218,0.00000000
9.14000000,VERIFY_CONTACT,-0.00902277,-0.01710495,0.01305608,-0.08559132,0.07201543,0.31661637,-0.08832112,0.06761044,0.08538379,0.02157596,0.00074070,24.01823154,5.53888831,57.33506794,30.22179092,0.20529804,-0.43249403,1.23246444,0.20526925,-0.43591027,1.22772079,10.06044527,0.00000006
9.15000000,VERIFY_CONTACT,-0.00902350,-0.01710754,0.01305635,-0.08559269,0.07201578,0.31661605,-0.08832243,0.06761077,0.08538125,0.02157607,0.00074081,24.01856870,5.53757191,57.33448906,30.22358204,0.20529425,-0.43249591,1.23246701,0.20526953,-0.43591182,1.22772425,10.06074695,0.00000005
9.16000000,VERIFY_CONTACT,-0.00902422,-0.01710996,0.01305669,-0.08559391,0.07201612,0.31661577,-0.08832360,0.06761109,0.08537888,0.02157616,0.00074090,24.01992687,5.53639237,57.33380591,30.22389529,0.20529063,-0.43249801,1.23246937,0.20526980,-0.43591329,1.22772753,10.06101051,0.00000009
9.17000000,VERIFY_CONTACT,-0.00902489,-0.01711220,0.01305710,-0.08559500,0.07201646,0.31661554,-0.08832464,0.06761141,0.08537669,0.02157625,0.00074099,24.02082119,5.53424785,57.33404038,30.22467501,0.20528720,-0.43250030,1.23247160,0.20527013,-0.43591512,1.22773160,10.06136776,0.00000005
9.18000000,VERIFY_CONTACT,-0.00902551,-0.01711428,0.01305754,-0.08559595,0.07201678,0.31661537,-0.08832556,0.06761171,0.08537466,0.02157632,0.00074106,24.02178924,5.53364044,57.33294415,30.22517652,0.20528392,-0.43250275,1.23247367,0.20527036,-0.43591638,1.22773441,10.06152910,0.00000004
9.19000000,VERIFY_CONTACT,-0.00902608,-0.01711619,0.01305798,-0.08559677,0.07201709,0.31661524,-0.08832635,0.06761201,0.08537281,0.02157638,0.00074112,24.02278691,5.53310667,57.33179214,30.22551634,0.20528078,-0.43250530,1.23247561,0.20527057,-0.43591755,1.22773702,10.06166042,0.00000007
9.20000000,VERIFY_CONTACT,-0.00902658,-0.01711795,0.01305842,-0.08559746,0.07201738,0.31661515,-0.08832702,0.06761228,0.08537111,0.02157643,0.00074117,24.02339021,5.53266253,57.33061038,30.22629214,0.20527780,-0.43250792,1.23247739,0.20527076,-0.43591863,1.22773943,10.06176412,0.00000010
9.21000000,VERIFY_CONTACT,-0.00902704,-0.01711957,0.01305882,-0.08559804,0.07201765,0.31661510,-0.08832758,0.06761254,0.08536957,0.02157647,0.00074121,24.02500067,5.53155776,57.33005344,30.22560900,0.20527494,-0.43251057,1.23247902,0.20527100,-0.43591995,1.22774237,10.06192978,0.00000007
9.22000000,VERIFY_CONTACT,-0.00902743,-0.01712105,0.01305918,-0.08559850,0.07201790,0.31661508,-0.08832803,0.06761278,0.08536816,0.02157650,0.00074124,24.02552865,5.53169928,57.32840978,30.22618011,0.20527222,-0.43251323,1.23248053,0.20527114,-0.43592075,1.22774414,10.06193437,0.00000008
9.23000000,VERIFY_CONTACT,-0.00902777,-0.01712240,0.01305950,-0.08559887,0.07201813,0.31661510,-0.08832839,0.06761300,0.08536689,0.02157652,0.00074126,24.02688217,5.53105473,57.32752295,30.22564365,0.20526962,-0.43251586,1.23248193,0.20527134,-0.43592182,1.22774653,10.06202013,0.00000006
9.24000000,VERIFY_CONTACT,-0.00902805,-0.01712365,0.01305976,-0.08559914,0.07201834,0.31661515,-0.08832866,0.06761321,0.08536574,0.02157654,0.00074128,24.02807844,5.53090810,57.32623540,30.22531537,0.20526715,-0.43251844,1.23248320,0.20527148,-0.43592262,1.22774831,10.06203575,0.00000010
9.25000000,VERIFY_CONTACT,-0.00902828,-0.01712478,0.01305996,-0.08559934,0.07201853,0.31661521,-0.08832886,0.06761339,0.08536469,0.02157654,0.00074128,24.02831663,5.53091962,57.32482310,30.22595556,0.20526481,-0.43252094,1.23248437,0.20527161,-0.43592334,1.22774991,10.06202309,0.00000002
9.26000000,VERIFY_CONTACT,-0.00902847,-0.01712582,0.01306011,-0.08559947,0.07201871,0.31661529,-0.08832899,0.06761357,0.08536375,0.02157655,0.00074129,24.02944287,5.53155017,57.32287027,30.22548873,0.20526257,-0.43252333,1.23248543,0.20527168,-0.43592373,1.22775080,10.06192730,0.00000009
9.27000000,VERIFY_CONTACT,-0.00902862,-0.01712678,0.01306020,-0.08559954,0.07201887,0.31661538,-0.08832907,0.06761372,0.08536289,0.02157655,0.00074129,24.03038269,5.53139555,57.32174988,30.22526063,0.20526046,-0.43252562,1.23248641,0.20527182,-0.43592445,1.22775240,10.06192700,0.00000005
9.28000000,VERIFY_CONTACT,-0.00902874,-0.01712767,0.01306025,-0.08559957,0.07201901,0.31661548,-0.08832911,0.06761386,0.08536210,0.02157654,0.00074128,24.03127738,5.53178307,57.32012263,30.22506238,0.20525847,-0.43252778,1.23248730,0.20527188,-0.43592484,1.22775325,10.06185157,0.00000009
9.29000000,VERIFY_CONTACT,-0.00902884,-0.01712849,0.01306025,-0.08559957,0.07201914,0.31661558,-0.08832911,0.06761399,0.08536138,0.02157654,0.00074128,24.03214223,5.53126677,57.31942126,30.22489618,0.20525659,-0.43252980,1.23248812,0.20527202,-0.43592557,1.22775490,10.06188760,0.00000006
9.30000000,VERIFY_CONTACT,-0.00902892,-0.01712926,0.01306022,-0.08559955,0.07201926,0.31661568,-0.08832908,0.06761411,0.08536071,0.02157653,0.00074127,24.03288948,5.53169453,57.31792152,30.22482672,0.20525482,-0.43253169,1.23248887,0.20527208,-0.43592593,1.22775569,10.06181353,0.00000006
9.31000000,VERIFY_CONTACT,-0.00902899,-0.01712998,0.01306016,-0.08559951,0.07201937,0.31661578,-0.08832905,0.06761422,0.08536008,0.02157652,0.00074126,24.03360713,5.53186422,57.31668630,30.22478943,0.20525316,-0.43253344,1.23248957,0.20527215,-0.43592631,1.22775653,10.06176843,0.00000006
9.32000000,VERIFY_CONTACT,-0.00902904,-0.01713067,0.01306007,-0.08559946,0.07201947,0.31661586,-0.08832901,0.06761432,0.08535948,0.02157652,0.00074126,24.03421279,5.53199074,57.31554249,30.22486752,0.20525160,-0.43253504,1.23249021,0.20527221,-0.43592666,1.22775733,10.06173102,0.00000006
9.33000000,VERIFY_CONTACT,-0.00902910,-0.01713134,0.01305997,-0.08559943,0.07201957,0.31661593,-0.08832897,0.06761442,0.08535890,0.02157651,0.00074125,24.03478535,5.53197463,57.31459932,30.22498561,0.20525013,-0.43253650,1.23249081,0.20527228,-0.43592705,1.22775817,10.06171607,0.00000005
9.34000000,VERIFY_CONTACT,-0.00902916,-0.01713198,0.01305987,-0.08559940,0.07201966,0.31661600,-0.08832894,0.06761451,0.08535834,0.02157651,0.00074125,24.03520621,5.53191925,57.31376398,30.22530976,0.20524876,-0.43253782,1.23249138,0.20527235,-0.43592741,1.22775899,10.06171200,0.00000005
9.35000000,VERIFY_CONTACT,-0.00902922,-0.01713261,0.01305975,-0.08559939,0.07201975,0.31661604,-0.08832893,0.06761460,0.08535779,0.02157651,0.00074125,24.03555396,5.53182471,57.31305029,30.22578147,0.20524747,-0.43253901,1.23249193,0.20527242,-0.43592777,1.22775980,10.06172116,0.00000005
9.36000000,VERIFY_CONTACT,-0.00902930,-0.01713324,0.01305963,-0.08559940,0.07201983,0.31661607,-0.08832894,0.06761468,0.08535725,0.02157652,0.00074126,24.03679026,5.53167839,57.31240858,30.22504878,0.20524625,-0.43254008,1.23249246,0.20527248,-0.43592813,1.22776059,10.06174073,0.00000008
9.37000000,VERIFY_CONTACT,-0.00902938,-0.01713386,0.01305952,-0.08559945,0.07201992,0.31661609,-0.08832897,0.06761476,0.08535670,0.02157652,0.00074126,24.03709044,5.53147151,57.31187407,30.22539718,0.20524510,-0.43254103,1.23249298,0.20527254,-0.43592849,1.22776139,10.06177419,0.00000006
9.38000000,VERIFY_CONTACT,-0.00902946,-0.01713449,0.01305941,-0.08559952,0.07202000,0.31661608,-0.08832904,0.06761484,0.08535614,0.02157653,0.00074127,24.03730447,5.53120498,57.31146745,30.22585866,0.20524402,-0.43254187,1.23249349,0.20527261,-0.43592885,1.22776220,10.06182321,0.00000005
9.39000000,VERIFY_CONTACT,-0.00902956,-0.01713512,0.01305931,-0.08559962,0.07202008,0.31661606,-0.08832913,0.06761492,0.08535558,0.02157654,0.00074128,24.03738961,5.53089178,57.31119546,30.22653889,0.20524300,-0.43254261,1.23249400,0.20527268,-0.43592922,1.22776302,10.06188813,0.00000005
9.40000000,VERIFY_CONTACT,-0.00902967,-0.01713576,0.01305921,-0.08559976,0.07202016,0.31661602,-0.08832925,0.06761500,0.08535500,0.02157656,0.00074130,24.03831782,5.53055009,57.31100466,30.22615318,0.20524202,-0.43254327,1.23249452,0.20527275,-0.43592960,1.22776387,10.06196436,0.00000009
9.41000000,VERIFY_CONTACT,-0.00902978,-0.01713640,0.01305912,-0.08559993,0.07202023,0.31661597,-0.08832941,0.06761507,0.08535442,0.02157657,0.00074131,24.03842302,5.53024926,57.31078895,30.22663357,0.20524109,-0.43254384,1.23249506,0.20527281,-0.43592994,1.22776463,10.06203974,0.00000007
9.42000000,VERIFY_CONTACT,-0.00902991,-0.01713706,0.01305905,-0.08560013,0.07202031,0.31661590,-0.08832959,0.06761515,0.08535382,0.02157659,0.00074133,24.03843532,5.52988939,57.31068523,30.22721122,0.20524019,-0.43254436,1.23249560,0.20527287,-0.43593030,1.22776542,10.06212905,0.00000008
9.43000000,VERIFY_CONTACT,-0.00903003,-0.01713772,0.01305898,-0.08560036,0.07202039,0.31661582,-0.08832981,0.06761522,0.08535321,0.02157661,0.00074135,24.03832678,5.52949355,57.31068468,30.22795743,0.20523933,-0.43254481,1.23249614,0.20527294,-0.43593066,1.22776622,10.06223044,0.00000009
9.44000000,VERIFY_CONTACT,-0.00903016,-0.01713840,0.01305892,-0.08560063,0.07202046,0.31661573,-0.08833005,0.06761529,0.08535259,0.02157663,0.00074137,24.03898796,5.52814002,57.31163321,30.22782488,0.20523850,-0.43254522,1.23249671,0.20527307,-0.43593140,1.22776787,10.06245350,0.00000010
9.45000000,VERIFY_CONTACT,-0.00903030,-0.01713908,0.01305887,-0.08560092,0.07202053,0.31661562,-0.08833032,0.06761536,0.08535197,0.02157665,0.00074139,24.03890028,5.52787497,57.31162976,30.22838190,0.20523769,-0.43254558,1.23249730,0.20527314,-0.43593177,1.22776871,10.06255567,0.00000007
9.46000000,VERIFY_CONTACT,-0.00903044,-0.01713976,0.01305882,-0.08560123,0.07202060,0.31661551,-0.08833061,0.06761542,0.08535133,0.02157668,0.00074142,24.03873622,5.52756030,57.31169354,30.22900149,0.20523691,-0.43254593,1.23249789,0.20527321,-0.43593215,1.22776956,10.06266567,0.00000005
9.47000000,VERIFY_CONTACT,-0.00903057,-0.01714045,0.01305879,-0.08560156,0.07202067,0.31661539,-0.08833092,0.06761549,0.08535069,0.02157670,0.00074144,24.03848618,5.52720760,57.31182634,30.22973165,0.20523615,-0.43254625,1.23249850,0.20527328,-0.43593253,1.22777041,10.06278277,0.00000004
9.48000000,VERIFY_CONTACT,-0.00903071,-0.01714113,0.01305877,-0.08560191,0.07202073,0.31661527,-0.08833124,0.06761555,0.08535006,0.02157673,0.00074147,24.03810360,5.52684035,57.31203762,30.23071479,0.20523541,-0.43254656,1.23249912,0.20527335,-0.43593292,1.22777126,10.06290668,0.00000005
9.49000000,VERIFY_CONTACT,-0.00903085,-0.01714181,0.01305875,-0.08560227,0.07202079,0.31661514,-0.08833158,0.06761561,0.08534942,0.02157675,0.00074149,24.03873629,5.52647247,57.31221399,30.23027425,0.20523468,-0.43254687,1.23249975,0.20527341,-0.43593330,1.22777211,10.06302761,0.00000008
9.50000000,VERIFY_CONTACT,-0.00903099,-0.01714248,0.01305874,-0.08560264,0.07202085,0.31661501,-0.08833192,0.06761567,0.08534879,0.02157678,0.00074152,24.03847573,5.52609746,57.31240809,30.23086833,0.20523397,-0.43254717,1.23250037,0.20527348,-0.43593367,1.22777294,10.06314909,0.00000007
9.51000000,STAND,-0.00903112,-0.01714315,0.01305874,-0.08560301,0.07202091,0.31661488,-0.08833227,0.06761572,0.08534816,0.02157680,0.00074154,24.03815257,5.52450344,57.31316624,30.23147841,0.20523328,-0.43254749,1.23250100,0.20527343,-0.43593468,1.22777479,10.06334684,0.00000008
9.52000000,STAND,-0.00903137,-0.01714384,0.01305876,-0.08560336,0.07202095,0.31661474,-0.08833261,0.06761577,0.08534756,0.02157684,0.00074158,24.03721187,5.52153711,57.31347076,30.22911157,0.20523240,-0.43254814,1.23250202,0.20527208,-0.43593806,1.22777899,10.06351645,0.00000000
9.53000000,STAND,-0.00903211,-0.01714483,0.01305887,-0.08560367,0.07202094,0.31661453,-0.08833292,0.06761577,0.08534705,0.02157696,0.00074170,24.03622437,5.51430210,57.31593104,30.22475944,0.20523066,-0.43255021,1.23250444,0.20526818,-0.43594713,1.22778980,10.06401812,0.00000000
9.54000000,STAND,-0.00903376,-0.01714644,0.01305920,-0.08560383,0.07202078,0.31661416,-0.08833311,0.06761564,0.08534670,0.02157722,0.00074196,24.03524427,5.50177138,57.32182341,30.21794298,0.20522714,-0.43255542,1.23251002,0.20526046,-0.43596498,1.22781100,10.06504239,0.00000000
9.55000000,STAND,-0.00903675,-0.01714894,0.01305990,-0.08560373,0.07202031,0.31661348,-0.08833311,0.06761526,0.08534663,0.02157770,0.00074244,24.03497456,5.48371767,57.33244315,30.20901409,0.20522075,-0.43256596,1.23252125,0.20524772,-0.43599457,1.22784623,10.06678741,0.00000000
9.56000000,STAND,-0.00904141,-0.01715255,0.01306116,-0.08560322,0.07201934,0.31661235,-0.08833278,0.06761444,0.08534698,0.02157842,0.00074316,24.03604574,5.46028584,57.34866841,30.19844475,0.20521028,-0.43258435,1.23254104,0.20522877,-0.43603871,1.22789889,10.06940012,0.00000000
9.57000000,STAND,-0.00904800,-0.01715740,0.01306314,-0.08560210,0.07201757,0.31661062,-0.08833196,0.06761293,0.08534793,0.02157941,0.00074415,24.03888878,5.43192704,57.37097228,30.18679574,0.20519447,-0.43261323,1.23257252,0.20520244,-0.43610005,1.22797206,10.07297495,0.00000000
9.58000000,STAND,-0.00905664,-0.01716357,0.01306603,-0.08560016,0.07201469,0.31660815,-0.08833046,0.06761043,0.08534967,0.02158067,0.00074541,24.04364288,5.39925322,57.39946153,30.17466785,0.20517203,-0.43265528,1.23261893,0.20516760,-0.43618104,1.22806854,10.07755550,0.00000000
9.59000000,STAND,-0.00906733,-0.01717110,0.01306996,-0.08559713,0.07201031,0.31660485,-0.08832805,0.06760658,0.08535242,0.02158217,0.00074691,24.05013053,5.36293993,57.43392499,30.16266003,0.20514165,-0.43271318,1.23268343,0.20512313,-0.43628400,1.22819090,10.08313846,0.00000000
9.60000000,STAND,-0.00908000,-0.01718002,0.01307502,-0.08559274,0.07200400,0.31660063,-0.08832449,0.06760100,0.08535645,0.02158388,0.00074862,24.05789217,5.32367905,57.47388563,30.15133549,0.20510201,-0.43278955,1.23276908,0.20506794,-0.43641109,1.22834145,10.08967897,0.00000000
9.61000000,STAND,-0.00909446,-0.01719036,0.01308122,-0.08558667,0.07199530,0.31659547,-0.08831949,0.06759326,0.08536204,0.02158578,0.00075052,24.06626063,5.28216572,57.51865556,30.14119741,0.20505177,-0.43288691,1.23287878,0.20500099,-0.43656435,1.22852229,10.09709713,0.00000000
9.62000000,STAND,-0.00911045,-0.01720212,0.01308852,-0.08557857,0.07198372,0.31658938,-0.08831274,0.06758291,0.08536952,0.02158782,0.00075257,24.07445350,5.23910168,57.56739257,30.13267416,0.20498962,-0.43300768,1.23301524,0.20492124,-0.43674569,1.22873534,10.10528516,0.00000000
9.63000000,STAND,-0.00912766,-0.01721527,0.01309678,-0.08556807,0.07196875,0.31658239,-0.08830391,0.06756948,0.08537922,0.02158999,0.00075473,24.08166536,5.19520093,57.61915521,30.12611163,0.20491427,-0.43315417,1.23318102,0.20482769,-0.43695688,1.22898232,10.11411475,0.00000000
9.64000000,STAND,-0.00914573,-0.01722976,0.01310582,-0.08555475,0.07194987,0.31657456,-0.08829261,0.06755249,0.08539154,0.02159225,0.00075699,24.08714782,5.15119000,57.67295294,30.12177023,0.20482446,-0.43332857,1.23337848,0.20471937,-0.43719958,1.22926477,10.12344399,0.00000000
9.65000000,STAND,-0.00916426,-0.01724552,0.01311538,-0.08553819,0.07192659,0.31656598,-0.08827846,0.06753147,0.08540688,0.02159455,0.00075929,24.09027083,5.10779978,57.72778844,30.11982418,0.20471901,-0.43353296,1.23360982,0.20459535,-0.43747536,1.22958407,10.13312351,0.00000000
9.66000000,STAND,-0.00918286,-0.01726240,0.01312515,-0.08551791,0.07189840,0.31655675,-0.08826103,0.06750595,0.08542569,0.02159686,0.00076160,24.09056342,5.06575039,57.78269066,30.12036200,0.20459679,-0.43376929,1.23387707,0.20445471,-0.43778565,1.22994148,10.14300158,0.00000000
9.67000000,STAND,-0.00920115,-0.01728026,0.01313479,-0.08549343,0.07186481,0.31654696,-0.08823986,0.06747549,0.08544843,0.02159915,0.00076389,24.08773477,5.02573191,57.83673840,30.12338831,0.20445676,-0.43403943,1.23418211,0.20429658,-0.43813183,1.23033809,10.15292814,0.00000001
9.68000000,STAND,-0.00921876,-0.01729887,0.01314395,-0.08546422,0.07182537,0.31653674,-0.08821449,0.06743965,0.08547559,0.02160138,0.00076612,24.08167843,4.98838470,57.88907515,30.12882704,0.20429800,-0.43434510,1.23452665,0.20412012,-0.43851516,1.23077490,10.16275772,0.00000001
9.69000000,STAND,-0.00923536,-0.01731801,0.01315230,-0.08542977,0.07177964,0.31652619,-0.08818441,0.06739803,0.08550768,0.02160350,0.00076824,24.07246330,4.95428241,57.93891699,30.13652681,0.20411967,-0.43468796,1.23491225,0.20392452,-0.43893684,1.23125283,10.17235150,0.00000001
9.70000000,STAND,-0.00925065,-0.01733739,0.01315951,-0.08538951,0.07172722,0.31651542,-0.08814913,0.06735024,0.08554523,0.02160549,0.00077023,24.06031491,4.92391983,57.98555489,30.14626877,0.20392104,-0.43506956,1.23534029,0.20370901,-0.43939798,1.23177268,10.18157864,0.00000001
9.71000000,STAND,-0.00926438,-0.01735672,0.01316528,-0.08534291,0.07166773,0.31650454,-0.08810812,0.06729594,0.08558875,0.02160731,0.00077205,24.04559019,4.89770652,58.02835342,30.15777683,0.20370149,-0.43549134,1.23581202,0.20347284,-0.43989964,1.23233522,10.19031698,0.00000001
9.72000000,STAND,-0.00927635,-0.01737567,0.01316938,-0.08528940,0.07160084,0.31649364,-0.08806089,0.06723482,0.08563878,0.02160894,0.00077368,24.02874881,4.87596638,58.06674692,30.17073011,0.20346049,-0.43595468,1.23632854,0.20321531,-0.44044281,1.23294113,10.19845340,0.00000001
9.73000000,STAND,-0.00928640,-0.01739392,0.01317160,-0.08522843,0.07152624,0.31648283,-0.08800690,0.06716657,0.08569585,0.02161034,0.00077508,24.01032299,4.85894231,58.10023461,30.18477685,0.20319761,-0.43646085,1.23689080,0.20293575,-0.44102844,1.23359104,10.20588384,0.00000001
9.74000000,STAND,-0.00929439,-0.01741113,0.01317179,-0.08515947,0.07144364,0.31647218,-0.08794565,0.06709094,0.08576047,0.02161151,0.00077625,23.99088795,4.84680481,58.12837514,30.19954919,0.20291250,-0.43701106,1.23749965,0.20263352,-0.44165741,1.23428555,10.21251317,0.00000001
9.75000000,STAND,-0.00930025,-0.01742695,0.01316986,-0.08508199,0.07135280,0.31646180,-0.08787666,0.06700769,0.08583315,0.02161242,0.00077716,23.97103405,4.83966314,58.15078136,30.21467777,0.20260486,-0.43760640,1.23815579,0.20230804,-0.44233054,1.23502520,10.21825497,0.00000001
9.76000000,STAND,-0.00930392,-0.01744106,0.01316573,-0.08499547,0.07125350,0.31645175,-0.08779944,0.06691660,0.08591437,0.02161306,0.00077780,23.95134177,4.83757773,58.16711559,30.22980568,0.20227445,-0.43824793,1.23885987,0.20195872,-0.44304860,1.23581048,10.22303120,0.00000001
9.77000000,STAND,-0.00930535,-0.01745313,0.01315940,-0.08489944,0.07114551,0.31644211,-0.08771353,0.06681748,0.08600459,0.02161342,0.00077816,23.93236018,4.84057261,58.17708548,30.24460086,0.20192109,-0.43893658,1.23961240,0.20158503,-0.44381233,1.23664183,10.22677194,0.00000001
9.78000000,STAND,-0.00930454,-0.01746286,0.01315085,-0.08479344,0.07102867,0.31643295,-0.08761851,0.06671016,0.08610427,0.02161351,0.00077825,23.91458929,4.84864688,58.18044072,30.25876654,0.20154461,-0.43967321,1.24041387,0.20118649,-0.44462240,1.23751965,10.22941509,0.00000001
9.79000000,STAND,-0.00930148,-0.01746995,0.01314012,-0.08467704,0.07090280,0.31642431,-0.08751397,0.06659446,0.08621380,0.02161331,0.00077805,23.89846663,4.86178469,58.17697042,30.27204946,0.20114487,-0.44045861,1.24126467,0.20076262,-0.44547941,1.23844430,10.23090610,0.00000001
9.80000000,STAND,-0.00929615,-0.01747416,0.01312723,-0.08454985,0.07076773,0.31641625,-0.08739954,0.06647025,0.08633356,0.02161283,0.00077757,23.88435786,4.87996313,58.16650110,30.28424559,0.20072173,-0.44129346,1.24216515,0.20031298,-0.44638394,1.23941606,10.23119780,0.00000001
9.81000000,STAND,-0.00928856,-0.01747524,0.01311221,-0.08441151,0.07062333,0.31640880,-0.08727487,0.06633737,0.08646390,0.02161206,0.00077680,23.87255156,4.90315811,58.14889523,30.29520338,0.20027506,-0.44217836,1.24311563,0.19983717,-0.44733651,1.24043519,10.23025017,0.00000001
9.82000000,STAND,-0.00927870,-0.01747299,0.01309509,-0.08426171,0.07046946,0.31640201,-0.08713967,0.06619571,0.08660513,0.02161102,0.00077576,23.86325757,4.93134804,58.12405020,30.30482470,0.19980473,-0.44311382,1.24411637,0.19933482,-0.44833757,1.24150187,10.22803017,0.00000001
9.83000000,STAND,-0.00926656,-0.01746723,0.01307587,-0.08410015,0.07030598,0.31639590,-0.08699367,0.06604513,0.08675754,0.02160969,0.00077443,23.85660880,4.96451562,58.09189744,30.31306360,0.19931059,-0.44410026,1.24516760,0.19880559,-0.44938752,1.24261626,10.22451164,0.00000002
9.84000000,STAND,-0.00925213,-0.01745781,0.01305456,-0.08392660,0.07013277,0.31639047,-0.08683661,0.06588553,0.08692136,0.02160810,0.00077284,23.85266580,5.00264800,58.05240172,30.31992325,0.19879251,-0.44513801,1.24626955,0.19824916,-0.45048674,1.24377842,10.21967507,0.00000002
9.85000000,STAND,-0.00923538,-0.01744462,0.01303112,-0.08374085,0.06994971,0.31638574,-0.08666831,0.06571678,0.08709679,0.02160623,0.00077097,23.85142354,5.04573566,58.00556035,30.32545136,0.19825034,-0.44622732,1.24742236,0.19766525,-0.45163551,1.24498840,10.21350750,0.00000002
9.86000000,STAND,-0.00921629,-0.01742756,0.01300551,-0.08354273,0.06975669,0.31638171,-0.08648860,0.06553878,0.08728402,0.02160410,0.00076884,23.85281991,5.09377036,57.95140225,30.32973446,0.19768390,-0.44736835,1.24862620,0.19705360,-0.45283411,1.24624617,10.20600229,0.00000002
9.87000000,STAND,-0.00919483,-0.01740658,0.01297766,-0.08333209,0.06955361,0.31637837,-0.08629734,0.06535143,0.08748319,0.02160171,0.00076645,23.85674519,5.14674252,57.88998680,30.33289141,0.19709305,-0.44856118,1.24988117,0.19641399,-0.45408273,1.24755168,10.19715886,0.00000002
9.88000000,STAND,-0.00917096,-0.01738162,0.01294752,-0.08310883,0.06934037,0.31637569,-0.08609443,0.06515465,0.08769440,0.02159906,0.00076380,23.86305212,5.20463846,57.82140225,30.33506641,0.19647762,-0.44980582,1.25118732,0.19574621,-0.45538153,1.24890481,10.18698240,0.00000002
9.89000000,STAND,-0.00914466,-0.01735269,0.01291497,-0.08287290,0.06911689,0.31637367,-0.08587979,0.06494834,0.08791773,0.02159617,0.00076091,23.87156586,5.26743766,57.74576388,30.33642205,0.19583745,-0.45110223,1.25254471,0.19505009,-0.45673062,1.25030539,10.17548353,0.00000002
9.90000000,STAND,-0.00911590,-0.01731980,0.01287994,-0.08262424,0.06888307,0.31637227,-0.08565339,0.06473243,0.08815324,0.02159303,0.00075777,23.88209354,5.33511044,57.66321168,30.33713237,0.19517239,-0.45245029,1.25395330,0.19432549,-0.45813008,1.25175322,10.16267783,0.00000002
9.91000000,STAND,-0.00908465,-0.01728295,0.01284233,-0.08236283,0.06863885,0.31637145,-0.08541520,0.06450684,0.08840094,0.02158965,0.00075439,23.89443295,5.40761612,57.57390767,30.33737646,0.19448229,-0.45384983,1.25541304,0.19357229,-0.45957993,1.25324805,10.14858537,0.00000002
9.92000000,STAND,-0.00905091,-0.01724221,0.01280205,-0.08208871,0.06838417,0.31637118,-0.08516522,0.06427152,0.08866085,0.02158606,0.00075080,23.90838025,5.48490186,57.47803289,30.33733263,0.19376703,-0.45530063,1.25692381,0.19279041,-0.46108013,1.25478958,10.13323015,0.00000002
9.93000000,STAND,-0.00901465,-0.01719762,0.01275900,-0.08180188,0.06811897,0.31637142,-0.08490350,0.06402642,0.08893293,0.02158224,0.00074698,23.92373636,5.56690221,57.37578403,30.33717332,0.19302648,-0.45680244,1.25848545,0.19197976,-0.46263063,1.25637747,10.11663950,0.00000002
9.94000000,STAND,-0.00897590,-0.01714925,0.01271313,-0.08150242,0.06784323,0.31637211,-0.08463006,0.06377150,0.08921715,0.02157823,0.00074297,23.94031211,5.65353945,57.26736990,30.33706083,0.19226056,-0.45835497,1.26009773,0.19114032,-0.46423131,1.25801135,10.09884342,0.00000002
9.95000000,STAND,-0.00893466,-0.01709718,0.01266437,-0.08119039,0.06755690,0.31637322,-0.08434497,0.06350673,0.08951345,0.02157401,0.00073875,23.95793198,5.74472453,57.15300771,30.33714396,0.19146918,-0.45995790,1.26176037,0.19027207,-0.46588203,1.25969079,10.07987390,0.00000002
9.96000000,STAND,-0.00889095,-0.01704150,0.01261268,-0.08086588,0.06725999,0.31637470,-0.08404831,0.06323209,0.08982175,0.02156962,0.00073436,23.97643668,5.84035875,57.03291937,30.33755547,0.19065229,-0.46161086,1.26347302,0.18937501,-0.46758259,1.26141533,10.05976426,0.00000002
9.97000000,STAND,-0.00884481,-0.01698228,0.01255804,-0.08052899,0.06695248,0.31637649,-0.08374017,0.06294759,0.09014198,0.02156506,0.00072980,23.99568454,5.94033583,56.90732776,30.33841042,0.18980984,-0.46331351,1.26523529,0.18844918,-0.46933275,1.26318445,10.03854845,0.00000002
9.98000000,STAND,-0.00879629,-0.01691962,0.01250045,-0.08017983,0.06663438,0.31637855,-0.08342064,0.06265321,0.09047402,0.02156035,0.00072509,24.01555191,6.04454447,56.77645324,30.33980519,0.18894183,-0.46506544,1.26704669,0.18749464,-0.47113223,1.26499760,10.01626037,0.00000003
9.99000000,STAND,-0.00874543,-0.01685361,0.01243992,-0.07981852,0.06630572,0.31638084,-0.08308984,0.06234899,0.09081777,0.02155550,0.00072024,24.03593276,6.15287103,56.64051030,30.34181723,0.18804826,-0.46686624,1.26890670,0.18651146,-0.47298071,1.26685417,9.99293333,0.00000003
10.00000000,STAND,-0.00869229,-0.01678435,0.01237648,-0.07944518,0.06596654,0.31638331,-0.08274787,0.06203494,0.09117313,0.02155052,0.00071526,24.05673763,6.26520235,56.49970464,30.34450535,0.18712916,-0.46871549,1.27081474,0.18549974,-0.47487783,1.26875352,9.96859939,0.00000003
10.01000000,STAND,-0.00863695,-0.01671192,0.01231019,-0.07905996,0.06561686,0.31638592,-0.08239486,0.06171111,0.09153995,0.02154543,0.00071017,24.07789216,6.38142851,56.35423059,30.34791044,0.18618457,-0.47061275,1.27277015,0.18445961,-0.47682318,1.27069495,9.94328892,0.00000003
10.02000000,STAND,-0.00857946,-0.01663641,0.01224110,-0.07866298,0.06525676,0.31638862,-0.08203093,0.06137754,0.09191813,0.02154024,0.00070498,24.09933532,6.50144536,56.20426894,30.35205657,0.18521457,-0.47255755,1.27477223,0.18339120,-0.47881630,1.27267772,9.91703018,0.00000003
10.03000000,STAND,-0.00851991,-0.01655790,0.01216930,-0.07825438,0.06488629,0.31639139,-0.08165620,0.06103429,0.09230752,0.02153496,0.00069970,24.12101754,6.62515674,56.04998532,30.35695232,0.18421923,-0.47454942,1.27682020,0.18229468,-0.48085670,1.27470101,9.88984897,0.00000003
10.04000000,STAND,-0.00845835,-0.01647649,0.01209485,-0.07783430,0.06450553,0.31639418,-0.08127080,0.06068142,0.09270800,0.02152962,0.00069436,24.14289879,6.75247632,55.89152906,30.36259220,0.18319866,-0.47658786,1.27891325,0.18117023,-0.48294384,1.27676399,9.86176836,0.00000003
10.05000000,STAND,-0.00839487,-0.01639223,0.01201784,-0.07740289,0.06411455,0.31639698,-0.08087486,0.06031900,0.09311943,0.02152420,0.00068894,24.16494689,6.88332891,55.72903254,30.36895825,0.18215298,-0.47867235,1.28105050,0.18001805,-0.48507714,1.27886576,9.83280859,0.00000003
10.06000000,STAND,-0.00832954,-0.01630522,0.01193837,-0.07696029,0.06371346,0.31639975,-0.08046851,0.05994712,0.09354167,0.02151874,0.00068348,24.18713588,7.01765133,55.56261107,30.37602154,0.18108233,-0.48080237,1.28323103,0.17883837,-0.48725597,1.28100537,9.80298698,0.00000003
10.07000000,STAND,-0.00826242,-0.01621551,0.01185652,-0.07650664,0.06330234,0.31640247,-0.08005187,0.05956586,0.09301726,0.02151324,0.00067798,24.20944474,7.15539273,55.39236325,30.38374366,0.17998686,-0.48297734,1.28545387,0.17763142,-0.48947968,1.28318184,9.77231796,0.00000003
10.08000000,STAND,-0.00819358,-0.01612318,0.01177239,-0.07604208,0.06288130,0.31640513,-0.07962508,0.05917532,0.09245183,0.02150770,0.00067244,24.23185632,7.29651439,55.21837174,30.39207821,0.17886673,-0.48519669,1.28771800,0.17639746,-0.49174755,1.28539410,9.74081315,0.00000003
10.09000000,STAND,-0.00812309,-0.01602827,0.01168607,-0.07556676,0.06245046,0.31640770,-0.07918826,0.05877560,0.09187367,0.02150213,0.00066687,24.25435653,7.44098901,55.04070446,30.40097205,0.17772214,-0.48745980,1.29002235,0.17513677,-0.49405884,1.28764110,9.70848160,0.00000003
10.10000000,STAND,-0.00805100,-0.01593085,0.01159762,-0.07508082,0.06200993,0.31641017,-0.07874154,0.05836680,0.09128296,0.02149655,0.00066129,24.27693442,7.58875492,54.85941553,30.41036698,0.17655327,-0.48976604,1.29236582,0.17384964,-0.49641278,1.28992168,9.67532995,0.00000003
10.11000000,STAND,-0.00797738,-0.01583096,0.01150715,-0.07458439,0.06155984,0.31641254,-0.07828504,0.05794904,0.09067985,0.02149094,0.00065568,24.29960257,7.73954454,54.67453014,30.42021507,0.17536034,-0.49211471,1.29474721,0.17253639,-0.49880852,1.29223468,9.64136086,0.00000003
10.12000000,STAND,-0.00790225,-0.01572865,0.01141471,-0.07407764,0.06110031,0.31641479,-0.07781890,0.05752244,0.09006453,0.02148530,0.00065004,24.32241068,7.89338266,54.48605205,30.43048219,0.17414358,-0.49450508,1.29716525,0.17119733,-0.50124521,1.29457886,9.60657405,0.00000003
10.13000000,STAND,-0.00782565,-0.01562393,0.01132036,-0.07356069,0.06063148,0.31641691,-0.07734324,0.05708710,0.08943717,0.02147961,0.00064435,24.34540286,8.05038757,54.29400023,30.44112778,0.17290323,-0.49693638,1.29961871,0.16983282,-0.50372195,1.29695294,9.57097028,0.00000003
10.14000000,STAND,-0.00774763,-0.01551684,0.01122416,-0.07303368,0.06015349,0.31641890,-0.07685820,0.05664317,0.08879795,0.02147388,0.00063862,24.36860018,8.21063470,54.09840097,30.45210591,0.17163954,-0.49940786,1.30210633,0.16844321,-0.50623778,1.29935563,9.53455027,0.00000003
10.15000000,STAND,-0.00766821,-0.01540741,0.01112616,-0.07249678,0.05966647,0.31642074,-0.07636389,0.05619077,0.08814705,0.02146809,0.00063283,24.39200316,8.37416024,53.89927652,30.46336425,0.17035279,-0.50191873,1.30462685,0.16702888,-0.50879177,1.30178560,9.49731381,0.00000003
10.16000000,STAND,-0.00758745,-0.01529568,0.01102639,-0.07195012,0.05917059,0.31642243,-0.07586046,0.05573004,0.08748466,0.02146224,0.00062698,24.41560026,8.54097522,53.69664172,30.47484374,0.16904327,-0.50446815,1.30717897,0.16559023,-0.51138291,1.30424153,9.45925967,0.00000003
10.17000000,STAND,-0.00750539,-0.01518168,0.01092490,-0.07139386,0.05866598,0.31642397,-0.07534803,0.05526111,0.08681098,0.02145634,0.00062108,24.43937616,8.71107616,53.49050603,30.48648049,0.16771129,-0.50705528,1.30976136,0.16412767,-0.51401021,1.30672207,9.42038615,0.00000003
10.18000000,STAND,-0.00742206,-0.01506546,0.01082173,-0.07082815,0.05815283,0.31642536,-0.07482676,0.05478414,0.08612620,0.02145039,0.00061513,24.46331784,8.88445143,53.28087789,30.49820901,0.16635718,-0.50967923,1.31237265,0.16264163,-0.51667263,1.30922584,9.38069168,0.00000003
10.19000000,STAND,-0.00733752,-0.01494705,0.01071692,-0.07025317,0.05763128,0.31642659,-0.07429678,0.05429928,0.08543055,0.02144438,0.00060912,24.48741809,9.06108438,53.06776910,30.50996514,0.16498127,-0.51233909,1.31501146,0.16113255,-0.51936911,1.31175148,9.34017551,0.00000003
10.20000000,STAND,-0.00725179,-0.01482649,0.01061049,-0.06966907,0.05710152,0.31642767,-0.07375824,0.05380668,0.08472422,0.02143833,0.00060307,24.51167677,9.24095426,52.85119834,30.52168824,0.16358395,-0.51503391,1.31767639,0.15960090,-0.52209857,1.31429758,9.29883817,0.00000003
10.21000000,STAND,-0.00716494,-0.01470383,0.01050251,-0.06907603,0.05656372,0.31642859,-0.07321131,0.05330652,0.08400745,0.02143223,0.00059697,24.53610063,9.42403578,52.63119356,30.53332243,0.16216557,-0.51776271,1.32036601,0.15804714,-0.52485992,1.31686276,9.25668189,0.00000003
10.22000000,STAND,-0.00707701,-0.01457910,0.01039299,-0.06847423,0.05601807,0.31642935,-0.07265613,0.05279895,0.08328047,0.02142608,0.00059082,24.56070200,9.61029793,52.40779330,30.54481717,0.16072656,-0.52052451,1.32307890,0.15647178,-0.52765204,1.31944560,9.21371079,0.00000003
10.23000000,STAND,-0.00698805,-0.01445234,0.01028200,-0.06786386,0.05546476,0.31642995,-0.07209289,0.05228416,0.08254351,0.02141989,0.00058463,24.58549696,9.79970269,52.18104736,30.55612750,0.15926732,-0.52331826,1.32581360,0.15487532,-0.53047378,1.32204469,9.16993106,0.00000003
10.24000000,STAND,-0.00689812,-0.01432361,0.01016956,-0.06724511,0.05490398,0.31643037,-0.07152174,0.05176232,0.08179682,0.02141365,0.00057839,24.61050333,9.99220379,51.95101689,30.56721408,0.15778828,-0.52614292,1.32856866,0.15325828,-0.53332401,1.32465865,9.12535101,0.00000003
10.25000000,STAND,-0.00680727,-0.01419294,0.01005574,-0.06661819,0.05433594,0.31643062,-0.07094289,0.05123361,0.08104065,0.02140738,0.00057212,24.63573872,10.18774589,51.71777415,30.57804328,0.15628990,-0.52899742,1.33134263,0.15162119,-0.53620156,1.32728605,9.07998113,0.00000004
10.26000000,STAND,-0.00671556,-0.01406040,0.00994057,-0.06598331,0.05376084,0.31643069,-0.07035651,0.05069824,0.08027527,0.02140106,0.00056580,24.66121888,10.38626424,51.48140213,30.58858728,0.15477263,-0.53188064,1.33413405,0.14996461,-0.53910525,1.32992550,9.03383402,0.00000004
10.27000000,STAND,-0.00662304,-0.01392604,0.00982411,-0.06534068,0.05317890,0.31643056,-0.06976280,0.05015639,0.07950095,0.02139471,0.00055945,24.68695629,10.58768467,51.24199397,30.59882417,0.15323697,-0.53479148,1.33694144,0.14828911,-0.54203390,1.33257562,8.98692438,0.00000004
10.28000000,STAND,-0.00652979,-0.01378992,0.00970640,-0.06469055,0.05259032,0.31643023,-0.06916198,0.04960826,0.07871797,0.02138833,0.00055307,24.71295921,10.79192408,50.99965235,30.60873816,0.15168340,-0.53772878,1.33976335,0.14659525,-0.54498630,1.33523500,8.93926895,0.00000004
10.29000000,STAND,-0.00643587,-0.01365210,0.00958751,-0.06403313,0.05199534,0.31642968,-0.06855425,0.04905405,0.07792660,0.02138191,0.00054665,24.73923101,10.99889119,50.75448874,30.61831961,0.15011242,-0.54069138,1.34259831,0.14488363,-0.54796124,1.33790229,8.89088637,0.00000004
10.30000000,STAND,-0.00634133,-0.01351265,0.00946748,-0.06336868,0.05139418,0.31642891,-0.06793983,0.04849398,0.07712716,0.02137546,0.00054020,24.76576983,11.20848741,50.50662264,30.62756512,0.14852457,-0.54367810,1.34544487,0.14315486,-0.55095750,1.34057612,8.84179712,0.00000004
10.31000000,STAND,-0.00624624,-0.01337165,0.00934637,-0.06269744,0.05078706,0.31642788,-0.06731896,0.04792825,0.07631993,0.02136898,0.00053372,24.79256844,11.42060790,50.25618075,30.63647741,0.14692036,-0.54668772,1.34830157,0.14140954,-0.55397387,1.34325513,8.79202337,0.00000004
10.32000000,STAND,-0.00615067,-0.01322917,0.00922423,-0.06201969,0.05017422,0.31642660,-0.06669188,0.04735708,0.07550523,0.02136248,0.00052722,24.81961440,11.63514248,50.00329605,30.64506509,0.14530035,-0.54971903,1.35116697,0.13964832,-0.55700910,1.34593798,8.74158883,0.00000004
10.33000000,STAND,-0.00605467,-0.01308529,0.00910112,-0.06133569,0.04955590,0.31642505,-0.06605882,0.04678069,0.07468338,0.02135595,0.00052070,24.84689021,11.85197666,49.74810689,30.65334230,0.14366508,-0.55277079,1.35403963,0.13787183,-0.56006195,1.34862335,8.69051862,0.00000004
10.34000000,STAND,-0.00595831,-0.01294010,0.00897708,-0.06064570,0.04893234,0.31642320,-0.06542004,0.04619929,0.07385469,0.02134941,0.00051415,24.87437380,12.07099243,49.49075601,30.66132821,0.14201513,-0.55584175,1.35691813,0.13608071,-0.56313117,1.35130993,8.63883907,0.00000004
10.35000000,STAND,-0.00586165,-0.01279369,0.00885217,-0.05995003,0.04830378,0.31642105,-0.06477579,0.04561312,0.07301950,0.02134284,0.00050758,24.90203899,12.29206905,49.23138957,30.66904639,0.14035106,-0.55893065,1.35980105,0.13427564,-0.56621551,1.35399642,8.58657756,0.00000004
10.36000000,STAND,-0.00576475,-0.01264613,0.00872645,-0.05924894,0.04767046,0.31641858,-0.06412635,0.04502240,0.07217813,0.02133626,0.00050100,24.92985608,12.51508372,48.97015617,30.67652412,0.13867345,-0.56203620,1.36268699,0.13245729,-0.56931372,1.35668155,8.53376236,0.00000004
10.37000000,STAND,-0.00566767,-0.01249753,0.00859996,-0.05854274,0.04703264,0.31641577,-0.06347197,0.04442736,0.07133093,0.02132967,0.00049441,24.95779252,12.73991217,48.70720593,30.68379158,0.13698291,-0.56515712,1.36557457,0.13062634,-0.57242452,1.35936403,8.48042241,0.00000004
10.38000000,STAND,-0.00557047,-0.01234797,0.00847276,-0.05783172,0.04639056,0.31641261,-0.06281293,0.04382823,0.07047823,0.02132306,0.00048780,24.98581363,12.96642914,48.44268959,30.69088107,0.13528003,-0.56829213,1.36846241,0.12878347,-0.57554666,1.36204264,8.42658721,0.00000004
10.39000000,STAND,-0.00547321,-0.01219755,0.00834489,-0.05711619,0.04574448,0.31640908,-0.06214952,0.04322525,0.06962038,0.02131644,0.00048118,25.01388334,13.19450892,48.17675762,30.69782613,0.13356542,-0.57143991,1.37134917,0.12692940,-0.57867886,1.36471614,8.37228658,0.00000004
10.40000000,STAND,-0.00537593,-0.01204636,0.00821641,-0.05639645,0.04509465,0.31640516,-0.06148200,0.04261865,0.06875774,0.02130981,0.00047455,25.04196495,13.42402569,47.90955950,30.70466080,0.13183972,-0.57459917,1.37423349,0.12506484,-0.58181985,1.36738332,8.31755056,0.00000004
10.41000000,STAND,-0.00527870,-0.01189450,0.00808737,-0.05567281,0.04444133,0.31640085,-0.06081067,0.04200867,0.06789065,0.02130318,0.00046792,25.07002189,13.65485396,47.64124301,30.71141876,0.13010354,-0.57776859,1.37711405,0.12319049,-0.58496837,1.37004299,8.26240925,0.00000004
10.42000000,STAND,-0.00518156,-0.01174206,0.00795782,-0.05494557,0.04378477,0.31639613,-0.06013582,0.04139555,0.06701947,0.02129654,0.00046128,25.09801838,13.88686886,47.37195357,30.71813269,0.12835754,-0.58094687,1.37998957,0.12130710,-0.58812312,1.37269397,8.20689263,0.00000004
10.43000000,STAND,-0.00508457,-0.01158913,0.00782781,-0.05421506,0.04312525,0.31639099,-0.05945772,0.04077954,0.06614455,0.02128989,0.00045463,25.12592014,14.11994653,47.10183378,30.72483356,0.12660235,-0.58413268,1.38285873,0.11941539,-0.59128285,1.37533512,8.15103051,0.00000004
10.44000000,STAND,-0.00498778,-0.01143580,0.00769740,-0.05348158,0.04246302,0.31638541,-0.05877667,0.04016087,0.06526626,0.02128324,0.00044798,25.15369491,14.35396433,46.83102293,30.73155012,0.12483863,-0.58732473,1.38572029,0.11751610,-0.59444627,1.37796530,8.09485237,0.00000004
10.45000000,STAND,-0.00489123,-0.01128216,0.00756662,-0.05274545,0.04179834,0.31637940,-0.05809296,0.03953979,0.06438495,0.02127658,0.00044132,25.18131296,14.58880113,46.55965663,30.73830838,0.12306706,-0.59052168,1.38857298,0.11560998,-0.59761212,1.38058340,8.03838729,0.00000004
10.46000000,STAND,-0.00479497,-0.01112830,0.00743553,-0.05200699,0.04113148,0.31637293,-0.05740688,0.03891655,0.06350099,0.02126993,0.00043467,25.20874748,14.82433753,46.28786663,30.74513129,0.12128830,-0.59372225,1.39141559,0.11369779,-0.60077911,1.38318834,7.98166386,0.00000004
10.47000000,STAND,-0.00469905,-0.01097430,0.00730420,-0.05126649,0.04046270,0.31636601,-0.05671872,0.03829139,0.06261473,0.02126327,0.00042801,25.23597489,15.06045600,46.01578052,30.75203842,0.11950304,-0.59692512,1.39424691,0.11178029,-0.60394599,1.38577905,7.92471016,0.00000004
10.48000000,STAND,-0.00460352,-0.01082025,0.00717265,-0.05052429,0.03979228,0.31635863,-0.05602878,0.03766457,0.06172653,0.02125661,0.00042135,25.26297503,15.29704105,45.74352171,30.75904581,0.11771198,-0.60012899,1.39706574,0.10985823,-0.60711148,1.38835448,7.86755365,0.00000004
10.49000000,STAND,-0.00450841,-0.01066623,0.00704096,-0.04978068,0.03912047,0.31635079,-0.05533733,0.03703633,0.06083676,0.02124994,0.00041468,25.28973124,15.53397929,45.47120938,30.76616592,0.11591580,-0.60333257,1.39987094,0.10793239,-0.61027433,1.39091362,7.81022119,0.00000004
10.50000000,STAND,-0.00441376,-0.01051231,0.00690917,-0.04903598,0.03844756,0.31634248,-0.05464467,0.03640693,0.05994577,0.02124328,0.00040802,25.31623040,15.77115950,45.19895850,30.77340760,0.11411521,-0.60653456,1.40266135,0.10600355,-0.61343327,1.39345547,7.75273902,0.00000003
10.51000000,STAND,-0.00431962,-0.01035857,0.00677733,-0.04829050,0.03777380,0.31633370,-0.05395109,0.03577661,0.05905393,0.02123661,0.00040135,25.34246288,16.00847265,44.92688000,30.78077620,0.11231093,-0.60973369,1.40543585,0.10407247,-0.61658705,1.39597905,7.69513275,0.00000003
10.52000000,STAND,-0.00422603,-0.01020508,0.00664549,-0.04754454,0.03709947,0.31632447,-0.05325686,0.03514563,0.05816159,0.02122995,0.00039469,25.36842236,16.24581183,44.65508085,30.78827381,0.11050368,-0.61292868,1.40819337,0.10213995,-0.61973442,1.39848343,7.63742737,0.00000003
10.53000000,STAND,-0.00413302,-0.01005191,0.00651372,-0.04679840,0.03642484,0.31631477,-0.05256228,0.03451424,0.05726911,0.02122328,0.00038802,25.39410568,16.48307221,44.38366439,30.79589941,0.10869418,-0.61611826,1.41093282,0.10020676,-0.62287416,1.40096767,7.57964726,0.00000003
10.54000000,STAND,-0.00404064,-0.00989912,0.00638205,-0.04605239,0.03575018,0.31630461,-0.05186762,0.03388269,0.05637685,0.02121661,0.00038135,25.41951258,16.72015090,44.11273052,30.80364927,0.10688316,-0.61930117,1.41365316,0.09827369,-0.62600501,1.40343089,7.52181628,0.00000003
10.55000000,STAND,-0.00394890,-0.00974678,0.00625053,-0.04530681,0.03507576,0.31629400,-0.05117317,0.03325124,0.05548517,0.02120993,0.00037467,25.44464545,16.95694682,43.84237603,30.81151721,0.10507136,-0.62247616,1.41635338,0.09634154,-0.62912576,1.40587221,7.46395774,0.00000003
10.56000000,STAND,-0.00385786,-0.00959494,0.00611923,-0.04456195,0.03440184,0.31628294,-0.05047920,0.03262013,0.05459440,0.02120326,0.00036800,25.46950897,17.19336052,43.57269496,30.81949506,0.10325953,-0.62564199,1.41903248,0.09441108,-0.63223519,1.40829079,7.40609452,0.00000003
10.57000000,STAND,-0.00376754,-0.00944366,0.00598819,-0.04381811,0.03372870,0.31627144,-0.04978598,0.03198963,0.05370492,0.02119657,0.00036131,25.49410988,17.42929395,43.30377891,30.82757302,0.10144840,-0.62879743,1.42168949,0.09248311,-0.63533210,1.41068581,7.34824906,0.00000003
10.58000000,STAND,-0.00367797,-0.00929300,0.00585746,-0.04307558,0.03305661,0.31625952,-0.04909379,0.03135998,0.05281706,0.02118989,0.00035463,25.51845657,17.66465029,43.03571742,30.83574009,0.09963873,-0.63194126,1.42432349,0.09055842,-0.63841529,1.41305649,7.29044346,0.00000003
10.59000000,STAND,-0.00358918,-0.00914301,0.00572709,-0.04233465,0.03238584,0.31624717,-0.04840290,0.03073144,0.05193118,0.02118319,0.00034793,25.54255885,17.89933364,42.76859836,30.84398450,0.09783128,-0.63507225,1.42693357,0.08863780,-0.64148358,1.41540207,7.23269954,0.00000003
10.60000000,STAND,-0.00350120,-0.00899374,0.00559712,-0.04159560,0.03171664,0.31623441,-0.04771358,0.03010425,0.05104761,0.02117649,0.00034123,25.56642755,18.13324885,42.50250824,30.85229412,0.09602678,-0.63818922,1.42951883,0.08672204,-0.64453580,1.41772182,7.17503888,0.00000003
10.61000000,STAND,-0.00341406,-0.00884524,0.00546760,-0.04085873,0.03104930,0.31622125,-0.04702610,0.02947867,0.05016672,0.02116978,0.00033452,25.59007427,18.36630121,42.23753257,30.86065683,0.09422601,-0.64129096,1.43207844,0.08481193,-0.64757078,1.42001503,7.11748289,0.00000003
10.62000000,STAND,-0.00332778,-0.00869755,0.00533858,-0.04012431,0.03038408,0.31620770,-0.04634073,0.02885495,0.04928883,0.02116306,0.00032780,25.61351111,18.59839623,41.97375617,30.86906096,0.09242971,-0.64437629,1.43461156,0.08290826,-0.65058739,1.42228103,7.06005288,0.00000003
10.63000000,STAND,-0.00324238,-0.00855073,0.00521010,-0.03939263,0.02972123,0.31619378,-0.04565772,0.02823333,0.04841429,0.02115633,0.00032107,25.63675038,18.82943943,41.71126348,30.87749558,0.09063866,-0.64744405,1.43711742,0.08101181,-0.65358449,1.42451918,7.00277005,0.00000003
10.64000000,STAND,-0.00315789,-0.00840480,0.00508220,-0.03866396,0.02906103,0.31617949,-0.04497734,0.02761407,0.04754344,0.02114958,0.00031432,25.65980439,19.05933607,41.45013874,30.88595082,0.08885360,-0.65049308,1.43959524,0.07912336,-0.65656096,1.42672885,6.94565563,0.00000003
10.65000000,STAND,-0.00307434,-0.00825982,0.00495494,-0.03793859,0.02840373,0.31616485,-0.04429985,0.02699741,0.04667662,0.02114282,0.00030756,25.68268527,19.28799104,41.19046627,30.89441817,0.08707531,-0.65352222,1.44204429,0.07724370,-0.65951571,1.42890947,6.88873083,0.00000003
10.66000000,STAND,-0.00299173,-0.00811582,0.00482834,-0.03721678,0.02774959,0.31614988,-0.04362552,0.02638359,0.04581414,0.02113605,0.00030079,25.70540477,19.51530862,40.93233058,30.90289070,0.08530452,-0.65653034,1.44446387,0.07537360,-0.66244765,1.43106048,6.83201691,0.00000003
10.67000000,STAND,-0.00291009,-0.00797285,0.00470245,-0.03649881,0.02709888,0.31613458,-0.04295459,0.02577285,0.04495636,0.02112925,0.00029399,25.72797414,19.74119238,40.67581651,30.91136323,0.08354201,-0.65951633,1.44685331,0.07351382,-0.66535572,1.43318135,6.77553519,0.00000003
10.68000000,STAND,-0.00282943,-0.00783094,0.00457731,-0.03578496,0.02645183,0.31611897,-0.04228732,0.02516544,0.04410360,0.02112244,0.00028718,25.75040404,19.96554507,40.42100925,30.91983253,0.08178853,-0.66247907,1.44921197,0.07166514,-0.66823887,1.43527159,6.71930706,0.00000003
10.69000000,STAND,-0.00274978,-0.00769014,0.00445296,-0.03507549,0.02580872,0.31610307,-0.04162397,0.02456160,0.04325618,0.02111560,0.00028034,25.77270444,20.18826855,40.16799443,30.92829734,0.08004482,-0.66541746,1.45153925,0.06982831,-0.67109606,1.43733072,6.66335399,0.00000003
10.70000000,STAND,-0.00267114,-0.00755047,0.00432943,-0.03437067,0.02516977,0.31608688,-0.04096480,0.02396156,0.04241442,0.02110873,0.00027347,25.79488462,20.40926375,39.91685802,30.93675854,0.07831163,-0.66833043,1.45383455,0.06800409,-0.67392630,1.43935830,6.60769752,0.00000003
10.71000000,STAND,-0.00259353,-0.00741198,0.00420677,-0.03367076,0.02453526,0.31607043,-0.04031004,0.02336555,0.04157865,0.02110184,0.00026658,25.81695314,20.62843069,39.66768626,30.94521908,0.07658971,-0.67121690,1.45609732,0.06619323,-0.67672858,1.44135394,6.55235921,0.00000003
10.72000000,STAND,-0.00251696,-0.00727469,0.00408499,-0.03297603,0.02390541,0.31605372,-0.03965995,0.02277381,0.04074919,0.02109492,0.00025966,25.83891787,20.84566847,39.42056560,30.95368401,0.07487980,-0.67407583,1.45832706,0.06439645,-0.67950193,1.44331724,6.49736068,0.00000003
10.73000000,STAND,-0.00244144,-0.00713865,0.00396415,-0.03228673,0.02328047,0.31603678,-0.03901478,0.02218657,0.03992635,0.02108797,0.00025271,25.86078606,21.06087532,39.17558245,30.96216043,0.07318262,-0.67690618,1.46052327,0.06261451,-0.68224541,1.44524786,6.44272352,0.00000003
10.74000000,STAND,-0.00236698,-0.00700389,0.00384428,-0.03160313,0.02266068,0.31601961,-0.03837477,0.02160404,0.03911043,0.02108098,0.00024572,25.88256440,21.27394871,38.93282305,30.97065743,0.07149891,-0.67970692,1.46268549,0.06084811,-0.68495809,1.44714547,6.38846927,0.00000003
10.75000000,STAND,-0.00229359,-0.00687044,0.00372540,-0.03092548,0.02204627,0.31600223,-0.03774016,0.02102646,0.03830175,0.02107396,0.00023870,25.90425914,21.48478544,38.69237324,30.97918596,0.06982938,-0.68247707,1.46481329,0.05909798,-0.68763906,1.44900977,6.33461940,0.00000003
10.76000000,STAND,-0.00222127,-0.00673833,0.00360754,-0.03025403,0.02143747,0.31598466,-0.03711120,0.02045405,0.03750061,0.02106689,0.00023163,25.92587623,21.69328171,38.45431817,30.98775875,0.06817474,-0.68521564,1.46690626,0.05736481,-0.69028743,1.45084048,6.28119522,0.00000003
10.77000000,STAND,-0.00215004,-0.00660760,0.00349074,-0.02958902,0.02083452,0.31596691,-0.03648811,0.01988701,0.03670730,0.02105978,0.00022452,25.94742147,21.89933328,38.21874207,30.99639015,0.06653570,-0.68792165,1.46896404,0.05564930,-0.69290234,1.45263738,6.22821783,0.00000003
10.78000000,STAND,-0.00207988,-0.00647827,0.00337503,-0.02893072,0.02023762,0.31594898,-0.03587114,0.01932557,0.03592212,0.02105262,0.00021736,25.96890067,22.10283554,37.98572795,31.00509602,0.06491296,-0.69059417,1.47098627,0.05395213,-0.69548295,1.45440024,6.17570810,0.00000003
10.79000000,STAND,-0.00201082,-0.00635037,0.00326044,-0.02827935,0.01964702,0.31593091,-0.03526050,0.01876992,0.03514536,0.02104541,0.00021015,25.99031985,22.30368367,37.75535731,31.01389359,0.06330720,-0.69323227,1.47297263,0.05227398,-0.69802845,1.45612886,6.12368657,0.00000003
10.80000000,STAND,-0.00194283,-0.00622393,0.00314698,-0.02763515,0.01906291,0.31591270,-0.03465644,0.01822029,0.03437731,0.02103814,0.00020288,26.01168548,22.50177269,37.52770981,31.02280131,0.06171909,-0.69583505,1.47492285,0.05061551,-0.70053805,1.45782307,6.07217340,0.00000003
10.81000000,STAND,-0.00187594,-0.00609898,0.00303469,-0.02699836,0.01848551,0.31589437,-0.03405917,0.01767686,0.03361823,0.02103080,0.00019554,26.03300463,22.69699756,37.30286300,31.03183877,0.06014930,-0.69840162,1.47683664,0.04897735,-0.70301097,1.45948274,6.02118833,0.00000002
10.82000000,STAND,-0.00181012,-0.00597554,0.00292359,-0.02636921,0.01791503,0.31587592,-0.03346890,0.01713984,0.03286841,0.02102340,0.00018814,26.05428529,22.88925321,37.08089197,31.04102656,0.05859848,-0.70093112,1.47871376,0.04736014,-0.70544648,1.46110774,5.97075059,0.00000002
10.83000000,STAND,-0.00174539,-0.00585363,0.00281371,-0.02574792,0.01735167,0.31585739,-0.03288587,0.01660941,0.03212811,0.02101593,0.00018067,26.07553657,23.07843457,36.86186909,31.05038623,0.05706726,-0.70342272,1.48055401,0.04576450,-0.70784385,1.46269798,5.92087883,0.00000002
10.84000000,STAND,-0.00168173,-0.00573328,0.00270506,-0.02513471,0.01679562,0.31583877,-0.03231026,0.01608577,0.03139758,0.02100838,0.00017312,26.09676897,23.26443645,36.64586364,31.05994022,0.05555629,-0.70587560,1.48235719,0.04419104,-0.71020240,1.46425337,5.87159113,0.00000002
10.85000000,STAND,-0.00161914,-0.00561451,0.00259766,-0.02452979,0.01624708,0.31582008,-0.03174230,0.01556910,0.03067709,0.02100074,0.00016548,26.11799469,23.44715353,36.43294157,31.06971187,0.05406617,-0.70828897,1.48412313,0.04264034,-0.71252146,1.46577386,5.82290485,0.00000002
10.86000000,STAND,-0.00155761,-0.00549732,0.00249154,-0.02393337,0.01570623,0.31580134,-0.03118217,0.01505957,0.02996689,0.02099301,0.00015775,26.13922181,23.62680471,36.22317255,31.07972150,0.05259749,-0.71066209,1.48585172,0.04111297,-0.71480038,1.46725941,5.77483734,0.00000002
10.87000000,STAND,-0.00149715,-0.00538177,0.00238672,-0.02334565,0.01517326,0.31578257,-0.03063008,0.01455736,0.02926720,0.02098521,0.00014995,26.16037394,23.80410263,36.01669586,31.08993911,0.05115082,-0.71299437,1.48754309,0.03960950,-0.71703858,1.46871005,5.72741198,0.00000002
10.88000000,STAND,-0.00143782,-0.00526790,0.00228322,-0.02276683,0.01464834,0.31576378,-0.03008621,0.01406265,0.02857828,0.02097741,0.00014215,26.18127209,23.97890000,35.81365664,31.10028665,0.04972670,-0.71528532,1.48919741,0.03813046,-0.71923552,1.47012589,5.68065190,0.00000002
10.89000000,STAND,-0.00137964,-0.00515579,0.00218109,-0.02219711,0.01413165,0.31574502,-0.02955075,0.01357560,0.02790035,0.02096965,0.00013439,26.20174814,24.15085104,35.61413515,31.11067520,0.04832567,-0.71753439,1.49081473,0.03667639,-0.72139070,1.47150707,5.63457464,0.00000002
10.90000000,STAND,-0.00132266,-0.00504551,0.00208038,-0.02163668,0.01362338,0.31572631,-0.02902389,0.01309638,0.02723366,0.02096197,0.00012671,26.22169966,24.31965978,35.41818328,31.12101721,0.04694827,-0.71974100,1.49239502,0.03524777,-0.72350365,1.47285375,5.58919627,0.00000002
10.91000000,STAND,-0.00126690,-0.00493710,0.00198115,-0.02108572,0.01312369,0.31570769,-0.02850581,0.01262517,0.02657842,0.02095438,0.00011912,26.24109588,24.48510541,35.22585784,31.13124085,0.04559502,-0.72190460,1.49393824,0.03384510,-0.72557391,1.47416607,5.54453421,0.00000002
10.92000000,STAND,-0.00121237,-0.00483062,0.00188347,-0.02054443,0.01263276,0.31568919,-0.02799669,0.01216212,0.02593485,0.02094692,0.00011166,26.25996302,24.64703110,35.03723392,31.14129789,0.04426646,-0.72402463,1.49544438,0.03246885,-0.72760105,1.47544418,5.50060800,0.00000002
10.93000000,STAND,-0.00115912,-0.00472607,0.00178740,-0.02001296,0.01215074,0.31567083,-0.02749668,0.01170739,0.02530317,0.02093958,0.00010432,26.27836369,24.80532703,34.85240431,31.15116334,0.04296308,-0.72610058,1.49691343,0.03111945,-0.72958466,1.47668826,5.45743883,0.00000002
10.94000000,STAND,-0.00110714,-0.00462349,0.00169301,-0.01949149,0.01167781,0.31565264,-0.02700595,0.01126113,0.02468358,0.02093239,0.00009714,26.29637708,24.95991451,34.67147232,31.16083013,0.04168536,-0.72813195,1.49834545,0.02979734,-0.73152435,1.47789846,5.41504859,0.00000002
10.95000000,STAND,-0.00105646,-0.00452288,0.00160036,-0.01898018,0.01121410,0.31563462,-0.02652466,0.01082349,0.02407626,0.02092536,0.00009010,26.31408276,25.11073302,34.49454327,31.17030270,0.04043377,-0.73011830,1.49974050,0.02850291,-0.73341976,1.47907496,5.37345882,0.00000002
10.96000000,STAND,-0.00100709,-0.00442428,0.00150951,-0.01847918,0.01075976,0.31561679,-0.02605296,0.01039461,0.02348140,0.02091848,0.00008322,26.33154919,25.25773083,34.32171730,31.17959146,0.03920873,-0.73205919,1.50109870,0.02723655,-0.73527058,1.48021797,5.33268990,0.00000002
10.97000000,STAND,-0.00095903,-0.00432768,0.00142050,-0.01798864,0.01031494,0.31559916,-0.02559099,0.00997461,0.02289918,0.02091176,0.00007650,26.34882690,25.40085907,34.15308471,31.18870915,0.03801066,-0.73395425,1.50242017,0.02599862,-0.73707649,1.48132767,5.29276051,0.00000002
10.98000000,STAND,-0.00091230,-0.00423311,0.00133338,-0.01750869,0.00987974,0.31558175,-0.02513888,0.00956363,0.02232975,0.02090520,0.00006994,26.36594596,25.54006893,33.98872356,31.19766887,0.03683996,-0.73580311,1.50370506,0.02478945,-0.73883724,1.48240430,5.25368735,0.00000002
10.99000000,STAND,-0.00086689,-0.00414058,0.00124818,-0.01703946,0.00945429,0.31556457,-0.02469675,0.00916177,0.02177326,0.02089882,0.00006356,26.38291669,25.67531116,33.82869915,31.20648339,0.03569696,-0.73760543,1.50495354,0.02360935,-0.74055258,1.48344808,5.21548508,0.00000002
11.00000000,STAND,-0.00082279,-0.00405010,0.00116493,-0.01658108,0.00903871,0.31554762,-0.02426474,0.00876914,0.02122986,0.02089260,0.00005734,26.39973279,25.80653709,33.67306480,31.21516513,0.03458201,-0.73936092,1.50616580,0.02245862,-0.74222232,1.48445926,5.17816644,0.00000002
11.01000000,STAND,-0.00078001,-0.00396169,0.00108365,-0.01613365,0.00863308,0.31553093,-0.02384295,0.00838583,0.02069968,0.02088656,0.00005130,26.41637552,25.93370018,33.52186338,31.22372652,0.03349540,-0.74106931,1.50734203,0.02133751,-0.74384628,1.48543808,5.14174245,0.00000002
11.02000000,STAND,-0.00073852,-0.00387537,0.00100435,-0.01569730,0.00823751,0.31551450,-0.02343149,0.00801195,0.02018283,0.02088069,0.00004543,26.43281839,26.05675775,33.37512907,31.23218039,0.03243741,-0.74273035,1.50848245,0.02024627,-0.74542431,1.48638483,5.10622262,0.00000002
11.03000000,STAND,-0.00069832,-0.00379114,0.00092704,-0.01527210,0.00785206,0.31549834,-0.02303045,0.00764756,0.01967942,0.02087500,0.00003974,26.44903137,26.17567210,33.23288918,31.24054007,0.03140828,-0.74434383,1.50958729,0.01918510,-0.74695632,1.48729978,5.07161518,0.00000002
11.04000000,STAND,-0.00065940,-0.00370902,0.00085172,-0.01485815,0.00747682,0.31548248,-0.02263992,0.00729274,0.01918955,0.02086948,0.00003422,26.46498447,26.29041111,33.09516574,31.24881939,0.03040823,-0.74590960,1.51065680,0.01815420,-0.74844223,1.48818322,5.03792731,0.00000001
11.05000000,STAND,-0.00062173,-0.00362903,0.00077840,-0.01445554,0.00711185,0.31546691,-0.02225998,0.00694755,0.01871330,0.02086415,0.00002889,26.48065035,26.40094809,32.96197680,31.25703234,0.02943744,-0.74742750,1.51169123,0.01715371,-0.74988201,1.48903545,5.00516528,0.00000001
11.06000000,STAND,-0.00058531,-0.00355116,0.00070706,-0.01406432,0.00675719,0.31545166,-0.02189070,0.00661205,0.01825076,0.02085900,0.00002374,26.49600607,26.50726115,32.83333736,31.26519260,0.02849609,-0.74889744,1.51269088,0.01618378,-0.75127563,1.48985679,4.97333461,0.00000001
11.07000000,STAND,-0.00055011,-0.00347542,0.00063772,-0.01368456,0.00641291,0.31543673,-0.02153215,0.00628629,0.01780196,0.02085404,0.00001878,26.51103400,26.60933229,32.70926008,31.27331296,0.02758430,-0.75031936,1.51365602,0.01524451,-0.75262315,1.49064756,4.94244017,0.00000001
11.08000000,STAND,-0.00051612,-0.00340182,0.00057034,-0.01331631,0.00607902,0.31542214,-0.02118436,0.00597029,0.01736698,0.02084926,0.00001400,26.52572216,26.70714624,32.58975568,31.28140476,0.02670219,-0.75169322,1.51458698,0.01433597,-0.75392461,1.49140811,4.91248621,0.00000001
11.09000000,STAND,-0.00048332,-0.00333037,0.00050494,-0.01295961,0.00575557,0.31540789,-0.02084739,0.00566410,0.01694584,0.02084466,0.00000940,26.54006402,26.80068951,32.47483310,31.28947736,0.02584983,-0.75301906,1.51548406,0.01345820,-0.75518014,1.49213879,4.88347643,0.00000001
11.10000000,STAND,-0.00045171,-0.00326105,0.00044151,-0.01261448,0.00544257,0.31539399,-0.02052126,0.00536773,0.01653857,0.02084025,0.00000499,26.55405814,26.88994957,32.36449966,31.29753784,0.02502728,-0.75429690,1.51634762,0.01261124,-0.75638987,1.49283996,4.85541401,0.00000001
11.11000000,STAND,-0.00042126,-0.00319388,0.00038003,-0.01228095,0.00514003,0.31538045,-0.02020601,0.00508120,0.01614519,0.02083603,0.00000077,26.56770750,26.97491432,32.25876097,31.30559073,0.02423457,-0.75552686,1.51717799,0.01179505,-0.75755398,1.49351200,4.82830157,0.00000001
11.12000000,STAND,-0.00039196,-0.00312885,0.00032051,-0.01195902,0.00484796,0.31536728,-0.01990163,0.00480451,0.01576570,0.02083200,-0.00000326,26.58101888,27.05557194,32.15762090,31.31363806,0.02347170,-0.75670907,1.51797555,0.01100961,-0.75867268,1.49415530,4.80214126,0.00000001
11.13000000,STAND,-0.00036381,-0.00306596,0.00026293,-0.01164869,0.00456635,0.31535449,-0.01960814,0.00453766,0.01540008,0.02082815,-0.00000711,26.59400215,27.13191088,32.06108146,31.32167947,0.02273864,-0.75784370,1.51874065,0.01025482,-0.75974625,1.49477027,4.77693466,0.00000001
11.14000000,STAND,-0.00033679,-0.00300520,0.00020730,-0.01134994,0.00429518,0.31534208,-0.01932552,0.00428064,0.01504831,0.02082450,-0.00001076,26.60666958,27.20392026,31.96914266,31.32971249,0.02203534,-0.75893097,1.51947370,0.00953060,-0.76077496,1.49535733,4.75268287,0.00000001
11.15000000,STAND,-0.00031090,-0.00294657,0.00015360,-0.01106276,0.00403442,0.31533005,-0.01905376,0.00403343,0.01471037,0.02082103,-0.00001423,26.61903519,27.27159032,31.88180240,31.33773291,0.02136170,-0.75997113,1.52017508,0.00883679,-0.76175918,1.49591691,4.72938641,0.00000001
11.16000000,STAND,-0.00028612,-0.00289005,0.00010184,-0.01078711,0.00378406,0.31531841,-0.01879282,0.00379600,0.01438619,0.02081776,-0.00001750,26.63111409,27.33491301,31.79905627,31.34573520,0.02071761,-0.76096450,1.52084523,0.00817323,-0.76269927,1.49644945,4.70704527,0.00000001
11.17000000,STAND,-0.00026244,-0.00283565,0.00005201,-0.01052294,0.00354403,0.31530716,-0.01854267,0.00356830,0.01407571,0.02081468,-0.00002058,26.64292195,27.39388259,31.72089744,31.35371295,0.02010293,-0.76191142,1.52148456,0.00753972,-0.76359566,1.49695542,4.68565888,0.00000001
11.18000000,STAND,-0.00023986,-0.00278334,0.00000411,-0.01027020,0.00331429,0.31529631,-0.01830326,0.00335030,0.01377887,0.02081178,-0.00002348,26.65447438,27.44849622,31.64731651,31.36165933,0.01951747,-0.76281228,1.52209351,0.00693601,-0.76444881,1.49743529,4.66522607,0.00000001
11.19000000,STAND,-0.00021838,-0.00273313,-0.00004186,-0.01002881,0.00309477,0.31528585,-0.01807454,0.00314194,0.01349557,0.02080908,-0.00002618,26.66578649,27.49875454,31.57830130,31.36956742,0.01896103,-0.76366752,1.52267255,0.00636183,-0.76525922,1.49788956,4.64574510,0.00000001
11.20000000,STAND,-0.00019797,-0.00268501,-0.00008591,-0.00979870,0.00288540,0.31527579,-0.01785641,0.00294314,0.01322571,0.02080657,-0.00002869,26.67687245,27.54466204,31.51383678,31.37743063,0.01843335,-0.76447761,1.52322216,0.00581688,-0.76602746,1.49831872,4.62721362,0.00000001
11.21000000,STAND,-0.00017864,-0.00263895,-0.00012805,-0.00957978,0.00268609,0.31526612,-0.01764882,0.00275383,0.01296918,0.02080425,-0.00003101,26.68774510,27.58622745,31.45390491,31.38524292,0.01793415,-0.76524309,1.52374282,0.00530082,-0.76675412,1.49872331,4.60962866,0.00000001
11.22000000,STAND,-0.00016038,-0.00259494,-0.00016829,-0.00937194,0.00249675,0.31525685,-0.01745165,0.00257392,0.01272583,0.02080213,-0.00003313,26.69841568,27.62346397,31.39848458,31.39299900,0.01746311,-0.76596452,1.52423505,0.00481327,-0.76743983,1.49910384,4.59298663,0.00000001
11.23000000,STAND,-0.00014317,-0.00255298,-0.00020663,-0.00917507,0.00231727,0.31524796,-0.01726482,0.00240332,0.01249553,0.02080019,-0.00003507,26.70889369,27.65638943,31.34755147,31.40069450,0.01701989,-0.76664253,1.52469938,0.00435381,-0.76808529,1.49946088,4.57728331,0.00000001
11.24000000,STAND,-0.00012701,-0.00251305,-0.00024308,-0.00898905,0.00214753,0.31523947,-0.01708820,0.00224191,0.01227812,0.02079844,-0.00003682,26.71918670,27.68502631,31.30107805,31.40832601,0.01660410,-0.76727779,1.52513635,0.00392200,-0.76869121,1.49979500,4.56251385,0.00000001
11.25000000,STAND,-0.00011189,-0.00247514,-0.00027767,-0.00881373,0.00198740,0.31523136,-0.01692167,0.00208958,0.01207341,0.02079689,-0.00003837,26.72930039,27.70940181,31.25903353,31.41589110,0.01621530,-0.76787101,1.52554653,0.00351735,-0.76925840,1.50010677,4.54867275,0.00000001
11.26000000,STAND,-0.00009780,-0.00243922,-0.00031039,-0.00864898,0.00183675,0.31522363,-0.01676509,0.00194619,0.01188123,0.02079552,-0.00003974,26.73923858,27.72954773,31.22138385,31.42338831,0.01585303,-0.76842296,1.52593052,0.00313934,-0.76978766,1.50039681,4.53575390,0.00000001
11.27000000,STAND,-0.00008472,-0.00240528,-0.00034128,-0.00849462,0.00169541,0.31521626,-0.01661831,0.00181160,0.01170136,0.02079434,-0.00004092,26.74900335,27.74550039,31.18809171,31.43081700,0.01551678,-0.76893447,1.52628892,0.00278741,-0.77027988,1.50066574,4.52375055,0.00000001
11.28000000,STAND,-0.00007266,-0.00237331,-0.00037035,-0.00835048,0.00156322,0.31520927,-0.01648118,0.00168567,0.01153359,0.02079335,-0.00004191,26.75859521,27.75730054,31.15911654,31.43817730,0.01520602,-0.76940639,1.52662237,0.00246095,-0.77073598,1.50091420,4.51265533,0.00000000
11.29000000,STAND,-0.00006158,-0.00234329,-0.00039762,-0.00821638,0.00144001,0.31520262,-0.01635352,0.00156821,0.01137767,0.02079254,-0.00004272,26.76801329,27.76499322,31.13441456,31.44546998,0.01492017,-0.76983965,1.52693151,0.00215933,-0.77115694,1.50114285,4.50246023,0.00000000
11.30000000,STAND,-0.00005150,-0.00231520,-0.00042311,-0.00809211,0.00132558,0.31519632,-0.01623514,0.00145906,0.01123335,0.02079192,-0.00004334,26.77725558,27.76862761,31.11393878,31.45269625,0.01465860,-0.77023522,1.52721704,0.00188188,-0.77154378,1.50135238,4.49315665,0.00000000
11.31000000,STAND,-0.00004239,-0.00228901,-0.00044685,-0.00797748,0.00121973,0.31519036,-0.01612585,0.00135803,0.01110038,0.02079148,-0.00004378,26.78631915,27.76825698,31.09763901,31.45985766,0.01442066,-0.77059413,1.52747964,0.00162787,-0.77189758,1.50154350,4.48473535,0.00000000
11.32000000,STAND,-0.00003423,-0.00226471,-0.00046886,-0.00787224,0.00112225,0.31518471,-0.01602544,0.00126491,0.01097845,0.02079121,-0.00004405,26.79520036,27.76393854,31.08546183,31.46695593,0.01420564,-0.77091746,1.52772006,0.00139655,-0.77221949,1.50171693,4.47718647,0.00000000
11.33000000,STAND,-0.00002703,-0.00224229,-0.00048918,-0.00777617,0.00103291,0.31517938,-0.01593369,0.00117950,0.01086728,0.02079113,-0.00004413,26.80389511,27.75573342,31.07735063,31.47399278,0.01401280,-0.77120635,1.52793904,0.00118712,-0.77251067,1.50187344,4.47049951,0.00000000
11.34000000,STAND,-0.00002076,-0.00222170,-0.00050784,-0.00768901,0.00095146,0.31517434,-0.01585037,0.00110158,0.01076653,0.02079121,-0.00004405,26.81239898,27.74370659,31.07324550,31.48096988,0.01384136,-0.77146199,1.52813736,0.00099875,-0.77277238,1.50201380,4.46466336,0.00000000
11.35000000,STAND,-0.00001542,-0.00220294,-0.00052486,-0.00761050,0.00087766,0.31516958,-0.01577523,0.00103089,0.01067589,0.02079147,-0.00004379,26.82070739,27.72792689,31.07308322,31.48788864,0.01369050,-0.77168563,1.52831583,0.00083056,-0.77300590,1.50213882,4.45966624,0.00000000
11.36000000,STAND,-0.00001098,-0.00218598,-0.00054028,-0.00754036,0.00081124,0.31516509,-0.01570802,0.00096720,0.01059499,0.02079190,-0.00004336,26.82881578,27.70846706,31.07679716,31.49475019,0.01355935,-0.77187858,1.52847529,0.00068161,-0.77321260,1.50224934,4.45549572,0.00000000
11.37000000,STAND,-0.00000745,-0.00217080,-0.00055413,-0.00747830,0.00075192,0.31516085,-0.01564845,0.00091024,0.01052347,0.02079249,-0.00004277,26.83671963,27.68540374,31.08431719,31.50155525,0.01344701,-0.77204222,1.52861659,0.00055097,-0.77339388,1.50234621,4.45213866,0.00000000
11.38000000,STAND,-0.00000480,-0.00215736,-0.00056644,-0.00742400,0.00069941,0.31515684,-0.01559624,0.00085974,0.01046094,0.02079325,-0.00004201,26.84441458,27.65881758,31.09556958,31.50830411,0.01335253,-0.77217797,1.52874065,0.00043761,-0.77355122,1.50243033,4.44958126,0.00000000
11.39000000,STAND,-0.00000303,-0.00214564,-0.00057726,-0.00737716,0.00065340,0.31515303,-0.01555110,0.00081542,0.01040700,0.02079416,-0.00004109,26.85189645,27.62879333,31.11047686,31.51499660,0.01327491,-0.77228733,1.52884838,0.00034049,-0.77368614,1.50250264,4.44780896,0.00000000
11.40000000,STAND,-0.00000211,-0.00213561,-0.00058663,-0.00733744,0.00061356,0.31514943,-0.01551270,0.00077696,0.01036122,0.02079524,-0.00004002,26.85916126,27.59541996,31.12895770,31.52163202,0.01321313,-0.77237185,1.52894075,0.00025851,-0.77380023,1.50256407,4.44680646,0.00000000
11.41000000,STAND,-0.00000205,-0.00212725,-0.00059457,-0.00730447,0.00057958,0.31514599,-0.01548073,0.00074407,0.01032317,0.02079646,-0.00003880,26.86620524,27.55879073,31.15092679,31.52820920,0.01316611,-0.77243314,1.52901874,0.00019055,-0.77389514,1.50261562,4.44655770,0.00000000
11.42000000,STAND,-0.00000281,-0.00212051,-0.00060114,-0.00727791,0.00055109,0.31514271,-0.01545485,0.00071641,0.01029239,0.02079783,-0.00003743,26.87302481,27.51900337,31.17629465,31.53472648,0.01313273,-0.77247290,1.52908340,0.00013543,-0.77397259,1.50265830,4.44704581,0.00000000
11.43000000,STAND,-0.00000440,-0.00211538,-0.00060637,-0.00725737,0.00052774,0.31513955,-0.01543469,0.00069365,0.01026839,0.02079935,-0.00003591,26.87961652,27.47616014,31.20496757,31.54118173,0.01311182,-0.77249286,1.52913577,0.00009191,-0.77403434,1.50269319,4.44825309,0.00000000
11.44000000,STAND,-0.00000679,-0.00211181,-0.00061031,-0.00724245,0.00050915,0.31513650,-0.01541989,0.00067542,0.01025069,0.02080100,-0.00003426,26.88597711,27.43036798,31.23684742,31.54757243,0.01310217,-0.77249485,1.52917698,0.00005874,-0.77408225,1.50272136,4.45016101,0.00000000
11.45000000,STAND,-0.00000998,-0.00210977,-0.00061301,-0.00723274,0.00049493,0.31513354,-0.01541006,0.00066138,0.01023877,0.02080279,-0.00003246,26.89210337,27.38173861,31.27183153,31.55389564,0.01310254,-0.77248074,1.52920815,0.00003459,-0.77411821,1.50274394,4.45275015,0.00000000
11.46000000,STAND,-0.00001393,-0.00210922,-0.00061451,-0.00722782,0.00048468,0.31513063,-0.01540481,0.00065113,0.01023209,0.02080472,-0.00003054,26.89799222,27.33038860,31.30981260,31.56014810,0.01311161,-0.77245248,1.52923046,0.00001811,-0.77414419,1.50276211,4.45600021,0.00000000
11.47000000,STAND,-0.00001865,-0.00211013,-0.00061486,-0.00722724,0.00047798,0.31512776,-0.01540371,0.00064429,0.01023010,0.02080677,-0.00002849,26.90364060,27.27643944,31.35067856,31.56632630,0.01312804,-0.77241209,1.52924514,0.00000789,-0.77416222,1.50277705,4.45988997,0.00000000
11.48000000,STAND,-0.00002412,-0.00211245,-0.00061411,-0.00723055,0.00047438,0.31512489,-0.01540635,0.00064043,0.01023223,0.02080893,-0.00002633,26.90904549,27.22001761,31.39431250,31.57242645,0.01315045,-0.77236167,1.52925344,0.00000247,-0.77417442,1.50279002,4.46439727,0.00000000
11.49000000,STAND,-0.00003031,-0.00211614,-0.00061232,-0.00723726,0.00047345,0.31512201,-0.01541227,0.00063916,0.01023788,0.02081122,-0.00002404,26.91427836,27.16128061,31.44054156,31.57878549,0.01317739,-0.77230335,1.52925667,0.00000036,-0.77418295,1.50280228,4.46949478,0.00000006
11.50000000,STAND,-0.00003723,-0.00212113,-0.00060955,-0.00724689,0.00047472,0.31511907,-0.01542102,0.00064002,0.01024645,0.02081361,-0.00002165,26.91867350,27.10032930,31.48932748,31.58454749,0.01320737,-0.77223938,1.52925618,0.00000000,-0.77419005,1.50281516,4.47516712,0.00000008
