time_s,state,roll_rad,pitch_rad,yaw_rad,body_x_m,body_y_m,body_z_m,com_x_m,com_y_m,support_margin_m,fr_foot_z_m,fr_lift_m,fl_force_n,fr_force_n,hl_force_n,hr_force_n,fr_q0,fr_q1,fr_q2,fr_qd0,fr_qd1,fr_qd2,max_abs_tau_nm,ik_residual_m
0.00100000,STAND,-0.00000000,0.00000000,-0.00000000,-0.00000004,0.00000000,0.32207984,-0.00842045,0.00016080,0.00585067,0.02200000,0.00000000,1.41653174,1.41753142,1.41745844,1.41726896,0.00000017,-0.77300194,1.50054729,0.00000000,-0.77297953,1.50050035,0.00000000,0.00000000
0.01000000,STAND,-0.00000007,0.00009971,0.00000009,-0.00000957,0.00000001,0.32159653,-0.00843082,0.00016081,0.00587332,0.02177284,0.00000000,7.14526091,7.15199081,6.57793477,6.57712714,0.00011975,-0.77355391,1.50205470,0.00000000,-0.77297953,1.50050035,0.73863846,0.00000000
0.02000000,STAND,-0.00000043,0.00054182,0.00000084,-0.00005763,0.00000011,0.32036677,-0.00847994,0.00016087,0.00594382,0.02107199,0.00000000,18.40826680,18.41580868,15.73177259,15.73192539,0.00052767,-0.77473904,1.50592882,0.00000000,-0.77297953,1.50050035,1.95466580,0.00000000
0.03000000,STAND,-0.00000165,0.00150096,0.00000321,-0.00018467,0.00000043,0.31872199,-0.00860800,0.00016111,0.00606369,0.02021534,0.00000000,27.41861227,27.43025508,22.34811217,22.34677154,0.00119237,-0.77634216,1.51215165,0.00000000,-0.77297953,1.50050035,3.16239159,0.00000000
0.04000000,STAND,-0.00000480,0.00281065,0.00000799,-0.00041103,0.00000114,0.31694141,-0.00882946,0.00016166,0.00624196,0.01921484,0.00000000,33.79840881,33.80396471,26.90476688,26.90137882,0.00210850,-0.77734506,1.51861514,0.00000000,-0.77297953,1.50050035,4.04037928,0.00000000
0.05000000,STAND,-0.00001011,0.00411622,0.00001540,-0.00073710,0.00000236,0.31521160,-0.00914337,0.00016265,0.00647932,0.01820008,0.00000000,38.33915584,38.33344194,30.54447463,30.53782175,0.00319147,-0.77772359,1.52456243,0.00000000,-0.77297953,1.50050035,4.70991551,0.00000000
0.06000000,STAND,-0.00001741,0.00512848,0.00002525,-0.00115757,0.00000417,0.31366938,-0.00954403,0.00016417,0.00677333,0.01729060,0.00000000,41.00194729,40.98098251,33.26647986,33.25515119,0.00436337,-0.77757259,1.52954504,0.00000000,-0.77297953,1.50050035,5.15391278,0.00000000
0.07000000,STAND,-0.00002636,0.00566044,0.00003700,-0.00166353,0.00000657,0.31240367,-0.01002275,0.00016622,0.00711980,0.01656596,0.00000000,41.90324240,41.86423426,35.10191709,35.08440620,0.00555096,-0.77699185,1.53329486,0.00000000,-0.77297953,1.50050035,5.37692662,0.00000000
0.08000000,STAND,-0.00003652,0.00562861,0.00004990,-0.00224344,0.00000953,0.31145826,-0.01056873,0.00016879,0.00751270,0.01606719,0.00000000,41.30030818,41.24176672,36.13814702,36.11298349,0.00668829,-0.77607721,1.53571657,0.00000000,-0.77297953,1.50050035,5.40487045,0.00000000
0.09000000,STAND,-0.00004740,0.00503759,0.00006304,-0.00288376,0.00001293,0.31083780,-0.01116968,0.00017180,0.00794415,0.01580255,0.00000000,39.53514709,39.45687727,36.50749183,36.47339561,0.00772141,-0.77491935,1.53686346,0.00000000,-0.77297953,1.50050035,5.27740748,0.00000000
0.10000000,STAND,-0.00005847,0.00395698,0.00007555,-0.00356955,0.00001665,0.31051602,-0.01181225,0.00017514,0.00840469,0.01575491,0.00000000,36.98378272,36.88676141,36.37043763,36.32646540,0.00861188,-0.77360355,1.53690077,0.00000000,-0.77297953,1.50050035,5.04063489,0.00000000
0.11000000,STAND,-0.00006926,0.00249689,0.00008665,-0.00428508,0.00002053,0.31044502,-0.01248248,0.00017866,0.00888371,0.01588958,0.00000000,34.01465474,33.90082265,35.89725787,35.84291699,0.00933813,-0.77220891,1.53606474,0.00000000,-0.77297953,1.50050035,4.89696523,0.00000000
0.12000000,STAND,-0.00007932,0.00078577,0.00009576,-0.00501447,0.00002441,0.31056450,-0.01316629,0.00018224,0.00937013,0.01616170,0.00000000,30.95697829,30.82898177,35.25085674,35.18617169,0.00989468,-0.77080678,1.53462345,0.00000000,-0.77297953,1.50050035,4.85411382,0.00000000
0.13000000,STAND,-0.00008826,-0.00104759,0.00010251,-0.00574237,0.00002815,0.31081018,-0.01384996,0.00018572,0.00985304,0.01652283,0.00000000,28.07927364,27.94018978,34.57284874,34.49837466,0.01028980,-0.76945875,1.53284314,0.00000000,-0.77297953,1.50050035,4.80513854,0.00000000
0.14000000,STAND,-0.00009584,-0.00288708,0.00010677,-0.00645457,0.00003159,0.31112081,-0.01452070,0.00018897,0.01032236,0.01692629,0.00000000,25.57776197,25.43083600,33.97404288,33.89082935,0.01054203,-0.76821470,1.53096253,0.00000000,-0.77297953,1.50050035,4.76512587,0.00000000
0.15000000,STAND,-0.00010186,-0.00463746,0.00010865,-0.00713850,0.00003463,0.31144333,-0.01516703,0.00019188,0.01076930,0.01733118,0.00000000,23.57375304,23.42216980,33.52970767,33.43922151,0.01067644,-0.76711152,1.52917570,0.00000000,-0.77297953,1.50050035,4.74401917,0.00000000
0.16000000,STAND,-0.00010627,-0.00622832,0.00010843,-0.00778360,0.00003719,0.31173611,-0.01577914,0.00019437,0.01118673,0.01770488,0.00000000,22.11856846,21.96527162,33.27932954,33.18334877,0.01072103,-0.76617279,1.52762349,0.00000000,-0.77297953,1.50050035,4.74673811,0.00000000
0.17000000,STAND,-0.00010907,-0.00761451,0.00010652,-0.00838149,0.00003921,0.31197047,-0.01634908,0.00019637,0.01156927,0.01802436,0.00000000,21.20407718,21.05164210,33.23008418,33.13057628,0.01070366,-0.76540944,1.52639208,0.00000000,-0.77297953,1.50050035,4.77378273,0.00000000
0.18000000,STAND,-0.00011035,-0.00877400,0.00010339,-0.00892603,0.00004067,0.31213047,-0.01687082,0.00019787,0.01191334,0.01827618,0.00000000,20.77668036,20.62723990,33.36294126,33.26193793,0.01064975,-0.76482139,1.52551743,0.00000000,-0.77297953,1.50050035,4.82215472,0.00000000
0.19000000,STAND,-0.00011026,-0.00970415,0.00009956,-0.00941317,0.00004158,0.31221167,-0.01734017,0.00019884,0.01221690,0.01845565,0.00000000,20.75262049,20.60783798,33.64021872,33.53969758,0.01058075,-0.76439971,1.52499345,0.00000000,-0.77297953,1.50050035,4.88643141,0.00000000
0.20000000,STAND,-0.00010897,-0.01041705,0.00009548,-0.00984069,0.00004196,0.31221894,-0.01775462,0.00019932,0.01247927,0.01856533,0.00000000,21.03277687,20.89385727,34.01347262,33.91525413,0.01051337,-0.76412917,1.52478243,0.00000000,-0.77297953,1.50050035,4.95984886,0.00000000
0.21000000,STAND,-0.00010668,-0.01093474,0.00009154,-0.01020797,0.00004186,0.31216390,-0.01811311,0.00019933,0.01270083,0.01861315,0.00000000,21.51556440,21.38329353,34.43080622,34.33647134,0.01045940,-0.76399078,1.52482601,0.00000000,-0.77297953,1.50050035,5.03528292,0.00000000
0.22000000,STAND,-0.00010358,-0.01128476,0.00008807,-0.01051560,0.00004133,0.31206229,-0.01841575,0.00019893,0.01288270,0.01861045,0.00000000,22.10707427,21.98187573,34.84295224,34.75378407,0.01042600,-0.76396408,1.52505552,0.00000000,-0.77297953,1.50050035,5.10605363,0.00000000
0.23000000,STAND,-0.00009987,-0.01149634,0.00008523,-0.01076510,0.00004044,0.31193151,-0.01866357,0.00019817,0.01302653,0.01857016,0.00000000,22.72809254,22.61009305,35.20776862,35.12471903,0.01041632,-0.76402902,1.52540092,0.00000000,-0.77297953,1.50050035,5.16651419,0.00000000
0.24000000,STAND,-0.00009574,-0.01159744,0.00008314,-0.01095864,0.00003926,0.31178856,-0.01885827,0.00019712,0.01313424,0.01850524,0.00000000,23.31804583,23.20714156,35.49304794,35.41672809,0.01043036,-0.76416734,1.52579777,0.00000000,-0.77297953,1.50050035,5.21241621,0.00000000
0.25000000,STAND,-0.00009133,-0.01161269,0.00008178,-0.01109880,0.00003785,0.31164847,-0.01900200,0.00019583,0.01320792,0.01842742,0.00000000,23.83622270,23.73214072,35.67774463,35.60843679,0.01046584,-0.76436340,1.52619207,0.00000000,-0.77297953,1.50050035,5.24106617,0.00000000
0.26000000,STAND,-0.00008679,-0.01156222,0.00008109,-0.01118842,0.00003629,0.31152327,-0.01909726,0.00019438,0.01324968,0.01834647,0.00000000,24.26080220,24.16315344,35.75186374,35.68955058,0.01051911,-0.76460455,1.52654298,0.00000000,-0.77297953,1.50050035,5.25130506,0.00000000
0.27000000,STAND,-0.00008224,-0.01146121,0.00008093,-0.01123049,0.00003463,0.31142145,-0.01914673,0.00019282,0.01326165,0.01826971,0.00000000,24.58630223,24.49462401,35.71533026,35.65973691,0.01058592,-0.76488110,1.52682370,0.00000000,-0.77297953,1.50050035,5.24335170,0.00000000
0.28000000,STAND,-0.00007778,-0.01132012,0.00008116,-0.01122808,0.00003291,0.31134792,-0.01915325,0.00019121,0.01324592,0.01820194,0.00000000,24.82006081,24.73384848,35.57618059,35.52682469,0.01066205,-0.76518600,1.52702083,0.00000000,-0.77297953,1.50050035,5.21855410,0.00000000
0.29000000,STAND,-0.00007349,-0.01114528,0.00008159,-0.01118435,0.00003120,0.31130428,-0.01911977,0.00018958,0.01320458,0.01814560,0.00000000,24.97830674,24.89703532,35.34840001,35.30464501,0.01074383,-0.76551427,1.52713262,0.00000000,-0.77297953,1.50050035,5.17909168,0.00000000
0.30000000,STAND,-0.00006944,-0.01093985,0.00008209,-0.01110252,0.00002954,0.31128933,-0.01904934,0.00018799,0.01313974,0.01810112,0.00000000,25.08228339,25.00542062,35.04968619,35.01079375,0.01082839,-0.76586246,1.52716645,0.00000000,-0.77297953,1.50050035,5.12766603,0.00000000
0.31000000,STAND,-0.00006567,-0.01070479,0.00008251,-0.01098592,0.00002794,0.31129975,-0.01894514,0.00018646,0.01305356,0.01806740,0.00000000,25.15477744,25.08179048,34.69935983,34.66453800,0.01091382,-0.76622801,1.52713609,0.00000000,-0.77297953,1.50050035,5.06721081,0.00000000
0.32000000,STAND,-0.00006224,-0.01043995,0.00008277,-0.01083797,0.00002644,0.31133086,-0.01881045,0.00018503,0.01294827,0.01804231,0.00000000,25.21728809,25.14764581,34.31657922,34.28502397,0.01099915,-0.76660870,1.52705890,0.00000000,-0.77297953,1.50050035,5.00064285,0.00000000
0.33000000,STAND,-0.00005916,-0.01014491,0.00008279,-0.01066225,0.00002507,0.31137725,-0.01864870,0.00018370,0.01282618,0.01802316,0.00000000,25.28796038,25.22113350,33.91895244,33.88988128,0.01108423,-0.76700226,1.52695336,0.00000000,-0.77297953,1.50050035,4.93066782,0.00000000
0.34000000,STAND,-0.00005647,-0.00981975,0.00008255,-0.01046245,0.00002383,0.31143345,-0.01846342,0.00018251,0.01268969,0.01800715,0.00000000,25.38030894,25.31576962,33.52158401,33.49426106,0.01116955,-0.76740603,1.52683700,0.00000000,-0.77297953,1.50050035,4.85964602,0.00000000
0.35000000,STAND,-0.00005418,-0.00946553,0.00008206,-0.01024239,0.00002275,0.31149437,-0.01825825,0.00018146,0.01254129,0.01799172,0.00000000,25.50267906,25.43990129,33.13654512,33.11029813,0.01125605,-0.76781680,1.52672494,0.00000000,-0.77297953,1.50050035,4.78951667,0.00000000
0.36000000,STAND,-0.00005229,-0.00908459,0.00008135,-0.01000596,0.00002182,0.31155565,-0.01803693,0.00018056,0.01238351,0.01797475,0.00000000,25.65833463,25.59679623,32.77272060,32.74695062,0.01134483,-0.76823078,1.52662889,0.00000000,-0.77297953,1.50050035,4.72177444,0.00000000
0.37000000,STAND,-0.00005082,-0.00868059,0.00008049,-0.00975713,0.00002105,0.31161387,-0.01780322,0.00017981,0.01221894,0.01795475,0.00000000,25.84602775,25.78521434,32.43596123,32.41014630,0.01143700,-0.76864366,1.52655679,0.00000000,-0.77297953,1.50050035,4.65748803,0.00000000
0.38000000,STAND,-0.00004976,-0.00825847,0.00007953,-0.00949982,0.00002044,0.31166663,-0.01756087,0.00017922,0.01205012,0.01793090,0.00000000,26.06089090,26.00030179,32.12945783,32.10315204,0.01153352,-0.76905073,1.52651284,0.00000000,-0.77297953,1.50050035,4.59734925,0.00000000
0.39000000,STAND,-0.00004910,-0.00782419,0.00007854,-0.00923794,0.00002000,0.31171247,-0.01731359,0.00017878,0.01187957,0.01790299,0.00000000,26.29549706,26.23465274,31.85425125,31.82708064,0.01163501,-0.76944708,1.52649788,0.00000000,-0.77297953,1.50050035,4.54174070,0.00000000
0.40000000,STAND,-0.00004882,-0.00738439,0.00007760,-0.00897524,0.00001971,0.31175082,-0.01706495,0.00017849,0.01170971,0.01787138,0.00000000,26.54095104,26.47940162,31.60979901,31.58145564,0.01174177,-0.76982779,1.52650998,0.00000000,-0.77297953,1.50050035,4.49081120,0.00000000
0.41000000,STAND,-0.00004890,-0.00694611,0.00007675,-0.00871532,0.00001957,0.31178178,-0.01681839,0.00017834,0.01154281,0.01783684,0.00000000,26.78790270,26.72523664,31.39453196,31.36476723,0.01185367,-0.77018818,1.52654523,0.00000000,-0.77297953,1.50050035,4.44454992,0.00000000
0.42000000,STAND,-0.00004931,-0.00651635,0.00007605,-0.00846152,0.00001957,0.31180596,-0.01657709,0.00017832,0.01138100,0.01780043,0.00000000,27.02740406,26.96325657,31.20635045,31.17496853,0.01197023,-0.77052395,1.52659848,0.00000000,-0.77297953,1.50050035,4.40285239,0.00000000
0.43000000,STAND,-0.00005002,-0.00610183,0.00007553,-0.00821693,0.00001970,0.31182428,-0.01634400,0.00017843,0.01122620,0.01776337,0.00000000,27.25156465,27.18562498,31.04302706,31.00987900,0.01209062,-0.77083136,1.52666402,0.00000000,-0.77297953,1.50050035,4.36557403,0.00000000
0.44000000,STAND,-0.00005100,-0.00570868,0.00007519,-0.00798430,0.00001995,0.31183782,-0.01612177,0.00017864,0.01108011,0.01772689,0.00000000,27.45398808,27.38600525,30.90249957,30.86747843,0.01221375,-0.77110732,1.52673624,0.00000000,-0.77297953,1.50050035,4.33256905,0.00000000
0.45000000,STAND,-0.00005219,-0.00534223,0.00007504,-0.00776605,0.00002030,0.31184762,-0.01591274,0.00017896,0.01094418,0.01769216,0.00000000,27.62999731,27.55978391,30.78305245,30.74608949,0.01233835,-0.77134949,1.52681007,0.00000000,-0.77297953,1.50050035,4.30371464,0.00000000
0.46000000,STAND,-0.00005356,-0.00500689,0.00007507,-0.00756423,0.00002073,0.31185466,-0.01571890,0.00017936,0.01081965,0.01766017,0.00000000,27.77667382,27.70410768,30.68339645,30.64445836,0.01246305,-0.77155631,1.52688129,0.00000000,-0.77297953,1.50050035,4.27892166,0.00000000
0.47000000,STAND,-0.00005506,-0.00470607,0.00007526,-0.00738052,0.00002124,0.31185971,-0.01554190,0.00017983,0.01070748,0.01763169,0.00000000,27.89274756,27.81777116,30.60266358,30.56175042,0.01258642,-0.77172694,1.52694671,0.00000000,-0.77297953,1.50050035,4.25813417,0.00000000
0.48000000,STAND,-0.00005665,-0.00444220,0.00007559,-0.00721624,0.00002181,0.31186335,-0.01538304,0.00018035,0.01060840,0.01760730,0.00000000,27.97837975,27.90099764,30.54033926,30.49748297,0.01270713,-0.77186126,1.52700423,0.00000000,-0.77297953,1.50050035,4.24132091,0.00000000
0.49000000,STAND,-0.00005828,-0.00421673,0.00007600,-0.00707233,0.00002241,0.31186593,-0.01524327,0.00018092,0.01052288,0.01758730,0.00000000,28.03488132,27.95515562,30.49615455,30.45141752,0.01282392,-0.77195982,1.52705272,0.00000000,-0.77297953,1.50050035,4.22846161,0.00000000
0.50000000,STAND,-0.00005991,-0.00403025,0.00007649,-0.00694938,0.00002304,0.31186761,-0.01512322,0.00018150,0.01045120,0.01757181,0.00000000,28.06440566,27.98245002,30.46996000,30.42343365,0.01293565,-0.77202371,1.52709192,0.00000000,-0.77297953,1.50050035,4.21953107,0.00000000
0.51000000,STAND,-0.00006151,-0.00388257,0.00007700,-0.00684766,0.00002367,0.31186841,-0.01502320,0.00018210,0.01039341,0.01756075,0.00000000,28.06964802,27.98562052,30.46159984,30.41340275,0.01304140,-0.77205450,1.52712227,0.00000000,-0.77297953,1.50050035,4.21448359,0.00000000
0.52000000,STAND,-0.00006304,-0.00377283,0.00007753,-0.00676713,0.00002430,0.31186822,-0.01494322,0.00018269,0.01034934,0.01755390,0.00000000,28.05357618,27.96767133,30.47080078,30.42107632,0.01314038,-0.77205418,1.52714467,0.00000000,-0.77297953,1.50050035,4.21323946,0.00000000
0.53000000,STAND,-0.00006447,-0.00369963,0.00007803,-0.00670745,0.00002490,0.31186687,-0.01488304,0.00018326,0.01031868,0.01755093,0.00000000,28.01920805,27.93164850,30.49708522,30.44599857,0.01323200,-0.77202502,1.52716028,0.00000000,-0.77297953,1.50050035,4.21567499,0.00000000
0.54000000,STAND,-0.00006578,-0.00366114,0.00007849,-0.00666803,0.00002548,0.31186417,-0.01484213,0.00018381,0.01030095,0.01755145,0.00000000,27.96944433,27.88047250,30.53971411,30.48744869,0.01331586,-0.77196953,1.52717040,0.00000000,-0.77297953,1.50050035,4.22161666,0.00000000
0.55000000,STAND,-0.00006694,-0.00365520,0.00007889,-0.00664805,0.00002601,0.31185995,-0.01481977,0.00018432,0.01029551,0.01755504,0.00000000,27.90695718,27.81682719,30.59766080,30.54441407,0.01339168,-0.77189038,1.52717626,0.00000000,-0.77297953,1.50050035,4.23083950,0.00000000
0.56000000,STAND,-0.00006794,-0.00367941,0.00007924,-0.00664649,0.00002649,0.31185409,-0.01481502,0.00018478,0.01030164,0.01756127,0.00000000,27.83413036,27.74310053,30.66961355,30.61559247,0.01345934,-0.77179034,1.52717895,0.00000000,-0.77297953,1.50050035,4.24306941,0.00000000
0.57000000,STAND,-0.00006877,-0.00373119,0.00007951,-0.00666215,0.00002691,0.31184652,-0.01482679,0.00018518,0.01031847,0.01756973,0.00000000,27.75304294,27.66136893,30.75400267,30.69941880,0.01351886,-0.77167223,1.52717936,0.00000000,-0.77297953,1.50050035,4.25798883,0.00000000
0.58000000,STAND,-0.00006942,-0.00380785,0.00007972,-0.00669369,0.00002727,0.31183726,-0.01485384,0.00018553,0.01034508,0.01758003,0.00000000,27.66548578,27.57341463,30.84904612,30.79411070,0.01357032,-0.77153887,1.52717816,0.00000000,-0.77297953,1.50050035,4.27524489,0.00000000
0.59000000,STAND,-0.00006990,-0.00390663,0.00007986,-0.00673965,0.00002756,0.31182639,-0.01489480,0.00018582,0.01038049,0.01759184,0.00000000,27.57300025,27.48076529,30.95280737,30.89772650,0.01361392,-0.77139308,1.52717577,0.00000000,-0.77297953,1.50050035,4.29445918,0.00000000
0.60000000,STAND,-0.00007021,-0.00402475,0.00007995,-0.00679847,0.00002778,0.31181407,-0.01494822,0.00018604,0.01042365,0.01760485,0.00000000,27.47692833,27.38474505,31.06325907,31.00822917,0.01364990,-0.77123759,1.52717242,0.00000000,-0.77297953,1.50050035,4.31523822,0.00000000
0.61000000,STAND,-0.00007035,-0.00415940,0.00007998,-0.00686855,0.00002794,0.31180050,-0.01501259,0.00018621,0.01047348,0.01761879,0.00000000,27.37846533,27.28652821,31.17834708,31.12355084,0.01367857,-0.77107510,1.52716817,0.00000000,-0.77297953,1.50050035,4.33718393,0.00000000
0.62000000,STAND,-0.00007033,-0.00430778,0.00007997,-0.00694821,0.00002804,0.31178595,-0.01508633,0.00018631,0.01052891,0.01763342,0.00000000,27.27870806,27.18718819,31.29605021,31.24165304,0.01370030,-0.77090816,1.52716297,0.00000000,-0.77297953,1.50050035,4.35990334,0.00000000
0.63000000,STAND,-0.00007017,-0.00446716,0.00007992,-0.00703579,0.00002807,0.31177067,-0.01516786,0.00018635,0.01058884,0.01764855,0.00000000,27.17869366,27.08773722,31.41443230,31.36057960,0.01371546,-0.77073924,1.52715672,0.00000000,-0.77297953,1.50050035,4.38301724,0.00000000
0.64000000,STAND,-0.00006988,-0.00463480,0.00007984,-0.00712962,0.00002804,0.31175496,-0.01525560,0.00018633,0.01065220,0.01766397,0.00000000,27.07942629,26.98915380,31.53168472,31.47849978,0.01372449,-0.77057066,1.52714928,0.00000000,-0.77297953,1.50050035,4.40616733,0.00000000
0.65000000,STAND,-0.00006948,-0.00480809,0.00007974,-0.00722805,0.00002796,0.31173911,-0.01534800,0.00018626,0.01071792,0.01767951,0.00000000,26.98189121,26.89239737,31.64615833,31.59374100,0.01372783,-0.77040460,1.52714056,0.00000000,-0.77297953,1.50050035,4.42902182,0.00000000
0.66000000,STAND,-0.00006898,-0.00498448,0.00007963,-0.00732949,0.00002783,0.31172336,-0.01544352,0.00018615,0.01078501,0.01769500,0.00000000,26.88705687,26.79841099,31.75638491,31.70481105,0.01372597,-0.77024306,1.52713049,0.00000000,-0.77297953,1.50050035,4.45127945,0.00000000
0.67000000,STAND,-0.00006841,-0.00516151,0.00007950,-0.00743241,0.00002766,0.31170797,-0.01554070,0.00018600,0.01085249,0.01771029,0.00000000,26.79586705,26.70811403,31.86108914,31.81041068,0.01371941,-0.77008786,1.52711908,0.00000000,-0.77297953,1.50050035,4.47267206,0.00000000
0.68000000,STAND,-0.00006778,-0.00533688,0.00007937,-0.00753534,0.00002746,0.31169315,-0.01563815,0.00018582,0.01091945,0.01772522,0.00000000,26.70922585,26.62238746,31.95919225,31.90943798,0.01370864,-0.76994063,1.52710639,0.00000000,-0.77297953,1.50050035,4.49296596,0.00000000
0.69000000,STAND,-0.00006710,-0.00550842,0.00007923,-0.00763693,0.00002723,0.31167908,-0.01573458,0.00018560,0.01098504,0.01773965,0.00000000,26.62797823,26.54205479,32.04980925,32.00098602,0.01369421,-0.76980282,1.52709257,0.00000000,-0.77297953,1.50050035,4.51196210,0.00000000
0.70000000,STAND,-0.00006641,-0.00567415,0.00007910,-0.00773592,0.00002698,0.31166591,-0.01582876,0.00018537,0.01104849,0.01775342,0.00000000,26.55288912,26.46786147,32.13224120,32.08433568,0.01367664,-0.76967564,1.52707781,0.00000000,-0.77297953,1.50050035,4.52949561,0.00000000
0.71000000,STAND,-0.00006570,-0.00583225,0.00007897,-0.00783118,0.00002672,0.31165376,-0.01591960,0.00018513,0.01110910,0.01776642,0.00000000,26.48462355,26.40045518,32.20596438,32.15894506,0.01365647,-0.76956009,1.52706236,0.00000000,-0.77297953,1.50050035,4.54543462,0.00000000
0.72000000,STAND,-0.00006500,-0.00598114,0.00007884,-0.00792169,0.00002645,0.31164270,-0.01600613,0.00018487,0.01116627,0.01777852,0.00000000,26.42372974,26.34036911,32.27061759,32.22443711,0.01363422,-0.76945697,1.52704648,0.00000000,-0.77297953,1.50050035,4.55967873,0.00000000
0.73000000,STAND,-0.00006432,-0.00611941,0.00007873,-0.00800655,0.00002618,0.31163280,-0.01608746,0.00018461,0.01121946,0.01778961,0.00000000,26.37062658,26.28800947,32.32598874,32.28058631,0.01361041,-0.76936685,1.52703045,0.00000000,-0.77297953,1.50050035,4.57215730,0.00000000
0.74000000,STAND,-0.00006367,-0.00624591,0.00007862,-0.00808502,0.00002591,0.31162410,-0.01616287,0.00018436,0.01126822,0.01779960,0.00000000,26.32559613,26.24364812,32.37200163,32.32730556,0.01358555,-0.76929009,1.52701456,0.00000000,-0.77297953,1.50050035,4.58282752,0.00000000
0.75000000,STAND,-0.00006307,-0.00635972,0.00007852,-0.00815647,0.00002565,0.31161661,-0.01623175,0.00018411,0.01131222,0.01780843,0.00000000,26.28878152,26.20742042,32.40870324,32.36463343,0.01356013,-0.76922685,1.52699907,0.00000000,-0.77297953,1.50050035,4.59167257,0.00000000
0.76000000,STAND,-0.00006252,-0.00646011,0.00007844,-0.00822042,0.00002541,0.31161033,-0.01629361,0.00018388,0.01135117,0.01781604,0.00000000,26.26018982,26.17932803,32.43625195,32.39272236,0.01353459,-0.76917711,1.52698422,0.00000000,-0.77297953,1.50050035,4.59869963,0.00000000
0.77000000,STAND,-0.00006202,-0.00654663,0.00007837,-0.00827650,0.00002518,0.31160525,-0.01634808,0.00018366,0.01138489,0.01782239,0.00000000,26.23969924,26.15924605,32.45490659,32.41182755,0.01350936,-0.76914064,1.52697022,0.00000000,-0.77297953,1.50050035,4.60393810,0.00000000
0.78000000,STAND,-0.00006159,-0.00661902,0.00007831,-0.00832450,0.00002497,0.31160133,-0.01639494,0.00018346,0.01141328,0.01782749,0.00000000,26.22706997,26.14693375,32.46501626,32.42229663,0.01348483,-0.76911707,1.52695723,0.00000000,-0.77297953,1.50050035,4.60743766,0.00000000
0.79000000,STAND,-0.00006123,-0.00667722,0.00007826,-0.00836430,0.00002479,0.31159855,-0.01643405,0.00018329,0.01143631,0.01783133,0.00000000,26.22195747,26.14204765,32.46701066,32.42455988,0.01346134,-0.76910587,1.52694539,0.00000000,-0.77297953,1.50050035,4.60926642,0.00000000
0.80000000,STAND,-0.00006093,-0.00672139,0.00007823,-0.00839591,0.00002463,0.31159686,-0.01646542,0.00018313,0.01145402,0.01783395,0.00000000,26.22392741,26.14415632,32.46139085,32.41912064,0.01343920,-0.76910638,1.52693479,0.00000000,-0.77297953,1.50050035,4.60950907,0.00000000
0.81000000,STAND,-0.00006071,-0.00675185,0.00007822,-0.00841945,0.00002450,0.31159619,-0.01648912,0.00018300,0.01146655,0.01783539,0.00000000,26.23247134,26.15275579,32.44871989,32.40654587,0.01341869,-0.76911782,1.52692549,0.00000000,-0.77297953,1.50050035,4.60826492,0.00000000
0.82000000,STAND,-0.00006055,-0.00676911,0.00007822,-0.00843513,0.00002440,0.31159650,-0.01650535,0.00018290,0.01147404,0.01783570,0.00000000,26.24702218,26.16728486,32.42961359,32.38745657,0.01340001,-0.76913932,1.52691753,0.00000000,-0.77297953,1.50050035,4.60564593,0.00000000
0.83000000,STAND,-0.00006045,-0.00677380,0.00007823,-0.00844327,0.00002432,0.31159770,-0.01651438,0.00018282,0.01147675,0.01783496,0.00000000,26.26696920,26.18713983,32.40473093,32.36251805,0.01338334,-0.76916994,1.52691090,0.00000000,-0.77297953,1.50050035,4.60177468,0.00000000
0.84000000,STAND,-0.00006042,-0.00676669,0.00007826,-0.00844424,0.00002426,0.31159972,-0.01651656,0.00018276,0.01147494,0.01783325,0.00000000,26.29167187,26.21168806,32.37476425,32.33242982,0.01336882,-0.76920867,1.52690560,0.00000000,-0.77297953,1.50050035,4.59678234,0.00000000
0.85000000,STAND,-0.00006045,-0.00674865,0.00007829,-0.00843851,0.00002424,0.31160248,-0.01651232,0.00018273,0.01146893,0.01783066,0.00000000,26.32047235,26.24028025,32.34042931,32.29791550,0.01335654,-0.76925447,1.52690158,0.00000000,-0.77297953,1.50050035,4.59080647,0.00000000
0.86000000,STAND,-0.00006053,-0.00672064,0.00007834,-0.00842659,0.00002423,0.31160590,-0.01650212,0.00018272,0.01145909,0.01782728,0.00000000,26.35270658,26.27226133,32.30245516,32.25971244,0.01334656,-0.76930627,1.52689880,0.00000000,-0.77297953,1.50050035,4.58398900,0.00000000
0.87000000,STAND,-0.00006065,-0.00668368,0.00007840,-0.00840903,0.00002424,0.31160988,-0.01648649,0.00018273,0.01144578,0.01782322,0.00000000,26.38771397,26.30697982,32.26157415,32.21856150,0.01333888,-0.76936299,1.52689720,0.00000000,-0.77297953,1.50050035,4.57647406,0.00000000
0.88000000,STAND,-0.00006081,-0.00663886,0.00007846,-0.00838645,0.00002428,0.31161434,-0.01646600,0.00018275,0.01142942,0.01781856,0.00000000,26.42484568,26.34379600,32.21851209,32.17519710,0.01333350,-0.76942356,1.52689671,0.00000000,-0.77297953,1.50050035,4.56840600,0.00000000
0.89000000,STAND,-0.00006101,-0.00658729,0.00007853,-0.00835947,0.00002433,0.31161919,-0.01644123,0.00018280,0.01141041,0.01781342,0.00000000,26.46347177,26.38208880,32.17397885,32.13033761,0.01333037,-0.76948693,1.52689727,0.00000000,-0.77297953,1.50050035,4.55992740,0.00000000
0.90000000,STAND,-0.00006123,-0.00653009,0.00007860,-0.00832873,0.00002440,0.31162432,-0.01641278,0.00018286,0.01138919,0.01780789,0.00000000,26.50298729,26.42126174,32.12865961,32.08467642,0.01332940,-0.76955209,1.52689878,0.00000000,-0.77297953,1.50050035,4.55117726,0.00000000
0.91000000,STAND,-0.00006147,-0.00646840,0.00007867,-0.00829488,0.00002448,0.31162965,-0.01638128,0.00018293,0.01136617,0.01780207,0.00000000,26.54281741,26.46074794,32.08320686,32.03887385,0.01333050,-0.76961805,1.52690117,0.00000000,-0.77297953,1.50050035,4.54228933,0.00000000
0.92000000,STAND,-0.00006173,-0.00640331,0.00007874,-0.00825857,0.00002456,0.31163510,-0.01634735,0.00018301,0.01134179,0.01779606,0.00000000,26.58242196,26.50001446,32.03823325,31.99354987,0.01333353,-0.76968390,1.52690435,0.00000000,-0.77297953,1.50050035,4.53339058,0.00000000
0.93000000,STAND,-0.00006199,-0.00633592,0.00007881,-0.00822045,0.00002466,0.31164058,-0.01631158,0.00018310,0.01131644,0.01778995,0.00000000,26.62129917,26.53856604,31.99430557,31.94927795,0.01333836,-0.76974878,1.52690823,0.00000000,-0.77297953,1.50050035,4.52459989,0.00000000
0.94000000,STAND,-0.00006225,-0.00626726,0.00007887,-0.00818114,0.00002476,0.31164601,-0.01627457,0.00018319,0.01129054,0.01778383,0.00000000,26.65898896,26.57594822,31.95193973,31.90658003,0.01334482,-0.76981189,1.52691273,0.00000000,-0.77297953,1.50050035,4.51602696,0.00000000
0.95000000,STAND,-0.00006251,-0.00619832,0.00007893,-0.00814124,0.00002486,0.31165131,-0.01623689,0.00018328,0.01126445,0.01777776,0.00000000,26.69507564,26.61175011,31.91159688,31.86592251,0.01335275,-0.76987253,1.52691773,0.00000000,-0.77297953,1.50050035,4.50777138,0.00000000
0.96000000,STAND,-0.00006276,-0.00613004,0.00007899,-0.00810130,0.00002496,0.31165643,-0.01619909,0.00018338,0.01123854,0.01777184,0.00000000,26.72919015,26.64560649,31.87368063,31.82771347,0.01336197,-0.76993006,1.52692316,0.00000000,-0.77297953,1.50050035,4.49992197,0.00000000
0.97000000,STAND,-0.00006300,-0.00606328,0.00007903,-0.00806187,0.00002506,0.31166130,-0.01616167,0.00018347,0.01121314,0.01776613,0.00000000,26.76101172,26.67719956,31.83853534,31.79230093,0.01337228,-0.76998392,1.52692892,0.00000000,-0.77297953,1.50050035,4.49255626,0.00000000
0.98000000,STAND,-0.00006322,-0.00599881,0.00007907,-0.00802343,0.00002515,0.31166587,-0.01612511,0.00018356,0.01118855,0.01776069,0.00000000,26.79026908,26.70626012,31.80644542,31.75997216,0.01338350,-0.77003363,1.52693491,0.00000000,-0.77297953,1.50050035,4.48574020,0.00000000
0.99000000,STAND,-0.00006342,-0.00593735,0.00007910,-0.00798643,0.00002524,0.31167011,-0.01608982,0.00018365,0.01116504,0.01775557,0.00000000,26.81674101,26.73256817,31.77763556,31.73095390,0.01339543,-0.77007882,1.52694104,0.00000000,-0.77297953,1.50050035,4.47952808,0.00000000
1.00000000,STAND,-0.00006359,-0.00587951,0.00007912,-0.00795125,0.00002532,0.31167397,-0.01605620,0.00018373,0.01114286,0.01775081,0.00000000,26.84025634,26.75595296,31.75227181,31.70541349,0.01340788,-0.77011918,1.52694722,0.00000000,-0.77297953,1.50050035,4.47396258,0.00000000
1.01000000,STAND,-0.00006375,-0.00582582,0.00007913,-0.00791826,0.00002540,0.31167742,-0.01602458,0.00018380,0.01112220,0.01774647,0.00000000,26.86069339,26.77629250,31.73046335,31.68346069,0.01342068,-0.77015450,1.52695336,0.00000000,-0.77297953,1.50050035,4.46907496,0.00000000
1.02000000,STAND,-0.00006388,-0.00577672,0.00007914,-0.00788774,0.00002547,0.31168045,-0.01599525,0.00018387,0.01110325,0.01774257,0.00000000,26.87797869,26.79351236,31.71226501,31.66515021,0.01343365,-0.77018462,1.52695939,0.00000000,-0.77297953,1.50050035,4.46488547,0.00000000
1.03000000,STAND,-0.00006399,-0.00573256,0.00007913,-0.00785993,0.00002553,0.31168305,-0.01596845,0.00018393,0.01108615,0.01773912,0.00000000,26.89208527,26.80758402,31.69768026,31.65048480,0.01344660,-0.77020950,1.52696522,0.00000000,-0.77297953,1.50050035,4.46140378,0.00000000
1.04000000,STAND,-0.00006407,-0.00569361,0.00007912,-0.00783503,0.00002557,0.31168521,-0.01594436,0.00018397,0.01107100,0.01773616,0.00000000,26.90303024,26.81852255,31.68666467,31.63941876,0.01345939,-0.77022915,1.52697080,0.00000000,-0.77297953,1.50050035,4.45862957,0.00000000
1.05000000,STAND,-0.00006412,-0.00566004,0.00007910,-0.00781318,0.00002561,0.31168692,-0.01592314,0.00018401,0.01105787,0.01773368,0.00000000,26.91087201,26.82638391,31.67912975,31.63186188,0.01347186,-0.77024364,1.52697607,0.00000000,-0.77297953,1.50050035,4.45655324,0.00000000
1.06000000,STAND,-0.00006416,-0.00563195,0.00007908,-0.00779446,0.00002565,0.31168820,-0.01590487,0.00018405,0.01104681,0.01773170,0.00000000,26.91570691,26.83126168,31.67494708,31.62768363,0.01348389,-0.77025312,1.52698096,0.00000000,-0.77297953,1.50050035,4.45515661,0.00000000
1.07000000,STAND,-0.00006417,-0.00560935,0.00007905,-0.00777893,0.00002567,0.31168905,-0.01588960,0.00018407,0.01103783,0.01773019,0.00000000,26.91766560,26.83328353,31.67395270,31.62671758,0.01349535,-0.77025780,1.52698544,0.00000000,-0.77297953,1.50050035,4.45441376,0.00000000
1.08000000,STAND,-0.00006416,-0.00559218,0.00007902,-0.00776658,0.00002568,0.31168950,-0.01587735,0.00018408,0.01103092,0.01772916,0.00000000,26.91690906,26.83260730,31.67595153,31.62876600,0.01350613,-0.77025791,1.52698948,0.00000000,-0.77297953,1.50050035,4.45429183,0.00000000
1.09000000,STAND,-0.00006413,-0.00558033,0.00007898,-0.00775736,0.00002568,0.31168956,-0.01586807,0.00018409,0.01102602,0.01772858,0.00000000,26.91362447,26.82941697,31.68072202,31.63360449,0.01351614,-0.77025375,1.52699305,0.00000000,-0.77297953,1.50050035,4.45475198,0.00000000
1.10000000,STAND,-0.00006409,-0.00557359,0.00007894,-0.00775120,0.00002568,0.31168926,-0.01586170,0.00018409,0.01102307,0.01772844,0.00000000,26.90802088,26.82391840,31.68802069,31.64098666,0.01352531,-0.77024567,1.52699612,0.00000000,-0.77297953,1.50050035,4.45575021,0.00000000
1.11000000,STAND,-0.00006404,-0.00557172,0.00007890,-0.00774797,0.00002567,0.31168862,-0.01585813,0.00018408,0.01102200,0.01772871,0.00000000,26.90032492,26.81633510,31.69758676,31.65064878,0.01353359,-0.77023402,1.52699870,0.00000000,-0.77297953,1.50050035,4.45723830,0.00000000
1.12000000,STAND,-0.00006397,-0.00557443,0.00007886,-0.00774753,0.00002566,0.31168767,-0.01585722,0.00018407,0.01102267,0.01772935,0.00000000,26.89077650,26.80690398,31.70914664,31.66231432,0.01354091,-0.77021918,1.52700078,0.00000000,-0.77297953,1.50050035,4.45916475,0.00000000
1.13000000,STAND,-0.00006389,-0.00558139,0.00007882,-0.00774970,0.00002564,0.31168646,-0.01585882,0.00018405,0.01102499,0.01773034,0.00000000,26.87962459,26.79587121,31.72241828,31.67569843,0.01354726,-0.77020157,1.52700236,0.00000000,-0.77297953,1.50050035,4.46147559,0.00000000
1.14000000,STAND,-0.00006381,-0.00559223,0.00007878,-0.00775428,0.00002561,0.31168500,-0.01586273,0.00018403,0.01102880,0.01773163,0.00000000,26.86712323,26.78348824,31.73711540,31.69051212,0.01355263,-0.77018160,1.52700345,0.00000000,-0.77297953,1.50050035,4.46411530,0.00000000
1.15000000,STAND,-0.00006372,-0.00560655,0.00007874,-0.00776106,0.00002558,0.31168333,-0.01586876,0.00018400,0.01103396,0.01773320,0.00000000,26.85352770,26.77000802,31.75295148,31.70646638,0.01355700,-0.77015968,1.52700408,0.00000000,-0.77297953,1.50050035,4.46702764,0.00000000
1.16000000,STAND,-0.00006363,-0.00562393,0.00007870,-0.00776980,0.00002555,0.31168149,-0.01587669,0.00018397,0.01104032,0.01773500,0.00000000,26.83909094,26.75568146,31.76964354,31.72327590,0.01356039,-0.77013623,1.52700427,0.00000000,-0.77297953,1.50050035,4.47015639,0.00000000
1.17000000,STAND,-0.00006354,-0.00564394,0.00007867,-0.00778026,0.00002552,0.31167951,-0.01588629,0.00018394,0.01104771,0.01773700,0.00000000,26.82406034,26.74075418,31.78691555,31.74066260,0.01356283,-0.77011167,1.52700403,0.00000000,-0.77297953,1.50050035,4.47344614,0.00000000
1.18000000,STAND,-0.00006345,-0.00566615,0.00007864,-0.00779218,0.00002548,0.31167743,-0.01589732,0.00018391,0.01105596,0.01773915,0.00000000,26.80867470,26.72546356,31.80450170,31.75835884,0.01356435,-0.77008639,1.52700341,0.00000000,-0.77297953,1.50050035,4.47684290,0.00000000
1.19000000,STAND,-0.00006336,-0.00569012,0.00007861,-0.00780532,0.00002545,0.31167528,-0.01590955,0.00018388,0.01106492,0.01774141,0.00000000,26.79316170,26.71003612,31.82214916,31.77611024,0.01356499,-0.77006078,1.52700244,0.00000000,-0.77297953,1.50050035,4.48029482,0.00000000
1.20000000,STAND,-0.00006328,-0.00571542,0.00007859,-0.00781942,0.00002542,0.31167309,-0.01592273,0.00018385,0.01107441,0.01774375,0.00000000,26.77773551,26.69468522,31.83962063,31.79367822,0.01356481,-0.77003519,1.52700115,0.00000000,-0.77297953,1.50050035,4.48375264,0.00000000
1.21000000,STAND,-0.00006320,-0.00574162,0.00007857,-0.00783423,0.00002538,0.31167090,-0.01593662,0.00018382,0.01108428,0.01774614,0.00000000,26.76259496,26.67960914,31.85669645,31.81084208,0.01356386,-0.77000996,1.52699957,0.00000000,-0.77297953,1.50050035,4.48717024,0.00000000
1.22000000,STAND,-0.00006313,-0.00576833,0.00007855,-0.00784951,0.00002535,0.31166872,-0.01595101,0.00018379,0.01109437,0.01774853,0.00000000,26.74792184,26.66498941,31.87317641,31.82740087,0.01356222,-0.76998541,1.52699776,0.00000000,-0.77297953,1.50050035,4.49050499,0.00000000
1.23000000,STAND,-0.00006307,-0.00579514,0.00007854,-0.00786502,0.00002532,0.31166660,-0.01596565,0.00018376,0.01110453,0.01775090,0.00000000,26.73387971,26.65098957,31.88888112,31.84317466,0.01355995,-0.76996182,1.52699575,0.00000000,-0.77297953,1.50050035,4.49371815,0.00000000
1.24000000,STAND,-0.00006301,-0.00582171,0.00007854,-0.00788055,0.00002530,0.31166455,-0.01598035,0.00018373,0.01111463,0.01775322,0.00000000,26.72061293,26.63775421,31.90365306,31.85800566,0.01355713,-0.76993943,1.52699357,0.00000000,-0.77297953,1.50050035,4.49677511,0.00000000
1.25000000,STAND,-0.00006296,-0.00584770,0.00007853,-0.00789589,0.00002527,0.31166259,-0.01599491,0.00018371,0.01112454,0.01775545,0.00000000,26.70824605,26.62540831,31.91735729,31.87175887,0.01355383,-0.76991846,1.52699127,0.00000000,-0.77297953,1.50050035,4.49964556,0.00000000
1.26000000,STAND,-0.00006292,-0.00587280,0.00007854,-0.00791085,0.00002525,0.31166076,-0.01600913,0.00018369,0.01113413,0.01775758,0.00000000,26.69688353,26.61405691,31.92988172,31.88432234,0.01355013,-0.76989911,1.52698889,0.00000000,-0.77297953,1.50050035,4.50230362,0.00000000
1.27000000,STAND,-0.00006288,-0.00589673,0.00007854,-0.00792525,0.00002523,0.31165905,-0.01602287,0.00018367,0.01114330,0.01775958,0.00000000,26.68660965,26.60378503,31.94113723,31.89560722,0.01354610,-0.76988151,1.52698646,0.00000000,-0.77297953,1.50050035,4.50472795,0.00000000
1.28000000,STAND,-0.00006286,-0.00591927,0.00007855,-0.00793894,0.00002522,0.31165749,-0.01603596,0.00018366,0.01115196,0.01776144,0.00000000,26.67748878,26.59465792,31.95105725,31.90554743,0.01354183,-0.76986579,1.52698401,0.00000000,-0.77297953,1.50050035,4.50690164,0.00000000
1.29000000,STAND,-0.00006284,-0.00594019,0.00007856,-0.00795179,0.00002520,0.31165608,-0.01604827,0.00018364,0.01116002,0.01776313,0.00000000,26.66956584,26.58672143,31.95959728,31.91409902,0.01353739,-0.76985204,1.52698158,0.00000000,-0.77297953,1.50050035,4.50881225,0.00000000
1.30000000,STAND,-0.00006283,-0.00595933,0.00007857,-0.00796368,0.00002519,0.31165484,-0.01605969,0.00018363,0.01116742,0.01776466,0.00000000,26.66286701,26.58000275,31.96673399,31.92123935,0.01353285,-0.76984030,1.52697921,0.00000000,-0.77297953,1.50050035,4.51045162,0.00000000
1.31000000,STAND,-0.00006282,-0.00597655,0.00007859,-0.00797451,0.00002519,0.31165378,-0.01607014,0.00018362,0.01117411,0.01776600,0.00000000,26.65740060,26.57451121,31.97246419,31.92696598,0.01352828,-0.76983061,1.52697691,0.00000000,-0.77297953,1.50050035,4.51181569,0.00000000
1.32000000,STAND,-0.00006282,-0.00599175,0.00007860,-0.00798422,0.00002518,0.31165288,-0.01607952,0.00018362,0.01118003,0.01776716,0.00000000,26.65315813,26.57023939,31.97680355,31.93129538,0.01352374,-0.76982295,1.52697472,0.00000000,-0.77297953,1.50050035,4.51290436,0.00000000
1.33000000,STAND,-0.00006283,-0.00600486,0.00007862,-0.00799274,0.00002518,0.31165216,-0.01608780,0.00018361,0.01118517,0.01776812,0.00000000,26.65011555,26.56716424,31.97978515,31.93426149,0.01351929,-0.76981729,1.52697266,0.00000000,-0.77297953,1.50050035,4.51372115,0.00000000
1.34000000,STAND,-0.00006284,-0.00601584,0.00007864,-0.00800005,0.00002518,0.31165162,-0.01609493,0.00018361,0.01118950,0.01776890,0.00000000,26.64823455,26.56524846,31.98145792,31.93591409,0.01351499,-0.76981359,1.52697074,0.00000000,-0.77297953,1.50050035,4.51427296,0.00000000
1.35000000,STAND,-0.00006286,-0.00602469,0.00007866,-0.00800612,0.00002518,0.31165124,-0.01610090,0.00018361,0.01119302,0.01776949,0.00000000,26.64746402,26.56444185,31.98188498,31.93631714,0.01351088,-0.76981176,1.52696898,0.00000000,-0.77297953,1.50050035,4.51456977,0.00000000
1.36000000,STAND,-0.00006287,-0.00603143,0.00007868,-0.00801095,0.00002518,0.31165102,-0.01610569,0.00018362,0.01119574,0.01776989,0.00000000,26.64774155,26.56468289,31.98114183,31.93554697,0.01350701,-0.76981170,1.52696739,0.00000000,-0.77297953,1.50050035,4.51462427,0.00000000
1.37000000,STAND,-0.00006289,-0.00603610,0.00007870,-0.00801457,0.00002519,0.31165096,-0.01610932,0.00018362,0.01119768,0.01777012,0.00000000,26.64899499,26.56590019,31.97931457,31.93369047,0.01350341,-0.76981329,1.52696599,0.00000000,-0.77297953,1.50050035,4.51445153,0.00000000
1.38000000,STAND,-0.00006292,-0.00603878,0.00007872,-0.00801699,0.00002519,0.31165104,-0.01611183,0.00018363,0.01119885,0.01777018,0.00000000,26.65114403,26.56801414,31.97649804,31.93084324,0.01350012,-0.76981642,1.52696478,0.00000000,-0.77297953,1.50050035,4.51406866,0.00000000
1.39000000,STAND,-0.00006294,-0.00603957,0.00007873,-0.00801828,0.00002520,0.31165126,-0.01611325,0.00018363,0.01119929,0.01777008,0.00000000,26.65410179,26.57093847,31.97279404,31.92710776,0.01349715,-0.76982094,1.52696376,0.00000000,-0.77297953,1.50050035,4.51349443,0.00000000
1.40000000,STAND,-0.00006297,-0.00603857,0.00007875,-0.00801848,0.00002521,0.31165160,-0.01611363,0.00018364,0.01119905,0.01776983,0.00000000,26.65777638,26.57458180,31.96830946,31.92259155,0.01349454,-0.76982669,1.52696294,0.00000000,-0.77297953,1.50050035,4.51274892,0.00000000
1.41000000,STAND,-0.00006299,-0.00603592,0.00007876,-0.00801766,0.00002522,0.31165205,-0.01611304,0.00018365,0.01119817,0.01776945,0.00000000,26.66207245,26.57884918,31.96315458,31.91740546,0.01349229,-0.76983352,1.52696231,0.00000000,-0.77297953,1.50050035,4.51185317,0.00000000
1.42000000,STAND,-0.00006302,-0.00603176,0.00007878,-0.00801591,0.00002523,0.31165260,-0.01611154,0.00018366,0.01119671,0.01776895,0.00000000,26.66689268,26.58364359,31.95744137,31.91166192,0.01349040,-0.76984127,1.52696187,0.00000000,-0.77297953,1.50050035,4.51082884,0.00000000
1.43000000,STAND,-0.00006304,-0.00602624,0.00007879,-0.00801330,0.00002524,0.31165323,-0.01610922,0.00018366,0.01119472,0.01776834,0.00000000,26.67213916,26.58886735,31.95128188,31.90547342,0.01348888,-0.76984978,1.52696162,0.00000000,-0.77297953,1.50050035,4.50969788,0.00000000
1.44000000,STAND,-0.00006306,-0.00601953,0.00007880,-0.00800993,0.00002524,0.31165393,-0.01610616,0.00018367,0.01119227,0.01776765,0.00000000,26.67771473,26.59442343,31.94478677,31.89895095,0.01348773,-0.76985888,1.52696154,0.00000000,-0.77297953,1.50050035,4.50848220,0.00000000
1.45000000,STAND,-0.00006308,-0.00601179,0.00007881,-0.00800588,0.00002525,0.31165468,-0.01610245,0.00018368,0.01118941,0.01776687,0.00000000,26.68352423,26.60021671,31.93806392,31.89220267,0.01348694,-0.76986842,1.52696162,0.00000000,-0.77297953,1.50050035,4.50720344,0.00000000
1.46000000,STAND,-0.00006310,-0.00600319,0.00007881,-0.00800126,0.00002526,0.31165548,-0.01609818,0.00018369,0.01118621,0.01776604,0.00000000,26.68947560,26.60615511,31.93121720,31.88533265,0.01348649,-0.76987824,1.52696185,0.00000000,-0.77297953,1.50050035,4.50588262,0.00000000
1.47000000,STAND,-0.00006312,-0.00599390,0.00007882,-0.00799617,0.00002527,0.31165631,-0.01609344,0.00018370,0.01118274,0.01776516,0.00000000,26.69548091,26.61215060,31.92434533,31.87843975,0.01348637,-0.76988820,1.52696223,0.00000000,-0.77297953,1.50050035,4.50453999,0.00000000
1.48000000,STAND,-0.00006314,-0.00598408,0.00007882,-0.00799071,0.00002528,0.31165715,-0.01608833,0.00018370,0.01117905,0.01776425,0.00000000,26.70145724,26.61812011,31.91754094,31.87161668,0.01348657,-0.76989815,1.52696273,0.00000000,-0.77297953,1.50050035,4.50319474,0.00000000
1.49000000,STAND,-0.00006315,-0.00597392,0.00007882,-0.00798496,0.00002528,0.31165799,-0.01608294,0.00018371,0.01117522,0.01776333,0.00000000,26.70732746,26.62398631,31.91088971,31.86494916,0.01348705,-0.76990795,1.52696334,0.00000000,-0.77297953,1.50050035,4.50186484,0.00000000
1.50000000,STAND,-0.00006316,-0.00596355,0.00007882,-0.00797903,0.00002529,0.31165883,-0.01607736,0.00018371,0.01117130,0.01776239,0.00000000,26.71302084,26.62967824,31.90446970,31.85851523,0.01348779,-0.76991750,1.52696405,0.00000000,-0.77297953,1.50050035,4.50056689,0.00000000
1.51000000,STAND,-0.00006317,-0.00595313,0.00007882,-0.00797301,0.00002529,0.31165964,-0.01607167,0.00018372,0.01116735,0.01776147,-0.00000083,26.71847363,26.63513189,31.89835083,31.85238474,0.01348877,-0.76992668,1.52696483,0.00000000,-0.77297953,1.50050035,4.49931600,0.00000000
1.52000000,STAND,-0.00006318,-0.00594281,0.00007882,-0.00796697,0.00002530,0.31166043,-0.01606596,0.00018372,0.01116342,0.01776057,-0.00000173,26.72362940,26.64029052,31.89259445,31.84661897,0.01348996,-0.76993540,1.52696568,0.00000000,-0.77297953,1.50050035,4.49812566,0.00000000
1.53000000,STAND,-0.00006319,-0.00593271,0.00007881,-0.00796101,0.00002530,0.31166118,-0.01606031,0.00018373,0.01115957,0.01775970,-0.00000260,26.72843930,26.64510502,31.88725314,31.84127035,0.01349133,-0.76994356,1.52696658,0.00000000,-0.77297953,1.50050035,4.49700766,0.00000000
1.54000000,STAND,-0.00006319,-0.00592295,0.00007881,-0.00795520,0.00002531,0.31166189,-0.01605478,0.00018373,0.01115584,0.01775887,-0.00000343,26.73286226,26.64953401,31.88237054,31.83638239,0.01349285,-0.76995110,1.52696751,0.00000000,-0.77297953,1.50050035,4.49597210,0.00000000
1.55000000,STAND,-0.00006320,-0.00591363,0.00007880,-0.00794960,0.00002531,0.31166255,-0.01604944,0.00018374,0.01115227,0.01775809,-0.00000421,26.73686501,26.65354390,31.87798135,31.83198964,0.01349449,-0.76995796,1.52696846,0.00000000,-0.77297953,1.50050035,4.49502730,0.00000000
1.56000000,STAND,-0.00006320,-0.00590487,0.00007880,-0.00794427,0.00002531,0.31166315,-0.01604434,0.00018374,0.01114890,0.01775737,-0.00000493,26.74042199,26.65710886,31.87411151,31.82811787,0.01349623,-0.76996409,1.52696942,0.00000000,-0.77297953,1.50050035,4.49417984,0.00000000
1.57000000,STAND,-0.00006320,-0.00589672,0.00007879,-0.00793927,0.00002531,0.31166368,-0.01603955,0.00018374,0.01114576,0.01775671,-0.00000559,26.74351520,26.66021063,31.87077837,31.82478424,0.01349802,-0.76996946,1.52697036,0.00000000,-0.77297953,1.50050035,4.49343460,0.00000000
1.58000000,STAND,-0.00006320,-0.00588927,0.00007878,-0.00793464,0.00002531,0.31166416,-0.01603510,0.00018374,0.01114288,0.01775611,-0.00000619,26.74613396,26.66283827,31.86799106,31.82199772,0.01349986,-0.76997404,1.52697129,0.00000000,-0.77297953,1.50050035,4.49279478,0.00000000
1.59000000,STAND,-0.00006319,-0.00588256,0.00007878,-0.00793042,0.00002531,0.31166457,-0.01603104,0.00018374,0.01114028,0.01775559,-0.00000671,26.74827458,26.66498784,31.86575087,31.81975942,0.01350170,-0.76997783,1.52697218,0.00000000,-0.77297953,1.50050035,4.49226197,0.00000000
1.60000000,STAND,-0.00006319,-0.00587663,0.00007877,-0.00792663,0.00002531,0.31166491,-0.01602738,0.00018374,0.01113797,0.01775514,-0.00000717,26.74993990,26.66666200,31.86405179,31.81806316,0.01350352,-0.76998083,1.52697304,0.00000000,-0.77297953,1.50050035,4.49183623,0.00000000
1.61000000,STAND,-0.00006319,-0.00587152,0.00007876,-0.00792331,0.00002531,0.31166518,-0.01602415,0.00018374,0.01113596,0.01775476,-0.00000754,26.75113891,26.66786955,31.86288102,31.81689597,0.01350531,-0.76998305,1.52697384,0.00000000,-0.77297953,1.50050035,4.49151624,0.00000000
1.62000000,STAND,-0.00006318,-0.00586723,0.00007875,-0.00792046,0.00002531,0.31166539,-0.01602137,0.00018374,0.01113427,0.01775445,-0.00000785,26.75188615,26.66862488,31.86221961,31.81623876,0.01350704,-0.76998451,1.52697459,0.00000000,-0.77297953,1.50050035,4.49129931,0.00000000
1.63000000,STAND,-0.00006318,-0.00586377,0.00007875,-0.00791809,0.00002531,0.31166553,-0.01601904,0.00018374,0.01113290,0.01775422,-0.00000808,26.75220122,26.66894748,31.86204309,31.81606694,0.01350869,-0.76998525,1.52697527,0.00000000,-0.77297953,1.50050035,4.49118161,0.00000000
1.64000000,STAND,-0.00006318,-0.00586113,0.00007874,-0.00791620,0.00002531,0.31166561,-0.01601716,0.00018374,0.01113183,0.01775406,-0.00000824,26.75210814,26.66886128,31.86232220,31.81635108,0.01351024,-0.76998529,1.52697589,0.00000000,-0.77297953,1.50050035,4.49115823,0.00000000
1.65000000,STAND,-0.00006317,-0.00585930,0.00007873,-0.00791478,0.00002531,0.31166563,-0.01601574,0.00018374,0.01113108,0.01775397,-0.00000833,26.75163479,26.66839407,31.86302351,31.81705768,0.01351169,-0.76998469,1.52697643,0.00000000,-0.77297953,1.50050035,4.49122331,0.00000000
1.66000000,STAND,-0.00006317,-0.00585824,0.00007873,-0.00791383,0.00002531,0.31166560,-0.01601475,0.00018374,0.01113062,0.01775395,-0.00000835,26.75081225,26.66757690,31.86411022,31.81814982,0.01351301,-0.76998349,1.52697690,0.00000000,-0.77297953,1.50050035,4.49137022,0.00000000
1.67000000,STAND,-0.00006316,-0.00585791,0.00007872,-0.00791332,0.00002531,0.31166551,-0.01601419,0.00018374,0.01113044,0.01775399,-0.00000831,26.74967418,26.66644344,31.86554281,31.81958790,0.01351421,-0.76998175,1.52697729,0.00000000,-0.77297953,1.50050035,4.49159170,0.00000000
1.68000000,STAND,-0.00006316,-0.00585828,0.00007872,-0.00791323,0.00002531,0.31166538,-0.01601403,0.00018374,0.01113053,0.01775408,-0.00000822,26.74825625,26.66502933,31.86727976,31.82133033,0.01351527,-0.76997953,1.52697761,0.00000000,-0.77297953,1.50050035,4.49187993,0.00000000
1.69000000,STAND,-0.00006315,-0.00585930,0.00007871,-0.00791353,0.00002531,0.31166520,-0.01601425,0.00018373,0.01113086,0.01775423,-0.00000807,26.74659549,26.66337162,31.86927822,31.82333421,0.01351618,-0.76997689,1.52697785,0.00000000,-0.77297953,1.50050035,4.49222676,0.00000000
1.70000000,STAND,-0.00006315,-0.00586090,0.00007871,-0.00791421,0.00002530,0.31166499,-0.01601483,0.00018373,0.01113143,0.01775442,-0.00000788,26.74472973,26.66150819,31.87149469,31.82555597,0.01351695,-0.76997388,1.52697801,0.00000000,-0.77297953,1.50050035,4.49262376,0.00000000
1.71000000,STAND,-0.00006315,-0.00586303,0.00007871,-0.00791521,0.00002530,0.31166474,-0.01601572,0.00018373,0.01113220,0.01775466,-0.00000764,26.74269703,26.65947716,31.87388560,31.82795201,0.01351757,-0.76997058,1.52697811,0.00000000,-0.77297953,1.50050035,4.49306242,0.00000000
1.72000000,STAND,-0.00006314,-0.00586563,0.00007871,-0.00791651,0.00002530,0.31166447,-0.01601690,0.00018373,0.01113315,0.01775493,-0.00000737,26.74053519,26.65731637,31.87640792,31.83047928,0.01351805,-0.76996705,1.52697814,0.00000000,-0.77297953,1.50050035,4.49353420,0.00000000
1.73000000,STAND,-0.00006314,-0.00586863,0.00007871,-0.00791808,0.00002530,0.31166417,-0.01601834,0.00018373,0.01113426,0.01775523,-0.00000707,26.73828124,26.65506293,31.87901968,31.83309578,0.01351839,-0.76996335,1.52697810,0.00000000,-0.77297953,1.50050035,4.49403070,0.00000000
1.74000000,STAND,-0.00006314,-0.00587196,0.00007870,-0.00791987,0.00002530,0.31166386,-0.01601999,0.00018373,0.01113550,0.01775555,-0.00000675,26.73597102,26.65275275,31.88168047,31.83576109,0.01351859,-0.76995954,1.52697801,0.00000000,-0.77297953,1.50050035,4.49454373,0.00000000
1.75000000,STAND,-0.00006313,-0.00587557,0.00007870,-0.00792184,0.00002530,0.31166354,-0.01602183,0.00018373,0.01113685,0.01775590,-0.00000641,26.73363876,26.65042013,31.88435185,31.83843676,0.01351867,-0.76995567,1.52697786,0.00000000,-0.77297953,1.50050035,4.49506543,0.00000000
1.76000000,STAND,-0.00006313,-0.00587938,0.00007870,-0.00792396,0.00002530,0.31166321,-0.01602381,0.00018373,0.01113828,0.01775625,-0.00000605,26.73131676,26.64809744,31.88699778,31.84108672,0.01351862,-0.76995180,1.52697766,0.00000000,-0.77297953,1.50050035,4.49558831,0.00000000
1.77000000,STAND,-0.00006313,-0.00588332,0.00007871,-0.00792619,0.00002530,0.31166288,-0.01602590,0.00018372,0.01113977,0.01775661,-0.00000569,26.72903505,26.64581480,31.88958485,31.84367761,0.01351845,-0.76994799,1.52697743,0.00000000,-0.77297953,1.50050035,4.49610539,0.00000000
1.78000000,STAND,-0.00006313,-0.00588735,0.00007871,-0.00792850,0.00002529,0.31166256,-0.01602807,0.00018372,0.01114129,0.01775697,-0.00000533,26.72682120,26.64359984,31.89208267,31.84617898,0.01351818,-0.76994428,1.52697715,0.00000000,-0.77297953,1.50050035,4.49661019,0.00000000
1.79000000,STAND,-0.00006312,-0.00589140,0.00007871,-0.00793084,0.00002529,0.31166224,-0.01603028,0.00018372,0.01114283,0.01775733,-0.00000497,26.72470006,26.64147747,31.89446397,31.84856360,0.01351782,-0.76994071,1.52697684,0.00000000,-0.77297953,1.50050035,4.49709683,0.00000000
1.80000000,STAND,-0.00006312,-0.00589541,0.00007871,-0.00793318,0.00002529,0.31166193,-0.01603250,0.00018372,0.01114435,0.01775768,-0.00000462,26.72269364,26.63946976,31.89670481,31.85080752,0.01351738,-0.76993732,1.52697651,0.00000000,-0.77297953,1.50050035,4.49756005,0.00000000
1.81000000,STAND,-0.00006312,-0.00589934,0.00007871,-0.00793550,0.00002529,0.31166164,-0.01603470,0.00018372,0.01114585,0.01775802,-0.00000428,26.72082098,26.63759580,31.89878469,31.85289024,0.01351686,-0.76993414,1.52697616,0.00000000,-0.77297953,1.50050035,4.49799524,0.00000000
1.82000000,STAND,-0.00006312,-0.00590314,0.00007871,-0.00793776,0.00002529,0.31166136,-0.01603685,0.00018372,0.01114730,0.01775834,-0.00000396,26.71909812,26.63587169,31.90068656,31.85479472,0.01351628,-0.76993120,1.52697580,0.00000000,-0.77297953,1.50050035,4.49839848,0.00000000
1.83000000,STAND,-0.00006312,-0.00590676,0.00007872,-0.00793994,0.00002529,0.31166110,-0.01603892,0.00018372,0.01114869,0.01775865,-0.00000366,26.71753808,26.63431047,31.90239685,31.85650738,0.01351566,-0.76992853,1.52697543,0.00000000,-0.77297953,1.50050035,4.49876650,0.00000000
1.84000000,STAND,-0.00006312,-0.00591017,0.00007872,-0.00794201,0.00002529,0.31166087,-0.01604090,0.00018372,0.01115000,0.01775893,-0.00000337,26.71615086,26.63292218,31.90390540,31.85801808,0.01351500,-0.76992614,1.52697506,0.00000000,-0.77297953,1.50050035,4.49909673,0.00000000
1.85000000,STAND,-0.00006312,-0.00591334,0.00007872,-0.00794396,0.00002529,0.31166066,-0.01604277,0.00018372,0.01115123,0.01775919,-0.00000312,26.71494354,26.63171391,31.90520541,31.85931999,0.01351431,-0.76992405,1.52697469,0.00000000,-0.77297953,1.50050035,4.49938727,0.00000000
1.86000000,STAND,-0.00006312,-0.00591625,0.00007872,-0.00794576,0.00002529,0.31166047,-0.01604450,0.00018372,0.01115235,0.01775942,-0.00000288,26.71392034,26.63068990,31.90629325,31.86040951,0.01351361,-0.76992226,1.52697434,0.00000000,-0.77297953,1.50050035,4.49963686,0.00000000
1.87000000,STAND,-0.00006312,-0.00591886,0.00007873,-0.00794740,0.00002529,0.31166031,-0.01604609,0.00018372,0.01115336,0.01775962,-0.00000268,26.71308279,26.62985168,31.90716837,31.86128608,0.01351290,-0.76992078,1.52697399,0.00000000,-0.77297953,1.50050035,4.49984486,0.00000000
1.88000000,STAND,-0.00006311,-0.00592117,0.00007873,-0.00794888,0.00002529,0.31166018,-0.01604751,0.00018372,0.01115426,0.01775980,-0.00000250,26.71242985,26.62919822,31.90783307,31.86195198,0.01351220,-0.76991961,1.52697366,0.00000000,-0.77297953,1.50050035,4.50001123,0.00000000
1.89000000,STAND,-0.00006311,-0.00592317,0.00007873,-0.00795018,0.00002529,0.31166007,-0.01604877,0.00018372,0.01115504,0.01775995,-0.00000236,26.71195812,26.62872611,31.90829226,31.86241215,0.01351151,-0.76991874,1.52697335,0.00000000,-0.77297953,1.50050035,4.50013649,0.00000000
1.90000000,STAND,-0.00006311,-0.00592484,0.00007873,-0.00795129,0.00002529,0.31165999,-0.01604986,0.00018371,0.01115570,0.01776006,-0.00000224,26.71166201,26.62842976,31.90855327,31.86267390,0.01351085,-0.76991816,1.52697306,0.00000000,-0.77297953,1.50050035,4.50022167,0.00000000
1.91000000,STAND,-0.00006311,-0.00592620,0.00007873,-0.00795221,0.00002529,0.31165993,-0.01605077,0.00018371,0.01115624,0.01776015,-0.00000215,26.71153400,26.62830162,31.90862559,31.86274673,0.01351021,-0.76991787,1.52697279,0.00000000,-0.77297953,1.50050035,4.50026824,0.00000000
1.92000000,STAND,-0.00006311,-0.00592723,0.00007874,-0.00795295,0.00002529,0.31165990,-0.01605150,0.00018371,0.01115666,0.01776022,-0.00000209,26.71156481,26.62833240,31.90852057,31.86264198,0.01350961,-0.76991785,1.52697255,0.00000000,-0.77297953,1.50050035,4.50027811,0.00000000
1.93000000,STAND,-0.00006311,-0.00592795,0.00007874,-0.00795351,0.00002528,0.31165989,-0.01605206,0.00018371,0.01115695,0.01776025,-0.00000205,26.71174368,26.62851133,31.90825117,31.86237262,0.01350905,-0.76991808,1.52697234,0.00000000,-0.77297953,1.50050035,4.50025356,0.00000000
1.94000000,STAND,-0.00006311,-0.00592837,0.00007874,-0.00795389,0.00002528,0.31165990,-0.01605244,0.00018371,0.01115714,0.01776026,-0.00000204,26.71205860,26.62882636,31.90783169,31.86195296,0.01350854,-0.76991854,1.52697216,0.00000000,-0.77297953,1.50050035,4.50019713,0.00000000
1.95000000,STAND,-0.00006311,-0.00592851,0.00007874,-0.00795409,0.00002528,0.31165993,-0.01605267,0.00018371,0.01115721,0.01776025,-0.00000205,26.71249652,26.62926444,31.90727748,31.86139835,0.01350808,-0.76991921,1.52697201,0.00000000,-0.77297953,1.50050035,4.50011168,0.00000000
1.96000000,STAND,-0.00006311,-0.00592837,0.00007874,-0.00795413,0.00002528,0.31165998,-0.01605273,0.00018371,0.01115718,0.01776021,-0.00000209,26.71304363,26.62981174,31.90660467,31.86072493,0.01350767,-0.76992006,1.52697189,0.00000000,-0.77297953,1.50050035,4.50000021,0.00000000
1.97000000,STAND,-0.00006311,-0.00592798,0.00007874,-0.00795401,0.00002528,0.31166005,-0.01605265,0.00018371,0.01115705,0.01776015,-0.00000215,26.71368559,26.63045388,31.90582991,31.85994935,0.01350732,-0.76992109,1.52697179,0.00000000,-0.77297953,1.50050035,4.49986590,0.00000000
1.98000000,STAND,-0.00006311,-0.00592736,0.00007874,-0.00795375,0.00002528,0.31166013,-0.01605243,0.00018371,0.01115683,0.01776008,-0.00000222,26.71440772,26.63117618,31.90497011,31.85908855,0.01350702,-0.76992225,1.52697173,0.00000000,-0.77297953,1.50050035,4.49971203,0.00000000
1.99000000,STAND,-0.00006311,-0.00592654,0.00007874,-0.00795337,0.00002528,0.31166023,-0.01605209,0.00018371,0.01115653,0.01775999,-0.00000231,26.71519523,26.63196384,31.90404221,31.85815947,0.01350678,-0.76992353,1.52697169,0.00000000,-0.77297953,1.50050035,4.49954190,0.00000000
2.00000000,STAND,-0.00006311,-0.00592554,0.00007874,-0.00795286,0.00002528,0.31166033,-0.01605163,0.00018371,0.01115616,0.01775988,-0.00000242,26.71603346,26.63280217,31.90306295,31.85717885,0.01350660,-0.76992490,1.52697168,0.00000000,-0.77297953,1.50050035,4.49935884,0.00000000
2.01000000,SHIFT_WEIGHT,-0.00005498,-0.00536718,0.00007931,-0.00794711,0.00002492,0.31165587,-0.01604803,0.00018345,0.01116339,0.01786749,0.00010519,24.85722910,24.72977784,33.17710411,33.08981318,0.01344262,-0.77034804,1.52860363,0.00000042,-0.77606329,1.50639765,4.71648628,0.00000001
2.02000000,SHIFT_WEIGHT,-0.00004864,-0.00463675,0.00008026,-0.00791959,0.00002408,0.31164000,-0.01602662,0.00018272,0.01114410,0.01794583,0.00018353,25.89855634,25.79014286,32.47004057,32.40204813,0.01338256,-0.77069530,1.53015349,0.00000399,-0.77563836,1.50559204,4.66114981,0.00000001
2.03000000,SHIFT_WEIGHT,-0.00004314,-0.00409567,0.00008121,-0.00786907,0.00002309,0.31161962,-0.01598357,0.00018179,0.01110044,0.01793866,0.00017636,26.36821494,26.28066903,32.30270181,32.25547698,0.01335061,-0.77086767,1.53091737,0.00001406,-0.77530556,1.50497499,4.64151820,0.00000001
2.04000000,SHIFT_WEIGHT,-0.00003575,-0.00375125,0.00008184,-0.00779939,0.00002218,0.31160069,-0.01592154,0.00018091,0.01104397,0.01789651,0.00013421,26.62579031,26.56936493,32.27601044,32.25899769,0.01334007,-0.77100332,1.53119773,0.00003385,-0.77506947,1.50456143,4.62091267,0.00000000
2.05000000,SHIFT_WEIGHT,-0.00002489,-0.00354862,0.00008169,-0.00771576,0.00002166,0.31158765,-0.01584516,0.00018033,0.01098166,0.01784834,0.00008604,26.76150544,26.74865714,32.26102094,32.28548579,0.01334839,-0.77115250,1.53122310,0.00006644,-0.77489566,1.50429141,4.59710659,0.00000000
2.06000000,SHIFT_WEIGHT,-0.00000963,-0.00342437,0.00008028,-0.00762321,0.00002192,0.31158308,-0.01575923,0.00018043,0.01091780,0.01780576,0.00004346,26.83387939,26.87804410,32.19487834,32.27279650,0.01337458,-0.77131167,1.53112741,0.00011480,-0.77474337,1.50409269,4.57281852,0.00000000
2.07000000,SHIFT_WEIGHT,0.00001056,-0.00332956,0.00007714,-0.00752599,0.00002348,0.31158788,-0.01566794,0.00018168,0.01085512,0.01777112,0.00000882,26.87789074,26.99256370,32.06109346,32.20434204,0.01341859,-0.77145899,1.53097733,0.00018172,-0.77457964,1.50390758,4.54486805,0.00000000
2.08000000,SHIFT_WEIGHT,0.00003588,-0.00323549,0.00007187,-0.00742752,0.00002697,0.31160157,-0.01557471,0.00018464,0.01079552,0.01774292,-0.00001938,26.91074361,27.10868770,31.86985832,32.08953938,0.01348121,-0.77157303,1.53079897,0.00026991,-0.77438318,1.50370053,4.51445804,0.00000000
2.09000000,SHIFT_WEIGHT,0.00006621,-0.00313044,0.00006419,-0.00733052,0.00003313,0.31162276,-0.01548227,0.00019001,0.01074061,0.01771876,-0.00004355,26.93916484,27.23173843,31.64181700,31.94770233,0.01356393,-0.77163940,1.53059823,0.00038189,-0.77414288,1.50345517,4.48304469,0.00000000
2.10000000,SHIFT_WEIGHT,0.00010117,-0.00301339,0.00005390,-0.00723733,0.00004279,0.31164961,-0.01539292,0.00019855,0.01069203,0.01769663,-0.00006567,26.96526366,27.36187003,31.39786479,31.79795921,0.01366882,-0.77165066,1.53037360,0.00052010,-0.77385434,1.50316767,4.45198578,0.00000000
2.11000000,SHIFT_WEIGHT,0.00014019,-0.00288824,0.00004099,-0.00715005,0.00005689,0.31168015,-0.01530870,0.00021113,0.01065158,0.01767523,-0.00008707,26.98996113,27.49762357,31.15444432,31.65466494,0.01379828,-0.77160390,1.53012286,0.00068682,-0.77351648,1.50284036,4.42236728,0.00000000
2.12000000,SHIFT_WEIGHT,0.00018249,-0.00276004,0.00002558,-0.00707073,0.00007642,0.31171250,-0.01523159,0.00022867,0.01062116,0.01765384,-0.00010846,27.01433359,27.63739870,30.92254480,31.52651209,0.01395493,-0.77149813,1.52984531,0.00088422,-0.77312930,1.50247739,4.39495943,0.00000001
2.13000000,SHIFT_WEIGHT,0.00022719,-0.00263303,0.00000794,-0.00700138,0.00010242,0.31174508,-0.01516350,0.00025215,0.01060280,0.01763217,-0.00013013,27.03968746,27.77965522,30.70857729,31.41751094,0.01414150,-0.77133251,1.52954181,0.00111434,-0.77269270,1.50208241,4.37024538,0.00000001
2.14000000,SHIFT_WEIGHT,0.00027330,-0.00251021,-0.00001152,-0.00694397,0.00013597,0.31177663,-0.01510632,0.00028258,0.01059850,0.01761013,-0.00015217,27.06713142,27.92260602,30.51581328,31.32852314,0.01436072,-0.77110552,1.52921388,0.00137910,-0.77220607,1.50165792,4.34847851,0.00000001
2.15000000,SHIFT_WEIGHT,0.00031980,-0.00239345,-0.00003227,-0.00690043,0.00017816,0.31180627,-0.01506187,0.00032098,0.01061025,0.01758782,-0.00017448,27.09714913,28.06389985,30.34567340,31.25863332,0.01461520,-0.77081488,1.52886283,0.00168029,-0.77166835,1.50120535,4.32974211,0.00000001
2.16000000,SHIFT_WEIGHT,0.00036568,-0.00228402,-0.00005367,-0.00687259,0.00023008,0.31183348,-0.01503191,0.00036837,0.01063990,0.01756545,-0.00019685,27.12939884,28.20051715,30.19861345,31.20610434,0.01490743,-0.77045773,1.52848917,0.00201961,-0.77107830,1.50072548,4.31400025,0.00000001
2.17000000,SHIFT_WEIGHT,0.00040994,-0.00218290,-0.00007502,-0.00686216,0.00029277,0.31185804,-0.01501808,0.00042574,0.01068919,0.01754334,-0.00021896,27.16276846,28.32890488,30.07462120,31.16892909,0.01523967,-0.77003103,1.52809245,0.00239862,-0.77043461,1.50021880,4.30113710,0.00000001
2.18000000,SHIFT_WEIGHT,0.00045167,-0.00209102,-0.00009559,-0.00687069,0.00036727,0.31188003,-0.01502187,0.00049406,0.01075969,0.01752189,-0.00024041,27.19561095,28.44527433,29.97344263,31.14509764,0.01561392,-0.76953188,1.52767137,0.00281877,-0.76973608,1.49968573,4.29098644,0.00000001
2.19000000,SHIFT_WEIGHT,0.00049004,-0.00200932,-0.00011464,-0.00689957,0.00045451,0.31189967,-0.01504462,0.00057423,0.01085281,0.01750161,-0.00026069,27.22605672,28.54595811,29.89466320,31.13270606,0.01603192,-0.76895768,1.52722401,0.00328140,-0.76898160,1.49912671,4.28335378,0.00000001
2.20000000,SHIFT_WEIGHT,0.00052432,-0.00193873,-0.00013144,-0.00695002,0.00055541,0.31191736,-0.01508749,0.00066711,0.01096978,0.01748302,-0.00027928,27.25231496,28.62773848,29.83773366,31.12999730,0.01649512,-0.76830630,1.52674811,0.00378775,-0.76817016,1.49854209,4.27803300,0.00000001
2.21000000,SHIFT_WEIGHT,0.00055392,-0.00188006,-0.00014532,-0.00702303,0.00067078,0.31193352,-0.01515147,0.00077347,0.01111166,0.01746665,-0.00029565,27.27290818,28.68809249,29.80198689,31.13538205,0.01700469,-0.76757606,1.52624134,0.00433892,-0.76730075,1.49793206,4.27481863,0.00000001
2.22000000,SHIFT_WEIGHT,0.00057837,-0.00183395,-0.00015569,-0.00711944,0.00080136,0.31194861,-0.01523736,0.00089402,0.01127929,0.01745296,-0.00030934,27.28681704,28.72533207,29.78666112,31.14745600,0.01756154,-0.76676575,1.52570145,0.00493596,-0.76637235,1.49729654,4.27351436,0.00000001
2.23000000,SHIFT_WEIGHT,0.00059731,-0.00180081,-0.00016204,-0.00723987,0.00094779,0.31196305,-0.01534576,0.00102938,0.01147336,0.01744237,-0.00031993,27.29353621,28.73864182,29.79092717,31.16501283,0.01816638,-0.76587454,1.52512636,0.00557975,-0.76538386,1.49663514,4.27393805,0.00000001
2.24000000,SHIFT_WEIGHT,0.00061054,-0.00178077,-0.00016396,-0.00738476,0.00111064,0.31197719,-0.01547713,0.00118010,0.01169436,0.01743516,-0.00032714,27.29305705,28.72803234,29.81391289,31.18704725,0.01881968,-0.76490199,1.52451425,0.00627113,-0.76433411,1.49594709,4.27592362,0.00000001
2.25000000,SHIFT_WEIGHT,0.00061794,-0.00177371,-0.00016115,-0.00755436,0.00129038,0.31199134,-0.01563174,0.00134663,0.01194262,0.01743151,-0.00033079,27.28579819,28.69423245,29.85471913,31.21274406,0.01952177,-0.76384792,1.52386351,0.00701078,-0.76322186,1.49523128,4.27932044,0.00000001
2.26000000,SHIFT_WEIGHT,0.00061953,-0.00177929,-0.00015342,-0.00774878,0.00148740,0.31200569,-0.01580969,0.00152935,0.01221831,0.01743148,-0.00033082,27.27250602,28.63854498,29.91242573,31.24145321,0.02027281,-0.76271240,1.52317273,0.00779933,-0.76204578,1.49448628,4.28399088,0.00000001
2.27000000,SHIFT_WEIGHT,0.00061539,-0.00179695,-0.00014066,-0.00796796,0.00170200,0.31202041,-0.01601096,0.00172856,0.01252146,0.01743504,-0.00032727,27.25414381,28.56268713,29.98608962,31.27265435,0.02107288,-0.76149571,1.52244065,0.00863727,-0.76080452,1.49371040,4.28980677,0.00000001
2.28000000,SHIFT_WEIGHT,0.00060570,-0.00182600,-0.00012286,-0.00821171,0.00193442,0.31203557,-0.01623538,0.00194449,0.01285197,0.01744203,-0.00032028,27.23178421,28.46863278,30.07473894,31.30591645,0.02192195,-0.76019825,1.52166611,0.00952503,-0.75949674,1.49290174,4.29664560,0.00000002
2.29000000,SHIFT_WEIGHT,0.00059068,-0.00186563,-0.00010011,-0.00847972,0.00218483,0.31205120,-0.01648268,0.00217731,0.01320964,0.01745225,-0.00031005,27.20651525,28.35846886,30.17736779,31.34085803,0.02281995,-0.75882054,1.52084800,0.01046291,-0.75812110,1.49205827,4.30438709,0.00000002
2.30000000,SHIFT_WEIGHT,0.00057062,-0.00191499,-0.00007254,-0.00877160,0.00245332,0.31206732,-0.01675249,0.00242712,0.01359417,0.01746545,-0.00029685,27.17936585,28.23427395,30.29293479,31.37711296,0.02376672,-0.75736314,1.51998520,0.01145114,-0.75667633,1.49117788,4.31291046,0.00000002
2.31000000,SHIFT_WEIGHT,0.00054580,-0.00197317,-0.00004034,-0.00908687,0.00273995,0.31208391,-0.01704438,0.00269398,0.01400519,0.01748133,-0.00028097,27.15125337,28.09802297,30.42036795,31.41430476,0.02476208,-0.75582669,1.51907658,0.01248985,-0.75516124,1.49025843,4.32209284,0.00000002
2.32000000,SHIFT_WEIGHT,0.00051655,-0.00203928,-0.00000373,-0.00942500,0.00304470,0.31210097,-0.01735784,0.00297789,0.01444227,0.01749959,-0.00026271,27.12295292,27.95151916,30.55857603,31.45203090,0.02580582,-0.75421180,1.51812097,0.01357907,-0.75357477,1.48929783,4.33180878,0.00000002
2.33000000,SHIFT_WEIGHT,0.00048318,-0.00211247,0.00003705,-0.00978540,0.00336755,0.31211850,-0.01769232,0.00327882,0.01490497,0.01751994,-0.00024236,27.09508613,27.79635167,30.70646592,31.48985692,0.02689770,-0.75251913,1.51711715,0.01471876,-0.75191596,1.48829404,4.34193079,0.00000002
2.34000000,SHIFT_WEIGHT,0.00044599,-0.00219190,0.00008173,-0.01016746,0.00370842,0.31213650,-0.01804724,0.00359671,0.01539277,0.01754210,-0.00022020,27.06812562,27.63387550,30.86296433,31.52731919,0.02803743,-0.75074929,1.51606382,0.01590877,-0.75018402,1.48724515,4.35233085,0.00000002
2.35000000,SHIFT_WEIGHT,0.00040525,-0.00227682,0.00013008,-0.01057057,0.00406721,0.31215501,-0.01842203,0.00393147,0.01590519,0.01756580,-0.00019650,27.04241099,27.46520982,31.02704176,31.56393431,0.02922472,-0.74890291,1.51495970,0.01714890,-0.74837830,1.48614935,4.36288246,0.00000002
2.36000000,SHIFT_WEIGHT,0.00036121,-0.00236654,0.00018186,-0.01099410,0.00444380,0.31217406,-0.01881607,0.00428298,0.01644170,0.01759084,-0.00017147,27.01817172,27.29124964,31.19773648,31.59921310,0.03045924,-0.74698060,1.51380344,0.01843883,-0.74649831,1.48500501,4.37346319,0.00000003
2.37000000,SHIFT_WEIGHT,0.00031408,-0.00246044,0.00023687,-0.01143744,0.00483806,0.31219372,-0.01922878,0.00465112,0.01700181,0.01761700,-0.00014530,26.99555298,27.11268662,31.37417668,31.63267680,0.03174063,-0.74498295,1.51259373,0.01977818,-0.74454374,1.48381064,4.38395721,0.00000003
2.38000000,SHIFT_WEIGHT,0.00026403,-0.00255798,0.00029493,-0.01190000,0.00524984,0.31221404,-0.01965960,0.00503575,0.01758501,0.01764413,-0.00011817,26.97464074,26.93003467,31.55559901,31.66387371,0.03306852,-0.74291058,1.51132930,0.02116650,-0.74251445,1.48256492,4.40633832,0.00000003
2.39000000,SHIFT_WEIGHT,0.00021120,-0.00265869,0.00035589,-0.01238121,0.00567897,0.31223508,-0.02010796,0.00543672,0.01819082,0.01767211,-0.00009019,26.95548385,26.74365709,31.74136250,31.69239460,0.03444248,-0.74076407,1.51000893,0.02260324,-0.74041045,1.48126670,4.44101342,0.00000003
2.40000000,SHIFT_WEIGHT,0.00015567,-0.00276216,0.00041965,-0.01288051,0.00612530,0.31225692,-0.02057335,0.00585387,0.01881879,0.01770083,-0.00006147,26.93811108,26.55379282,31.93095708,31.71788572,0.03586206,-0.73854407,1.50863149,0.02408780,-0.73823192,1.47991502,4.47655711,0.00000003
2.41000000,SHIFT_WEIGHT,0.00009750,-0.00286809,0.00048612,-0.01339742,0.00658865,0.31227961,-0.02105527,0.00628703,0.01946846,0.01773022,-0.00003209,26.92254274,26.36057995,32.12400667,31.74005874,0.03732674,-0.73625119,1.50719594,0.02561951,-0.73597922,1.47850907,4.51289846,0.00000003
2.42000000,SHIFT_WEIGHT,0.00003671,-0.00297619,0.00055526,-0.01393145,0.00706882,0.31230320,-0.02155326,0.00673602,0.02013942,0.01776022,-0.00000209,26.90879649,26.16407590,32.32026695,31.75869732,0.03883599,-0.73388611,1.50570139,0.02719761,-0.73365284,1.47704819,4.54998973,0.00000003
2.43000000,SHIFT_WEIGHT,-0.00002672,-0.00308629,0.00062705,-0.01448217,0.00756565,0.31232770,-0.02206691,0.00720067,0.02083125,0.01779079,0.00002849,26.89688837,25.96427380,32.51961846,31.77366026,0.04038920,-0.73144953,1.50414707,0.02882129,-0.73125343,1.47553190,4.58780530,0.00000003
2.44000000,SHIFT_WEIGHT,-0.00009282,-0.00319825,0.00070150,-0.01504918,0.00807892,0.31235315,-0.02259581,0.00768079,0.02154358,0.01782192,0.00005962,26.88682972,25.76111565,32.72205583,31.78488151,0.04198572,-0.72894218,1.50253234,0.03048969,-0.72878178,1.47395986,4.62633985,0.00000004
2.45000000,SHIFT_WEIGHT,-0.00016165,-0.00331199,0.00077863,-0.01563213,0.00860843,0.31237952,-0.02313962,0.00817617,0.02227604,0.01785360,0.00009130,26.87862153,25.55450255,32.92767393,31.79236752,0.04362483,-0.72636485,1.50085672,0.03220186,-0.72623882,1.47233187,4.66560623,0.00000004
2.46000000,SHIFT_WEIGHT,-0.00023329,-0.00342749,0.00085848,-0.01623070,0.00915397,0.31240679,-0.02369802,0.00868661,0.02302827,0.01788583,0.00012353,26.87224738,25.34430299,33.13665214,31.79619244,0.04530577,-0.72371836,1.49911987,0.03395682,-0.72362559,1.47064788,4.70563286,0.00000004
2.47000000,SHIFT_WEIGHT,-0.00030783,-0.00354479,0.00094111,-0.01684458,0.00971529,0.31243493,-0.02427073,0.00921189,0.02379994,0.01791862,0.00015632,26.86766626,25.13035975,33.34923744,31.79649170,0.04702767,-0.72100361,1.49732158,0.03575351,-0.72094329,1.46890794,4.74646107,0.00000004
2.48000000,SHIFT_WEIGHT,-0.00038535,-0.00366397,0.00102657,-0.01747353,0.01029217,0.31246388,-0.02485748,0.00975178,0.02459071,0.01795198,0.00018968,26.86480620,24.91249627,33.56572724,31.79345450,0.04878961,-0.71822153,1.49546181,0.03759084,-0.71819321,1.46711225,4.78814228,0.00000004
2.49000000,SHIFT_WEIGHT,-0.00046595,-0.00378514,0.00111491,-0.01811729,0.01088434,0.31249356,-0.02545804,0.01030603,0.02540025,0.01798593,0.00022363,26.86355965,24.69052271,33.78645276,31.78731572,0.05059062,-0.71537314,1.49354060,0.03946765,-0.71537674,1.46526109,4.83073530,0.00000004
2.50000000,SHIFT_WEIGHT,-0.00054972,-0.00390846,0.00120618,-0.01877566,0.01149152,0.31252389,-0.02607220,0.01087437,0.02622823,0.01802050,0.00025820,26.86378091,24.46424232,34.01176335,31.77834760,0.05242961,-0.71245953,1.49155816,0.04138275,-0.71249541,1.46335488,4.87430362,0.00000004
2.51000000,SHIFT_WEIGHT,-0.00063673,-0.00403412,0.00130043,-0.01944844,0.01211342,0.31255479,-0.02669976,0.01145654,0.02707433,0.01805572,0.00029342,26.86528597,24.23345795,34.24201224,31.76685141,0.05430543,-0.70948184,1.48951478,0.04333488,-0.70955080,1.46139411,4.91891303,0.00000004
2.52000000,SHIFT_WEIGHT,-0.00072707,-0.00416234,0.00139767,-0.02013544,0.01274973,0.31258615,-0.02734055,0.01205222,0.02793819,0.01809161,0.00032931,26.86785459,23.99797889,34.47754403,31.75314948,0.05621686,-0.70644131,1.48741090,0.04532277,-0.70654461,1.45937937,4.96462932,0.00000004
2.53000000,SHIFT_WEIGHT,-0.00082079,-0.00429335,0.00149794,-0.02083647,0.01340011,0.31261786,-0.02799437,0.01266110,0.02881947,0.01812820,0.00036590,26.87123454,23.75762769,34.71868395,31.73757754,0.05816261,-0.70333927,1.48524702,0.04734507,-0.70347861,1.45731132,5.01151634,0.00000005
2.54000000,SHIFT_WEIGHT,-0.00091793,-0.00442740,0.00160123,-0.02155136,0.01406419,0.31264983,-0.02866106,0.01328285,0.02971780,0.01816553,0.00040323,26.87514747,23.51224685,34.96572896,31.72047759,0.06014128,-0.70017711,1.48302376,0.04940042,-0.70035465,1.45519071,5.05963424,0.00000005
2.55000000,SHIFT_WEIGHT,-0.00101853,-0.00456475,0.00170753,-0.02227991,0.01474162,0.31268194,-0.02934043,0.01391711,0.03063281,0.01820361,0.00044131,26.87929610,23.26170505,35.21894064,31.70219121,0.06215145,-0.69695636,1.48074183,0.05148742,-0.69717465,1.45301834,5.10903805,0.00000005
2.56000000,SHIFT_WEIGHT,-0.00112260,-0.00470565,0.00181682,-0.02302194,0.01543199,0.31271408,-0.03003230,0.01456351,0.03156408,0.01824248,0.00048018,26.88337212,23.00590254,35.47853979,31.68305347,0.06419160,-0.69367859,1.47840203,0.05360462,-0.69394059,1.45079509,5.15977643,0.00000005
2.57000000,SHIFT_WEIGHT,-0.00123015,-0.00485035,0.00192905,-0.02377723,0.01613488,0.31274615,-0.03073648,0.01522165,0.03251119,0.01828216,0.00051986,26.88706441,22.74477568,35.74470245,31.66338724,0.06626015,-0.69034552,1.47600522,0.05575054,-0.69065451,1.44852188,5.21189073,0.00000005
2.58000000,SHIFT_WEIGHT,-0.00134115,-0.00499909,0.00204418,-0.02454556,0.01684986,0.31277803,-0.03145274,0.01589112,0.03347368,0.01832265,0.00056035,26.89006706,22.47830025,36.01755733,31.64349818,0.06835549,-0.68695893,1.47355236,0.05792370,-0.68731851,1.44619972,5.26541426,0.00000005
2.59000000,SHIFT_WEIGHT,-0.00145559,-0.00515209,0.00216213,-0.02532667,0.01757646,0.31280963,-0.03218085,0.01657148,0.03445108,0.01836398,0.00060168,26.89208689,22.20649356,36.29718443,31.62367017,0.07047592,-0.68352074,1.47104448,0.06012254,-0.68393473,1.44382962,5.32037173,0.00000005
2.60000000,SHIFT_WEIGHT,-0.00157341,-0.00530956,0.00228282,-0.02612029,0.01831422,0.31284085,-0.03292055,0.01726230,0.03544288,0.01840615,0.00064384,26.89285014,21.92941527,36.58361461,31.60416135,0.07261972,-0.68003293,1.46848267,0.06234552,-0.68050538,1.44141268,5.37677896,0.00000005
2.61000000,SHIFT_WEIGHT,-0.00169458,-0.00547167,0.00240619,-0.02692611,0.01906264,0.31287159,-0.03367156,0.01796310,0.03644855,0.01844915,0.00068685,26.89210820,21.64716702,36.87683005,31.58520079,0.07478515,-0.67649763,1.46586810,0.06459106,-0.67703270,1.43895003,5.43464266,0.00000006
2.62000000,SHIFT_WEIGHT,-0.00181903,-0.00563857,0.00253212,-0.02774380,0.01982122,0.31290176,-0.03443356,0.01867341,0.03746750,0.01849298,0.00073068,26.88964210,21.35989103,37.17676543,31.56698581,0.07697041,-0.67291702,1.46320199,0.06685754,-0.67351895,1.43644285,5.49396042,0.00000006
2.63000000,SHIFT_WEIGHT,-0.00194669,-0.00581039,0.00266052,-0.02857298,0.02058942,0.31293127,-0.03520620,0.01939274,0.03849916,0.01853763,0.00077533,26.88526593,21.06776769,37.48330973,31.54967994,0.07917369,-0.66929340,1.46048564,0.06914335,-0.66996647,1.43389236,5.55472088,0.00000006
2.64000000,SHIFT_WEIGHT,-0.00207750,-0.00598720,0.00279131,-0.02941326,0.02136672,0.31296004,-0.03598912,0.02012057,0.03954289,0.01858307,0.00082077,26.87882899,20.77101251,37.79630847,31.53341169,0.08139317,-0.66562918,1.45772040,0.07144683,-0.66637762,1.43129986,5.61690389,0.00000006
2.65000000,SHIFT_WEIGHT,-0.00221137,-0.00616908,0.00292437,-0.03026420,0.02215257,0.31298801,-0.03678190,0.02085641,0.04059804,0.01862929,0.00086699,26.87021691,20.46987249,38.11556643,31.51827402,0.08362700,-0.66192683,1.45490769,0.07376635,-0.66275477,1.42866665,5.68048094,0.00000006
2.66000000,SHIFT_WEIGHT,-0.00234823,-0.00635603,0.00305960,-0.03112532,0.02294642,0.31301510,-0.03758410,0.02159972,0.04166394,0.01867625,0.00091394,26.85935165,20.16462218,38.44085064,31.50432458,0.08587333,-0.65818891,1.45204898,0.07610021,-0.65910036,1.42599413,5.74541551,0.00000006
2.67000000,SHIFT_WEIGHT,-0.00248800,-0.00654806,0.00319691,-0.03199611,0.02374769,0.31304124,-0.03839526,0.02234998,0.04273986,0.01872391,0.00096160,26.84619071,19.85555962,38.77189370,31.49158665,0.08813033,-0.65441808,1.44914580,0.07844674,-0.65541685,1.42328371,5.81166364,0.00000006
2.68000000,SHIFT_WEIGHT,-0.00263060,-0.00674511,0.00333621,-0.03287604,0.02455582,0.31306640,-0.03921487,0.02310663,0.04382510,0.01877223,0.00100992,26.83072544,19.54300222,39.10839718,31.48005086,0.09039616,-0.65061705,1.44619975,0.08080424,-0.65170673,1.42053689,5.87917449,0.00000006
2.69000000,SHIFT_WEIGHT,-0.00277594,-0.00694713,0.00347740,-0.03376454,0.02537023,0.31309050,-0.04004239,0.02386915,0.04491888,0.01882116,0.00105886,26.81297879,19.22728285,39.45003529,31.46967744,0.09266898,-0.64678860,1.44321247,0.08317102,-0.64797251,1.41775520,5.94789094,0.00000006
2.70000000,SHIFT_WEIGHT,-0.00292395,-0.00715401,0.00362039,-0.03466100,0.02619033,0.31311353,-0.04087726,0.02463697,0.04602044,0.01887067,0.00110837,26.79300248,18.90874613,39.79645850,31.46039919,0.09494697,-0.64293558,1.44018567,0.08554536,-0.64421673,1.41494025,6.01775027,0.00000006
2.71000000,SHIFT_WEIGHT,-0.00307455,-0.00736563,0.00376510,-0.03556480,0.02701553,0.31313543,-0.04171891,0.02540955,0.04712898,0.01892069,0.00115839,26.77087382,18.58774499,40.14729721,31.45212475,0.09722833,-0.63906087,1.43712113,0.08792555,-0.64044198,1.41209370,6.08868483,0.00000006
2.72000000,SHIFT_WEIGHT,-0.00322767,-0.00758184,0.00391146,-0.03647528,0.02784526,0.31315619,-0.04256672,0.02618633,0.04824370,0.01897118,0.00120888,26.74669218,18.26463757,40.50216547,31.44474241,0.09951127,-0.63516742,1.43402068,0.09030989,-0.63665084,1.40921727,6.16062275,0.00000006
2.73000000,SHIFT_WEIGHT,-0.00338321,-0.00780246,0.00405939,-0.03739176,0.02867890,0.31317577,-0.04342006,0.02696676,0.04936377,0.01902207,0.00125977,26.72057535,17.93978448,40.86066447,31.43812401,0.10179402,-0.63125822,1.43088621,0.09269665,-0.63284595,1.40631275,6.23348862,0.00000006
2.74000000,SHIFT_WEIGHT,-0.00354111,-0.00802732,0.00420881,-0.03831355,0.02951587,0.31319417,-0.04427827,0.02775027,0.05048836,0.01907332,0.00131102,26.69265581,17.61354637,41.22238603,31.43212917,0.10407484,-0.62733625,1.42771969,0.09508414,-0.62902995,1.40338199,6.30720416,0.00000007
2.75000000,SHIFT_WEIGHT,-0.00370129,-0.00825619,0.00435966,-0.03923994,0.03035557,0.31321136,-0.04514070,0.02853630,0.05161662,0.01912487,0.00136256,26.66307693,17.28628179,41.58691585,31.42660937,0.10635201,-0.62340457,1.42452312,0.09747063,-0.62520550,1.40042692,6.38168893,0.00000007
2.76000000,SHIFT_WEIGHT,-0.00386368,-0.00848887,0.00451187,-0.04017019,0.03119739,0.31322735,-0.04600667,0.02932430,0.05274770,0.01917665,0.00141435,26.63198939,16.95834542,41.95383660,31.42141207,0.10862382,-0.61946621,1.42129862,0.09985445,-0.62137528,1.39744952,6.45686092,0.00000007
2.77000000,SHIFT_WEIGHT,-0.00402819,-0.00872512,0.00466537,-0.04110358,0.03204076,0.31324213,-0.04687549,0.03011370,0.05388074,0.01922861,0.00146631,26.59954765,16.63008645,42.32273075,31.41638461,0.11088860,-0.61552424,1.41804834,0.10223388,-0.61754201,1.39445184,6.53263717,0.00000007
2.78000000,SHIFT_WEIGHT,-0.00419475,-0.00896471,0.00482009,-0.04203934,0.03288506,0.31325571,-0.04774646,0.03090395,0.05501488,0.01928071,0.00151840,26.56590668,16.30184724,42.69318321,31.41137785,0.11314469,-0.61158171,1.41477449,0.10460726,-0.61370839,1.39143599,6.60893437,0.00000007
2.79000000,SHIFT_WEIGHT,-0.00436326,-0.00920738,0.00497596,-0.04297674,0.03372970,0.31326808,-0.04861888,0.03169448,0.05614926,0.01933287,0.00157056,26.53121902,15.97396225,43.06478363,31.40624950,0.11539049,-0.60764170,1.41147939,0.10697291,-0.60987716,1.38840417,6.68566933,0.00000007
2.80000000,SHIFT_WEIGHT,-0.00453365,-0.00945290,0.00513292,-0.04391502,0.03457408,0.31327927,-0.04949205,0.03248473,0.05728302,0.01938504,0.00162274,26.49563208,15.64675701,43.43712846,31.40086701,0.11762439,-0.60370725,1.40816538,0.10932918,-0.60605106,1.38535862,6.76275947,0.00000007
2.81000000,SHIFT_WEIGHT,-0.00470582,-0.00970101,0.00529088,-0.04485343,0.03541761,0.31328927,-0.05036527,0.03327416,0.05841530,0.01943718,0.00167488,26.45928584,15.32054738,43.80982278,31.39511007,0.11984481,-0.59978140,1.40483491,0.11167443,-0.60223283,1.38230166,6.84012325,0.00000007
2.82000000,SHIFT_WEIGHT,-0.00487968,-0.00995146,0.00544978,-0.04579121,0.03625970,0.31329811,-0.05123784,0.03406221,0.05954523,0.01948923,0.00172693,26.42231094,14.99563889,44.18248175,31.38887265,0.12205023,-0.59586717,1.40149046,0.11400702,-0.59842524,1.37923565,6.91768051,0.00000007
2.83000000,SHIFT_WEIGHT,-0.00505513,-0.01020401,0.00560951,-0.04672763,0.03709976,0.31330580,-0.05210907,0.03484832,0.06067198,0.01954114,0.00177884,26.38482716,14.67232625,44.55473190,31.38206452,0.12423911,-0.59196756,1.39813461,0.11632537,-0.59463103,1.37616304,6.99535282,0.00000007
2.84000000,SHIFT_WEIGHT,-0.00523205,-0.01045841,0.00577000,-0.04766193,0.03793719,0.31331234,-0.05297827,0.03563195,0.06179471,0.01959286,0.00183056,26.34694229,14.35089299,44.92621202,31.37461239,0.12640998,-0.58808554,1.39476997,0.11862788,-0.59085297,1.37308630,7.07306374,0.00000007
2.85000000,SHIFT_WEIGHT,-0.00541035,-0.01071443,0.00593115,-0.04859340,0.03877141,0.31331778,-0.05384476,0.03641255,0.06291257,0.01964434,0.00188204,26.30875142,14.03161120,45.29657391,31.36646046,0.12856137,-0.58422406,1.39139923,0.12091300,-0.58709381,1.37000800,7.15073897,0.00000007
2.86000000,SHIFT_WEIGHT,-0.00558990,-0.01097184,0.00609286,-0.04952132,0.03960183,0.31332211,-0.05470787,0.03718957,0.06402475,0.01969554,0.00193323,26.27033660,13.71474147,45.66548283,31.35757069,0.13069186,-0.58038602,1.38802514,0.12317918,-0.58335630,1.36693071,7.22830661,0.00000007
2.87000000,SHIFT_WEIGHT,-0.00577057,-0.01123040,0.00625503,-0.05044498,0.04042789,0.31332536,-0.05556695,0.03796249,0.06513043,0.01974641,0.00198410,26.23176685,13.40053287,46.03261770,31.34792254,0.13280005,-0.57657429,1.38465049,0.12542492,-0.57964318,1.36385709,7.30569719,0.00000007
2.88000000,SHIFT_WEIGHT,-0.00595225,-0.01148991,0.00641753,-0.05136368,0.04124900,0.31332754,-0.05642135,0.03873075,0.06622883,0.01979691,0.00203460,26.19309850,13.08922308,46.39767112,31.33751244,0.13488456,-0.57279170,1.38127813,0.12764873,-0.57595718,1.36078982,7.38284374,0.00000007
2.89000000,SHIFT_WEIGHT,-0.00613480,-0.01175014,0.00658025,-0.05227674,0.04206460,0.31332869,-0.05727045,0.03949384,0.06731914,0.01984700,0.00208469,26.15437583,12.78103867,46.76034919,31.32635285,0.13694407,-0.56904104,1.37791095,0.12984916,-0.57230101,1.35773163,7.45968187,0.00000007
2.90000000,SHIFT_WEIGHT,-0.00631807,-0.01201091,0.00674308,-0.05318350,0.04287411,0.31332881,-0.05811362,0.04025123,0.06840060,0.01989664,0.00213434,26.11563191,12.47619544,47.12037108,31.31447117,0.13897726,-0.56532506,1.37455189,0.13202478,-0.56867736,1.35468526,7.53614970,0.00000007
2.91000000,SHIFT_WEIGHT,-0.00650192,-0.01227200,0.00690588,-0.05408332,0.04367699,0.31332792,-0.05895026,0.04100239,0.06947246,0.01994580,0.00218350,26.07688971,12.17489884,47.47746858,31.30190830,0.14098288,-0.56164646,1.37120392,0.13417419,-0.56508889,1.35165351,7.61218782,0.00000006
2.92000000,SHIFT_WEIGHT,-0.00668621,-0.01253323,0.00706852,-0.05497554,0.04447268,0.31332606,-0.05977980,0.04174682,0.07053397,0.01999444,0.00223213,26.03816325,11.87734458,47.83138534,31.28871710,0.14295967,-0.55800789,1.36787004,0.13629604,-0.56153826,1.34863918,7.68773921,0.00000006
2.93000000,SHIFT_WEIGHT,-0.00687077,-0.01279442,0.00723087,-0.05585957,0.04526064,0.31332322,-0.06060165,0.04248401,0.07158440,0.02004252,0.00228022,25.99945900,11.58371920,48.18187611,31.27496075,0.14490646,-0.55441194,1.36455326,0.13838900,-0.55802807,1.34564510,7.76274911,0.00000006
2.94000000,SHIFT_WEIGHT,-0.00705546,-0.01305539,0.00739279,-0.05673478,0.04604032,0.31331945,-0.06141526,0.04321347,0.07262305,0.02009002,0.00232772,25.96077719,11.29420077,48.52870582,31.26071094,0.14682206,-0.55086118,1.36125663,0.14045178,-0.55456088,1.34267409,7.83716491,0.00000006
2.95000000,SHIFT_WEIGHT,-0.00724011,-0.01331597,0.00755415,-0.05760061,0.04681121,0.31331475,-0.06222010,0.04393470,0.07364922,0.02013691,0.00237461,25.92211323,11.00895960,48.87164865,31.24604612,0.14870537,-0.54735811,1.35798320,0.14248312,-0.55113925,1.33972899,7.91093597,0.00000006
2.96000000,SHIFT_WEIGHT,-0.00742457,-0.01357598,0.00771479,-0.05845647,0.04757278,0.31330915,-0.06301563,0.04464722,0.07466225,0.02018315,0.00242085,25.88345910,10.72815907,49.21048691,31.23104971,0.15055530,-0.54390515,1.35473601,0.14448181,-0.54776565,1.33681263,7.98401344,0.00000006
2.97000000,SHIFT_WEIGHT,-0.00760865,-0.01383527,0.00787459,-0.05930181,0.04832453,0.31330267,-0.06380134,0.04535056,0.07566146,0.02022872,0.00246642,25.84480462,10.45195638,49.54501006,31.21580835,0.15237080,-0.54050471,1.35151813,0.14644667,-0.54444252,1.33392784,8.05635010,0.00000006
2.98000000,SHIFT_WEIGHT,-0.00779220,-0.01409366,0.00803340,-0.06013610,0.04906596,0.31329534,-0.06457675,0.04604427,0.07664622,0.02027359,0.00251129,25.80613872,10.18050334,49.87501357,31.20041027,0.15415088,-0.53715911,1.34833258,0.14837657,-0.54117226,1.33107740,8.12790014,0.00000006
2.99000000,SHIFT_WEIGHT,-0.00797505,-0.01435100,0.00819108,-0.06095880,0.04979659,0.31328717,-0.06534137,0.04672788,0.07761592,0.02031775,0.00255544,25.76745058,9.91394723,50.20029787,31.18494370,0.15589458,-0.53387061,1.34518239,0.15027041,-0.53795719,1.32826411,8.19861901,0.00000006
3.00000000,SHIFT_WEIGHT,-0.00815702,-0.01460713,0.00834750,-0.06176941,0.05051593,0.31327821,-0.06609474,0.04740096,0.07856993,0.02036115,0.00259885,25.72873061,9.65243151,50.52066730,31.16949548,0.15760100,-0.53064143,1.34207054,0.15212715,-0.53479957,1.32549068,8.26846317,0.00000006
3.01000000,SHIFT_WEIGHT,-0.00833795,-0.01486187,0.00850251,-0.06256744,0.05122353,0.31326846,-0.06683639,0.04806309,0.07950769,0.02040378,0.00264148,25.68997132,9.39609659,50.83592912,31.15414972,0.15926926,-0.52747370,1.33899999,0.15394577,-0.53170162,1.32275984,8.33738995,0.00000006
3.02000000,SHIFT_WEIGHT,-0.00851765,-0.01511508,0.00865600,-0.06335240,0.05191895,0.31325797,-0.06756590,0.04871385,0.08042861,0.02044562,0.00268332,25.65116810,9.14508054,51.14589259,31.13898668,0.16089855,-0.52436949,1.33597366,0.15572532,-0.52866546,1.32007420,8.40535736,0.00000006
3.03000000,SHIFT_WEIGHT,-0.00869596,-0.01536657,0.00880783,-0.06412383,0.05260174,0.31324676,-0.06828284,0.04935284,0.08133216,0.02048665,0.00272434,25.61231977,8.89951972,51.45036808,31.12408183,0.16248810,-0.52133080,1.33299441,0.15746488,-0.52569314,1.31743638,8.47232391,0.00000005
3.04000000,SHIFT_WEIGHT,-0.00887270,-0.01561618,0.00895787,-0.06488128,0.05327149,0.31323487,-0.06898680,0.04997966,0.08221780,0.02052683,0.00276453,25.57342906,8.65954933,51.74916637,31.10950497,0.16403720,-0.51835955,1.33006504,0.15916359,-0.52278662,1.31484888,8.53824848,0.00000005
3.05000000,SHIFT_WEIGHT,-0.00904769,-0.01586375,0.00910599,-0.06562431,0.05392781,0.31322234,-0.06967737,0.05059395,0.08308503,0.02056616,0.00280386,25.53450294,8.42530396,52.04209798,31.09531966,0.16554516,-0.51545759,1.32718829,0.16082062,-0.51994780,1.31231414,8.60309017,0.00000005
3.06000000,SHIFT_WEIGHT,-0.00922076,-0.01610908,0.00925209,-0.06635249,0.05457028,0.31320920,-0.07035418,0.05119535,0.08393335,0.02060461,0.00284230,25.49555280,8.19691793,52.32897263,31.08158265,0.16701137,-0.51262669,1.32436682,0.16243522,-0.51717847,1.30983453,8.66680820,0.00000005
3.07000000,SHIFT_WEIGHT,-0.00939175,-0.01635201,0.00939604,-0.06706543,0.05519856,0.31319549,-0.07101685,0.05178351,0.08476229,0.02064215,0.00287985,25.45659456,7.97452568,52.60959888,31.06834360,0.16843526,-0.50986852,1.32160322,0.16400666,-0.51448032,1.30741232,8.72936182,0.00000005
3.08000000,SHIFT_WEIGHT,-0.00956046,-0.01659234,0.00953773,-0.06776272,0.05581228,0.31318127,-0.07166502,0.05235810,0.08557141,0.02067877,0.00291647,25.41764863,7.75826197,52.88378382,31.05564487,0.16981633,-0.50718467,1.31889996,0.16553428,-0.51185495,1.30504967,8.79071021,0.00000005
3.09000000,SHIFT_WEIGHT,-0.00972672,-0.01682988,0.00967705,-0.06844399,0.05641111,0.31316657,-0.07229835,0.05291882,0.08636028,0.02071445,0.00295215,25.37873982,7.54826200,53.15133294,31.04352144,0.17115411,-0.50457664,1.31625943,0.16701747,-0.50930385,1.30274865,8.85081246,0.00000005
3.10000000,SHIFT_WEIGHT,-0.00989037,-0.01706444,0.00981390,-0.06910886,0.05699473,0.31315145,-0.07291651,0.05346537,0.08712849,0.02074917,0.00298686,25.33989717,7.34466150,53.41205015,31.03200098,0.17244820,-0.50204583,1.31368392,0.16845567,-0.50682840,1.30051119,8.90962756,0.00000004
3.11000000,SHIFT_WEIGHT,-0.01005123,-0.01729582,0.00994818,-0.06975700,0.05756283,0.31313595,-0.07351917,0.05399746,0.08787566,0.02078289,0.00302059,25.30115366,7.14759659,53.66573787,31.02110400,0.17369825,-0.49959353,1.31117560,0.16984838,-0.50442988,1.29833913,8.96711434,0.00000004
3.12000000,SHIFT_WEIGHT,-0.01020911,-0.01752382,0.01007978,-0.07038807,0.05811514,0.31312014,-0.07410604,0.05451485,0.08860143,0.02081562,0.00305331,25.26254600,6.95720373,53.91219731,31.01084410,0.17490397,-0.49722093,1.30873651,0.17119516,-0.50210943,1.29623414,9.02323155,0.00000004
3.13000000,SHIFT_WEIGHT,-0.01036386,-0.01774822,0.01020862,-0.07100174,0.05865140,0.31310407,-0.07467682,0.05501728,0.08930546,0.02084731,0.00308501,25.22411421,6.77361938,54.15122884,31.00122829,0.17606512,-0.49492911,1.30636857,0.17249563,-0.49986808,1.29419779,9.07793787,0.00000004
3.14000000,SHIFT_WEIGHT,-0.01051530,-0.01796881,0.01033461,-0.07159773,0.05917137,0.31308780,-0.07523125,0.05550453,0.08998744,0.02087795,0.00311565,25.18590132,6.59697976,54.38263246,30.99225737,0.17718154,-0.49271902,1.30407355,0.17374946,-0.49770673,1.29223148,9.13119197,0.00000004
3.15000000,SHIFT_WEIGHT,-0.01066325,-0.01818538,0.01045765,-0.07217575,0.05967482,0.31307140,-0.07576907,0.05597641,0.09064709,0.02090753,0.00314523,25.14795297,6.42742040,54.60620840,30.98392637,0.17825310,-0.49059152,1.30185310,0.17495638,-0.49562615,1.29033648,9.18295264,0.00000004
3.16000000,SHIFT_WEIGHT,-0.01080756,-0.01839770,0.01057765,-0.07273553,0.06016156,0.31305492,-0.07629003,0.05643273,0.09128415,0.02093601,0.00317371,25.11031704,6.26507567,54.82175781,30.97622503,0.17927975,-0.48854731,1.29970871,0.17611620,-0.49362698,1.28851388,9.23317879,0.00000004
3.17000000,SHIFT_WEIGHT,-0.01094805,-0.01860555,0.01069455,-0.07327684,0.06063142,0.31303843,-0.07679392,0.05687332,0.09189838,0.02096338,0.00320108,25.07304326,6.11007830,55.02908352,30.96913825,0.18026150,-0.48658698,1.29764171,0.17722877,-0.49170970,1.28676462,9.28182966,0.00000003
3.18000000,SHIFT_WEIGHT,-0.01108456,-0.01880872,0.01080825,-0.07379944,0.06108424,0.31302200,-0.07728052,0.05729804,0.09248958,0.02098962,0.00322732,25.03618283,5.96255872,55.22799084,30.96264666,0.18119841,-0.48471099,1.29565326,0.17829403,-0.48987468,1.28508947,9.32886490,0.00000003
3.19000000,SHIFT_WEIGHT,-0.01121692,-0.01900697,0.01091869,-0.07430314,0.06151989,0.31300571,-0.07774967,0.05770677,0.09305758,0.02101469,0.00325239,24.99978924,5.82197837,55.41828352,30.95673342,0.18209059,-0.48291964,1.29374432,0.17931197,-0.48812211,1.28348903,9.37424414,0.00000003
3.20000000,SHIFT_WEIGHT,-0.01134488,-0.01920005,0.01102578,-0.07478775,0.06193826,0.31298960,-0.07820118,0.05809941,0.09360223,0.02103840,0.00327610,24.96406175,5.68517452,55.59949685,30.95156064,0.18293797,-0.48121294,1.29191477,0.18028264,-0.48645199,1.28196359,9.41789460,0.00000003
3.21000000,SHIFT_WEIGHT,-0.01146793,-0.01938751,0.01112943,-0.07525311,0.06233926,0.31297373,-0.07863490,0.05847588,0.09412340,0.02106032,0.00329802,24.92945160,5.55411746,55.77096341,30.94736595,0.18374025,-0.47959098,1.29016423,0.18120614,-0.48486396,1.28051280,9.45972605,0.00000003
3.22000000,SHIFT_WEIGHT,-0.01158564,-0.01956888,0.01122948,-0.07569905,0.06272281,0.31295810,-0.07905071,0.05883610,0.09413439,0.02108014,0.00331784,24.89628576,5.43164472,55.93240919,30.94421473,0.18449731,-0.47805398,1.28849320,0.18208262,-0.48335748,1.27913607,9.49969599,0.00000003
3.23000000,SHIFT_WEIGHT,-0.01169777,-0.01974379,0.01132578,-0.07612547,0.06308886,0.31294276,-0.07944849,0.05918003,0.09371192,0.02109775,0.00333545,24.86462442,5.31951150,56.08384297,30.94208078,0.18520930,-0.47660202,1.28690246,0.18291233,-0.48193198,1.27783294,9.53778617,0.00000003
3.24000000,SHIFT_WEIGHT,-0.01180424,-0.01991203,0.01141821,-0.07653227,0.06343738,0.31292775,-0.07982815,0.05950765,0.09330825,0.02111317,0.00335087,24.83428806,5.21840198,56.22538313,30.94085902,0.18587666,-0.47523492,1.28539273,0.18369563,-0.48058690,1.27660311,9.57398540,0.00000002
3.25000000,SHIFT_WEIGHT,-0.01190510,-0.02007353,0.01150667,-0.07691940,0.06376842,0.31291315,-0.08018965,0.05981898,0.09292348,0.02112656,0.00336426,24.80495871,5.12820121,56.35714047,30.94036463,0.18650008,-0.47395223,1.28396440,0.18443297,-0.47932166,1.27544640,9.60828144,0.00000002
3.26000000,SHIFT_WEIGHT,-0.01200041,-0.02022832,0.01159113,-0.07728686,0.06408204,0.31289906,-0.08053298,0.06011408,0.09255766,0.02113812,0.00337582,24.77629320,5.04832827,56.47916239,30.94035039,0.18708044,-0.47275319,1.28261752,0.18512490,-0.47813556,1.27436252,9.64065842,0.00000002
3.27000000,SHIFT_WEIGHT,-0.01209028,-0.02037642,0.01167160,-0.07763469,0.06437835,0.31288560,-0.08085817,0.06039307,0.09221081,0.02114809,0.00338579,24.74801148,4.97802942,56.59142644,30.94054122,0.18761876,-0.47163679,1.28135176,0.18577204,-0.47702773,1.27335107,9.67109745,0.00000002
3.28000000,SHIFT_WEIGHT,-0.01217477,-0.02051785,0.01174812,-0.07796296,0.06465751,0.31287290,-0.08116528,0.06065606,0.09188288,0.02115667,0.00339437,24.71994694,4.91658586,56.69386289,30.94067443,0.18811613,-0.47060177,1.28016648,0.18637511,-0.47599711,1.27241133,9.69957892,0.00000002
3.29000000,SHIFT_WEIGHT,-0.01225396,-0.02065258,0.01182072,-0.07827177,0.06491969,0.31286106,-0.08145440,0.06090322,0.09157382,0.02116405,0.00340175,24.69206067,4.86343055,56.78638671,30.94053365,0.18857369,-0.46964666,1.27906077,0.18693488,-0.47504243,1.27154232,9.72608489,0.00000002
3.30000000,SHIFT_WEIGHT,-0.01232788,-0.02078052,0.01188947,-0.07856127,0.06516512,0.31285019,-0.08172565,0.06113475,0.09128353,0.02117038,0.00340807,24.66442909,4.81819089,56.86892549,30.93996934,0.18899261,-0.46876983,1.27803350,0.18745221,-0.47416218,1.27074274,9.75060089,0.00000002
3.31000000,SHIFT_WEIGHT,-0.01239653,-0.02090154,0.01195443,-0.07883162,0.06539401,0.31284038,-0.08197919,0.06135086,0.09101188,0.02117574,0.00341343,24.63721563,4.78068103,56.94143672,30.93890447,0.18937410,-0.46796944,1.27708333,0.18792806,-0.47335463,1.27001098,9.77311678,0.00000001
3.32000000,SHIFT_WEIGHT,-0.01245992,-0.02101549,0.01201565,-0.07908303,0.06560664,0.31283168,-0.08221518,0.06155179,0.09075874,0.02118020,0.00341790,24.61063626,4.75086629,57.00391340,30.93732765,0.18971938,-0.46724354,1.27620872,0.18836343,-0.47261783,1.26934514,9.79362660,0.00000001
3.33000000,SHIFT_WEIGHT,-0.01251803,-0.02112220,0.01207317,-0.07931571,0.06580329,0.31282415,-0.08243384,0.06173780,0.09052390,0.02118381,0.00342151,24.58492546,4.72881703,57.05638068,30.93527844,0.19002972,-0.46659000,1.27540795,0.18875946,-0.47194962,1.26874308,9.81212780,0.00000001
3.34000000,SHIFT_WEIGHT,-0.01257082,-0.02122153,0.01212703,-0.07952992,0.06598426,0.31281781,-0.08263538,0.06190917,0.09030717,0.02118658,0.00342428,24.56030734,4.71466323,57.09888707,30.93282933,0.19030644,-0.46600651,1.27467912,0.18911735,-0.47134762,1.26820237,9.82862021,0.00000001
3.35000000,SHIFT_WEIGHT,-0.01261826,-0.02131331,0.01217725,-0.07972596,0.06614990,0.31281270,-0.08282008,0.06206622,0.09010829,0.02118850,0.00342620,24.53697384,4.70855636,57.13149395,30.93006838,0.19055089,-0.46549063,1.27402010,0.18943839,-0.47080927,1.26772038,9.84310485,0.00000001
3.36000000,SHIFT_WEIGHT,-0.01266032,-0.02139742,0.01222384,-0.07990415,0.06630057,0.31280882,-0.08298822,0.06220927,0.08992697,0.02118958,0.00342728,24.51507087,4.71064098,57.15426595,30.92708471,0.19076452,-0.46503972,1.27342855,0.18972398,-0.47033180,1.26729423,9.85558310,0.00000001
3.37000000,SHIFT_WEIGHT,-0.01269695,-0.02147376,0.01226680,-0.08006486,0.06643665,0.31280618,-0.08314013,0.06233868,0.08976288,0.02118980,0.00342750,24.49469180,4.72103630,57.16726400,30.92395809,0.19094879,-0.46465098,1.27290194,0.18997562,-0.46991223,1.26692085,9.86605605,0.00000001
3.38000000,SHIFT_WEIGHT,-0.01272812,-0.02154224,0.01230613,-0.08020848,0.06655859,0.31280481,-0.08327617,0.06245485,0.08961567,0.02118916,0.00342686,24.47587735,4.73982635,57.17054147,30.92075259,0.19110528,-0.46432141,1.27243745,0.19019491,-0.46954741,1.26659693,9.87452432,0.00000001
3.39000000,SHIFT_WEIGHT,-0.01275380,-0.02160282,0.01234183,-0.08033547,0.06666683,0.31280472,-0.08339674,0.06255820,0.08948490,0.02118764,0.00342534,24.45862040,4.76705681,57.16414360,30.91751378,0.19123560,-0.46404783,1.27203208,0.19038355,-0.46923396,1.26631896,9.88098816,0.00000001
3.40000000,SHIFT_WEIGHT,-0.01277395,-0.02165546,0.01237388,-0.08044631,0.06676187,0.31280593,-0.08350228,0.06264918,0.08937012,0.02118524,0.00342294,24.44287431,4.80273615,57.14810941,30.91426866,0.19134145,-0.46382688,1.27168254,0.19054335,-0.46896830,1.26608321,9.88544789,0.00000000
3.41000000,SHIFT_WEIGHT,-0.01278856,-0.02170016,0.01240231,-0.08054154,0.06684424,0.31280847,-0.08359327,0.06272827,0.08927082,0.02118197,0.00341967,24.42856311,4.84683930,57.12247570,30.91102724,0.19142460,-0.46365502,1.27138531,0.19067623,-0.46874668,1.26588575,9.88790450,0.00000000
3.42000000,SHIFT_WEIGHT,-0.01279762,-0.02173694,0.01242711,-0.08062174,0.06691451,0.31281235,-0.08367024,0.06279601,0.08918646,0.02117781,0.00341551,24.41559242,4.89931199,57.08728214,30.90778523,0.19148691,-0.46352849,1.27113663,0.19078422,-0.46856509,1.26572243,9.88836039,0.00000000
3.43000000,SHIFT_WEIGHT,-0.01280112,-0.02176582,0.01244831,-0.08068752,0.06697329,0.31281762,-0.08373375,0.06285295,0.08911643,0.02117277,0.00341047,24.40385997,4.96007445,57.04257697,30.90452708,0.19153029,-0.46344339,1.27093250,0.19086945,-0.46841935,1.26558887,9.88682024,0.00000000
3.44000000,SHIFT_WEIGHT,-0.01279908,-0.02178686,0.01246594,-0.08073957,0.06702123,0.31282430,-0.08378439,0.06289969,0.08906009,0.02116686,0.00340456,24.39326502,5.02902393,56.98842254,30.90122895,0.19155677,-0.46339558,1.27076865,0.19093417,-0.46830506,1.26548049,9.88329169,0.00000000
3.45000000,SHIFT_WEIGHT,-0.01279153,-0.02180013,0.01248005,-0.08077859,0.06705903,0.31283242,-0.08382283,0.06293686,0.08901674,0.02116007,0.00339776,24.38371617,5.10603529,56.92490045,30.89786152,0.19156844,-0.46338077,1.27064058,0.19098077,-0.46821759,1.26539251,9.87778615,0.00000000
3.46000000,SHIFT_WEIGHT,-0.01277852,-0.02180570,0.01249071,-0.08080536,0.06708742,0.31284201,-0.08384975,0.06296516,0.08898563,0.02115240,0.00339009,24.37513743,5.19095976,56.85211583,30.89439254,0.19156751,-0.46339444,1.27054357,0.19101173,-0.46815211,1.26531989,9.87031935,0.00000000
3.47000000,SHIFT_WEIGHT,-0.01276010,-0.02180367,0.01249801,-0.08082070,0.06710720,0.31285311,-0.08386590,0.06298529,0.08896597,0.02114385,0.00338154,24.36747252,5.28362199,56.77020065,30.89078907,0.19155626,-0.46343189,1.27047262,0.19102965,-0.46810355,1.26525741,9.86091188,0.00000000
3.48000000,SHIFT_WEIGHT,-0.01273635,-0.02179414,0.01250204,-0.08082546,0.06711918,0.31286572,-0.08387205,0.06299803,0.08895692,0.02113441,0.00337211,24.36068773,5.38381548,56.67931597,30.88701971,0.19153711,-0.46348820,1.27042250,0.19103727,-0.46806664,1.26519962,9.84958949,0.00000000
3.49000000,SHIFT_WEIGHT,-0.01270737,-0.02177722,0.01250292,-0.08082056,0.06712425,0.31287988,-0.08386905,0.06300417,0.08895759,0.02112408,0.00336178,24.35477345,5.49129690,56.57965314,30.88305683,0.19151253,-0.46355823,1.27038773,0.19103744,-0.46803587,1.26514083,9.83638335,0.00000000
3.50000000,SHIFT_WEIGHT,-0.01267328,-0.02175305,0.01250080,-0.08080697,0.06712333,0.31289559,-0.08385776,0.06300458,0.08896703,0.02111284,0.00335054,24.34974499,5.60577934,56.47143399,30.87887905,0.19148516,-0.46363663,1.27036257,0.19103314,-0.46800550,1.26507514,9.82133010,0.00000000
3.51000000,LIFT_LEG,-0.01263420,-0.02172177,0.01249581,-0.08078570,0.06711739,0.31291285,-0.08383912,0.06300014,0.08898425,0.02110067,0.00333837,24.34548075,5.72580244,56.35483114,30.87385061,0.19145768,-0.46371787,1.27034111,0.19102713,-0.46797058,1.26499776,9.80447250,0.00000000
3.52000000,LIFT_LEG,-0.01259051,-0.02168366,0.01248814,-0.08075781,0.06710743,0.31293164,-0.08381408,0.06299178,0.08900823,0.02108766,0.00332535,24.34202171,5.84565653,56.23070816,30.86532408,0.19143252,-0.46379709,1.27031845,0.19102041,-0.46793153,1.26491125,9.78600887,0.00000007
3.53000000,LIFT_LEG,-0.01254313,-0.02163925,0.01247802,-0.08072433,0.06709440,0.31295182,-0.08378360,0.06298040,0.08903800,0.02107407,0.00331177,24.33921506,5.96019061,56.10145213,30.85310936,0.19141121,-0.46387131,1.27029230,0.19101341,-0.46789092,1.26482126,9.76634880,0.00000006
3.54000000,LIFT_LEG,-0.01249327,-0.02158930,0.01246572,-0.08068624,0.06707923,0.31297314,-0.08374862,0.06296685,0.08907262,0.02106034,0.00329804,24.33816315,6.06541668,55.96994950,30.83713084,0.19139461,-0.46393928,1.27026255,0.19100662,-0.46785147,1.26473386,9.74594299,0.00000001
3.55000000,LIFT_LEG,-0.01244220,-0.02153461,0.01245154,-0.08064448,0.06706272,0.31299524,-0.08371002,0.06295193,0.08911121,0.02104686,0.00328456,24.34099485,6.15867701,55.83906615,30.81711653,0.19138314,-0.46400095,1.27023080,0.19100050,-0.46781588,1.26465502,9.72523882,0.00000007
3.56000000,LIFT_LEG,-0.01239095,-0.02147599,0.01243577,-0.08059992,0.06704558,0.31301764,-0.08366865,0.06293629,0.08915293,0.02103402,0.00327171,24.34946981,6.23849007,55.71148029,30.79374221,0.19137700,-0.46405719,1.27019980,0.19099547,-0.46778666,1.26459029,9.70465689,0.00000000
3.57000000,LIFT_LEG,-0.01234043,-0.02141413,0.01241869,-0.08055337,0.06702841,0.31303981,-0.08362527,0.06292052,0.08919698,0.02102208,0.00325978,24.36392367,6.30439535,55.58942255,30.76925363,0.19137616,-0.46410934,1.27017312,0.19099193,-0.46776610,1.26454473,9.68457503,0.00000000
3.58000000,LIFT_LEG,-0.01229133,-0.02134962,0.01240050,-0.08050558,0.06701166,0.31306120,-0.08358060,0.06290507,0.08924262,0.02101129,0.00324899,24.38602085,6.35659484,55.47476170,30.74438223,0.19138042,-0.46415906,1.27015488,0.19099023,-0.46775620,1.26452282,9.66532106,0.00000000
3.59000000,LIFT_LEG,-0.01224409,-0.02128298,0.01238135,-0.08045723,0.06699569,0.31308126,-0.08353532,0.06289028,0.08928913,0.02100180,0.00323949,24.41644647,6.39561155,55.36892300,30.72046394,0.19138949,-0.46420815,1.27014932,0.19099067,-0.46775876,1.26452847,9.64716190,0.00000000
3.60000000,LIFT_LEG,-0.01219896,-0.02121471,0.01236135,-0.08040897,0.06698074,0.31309947,-0.08349004,0.06287639,0.08933587,0.02099372,0.00323141,24.45543039,6.42225900,55.27288606,30.69876518,0.19140299,-0.46425841,1.27016062,0.19099352,-0.46777531,1.26456514,9.63030055,0.00000000
3.61000000,LIFT_LEG,-0.01215596,-0.02114533,0.01234053,-0.08036136,0.06696694,0.31311542,-0.08344531,0.06286356,0.08938225,0.02098717,0.00322487,24.50268699,6.43748031,55.18721682,30.68043673,0.19142044,-0.46431173,1.27019290,0.19099901,-0.46780723,1.26463586,9.61487861,0.00000000
3.62000000,LIFT_LEG,-0.01211497,-0.02107534,0.01231885,-0.08031492,0.06695433,0.31312875,-0.08340163,0.06285182,0.08942772,0.02098226,0.00321996,24.55748677,6.44136508,55.11203641,30.66651627,0.19144129,-0.46436983,1.27024981,0.19100736,-0.46785572,1.26474329,9.60097054,0.00000000
3.63000000,LIFT_LEG,-0.01207565,-0.02100527,0.01229621,-0.08027011,0.06694287,0.31313922,-0.08335946,0.06284117,0.08947179,0.02097906,0.00321676,24.61880297,6.43397881,55.04703377,30.65792614,0.19146494,-0.46443427,1.27033445,0.19101873,-0.46792177,1.26488963,9.58858686,0.00000000
3.64000000,LIFT_LEG,-0.01203749,-0.02093558,0.01227246,-0.08022733,0.06693246,0.31314667,-0.08331918,0.06283151,0.08951405,0.02097760,0.00321530,24.68542044,6.41551703,54.99154785,30.65546260,0.19149069,-0.46450645,1.27044946,0.19103327,-0.46800620,1.26507669,9.57768456,0.00000000
3.65000000,LIFT_LEG,-0.01199984,-0.02086665,0.01224736,-0.08018690,0.06692291,0.31315101,-0.08328112,0.06282268,0.08955416,0.02097790,0.00321560,24.75603362,6.38631439,54.94464817,30.65980201,0.19151781,-0.46458765,1.27059706,0.19105108,-0.46810960,1.26530580,9.56817628,0.00000000
3.66000000,LIFT_LEG,-0.01196194,-0.02079879,0.01222061,-0.08014908,0.06691401,0.31315226,-0.08324552,0.06281450,0.08959185,0.02097994,0.00321763,24.82933342,6.34684418,54.90520837,30.67150908,0.19154555,-0.46467900,1.27077907,0.19107224,-0.46823241,1.26557792,9.55993905,0.00000000
3.67000000,LIFT_LEG,-0.01192295,-0.02073221,0.01219186,-0.08011405,0.06690548,0.31315046,-0.08321258,0.06280673,0.08962695,0.02098367,0.00322137,24.90408166,6.29771102,54.87197111,30.69104163,0.19157313,-0.46478153,1.27099700,0.19109681,-0.46837489,1.26589363,9.55282249,0.00000000
3.68000000,LIFT_LEG,-0.01188202,-0.02066704,0.01216076,-0.08008189,0.06689704,0.31314573,-0.08318239,0.06279909,0.08965936,0.02098904,0.00322674,24.97917140,6.23963642,54.84360385,30.71875132,0.19159979,-0.46489618,1.27125203,0.19112480,-0.46853714,1.26625319,9.54665634,0.00000000
3.69000000,LIFT_LEG,-0.01183826,-0.02060327,0.01212691,-0.08005264,0.06688837,0.31313820,-0.08315499,0.06279130,0.08968907,0.02099596,0.00323366,25.05367208,6.17343750,54.81874593,30.75488133,0.19162481,-0.46502379,1.27154505,0.19115622,-0.46871915,1.26665656,9.54125734,0.00000000
3.70000000,LIFT_LEG,-0.01179083,-0.02054082,0.01208995,-0.08002623,0.06687917,0.31312803,-0.08313034,0.06278308,0.08971615,0.02100433,0.00324203,25.12685948,6.09993117,54.79604718,30.79956328,0.19164755,-0.46516515,1.27187668,0.19119105,-0.46892078,1.26710344,9.53643510,0.00000000
3.71000000,LIFT_LEG,-0.01173892,-0.02047950,0.01204951,-0.08000253,0.06686912,0.31311543,-0.08310833,0.06277414,0.08974074,0.02101401,0.00325171,25.19826148,6.01933159,54.77416868,30.85283953,0.19166741,-0.46532089,1.27224717,0.19122926,-0.46914178,1.26759330,9.53199361,0.00000001
3.72000000,LIFT_LEG,-0.01168175,-0.02041896,0.01200528,-0.07998136,0.06685794,0.31310056,-0.08308880,0.06276421,0.08976307,0.02102481,0.00326251,25.26732616,5.93226603,54.75176702,30.91506365,0.19168387,-0.46549154,1.27265637,0.19127079,-0.46938179,1.26812534,9.52773326,0.00000008
3.73000000,LIFT_LEG,-0.01161857,-0.02035879,0.01195698,-0.07996244,0.06684533,0.31308361,-0.08307150,0.06275302,0.08978340,0.02103649,0.00327419,25.33524770,5.83971810,54.72770308,30.98508760,0.19169654,-0.46567756,1.27310398,0.19131557,-0.46964033,1.26869853,9.52346797,0.00000001
3.74000000,LIFT_LEG,-0.01154875,-0.02029848,0.01190439,-0.07994546,0.06683105,0.31306477,-0.08305614,0.06274033,0.08980209,0.02104883,0.00328653,25.40121215,5.74273282,54.70076827,31.06344893,0.19170507,-0.46587942,1.27358952,0.19136352,-0.46991689,1.26931172,9.51900990,0.00000001
3.75000000,LIFT_LEG,-0.01147179,-0.02023742,0.01184735,-0.07993005,0.06681487,0.31304419,-0.08304240,0.06272593,0.08981951,0.02106159,0.00329928,25.46591880,5.64245756,54.67005615,31.14980645,0.19170921,-0.46609754,1.27411251,0.19141455,-0.47021089,1.26996366,9.51419721,0.00000001
3.76000000,LIFT_LEG,-0.01138728,-0.02017501,0.01178575,-0.07991581,0.06679660,0.31302205,-0.08302991,0.06270965,0.08983608,0.02107455,0.00331225,25.52986683,5.53993680,54.63471302,31.24359245,0.19170886,-0.46633235,1.27467228,0.19146857,-0.47052175,1.27065306,9.50887349,0.00000001
3.77000000,LIFT_LEG,-0.01129496,-0.02011063,0.01171957,-0.07990232,0.06677610,0.31299851,-0.08301826,0.06269132,0.08985225,0.02108755,0.00332525,25.59359628,5.43611932,54.59402754,31.34424350,0.19170401,-0.46658426,1.27526812,0.19152548,-0.47084888,1.27137865,9.50289858,0.00000001
3.78000000,LIFT_LEG,-0.01119470,-0.02004368,0.01164889,-0.07988913,0.06675326,0.31297374,-0.08300704,0.06267086,0.08986847,0.02110044,0.00333814,25.65766064,5.33179543,54.54740437,31.45109941,0.19169477,-0.46685364,1.27589921,0.19158521,-0.47119172,1.27213920,9.49614664,0.00000001
3.79000000,LIFT_LEG,-0.01108647,-0.01997359,0.01157382,-0.07987581,0.06672802,0.31294789,-0.08299585,0.06264819,0.08988518,0.02111312,0.00335081,25.72261755,5.22757074,54.49435699,31.56341305,0.19168135,-0.46714085,1.27656463,0.19164766,-0.47154972,1.27293349,9.48850656,0.00000001
3.80000000,LIFT_LEG,-0.01097037,-0.01989983,0.01149456,-0.07986192,0.06670035,0.31292113,-0.08298427,0.06262329,0.08990282,0.02112551,0.00336321,25.78901859,5.12386318,54.43450126,31.68037406,0.19166404,-0.46744617,1.27726340,0.19171275,-0.47192236,1.27376036,9.47988220,0.00000001
3.81000000,LIFT_LEG,-0.01084658,-0.01982188,0.01141136,-0.07984704,0.06667027,0.31289363,-0.08297190,0.06259616,0.08992182,0.02113760,0.00337530,25.85740301,5.02092061,54.36755050,31.80113729,0.19164323,-0.46776981,1.27799443,0.19178041,-0.47230911,1.27461871,9.47019263,0.00000001
3.82000000,LIFT_LEG,-0.01071537,-0.01973929,0.01132451,-0.07983076,0.06663784,0.31286554,-0.08295837,0.06256685,0.08994258,0.02114938,0.00338708,25.92829315,4.91885235,54.29331185,31.92485274,0.19161933,-0.46811192,1.27875657,0.19185056,-0.47270949,1.27550743,9.45937223,0.00000001
3.83000000,LIFT_LEG,-0.01057707,-0.01965165,0.01123434,-0.07981273,0.06660312,0.31283701,-0.08294330,0.06253541,0.08996545,0.02116086,0.00339856,26.00218919,4.81766722,54.21168321,32.05069450,0.19159281,-0.46847253,1.27954861,0.19192312,-0.47312299,1.27642543,9.44737079,0.00000001
3.84000000,LIFT_LEG,-0.01043204,-0.01955859,0.01114117,-0.07979258,0.06656624,0.31280818,-0.08292638,0.06250196,0.08999078,0.02117207,0.00340977,26.07956214,4.71731107,54.12264993,32.17788617,0.19156413,-0.46885161,1.28036931,0.19199802,-0.47354912,1.27737165,9.43415328,0.00000001
3.85000000,LIFT_LEG,-0.01028068,-0.01945978,0.01104535,-0.07977003,0.06652730,0.31277918,-0.08290732,0.06246659,0.09001886,0.02118305,0.00342075,26.16084461,4.61769888,54.02628069,32.30572149,0.19153377,-0.46924902,1.28121738,0.19207517,-0.47398739,1.27834498,9.41969950,0.00000001
3.86000000,LIFT_LEG,-0.01012340,-0.01935496,0.01094719,-0.07974480,0.06648645,0.31275012,-0.08288585,0.06242943,0.09004994,0.02119383,0.00343153,26.24641982,4.51873896,53.92272188,32.43357932,0.19150219,-0.46966452,1.28209154,0.19215451,-0.47443728,1.27934433,9.40400338,0.00000001
3.87000000,LIFT_LEG,-0.00996062,-0.01924392,0.01084699,-0.07971668,0.06644384,0.31272107,-0.08286175,0.06239061,0.09008425,0.02120444,0.00344214,26.33661000,4.42034851,53.81219058,32.56093293,0.19146980,-0.47009780,1.28299052,0.19223596,-0.47489830,1.28036857,9.38707216,0.00000001
3.88000000,LIFT_LEG,-0.00979274,-0.01912651,0.01074502,-0.07968547,0.06639960,0.31269213,-0.08283484,0.06235027,0.09012196,0.02121492,0.00345262,26.43166517,4.32246146,53.69496627,32.68735407,0.19143699,-0.47054843,1.28391306,0.19231942,-0.47536991,1.28141654,9.36892530,0.00000001
3.89000000,LIFT_LEG,-0.00962015,-0.01900264,0.01064150,-0.07965104,0.06635388,0.31266333,-0.08280499,0.06230854,0.09016318,0.02122530,0.00346300,26.53175375,4.22503030,53.57138157,32.81251250,0.19140410,-0.47101593,1.28485791,0.19240483,-0.47585158,1.28248709,9.34959327,0.00000001
3.90000000,LIFT_LEG,-0.00944323,-0.01887229,0.01053662,-0.07961331,0.06630683,0.31263472,-0.08277210,0.06226556,0.09020801,0.02123560,0.00347330,26.63695582,4.12802386,53.44181273,32.93617202,0.19137143,-0.47149970,1.28582388,0.19249208,-0.47634277,1.28357902,9.32911628,0.00000001
3.91000000,LIFT_LEG,-0.00926234,-0.01873549,0.01043053,-0.07957222,0.06625859,0.31260631,-0.08273610,0.06222144,0.09025649,0.02124583,0.00348353,26.74725978,4.03142298,53.30667023,33.05818382,0.19133922,-0.47199910,1.28680976,0.19258109,-0.47684292,1.28469111,9.30754306,0.00000001
3.92000000,LIFT_LEG,-0.00907780,-0.01859236,0.01032332,-0.07952776,0.06620927,0.31257811,-0.08269700,0.06217632,0.09030860,0.02125602,0.00349372,26.86256257,3.93521558,53.16639002,33.17847794,0.19130769,-0.47251339,1.28781441,0.19267178,-0.47735149,1.28582213,9.28492963,0.00000001
3.93000000,LIFT_LEG,-0.00888992,-0.01844306,0.01021507,-0.07947997,0.06615899,0.31255012,-0.08265480,0.06213030,0.09036430,0.02126618,0.00350388,26.98267353,3.83939223,53.02142577,33.29705371,0.19127697,-0.47304176,1.28883666,0.19276405,-0.47786789,1.28697084,9.26133814,0.00000001
3.94000000,LIFT_LEG,-0.00869899,-0.01828782,0.01010582,-0.07942893,0.06610787,0.31252231,-0.08260958,0.06208349,0.09042350,0.02127632,0.00351402,27.10732141,3.74394282,52.87224224,33.41396942,0.19124720,-0.47358337,1.28987539,0.19285780,-0.47839156,1.28813597,9.23683592,0.00000001
3.95000000,LIFT_LEG,-0.00850526,-0.01812692,0.00999556,-0.07937475,0.06605599,0.31249468,-0.08256142,0.06203597,0.09048608,0.02128646,0.00352416,27.23616393,3.64885457,52.71930987,33.52933191,0.19121843,-0.47413729,1.29092948,0.19295295,-0.47892192,1.28931624,9.21149451,0.00000001
3.96000000,LIFT_LEG,-0.00830899,-0.01796069,0.00988430,-0.07931758,0.06600345,0.31246718,-0.08251047,0.06198782,0.09055188,0.02129660,0.00353430,27.36879927,3.55411140,52.56310055,33.64328617,0.19119071,-0.47470259,1.29199781,0.19304939,-0.47945838,1.29051037,9.18538887,0.00000001
3.97000000,LIFT_LEG,-0.00811041,-0.01778951,0.00977200,-0.07925759,0.06595033,0.31243979,-0.08245687,0.06193913,0.09062072,0.02130677,0.00354446,27.50477867,3.45969431,52.40408436,33.75600514,0.19116406,-0.47527828,1.29307926,0.19314702,-0.48000036,1.29171705,9.15859667,0.00000001
3.98000000,LIFT_LEG,-0.00790973,-0.01761378,0.00965865,-0.07919500,0.06589668,0.31241248,-0.08240081,0.06188996,0.09069239,0.02131696,0.00355466,27.64361940,3.36558250,52.24272712,33.86768003,0.19113845,-0.47586334,1.29417272,0.19324575,-0.48054726,1.29293497,9.13119764,0.00000001
3.99000000,LIFT_LEG,-0.00770718,-0.01743395,0.00954421,-0.07913002,0.06584259,0.31238520,-0.08234250,0.06184036,0.09076664,0.02132720,0.00356490,27.78481752,3.27175497,52.07948860,33.97851109,0.19111387,-0.47645677,1.29527706,0.19334547,-0.48109849,1.29416282,9.10327295,0.00000001
4.00000000,LIFT_LEG,-0.00750295,-0.01725046,0.00942868,-0.07906289,0.06578810,0.31235791,-0.08228217,0.06179040,0.09084323,0.02133750,0.00357520,27.92785974,3.17819225,51.91482101,34.08869906,0.19109027,-0.47705754,1.29639115,0.19344609,-0.48165345,1.29539926,9.07490466,0.00000001
4.01000000,LIFT_LEG,-0.00729727,-0.01706381,0.00931203,-0.07899389,0.06573327,0.31233059,-0.08222004,0.06174013,0.09092190,0.02134787,0.00358556,28.07223425,3.08487802,51.74916784,34.19843732,0.19106759,-0.47766464,1.29751383,0.19354748,-0.48221153,1.29664296,9.04617518,0.00000001
4.02000000,LIFT_LEG,-0.00709034,-0.01687447,0.00919428,-0.07892326,0.06567815,0.31230320,-0.08215636,0.06168958,0.09100236,0.02135831,0.00359601,28.21743990,2.99180065,51.58296263,34.30790487,0.19104577,-0.47827706,1.29864395,0.19364956,-0.48277213,1.29789258,9.01716670,0.00000001
4.03000000,LIFT_LEG,-0.00688239,-0.01668294,0.00907545,-0.07885130,0.06562279,0.31227570,-0.08209140,0.06163881,0.09108435,0.02136886,0.00360655,28.36299394,2.89895443,51.41662788,34.41726031,0.19102476,-0.47889381,1.29978034,0.19375221,-0.48333465,1.29914676,8.98796067,0.00000001
4.04000000,LIFT_LEG,-0.00667364,-0.01648970,0.00895561,-0.07877827,0.06556723,0.31224807,-0.08202540,0.06158786,0.09116757,0.02137950,0.00361720,28.50843798,2.80634057,51.25057374,34.52663666,0.19100449,-0.47951394,1.30092180,0.19385532,-0.48389846,1.30040415,8.95863730,0.00000001
4.05000000,LIFT_LEG,-0.00646432,-0.01629524,0.00883481,-0.07870445,0.06551153,0.31222027,-0.08195862,0.06153678,0.09125175,0.02139027,0.00362797,28.65334245,2.71396800,51.08519672,34.63613737,0.19098490,-0.48013652,1.30206714,0.19395878,-0.48446297,1.30166340,8.92927499,0.00000001
4.06000000,LIFT_LEG,-0.00625469,-0.01610003,0.00871316,-0.07863011,0.06545574,0.31219229,-0.08189131,0.06148561,0.09133662,0.02140116,0.00363886,28.79730950,2.62185403,50.92087823,34.74583328,0.19096595,-0.48076066,1.30321513,0.19406249,-0.48502756,1.30292313,8.89994986,0.00000001
4.07000000,LIFT_LEG,-0.00604499,-0.01590452,0.00859078,-0.07855551,0.06539991,0.31216411,-0.08182373,0.06143440,0.09142190,0.02141220,0.00364989,28.93997467,2.53002480,50.75798317,34.85576073,0.19094760,-0.48138548,1.30436454,0.19416633,-0.48559162,1.30418198,8.87073527,0.00000001
4.08000000,LIFT_LEG,-0.00583550,-0.01570918,0.00846780,-0.07848090,0.06534409,0.31213571,-0.08175609,0.06138320,0.09150734,0.02142338,0.00366108,29.08100733,2.43851573,50.59685843,34.96592065,0.19092980,-0.48201017,1.30551413,0.19427018,-0.48615453,1.30543858,8.84170136,0.00000001
4.09000000,LIFT_LEG,-0.00562648,-0.01551441,0.00834439,-0.07840653,0.06528835,0.31210709,-0.08168864,0.06133205,0.09159269,0.02143472,0.00367242,29.22011028,2.34737184,50.43783157,35.07627866,0.19091254,-0.48263394,1.30666263,0.19437394,-0.48671568,1.30669156,8.81291467,0.00000001
4.10000000,LIFT_LEG,-0.00541822,-0.01532062,0.00822073,-0.07833262,0.06523274,0.31207825,-0.08162158,0.06128103,0.09167773,0.02144623,0.00368393,29.35701855,2.25664798,50.28120953,35.18676609,0.19089579,-0.48325603,1.30780878,0.19447748,-0.48727445,1.30793954,8.78443780,0.00000001
4.11000000,LIFT_LEG,-0.00521101,-0.01512820,0.00809701,-0.07825939,0.06517733,0.31204920,-0.08155512,0.06123018,0.09176222,0.02145792,0.00369562,29.49149771,2.16640900,50.12727754,35.29728174,0.19087954,-0.48387573,1.30895128,0.19458069,-0.48783024,1.30918114,8.75632910,0.00000001
4.12000000,LIFT_LEG,-0.00500514,-0.01493751,0.00797342,-0.07818703,0.06512219,0.31201994,-0.08148943,0.06117956,0.09184597,0.02146979,0.00370749,29.62334170,2.07672977,49.97629834,35.40769442,0.19086379,-0.48449235,1.31008884,0.19468346,-0.48838242,1.31041500,8.72864249,0.00000001
4.13000000,LIFT_LEG,-0.00480091,-0.01474889,0.00785019,-0.07811573,0.06506738,0.31199050,-0.08142470,0.06112924,0.09192878,0.02148185,0.00371954,29.75237057,1.98769503,49.82851150,35.51784593,0.19084854,-0.48510525,1.31122019,0.19478566,-0.48893039,1.31163974,8.70142727,0.00000001
4.14000000,LIFT_LEG,-0.00459860,-0.01456265,0.00772753,-0.07804564,0.06501298,0.31196090,-0.08136107,0.06107928,0.09201050,0.02149410,0.00373180,29.87842799,1.89939908,49.68413320,35.62755462,0.19083381,-0.48571379,1.31234401,0.19488718,-0.48947353,1.31285399,8.67472806,0.00000001
4.15000000,LIFT_LEG,-0.00439853,-0.01437908,0.00760566,-0.07797691,0.06495906,0.31193117,-0.08129868,0.06102975,0.09209096,0.02150655,0.00374425,30.00137845,1.81202466,49.54335669,35.73661865,0.19081960,-0.48631737,1.31345902,0.19498790,-0.49001124,1.31405638,8.64858486,0.00000001
4.16000000,LIFT_LEG,-0.00420098,-0.01419846,0.00748480,-0.07790967,0.06490570,0.31190135,-0.08123765,0.06098072,0.09217003,0.02151923,0.00375693,30.12107868,1.72621075,49.40638572,35.84479896,0.19080595,-0.48691544,1.31456407,0.19508770,-0.49054293,1.31524558,8.62303701,0.00000001
4.17000000,LIFT_LEG,-0.00400628,-0.01402107,0.00736517,-0.07784404,0.06485297,0.31187149,-0.08117809,0.06093225,0.09224758,0.02153219,0.00376989,30.23735629,1.64193820,49.27343504,35.95183077,0.19079295,-0.48750746,1.31565806,0.19518646,-0.49106802,1.31642031,8.59812246,0.00000001
4.18000000,LIFT_LEG,-0.00381478,-0.01384717,0.00724701,-0.07778012,0.06480095,0.31184164,-0.08112010,0.06088443,0.09232350,0.02154549,0.00378319,30.35006239,1.55905193,49.14465806,36.05745570,0.19078065,-0.48809283,1.31673978,0.19528408,-0.49158597,1.31757934,8.57386989,0.00000001
4.19000000,LIFT_LEG,-0.00362676,-0.01367702,0.00713053,-0.07771799,0.06474973,0.31181187,-0.08106375,0.06083731,0.09239769,0.02155916,0.00379686,30.45908822,1.47749737,49.02015868,36.16141482,0.19076913,-0.48867098,1.31780797,0.19538045,-0.49209624,1.31872143,8.55030167,0.00000001
4.20000000,LIFT_LEG,-0.00344249,-0.01351081,0.00701597,-0.07765772,0.06469938,0.31178223,-0.08100912,0.06079098,0.09247007,0.02157322,0.00381091,30.56436562,1.39729728,48.90000928,36.26345390,0.19075844,-0.48924134,1.31886138,0.19547545,-0.49259826,1.31984531,8.52743583,0.00000001
4.21000000,LIFT_LEG,-0.00326224,-0.01334873,0.00690353,-0.07759936,0.06464997,0.31175279,-0.08095624,0.06074550,0.09254057,0.02158767,0.00382537,30.66586061,1.31852598,48.78426244,36.36333132,0.19074862,-0.48980335,1.31989877,0.19556896,-0.49309147,1.32094973,8.50528692,0.00000001
4.22000000,LIFT_LEG,-0.00308624,-0.01319091,0.00679341,-0.07754297,0.06460158,0.31172361,-0.08090516,0.06070093,0.09260914,0.02160251,0.00384021,30.76356490,1.24128890,48.67295723,36.46082365,0.19073969,-0.49035646,1.32091893,0.19566088,-0.49357533,1.32203343,8.48386655,0.00000001
4.23000000,LIFT_LEG,-0.00291471,-0.01303749,0.00668579,-0.07748856,0.06455428,0.31169474,-0.08085591,0.06065735,0.09267573,0.02161773,0.00385542,30.85748787,1.16570740,48.56612152,36.55572817,0.19073167,-0.49090014,1.32192066,0.19575109,-0.49404928,1.32309516,8.46318346,0.00000001
4.24000000,LIFT_LEG,-0.00274784,-0.01288854,0.00658085,-0.07743615,0.06450812,0.31166626,-0.08080850,0.06061481,0.09274031,0.02163329,0.00387099,30.94765038,1.09190817,48.46377200,36.64786310,0.19072457,-0.49143383,1.32290282,0.19583947,-0.49451277,1.32413371,8.44324368,0.00000001
4.25000000,LIFT_LEG,-0.00258581,-0.01274416,0.00647873,-0.07738575,0.06446317,0.31163821,-0.08076294,0.06057336,0.09280287,0.02164917,0.00388687,31.03408008,1.02001617,48.36591322,36.73706683,0.19071839,-0.49195701,1.32386426,0.19592591,-0.49496529,1.32514787,8.42405057,0.00000001
4.26000000,LIFT_LEG,-0.00242877,-0.01260441,0.00637958,-0.07733735,0.06441947,0.31161064,-0.08071921,0.06053305,0.09286339,0.02166533,0.00390303,31.11680847,0.95015023,48.27253660,36.82319670,0.19071312,-0.49246915,1.32480391,0.19601031,-0.49540633,1.32613649,8.40560484,0.00000001
4.27000000,LIFT_LEG,-0.00227687,-0.01246934,0.00628351,-0.07729095,0.06437707,0.31158361,-0.08067731,0.06049392,0.09292187,0.02168172,0.00391942,31.19586888,0.88242052,48.18361999,36.90612816,0.19070876,-0.49296971,1.32572069,0.19609255,-0.49583539,1.32709845,8.38790470,0.00000001
4.28000000,LIFT_LEG,-0.00213021,-0.01233898,0.00619063,-0.07724651,0.06433601,0.31155716,-0.08063721,0.06045601,0.09297833,0.02169829,0.00393598,31.27129546,0.81692735,48.09912776,36.98575402,0.19070529,-0.49345818,1.32661358,0.19617255,-0.49625199,1.32803268,8.37094604,0.00000001
4.29000000,LIFT_LEG,-0.00198890,-0.01221337,0.00610103,-0.07720402,0.06429633,0.31153135,-0.08059890,0.06041936,0.09303276,0.02171497,0.00395267,31.34312271,0.75376085,48.01901153,37.06198411,0.19070268,-0.49393405,1.32748160,0.19625019,-0.49665569,1.32893814,8.35472261,0.00000001
4.30000000,LIFT_LEG,-0.00185301,-0.01209251,0.00601477,-0.07716344,0.06425805,0.31150620,-0.08056233,0.06038398,0.09308519,0.02173171,0.00396941,31.41138552,0.69300120,47.94321138,37.13474494,0.19070090,-0.49439681,1.32832380,0.19632538,-0.49704607,1.32981386,8.33922630,0.00000001
4.31000000,LIFT_LEG,-0.00172260,-0.01197641,0.00593193,-0.07712473,0.06422120,0.31148177,-0.08052748,0.06034991,0.09313564,0.02174844,0.00398614,31.47611942,0.63471919,47.87165731,37.20397934,0.19069991,-0.49484599,1.32913929,0.19639805,-0.49742272,1.33065894,8.32444740,0.00000001
4.32000000,LIFT_LEG,-0.00159771,-0.01186506,0.00585254,-0.07708787,0.06418579,0.31145809,-0.08049430,0.06031715,0.09318414,0.02176509,0.00400279,31.53736106,0.57897692,47.80427084,37.26964595,0.19069968,-0.49528110,1.32992723,0.19646809,-0.49778526,1.33147252,8.31037483,0.00000001
4.33000000,LIFT_LEG,-0.00147835,-0.01175845,0.00577665,-0.07705279,0.06415184,0.31143520,-0.08046275,0.06028573,0.09323070,0.02178158,0.00401928,31.59514867,0.52582848,47.74096672,37.33171858,0.19070016,-0.49570171,1.33068681,0.19653544,-0.49813337,1.33225382,8.29699650,0.00000001
4.34000000,LIFT_LEG,-0.00136455,-0.01165655,0.00570427,-0.07701947,0.06411935,0.31141312,-0.08043280,0.06025565,0.09327536,0.02179785,0.00403555,31.64952253,0.47532050,47.68165455,37.39018534,0.19070130,-0.49610740,1.33141732,0.19660003,-0.49846674,1.33300216,8.28429946,0.00000001
4.35000000,LIFT_LEG,-0.00125629,-0.01155934,0.00563541,-0.07698785,0.06408834,0.31139188,-0.08040439,0.06022692,0.09331816,0.02181382,0.00405151,31.70052532,0.42749247,47.62624034,37.44504757,0.19070304,-0.49649779,1.33211810,0.19666178,-0.49878509,1.33371690,8.27227024,0.00000001
4.36000000,LIFT_LEG,-0.00115355,-0.01146676,0.00557009,-0.07695789,0.06405879,0.31137152,-0.08037748,0.06019952,0.09335912,0.02182940,0.00406710,31.74820233,0.38237685,47.57462787,37.49631877,0.19070534,-0.49687252,1.33278854,0.19672065,-0.49908821,1.33439752,8.26089499,0.00000001
4.37000000,LIFT_LEG,-0.00105630,-0.01137879,0.00550829,-0.07692954,0.06403070,0.31135203,-0.08035203,0.06017347,0.09339828,0.02184454,0.00408224,31.79260130,0.34032976,47.52672019,37.54402340,0.19070814,-0.49723130,1.33342815,0.19677660,-0.49937589,1.33504358,8.25015971,0.00000001
4.38000000,LIFT_LEG,-0.00096463,-0.01129540,0.00544999,-0.07690277,0.06400406,0.31133347,-0.08032800,0.06014875,0.09343566,0.02185926,0.00409696,31.83355306,0.30844385,47.48259912,37.58771061,0.19071153,-0.49757541,1.33403747,0.19682958,-0.49964806,1.33565488,8.24007571,0.00000001
4.39000000,LIFT_LEG,-0.00087884,-0.01121666,0.00539516,-0.07687755,0.06397891,0.31131588,-0.08030539,0.06012538,0.09347125,0.02187360,0.00411130,31.87153974,0.27821919,47.44214304,37.62591077,0.19071570,-0.49790623,1.33461607,0.19687962,-0.49990484,1.33623170,8.23062830,0.00000010
4.40000000,LIFT_LEG,-0.00079887,-0.01114258,0.00534370,-0.07685390,0.06395524,0.31129931,-0.08028419,0.06010337,0.09350507,0.02188746,0.00412516,31.90491843,0.24925907,47.40506593,37.66082281,0.19072066,-0.49822300,1.33516282,0.19692671,-0.50014624,1.33677402,8.22177958,0.00000008
4.41000000,LIFT_LEG,-0.00072457,-0.01107305,0.00529548,-0.07683180,0.06393306,0.31128378,-0.08026439,0.06008273,0.09353710,0.02190077,0.00413846,31.93499536,0.22174042,47.37121937,37.69132330,0.19072629,-0.49852477,1.33567722,0.19697083,-0.50037220,1.33728170,8.21351469,0.00000007
4.42000000,LIFT_LEG,-0.00065572,-0.01100798,0.00525039,-0.07681123,0.06391236,0.31126929,-0.08024599,0.06006344,0.09356738,0.02191343,0.00415113,31.96176327,0.19580088,47.34058759,37.71798585,0.19073243,-0.49881074,1.33615910,0.19701196,-0.50058269,1.33775469,8.20582919,0.00000005
4.43000000,LIFT_LEG,-0.00059212,-0.01094729,0.00520828,-0.07679218,0.06389313,0.31125582,-0.08022895,0.06004551,0.09359594,0.02192539,0.00416309,31.98497892,0.17155471,47.31319896,37.74171799,0.19073893,-0.49908031,1.33660850,0.19705011,-0.50077777,1.33819308,8.19872319,0.00000000
4.44000000,LIFT_LEG,-0.00053360,-0.01089090,0.00516904,-0.07677462,0.06387532,0.31124331,-0.08021325,0.06002889,0.09362280,0.02193657,0.00417427,32.00573298,0.14910898,47.28903856,37.76175581,0.19074562,-0.49933306,1.33702564,0.19708530,-0.50095755,1.33859712,8.19219448,0.00000000
4.45000000,LIFT_LEG,-0.00047999,-0.01083870,0.00513257,-0.07675851,0.06385892,0.31123173,-0.08019885,0.06001357,0.09364800,0.02194690,0.00418460,32.02395583,0.12852958,47.26809917,37.77871382,0.19075237,-0.49956868,1.33741089,0.19711755,-0.50112221,1.33896721,8.18624033,0.00000002
4.46000000,LIFT_LEG,-0.00043112,-0.01079061,0.00509879,-0.07674382,0.06384386,0.31122101,-0.08018573,0.05999949,0.09367156,0.02195635,0.00419405,32.03963980,0.10986223,47.25037338,37.79320649,0.19075907,-0.49978703,1.33776472,0.19714690,-0.50127199,1.33930389,8.18085820,0.00000004
4.47000000,LIFT_LEG,-0.00038683,-0.01074653,0.00506763,-0.07673050,0.06383013,0.31121112,-0.08017384,0.05998664,0.09369353,0.02196487,0.00420256,32.05287220,0.09310809,47.23581735,37.80561913,0.19076565,-0.49998807,1.33808772,0.19717342,-0.50140721,1.33960787,8.17604041,0.00000008
4.48000000,LIFT_LEG,-0.00034696,-0.01070635,0.00503905,-0.07671851,0.06381765,0.31120199,-0.08016314,0.05997495,0.09371393,0.02197244,0.00421014,32.06354277,0.07825481,47.22428221,37.81624676,0.19077204,-0.50017191,1.33838060,0.19719717,-0.50152826,1.33987998,8.17177186,0.00000004
4.49000000,LIFT_LEG,-0.00031145,-0.01066991,0.00501297,-0.07670782,0.06380640,0.31119358,-0.08015360,0.05996439,0.09373280,0.02197918,0.00421687,32.07206597,0.06869871,47.21577668,37.82485516,0.19077883,-0.50033895,1.33864455,0.19721823,-0.50163558,1.34012127,8.16805936,0.00000009
4.50000000,LIFT_LEG,-0.00028060,-0.01063718,0.00498926,-0.07669837,0.06379632,0.31118586,-0.08014518,0.05995490,0.09375017,0.02198548,0.00422318,32.08006393,0.06033316,47.21093600,37.82948373,0.19078748,-0.50048995,1.33888075,0.19723676,-0.50172994,1.34033342,8.16497877,0.00000000
4.51000000,LIFT_LEG,-0.00025448,-0.01060817,0.00496784,-0.07669015,0.06378735,0.31117883,-0.08013784,0.05994643,0.09376607,0.02199144,0.00422913,32.08492482,0.05226714,47.20936162,37.83309428,0.19079789,-0.50062548,1.33908982,0.19725290,-0.50181212,1.34051819,8.16246373,0.00000005
4.52000000,LIFT_LEG,-0.00023274,-0.01058281,0.00494861,-0.07668310,0.06377944,0.31117248,-0.08013157,0.05993894,0.09378050,0.02199695,0.00423465,32.08838957,0.04450473,47.21043539,37.83382859,0.19080944,-0.50074612,1.33927266,0.19726678,-0.50188274,1.34067696,8.16043539,0.00000000
4.53000000,LIFT_LEG,-0.00021466,-0.01056071,0.00493145,-0.07667719,0.06377254,0.31116677,-0.08012634,0.05993237,0.09379347,0.02200014,0.00423783,32.09112269,0.00000000,47.21175711,37.83298243,0.19082151,-0.50085804,1.33941727,0.19727847,-0.50194225,1.34081078,8.15863262,0.00000000
4.54000000,LIFT_LEG,-0.00019884,-0.01053938,0.00491497,-0.07667241,0.06376647,0.31116151,-0.08012223,0.05992660,0.09380500,0.02199992,0.00423762,32.09598123,0.02583010,47.21065280,37.82535010,0.19083307,-0.50097058,1.33954107,0.19728780,-0.50198968,1.34091743,8.15686895,0.00000000
4.55000000,LIFT_LEG,-0.00018582,-0.01052022,0.00489901,-0.07666875,0.06376119,0.31115668,-0.08011909,0.05992155,0.09381537,0.02200014,0.00423784,32.09668792,0.00000000,47.21522260,37.82147642,0.19084278,-0.50105863,1.33964534,0.19729510,-0.50202684,1.34100098,8.15585779,0.00000000
4.56000000,LIFT_LEG,-0.00017479,-0.01050453,0.00488413,-0.07666609,0.06375663,0.31115229,-0.08011682,0.05991721,0.09382462,0.02199985,0.00423755,32.09388737,0.01617575,47.22234136,37.82108848,0.19084971,-0.50112563,1.33973266,0.19730068,-0.50205521,1.34106478,8.15516703,0.00000000
4.57000000,LIFT_LEG,-0.00016565,-0.01049275,0.00487086,-0.07666435,0.06375278,0.31114836,-0.08011531,0.05991352,0.09383274,0.02200002,0.00423772,32.08652049,0.00000000,47.23247842,37.82260629,0.19085380,-0.50117419,1.33980436,0.19730478,-0.50207606,1.34111167,8.15490727,0.00000006
4.58000000,LIFT_LEG,-0.00015841,-0.01048472,0.00485968,-0.07666343,0.06374961,0.31114491,-0.08011453,0.05991047,0.09383973,0.02200003,0.00423772,32.07710802,0.00000000,47.24380654,37.82428146,0.19085582,-0.50120878,1.33986112,0.19730766,-0.50209070,1.34114459,8.15490611,0.00000009
4.59000000,LIFT_LEG,-0.00015321,-0.01047977,0.00485089,-0.07666326,0.06374711,0.31114194,-0.08011440,0.05990804,0.09384562,0.02199986,0.00423756,32.06691417,0.01255105,47.25561085,37.82450313,0.19085685,-0.50123383,1.33990416,0.19730954,-0.50210026,1.34116609,8.15513289,0.00000007
4.60000000,LIFT_LEG,-0.00015024,-0.01047739,0.00484474,-0.07666377,0.06374527,0.31113947,-0.08011487,0.05990622,0.09385048,0.02199999,0.00423769,32.05563319,0.01089192,47.26827825,37.82370277,0.19085718,-0.50125030,1.33993515,0.19731068,-0.50210605,1.34117911,8.15563234,0.00000006
4.61000000,LIFT_LEG,-0.00014942,-0.01047667,0.00484115,-0.07666487,0.06374403,0.31113744,-0.08011588,0.05990495,0.09385438,0.02199988,0.00423758,32.04481145,0.00922707,47.27971436,37.82073735,0.19085826,-0.50126345,1.33995403,0.19731129,-0.50210917,1.34118613,8.15617090,0.00000005
4.62000000,LIFT_LEG,-0.00015077,-0.01047715,0.00484000,-0.07666648,0.06374338,0.31113583,-0.08011737,0.05990422,0.09385745,0.02200003,0.00423773,32.03400913,0.00000000,47.29188963,37.81678327,0.19085963,-0.50127309,1.33996485,0.19731167,-0.50211108,1.34119042,8.15698404,0.00000007
4.63000000,HOLD_LEG,-0.00015388,-0.01047820,0.00484094,-0.07666853,0.06374325,0.31113456,-0.08011929,0.05990397,0.09385979,0.02200000,0.00423770,32.02550581,0.00295721,47.30247803,37.81005267,0.19086168,-0.50128353,1.33996949,0.19731205,-0.50211303,1.34119479,8.15773773,0.00000007
4.64000000,HOLD_LEG,-0.00015829,-0.01047956,0.00484362,-0.07667094,0.06374359,0.31113357,-0.08012156,0.05990416,0.09386152,0.02200014,0.00423784,32.01707054,0.00000000,47.31298905,37.80320796,0.19086323,-0.50129492,1.33997163,0.19731258,-0.50211569,1.34120079,8.15860290,0.00000010
4.65000000,HOLD_LEG,-0.00016355,-0.01048131,0.00484777,-0.07667364,0.06374435,0.31113281,-0.08012411,0.05990475,0.09386277,0.02200097,0.00423867,32.00944200,0.00000000,47.32445044,37.79610932,0.19086422,-0.50130468,1.33997528,0.19731322,-0.50211895,1.34120812,8.15966569,0.00000005
4.66000000,HOLD_LEG,-0.00016952,-0.01048373,0.00485324,-0.07667656,0.06374550,0.31113226,-0.08012686,0.05990570,0.09386362,0.02200274,0.00424043,32.00155325,0.00000000,47.33600470,37.78999066,0.19086488,-0.50131181,1.33998097,0.19731399,-0.50212286,1.34121691,8.16076679,0.00000005
4.67000000,HOLD_LEG,-0.00017613,-0.01048697,0.00485993,-0.07667961,0.06374697,0.31113188,-0.08012972,0.05990698,0.09386413,0.02200541,0.00424311,31.99374190,0.00000000,47.34800617,37.78430824,0.19086546,-0.50131722,1.33998859,0.19731489,-0.50212746,1.34122725,8.16195482,0.00000005
4.68000000,HOLD_LEG,-0.00018333,-0.01049093,0.00486767,-0.07668273,0.06374874,0.31113166,-0.08013265,0.05990853,0.09386435,0.02200889,0.00424658,31.98596965,0.00000000,47.36009458,37.77892790,0.19086614,-0.50132195,1.33999797,0.19731592,-0.50213268,1.34123900,8.16319261,0.00000010
4.69000000,HOLD_LEG,-0.00019104,-0.01049542,0.00487630,-0.07668588,0.06375076,0.31113158,-0.08013560,0.05991032,0.09386431,0.02201303,0.00425072,31.97960046,0.00000000,47.37198629,37.77224931,0.19086705,-0.50132670,1.34000884,0.19731705,-0.50213842,1.34125189,8.16444799,0.00000000
4.70000000,HOLD_LEG,-0.00019914,-0.01050023,0.00488561,-0.07668900,0.06375298,0.31113164,-0.08013853,0.05991231,0.09386407,0.02201769,0.00425539,31.97262759,0.00000000,47.38346399,37.76668893,0.19086824,-0.50133177,1.34002094,0.19731824,-0.50214450,1.34126558,8.16569418,0.00000005
4.71000000,HOLD_LEG,-0.00020748,-0.01050516,0.00489542,-0.07669206,0.06375537,0.31113183,-0.08014140,0.05991446,0.09386367,0.02202272,0.00426042,31.96653538,0.00000000,47.39434598,37.76050705,0.19086965,-0.50133724,1.34003394,0.19731948,-0.50215078,1.34127969,8.16690357,0.00000005
4.72000000,HOLD_LEG,-0.00021593,-0.01051005,0.00490552,-0.07669502,0.06375788,0.31113212,-0.08014418,0.05991673,0.09386317,0.02202799,0.00426569,31.96112598,0.00000000,47.40452172,37.75405035,0.19087121,-0.50134303,1.34004752,0.19732072,-0.50215709,1.34129389,8.16805651,0.00000005
4.73000000,HOLD_LEG,-0.00022431,-0.01051477,0.00491573,-0.07669784,0.06376046,0.31113252,-0.08014684,0.05991908,0.09386261,0.02203335,0.00427105,31.95629848,0.00000000,47.41393614,37.74757301,0.19087284,-0.50134902,1.34006139,0.19732194,-0.50216332,1.34130789,8.16913726,0.00000006
4.74000000,HOLD_LEG,-0.00023249,-0.01051924,0.00492588,-0.07670051,0.06376308,0.31113299,-0.08014935,0.05992147,0.09386204,0.02203870,0.00427640,31.95202422,0.00000000,47.42255106,37.74121501,0.19087446,-0.50135506,1.34007523,0.19732313,-0.50216933,1.34132141,8.17013320,0.00000006
4.75000000,HOLD_LEG,-0.00024032,-0.01052340,0.00493583,-0.07670298,0.06376569,0.31113353,-0.08015169,0.05992387,0.09386149,0.02204392,0.00428162,31.94828229,0.00000000,47.43034184,37.73509867,0.19087601,-0.50136103,1.34008880,0.19732425,-0.50217504,1.34133425,8.17103459,0.00000005
4.76000000,HOLD_LEG,-0.00024769,-0.01052719,0.00494542,-0.07670525,0.06376825,0.31113412,-0.08015384,0.05992624,0.09386100,0.02204893,0.00428663,31.94505876,0.00000000,47.43729033,37.72932404,0.19087747,-0.50136679,1.34010186,0.19732530,-0.50218037,1.34134624,8.17183376,0.00000005
4.77000000,HOLD_LEG,-0.00025451,-0.01053058,0.00495454,-0.07670729,0.06377073,0.31113474,-0.08015578,0.05992853,0.09386061,0.02205365,0.00429135,31.94234515,0.00000000,47.44338186,37.72396987,0.19087882,-0.50137225,1.34011422,0.19732626,-0.50218525,1.34135721,8.17252468,0.00000005
4.78000000,HOLD_LEG,-0.00026070,-0.01053350,0.00496307,-0.07670908,0.06377308,0.31113537,-0.08015749,0.05993072,0.09386032,0.02205802,0.00429572,31.94022924,0.00000000,47.44859641,37.71897039,0.19088004,-0.50137731,1.34012571,0.19732712,-0.50218962,1.34136704,8.17310237,0.00000005
4.79000000,HOLD_LEG,-0.00026620,-0.01053594,0.00497092,-0.07671063,0.06377528,0.31113600,-0.08015897,0.05993279,0.09386018,0.02206197,0.00429967,31.93823695,0.00000000,47.45294136,37.71495099,0.19088113,-0.50138192,1.34013617,0.19732787,-0.50219343,1.34137562,8.17356395,0.00000009
4.80000000,HOLD_LEG,-0.00027096,-0.01053786,0.00497802,-0.07671192,0.06377730,0.31113660,-0.08016021,0.05993469,0.09386018,0.02206544,0.00430314,31.93767473,0.00000000,47.45660881,37.71041020,0.19088209,-0.50138599,1.34014541,0.19732850,-0.50219666,1.34138286,8.17393814,0.00000000
4.81000000,HOLD_LEG,-0.00027492,-0.01053925,0.00498430,-0.07671294,0.06377912,0.31113718,-0.08016121,0.05993641,0.09386035,0.02206841,0.00430610,31.93657208,0.00000000,47.45925753,37.70767811,0.19088291,-0.50138949,1.34015338,0.19732902,-0.50219925,1.34138870,8.17416575,0.00000004
4.82000000,HOLD_LEG,-0.00027806,-0.01054007,0.00498973,-0.07671369,0.06378071,0.31113771,-0.08016195,0.05993792,0.09386070,0.02207084,0.00430853,31.93603801,0.00000000,47.46095063,37.70536690,0.19088359,-0.50139242,1.34016008,0.19732940,-0.50220120,1.34139308,8.17426033,0.00000007
4.83000000,HOLD_LEG,-0.00028037,-0.01054033,0.00499427,-0.07671419,0.06378206,0.31113819,-0.08016245,0.05993922,0.09386123,0.02207269,0.00431039,31.93674828,0.00000000,47.46161794,37.70270515,0.19088412,-0.50139472,1.34016535,0.19732963,-0.50220238,1.34139574,8.17421128,0.00000003
4.84000000,HOLD_LEG,-0.00028184,-0.01054001,0.00499791,-0.07671442,0.06378316,0.31113861,-0.08016271,0.05994029,0.09386195,0.02207396,0.00431166,31.93681927,0.00000000,47.46192706,37.70197290,0.19088450,-0.50139639,1.34016917,0.19732976,-0.50220306,1.34139726,8.17411184,0.00000005
4.85000000,HOLD_LEG,-0.00028246,-0.01053912,0.00500065,-0.07671440,0.06378399,0.31113897,-0.08016274,0.05994112,0.09386285,0.02207465,0.00431235,31.93763834,0.00000000,47.46121907,37.70131889,0.19088473,-0.50139744,1.34017162,0.19732976,-0.50220306,1.34139726,8.17386448,0.00000006
4.86000000,HOLD_LEG,-0.00028224,-0.01053766,0.00500249,-0.07671414,0.06378456,0.31113926,-0.08016253,0.05994170,0.09386394,0.02207476,0.00431246,31.93908827,0.00000000,47.45936595,37.70093225,0.19088482,-0.50139790,1.34017273,0.19732962,-0.50220230,1.34139556,8.17344914,0.00000003
4.87000000,HOLD_LEG,-0.00028124,-0.01053567,0.00500346,-0.07671364,0.06378485,0.31113947,-0.08016210,0.05994204,0.09386523,0.02207427,0.00431197,31.94034306,0.00000000,47.45763446,37.70166403,0.19088474,-0.50139768,1.34017225,0.19732938,-0.50220111,1.34139288,8.17305684,0.00000009
4.88000000,HOLD_LEG,-0.00027948,-0.01053318,0.00500359,-0.07671291,0.06378489,0.31113962,-0.08016146,0.05994214,0.09386669,0.02207320,0.00431090,31.94220369,0.00000000,47.45503753,37.70260295,0.19088451,-0.50139680,1.34017025,0.19732901,-0.50219921,1.34138861,8.17253299,0.00000009
4.89000000,HOLD_LEG,-0.00027699,-0.01053022,0.00500290,-0.07671197,0.06378467,0.31113969,-0.08016063,0.05994199,0.09386833,0.02207160,0.00430929,31.94441438,0.00000000,47.45178835,37.70394543,0.19088413,-0.50139530,1.34016688,0.19732852,-0.50219675,1.34138306,8.17190733,0.00000009
4.90000000,HOLD_LEG,-0.00027385,-0.01052681,0.00500144,-0.07671084,0.06378420,0.31113969,-0.08015960,0.05994162,0.09387014,0.02206947,0.00430717,31.94663065,0.00000000,47.44734175,37.70589856,0.19088361,-0.50139317,1.34016212,0.19732787,-0.50219342,1.34137558,8.17110721,0.00000010
4.91000000,HOLD_LEG,-0.00027008,-0.01052303,0.00499928,-0.07670951,0.06378350,0.31113962,-0.08015840,0.05994103,0.09387211,0.02206686,0.00430456,31.94942366,0.00000000,47.44316791,37.70796427,0.19088297,-0.50139050,1.34015606,0.19732717,-0.50218989,1.34136764,8.17033357,0.00000000
4.92000000,HOLD_LEG,-0.00026575,-0.01051890,0.00499646,-0.07670802,0.06378258,0.31113949,-0.08015704,0.05994023,0.09387422,0.02206382,0.00430152,31.95210736,0.00000000,47.43848245,37.71055877,0.19088221,-0.50138731,1.34014891,0.19732639,-0.50218592,1.34135872,8.16948163,0.00000002
4.93000000,HOLD_LEG,-0.00026092,-0.01051446,0.00499307,-0.07670638,0.06378145,0.31113931,-0.08015554,0.05993924,0.09387646,0.02206039,0.00429809,31.95498895,0.00000000,47.43346922,37.71338275,0.19088135,-0.50138367,1.34014073,0.19732554,-0.50218157,1.34134894,8.16857579,0.00000008
4.94000000,HOLD_LEG,-0.00025569,-0.01050973,0.00498915,-0.07670460,0.06378015,0.31113907,-0.08015391,0.05993808,0.09387882,0.02205662,0.00429431,31.95770543,0.00000000,47.42814599,37.71662414,0.19088038,-0.50137961,1.34013164,0.19732461,-0.50217689,1.34133840,8.16762357,0.00000005
4.95000000,HOLD_LEG,-0.00025013,-0.01050476,0.00498478,-0.07670271,0.06377868,0.31113878,-0.08015216,0.05993676,0.09388128,0.02205255,0.00429024,31.96049844,0.00000000,47.42262574,37.72005280,0.19087936,-0.50137520,1.34012172,0.19732364,-0.50217192,1.34132724,8.16663658,0.00000004
4.96000000,HOLD_LEG,-0.00024430,-0.01049960,0.00498003,-0.07670071,0.06377708,0.31113846,-0.08015032,0.05993531,0.09388383,0.02204823,0.00428593,31.96339734,0.00000000,47.41697318,37.72355610,0.19087827,-0.50137048,1.34011111,0.19732262,-0.50216674,1.34131558,8.16562450,0.00000003
4.97000000,HOLD_LEG,-0.00023827,-0.01049428,0.00497498,-0.07669863,0.06377535,0.31113810,-0.08014839,0.05993375,0.09388645,0.02204371,0.00428141,31.96638496,0.00000000,47.41124798,37.72705414,0.19087714,-0.50136551,1.34009991,0.19732156,-0.50216138,1.34130353,8.16459629,0.00000003
4.98000000,HOLD_LEG,-0.00023211,-0.01048887,0.00496970,-0.07669648,0.06377354,0.31113772,-0.08014640,0.05993210,0.09388913,0.02203905,0.00427675,31.96935059,0.00000000,47.40551072,37.73058985,0.19087597,-0.50136034,1.34008825,0.19732049,-0.50215591,1.34129123,8.16356081,0.00000003
4.99000000,HOLD_LEG,-0.00022590,-0.01048340,0.00496427,-0.07669428,0.06377165,0.31113731,-0.08014436,0.05993037,0.09389185,0.02203429,0.00427199,31.97238193,0.00000000,47.39981857,37.73400209,0.19087477,-0.50135501,1.34007626,0.19731940,-0.50215038,1.34127880,8.16252725,0.00000004
5.00000000,HOLD_LEG,-0.00021969,-0.01047793,0.00495876,-0.07669204,0.06376972,0.31113690,-0.08014228,0.05992860,0.09389459,0.02202948,0.00426718,31.97533145,0.00000000,47.39422555,37.73738457,0.19087356,-0.50134959,1.34006405,0.19731831,-0.50214485,1.34126636,8.16150372,0.00000005
5.01000000,HOLD_LEG,-0.00021355,-0.01047249,0.00495324,-0.07668979,0.06376776,0.31113648,-0.08014018,0.05992680,0.09389735,0.02202467,0.00426237,31.97812719,0.00000000,47.38877491,37.74073357,0.19087235,-0.50134413,1.34005174,0.19731723,-0.50213936,1.34125401,8.16049770,0.00000005
5.02000000,HOLD_LEG,-0.00020753,-0.01046713,0.00494777,-0.07668753,0.06376580,0.31113605,-0.08013808,0.05992499,0.09390009,0.02201991,0.00425761,31.98083990,0.00000000,47.38351434,37.74393157,0.19087114,-0.50133866,1.34003945,0.19731617,-0.50213396,1.34124187,8.15951716,0.00000005
5.03000000,HOLD_LEG,-0.00020170,-0.01046188,0.00494241,-0.07668529,0.06376386,0.31113563,-0.08013598,0.05992320,0.09390281,0.02201523,0.00425293,31.98337968,0.00000000,47.37848265,37.74701472,0.19086996,-0.50133325,1.34002729,0.19731513,-0.50212870,1.34123003,8.15856858,0.00000003
5.04000000,HOLD_LEG,-0.00019609,-0.01045678,0.00493723,-0.07668307,0.06376196,0.31113522,-0.08013391,0.05992143,0.09390549,0.02201068,0.00424838,31.98559384,0.00000000,47.37373262,37.75017069,0.19086881,-0.50132795,1.34001536,0.19731413,-0.50212361,1.34121859,8.15765938,0.00000001
5.05000000,HOLD_LEG,-0.00019077,-0.01045185,0.00493228,-0.07668090,0.06376011,0.31113483,-0.08013187,0.05991971,0.09390812,0.02200629,0.00424399,31.98842707,0.00000000,47.36927776,37.75223845,0.19086769,-0.50132278,1.34000376,0.19731317,-0.50211873,1.34120762,8.15679487,0.00000007
5.06000000,HOLD_LEG,-0.00018576,-0.01044714,0.00492760,-0.07667878,0.06375833,0.31113446,-0.08012988,0.05991805,0.09391068,0.02200210,0.00423979,31.99031865,0.00000000,47.36512772,37.75485575,0.19086663,-0.50131779,1.33999257,0.19731226,-0.50211410,1.34119721,8.15597704,0.00000001
5.07000000,HOLD_LEG,-0.00018125,-0.01044272,0.00492324,-0.07667673,0.06375664,0.31113412,-0.08012795,0.05991647,0.09391315,0.02199845,0.00423615,31.99196295,0.01937950,47.36186956,37.75646785,0.19086542,-0.50131407,1.33998502,0.19731142,-0.50210980,1.34118754,8.15527645,0.00000003
5.08000000,HOLD_LEG,-0.00017797,-0.01043933,0.00491951,-0.07667481,0.06375513,0.31113393,-0.08012613,0.05991504,0.09391548,0.02199619,0.00423389,31.99108330,0.02273006,47.35993018,37.75733166,0.19086418,-0.50131140,1.33998201,0.19731078,-0.50210654,1.34118021,8.15470779,0.00000001
5.09000000,HOLD_LEG,-0.00017559,-0.01043694,0.00491658,-0.07667306,0.06375384,0.31113395,-0.08012445,0.05991381,0.09391759,0.02199458,0.00423227,31.98968708,0.02317137,47.35827116,37.75741615,0.19086369,-0.50130861,1.33997826,0.19731032,-0.50210420,1.34117494,8.15419396,0.00000001
5.10000000,HOLD_LEG,-0.00017395,-0.01043523,0.00491444,-0.07667149,0.06375280,0.31113414,-0.08012294,0.05991280,0.09391947,0.02199351,0.00423121,31.98800694,0.02240967,47.35710649,37.75667646,0.19086385,-0.50130615,1.33997426,0.19731002,-0.50210269,1.34117155,8.15378956,0.00000004
5.11000000,HOLD_LEG,-0.00017299,-0.01043395,0.00491307,-0.07667010,0.06375199,0.31113447,-0.08012159,0.05991201,0.09392113,0.02199292,0.00423061,31.98628970,0.02142622,47.35567673,37.75530806,0.19086449,-0.50130412,1.33997044,0.19730979,-0.50210153,1.34116895,8.15338690,0.00000004
5.12000000,HOLD_LEG,-0.00017267,-0.01043291,0.00491242,-0.07666889,0.06375142,0.31113488,-0.08012041,0.05991143,0.09392258,0.02199270,0.00423040,31.98518523,0.01986208,47.35481824,37.75317389,0.19086546,-0.50130250,1.33996695,0.19730966,-0.50210087,1.34116746,8.15310100,0.00000004
5.13000000,HOLD_LEG,-0.00017289,-0.01043206,0.00491240,-0.07666784,0.06375106,0.31113534,-0.08011939,0.05991105,0.09392385,0.02199277,0.00423047,31.98409680,0.01815303,47.35429605,37.75114684,0.19086666,-0.50130131,1.33996390,0.19730959,-0.50210053,1.34116668,8.15288904,0.00000008
5.14000000,HOLD_LEG,-0.00017358,-0.01043135,0.00491296,-0.07666696,0.06375090,0.31113580,-0.08011852,0.05991086,0.09392494,0.02199305,0.00423074,31.98385060,0.01637485,47.35433433,37.74866654,0.19086800,-0.50130050,1.33996132,0.19730959,-0.50210053,1.34116668,8.15277430,0.00000007
5.15000000,HOLD_LEG,-0.00017467,-0.01043075,0.00491397,-0.07666624,0.06375092,0.31113622,-0.08011780,0.05991083,0.09392587,0.02199346,0.00423116,31.98387212,0.01475072,47.35460358,37.74643764,0.19086938,-0.50130002,1.33995917,0.19730959,-0.50210053,1.34116668,8.15271081,0.00000008
5.16000000,HOLD_LEG,-0.00017607,-0.01043029,0.00491535,-0.07666565,0.06375109,0.31113657,-0.08011722,0.05991095,0.09392665,0.02199395,0.00423165,31.98466941,0.01307739,47.35562682,37.74394892,0.19087074,-0.50129980,1.33995741,0.19730966,-0.50210084,1.34116740,8.15276480,0.00000006
5.17000000,HOLD_LEG,-0.00017769,-0.01042994,0.00491698,-0.07666520,0.06375139,0.31113683,-0.08011676,0.05991119,0.09392728,0.02199449,0.00423219,31.98507007,0.01120071,47.35748098,37.74246329,0.19087204,-0.50129985,1.33995622,0.19730980,-0.50210156,1.34116900,8.15295026,0.00000009
5.18000000,HOLD_LEG,-0.00017945,-0.01042969,0.00491877,-0.07666489,0.06375179,0.31113699,-0.08011644,0.05991153,0.09392777,0.02199505,0.00423275,31.98649716,0.00976666,47.35935365,37.74034072,0.19087324,-0.50130011,1.33995558,0.19730993,-0.50210225,1.34117056,8.15314781,0.00000003
5.19000000,HOLD_LEG,-0.00018128,-0.01042956,0.00492064,-0.07666470,0.06375227,0.31113706,-0.08011623,0.05991194,0.09392811,0.02199560,0.00423330,31.98723351,0.00863938,47.36131731,37.73936435,0.19087430,-0.50130051,1.33995541,0.19731007,-0.50210296,1.34117215,8.15336928,0.00000009
5.20000000,HOLD_LEG,-0.00018313,-0.01042955,0.00492250,-0.07666463,0.06375280,0.31113703,-0.08011614,0.05991242,0.09392832,0.02199612,0.00423382,31.98875315,0.00700422,47.36420749,37.73781170,0.19087520,-0.50130098,1.33995565,0.19731027,-0.50210399,1.34117447,8.15373744,0.00000003
5.21000000,HOLD_LEG,-0.00018495,-0.01042967,0.00492429,-0.07666469,0.06375337,0.31113691,-0.08011617,0.05991293,0.09392840,0.02199661,0.00423430,31.98943242,0.00636255,47.36627505,37.73731487,0.19087591,-0.50130148,1.33995624,0.19731042,-0.50210472,1.34117611,8.15399337,0.00000007
5.22000000,HOLD_LEG,-0.00018669,-0.01042993,0.00492595,-0.07666485,0.06375395,0.31113673,-0.08011630,0.05991345,0.09392835,0.02199706,0.00423475,31.99033043,0.00487976,47.36941416,37.73664004,0.19087643,-0.50130198,1.33995712,0.19731064,-0.50210585,1.34117866,8.15441883,0.00000006
5.23000000,HOLD_LEG,-0.00018832,-0.01043034,0.00492746,-0.07666512,0.06375452,0.31113650,-0.08011653,0.05991398,0.09392818,0.02199747,0.00423517,31.99110283,0.00448929,47.37152115,37.73603047,0.19087675,-0.50130245,1.33995826,0.19731079,-0.50210662,1.34118039,8.15469851,0.00000006
5.24000000,HOLD_LEG,-0.00018982,-0.01043089,0.00492878,-0.07666549,0.06375508,0.31113623,-0.08011687,0.05991450,0.09392790,0.02199786,0.00423556,31.99110346,0.00354639,47.37457042,37.73611704,0.19087681,-0.50130292,1.33995969,0.19731102,-0.50210778,1.34118300,8.15513340,0.00000007
5.25000000,HOLD_LEG,-0.00019115,-0.01043160,0.00492993,-0.07666596,0.06375561,0.31113594,-0.08011729,0.05991499,0.09392752,0.02199823,0.00423593,31.99096247,0.00348312,47.37645601,37.73611922,0.19087661,-0.50130338,1.33996137,0.19731117,-0.50210856,1.34118474,8.15540226,0.00000006
5.26000000,HOLD_LEG,-0.00019232,-0.01043245,0.00493090,-0.07666651,0.06375611,0.31113564,-0.08011778,0.05991546,0.09392705,0.02199858,0.00423628,31.99072821,0.00254984,47.37922857,37.73608035,0.19087616,-0.50130380,1.33996319,0.19731140,-0.50210971,1.34118733,8.15581288,0.00000001
5.27000000,HOLD_LEG,-0.00019330,-0.01043343,0.00493172,-0.07666713,0.06375657,0.31113535,-0.08011835,0.05991589,0.09392650,0.02199891,0.00423661,31.98981994,0.00242726,47.38075252,37.73646012,0.19087551,-0.50130418,1.33996508,0.19731155,-0.50211046,1.34118901,8.15604902,0.00000006
5.28000000,HOLD_LEG,-0.00019412,-0.01043452,0.00493239,-0.07666781,0.06375699,0.31113508,-0.08011898,0.05991629,0.09392588,0.02199922,0.00423692,31.98886737,0.00178457,47.38307923,37.73678271,0.19087471,-0.50130453,1.33996699,0.19731176,-0.50211155,1.34119147,8.15641410,0.00000002
5.29000000,HOLD_LEG,-0.00019479,-0.01043569,0.00493295,-0.07666854,0.06375736,0.31113483,-0.08011966,0.05991665,0.09392521,0.02199953,0.00423723,31.98777222,0.00179745,47.38425157,37.73707660,0.19087381,-0.50130499,1.33996894,0.19731190,-0.50211225,1.34119305,8.15661481,0.00000009
5.30000000,HOLD_LEG,-0.00019535,-0.01043691,0.00493340,-0.07666930,0.06375769,0.31113461,-0.08012038,0.05991696,0.09392449,0.02199983,0.00423753,31.98630645,0.00138379,47.38611684,37.73756327,0.19087284,-0.50130555,1.33997086,0.19731210,-0.50211327,1.34119534,8.15693091,0.00000009
5.31000000,HOLD_LEG,-0.00019581,-0.01043814,0.00493378,-0.07667009,0.06375797,0.31113441,-0.08012112,0.05991724,0.09392376,0.02200005,0.00423775,31.98471541,0.00000000,47.38683142,37.73808493,0.19087151,-0.50130635,1.33997244,0.19731223,-0.50211392,1.34119681,8.15708280,0.00000009
5.32000000,HOLD_LEG,-0.00019593,-0.01043929,0.00493411,-0.07667090,0.06375822,0.31113424,-0.08012188,0.05991749,0.09392301,0.02200000,0.00423770,31.98284859,0.00123027,47.38754960,37.73906395,0.19086961,-0.50130757,1.33997378,0.19731237,-0.50211465,1.34119844,8.15725543,0.00000003
5.33000000,HOLD_LEG,-0.00019599,-0.01044032,0.00493435,-0.07667170,0.06375844,0.31113408,-0.08012264,0.05991770,0.09392228,0.02200000,0.00423770,31.98180028,0.00000000,47.38793208,37.73927188,0.19086819,-0.50130850,1.33997490,0.19731244,-0.50211501,1.34119926,8.15738069,0.00000007
5.34000000,HOLD_LEG,-0.00019606,-0.01044127,0.00493451,-0.07667248,0.06375862,0.31113392,-0.08012339,0.05991788,0.09392157,0.02200001,0.00423770,31.98076117,0.00000000,47.38914540,37.73967178,0.19086703,-0.50130939,1.33997592,0.19731258,-0.50211570,1.34120081,8.15762308,0.00000009
5.35000000,HOLD_LEG,-0.00019615,-0.01044214,0.00493460,-0.07667325,0.06375877,0.31113378,-0.08012412,0.05991803,0.09392089,0.02200006,0.00423776,31.97912207,0.00000000,47.38936101,37.74084813,0.19086623,-0.50131023,1.33997691,0.19731264,-0.50211602,1.34120154,8.15770998,0.00000004
5.36000000,HOLD_LEG,-0.00019631,-0.01044296,0.00493461,-0.07667398,0.06375889,0.31113364,-0.08012482,0.05991815,0.09392026,0.02200018,0.00423788,31.97831052,0.00000000,47.38985165,37.74118494,0.19086582,-0.50131091,1.33997786,0.19731270,-0.50211634,1.34120225,8.15783187,0.00000009
5.37000000,HOLD_LEG,-0.00019651,-0.01044374,0.00493455,-0.07667467,0.06375898,0.31113351,-0.08012549,0.05991824,0.09391967,0.02200039,0.00423809,31.97823579,0.00000000,47.39090856,37.74071058,0.19086573,-0.50131152,1.33997892,0.19731283,-0.50211699,1.34120371,8.15802483,0.00000009
5.38000000,HOLD_LEG,-0.00019673,-0.01044449,0.00493443,-0.07667531,0.06375905,0.31113340,-0.08012610,0.05991831,0.09391912,0.02200064,0.00423834,31.97746006,0.00000000,47.39129205,37.74105305,0.19086583,-0.50131205,1.33997993,0.19731290,-0.50211732,1.34120444,8.15811529,0.00000007
5.39000000,HOLD_LEG,-0.00019693,-0.01044520,0.00493426,-0.07667590,0.06375910,0.31113330,-0.08012668,0.05991836,0.09391863,0.02200090,0.00423860,31.97669638,0.00000000,47.39246162,37.74141610,0.19086602,-0.50131255,1.33998096,0.19731303,-0.50211798,1.34120593,8.15831701,0.00000004
5.40000000,HOLD_LEG,-0.00019708,-0.01044585,0.00493407,-0.07667643,0.06375913,0.31113322,-0.08012720,0.05991840,0.09391818,0.02200117,0.00423887,31.97578706,0.00000000,47.39271996,37.74201068,0.19086624,-0.50131301,1.33998194,0.19731309,-0.50211833,1.34120672,8.15837765,0.00000001
5.41000000,HOLD_LEG,-0.00019719,-0.01044642,0.00493385,-0.07667691,0.06375915,0.31113316,-0.08012766,0.05991841,0.09391778,0.02200142,0.00423912,31.97577547,0.00000000,47.39300301,37.74164552,0.19086643,-0.50131342,1.33998284,0.19731316,-0.50211867,1.34120748,8.15844247,0.00000008
5.42000000,HOLD_LEG,-0.00019724,-0.01044691,0.00493362,-0.07667733,0.06375915,0.31113312,-0.08012807,0.05991842,0.09391745,0.02200163,0.00423933,31.97517657,0.00000000,47.39258604,37.74191505,0.19086659,-0.50131377,1.33998359,0.19731316,-0.50211867,1.34120748,8.15840624,0.00000009
5.43000000,HOLD_LEG,-0.00019722,-0.01044730,0.00493339,-0.07667769,0.06375914,0.31113310,-0.08012843,0.05991841,0.09391717,0.02200181,0.00423951,31.97506337,0.00000000,47.39277160,37.74184470,0.19086671,-0.50131410,1.33998432,0.19731323,-0.50211900,1.34120823,8.15844857,0.00000010
5.44000000,HOLD_LEG,-0.00019718,-0.01044758,0.00493317,-0.07667799,0.06375912,0.31113309,-0.08012872,0.05991840,0.09391695,0.02200193,0.00423963,31.97468124,0.00000000,47.39252402,37.74206671,0.19086677,-0.50131431,1.33998475,0.19731323,-0.50211900,1.34120823,8.15843458,0.00000008
5.45000000,HOLD_LEG,-0.00019708,-0.01044778,0.00493295,-0.07667822,0.06375909,0.31113309,-0.08012895,0.05991838,0.09391680,0.02200200,0.00423970,31.97471112,0.00000000,47.39232913,37.74204870,0.19086682,-0.50131444,1.33998499,0.19731323,-0.50211900,1.34120823,8.15841785,0.00000010
5.46000000,HOLD_LEG,-0.00019694,-0.01044785,0.00493276,-0.07667838,0.06375906,0.31113311,-0.08012912,0.05991835,0.09391670,0.02200207,0.00423977,31.97448982,0.00000000,47.39229910,37.74222154,0.19086684,-0.50131461,1.33998545,0.19731329,-0.50211932,1.34120894,8.15842159,0.00000002
5.47000000,HOLD_LEG,-0.00019676,-0.01044780,0.00493258,-0.07667849,0.06375901,0.31113314,-0.08012924,0.05991831,0.09391666,0.02200209,0.00423979,31.97472225,0.00000000,47.39197280,37.74214955,0.19086687,-0.50131472,1.33998571,0.19731329,-0.50211932,1.34120894,8.15838144,0.00000004
5.48000000,HOLD_LEG,-0.00019655,-0.01044766,0.00493243,-0.07667853,0.06375896,0.31113317,-0.08012929,0.05991826,0.09391668,0.02200207,0.00423977,31.97497082,0.00000000,47.39163789,37.74212200,0.19086689,-0.50131480,1.33998584,0.19731329,-0.50211932,1.34120894,8.15833490,0.00000009
5.49000000,HOLD_LEG,-0.00019631,-0.01044745,0.00493230,-0.07667852,0.06375890,0.31113321,-0.08012929,0.05991821,0.09391676,0.02200198,0.00423968,31.97527905,0.00000000,47.39099883,37.74215703,0.19086688,-0.50131473,1.33998561,0.19731322,-0.50211899,1.34120820,8.15824403,0.00000006
5.50000000,HOLD_LEG,-0.00019605,-0.01044716,0.00493218,-0.07667845,0.06375884,0.31113326,-0.08012923,0.05991815,0.09391690,0.02200186,0.00423956,31.97564559,0.00000000,47.39031090,37.74219727,0.19086685,-0.50131458,1.33998529,0.19731316,-0.50211867,1.34120749,8.15813976,0.00000005
5.51000000,HOLD_LEG,-0.00019576,-0.01044680,0.00493208,-0.07667832,0.06375877,0.31113331,-0.08012912,0.05991809,0.09391708,0.02200170,0.00423940,31.97606695,0.00000000,47.38954144,37.74223579,0.19086681,-0.50131437,1.33998485,0.19731309,-0.50211832,1.34120671,8.15801900,0.00000004
5.52000000,HOLD_LEG,-0.00019545,-0.01044637,0.00493198,-0.07667815,0.06375869,0.31113336,-0.08012897,0.05991802,0.09391731,0.02200150,0.00423920,31.97654354,0.00000000,47.38890958,37.74228527,0.19086675,-0.50131409,1.33998427,0.19731303,-0.50211799,1.34120595,8.15791616,0.00000003
5.53000000,HOLD_LEG,-0.00019513,-0.01044586,0.00493188,-0.07667793,0.06375861,0.31113341,-0.08012877,0.05991794,0.09391758,0.02200127,0.00423896,31.97706862,0.00000000,47.38834091,37.74233924,0.19086668,-0.50131375,1.33998357,0.19731296,-0.50211764,1.34120518,8.15782001,0.00000004
5.54000000,HOLD_LEG,-0.00019478,-0.01044529,0.00493178,-0.07667767,0.06375852,0.31113345,-0.08012854,0.05991786,0.09391788,0.02200100,0.00423869,31.97763310,0.00000000,47.38780653,37.74238872,0.19086661,-0.50131338,1.33998279,0.19731289,-0.50211731,1.34120443,8.15772555,0.00000007
5.55000000,HOLD_LEG,-0.00019443,-0.01044465,0.00493167,-0.07667737,0.06375843,0.31113350,-0.08012826,0.05991778,0.09391822,0.02200070,0.00423839,31.97822556,0.00000000,47.38647633,37.74243123,0.19086653,-0.50131296,1.33998191,0.19731276,-0.50211663,1.34120289,8.15751167,0.00000008
5.56000000,HOLD_LEG,-0.00019404,-0.01044398,0.00493155,-0.07667705,0.06375833,0.31113354,-0.08012796,0.05991769,0.09391859,0.02200036,0.00423805,31.97923420,0.00000000,47.38623553,37.74220294,0.19086644,-0.50131251,1.33998091,0.19731269,-0.50211628,1.34120211,8.15745376,0.00000005
5.57000000,HOLD_LEG,-0.00019362,-0.01044329,0.00493142,-0.07667669,0.06375823,0.31113358,-0.08012763,0.05991760,0.09391899,0.02200000,0.00423770,31.97969411,0.00145174,47.38503694,37.74240612,0.19086634,-0.50131205,1.33997991,0.19731256,-0.50211560,1.34120059,8.15725191,0.00000006
5.58000000,HOLD_LEG,-0.00019328,-0.01044261,0.00493128,-0.07667632,0.06375812,0.31113363,-0.08012729,0.05991750,0.09391939,0.02199973,0.00423743,31.98082727,0.00229863,47.38485554,37.74154109,0.19086632,-0.50131190,1.33997942,0.19731249,-0.50211525,1.34119979,8.15719776,0.00000004
5.59000000,HOLD_LEG,-0.00019300,-0.01044201,0.00493115,-0.07667595,0.06375802,0.31113369,-0.08012693,0.05991741,0.09391980,0.02199951,0.00423721,31.98065691,0.00255947,47.38443565,37.74207346,0.19086640,-0.50131178,1.33997885,0.19731242,-0.50211489,1.34119898,8.15709815,0.00000006
5.60000000,HOLD_LEG,-0.00019278,-0.01044145,0.00493103,-0.07667557,0.06375793,0.31113376,-0.08012658,0.05991732,0.09392020,0.02199933,0.00423703,31.98082449,0.00278701,47.38392332,37.74194408,0.19086651,-0.50131162,1.33997823,0.19731236,-0.50211457,1.34119827,8.15698926,0.00000010
5.61000000,HOLD_LEG,-0.00019256,-0.01044095,0.00493091,-0.07667520,0.06375785,0.31113385,-0.08012623,0.05991724,0.09392060,0.02199919,0.00423689,31.98123523,0.00297731,47.38340531,37.74155324,0.19086668,-0.50131146,1.33997759,0.19731229,-0.50211424,1.34119753,8.15687603,0.00000009
5.62000000,HOLD_LEG,-0.00019237,-0.01044047,0.00493080,-0.07667483,0.06375777,0.31113395,-0.08012588,0.05991717,0.09392097,0.02199907,0.00423677,31.98127235,0.00314773,47.38281106,37.74137963,0.19086683,-0.50131125,1.33997695,0.19731222,-0.50211390,1.34119677,8.15675904,0.00000008
5.63000000,MOVE_LEG_FORWARD,-0.00019221,-0.01044003,0.00493070,-0.07667449,0.06375770,0.31113406,-0.08012555,0.05991710,0.09392134,0.02199898,0.00423668,31.98167630,0.00329519,47.38227413,37.74090311,0.19086701,-0.50131103,1.33997633,0.19731216,-0.50211357,1.34119601,8.15664844,0.00000006
5.64000000,MOVE_LEG_FORWARD,-0.00019206,-0.01043962,0.00493061,-0.07667416,0.06375764,0.31113417,-0.08012524,0.05991705,0.09392168,0.02199891,0.00423660,31.98159579,0.00344119,47.38168534,37.74080045,0.19086719,-0.50131080,1.33997574,0.19731209,-0.50211323,1.34119524,8.15653508,0.00000006
5.65000000,MOVE_LEG_FORWARD,-0.00019194,-0.01043923,0.00493052,-0.07667384,0.06375759,0.31113427,-0.08012494,0.05991700,0.09392200,0.02199885,0.00423655,31.98161269,0.00368185,47.38104283,37.74062517,0.19086736,-0.50131055,1.33997522,0.19731203,-0.50211290,1.34119451,8.15641566,0.00000010
5.66000000,MOVE_LEG_FORWARD,-0.00019182,-0.01043889,0.00493045,-0.07667355,0.06375754,0.31113437,-0.08012466,0.05991695,0.09392230,0.02199881,0.00423650,31.98192463,0.00349078,47.38112624,37.74026406,0.19086754,-0.50131030,1.33997472,0.19731203,-0.50211290,1.34119451,8.15639666,0.00000008
5.67000000,MOVE_LEG_FORWARD,-0.00019175,-0.01043857,0.00493039,-0.07667329,0.06375750,0.31113446,-0.08012440,0.05991692,0.09392258,0.02199877,0.00423647,31.98190790,0.00361507,47.38068737,37.74019356,0.19086770,-0.50131002,1.33997424,0.19731196,-0.50211257,1.34119377,8.15631180,0.00000007
5.68000000,MOVE_LEG_FORWARD,-0.00019169,-0.01043826,0.00493033,-0.07667304,0.06375747,0.31113453,-0.08012417,0.05991689,0.09392283,0.02199875,0.00423645,31.98267358,0.00358672,47.38063081,37.73927182,0.19086786,-0.50130977,1.33997390,0.19731196,-0.50211257,1.34119377,8.15628008,0.00000010
5.69000000,MOVE_LEG_FORWARD,-0.00019163,-0.01043802,0.00493028,-0.07667282,0.06375745,0.31113460,-0.08012396,0.05991686,0.09392306,0.02199872,0.00423642,31.98226051,0.00369080,47.38037069,37.73986717,0.19086802,-0.50130947,1.33997348,0.19731190,-0.50211225,1.34119306,8.15622056,0.00000004
5.70000000,MOVE_LEG_FORWARD,-0.00019159,-0.01043780,0.00493024,-0.07667263,0.06375743,0.31113464,-0.08012377,0.05991684,0.09392325,0.02199871,0.00423640,31.98227648,0.00366267,47.38038804,37.73985859,0.19086816,-0.50130922,1.33997324,0.19731190,-0.50211225,1.34119306,8.15620351,0.00000008
5.71000000,MOVE_LEG_FORWARD,-0.00019159,-0.01043759,0.00493021,-0.07667247,0.06375741,0.31113468,-0.08012361,0.05991683,0.09392342,0.02199869,0.00423639,31.98230775,0.00383686,47.38005591,37.73989004,0.19086828,-0.50130894,1.33997301,0.19731184,-0.50211193,1.34119234,8.15614397,0.00000009
5.72000000,MOVE_LEG_FORWARD,-0.00019160,-0.01043744,0.00493018,-0.07667233,0.06375741,0.31113470,-0.08012348,0.05991682,0.09392356,0.02199868,0.00423637,31.98269334,0.00374789,47.38030562,37.73965434,0.19086840,-0.50130865,1.33997275,0.19731184,-0.50211193,1.34119234,8.15616134,0.00000003
5.73000000,MOVE_LEG_FORWARD,-0.00019159,-0.01043734,0.00493016,-0.07667223,0.06375740,0.31113471,-0.08012337,0.05991681,0.09392368,0.02199867,0.00423637,31.98261029,0.00370316,47.38042525,37.73978798,0.19086852,-0.50130840,1.33997261,0.19731184,-0.50211193,1.34119234,8.15616484,0.00000005
5.74000000,MOVE_LEG_FORWARD,-0.00019161,-0.01043726,0.00493014,-0.07667214,0.06375740,0.31113471,-0.08012329,0.05991681,0.09392376,0.02199868,0.00423637,31.98260049,0.00366377,47.38055282,37.73986179,0.19086862,-0.50130817,1.33997256,0.19731184,-0.50211193,1.34119234,8.15617431,0.00000006
5.75000000,MOVE_LEG_FORWARD,-0.00019165,-0.01043721,0.00493012,-0.07667209,0.06375740,0.31113469,-0.08012323,0.05991681,0.09392382,0.02199869,0.00423638,31.98258478,0.00362110,47.38069653,37.73993909,0.19086870,-0.50130794,1.33997256,0.19731184,-0.50211193,1.34119234,8.15618922,0.00000006
5.76000000,MOVE_LEG_FORWARD,-0.00019169,-0.01043718,0.00493011,-0.07667206,0.06375741,0.31113467,-0.08012320,0.05991682,0.09392385,0.02199870,0.00423639,31.98255478,0.00357114,47.38085766,37.74002330,0.19086877,-0.50130771,1.33997258,0.19731184,-0.50211193,1.34119234,8.15620880,0.00000006
5.77000000,MOVE_LEG_FORWARD,-0.00019176,-0.01043719,0.00493010,-0.07667206,0.06375742,0.31113465,-0.08012319,0.05991683,0.09392385,0.02199871,0.00423641,31.98250737,0.00351155,47.38103505,37.74011405,0.19086882,-0.50130749,1.33997262,0.19731184,-0.50211193,1.34119234,8.15623234,0.00000007
5.78000000,MOVE_LEG_FORWARD,-0.00019183,-0.01043723,0.00493010,-0.07667207,0.06375743,0.31113461,-0.08012320,0.05991684,0.09392384,0.02199873,0.00423642,31.98244144,0.00344134,47.38122590,37.74020922,0.19086885,-0.50130727,1.33997265,0.19731184,-0.50211193,1.34119234,8.15625912,0.00000008
5.79000000,MOVE_LEG_FORWARD,-0.00019191,-0.01043731,0.00493010,-0.07667211,0.06375745,0.31113458,-0.08012323,0.05991685,0.09392381,0.02199875,0.00423644,31.98235746,0.00336068,47.38142671,37.74030606,0.19086887,-0.50130706,1.33997267,0.19731184,-0.50211193,1.34119234,8.15628851,0.00000008
5.80000000,MOVE_LEG_FORWARD,-0.00019200,-0.01043743,0.00493010,-0.07667217,0.06375747,0.31113454,-0.08012328,0.05991687,0.09392375,0.02199877,0.00423647,31.98225712,0.00327054,47.38163405,37.74040203,0.19086888,-0.50130687,1.33997269,0.19731184,-0.50211193,1.34119234,8.15631996,0.00000007
5.81000000,MOVE_LEG_FORWARD,-0.00019210,-0.01043758,0.00493011,-0.07667224,0.06375749,0.31113449,-0.08012334,0.05991689,0.09392368,0.02199880,0.00423649,31.98214294,0.00317242,47.38184490,37.74049514,0.19086888,-0.50130669,1.33997269,0.19731184,-0.50211193,1.34119234,8.15635299,0.00000007
5.82000000,MOVE_LEG_FORWARD,-0.00019220,-0.01043777,0.00493012,-0.07667233,0.06375752,0.31113445,-0.08012342,0.05991691,0.09392360,0.02199883,0.00423652,31.98202156,0.00248371,47.38276376,37.74058638,0.19086886,-0.50130652,1.33997270,0.19731190,-0.50211225,1.34119305,8.15649065,0.00000005
5.83000000,MOVE_LEG_FORWARD,-0.00019228,-0.01043794,0.00493014,-0.07667243,0.06375754,0.31113441,-0.08012352,0.05991694,0.09392350,0.02199888,0.00423658,31.98190933,0.00283698,47.38249960,37.74062405,0.19086886,-0.50130647,1.33997293,0.19731190,-0.50211225,1.34119305,8.15645363,0.00000004
5.84000000,MOVE_LEG_FORWARD,-0.00019237,-0.01043814,0.00493016,-0.07667254,0.06375757,0.31113436,-0.08012362,0.05991696,0.09392339,0.02199892,0.00423662,31.98177528,0.00274948,47.38265853,37.74070520,0.19086884,-0.50130639,1.33997306,0.19731190,-0.50211225,1.34119305,8.15648523,0.00000008
5.85000000,MOVE_LEG_FORWARD,-0.00019244,-0.01043834,0.00493019,-0.07667266,0.06375760,0.31113432,-0.08012373,0.05991699,0.09392327,0.02199897,0.00423667,31.98165260,0.00249011,47.38315887,37.74075013,0.19086882,-0.50130636,1.33997327,0.19731196,-0.50211258,1.34119378,8.15656221,0.00000002
5.86000000,MOVE_LEG_FORWARD,-0.00019251,-0.01043854,0.00493023,-0.07667279,0.06375763,0.31113428,-0.08012385,0.05991701,0.09392315,0.02199903,0.00423672,31.98151737,0.00244747,47.38321873,37.74082560,0.19086879,-0.50130636,1.33997350,0.19731196,-0.50211258,1.34119378,8.15658167,0.00000006
5.87000000,MOVE_LEG_FORWARD,-0.00019259,-0.01043876,0.00493027,-0.07667292,0.06375765,0.31113424,-0.08012397,0.05991704,0.09392302,0.02199907,0.00423677,31.98137874,0.00176869,47.38408797,37.74091197,0.19086874,-0.50130634,1.33997363,0.19731203,-0.50211290,1.34119452,8.15671893,0.00000003
5.88000000,MOVE_LEG_FORWARD,-0.00019264,-0.01043896,0.00493032,-0.07667305,0.06375767,0.31113420,-0.08012409,0.05991706,0.09392289,0.02199912,0.00423682,31.98125767,0.00216991,47.38373949,37.74094705,0.19086870,-0.50130641,1.33997393,0.19731203,-0.50211290,1.34119452,8.15667420,0.00000006
5.89000000,MOVE_LEG_FORWARD,-0.00019269,-0.01043916,0.00493037,-0.07667318,0.06375769,0.31113416,-0.08012422,0.05991708,0.09392276,0.02199917,0.00423686,31.98112322,0.00211979,47.38382714,37.74102676,0.19086864,-0.50130645,1.33997411,0.19731203,-0.50211290,1.34119452,8.15669862,0.00000008
5.90000000,MOVE_LEG_FORWARD,-0.00019274,-0.01043937,0.00493042,-0.07667331,0.06375771,0.31113413,-0.08012434,0.05991709,0.09392263,0.02199921,0.00423690,31.98041925,0.00188005,47.38425759,37.74166643,0.19086858,-0.50130651,1.33997431,0.19731209,-0.50211322,1.34119524,8.15676946,0.00000001
5.91000000,MOVE_LEG_FORWARD,-0.00019280,-0.01043951,0.00493046,-0.07667344,0.06375773,0.31113410,-0.08012446,0.05991711,0.09392251,0.02199925,0.00423695,31.98064730,0.00192281,47.38418518,37.74131518,0.19086850,-0.50130657,1.33997458,0.19731209,-0.50211322,1.34119524,8.15677457,0.00000005
5.92000000,MOVE_LEG_FORWARD,-0.00019286,-0.01043966,0.00493050,-0.07667356,0.06375774,0.31113407,-0.08012458,0.05991712,0.09392239,0.02199928,0.00423698,31.98059281,0.00190445,47.38425301,37.74134711,0.19086842,-0.50130661,1.33997473,0.19731209,-0.50211322,1.34119524,8.15679555,0.00000008
5.93000000,MOVE_LEG_FORWARD,-0.00019290,-0.01043981,0.00493054,-0.07667367,0.06375776,0.31113404,-0.08012468,0.05991713,0.09392229,0.02199930,0.00423700,31.98053966,0.00159466,47.38479929,37.74136806,0.19086835,-0.50130667,1.33997487,0.19731215,-0.50211354,1.34119595,8.15688052,0.00000004
5.94000000,MOVE_LEG_FORWARD,-0.00019292,-0.01043993,0.00493058,-0.07667378,0.06375777,0.31113402,-0.08012478,0.05991715,0.09392218,0.02199933,0.00423703,31.98049329,0.00174212,47.38462161,37.74138505,0.19086830,-0.50130680,1.33997513,0.19731215,-0.50211354,1.34119595,8.15686208,0.00000006
5.95000000,MOVE_LEG_FORWARD,-0.00019293,-0.01044005,0.00493061,-0.07667387,0.06375778,0.31113399,-0.08012488,0.05991715,0.09392209,0.02199935,0.00423705,31.98044165,0.00174153,47.38464649,37.74142007,0.19086824,-0.50130690,1.33997528,0.19731215,-0.50211354,1.34119595,8.15687405,0.00000008
5.96000000,MOVE_LEG_FORWARD,-0.00019295,-0.01044017,0.00493065,-0.07667396,0.06375778,0.31113398,-0.08012496,0.05991716,0.09392201,0.02199937,0.00423706,31.98039313,0.00173922,47.38467392,37.74145080,0.19086818,-0.50130698,1.33997535,0.19731215,-0.50211354,1.34119595,8.15688449,0.00000009
5.97000000,MOVE_LEG_FORWARD,-0.00019298,-0.01044028,0.00493068,-0.07667403,0.06375779,0.31113396,-0.08012503,0.05991717,0.09392194,0.02199937,0.00423707,31.97997414,0.00174239,47.38464576,37.74177206,0.19086810,-0.50130704,1.33997539,0.19731215,-0.50211354,1.34119595,8.15688971,0.00000009
5.98000000,MOVE_LEG_FORWARD,-0.00019302,-0.01044033,0.00493070,-0.07667410,0.06375780,0.31113395,-0.08012510,0.05991717,0.09392188,0.02199938,0.00423708,31.98011334,0.00153637,47.38505208,37.74161773,0.19086803,-0.50130712,1.33997550,0.19731222,-0.50211386,1.34119666,8.15695196,0.00000001
5.99000000,MOVE_LEG_FORWARD,-0.00019302,-0.01044035,0.00493071,-0.07667415,0.06375780,0.31113394,-0.08012515,0.05991718,0.09392183,0.02199940,0.00423710,31.98015072,0.00165512,47.38487218,37.74157274,0.19086800,-0.50130726,1.33997574,0.19731222,-0.50211386,1.34119666,8.15693153,0.00000001
6.00000000,MOVE_LEG_FORWARD,-0.00019302,-0.01044036,0.00493073,-0.07667419,0.06375781,0.31113393,-0.08012519,0.05991718,0.09392179,0.02199941,0.00423711,31.98017676,0.00168498,47.38483878,37.74154930,0.19086796,-0.50130737,1.33997588,0.19731222,-0.50211386,1.34119666,8.15693182,0.00000001
6.01000000,MOVE_LEG_FORWARD,-0.00019302,-0.01044036,0.00493075,-0.07667422,0.06375781,0.31113393,-0.08012522,0.05991719,0.09392177,0.02199941,0.00423710,31.98020178,0.00171095,47.38480945,37.74152878,0.19086793,-0.50130747,1.33997595,0.19731222,-0.50211386,1.34119666,8.15693048,0.00000001
6.02000000,MOVE_LEG_FORWARD,-0.00019302,-0.01044036,0.00493077,-0.07667424,0.06375781,0.31113393,-0.08012524,0.05991719,0.09392175,0.02199940,0.00423710,31.98022793,0.00173542,47.38477414,37.74150541,0.19086790,-0.50130757,1.33997598,0.19731222,-0.50211386,1.34119666,8.15692683,0.00000001
6.03000000,MOVE_LEG_FORWARD,-0.00019301,-0.01044036,0.00493079,-0.07667425,0.06375781,0.31113394,-0.08012525,0.05991719,0.09392175,0.02199940,0.00423709,31.98025654,0.00176006,47.38473007,37.74147626,0.19086788,-0.50130766,1.33997599,0.19731222,-0.50211386,1.34119666,8.15692099,0.00000001
6.04000000,MOVE_LEG_FORWARD,-0.00019300,-0.01044034,0.00493080,-0.07667425,0.06375781,0.31113394,-0.08012526,0.05991719,0.09392175,0.02199939,0.00423709,31.98028844,0.00178602,47.38467669,37.74144084,0.19086786,-0.50130775,1.33997599,0.19731222,-0.50211386,1.34119666,8.15691320,0.00000001
6.05000000,MOVE_LEG_FORWARD,-0.00019299,-0.01044031,0.00493082,-0.07667424,0.06375781,0.31113395,-0.08012525,0.05991719,0.09392176,0.02199938,0.00423708,31.98032401,0.00181397,47.38461481,37.74140011,0.19086785,-0.50130784,1.33997599,0.19731222,-0.50211386,1.34119666,8.15690373,0.00000001
6.06000000,MOVE_LEG_FORWARD,-0.00019297,-0.01044027,0.00493083,-0.07667423,0.06375781,0.31113397,-0.08012523,0.05991719,0.09392178,0.02199937,0.00423707,31.98036325,0.00184423,47.38454591,37.74135574,0.19086784,-0.50130792,1.33997598,0.19731222,-0.50211386,1.34119666,8.15689285,0.00000001
6.07000000,MOVE_LEG_FORWARD,-0.00019295,-0.01044021,0.00493084,-0.07667420,0.06375781,0.31113398,-0.08012521,0.05991719,0.09392181,0.02199936,0.00423706,31.98040593,0.00187688,47.38447165,37.74130953,0.19086784,-0.50130800,1.33997598,0.19731222,-0.50211386,1.34119666,8.15688080,0.00000002
6.08000000,MOVE_LEG_FORWARD,-0.00019293,-0.01044014,0.00493084,-0.07667417,0.06375780,0.31113400,-0.08012518,0.05991718,0.09392184,0.02199935,0.00423705,31.98045161,0.00191180,47.38439363,37.74126304,0.19086784,-0.50130807,1.33997597,0.19731222,-0.50211386,1.34119666,8.15686783,0.00000004
6.09000000,MOVE_LEG_FORWARD,-0.00019290,-0.01044007,0.00493085,-0.07667413,0.06375780,0.31113401,-0.08012515,0.05991718,0.09392188,0.02199934,0.00423704,31.98049975,0.00194877,47.38431323,37.74121753,0.19086784,-0.50130814,1.33997597,0.19731222,-0.50211386,1.34119666,8.15685414,0.00000005
6.10000000,MOVE_LEG_FORWARD,-0.00019286,-0.01043998,0.00493085,-0.07667409,0.06375779,0.31113403,-0.08012511,0.05991717,0.09392192,0.02199933,0.00423703,31.98054972,0.00198744,47.38423159,37.74117390,0.19086785,-0.50130820,1.33997598,0.19731222,-0.50211386,1.34119666,8.15683992,0.00000007
6.11000000,MOVE_LEG_FORWARD,-0.00019283,-0.01043988,0.00493084,-0.07667404,0.06375778,0.31113405,-0.08012507,0.05991716,0.09392197,0.02199932,0.00423701,31.98060084,0.00202744,47.38414961,37.74113274,0.19086786,-0.50130826,1.33997599,0.19731222,-0.50211386,1.34119666,8.15682532,0.00000009
6.12000000,MOVE_LEG_FORWARD,-0.00019282,-0.01043979,0.00493084,-0.07667399,0.06375777,0.31113407,-0.08012502,0.05991716,0.09392203,0.02199929,0.00423699,31.98063278,0.00221458,47.38378041,37.74113442,0.19086786,-0.50130824,1.33997583,0.19731215,-0.50211354,1.34119595,8.15677219,0.00000004
6.13000000,MOVE_LEG_FORWARD,-0.00019280,-0.01043972,0.00493083,-0.07667394,0.06375777,0.31113409,-0.08012497,0.05991715,0.09392208,0.02199926,0.00423696,31.98067739,0.00221676,47.38379183,37.74110285,0.19086786,-0.50130820,1.33997565,0.19731215,-0.50211354,1.34119595,8.15676739,0.00000005
6.14000000,MOVE_LEG_FORWARD,-0.00019278,-0.01043964,0.00493081,-0.07667388,0.06375776,0.31113411,-0.08012492,0.05991714,0.09392214,0.02199924,0.00423694,31.98072904,0.00223910,47.38374570,37.74106334,0.19086787,-0.50130820,1.33997554,0.19731215,-0.50211354,1.34119595,8.15675486,0.00000006
6.15000000,MOVE_LEG_FORWARD,-0.00019276,-0.01043955,0.00493080,-0.07667383,0.06375775,0.31113412,-0.08012487,0.05991714,0.09392219,0.02199923,0.00423693,31.98078365,0.00226456,47.38369403,37.74102197,0.19086789,-0.50130820,1.33997549,0.19731215,-0.50211354,1.34119595,8.15674258,0.00000007
6.16000000,MOVE_LEG_FORWARD,-0.00019274,-0.01043946,0.00493078,-0.07667377,0.06375775,0.31113414,-0.08012481,0.05991713,0.09392225,0.02199922,0.00423691,31.98083882,0.00229143,47.38364196,37.74098265,0.19086792,-0.50130820,1.33997547,0.19731215,-0.50211354,1.34119595,8.15673091,0.00000008
6.17000000,MOVE_LEG_FORWARD,-0.00019271,-0.01043935,0.00493076,-0.07667371,0.06375774,0.31113415,-0.08012476,0.05991713,0.09392230,0.02199920,0.00423690,31.98089253,0.00231834,47.38359168,37.74094771,0.19086795,-0.50130821,1.33997547,0.19731215,-0.50211354,1.34119595,8.15671987,0.00000009
6.18000000,MOVE_LEG_FORWARD,-0.00019268,-0.01043927,0.00493074,-0.07667366,0.06375774,0.31113417,-0.08012471,0.05991712,0.09392236,0.02199919,0.00423689,31.98130645,0.00256453,47.38318781,37.74064776,0.19086798,-0.50130819,1.33997538,0.19731209,-0.50211322,1.34119523,8.15665676,0.00000000
6.19000000,MOVE_LEG_FORWARD,-0.00019265,-0.01043925,0.00493074,-0.07667361,0.06375773,0.31113418,-0.08012466,0.05991712,0.09392241,0.02199916,0.00423686,31.98118082,0.00246338,47.38333716,37.74077657,0.19086801,-0.50130812,1.33997514,0.19731209,-0.50211322,1.34119523,8.15667085,0.00000001
6.20000000,MOVE_LEG_FORWARD,-0.00019263,-0.01043923,0.00493073,-0.07667356,0.06375772,0.31113419,-0.08012461,0.05991711,0.09392246,0.02199915,0.00423684,31.98116953,0.00245866,47.38332396,37.74078380,0.19086804,-0.50130808,1.33997500,0.19731209,-0.50211322,1.34119523,8.15666269,0.00000002
6.21000000,MOVE_LEG_FORWARD,-0.00019260,-0.01043920,0.00493072,-0.07667352,0.06375772,0.31113421,-0.08012457,0.05991710,0.09392250,0.02199914,0.00423684,31.98116785,0.00246053,47.38329650,37.74077902,0.19086806,-0.50130805,1.33997492,0.19731209,-0.50211322,1.34119523,8.15665480,0.00000003
6.22000000,MOVE_LEG_FORWARD,-0.00019257,-0.01043916,0.00493070,-0.07667348,0.06375771,0.31113422,-0.08012453,0.05991710,0.09392254,0.02199913,0.00423683,31.98116896,0.00246631,47.38326732,37.74077215,0.19086809,-0.50130802,1.33997488,0.19731209,-0.50211322,1.34119523,8.15664809,0.00000004
6.23000000,MOVE_LEG_FORWARD,-0.00019255,-0.01043912,0.00493068,-0.07667345,0.06375770,0.31113423,-0.08012450,0.05991709,0.09392257,0.02199913,0.00423683,31.98117082,0.00247395,47.38324189,37.74076882,0.19086811,-0.50130799,1.33997487,0.19731209,-0.50211322,1.34119523,8.15664266,0.00000005
6.24000000,MOVE_LEG_FORWARD,-0.00019252,-0.01043907,0.00493067,-0.07667342,0.06375769,0.31113423,-0.08012447,0.05991708,0.09392260,0.02199913,0.00423682,31.98117205,0.00248193,47.38322292,37.74077148,0.19086813,-0.50130795,1.33997488,0.19731209,-0.50211322,1.34119523,8.15663851,0.00000006
6.25000000,MOVE_LEG_FORWARD,-0.00019250,-0.01043903,0.00493065,-0.07667339,0.06375768,0.31113424,-0.08012445,0.05991707,0.09392262,0.02199912,0.00423682,31.98117177,0.00248920,47.38321118,37.74078039,0.19086814,-0.50130792,1.33997489,0.19731209,-0.50211322,1.34119523,8.15663555,0.00000007
6.26000000,MOVE_LEG_FORWARD,-0.00019248,-0.01043899,0.00493064,-0.07667337,0.06375768,0.31113424,-0.08012443,0.05991707,0.09392264,0.02199912,0.00423682,31.98116943,0.00249507,47.38320632,37.74079457,0.19086816,-0.50130788,1.33997491,0.19731209,-0.50211322,1.34119523,8.15663366,0.00000008
6.27000000,MOVE_LEG_FORWARD,-0.00019246,-0.01043896,0.00493062,-0.07667335,0.06375767,0.31113424,-0.08012441,0.05991706,0.09392266,0.02199912,0.00423682,31.98116477,0.00249911,47.38320742,37.74081256,0.19086817,-0.50130784,1.33997493,0.19731209,-0.50211322,1.34119523,8.15663274,0.00000008
6.28000000,MOVE_LEG_FORWARD,-0.00019244,-0.01043894,0.00493061,-0.07667334,0.06375766,0.31113424,-0.08012440,0.05991705,0.09392267,0.02199912,0.00423681,31.98115770,0.00250108,47.38321344,37.74083286,0.19086818,-0.50130781,1.33997495,0.19731209,-0.50211322,1.34119523,8.15663265,0.00000009
6.29000000,MOVE_LEG_FORWARD,-0.00019243,-0.01043892,0.00493060,-0.07667333,0.06375766,0.31113424,-0.08012439,0.05991705,0.09392268,0.02199912,0.00423681,31.98114826,0.00250086,47.38322343,37.74085421,0.19086820,-0.50130778,1.33997496,0.19731209,-0.50211322,1.34119523,8.15663330,0.00000010
6.30000000,MOVE_LEG_FORWARD,-0.00019241,-0.01043891,0.00493059,-0.07667333,0.06375765,0.31113424,-0.08012438,0.05991704,0.09392268,0.02199911,0.00423681,31.98113659,0.00249843,47.38323660,37.74087563,0.19086821,-0.50130774,1.33997498,0.19731209,-0.50211322,1.34119523,8.15663459,0.00000010
6.31000000,MOVE_LEG_FORWARD,-0.00019243,-0.01043893,0.00493058,-0.07667332,0.06375765,0.31113424,-0.08012438,0.05991704,0.09392269,0.02199910,0.00423680,31.98110199,0.00263055,47.38298506,37.74093805,0.19086819,-0.50130763,1.33997480,0.19731203,-0.50211290,1.34119452,8.15660089,0.00000002
6.32000000,MOVE_LEG_FORWARD,-0.00019245,-0.01043897,0.00493056,-0.07667332,0.06375764,0.31113423,-0.08012438,0.05991703,0.09392269,0.02199909,0.00423678,31.98108102,0.00259202,47.38307904,37.74095966,0.19086818,-0.50130752,1.33997462,0.19731203,-0.50211290,1.34119452,8.15661099,0.00000002
6.33000000,MOVE_LEG_FORWARD,-0.00019247,-0.01043902,0.00493055,-0.07667333,0.06375764,0.31113423,-0.08012438,0.05991703,0.09392269,0.02199908,0.00423678,31.98106601,0.00256495,47.38313049,37.74097032,0.19086818,-0.50130745,1.33997451,0.19731203,-0.50211290,1.34119452,8.15661614,0.00000002
6.34000000,MOVE_LEG_FORWARD,-0.00019249,-0.01043906,0.00493054,-0.07667334,0.06375765,0.31113422,-0.08012439,0.05991704,0.09392268,0.02199908,0.00423678,31.98105428,0.00253963,47.38317693,37.74097517,0.19086819,-0.50130739,1.33997445,0.19731203,-0.50211290,1.34119452,8.15662191,0.00000003
6.35000000,MOVE_LEG_FORWARD,-0.00019252,-0.01043910,0.00493053,-0.07667335,0.06375765,0.31113421,-0.08012440,0.05991704,0.09392267,0.02199909,0.00423679,31.98104441,0.00251505,47.38322228,37.74097799,0.19086819,-0.50130733,1.33997441,0.19731203,-0.50211290,1.34119452,8.15662842,0.00000004
6.36000000,MOVE_LEG_FORWARD,-0.00019254,-0.01043914,0.00493052,-0.07667337,0.06375766,0.31113421,-0.08012442,0.05991705,0.09392265,0.02199910,0.00423679,31.98103529,0.00249048,47.38326804,37.74098104,0.19086819,-0.50130729,1.33997439,0.19731203,-0.50211290,1.34119452,8.15663555,0.00000005
6.37000000,MOVE_LEG_FORWARD,-0.00019257,-0.01043918,0.00493051,-0.07667338,0.06375767,0.31113420,-0.08012443,0.05991705,0.09392263,0.02199910,0.00423680,31.98102617,0.00246554,47.38331471,37.74098523,0.19086820,-0.50130725,1.33997437,0.19731203,-0.50211290,1.34119452,8.15664317,0.00000006
6.38000000,MOVE_LEG_FORWARD,-0.00019261,-0.01043922,0.00493051,-0.07667340,0.06375767,0.31113419,-0.08012445,0.05991706,0.09392261,0.02199911,0.00423681,31.98101658,0.00244012,47.38336216,37.74099060,0.19086820,-0.50130722,1.33997436,0.19731203,-0.50211290,1.34119452,8.15665114,0.00000008
6.39000000,MOVE_LEG_FORWARD,-0.00019265,-0.01043927,0.00493052,-0.07667343,0.06375768,0.31113418,-0.08012447,0.05991707,0.09392259,0.02199912,0.00423682,31.98100630,0.00241427,47.38340993,37.74099673,0.19086820,-0.50130719,1.33997434,0.19731203,-0.50211290,1.34119452,8.15665934,0.00000009
6.40000000,MOVE_LEG_FORWARD,-0.00019268,-0.01043932,0.00493052,-0.07667345,0.06375770,0.31113417,-0.08012449,0.05991708,0.09392257,0.02199913,0.00423683,31.98099888,0.00180202,47.38416651,37.74100541,0.19086820,-0.50130717,1.33997434,0.19731209,-0.50211322,1.34119524,8.15677141,0.00000000
6.41000000,MOVE_LEG_FORWARD,-0.00019269,-0.01043933,0.00493054,-0.07667348,0.06375771,0.31113416,-0.08012452,0.05991709,0.09392254,0.02199916,0.00423686,31.98100748,0.00223914,47.38373648,37.74096497,0.19086822,-0.50130725,1.33997458,0.19731209,-0.50211322,1.34119524,8.15670740,0.00000001
6.42000000,MOVE_LEG_FORWARD,-0.00019270,-0.01043934,0.00493055,-0.07667350,0.06375771,0.31113415,-0.08012454,0.05991710,0.09392251,0.02199918,0.00423688,31.98099789,0.00223679,47.38373175,37.74097268,0.19086823,-0.50130730,1.33997472,0.19731209,-0.50211322,1.34119524,8.15671157,0.00000001
6.43000000,MOVE_LEG_FORWARD,-0.00019272,-0.01043936,0.00493058,-0.07667353,0.06375772,0.31113414,-0.08012457,0.05991711,0.09392249,0.02199919,0.00423689,31.98098174,0.00222921,47.38374652,37.74098725,0.19086822,-0.50130733,1.33997480,0.19731209,-0.50211322,1.34119524,8.15671733,0.00000001
6.44000000,MOVE_LEG_FORWARD,-0.00019274,-0.01043939,0.00493060,-0.07667355,0.06375773,0.31113413,-0.08012459,0.05991711,0.09392246,0.02199920,0.00423690,31.98096153,0.00221946,47.38376425,37.74100419,0.19086822,-0.50130735,1.33997484,0.19731209,-0.50211322,1.34119524,8.15672253,0.00000002
6.45000000,MOVE_LEG_FORWARD,-0.00019276,-0.01043942,0.00493062,-0.07667357,0.06375774,0.31113413,-0.08012461,0.05991712,0.09392244,0.02199920,0.00423690,31.98093916,0.00220898,47.38378179,37.74102014,0.19086821,-0.50130736,1.33997486,0.19731209,-0.50211322,1.34119524,8.15672710,0.00000003
6.46000000,MOVE_LEG_FORWARD,-0.00019278,-0.01043946,0.00493064,-0.07667360,0.06375774,0.31113412,-0.08012463,0.05991712,0.09392242,0.02199921,0.00423691,31.98091621,0.00219884,47.38379761,37.74103339,0.19086819,-0.50130738,1.33997486,0.19731209,-0.50211322,1.34119524,8.15673107,0.00000004
6.47000000,MOVE_LEG_FORWARD,-0.00019279,-0.01043950,0.00493066,-0.07667362,0.06375775,0.31113412,-0.08012465,0.05991713,0.09392240,0.02199921,0.00423691,31.98089386,0.00218979,47.38381113,37.74104351,0.19086818,-0.50130739,1.33997486,0.19731209,-0.50211322,1.34119524,8.15673450,0.00000004
6.48000000,MOVE_LEG_FORWARD,-0.00019281,-0.01043954,0.00493068,-0.07667364,0.06375775,0.31113411,-0.08012467,0.05991713,0.09392238,0.02199922,0.00423691,31.98087297,0.00218225,47.38382231,37.74105083,0.19086816,-0.50130740,1.33997485,0.19731209,-0.50211322,1.34119524,8.15673746,0.00000005
6.49000000,MOVE_LEG_FORWARD,-0.00019282,-0.01043958,0.00493069,-0.07667366,0.06375775,0.31113411,-0.08012469,0.05991714,0.09392236,0.02199922,0.00423692,31.98085411,0.00217644,47.38383135,37.74105601,0.19086815,-0.50130741,1.33997484,0.19731209,-0.50211322,1.34119524,8.15674000,0.00000006
6.50000000,MOVE_LEG_FORWARD,-0.00019282,-0.01043962,0.00493070,-0.07667368,0.06375776,0.31113411,-0.08012471,0.05991714,0.09392234,0.02199922,0.00423692,31.98083761,0.00217242,47.38383854,37.74105973,0.19086813,-0.50130742,1.33997484,0.19731209,-0.50211322,1.34119524,8.15674216,0.00000007
6.51000000,MOVE_LEG_FORWARD,-0.00019283,-0.01043965,0.00493070,-0.07667369,0.06375776,0.31113410,-0.08012472,0.05991714,0.09392232,0.02199923,0.00423692,31.98082364,0.00217010,47.38384413,37.74106260,0.19086812,-0.50130743,1.33997483,0.19731209,-0.50211322,1.34119524,8.15674399,0.00000007
6.52000000,MOVE_LEG_FORWARD,-0.00019283,-0.01043968,0.00493071,-0.07667371,0.06375776,0.31113410,-0.08012474,0.05991714,0.09392231,0.02199923,0.00423693,31.98081222,0.00216937,47.38384825,37.74106501,0.19086810,-0.50130744,1.33997483,0.19731209,-0.50211322,1.34119524,8.15674550,0.00000008
6.53000000,MOVE_LEG_FORWARD,-0.00019283,-0.01043971,0.00493071,-0.07667372,0.06375776,0.31113410,-0.08012475,0.05991714,0.09392230,0.02199923,0.00423693,31.98080328,0.00217003,47.38385097,37.74106721,0.19086809,-0.50130744,1.33997482,0.19731209,-0.50211322,1.34119524,8.15674671,0.00000008
6.54000000,MOVE_LEG_FORWARD,-0.00019283,-0.01043973,0.00493070,-0.07667373,0.06375776,0.31113410,-0.08012476,0.05991714,0.09392229,0.02199923,0.00423693,31.98079666,0.00217189,47.38385231,37.74106927,0.19086807,-0.50130745,1.33997482,0.19731209,-0.50211322,1.34119524,8.15674763,0.00000008
6.55000000,MOVE_LEG_FORWARD,-0.00019283,-0.01043975,0.00493070,-0.07667374,0.06375776,0.31113410,-0.08012477,0.05991714,0.09392228,0.02199923,0.00423693,31.98079217,0.00217474,47.38385225,37.74107120,0.19086806,-0.50130745,1.33997482,0.19731209,-0.50211322,1.34119524,8.15674827,0.00000009
6.56000000,MOVE_LEG_FORWARD,-0.00019282,-0.01043976,0.00493070,-0.07667375,0.06375776,0.31113410,-0.08012478,0.05991714,0.09392227,0.02199923,0.00423693,31.98078957,0.00217838,47.38385076,37.74107289,0.19086805,-0.50130746,1.33997482,0.19731209,-0.50211322,1.34119524,8.15674863,0.00000009
6.57000000,MOVE_LEG_FORWARD,-0.00019282,-0.01043978,0.00493070,-0.07667376,0.06375776,0.31113410,-0.08012479,0.05991714,0.09392226,0.02199923,0.00423693,31.98078860,0.00218262,47.38384785,37.74107426,0.19086804,-0.50130747,1.33997482,0.19731209,-0.50211322,1.34119524,8.15674870,0.00000009
6.58000000,MOVE_LEG_FORWARD,-0.00019281,-0.01043978,0.00493069,-0.07667377,0.06375776,0.31113409,-0.08012480,0.05991714,0.09392226,0.02199923,0.00423693,31.98078904,0.00218730,47.38384354,37.74107519,0.19086804,-0.50130748,1.33997482,0.19731209,-0.50211322,1.34119524,8.15674851,0.00000009
6.59000000,MOVE_LEG_FORWARD,-0.00019281,-0.01043979,0.00493069,-0.07667377,0.06375776,0.31113409,-0.08012480,0.05991714,0.09392225,0.02199923,0.00423692,31.98079064,0.00219229,47.38383788,37.74107558,0.19086803,-0.50130748,1.33997482,0.19731209,-0.50211322,1.34119524,8.15674806,0.00000009
6.60000000,MOVE_LEG_FORWARD,-0.00019280,-0.01043979,0.00493069,-0.07667377,0.06375776,0.31113409,-0.08012480,0.05991714,0.09392225,0.02199922,0.00423692,31.98079322,0.00219748,47.38383098,37.74107537,0.19086802,-0.50130749,1.33997482,0.19731209,-0.50211322,1.34119524,8.15674735,0.00000009
6.61000000,MOVE_LEG_FORWARD,-0.00019280,-0.01043979,0.00493068,-0.07667378,0.06375776,0.31113409,-0.08012481,0.05991714,0.09392225,0.02199922,0.00423692,31.98079658,0.00220278,47.38382295,37.74107451,0.19086802,-0.50130750,1.33997482,0.19731209,-0.50211322,1.34119524,8.15674641,0.00000009
6.62000000,MOVE_LEG_FORWARD,-0.00019279,-0.01043979,0.00493068,-0.07667378,0.06375776,0.31113410,-0.08012481,0.05991714,0.09392225,0.02199922,0.00423692,31.98080060,0.00220814,47.38381392,37.74107299,0.19086802,-0.50130751,1.33997482,0.19731209,-0.50211322,1.34119524,8.15674526,0.00000009
6.63000000,RETURN_LEG,-0.00019278,-0.01043979,0.00493068,-0.07667377,0.06375775,0.31113410,-0.08012481,0.05991714,0.09392225,0.02199922,0.00423692,31.98080515,0.00221352,47.38380404,37.74107084,0.19086802,-0.50130752,1.33997482,0.19731209,-0.50211322,1.34119524,8.15674391,0.00000009
6.64000000,RETURN_LEG,-0.00019278,-0.01043978,0.00493068,-0.07667377,0.06375775,0.31113410,-0.08012480,0.05991714,0.09392225,0.02199922,0.00423692,31.98081015,0.00221891,47.38379349,37.74106809,0.19086802,-0.50130753,1.33997482,0.19731209,-0.50211322,1.34119524,8.15674239,0.00000009
6.65000000,RETURN_LEG,-0.00019277,-0.01043978,0.00493068,-0.07667377,0.06375775,0.31113410,-0.08012480,0.05991713,0.09392225,0.02199922,0.00423691,31.98081552,0.00222428,47.38378241,37.74106482,0.19086802,-0.50130753,1.33997483,0.19731209,-0.50211322,1.34119524,8.15674072,0.00000008
6.66000000,RETURN_LEG,-0.00019276,-0.01043977,0.00493068,-0.07667377,0.06375775,0.31113410,-0.08012480,0.05991713,0.09392226,0.02199921,0.00423691,31.98082120,0.00222964,47.38377096,37.74106109,0.19086802,-0.50130754,1.33997483,0.19731209,-0.50211322,1.34119524,8.15673893,0.00000008
6.67000000,RETURN_LEG,-0.00019276,-0.01043976,0.00493068,-0.07667376,0.06375775,0.31113410,-0.08012479,0.05991713,0.09392226,0.02199921,0.00423691,31.98082714,0.00223499,47.38375929,37.74105702,0.19086802,-0.50130755,1.33997483,0.19731209,-0.50211322,1.34119524,8.15673704,0.00000008
6.68000000,RETURN_LEG,-0.00019275,-0.01043974,0.00493068,-0.07667376,0.06375774,0.31113411,-0.08012479,0.05991713,0.09392227,0.02199921,0.00423691,31.98083330,0.00224031,47.38374754,37.74105268,0.19086803,-0.50130756,1.33997483,0.19731209,-0.50211322,1.34119524,8.15673507,0.00000008
6.69000000,RETURN_LEG,-0.00019274,-0.01043973,0.00493068,-0.07667375,0.06375774,0.31113411,-0.08012478,0.05991713,0.09392227,0.02199921,0.00423691,31.98083962,0.00224561,47.38373584,37.74104817,0.19086803,-0.50130757,1.33997483,0.19731209,-0.50211322,1.34119524,8.15673306,0.00000007
6.70000000,RETURN_LEG,-0.00019274,-0.01043972,0.00493068,-0.07667374,0.06375774,0.31113411,-0.08012478,0.05991712,0.09392228,0.02199921,0.00423690,31.98084607,0.00225087,47.38372428,37.74104359,0.19086803,-0.50130757,1.33997483,0.19731209,-0.50211322,1.34119524,8.15673101,0.00000007
6.71000000,RETURN_LEG,-0.00019273,-0.01043970,0.00493068,-0.07667374,0.06375774,0.31113411,-0.08012477,0.05991712,0.09392229,0.02199920,0.00423690,31.98085259,0.00225607,47.38371297,37.74103902,0.19086804,-0.50130758,1.33997484,0.19731209,-0.50211322,1.34119524,8.15672896,0.00000007
6.72000000,RETURN_LEG,-0.00019272,-0.01043969,0.00493068,-0.07667373,0.06375774,0.31113412,-0.08012476,0.05991712,0.09392230,0.02199920,0.00423690,31.98085912,0.00226119,47.38370199,37.74103453,0.19086804,-0.50130758,1.33997484,0.19731209,-0.50211322,1.34119524,8.15672691,0.00000006
6.73000000,RETURN_LEG,-0.00019272,-0.01043967,0.00493068,-0.07667372,0.06375773,0.31113412,-0.08012476,0.05991712,0.09392230,0.02199920,0.00423690,31.98086560,0.00226621,47.38369140,37.74103019,0.19086804,-0.50130759,1.33997484,0.19731209,-0.50211322,1.34119524,8.15672490,0.00000006
6.74000000,RETURN_LEG,-0.00019271,-0.01043965,0.00493068,-0.07667371,0.06375773,0.31113412,-0.08012475,0.05991712,0.09392231,0.02199920,0.00423690,31.98087198,0.00227109,47.38368126,37.74102606,0.19086805,-0.50130759,1.33997484,0.19731209,-0.50211322,1.34119524,8.15672293,0.00000006
6.75000000,RETURN_LEG,-0.00019270,-0.01043964,0.00493067,-0.07667371,0.06375773,0.31113412,-0.08012474,0.05991711,0.09392232,0.02199920,0.00423689,31.98087819,0.00227580,47.38367163,37.74102217,0.19086805,-0.50130760,1.33997484,0.19731209,-0.50211322,1.34119524,8.15672101,0.00000005
6.76000000,RETURN_LEG,-0.00019270,-0.01043962,0.00493067,-0.07667370,0.06375773,0.31113413,-0.08012473,0.05991711,0.09392233,0.02199920,0.00423689,31.98088418,0.00228031,47.38366252,37.74101857,0.19086806,-0.50130760,1.33997485,0.19731209,-0.50211322,1.34119524,8.15671916,0.00000005
6.77000000,RETURN_LEG,-0.00019269,-0.01043961,0.00493067,-0.07667369,0.06375772,0.31113413,-0.08012473,0.05991711,0.09392233,0.02199919,0.00423689,31.98088988,0.00228459,47.38365398,37.74101527,0.19086806,-0.50130760,1.33997485,0.19731209,-0.50211322,1.34119524,8.15671739,0.00000005
6.78000000,RETURN_LEG,-0.00019268,-0.01043959,0.00493067,-0.07667368,0.06375772,0.31113413,-0.08012472,0.05991711,0.09392234,0.02199919,0.00423689,31.98089526,0.00228861,47.38364603,37.74101229,0.19086806,-0.50130760,1.33997485,0.19731209,-0.50211322,1.34119524,8.15671571,0.00000005
6.79000000,RETURN_LEG,-0.00019268,-0.01043958,0.00493067,-0.07667367,0.06375772,0.31113413,-0.08012471,0.05991711,0.09392235,0.02199919,0.00423689,31.98090027,0.00229235,47.38363868,37.74100964,0.19086807,-0.50130760,1.33997486,0.19731209,-0.50211322,1.34119524,8.15671413,0.00000004
6.80000000,RETURN_LEG,-0.00019267,-0.01043956,0.00493067,-0.07667367,0.06375772,0.31113414,-0.08012470,0.05991710,0.09392236,0.02199919,0.00423689,31.98090487,0.00229578,47.38363195,37.74100733,0.19086807,-0.50130761,1.33997486,0.19731209,-0.50211322,1.34119524,8.15671264,0.00000004
6.81000000,RETURN_LEG,-0.00019267,-0.01043955,0.00493066,-0.07667366,0.06375772,0.31113414,-0.08012470,0.05991710,0.09392236,0.02199919,0.00423689,31.98090905,0.00229890,47.38362585,37.74100534,0.19086808,-0.50130761,1.33997486,0.19731209,-0.50211322,1.34119524,8.15671127,0.00000004
6.82000000,RETURN_LEG,-0.00019266,-0.01043954,0.00493066,-0.07667365,0.06375772,0.31113414,-0.08012469,0.05991710,0.09392237,0.02199919,0.00423688,31.98091277,0.00230168,47.38362038,37.74100367,0.19086808,-0.50130761,1.33997487,0.19731209,-0.50211322,1.34119524,8.15671000,0.00000004
6.83000000,RETURN_LEG,-0.00019266,-0.01043952,0.00493066,-0.07667365,0.06375771,0.31113414,-0.08012469,0.05991710,0.09392238,0.02199919,0.00423688,31.98091605,0.00230413,47.38361555,37.74100232,0.19086808,-0.50130760,1.33997487,0.19731209,-0.50211322,1.34119524,8.15670885,0.00000004
6.84000000,RETURN_LEG,-0.00019265,-0.01043951,0.00493066,-0.07667364,0.06375771,0.31113414,-0.08012468,0.05991710,0.09392238,0.02199918,0.00423688,31.98091886,0.00230624,47.38361135,37.74100126,0.19086809,-0.50130760,1.33997487,0.19731209,-0.50211322,1.34119524,8.15670782,0.00000004
6.85000000,RETURN_LEG,-0.00019265,-0.01043950,0.00493066,-0.07667363,0.06375771,0.31113414,-0.08012467,0.05991710,0.09392239,0.02199918,0.00423688,31.98092123,0.00230802,47.38360779,37.74100049,0.19086809,-0.50130760,1.33997487,0.19731209,-0.50211322,1.34119524,8.15670691,0.00000004
6.86000000,RETURN_LEG,-0.00019265,-0.01043949,0.00493065,-0.07667363,0.06375771,0.31113414,-0.08012467,0.05991710,0.09392239,0.02199918,0.00423688,31.98092316,0.00230946,47.38360485,37.74099999,0.19086809,-0.50130760,1.33997488,0.19731209,-0.50211322,1.34119524,8.15670611,0.00000004
6.87000000,RETURN_LEG,-0.00019264,-0.01043948,0.00493065,-0.07667362,0.06375771,0.31113415,-0.08012466,0.05991709,0.09392240,0.02199918,0.00423688,31.98092467,0.00231057,47.38360253,37.74099974,0.19086810,-0.50130760,1.33997488,0.19731209,-0.50211322,1.34119524,8.15670544,0.00000004
6.88000000,RETURN_LEG,-0.00019264,-0.01043948,0.00493065,-0.07667362,0.06375771,0.31113415,-0.08012466,0.05991709,0.09392240,0.02199918,0.00423688,31.98092578,0.00231137,47.38360081,37.74099972,0.19086810,-0.50130760,1.33997488,0.19731209,-0.50211322,1.34119524,8.15670488,0.00000004
6.89000000,RETURN_LEG,-0.00019264,-0.01043947,0.00493065,-0.07667362,0.06375771,0.31113415,-0.08012466,0.05991709,0.09392241,0.02199918,0.00423688,31.98092651,0.00231188,47.38359967,37.74099991,0.19086810,-0.50130759,1.33997488,0.19731209,-0.50211322,1.34119524,8.15670443,0.00000003
6.90000000,RETURN_LEG,-0.00019264,-0.01043946,0.00493065,-0.07667361,0.06375771,0.31113415,-0.08012465,0.05991709,0.09392241,0.02199918,0.00423688,31.98092690,0.00231209,47.38359909,37.74100030,0.19086811,-0.50130759,1.33997489,0.19731209,-0.50211322,1.34119524,8.15670410,0.00000003
6.91000000,RETURN_LEG,-0.00019263,-0.01043946,0.00493065,-0.07667361,0.06375771,0.31113415,-0.08012465,0.05991709,0.09392241,0.02199918,0.00423688,31.98092697,0.00231204,47.38359905,37.74100085,0.19086811,-0.50130759,1.33997489,0.19731209,-0.50211322,1.34119524,8.15670388,0.00000003
6.92000000,RETURN_LEG,-0.00019263,-0.01043946,0.00493065,-0.07667361,0.06375770,0.31113415,-0.08012465,0.05991709,0.09392241,0.02199918,0.00423688,31.98092674,0.00231173,47.38359952,37.74100156,0.19086811,-0.50130758,1.33997489,0.19731209,-0.50211322,1.34119524,8.15670376,0.00000003
6.93000000,RETURN_LEG,-0.00019263,-0.01043945,0.00493065,-0.07667361,0.06375770,0.31113415,-0.08012465,0.05991709,0.09392242,0.02199918,0.00423688,31.98092624,0.00231118,47.38360047,37.74100240,0.19086811,-0.50130758,1.33997489,0.19731209,-0.50211322,1.34119524,8.15670375,0.00000003
6.94000000,RETURN_LEG,-0.00019263,-0.01043945,0.00493065,-0.07667360,0.06375770,0.31113415,-0.08012465,0.05991709,0.09392242,0.02199918,0.00423688,31.98092551,0.00231042,47.38360186,37.74100335,0.19086811,-0.50130758,1.33997489,0.19731209,-0.50211322,1.34119524,8.15670382,0.00000003
6.95000000,RETURN_LEG,-0.00019263,-0.01043945,0.00493065,-0.07667360,0.06375770,0.31113415,-0.08012464,0.05991709,0.09392242,0.02199918,0.00423688,31.98092457,0.00230946,47.38360365,37.74100438,0.19086811,-0.50130758,1.33997489,0.19731209,-0.50211322,1.34119524,8.15670398,0.00000003
6.96000000,RETURN_LEG,-0.00019263,-0.01043945,0.00493064,-0.07667360,0.06375770,0.31113415,-0.08012464,0.05991709,0.09392242,0.02199918,0.00423688,31.98092345,0.00230831,47.38360582,37.74100549,0.19086812,-0.50130757,1.33997489,0.19731209,-0.50211322,1.34119524,8.15670423,0.00000003
6.97000000,RETURN_LEG,-0.00019263,-0.01043945,0.00493064,-0.07667360,0.06375770,0.31113415,-0.08012464,0.05991709,0.09392242,0.02199918,0.00423688,31.98092217,0.00230700,47.38360832,37.74100665,0.19086812,-0.50130757,1.33997489,0.19731209,-0.50211322,1.34119524,8.15670454,0.00000003
6.98000000,RETURN_LEG,-0.00019263,-0.01043945,0.00493064,-0.07667360,0.06375770,0.31113415,-0.08012464,0.05991709,0.09392242,0.02199918,0.00423688,31.98092076,0.00230555,47.38361110,37.74100784,0.19086812,-0.50130757,1.33997489,0.19731209,-0.50211322,1.34119524,8.15670493,0.00000003
6.99000000,RETURN_LEG,-0.00019263,-0.01043945,0.00493064,-0.07667360,0.06375770,0.31113415,-0.08012464,0.05991709,0.09392242,0.02199918,0.00423688,31.98091923,0.00230397,47.38361414,37.74100905,0.19086812,-0.50130756,1.33997489,0.19731209,-0.50211322,1.34119524,8.15670537,0.00000003
7.00000000,RETURN_LEG,-0.00019264,-0.01043945,0.00493064,-0.07667360,0.06375770,0.31113415,-0.08012464,0.05991709,0.09392242,0.02199918,0.00423688,31.98091762,0.00230229,47.38361739,37.74101026,0.19086812,-0.50130756,1.33997489,0.19731209,-0.50211322,1.34119524,8.15670587,0.00000003
7.01000000,RETURN_LEG,-0.00019264,-0.01043946,0.00493064,-0.07667361,0.06375770,0.31113415,-0.08012465,0.05991709,0.09392241,0.02199918,0.00423688,31.98091594,0.00230052,47.38362080,37.74101145,0.19086812,-0.50130756,1.33997489,0.19731209,-0.50211322,1.34119524,8.15670641,0.00000003
7.02000000,RETURN_LEG,-0.00019264,-0.01043946,0.00493064,-0.07667361,0.06375770,0.31113415,-0.08012465,0.05991709,0.09392241,0.02199918,0.00423688,31.98091421,0.00229869,47.38362435,37.74101262,0.19086812,-0.50130756,1.33997489,0.19731209,-0.50211322,1.34119524,8.15670699,0.00000003
7.03000000,RETURN_LEG,-0.00019264,-0.01043946,0.00493064,-0.07667361,0.06375770,0.31113415,-0.08012465,0.05991709,0.09392241,0.02199918,0.00423688,31.98091246,0.00229681,47.38362799,37.74101376,0.19086812,-0.50130755,1.33997489,0.19731209,-0.50211322,1.34119524,8.15670760,0.00000003
7.04000000,RETURN_LEG,-0.00019264,-0.01043947,0.00493065,-0.07667361,0.06375771,0.31113414,-0.08012465,0.05991709,0.09392241,0.02199918,0.00423688,31.98091069,0.00229490,47.38363168,37.74101485,0.19086812,-0.50130755,1.33997489,0.19731209,-0.50211322,1.34119524,8.15670823,0.00000003
7.05000000,RETURN_LEG,-0.00019265,-0.01043947,0.00493065,-0.07667361,0.06375771,0.31113414,-0.08012465,0.05991709,0.09392241,0.02199918,0.00423688,31.98090893,0.00229297,47.38363540,37.74101589,0.19086812,-0.50130755,1.33997489,0.19731209,-0.50211322,1.34119524,8.15670888,0.00000003
7.06000000,RETURN_LEG,-0.00019265,-0.01043948,0.00493065,-0.07667361,0.06375771,0.31113414,-0.08012465,0.05991709,0.09392241,0.02199919,0.00423688,31.98090719,0.00229106,47.38363910,37.74101687,0.19086811,-0.50130755,1.33997489,0.19731209,-0.50211322,1.34119524,8.15670954,0.00000003
7.07000000,RETURN_LEG,-0.00019265,-0.01043948,0.00493065,-0.07667362,0.06375771,0.31113414,-0.08012466,0.05991709,0.09392240,0.02199919,0.00423688,31.98090548,0.00228916,47.38364276,37.74101779,0.19086811,-0.50130755,1.33997489,0.19731209,-0.50211322,1.34119524,8.15671020,0.00000003
7.08000000,RETURN_LEG,-0.00019265,-0.01043949,0.00493065,-0.07667362,0.06375771,0.31113414,-0.08012466,0.05991709,0.09392240,0.02199919,0.00423688,31.98090382,0.00228730,47.38364635,37.74101864,0.19086811,-0.50130754,1.33997489,0.19731209,-0.50211322,1.34119524,8.15671086,0.00000003
7.09000000,RETURN_LEG,-0.00019266,-0.01043949,0.00493065,-0.07667362,0.06375771,0.31113414,-0.08012466,0.05991709,0.09392240,0.02199919,0.00423689,31.98090221,0.00228548,47.38364984,37.74101942,0.19086811,-0.50130754,1.33997489,0.19731209,-0.50211322,1.34119524,8.15671151,0.00000003
7.10000000,RETURN_LEG,-0.00019266,-0.01043949,0.00493065,-0.07667362,0.06375771,0.31113414,-0.08012466,0.05991710,0.09392240,0.02199919,0.00423689,31.98090067,0.00228374,47.38365321,37.74102012,0.19086811,-0.50130754,1.33997488,0.19731209,-0.50211322,1.34119524,8.15671215,0.00000004
7.11000000,RETURN_LEG,-0.00019266,-0.01043950,0.00493065,-0.07667363,0.06375771,0.31113414,-0.08012467,0.05991710,0.09392239,0.02199919,0.00423689,31.98089921,0.00228206,47.38365643,37.74102076,0.19086811,-0.50130754,1.33997488,0.19731209,-0.50211322,1.34119524,8.15671277,0.00000004
7.12000000,RETURN_LEG,-0.00019266,-0.01043950,0.00493065,-0.07667363,0.06375771,0.31113414,-0.08012467,0.05991710,0.09392239,0.02199919,0.00423689,31.98089782,0.00228047,47.38365949,37.74102132,0.19086811,-0.50130754,1.33997488,0.19731209,-0.50211322,1.34119524,8.15671337,0.00000004
7.13000000,RETURN_LEG,-0.00019267,-0.01043951,0.00493065,-0.07667363,0.06375771,0.31113414,-0.08012467,0.05991710,0.09392239,0.02199919,0.00423689,31.98089652,0.00227898,47.38366238,37.74102182,0.19086811,-0.50130754,1.33997488,0.19731209,-0.50211322,1.34119524,8.15671394,0.00000004
7.14000000,RETURN_LEG,-0.00019267,-0.01043951,0.00493065,-0.07667363,0.06375771,0.31113414,-0.08012467,0.05991710,0.09392239,0.02199919,0.00423689,31.98089531,0.00227759,47.38366507,37.74102224,0.19086811,-0.50130754,1.33997488,0.19731209,-0.50211322,1.34119524,8.15671448,0.00000004
7.15000000,RETURN_LEG,-0.00019267,-0.01043952,0.00493065,-0.07667364,0.06375771,0.31113414,-0.08012467,0.05991710,0.09392238,0.02199919,0.00423689,31.98089419,0.00227631,47.38366755,37.74102260,0.19086811,-0.50130754,1.33997488,0.19731209,-0.50211322,1.34119524,8.15671500,0.00000004
7.16000000,RETURN_LEG,-0.00019267,-0.01043952,0.00493065,-0.07667364,0.06375771,0.31113414,-0.08012468,0.05991710,0.09392238,0.02199919,0.00423689,31.98089317,0.00227514,47.38366983,37.74102290,0.19086810,-0.50130754,1.33997488,0.19731209,-0.50211322,1.34119524,8.15671547,0.00000004
7.17000000,RETURN_LEG,-0.00019268,-0.01043953,0.00493066,-0.07667364,0.06375772,0.31113413,-0.08012468,0.05991710,0.09392238,0.02199919,0.00423689,31.98089224,0.00227408,47.38367188,37.74102313,0.19086810,-0.50130754,1.33997488,0.19731209,-0.50211322,1.34119524,8.15671591,0.00000004
7.18000000,RETURN_LEG,-0.00019268,-0.01043953,0.00493066,-0.07667364,0.06375772,0.31113413,-0.08012468,0.05991710,0.09392238,0.02199919,0.00423689,31.98089142,0.00227315,47.38367371,37.74102331,0.19086810,-0.50130754,1.33997487,0.19731209,-0.50211322,1.34119524,8.15671632,0.00000004
7.19000000,RETURN_LEG,-0.00019268,-0.01043953,0.00493066,-0.07667364,0.06375772,0.31113413,-0.08012468,0.05991710,0.09392238,0.02199919,0.00423689,31.98089068,0.00227234,47.38367531,37.74102344,0.19086810,-0.50130754,1.33997487,0.19731209,-0.50211322,1.34119524,8.15671668,0.00000004
7.20000000,RETURN_LEG,-0.00019268,-0.01043954,0.00493066,-0.07667365,0.06375772,0.31113413,-0.08012468,0.05991710,0.09392237,0.02199919,0.00423689,31.98089005,0.00227164,47.38367668,37.74102352,0.19086810,-0.50130754,1.33997487,0.19731209,-0.50211322,1.34119524,8.15671700,0.00000004
7.21000000,RETURN_LEG,-0.00019268,-0.01043954,0.00493066,-0.07667365,0.06375772,0.31113413,-0.08012469,0.05991710,0.09392237,0.02199919,0.00423689,31.98088951,0.00227107,47.38367783,37.74102355,0.19086810,-0.50130754,1.33997487,0.19731209,-0.50211322,1.34119524,8.15671729,0.00000004
7.22000000,RETURN_LEG,-0.00019269,-0.01043954,0.00493066,-0.07667365,0.06375772,0.31113413,-0.08012469,0.05991710,0.09392237,0.02199919,0.00423689,31.98088905,0.00227061,47.38367876,37.74102355,0.19086810,-0.50130754,1.33997487,0.19731209,-0.50211322,1.34119524,8.15671753,0.00000004
7.23000000,RETURN_LEG,-0.00019269,-0.01043955,0.00493066,-0.07667365,0.06375772,0.31113413,-0.08012469,0.05991710,0.09392237,0.02199919,0.00423689,31.98088869,0.00227027,47.38367947,37.74102350,0.19086810,-0.50130754,1.33997487,0.19731209,-0.50211322,1.34119524,8.15671774,0.00000004
7.24000000,RETURN_LEG,-0.00019269,-0.01043955,0.00493066,-0.07667365,0.06375772,0.31113413,-0.08012469,0.05991710,0.09392237,0.02199919,0.00423689,31.98088841,0.00227004,47.38367997,37.74102342,0.19086809,-0.50130754,1.33997487,0.19731209,-0.50211322,1.34119524,8.15671790,0.00000004
7.25000000,RETURN_LEG,-0.00019269,-0.01043955,0.00493066,-0.07667365,0.06375772,0.31113413,-0.08012469,0.05991710,0.09392237,0.02199919,0.00423689,31.98088821,0.00226992,47.38368026,37.74102332,0.19086809,-0.50130754,1.33997487,0.19731209,-0.50211322,1.34119524,8.15671803,0.00000004
7.26000000,RETURN_LEG,-0.00019269,-0.01043955,0.00493066,-0.07667365,0.06375772,0.31113413,-0.08012469,0.05991711,0.09392237,0.02199919,0.00423689,31.98088809,0.00226990,47.38368037,37.74102319,0.19086809,-0.50130755,1.33997487,0.19731209,-0.50211322,1.34119524,8.15671812,0.00000004
7.27000000,RETURN_LEG,-0.00019269,-0.01043955,0.00493066,-0.07667365,0.06375772,0.31113413,-0.08012469,0.05991711,0.09392237,0.02199919,0.00423689,31.98088804,0.00226997,47.38368030,37.74102303,0.19086809,-0.50130755,1.33997487,0.19731209,-0.50211322,1.34119524,8.15671817,0.00000004
7.28000000,RETURN_LEG,-0.00019269,-0.01043955,0.00493066,-0.07667366,0.06375772,0.31113413,-0.08012469,0.05991711,0.09392237,0.02199919,0.00423689,31.98088805,0.00227013,47.38368005,37.74102286,0.19086809,-0.50130755,1.33997487,0.19731209,-0.50211322,1.34119524,8.15671819,0.00000004
7.29000000,RETURN_LEG,-0.00019269,-0.01043956,0.00493066,-0.07667366,0.06375772,0.31113413,-0.08012469,0.05991711,0.09392237,0.02199919,0.00423689,31.98088813,0.00227037,47.38367965,37.74102267,0.19086809,-0.50130755,1.33997487,0.19731209,-0.50211322,1.34119524,8.15671818,0.00000004
7.30000000,RETURN_LEG,-0.00019269,-0.01043956,0.00493066,-0.07667366,0.06375772,0.31113413,-0.08012469,0.05991711,0.09392237,0.02199919,0.00423689,31.98088827,0.00227068,47.38367910,37.74102246,0.19086809,-0.50130755,1.33997487,0.19731209,-0.50211322,1.34119524,8.15671814,0.00000004
7.31000000,RETURN_LEG,-0.00019269,-0.01043956,0.00493066,-0.07667366,0.06375772,0.31113413,-0.08012469,0.05991711,0.09392236,0.02199919,0.00423689,31.98088846,0.00227107,47.38367843,37.74102225,0.19086809,-0.50130755,1.33997487,0.19731209,-0.50211322,1.34119524,8.15671807,0.00000004
7.32000000,RETURN_LEG,-0.00019269,-0.01043956,0.00493066,-0.07667366,0.06375772,0.31113413,-0.08012469,0.05991711,0.09392236,0.02199919,0.00423689,31.98088870,0.00227151,47.38367764,37.74102203,0.19086809,-0.50130755,1.33997487,0.19731209,-0.50211322,1.34119524,8.15671798,0.00000004
7.33000000,RETURN_LEG,-0.00019269,-0.01043956,0.00493066,-0.07667366,0.06375772,0.31113413,-0.08012469,0.05991711,0.09392236,0.02199919,0.00423689,31.98088899,0.00227200,47.38367674,37.74102180,0.19086809,-0.50130755,1.33997487,0.19731209,-0.50211322,1.34119524,8.15671786,0.00000004
7.34000000,RETURN_LEG,-0.00019269,-0.01043956,0.00493066,-0.07667366,0.06375772,0.31113413,-0.08012469,0.05991711,0.09392236,0.02199919,0.00423689,31.98088931,0.00227254,47.38367576,37.74102157,0.19086809,-0.50130755,1.33997487,0.19731209,-0.50211322,1.34119524,8.15671773,0.00000004
7.35000000,RETURN_LEG,-0.00019269,-0.01043955,0.00493066,-0.07667366,0.06375772,0.31113413,-0.08012469,0.05991711,0.09392237,0.02199919,0.00423689,31.98088966,0.00227312,47.38367470,37.74102134,0.19086809,-0.50130755,1.33997487,0.19731209,-0.50211322,1.34119524,8.15671757,0.00000004
7.36000000,RETURN_LEG,-0.00019269,-0.01043955,0.00493066,-0.07667366,0.06375772,0.31113413,-0.08012469,0.05991711,0.09392237,0.02199919,0.00423689,31.98089005,0.00227372,47.38367359,37.74102110,0.19086809,-0.50130755,1.33997487,0.19731209,-0.50211322,1.34119524,8.15671740,0.00000004
7.37000000,RETURN_LEG,-0.00019269,-0.01043955,0.00493066,-0.07667366,0.06375772,0.31113413,-0.08012469,0.05991711,0.09392237,0.02199919,0.00423689,31.98089046,0.00227435,47.38367242,37.74102087,0.19086809,-0.50130756,1.33997487,0.19731209,-0.50211322,1.34119524,8.15671722,0.00000004
7.38000000,RETURN_LEG,-0.00019269,-0.01043955,0.00493066,-0.07667366,0.06375772,0.31113413,-0.08012469,0.05991711,0.09392237,0.02199919,0.00423689,31.98089089,0.00227499,47.38367123,37.74102064,0.19086809,-0.50130756,1.33997487,0.19731209,-0.50211322,1.34119524,8.15671702,0.00000004
7.39000000,RETURN_LEG,-0.00019269,-0.01043955,0.00493066,-0.07667365,0.06375772,0.31113413,-0.08012469,0.05991711,0.09392237,0.02199919,0.00423689,31.98089133,0.00227565,47.38367001,37.74102042,0.19086809,-0.50130756,1.33997487,0.19731209,-0.50211322,1.34119524,8.15671682,0.00000004
7.40000000,RETURN_LEG,-0.00019269,-0.01043955,0.00493066,-0.07667365,0.06375772,0.31113413,-0.08012469,0.05991711,0.09392237,0.02199919,0.00423689,31.98089179,0.00227630,47.38366878,37.74102020,0.19086809,-0.50130756,1.33997487,0.19731209,-0.50211322,1.34119524,8.15671662,0.00000004
7.41000000,RETURN_LEG,-0.00019268,-0.01043955,0.00493066,-0.07667365,0.06375772,0.31113413,-0.08012469,0.05991711,0.09392237,0.02199919,0.00423689,31.98089225,0.00227695,47.38366756,37.74101999,0.19086809,-0.50130756,1.33997487,0.19731209,-0.50211322,1.34119524,8.15671640,0.00000004
7.42000000,RETURN_LEG,-0.00019268,-0.01043955,0.00493066,-0.07667365,0.06375772,0.31113413,-0.08012469,0.05991710,0.09392237,0.02199919,0.00423689,31.98089271,0.00227759,47.38366634,37.74101979,0.19086809,-0.50130756,1.33997487,0.19731209,-0.50211322,1.34119524,8.15671619,0.00000004
7.43000000,RETURN_LEG,-0.00019268,-0.01043955,0.00493066,-0.07667365,0.06375772,0.31113413,-0.08012469,0.05991710,0.09392237,0.02199919,0.00423689,31.98089318,0.00227822,47.38366515,37.74101959,0.19086809,-0.50130756,1.33997487,0.19731209,-0.50211322,1.34119524,8.15671598,0.00000004
7.44000000,RETURN_LEG,-0.00019268,-0.01043954,0.00493066,-0.07667365,0.06375772,0.31113413,-0.08012469,0.05991710,0.09392237,0.02199919,0.00423689,31.98089364,0.00227883,47.38366400,37.74101941,0.19086809,-0.50130756,1.33997487,0.19731209,-0.50211322,1.34119524,8.15671577,0.00000004
7.45000000,RETURN_LEG,-0.00019268,-0.01043954,0.00493066,-0.07667365,0.06375772,0.31113413,-0.08012469,0.05991710,0.09392237,0.02199919,0.00423689,31.98089409,0.00227941,47.38366288,37.74101923,0.19086809,-0.50130756,1.33997487,0.19731209,-0.50211322,1.34119524,8.15671556,0.00000004
7.46000000,RETURN_LEG,-0.00019268,-0.01043954,0.00493066,-0.07667365,0.06375772,0.31113413,-0.08012469,0.05991710,0.09392237,0.02199919,0.00423689,31.98089453,0.00227997,47.38366181,37.74101906,0.19086809,-0.50130756,1.33997487,0.19731209,-0.50211322,1.34119524,8.15671536,0.00000004
7.47000000,RETURN_LEG,-0.00019268,-0.01043954,0.00493066,-0.07667365,0.06375772,0.31113413,-0.08012469,0.05991710,0.09392237,0.02199919,0.00423689,31.98089496,0.00228050,47.38366079,37.74101890,0.19086809,-0.50130756,1.33997487,0.19731209,-0.50211322,1.34119524,8.15671516,0.00000004
7.48000000,RETURN_LEG,-0.00019268,-0.01043954,0.00493066,-0.07667365,0.06375772,0.31113414,-0.08012469,0.05991710,0.09392237,0.02199919,0.00423689,31.98089537,0.00228100,47.38365983,37.74101876,0.19086809,-0.50130756,1.33997487,0.19731209,-0.50211322,1.34119524,8.15671497,0.00000004
7.49000000,RETURN_LEG,-0.00019268,-0.01043954,0.00493066,-0.07667365,0.06375772,0.31113414,-0.08012469,0.05991710,0.09392237,0.02199919,0.00423689,31.98089577,0.00228146,47.38365893,37.74101862,0.19086809,-0.50130756,1.33997487,0.19731209,-0.50211322,1.34119524,8.15671480,0.00000004
7.50000000,RETURN_LEG,-0.00019268,-0.01043954,0.00493066,-0.07667365,0.06375772,0.31113414,-0.08012468,0.05991710,0.09392237,0.02199919,0.00423689,31.98089614,0.00228188,47.38365810,37.74101850,0.19086809,-0.50130756,1.33997487,0.19731209,-0.50211322,1.34119524,8.15671463,0.00000004
7.51000000,RETURN_LEG,-0.00019268,-0.01043953,0.00493066,-0.07667365,0.06375772,0.31113414,-0.08012468,0.05991710,0.09392238,0.02199919,0.00423689,31.98089650,0.00228226,47.38365735,37.74101839,0.19086809,-0.50130756,1.33997487,0.19731209,-0.50211322,1.34119524,8.15671447,0.00000004
7.52000000,RETURN_LEG,-0.00019267,-0.01043953,0.00493066,-0.07667365,0.06375772,0.31113414,-0.08012468,0.05991710,0.09392238,0.02199919,0.00423689,31.98089683,0.00228261,47.38365666,37.74101828,0.19086809,-0.50130756,1.33997487,0.19731209,-0.50211322,1.34119524,8.15671432,0.00000004
7.53000000,RETURN_LEG,-0.00019267,-0.01043953,0.00493066,-0.07667364,0.06375772,0.31113414,-0.08012468,0.05991710,0.09392238,0.02199919,0.00423689,31.98089713,0.00228292,47.38365605,37.74101819,0.19086809,-0.50130756,1.33997487,0.19731209,-0.50211322,1.34119524,8.15671419,0.00000004
7.54000000,RETURN_LEG,-0.00019267,-0.01043953,0.00493066,-0.07667364,0.06375772,0.31113414,-0.08012468,0.05991710,0.09392238,0.02199919,0.00423689,31.98089741,0.00228318,47.38365551,37.74101812,0.19086809,-0.50130756,1.33997487,0.19731209,-0.50211322,1.34119524,8.15671407,0.00000004
7.55000000,RETURN_LEG,-0.00019267,-0.01043953,0.00493066,-0.07667364,0.06375772,0.31113414,-0.08012468,0.05991710,0.09392238,0.02199919,0.00423689,31.98089766,0.00228341,47.38365505,37.74101805,0.19086809,-0.50130756,1.33997487,0.19731209,-0.50211322,1.34119524,8.15671396,0.00000004
7.56000000,RETURN_LEG,-0.00019267,-0.01043953,0.00493066,-0.07667364,0.06375772,0.31113414,-0.08012468,0.05991710,0.09392238,0.02199919,0.00423689,31.98089789,0.00228359,47.38365466,37.74101799,0.19086809,-0.50130756,1.33997487,0.19731209,-0.50211322,1.34119524,8.15671387,0.00000004
7.57000000,RETURN_LEG,-0.00019267,-0.01043953,0.00493066,-0.07667364,0.06375772,0.31113414,-0.08012468,0.05991710,0.09392238,0.02199919,0.00423689,31.98089809,0.00228374,47.38365435,37.74101795,0.19086810,-0.50130756,1.33997487,0.19731209,-0.50211322,1.34119524,8.15671378,0.00000004
7.58000000,RETURN_LEG,-0.00019267,-0.01043953,0.00493066,-0.07667364,0.06375772,0.31113414,-0.08012468,0.05991710,0.09392238,0.02199919,0.00423689,31.98089826,0.00228385,47.38365410,37.74101791,0.19086810,-0.50130756,1.33997487,0.19731209,-0.50211322,1.34119524,8.15671371,0.00000004
7.59000000,RETURN_LEG,-0.00019267,-0.01043953,0.00493066,-0.07667364,0.06375772,0.31113414,-0.08012468,0.05991710,0.09392238,0.02199919,0.00423689,31.98089840,0.00228393,47.38365392,37.74101789,0.19086810,-0.50130756,1.33997487,0.19731209,-0.50211322,1.34119524,8.15671366,0.00000004
7.60000000,RETURN_LEG,-0.00019267,-0.01043952,0.00493066,-0.07667364,0.06375772,0.31113414,-0.08012468,0.05991710,0.09392238,0.02199919,0.00423689,31.98089852,0.00228397,47.38365381,37.74101787,0.19086810,-0.50130756,1.33997487,0.19731209,-0.50211322,1.34119524,8.15671361,0.00000004
7.61000000,RETURN_LEG,-0.00019267,-0.01043952,0.00493066,-0.07667364,0.06375772,0.31113414,-0.08012468,0.05991710,0.09392238,0.02199919,0.00423689,31.98089861,0.00228398,47.38365376,37.74101787,0.19086810,-0.50130756,1.33997487,0.19731209,-0.50211322,1.34119524,8.15671358,0.00000004
7.62000000,RETURN_LEG,-0.00019267,-0.01043952,0.00493066,-0.07667364,0.06375771,0.31113414,-0.08012468,0.05991710,0.09392238,0.02199919,0.00423689,31.98089868,0.00228396,47.38365377,37.74101787,0.19086810,-0.50130756,1.33997487,0.19731209,-0.50211322,1.34119524,8.15671356,0.00000004
7.63000000,LOWER_LEG,-0.00019267,-0.01043952,0.00493066,-0.07667364,0.06375771,0.31113414,-0.08012468,0.05991710,0.09392238,0.02199919,0.00423689,31.98089872,0.00228391,47.38365384,37.74101789,0.19086810,-0.50130756,1.33997487,0.19731209,-0.50211322,1.34119524,8.15671355,0.00000004
7.64000000,LOWER_LEG,-0.00019268,-0.01043953,0.00493066,-0.07667364,0.06375771,0.31113414,-0.08012468,0.05991710,0.09392238,0.02199919,0.00423688,31.98087614,0.00269369,47.38367440,37.74099644,0.19086809,-0.50130752,1.33997480,0.19731200,-0.50211279,1.34119426,8.15671614,0.00000010
7.65000000,LOWER_LEG,-0.00019281,-0.01043959,0.00493067,-0.07667365,0.06375772,0.31113415,-0.08012468,0.05991710,0.09392238,0.02199906,0.00423676,31.98061061,0.00552492,47.38381391,37.74082940,0.19086804,-0.50130677,1.33997326,0.19731131,-0.50210925,1.34118629,8.15673013,0.00000006
7.66000000,LOWER_LEG,-0.00019324,-0.01043985,0.00493073,-0.07667367,0.06375775,0.31113420,-0.08012469,0.05991712,0.09392236,0.02199866,0.00423636,31.97986417,0.01003993,47.38445981,37.74035621,0.19086790,-0.50130430,1.33996826,0.19730989,-0.50210204,1.34117009,8.15680274,0.00000005
7.67000000,LOWER_LEG,-0.00019417,-0.01044047,0.00493092,-0.07667372,0.06375781,0.31113432,-0.08012472,0.05991717,0.09392231,0.02199781,0.00423551,31.97831739,0.01700163,47.38580779,37.73939080,0.19086766,-0.50129898,1.33995748,0.19730742,-0.50208947,1.34114181,8.15696032,0.00000004
7.68000000,LOWER_LEG,-0.00019588,-0.01044166,0.00493132,-0.07667384,0.06375796,0.31113457,-0.08012479,0.05991729,0.09392220,0.02199636,0.00423406,31.97621753,0.02661555,47.38755045,37.73703961,0.19086731,-0.50128955,1.33993836,0.19730364,-0.50207025,1.34109860,8.15714892,0.00000005
7.69000000,LOWER_LEG,-0.00019860,-0.01044371,0.00493208,-0.07667405,0.06375823,0.31113502,-0.08012492,0.05991751,0.09392197,0.02199418,0.00423187,31.97238189,0.03896694,47.39012044,37.73381965,0.19086691,-0.50127478,1.33990834,0.19729833,-0.50204325,1.34103789,8.15742873,0.00000008
7.70000000,LOWER_LEG,-0.00020268,-0.01044688,0.00493336,-0.07667441,0.06375868,0.31113575,-0.08012516,0.05991788,0.09392158,0.02199117,0.00422887,31.96623292,0.05412329,47.39457119,37.72989076,0.19086649,-0.50125348,1.33986496,0.19729128,-0.50200743,1.34095734,8.15795017,0.00000003
7.71000000,LOWER_LEG,-0.00020843,-0.01045143,0.00493537,-0.07667496,0.06375937,0.31113682,-0.08012554,0.05991845,0.09392096,0.02198727,0.00422497,31.95792236,0.07208032,47.39968718,37.72410751,0.19086609,-0.50122452,1.33980590,0.19728232,-0.50196185,1.34085485,8.15854522,0.00000009
7.72000000,LOWER_LEG,-0.00021620,-0.01045765,0.00493832,-0.07667576,0.06376039,0.31113834,-0.08012611,0.05991930,0.09392005,0.02198244,0.00422014,31.94753754,0.09283396,47.40630369,37.71592211,0.19086579,-0.50118686,1.33972900,0.19727128,-0.50190567,1.34072853,8.15933299,0.00000010
7.73000000,LOWER_LEG,-0.00022633,-0.01046578,0.00494244,-0.07667688,0.06376180,0.31114037,-0.08012693,0.05992050,0.09391876,0.02197666,0.00421436,31.93498297,0.11635972,47.41456993,37.70485394,0.19086566,-0.50113954,1.33963226,0.19725801,-0.50183813,1.34057665,8.16033898,0.00000003
7.74000000,LOWER_LEG,-0.00023918,-0.01047608,0.00494799,-0.07667838,0.06376369,0.31114300,-0.08012805,0.05992211,0.09391703,0.02196991,0.00420761,31.91882658,0.14262083,47.42467683,37.69199380,0.19086576,-0.50108165,1.33951385,0.19724237,-0.50175852,1.34039766,8.16159703,0.00000008
7.75000000,LOWER_LEG,-0.00025509,-0.01048877,0.00495523,-0.07668033,0.06376616,0.31114628,-0.08012954,0.05992424,0.09391476,0.02196220,0.00419990,31.90030149,0.17160615,47.43686551,37.67559862,0.19086618,-0.50101241,1.33937211,0.19722424,-0.50166624,1.34019019,8.16314667,0.00000005
7.76000000,LOWER_LEG,-0.00027439,-0.01050410,0.00496440,-0.07668281,0.06376929,0.31115027,-0.08013145,0.05992694,0.09391188,0.02195354,0.00419123,31.87844793,0.20329017,47.45136223,37.65639065,0.19086697,-0.50093108,1.33920553,0.19720353,-0.50156074,1.33995300,8.16502685,0.00000006
7.77000000,LOWER_LEG,-0.00029741,-0.01052225,0.00497578,-0.07668588,0.06377319,0.31115503,-0.08013386,0.05993032,0.09390829,0.02194393,0.00418162,31.85356545,0.23767494,47.46841489,37.63381534,0.19086819,-0.50083699,1.33901278,0.19718014,-0.50144153,1.33968501,8.16728012,0.00000008
7.78000000,LOWER_LEG,-0.00032445,-0.01054343,0.00498959,-0.07668962,0.06377793,0.31116058,-0.08013683,0.05993446,0.09390392,0.02193338,0.00417108,31.82558389,0.27476237,47.48827473,37.60776717,0.19086989,-0.50072955,1.33879268,0.19715399,-0.50130820,1.33938527,8.16994879,0.00000009
7.79000000,LOWER_LEG,-0.00035579,-0.01056784,0.00500608,-0.07669411,0.06378360,0.31116696,-0.08014042,0.05993943,0.09389867,0.02192193,0.00415962,31.79509655,0.31456216,47.51120988,37.57749595,0.19087212,-0.50060825,1.33854418,0.19712501,-0.50116037,1.33905297,8.17307592,0.00000000
7.80000000,LOWER_LEG,-0.00039170,-0.01059566,0.00502546,-0.07669942,0.06379030,0.31117419,-0.08014472,0.05994531,0.09389245,0.02190957,0.00414727,31.76088019,0.35708657,47.53742325,37.54410626,0.19087490,-0.50047260,1.33826640,0.19709316,-0.50099773,1.33868742,8.17670131,0.00000000
7.81000000,LOWER_LEG,-0.00043243,-0.01062704,0.00504791,-0.07670563,0.06379810,0.31118228,-0.08014978,0.05995218,0.09388518,0.02189634,0.00413404,31.72358222,0.40237221,47.56715607,37.50692092,0.19087825,-0.50032220,1.33795859,0.19705837,-0.50082005,1.33828807,8.18086628,0.00000000
7.82000000,LOWER_LEG,-0.00047820,-0.01066216,0.00507361,-0.07671282,0.06380708,0.31119123,-0.08015568,0.05996010,0.09387676,0.02188226,0.00411996,31.68314093,0.45044683,47.60062287,37.46590590,0.19088218,-0.50015669,1.33762015,0.19702063,-0.50062710,1.33785447,8.18560874,0.00000000
7.83000000,LOWER_LEG,-0.00052921,-0.01070117,0.00510271,-0.07672106,0.06381730,0.31120105,-0.08016249,0.05996915,0.09386710,0.02186736,0.00410506,31.63952297,0.50134184,47.63802180,37.42102802,0.19088670,-0.49997578,1.33725057,0.19697990,-0.50041875,1.33738628,8.19096453,0.00000001
7.84000000,LOWER_LEG,-0.00058563,-0.01074423,0.00513533,-0.07673043,0.06382883,0.31121174,-0.08017027,0.05997939,0.09385611,0.02185168,0.00408938,31.59268248,0.55509055,47.67953022,37.37226680,0.19089181,-0.49977923,1.33684950,0.19693619,-0.50019489,1.33688330,8.19696671,0.00000001
7.85000000,LOWER_LEG,-0.00064761,-0.01079149,0.00517158,-0.07674101,0.06384174,0.31122330,-0.08017912,0.05999087,0.09384370,0.02183526,0.00407296,31.54255864,0.61172715,47.72530325,37.31961200,0.19089750,-0.49956685,1.33641667,0.19688947,-0.49995548,1.33634543,8.20364526,0.00000001
7.86000000,LOWER_LEG,-0.00071529,-0.01084309,0.00521154,-0.07675287,0.06385606,0.31123574,-0.08018908,0.06000363,0.09382979,0.02181815,0.00405585,31.48907637,0.67128547,47.77547344,37.26306153,0.19090377,-0.49933852,1.33595197,0.19683978,-0.49970051,1.33577268,8.21102706,0.00000001
7.87000000,LOWER_LEG,-0.00078877,-0.01089919,0.00525528,-0.07676609,0.06387186,0.31124903,-0.08020024,0.06001772,0.09381429,0.02180042,0.00403811,31.43214843,0.73379749,47.83015118,37.20261973,0.19091060,-0.49909416,1.33545536,0.19678711,-0.49943004,1.33516516,8.21913582,0.00000001
7.88000000,LOWER_LEG,-0.00086816,-0.01095991,0.00530284,-0.07678074,0.06388916,0.31126320,-0.08021265,0.06003319,0.09379710,0.02178212,0.00401982,31.37167862,0.79929159,47.88942552,37.13829597,0.19091798,-0.49883376,1.33492693,0.19673150,-0.49914414,1.33452310,8.22799219,0.00000001
7.89000000,LOWER_LEG,-0.00095352,-0.01102539,0.00535426,-0.07679689,0.06390800,0.31127823,-0.08022640,0.06005006,0.09377816,0.02176335,0.00400104,31.30756572,0.86779024,47.95336531,37.07010359,0.19092591,-0.49855734,1.33436685,0.19667299,-0.49884297,1.33384682,8.23761386,0.00000001
7.90000000,LOWER_LEG,-0.00104493,-0.01109574,0.00540956,-0.07681461,0.06392842,0.31129413,-0.08024154,0.06006837,0.09375737,0.02174417,0.00398187,31.23970800,0.93930736,48.02202057,36.99805931,0.19093438,-0.49826501,1.33377540,0.19661163,-0.49852670,1.33313673,8.24801573,0.00000001
7.91000000,LOWER_LEG,-0.00114243,-0.01117109,0.00546876,-0.07683397,0.06395043,0.31131090,-0.08025814,0.06008813,0.09373466,0.02172470,0.00396240,31.16800807,1.01384522,48.09542377,36.92218309,0.19094338,-0.49795689,1.33315294,0.19654745,-0.49819554,1.33239334,8.25921005,0.00000001
7.92000000,LOWER_LEG,-0.00124605,-0.01125153,0.00553184,-0.07685503,0.06397406,0.31132855,-0.08027626,0.06010937,0.09370997,0.02170502,0.00394272,31.09237776,1.09139113,48.17359113,36.84249849,0.19095293,-0.49763317,1.33249992,0.19648054,-0.49784977,1.33161725,8.27120658,0.00000001
7.93000000,LOWER_LEG,-0.00135583,-0.01133716,0.00559882,-0.07687785,0.06399933,0.31134708,-0.08029595,0.06013211,0.09368322,0.02168524,0.00392294,31.01274298,1.17191407,48.25652367,36.75903358,0.19096303,-0.49729408,1.33181687,0.19641095,-0.49748967,1.33080914,8.28401270,0.00000001
7.94000000,LOWER_LEG,-0.00147176,-0.01142805,0.00566966,-0.07690247,0.06402625,0.31136648,-0.08031727,0.06015636,0.09365435,0.02166547,0.00390317,30.92904828,1.25536160,48.34420812,36.67182237,0.19097368,-0.49693989,1.33110438,0.19633876,-0.49711558,1.32996977,8.29763354,0.00000001
7.95000000,LOWER_LEG,-0.00159384,-0.01152426,0.00574434,-0.07692897,0.06405482,0.31138677,-0.08034026,0.06018212,0.09362331,0.02164580,0.00388350,30.84126095,1.34165749,48.43661748,36.58090664,0.19098492,-0.49657092,1.33036310,0.19626405,-0.49672786,1.32909997,8.31207202,0.00000001
7.96000000,LOWER_LEG,-0.00172206,-0.01162583,0.00582285,-0.07695736,0.06408506,0.31140793,-0.08036498,0.06020942,0.09359005,0.02162635,0.00386405,30.74937468,1.43070041,48.53371143,36.48633813,0.19099674,-0.49618749,1.32959375,0.19618691,-0.49632690,1.32820064,8.32732886,0.00000001
7.97000000,LOWER_LEG,-0.00185637,-0.01173279,0.00590513,-0.07698771,0.06411697,0.31142997,-0.08039145,0.06023824,0.09355452,0.02160720,0.00384490,30.65341234,1.52236393,48.63543643,36.38818094,0.19100916,-0.49578998,1.32879708,0.19610744,-0.49591312,1.32727271,8.34340261,0.00000001
7.98000000,LOWER_LEG,-0.00199672,-0.01184512,0.00599115,-0.07702003,0.06415054,0.31145288,-0.08041972,0.06026859,0.09351670,0.02158845,0.00382615,30.55342792,1.61649823,48.74172573,36.28651388,0.19102221,-0.49537878,1.32797389,0.19602572,-0.49548696,1.32631721,8.36028957,0.00000001
7.99000000,LOWER_LEG,-0.00214303,-0.01196282,0.00608083,-0.07705435,0.06418577,0.31147664,-0.08044980,0.06030047,0.09347655,0.02157018,0.00380788,30.44950735,1.71293350,48.85249925,36.18143265,0.19103588,-0.49495429,1.32712502,0.19594186,-0.49504887,1.32533516,8.37798374,0.00000001
8.00000000,LOWER_LEG,-0.00229521,-0.01208583,0.00617413,-0.07709070,0.06422265,0.31150123,-0.08048173,0.06033387,0.09343405,0.02155245,0.00379015,30.34176810,1.81148473,48.96766346,36.07305156,0.19105019,-0.49451693,1.32625134,0.19585595,-0.49459934,1.32432765,8.39647671,0.00000001
8.01000000,LOWER_LEG,-0.00245315,-0.01221409,0.00627094,-0.07712907,0.06426117,0.31152664,-0.08051551,0.06036878,0.09338921,0.02153532,0.00377302,30.23035748,1.91195763,49.08711117,35.96150462,0.19106512,-0.49406714,1.32535375,0.19576812,-0.49413885,1.32329580,8.41575760,0.00000001
8.02000000,LOWER_LEG,-0.00261669,-0.01234749,0.00637119,-0.07716949,0.06430130,0.31155283,-0.08055116,0.06040517,0.09334201,0.02151883,0.00375652,30.11544963,2.01415500,49.21072142,35.84694583,0.19108068,-0.49360536,1.32443316,0.19567845,-0.49366790,1.32224073,8.43581295,0.00000001
8.03000000,LOWER_LEG,-0.00278568,-0.01248591,0.00647475,-0.07721193,0.06434301,0.31157977,-0.08058866,0.06044303,0.09329246,0.02150300,0.00374069,29.99724137,2.11788275,49.33835938,35.72954857,0.19109685,-0.49313204,1.32349054,0.19558706,-0.49318701,1.32116363,8.45662662,0.00000001
8.04000000,LOWER_LEG,-0.00295992,-0.01262923,0.00658151,-0.07725639,0.06438629,0.31160742,-0.08062802,0.06048233,0.09324059,0.02148784,0.00372554,29.87595361,2.22252657,49.46986952,35.60950988,0.19111360,-0.49264761,1.32252682,0.19549406,-0.49269669,1.32006566,8.47817892,0.00000001
8.05000000,LOWER_LEG,-0.00313917,-0.01277724,0.00669131,-0.07730284,0.06443107,0.31163573,-0.08066922,0.06052303,0.09318643,0.02147330,0.00371099,29.75190865,2.32686428,49.60500484,35.48711617,0.19113087,-0.49215237,1.32154266,0.19539955,-0.49219746,1.31894797,8.50043824,0.00000001
8.06000000,LOWER_LEG,-0.00332309,-0.01292971,0.00680397,-0.07735125,0.06447732,0.31166464,-0.08071221,0.06056509,0.09313001,0.02145926,0.00369696,29.62550583,2.43107408,49.74349941,35.36269734,0.19114858,-0.49164659,1.32053877,0.19530363,-0.49168978,1.31781162,8.52337112,0.00000001
8.07000000,LOWER_LEG,-0.00351134,-0.01308635,0.00691929,-0.07740157,0.06452495,0.31169408,-0.08075697,0.06060844,0.09307140,0.02144565,0.00368334,29.49711976,2.53546887,49.88513876,35.23657713,0.19116663,-0.49113066,1.31951615,0.19520640,-0.49117411,1.31665764,8.54694811,0.00000001
8.08000000,LOWER_LEG,-0.00370359,-0.01324687,0.00703704,-0.07745374,0.06457390,0.31172398,-0.08080345,0.06065302,0.09301067,0.02143236,0.00367006,29.36706678,2.64027935,50.02973023,35.10907469,0.19118493,-0.49060502,1.31847590,0.19510796,-0.49065095,1.31548716,8.57113895,0.00000001
8.09000000,LOWER_LEG,-0.00389951,-0.01341101,0.00715698,-0.07750768,0.06462409,0.31175426,-0.08085157,0.06069876,0.09294789,0.02141934,0.00365704,29.23559495,2.74563729,50.17707679,34.98049186,0.19120339,-0.49007016,1.31741923,0.19500841,-0.49012081,1.31430137,8.59591014,0.00000001
8.10000000,LOWER_LEG,-0.00409879,-0.01357853,0.00727887,-0.07756333,0.06467542,0.31178485,-0.08090128,0.06074557,0.09288316,0.02140654,0.00364424,29.10289022,2.85157757,50.32695983,34.85110163,0.19122194,-0.48952663,1.31634738,0.19490786,-0.48958425,1.31310151,8.62122399,0.00000001
8.11000000,LOWER_LEG,-0.00430110,-0.01374920,0.00740246,-0.07762060,0.06472781,0.31181570,-0.08095250,0.06079337,0.09281657,0.02139394,0.00363163,28.96909117,2.95805058,50.47913130,34.72114328,0.19124052,-0.48897499,1.31526158,0.19480644,-0.48904188,1.31188891,8.64703845,0.00000001
8.12000000,LOWER_LEG,-0.00450612,-0.01392278,0.00752751,-0.07767940,0.06478116,0.31184676,-0.08100516,0.06084209,0.09274820,0.02138151,0.00361920,28.83430673,3.06494054,50.63331355,34.59082392,0.19125909,-0.48841583,1.31416312,0.19470426,-0.48849428,1.31066495,8.67330756,0.00000001
8.13000000,LOWER_LEG,-0.00471353,-0.01409906,0.00765380,-0.07773966,0.06483538,0.31187800,-0.08105918,0.06089163,0.09267816,0.02136924,0.00360694,28.69863327,3.17208614,50.78920455,34.46032460,0.19127761,-0.48784974,1.31305325,0.19460145,-0.48794210,1.30943103,8.69998224,0.00000001
8.14000000,LOWER_LEG,-0.00492301,-0.01427781,0.00778108,-0.07780128,0.06489039,0.31190938,-0.08111447,0.06094191,0.09260653,0.02135714,0.00359484,28.56216926,3.27930030,50.94648577,34.32980808,0.19129605,-0.48727734,1.31193324,0.19449813,-0.48738597,1.30818859,8.72701133,0.00000001
8.15000000,LOWER_LEG,-0.00513423,-0.01445879,0.00790916,-0.07786416,0.06494608,0.31194087,-0.08117096,0.06099285,0.09253343,0.02134521,0.00358291,28.42502635,3.38638737,51.10483076,34.19942648,0.19131438,-0.48669924,1.31080437,0.19439442,-0.48682654,1.30693908,8.75434252,0.00000001
8.16000000,LOWER_LEG,-0.00534688,-0.01464176,0.00803781,-0.07792820,0.06500237,0.31197246,-0.08122854,0.06104436,0.09245896,0.02133345,0.00357115,28.28733666,3.49315614,51.26391287,34.06932748,0.19133257,-0.48611610,1.30966791,0.19429045,-0.48626447,1.30568399,8.78192324,0.00000001
8.17000000,LOWER_LEG,-0.00556063,-0.01482645,0.00816684,-0.07799331,0.06505917,0.31200412,-0.08128713,0.06109636,0.09238325,0.02132186,0.00355956,28.14925635,3.59942852,51.42341150,33.93965845,0.19135060,-0.48552855,1.30852517,0.19418634,-0.48570042,1.30442478,8.80970138,0.00000001
8.18000000,LOWER_LEG,-0.00577517,-0.01501260,0.00829606,-0.07805936,0.06511638,0.31203584,-0.08134662,0.06114878,0.09230639,0.02131045,0.00354815,28.01096609,3.70504387,51.58301649,33.81056869,0.19136845,-0.48493727,1.30737745,0.19408222,-0.48513505,1.30316295,8.83762577,0.00000001
8.19000000,LOWER_LEG,-0.00599019,-0.01519994,0.00842527,-0.07812627,0.06517393,0.31206758,-0.08140693,0.06120152,0.09222853,0.02129921,0.00353691,27.87266887,3.80985969,51.74243074,33.68220997,0.19138610,-0.48434292,1.30622609,0.19397821,-0.48456905,1.30189999,8.86564653,0.00000001
8.20000000,LOWER_LEG,-0.00620538,-0.01538817,0.00855431,-0.07819389,0.06523172,0.31209933,-0.08146793,0.06125451,0.09214978,0.02128816,0.00352585,27.73458603,3.91374956,51.90137133,33.55473598,0.19140352,-0.48374621,1.30507242,0.19387443,-0.48400307,1.30063741,8.89371523,0.00000001
8.21000000,LOWER_LEG,-0.00642044,-0.01557701,0.00868300,-0.07826213,0.06528967,0.31213105,-0.08152954,0.06130766,0.09207028,0.02127727,0.00351497,27.59695236,4.01659949,52.05956954,33.42830110,0.19142072,-0.48314784,1.30391782,0.19377101,-0.48343780,1.29937673,8.92178495,0.00000001
8.22000000,LOWER_LEG,-0.00663505,-0.01576617,0.00881116,-0.07833087,0.06534768,0.31216272,-0.08159162,0.06136091,0.09199016,0.02126655,0.00350425,27.46001071,4.11830342,52.21677006,33.30305891,0.19143768,-0.48254851,1.30276365,0.19366807,-0.48287392,1.29811943,8.94981021,0.00000001
8.23000000,LOWER_LEG,-0.00684895,-0.01595534,0.00893864,-0.07839997,0.06540569,0.31219430,-0.08165409,0.06141416,0.09190955,0.02125600,0.00349370,27.32400691,4.21875900,52.37272979,33.17916092,0.19145439,-0.48194894,1.30161130,0.19356573,-0.48231210,1.29686705,8.97774696,0.00000001
8.24000000,LOWER_LEG,-0.00706182,-0.01614425,0.00906527,-0.07846932,0.06546360,0.31222575,-0.08171682,0.06146735,0.09182858,0.02124562,0.00348331,27.18918527,4.31786410,52.52721650,33.05675544,0.19147084,-0.48134987,1.30046217,0.19346412,-0.48175302,1.29562108,9.00555241,0.00000001
8.25000000,LOWER_LEG,-0.00727340,-0.01633260,0.00919088,-0.07853879,0.06552133,0.31225705,-0.08177970,0.06152040,0.09174741,0.02123539,0.00347309,27.05578482,4.41551437,52.68000754,32.93598696,0.19148704,-0.48075201,1.29931765,0.19336334,-0.48119737,1.29438305,9.03318500,0.00000001
8.26000000,LOWER_LEG,-0.00748341,-0.01652011,0.00931533,-0.07860828,0.06557881,0.31228815,-0.08184263,0.06157324,0.09166615,0.02122532,0.00346302,26.92403655,4.51160208,52.83088873,32.81699589,0.19150298,-0.48015609,1.29817914,0.19326353,-0.48064583,1.29315445,9.06060427,0.00000001
8.27000000,LOWER_LEG,-0.00769158,-0.01670649,0.00943846,-0.07867765,0.06563596,0.31231902,-0.08190549,0.06162580,0.09158494,0.02121540,0.00345310,26.79416147,4.60601601,52.97965353,32.69991863,0.19151866,-0.47956284,1.29704803,0.19316478,-0.48009906,1.29193677,9.08777089,0.00000001
8.28000000,LOWER_LEG,-0.00789763,-0.01689147,0.00956011,-0.07874679,0.06569270,0.31234962,-0.08196817,0.06167800,0.09150390,0.02120564,0.00344334,26.66636936,4.69864237,53.12610250,32.58488790,0.19153407,-0.47897297,1.29592570,0.19306723,-0.47955774,1.29073151,9.11464657,0.00000001
8.29000000,LOWER_LEG,-0.00810131,-0.01707478,0.00968014,-0.07881558,0.06574896,0.31237991,-0.08203058,0.06172978,0.09142318,0.02119604,0.00343374,26.54085820,4.78936621,53.27004299,32.47203312,0.19154920,-0.47838721,1.29481353,0.19297098,-0.47902254,1.28954014,9.14119409,0.00000001
8.30000000,LOWER_LEG,-0.00830237,-0.01725618,0.00979838,-0.07888392,0.06580466,0.31240987,-0.08209260,0.06178107,0.09134289,0.02118660,0.00342429,26.41781397,4.87807330,53.41128904,32.36148092,0.19156406,-0.47780625,1.29371288,0.19287614,-0.47849410,1.28836409,9.16737734,0.00000001
8.31000000,LOWER_LEG,-0.00850055,-0.01743539,0.00991469,-0.07895169,0.06585974,0.31243945,-0.08215413,0.06183180,0.09126316,0.02117731,0.00341501,26.29741076,4.96465202,53.54966150,32.25335541,0.19157863,-0.47723080,1.29262509,0.19278283,-0.47797307,1.28720479,9.19316133,0.00000001
8.32000000,LOWER_LEG,-0.00869561,-0.01761218,0.01002894,-0.07901879,0.06591413,0.31246861,-0.08221509,0.06188192,0.09118410,0.02116818,0.00340588,26.17981096,5.04899513,53.68498815,32.14777842,0.19159291,-0.47666155,1.29155148,0.19269113,-0.47746010,1.28606366,9.21851225,0.00000001
8.33000000,LOWER_LEG,-0.00888730,-0.01778632,0.01014096,-0.07908512,0.06596775,0.31249734,-0.08227537,0.06193135,0.09110582,0.02115922,0.00339692,26.06516561,5.13100127,53.81710398,32.04486947,0.19160687,-0.47609918,1.29049338,0.19260117,-0.47695579,1.28494204,9.24339753,0.00000001
8.34000000,LOWER_LEG,-0.00907540,-0.01795758,0.01025063,-0.07915058,0.06602054,0.31252559,-0.08233489,0.06198004,0.09102845,0.02115043,0.00338813,25.95361473,5.21057613,53.94585143,31.94474552,0.19162052,-0.47554435,1.28945205,0.19251302,-0.47646075,1.28384128,9.26778583,0.00000001
8.35000000,LOWER_LEG,-0.00925967,-0.01812573,0.01035780,-0.07921507,0.06607243,0.31255332,-0.08239356,0.06202792,0.09095209,0.02114182,0.00337952,25.84528752,5.28763329,54.07108063,31.84752058,0.19163382,-0.47499773,1.28842876,0.19242680,-0.47597558,1.28276267,9.29164715,0.00000001
8.36000000,LOWER_LEG,-0.00943989,-0.01829058,0.01046234,-0.07927850,0.06612337,0.31258052,-0.08245129,0.06207494,0.09087684,0.02113338,0.00337108,25.74030268,5.36209473,54.19264968,31.75330513,0.19164675,-0.47445995,1.28742472,0.19234259,-0.47550083,1.28170747,9.31495283,0.00000001
8.37000000,LOWER_LEG,-0.00961586,-0.01845192,0.01056412,-0.07934080,0.06617328,0.31260715,-0.08250800,0.06212103,0.09080280,0.02112513,0.00336282,25.63876858,5.43389103,54.31042485,31.66220531,0.19165931,-0.47393163,1.28644114,0.19226047,-0.47503707,1.28067687,9.33767561,0.00000001
8.38000000,LOWER_LEG,-0.00978736,-0.01860956,0.01066302,-0.07940186,0.06622211,0.31263318,-0.08256363,0.06216615,0.09073007,0.02111706,0.00335476,25.54078342,5.50296148,54.42428081,31.57432221,0.19167147,-0.47341339,1.28547917,0.19218053,-0.47458482,1.27967205,9.35978964,0.00000001
8.39000000,LOWER_LEG,-0.00995419,-0.01876333,0.01075891,-0.07946162,0.06626979,0.31265858,-0.08261809,0.06221023,0.09065875,0.02110918,0.00334688,25.44643546,5.56925403,54.53410083,31.48975090,0.19168321,-0.47290581,1.28453993,0.19210285,-0.47414458,1.27869410,9.38127052,0.00000001
8.40000000,LOWER_LEG,-0.01011619,-0.01891305,0.01085170,-0.07952000,0.06631627,0.31268332,-0.08267131,0.06225322,0.09058891,0.02110151,0.00333921,25.35580308,5.63272512,54.63977704,31.40857964,0.19169450,-0.47240947,1.28362449,0.19202750,-0.47371684,1.27774408,9.40209536,0.00000001
8.41000000,LOWER_LEG,-0.01027316,-0.01905856,0.01094126,-0.07957694,0.06636150,0.31270739,-0.08272324,0.06229508,0.09052064,0.02109404,0.00333174,25.26895503,5.69333963,54.74121061,31.33088897,0.19170533,-0.47192492,1.28273387,0.19195454,-0.47330205,1.27682297,9.42224276,0.00000001
8.42000000,LOWER_LEG,-0.01042495,-0.01919972,0.01102751,-0.07963235,0.06640543,0.31273075,-0.08277381,0.06233575,0.09045403,0.02108678,0.00332448,25.18595050,5.75107074,54.83831200,31.25675096,0.19171568,-0.47145268,1.28186907,0.19188406,-0.47290063,1.27593171,9.44169289,0.00000001
8.43000000,LOWER_LEG,-0.01057140,-0.01933638,0.01111035,-0.07968618,0.06644800,0.31275338,-0.08282296,0.06237519,0.09038915,0.02107974,0.00331743,25.10683929,5.80589988,54.93100122,31.18622843,0.19172552,-0.47099325,1.28103098,0.19181609,-0.47251297,1.27507116,9.46042752,0.00000001
8.44000000,LOWER_LEG,-0.01071237,-0.01946842,0.01118971,-0.07973838,0.06648916,0.31277527,-0.08287064,0.06241335,0.09032607,0.02107292,0.00331062,25.03166191,5.85781673,55.01920811,31.11937435,0.19173484,-0.47054711,1.28022048,0.19175069,-0.47213945,1.27424211,9.47843003,0.00000001
8.45000000,LOWER_LEG,-0.01084774,-0.01959572,0.01126552,-0.07978888,0.06652889,0.31279640,-0.08291679,0.06245020,0.09026485,0.02106633,0.00330403,24.96044971,5.90681924,55.10287256,31.05623124,0.19174362,-0.47011472,1.27943838,0.19168791,-0.47178038,1.27344527,9.49568547,0.00000001
8.46000000,LOWER_LEG,-0.01097739,-0.01971818,0.01133770,-0.07983764,0.06656713,0.31281674,-0.08296138,0.06248570,0.09020556,0.02105998,0.00329768,24.89322492,5.95291373,55.18194484,30.99683071,0.19175186,-0.46969648,1.27868539,0.19162780,-0.47143607,1.27268129,9.51218061,0.00000001
8.47000000,LOWER_LEG,-0.01110125,-0.01983568,0.01140621,-0.07988461,0.06660385,0.31283629,-0.08300435,0.06251981,0.09014826,0.02105388,0.00329157,24.83024963,5.99612420,55.25636054,30.94083906,0.19175951,-0.46929278,1.27796221,0.19157038,-0.47110678,1.27195072,9.52790279,0.00000001
8.48000000,LOWER_LEG,-0.01121921,-0.01994817,0.01147101,-0.07992974,0.06663903,0.31285504,-0.08304567,0.06255251,0.09009300,0.02104802,0.00328572,24.77104383,6.03646343,55.32614776,30.88899012,0.19176660,-0.46890399,1.27726941,0.19151568,-0.47079271,1.27125403,9.54284527,0.00000001
8.49000000,LOWER_LEG,-0.01133121,-0.02005557,0.01153207,-0.07997301,0.06667262,0.31287297,-0.08308530,0.06258377,0.09003983,0.02104243,0.00328013,24.71580601,6.07395506,55.39126323,30.84093262,0.19177312,-0.46853043,1.27660750,0.19146373,-0.47049406,1.27059162,9.55699843,0.00000001
8.50000000,LOWER_LEG,-0.01143720,-0.02015782,0.01158937,-0.08001437,0.06670462,0.31289007,-0.08312322,0.06261356,0.08998880,0.02103710,0.00327480,24.66454409,6.10864414,55.45169815,30.79663445,0.19177906,-0.46817239,1.27597692,0.19141454,-0.47021096,1.26996378,9.57035625,0.00000001
8.51000000,LOWER_LEG,-0.01153714,-0.02025489,0.01164289,-0.08005379,0.06673499,0.31290635,-0.08315938,0.06264187,0.08993994,0.02103205,0.00326975,24.61703831,6.14059027,55.50745161,30.75629837,0.19178441,-0.46783010,1.27537803,0.19136812,-0.46994351,1.26937071,9.58291474,0.00000004
8.52000000,LOWER_LEG,-0.01163102,-0.02034672,0.01169263,-0.08009127,0.06676374,0.31292180,-0.08319378,0.06266868,0.08989328,0.02102728,0.00326498,24.57379569,6.16984379,55.55854473,30.71924704,0.19178917,-0.46750378,1.27481110,0.19132446,-0.46969175,1.26881250,9.59467097,0.00000003
8.53000000,LOWER_LEG,-0.01171884,-0.02043331,0.01173862,-0.08012676,0.06679083,0.31293642,-0.08322639,0.06269399,0.08984886,0.02102279,0.00326049,24.53463794,6.19647685,55.60499510,30.68555268,0.19179335,-0.46719358,1.27427631,0.19128357,-0.46945569,1.26828915,9.60562441,0.00000001
8.54000000,LOWER_LEG,-0.01180062,-0.02051465,0.01178087,-0.08016026,0.06681628,0.31295022,-0.08325720,0.06271778,0.08980669,0.02101859,0.00325629,24.49847689,6.22056481,55.64687273,30.65643920,0.19179696,-0.46689963,1.27377372,0.19124541,-0.46923528,1.26780054,9.61577919,0.00000008
8.55000000,LOWER_LEG,-0.01187639,-0.02059074,0.01181940,-0.08019176,0.06684008,0.31296319,-0.08328619,0.06274006,0.08976680,0.02101469,0.00325239,24.46689407,6.24220518,55.68422622,30.62993529,0.19179999,-0.46662197,1.27330335,0.19120998,-0.46903043,1.26734645,9.62513865,0.00000004
8.56000000,LOWER_LEG,-0.01194616,-0.02066163,0.01185429,-0.08022125,0.06686224,0.31297536,-0.08331336,0.06276082,0.08972921,0.02101108,0.00324877,24.43847524,6.26145261,55.71716871,30.60755614,0.19180250,-0.46636068,1.27286503,0.19117724,-0.46884097,1.26692652,9.63371001,0.00000000
8.57000000,LOWER_LEG,-0.01201005,-0.02072736,0.01188557,-0.08024873,0.06688276,0.31298672,-0.08333871,0.06278009,0.08969390,0.02100776,0.00324546,24.41411462,6.27843570,55.74565341,30.58769759,0.19180446,-0.46611569,1.27245855,0.19114715,-0.46866672,1.26654034,9.64149492,0.00000003
8.58000000,LOWER_LEG,-0.01206814,-0.02078794,0.01191330,-0.08027421,0.06690165,0.31299729,-0.08336224,0.06279785,0.08966088,0.02100475,0.00324244,24.39310750,6.29329939,55.76985092,30.57130248,0.19180587,-0.46588691,1.27208363,0.19111966,-0.46850742,1.26618731,9.64850977,0.00000004
8.59000000,LOWER_LEG,-0.01212055,-0.02084343,0.01193756,-0.08029770,0.06691894,0.31300709,-0.08338396,0.06281415,0.08963016,0.02100202,0.00323972,24.37579052,6.30615638,55.78986854,30.55768674,0.19180677,-0.46567420,1.27173980,0.19109470,-0.46836274,1.26586670,9.65476624,0.00000010
8.60000000,LOWER_LEG,-0.01216739,-0.02089393,0.01195845,-0.08031921,0.06693466,0.31301613,-0.08340388,0.06282899,0.08960171,0.02099958,0.00323728,24.36119494,6.31713699,55.80580703,30.54760776,0.19180717,-0.46547735,1.27142652,0.19107222,-0.46823232,1.26557769,9.66027852,0.00000006
8.61000000,LOWER_LEG,-0.01220881,-0.02093952,0.01197605,-0.08033877,0.06694883,0.31302445,-0.08342203,0.06284240,0.08957551,0.02099742,0.00323512,24.35000397,6.32641323,55.81783497,30.54007678,0.19180710,-0.46529612,1.27114311,0.19105212,-0.46811571,1.26531931,9.66506570,0.00000007
8.62000000,LOWER_LEG,-0.01224497,-0.02098034,0.01199048,-0.08035640,0.06696149,0.31303205,-0.08343841,0.06285441,0.08955155,0.02099554,0.00323323,24.34179816,6.33414098,55.82609461,30.53519805,0.19180659,-0.46513019,1.27088878,0.19103433,-0.46801242,1.26509046,9.66914738,0.00000007
8.63000000,LOWER_LEG,-0.01227605,-0.02101651,0.01200187,-0.08037213,0.06697268,0.31303897,-0.08345307,0.06286507,0.08952979,0.02099391,0.00323161,24.33642336,6.34045962,55.83074816,30.53279515,0.19180567,-0.46497920,1.27066261,0.19101875,-0.46792190,1.26488991,9.67254580,0.00000008
8.64000000,LOWER_LEG,-0.01230227,-0.02104819,0.01201035,-0.08038601,0.06698245,0.31304523,-0.08346604,0.06287441,0.08951019,0.02099253,0.00323023,24.33370854,6.34552953,55.83196945,30.53268507,0.19180435,-0.46484269,1.27046356,0.19100526,-0.46784353,1.26471628,9.67528536,0.00000008
8.65000000,LOWER_LEG,-0.01232384,-0.02107552,0.01201606,-0.08039809,0.06699084,0.31305088,-0.08347734,0.06288248,0.08949269,0.02099138,0.00322908,24.33347090,6.34953294,55.82994697,30.53467484,0.19180268,-0.46472014,1.27029045,0.19099374,-0.46777661,1.26456803,9.67739302,0.00000009
8.66000000,LOWER_LEG,-0.01234101,-0.02109871,0.01201917,-0.08040840,0.06699792,0.31305595,-0.08348704,0.06288933,0.08947726,0.02099043,0.00322813,24.33551464,6.35267190,55.82488528,30.53856132,0.19180068,-0.46461097,1.27014196,0.19098407,-0.46772040,1.26444348,9.67889842,0.00000009
8.67000000,LOWER_LEG,-0.01235404,-0.02111793,0.01201983,-0.08041702,0.06700374,0.31306046,-0.08349519,0.06289501,0.08946382,0.02098967,0.00322736,24.33962940,6.35516637,55.81700552,30.54413061,0.19179838,-0.46451453,1.27001665,0.19097610,-0.46767405,1.26434080,9.67983394,0.00000009
8.68000000,LOWER_LEG,-0.01236321,-0.02113341,0.01201823,-0.08042401,0.06700838,0.31306448,-0.08350183,0.06289959,0.08945231,0.02098905,0.00322675,24.34558897,6.35725277,55.80654551,30.55115707,0.19179580,-0.46443008,1.26991294,0.19096967,-0.46763667,1.26425800,9.68023475,0.00000010
8.69000000,LOWER_LEG,-0.01236882,-0.02114539,0.01201456,-0.08042943,0.06701191,0.31306803,-0.08350704,0.06290313,0.08944264,0.02098854,0.00322624,24.35315020,6.35918273,55.79375981,30.55940231,0.19179300,-0.46435685,1.26982910,0.19096462,-0.46760729,1.26419292,9.68013879,0.00000010
8.70000000,LOWER_LEG,-0.01237121,-0.02115411,0.01200902,-0.08043338,0.06701441,0.31307116,-0.08351088,0.06290571,0.08943474,0.02098812,0.00322582,24.36205221,6.36122227,55.77891965,30.56861421,0.19178999,-0.46429394,1.26976327,0.19096076,-0.46758487,1.26414325,9.67958687,0.00000009
8.71000000,LOWER_LEG,-0.01237073,-0.02115987,0.01200183,-0.08043594,0.06701596,0.31307394,-0.08351343,0.06290739,0.08942850,0.02098774,0.00322543,24.37201822,6.36364065,55.76209044,30.57854225,0.19178681,-0.46424044,1.26971343,0.19095791,-0.46756829,1.26410653,9.67859136,0.00000009
8.72000000,LOWER_LEG,-0.01236775,-0.02116297,0.01199323,-0.08043719,0.06701665,0.31307640,-0.08351477,0.06290827,0.08942384,0.02098735,0.00322505,24.38275133,6.36674551,55.74441350,30.58888963,0.19178350,-0.46419531,1.26967746,0.19095587,-0.46755638,1.26408013,9.67731826,0.00000009
8.73000000,LOWER_LEG,-0.01236265,-0.02116368,0.01198344,-0.08043726,0.06701658,0.31307861,-0.08351500,0.06290844,0.08942062,0.02098693,0.00322462,24.39392373,6.37088602,55.72485937,30.59927702,0.19178013,-0.46415744,1.26965304,0.19095440,-0.46754783,1.26406120,9.67561729,0.00000009
8.74000000,LOWER_LEG,-0.01235588,-0.02116239,0.01197275,-0.08043623,0.06701586,0.31308063,-0.08351420,0.06290797,0.08941873,0.02098641,0.00322411,24.40521655,6.37627998,55.70501918,30.60955452,0.19177671,-0.46412568,1.26963769,0.19095328,-0.46754133,1.26404681,9.67373643,0.00000008
8.75000000,LOWER_LEG,-0.01234789,-0.02115947,0.01196141,-0.08043424,0.06701459,0.31308253,-0.08351249,0.06290699,0.08941804,0.02098576,0.00322346,24.41626068,6.38333239,55.68459069,30.61928549,0.19177328,-0.46409877,1.26962881,0.19095227,-0.46753546,1.26403381,9.67162276,0.00000007
8.76000000,VERIFY_CONTACT,-0.01233914,-0.02115529,0.01194972,-0.08043140,0.06701290,0.31308438,-0.08350998,0.06290558,0.08941842,0.02098492,0.00322262,24.42670398,6.39197599,55.66407379,30.62815302,0.19176992,-0.46407539,1.26962368,0.19095115,-0.46752897,1.26401942,9.66935749,0.00000007
8.77000000,VERIFY_CONTACT,-0.01233006,-0.02115023,0.01193797,-0.08042786,0.06701090,0.31308625,-0.08350678,0.06290387,0.08941971,0.02098388,0.00322158,24.43631379,6.40086887,55.64374084,30.63590037,0.19176670,-0.46405439,1.26961993,0.19094993,-0.46752182,1.26400359,9.66698935,0.00000006
8.78000000,VERIFY_CONTACT,-0.01232101,-0.02114459,0.01192643,-0.08042373,0.06700871,0.31308818,-0.08350302,0.06290196,0.08942177,0.02098270,0.00322040,24.44458152,6.40918123,55.62378732,30.64296082,0.19176377,-0.46403507,1.26961616,0.19094864,-0.46751436,1.26398706,9.66456048,0.00000000
8.79000000,VERIFY_CONTACT,-0.01231224,-0.02113859,0.01191536,-0.08041916,0.06700645,0.31309021,-0.08349881,0.06289996,0.08942445,0.02098145,0.00321915,24.45286564,6.41645404,55.60434339,30.64758899,0.19176126,-0.46401703,1.26961168,0.19094735,-0.46750684,1.26397040,9.66210894,0.00000004
8.80000000,VERIFY_CONTACT,-0.01230397,-0.02113238,0.01190494,-0.08041425,0.06700420,0.31309234,-0.08349426,0.06289795,0.08942762,0.02098024,0.00321794,24.46011920,6.42248599,55.58563530,30.65137811,0.19175928,-0.46400003,1.26960625,0.19094608,-0.46749945,1.26395403,9.65968178,0.00000003
8.81000000,VERIFY_CONTACT,-0.01229636,-0.02112605,0.01189534,-0.08040911,0.06700204,0.31309457,-0.08348947,0.06289601,0.08943117,0.02097912,0.00321682,24.46691297,6.42721287,55.56784681,30.65392336,0.19175789,-0.46398395,1.26959986,0.19094486,-0.46749233,1.26393825,9.65731940,0.00000002
8.82000000,VERIFY_CONTACT,-0.01228953,-0.02111970,0.01188665,-0.08040385,0.06700005,0.31309686,-0.08348455,0.06289419,0.08943498,0.02097814,0.00321584,24.47404534,6.43069021,55.55119125,30.65476040,0.19175714,-0.46396872,1.26959264,0.19094369,-0.46748557,1.26392329,9.65506270,0.00000010
8.83000000,VERIFY_CONTACT,-0.01228355,-0.02111337,0.01187893,-0.08039855,0.06699826,0.31309916,-0.08347957,0.06289255,0.08943896,0.02097733,0.00321502,24.48040253,6.43301675,55.53580119,30.65536794,0.19175703,-0.46395429,1.26958479,0.19094261,-0.46747926,1.26390931,9.65294385,0.00000006
8.84000000,VERIFY_CONTACT,-0.01227852,-0.02110709,0.01187218,-0.08039330,0.06699671,0.31310144,-0.08347462,0.06289112,0.08944302,0.02097669,0.00321439,24.48736035,6.43438254,55.52179825,30.65453049,0.19175747,-0.46394059,1.26957659,0.19094161,-0.46747345,1.26389643,9.65099318,0.00000000
8.85000000,VERIFY_CONTACT,-0.01227438,-0.02110092,0.01186639,-0.08038816,0.06699542,0.31310362,-0.08346976,0.06288993,0.08944708,0.02097622,0.00321391,24.49388362,6.43490331,55.50943575,30.65413588,0.19175848,-0.46392762,1.26956828,0.19094070,-0.46746815,1.26388470,9.64924153,0.00000007
8.86000000,VERIFY_CONTACT,-0.01227110,-0.02109496,0.01186151,-0.08038320,0.06699440,0.31310567,-0.08346506,0.06288898,0.08945106,0.02097590,0.00321360,24.50159448,6.43467527,55.49870100,30.65213356,0.19175999,-0.46391534,1.26956004,0.19093988,-0.46746339,1.26387416,9.64769883,0.00000000
8.87000000,VERIFY_CONTACT,-0.01226866,-0.02108927,0.01185746,-0.08037848,0.06699365,0.31310754,-0.08346058,0.06288827,0.08945490,0.02097573,0.00321342,24.50853348,6.43382648,55.48964903,30.65108697,0.19176191,-0.46390373,1.26955210,0.19093916,-0.46745920,1.26386487,9.64637909,0.00000005
8.88000000,VERIFY_CONTACT,-0.01226697,-0.02108392,0.01185414,-0.08037405,0.06699315,0.31310921,-0.08345636,0.06288779,0.08945854,0.02097568,0.00321337,24.51579124,6.43167261,55.48295197,30.64971578,0.19176417,-0.46389273,1.26954464,0.19093860,-0.46745590,1.26385757,9.64538678,0.00000010
8.89000000,VERIFY_CONTACT,-0.01226595,-0.02107896,0.01185145,-0.08036996,0.06699289,0.31311063,-0.08345245,0.06288754,0.08946191,0.02097574,0.00321344,24.52310110,6.43017520,55.47680428,30.64830909,0.19176665,-0.46388231,1.26953789,0.19093805,-0.46745275,1.26385058,9.64446581,0.00000008
8.90000000,VERIFY_CONTACT,-0.01226554,-0.02107446,0.01184926,-0.08036626,0.06699285,0.31311181,-0.08344889,0.06288748,0.08946497,0.02097590,0.00321360,24.53022176,6.42803969,55.47235740,30.64712552,0.19176925,-0.46387235,1.26953181,0.19093761,-0.46745014,1.26384481,9.64379149,0.00000007
8.91000000,VERIFY_CONTACT,-0.01226564,-0.02107047,0.01184748,-0.08036296,0.06699299,0.31311273,-0.08344572,0.06288761,0.08946769,0.02097613,0.00321383,24.53700662,6.42552386,55.46930650,30.64624104,0.19177188,-0.46386281,1.26952649,0.19093725,-0.46744806,1.26384020,9.64332168,0.00000006
8.92000000,VERIFY_CONTACT,-0.01226613,-0.02106704,0.01184599,-0.08036011,0.06699330,0.31311341,-0.08344296,0.06288788,0.08947001,0.02097644,0.00321414,24.54332401,6.42317840,55.46705781,30.64570452,0.19177445,-0.46385366,1.26952204,0.19093695,-0.46744634,1.26383639,9.64297352,0.00000006
8.93000000,VERIFY_CONTACT,-0.01226694,-0.02106421,0.01184469,-0.08035771,0.06699373,0.31311385,-0.08344062,0.06288828,0.08947193,0.02097681,0.00321451,24.54904098,6.41929738,55.46704559,30.64559787,0.19177689,-0.46384483,1.26951845,0.19093682,-0.46744554,1.26383462,9.64296561,0.00000008
8.94000000,VERIFY_CONTACT,-0.01226799,-0.02106199,0.01184350,-0.08035578,0.06699427,0.31311407,-0.08343872,0.06288877,0.08947343,0.02097724,0.00321494,24.55380119,6.41597137,55.46723341,30.64618046,0.19177911,-0.46383628,1.26951571,0.19093669,-0.46744483,1.26383305,9.64300217,0.00000009
8.95000000,VERIFY_CONTACT,-0.01226917,-0.02106040,0.01184234,-0.08035432,0.06699487,0.31311408,-0.08343726,0.06288933,0.08947449,0.02097771,0.00321541,24.55871500,6.41249751,55.46817984,30.64618162,0.19178106,-0.46382799,1.26951381,0.19093663,-0.46744448,1.26383227,9.64316694,0.00000003
8.96000000,VERIFY_CONTACT,-0.01227043,-0.02105945,0.01184118,-0.08035333,0.06699552,0.31311391,-0.08343624,0.06288993,0.08947514,0.02097823,0.00321593,24.56210485,6.40886446,55.46978229,30.64743037,0.19178270,-0.46381992,1.26951269,0.19093663,-0.46744448,1.26383227,9.64344687,0.00000001
8.97000000,VERIFY_CONTACT,-0.01227173,-0.02105914,0.01183996,-0.08035278,0.06699618,0.31311358,-0.08343565,0.06289056,0.08947536,0.02097877,0.00321647,24.56441856,6.40483395,55.47219640,30.64947039,0.19178397,-0.46381204,1.26951221,0.19093670,-0.46744486,1.26383310,9.64386601,0.00000003
8.98000000,VERIFY_CONTACT,-0.01227296,-0.02105940,0.01183866,-0.08035267,0.06699684,0.31311311,-0.08343547,0.06289118,0.08947518,0.02097935,0.00321705,24.56578765,6.40069787,55.47504205,30.65201328,0.19178490,-0.46380442,1.26951251,0.19093683,-0.46744563,1.26383481,9.64436941,0.00000007
8.99000000,VERIFY_CONTACT,-0.01227411,-0.02106020,0.01183727,-0.08035297,0.06699747,0.31311253,-0.08343567,0.06289178,0.08947463,0.02097996,0.00321766,24.56691428,6.39718554,55.47760801,30.65438225,0.19178545,-0.46379707,1.26951352,0.19093696,-0.46744637,1.26383645,9.64485495,0.00000009
9.00000000,VERIFY_CONTACT,-0.01227513,-0.02106150,0.01183580,-0.08035364,0.06699805,0.31311185,-0.08343624,0.06289235,0.08947374,0.02098058,0.00321828,24.56726134,6.39311394,55.48093044,30.65714970,0.19178564,-0.46378998,1.26951515,0.19093717,-0.46744760,1.26383917,9.64547293,0.00000007
9.01000000,VERIFY_CONTACT,-0.01227599,-0.02106325,0.01183426,-0.08035464,0.06699858,0.31311110,-0.08343712,0.06289286,0.08947253,0.02098121,0.00321890,24.56672814,6.38859456,55.48483064,30.66049462,0.19178549,-0.46378319,1.26951731,0.19093744,-0.46744916,1.26384263,9.64619711,0.00000003
9.02000000,VERIFY_CONTACT,-0.01227672,-0.02106538,0.01183266,-0.08035595,0.06699905,0.31311029,-0.08343830,0.06289331,0.08947105,0.02098183,0.00321953,24.56559306,6.38526931,55.48779042,30.66410574,0.19178498,-0.46377670,1.26951991,0.19093766,-0.46745045,1.26384550,9.64680314,0.00000004
9.03000000,VERIFY_CONTACT,-0.01227730,-0.02106782,0.01183102,-0.08035751,0.06699944,0.31310945,-0.08343972,0.06289370,0.08946934,0.02098244,0.00322014,24.56434290,6.38205545,55.49074858,30.66750162,0.19178415,-0.46377051,1.26952288,0.19093790,-0.46745182,1.26384853,9.64742746,0.00000009
9.04000000,VERIFY_CONTACT,-0.01227774,-0.02107050,0.01182938,-0.08035929,0.06699976,0.31310857,-0.08344136,0.06289401,0.08946744,0.02098303,0.00322073,24.56231417,6.37789564,55.49466310,30.67150222,0.19178305,-0.46376468,1.26952617,0.19093822,-0.46745372,1.26385273,9.64820697,0.00000004
9.05000000,VERIFY_CONTACT,-0.01227805,-0.02107336,0.01182777,-0.08036123,0.06700000,0.31310769,-0.08344315,0.06289426,0.08946539,0.02098360,0.00322130,24.56049273,6.37523303,55.49728687,30.67502523,0.19178172,-0.46375922,1.26952968,0.19093847,-0.46745517,1.26385594,9.64880624,0.00000008
9.06000000,VERIFY_CONTACT,-0.01227823,-0.02107634,0.01182621,-0.08036329,0.06700017,0.31310681,-0.08344507,0.06289444,0.08946325,0.02098415,0.00322184,24.55756074,6.37267978,55.49983104,30.67962835,0.19178019,-0.46375415,1.26953334,0.19093872,-0.46745662,1.26385916,9.64940310,0.00000009
9.07000000,VERIFY_CONTACT,-0.01227831,-0.02107939,0.01182474,-0.08036544,0.06700028,0.31310595,-0.08344708,0.06289456,0.08946104,0.02098466,0.00322235,24.55554034,6.36920128,55.50322335,30.68295116,0.19177852,-0.46374951,1.26953709,0.19093905,-0.46745854,1.26386341,9.65013046,0.00000005
9.08000000,VERIFY_CONTACT,-0.01227831,-0.02108244,0.01182338,-0.08036762,0.06700034,0.31310511,-0.08344912,0.06289462,0.08945882,0.02098513,0.00322283,24.55346008,6.36724171,55.50524046,30.68623161,0.19177674,-0.46374530,1.26954086,0.19093929,-0.46745994,1.26386651,9.65065560,0.00000009
9.09000000,VERIFY_CONTACT,-0.01227824,-0.02108545,0.01182215,-0.08036980,0.06700034,0.31310431,-0.08345117,0.06289464,0.08945661,0.02098557,0.00322327,24.55041889,6.36538371,55.50712439,30.69051561,0.19177489,-0.46374153,1.26954459,0.19093952,-0.46746130,1.26386952,9.65116173,0.00000009
9.10000000,VERIFY_CONTACT,-0.01227812,-0.02108835,0.01182108,-0.08037194,0.06700030,0.31310356,-0.08345320,0.06289461,0.08945445,0.02098598,0.00322367,24.54860205,6.36271501,55.50969559,30.69323241,0.19177300,-0.46373821,1.26954823,0.19093982,-0.46746302,1.26387334,9.65176598,0.00000004
9.11000000,VERIFY_CONTACT,-0.01227797,-0.02109112,0.01182017,-0.08037401,0.06700022,0.31310286,-0.08345516,0.06289455,0.08945237,0.02098634,0.00322404,24.54686464,6.36142046,55.51097648,30.69581481,0.19177112,-0.46373535,1.26955172,0.19094003,-0.46746424,1.26387603,9.65217217,0.00000009
9.12000000,VERIFY_CONTACT,-0.01227782,-0.02109372,0.01181944,-0.08037598,0.06700012,0.31310222,-0.08345703,0.06289446,0.08945041,0.02098667,0.00322437,24.54440392,6.36021028,55.51210230,30.69917552,0.19176927,-0.46373292,1.26955503,0.19094022,-0.46746537,1.26387855,9.65254799,0.00000007
9.13000000,VERIFY_CONTACT,-0.01227766,-0.02109611,0.01181888,-0.08037782,0.06700000,0.31310165,-0.08345879,0.06289435,0.08944857,0.02098696,0.00322466,24.54316804,6.35912056,55.51302271,30.70100797,0.19176747,-0.46373092,1.26955812,0.19094041,-0.46746643,1.26388089,9.65288382,0.00000010
9.14000000,VERIFY_CONTACT,-0.01227751,-0.02109829,0.01181849,-0.08037952,0.06699988,0.31310115,-0.08346041,0.06289423,0.08944689,0.02098721,0.00322491,24.54208613,6.35755579,55.51433666,30.70265958,0.19176575,-0.46372934,1.26956094,0.19094063,-0.46746771,1.26388372,9.65326190,0.00000007
9.15000000,VERIFY_CONTACT,-0.01227738,-0.02110022,0.01181828,-0.08038105,0.06699975,0.31310072,-0.08346188,0.06289411,0.08944538,0.02098743,0.00322513,24.54074111,6.35709500,55.51453137,30.70455262,0.19176412,-0.46372815,1.26956349,0.19094076,-0.46746847,1.26388540,9.65346198,0.00000008
9.16000000,VERIFY_CONTACT,-0.01227727,-0.02110189,0.01181822,-0.08038241,0.06699962,0.31310036,-0.08346319,0.06289399,0.08944404,0.02098761,0.00322531,24.54032116,6.35649831,55.51477623,30.70535338,0.19176259,-0.46372734,1.26956576,0.19094089,-0.46746923,1.26388710,9.65365431,0.00000009
9.17000000,VERIFY_CONTACT,-0.01227718,-0.02110330,0.01181831,-0.08038357,0.06699950,0.31310008,-0.08346432,0.06289387,0.08944290,0.02098776,0.00322546,24.53987009,6.35596765,55.51489340,30.70615512,0.19176118,-0.46372688,1.26956775,0.19094101,-0.46746997,1.26388873,9.65381010,0.00000009
9.18000000,VERIFY_CONTACT,-0.01227713,-0.02110445,0.01181852,-0.08038455,0.06699939,0.31309988,-0.08346527,0.06289376,0.08944194,0.02098788,0.00322558,24.53943301,6.35516903,55.51516986,30.70685510,0.19175988,-0.46372671,1.26956943,0.19094115,-0.46747074,1.26389044,9.65397352,0.00000005
9.19000000,VERIFY_CONTACT,-0.01227709,-0.02110533,0.01181884,-0.08038533,0.06699929,0.31309974,-0.08346604,0.06289366,0.08944118,0.02098797,0.00322567,24.53959734,6.35529727,55.51455135,30.70689963,0.19175871,-0.46372683,1.26957083,0.19094121,-0.46747112,1.26389127,9.65398603,0.00000008
9.20000000,VERIFY_CONTACT,-0.01227707,-0.02110595,0.01181926,-0.08038592,0.06699921,0.31309968,-0.08346663,0.06289358,0.08944061,0.02098803,0.00322573,24.53980524,6.35526684,55.51400605,30.70683437,0.19175765,-0.46372719,1.26957194,0.19094127,-0.46747148,1.26389207,9.65399343,0.00000008
9.21000000,VERIFY_CONTACT,-0.01227708,-0.02110633,0.01181974,-0.08038632,0.06699914,0.31309968,-0.08346704,0.06289351,0.08944022,0.02098807,0.00322577,24.54001983,6.35570818,55.51292513,30.70666757,0.19175670,-0.46372774,1.26957276,0.19094127,-0.46747148,1.26389207,9.65390970,0.00000008
9.22000000,VERIFY_CONTACT,-0.01227709,-0.02110647,0.01182026,-0.08038654,0.06699908,0.31309975,-0.08346728,0.06289345,0.08944001,0.02098808,0.00322578,24.54072297,6.35575385,55.51226161,30.70601900,0.19175587,-0.46372848,1.26957336,0.19094133,-0.46747182,1.26389283,9.65386175,0.00000005
9.23000000,VERIFY_CONTACT,-0.01227709,-0.02110638,0.01182082,-0.08038659,0.06699904,0.31309987,-0.08346736,0.06289341,0.08943996,0.02098807,0.00322577,24.54141399,6.35619627,55.51114688,30.70531153,0.19175516,-0.46372937,1.26957378,0.19094133,-0.46747182,1.26389283,9.65373810,0.00000004
9.24000000,VERIFY_CONTACT,-0.01227710,-0.02110608,0.01182139,-0.08038648,0.06699901,0.31310004,-0.08346728,0.06289337,0.08944007,0.02098804,0.00322573,24.54215947,6.35664575,55.51001461,30.70449002,0.19175453,-0.46373035,1.26957399,0.19094133,-0.46747182,1.26389283,9.65359746,0.00000004
9.25000000,VERIFY_CONTACT,-0.01227712,-0.02110557,0.01182194,-0.08038622,0.06699899,0.31310026,-0.08346707,0.06289335,0.08944033,0.02098799,0.00322568,24.54295528,6.35776647,55.50823284,30.70357818,0.19175398,-0.46373139,1.26957406,0.19094127,-0.46747147,1.26389205,9.65335146,0.00000008
9.26000000,VERIFY_CONTACT,-0.01227714,-0.02110491,0.01182248,-0.08038583,0.06699898,0.31310051,-0.08346672,0.06289334,0.08944071,0.02098791,0.00322561,24.54408976,6.35869022,55.50668403,30.70237383,0.19175352,-0.46373242,1.26957383,0.19094121,-0.46747112,1.26389128,9.65312128,0.00000007
9.27000000,VERIFY_CONTACT,-0.01227714,-0.02110414,0.01182298,-0.08038533,0.06699898,0.31310080,-0.08346627,0.06289333,0.08944121,0.02098781,0.00322551,24.54515030,6.35925000,55.50542339,30.70120435,0.19175313,-0.46373344,1.26957339,0.19094115,-0.46747078,1.26389052,9.65292387,0.00000008
9.28000000,VERIFY_CONTACT,-0.01227713,-0.02110327,0.01182344,-0.08038472,0.06699898,0.31310111,-0.08346572,0.06289333,0.08944180,0.02098770,0.00322540,24.54689962,6.35978475,55.50420212,30.69921578,0.19175282,-0.46373443,1.26957278,0.19094109,-0.46747043,1.26388975,9.65272074,0.00000004
9.29000000,VERIFY_CONTACT,-0.01227710,-0.02110232,0.01182385,-0.08038404,0.06699899,0.31310144,-0.08346509,0.06289334,0.08944247,0.02098758,0.00322528,24.54770825,6.36045409,55.50290675,30.69837870,0.19175258,-0.46373538,1.26957207,0.19094103,-0.46747005,1.26388891,9.65249555,0.00000007
9.30000000,VERIFY_CONTACT,-0.01227705,-0.02110131,0.01182419,-0.08038329,0.06699900,0.31310179,-0.08346439,0.06289335,0.08944320,0.02098746,0.00322516,24.54859026,6.36176960,55.50099285,30.69735752,0.19175238,-0.46373625,1.26957124,0.19094090,-0.46746932,1.26388729,9.65217541,0.00000006
9.31000000,VERIFY_CONTACT,-0.01227698,-0.02110026,0.01182448,-0.08038249,0.06699901,0.31310214,-0.08346365,0.06289336,0.08944398,0.02098733,0.00322503,24.55014831,6.36221403,55.49990912,30.69552325,0.19175224,-0.46373703,1.26957035,0.19094083,-0.46746893,1.26388642,9.65197226,0.00000007
9.32000000,VERIFY_CONTACT,-0.01227690,-0.02109919,0.01182469,-0.08038166,0.06699902,0.31310249,-0.08346288,0.06289337,0.08944479,0.02098719,0.00322489,24.55071697,6.36326772,55.49832246,30.69494495,0.19175214,-0.46373769,1.26956939,0.19094071,-0.46746823,1.26388488,9.65168984,0.00000004
9.33000000,VERIFY_CONTACT,-0.01227680,-0.02109811,0.01182484,-0.08038082,0.06699903,0.31310283,-0.08346209,0.06289338,0.08944561,0.02098706,0.00322476,24.55143394,6.36451292,55.49659060,30.69407390,0.19175207,-0.46373824,1.26956841,0.19094059,-0.46746752,1.26388329,9.65138336,0.00000009
9.34000000,VERIFY_CONTACT,-0.01227669,-0.02109705,0.01182492,-0.08037998,0.06699904,0.31310317,-0.08346130,0.06289339,0.08944643,0.02098693,0.00322462,24.55265478,6.36463693,55.49594803,30.69276937,0.19175204,-0.46373865,1.26956742,0.19094053,-0.46746716,1.26388250,9.65123575,0.00000007
9.35000000,VERIFY_CONTACT,-0.01227658,-0.02109601,0.01182493,-0.08037916,0.06699905,0.31310348,-0.08346052,0.06289340,0.08944723,0.02098680,0.00322450,24.55328266,6.36560157,55.49455852,30.69207735,0.19175202,-0.46373894,1.26956645,0.19094041,-0.46746645,1.26388092,9.65097910,0.00000005
9.36000000,VERIFY_CONTACT,-0.01227645,-0.02109502,0.01182489,-0.08037836,0.06699906,0.31310378,-0.08345976,0.06289341,0.08944801,0.02098667,0.00322437,24.55388723,6.36667152,55.49314404,30.69140006,0.19175204,-0.46373909,1.26956550,0.19094029,-0.46746576,1.26387940,9.65071751,0.00000008
9.37000000,VERIFY_CONTACT,-0.01227632,-0.02109408,0.01182479,-0.08037760,0.06699906,0.31310406,-0.08345904,0.06289342,0.08944875,0.02098656,0.00322425,24.55444913,6.36677496,55.49264453,30.69080845,0.19175206,-0.46373912,1.26956459,0.19094022,-0.46746537,1.26387855,9.65059483,0.00000010
9.38000000,VERIFY_CONTACT,-0.01227619,-0.02109322,0.01182465,-0.08037688,0.06699907,0.31310430,-0.08345836,0.06289343,0.08944945,0.02098645,0.00322415,24.55500409,6.36707890,55.49205315,30.69025747,0.19175210,-0.46373902,1.26956375,0.19094016,-0.46746501,1.26387773,9.65045788,0.00000010
9.39000000,VERIFY_CONTACT,-0.01227607,-0.02109243,0.01182446,-0.08037622,0.06699907,0.31310452,-0.08345773,0.06289343,0.08945010,0.02098635,0.00322405,24.55551272,6.36806643,55.49086205,30.68979428,0.19175215,-0.46373881,1.26956296,0.19094004,-0.46746428,1.26387612,9.65023754,0.00000009
9.40000000,VERIFY_CONTACT,-0.01227595,-0.02109173,0.01182424,-0.08037562,0.06699907,0.31310471,-0.08345716,0.06289344,0.08945068,0.02098626,0.00322396,24.55597175,6.36814027,55.49057498,30.68942504,0.19175221,-0.46373848,1.26956223,0.19093998,-0.46746393,1.26387536,9.65015327,0.00000007
9.41000000,VERIFY_CONTACT,-0.01227584,-0.02109112,0.01182400,-0.08037509,0.06699907,0.31310487,-0.08345664,0.06289344,0.08945120,0.02098619,0.00322389,24.55638586,6.36835087,55.49022366,30.68912762,0.19175228,-0.46373806,1.26956158,0.19093992,-0.46746358,1.26387458,9.65006274,0.00000004
9.42000000,VERIFY_CONTACT,-0.01227575,-0.02109060,0.01182373,-0.08037463,0.06699908,0.31310500,-0.08345620,0.06289345,0.08945165,0.02098613,0.00322383,24.55699298,6.36856824,55.48990085,30.68857859,0.19175233,-0.46373754,1.26956103,0.19093986,-0.46746324,1.26387383,9.64998330,0.00000003
9.43000000,VERIFY_CONTACT,-0.01227565,-0.02109018,0.01182345,-0.08037425,0.06699908,0.31310509,-0.08345582,0.06289345,0.08945204,0.02098608,0.00322378,24.55671256,6.36901368,55.48941137,30.68903790,0.19175240,-0.46373697,1.26956060,0.19093980,-0.46746288,1.26387303,9.64988149,0.00000006
9.44000000,VERIFY_CONTACT,-0.01227561,-0.02108985,0.01182316,-0.08037393,0.06699909,0.31310515,-0.08345551,0.06289346,0.08945234,0.02098605,0.00322374,24.55669619,6.36853151,55.48982048,30.68918546,0.19175244,-0.46373630,1.26956022,0.19093980,-0.46746288,1.26387303,9.64992020,0.00000010
9.45000000,VERIFY_CONTACT,-0.01227554,-0.02108962,0.01182288,-0.08037370,0.06699909,0.31310519,-0.08345528,0.06289347,0.08945258,0.02098603,0.00322373,24.55694624,6.36876465,55.48961375,30.68918126,0.19175251,-0.46373562,1.26955997,0.19093974,-0.46746254,1.26387227,9.64987066,0.00000002
9.46000000,VERIFY_CONTACT,-0.01227552,-0.02108949,0.01182260,-0.08037353,0.06699910,0.31310520,-0.08345511,0.06289348,0.08945275,0.02098602,0.00322371,24.55683425,6.36840375,55.48999035,30.68945546,0.19175255,-0.46373487,1.26955971,0.19093974,-0.46746254,1.26387227,9.64991204,0.00000004
9.47000000,VERIFY_CONTACT,-0.01227551,-0.02108944,0.01182232,-0.08037343,0.06699911,0.31310518,-0.08345500,0.06289349,0.08945285,0.02098602,0.00322372,24.55673978,6.36818306,55.49026617,30.68974257,0.19175258,-0.46373411,1.26955963,0.19093974,-0.46746254,1.26387227,9.64994441,0.00000005
9.48000000,VERIFY_CONTACT,-0.01227551,-0.02108946,0.01182206,-0.08037340,0.06699912,0.31310513,-0.08345496,0.06289350,0.08945289,0.02098604,0.00322374,24.55662603,6.36794538,55.49058503,30.69006674,0.19175260,-0.46373334,1.26955965,0.19093974,-0.46746254,1.26387227,9.64998900,0.00000004
9.49000000,VERIFY_CONTACT,-0.01227554,-0.02108956,0.01182181,-0.08037343,0.06699914,0.31310507,-0.08345498,0.06289352,0.08945286,0.02098607,0.00322377,24.55648706,6.36768187,55.49095028,30.69042729,0.19175260,-0.46373257,1.26955972,0.19093974,-0.46746254,1.26387227,9.65004484,0.00000003
9.50000000,VERIFY_CONTACT,-0.01227558,-0.02108974,0.01182159,-0.08037352,0.06699916,0.31310498,-0.08345506,0.06289353,0.08945279,0.02098610,0.00322380,24.55632085,6.36739008,55.49135642,30.69081821,0.19175259,-0.46373178,1.26955981,0.19093974,-0.46746254,1.26387227,9.65011023,0.00000002
9.51000000,STAND,-0.01227565,-0.02109000,0.01182138,-0.08037366,0.06699918,0.31310488,-0.08345518,0.06289355,0.08945266,0.02098614,0.00322384,24.55612786,6.36707065,55.49179528,30.69123077,0.19175256,-0.46373100,1.26955989,0.19093974,-0.46746254,1.26387227,9.65018344,0.00000010
9.52000000,STAND,-0.01227583,-0.02109038,0.01182121,-0.08037384,0.06699919,0.31310476,-0.08345534,0.06289357,0.08945250,0.02098622,0.00322392,24.55526096,6.36382880,55.49267748,30.68981643,0.19175235,-0.46373057,1.26956047,0.19093831,-0.46746596,1.26387638,9.65036557,0.00000000
9.53000000,STAND,-0.01227657,-0.02109106,0.01182112,-0.08037402,0.06699916,0.31310457,-0.08345552,0.06289355,0.08945236,0.02098644,0.00322414,24.55452125,6.35833340,55.49478245,30.68735522,0.19175130,-0.46373151,1.26956267,0.19093463,-0.46747413,1.26388577,9.65077118,0.00000000
9.54000000,STAND,-0.01227833,-0.02109238,0.01182118,-0.08037412,0.06699902,0.31310425,-0.08345565,0.06289345,0.08945232,0.02098694,0.00322463,24.55374108,6.34864378,55.49908425,30.68305664,0.19174857,-0.46373537,1.26956818,0.19092740,-0.46749043,1.26390465,9.65154560,0.00000000
9.55000000,STAND,-0.01228163,-0.02109466,0.01182148,-0.08037405,0.06699865,0.31310369,-0.08345566,0.06289315,0.08945250,0.02098784,0.00322554,24.55327617,6.33439553,55.50658948,30.67724893,0.19174318,-0.46374419,1.26957929,0.19091549,-0.46751764,1.26393646,9.65283701,0.00000000
9.56000000,STAND,-0.01228687,-0.02109823,0.01182216,-0.08037367,0.06699790,0.31310278,-0.08345542,0.06289252,0.08945303,0.02098928,0.00322697,24.55344945,6.31543334,55.51804905,30.67021419,0.19173402,-0.46376029,1.26959867,0.19089781,-0.46755845,1.26398447,9.65476001,0.00000000
9.57000000,STAND,-0.01229438,-0.02110331,0.01182330,-0.08037280,0.06699655,0.31310138,-0.08345480,0.06289138,0.08945406,0.02099134,0.00322903,24.55455868,6.29189660,55.53398279,30.66230273,0.19171999,-0.46378614,1.26962918,0.19087328,-0.46761536,1.26405166,9.65740109,0.00000000
9.58000000,STAND,-0.01230433,-0.02111008,0.01182500,-0.08037124,0.06699436,0.31309937,-0.08345363,0.06288950,0.08945578,0.02099406,0.00323176,24.55682977,6.26413875,55.55467985,30.65390168,0.19169994,-0.46382422,1.26967373,0.19084086,-0.46769072,1.26414071,9.66081696,0.00000000
9.59000000,STAND,-0.01231680,-0.02111863,0.01182734,-0.08036877,0.06699101,0.31309662,-0.08345169,0.06288660,0.08945839,0.02099746,0.00323516,24.56037834,6.23265002,55.58021283,30.64541205,0.19167272,-0.46387699,1.26973520,0.19079951,-0.46778667,1.26425399,9.66503422,0.00000000
9.60000000,STAND,-0.01233173,-0.02112900,0.01183034,-0.08036512,0.06698616,0.31309303,-0.08344877,0.06288236,0.08946215,0.02100150,0.00323920,24.56518796,6.19798881,55.61045728,30.63722985,0.19163718,-0.46394682,1.26981635,0.19074821,-0.46790524,1.26439362,9.67005021,0.00000000
9.61000000,STAND,-0.01234897,-0.02114119,0.01183399,-0.08036002,0.06697944,0.31308852,-0.08344460,0.06287645,0.08946731,0.02100613,0.00324383,24.57111244,6.16060050,55.64510762,30.62973423,0.19159217,-0.46403599,1.26991974,0.19068599,-0.46804825,1.26456143,9.67583395,0.00000000
9.62000000,STAND,-0.01236825,-0.02115513,0.01183826,-0.08035313,0.06697044,0.31308306,-0.08343890,0.06286849,0.08947416,0.02101126,0.00324895,24.57790256,6.12099405,55.68369162,30.62328102,0.19153654,-0.46414663,1.27004771,0.19061188,-0.46821742,1.26475904,9.68232771,0.00000000
9.63000000,STAND,-0.01238923,-0.02117076,0.01184303,-0.08034414,0.06695871,0.31307663,-0.08343138,0.06285806,0.08948305,0.02101678,0.00325448,24.58522224,6.07978160,55.72561024,30.61818396,0.19146915,-0.46428077,1.27020241,0.19052493,-0.46841431,1.26498784,9.68945202,0.00000000
9.64000000,STAND,-0.01241149,-0.02118796,0.01184818,-0.08033267,0.06694381,0.31306925,-0.08342170,0.06284477,0.08949430,0.02102260,0.00326029,24.59267217,6.03759687,55.77016669,30.61470715,0.19138887,-0.46444034,1.27038578,0.19042422,-0.46864037,1.26524902,9.69710908,0.00000000
9.65000000,STAND,-0.01243459,-0.02120660,0.01185352,-0.08031834,0.06692526,0.31306097,-0.08340951,0.06282816,0.08950830,0.02102858,0.00326628,24.59981904,5.99508532,55.81659206,30.61305962,0.19129462,-0.46462715,1.27059964,0.19030888,-0.46889694,1.26554362,9.70518640,0.00000000
9.66000000,STAND,-0.01245804,-0.02122650,0.01185883,-0.08030074,0.06690259,0.31305185,-0.08339444,0.06280780,0.08952545,0.02103464,0.00327233,24.60622564,5.95289665,55.86407045,30.61339128,0.19118534,-0.46484291,1.27084561,0.19017803,-0.46918525,1.26587255,9.71356046,0.00000000
9.67000000,STAND,-0.01248134,-0.02124747,0.01186388,-0.08027945,0.06687533,0.31304200,-0.08337610,0.06278326,0.08954617,0.02104064,0.00327834,24.61147914,5.91167597,55.91176295,30.61579099,0.19106002,-0.46508924,1.27112517,0.19003085,-0.46950646,1.26623656,9.72210049,0.00000000
9.68000000,STAND,-0.01250400,-0.02126929,0.01186842,-0.08025403,0.06684302,0.31303152,-0.08335408,0.06275410,0.08957091,0.02104651,0.00328421,24.61521572,5.87205390,55.95882964,30.62028668,0.19091771,-0.46536767,1.27143967,0.18986653,-0.46986163,1.26663632,9.73067191,0.00000001
9.69000000,STAND,-0.01252555,-0.02129172,0.01187219,-0.08022401,0.06680520,0.31302054,-0.08332795,0.06271990,0.08960011,0.02105215,0.00328985,24.61714034,5.83463620,56.00444939,30.62684741,0.19075755,-0.46567963,1.27179031,0.18968431,-0.47025176,1.26707240,9.73913961,0.00000001
9.70000000,STAND,-0.01254555,-0.02131446,0.01187496,-0.08018892,0.06676144,0.31300919,-0.08329730,0.06268026,0.08963425,0.02105748,0.00329518,24.61704081,5.79999405,56.04783665,30.63538690,0.19057873,-0.46602648,1.27217820,0.18948345,-0.47067778,1.26754531,9.74737077,0.00000001
9.71000000,STAND,-0.01256360,-0.02133723,0.01187649,-0.08014829,0.06671133,0.31299761,-0.08326166,0.06263477,0.08967382,0.02106242,0.00330012,24.61479625,5.76865529,56.08825527,30.64576835,0.19038054,-0.46640950,1.27260431,0.18926325,-0.47114054,1.26805548,9.75523726,0.00000001
9.72000000,STAND,-0.01257934,-0.02135968,0.01187659,-0.08010163,0.06665447,0.31298593,-0.08322059,0.06258310,0.08971930,0.02106693,0.00330463,24.61037995,5.74109755,56.12502911,30.65781026,0.19016233,-0.46682987,1.27306951,0.18902303,-0.47164086,1.26860328,9.76261762,0.00000001
9.73000000,STAND,-0.01259249,-0.02138146,0.01187508,-0.08004846,0.06659052,0.31297429,-0.08317364,0.06252488,0.08977119,0.02107094,0.00330864,24.60385708,5.71774319,56.15754951,30.67129309,0.18992356,-0.46728872,1.27357459,0.18876215,-0.47217950,1.26918907,9.76939861,0.00000001
9.74000000,STAND,-0.01260280,-0.02140222,0.01187183,-0.07998830,0.06651914,0.31296281,-0.08312036,0.06245982,0.08982996,0.02107441,0.00331211,24.59537805,5.69895637,56.18527990,30.68596650,0.18966376,-0.46778710,1.27412022,0.18848001,-0.47275718,1.26981315,9.77547625,0.00000001
9.75000000,STAND,-0.01261007,-0.02142157,0.01186674,-0.07992066,0.06644003,0.31295161,-0.08306030,0.06238763,0.08989611,0.02107730,0.00331500,24.58516824,5.68504198,56.20775772,30.70155710,0.18938254,-0.46832598,1.27470701,0.18817604,-0.47337457,1.27047580,9.78075654,0.00000001
9.76000000,STAND,-0.01261418,-0.02143913,0.01185975,-0.07984507,0.06635292,0.31294079,-0.08299302,0.06230805,0.08997011,0.02107960,0.00331729,24.57351507,5.67624643,56.22459396,30.71777636,0.18907959,-0.46890626,1.27533549,0.18784969,-0.47403230,1.27117728,9.78515575,0.00000001
9.77000000,STAND,-0.01261502,-0.02145452,0.01185083,-0.07976110,0.06625757,0.31293046,-0.08291810,0.06222086,0.09005241,0.02108126,0.00331896,24.56075335,5.67275989,56.23547087,30.73432866,0.18875464,-0.46952878,1.27600609,0.18750047,-0.47473097,1.27191784,9.78860048,0.00000001
9.78000000,STAND,-0.01261257,-0.02146735,0.01183996,-0.07966829,0.06615378,0.31292070,-0.08283512,0.06212585,0.09014345,0.02108228,0.00331998,24.54724986,5.67471979,56.24013799,30.75091919,0.18840751,-0.47019431,1.27671922,0.18712789,-0.47547113,1.27269768,9.79102741,0.00000001
9.79000000,STAND,-0.01260680,-0.02147728,0.01182718,-0.07956623,0.06604136,0.31291159,-0.08274370,0.06202284,0.09024366,0.02108264,0.00332034,24.53338787,5.68221522,56.23840711,30.76726147,0.18803803,-0.47090354,1.27747519,0.18673152,-0.47625331,1.27351702,9.79238285,0.00000001
9.80000000,STAND,-0.01259775,-0.02148394,0.01181251,-0.07945452,0.06592014,0.31290317,-0.08264345,0.06191169,0.09035344,0.02108234,0.00332004,24.51955251,5.69529198,56.23014628,30.78308445,0.18764610,-0.47165708,1.27827429,0.18631094,-0.47707799,1.27437603,9.79262216,0.00000001
9.81000000,STAND,-0.01258546,-0.02148701,0.01179601,-0.07933280,0.06579000,0.31289551,-0.08253403,0.06179226,0.09047314,0.02108136,0.00331906,24.50611749,5.71395796,56.21527349,30.79813887,0.18723164,-0.47245551,1.27911675,0.18586578,-0.47794562,1.27527487,9.79170908,0.00000001
9.82000000,STAND,-0.01257000,-0.02148619,0.01177773,-0.07920073,0.06565080,0.31288863,-0.08241511,0.06166443,0.09060311,0.02107971,0.00331741,24.49343357,5.73818857,56.19375009,30.81220282,0.18679457,-0.47329930,1.28000275,0.18539570,-0.47885659,1.27621368,9.78961500,0.00000001
9.83000000,STAND,-0.01255143,-0.02148121,0.01175771,-0.07905799,0.06550246,0.31288257,-0.08228641,0.06152811,0.09074366,0.02107739,0.00331508,24.48181924,5.76793196,56.16557434,30.82508636,0.18633484,-0.47418886,1.28093244,0.18490036,-0.47981129,1.27719257,9.78631815,0.00000001
9.84000000,STAND,-0.01252984,-0.02147182,0.01173602,-0.07890430,0.06534487,0.31287734,-0.08214763,0.06138321,0.09089508,0.02107438,0.00331208,24.47155360,5.80311387,56.13077514,30.83663517,0.18585242,-0.47512455,1.28190592,0.18437949,-0.48081004,1.27821161,9.78180291,0.00000001
9.85000000,STAND,-0.01250530,-0.02145781,0.01171267,-0.07873941,0.06517798,0.31287295,-0.08199856,0.06122966,0.09105760,0.02107069,0.00330839,24.46287163,5.84364184,56.08940629,30.84673310,0.18534725,-0.47610664,1.28292326,0.18383281,-0.48185313,1.27927085,9.77605904,0.00000001
9.86000000,STAND,-0.01247788,-0.02143900,0.01168769,-0.07856311,0.06500170,0.31286940,-0.08183897,0.06106739,0.09123144,0.02106633,0.00330402,24.45596167,5.88940873,56.04154114,30.85530372,0.18481929,-0.47713533,1.28398451,0.18326010,-0.48294080,1.28037029,9.76908100,0.00000002
9.87000000,STAND,-0.01244765,-0.02141526,0.01166109,-0.07837521,0.06481599,0.31286669,-0.08166869,0.06089635,0.09141678,0.02106127,0.00329897,24.45096508,5.94029531,55.98726790,30.86231084,0.18426849,-0.47821077,1.28508964,0.18266115,-0.48407325,1.28150990,9.76086731,0.00000002
9.88000000,STAND,-0.01241463,-0.02138646,0.01163285,-0.07817556,0.06462080,0.31286478,-0.08148756,0.06071650,0.09161377,0.02105552,0.00329322,24.44797777,5.99617196,55.92668540,30.86775809,0.18369478,-0.47933302,1.28623864,0.18203578,-0.48525065,1.28268960,9.75141997,0.00000002
9.89000000,STAND,-0.01237888,-0.02135253,0.01160294,-0.07796402,0.06441607,0.31286367,-0.08129547,0.06052777,0.09182254,0.02104907,0.00328677,24.44705345,6.05689933,55.85989943,30.87168773,0.18309810,-0.48050209,1.28743140,0.18138383,-0.48647310,1.28390926,9.74074393,0.00000002
9.90000000,STAND,-0.01234041,-0.02131341,0.01157131,-0.07774051,0.06420178,0.31286331,-0.08109231,0.06033015,0.09204316,0.02104190,0.00327959,24.44820830,6.12232793,55.78701955,30.87417870,0.18247836,-0.48171792,1.28866782,0.18070517,-0.48774068,1.28516872,9.72884654,0.00000002
9.91000000,STAND,-0.01229921,-0.02126908,0.01153790,-0.07750497,0.06397787,0.31286368,-0.08087803,0.06012358,0.09227571,0.02103399,0.00327168,24.45142684,6.19229658,55.70815617,30.87534430,0.18183548,-0.48298039,1.28994772,0.17999969,-0.48905339,1.28646774,9.71573712,0.00000002
9.92000000,STAND,-0.01225528,-0.02121952,0.01150262,-0.07725734,0.06374432,0.31286474,-0.08065256,0.05990805,0.09252022,0.02102531,0.00326301,24.45666867,6.26662953,55.62341801,30.87532946,0.18116938,-0.48428931,1.29127088,0.17926731,-0.49041121,1.28780604,9.70142649,0.00000002
9.93000000,STAND,-0.01220857,-0.02116475,0.01146539,-0.07699762,0.06350109,0.31286644,-0.08041590,0.05968350,0.09277670,0.02101583,0.00325353,24.46387610,6.34513224,55.53290964,30.87430805,0.18047994,-0.48564445,1.29263703,0.17850797,-0.49181407,1.28918328,9.68592651,0.00000002
9.94000000,STAND,-0.01215904,-0.02110479,0.01142609,-0.07672581,0.06324815,0.31286873,-0.08016804,0.05944992,0.09304514,0.02100551,0.00324320,24.47298236,6.42758534,55.43672893,30.87248036,0.17976708,-0.48704548,1.29404581,0.17772163,-0.49326182,1.29059906,9.66924964,0.00000002
9.95000000,STAND,-0.01210662,-0.02103967,0.01138462,-0.07644194,0.06298547,0.31287154,-0.07990901,0.05920727,0.09332552,0.02099428,0.00323198,24.48391965,6.51386400,55.33496523,30.87007040,0.17903068,-0.48849206,1.29549682,0.17690827,-0.49475429,1.29205291,9.65140846,0.00000002
9.96000000,STAND,-0.01205125,-0.02096944,0.01134086,-0.07614605,0.06271302,0.31287483,-0.07963883,0.05895553,0.09361778,0.02098212,0.00321981,24.49657408,6.60493097,55.22775236,30.86728072,0.17827067,-0.48998386,1.29698982,0.17606790,-0.49629127,1.29354432,9.63242185,0.00000002
9.97000000,STAND,-0.01199291,-0.02089420,0.01129469,-0.07583821,0.06243079,0.31287855,-0.07935756,0.05869468,0.09326036,0.02096904,0.00320674,24.51071340,6.70100038,55.11529567,30.86425814,0.17748700,-0.49152062,1.29852474,0.17520055,-0.49787252,1.29507285,9.61231628,0.00000002
9.98000000,STAND,-0.01193163,-0.02081411,0.01124604,-0.07551849,0.06213876,0.31288263,-0.07906527,0.05842470,0.09285594,0.02095510,0.00319280,24.52606817,6.80180864,54.99776097,30.86114238,0.17667964,-0.49310201,1.30010134,0.17430629,-0.49949784,1.29663808,9.59111309,0.00000002
9.99000000,STAND,-0.01186743,-0.02072933,0.01119483,-0.07518699,0.06183694,0.31288705,-0.07876204,0.05814559,0.09243785,0.02094034,0.00317804,24.54237700,6.90709341,54.87527559,30.85805218,0.17584862,-0.49472765,1.30171927,0.17338520,-0.50116698,1.29823960,9.56883099,0.00000002
10.00000000,STAND,-0.01180032,-0.02064005,0.01114102,-0.07484384,0.06152533,0.31289177,-0.07844799,0.05785737,0.09200618,0.02092480,0.00316250,24.55940768,7.01662142,54.74794521,30.85508541,0.17499396,-0.49639712,1.30337806,0.17243738,-0.50287964,1.29987692,9.54548816,0.00000002
10.01000000,STAND,-0.01173033,-0.02054642,0.01108458,-0.07448915,0.06120396,0.31289677,-0.07812321,0.05756003,0.09156106,0.02090852,0.00314622,24.57696656,7.13019228,54.61586732,30.85232642,0.17411572,-0.49810995,1.30507721,0.17146296,-0.50463550,1.30154951,9.52110318,0.00000002
10.02000000,STAND,-0.01165748,-0.02044860,0.01102550,-0.07412305,0.06087286,0.31290200,-0.07778783,0.05725362,0.09110260,0.02089155,0.00312924,24.59490043,7.24763729,54.47914052,30.84985259,0.17321397,-0.49986565,1.30681613,0.17046208,-0.50643417,1.30325680,9.49569547,0.00000002
10.03000000,STAND,-0.01158180,-0.02034674,0.01096379,-0.07374570,0.06053206,0.31290744,-0.07744197,0.05693816,0.09063094,0.02087391,0.00311160,24.61309429,7.36881594,54.33786932,30.84773782,0.17228879,-0.50166372,1.30859424,0.16943491,-0.50827523,1.30499815,9.46928537,0.00000003
10.04000000,STAND,-0.01150333,-0.02024098,0.01089945,-0.07335723,0.06018162,0.31291305,-0.07708577,0.05661369,0.09014620,0.02085563,0.00309333,24.63146716,7.49361157,54.19216532,30.84605290,0.17134029,-0.50350362,1.31041085,0.16838163,-0.51015823,1.30677288,9.44189398,0.00000003
10.05000000,STAND,-0.01142212,-0.02013143,0.01083254,-0.07295780,0.05982159,0.31291881,-0.07671936,0.05628027,0.08964855,0.02083674,0.00307444,24.64996688,7.62192655,54.04214586,30.84486395,0.17036858,-0.50538482,1.31226529,0.16730243,-0.51208266,1.30858028,9.41354282,0.00000003
10.06000000,STAND,-0.01133821,-0.02001822,0.01076307,-0.07254756,0.05945203,0.31292466,-0.07634288,0.05593794,0.08913812,0.02081726,0.00305496,24.66856464,7.75367776,53.88793142,30.84422996,0.16937380,-0.50730676,1.31415682,0.16619754,-0.51404799,1.31041959,9.38425342,0.00000003
10.07000000,STAND,-0.01125167,-0.01990145,0.01069112,-0.07212665,0.05907303,0.31293059,-0.07595647,0.05558678,0.08861508,0.02079721,0.00303490,24.68724956,7.88879242,53.72964250,30.84420034,0.16835610,-0.50926886,1.31608465,0.16506719,-0.51605364,1.31229000,9.35404688,0.00000003
10.08000000,STAND,-0.01116256,-0.01978124,0.01061674,-0.07169525,0.05868465,0.31293654,-0.07556027,0.05522686,0.08807959,0.02077659,0.00301429,24.70602368,8.02720451,53.56739668,30.84481307,0.16731567,-0.51127054,1.31804799,0.16391163,-0.51809901,1.31419068,9.32294347,0.00000003
10.09000000,STAND,-0.01107094,-0.01965767,0.01053998,-0.07125350,0.05828701,0.31294248,-0.07515442,0.05485826,0.08753182,0.02075544,0.00299314,24.72489746,8.16885210,53.40130610,30.84609359,0.16625268,-0.51331120,1.32004597,0.16273114,-0.52018346,1.31612076,9.29096236,0.00000003
10.10000000,STAND,-0.01097688,-0.01953085,0.01046093,-0.07080156,0.05788018,0.31294838,-0.07473906,0.05448106,0.08697195,0.02073375,0.00297145,24.74388621,8.31367529,53.23147557,30.84805443,0.16516734,-0.51539019,1.32207771,0.16152600,-0.52230631,1.31807933,9.25812131,0.00000003
10.11000000,STAND,-0.01088046,-0.01940087,0.01037965,-0.07033959,0.05746429,0.31295421,-0.07431434,0.05409536,0.08640015,0.02071155,0.00294924,24.76300721,8.46161518,53.05800135,30.85069566,0.16405988,-0.51750690,1.32414228,0.16029651,-0.52446685,1.32006545,9.22443655,0.00000003
10.12000000,STAND,-0.01078173,-0.01926780,0.01029621,-0.06986774,0.05703943,0.31295994,-0.07388039,0.05370126,0.08581660,0.02068883,0.00292652,24.78227775,8.61261339,52.88097043,30.85400577,0.16293054,-0.51966064,1.32623871,0.15904300,-0.52666435,1.32207816,9.18992272,0.00000003
10.13000000,STAND,-0.01068078,-0.01913172,0.01021068,-0.06938619,0.05660574,0.31296554,-0.07343737,0.05329888,0.08522151,0.02066560,0.00290330,24.80171398,8.76661219,52.70046044,30.85796300,0.16177956,-0.52185074,1.32836600,0.15776580,-0.52889803,1.32411645,9.15459286,0.00000003
10.14000000,STAND,-0.01057768,-0.01899272,0.01012314,-0.06889508,0.05616335,0.31297098,-0.07298541,0.05288833,0.08461504,0.02064189,0.00287959,24.82133029,8.92355494,52.51654000,30.86253692,0.16060721,-0.52407650,1.33052312,0.15646527,-0.53116710,1.32617930,9.11845849,0.00000003
10.15000000,STAND,-0.01047250,-0.01885086,0.01003365,-0.06839457,0.05571237,0.31297625,-0.07252466,0.05246972,0.08399741,0.02061770,0.00285539,24.84113926,9.08338678,52.32926941,30.86769006,0.15941377,-0.52633718,1.33270898,0.15514177,-0.53347073,1.32826565,9.08152973,0.00000003
10.16000000,STAND,-0.01036531,-0.01870621,0.00994228,-0.06788483,0.05525296,0.31298132,-0.07205526,0.05204318,0.08336882,0.02059303,0.00283072,24.86115187,9.24605523,52.13870169,30.87337964,0.15819953,-0.52863204,1.33492250,0.15379569,-0.53580807,1.33037443,9.04381551,0.00000003
10.17000000,STAND,-0.01025619,-0.01855884,0.00984910,-0.06736603,0.05478526,0.31298619,-0.07157737,0.05160885,0.08272946,0.02056789,0.00280559,24.88137790,9.41151070,51.94488377,30.87955912,0.15696481,-0.53096031,1.33716255,0.15242742,-0.53817822,1.33250452,9.00532377,0.00000003
10.18000000,STAND,-0.01014519,-0.01840881,0.00975417,-0.06683831,0.05430942,0.31299084,-0.07109112,0.05116686,0.08207954,0.02054230,0.00278000,24.90182638,9.57970675,51.74785785,30.88617968,0.15570991,-0.53332120,1.33942797,0.15103738,-0.54058029,1.33465480,8.96606168,0.00000003
10.19000000,STAND,-0.01003240,-0.01825618,0.00965755,-0.06630186,0.05382560,0.31299526,-0.07059667,0.05071736,0.08141928,0.02051626,0.00275396,24.92250599,9.75060010,51.54766285,30.89319150,0.15443518,-0.53571389,1.34171760,0.14962599,-0.54301334,1.33682414,8.92603589,0.00000003
10.20000000,STAND,-0.00991786,-0.01810101,0.00955930,-0.06575684,0.05333395,0.31299944,-0.07009417,0.05026049,0.08074889,0.02048978,0.00272748,24.94342533,9.92415031,51.34433582,30.90054483,0.15314096,-0.53813754,1.34403025,0.14819370,-0.54547641,1.33901137,8.88525280,0.00000003
10.21000000,STAND,-0.00980167,-0.01794335,0.00945947,-0.06520341,0.05283464,0.31300337,-0.06958376,0.04979640,0.08006860,0.02046286,0.00270056,24.96459313,10.10031928,51.13791331,30.90819093,0.15182761,-0.54059131,1.34636469,0.14674096,-0.54796853,1.34121532,8.84371876,0.00000003
10.22000000,STAND,-0.00968386,-0.01778326,0.00935812,-0.06464176,0.05232784,0.31300704,-0.06906562,0.04932524,0.07937862,0.02043552,0.00267322,24.98601827,10.27907047,50.92843274,30.91608269,0.15049550,-0.54307430,1.34871971,0.14526824,-0.55048870,1.34343480,8.80144037,0.00000003
10.23000000,STAND,-0.00956452,-0.01762080,0.00925531,-0.06407206,0.05181373,0.31301044,-0.06853989,0.04884719,0.07867919,0.02040775,0.00264545,25.00770967,10.46036798,50.71593356,30.92417528,0.14914502,-0.54558563,1.35109407,0.14377602,-0.55303591,1.34566862,8.75842464,0.00000003
10.24000000,STAND,-0.00944371,-0.01745602,0.00915108,-0.06349449,0.05129248,0.31301358,-0.06800675,0.04836239,0.07797054,0.02037957,0.00261727,25.02967612,10.64417561,50.50045839,30.93242646,0.14777656,-0.54812437,1.35348653,0.14226480,-0.55560912,1.34791558,8.71467921,0.00000003
10.25000000,STAND,-0.00932149,-0.01728897,0.00904548,-0.06290924,0.05076428,0.31301643,-0.06746635,0.04787102,0.07725292,0.02035098,0.00258868,25.05192601,10.83045579,50.28205395,30.94079691,0.14639054,-0.55068959,1.35589582,0.14073509,-0.55820729,1.35017447,8.67021258,0.00000003
10.26000000,STAND,-0.00919793,-0.01711972,0.00893856,-0.06231649,0.05022932,0.31301900,-0.06691886,0.04737325,0.07652656,0.02032199,0.00255968,25.07446701,11.01916866,50.06077188,30.94925042,0.14498738,-0.55328032,1.35832070,0.13918741,-0.56082934,1.35244408,8.62503419,0.00000003
10.27000000,STAND,-0.00907309,-0.01694832,0.00883037,-0.06171644,0.04968779,0.31302127,-0.06636447,0.04686926,0.07579173,0.02029259,0.00253029,25.09730577,11.21027117,49.83666944,30.95775401,0.14356752,-0.55589558,1.36075989,0.13762229,-0.56347420,1.35472322,8.57915465,0.00000003
10.28000000,STAND,-0.00894704,-0.01677484,0.00872095,-0.06110930,0.04913988,0.31302325,-0.06580336,0.04635923,0.07504867,0.02026281,0.00250051,25.12044757,11.40371630,49.60981005,30.96627803,0.14213141,-0.55853438,1.36321213,0.13604028,-0.56614079,1.35701068,8.53258577,0.00000003
10.29000000,STAND,-0.00881985,-0.01659933,0.00861035,-0.06049526,0.04858579,0.31302491,-0.06523570,0.04584333,0.07429765,0.02023264,0.00247034,25.14389606,11.59945245,49.38026366,30.97479619,0.14067951,-0.56119572,1.36567616,0.13444194,-0.56882801,1.35930527,8.48534073,0.00000003
10.30000000,STAND,-0.00869158,-0.01642188,0.00849862,-0.05987454,0.04802573,0.31302624,-0.06466170,0.04532177,0.07353895,0.02020210,0.00243979,25.16765297,11.79742301,49.14810705,30.98328558,0.13921230,-0.56387854,1.36815070,0.13282784,-0.57153474,1.36160580,8.43743410,0.00000003
10.31000000,STAND,-0.00856232,-0.01624255,0.00838581,-0.05924735,0.04745991,0.31302725,-0.06408154,0.04479472,0.07277283,0.02017118,0.00240888,25.19171790,11.99756597,48.91342395,30.99172670,0.13773026,-0.56658183,1.37063452,0.13119856,-0.57425987,1.36391109,8.38888192,0.00000003
10.32000000,STAND,-0.00843213,-0.01606141,0.00827195,-0.05861393,0.04688854,0.31302792,-0.06349544,0.04426239,0.07199959,0.02013991,0.00237760,25.21608819,12.19981386,48.67630507,31.00010337,0.13623389,-0.56930450,1.37312634,0.12955469,-0.57700228,1.36621998,8.33970168,0.00000003
10.33000000,STAND,-0.00830108,-0.01587856,0.00815711,-0.05797450,0.04631183,0.31302824,-0.06290359,0.04372498,0.07121951,0.02010828,0.00234598,25.24075876,12.40409366,48.43684793,31.00840274,0.13472370,-0.57204550,1.37562492,0.12789683,-0.57976084,1.36853132,8.28991238,0.00000003
10.34000000,STAND,-0.00816926,-0.01569406,0.00804133,-0.05732929,0.04573001,0.31302819,-0.06230623,0.04318268,0.07043288,0.02007631,0.00231401,25.26572206,12.61032696,48.19515674,31.01661520,0.13320021,-0.57480373,1.37812902,0.12622561,-0.58253442,1.37084396,8.23953446,0.00000003
10.35000000,STAND,-0.00803672,-0.01550802,0.00792466,-0.05667856,0.04514330,0.31302776,-0.06170356,0.04263571,0.06964002,0.02004401,0.00228171,25.29096804,12.81843015,47.95134200,31.02473429,0.13166396,-0.57757811,1.38063743,0.12454163,-0.58532187,1.37315679,8.18858977,0.00000003
10.36000000,STAND,-0.00790356,-0.01532052,0.00780715,-0.05602254,0.04455192,0.31302695,-0.06109582,0.04208427,0.06884121,0.02001139,0.00224909,25.31648414,13.02831475,47.70552015,31.03275655,0.13011548,-0.58036752,1.38314891,0.12284554,-0.58812207,1.37546870,8.13710156,0.00000003
10.37000000,STAND,-0.00776985,-0.01513166,0.00768884,-0.05536150,0.04395611,0.31302574,-0.06048324,0.04152857,0.06803679,0.01997847,0.00221617,25.34225537,13.23988775,47.45781307,31.04068142,0.12855532,-0.58317086,1.38566226,0.12113798,-0.59093385,1.37777860,8.08509433,0.00000003
10.38000000,STAND,-0.00763566,-0.01494155,0.00756980,-0.05469569,0.04335609,0.31302411,-0.05986605,0.04096884,0.06722706,0.01994525,0.00218295,25.36826437,13.45305208,47.20834750,31.04851100,0.12698405,-0.58598699,1.38817629,0.11941960,-0.59375609,1.38008542,8.03259381,0.00000003
10.39000000,STAND,-0.00750108,-0.01475027,0.00745008,-0.05402539,0.04275212,0.31302206,-0.05924450,0.04040529,0.06641234,0.01991176,0.00214946,25.39449153,13.66770705,46.95725451,31.05624986,0.12540222,-0.58881479,1.39068983,0.11769106,-0.59658763,1.38238811,7.97962680,0.00000003
10.40000000,STAND,-0.00736618,-0.01455795,0.00732972,-0.05335085,0.04214441,0.31301958,-0.05861885,0.03983814,0.06559298,0.01987801,0.00211571,25.42091512,13.88374883,46.70466881,31.06390480,0.12381042,-0.59165313,1.39320172,0.11595302,-0.59942732,1.38468563,7.92622111,0.00000003
10.41000000,STAND,-0.00723104,-0.01436468,0.00720879,-0.05267236,0.04153323,0.31301664,-0.05798934,0.03926761,0.06476929,0.01984401,0.00208171,25.44751146,14.10107098,46.45072810,31.07148455,0.12220923,-0.59450086,1.39571080,0.11420616,-0.60227402,1.38697697,7.87240543,0.00000003
10.42000000,STAND,-0.00709574,-0.01417059,0.00708734,-0.05199020,0.04091880,0.31301324,-0.05735623,0.03869393,0.06394162,0.01980978,0.00204747,25.47425512,14.31956492,46.19557241,31.07899951,0.12059925,-0.59735683,1.39821595,0.11245116,-0.60512658,1.38926114,7.81820917,0.00000003
10.43000000,STAND,-0.00696035,-0.01397578,0.00696542,-0.05130466,0.04030137,0.31300937,-0.05671978,0.03811733,0.06311030,0.01977533,0.00201303,25.50111914,14.53912041,45.93934344,31.08646141,0.11898106,-0.60021991,1.40071607,0.11068872,-0.60798385,1.39153715,7.76366238,0.00000003
10.44000000,STAND,-0.00682495,-0.01378037,0.00684309,-0.05061601,0.03968120,0.31300502,-0.05608026,0.03753804,0.06227568,0.01974068,0.00197838,25.52807525,14.75962607,45.68218387,31.09388300,0.11735528,-0.60308895,1.40321004,0.10891951,-0.61084468,1.39380406,7.70879561,0.00000003
10.45000000,STAND,-0.00668962,-0.01358448,0.00672041,-0.04992456,0.03905852,0.31300018,-0.05543795,0.03695629,0.06143809,0.01970586,0.00194356,25.55509414,14.98096979,45.42423676,31.10127773,0.11572252,-0.60596279,1.40569681,0.10714425,-0.61370794,1.39606092,7.65363977,0.00000003
10.46000000,STAND,-0.00655442,-0.01338821,0.00659743,-0.04923059,0.03843360,0.31299484,-0.05479310,0.03637231,0.06059790,0.01967087,0.00190857,25.58214574,15.20303917,45.16564497,31.10865938,0.11408340,-0.60884028,1.40817531,0.10536364,-0.61657249,1.39830683,7.59822603,0.00000003
10.47000000,STAND,-0.00641944,-0.01319169,0.00647421,-0.04853440,0.03780669,0.31298898,-0.05414600,0.03578634,0.05975545,0.01963574,0.00187344,25.60919948,15.42572189,44.90655055,31.11604178,0.11243853,-0.61172028,1.41064451,0.10357839,-0.61943717,1.40054089,7.54258568,0.00000003
10.48000000,STAND,-0.00628474,-0.01299503,0.00635082,-0.04783629,0.03717803,0.31298262,-0.05349692,0.03519861,0.05891108,0.01960048,0.00183818,25.63622460,15.64890612,44.64709432,31.12343847,0.11078856,-0.61460164,1.41310339,0.10178921,-0.62230087,1.40276222,7.48675004,0.00000003
10.49000000,STAND,-0.00615039,-0.01279835,0.00622729,-0.04713657,0.03654788,0.31297573,-0.05284613,0.03460936,0.05806516,0.01956512,0.00180281,25.66319044,15.87248077,44.38741533,31.13086241,0.10913411,-0.61748321,1.41555095,0.09999682,-0.62516244,1.40496998,7.43075035,0.00000003
10.50000000,STAND,-0.00601646,-0.01260176,0.00610371,-0.04643552,0.03591649,0.31296832,-0.05219393,0.03401883,0.05721802,0.01952966,0.00176735,25.69006671,16.09633584,44.12765055,31.13832570,0.10747582,-0.62036386,1.41798622,0.09820195,-0.62802077,1.40716332,7.37461768,0.00000003
10.51000000,STAND,-0.00588301,-0.01240537,0.00598011,-0.04573344,0.03528413,0.31296038,-0.05154058,0.03342725,0.05637004,0.01949412,0.00173182,25.71682382,16.32036264,43.86793449,31.14583933,0.10581434,-0.62324244,1.42040824,0.09640532,-0.63087472,1.40934144,7.31838284,0.00000003
10.52000000,STAND,-0.00575011,-0.01220928,0.00585656,-0.04503065,0.03465104,0.31295191,-0.05088637,0.03283487,0.05552155,0.01945853,0.00169623,25.74343308,16.54445396,43.60839893,31.15341298,0.10415032,-0.62611783,1.42281607,0.09460765,-0.63372318,1.41150355,7.26207630,0.00000003
10.53000000,STAND,-0.00561782,-0.01201361,0.00573311,-0.04432743,0.03401749,0.31294291,-0.05023157,0.03224192,0.05467291,0.01942290,0.00166060,25.76986701,16.76850429,43.34917273,31.16105479,0.10248441,-0.62898889,1.42520879,0.09280968,-0.63656504,1.41364887,7.20572815,0.00000003
10.54000000,STAND,-0.00548620,-0.01181847,0.00560983,-0.04362410,0.03338373,0.31293339,-0.04957647,0.03164865,0.05382447,0.01938725,0.00162495,25.79609952,16.99240991,43.09038163,31.16877126,0.10081726,-0.63185451,1.42758553,0.09101214,-0.63939919,1.41577665,7.14936801,0.00000003
10.55000000,STAND,-0.00535530,-0.01162394,0.00548676,-0.04292093,0.03275002,0.31292334,-0.04892134,0.03105529,0.05297659,0.01935159,0.00158929,25.82210614,17.21606897,42.83214821,31.17656707,0.09914954,-0.63471357,1.42994539,0.08921575,-0.64222454,1.41788617,7.09302502,0.00000003
10.56000000,STAND,-0.00522520,-0.01143014,0.00536397,-0.04221824,0.03211660,0.31291276,-0.04826647,0.03046208,0.05212960,0.01931595,0.00155365,25.84786416,17.43938160,42.57459175,31.18444508,0.09748191,-0.63756496,1.43228754,0.08742126,-0.64504000,1.41997671,7.03672777,0.00000003
10.57000000,STAND,-0.00509593,-0.01123715,0.00524150,-0.04151632,0.03148375,0.31290168,-0.04761211,0.02986927,0.05128387,0.01928033,0.00151803,25.87335278,17.66224984,42.31782830,31.19240623,0.09581504,-0.64040759,1.43461114,0.08562938,-0.64784447,1.42204759,6.98050432,0.00000003
10.58000000,STAND,-0.00496755,-0.01104506,0.00511942,-0.04081545,0.03085171,0.31289008,-0.04695856,0.02927709,0.05043973,0.01924476,0.00148246,25.89855319,17.88457771,42.06197067,31.20044953,0.09414959,-0.64324035,1.43691538,0.08384087,-0.65063689,1.42409815,6.92438214,0.00000003
10.59000000,STAND,-0.00484011,-0.01085397,0.00499777,-0.04011594,0.03022074,0.31287799,-0.04630608,0.02868579,0.04959752,0.01920925,0.00144694,25.92344864,18.10627114,41.80712849,31.20857216,0.09248624,-0.64606218,1.43919949,0.08205645,-0.65341619,1.42612775,6.86838811,0.00000003
10.60000000,STAND,-0.00471367,-0.01066395,0.00487660,-0.03941806,0.02959109,0.31286540,-0.04565494,0.02809559,0.04875760,0.01917381,0.00141151,25.94802451,18.32723789,41.55340835,31.21676945,0.09082566,-0.64887199,1.44146270,0.08027684,-0.65618132,1.42813576,6.81254854,0.00000003
10.61000000,STAND,-0.00458826,-0.01047510,0.00475598,-0.03872210,0.02896302,0.31285233,-0.04500541,0.02750675,0.04792029,0.01913846,0.00137616,25.97226820,18.54738753,41.30091388,31.22503502,0.08916852,-0.65166872,1.44370427,0.07850279,-0.65893123,1.43012158,6.75688917,0.00000003
10.62000000,STAND,-0.00446394,-0.01028748,0.00463595,-0.03802834,0.02833677,0.31283880,-0.04435775,0.02691949,0.04708593,0.01910322,0.00134092,25.99616920,18.76663127,41.04974592,31.23336091,0.08751551,-0.65445132,1.44592349,0.07673501,-0.66166489,1.43208464,6.70143513,0.00000003
10.63000000,STAND,-0.00434075,-0.01010116,0.00451656,-0.03733707,0.02771261,0.31282481,-0.04371224,0.02633405,0.04625487,0.01906810,0.00130579,26.01971897,18.98488192,40.80000270,31.24173770,0.08586730,-0.65721874,1.44811967,0.07497423,-0.66438127,1.43402439,6.64621103,0.00000003
10.64000000,STAND,-0.00421872,-0.00991623,0.00439786,-0.03664856,0.02709077,0.31281038,-0.04306912,0.02575067,0.04542742,0.01903311,0.00127080,26.04291082,19.20205372,40.55177995,31.25015470,0.08422456,-0.65996996,1.45029214,0.07322118,-0.66707938,1.43594029,6.59124093,0.00000003
10.65000000,STAND,-0.00409791,-0.00973275,0.00427990,-0.03596308,0.02647152,0.31279552,-0.04242865,0.02516959,0.04460391,0.01899827,0.00123596,26.06573985,19.41806224,40.30517114,31.25860013,0.08258798,-0.66270394,1.45244026,0.07147656,-0.66975821,1.43783184,6.53654837,0.00000003
10.66000000,STAND,-0.00397836,-0.00955077,0.00416273,-0.03528091,0.02585509,0.31278025,-0.04179110,0.02459103,0.04378468,0.01896359,0.00120129,26.08820276,19.63282427,40.06026763,31.26706130,0.08095823,-0.66541970,1.45456340,0.06974109,-0.67241678,1.43969855,6.48215640,0.00000003
10.67000000,STAND,-0.00386009,-0.00937037,0.00404639,-0.03460231,0.02524173,0.31276459,-0.04115671,0.02401522,0.04297003,0.01892909,0.00116679,26.11029774,19.84625768,39.81715886,31.27552484,0.07933598,-0.66811622,1.45666098,0.06801549,-0.67505412,1.44153997,6.42808758,0.00000003
10.68000000,STAND,-0.00374315,-0.00919160,0.00393093,-0.03392754,0.02463168,0.31274855,-0.04052573,0.02344241,0.04216029,0.01889477,0.00113247,26.13202427,20.05828127,39.57593248,31.28397690,0.07772192,-0.67079252,1.45873241,0.06630046,-0.67766929,1.44335565,6.37436406,0.00000003
10.69000000,STAND,-0.00362757,-0.00901451,0.00381639,-0.03325686,0.02402519,0.31273216,-0.03989841,0.02287281,0.04135578,0.01886066,0.00109836,26.15338295,20.26881472,39.33667460,31.29240337,0.07611670,-0.67344764,1.46077717,0.06459668,-0.68026134,1.44514519,6.32100753,0.00000003
10.70000000,STAND,-0.00351338,-0.00883916,0.00370282,-0.03259054,0.02342249,0.31271542,-0.03927499,0.02230665,0.04055680,0.01882677,0.00106447,26.17437537,20.47777841,39.09946985,31.30079006,0.07452101,-0.67608062,1.46279472,0.06290486,-0.68282935,1.44690818,6.26803930,0.00000003
10.71000000,STAND,-0.00340063,-0.00866560,0.00359026,-0.03192883,0.02282383,0.31269837,-0.03865572,0.02174416,0.03976366,0.01879311,0.00103080,26.19500387,20.68509337,38.86440157,31.30912293,0.07293551,-0.67869051,1.46478458,0.06122569,-0.68537244,1.44864427,6.21548032,0.00000003
10.72000000,STAND,-0.00328933,-0.00849388,0.00347876,-0.03127197,0.02222943,0.31268101,-0.03804082,0.02118555,0.03897666,0.01875968,0.00099738,26.21527142,20.89068120,38.63155192,31.31738826,0.07136086,-0.68127639,1.46674626,0.05955983,-0.68788970,1.45035311,6.16335115,0.00000003
10.73000000,STAND,-0.00317952,-0.00832404,0.00336834,-0.03062021,0.02163954,0.31266338,-0.03743053,0.02063106,0.03819610,0.01872651,0.00096421,26.23518144,21.09446393,38.40100198,31.32557283,0.06979772,-0.68383734,1.46867933,0.05790796,-0.69038027,1.45203437,6.11167204,0.00000003
10.74000000,STAND,-0.00307123,-0.00815613,0.00325905,-0.02997380,0.02105436,0.31264548,-0.03682509,0.02008089,0.03742229,0.01869361,0.00093131,26.25473767,21.29636402,38.17283185,31.33366409,0.06824674,-0.68637247,1.47058337,0.05627075,-0.69284330,1.45368778,6.06046289,0.00000003
10.75000000,STAND,-0.00296449,-0.00799020,0.00315093,-0.02933297,0.02047415,0.31262735,-0.03622472,0.01953525,0.03665549,0.01866099,0.00089868,26.27394397,21.49630430,37.94712070,31.34165026,0.06670857,-0.68888089,1.47245798,0.05464883,-0.69527798,1.45531304,6.00974330,0.00000003
10.76000000,STAND,-0.00285931,-0.00782628,0.00304402,-0.02869797,0.01989910,0.31260899,-0.03562965,0.01899437,0.03589602,0.01862865,0.00086635,26.29280428,21.69420792,37.72394685,31.34952051,0.06518386,-0.69136174,1.47430278,0.05304287,-0.69768348,1.45690991,5.95953259,0.00000003
10.77000000,STAND,-0.00275573,-0.00766442,0.00293834,-0.02806903,0.01932946,0.31259044,-0.03504010,0.01845846,0.03514414,0.01859663,0.00083432,26.31132244,21.88999832,37.50338777,31.35726502,0.06367322,-0.69381417,1.47611745,0.05145349,-0.70005902,1.45847817,5.90984975,0.00000002
10.78000000,STAND,-0.00265377,-0.00750465,0.00283395,-0.02744638,0.01876543,0.31257171,-0.03445629,0.01792770,0.03440013,0.01856492,0.00080261,26.32950213,22.08359925,37.28552011,31.36487505,0.06217731,-0.69623735,1.47790165,0.04988132,-0.70240383,1.46001760,5.86071349,0.00000002
10.79000000,STAND,-0.00255344,-0.00734702,0.00273086,-0.02683023,0.01820722,0.31255283,-0.03387843,0.01740232,0.03366428,0.01853353,0.00077123,26.34734681,22.27493479,37.07041969,31.37234303,0.06069673,-0.69863047,1.47965508,0.04832697,-0.70471718,1.46152803,5.81214222,0.00000002
10.80000000,STAND,-0.00245478,-0.00719156,0.00262912,-0.02622082,0.01765505,0.31253382,-0.03330674,0.01688251,0.03293684,0.01850249,0.00074019,26.36485963,22.46392932,36.85816146,31.37966259,0.05923209,-0.70099273,1.48137749,0.04679104,-0.70699833,1.46300930,5.76415405,0.00000002
10.81000000,STAND,-0.00235780,-0.00703830,0.00252875,-0.02561837,0.01710912,0.31251469,-0.03274142,0.01636846,0.03221807,0.01847181,0.00070951,26.38204340,22.65050760,36.64881952,31.38682854,0.05778399,-0.70332336,1.48306862,0.04527412,-0.70924659,1.46446127,5.71676681,0.00000002
10.82000000,STAND,-0.00226251,-0.00688729,0.00242978,-0.02502309,0.01656963,0.31249547,-0.03218268,0.01586036,0.03150825,0.01844149,0.00067918,26.39890059,22.83459482,36.44246698,31.39383692,0.05635303,-0.70562159,1.48472825,0.04377679,-0.71146127,1.46588381,5.66999798,0.00000002
10.83000000,STAND,-0.00216894,-0.00673856,0.00233225,-0.02443518,0.01603678,0.31247618,-0.03163073,0.01535841,0.03080761,0.01841154,0.00064924,26.41543330,23.01611662,36.23917599,31.40068492,0.05493979,-0.70788670,1.48635617,0.04229962,-0.71364173,1.46727685,5.62386472,0.00000002
10.84000000,STAND,-0.00207710,-0.00659214,0.00223619,-0.02385486,0.01551076,0.31245683,-0.03108575,0.01486279,0.03011641,0.01838199,0.00061969,26.43164326,23.19499922,36.03901757,31.40737089,0.05354484,-0.71011797,1.48795222,0.04084314,-0.71578734,1.46864030,5.57838387,0.00000002
10.85000000,STAND,-0.00198701,-0.00644807,0.00214161,-0.02328232,0.01499176,0.31243746,-0.03054795,0.01437368,0.02943489,0.01835284,0.00059054,26.44753189,23.37116946,35.84206160,31.41389426,0.05216872,-0.71231471,1.48951624,0.03940791,-0.71789749,1.46997411,5.53357188,0.00000002
10.86000000,STAND,-0.00189868,-0.00630638,0.00204855,-0.02271777,0.01447997,0.31241809,-0.03001750,0.01389125,0.02876328,0.01832410,0.00056180,26.46310027,23.54455489,35.64837668,31.42025546,0.05081200,-0.71447624,1.49104810,0.03799444,-0.71997160,1.47127825,5.48944486,0.00000002
10.87000000,STAND,-0.00181212,-0.00616709,0.00195703,-0.02216140,0.01397555,0.31239872,-0.02949461,0.01341567,0.02810181,0.01829579,0.00053349,26.47834925,23.71508389,35.45803003,31.42645588,0.04947520,-0.71660192,1.49254768,0.03660323,-0.72200911,1.47255269,5.44601848,0.00000002
10.88000000,STAND,-0.00172734,-0.00603024,0.00186707,-0.02161340,0.01347869,0.31237938,-0.02897944,0.01294712,0.02745070,0.01826791,0.00050561,26.49327944,23.88268578,35.27108742,31.43249775,0.04815884,-0.71869112,1.49401491,0.03523479,-0.72400950,1.47379745,5.40330803,0.00000002
10.89000000,STAND,-0.00164435,-0.00589587,0.00177871,-0.02107394,0.01298955,0.31236010,-0.02847218,0.01248575,0.02681018,0.01824049,0.00047818,26.50789132,24.04729089,35.08761301,31.43838409,0.04686343,-0.72074323,1.49544972,0.03388957,-0.72597226,1.47501254,5.36132835,0.00000002
10.90000000,STAND,-0.00156317,-0.00576399,0.00169195,-0.02054321,0.01250830,0.31234089,-0.02797300,0.01203172,0.02618044,0.01821352,0.00045122,26.52218524,24.20883072,34.90766930,31.44411854,0.04558945,-0.72275769,1.49685206,0.03256805,-0.72789691,1.47619801,5.32009382,0.00000002
10.91000000,STAND,-0.00148380,-0.00563464,0.00160683,-0.02002138,0.01203509,0.31232177,-0.02748205,0.01158519,0.02556170,0.01818702,0.00042472,26.53616154,24.36723802,34.73131696,31.44970535,0.04433738,-0.72473393,1.49822191,0.03127065,-0.72978300,1.47735392,5.27961835,0.00000002
10.92000000,STAND,-0.00140625,-0.00550784,0.00152336,-0.01950861,0.01157008,0.31230276,-0.02699951,0.01114629,0.02495414,0.01816101,0.00039871,26.54982057,24.52244696,34.55861476,31.45514921,0.04310767,-0.72667144,1.49955926,0.02999780,-0.73163012,1.47848034,5.23991534,0.00000002
10.93000000,STAND,-0.00133052,-0.00538362,0.00144155,-0.01900507,0.01111342,0.31228388,-0.02652553,0.01071517,0.02435796,0.01813549,0.00037319,26.56316275,24.67439318,34.38961944,31.46045518,0.04190077,-0.72856970,1.50086413,0.02874991,-0.73343786,1.47957736,5.20099768,0.00000002
10.94000000,STAND,-0.00125663,-0.00526200,0.00136144,-0.01851092,0.01066523,0.31226515,-0.02606026,0.01029197,0.02377334,0.01811047,0.00034817,26.57618868,24.82301396,34.22438565,31.46562861,0.04071710,-0.73042826,1.50213654,0.02752736,-0.73520585,1.48064509,5.16287772,0.00000002
10.95000000,STAND,-0.00118457,-0.00514301,0.00128303,-0.01802629,0.01022567,0.31224658,-0.02560384,0.00987681,0.02320043,0.01808597,0.00032367,26.58889914,24.96824832,34.06296581,31.47067502,0.03955706,-0.73224665,1.50337657,0.02633052,-0.73693376,1.48168366,5.12556725,0.00000002
10.96000000,STAND,-0.00111435,-0.00502667,0.00120634,-0.01755134,0.00979486,0.31222819,-0.02515642,0.00946983,0.02263942,0.01806200,0.00029969,26.60129514,25.11003715,33.90541003,31.47560003,0.03842105,-0.73402446,1.50458426,0.02515972,-0.73862127,1.48269320,5.08907750,0.00000002
10.97000000,STAND,-0.00104597,-0.00491300,0.00113138,-0.01708620,0.00937291,0.31221001,-0.02471812,0.00907113,0.02209045,0.01803855,0.00027625,26.61337801,25.24832329,33.75176606,31.48040929,0.03730943,-0.73576131,1.50575972,0.02401530,-0.74026810,1.48367387,5.05341909,0.00000002
10.98000000,STAND,-0.00097944,-0.00480202,0.00105818,-0.01663099,0.00895995,0.31219204,-0.02428906,0.00868084,0.02155368,0.01801565,0.00025335,26.62514941,25.38305166,33.60207917,31.48510840,0.03622254,-0.73745683,1.50690305,0.02289755,-0.74187399,1.48462584,5.01860206,0.00000002
10.99000000,STAND,-0.00091476,-0.00469374,0.00098673,-0.01618584,0.00855608,0.31217430,-0.02386938,0.00829905,0.02102923,0.01799331,0.00023101,26.63661132,25.51416936,33.45639212,31.48970285,0.03516073,-0.73911068,1.50801436,0.02180676,-0.74343873,1.48554928,4.98463584,0.00000002
11.00000000,STAND,-0.00085192,-0.00458819,0.00091705,-0.01575087,0.00816141,0.31215681,-0.02345918,0.00792587,0.02051724,0.01797153,0.00020922,26.64776615,25.64162576,33.31474508,31.49419796,0.03412429,-0.74072258,1.50909380,0.02074320,-0.74496212,1.48644441,4.95152923,0.00000002
11.01000000,STAND,-0.00079094,-0.00448539,0.00084916,-0.01532618,0.00777604,0.31213959,-0.02305856,0.00756139,0.02001782,0.01795031,0.00018801,26.65861667,25.76537260,33.17717558,31.49859885,0.03311352,-0.74229224,1.51014153,0.01970708,-0.74644399,1.48731141,4.91929041,0.00000001
11.02000000,STAND,-0.00073180,-0.00438533,0.00078306,-0.01491186,0.00740004,0.31212264,-0.02266763,0.00720569,0.01953109,0.01792968,0.00016738,26.66916607,25.88536406,33.04371847,31.50291040,0.03212867,-0.74381944,1.51115770,0.01869864,-0.74788422,1.48815052,4.88792692,0.00000001
11.03000000,STAND,-0.00067451,-0.00428804,0.00071875,-0.01450802,0.00703351,0.31210598,-0.02228648,0.00685887,0.01905715,0.01790964,0.00014733,26.67941791,26.00155687,32.91440589,31.50713719,0.03116998,-0.74530396,1.51214251,0.01771805,-0.74928270,1.48896198,4.85744566,0.00000001
11.04000000,STAND,-0.00061907,-0.00419353,0.00065625,-0.01411474,0.00667651,0.31208964,-0.02191518,0.00652098,0.01859608,0.01789019,0.00012788,26.68937617,26.11391033,32.78926723,31.51128355,0.03023769,-0.74674564,1.51309616,0.01676549,-0.75063935,1.48974602,4.82785292,0.00000001
11.05000000,STAND,-0.00056547,-0.00410181,0.00059557,-0.01373208,0.00632911,0.31207361,-0.02155382,0.00619210,0.01814796,0.01787134,0.00010904,26.69904519,26.22238645,32.66832912,31.51535349,0.02933197,-0.74814432,1.51401886,0.01584110,-0.75195416,1.49050292,4.79915430,0.00000001
11.06000000,STAND,-0.00051372,-0.00401288,0.00053669,-0.01336012,0.00599138,0.31205791,-0.02120245,0.00587229,0.01771287,0.01785310,0.00009080,26.70842967,26.32694995,32.55161540,31.51935069,0.02845301,-0.74949990,1.51491085,0.01494499,-0.75322710,1.49123295,4.77135481,0.00000001
11.07000000,STAND,-0.00046380,-0.00392675,0.00047964,-0.01299892,0.00566335,0.31204255,-0.02086115,0.00556159,0.01729086,0.01783547,0.00007317,26.71753461,26.42756834,32.43914715,31.52327855,0.02760095,-0.75081232,1.51577237,0.01407725,-0.75445821,1.49193638,4.74445879,0.00000001
11.08000000,STAND,-0.00041572,-0.00384343,0.00042441,-0.01264852,0.00534509,0.31202755,-0.02052996,0.00526005,0.01688199,0.01781847,0.00005617,26.72636532,26.52421197,32.33094261,31.52714018,0.02677591,-0.75208153,1.51660367,0.01323796,-0.75564755,1.49261351,4.71846996,0.00000001
11.09000000,STAND,-0.00036946,-0.00376291,0.00037100,-0.01230896,0.00503661,0.31201291,-0.02020892,0.00496770,0.01648628,0.01780209,0.00003979,26.73492737,26.61685409,32.22701726,31.53093838,0.02597799,-0.75330752,1.51740504,0.01242713,-0.75679521,1.49326467,4.69339142,0.00000001
11.10000000,STAND,-0.00032504,-0.00368521,0.00031941,-0.01198028,0.00473795,0.31199864,-0.01989807,0.00468458,0.01610376,0.01778635,0.00002404,26.74322651,26.70547086,32.12738377,31.53467569,0.02520724,-0.75449034,1.51817675,0.01164480,-0.75790132,1.49389016,4.66922563,0.00000001
11.11000000,STAND,-0.00028243,-0.00361032,0.00026965,-0.01166251,0.00444912,0.31198475,-0.01959744,0.00441070,0.01573445,0.01777124,0.00000893,26.75126868,26.79004143,32.03205201,31.53835442,0.02446373,-0.75563005,1.51891912,0.01089093,-0.75896606,1.49449031,4.64597445,0.00000001
11.12000000,STAND,-0.00024164,-0.00353823,0.00022170,-0.01135564,0.00417014,0.31197125,-0.01930703,0.00414608,0.01537835,0.01775677,-0.00000554,26.75905994,26.87054794,31.94102909,31.54197662,0.02374746,-0.75672675,1.51963245,0.01016549,-0.75998961,1.49506548,4.62363912,0.00000001
11.13000000,STAND,-0.00020265,-0.00346896,0.00017557,-0.01105969,0.00390100,0.31195814,-0.01902687,0.00389073,0.01503545,0.01774294,-0.00001936,26.76660641,26.94697559,31.85431934,31.54554418,0.02305842,-0.75778060,1.52031708,0.00946840,-0.76097222,1.49561603,4.60222027,0.00000001
11.14000000,STAND,-0.00016546,-0.00340249,0.00013126,-0.01077466,0.00364170,0.31194544,-0.01875694,0.00364462,0.01470572,0.01772976,-0.00003254,26.77391425,27.01931261,31.77192429,31.54905877,0.02239656,-0.75879177,1.52097336,0.00879956,-0.76191415,1.49614231,4.58171794,0.00000001
11.15000000,STAND,-0.00013007,-0.00333882,0.00008875,-0.01050052,0.00339222,0.31193314,-0.01849724,0.00340777,0.01438915,0.01771723,-0.00004507,26.78098961,27.08755039,31.69384274,31.55252194,0.02176182,-0.75976048,1.52160163,0.00815883,-0.76281572,1.49664471,4.56213159,0.00000001
11.16000000,STAND,-0.00009646,-0.00327794,0.00004804,-0.01023725,0.00315254,0.31192125,-0.01824774,0.00318013,0.01408567,0.01770535,-0.00005695,26.78783855,27.15168341,31.62007071,31.55593510,0.02115410,-0.76068700,1.52220228,0.00754607,-0.76367727,1.49712363,4.54346007,0.00000001
11.17000000,STAND,-0.00006463,-0.00321984,0.00000912,-0.00998481,0.00292261,0.31190977,-0.01800843,0.00296169,0.01379524,0.01769412,-0.00006818,26.79446704,27.21170932,31.55060145,31.55929958,0.02057327,-0.76157162,1.52277570,0.00696106,-0.76449920,1.49757948,4.52570168,0.00000001
11.18000000,STAND,-0.00003457,-0.00316452,-0.00002802,-0.00974317,0.00270240,0.31189870,-0.01777925,0.00275239,0.01351778,0.01768355,-0.00007875,26.80088090,27.26762898,31.48542548,31.56261660,0.02001916,-0.76241468,1.52332228,0.00640360,-0.76528192,1.49801267,4.50885412,0.00000001
11.19000000,STAND,-0.00000626,-0.00311195,-0.00006338,-0.00951225,0.00249185,0.31188806,-0.01756016,0.00255221,0.01325321,0.01767363,-0.00008867,26.80708577,27.31944647,31.42453052,31.56588735,0.01949159,-0.76321658,1.52384244,0.00587343,-0.76602589,1.49842365,4.49291454,0.00000001
11.20000000,STAND,0.00002029,-0.00306214,-0.00009699,-0.00929201,0.00229089,0.31187782,-0.01735111,0.00236107,0.01300143,0.01766437,-0.00009793,26.81308705,27.36716911,31.36790152,31.56911296,0.01899033,-0.76397772,1.52433663,0.00537026,-0.76673163,1.49881285,4.47787952,0.00000001
11.21000000,STAND,0.00004512,-0.00301507,-0.00012884,-0.00908236,0.00209946,0.31186801,-0.01715202,0.00217891,0.01276234,0.01765576,-0.00010654,26.81888989,27.41080754,31.31552066,31.57229455,0.01851514,-0.76469857,1.52480529,0.00489377,-0.76739968,1.49918075,4.46374506,0.00000001
11.22000000,STAND,0.00006821,-0.00297072,-0.00015896,-0.00888321,0.00191747,0.31185860,-0.01696281,0.00200565,0.01253580,0.01764780,-0.00011450,26.82449919,27.45037569,31.26736728,31.57543323,0.01806571,-0.76537966,1.52524888,0.00444362,-0.76803061,1.49952782,4.45050663,0.00000001
11.23000000,STAND,0.00008960,-0.00292908,-0.00018736,-0.00869446,0.00174482,0.31184961,-0.01678340,0.00184121,0.01232168,0.01764050,-0.00012180,26.82991952,27.48589088,31.22341792,31.57853012,0.01764173,-0.76602152,1.52566790,0.00401941,-0.76862508,1.49985456,4.43815910,0.00000001
11.24000000,STAND,0.00010928,-0.00289012,-0.00021406,-0.00851602,0.00158141,0.31184102,-0.01661369,0.00168549,0.01211984,0.01763385,-0.00012845,26.83515513,27.51737382,31.18364625,31.58158632,0.01724286,-0.76662476,1.52606284,0.00362074,-0.76918373,1.50016147,4.42669680,0.00000001
11.25000000,STAND,0.00012728,-0.00285383,-0.00023906,-0.00834774,0.00142712,0.31183283,-0.01645356,0.00153839,0.01193010,0.01762784,-0.00013446,26.84020994,27.54484866,31.14802303,31.58460299,0.01686869,-0.76719003,1.52643422,0.00324716,-0.76970729,1.50044909,4.41611350,0.00000001
11.26000000,STAND,0.00014360,-0.00282020,-0.00026240,-0.00818952,0.00128183,0.31182504,-0.01630291,0.00139979,0.01175229,0.01762248,-0.00013982,26.84508753,27.56834304,31.11651613,31.58758127,0.01651882,-0.76771800,1.52678259,0.00289817,-0.77019652,1.50071795,4.40640239,0.00000001
11.27000000,STAND,0.00015827,-0.00278919,-0.00028409,-0.00804119,0.00114541,0.31181764,-0.01616159,0.00126956,0.01158621,0.01761776,-0.00014454,26.84979112,27.58788813,31.08909041,31.59052235,0.01619278,-0.76820942,1.52710850,0.00257326,-0.77065222,1.50096862,4.39755608,0.00000000
11.28000000,STAND,0.00017129,-0.00276079,-0.00030415,-0.00790262,0.00101770,0.31181062,-0.01602946,0.00114757,0.01143167,0.01761368,-0.00014862,26.85432358,27.60351866,31.06570775,31.59342741,0.01589009,-0.76866507,1.52741252,0.00227188,-0.77107524,1.50120169,4.39504993,0.00000000
11.29000000,STAND,0.00018269,-0.00273497,-0.00032261,-0.00777362,0.00089854,0.31180397,-0.01590638,0.00103368,0.01128843,0.01761023,-0.00015207,26.85868744,27.61527300,31.04632693,31.59629767,0.01561021,-0.76908579,1.52769525,0.00199343,-0.77146647,1.50141774,4.39497247,0.00000000
11.30000000,STAND,0.00019247,-0.00271171,-0.00033948,-0.00765403,0.00078777,0.31179768,-0.01579217,0.00092771,0.01115625,0.01760740,-0.00015490,26.86288485,27.62319317,31.03090364,31.59913434,0.01535259,-0.76947245,1.52795732,0.00173729,-0.77182687,1.50161740,4.39502830,0.00000000
11.31000000,STAND,0.00020066,-0.00269097,-0.00035479,-0.00754365,0.00068521,0.31179174,-0.01568666,0.00082951,0.01103489,0.01760520,-0.00015710,26.86691766,27.62732491,31.01939036,31.60193864,0.01511663,-0.76982598,1.52819936,0.00150280,-0.77215741,1.50180131,4.39521730,0.00000000
11.32000000,STAND,0.00020728,-0.00267274,-0.00036857,-0.00744228,0.00059066,0.31178614,-0.01558967,0.00073890,0.01092408,0.01760361,-0.00015869,26.87078737,27.62771775,31.01173633,31.60471180,0.01490168,-0.77014738,1.52842203,0.00128925,-0.77245915,1.50197013,4.39553917,0.00000000
11.33000000,STAND,0.00021234,-0.00265697,-0.00038084,-0.00734971,0.00050392,0.31178086,-0.01550100,0.00065568,0.01082354,0.01760263,-0.00015967,26.87449520,27.62442500,31.00788750,31.60745501,0.01470709,-0.77043767,1.52862603,0.00109592,-0.77273316,1.50212455,4.39599346,0.00000000
11.34000000,STAND,0.00021586,-0.00264365,-0.00039164,-0.00726572,0.00042477,0.31177589,-0.01542043,0.00057966,0.01073296,0.01760224,-0.00016006,26.87804205,27.61750388,31.00778643,31.61016945,0.01453213,-0.77069794,1.52881207,0.00092202,-0.77298059,1.50226528,4.39657952,0.00000000
11.35000000,STAND,0.00021787,-0.00263272,-0.00040099,-0.00719005,0.00035299,0.31177122,-0.01534775,0.00051062,0.01065203,0.01760245,-0.00015985,26.88142856,27.60701548,31.01137222,31.61285629,0.01437607,-0.77092933,1.52898088,0.00076675,-0.77320263,1.50239304,4.39729655,0.00000000
11.36000000,STAND,0.00021839,-0.00262417,-0.00040893,-0.00712246,0.00028833,0.31176683,-0.01528271,0.00044834,0.01058042,0.01760324,-0.00015906,26.88465511,27.59302490,31.01858047,31.61551664,0.01423810,-0.77113304,1.52913322,0.00062925,-0.77340053,1.50250859,4.39814357,0.00000000
11.37000000,STAND,0.00021744,-0.00261796,-0.00041548,-0.00706268,0.00023054,0.31176270,-0.01522508,0.00039258,0.01051778,0.01760461,-0.00015769,26.88772186,27.57560121,31.02934317,31.61815158,0.01411742,-0.77131030,1.52926989,0.00050864,-0.77357557,1.50261272,4.39911945,0.00000000
11.38000000,STAND,0.00021504,-0.00261403,-0.00042068,-0.00701044,0.00017936,0.31175881,-0.01517459,0.00034309,0.01046375,0.01760653,-0.00015577,26.89062878,27.55481757,31.04358864,31.62076211,0.01401315,-0.77146242,1.52939170,0.00040399,-0.77372911,1.50270623,4.40022285,0.00000000
11.39000000,STAND,0.00021122,-0.00261237,-0.00042457,-0.00696544,0.00013451,0.31175515,-0.01513097,0.00029962,0.01041795,0.01760901,-0.00015329,26.89337563,27.53075125,31.06124146,31.62334922,0.01392440,-0.77159077,1.52949950,0.00031434,-0.77386255,1.50278996,4.40145230,0.00000000
11.40000000,STAND,0.00020600,-0.00261291,-0.00042718,-0.00692738,0.00009570,0.31175170,-0.01509394,0.00026190,0.01037998,0.01761203,-0.00015027,26.89596204,27.50348363,31.08222238,31.62591380,0.01385021,-0.77169677,1.52959417,0.00023866,-0.77397734,1.50286478,4.40280613,0.00000000
11.41000000,STAND,0.00019941,-0.00261562,-0.00042856,-0.00689593,0.00006262,0.31174842,-0.01506319,0.00022963,0.01034943,0.01761558,-0.00014672,26.89838751,27.47310033,31.10644823,31.62845670,0.01378960,-0.77178188,1.52967661,0.00017592,-0.77407501,1.50293158,4.40428253,0.00000000
11.42000000,STAND,0.00019149,-0.00262046,-0.00042874,-0.00687077,0.00003497,0.31174531,-0.01503843,0.00020254,0.01032585,0.01761964,-0.00014266,26.90065143,27.43969116,31.13383189,31.63097871,0.01374156,-0.77184764,1.52974777,0.00012503,-0.77415712,1.50299128,4.40587950,0.00000000
11.43000000,STAND,0.00018225,-0.00262737,-0.00042776,-0.00685155,0.00001240,0.31174234,-0.01501932,0.00018030,0.01030881,0.01762421,-0.00013809,26.90275313,27.40335022,31.16428216,31.63348055,0.01370501,-0.77189564,1.52980861,0.00008486,-0.77422531,1.50304485,4.40759489,0.00000000
11.44000000,STAND,0.00017174,-0.00263630,-0.00042567,-0.00683790,-0.00000542,0.31173949,-0.01500553,0.00016260,0.01029784,0.01762926,-0.00013304,26.90469188,27.36417590,31.19770371,31.63596288,0.01367885,-0.77192755,1.52986014,0.00005423,-0.77428125,1.50309326,4.40942639,0.00000000
11.45000000,STAND,0.00015997,-0.00264721,-0.00042252,-0.00682946,-0.00001884,0.31173672,-0.01499671,0.00014910,0.01029245,0.01763479,-0.00012751,26.90646692,27.32227094,31.23399698,31.63842631,0.01366193,-0.77194507,1.52990340,0.00003194,-0.77432670,1.50313753,4.41137154,0.00000000
11.46000000,STAND,0.00014700,-0.00266003,-0.00041834,-0.00682582,-0.00002824,0.31173403,-0.01499249,0.00013946,0.01029214,0.01764078,-0.00012152,26.90807750,27.27774244,31.27305814,31.64087141,0.01365307,-0.77194998,1.52993946,0.00001672,-0.77436346,1.50317873,4.41342772,0.00000000
11.47000000,STAND,0.00013284,-0.00267472,-0.00041319,-0.00682660,-0.00003400,0.31173137,-0.01499250,0.00013331,0.01029638,0.01764721,-0.00011510,26.90952291,27.23070190,31.31477899,31.64329871,0.01365103,-0.77194413,1.52996943,0.00000728,-0.77439340,1.50321793,4.41559216,0.00000000
11.48000000,STAND,0.00011754,-0.00269120,-0.00040713,-0.00683135,-0.00003652,0.31172873,-0.01499635,0.00013030,0.01030464,0.01765406,-0.00010824,26.91080245,27.18126524,31.35904687,31.64570872,0.01365453,-0.77192941,1.52999446,0.00000228,-0.77441844,1.50325625,4.41786194,0.00000000
11.49000000,STAND,0.00010114,-0.00270942,-0.00040019,-0.00683966,-0.00003621,0.31172608,-0.01500362,0.00013003,0.01031636,0.01766132,-0.00010098,26.91184880,27.12956712,31.40571958,31.64801240,0.01366228,-0.77190779,1.53001574,0.00000033,-0.77444058,1.50329485,4.42021662,0.00000005
11.50000000,STAND,0.00008368,-0.00272933,-0.00039244,-0.00685108,-0.00003349,0.31172338,-0.01501390,0.00013209,0.01033095,0.01766897,-0.00009333,26.91297867,27.07569087,31.45475270,31.65007887,0.01367290,-0.77188131,1.53003447,0.00000000,-0.77446187,1.50333492,4.42265007,0.00000008
