time_s,state,roll_rad,pitch_rad,yaw_rad,body_x_m,body_y_m,body_z_m,com_x_m,com_y_m,support_margin_m,fr_foot_z_m,fr_lift_m,fl_force_n,fr_force_n,hl_force_n,hr_force_n,fr_q0,fr_q1,fr_q2,fr_qd0,fr_qd1,fr_qd2,max_abs_tau_nm,ik_residual_m
0.00100000,STAND,-0.00000000,0.00000000,-0.00000000,-0.00000005,0.00000000,0.32207985,-0.00842045,0.00016080,0.00585067,0.02200000,0.00000000,1.90699794,1.90758955,1.90754335,1.90743021,0.00000017,-0.77301031,1.50056170,0.00000000,-0.77297953,1.50050035,0.00000000,0.00000000
0.01000000,STAND,-0.00000001,0.00017670,0.00000021,-0.00001792,0.00000002,0.32164179,-0.00843900,0.00016081,0.00587707,0.02188271,0.00000000,13.96163619,13.96755377,11.88592589,11.88646216,0.00015997,-0.77381908,1.50276093,0.00000000,-0.77297953,1.50050035,1.48528053,0.00000000
0.02000000,STAND,-0.00000075,0.00078726,0.00000160,-0.00010049,0.00000021,0.32065103,-0.00851998,0.00016094,0.00596670,0.02147698,0.00000000,25.70607536,25.70045657,20.15613015,20.15788320,0.00071496,-0.77497560,1.50718877,0.00000000,-0.77297953,1.50050035,2.87475328,0.00000000
0.03000000,STAND,-0.00000252,0.00164887,0.00000513,-0.00028087,0.00000073,0.31947405,-0.00869501,0.00016134,0.00611576,0.02105734,0.00000000,37.98793802,37.96458316,28.54817860,28.55236634,0.00144060,-0.77640732,1.51323142,0.00000000,-0.77297953,1.50050035,4.40406690,0.00000000
0.04000000,STAND,-0.00000585,0.00251119,0.00001134,-0.00058525,0.00000172,0.31843554,-0.00898660,0.00016214,0.00632674,0.02074936,0.00000000,41.95293151,41.91419735,31.91606304,31.91666983,0.00223853,-0.77730736,1.51897861,0.00000000,-0.77297953,1.50050035,5.07026807,0.00000000
0.05000000,STAND,-0.00001070,0.00305883,0.00001985,-0.00100352,0.00000323,0.31766486,-0.00938274,0.00016342,0.00659955,0.02052186,0.00000000,41.38656384,41.32271547,32.78905721,32.78443443,0.00305517,-0.77725109,1.52297925,0.00000000,-0.77297953,1.50050035,5.16494593,0.00000000
0.06000000,STAND,-0.00001644,0.00310426,0.00002966,-0.00151025,0.00000518,0.31716611,-0.00985974,0.00016512,0.00692422,0.02039076,0.00000000,38.74118785,38.65202765,33.01024482,32.99889920,0.00380924,-0.77649430,1.52515221,0.00000000,-0.77297953,1.50050035,4.98100491,0.00000000
0.07000000,STAND,-0.00002242,0.00266829,0.00003961,-0.00207916,0.00000742,0.31689469,-0.01039402,0.00016710,0.00728697,0.02035479,0.00000000,35.23328167,35.12170575,32.92834400,32.90884392,0.00445661,-0.77530932,1.52585009,0.00000000,-0.77297953,1.50050035,4.67176224,0.00000000
0.08000000,STAND,-0.00002815,0.00187852,0.00004870,-0.00268518,0.00000978,0.31678678,-0.01096329,0.00016923,0.00767281,0.02039397,0.00000000,31.68082926,31.55113682,32.76837778,32.73989992,0.00498271,-0.77391157,1.52554416,0.00000000,-0.77297953,1.50050035,4.40730847,0.00000000
0.09000000,STAND,-0.00003325,0.00088897,0.00005621,-0.00330530,0.00001208,0.31677739,-0.01154703,0.00017134,0.00806698,0.02048084,0.00000000,28.59149969,28.44855666,32.69133001,32.65386388,0.00539274,-0.77246408,1.52468669,0.00000000,-0.77297953,1.50050035,4.45816510,0.00000000
0.10000000,STAND,-0.00003750,-0.00016376,0.00006177,-0.00391934,0.00001418,0.31681159,-0.01212696,0.00017330,0.00845614,0.02058899,0.00000000,26.20848478,26.05712031,32.78195704,32.73631484,0.00570362,-0.77108287,1.52364096,0.00000000,-0.77297953,1.50050035,4.52746826,0.00000000
0.11000000,STAND,-0.00004077,-0.00117884,0.00006535,-0.00451041,0.00001597,0.31684997,-0.01268753,0.00017500,0.00882914,0.02069758,0.00000000,24.57438426,24.41897653,33.05458935,33.00227909,0.00593722,-0.76984236,1.52265533,0.00000000,-0.77297953,1.50050035,4.61690753,0.00000000
0.12000000,STAND,-0.00004304,-0.00209384,0.00006715,-0.00506507,0.00001740,0.31686929,-0.01321604,0.00017637,0.00917728,0.02079293,0.00000000,23.60272938,23.44696889,33.47220747,33.41522224,0.00611543,-0.76878238,1.52186730,0.00000000,-0.77297953,1.50050035,4.72073756,0.00000000
0.13000000,STAND,-0.00004435,-0.00287888,0.00006752,-0.00557313,0.00001843,0.31686031,-0.01370258,0.00017739,0.00949422,0.02086822,0.00000000,23.14339420,22.99019396,33.96984453,33.91041762,0.00625709,-0.76791639,1.52132474,0.00000000,-0.77297953,1.50050035,4.82942663,0.00000000
0.14000000,STAND,-0.00004478,-0.00352748,0.00006685,-0.00602727,0.00001906,0.31682393,-0.01413981,0.00017804,0.00977572,0.02092196,0.00000000,23.03316920,22.88467950,34.47567173,34.41603852,0.00637669,-0.76724015,1.52101401,0.00000000,-0.77297953,1.50050035,4.93270737,0.00000000
0.15000000,STAND,-0.00004445,-0.00404736,0.00006555,-0.00642263,0.00001932,0.31676713,-0.01452266,0.00017834,0.01001918,0.02095622,0.00000000,23.12844557,22.98613087,34.92624413,34.86844024,0.00648422,-0.76673924,1.52088715,0.00000000,-0.77297953,1.50050035,5.02168660,0.00000000
0.16000000,STAND,-0.00004351,-0.00445288,0.00006396,-0.00675638,0.00001925,0.31669939,-0.01484793,0.00017832,0.01022330,0.02097489,0.00000000,23.32132784,23.18607132,35.27503655,35.22074926,0.00658590,-0.76639501,1.52088413,0.00000000,-0.77297953,1.50050035,5.08998441,0.00000000
0.17000000,STAND,-0.00004208,-0.00475975,0.00006232,-0.00702731,0.00001891,0.31663010,-0.01511407,0.00017804,0.01038782,0.02098231,0.00000000,23.54296943,23.41518116,35.49513643,35.44561532,0.00668510,-0.76618846,1.52094812,0.00000000,-0.77297953,1.50050035,5.13406607,0.00000000
0.18000000,STAND,-0.00004031,-0.00498201,0.00006079,-0.00723563,0.00001835,0.31656688,-0.01532090,0.00017755,0.01051323,0.02098242,0.00000000,23.75869337,23.63840864,35.57777826,35.53380234,0.00678341,-0.76610236,1.52103411,0.00000000,-0.77297953,1.50050035,5.15301241,0.00000000
0.19000000,STAND,-0.00003832,-0.00513072,0.00005946,-0.00738268,0.00001762,0.31651490,-0.01546943,0.00017689,0.01060069,0.02097828,0.00000000,23.95906383,23.84602619,35.52852782,35.49042036,0.00688148,-0.76612192,1.52111203,0.00000000,-0.77297953,1.50050035,5.14797667,0.00000000
0.20000000,STAND,-0.00003623,-0.00521402,0.00005836,-0.00747087,0.00001679,0.31647682,-0.01556172,0.00017612,0.01065192,0.02097192,0.00000000,24.15008933,24.04381835,35.36263852,35.33031756,0.00697964,-0.76623456,1.52116604,0.00000000,-0.77297953,1.50050035,5.12153226,0.00000000
0.21000000,STAND,-0.00003412,-0.00523775,0.00005745,-0.00750353,0.00001590,0.31645316,-0.01560078,0.00017529,0.01066917,0.02096448,0.00000000,24.34460325,24.24444948,35.10064674,35.07369846,0.00707826,-0.76642927,1.52119166,0.00000000,-0.77297953,1.50050035,5.07705399,0.00000000
0.22000000,STAND,-0.00003209,-0.00520648,0.00005670,-0.00748482,0.00001500,0.31644288,-0.01559043,0.00017444,0.01065511,0.02095643,0.00000000,24.55584726,24.46103814,34.76481203,34.74257500,0.00717788,-0.76669577,1.52119208,0.00000000,-0.77297953,1.50050035,5.01821428,0.00000000
0.23000000,STAND,-0.00003021,-0.00512437,0.00005607,-0.00741960,0.00001414,0.31644399,-0.01553522,0.00017362,0.01061287,0.02094780,0.00000000,24.79350424,24.70318419,34.37662807,34.35827857,0.00727925,-0.76702389,1.52117456,0.00000000,-0.77297953,1.50050035,4.94862485,0.00000000
0.24000000,STAND,-0.00002852,-0.00499591,0.00005552,-0.00731337,0.00001333,0.31645407,-0.01544027,0.00017285,0.01054588,0.02093842,0.00000000,25.06191772,24.97518463,33.95536471,33.93999570,0.00738319,-0.76740312,1.52114758,0.00000000,-0.77297953,1.50050035,4.87161926,0.00000000
0.25000000,STAND,-0.00002707,-0.00482631,0.00005501,-0.00717204,0.00001262,0.31647067,-0.01531118,0.00017216,0.01045787,0.02092808,0.00000000,25.35996962,25.27590895,33.51744789,33.50413702,0.00749051,-0.76782246,1.52111885,0.00000000,-0.77297953,1.50050035,4.79015013,0.00000000
0.26000000,STAND,-0.00002587,-0.00462162,0.00005453,-0.00700186,0.00001200,0.31649155,-0.01515383,0.00017156,0.01035270,0.02091669,0.00000000,25.68201440,25.59973105,33.07642464,33.06428871,0.00760186,-0.76827054,1.52109424,0.00000000,-0.77297953,1.50050035,4.70676745,0.00000000
0.27000000,STAND,-0.00002494,-0.00438871,0.00005407,-0.00680922,0.00001151,0.31651486,-0.01497427,0.00017108,0.01023435,0.02090424,0.00000000,26.01932213,25.93796957,32.64326568,32.63150119,0.00771762,-0.76873576,1.52107737,0.00000000,-0.77297953,1.50050035,4.62364430,0.00000000
0.28000000,STAND,-0.00002427,-0.00413495,0.00005364,-0.00660048,0.00001113,0.31653909,-0.01477856,0.00017070,0.01010676,0.02089091,0.00000000,26.36160794,26.28041362,32.22680413,32.21471449,0.00783793,-0.76920671,1.52106983,0.00000000,-0.77297953,1.50050035,4.54262297,0.00000000
0.29000000,STAND,-0.00002387,-0.00386797,0.00005325,-0.00638187,0.00001087,0.31656310,-0.01457263,0.00017045,0.00997374,0.02087695,0.00000000,26.69837166,26.61665780,31.83416992,31.82118098,0.00796257,-0.76967245,1.52107154,0.00000000,-0.77297953,1.50050035,4.46526253,0.00000000
0.30000000,STAND,-0.00002369,-0.00359534,0.00005291,-0.00615930,0.00001073,0.31658606,-0.01436212,0.00017030,0.00983894,0.02086270,0.00000000,27.01990788,26.93710679,31.47114073,31.45680669,0.00809105,-0.77012289,1.52108133,0.00000000,-0.77297953,1.50050035,4.39287723,0.00000000
0.31000000,STAND,-0.00002373,-0.00332422,0.00005263,-0.00593830,0.00001069,0.31660735,-0.01415232,0.00017025,0.00970571,0.02084856,0.00000000,27.31795229,27.23361588,31.14238083,31.12638249,0.00822264,-0.77054900,1.52109745,0.00000000,-0.77297953,1.50050035,4.32656189,0.00000000
0.32000000,STAND,-0.00002394,-0.00306120,0.00005242,-0.00572385,0.00001075,0.31662652,-0.01394803,0.00017029,0.00957708,0.02083487,0.00000000,27.58600102,27.49980428,30.85157404,30.83371139,0.00835641,-0.77094308,1.52111795,0.00000000,-0.77297953,1.50050035,4.26720511,0.00000000
0.33000000,STAND,-0.00002429,-0.00281207,0.00005229,-0.00552037,0.00001088,0.31664322,-0.01375353,0.00017040,0.00945570,0.02082199,0.00000000,27.81937607,27.73111496,30.60147677,30.58165779,0.00849128,-0.77129880,1.52114100,0.00000000,-0.77297953,1.50050035,4.21549383,0.00000000
0.34000000,STAND,-0.00002475,-0.00258175,0.00005224,-0.00533165,0.00001107,0.31665722,-0.01357248,0.00017057,0.00934385,0.02081020,0.00000000,28.01512028,27.92470464,30.39392453,30.37215143,0.00862612,-0.77161132,1.52116503,0.00000000,-0.77297953,1.50050035,4.17191351,0.00000000
0.35000000,STAND,-0.00002528,-0.00237421,0.00005225,-0.00516079,0.00001131,0.31666832,-0.01340793,0.00017079,0.00924335,0.02079973,0.00000000,28.17179767,28.07923997,30.22982266,30.20617690,0.00875975,-0.77187725,1.52118884,0.00000000,-0.77297953,1.50050035,4.13674816,0.00000000
0.36000000,STAND,-0.00002585,-0.00219249,0.00005232,-0.00501021,0.00001157,0.31667641,-0.01326227,0.00017104,0.00915561,0.02079072,0.00000000,28.28925788,28.19465895,30.10914558,30.08377248,0.00889103,-0.77209458,1.52121153,0.00000000,-0.77297953,1.50050035,4.11008302,0.00000000
0.37000000,STAND,-0.00002642,-0.00203870,0.00005244,-0.00488167,0.00001185,0.31668142,-0.01313726,0.00017130,0.00908162,0.02078328,0.00000000,28.36840416,28.27193685,30.03095942,30.00405299,0.00901886,-0.77226264,1.52123249,0.00000000,-0.77297953,1.50050035,4.09181194,0.00000000
0.38000000,STAND,-0.00002698,-0.00191407,0.00005259,-0.00477626,0.00001213,0.31668337,-0.01303401,0.00017156,0.00902197,0.02077745,0.00000000,28.41098584,28.31287767,29.99347461,29.96526316,0.00914225,-0.77238197,1.52125133,0.00000000,-0.77297953,1.50050035,4.08165001,0.00000000
0.39000000,STAND,-0.00002749,-0.00181904,0.00005276,-0.00469441,0.00001240,0.31668229,-0.01295306,0.00017182,0.00897684,0.02077323,0.00000000,28.41942269,28.31993850,29.99412804,29.96486080,0.00926030,-0.77245417,1.52126783,0.00000000,-0.77297953,1.50050035,4.07915113,0.00000000
0.40000000,STAND,-0.00002794,-0.00175331,0.00005295,-0.00463603,0.00001265,0.31667833,-0.01289437,0.00017206,0.00894608,0.02077057,0.00000000,28.39665936,28.29608471,30.02968988,29.99962498,0.00937224,-0.77248179,1.52128186,0.00000000,-0.77297953,1.50050035,4.08372971,0.00000000
0.41000000,STAND,-0.00002833,-0.00171594,0.00005312,-0.00460045,0.00001287,0.31667166,-0.01285740,0.00017227,0.00892922,0.02076938,0.00000000,28.34604358,28.24466952,30.09638775,30.06578160,0.00947742,-0.77246818,1.52129337,0.00000000,-0.77297953,1.50050035,4.09468516,0.00000000
0.42000000,STAND,-0.00002863,-0.00170540,0.00005329,-0.00458654,0.00001306,0.31666251,-0.01284114,0.00017245,0.00892549,0.02076957,0.00000000,28.27122035,28.16933015,30.19004028,30.15913852,0.00957534,-0.77241731,1.52130233,0.00000000,-0.77297953,1.50050035,4.11122801,0.00000000
0.43000000,STAND,-0.00002885,-0.00171972,0.00005343,-0.00459280,0.00001321,0.31665115,-0.01284422,0.00017259,0.00893392,0.02077099,0.00000000,28.17603573,28.07389382,30.30619268,30.27522277,0.00966565,-0.77233369,1.52130878,0.00000000,-0.77297953,1.50050035,4.13250633,0.00000000
0.44000000,STAND,-0.00002899,-0.00175650,0.00005356,-0.00461736,0.00001332,0.31663790,-0.01286493,0.00017270,0.00895330,0.02077352,0.00000000,28.06444583,27.96228914,30.44024843,30.40941371,0.00974813,-0.77222215,1.52131276,0.00000000,-0.77297953,1.50050035,4.15763149,0.00000000
0.45000000,STAND,-0.00002905,-0.00181307,0.00005365,-0.00465812,0.00001339,0.31662308,-0.01290128,0.00017278,0.00898230,0.02077698,0.00000000,27.94042893,27.83846063,30.58759221,30.55706769,0.00982269,-0.77208777,1.52131437,0.00000000,-0.77297953,1.50050035,4.18570248,0.00000000
0.46000000,STAND,-0.00002904,-0.00188651,0.00005373,-0.00471276,0.00001343,0.31660705,-0.01295113,0.00017282,0.00901946,0.02078123,0.00000000,27.80790079,27.70628648,30.74370137,30.71363095,0.00988938,-0.77193569,1.52131371,0.00000000,-0.77297953,1.50050035,4.21582826,0.00000000
0.47000000,STAND,-0.00002897,-0.00197379,0.00005377,-0.00477886,0.00001343,0.31659016,-0.01301220,0.00017283,0.00906329,0.02078608,0.00000000,27.67063469,27.56950067,30.90424389,30.87473898,0.00994836,-0.77177101,1.52131094,0.00000000,-0.77297953,1.50050035,4.24714759,0.00000000
0.48000000,STAND,-0.00002884,-0.00207181,0.00005380,-0.00485395,0.00001341,0.31657276,-0.01308214,0.00017281,0.00911225,0.02079139,0.00000000,27.53218829,27.43162180,31.06516197,31.03630149,0.00999992,-0.77159867,1.52130625,0.00000000,-0.77297953,1.50050035,4.27884639,0.00000000
0.49000000,STAND,-0.00002867,-0.00217750,0.00005381,-0.00493555,0.00001336,0.31655518,-0.01315860,0.00017276,0.00916481,0.02079699,0.00000000,27.39583946,27.29589063,31.22274108,31.19457252,0.01004442,-0.77142338,1.52129984,0.00000000,-0.77297953,1.50050035,4.31017227,0.00000000
0.50000000,STAND,-0.00002847,-0.00228787,0.00005381,-0.00502127,0.00001329,0.31653775,-0.01323931,0.00017270,0.00921951,0.02080272,0.00000000,27.26453323,27.16521828,31.37366453,31.34620610,0.01008232,-0.77124947,1.52129195,0.00000000,-0.77297953,1.50050035,4.34044633,0.00000000
0.51000000,STAND,-0.00002825,-0.00240007,0.00005380,-0.00510880,0.00001320,0.31652076,-0.01332206,0.00017262,0.00927495,0.02080844,0.00000000,27.14084085,27.04214631,31.51505416,31.48829764,0.01011413,-0.77108089,1.52128284,0.00000000,-0.77297953,1.50050035,4.36907223,0.00000000
0.52000000,STAND,-0.00002802,-0.00251145,0.00005379,-0.00519601,0.00001311,0.31650448,-0.01340480,0.00017253,0.00932983,0.02081402,0.00000000,27.02693162,26.92881923,31.64449757,31.61841178,0.01014043,-0.77092111,1.52127276,0.00000000,-0.77297953,1.50050035,4.39554260,0.00000000
0.53000000,STAND,-0.00002779,-0.00261962,0.00005377,-0.00528095,0.00001301,0.31648914,-0.01348568,0.00017244,0.00938299,0.02081935,0.00000000,26.92455737,26.82696933,31.76006265,31.73459740,0.01016182,-0.77077308,1.52126199,0.00000000,-0.77297953,1.50050035,4.41944293,0.00000000
0.54000000,STAND,-0.00002757,-0.00272245,0.00005376,-0.00536191,0.00001291,0.31647493,-0.01356301,0.00017234,0.00943338,0.02082433,0.00000000,26.83504886,26.73791314,31.86030028,31.83539044,0.01017892,-0.77063925,1.52125078,0.00000000,-0.77297953,1.50050035,4.44045294,0.00000000
0.55000000,STAND,-0.00002736,-0.00281812,0.00005376,-0.00543739,0.00001281,0.31646203,-0.01363536,0.00017225,0.00948014,0.02082888,0.00000000,26.75932288,26.66255840,31.94423600,31.91980569,0.01019237,-0.77052151,1.52123938,0.00000000,-0.77297953,1.50050035,4.45834588,0.00000000
0.56000000,STAND,-0.00002717,-0.00290512,0.00005376,-0.00550616,0.00001272,0.31645053,-0.01370152,0.00017216,0.00952254,0.02083292,0.00000000,26.69789876,26.60142021,32.01135180,31.98731841,0.01020280,-0.77042120,1.52122803,0.00000000,-0.77297953,1.50050035,4.47298562,0.00000000
0.57000000,STAND,-0.00002700,-0.00298227,0.00005376,-0.00556725,0.00001264,0.31644054,-0.01376054,0.00017208,0.00956001,0.02083641,0.00000000,26.65092281,26.55464492,32.06155911,32.03783705,0.01021081,-0.77033916,1.52121693,0.00000000,-0.77297953,1.50050035,4.48432204,0.00000000
0.58000000,STAND,-0.00002686,-0.00304872,0.00005378,-0.00561995,0.00001257,0.31643208,-0.01381170,0.00017201,0.00959215,0.02083933,0.00000000,26.61819896,26.52204016,32.09516420,32.07166835,0.01021698,-0.77027574,1.52120630,0.00000000,-0.77297953,1.50050035,4.49238478,0.00000000
0.59000000,STAND,-0.00002675,-0.00310392,0.00005380,-0.00566379,0.00001251,0.31642517,-0.01385452,0.00017195,0.00961871,0.02084164,0.00000000,26.59922437,26.50310980,32.11282756,32.08947618,0.01022185,-0.77023081,1.52119628,0.00000000,-0.77297953,1.50050035,4.49727575,0.00000000
0.60000000,STAND,-0.00002667,-0.00314763,0.00005383,-0.00569856,0.00001246,0.31641979,-0.01388878,0.00017190,0.00963960,0.02084337,0.00000000,26.59322848,26.49709221,32.11551838,32.09223559,0.01022592,-0.77020384,1.52118703,0.00000000,-0.77297953,1.50050035,4.49916055,0.00000000
0.61000000,STAND,-0.00002660,-0.00317990,0.00005386,-0.00572426,0.00001242,0.31641587,-0.01391443,0.00017186,0.00965485,0.02084451,0.00000000,26.59921434,26.50300093,32.10446585,32.08118350,0.01022962,-0.77019394,1.52117866,0.00000000,-0.77297953,1.50050035,4.49825923,0.00000000
0.62000000,STAND,-0.00002657,-0.00320103,0.00005389,-0.00574111,0.00001239,0.31641333,-0.01393165,0.00017183,0.00966462,0.02084509,0.00000000,26.61600108,26.51966641,32.08110845,32.05776750,0.01023335,-0.77019989,1.52117124,0.00000000,-0.77297953,1.50050035,4.49483652,0.00000000
0.63000000,STAND,-0.00002655,-0.00321153,0.00005393,-0.00574950,0.00001238,0.31641207,-0.01394080,0.00017181,0.00966918,0.02084514,0.00000000,26.64226645,26.54577805,32.04704280,32.02359417,0.01023743,-0.77022022,1.52116486,0.00000000,-0.77297953,1.50050035,4.48919189,0.00000000
0.64000000,STAND,-0.00002655,-0.00321213,0.00005396,-0.00574998,0.00001237,0.31641196,-0.01394237,0.00017181,0.00966890,0.02084472,0.00000000,26.67658880,26.57992546,32.00397313,31.98037807,0.01024214,-0.77025325,1.52115953,0.00000000,-0.77297953,1.50050035,4.48164969,0.00000000
0.65000000,STAND,-0.00002657,-0.00320371,0.00005399,-0.00574324,0.00001237,0.31641286,-0.01393700,0.00017181,0.00966422,0.02084388,0.00000000,26.71748731,26.62063847,31.95366272,31.92989272,0.01024768,-0.77029718,1.52115526,0.00000000,-0.77297953,1.50050035,4.47254951,0.00000000
0.66000000,STAND,-0.00002660,-0.00318728,0.00005402,-0.00573007,0.00001238,0.31641462,-0.01392542,0.00017181,0.00965565,0.02084266,0.00000000,26.76346028,26.66642485,31.89788813,31.87392451,0.01025421,-0.77035010,1.52115204,0.00000000,-0.77297953,1.50050035,4.46223709,0.00000000
0.67000000,STAND,-0.00002664,-0.00316394,0.00005404,-0.00571135,0.00001240,0.31641710,-0.01390845,0.00017183,0.00964373,0.02084112,0.00000000,26.81302040,26.71580549,31.83839709,31.81423029,0.01026184,-0.77041004,1.52114984,0.00000000,-0.77297953,1.50050035,4.45105585,0.00000000
0.68000000,STAND,-0.00002668,-0.00313486,0.00005406,-0.00568798,0.00001242,0.31642013,-0.01388694,0.00017184,0.00962904,0.02083934,0.00000000,26.86472694,26.76734635,31.77687089,31.75249946,0.01027060,-0.77047507,1.52114859,0.00000000,-0.77297953,1.50050035,4.43933919,0.00000000
0.69000000,STAND,-0.00002672,-0.00310124,0.00005407,-0.00566092,0.00001244,0.31642356,-0.01386180,0.00017186,0.00961218,0.02083737,0.00000000,26.91721412,26.81968676,31.71489145,31.69032098,0.01028051,-0.77054330,1.52114823,0.00000000,-0.77297953,1.50050035,4.42740376,0.00000000
0.70000000,STAND,-0.00002677,-0.00306427,0.00005407,-0.00563111,0.00001246,0.31642726,-0.01383392,0.00017188,0.00959373,0.02083528,0.00000000,26.96921552,26.87156390,31.65391371,31.62915562,0.01029152,-0.77061291,1.52114867,0.00000000,-0.77297953,1.50050035,4.41554363,0.00000000
0.71000000,STAND,-0.00002681,-0.00302511,0.00005407,-0.00559948,0.00001248,0.31643108,-0.01380418,0.00017190,0.00957426,0.02083311,0.00000000,27.01958431,26.92183300,31.59524336,31.57031362,0.01030355,-0.77068224,1.52114981,0.00000000,-0.77297953,1.50050035,4.40402557,0.00000000
0.72000000,STAND,-0.00002684,-0.00298487,0.00005406,-0.00556693,0.00001251,0.31643489,-0.01377343,0.00017193,0.00955432,0.02083094,0.00000000,27.06730912,26.96948342,31.54001991,31.51493789,0.01031649,-0.77074976,1.52115154,0.00000000,-0.77297953,1.50050035,4.39308528,0.00000000
0.73000000,STAND,-0.00002688,-0.00294461,0.00005405,-0.00553427,0.00001253,0.31643858,-0.01374248,0.00017195,0.00953442,0.02082880,0.00000000,27.11152553,27.01365027,31.48920517,31.46399243,0.01033022,-0.77081409,1.52115377,0.00000000,-0.77297953,1.50050035,4.38292472,0.00000000
0.74000000,STAND,-0.00002690,-0.00290526,0.00005402,-0.00550229,0.00001255,0.31644206,-0.01371205,0.00017196,0.00951502,0.02082674,0.00000000,27.15152340,27.05362191,31.44357672,31.41825597,0.01034457,-0.77087409,1.52115638,0.00000000,-0.77297953,1.50050035,4.37371047,0.00000000
0.75000000,STAND,-0.00002692,-0.00286767,0.00005400,-0.00547165,0.00001256,0.31644524,-0.01368281,0.00017198,0.00949653,0.02082481,0.00000000,27.18674995,27.08884330,31.40372625,31.37832041,0.01035939,-0.77092877,1.52115926,0.00000000,-0.77297953,1.50050035,4.36557294,0.00000000
0.76000000,STAND,-0.00002693,-0.00283258,0.00005397,-0.00544295,0.00001258,0.31644804,-0.01365532,0.00017199,0.00947931,0.02082303,0.00000000,27.21680912,27.11891549,31.37006219,31.34459363,0.01037450,-0.77097737,1.52116230,0.00000000,-0.77297953,1.50050035,4.35860658,0.00000000
0.77000000,STAND,-0.00002694,-0.00280059,0.00005394,-0.00541669,0.00001259,0.31645042,-0.01363007,0.00017200,0.00946365,0.02082144,0.00000000,27.24145727,27.14359163,31.34281642,31.31730625,0.01038972,-0.77101933,1.52116541,0.00000000,-0.77297953,1.50050035,4.35287086,0.00000000
0.78000000,STAND,-0.00002694,-0.00277218,0.00005390,-0.00539326,0.00001259,0.31645235,-0.01360744,0.00017201,0.00944978,0.02082005,0.00000000,27.26059586,27.16276973,31.32205427,31.29652188,0.01040489,-0.77105428,1.52116849,0.00000000,-0.77297953,1.50050035,4.34839191,0.00000000
0.79000000,STAND,-0.00002694,-0.00274772,0.00005387,-0.00537295,0.00001260,0.31645379,-0.01358775,0.00017202,0.00943788,0.02081889,0.00000000,27.27426124,27.17648272,31.30768753,31.28215021,0.01041982,-0.77108206,1.52117147,0.00000000,-0.77297953,1.50050035,4.34516485,0.00000000
0.80000000,STAND,-0.00002693,-0.00272745,0.00005383,-0.00535598,0.00001260,0.31645473,-0.01357118,0.00017202,0.00942806,0.02081794,0.00000000,27.28261231,27.18488619,31.29948975,31.27396248,0.01043437,-0.77110266,1.52117426,0.00000000,-0.77297953,1.50050035,4.34315657,0.00000000
0.81000000,STAND,-0.00002691,-0.00271147,0.00005380,-0.00534244,0.00001260,0.31645520,-0.01355785,0.00017202,0.00942037,0.02081723,0.00000000,27.28591631,27.18824436,31.29711341,31.27160872,0.01044840,-0.77111625,1.52117681,0.00000000,-0.77297953,1.50050035,4.34230894,0.00000000
0.82000000,STAND,-0.00002690,-0.00269981,0.00005377,-0.00533235,0.00001260,0.31645519,-0.01354779,0.00017202,0.00941480,0.02081674,0.00000000,27.28453334,27.18691463,31.30010828,31.27463628,0.01046176,-0.77112316,1.52117906,0.00000000,-0.77297953,1.50050035,4.34254231,0.00000000
0.83000000,STAND,-0.00002688,-0.00269238,0.00005374,-0.00532565,0.00001259,0.31645474,-0.01354096,0.00017202,0.00941132,0.02081648,0.00000000,27.27890000,27.18133136,31.30794058,31.28250899,0.01047437,-0.77112381,1.52118099,0.00000000,-0.77297953,1.50050035,4.34375918,0.00000000
0.84000000,STAND,-0.00002686,-0.00268898,0.00005372,-0.00532220,0.00001259,0.31645387,-0.01353723,0.00017201,0.00940982,0.02081641,0.00000000,27.26951271,27.17198916,31.32001233,31.29462667,0.01048611,-0.77111875,1.52118255,0.00000000,-0.77297953,1.50050035,4.34584797,0.00000000
0.85000000,STAND,-0.00002684,-0.00268938,0.00005370,-0.00532181,0.00001258,0.31645264,-0.01353643,0.00017201,0.00941018,0.02081654,0.00000000,27.25691106,27.15942631,31.33568052,31.31034427,0.01049694,-0.77110861,1.52118374,0.00000000,-0.77297953,1.50050035,4.34868678,0.00000000
0.86000000,STAND,-0.00002682,-0.00269324,0.00005369,-0.00532423,0.00001258,0.31645109,-0.01353832,0.00017200,0.00941223,0.02081683,0.00000000,27.24166164,27.14420851,31.35427561,31.32899049,0.01050679,-0.77109407,1.52118456,0.00000000,-0.77297953,1.50050035,4.35214706,0.00000000
0.87000000,STAND,-0.00002680,-0.00270019,0.00005368,-0.00532916,0.00001257,0.31644927,-0.01354264,0.00017200,0.00941579,0.02081727,0.00000000,27.22434258,27.12691348,31.37511915,31.34988530,0.01051564,-0.77107586,1.52118500,0.00000000,-0.77297953,1.50050035,4.35609715,0.00000000
0.88000000,STAND,-0.00002678,-0.00270981,0.00005367,-0.00533627,0.00001257,0.31644723,-0.01354908,0.00017199,0.00942065,0.02081784,0.00000000,27.20552925,27.10811656,31.39753991,31.37235622,0.01052347,-0.77105472,1.52118507,0.00000000,-0.77297953,1.50050035,4.36040552,0.00000000
0.89000000,STAND,-0.00002677,-0.00272168,0.00005367,-0.00534523,0.00001256,0.31644502,-0.01355731,0.00017198,0.00942659,0.02081851,0.00000000,27.18578126,27.08837765,31.42088865,31.39575294,0.01053031,-0.77103142,1.52118481,0.00000000,-0.77297953,1.50050035,4.36494375,0.00000000
0.90000000,STAND,-0.00002675,-0.00273533,0.00005367,-0.00535566,0.00001255,0.31644271,-0.01356699,0.00017198,0.00943339,0.02081925,0.00000000,27.16563095,27.06822968,31.44455097,31.41946030,0.01053616,-0.77100668,1.52118424,0.00000000,-0.77297953,1.50050035,4.36958926,0.00000000
0.91000000,STAND,-0.00002674,-0.00275031,0.00005367,-0.00536721,0.00001255,0.31644034,-0.01357779,0.00017197,0.00944082,0.02082005,0.00000000,27.14557358,27.04816871,31.46795840,31.44290920,0.01054108,-0.77098121,1.52118338,0.00000000,-0.77297953,1.50050035,4.37422754,0.00000000
0.92000000,STAND,-0.00002672,-0.00276618,0.00005368,-0.00537951,0.00001254,0.31643797,-0.01358935,0.00017197,0.00944866,0.02082088,0.00000000,27.12605917,27.02864570,31.49059734,31.46558571,0.01054512,-0.77095566,1.52118228,0.00000000,-0.77297953,1.50050035,4.37875412,0.00000000
0.93000000,STAND,-0.00002671,-0.00278250,0.00005369,-0.00539223,0.00001254,0.31643563,-0.01360135,0.00017196,0.00945671,0.02082172,0.00000000,27.10748616,27.01006014,31.51201614,31.48703793,0.01054833,-0.77093064,1.52118098,0.00000000,-0.77297953,1.50050035,4.38307606,0.00000000
0.94000000,STAND,-0.00002671,-0.00279887,0.00005371,-0.00540504,0.00001253,0.31643337,-0.01361349,0.00017196,0.00946476,0.02082255,0.00000000,27.09019680,26.99275534,31.53183006,31.50688106,0.01055080,-0.77090668,1.52117951,0.00000000,-0.77297953,1.50050035,4.38711309,0.00000000
0.95000000,STAND,-0.00002670,-0.00281493,0.00005372,-0.00541765,0.00001253,0.31643123,-0.01362547,0.00017195,0.00947264,0.02082335,0.00000000,27.07447423,26.97701550,31.54972428,31.52480031,0.01055261,-0.77088425,1.52117791,0.00000000,-0.77297953,1.50050035,4.39079838,0.00000000
0.96000000,STAND,-0.00002669,-0.00283034,0.00005374,-0.00542978,0.00001253,0.31642924,-0.01363704,0.00017195,0.00948019,0.02082411,0.00000000,27.06054119,26.96306434,31.56545511,31.54055212,0.01055383,-0.77086375,1.52117624,0.00000000,-0.77297953,1.50050035,4.39407887,0.00000000
0.97000000,STAND,-0.00002669,-0.00284481,0.00005375,-0.00544120,0.00001252,0.31642742,-0.01364797,0.00017195,0.00948725,0.02082480,0.00000000,27.04856018,26.95106527,31.57884940,31.55396353,0.01055456,-0.77084548,1.52117452,0.00000000,-0.77297953,1.50050035,4.39691531,0.00000000
0.98000000,STAND,-0.00002668,-0.00285811,0.00005377,-0.00545172,0.00001252,0.31642580,-0.01365808,0.00017195,0.00949373,0.02082543,0.00000000,27.03863507,26.94112292,31.58980244,31.56493008,0.01055488,-0.77082968,1.52117280,0.00000000,-0.77297953,1.50050035,4.39928199,0.00000000
0.99000000,STAND,-0.00002668,-0.00287004,0.00005378,-0.00546117,0.00001252,0.31642438,-0.01366719,0.00017194,0.00949951,0.02082598,0.00000000,27.03081377,26.93328584,31.59827444,31.57341224,0.01055489,-0.77081650,1.52117110,0.00000000,-0.77297953,1.50050035,4.40116612,0.00000000
1.00000000,STAND,-0.00002668,-0.00288045,0.00005380,-0.00546944,0.00001252,0.31642319,-0.01367520,0.00017194,0.00950454,0.02082645,0.00000000,27.02509207,26.92755031,31.60428584,31.57943073,0.01055465,-0.77080603,1.52116946,0.00000000,-0.77297953,1.50050035,4.40256703,0.00000000
1.01000000,STAND,-0.00002667,-0.00288925,0.00005381,-0.00547644,0.00001251,0.31642221,-0.01368202,0.00017194,0.00950877,0.02082683,0.00000000,27.02141825,26.92386495,31.60791163,31.58306082,0.01055425,-0.77079828,1.52116791,0.00000000,-0.77297953,1.50050035,4.40349514,0.00000000
1.02000000,STAND,-0.00002667,-0.00289638,0.00005382,-0.00548212,0.00001251,0.31642145,-0.01368759,0.00017194,0.00951218,0.02082713,0.00000000,27.01969839,26.92213604,31.60927494,31.58442593,0.01055376,-0.77079320,1.52116647,0.00000000,-0.77297953,1.50050035,4.40397077,0.00000000
1.03000000,STAND,-0.00002667,-0.00290182,0.00005383,-0.00548647,0.00001251,0.31642090,-0.01369190,0.00017194,0.00951475,0.02082733,0.00000000,27.01980216,26.92223333,31.60854001,31.58369058,0.01055325,-0.77079069,1.52116516,0.00000000,-0.77297953,1.50050035,4.40402278,0.00000000
1.04000000,STAND,-0.00002667,-0.00290561,0.00005384,-0.00548951,0.00001251,0.31642055,-0.01369497,0.00017194,0.00951650,0.02082745,0.00000000,27.02156896,26.92399616,31.60590495,31.58105311,0.01055277,-0.77079057,1.52116398,0.00000000,-0.77297953,1.50050035,4.40368722,0.00000000
1.05000000,STAND,-0.00002667,-0.00290780,0.00005385,-0.00549128,0.00001251,0.31642039,-0.01369682,0.00017193,0.00951748,0.02082750,0.00000000,27.02481420,26.92723979,31.60159419,31.57673823,0.01055238,-0.77079267,1.52116296,0.00000000,-0.77297953,1.50050035,4.40300586,0.00000000
1.06000000,STAND,-0.00002667,-0.00290850,0.00005385,-0.00549185,0.00001251,0.31642039,-0.01369753,0.00017193,0.00951772,0.02082747,0.00000000,27.02933555,26.93176166,31.59585110,31.57098953,0.01055211,-0.77079674,1.52116210,0.00000000,-0.77297953,1.50050035,4.40202474,0.00000000
1.07000000,STAND,-0.00002666,-0.00290781,0.00005385,-0.00549131,0.00001251,0.31642055,-0.01369718,0.00017193,0.00951729,0.02082737,0.00000000,27.03491910,26.93734758,31.58893077,31.56406233,0.01055200,-0.77080253,1.52116140,0.00000000,-0.77297953,1.50050035,4.40079276,0.00000000
1.08000000,STAND,-0.00002666,-0.00290589,0.00005386,-0.00548979,0.00001251,0.31642084,-0.01369588,0.00017193,0.00951625,0.02082721,0.00000000,27.04134521,26.94377758,31.58109317,31.55621680,0.01055206,-0.77080976,1.52116086,0.00000000,-0.77297953,1.50050035,4.39936029,0.00000000
1.09000000,STAND,-0.00002666,-0.00290288,0.00005385,-0.00548739,0.00001251,0.31642124,-0.01369372,0.00017193,0.00951469,0.02082701,0.00000000,27.04839403,26.95083145,31.57259673,31.54771160,0.01055233,-0.77081815,1.52116047,0.00000000,-0.77297953,1.50050035,4.39777791,0.00000000
1.10000000,STAND,-0.00002666,-0.00289896,0.00005385,-0.00548425,0.00001251,0.31642173,-0.01369085,0.00017193,0.00951268,0.02082676,0.00000000,27.05585049,26.95829379,31.56369261,31.53879805,0.01055280,-0.77082741,1.52116023,0.00000000,-0.77297953,1.50050035,4.39609524,0.00000000
1.11000000,STAND,-0.00002666,-0.00289429,0.00005385,-0.00548051,0.00001251,0.31642228,-0.01368739,0.00017193,0.00951032,0.02082648,0.00000000,27.06350883,26.96595848,31.55461953,31.52971510,0.01055348,-0.77083726,1.52116012,0.00000000,-0.77297953,1.50050035,4.39435986,0.00000000
1.12000000,STAND,-0.00002665,-0.00288905,0.00005384,-0.00547630,0.00001251,0.31642287,-0.01368346,0.00017193,0.00950769,0.02082618,0.00000000,27.07117643,26.97363260,31.54559942,31.52068485,0.01055436,-0.77084743,1.52116013,0.00000000,-0.77297953,1.50050035,4.39261643,0.00000000
1.13000000,STAND,-0.00002665,-0.00288343,0.00005384,-0.00547177,0.00001251,0.31642349,-0.01367921,0.00017193,0.00950487,0.02082586,0.00000000,27.07867714,26.98113970,31.53683378,31.51190898,0.01055544,-0.77085767,1.52116025,0.00000000,-0.77297953,1.50050035,4.39090592,0.00000000
1.14000000,STAND,-0.00002665,-0.00287757,0.00005383,-0.00546704,0.00001251,0.31642411,-0.01367475,0.00017193,0.00950195,0.02082554,0.00000000,27.08585380,26.98832239,31.52850086,31.50356590,0.01055668,-0.77086773,1.52116047,0.00000000,-0.77297953,1.50050035,4.38926497,0.00000000
1.15000000,STAND,-0.00002665,-0.00287164,0.00005383,-0.00546224,0.00001251,0.31642472,-0.01367022,0.00017193,0.00949900,0.02082523,0.00000000,27.09257026,26.99504433,31.52075356,31.49580871,0.01055809,-0.77087742,1.52116077,0.00000000,-0.77297953,1.50050035,4.38772545,0.00000000
1.16000000,STAND,-0.00002665,-0.00286579,0.00005382,-0.00545750,0.00001251,0.31642530,-0.01366571,0.00017193,0.00949610,0.02082492,0.00000000,27.09871263,27.00119147,31.51371818,31.48876383,0.01055962,-0.77088654,1.52116112,0.00000000,-0.77297953,1.50050035,4.38631412,0.00000000
1.17000000,STAND,-0.00002665,-0.00286014,0.00005381,-0.00545291,0.00001251,0.31642584,-0.01366134,0.00017193,0.00949331,0.02082463,0.00000000,27.10418998,27.00667279,31.50749379,31.48253050,0.01056127,-0.77089494,1.52116152,0.00000000,-0.77297953,1.50050035,4.38505251,0.00000000
1.18000000,STAND,-0.00002664,-0.00285481,0.00005381,-0.00544857,0.00001251,0.31642633,-0.01365718,0.00017193,0.00949069,0.02082436,0.00000000,27.10893445,27.01142036,31.50215236,31.47718082,0.01056300,-0.77090249,1.52116195,0.00000000,-0.77297953,1.50050035,4.38395681,0.00000000
1.19000000,STAND,-0.00002664,-0.00284990,0.00005380,-0.00544455,0.00001251,0.31642675,-0.01365333,0.00017193,0.00948827,0.02082411,0.00000000,27.11290077,27.01538893,31.49773944,31.47276045,0.01056478,-0.77090910,1.52116240,0.00000000,-0.77297953,1.50050035,4.38303805,0.00000000
1.20000000,STAND,-0.00002664,-0.00284549,0.00005379,-0.00544092,0.00001251,0.31642711,-0.01364983,0.00017193,0.00948611,0.02082389,0.00000000,27.11606541,27.01855496,31.49427542,31.46928988,0.01056658,-0.77091471,1.52116284,0.00000000,-0.77297953,1.50050035,4.38230219,0.00000000
1.21000000,STAND,-0.00002664,-0.00284163,0.00005379,-0.00543774,0.00001251,0.31642740,-0.01364675,0.00017193,0.00948422,0.02082371,0.00000000,27.11842520,27.02091534,31.49175724,31.46676614,0.01056839,-0.77091927,1.52116328,0.00000000,-0.77297953,1.50050035,4.38175054,0.00000000
1.22000000,STAND,-0.00002664,-0.00283838,0.00005378,-0.00543503,0.00001251,0.31642761,-0.01364411,0.00017193,0.00948263,0.02082355,0.00000000,27.11999562,27.02248566,31.49016050,31.46516487,0.01057018,-0.77092277,1.52116369,0.00000000,-0.77297953,1.50050035,4.38138004,0.00000000
1.23000000,STAND,-0.00002664,-0.00283575,0.00005378,-0.00543282,0.00001251,0.31642775,-0.01364194,0.00017193,0.00948135,0.02082344,0.00000000,27.12080892,27.02329823,31.48944185,31.46444276,0.01057191,-0.77092523,1.52116407,0.00000000,-0.77297953,1.50050035,4.38118374,0.00000000
1.24000000,STAND,-0.00002664,-0.00283375,0.00005378,-0.00543111,0.00001251,0.31642781,-0.01364026,0.00017193,0.00948039,0.02082335,0.00000000,27.12091185,27.02339992,31.48954162,31.46454016,0.01057358,-0.77092669,1.52116441,0.00000000,-0.77297953,1.50050035,4.38115133,0.00000000
1.25000000,STAND,-0.00002664,-0.00283238,0.00005377,-0.00542991,0.00001251,0.31642781,-0.01363904,0.00017193,0.00947974,0.02082330,0.00000000,27.12036338,27.02284981,31.49038662,31.46538387,0.01057516,-0.77092721,1.52116470,0.00000000,-0.77297953,1.50050035,4.38126960,0.00000000
1.26000000,STAND,-0.00002664,-0.00283161,0.00005377,-0.00542919,0.00001251,0.31642774,-0.01363829,0.00017193,0.00947938,0.02082327,0.00000000,27.11923228,27.02171680,31.49189296,31.46688996,0.01057664,-0.77092685,1.52116494,0.00000000,-0.77297953,1.50050035,4.38152305,0.00000000
1.27000000,STAND,-0.00002664,-0.00283142,0.00005377,-0.00542894,0.00001251,0.31642762,-0.01363799,0.00017193,0.00947931,0.02082328,0.00000000,27.11759470,27.02007714,31.49396891,31.46896665,0.01057800,-0.77092570,1.52116513,0.00000000,-0.77297953,1.50050035,4.38189442,0.00000000
1.28000000,STAND,-0.00002664,-0.00283175,0.00005377,-0.00542911,0.00001251,0.31642744,-0.01363809,0.00017193,0.00947949,0.02082331,0.00000000,27.11553179,27.01801209,31.49651764,31.47151703,0.01057924,-0.77092386,1.52116527,0.00000000,-0.77297953,1.50050035,4.38236524,0.00000000
1.29000000,STAND,-0.00002664,-0.00283257,0.00005377,-0.00542967,0.00001251,0.31642722,-0.01363857,0.00017193,0.00947991,0.02082337,0.00000000,27.11312743,27.01560561,31.49943992,31.47444180,0.01058034,-0.77092144,1.52116535,0.00000000,-0.77297953,1.50050035,4.38291635,0.00000000
1.30000000,STAND,-0.00002664,-0.00283381,0.00005377,-0.00543058,0.00001251,0.31642696,-0.01363938,0.00017193,0.00948053,0.02082344,0.00000000,27.11046603,27.01294220,31.50263657,31.47764166,0.01058132,-0.77091853,1.52116538,0.00000000,-0.77297953,1.50050035,4.38352841,0.00000000
1.31000000,STAND,-0.00002664,-0.00283540,0.00005377,-0.00543177,0.00001251,0.31642667,-0.01364047,0.00017193,0.00948133,0.02082354,0.00000000,27.10763058,27.01010492,31.50601071,31.48101963,0.01058215,-0.77091527,1.52116535,0.00000000,-0.77297953,1.50050035,4.38418235,0.00000000
1.32000000,STAND,-0.00002664,-0.00283729,0.00005377,-0.00543321,0.00001251,0.31642636,-0.01364180,0.00017193,0.00948227,0.02082364,0.00000000,27.10470089,27.00717362,31.50946982,31.48448304,0.01058286,-0.77091174,1.52116528,0.00000000,-0.77297953,1.50050035,4.38485978,0.00000000
1.33000000,STAND,-0.00002664,-0.00283940,0.00005377,-0.00543483,0.00001251,0.31642604,-0.01364331,0.00017193,0.00948331,0.02082375,0.00000000,27.10175201,27.00422338,31.51292742,31.48794531,0.01058344,-0.77090806,1.52116517,0.00000000,-0.77297953,1.50050035,4.38554338,0.00000000
1.34000000,STAND,-0.00002663,-0.00284167,0.00005377,-0.00543659,0.00001251,0.31642571,-0.01364496,0.00017193,0.00948443,0.02082387,0.00000000,27.09885293,27.00132321,31.51630456,31.49132735,0.01058389,-0.77090432,1.52116502,0.00000000,-0.77297953,1.50050035,4.38621714,0.00000000
1.35000000,STAND,-0.00002663,-0.00284403,0.00005377,-0.00543843,0.00001251,0.31642538,-0.01364669,0.00017193,0.00948560,0.02082400,0.00000000,27.09606553,26.99853502,31.51953096,31.49455875,0.01058423,-0.77090063,1.52116483,0.00000000,-0.77297953,1.50050035,4.38686670,0.00000000
1.36000000,STAND,-0.00002663,-0.00284643,0.00005378,-0.00544030,0.00001251,0.31642506,-0.01364847,0.00017193,0.00948678,0.02082412,0.00000000,27.09344381,26.99591278,31.52254587,31.49757865,0.01058446,-0.77089705,1.52116462,0.00000000,-0.77297953,1.50050035,4.38747945,0.00000000
1.37000000,STAND,-0.00002663,-0.00284881,0.00005378,-0.00544217,0.00001251,0.31642476,-0.01365023,0.00017193,0.00948794,0.02082424,0.00000000,27.09103329,26.99350200,31.52529865,31.50033629,0.01058460,-0.77089367,1.52116439,0.00000000,-0.77297953,1.50050035,4.38804474,0.00000000
1.38000000,STAND,-0.00002663,-0.00285111,0.00005378,-0.00544398,0.00001251,0.31642447,-0.01365196,0.00017193,0.00948906,0.02082435,0.00000000,27.08887071,26.99133941,31.52774900,31.50279127,0.01058466,-0.77089055,1.52116415,0.00000000,-0.77297953,1.50050035,4.38855388,0.00000000
1.39000000,STAND,-0.00002663,-0.00285330,0.00005378,-0.00544570,0.00001251,0.31642421,-0.01365361,0.00017193,0.00949013,0.02082446,0.00000000,27.08698400,26.98945291,31.52986706,31.50491363,0.01058465,-0.77088773,1.52116389,0.00000000,-0.77297953,1.50050035,4.38900025,0.00000000
1.40000000,STAND,-0.00002663,-0.00285532,0.00005378,-0.00544731,0.00001250,0.31642398,-0.01365514,0.00017193,0.00949111,0.02082455,0.00000000,27.08539235,26.98786164,31.53163312,31.50668361,0.01058458,-0.77088526,1.52116364,0.00000000,-0.77297953,1.50050035,4.38937920,0.00000000
1.41000000,STAND,-0.00002663,-0.00285716,0.00005379,-0.00544876,0.00001250,0.31642377,-0.01365655,0.00017193,0.00949200,0.02082464,0.00000000,27.08410656,26.98657638,31.53303726,31.50809120,0.01058447,-0.77088316,1.52116338,0.00000000,-0.77297953,1.50050035,4.38968805,0.00000000
1.42000000,STAND,-0.00002663,-0.00285879,0.00005379,-0.00545005,0.00001250,0.31642359,-0.01365779,0.00017193,0.00949279,0.02082471,0.00000000,27.08312948,26.98559995,31.53407867,31.50913555,0.01058432,-0.77088146,1.52116314,0.00000000,-0.77297953,1.50050035,4.38992593,0.00000000
1.43000000,STAND,-0.00002662,-0.00286018,0.00005379,-0.00545116,0.00001250,0.31642345,-0.01365887,0.00017193,0.00949346,0.02082478,0.00000000,27.08245669,26.98492789,31.53476491,31.50982418,0.01058416,-0.77088016,1.52116290,0.00000000,-0.77297953,1.50050035,4.39009365,0.00000000
1.44000000,STAND,-0.00002662,-0.00286133,0.00005379,-0.00545208,0.00001250,0.31642334,-0.01365977,0.00017193,0.00949401,0.02082482,0.00000000,27.08207719,26.98454917,31.53511099,31.51017211,0.01058398,-0.77087925,1.52116268,0.00000000,-0.77297953,1.50050035,4.39019357,0.00000000
1.45000000,STAND,-0.00002662,-0.00286224,0.00005379,-0.00545281,0.00001250,0.31642325,-0.01366048,0.00017193,0.00949444,0.02082486,0.00000000,27.08197424,26.98444700,31.53513843,31.51020084,0.01058379,-0.77087872,1.52116247,0.00000000,-0.77297953,1.50050035,4.39022939,0.00000000
1.46000000,STAND,-0.00002662,-0.00286290,0.00005379,-0.00545334,0.00001250,0.31642320,-0.01366101,0.00017193,0.00949474,0.02082488,0.00000000,27.08212620,26.98459974,31.53487415,31.50993730,0.01058362,-0.77087856,1.52116229,0.00000000,-0.77297953,1.50050035,4.39020595,0.00000000
1.47000000,STAND,-0.00002662,-0.00286333,0.00005379,-0.00545368,0.00001250,0.31642317,-0.01366137,0.00017193,0.00949493,0.02082489,0.00000000,27.08250752,26.98498181,31.53434943,31.50941280,0.01058346,-0.77087873,1.52116213,0.00000000,-0.77297953,1.50050035,4.39012900,0.00000000
1.48000000,STAND,-0.00002662,-0.00286352,0.00005379,-0.00545384,0.00001250,0.31642317,-0.01366154,0.00017193,0.00949501,0.02082489,0.00000000,27.08308960,26.98556459,31.53359877,31.50866188,0.01058332,-0.77087921,1.52116199,0.00000000,-0.77297953,1.50050035,4.39000504,0.00000000
1.49000000,STAND,-0.00002662,-0.00286351,0.00005379,-0.00545383,0.00001250,0.31642320,-0.01366156,0.00017192,0.00949499,0.02082488,0.00000000,27.08384172,26.98631734,31.53265887,31.50772128,0.01058321,-0.77087995,1.52116187,0.00000000,-0.77297953,1.50050035,4.38984107,0.00000000
1.50000000,STAND,-0.00002662,-0.00286331,0.00005379,-0.00545367,0.00001250,0.31642324,-0.01366143,0.00017192,0.00949487,0.02082487,0.00000000,27.08473194,26.98720814,31.53156757,31.50662889,0.01058312,-0.77088093,1.52116178,0.00000000,-0.77297953,1.50050035,4.38964438,0.00000000
1.51000000,STAND,-0.00002662,-0.00286293,0.00005379,-0.00545338,0.00001250,0.31642330,-0.01366117,0.00017192,0.00949468,0.02082484,-0.00000002,27.08572795,26.98820463,31.53036292,31.50542282,0.01058307,-0.77088209,1.52116171,0.00000000,-0.77297953,1.50050035,4.38942240,0.00000000
1.52000000,STAND,-0.00002662,-0.00286242,0.00005379,-0.00545296,0.00001250,0.31642337,-0.01366079,0.00017192,0.00949441,0.02082480,-0.00000006,27.08679779,26.98927487,31.52908224,31.50414045,0.01058306,-0.77088340,1.52116166,0.00000000,-0.77297953,1.50050035,4.38918246,0.00000000
1.53000000,STAND,-0.00002662,-0.00286178,0.00005379,-0.00545245,0.00001250,0.31642346,-0.01366032,0.00017192,0.00949408,0.02082477,-0.00000010,27.08791058,26.99038799,31.52776137,31.50281768,0.01058307,-0.77088482,1.52116163,0.00000000,-0.77297953,1.50050035,4.38893169,0.00000000
1.54000000,STAND,-0.00002662,-0.00286104,0.00005379,-0.00545186,0.00001250,0.31642355,-0.01365977,0.00017192,0.00949371,0.02082472,-0.00000014,27.08903715,26.99151482,31.52643397,31.50148823,0.01058312,-0.77088630,1.52116163,0.00000000,-0.77297953,1.50050035,4.38867684,0.00000000
1.55000000,STAND,-0.00002662,-0.00286024,0.00005379,-0.00545122,0.00001250,0.31642364,-0.01365917,0.00017192,0.00949331,0.02082468,-0.00000019,27.09015052,26.99262837,31.52513093,31.50018307,0.01058321,-0.77088780,1.52116164,0.00000000,-0.77297953,1.50050035,4.38842415,0.00000000
1.56000000,STAND,-0.00002662,-0.00285940,0.00005379,-0.00545054,0.00001250,0.31642374,-0.01365853,0.00017192,0.00949288,0.02082463,-0.00000023,27.09122636,26.99370434,31.52387993,31.49892991,0.01058332,-0.77088930,1.52116166,0.00000000,-0.77297953,1.50050035,4.38817929,0.00000000
1.57000000,STAND,-0.00002662,-0.00285853,0.00005379,-0.00544984,0.00001250,0.31642384,-0.01365787,0.00017192,0.00949245,0.02082458,-0.00000028,27.09224331,26.99472135,31.52270504,31.49775288,0.01058346,-0.77089075,1.52116169,0.00000000,-0.77297953,1.50050035,4.38794724,0.00000000
1.58000000,STAND,-0.00002662,-0.00285766,0.00005379,-0.00544914,0.00001250,0.31642393,-0.01365720,0.00017192,0.00949202,0.02082454,-0.00000032,27.09318318,26.99566124,31.52162651,31.49667230,0.01058363,-0.77089213,1.52116174,0.00000000,-0.77297953,1.50050035,4.38773227,0.00000000
1.59000000,STAND,-0.00002662,-0.00285682,0.00005379,-0.00544845,0.00001250,0.31642402,-0.01365655,0.00017192,0.00949160,0.02082449,-0.00000037,27.09403113,26.99650917,31.52066066,31.49570451,0.01058381,-0.77089341,1.52116179,0.00000000,-0.77297953,1.50050035,4.38753788,0.00000000
1.60000000,STAND,-0.00002662,-0.00285602,0.00005379,-0.00544780,0.00001250,0.31642410,-0.01365593,0.00017192,0.00949121,0.02082445,-0.00000041,27.09477572,26.99725372,31.51981980,31.49486186,0.01058401,-0.77089458,1.52116185,0.00000000,-0.77297953,1.50050035,4.38736678,0.00000000
1.61000000,STAND,-0.00002662,-0.00285527,0.00005379,-0.00544719,0.00001250,0.31642417,-0.01365534,0.00017192,0.00949084,0.02082442,-0.00000045,27.09540884,26.99788677,31.51911232,31.49415278,0.01058423,-0.77089562,1.52116192,0.00000000,-0.77297953,1.50050035,4.38722094,0.00000000
1.62000000,STAND,-0.00002662,-0.00285459,0.00005379,-0.00544663,0.00001250,0.31642423,-0.01365481,0.00017192,0.00949050,0.02082438,-0.00000048,27.09592565,26.99840350,31.51854285,31.49358191,0.01058445,-0.77089651,1.52116198,0.00000000,-0.77297953,1.50050035,4.38710155,0.00000000
1.63000000,STAND,-0.00002662,-0.00285399,0.00005379,-0.00544613,0.00001250,0.31642428,-0.01365433,0.00017192,0.00949021,0.02082435,-0.00000051,27.09632437,26.99880213,31.51811245,31.49315034,0.01058467,-0.77089725,1.52116204,0.00000000,-0.77297953,1.50050035,4.38700911,0.00000000
1.64000000,STAND,-0.00002662,-0.00285347,0.00005379,-0.00544571,0.00001250,0.31642432,-0.01365391,0.00017192,0.00948995,0.02082433,-0.00000054,27.09660609,26.99908377,31.51781892,31.49285585,0.01058490,-0.77089784,1.52116210,0.00000000,-0.77297953,1.50050035,4.38694345,0.00000000
1.65000000,STAND,-0.00002662,-0.00285304,0.00005378,-0.00544535,0.00001250,0.31642435,-0.01365356,0.00017192,0.00948974,0.02082431,-0.00000055,27.09677448,26.99925207,31.51765712,31.49269333,0.01058512,-0.77089827,1.52116216,0.00000000,-0.77297953,1.50050035,4.38690381,0.00000000
1.66000000,STAND,-0.00002662,-0.00285271,0.00005378,-0.00544507,0.00001250,0.31642437,-0.01365328,0.00017192,0.00948958,0.02082429,-0.00000057,27.09683548,26.99931299,31.51761934,31.49265506,0.01058534,-0.77089855,1.52116221,0.00000000,-0.77297953,1.50050035,4.38688888,0.00000000
1.67000000,STAND,-0.00002662,-0.00285247,0.00005378,-0.00544486,0.00001250,0.31642438,-0.01365308,0.00017193,0.00948946,0.02082428,-0.00000058,27.09679697,26.99927441,31.51769570,31.49273115,0.01058554,-0.77089869,1.52116225,0.00000000,-0.77297953,1.50050035,4.38689692,0.00000000
1.68000000,STAND,-0.00002662,-0.00285231,0.00005378,-0.00544472,0.00001250,0.31642437,-0.01365294,0.00017193,0.00948939,0.02082428,-0.00000058,27.09666843,26.99914581,31.51787459,31.49290996,0.01058574,-0.77089870,1.52116229,0.00000000,-0.77297953,1.50050035,4.38692579,0.00000000
1.69000000,STAND,-0.00002662,-0.00285225,0.00005378,-0.00544465,0.00001250,0.31642436,-0.01365286,0.00017193,0.00948936,0.02082428,-0.00000059,27.09646057,26.99893790,31.51814303,31.49317852,0.01058592,-0.77089858,1.52116232,0.00000000,-0.77297953,1.50050035,4.38697309,0.00000000
1.70000000,STAND,-0.00002662,-0.00285226,0.00005378,-0.00544465,0.00001250,0.31642434,-0.01365285,0.00017193,0.00948937,0.02082428,-0.00000058,27.09618500,26.99866230,31.51848713,31.49352291,0.01058608,-0.77089836,1.52116234,0.00000000,-0.77297953,1.50050035,4.38703616,0.00000000
1.71000000,STAND,-0.00002662,-0.00285235,0.00005378,-0.00544471,0.00001250,0.31642432,-0.01365290,0.00017193,0.00948942,0.02082429,-0.00000058,27.09585386,26.99833113,31.51889248,31.49392870,0.01058622,-0.77089804,1.52116236,0.00000000,-0.77297953,1.50050035,4.38711225,0.00000000
1.72000000,STAND,-0.00002662,-0.00285251,0.00005378,-0.00544482,0.00001250,0.31642428,-0.01365299,0.00017193,0.00948950,0.02082430,-0.00000057,27.09547952,26.99795678,31.51934452,31.49438129,0.01058635,-0.77089765,1.52116236,0.00000000,-0.77297953,1.50050035,4.38719852,0.00000000
1.73000000,STAND,-0.00002662,-0.00285272,0.00005378,-0.00544498,0.00001250,0.31642424,-0.01365314,0.00017193,0.00948960,0.02082431,-0.00000055,27.09507426,26.99755153,31.51982886,31.49486628,0.01058646,-0.77089720,1.52116236,0.00000000,-0.77297953,1.50050035,4.38729216,0.00000000
1.74000000,STAND,-0.00002662,-0.00285298,0.00005378,-0.00544517,0.00001250,0.31642420,-0.01365332,0.00017193,0.00948973,0.02082432,-0.00000054,27.09465002,26.99712729,31.52033163,31.49536978,0.01058655,-0.77089670,1.52116235,0.00000000,-0.77297953,1.50050035,4.38739042,0.00000000
1.75000000,STAND,-0.00002662,-0.00285327,0.00005378,-0.00544540,0.00001250,0.31642416,-0.01365353,0.00017193,0.00948987,0.02082434,-0.00000052,27.09421812,26.99669541,31.52083976,31.49587868,0.01058662,-0.77089617,1.52116234,0.00000000,-0.77297953,1.50050035,4.38749070,0.00000000
1.76000000,STAND,-0.00002662,-0.00285360,0.00005378,-0.00544565,0.00001250,0.31642411,-0.01365376,0.00017192,0.00949003,0.02082436,-0.00000051,27.09378908,26.99626641,31.52134114,31.49638087,0.01058668,-0.77089563,1.52116232,0.00000000,-0.77297953,1.50050035,4.38759055,0.00000000
1.77000000,STAND,-0.00002662,-0.00285394,0.00005378,-0.00544591,0.00001250,0.31642407,-0.01365401,0.00017192,0.00949020,0.02082438,-0.00000049,27.09337247,26.99584983,31.52182492,31.49686544,0.01058672,-0.77089508,1.52116229,0.00000000,-0.77297953,1.50050035,4.38768776,0.00000000
1.78000000,STAND,-0.00002662,-0.00285429,0.00005378,-0.00544619,0.00001250,0.31642402,-0.01365427,0.00017192,0.00949037,0.02082439,-0.00000047,27.09297672,26.99545412,31.52228154,31.49732286,0.01058674,-0.77089455,1.52116226,0.00000000,-0.77297953,1.50050035,4.38778037,0.00000000
1.79000000,STAND,-0.00002662,-0.00285464,0.00005378,-0.00544646,0.00001250,0.31642398,-0.01365453,0.00017192,0.00949054,0.02082441,-0.00000045,27.09260906,26.99508650,31.52270293,31.49774499,0.01058675,-0.77089405,1.52116223,0.00000000,-0.77297953,1.50050035,4.38786668,0.00000000
1.80000000,STAND,-0.00002662,-0.00285498,0.00005378,-0.00544673,0.00001250,0.31642394,-0.01365478,0.00017192,0.00949071,0.02082443,-0.00000044,27.09227545,26.99475294,31.52308249,31.49812526,0.01058675,-0.77089357,1.52116219,0.00000000,-0.77297953,1.50050035,4.38794530,0.00000000
1.81000000,STAND,-0.00002662,-0.00285531,0.00005378,-0.00544699,0.00001250,0.31642390,-0.01365503,0.00017192,0.00949087,0.02082444,-0.00000042,27.09198058,26.99445812,31.52341516,31.49845858,0.01058674,-0.77089314,1.52116215,0.00000000,-0.77297953,1.50050035,4.38801512,0.00000000
1.82000000,STAND,-0.00002661,-0.00285562,0.00005378,-0.00544723,0.00001250,0.31642386,-0.01365526,0.00017192,0.00949102,0.02082446,-0.00000040,27.09172781,26.99420540,31.52369741,31.49874140,0.01058672,-0.77089276,1.52116212,0.00000000,-0.77297953,1.50050035,4.38807533,0.00000000
1.83000000,STAND,-0.00002661,-0.00285590,0.00005379,-0.00544746,0.00001250,0.31642383,-0.01365548,0.00017192,0.00949116,0.02082447,-0.00000039,27.09151928,26.99399692,31.52392713,31.49897161,0.01058669,-0.77089243,1.52116208,0.00000000,-0.77297953,1.50050035,4.38812541,0.00000000
1.84000000,STAND,-0.00002661,-0.00285615,0.00005379,-0.00544766,0.00001250,0.31642381,-0.01365567,0.00017192,0.00949128,0.02082448,-0.00000038,27.09135592,26.99383362,31.52410362,31.49914852,0.01058666,-0.77089215,1.52116204,0.00000000,-0.77297953,1.50050035,4.38816511,0.00000000
1.85000000,STAND,-0.00002661,-0.00285637,0.00005379,-0.00544783,0.00001250,0.31642378,-0.01365584,0.00017192,0.00949139,0.02082449,-0.00000037,27.09123754,26.99371529,31.52422746,31.49927268,0.01058662,-0.77089194,1.52116200,0.00000000,-0.77297953,1.50050035,4.38819444,0.00000000
1.86000000,STAND,-0.00002661,-0.00285656,0.00005379,-0.00544798,0.00001250,0.31642377,-0.01365599,0.00017192,0.00949147,0.02082450,-0.00000036,27.09116296,26.99364077,31.52430036,31.49934582,0.01058658,-0.77089178,1.52116197,0.00000000,-0.77297953,1.50050035,4.38821366,0.00000000
1.87000000,STAND,-0.00002661,-0.00285671,0.00005379,-0.00544810,0.00001250,0.31642375,-0.01365610,0.00017192,0.00949154,0.02082451,-0.00000036,27.09113008,26.99360794,31.52432507,31.49937068,0.01058655,-0.77089168,1.52116194,0.00000000,-0.77297953,1.50050035,4.38822322,0.00000000
1.88000000,STAND,-0.00002661,-0.00285682,0.00005379,-0.00544819,0.00001250,0.31642374,-0.01365619,0.00017192,0.00949160,0.02082451,-0.00000035,27.09113603,26.99361396,31.52430519,31.49935087,0.01058651,-0.77089163,1.52116191,0.00000000,-0.77297953,1.50050035,4.38822375,0.00000000
1.89000000,STAND,-0.00002661,-0.00285690,0.00005379,-0.00544825,0.00001250,0.31642374,-0.01365626,0.00017192,0.00949163,0.02082451,-0.00000035,27.09117733,26.99365531,31.52424503,31.49929070,0.01058648,-0.77089164,1.52116188,0.00000000,-0.77297953,1.50050035,4.38821604,0.00000000
1.90000000,STAND,-0.00002661,-0.00285694,0.00005379,-0.00544829,0.00001250,0.31642374,-0.01365629,0.00017192,0.00949165,0.02082451,-0.00000035,27.09124996,26.99372799,31.52414945,31.49919505,0.01058645,-0.77089169,1.52116186,0.00000000,-0.77297953,1.50050035,4.38820101,0.00000000
1.91000000,STAND,-0.00002661,-0.00285695,0.00005379,-0.00544830,0.00001250,0.31642374,-0.01365631,0.00017192,0.00949165,0.02082451,-0.00000035,27.09134954,26.99382762,31.52402370,31.49906917,0.01058642,-0.77089178,1.52116184,0.00000000,-0.77297953,1.50050035,4.38817964,0.00000000
1.92000000,STAND,-0.00002661,-0.00285694,0.00005379,-0.00544828,0.00001250,0.31642375,-0.01365630,0.00017192,0.00949164,0.02082451,-0.00000035,27.09147146,26.99394959,31.52387327,31.49891855,0.01058640,-0.77089191,1.52116183,0.00000000,-0.77297953,1.50050035,4.38815299,0.00000000
1.93000000,STAND,-0.00002661,-0.00285689,0.00005379,-0.00544825,0.00001250,0.31642376,-0.01365627,0.00017192,0.00949162,0.02082451,-0.00000035,27.09161099,26.99408918,31.52370372,31.49874877,0.01058638,-0.77089207,1.52116181,0.00000000,-0.77297953,1.50050035,4.38812214,0.00000000
1.94000000,STAND,-0.00002661,-0.00285683,0.00005379,-0.00544819,0.00001250,0.31642377,-0.01365622,0.00017192,0.00949158,0.02082450,-0.00000036,27.09176343,26.99424166,31.52352060,31.49856538,0.01058637,-0.77089226,1.52116180,0.00000000,-0.77297953,1.50050035,4.38808817,0.00000000
1.95000000,STAND,-0.00002661,-0.00285674,0.00005379,-0.00544813,0.00001250,0.31642378,-0.01365616,0.00017192,0.00949154,0.02082450,-0.00000036,27.09192416,26.99440243,31.52332925,31.49837373,0.01058636,-0.77089246,1.52116180,0.00000000,-0.77297953,1.50050035,4.38805215,0.00000000
1.96000000,STAND,-0.00002661,-0.00285664,0.00005379,-0.00544804,0.00001250,0.31642379,-0.01365608,0.00017192,0.00949149,0.02082449,-0.00000037,27.09208878,26.99456711,31.52313477,31.49817893,0.01058636,-0.77089267,1.52116180,0.00000000,-0.77297953,1.50050035,4.38801509,0.00000000
1.97000000,STAND,-0.00002661,-0.00285653,0.00005379,-0.00544795,0.00001250,0.31642381,-0.01365600,0.00017192,0.00949143,0.02082449,-0.00000038,27.09225320,26.99473157,31.52294186,31.49798570,0.01058636,-0.77089289,1.52116180,0.00000000,-0.77297953,1.50050035,4.38797794,0.00000000
1.98000000,STAND,-0.00002661,-0.00285640,0.00005379,-0.00544786,0.00001250,0.31642382,-0.01365590,0.00017192,0.00949137,0.02082448,-0.00000038,27.09241367,26.99489208,31.52275481,31.49779833,0.01058637,-0.77089312,1.52116180,0.00000000,-0.77297953,1.50050035,4.38794156,0.00000000
1.99000000,STAND,-0.00002661,-0.00285628,0.00005379,-0.00544775,0.00001250,0.31642384,-0.01365581,0.00017192,0.00949131,0.02082447,-0.00000039,27.09256686,26.99504530,31.52257738,31.49762058,0.01058639,-0.77089333,1.52116180,0.00000000,-0.77297953,1.50050035,4.38790675,0.00000000
2.00000000,STAND,-0.00002661,-0.00285615,0.00005379,-0.00544765,0.00001250,0.31642385,-0.01365571,0.00017192,0.00949124,0.02082447,-0.00000040,27.09270990,26.99518837,31.52241279,31.49745568,0.01058640,-0.77089354,1.52116181,0.00000000,-0.77297953,1.50050035,4.38787416,0.00000000
2.01000000,SHIFT_WEIGHT,-0.00002241,-0.00250004,0.00005410,-0.00544279,0.00001226,0.31641927,-0.01365260,0.00017175,0.00949261,0.02084673,0.00002187,25.76218801,25.63309639,32.21887938,32.16469898,0.01055699,-0.77096544,1.52183918,0.00000019,-0.77442230,1.50325963,4.54789745,0.00000001
2.02000000,SHIFT_WEIGHT,-0.00001924,-0.00208024,0.00005469,-0.00541987,0.00001171,0.31640428,-0.01363401,0.00017126,0.00947646,0.02086106,0.00003619,26.81315821,26.70112227,31.80272401,31.76664493,0.01052930,-0.77108855,1.52257516,0.00000183,-0.77417455,1.50278904,4.49974849,0.00000000
2.03000000,SHIFT_WEIGHT,-0.00001664,-0.00182585,0.00005526,-0.00538157,0.00001109,0.31638928,-0.01360033,0.00017067,0.00944749,0.02085530,0.00003044,27.14407448,27.05026783,31.82582099,31.80784467,0.01051966,-0.77121903,1.52296246,0.00000646,-0.77401484,1.50249250,4.48317254,0.00000000
2.04000000,SHIFT_WEIGHT,-0.00001357,-0.00169420,0.00005549,-0.00533329,0.00001057,0.31638070,-0.01355629,0.00017015,0.00941345,0.02084367,0.00001881,27.23599481,27.16703190,31.82648890,31.83181658,0.01052109,-0.77135365,1.52311151,0.00001561,-0.77392059,1.50232976,4.46244644,0.00000000
2.05000000,SHIFT_WEIGHT,-0.00000954,-0.00162673,0.00005508,-0.00527937,0.00001036,0.31638041,-0.01350610,0.00016991,0.00937795,0.02083331,0.00000845,27.23880686,27.20243572,31.74601092,31.78074931,0.01052933,-0.77148310,1.52313033,0.00003072,-0.77385595,1.50223506,4.43854520,0.00000000
2.06000000,SHIFT_WEIGHT,-0.00000433,-0.00158434,0.00005379,-0.00522287,0.00001075,0.31638750,-0.01345286,0.00017018,0.00934270,0.02082596,0.00000110,27.21949180,27.22353214,31.60335324,31.67360506,0.01054299,-0.77159839,1.52308462,0.00005322,-0.77379553,1.50216253,4.41181849,0.00000000
2.07000000,SHIFT_WEIGHT,0.00000216,-0.00154754,0.00005143,-0.00516603,0.00001208,0.31639980,-0.01339887,0.00017130,0.00930886,0.02082109,-0.00000378,27.20691574,27.25856760,31.43192000,31.54324747,0.01056240,-0.77169436,1.52300897,0.00008447,-0.77372538,1.50208816,4.38465205,0.00000000
2.08000000,SHIFT_WEIGHT,0.00000987,-0.00150919,0.00004790,-0.00511066,0.00001474,0.31641494,-0.01334593,0.00017363,0.00927748,0.02081762,-0.00000724,27.21078564,27.31608619,31.25806486,31.41508670,0.01058882,-0.77176871,1.52292031,0.00012580,-0.77363908,1.50200215,4.35913469,0.00000000
2.09000000,SHIFT_WEIGHT,0.00001869,-0.00146818,0.00004319,-0.00505836,0.00001918,0.31643090,-0.01329565,0.00017758,0.00924967,0.02081464,-0.00001023,27.23145255,27.39487872,31.09708942,31.30320163,0.01062399,-0.77182015,1.52282646,0.00017848,-0.77353395,1.50190186,4.33647196,0.00000000
2.10000000,SHIFT_WEIGHT,0.00002841,-0.00142566,0.00003736,-0.00501068,0.00002590,0.31644626,-0.01324950,0.00018362,0.00922667,0.02081156,-0.00001331,27.26488468,27.48910959,30.95567421,31.21289536,0.01066972,-0.77184714,1.52273059,0.00024374,-0.77340889,1.50178750,4.31717060,0.00000000
2.11000000,SHIFT_WEIGHT,0.00003878,-0.00138334,0.00003056,-0.00496910,0.00003541,0.31646018,-0.01320893,0.00019223,0.00920969,0.02080812,-0.00001674,27.30530224,27.59110103,30.83540261,31.14433354,0.01072776,-0.77184751,1.52263322,0.00032278,-0.77326321,1.50166007,4.30129681,0.00000000
2.12000000,SHIFT_WEIGHT,0.00004953,-0.00134279,0.00002303,-0.00493501,0.00004825,0.31647232,-0.01317525,0.00020390,0.00919993,0.02080431,-0.00002056,27.34674890,27.69303741,30.73546660,31.09534576,0.01079970,-0.77181860,1.52253330,0.00041673,-0.77309631,1.50152054,4.28868771,0.00000000
2.13000000,SHIFT_WEIGHT,0.00006038,-0.00130535,0.00001503,-0.00490964,0.00006494,0.31648268,-0.01314966,0.00021913,0.00919850,0.02080025,-0.00002461,27.38408911,27.78807104,30.65426942,31.06310110,0.01088692,-0.77175760,1.52242883,0.00052669,-0.77290746,1.50136965,4.27908921,0.00000000
2.14000000,SHIFT_WEIGHT,0.00007107,-0.00127203,0.00000687,-0.00489406,0.00008601,0.31649144,-0.01313319,0.00023843,0.00920636,0.02079616,-0.00002870,27.41357142,27.87096624,30.59019207,31.04492397,0.01099065,-0.77166185,1.52231741,0.00065372,-0.77269584,1.50120785,4.27223104,0.00000000
2.15000000,SHIFT_WEIGHT,0.00008136,-0.00124355,-0.00000113,-0.00488915,0.00011197,0.31649889,-0.01312668,0.00026227,0.00922437,0.02079225,-0.00003261,27.43301670,27.93833967,30.54185698,31.03858546,0.01111192,-0.77152912,1.52219661,0.00079883,-0.77246051,1.50103525,4.26785862,0.00000000
2.16000000,SHIFT_WEIGHT,0.00009106,-0.00122035,-0.00000865,-0.00489558,0.00014328,0.31650533,-0.01313080,0.00029109,0.00925319,0.02078871,-0.00003615,27.44171052,27.98857811,30.50813670,31.04232062,0.01125165,-0.77135768,1.52206425,0.00096299,-0.77220040,1.50085166,4.26573919,0.00000000
2.17000000,SHIFT_WEIGHT,0.00010001,-0.00120259,-0.00001540,-0.00491381,0.00018041,0.31651101,-0.01314600,0.00032532,0.00929337,0.02078570,-0.00003916,27.44010692,28.02154370,30.48805902,31.05472688,0.01141067,-0.77114636,1.52191851,0.00114712,-0.77191431,1.50065656,4.26565530,0.00000000
2.18000000,SHIFT_WEIGHT,0.00010809,-0.00119019,-0.00002112,-0.00494410,0.00022375,0.31651614,-0.01317255,0.00036536,0.00934529,0.02078331,-0.00004155,27.42945381,28.03818110,30.48069118,31.07462967,0.01158973,-0.77089446,1.52175791,0.00135211,-0.77160096,1.50044919,4.26739423,0.00000000
2.19000000,SHIFT_WEIGHT,0.00011524,-0.00118290,-0.00002559,-0.00498656,0.00027368,0.31652088,-0.01321058,0.00041155,0.00940920,0.02078158,-0.00004328,27.41142890,28.04012016,30.48504440,31.10096052,0.01178953,-0.77060169,1.52158128,0.00157881,-0.77125897,1.50022852,4.27073848,0.00000000
2.20000000,SHIFT_WEIGHT,0.00012143,-0.00118032,-0.00002865,-0.00504112,0.00033054,0.31652535,-0.01326004,0.00046423,0.00948525,0.02078051,-0.00004435,27.38784239,28.02933477,30.50001599,31.13266778,0.01201073,-0.77026809,1.52138760,0.00182802,-0.77088695,1.49999339,4.27545989,0.00000000
2.21000000,SHIFT_WEIGHT,0.00012666,-0.00118194,-0.00003019,-0.00510761,0.00039465,0.31652966,-0.01332079,0.00052369,0.00957349,0.02078006,-0.00004481,27.36042989,28.00788636,30.52437193,31.16866622,0.01225399,-0.76989386,1.52117599,0.00210051,-0.77048345,1.49974250,4.28131819,0.00000000
2.22000000,SHIFT_WEIGHT,0.00013095,-0.00118723,-0.00003014,-0.00518575,0.00046626,0.31653390,-0.01339256,0.00059018,0.00967388,0.02078016,-0.00004470,27.33073415,27.97775453,30.55676463,31.20782225,0.01251991,-0.76947938,1.52094557,0.00239699,-0.77004705,1.49947450,4.28806352,0.00000000
2.23000000,SHIFT_WEIGHT,0.00013436,-0.00119560,-0.00002848,-0.00527519,0.00054564,0.31653816,-0.01347503,0.00066395,0.00978635,0.02078076,-0.00004411,27.30005899,27.94074181,30.59577602,31.24896708,0.01280909,-0.76902502,1.52069540,0.00271815,-0.76957635,1.49918800,4.29544193,0.00000001
2.24000000,SHIFT_WEIGHT,0.00013695,-0.00120651,-0.00002522,-0.00537553,0.00063299,0.31654256,-0.01356784,0.00074521,0.00991076,0.02078177,-0.00004309,27.26947252,27.89843248,30.63997488,31.29092780,0.01312211,-0.76853118,1.52042453,0.00306463,-0.76907000,1.49888164,4.30320254,0.00000001
2.25000000,SHIFT_WEIGHT,0.00013877,-0.00121942,-0.00002042,-0.00548636,0.00072853,0.31654719,-0.01367058,0.00083414,0.01004698,0.02078312,-0.00004174,27.23983735,27.85218510,30.68797788,31.33256694,0.01345955,-0.76799820,1.52013194,0.00343704,-0.76852672,1.49855409,4.31110520,0.00000001
2.26000000,SHIFT_WEIGHT,0.00013989,-0.00123380,-0.00001413,-0.00560726,0.00083243,0.31655217,-0.01378286,0.00093094,0.01019485,0.02078475,-0.00004011,27.21184988,27.80314216,30.73850635,31.37282262,0.01382194,-0.76742634,1.51981656,0.00383594,-0.76794528,1.49820407,4.31892758,0.00000001
2.27000000,SHIFT_WEIGHT,0.00014038,-0.00124921,-0.00000642,-0.00573780,0.00094488,0.31655760,-0.01390428,0.00103576,0.01035423,0.02078660,-0.00003827,27.18607669,27.75224513,30.79043294,31.41074371,0.01420985,-0.76681578,1.51947732,0.00426186,-0.76732454,1.49783039,4.32647127,0.00000001
2.28000000,SHIFT_WEIGHT,0.00014029,-0.00126524,0.00000263,-0.00587763,0.00106603,0.31656361,-0.01403447,0.00114876,0.01052499,0.02078860,-0.00003626,27.16298154,27.70024872,30.84281556,31.44551703,0.01462380,-0.76616656,1.51911315,0.00471529,-0.76666344,1.49743191,4.33356629,0.00000001
2.29000000,SHIFT_WEIGHT,0.00013964,-0.00128151,0.00001296,-0.00602641,0.00119605,0.31657028,-0.01417312,0.00127009,0.01070702,0.02079072,-0.00003414,27.14294153,27.64773182,30.89491775,31.47648521,0.01506433,-0.76547864,1.51872301,0.00519668,-0.76596099,1.49700762,4.34007410,0.00000001
2.30000000,SHIFT_WEIGHT,0.00013848,-0.00129774,0.00002452,-0.00618386,0.00133507,0.31657770,-0.01431995,0.00139989,0.01090026,0.02079292,-0.00003194,27.12625342,27.59510552,30.94621647,31.50315570,0.01553195,-0.76475184,1.51830590,0.00570645,-0.76521632,1.49655656,4.34588908,0.00000001
2.31000000,SHIFT_WEIGHT,0.00013682,-0.00131368,0.00003726,-0.00634976,0.00148325,0.31658595,-0.01447474,0.00153830,0.01110465,0.02079517,-0.00002970,27.11313334,27.54261998,30.99639917,31.52520187,0.01602717,-0.76398586,1.51786090,0.00624497,-0.76442860,1.49607790,4.35093871,0.00000001
2.32000000,SHIFT_WEIGHT,0.00013466,-0.00132916,0.00005115,-0.00652396,0.00164071,0.31659508,-0.01463734,0.00168543,0.01132022,0.02079744,-0.00002742,27.10371305,27.49037197,31.04535224,31.54245777,0.01655049,-0.76318029,1.51738712,0.00681259,-0.76359714,1.49557088,4.35518264,0.00000001
2.33000000,SHIFT_WEIGHT,0.00013199,-0.00134407,0.00006620,-0.00670637,0.00180760,0.31660513,-0.01480764,0.00184143,0.01154698,0.02079973,-0.00002513,27.09803585,27.43831479,31.09314332,31.55490804,0.01710237,-0.76233463,1.51688379,0.00740962,-0.76272130,1.49503486,4.35861084,0.00000001
2.34000000,SHIFT_WEIGHT,0.00012879,-0.00135834,0.00008242,-0.00689698,0.00198403,0.31661612,-0.01498563,0.00200641,0.01178503,0.02080202,-0.00002284,27.09605439,27.38627148,31.13999917,31.56267426,0.01768326,-0.76144827,1.51635017,0.00803632,-0.76180053,1.49446928,4.36124108,0.00000001
2.35000000,SHIFT_WEIGHT,0.00012505,-0.00137200,0.00009981,-0.00709584,0.00217014,0.31662807,-0.01517134,0.00218048,0.01203446,0.02080432,-0.00002055,27.09763172,27.33395141,31.18628123,31.56599882,0.01829356,-0.76052052,1.51578562,0.00869295,-0.76083437,1.49387367,4.36311587,0.00000001
2.36000000,SHIFT_WEIGHT,0.00012073,-0.00138508,0.00011843,-0.00730305,0.00236603,0.31664096,-0.01536485,0.00236375,0.01229544,0.02080662,-0.00001824,27.10254601,27.28096975,31.23245977,31.56522719,0.01893366,-0.75955064,1.51518957,0.00937969,-0.75982243,1.49324761,4.36429904,0.00000001
2.37000000,SHIFT_WEIGHT,0.00011580,-0.00139771,0.00013830,-0.00751876,0.00257181,0.31665478,-0.01556630,0.00255633,0.01256811,0.02080894,-0.00001593,27.11049897,27.22686898,31.27908805,31.56078914,0.01960388,-0.75853783,1.51456149,0.01009673,-0.75876439,1.49259080,4.36487199,0.00000001
2.38000000,SHIFT_WEIGHT,0.00011023,-0.00141002,0.00015949,-0.00774320,0.00278758,0.31666949,-0.01577589,0.00275829,0.01285269,0.02081128,-0.00001358,27.12112730,27.17114118,31.32677705,31.55317947,0.02030449,-0.75748126,1.51390095,0.01084420,-0.75766000,1.49190295,4.36492989,0.00000001
2.39000000,SHIFT_WEIGHT,0.00010399,-0.00142219,0.00018203,-0.00797659,0.00301343,0.31668507,-0.01599384,0.00296973,0.01314936,0.02081368,-0.00001118,27.13401636,27.11325011,31.37617153,31.54293870,0.02103574,-0.75638010,1.51320755,0.01162221,-0.75650906,1.49118386,4.36457775,0.00000001
2.40000000,SHIFT_WEIGHT,0.00009705,-0.00143443,0.00020597,-0.00821922,0.00324942,0.31670147,-0.01622040,0.00319072,0.01345835,0.02081614,-0.00000872,27.14871524,27.05265200,31.42792777,31.53063403,0.02179780,-0.75523351,1.51248096,0.01243084,-0.75531143,1.49043334,4.36392655,0.00000001
2.41000000,SHIFT_WEIGHT,0.00008938,-0.00144695,0.00023136,-0.00847137,0.00349564,0.31671864,-0.01645584,0.00342132,0.01377988,0.02081869,-0.00000618,27.16475236,26.98881433,31.48269348,31.51684110,0.02259080,-0.75404069,1.51172089,0.01327013,-0.75406703,1.48965125,4.37113561,0.00000001
2.42000000,SHIFT_WEIGHT,0.00008096,-0.00146000,0.00025824,-0.00873336,0.00375212,0.31673653,-0.01670044,0.00366157,0.01411416,0.02082135,-0.00000352,27.18165084,26.92123204,31.54109000,31.50212683,0.02341479,-0.75280088,1.51092709,0.01414010,-0.75277579,1.48883747,4.38143219,0.00000002
2.43000000,SHIFT_WEIGHT,0.00007177,-0.00147381,0.00028663,-0.00900547,0.00401891,0.31675509,-0.01695448,0.00391152,0.01446140,0.02082414,-0.00000073,27.19894301,26.84944092,31.60369717,31.48703376,0.02426979,-0.75151336,1.51009933,0.01504072,-0.75143772,1.48799188,4.39250069,0.00000002
2.44000000,SHIFT_WEIGHT,0.00006179,-0.00148860,0.00031658,-0.00928800,0.00429604,0.31677426,-0.01721826,0.00417120,0.01482179,0.02082708,0.00000222,27.21618361,26.77302804,31.67104079,31.47206621,0.02515577,-0.75017752,1.50923743,0.01597196,-0.75005283,1.48711438,4.40444990,0.00000002
2.45000000,SHIFT_WEIGHT,0.00005102,-0.00150460,0.00034809,-0.00958123,0.00458354,0.31679399,-0.01749202,0.00444063,0.01519550,0.02083020,0.00000534,27.23296125,26.69163939,31.74358294,31.45767855,0.02607264,-0.74879279,1.50834122,0.01693375,-0.74862118,1.48620487,4.41737700,0.00000002
2.46000000,SHIFT_WEIGHT,0.00003945,-0.00152201,0.00038117,-0.00988543,0.00488140,0.31681424,-0.01777602,0.00471980,0.01558270,0.02083351,0.00000865,27.24890795,26.60498476,31.82171492,31.44426581,0.02702025,-0.74735872,1.50741053,0.01792598,-0.74714285,1.48526322,4.43136602,0.00000002
2.47000000,SHIFT_WEIGHT,0.00002707,-0.00154102,0.00041585,-0.01020081,0.00518963,0.31683494,-0.01807046,0.00500871,0.01598350,0.02083703,0.00001216,27.26370646,26.51284025,31.90575287,31.43215673,0.02799844,-0.74587494,1.50644521,0.01894851,-0.74561794,1.48428933,4.44648670,0.00000002
2.48000000,SHIFT_WEIGHT,0.00001387,-0.00156179,0.00045211,-0.01052757,0.00550820,0.31685607,-0.01837555,0.00530736,0.01639800,0.02084077,0.00001590,27.27709554,26.41504865,31.99593586,31.42160933,0.02900699,-0.74434119,1.50544512,0.02000120,-0.74404658,1.48328307,4.46279397,0.00000002
2.49000000,SHIFT_WEIGHT,-0.00000014,-0.00158445,0.00048996,-0.01086588,0.00583709,0.31687759,-0.01869142,0.00561572,0.01682629,0.02084474,0.00001987,27.28887291,26.31151791,32.09242626,31.41280890,0.03004566,-0.74275732,1.50441010,0.02108386,-0.74242891,1.48224427,4.48032778,0.00000002
2.50000000,SHIFT_WEIGHT,-0.00001497,-0.00160912,0.00052939,-0.01121584,0.00617627,0.31689946,-0.01901819,0.00593375,0.01726838,0.02084895,0.00002409,27.29889619,26.20221815,32.19531209,31.40586837,0.03111415,-0.74112328,1.50334000,0.02219628,-0.74076510,1.48117280,4.49911341,0.00000002
2.51000000,SHIFT_WEIGHT,-0.00003062,-0.00163588,0.00057040,-0.01157753,0.00652570,0.31692165,-0.01935595,0.00626140,0.01772430,0.02085341,0.00002854,27.30708175,26.08717735,32.30461119,31.40083082,0.03221217,-0.73943912,1.50223465,0.02333822,-0.73905534,1.48006846,4.51916215,0.00000002
2.52000000,SHIFT_WEIGHT,-0.00004709,-0.00166478,0.00061299,-0.01195099,0.00688532,0.31694414,-0.01970472,0.00659864,0.01819401,0.02085811,0.00003325,27.31340194,25.96647604,32.42027680,31.39767386,0.03333938,-0.73770500,1.50109387,0.02450942,-0.73729984,1.47893108,4.54047221,0.00000002
2.53000000,SHIFT_WEIGHT,-0.00006439,-0.00169586,0.00065714,-0.01233621,0.00725506,0.31696692,-0.02006451,0.00694541,0.01867747,0.02086306,0.00003820,27.31788063,25.84024131,32.54220426,31.39631560,0.03449542,-0.73592115,1.49991749,0.02570960,-0.73549881,1.47776045,4.56303004,0.00000002
2.54000000,SHIFT_WEIGHT,-0.00008251,-0.00172912,0.00070286,-0.01273316,0.00763487,0.31698997,-0.02043527,0.00730163,0.01917459,0.02086826,0.00004340,27.32058755,25.70864022,32.67023868,31.39662201,0.03567994,-0.73408792,1.49870531,0.02693844,-0.73365251,1.47655637,4.58681166,0.00000002
2.55000000,SHIFT_WEIGHT,-0.00010147,-0.00176454,0.00075014,-0.01314175,0.00802466,0.31701329,-0.02081693,0.00766723,0.01968527,0.02087371,0.00004884,27.32163166,25.57187296,32.80418304,31.39841504,0.03689253,-0.73220570,1.49745714,0.02819561,-0.73176121,1.47531862,4.61178429,0.00000002
2.56000000,SHIFT_WEIGHT,-0.00012126,-0.00180209,0.00079898,-0.01356185,0.00842436,0.31703687,-0.02120939,0.00804213,0.02020936,0.02087938,0.00005452,27.32115383,25.43016590,32.94380668,31.40148154,0.03813280,-0.73027500,1.49617277,0.02948075,-0.72982519,1.47404699,4.63790792,0.00000003
2.57000000,SHIFT_WEIGHT,-0.00014190,-0.00184171,0.00084939,-0.01399334,0.00883386,0.31706072,-0.02161251,0.00842625,0.02074671,0.02088529,0.00006042,27.31931914,25.28376468,33.08885383,31.40558227,0.03940033,-0.72829636,1.49485199,0.03079349,-0.72784477,1.47274125,4.66513702,0.00000003
2.58000000,SHIFT_WEIGHT,-0.00016339,-0.00188334,0.00090136,-0.01443604,0.00925308,0.31708484,-0.02202611,0.00881950,0.02129714,0.02089141,0.00006655,27.31630914,25.13292760,33.23905186,31.41046109,0.04069469,-0.72627039,1.49349460,0.03213341,-0.72582028,1.47140119,4.69342219,0.00000003
2.59000000,SHIFT_WEIGHT,-0.00018574,-0.00192690,0.00095489,-0.01488974,0.00968191,0.31710922,-0.02245003,0.00922177,0.02186045,0.02089774,0.00007288,27.31231432,24.97791924,33.39411927,31.41585361,0.04201543,-0.72419772,1.49210040,0.03350009,-0.72375208,1.47002661,4.72271172,0.00000003
2.60000000,SHIFT_WEIGHT,-0.00020895,-0.00197230,0.00101000,-0.01535424,0.01012023,0.31713389,-0.02288406,0.00963295,0.02243644,0.02090428,0.00007941,27.30752692,24.81900472,33.55377304,31.42149552,0.04336211,-0.72207907,1.49066919,0.03489310,-0.72164058,1.46861730,4.75295310,0.00000003
2.61000000,SHIFT_WEIGHT,-0.00023304,-0.00201945,0.00106668,-0.01582931,0.01056794,0.31715884,-0.02332797,0.01005294,0.02302488,0.02091099,0.00008613,27.30213447,24.65644440,33.71773534,31.42713001,0.04473424,-0.71991513,1.48920079,0.03631196,-0.71948618,1.46717310,4.78409436,0.00000003
2.62000000,SHIFT_WEIGHT,-0.00025802,-0.00206827,0.00112494,-0.01631470,0.01102490,0.31718409,-0.02378154,0.01048162,0.02362553,0.02091789,0.00009303,27.29631405,24.49048930,33.88573939,31.43251434,0.04613135,-0.71770666,1.48769503,0.03775619,-0.71728934,1.46569383,4.81608531,0.00000003
2.63000000,SHIFT_WEIGHT,-0.00028388,-0.00211865,0.00118479,-0.01681017,0.01149098,0.31720964,-0.02424453,0.01091886,0.02423815,0.02092495,0.00010009,27.29022748,24.32137723,34.05753444,31.43742538,0.04755295,-0.71545442,1.48615177,0.03922528,-0.71505053,1.46417936,4.84887854,0.00000003
2.64000000,SHIFT_WEIGHT,-0.00031064,-0.00217052,0.00124622,-0.01731547,0.01196605,0.31723550,-0.02471671,0.01136453,0.02486249,0.02093216,0.00010730,27.28401743,24.14932962,34.23288983,31.44166409,0.04899851,-0.71315918,1.48457087,0.04071872,-0.71277027,1.46262957,4.88243030,0.00000003
2.65000000,SHIFT_WEIGHT,-0.00033830,-0.00222380,0.00130923,-0.01783034,0.01244996,0.31726167,-0.02519783,0.01181849,0.02549831,0.02093952,0.00011466,27.27780454,23.97454914,34.41159809,31.44505880,0.05046753,-0.71082172,1.48295224,0.04223597,-0.71044910,1.46104437,4.91670115,0.00000003
2.66000000,SHIFT_WEIGHT,-0.00036688,-0.00227840,0.00137383,-0.01835453,0.01294257,0.31728816,-0.02568764,0.01228060,0.02614533,0.02094701,0.00012215,27.27168559,23.79721806,34.59347702,31.44746742,0.05195945,-0.70844283,1.48129579,0.04377646,-0.70808759,1.45942371,4.95165641,0.00000003
2.67000000,SHIFT_WEIGHT,-0.00039638,-0.00233427,0.00144000,-0.01888780,0.01344372,0.31731497,-0.02618592,0.01275071,0.02680330,0.02095462,0.00012976,27.26573250,23.61749728,34.77837094,31.44877857,0.05347373,-0.70602329,1.47960149,0.04533962,-0.70568635,1.45776755,4.98726650,0.00000003
2.68000000,SHIFT_WEIGHT,-0.00042679,-0.00239135,0.00150775,-0.01942990,0.01395324,0.31734208,-0.02669242,0.01322868,0.02747198,0.02096235,0.00013749,27.25999229,23.43552617,34.96615093,31.44891169,0.05500978,-0.70356390,1.47786932,0.04692488,-0.70324601,1.45607590,5.02350698,0.00000003
2.69000000,SHIFT_WEIGHT,-0.00045813,-0.00244959,0.00157706,-0.01998059,0.01447096,0.31736951,-0.02720692,0.01371433,0.02815108,0.02097019,0.00014533,27.25448780,23.25142291,35.15671437,31.44781623,0.05656704,-0.70106543,1.47609931,0.04853161,-0.70076726,1.45434881,5.06035852,0.00000003
2.70000000,SHIFT_WEIGHT,-0.00049040,-0.00250896,0.00164792,-0.02053964,0.01499672,0.31739724,-0.02772920,0.01420750,0.02884037,0.02097814,0.00015327,27.24921906,23.06528548,35.34998368,31.44547007,0.05814488,-0.69852869,1.47429150,0.05015920,-0.69825080,1.45258634,5.09780670,0.00000004
2.71000000,SHIFT_WEIGHT,-0.00052361,-0.00256944,0.00172032,-0.02110684,0.01553033,0.31742525,-0.02825905,0.01470803,0.02953959,0.02098617,0.00016131,27.24416531,22.87719314,35.54590441,31.44187724,0.05974270,-0.69595446,1.47244599,0.05180703,-0.69569736,1.45078861,5.13584166,0.00000004
2.72000000,SHIFT_WEIGHT,-0.00055775,-0.00263100,0.00179423,-0.02168196,0.01607161,0.31745354,-0.02879625,0.01521574,0.03024847,0.02099430,0.00016944,27.23928733,22.68720828,35.74444285,31.43706512,0.06135985,-0.69334355,1.47056291,0.05347445,-0.69310771,1.44895577,5.17445765,0.00000004
2.73000000,SHIFT_WEIGHT,-0.00059283,-0.00269363,0.00186965,-0.02226480,0.01662037,0.31748209,-0.02934061,0.01573044,0.03096676,0.02100252,0.00017766,27.23453030,22.49535174,35.94558315,31.43108130,0.06299568,-0.69069674,1.46864241,0.05516079,-0.69048264,1.44708800,5.21365247,0.00000004
2.74000000,SHIFT_WEIGHT,-0.00062884,-0.00275734,0.00194654,-0.02285515,0.01717641,0.31751088,-0.02989193,0.01625195,0.03169422,0.02101081,0.00018595,27.22986631,22.30084227,36.14927700,31.42401920,0.06464954,-0.68801480,1.46668460,0.05686539,-0.68782299,1.44518552,5.25342250,0.00000004
2.75000000,SHIFT_WEIGHT,-0.00066574,-0.00282211,0.00202488,-0.02345281,0.01773954,0.31753987,-0.03045003,0.01678008,0.03243058,0.02101911,0.00019424,27.22542380,22.10335366,36.35538878,31.41607606,0.06632071,-0.68529840,1.46468943,0.05858757,-0.68512957,1.44324849,5.29375770,0.00000004
2.76000000,SHIFT_WEIGHT,-0.00070347,-0.00288787,0.00210463,-0.02405759,0.01830952,0.31756904,-0.03101470,0.01731463,0.03317558,0.02102735,0.00020249,27.22132793,21.90341010,36.56387526,31.40747182,0.06800847,-0.68254832,1.46265705,0.06032663,-0.68240319,1.44127708,5.33465667,0.00000004
2.77000000,SHIFT_WEIGHT,-0.00074198,-0.00295461,0.00218572,-0.02466928,0.01888616,0.31759833,-0.03158577,0.01785540,0.03392894,0.02103549,0.00021063,27.21757695,21.70148621,36.77475671,31.39840247,0.06971206,-0.67976538,1.46058775,0.06208187,-0.67964472,1.43927150,5.37612197,0.00000004
2.78000000,SHIFT_WEIGHT,-0.00078124,-0.00302231,0.00226809,-0.02528769,0.01946922,0.31762772,-0.03216304,0.01840216,0.03469041,0.02104350,0.00021864,27.21405143,21.49789614,36.98806015,31.38901760,0.07143071,-0.67695048,1.45848192,0.06385257,-0.67685505,1.43723205,5.41815561,0.00000004
2.79000000,SHIFT_WEIGHT,-0.00082125,-0.00309100,0.00235167,-0.02591261,0.02005847,0.31765715,-0.03274633,0.01895471,0.03545971,0.02105137,0.00022651,27.21055633,21.29281292,37.20379820,31.37941486,0.07316361,-0.67410456,1.45633999,0.06563801,-0.67403513,1.43515908,5.46075796,0.00000004
2.80000000,SHIFT_WEIGHT,-0.00086199,-0.00316070,0.00243642,-0.02654387,0.02065369,0.31768662,-0.03333544,0.01951282,0.03623658,0.02105909,0.00023423,27.20686668,21.08630835,37.42196781,31.36964774,0.07491000,-0.67122859,1.45416240,0.06743747,-0.67118593,1.43305300,5.50392828,0.00000004
2.81000000,SHIFT_WEIGHT,-0.00090346,-0.00323146,0.00252228,-0.02718125,0.02125464,0.31771608,-0.03393020,0.02007628,0.03702073,0.02106668,0.00024182,27.20276552,20.87839317,37.64255684,31.35973878,0.07666908,-0.66832353,1.45194963,0.06925021,-0.66830848,1.43091430,5.54766538,0.00000004
2.82000000,SHIFT_WEIGHT,-0.00094568,-0.00330333,0.00260922,-0.02782455,0.02186110,0.31774553,-0.03453041,0.02064488,0.03781190,0.02107414,0.00024927,27.19806957,20.66905066,37.86555122,31.34969222,0.07844007,-0.66539042,1.44970216,0.07107548,-0.66540381,1.42874348,5.59196833,0.00000004
2.83000000,SHIFT_WEIGHT,-0.00098866,-0.00337634,0.00269720,-0.02847358,0.02247283,0.31777495,-0.03513589,0.02121838,0.03860982,0.02108148,0.00025661,27.19264223,20.45826104,38.09093961,31.33950336,0.08022219,-0.66243026,1.44742050,0.07291255,-0.66247298,1.42654108,5.63683662,0.00000004
2.84000000,SHIFT_WEIGHT,-0.00103242,-0.00345053,0.00278621,-0.02912813,0.02308961,0.31780431,-0.03574643,0.02179659,0.03941420,0.02108872,0.00026386,27.18639582,20.24601666,38.31871450,31.32916385,0.08201465,-0.65944413,1.44510518,0.07476065,-0.65951707,1.42430768,5.68226996,0.00000004
2.85000000,SHIFT_WEIGHT,-0.00107698,-0.00352594,0.00287624,-0.02978798,0.02371121,0.31783361,-0.03636184,0.02237927,0.04022477,0.02109588,0.00027101,27.17928620,20.03232927,38.54887056,31.31866384,0.08381668,-0.65643310,1.44275677,0.07661902,-0.65653717,1.42204389,5.72826783,0.00000004
2.86000000,SHIFT_WEIGHT,-0.00112236,-0.00360258,0.00296730,-0.03045292,0.02433739,0.31786282,-0.03698191,0.02296621,0.04104124,0.02110295,0.00027809,27.17130321,19.81723176,38.78140112,31.30799189,0.08562749,-0.65339830,1.44037584,0.07848691,-0.65353441,1.41975033,5.77482883,0.00000005
2.87000000,SHIFT_WEIGHT,-0.00116859,-0.00368047,0.00305938,-0.03112272,0.02496792,0.31789193,-0.03760643,0.02355719,0.04186331,0.02110997,0.00028510,27.16245953,19.60077655,39.01629405,31.29713408,0.08744631,-0.65034086,1.43796304,0.08036354,-0.65050991,1.41742767,5.82195005,0.00000005
2.88000000,SHIFT_WEIGHT,-0.00121569,-0.00375962,0.00315248,-0.03179716,0.02560256,0.31792091,-0.03823518,0.02415200,0.04269068,0.02111692,0.00029206,27.15278044,19.38303262,39.25352781,31.28607287,0.08927236,-0.64726196,1.43551900,0.08224815,-0.64746482,1.41507659,5.86962646,0.00000005
2.89000000,SHIFT_WEIGHT,-0.00126368,-0.00384003,0.00324663,-0.03247598,0.02624109,0.31794975,-0.03886794,0.02475039,0.04352306,0.02112382,0.00029896,27.14229548,19.16408247,39.49306839,31.27478651,0.09110485,-0.64416280,1.43304444,0.08413995,-0.64440028,1.41269778,5.91785057,0.00000005
2.90000000,SHIFT_WEIGHT,-0.00131259,-0.00392171,0.00334182,-0.03315895,0.02688326,0.31797842,-0.03950448,0.02535216,0.04436013,0.02113067,0.00030581,27.13103258,18.94401961,39.73486743,31.26324894,0.09294299,-0.64104460,1.43054005,0.08603817,-0.64131747,1.41029199,5.96661214,0.00000005
2.91000000,SHIFT_WEIGHT,-0.00136243,-0.00400465,0.00343805,-0.03384581,0.02752883,0.31800690,-0.04014456,0.02595707,0.04520158,0.02113748,0.00031262,27.11901473,18.72294692,39.97886141,31.25143037,0.09478599,-0.63790859,1.42800661,0.08794203,-0.63821757,1.40785997,6.01589814,0.00000005
2.92000000,SHIFT_WEIGHT,-0.00141322,-0.00408884,0.00353533,-0.03453631,0.02817756,0.31803519,-0.04078795,0.02656490,0.04604709,0.02114426,0.00031939,27.10625851,18.50097551,40.22497203,31.23929825,0.09663307,-0.63475606,1.42544488,0.08985075,-0.63510178,1.40540251,6.06569289,0.00000005
2.93000000,SHIFT_WEIGHT,-0.00146495,-0.00417428,0.00363365,-0.03523019,0.02882920,0.31806325,-0.04143439,0.02717541,0.04689632,0.02115099,0.00032613,27.09277423,18.27822392,40.47310733,31.22681836,0.09848343,-0.63158827,1.42285569,0.09176355,-0.63197128,1.40292041,6.11597820,0.00000005
2.94000000,SHIFT_WEIGHT,-0.00151766,-0.00426094,0.00373300,-0.03592717,0.02948350,0.31809109,-0.04208364,0.02778836,0.04774895,0.02115769,0.00033283,27.07856690,18.05481733,40.72316346,31.21395605,0.10033627,-0.62840652,1.42023988,0.09367964,-0.62882731,1.40041451,6.16673374,0.00000005
2.95000000,SHIFT_WEIGHT,-0.00157132,-0.00434882,0.00383337,-0.03662699,0.03014021,0.31811868,-0.04273543,0.02840353,0.04860464,0.02116436,0.00033950,27.06363760,17.83088654,40.97502678,31.20067723,0.10219079,-0.62521213,1.41759831,0.09559824,-0.62567109,1.39788567,6.21793731,0.00000005
2.96000000,SHIFT_WEIGHT,-0.00162596,-0.00443789,0.00393474,-0.03732936,0.03079907,0.31814601,-0.04338953,0.02902067,0.04946306,0.02117100,0.00034614,27.04798506,17.60656665,41.22857608,31.18694927,0.10404620,-0.62200640,1.41493191,0.09751858,-0.62250384,1.39533477,6.26956530,0.00000005
2.97000000,SHIFT_WEIGHT,-0.00168155,-0.00452813,0.00403708,-0.03803402,0.03145983,0.31817306,-0.04404565,0.02963954,0.05032386,0.02117761,0.00035274,27.03160698,17.38199536,41.48368475,31.17274156,0.10590170,-0.61879068,1.41224159,0.09943987,-0.61932682,1.39276273,6.32159297,0.00000005
2.98000000,SHIFT_WEIGHT,-0.00173811,-0.00461953,0.00414037,-0.03874067,0.03212223,0.31819984,-0.04470354,0.03025990,0.05118668,0.02118418,0.00035932,27.01450127,17.15731126,41.74022287,31.15802596,0.10775649,-0.61556630,1.40952834,0.10136133,-0.61614127,1.39017050,6.37399484,0.00000005
2.99000000,SHIFT_WEIGHT,-0.00179562,-0.00471206,0.00424459,-0.03944903,0.03278601,0.31822633,-0.04536294,0.03088150,0.05205120,0.02119073,0.00036587,26.99666687,16.93265191,41.99805902,31.14277713,0.10960978,-0.61233460,1.40679313,0.10328218,-0.61294846,1.38755903,6.42674500,0.00000005
3.00000000,SHIFT_WEIGHT,-0.00185408,-0.00480570,0.00434968,-0.04015883,0.03345090,0.31825251,-0.04602357,0.03150411,0.05291705,0.02119725,0.00037239,26.97810436,16.70815212,42.25706186,31.12697264,0.11146080,-0.60909694,1.40403701,0.10520166,-0.60974966,1.38492932,6.47981739,0.00000005
3.01000000,SHIFT_WEIGHT,-0.00191347,-0.00490041,0.00445563,-0.04086976,0.03411666,0.31827839,-0.04668517,0.03212748,0.05378389,0.02120374,0.00037888,26.95881636,16.48394250,42.51710142,31.11059318,0.11330875,-0.60585466,1.40126102,0.10711898,-0.60654615,1.38228240,6.53318601,0.00000005
3.02000000,SHIFT_WEIGHT,-0.00197379,-0.00499617,0.00456240,-0.04158155,0.03478301,0.31830394,-0.04734747,0.03275135,0.05465137,0.02121020,0.00038534,26.93880764,16.26014828,42.77805008,31.09362265,0.11515287,-0.60260911,1.39846624,0.10903339,-0.60333920,1.37961931,6.58682513,0.00000005
3.03000000,SHIFT_WEIGHT,-0.00203502,-0.00509296,0.00466995,-0.04229390,0.03544969,0.31832917,-0.04801021,0.03337550,0.05551913,0.02121663,0.00039177,26.91808509,16.03688851,43.03978333,31.07604833,0.11699239,-0.59936166,1.39565378,0.11094412,-0.60013011,1.37694115,6.64070942,0.00000005
3.04000000,SHIFT_WEIGHT,-0.00209716,-0.00519075,0.00477824,-0.04300654,0.03611645,0.31835406,-0.04867312,0.03399966,0.05638683,0.02122304,0.00039818,26.89665755,15.81427568,43.30218018,31.05786095,0.11882654,-0.59611365,1.39282478,0.11285042,-0.59692019,1.37424901,6.69481405,0.00000005
3.05000000,SHIFT_WEIGHT,-0.00216019,-0.00528950,0.00488723,-0.04371917,0.03678301,0.31837860,-0.04933592,0.03462361,0.05725411,0.02122941,0.00040455,26.87453552,15.59241558,43.56512342,31.03905488,0.12065460,-0.59286643,1.38998041,0.11475152,-0.59371072,1.37154403,6.74911475,0.00000005
3.06000000,SHIFT_WEIGHT,-0.00222410,-0.00538919,0.00499688,-0.04443151,0.03744913,0.31840279,-0.04999837,0.03524708,0.05812064,0.02123576,0.00041090,26.85173079,15.37140752,43.82849962,31.01962823,0.12247580,-0.58962136,1.38712185,0.11664668,-0.59050303,1.36882737,6.80358785,0.00000005
3.07000000,SHIFT_WEIGHT,-0.00228888,-0.00548980,0.00510716,-0.04514328,0.03811453,0.31842661,-0.05066019,0.03586985,0.05898606,0.02124208,0.00041722,26.82825605,15.15134477,44.09219893,30.99958290,0.12428942,-0.58637978,1.38425032,0.11853517,-0.58729842,1.36610023,6.85821021,0.00000005
3.08000000,SHIFT_WEIGHT,-0.00235451,-0.00559129,0.00521803,-0.04585420,0.03877896,0.31845006,-0.05132113,0.03649166,0.05985002,0.02124837,0.00042351,26.80412451,14.93231506,44.35611483,30.97892461,0.12609475,-0.58314304,1.38136706,0.12041624,-0.58409821,1.36336380,6.91295927,0.00000005
3.09000000,SHIFT_WEIGHT,-0.00242097,-0.00569363,0.00532944,-0.04656398,0.03944215,0.31847313,-0.05198093,0.03711228,0.06071219,0.02125464,0.00042978,26.77934948,14.71440125,44.62014365,30.95766289,0.12789106,-0.57991248,1.37847333,0.12228917,-0.58090371,1.36061934,6.96781292,0.00000005
3.10000000,SHIFT_WEIGHT,-0.00248827,-0.00579680,0.00544136,-0.04727236,0.04010386,0.31849581,-0.05263932,0.03773147,0.06157223,0.02126088,0.00043601,26.75394409,14.49768200,44.88418412,30.93581097,0.12967766,-0.57668943,1.37557043,0.12415324,-0.57771625,1.35786810,7.02274945,0.00000005
3.11000000,SHIFT_WEIGHT,-0.00255636,-0.00590076,0.00555374,-0.04797906,0.04076382,0.31851808,-0.05329607,0.03834898,0.06242979,0.02126709,0.00044222,26.72792104,14.28223247,45.14813681,30.91338555,0.13145385,-0.57347522,1.37265966,0.12600773,-0.57453715,1.35511136,7.07774749,0.00000005
3.12000000,SHIFT_WEIGHT,-0.00262525,-0.00600550,0.00566655,-0.04868380,0.04142178,0.31853995,-0.05395090,0.03896457,0.06328454,0.02127327,0.00044841,26.70129247,14.06812491,45.41190359,30.89040662,0.13321895,-0.57027119,1.36974236,0.12785194,-0.57136772,1.35235042,7.13278591,0.00000005
3.13000000,SHIFT_WEIGHT,-0.00269491,-0.00611097,0.00577974,-0.04938632,0.04207748,0.31856139,-0.05460358,0.03957802,0.06413614,0.02127943,0.00045457,26.67406989,13.85542928,45.67538712,30.86689714,0.13497229,-0.56707864,1.36681989,0.12968518,-0.56820929,1.34958662,7.18784371,0.00000005
3.14000000,SHIFT_WEIGHT,-0.00276531,-0.00621714,0.00589326,-0.05008634,0.04273067,0.31858240,-0.05525386,0.04018908,0.06498427,0.02128557,0.00046070,26.64626426,13.64421370,45.93849030,30.84288265,0.13671321,-0.56389889,1.36389361,0.13150676,-0.56506316,1.34682129,7.24289998,0.00000005
3.15000000,SHIFT_WEIGHT,-0.00283644,-0.00632400,0.00600708,-0.05078360,0.04338110,0.31860298,-0.05590149,0.04079752,0.06582859,0.02129167,0.00046681,26.61788614,13.43454491,46.20111587,30.81839091,0.13844105,-0.56073325,1.36096493,0.13331599,-0.56193066,1.34405579,7.29793379,0.00000005
3.16000000,SHIFT_WEIGHT,-0.00290828,-0.00643151,0.00612114,-0.05147784,0.04402851,0.31862311,-0.05654623,0.04140311,0.06666878,0.02129776,0.00047289,26.58894588,13.22648857,46.46316597,30.79345149,0.14015519,-0.55758302,1.35803525,0.13511222,-0.55881308,1.34129150,7.35292414,0.00000005
3.17000000,SHIFT_WEIGHT,-0.00298079,-0.00653962,0.00623540,-0.05216880,0.04467266,0.31864279,-0.05718784,0.04200561,0.06750451,0.02130382,0.00047895,26.55945394,13.02010957,46.72454182,30.76809531,0.14185498,-0.55444948,1.35510600,0.13689478,-0.55571174,1.33852979,7.40784988,0.00000005
3.18000000,SHIFT_WEIGHT,-0.00305395,-0.00664833,0.00634982,-0.05285622,0.04531330,0.31866200,-0.05782609,0.04260480,0.06833546,0.02130985,0.00048498,26.52942116,12.81547217,46.98514348,30.74235426,0.14353981,-0.55133393,1.35217863,0.13866302,-0.55262792,1.33577207,7.46268969,0.00000005
3.19000000,SHIFT_WEIGHT,-0.00312773,-0.00675757,0.00646434,-0.05353984,0.04595019,0.31868075,-0.05846072,0.04320045,0.06916131,0.02131585,0.00049099,26.49885914,12.61264015,47.24486956,30.71626081,0.14520909,-0.54823764,1.34925459,0.14041630,-0.54956291,1.33301975,7.51742200,0.00000005
3.20000000,SHIFT_WEIGHT,-0.00320211,-0.00686734,0.00657892,-0.05421940,0.04658308,0.31869902,-0.05909152,0.04379233,0.06998174,0.02132183,0.00049697,26.46778054,12.41167689,47.50361716,30.68984761,0.14686220,-0.54516186,1.34633535,0.14215401,-0.54651800,1.33027425,7.57202501,0.00000005
3.21000000,SHIFT_WEIGHT,-0.00327705,-0.00697758,0.00669350,-0.05489466,0.04721173,0.31871681,-0.05971825,0.04438022,0.07079645,0.02132779,0.00050293,26.43619938,12.21264539,47.76128172,30.66314721,0.14849859,-0.54210787,1.34342239,0.14387552,-0.54349446,1.32753700,7.62647662,0.00000005
3.22000000,SHIFT_WEIGHT,-0.00335251,-0.00708825,0.00680803,-0.05556535,0.04783590,0.31873411,-0.06034068,0.04496389,0.07160512,0.02133372,0.00050885,26.40413129,12.01560828,48.01775703,30.63619178,0.15011768,-0.53907688,1.34051719,0.14558023,-0.54049353,1.32480943,7.68075446,0.00000005
3.23000000,SHIFT_WEIGHT,-0.00342846,-0.00719933,0.00692247,-0.05623125,0.04845535,0.31875092,-0.06095858,0.04554313,0.07240745,0.02133962,0.00051475,26.37159375,11.82062778,48.27293517,30.60901287,0.15171892,-0.53607015,1.33762125,0.14726755,-0.53751648,1.32209298,7.73483586,0.00000005
3.24000000,SHIFT_WEIGHT,-0.00350487,-0.00731076,0.00703676,-0.05689209,0.04906986,0.31876724,-0.06157173,0.04611773,0.07320312,0.02134549,0.00052063,26.33860622,11.62776569,48.52670663,30.58164128,0.15330177,-0.53308889,1.33473606,0.14893689,-0.53456454,1.31938908,7.78869788,0.00000005
3.25000000,SHIFT_WEIGHT,-0.00358170,-0.00742250,0.00715084,-0.05754763,0.04967919,0.31878305,-0.06217990,0.04668747,0.07399185,0.02135133,0.00052647,26.30519024,11.43708328,48.77896031,30.55410695,0.15486571,-0.53013429,1.33186314,0.15058770,-0.53163892,1.31669919,7.84231731,0.00000005
3.26000000,SHIFT_WEIGHT,-0.00365891,-0.00753452,0.00726467,-0.05819764,0.05028312,0.31879837,-0.06278287,0.04725213,0.07477334,0.02135715,0.00053228,26.27136948,11.24864127,49.02958372,30.52643891,0.15641023,-0.52720756,1.32900397,0.15221941,-0.52874084,1.31402473,7.89567067,0.00000005
3.27000000,SHIFT_WEIGHT,-0.00373645,-0.00764676,0.00737819,-0.05884187,0.05088142,0.31881319,-0.06338043,0.04781151,0.07554729,0.02136293,0.00053807,26.23716968,11.06249976,49.27846305,30.49866525,0.15793484,-0.52430986,1.32616008,0.15383149,-0.52587149,1.31136716,7.94873428,0.00000005
3.28000000,SHIFT_WEIGHT,-0.00381429,-0.00775917,0.00749135,-0.05948009,0.05147386,0.31882750,-0.06397236,0.04836541,0.07631342,0.02136868,0.00054382,26.20261857,10.87871814,49.52548335,30.47081322,0.15943906,-0.52144236,1.32333295,0.15542340,-0.52303203,1.30872789,8.00148427,0.00000005
3.29000000,SHIFT_WEIGHT,-0.00389239,-0.00787170,0.00760409,-0.06011205,0.05206024,0.31884131,-0.06455844,0.04891362,0.07707143,0.02137440,0.00054953,26.16774582,10.69735504,49.77052872,30.44290925,0.16092243,-0.51860618,1.32052409,0.15699463,-0.52022364,1.30610837,8.05389658,0.00000005
3.30000000,SHIFT_WEIGHT,-0.00397070,-0.00798431,0.00771635,-0.06073754,0.05264033,0.31885462,-0.06513847,0.04945595,0.07782107,0.02138008,0.00055522,26.13258279,10.51846823,50.01348248,30.41497907,0.16238450,-0.51580246,1.31773499,0.15854469,-0.51744744,1.30351000,8.10594706,0.00000005
3.31000000,SHIFT_WEIGHT,-0.00404917,-0.00809693,0.00782810,-0.06135632,0.05321393,0.31886743,-0.06571223,0.04999220,0.07856204,0.02138573,0.00056087,26.09716240,10.34211460,50.25422739,30.38704784,0.16382485,-0.51303230,1.31496713,0.16007308,-0.51470455,1.30093421,8.15761144,0.00000005
3.32000000,SHIFT_WEIGHT,-0.00412776,-0.00820952,0.00793926,-0.06196817,0.05378083,0.31887975,-0.06627952,0.05052218,0.07929407,0.02139134,0.00056648,26.06151892,10.16835003,50.49264586,30.35914029,0.16524305,-0.51029676,1.31222200,0.16157933,-0.51199607,1.29838238,8.20886546,0.00000005
3.33000000,SHIFT_WEIGHT,-0.00420642,-0.00832201,0.00804979,-0.06257287,0.05434083,0.31889157,-0.06684014,0.05104570,0.08001691,0.02139691,0.00057205,26.02568779,9.99722938,50.72862018,30.33128081,0.16663872,-0.50759692,1.30950105,0.16306299,-0.50932307,1.29585591,8.25968480,0.00000005
3.34000000,SHIFT_WEIGHT,-0.00428510,-0.00843435,0.00815963,-0.06317019,0.05489374,0.31890290,-0.06739390,0.05156259,0.08073030,0.02140244,0.00057758,25.98970533,9.82880636,50.96203271,30.30349366,0.16801147,-0.50493379,1.30680574,0.16452361,-0.50668660,1.29335616,8.31004523,0.00000005
3.35000000,SHIFT_WEIGHT,-0.00436375,-0.00854648,0.00826872,-0.06375992,0.05543934,0.31891375,-0.06794059,0.05207266,0.08143398,0.02140793,0.00058306,25.95360865,9.66313353,51.19276613,30.27580299,0.16936094,-0.50230840,1.30413750,0.16596078,-0.50408770,1.29088448,8.35992259,0.00000004
3.36000000,SHIFT_WEIGHT,-0.00444233,-0.00865834,0.00837701,-0.06434186,0.05597747,0.31892412,-0.06848002,0.05257573,0.08212770,0.02141337,0.00058851,25.91743536,9.50026216,51.42070366,30.24823306,0.17068679,-0.49972173,1.30149776,0.16737406,-0.50152735,1.28844222,8.40929285,0.00000004
3.37000000,SHIFT_WEIGHT,-0.00452077,-0.00876986,0.00848445,-0.06491580,0.05650793,0.31893402,-0.06901201,0.05307164,0.08281123,0.02141877,0.00059390,25.88122345,9.34024223,51.64572927,30.22080823,0.17198867,-0.49717473,1.29888793,0.16876308,-0.49900654,1.28603067,8.45813216,0.00000004
3.38000000,SHIFT_WEIGHT,-0.00459903,-0.00888099,0.00859097,-0.06548154,0.05703054,0.31894345,-0.06953638,0.05356023,0.08348432,0.02142411,0.00059925,25.84501111,9.18312235,51.86772788,30.19355308,0.17326629,-0.49466833,1.29630937,0.17012746,-0.49652621,1.28365112,8.50641688,0.00000004
3.39000000,SHIFT_WEIGHT,-0.00467705,-0.00899165,0.00869653,-0.06603887,0.05754514,0.31895242,-0.07005295,0.05404132,0.08414675,0.02142941,0.00060455,25.80883658,9.02894969,52.08658560,30.16649244,0.17451935,-0.49220343,1.29376345,0.17146682,-0.49408729,1.28130485,8.55412363,0.00000004
3.40000000,SHIFT_WEIGHT,-0.00475478,-0.00910179,0.00880106,-0.06658762,0.05805154,0.31896094,-0.07056154,0.05451476,0.08479830,0.02143465,0.00060979,25.77273804,8.87776996,52.30218989,30.13965142,0.17574757,-0.48978090,1.29125152,0.17278083,-0.49169064,1.27899309,8.60122931,0.00000004
3.41000000,SHIFT_WEIGHT,-0.00483216,-0.00921135,0.00890452,-0.06712759,0.05854958,0.31896902,-0.07106198,0.05498041,0.08543875,0.02143984,0.00061498,25.73675351,8.72962736,52.51442976,30.11305539,0.17695069,-0.48740158,1.28877486,0.17406916,-0.48933715,1.27671703,8.64771114,0.00000004
3.42000000,SHIFT_WEIGHT,-0.00490914,-0.00932024,0.00900684,-0.06765861,0.05903911,0.31897666,-0.07155412,0.05543811,0.08606790,0.02144497,0.00062011,25.70092073,8.58456454,52.72319592,30.08672995,0.17812847,-0.48506627,1.28633477,0.17533149,-0.48702762,1.27447787,8.69354672,0.00000004
3.43000000,SHIFT_WEIGHT,-0.00498566,-0.00942842,0.00910796,-0.06818049,0.05951998,0.31898388,-0.07203779,0.05588772,0.08668554,0.02145004,0.00062517,25.66527711,8.44262260,52.92838098,30.06070091,0.17928068,-0.48277574,1.28393250,0.17656754,-0.48476285,1.27227673,8.73871400,0.00000004
3.44000000,SHIFT_WEIGHT,-0.00506166,-0.00953580,0.00920785,-0.06869307,0.05999203,0.31899069,-0.07251283,0.05632911,0.08729149,0.02145504,0.00063018,25.62985965,8.30384105,53.12987955,30.03499423,0.18040713,-0.48053074,1.28156926,0.17777702,-0.48254359,1.27011474,8.78319137,0.00000004
3.45000000,SHIFT_WEIGHT,-0.00513709,-0.00964234,0.00930643,-0.06919618,0.06045512,0.31899710,-0.07297911,0.05676214,0.08788556,0.02145998,0.00063512,25.59470491,8.16825782,53.32758842,30.00963588,0.18150761,-0.47833197,1.27924623,0.17895969,-0.48037057,1.26799295,8.82695765,0.00000004
3.46000000,SHIFT_WEIGHT,-0.00521188,-0.00974795,0.00940365,-0.06968967,0.06090911,0.31900311,-0.07343647,0.05718669,0.08846758,0.02146485,0.00063999,25.55984895,8.03590927,53.52140665,29.98465183,0.18258197,-0.47618010,1.27696457,0.18011530,-0.47824447,1.26591239,8.86999209,0.00000004
3.47000000,SHIFT_WEIGHT,-0.00528599,-0.00985257,0.00949947,-0.07017340,0.06135389,0.31900874,-0.07388479,0.05760264,0.08903737,0.02146965,0.00064479,25.52532727,7.90683019,53.71123571,29.96006788,0.18363006,-0.47407574,1.27472537,0.18124363,-0.47616594,1.26387407,8.91227446,0.00000004
3.48000000,SHIFT_WEIGHT,-0.00535935,-0.00995613,0.00959382,-0.07064720,0.06178932,0.31901401,-0.07432393,0.05800988,0.08959479,0.02147437,0.00064951,25.49117480,7.78105380,53.89697957,29.93590961,0.18465173,-0.47201951,1.27252971,0.18234449,-0.47413558,1.26187892,8.95378498,0.00000003
3.49000000,SHIFT_WEIGHT,-0.00543190,-0.01005858,0.00968666,-0.07111095,0.06221528,0.31901891,-0.07475377,0.05840830,0.09013968,0.02147902,0.00065416,25.45742587,7.65861183,54.07854482,29.91220220,0.18564687,-0.47001194,1.27037860,0.18341769,-0.47215395,1.25992785,8.99450440,0.00000003
3.50000000,SHIFT_WEIGHT,-0.00550359,-0.01015983,0.00977793,-0.07156452,0.06263167,0.31902347,-0.07517419,0.05879779,0.09067190,0.02148359,0.00065872,25.42411416,7.53953448,54.25584073,29.88897037,0.18661540,-0.46805355,1.26827304,0.18446306,-0.47022160,1.25802171,9.03441398,0.00000003
3.51000000,SHIFT_WEIGHT,-0.00557436,-0.01025983,0.00986758,-0.07200779,0.06303839,0.31902770,-0.07558507,0.05917827,0.09119132,0.02148807,0.00066320,25.39127269,7.42385048,54.42877937,29.86623825,0.18755723,-0.46614481,1.26621396,0.18548048,-0.46833898,1.25616131,9.07349553,0.00000003
3.52000000,SHIFT_WEIGHT,-0.00564416,-0.01035851,0.00995557,-0.07244063,0.06343534,0.31903161,-0.07598632,0.05954964,0.09169782,0.02149246,0.00066760,25.35893373,7.31158714,54.59727570,29.84402925,0.18847231,-0.46428616,1.26420223,0.18646982,-0.46650656,1.25434740,9.11173139,0.00000003
3.53000000,SHIFT_WEIGHT,-0.00571292,-0.01045580,0.01004184,-0.07286295,0.06382243,0.31903521,-0.07637784,0.05991182,0.09219129,0.02149676,0.00067190,25.32712884,7.20277034,54.76124762,29.82236595,0.18936060,-0.46247797,1.26223869,0.18743098,-0.46472471,1.25258069,9.14910447,0.00000003
3.54000000,SHIFT_WEIGHT,-0.00578059,-0.01055164,0.01012635,-0.07327463,0.06419957,0.31903852,-0.07675954,0.06026474,0.09267163,0.02150098,0.00067611,25.29588879,7.09742650,54.92061610,29.80127004,0.19022207,-0.46072059,1.26032414,0.18836387,-0.46299379,1.25086183,9.18559824,0.00000003
3.55000000,SHIFT_WEIGHT,-0.00584713,-0.01064597,0.01020905,-0.07367560,0.06456671,0.31904155,-0.07713133,0.06060832,0.09313875,0.02150509,0.00068023,25.26523999,6.99566481,55.07531111,29.78075779,0.19105675,-0.45901433,1.25845930,0.18926845,-0.46131409,1.24919140,9.22119740,0.00000003
3.56000000,SHIFT_WEIGHT,-0.00591247,-0.01073872,0.01028990,-0.07406576,0.06492376,0.31904431,-0.07749314,0.06094252,0.09359257,0.02150912,0.00068425,25.23519157,6.89750630,55.22528139,29.76083471,0.19186465,-0.45735944,1.25664487,0.19014468,-0.45968589,1.24756996,9.25588896,0.00000003
3.57000000,SHIFT_WEIGHT,-0.00597657,-0.01082984,0.01036885,-0.07444504,0.06527068,0.31904683,-0.07784490,0.06126727,0.09403302,0.02151306,0.00068820,25.20575765,6.80288650,55.37046383,29.74151142,0.19264583,-0.45575612,1.25488149,0.19099255,-0.45810937,1.24599799,9.28965888,0.00000003
3.58000000,SHIFT_WEIGHT,-0.00603940,-0.01091928,0.01044588,-0.07481338,0.06560741,0.31904911,-0.07818655,0.06158253,0.09446004,0.02151692,0.00069205,25.17696788,6.71178288,55.51078737,29.72280333,0.19340036,-0.45420451,1.25316969,0.19181207,-0.45658472,1.24447592,9.32249269,0.00000003
3.59000000,SHIFT_WEIGHT,-0.00610089,-0.01100696,0.01052095,-0.07517071,0.06593392,0.31905118,-0.07851803,0.06188827,0.09487359,0.02152069,0.00069582,25.14886049,6.62420437,55.64618316,29.70472946,0.19412832,-0.45270474,1.25150996,0.19260326,-0.45511201,1.24300410,9.35437649,0.00000003
3.60000000,SHIFT_WEIGHT,-0.00616099,-0.01109284,0.01059401,-0.07551699,0.06625017,0.31905304,-0.07883932,0.06218445,0.09527363,0.02152437,0.00069950,25.12147491,6.54017421,55.77658790,29.68731084,0.19482982,-0.45125685,1.24990274,0.19336619,-0.45369132,1.24158282,9.38529711,0.00000002
3.61000000,SHIFT_WEIGHT,-0.00621966,-0.01117686,0.01066504,-0.07585218,0.06655614,0.31905471,-0.07915035,0.06247105,0.09566014,0.02152795,0.00070308,25.09484710,6.45971915,55.90194373,29.67056840,0.19550498,-0.44986086,1.24834839,0.19410093,-0.45232261,1.24021229,9.41524213,0.00000002
3.62000000,SHIFT_WEIGHT,-0.00627685,-0.01125894,0.01073401,-0.07617624,0.06685182,0.31905620,-0.07945112,0.06274806,0.09547630,0.02153143,0.00070656,25.06900749,6.38286399,56.02219718,29.65452124,0.19615394,-0.44851673,1.24684720,0.19480759,-0.45100584,1.23889266,9.44419975,0.00000002
3.63000000,SHIFT_WEIGHT,-0.00633250,-0.01133904,0.01080087,-0.07648915,0.06713719,0.31905754,-0.07974160,0.06301546,0.09517461,0.02153480,0.00070994,25.04398083,6.30962964,56.13729845,29.63918561,0.19677686,-0.44722437,1.24539942,0.19548629,-0.44974089,1.23762401,9.47215876,0.00000002
3.64000000,SHIFT_WEIGHT,-0.00638658,-0.01141710,0.01086561,-0.07679091,0.06741226,0.31905872,-0.08002178,0.06327327,0.09488335,0.02153806,0.00071319,25.01978700,6.24003292,56.24720117,29.62457455,0.19737392,-0.44598364,1.24400520,0.19613719,-0.44852759,1.23640635,9.49910855,0.00000002
3.65000000,SHIFT_WEIGHT,-0.00643903,-0.01149308,0.01092819,-0.07708151,0.06767704,0.31905978,-0.08029165,0.06352150,0.09460253,0.02154120,0.00071633,24.99644225,6.17408706,56.35186261,29.61069797,0.19794532,-0.44479434,1.24266465,0.19676046,-0.44736570,1.23523962,9.52503917,0.00000002
3.66000000,SHIFT_WEIGHT,-0.00648982,-0.01156691,0.01098859,-0.07736096,0.06793156,0.31906072,-0.08055123,0.06376016,0.09433217,0.02154421,0.00071934,24.97396040,6.11180234,56.45124418,29.59756298,0.19849128,-0.44365623,1.24137777,0.19735631,-0.44625494,1.23412370,9.54994141,0.00000002
3.67000000,SHIFT_WEIGHT,-0.00653891,-0.01163856,0.01104678,-0.07762927,0.06817584,0.31906156,-0.08080053,0.06398928,0.09407225,0.02154709,0.00072223,24.95235375,6.05318657,56.54531199,29.58517418,0.19901206,-0.44256900,1.24014453,0.19792496,-0.44519496,1.23305838,9.57380688,0.00000002
3.68000000,SHIFT_WEIGHT,-0.00658626,-0.01170798,0.01110275,-0.07788648,0.06840993,0.31906231,-0.08103959,0.06420890,0.09382276,0.02154984,0.00072497,24.93163379,5.99824535,56.63403736,29.57353395,0.19950792,-0.44153229,1.23896479,0.19846668,-0.44418535,1.23204339,9.59662810,0.00000002
3.69000000,SHIFT_WEIGHT,-0.00663183,-0.01177513,0.01115648,-0.07813263,0.06863389,0.31906299,-0.08126843,0.06441907,0.09358369,0.02155244,0.00072758,24.91181149,5.94698217,56.71739723,29.56264261,0.19997916,-0.44054568,1.23783835,0.19898174,-0.44322565,1.23107837,9.61839853,0.00000002
3.70000000,SHIFT_WEIGHT,-0.00667560,-0.01183996,0.01120794,-0.07836777,0.06884777,0.31906361,-0.08148710,0.06461985,0.09335499,0.02155491,0.00073004,24.89289740,5.89939828,56.79537447,29.55249862,0.20042608,-0.43960872,1.23676495,0.19947045,-0.44231534,1.23016291,9.63911263,0.00000002
3.71000000,SHIFT_WEIGHT,-0.00671754,-0.01190244,0.01125714,-0.07859196,0.06905165,0.31906420,-0.08169566,0.06481131,0.09313662,0.02155722,0.00073236,24.87490153,5.85549259,56.86795808,29.54309860,0.20084902,-0.43872086,1.23574423,0.19993316,-0.44145380,1.22929650,9.65876594,0.00000001
3.72000000,SHIFT_WEIGHT,-0.00675761,-0.01196254,0.01130406,-0.07880528,0.06924561,0.31906475,-0.08189419,0.06499352,0.09292851,0.02155938,0.00073452,24.85783316,5.81526148,56.93514333,29.53443751,0.20124836,-0.43788152,1.23477575,0.20037022,-0.44064041,1.22847856,9.67735501,0.00000001
3.73000000,SHIFT_WEIGHT,-0.00679581,-0.01202023,0.01134871,-0.07900782,0.06942975,0.31906530,-0.08208275,0.06516658,0.09273060,0.02156139,0.00073652,24.84170052,5.77869863,56.99693183,29.52650867,0.20162447,-0.43709004,1.23385902,0.20078205,-0.43987443,1.22770844,9.69487750,0.00000001
3.74000000,SHIFT_WEIGHT,-0.00683210,-0.01207547,0.01139107,-0.07919967,0.06960419,0.31906585,-0.08226144,0.06533057,0.09254282,0.02156323,0.00073837,24.82651057,5.74579490,57.05333153,29.51930388,0.20197777,-0.43634573,1.23299343,0.20116905,-0.43915509,1.22698541,9.71133215,0.00000001
3.75000000,SHIFT_WEIGHT,-0.00686647,-0.01212824,0.01143115,-0.07938095,0.06976903,0.31906641,-0.08243037,0.06548562,0.09236505,0.02156492,0.00074005,24.81226867,5.71653827,57.10435680,29.51281360,0.20230870,-0.43564781,1.23217834,0.20153169,-0.43848153,1.22630866,9.72671881,0.00000001
3.76000000,SHIFT_WEIGHT,-0.00689891,-0.01217853,0.01146897,-0.07955179,0.06992440,0.31906701,-0.08258963,0.06563184,0.09219720,0.02156643,0.00074157,24.79897838,5.69091373,57.15002835,29.50702699,0.20261772,-0.43499545,1.23141298,0.20187045,-0.43785285,1.22567729,9.74103844,0.00000001
3.77000000,SHIFT_WEIGHT,-0.00692941,-0.01222630,0.01150452,-0.07971231,0.07007046,0.31906765,-0.08273937,0.06576937,0.09203915,0.02156779,0.00074292,24.78664128,5.66890328,57.19037328,29.50193211,0.20290532,-0.43438775,1.23069654,0.20218584,-0.43726806,1.22509034,9.75429309,0.00000001
3.78000000,SHIFT_WEIGHT,-0.00695797,-0.01227155,0.01153782,-0.07986267,0.07020736,0.31906834,-0.08287971,0.06589834,0.09189076,0.02156897,0.00074410,24.77525687,5.65048587,57.22542505,29.49751605,0.20317201,-0.43382376,1.23002810,0.20247842,-0.43672613,1.22454676,9.76648596,0.00000001
3.79000000,SHIFT_WEIGHT,-0.00698457,-0.01231426,0.01156889,-0.08000303,0.07033526,0.31906911,-0.08301080,0.06601891,0.09175189,0.02156998,0.00074512,24.76482245,5.63563739,57.25522349,29.49376497,0.20341835,-0.43330244,1.22940668,0.20274876,-0.43622592,1.22404543,9.77762136,0.00000001
3.80000000,SHIFT_WEIGHT,-0.00700922,-0.01235444,0.01159774,-0.08013357,0.07045434,0.31906996,-0.08313281,0.06613124,0.09162239,0.02157082,0.00074596,24.75533311,5.62433058,57.27981476,29.49066431,0.20364490,-0.43282273,1.22883119,0.20299748,-0.43576626,1.22358513,9.78770471,0.00000001
3.81000000,SHIFT_WEIGHT,-0.00703192,-0.01239206,0.01162441,-0.08025449,0.07056479,0.31907091,-0.08324591,0.06623551,0.09150207,0.02157149,0.00074662,24.74678177,5.61653501,57.29925139,29.48819878,0.20385225,-0.43238345,1.22830049,0.20322521,-0.43534590,1.22316457,9.79674260,0.00000001
3.82000000,SHIFT_WEIGHT,-0.00705267,-0.01242714,0.01164891,-0.08036599,0.07066682,0.31907197,-0.08335029,0.06633192,0.09139076,0.02157198,0.00074712,24.73915916,5.61221700,57.31359223,29.48635246,0.20404104,-0.43198339,1.22781334,0.20343264,-0.43496350,1.22278239,9.80474274,0.00000001
3.83000000,SHIFT_WEIGHT,-0.00707149,-0.01245968,0.01167128,-0.08046829,0.07076065,0.31907314,-0.08344614,0.06642065,0.09128825,0.02157231,0.00074745,24.73245397,5.61133949,57.32290244,29.48510886,0.20421193,-0.43162126,1.22736842,0.20362048,-0.43461769,1.22243713,9.81171398,0.00000001
3.84000000,SHIFT_WEIGHT,-0.00708839,-0.01248968,0.01169154,-0.08056161,0.07084650,0.31907445,-0.08353368,0.06650193,0.09119433,0.02157246,0.00074760,24.72665288,5.61386198,57.32725352,29.48445091,0.20436558,-0.43129571,1.22696431,0.20378947,-0.43430698,1.22212726,9.81766632,0.00000001
3.85000000,SHIFT_WEIGHT,-0.00710338,-0.01251716,0.01170974,-0.08064622,0.07092462,0.31907590,-0.08361313,0.06657597,0.09110877,0.02157245,0.00074758,24.72174069,5.61974040,57.32672324,29.48436103,0.20450273,-0.43100530,1.22659955,0.20394040,-0.43402985,1.22185118,9.82261090,0.00000000
3.86000000,SHIFT_WEIGHT,-0.00711648,-0.01254214,0.01172591,-0.08072237,0.07099527,0.31907751,-0.08368474,0.06664301,0.09103134,0.02157226,0.00074740,24.71770048,5.62892696,57.32139565,29.48482108,0.20462411,-0.43074855,1.22627254,0.20407407,-0.43378469,1.22160717,9.82656005,0.00000000
3.87000000,SHIFT_WEIGHT,-0.00712771,-0.01256463,0.01174009,-0.08079035,0.07105870,0.31907929,-0.08374876,0.06670331,0.09096176,0.02157192,0.00074705,24.71451366,5.64137007,57.31136105,29.48581243,0.20473050,-0.43052390,1.22598165,0.20419135,-0.43356981,1.22139347,9.82952720,0.00000000
3.88000000,SHIFT_WEIGHT,-0.00713710,-0.01258465,0.01175233,-0.08085043,0.07111522,0.31908124,-0.08380545,0.06675711,0.09089978,0.02157140,0.00074654,24.71216019,5.65701420,57.29671597,29.48731590,0.20482271,-0.43032969,1.22572511,0.20429311,-0.43338345,1.22120822,9.83152697,0.00000000
3.89000000,SHIFT_WEIGHT,-0.00714467,-0.01260224,0.01176267,-0.08090295,0.07116510,0.31908337,-0.08385509,0.06680471,0.09084510,0.02157073,0.00074587,24.71061864,5.67579974,57.27756309,29.48931181,0.20490157,-0.43016424,1.22550112,0.20438029,-0.43322378,1.22104948,9.83257514,0.00000000
3.90000000,SHIFT_WEIGHT,-0.00715045,-0.01261743,0.01177117,-0.08094821,0.07120867,0.31908571,-0.08389799,0.06684637,0.09079742,0.02156991,0.00074504,24.70986633,5.69766288,57.25401127,29.49177999,0.20496796,-0.43002575,1.22530777,0.20445385,-0.43308891,1.22091523,9.83268862,0.00000000
3.91000000,SHIFT_WEIGHT,-0.00715448,-0.01263025,0.01177788,-0.08098655,0.07124626,0.31908825,-0.08393444,0.06688241,0.09075643,0.02156893,0.00074406,24.70987948,5.72253554,57.22617547,29.49469974,0.20502279,-0.42991238,1.22514305,0.20451478,-0.43297684,1.22080335,9.83188550,0.00000000
3.92000000,SHIFT_WEIGHT,-0.00715679,-0.01264074,0.01178286,-0.08101834,0.07127819,0.31909102,-0.08396478,0.06691314,0.09072180,0.02156780,0.00074294,24.71063328,5.75034518,57.19417669,29.49804995,0.20506698,-0.42982220,1.22500488,0.20456413,-0.43288552,1.22071168,9.83018501,0.00000000
3.93000000,SHIFT_WEIGHT,-0.00715743,-0.01264894,0.01178616,-0.08104394,0.07130482,0.31909401,-0.08398934,0.06693888,0.09069317,0.02156653,0.00074166,24.71210205,5.78101476,57.15814195,29.50180904,0.20510152,-0.42975322,1.22489111,0.20460298,-0.43281281,1.22063792,9.82760754,0.00000000
3.94000000,SHIFT_WEIGHT,-0.00715643,-0.01265491,0.01178785,-0.08106374,0.07132652,0.31909724,-0.08400846,0.06695997,0.09067018,0.02156512,0.00074026,24.71425926,5.81446259,57.11820423,29.50595503,0.20512742,-0.42970335,1.22479948,0.20463243,-0.43275651,1.22057975,9.82417462,0.00000000
3.95000000,SHIFT_WEIGHT,-0.00715383,-0.01265869,0.01178801,-0.08107814,0.07134368,0.31910073,-0.08402253,0.06697677,0.09065246,0.02156358,0.00073871,24.71707769,5.85060226,57.07450239,29.51046561,0.20514571,-0.42967045,1.22472765,0.20465366,-0.43271431,1.22053471,9.81990895,0.00000000
3.96000000,SHIFT_WEIGHT,-0.00714970,-0.01266033,0.01178669,-0.08108756,0.07135668,0.31910447,-0.08403192,0.06698965,0.09063961,0.02156191,0.00073705,24.72052949,5.88934249,57.02718116,29.51531817,0.20515747,-0.42965230,1.22467320,0.20466785,-0.43268386,1.22050029,9.81483435,0.00000000
3.97000000,SHIFT_WEIGHT,-0.00714407,-0.01265990,0.01178397,-0.08109243,0.07136595,0.31910849,-0.08403702,0.06699898,0.09063122,0.02156012,0.00073526,24.72458625,5.93058711,56.97639103,29.52048986,0.20516383,-0.42964658,1.22463361,0.20467625,-0.43266270,1.22047388,9.80897579,0.00000000
3.98000000,SHIFT_WEIGHT,-0.00713700,-0.01265746,0.01177992,-0.08109321,0.07137191,0.31911278,-0.08403826,0.06700516,0.09062686,0.02155822,0.00073335,24.72921907,5.97423488,56.92228825,29.52595764,0.20516592,-0.42965091,1.22460630,0.20468013,-0.43264831,1.22045281,9.80235939,0.00000000
3.99000000,SHIFT_WEIGHT,-0.00712855,-0.01265307,0.01177464,-0.08109036,0.07137500,0.31911737,-0.08403605,0.06700861,0.09062610,0.02155621,0.00073134,24.73479835,6.02016731,56.86513604,29.53214476,0.20516496,-0.42966285,1.22458856,0.20468082,-0.43263807,1.22043430,9.79502246,0.00000007
4.00000000,SHIFT_WEIGHT,-0.00711876,-0.01264682,0.01176819,-0.08108437,0.07137568,0.31912226,-0.08403084,0.06700973,0.09062847,0.02155410,0.00072923,24.74042594,6.06829535,56.80483579,29.53805562,0.20516216,-0.42967985,1.22457762,0.20467967,-0.43262929,1.22041549,9.78696623,0.00000005
4.01000000,LIFT_LEG,-0.00710770,-0.01263876,0.01176066,-0.08107574,0.07137442,0.31912747,-0.08402308,0.06700898,0.09063351,0.02155190,0.00072703,24.74668330,6.11770197,56.74171544,29.54337432,0.20515878,-0.42969930,1.22457066,0.20467796,-0.43261966,1.22039407,9.77824150,0.00000009
4.02000000,LIFT_LEG,-0.00709555,-0.01262903,0.01175215,-0.08106498,0.07137171,0.31913298,-0.08401325,0.06700679,0.09064073,0.02154964,0.00072478,24.75193751,6.16486565,56.67649263,29.54701498,0.20515589,-0.42971898,1.22456535,0.20467613,-0.43260945,1.22037134,9.76898763,0.00000007
4.03000000,LIFT_LEG,-0.00708261,-0.01261786,0.01174280,-0.08105256,0.07136797,0.31913873,-0.08400180,0.06700359,0.09064969,0.02154743,0.00072257,24.75929509,6.20705023,56.61106541,29.54860208,0.20515419,-0.42973760,1.22456054,0.20467442,-0.43259984,1.22034997,9.75949626,0.00000010
4.04000000,LIFT_LEG,-0.00706927,-0.01260554,0.01173274,-0.08103894,0.07136362,0.31914460,-0.08398914,0.06699975,0.09065997,0.02154538,0.00072052,24.76723699,6.24237152,56.54720907,29.54906729,0.20515403,-0.42975467,1.22455619,0.20467303,-0.43259207,1.22033269,9.75004754,0.00000004
4.05000000,LIFT_LEG,-0.00705587,-0.01259229,0.01172216,-0.08102454,0.07135899,0.31915041,-0.08397569,0.06699560,0.09067119,0.02154360,0.00071873,24.77912701,6.26891997,56.48672160,29.54747053,0.20515556,-0.42977026,1.22455305,0.20467223,-0.43258762,1.22032277,9.74092400,0.00000009
4.06000000,LIFT_LEG,-0.00704266,-0.01257829,0.01171118,-0.08100971,0.07135432,0.31915599,-0.08396179,0.06699138,0.09068299,0.02154214,0.00071728,24.79366246,6.28962142,56.43046585,29.54613600,0.20515875,-0.42978483,1.22455248,0.20467206,-0.43258662,1.22032054,9.73230117,0.00000007
4.07000000,LIFT_LEG,-0.00702984,-0.01256364,0.01169991,-0.08099481,0.07134983,0.31916112,-0.08394778,0.06698728,0.09069505,0.02154105,0.00071618,24.81331721,6.30010204,56.37953899,29.54421565,0.20516345,-0.42979887,1.22455580,0.20467281,-0.43259082,1.22032989,9.72436031,0.00000009
4.08000000,LIFT_LEG,-0.00701735,-0.01254851,0.01168846,-0.08098013,0.07134563,0.31916563,-0.08393394,0.06698344,0.09070708,0.02154033,0.00071546,24.83864063,6.30268169,56.33414933,29.54388486,0.20516951,-0.42981327,1.22456488,0.20467460,-0.43260085,1.22035221,9.71717718,0.00000009
4.09000000,LIFT_LEG,-0.00700512,-0.01253297,0.01167683,-0.08096592,0.07134176,0.31916935,-0.08392052,0.06697990,0.09071885,0.02153999,0.00071513,24.86736219,6.29726957,56.29424208,29.54509658,0.20517660,-0.42982884,1.22458145,0.20467755,-0.43261738,1.22038899,9.71078458,0.00000005
4.10000000,LIFT_LEG,-0.00699298,-0.01251710,0.01166497,-0.08095239,0.07133823,0.31917217,-0.08390773,0.06697668,0.09073013,0.02154002,0.00071515,24.90004927,6.28425568,56.25941900,29.54973757,0.20518434,-0.42984641,1.22460720,0.20468177,-0.43264103,1.22044161,9.70516562,0.00000006
4.11000000,LIFT_LEG,-0.00698067,-0.01250095,0.01165279,-0.08093972,0.07133499,0.31917400,-0.08389575,0.06697372,0.09074077,0.02154040,0.00071553,24.93604691,6.26409849,56.22906311,29.55794131,0.20519234,-0.42986681,1.22464375,0.20468736,-0.43267233,1.22051126,9.70026159,0.00000006
4.12000000,LIFT_LEG,-0.00696786,-0.01248455,0.01164011,-0.08092802,0.07133193,0.31917479,-0.08388470,0.06697096,0.09075065,0.02154111,0.00071625,24.97450689,6.23727421,56.20239707,29.57042679,0.20520015,-0.42989084,1.22469260,0.20469440,-0.43271174,1.22059895,9.69598355,0.00000005
4.13000000,LIFT_LEG,-0.00695420,-0.01246793,0.01162672,-0.08091739,0.07132896,0.31917451,-0.08387467,0.06696829,0.09075968,0.02154213,0.00071727,25.01390694,6.20430286,56.17847002,29.58688653,0.20520735,-0.42991927,1.22475510,0.20470296,-0.43275965,1.22070555,9.69221377,0.00000008
4.14000000,LIFT_LEG,-0.00693929,-0.01245107,0.01161235,-0.08090785,0.07132593,0.31917319,-0.08386569,0.06696559,0.09076785,0.02154345,0.00071859,25.05545960,6.16576757,56.15642147,29.61054466,0.20521354,-0.42995287,1.22483249,0.20471310,-0.43281638,1.22083180,9.68883470,0.00000007
4.15000000,LIFT_LEG,-0.00692274,-0.01243392,0.01159673,-0.08089938,0.07132270,0.31917083,-0.08385777,0.06696273,0.09077517,0.02154504,0.00072018,25.09713711,6.12219962,56.13518407,29.63848733,0.20521833,-0.42999235,1.22492585,0.20472486,-0.43288222,1.22097830,9.68569909,0.00000007
4.16000000,LIFT_LEG,-0.00690415,-0.01241642,0.01157958,-0.08089195,0.07131913,0.31916749,-0.08385086,0.06695958,0.09078168,0.02154688,0.00072202,25.14006454,6.07416800,56.11397353,29.67127750,0.20522141,-0.43003840,1.22503616,0.20473830,-0.43295738,1.22114556,9.68267944,0.00000008
4.17000000,LIFT_LEG,-0.00688318,-0.01239845,0.01156063,-0.08088545,0.07131508,0.31916322,-0.08384489,0.06695603,0.09078749,0.02154895,0.00072409,25.18143264,6.02217347,56.09170977,29.71201866,0.20522252,-0.43009170,1.22516423,0.20475344,-0.43304207,1.22133401,9.67962773,0.00000006
4.18000000,LIFT_LEG,-0.00685956,-0.01237980,0.01153962,-0.08087976,0.07131044,0.31915808,-0.08383974,0.06695194,0.09079272,0.02155123,0.00072636,25.22363298,5.96675330,56.06760285,29.75727612,0.20522141,-0.43015285,1.22531084,0.20477032,-0.43313643,1.22154400,9.67641212,0.00000009
4.19000000,LIFT_LEG,-0.00683302,-0.01236029,0.01151631,-0.08087472,0.07130510,0.31915213,-0.08383527,0.06694723,0.09079752,0.02155370,0.00072883,25.26512959,5.90825669,56.04091701,29.80751715,0.20521796,-0.43022243,1.22547657,0.20478896,-0.43324059,1.22177583,9.67290893,0.00000000
4.20000000,LIFT_LEG,-0.00680333,-0.01233968,0.01149053,-0.08087016,0.07129897,0.31914543,-0.08383132,0.06694182,0.09080206,0.02155634,0.00073147,25.30822185,5.84703053,56.01115574,29.86326102,0.20521214,-0.43030103,1.22566191,0.20480939,-0.43335468,1.22202975,9.66901725,0.00000000
4.21000000,LIFT_LEG,-0.00677033,-0.01231776,0.01146215,-0.08086587,0.07129200,0.31913804,-0.08382770,0.06693564,0.09080655,0.02155914,0.00073428,25.35239839,5.78325668,55.97770203,29.92392600,0.20520394,-0.43038921,1.22586723,0.20483161,-0.43347879,1.22230599,9.66462733,0.00000000
4.22000000,LIFT_LEG,-0.00673388,-0.01229431,0.01143108,-0.08086166,0.07128412,0.31913002,-0.08382423,0.06692865,0.09081118,0.02156209,0.00073723,25.39825838,5.71711381,55.94006716,29.98908832,0.20519343,-0.43048747,1.22609282,0.20485567,-0.43361302,1.22260476,9.65964563,0.00000000
4.23000000,LIFT_LEG,-0.00669390,-0.01226906,0.01139727,-0.08085730,0.07127531,0.31912143,-0.08382070,0.06692082,0.09081615,0.02156519,0.00074033,25.44638503,5.64871262,55.89784627,30.05835100,0.20518070,-0.43059629,1.22633889,0.20488156,-0.43375744,1.22292625,9.65398967,0.00000000
4.24000000,LIFT_LEG,-0.00665033,-0.01224177,0.01136070,-0.08085259,0.07126556,0.31911233,-0.08381692,0.06691212,0.09082167,0.02156844,0.00074358,25.49735717,5.57811367,55.85070858,30.13132047,0.20516589,-0.43071612,1.22660560,0.20490931,-0.43391213,1.22327060,9.64758772,0.00000000
4.25000000,LIFT_LEG,-0.00660316,-0.01221221,0.01132139,-0.08084732,0.07125485,0.31910275,-0.08381270,0.06690256,0.09082794,0.02157182,0.00074696,25.55172556,5.50533917,55.79839013,30.20762069,0.20514915,-0.43084735,1.22689304,0.20493893,-0.43407713,1.22363794,9.64037855,0.00000000
4.26000000,LIFT_LEG,-0.00655237,-0.01218016,0.01127937,-0.08084130,0.07124320,0.31909276,-0.08380784,0.06689214,0.09083515,0.02157535,0.00075049,25.60999079,5.43038456,55.74068691,30.28690669,0.20513065,-0.43099033,1.22720127,0.20497043,-0.43425250,1.22402840,9.63231095,0.00000000
4.27000000,LIFT_LEG,-0.00649797,-0.01214541,0.01123468,-0.08083435,0.07123062,0.31908238,-0.08380219,0.06688087,0.09084346,0.02157903,0.00075417,25.67258614,5.35322888,55.67744904,30.36887584,0.20511055,-0.43114536,1.22753031,0.20500382,-0.43443827,1.22444205,9.62334328,0.00000000
4.28000000,LIFT_LEG,-0.00643997,-0.01210779,0.01118739,-0.08082631,0.07121712,0.31907164,-0.08379558,0.06686877,0.09085303,0.02158286,0.00075799,25.73986588,5.27384318,55.60857583,30.45327612,0.20508902,-0.43131269,1.22788018,0.20503912,-0.43463448,1.22487897,9.61344310,0.00000000
4.29000000,LIFT_LEG,-0.00637839,-0.01206715,0.01113753,-0.08081703,0.07120272,0.31906058,-0.08378788,0.06685584,0.09086401,0.02158684,0.00076198,25.81209885,5.19219666,55.53401178,30.53991113,0.20506620,-0.43149254,1.22825087,0.20507632,-0.43484115,1.22533921,9.60258672,0.00000001
4.30000000,LIFT_LEG,-0.00631325,-0.01202335,0.01108516,-0.08080639,0.07118745,0.31904921,-0.08377897,0.06684212,0.09087650,0.02159099,0.00076612,25.88946672,5.10826067,55.45374316,30.62864178,0.20504224,-0.43168503,1.22864235,0.20511544,-0.43505826,1.22582278,9.59075882,0.00000001
4.31000000,LIFT_LEG,-0.00624457,-0.01197629,0.01103030,-0.08079431,0.07117131,0.31903755,-0.08376877,0.06682761,0.09089060,0.02159530,0.00077044,25.97206658,5.02201087,55.36779498,30.71938500,0.20501724,-0.43189026,1.22905461,0.20515647,-0.43528584,1.22632968,9.57795210,0.00000001
4.32000000,LIFT_LEG,-0.00617237,-0.01192592,0.01097298,-0.08078070,0.07115433,0.31902560,-0.08375719,0.06681233,0.09090639,0.02159979,0.00077493,26.05991682,4.93342771,55.27622842,30.81210988,0.20499129,-0.43210828,1.22948762,0.20519943,-0.43552385,1.22685989,9.56416684,0.00000001
4.33000000,LIFT_LEG,-0.00609667,-0.01187217,0.01091319,-0.08076552,0.07113651,0.31901337,-0.08374419,0.06679630,0.09092390,0.02160446,0.00077959,26.15296563,4.84249594,55.17913821,30.90683182,0.20496448,-0.43233907,1.22994136,0.20524431,-0.43577228,1.22741335,9.54941046,0.00000001
4.34000000,LIFT_LEG,-0.00601747,-0.01181504,0.01085095,-0.08074874,0.07111786,0.31900085,-0.08372974,0.06677951,0.09094318,0.02160931,0.00078445,26.25110116,4.74920334,55.07665025,31.00360517,0.20493685,-0.43258257,1.23041578,0.20529111,-0.43603108,1.22798999,9.53369712,0.00000001
4.35000000,LIFT_LEG,-0.00593478,-0.01175452,0.01078622,-0.08073036,0.07109840,0.31898804,-0.08371383,0.06676198,0.09096424,0.02161436,0.00078950,26.35416262,4.65353916,54.96891890,31.10251495,0.20490844,-0.43283871,1.23091086,0.20533983,-0.43630020,1.22858970,9.51704712,0.00000001
4.36000000,LIFT_LEG,-0.00584863,-0.01169065,0.01071899,-0.08071039,0.07107812,0.31897493,-0.08369647,0.06674372,0.09098705,0.02161962,0.00079475,26.46195152,4.55549269,54.85612429,31.20366817,0.20487928,-0.43310734,1.23142653,0.20539046,-0.43657960,1.22921238,9.49948638,0.00000001
4.37000000,LIFT_LEG,-0.00575903,-0.01162347,0.01064924,-0.08068886,0.07105704,0.31896150,-0.08367770,0.06672472,0.09101161,0.02162508,0.00080021,26.57424248,4.45505202,54.73846919,31.30718516,0.20484938,-0.43338831,1.23196274,0.20544300,-0.43686921,1.22985789,9.48104580,0.00000001
4.38000000,LIFT_LEG,-0.00566601,-0.01155304,0.01057693,-0.08066583,0.07103515,0.31894772,-0.08365754,0.06670499,0.09103786,0.02163075,0.00080589,26.69079321,4.35220334,54.61617578,31.41319137,0.20481874,-0.43368143,1.23251942,0.20549743,-0.43716894,1.23052605,9.46176054,0.00000001
4.39000000,LIFT_LEG,-0.00556959,-0.01147945,0.01050205,-0.08064134,0.07101245,0.31893358,-0.08363607,0.06668453,0.09106577,0.02163665,0.00081179,26.81135317,4.24693078,54.48948197,31.52180989,0.20478737,-0.43398651,1.23309646,0.20555376,-0.43747872,1.23121669,9.44166930,0.00000001
4.40000000,LIFT_LEG,-0.00546980,-0.01140277,0.01042458,-0.08061548,0.07098896,0.31891906,-0.08361333,0.06666335,0.09109526,0.02164278,0.00081792,26.93567090,4.13921687,54.35863775,31.63315485,0.20475526,-0.43430332,1.23369375,0.20561197,-0.43779844,1.23192960,9.42081357,0.00000001
4.41000000,LIFT_LEG,-0.00536671,-0.01132310,0.01034450,-0.08058831,0.07096467,0.31890413,-0.08358942,0.06664145,0.09112626,0.02164915,0.00082429,27.06349984,4.02904351,54.22390116,31.74732598,0.20472241,-0.43463165,1.23431115,0.20567204,-0.43812800,1.23266455,9.39923678,0.00000001
4.42000000,LIFT_LEG,-0.00526035,-0.01124056,0.01026183,-0.08055994,0.07093960,0.31888876,-0.08356439,0.06661884,0.09115870,0.02165577,0.00083091,27.19460263,3.91639345,54.08553444,31.86440437,0.20468882,-0.43497127,1.23494850,0.20573397,-0.43846729,1.23342130,9.37698357,0.00000001
4.43000000,LIFT_LEG,-0.00515079,-0.01115524,0.01017658,-0.08053045,0.07091375,0.31887294,-0.08353835,0.06659552,0.09119250,0.02166265,0.00083778,27.32875414,3.80125199,53.94380011,31.98444927,0.20465449,-0.43532195,1.23560560,0.20579773,-0.43881617,1.23419956,9.35409900,0.00000001
4.44000000,LIFT_LEG,-0.00503811,-0.01106727,0.01008878,-0.08049992,0.07088714,0.31885664,-0.08351137,0.06657151,0.09122757,0.02166979,0.00084493,27.46574320,3.68360904,53.79895732,32.10749619,0.20461943,-0.43568347,1.23628224,0.20586331,-0.43917451,1.23499905,9.33062780,0.00000001
4.45000000,LIFT_LEG,-0.00492238,-0.01097675,0.00999847,-0.08046846,0.07085977,0.31883985,-0.08348355,0.06654681,0.09126384,0.02167722,0.00085235,27.60537344,3.56346103,53.65125841,32.23355592,0.20458363,-0.43605561,1.23697816,0.20593070,-0.43954216,1.23581944,9.30661374,0.00000001
4.46000000,LIFT_LEG,-0.00480368,-0.01088380,0.00990571,-0.08043614,0.07083168,0.31882254,-0.08345495,0.06652145,0.09130122,0.02168493,0.00086007,27.74746324,3.44081287,53.50094594,32.36261455,0.20454712,-0.43643815,1.23769308,0.20599985,-0.43991895,1.23666036,9.28209901,0.00000001
4.47000000,LIFT_LEG,-0.00468212,-0.01078853,0.00981057,-0.08040307,0.07080287,0.31880470,-0.08342568,0.06649544,0.09133964,0.02169294,0.00086808,27.89184515,3.31567956,53.34825011,32.49463423,0.20450991,-0.43683088,1.23842668,0.20607076,-0.44030471,1.23752145,9.25712373,0.00000001
4.48000000,LIFT_LEG,-0.00455779,-0.01069105,0.00971312,-0.08036931,0.07077336,0.31878633,-0.08339579,0.06646880,0.09137900,0.02170126,0.00087639,28.03836485,3.18808755,53.19338675,32.62955463,0.20447202,-0.43723360,1.23917864,0.20614339,-0.44069925,1.23840228,9.23172552,0.00000001
4.49000000,LIFT_LEG,-0.00443080,-0.01059146,0.00961346,-0.08033495,0.07074319,0.31876741,-0.08336538,0.06644155,0.09141925,0.02170989,0.00088502,28.18687999,3.05807568,53.03655573,32.76729488,0.20443346,-0.43764609,1.23994858,0.20621772,-0.44110237,1.23930242,9.20593925,0.00000001
4.50000000,LIFT_LEG,-0.00430124,-0.01048987,0.00951167,-0.08030006,0.07071238,0.31874794,-0.08333450,0.06641371,0.09146032,0.02171884,0.00089398,28.33725883,2.92569564,52.87794013,32.90775585,0.20439428,-0.43806816,1.24073609,0.20629371,-0.44151384,1.24022139,9.17979677,0.00000001
4.51000000,LIFT_LEG,-0.00416923,-0.01038638,0.00940786,-0.08026471,0.07068094,0.31872792,-0.08330321,0.06638531,0.09150215,0.02172813,0.00090327,28.48937895,2.79101205,52.71770573,33.05082270,0.20435449,-0.43849960,1.24154075,0.20637132,-0.44193345,1.24115868,9.15332685,0.00000001
4.52000000,LIFT_LEG,-0.00403487,-0.01028108,0.00930213,-0.08022894,0.07064892,0.31870735,-0.08327157,0.06635636,0.09154467,0.02173776,0.00091289,28.64312601,2.65410201,52.55600118,33.19636753,0.20431413,-0.43894020,1.24236210,0.20645053,-0.44236093,1.24211375,9.12655519,0.00000001
4.53000000,LIFT_LEG,-0.00389827,-0.01017405,0.00919459,-0.08019282,0.07061633,0.31868625,-0.08323962,0.06632690,0.09158785,0.02174772,0.00092286,28.79839268,2.51505435,52.39295850,33.34425202,0.20427323,-0.43938977,1.24319965,0.20653128,-0.44279604,1.24308604,9.09950445,0.00000001
4.54000000,LIFT_LEG,-0.00375954,-0.01006539,0.00908534,-0.08015638,0.07058320,0.31866462,-0.08320742,0.06629695,0.09163163,0.02175804,0.00093317,28.95507769,2.37396843,52.22869409,33.49433005,0.20423183,-0.43984807,1.24405290,0.20661353,-0.44323850,1.24407494,9.07219446,0.00000001
4.55000000,LIFT_LEG,-0.00361879,-0.00995516,0.00897448,-0.08011967,0.07054957,0.31864247,-0.08317499,0.06626654,0.09167598,0.02176870,0.00094384,29.11308500,2.23095277,52.06330996,33.64645017,0.20418996,-0.44031488,1.24492130,0.20669725,-0.44368802,1.24507982,9.04464238,0.00000001
4.56000000,LIFT_LEG,-0.00347612,-0.00984345,0.00886213,-0.08008271,0.07051545,0.31861983,-0.08314236,0.06623568,0.09172086,0.02177971,0.00095485,29.27232317,2.08612345,51.89689529,33.80045785,0.20414767,-0.44078996,1.24580429,0.20678237,-0.44414429,1.24610002,9.01686301,0.00000001
4.57000000,LIFT_LEG,-0.00333163,-0.00973033,0.00874838,-0.08004553,0.07048088,0.31859671,-0.08310956,0.06620440,0.09176625,0.02179108,0.00096621,29.43270479,1.93960237,51.72952809,33.95619760,0.20410498,-0.44127306,1.24670128,0.20686885,-0.44460702,1.24713484,8.98886909,0.00000001
4.58000000,LIFT_LEG,-0.00318542,-0.00961587,0.00863333,-0.08000816,0.07044588,0.31857312,-0.08307661,0.06617273,0.09181212,0.02180279,0.00097792,29.59414598,1.79151552,51.56127706,34.11351479,0.20406194,-0.44176390,1.24761167,0.20695664,-0.44507587,1.24818358,8.96067158,0.00000001
4.59000000,LIFT_LEG,-0.00303759,-0.00950012,0.00851707,-0.07997060,0.07041047,0.31854910,-0.08304352,0.06614069,0.09185845,0.02181483,0.00098997,29.75656602,1.64199126,51.39220335,34.27225722,0.20401860,-0.44226220,1.24853483,0.20704568,-0.44555050,1.24924548,8.93228003,0.00000001
4.60000000,LIFT_LEG,-0.00288824,-0.00938315,0.00839970,-0.07993288,0.07037468,0.31852467,-0.08301030,0.06610831,0.09190523,0.02182722,0.00100236,29.91988689,1.49115874,51.22236241,34.43227645,0.20397500,-0.44276767,1.24947010,0.20713590,-0.44603058,1.25031978,8.90370288,0.00000001
4.61000000,LIFT_LEG,-0.00273746,-0.00926502,0.00828129,-0.07989499,0.07033854,0.31849984,-0.08297695,0.06607559,0.09195244,0.02183993,0.00101507,30.08402996,1.34091283,51.05180825,34.59342927,0.20393118,-0.44328001,1.25041684,0.20722725,-0.44651574,1.25140570,8.87494779,0.00000001
4.62000000,LIFT_LEG,-0.00258598,-0.00914603,0.00816197,-0.07985699,0.07030210,0.31847471,-0.08294354,0.06604259,0.09200002,0.02185339,0.00102852,30.24621600,1.22789510,50.88210740,34.75148377,0.20388760,-0.44380476,1.25137827,0.20731973,-0.44700597,1.25250319,8.84620858,0.00000001
4.63000000,LIFT_LEG,-0.00243526,-0.00902698,0.00804187,-0.07981903,0.07026552,0.31844953,-0.08291023,0.06600945,0.09204779,0.02186813,0.00104327,30.40293464,1.11075646,50.71316817,34.90145566,0.20384522,-0.44434729,1.25235357,0.20741349,-0.44750198,1.25361388,8.81749170,0.00000001
4.64000000,LIFT_LEG,-0.00228546,-0.00890818,0.00792098,-0.07978133,0.07022898,0.31842447,-0.08287721,0.06597633,0.09209555,0.02188409,0.00105923,30.55530010,0.98800402,50.54418526,35.04484804,0.20380454,-0.44490646,1.25333923,0.20750850,-0.44800363,1.25473744,8.78873188,0.00000001
4.65000000,LIFT_LEG,-0.00213637,-0.00878962,0.00779915,-0.07974407,0.07019261,0.31839957,-0.08284467,0.06594335,0.09214317,0.02190111,0.00107624,30.70485390,0.86115921,50.37552105,35.18306250,0.20376561,-0.44548053,1.25433333,0.20760466,-0.44851037,1.25587267,8.76000899,0.00000001
4.66000000,LIFT_LEG,-0.00198788,-0.00867127,0.00767615,-0.07970739,0.07015647,0.31837477,-0.08281273,0.06591059,0.09219053,0.02191908,0.00109422,30.85191852,0.75158216,50.20847323,35.31749971,0.20372763,-0.44606864,1.25533654,0.20770187,-0.44902163,1.25701830,8.73149197,0.00000001
4.67000000,LIFT_LEG,-0.00184037,-0.00855414,0.00755239,-0.07967153,0.07012075,0.31835017,-0.08278161,0.06587823,0.09223747,0.02193858,0.00111371,30.98715056,0.66485634,50.04461974,35.44910088,0.20368546,-0.44667295,1.25635627,0.20780018,-0.44953758,1.25817469,8.70329030,0.00000001
4.68000000,LIFT_LEG,-0.00169368,-0.00843923,0.00742880,-0.07963674,0.07008576,0.31832593,-0.08275153,0.06584655,0.09228373,0.02195952,0.00113465,31.11144604,0.57447320,49.88243900,35.57790871,0.20363754,-0.44729059,1.25738962,0.20789958,-0.45005823,1.25934188,8.67530373,0.00000001
4.69000000,LIFT_LEG,-0.00154804,-0.00832663,0.00730625,-0.07960328,0.07005178,0.31830205,-0.08272272,0.06581583,0.09232910,0.02198172,0.00115686,31.22882842,0.48077020,49.72248937,35.70304352,0.20358417,-0.44791962,1.25843364,0.20800002,-0.45058326,1.26051919,8.64772369,0.00000001
4.70000000,LIFT_LEG,-0.00140272,-0.00821546,0.00718563,-0.07957128,0.07001903,0.31827840,-0.08269545,0.06578630,0.09237335,0.02199821,0.00117335,31.35226823,0.37985182,49.54966520,35.83097716,0.20351807,-0.44858219,1.25945090,0.20810140,-0.45111208,1.26170526,8.61916138,0.00000001
4.71000000,LIFT_LEG,-0.00124909,-0.00809519,0.00706249,-0.07954115,0.06998742,0.31825398,-0.08267043,0.06575800,0.09241615,0.02199798,0.00117312,31.50670930,0.09754414,49.34413721,35.91151685,0.20343627,-0.44931518,1.26044370,0.20820170,-0.45163418,1.26287656,8.58774062,0.00000001
4.72000000,LIFT_LEG,-0.00109773,-0.00797040,0.00693280,-0.07951316,0.06995663,0.31822808,-0.08264755,0.06573048,0.09245826,0.02200015,0.00117529,31.68435156,0.00000000,49.16780267,36.00542489,0.20337274,-0.45004424,1.26144041,0.20830206,-0.45215553,1.26404645,8.55949017,0.00000001
4.73000000,LIFT_LEG,-0.00095193,-0.00784416,0.00679377,-0.07948758,0.06992633,0.31820053,-0.08262714,0.06570342,0.09249917,0.02200080,0.00117593,31.87009739,0.00000000,49.02199913,36.08789215,0.20333187,-0.45079636,1.26243538,0.20840323,-0.45267997,1.26522354,8.53534320,0.00000001
4.74000000,LIFT_LEG,-0.00081490,-0.00772218,0.00664345,-0.07946489,0.06989629,0.31817166,-0.08260934,0.06567654,0.09253862,0.02201683,0.00119197,32.03138086,0.00000000,48.93081183,36.18099692,0.20332363,-0.45151308,1.26347621,0.20850573,-0.45321024,1.26641400,8.51700834,0.00000001
4.75000000,LIFT_LEG,-0.00069344,-0.00761681,0.00648643,-0.07944528,0.06986663,0.31814281,-0.08259394,0.06564983,0.09257614,0.02206157,0.00123671,32.13384407,0.00000000,48.90489170,36.29341442,0.20335469,-0.45215581,1.26458470,0.20861138,-0.45375561,1.26763869,8.50561208,0.00000001
4.76000000,LIFT_LEG,-0.00058928,-0.00753299,0.00632967,-0.07942884,0.06983775,0.31811562,-0.08258108,0.06562363,0.09261063,0.02213500,0.00131014,32.17675679,0.00000000,48.90875407,36.39718882,0.20341921,-0.45275218,1.26575374,0.20872086,-0.45431948,1.26890525,8.49771629,0.00000001
4.77000000,LIFT_LEG,-0.00050165,-0.00746925,0.00617959,-0.07941567,0.06981016,0.31809144,-0.08257096,0.06559841,0.09264131,0.02223362,0.00140875,32.16991418,0.00000000,48.91993166,36.47854106,0.20350875,-0.45333045,1.26697510,0.20883391,-0.45490051,1.27021069,8.49129268,0.00000001
4.78000000,LIFT_LEG,-0.00042908,-0.00742185,0.00604153,-0.07940571,0.06978435,0.31807106,-0.08256364,0.06557465,0.09266796,0.02235333,0.00152847,32.12619773,0.00000000,48.92860400,36.53496272,0.20361537,-0.45390795,1.26824072,0.20894999,-0.45549565,1.27154819,8.48547376,0.00000001
4.79000000,LIFT_LEG,-0.00037014,-0.00738695,0.00591971,-0.07939875,0.06976079,0.31805473,-0.08255902,0.06555279,0.09269078,0.02249040,0.00166554,32.05865454,0.00000000,48.93309979,36.56951758,0.20373275,-0.45449285,1.26954304,0.20906849,-0.45610177,1.27291073,8.48012426,0.00000001
4.80000000,LIFT_LEG,-0.00032369,-0.00736146,0.00581712,-0.07939446,0.06973986,0.31804224,-0.08255680,0.06553321,0.09271020,0.02264165,0.00181679,31.97908895,0.00000000,48.93576568,36.58681778,0.20385644,-0.45508764,1.27087526,0.20918890,-0.45671620,1.27429237,8.47547040,0.00000001
4.81000000,LIFT_LEG,-0.00028883,-0.00734303,0.00573560,-0.07939238,0.06972187,0.31803311,-0.08255662,0.06551622,0.09272675,0.02280449,0.00197962,31.89727156,0.00000000,48.94013280,36.59096771,0.20398357,-0.45569191,1.27223151,0.20931083,-0.45733683,1.27568836,8.47183713,0.00000001
4.82000000,LIFT_LEG,-0.00026482,-0.00732991,0.00567588,-0.07939205,0.06970704,0.31802675,-0.08255804,0.06550205,0.09274092,0.02297674,0.00215187,31.82052183,0.00000000,48.94935424,36.58490232,0.20411239,-0.45630407,1.27360673,0.20943394,-0.45796193,1.27709478,8.46949617,0.00000001
4.83000000,LIFT_LEG,-0.00025090,-0.00732080,0.00563776,-0.07939304,0.06969550,0.31802253,-0.08256066,0.06549084,0.09275320,0.02315659,0.00233172,31.75382979,0.00000000,48.96559129,36.57024140,0.20424189,-0.45692225,1.27499659,0.20955795,-0.45858999,1.27850830,8.46860211,0.00000004
4.84000000,LIFT_LEG,-0.00024627,-0.00731470,0.00562018,-0.07939495,0.06968730,0.31801992,-0.08256410,0.06548267,0.09276396,0.02334250,0.00251764,31.69842897,0.00000000,48.98970464,36.54917858,0.20437144,-0.45754460,1.27639726,0.20968258,-0.45921966,1.27992587,8.46917120,0.00000006
4.85000000,LIFT_LEG,-0.00025001,-0.00731087,0.00562148,-0.07939743,0.06968238,0.31801848,-0.08256804,0.06547750,0.09277352,0.02353316,0.00270830,31.65707338,0.00000000,49.02202052,36.52027782,0.20450071,-0.45816957,1.27780528,0.20980760,-0.45984968,1.28134463,8.47114105,0.00000001
4.86000000,LIFT_LEG,-0.00026110,-0.00730887,0.00563958,-0.07940023,0.06968061,0.31801789,-0.08257225,0.06547522,0.09278211,0.02372745,0.00290259,31.62672776,0.00000000,49.06166330,36.48585233,0.20462941,-0.45879576,1.27921747,0.20993277,-0.46047888,1.28276197,8.47432808,0.00000001
4.87000000,LIFT_LEG,-0.00027844,-0.00730833,0.00567207,-0.07940315,0.06968175,0.31801793,-0.08257652,0.06547567,0.09278989,0.02392445,0.00309959,31.60619194,0.00000000,49.10744490,36.44584244,0.20475738,-0.45942189,1.28063091,0.21005786,-0.46110612,1.28417531,8.47851884,0.00000001
4.88000000,LIFT_LEG,-0.00030095,-0.00730905,0.00571641,-0.07940604,0.06968553,0.31801847,-0.08258072,0.06547859,0.09279699,0.02412335,0.00329849,31.59306669,0.00000000,49.15799987,36.40100007,0.20488455,-0.46004683,1.28204286,0.21018266,-0.46173033,1.28558226,8.48348446,0.00000001
4.89000000,LIFT_LEG,-0.00032749,-0.00731088,0.00577006,-0.07940881,0.06969158,0.31801946,-0.08258475,0.06548367,0.09280349,0.02432346,0.00349860,31.58496145,0.00000000,49.21171136,36.35221058,0.20501088,-0.46066955,1.28345072,0.21030696,-0.46235050,1.28698050,8.48897707,0.00000001
4.90000000,LIFT_LEG,-0.00035697,-0.00731371,0.00583052,-0.07941137,0.06969952,0.31802085,-0.08258857,0.06549056,0.09280946,0.02452417,0.00369931,31.57974173,0.00000000,49.26695887,36.30054248,0.20513636,-0.46128903,1.28485206,0.21043055,-0.46296562,1.28836778,8.49475896,0.00000001
4.91000000,LIFT_LEG,-0.00038831,-0.00731739,0.00589545,-0.07941371,0.06970894,0.31802262,-0.08259213,0.06549889,0.09281494,0.02472488,0.00390002,31.57569936,0.00000000,49.32217955,36.24721603,0.20526099,-0.46190432,1.28624451,0.21055324,-0.46357473,1.28974189,8.50060884,0.00000001
4.92000000,LIFT_LEG,-0.00042049,-0.00732175,0.00596266,-0.07941579,0.06971941,0.31802474,-0.08259541,0.06550827,0.09281998,0.02492500,0.00410014,31.57162674,0.00000000,49.37592761,36.19355495,0.20538474,-0.46251446,1.28762578,0.21067482,-0.46417685,1.29110066,8.50632745,0.00000001
4.93000000,LIFT_LEG,-0.00045254,-0.00732656,0.00603022,-0.07941759,0.06973051,0.31802719,-0.08259840,0.06551832,0.09282460,0.02512393,0.00429907,31.56681335,0.00000000,49.42691727,36.14092490,0.20550755,-0.46311854,1.28899365,0.21079508,-0.46477107,1.29244195,8.51174084,0.00000001
4.94000000,LIFT_LEG,-0.00048355,-0.00733156,0.00609639,-0.07941910,0.06974184,0.31802988,-0.08260111,0.06552866,0.09282887,0.02532105,0.00449619,31.56098687,0.00000000,49.47405121,36.09066616,0.20562931,-0.46371562,1.29034592,0.21091384,-0.46535644,1.29376366,8.51670200,0.00000001
4.95000000,LIFT_LEG,-0.00051272,-0.00733643,0.00615969,-0.07942031,0.06975301,0.31803276,-0.08260351,0.06553893,0.09283284,0.02551573,0.00469087,31.55422154,0.00000000,49.51643634,36.04402766,0.20574985,-0.46430480,1.29168045,0.21103090,-0.46593209,1.29506379,8.52109112,0.00000001
4.96000000,LIFT_LEG,-0.00053931,-0.00734087,0.00621884,-0.07942120,0.06976369,0.31803571,-0.08260561,0.06554882,0.09283656,0.02570734,0.00488247,31.54683274,0.00000000,49.55338882,36.00210843,0.20586899,-0.46488521,1.29299519,0.21114608,-0.46649718,1.29634043,8.52481488,0.00000001
4.97000000,LIFT_LEG,-0.00056272,-0.00734454,0.00627280,-0.07942176,0.06977358,0.31803863,-0.08260739,0.06555804,0.09284012,0.02589526,0.00507040,31.53927339,0.00000000,49.58443024,35.96581095,0.20598650,-0.46545598,1.29428816,0.21125920,-0.46705095,1.29759182,8.52780522,0.00000001
4.98000000,LIFT_LEG,-0.00058245,-0.00734716,0.00632074,-0.07942197,0.06978244,0.31804142,-0.08260884,0.06556635,0.09284357,0.02607894,0.00525408,31.53204295,0.00000000,49.60927675,35.93580930,0.20610216,-0.46601634,1.29555753,0.21137011,-0.46759271,1.29881640,8.53001754,0.00000001
4.99000000,LIFT_LEG,-0.00059813,-0.00734846,0.00636202,-0.07942180,0.06979004,0.31804398,-0.08260995,0.06557356,0.09284699,0.02625786,0.00543300,31.52561543,0.00000000,49.62782315,35.91253283,0.20621573,-0.46656553,1.29680158,0.21147868,-0.46812185,1.30001276,8.53142874,0.00000001
5.00000000,LIFT_LEG,-0.00060952,-0.00734825,0.00639619,-0.07942126,0.06979626,0.31804620,-0.08261071,0.06557952,0.09285044,0.02643160,0.00560673,31.52038925,0.00000000,49.64012385,35.89616494,0.20632700,-0.46710291,1.29801883,0.21158477,-0.46863787,1.30117977,8.53203524,0.00000001
5.01000000,LIFT_LEG,-0.00061650,-0.00734637,0.00642301,-0.07942031,0.06980098,0.31804802,-0.08261110,0.06558413,0.09285401,0.02659979,0.00577493,31.51666492,0.00000000,49.64609806,35.88669874,0.20643579,-0.46762789,1.29920794,0.21168830,-0.46914037,1.30231649,8.53181470,0.00000004
5.02000000,LIFT_LEG,-0.00061907,-0.00734273,0.00644238,-0.07941896,0.06980416,0.31804937,-0.08261111,0.06558733,0.09285773,0.02676220,0.00593734,31.51488591,0.00000000,49.64673914,35.88319304,0.20654195,-0.46813999,1.30036785,0.21178919,-0.46962906,1.30342223,8.53089026,0.00000001
5.03000000,LIFT_LEG,-0.00061735,-0.00733729,0.00645440,-0.07941719,0.06980578,0.31805023,-0.08261075,0.06558911,0.09286167,0.02691866,0.00609379,31.51366840,0.00000000,49.64194235,35.88767409,0.20664536,-0.46863882,1.30149764,0.21188737,-0.47010371,1.30449645,8.52922927,0.00000009
5.04000000,LIFT_LEG,-0.00061156,-0.00733013,0.00645929,-0.07941501,0.06980589,0.31805058,-0.08260999,0.06558949,0.09286586,0.02706910,0.00624423,31.51535038,0.00000000,49.63233317,35.89612054,0.20674592,-0.46912410,1.30259665,0.21198281,-0.47056423,1.30553894,8.52690780,0.00000008
5.05000000,LIFT_LEG,-0.00060202,-0.00732132,0.00645743,-0.07941241,0.06980455,0.31805044,-0.08260886,0.06558854,0.09287034,0.02721354,0.00638868,31.51927558,0.00000000,49.61841409,35.90882213,0.20684361,-0.46959561,1.30366444,0.21207548,-0.47101058,1.30654960,8.52398138,0.00000001
5.06000000,LIFT_LEG,-0.00058903,-0.00731106,0.00644936,-0.07940942,0.06980186,0.31804982,-0.08260734,0.06558633,0.09287512,0.02735210,0.00652723,31.52298251,0.00000000,49.60084873,35.92764187,0.20693839,-0.47005324,1.30470075,0.21216538,-0.47144281,1.30752848,8.52052707,0.00000001
5.07000000,LIFT_LEG,-0.00057312,-0.00729946,0.00643565,-0.07940606,0.06979795,0.31804878,-0.08260547,0.06558298,0.09288021,0.02748492,0.00666005,31.52860588,0.00000000,49.58000827,35.94855658,0.20703025,-0.47049689,1.30570550,0.21225251,-0.47186102,1.30847580,8.51661044,0.00000001
5.08000000,LIFT_LEG,-0.00055478,-0.00728669,0.00641701,-0.07940233,0.06979298,0.31804737,-0.08260324,0.06557863,0.09288561,0.02761221,0.00678735,31.53522690,0.00000000,49.55672876,35.97208082,0.20711923,-0.47092663,1.30667876,0.21233689,-0.47226534,1.30939186,8.51232779,0.00000001
5.09000000,LIFT_LEG,-0.00053451,-0.00727297,0.00639422,-0.07939828,0.06978711,0.31804565,-0.08260070,0.06557342,0.09289131,0.02773423,0.00690936,31.54286879,0.00000000,49.53155902,35.99684994,0.20720538,-0.47134252,1.30762070,0.21241854,-0.47265595,1.31027705,8.50775765,0.00000001
5.10000000,LIFT_LEG,-0.00051285,-0.00725850,0.00636807,-0.07939393,0.06978052,0.31804368,-0.08259784,0.06556753,0.09289729,0.02785123,0.00702637,31.55134027,0.00000000,49.50519593,36.02237831,0.20728875,-0.47174469,1.30853162,0.21249750,-0.47303307,1.31113180,8.50299197,0.00000001
5.11000000,LIFT_LEG,-0.00049030,-0.00724352,0.00633943,-0.07938932,0.06977339,0.31804153,-0.08259472,0.06556110,0.09290351,0.02796352,0.00713866,31.56010578,0.00000000,49.47825575,36.04826336,0.20736938,-0.47213329,1.30941188,0.21257378,-0.47339690,1.31195659,8.49811493,0.00000001
5.12000000,LIFT_LEG,-0.00046735,-0.00722827,0.00630913,-0.07938449,0.06976590,0.31803928,-0.08259136,0.06555432,0.09290996,0.02807137,0.00724651,31.56912690,0.00000000,49.45126300,36.07361257,0.20744733,-0.47250848,1.31026190,0.21264744,-0.47374767,1.31275193,8.49320586,0.00000001
5.13000000,LIFT_LEG,-0.00044449,-0.00721296,0.00627800,-0.07937948,0.06975822,0.31803698,-0.08258779,0.06554734,0.09291658,0.02817508,0.00735022,31.57827081,0.00000000,49.42473978,36.09782004,0.20752264,-0.47287046,1.31108214,0.21271850,-0.47408562,1.31351833,8.48834307,0.00000001
5.14000000,LIFT_LEG,-0.00042217,-0.00719778,0.00624684,-0.07937434,0.06975053,0.31803471,-0.08258405,0.06554031,0.09292333,0.02827492,0.00745006,31.58740747,0.00000000,49.39916436,36.12037556,0.20759536,-0.47321942,1.31187309,0.21278701,-0.47441096,1.31425626,8.48359961,0.00000001
5.15000000,LIFT_LEG,-0.00040076,-0.00718294,0.00621636,-0.07936912,0.06974298,0.31803250,-0.08258020,0.06553339,0.09293016,0.02837114,0.00754628,31.59610744,0.00000000,49.37503245,36.14139849,0.20766556,-0.47355559,1.31263521,0.21285299,-0.47472391,1.31496618,8.47904629,0.00000001
5.16000000,LIFT_LEG,-0.00038062,-0.00716860,0.00618724,-0.07936387,0.06973571,0.31803042,-0.08257626,0.06552670,0.09293701,0.02846397,0.00763911,31.60475926,0.00000000,49.35255232,36.15952745,0.20773326,-0.47387913,1.31336897,0.21291648,-0.47502466,1.31564854,8.47473124,0.00000001
5.17000000,LIFT_LEG,-0.00036206,-0.00715488,0.00616003,-0.07935863,0.06972885,0.31802850,-0.08257229,0.06552035,0.09294383,0.02855361,0.00772875,31.61318202,0.00000000,49.33212648,36.17492060,0.20779850,-0.47419025,1.31407483,0.21297750,-0.47531338,1.31630372,8.47071371,0.00000001
5.18000000,LIFT_LEG,-0.00034532,-0.00714193,0.00613523,-0.07935347,0.06972250,0.31802677,-0.08256832,0.06551446,0.09295056,0.02864023,0.00781537,31.62120734,0.00000000,49.31401433,36.18750468,0.20786134,-0.47448913,1.31475319,0.21303608,-0.47559025,1.31693207,8.46703652,0.00000001
5.19000000,LIFT_LEG,-0.00033054,-0.00712985,0.00611322,-0.07934842,0.06971675,0.31802525,-0.08256441,0.06550911,0.09295715,0.02872397,0.00789911,31.62896298,0.00000000,49.29841378,36.19693590,0.20792180,-0.47477596,1.31540441,0.21309225,-0.47585538,1.31753388,8.46373349,0.00000003
5.20000000,LIFT_LEG,-0.00031787,-0.00711874,0.00609428,-0.07934353,0.06971166,0.31802396,-0.08256060,0.06550434,0.09296354,0.02880493,0.00798007,31.63600096,0.00000000,49.28542903,36.20366797,0.20797988,-0.47505087,1.31602884,0.21314601,-0.47610892,1.31810945,8.46082852,0.00000006
5.21000000,LIFT_LEG,-0.00030735,-0.00710865,0.00607860,-0.07933885,0.06970729,0.31802290,-0.08255694,0.06550022,0.09296968,0.02888319,0.00805833,31.64185347,0.00000000,49.27511180,36.20819232,0.20803562,-0.47531399,1.31662678,0.21319739,-0.47635096,1.31865899,8.45833734,0.00000003
5.22000000,LIFT_LEG,-0.00029903,-0.00709962,0.00606625,-0.07933443,0.06970365,0.31802208,-0.08255345,0.06549677,0.09297553,0.02895880,0.00813394,31.64663651,0.00000000,49.26743462,36.21036389,0.20808901,-0.47556546,1.31719850,0.21324640,-0.47658160,1.31918271,8.45626598,0.00000006
5.23000000,LIFT_LEG,-0.00029285,-0.00709167,0.00605725,-0.07933030,0.06970075,0.31802148,-0.08255018,0.06549401,0.09298103,0.02903178,0.00820691,31.65122699,0.00000000,49.26246963,36.20958194,0.20814008,-0.47580539,1.31774422,0.21329304,-0.47680092,1.31968077,8.45462145,0.00000009
5.24000000,LIFT_LEG,-0.00028871,-0.00708484,0.00605152,-0.07932648,0.06969859,0.31802110,-0.08254716,0.06549191,0.09298616,0.02910211,0.00827725,31.65600806,0.00000000,49.26005844,36.20527653,0.20818884,-0.47603389,1.31826413,0.21333733,-0.47700898,1.32015332,8.45338816,0.00000000
5.25000000,LIFT_LEG,-0.00028648,-0.00707913,0.00604890,-0.07932302,0.06969714,0.31802092,-0.08254442,0.06549047,0.09299087,0.02916978,0.00834492,31.65816321,0.00000000,49.26008481,36.20123138,0.20823527,-0.47625103,1.31875841,0.21337927,-0.47720587,1.32060053,8.45255454,0.00000006
5.26000000,LIFT_LEG,-0.00028601,-0.00707448,0.00604918,-0.07931994,0.06969636,0.31802093,-0.08254199,0.06548964,0.09299515,0.02923475,0.00840989,31.65998315,0.00000000,49.26198392,36.19459956,0.20827938,-0.47645688,1.31922723,0.21341888,-0.47739163,1.32102252,8.45205701,0.00000007
5.27000000,LIFT_LEG,-0.00028714,-0.00707085,0.00605209,-0.07931726,0.06969619,0.31802109,-0.08253988,0.06548939,0.09299896,0.02929695,0.00847209,31.66095718,0.00000000,49.26671934,36.18666659,0.20832116,-0.47665155,1.31967073,0.21345615,-0.47756634,1.32141945,8.45201330,0.00000007
5.28000000,LIFT_LEG,-0.00028968,-0.00706820,0.00605731,-0.07931498,0.06969658,0.31802138,-0.08253812,0.06548966,0.09300231,0.02935633,0.00853147,31.66107358,0.00000000,49.27220232,36.17768096,0.20836062,-0.47683510,1.32008907,0.21349111,-0.47773009,1.32179149,8.45215559,0.00000008
5.29000000,LIFT_LEG,-0.00029344,-0.00706646,0.00606450,-0.07931311,0.06969746,0.31802177,-0.08253670,0.06549039,0.09300518,0.02941282,0.00858795,31.66038184,0.00000000,49.27966995,36.16800613,0.20839777,-0.47700764,1.32048243,0.21352378,-0.47788297,1.32213888,8.45263674,0.00000008
5.30000000,LIFT_LEG,-0.00029816,-0.00706553,0.00607330,-0.07931165,0.06969876,0.31802224,-0.08253563,0.06549151,0.09300758,0.02946633,0.00864147,31.65890861,0.00000000,49.28823303,36.15779532,0.20843264,-0.47716925,1.32085100,0.21355416,-0.47802508,1.32246180,8.45334426,0.00000009
5.31000000,LIFT_LEG,-0.00030364,-0.00706533,0.00608336,-0.07931060,0.06970040,0.31802276,-0.08253492,0.06549296,0.09300951,0.02951680,0.00869193,31.65671303,0.00000000,49.29784138,36.14745332,0.20846520,-0.47732003,1.32119497,0.21358227,-0.47815652,1.32276052,8.45426652,0.00000009
5.32000000,LIFT_LEG,-0.00030966,-0.00706576,0.00609430,-0.07930995,0.06970231,0.31802331,-0.08253454,0.06549467,0.09301099,0.02956415,0.00873928,31.65386180,0.00000000,49.30931052,36.13724640,0.20849548,-0.47746012,1.32151459,0.21360815,-0.47827746,1.32303538,8.45550116,0.00000008
5.33000000,LIFT_LEG,-0.00031601,-0.00706672,0.00610579,-0.07930966,0.06970440,0.31802385,-0.08253449,0.06549656,0.09301204,0.02960832,0.00878346,31.65041422,0.00000000,49.32003305,36.12733889,0.20852349,-0.47758964,1.32181014,0.21363183,-0.47838805,1.32328674,8.45671189,0.00000008
5.34000000,LIFT_LEG,-0.00032249,-0.00706812,0.00611750,-0.07930973,0.06970662,0.31802437,-0.08253475,0.06549857,0.09301270,0.02964928,0.00882441,31.64647530,0.00000000,49.33120018,36.11808975,0.20854924,-0.47770875,1.32208198,0.21365335,-0.47848852,1.32351510,8.45804048,0.00000007
5.35000000,LIFT_LEG,-0.00032892,-0.00706988,0.00612911,-0.07931012,0.06970888,0.31802486,-0.08253530,0.06550063,0.09301299,0.02968699,0.00886213,31.64213744,0.00000000,49.34239277,36.10960923,0.20857277,-0.47781766,1.32233053,0.21367276,-0.47857910,1.32372101,8.45942655,0.00000007
5.36000000,LIFT_LEG,-0.00033516,-0.00707190,0.00614035,-0.07931080,0.06971113,0.31802528,-0.08253609,0.06550270,0.09301296,0.02972145,0.00889659,31.63750190,0.00000000,49.35337894,36.10203202,0.20859413,-0.47791657,1.32255628,0.21369012,-0.47866009,1.32390511,8.46083321,0.00000006
5.37000000,LIFT_LEG,-0.00034107,-0.00707409,0.00615098,-0.07931173,0.06971330,0.31802563,-0.08253711,0.06550471,0.09301263,0.02975267,0.00892781,31.63266940,0.00000000,49.36395993,36.09546125,0.20861336,-0.47800574,1.32275981,0.21370550,-0.47873179,1.32406810,8.46222748,0.00000005
5.38000000,LIFT_LEG,-0.00034652,-0.00707637,0.00616080,-0.07931288,0.06971536,0.31802591,-0.08253832,0.06550662,0.09301207,0.02978068,0.00895582,31.62786584,0.00000000,49.37393962,36.08977275,0.20863052,-0.47808545,1.32294177,0.21371896,-0.47879456,1.32421079,8.46357825,0.00000004
5.39000000,LIFT_LEG,-0.00035141,-0.00707865,0.00616964,-0.07931420,0.06971726,0.31802609,-0.08253969,0.06550839,0.09301130,0.02980554,0.00898067,31.62260455,0.00000000,49.38322711,36.08582189,0.20864568,-0.47815605,1.32310289,0.21373059,-0.47884879,1.32433409,8.46486311,0.00000007
5.40000000,LIFT_LEG,-0.00035569,-0.00708088,0.00617737,-0.07931565,0.06971897,0.31802619,-0.08254117,0.06550998,0.09301038,0.02982731,0.00900244,31.61790955,0.00000000,49.39196700,36.08251092,0.20865890,-0.47821790,1.32324400,0.21374050,-0.47889494,1.32443902,8.46609266,0.00000006
5.41000000,LIFT_LEG,-0.00035928,-0.00708298,0.00618391,-0.07931720,0.06972046,0.31802619,-0.08254274,0.06551139,0.09300935,0.02984610,0.00902124,31.61319123,0.00000000,49.39953731,36.08043675,0.20867028,-0.47827139,1.32336604,0.21374877,-0.47893349,1.32452666,8.46718278,0.00000006
5.42000000,LIFT_LEG,-0.00036217,-0.00708491,0.00618922,-0.07931881,0.06972171,0.31802611,-0.08254434,0.06551258,0.09300826,0.02986204,0.00903718,31.60850502,0.00000000,49.40597281,36.07955998,0.20867992,-0.47831696,1.32347004,0.21375552,-0.47896496,1.32459821,8.46813404,0.00000010
5.43000000,LIFT_LEG,-0.00036432,-0.00708660,0.00619328,-0.07932042,0.06972271,0.31802594,-0.08254595,0.06551354,0.09300714,0.02987527,0.00905041,31.60465205,0.00000000,49.41138876,36.07922623,0.20868792,-0.47835513,1.32355709,0.21376088,-0.47898992,1.32465497,8.46894789,0.00000006
5.44000000,LIFT_LEG,-0.00036577,-0.00708803,0.00619611,-0.07932201,0.06972347,0.31802570,-0.08254754,0.06551428,0.09300604,0.02988596,0.00906110,31.60102195,0.00000000,49.41495399,36.07991735,0.20869438,-0.47838641,1.32362842,0.21376498,-0.47900900,1.32469834,8.46952023,0.00000008
5.45000000,LIFT_LEG,-0.00036652,-0.00708917,0.00619776,-0.07932354,0.06972398,0.31802540,-0.08254906,0.06551479,0.09300499,0.02989431,0.00906944,31.59814255,0.00000000,49.41859853,36.08121867,0.20869946,-0.47841139,1.32368536,0.21376795,-0.47902285,1.32472982,8.47008262,0.00000005
5.46000000,LIFT_LEG,-0.00036656,-0.00709006,0.00619832,-0.07932498,0.06972425,0.31802504,-0.08255049,0.06551507,0.09300403,0.02990051,0.00907565,31.59587643,0.00000000,49.42065682,36.08320003,0.20870327,-0.47843069,1.32372930,0.21376995,-0.47903217,1.32475103,8.47041769,0.00000010
5.47000000,LIFT_LEG,-0.00036598,-0.00709063,0.00619787,-0.07932630,0.06972428,0.31802464,-0.08255180,0.06551515,0.09300318,0.02990483,0.00907996,31.59274674,0.00000000,49.42244946,36.08670810,0.20870594,-0.47844492,1.32376180,0.21377115,-0.47903772,1.32476364,8.47071221,0.00000004
5.48000000,LIFT_LEG,-0.00036486,-0.00709084,0.00619652,-0.07932747,0.06972411,0.31802422,-0.08255298,0.06551503,0.09300247,0.02990747,0.00908261,31.59035732,0.00000000,49.42243984,36.09078271,0.20870766,-0.47845477,1.32378435,0.21377166,-0.47904012,1.32476910,8.47075111,0.00000005
5.49000000,LIFT_LEG,-0.00036325,-0.00709070,0.00619438,-0.07932847,0.06972375,0.31802377,-0.08255399,0.06551473,0.09300192,0.02990871,0.00908385,31.58911857,0.00000000,49.42209162,36.09442848,0.20870856,-0.47846104,1.32379873,0.21377174,-0.47904048,1.32476992,8.47072268,0.00000006
5.50000000,LIFT_LEG,-0.00036122,-0.00709024,0.00619158,-0.07932929,0.06972321,0.31802332,-0.08255483,0.06551427,0.09300155,0.02990888,0.00908401,31.58839722,0.00000000,49.42072500,36.09846228,0.20870886,-0.47846462,1.32380702,0.21377159,-0.47903982,1.32476841,8.47053360,0.00000008
5.51000000,HOLD_LEG,-0.00035883,-0.00708947,0.00618823,-0.07932992,0.06972254,0.31802286,-0.08255548,0.06551368,0.09300137,0.02990823,0.00908337,31.58825895,0.00000000,49.41744920,36.10253154,0.20870873,-0.47846621,1.32381075,0.21377126,-0.47903824,1.32476483,8.47007158,0.00000000
5.52000000,HOLD_LEG,-0.00035617,-0.00708842,0.00618446,-0.07933033,0.06972175,0.31802242,-0.08255593,0.06551297,0.09300138,0.02990701,0.00908215,31.58867385,0.00000000,49.41470004,36.10662741,0.20870832,-0.47846647,1.32381144,0.21377089,-0.47903653,1.32476094,8.46964686,0.00000000
5.53000000,HOLD_LEG,-0.00035333,-0.00708711,0.00618040,-0.07933054,0.06972087,0.31802200,-0.08255619,0.06551218,0.09300160,0.02990542,0.00908056,31.58957676,0.00000000,49.41130181,36.11048136,0.20870779,-0.47846587,1.32381014,0.21377048,-0.47903461,1.32475656,8.46911152,0.00000000
5.54000000,HOLD_LEG,-0.00035037,-0.00708557,0.00617617,-0.07933053,0.06971992,0.31802161,-0.08255624,0.06551133,0.09300200,0.02990359,0.00907873,31.59090264,0.00000000,49.40749548,36.11405864,0.20870720,-0.47846470,1.32380748,0.21377003,-0.47903252,1.32475182,8.46849722,0.00000000
5.55000000,HOLD_LEG,-0.00034738,-0.00708384,0.00617187,-0.07933033,0.06971893,0.31802126,-0.08255611,0.06551043,0.09300259,0.02990162,0.00907676,31.59335238,0.00000000,49.40337330,36.11633259,0.20870661,-0.47846315,1.32380389,0.21376956,-0.47903032,1.32474681,8.46781745,0.00000007
5.56000000,HOLD_LEG,-0.00034439,-0.00708196,0.00616761,-0.07932994,0.06971793,0.31802096,-0.08255579,0.06550951,0.09300336,0.02989958,0.00907471,31.59485130,0.00000000,49.39902838,36.11972201,0.20870602,-0.47846132,1.32379968,0.21376907,-0.47902805,1.32474164,8.46708716,0.00000003
5.57000000,HOLD_LEG,-0.00034147,-0.00707996,0.00616349,-0.07932937,0.06971693,0.31802072,-0.08255530,0.06550860,0.09300429,0.02989752,0.00907265,31.59730430,0.00000000,49.39457852,36.12197404,0.20870545,-0.47845931,1.32379504,0.21376857,-0.47902574,1.32473641,8.46632134,0.00000007
5.58000000,HOLD_LEG,-0.00033865,-0.00707787,0.00615959,-0.07932864,0.06971595,0.31802053,-0.08255465,0.06550770,0.09300536,0.02989548,0.00907062,31.59964852,0.00000000,49.39006741,36.12416475,0.20870490,-0.47845719,1.32379016,0.21376808,-0.47902345,1.32473118,8.46553162,0.00000007
5.59000000,HOLD_LEG,-0.00033597,-0.00707571,0.00615597,-0.07932776,0.06971502,0.31802039,-0.08255386,0.06550683,0.09300656,0.02989350,0.00906864,31.60192550,0.00000000,49.38554303,36.12612940,0.20870435,-0.47845499,1.32378514,0.21376759,-0.47902118,1.32472603,8.46472931,0.00000005
5.60000000,HOLD_LEG,-0.00033346,-0.00707354,0.00615269,-0.07932676,0.06971413,0.31802031,-0.08255295,0.06550601,0.09300787,0.02989161,0.00906675,31.60379406,0.00000000,49.38115068,36.12838377,0.20870384,-0.47845277,1.32378010,0.21376712,-0.47901898,1.32472102,8.46393173,0.00000000
5.61000000,HOLD_LEG,-0.00033117,-0.00707133,0.00614978,-0.07932565,0.06971331,0.31802028,-0.08255193,0.06550524,0.09300926,0.02988982,0.00906495,31.60689990,0.00000000,49.37685438,36.12882359,0.20870333,-0.47845054,1.32377513,0.21376667,-0.47901686,1.32471622,8.46314524,0.00000002
5.62000000,HOLD_LEG,-0.00032908,-0.00706913,0.00614726,-0.07932447,0.06971256,0.31802029,-0.08255083,0.06550454,0.09301072,0.02988814,0.00906327,31.60953332,0.00000000,49.37283032,36.12960230,0.20870286,-0.47844837,1.32377028,0.21376623,-0.47901485,1.32471164,8.46238743,0.00000000
5.63000000,HOLD_LEG,-0.00032723,-0.00706696,0.00614515,-0.07932322,0.06971189,0.31802034,-0.08254967,0.06550392,0.09301222,0.02988658,0.00906172,31.61202876,0.00000000,49.36904628,36.13014463,0.20870241,-0.47844627,1.32376561,0.21376583,-0.47901296,1.32470734,8.46166260,0.00000004
5.64000000,HOLD_LEG,-0.00032563,-0.00706484,0.00614344,-0.07932193,0.06971130,0.31802042,-0.08254846,0.06550336,0.09301374,0.02988516,0.00906029,31.61537053,0.00000000,49.36560923,36.12946138,0.20870199,-0.47844425,1.32376117,0.21376545,-0.47901120,1.32470334,8.46098368,0.00000001
5.65000000,HOLD_LEG,-0.00032423,-0.00706281,0.00614214,-0.07932062,0.06971080,0.31802053,-0.08254723,0.06550289,0.09301527,0.02988387,0.00905900,31.61814762,0.00000000,49.36355534,36.12899796,0.20870161,-0.47844236,1.32375704,0.21376517,-0.47900989,1.32470037,8.46048548,0.00000010
5.66000000,HOLD_LEG,-0.00032304,-0.00706088,0.00614122,-0.07931932,0.06971038,0.31802066,-0.08254599,0.06550249,0.09301678,0.02988272,0.00905786,31.62061401,0.00000000,49.35962372,36.12850470,0.20870125,-0.47844059,1.32375317,0.21376479,-0.47900811,1.32469631,8.45975546,0.00000000
5.67000000,HOLD_LEG,-0.00032207,-0.00705908,0.00614065,-0.07931804,0.06971003,0.31802081,-0.08254478,0.06550216,0.09301825,0.02988170,0.00905684,31.62265525,0.00000000,49.35782871,36.12834232,0.20870092,-0.47843896,1.32374964,0.21376453,-0.47900692,1.32469361,8.45930632,0.00000004
5.68000000,HOLD_LEG,-0.00032130,-0.00705741,0.00614041,-0.07931680,0.06970977,0.31802096,-0.08254360,0.06550190,0.09301967,0.02988082,0.00905596,31.62434436,0.00000000,49.35620552,36.12813079,0.20870062,-0.47843745,1.32374642,0.21376430,-0.47900586,1.32469120,8.45889186,0.00000007
5.69000000,HOLD_LEG,-0.00032073,-0.00705588,0.00614045,-0.07931562,0.06970957,0.31802112,-0.08254247,0.06550170,0.09302101,0.02988008,0.00905521,31.62587725,0.00000000,49.35413425,36.12752223,0.20870036,-0.47843610,1.32374355,0.21376406,-0.47900473,1.32468864,8.45843791,0.00000007
5.70000000,HOLD_LEG,-0.00032032,-0.00705450,0.00614073,-0.07931452,0.06970943,0.31802128,-0.08254141,0.06550157,0.09302227,0.02987945,0.00905459,31.62803292,0.00000000,49.35341113,36.12593697,0.20870013,-0.47843490,1.32374103,0.21376391,-0.47900403,1.32468704,8.45816907,0.00000008
5.71000000,HOLD_LEG,-0.00032008,-0.00705327,0.00614121,-0.07931351,0.06970935,0.31802143,-0.08254044,0.06550148,0.09302343,0.02987894,0.00905408,31.62883513,0.00000000,49.35261979,36.12556794,0.20869994,-0.47843386,1.32373885,0.21376377,-0.47900335,1.32468550,8.45790872,0.00000008
5.72000000,HOLD_LEG,-0.00031997,-0.00705220,0.00614185,-0.07931259,0.06970932,0.31802158,-0.08253955,0.06550145,0.09302449,0.02987854,0.00905367,31.63058300,0.00000000,49.35177898,36.12362697,0.20869978,-0.47843295,1.32373696,0.21376362,-0.47900268,1.32468396,8.45766132,0.00000005
5.73000000,HOLD_LEG,-0.00031998,-0.00705128,0.00614261,-0.07931178,0.06970934,0.31802170,-0.08253876,0.06550145,0.09302543,0.02987823,0.00905336,31.63095580,0.00000000,49.35187703,36.12324728,0.20869966,-0.47843221,1.32373545,0.21376355,-0.47900233,1.32468318,8.45754736,0.00000008
5.74000000,HOLD_LEG,-0.00032010,-0.00705051,0.00614345,-0.07931108,0.06970938,0.31802181,-0.08253807,0.06550149,0.09302626,0.02987800,0.00905314,31.63116475,0.00000000,49.35200110,36.12265733,0.20869956,-0.47843160,1.32373421,0.21376348,-0.47900201,1.32468245,8.45745619,0.00000008
5.75000000,HOLD_LEG,-0.00032031,-0.00704990,0.00614434,-0.07931049,0.06970946,0.31802190,-0.08253749,0.06550155,0.09302696,0.02987785,0.00905298,31.63120509,0.00000000,49.35216002,36.12200648,0.20869948,-0.47843112,1.32373321,0.21376341,-0.47900170,1.32468173,8.45738757,0.00000007
5.76000000,HOLD_LEG,-0.00032057,-0.00704942,0.00614524,-0.07931002,0.06970956,0.31802197,-0.08253702,0.06550164,0.09302755,0.02987777,0.00905291,31.63115265,0.00000000,49.35298106,36.12120155,0.20869944,-0.47843079,1.32373258,0.21376341,-0.47900170,1.32468173,8.45742103,0.00000008
5.77000000,HOLD_LEG,-0.00032088,-0.00704906,0.00614613,-0.07930967,0.06970968,0.31802202,-0.08253667,0.06550174,0.09302802,0.02987775,0.00905289,31.63095744,0.00000000,49.35382239,36.12044609,0.20869943,-0.47843059,1.32373221,0.21376341,-0.47900170,1.32468173,8.45747328,0.00000008
5.78000000,HOLD_LEG,-0.00032124,-0.00704884,0.00614700,-0.07930942,0.06970980,0.31802204,-0.08253641,0.06550185,0.09302837,0.02987777,0.00905291,31.63062679,0.00000000,49.35476567,36.11977103,0.20869942,-0.47843049,1.32373199,0.21376341,-0.47900170,1.32468173,8.45755241,0.00000007
5.79000000,HOLD_LEG,-0.00032164,-0.00704875,0.00614781,-0.07930928,0.06970994,0.31802204,-0.08253626,0.06550197,0.09302862,0.02987782,0.00905296,31.63029908,0.00000000,49.35580233,36.11902313,0.20869943,-0.47843043,1.32373186,0.21376341,-0.47900170,1.32468173,8.45765668,0.00000002
5.80000000,HOLD_LEG,-0.00032206,-0.00704878,0.00614856,-0.07930925,0.06971007,0.31802202,-0.08253621,0.06550210,0.09302877,0.02987789,0.00905302,31.62899494,0.00000000,49.35686520,36.11916312,0.20869943,-0.47843039,1.32373179,0.21376341,-0.47900170,1.32468173,8.45777940,0.00000008
5.81000000,HOLD_LEG,-0.00032250,-0.00704893,0.00614922,-0.07930930,0.06971021,0.31802197,-0.08253625,0.06550222,0.09302882,0.02987799,0.00905312,31.62846347,0.00000000,49.35882080,36.11860105,0.20869945,-0.47843044,1.32373189,0.21376348,-0.47900202,1.32468246,8.45802073,0.00000003
5.82000000,HOLD_LEG,-0.00032293,-0.00704915,0.00614980,-0.07930944,0.06971035,0.31802191,-0.08253636,0.06550235,0.09302879,0.02987811,0.00905325,31.62717634,0.00000000,49.36049420,36.11854603,0.20869949,-0.47843057,1.32373223,0.21376355,-0.47900234,1.32468319,8.45824549,0.00000006
5.83000000,HOLD_LEG,-0.00032337,-0.00704941,0.00615030,-0.07930966,0.06971048,0.31802183,-0.08253656,0.06550247,0.09302867,0.02987826,0.00905340,31.62600136,0.00000000,49.36206899,36.11840585,0.20869954,-0.47843079,1.32373272,0.21376362,-0.47900266,1.32468392,8.45846866,0.00000008
5.84000000,HOLD_LEG,-0.00032380,-0.00704972,0.00615072,-0.07930994,0.06971061,0.31802173,-0.08253682,0.06550259,0.09302849,0.02987842,0.00905356,31.62562682,0.00000000,49.36377856,36.11759139,0.20869961,-0.47843108,1.32373330,0.21376369,-0.47900300,1.32468469,8.45871034,0.00000002
5.85000000,HOLD_LEG,-0.00032417,-0.00705012,0.00615109,-0.07931028,0.06971073,0.31802163,-0.08253713,0.06550270,0.09302826,0.02987859,0.00905373,31.62403301,0.00000000,49.36524513,36.11799773,0.20869969,-0.47843144,1.32373397,0.21376376,-0.47900332,1.32468542,8.45892704,0.00000003
5.86000000,HOLD_LEG,-0.00032453,-0.00705056,0.00615140,-0.07931067,0.06971084,0.31802153,-0.08253749,0.06550280,0.09302798,0.02987877,0.00905391,31.62272254,0.00000000,49.36667964,36.11803858,0.20869975,-0.47843179,1.32373471,0.21376383,-0.47900365,1.32468617,8.45914847,0.00000005
5.87000000,HOLD_LEG,-0.00032488,-0.00705103,0.00615165,-0.07931108,0.06971094,0.31802141,-0.08253788,0.06550289,0.09302766,0.02987896,0.00905410,31.62147885,0.00000000,49.36807495,36.11808134,0.20869982,-0.47843217,1.32373548,0.21376390,-0.47900399,1.32468695,8.45936865,0.00000006
5.88000000,HOLD_LEG,-0.00032520,-0.00705151,0.00615186,-0.07931152,0.06971103,0.31802130,-0.08253829,0.06550298,0.09302732,0.02987915,0.00905429,31.62028284,0.00000000,49.36941731,36.11813596,0.20869990,-0.47843256,1.32373629,0.21376398,-0.47900434,1.32468773,8.45958410,0.00000007
5.89000000,HOLD_LEG,-0.00032551,-0.00705201,0.00615204,-0.07931198,0.06971112,0.31802120,-0.08253872,0.06550305,0.09302697,0.02987934,0.00905448,31.61914369,0.00000000,49.37068736,36.11820613,0.20869998,-0.47843296,1.32373710,0.21376405,-0.47900468,1.32468851,8.45979087,0.00000008
5.90000000,HOLD_LEG,-0.00032581,-0.00705248,0.00615218,-0.07931244,0.06971119,0.31802109,-0.08253915,0.06550312,0.09302661,0.02987954,0.00905467,31.61744901,0.00000000,49.37175090,36.11874950,0.20870005,-0.47843334,1.32373792,0.21376412,-0.47900501,1.32468927,8.45997859,0.00000009
5.91000000,HOLD_LEG,-0.00032612,-0.00705291,0.00615228,-0.07931289,0.06971126,0.31802099,-0.08253958,0.06550318,0.09302625,0.02987972,0.00905486,31.61676933,0.00000000,49.37285424,36.11856987,0.20870014,-0.47843373,1.32373873,0.21376419,-0.47900534,1.32469001,8.46016482,0.00000010
5.92000000,HOLD_LEG,-0.00032638,-0.00705332,0.00615236,-0.07931332,0.06971132,0.31802090,-0.08254000,0.06550324,0.09302590,0.02987990,0.00905504,31.61599752,0.00000000,49.37393918,36.11857981,0.20870024,-0.47843412,1.32373952,0.21376427,-0.47900568,1.32469079,8.46034308,0.00000009
5.93000000,HOLD_LEG,-0.00032660,-0.00705372,0.00615243,-0.07931373,0.06971137,0.31802081,-0.08254039,0.06550329,0.09302558,0.02988007,0.00905521,31.61527887,0.00000000,49.37488636,36.11861276,0.20870033,-0.47843450,1.32374027,0.21376433,-0.47900600,1.32469151,8.46049980,0.00000008
5.94000000,HOLD_LEG,-0.00032680,-0.00705410,0.00615250,-0.07931411,0.06971142,0.31802074,-0.08254076,0.06550334,0.09302528,0.02988023,0.00905537,31.61374397,0.00000000,49.37569989,36.11954985,0.20870039,-0.47843484,1.32374100,0.21376440,-0.47900632,1.32469224,8.46063944,0.00000007
5.95000000,HOLD_LEG,-0.00032701,-0.00705439,0.00615255,-0.07931445,0.06971146,0.31802068,-0.08254109,0.06550338,0.09302501,0.02988038,0.00905552,31.61371584,0.00000000,49.37642284,36.11887694,0.20870045,-0.47843514,1.32374168,0.21376447,-0.47900663,1.32469296,8.46076639,0.00000004
5.96000000,HOLD_LEG,-0.00032719,-0.00705465,0.00615259,-0.07931476,0.06971151,0.31802062,-0.08254139,0.06550341,0.09302478,0.02988050,0.00905564,31.61343538,0.00000000,49.37747976,36.11886625,0.20870051,-0.47843541,1.32374221,0.21376454,-0.47900696,1.32469370,8.46092366,0.00000003
5.97000000,HOLD_LEG,-0.00032732,-0.00705486,0.00615265,-0.07931502,0.06971154,0.31802058,-0.08254164,0.06550345,0.09302459,0.02988062,0.00905576,31.61317075,0.00000000,49.37719909,36.11879806,0.20870058,-0.47843567,1.32374275,0.21376454,-0.47900696,1.32469370,8.46090639,0.00000006
5.98000000,HOLD_LEG,-0.00032743,-0.00705505,0.00615270,-0.07931524,0.06971157,0.31802055,-0.08254186,0.06550348,0.09302443,0.02988072,0.00905586,31.61300530,0.00000000,49.37812559,36.11880011,0.20870061,-0.47843587,1.32374315,0.21376461,-0.47900727,1.32469441,8.46103535,0.00000005
5.99000000,HOLD_LEG,-0.00032749,-0.00705518,0.00615277,-0.07931541,0.06971160,0.31802054,-0.08254203,0.06550350,0.09302432,0.02988081,0.00905595,31.61289081,0.00000000,49.37767433,36.11869584,0.20870066,-0.47843606,1.32374360,0.21376461,-0.47900727,1.32469441,8.46098690,0.00000006
6.00000000,HOLD_LEG,-0.00032754,-0.00705527,0.00615284,-0.07931553,0.06971162,0.31802053,-0.08254215,0.06550352,0.09302425,0.02988088,0.00905602,31.61287131,0.00000000,49.37753703,36.11867897,0.20870068,-0.47843619,1.32374387,0.21376461,-0.47900727,1.32469441,8.46097173,0.00000007
6.01000000,HOLD_LEG,-0.00032756,-0.00705531,0.00615291,-0.07931561,0.06971163,0.31802054,-0.08254223,0.06550353,0.09302421,0.02988093,0.00905606,31.61293961,0.00000000,49.37737709,36.11864633,0.20870070,-0.47843626,1.32374402,0.21376461,-0.47900727,1.32469441,8.46094821,0.00000007
6.02000000,HOLD_LEG,-0.00032756,-0.00705530,0.00615297,-0.07931565,0.06971164,0.31802056,-0.08254227,0.06550354,0.09302422,0.02988096,0.00905610,31.61309186,0.00000000,49.37716521,36.11859335,0.20870071,-0.47843630,1.32374412,0.21376461,-0.47900727,1.32469441,8.46091361,0.00000007
6.03000000,HOLD_LEG,-0.00032754,-0.00705524,0.00615303,-0.07931564,0.06971164,0.31802058,-0.08254227,0.06550355,0.09302426,0.02988097,0.00905611,31.61331996,0.00000000,49.37689817,36.11852258,0.20870072,-0.47843631,1.32374418,0.21376461,-0.47900727,1.32469441,8.46086825,0.00000006
6.04000000,HOLD_LEG,-0.00032748,-0.00705511,0.00615308,-0.07931559,0.06971164,0.31802061,-0.08254224,0.06550354,0.09302434,0.02988097,0.00905611,31.61361342,0.00000000,49.37657880,36.11844050,0.20870072,-0.47843631,1.32374422,0.21376461,-0.47900727,1.32469441,8.46081295,0.00000005
6.05000000,HOLD_LEG,-0.00032740,-0.00705493,0.00615312,-0.07931551,0.06971163,0.31802065,-0.08254216,0.06550353,0.09302445,0.02988095,0.00905609,31.61396062,0.00000000,49.37621204,36.11835463,0.20870073,-0.47843631,1.32374425,0.21376461,-0.47900727,1.32469441,8.46074869,0.00000004
6.06000000,HOLD_LEG,-0.00032728,-0.00705470,0.00615315,-0.07931539,0.06971161,0.31802069,-0.08254206,0.06550352,0.09302459,0.02988092,0.00905606,31.61434976,0.00000000,49.37580352,36.11827179,0.20870073,-0.47843630,1.32374426,0.21376461,-0.47900727,1.32469441,8.46067649,0.00000006
6.07000000,HOLD_LEG,-0.00032715,-0.00705442,0.00615316,-0.07931525,0.06971158,0.31802074,-0.08254192,0.06550350,0.09302475,0.02988085,0.00905599,31.61477725,0.00000000,49.37466680,36.11829428,0.20870073,-0.47843624,1.32374412,0.21376454,-0.47900695,1.32469367,8.46050766,0.00000002
6.08000000,HOLD_LEG,-0.00032700,-0.00705412,0.00615316,-0.07931507,0.06971155,0.31802079,-0.08254176,0.06550347,0.09302494,0.02988076,0.00905590,31.61524934,0.00000000,49.37452002,36.11828957,0.20870070,-0.47843613,1.32374388,0.21376454,-0.47900695,1.32469367,8.46046002,0.00000008
6.09000000,HOLD_LEG,-0.00032684,-0.00705380,0.00615312,-0.07931487,0.06971151,0.31802084,-0.08254157,0.06550343,0.09302515,0.02988064,0.00905578,31.61575632,0.00000000,49.37361982,36.11837849,0.20870066,-0.47843595,1.32374348,0.21376447,-0.47900661,1.32469291,8.46031315,0.00000005
6.10000000,HOLD_LEG,-0.00032665,-0.00705346,0.00615306,-0.07931466,0.06971147,0.31802088,-0.08254137,0.06550340,0.09302538,0.02988051,0.00905564,31.61628331,0.00000000,49.37264019,36.11843377,0.20870062,-0.47843574,1.32374305,0.21376439,-0.47900629,1.32469217,8.46015480,0.00000007
6.11000000,HOLD_LEG,-0.00032645,-0.00705310,0.00615296,-0.07931443,0.06971142,0.31802092,-0.08254116,0.06550335,0.09302562,0.02988036,0.00905550,31.61681673,0.00000000,49.37146016,36.11843545,0.20870058,-0.47843552,1.32374259,0.21376432,-0.47900595,1.32469141,8.45996914,0.00000009
6.12000000,HOLD_LEG,-0.00032621,-0.00705276,0.00615285,-0.07931419,0.06971137,0.31802096,-0.08254093,0.06550331,0.09302587,0.02988018,0.00905532,31.61789199,0.00000000,49.37191366,36.11818857,0.20870053,-0.47843529,1.32374206,0.21376432,-0.47900595,1.32469141,8.45998181,0.00000009
6.13000000,HOLD_LEG,-0.00032594,-0.00705245,0.00615272,-0.07931394,0.06971131,0.31802100,-0.08254070,0.06550325,0.09302612,0.02988000,0.00905514,31.61817191,0.00000000,49.37113168,36.11846234,0.20870046,-0.47843502,1.32374146,0.21376425,-0.47900563,1.32469067,8.45984409,0.00000007
6.14000000,HOLD_LEG,-0.00032567,-0.00705213,0.00615257,-0.07931370,0.06971124,0.31802103,-0.08254047,0.06550319,0.09302636,0.02987981,0.00905495,31.61855186,0.00000000,49.37033673,36.11862474,0.20870038,-0.47843473,1.32374086,0.21376418,-0.47900530,1.32468993,8.45970788,0.00000005
6.15000000,HOLD_LEG,-0.00032542,-0.00705180,0.00615240,-0.07931347,0.06971117,0.31802106,-0.08254025,0.06550313,0.09302660,0.02987962,0.00905476,31.61893690,0.00000000,49.36953215,36.11876438,0.20870032,-0.47843444,1.32374026,0.21376411,-0.47900497,1.32468918,8.45957230,0.00000003
6.16000000,HOLD_LEG,-0.00032516,-0.00705147,0.00615220,-0.07931324,0.06971110,0.31802108,-0.08254003,0.06550306,0.09302684,0.02987943,0.00905456,31.61930726,0.00000000,49.36870446,36.11888656,0.20870026,-0.47843416,1.32373966,0.21376404,-0.47900464,1.32468843,8.45943514,0.00000004
6.17000000,HOLD_LEG,-0.00032492,-0.00705115,0.00615199,-0.07931302,0.06971103,0.31802110,-0.08253982,0.06550300,0.09302706,0.02987923,0.00905437,31.61964742,0.00000000,49.36780865,36.11898127,0.20870020,-0.47843388,1.32373906,0.21376397,-0.47900432,1.32468770,8.45929023,0.00000005
6.18000000,HOLD_LEG,-0.00032468,-0.00705083,0.00615176,-0.07931281,0.06971096,0.31802111,-0.08253963,0.06550293,0.09302727,0.02987903,0.00905416,31.61997514,0.00000000,49.36829560,36.11916371,0.20870014,-0.47843362,1.32373847,0.21376397,-0.47900432,1.32468770,8.45932308,0.00000008
6.19000000,HOLD_LEG,-0.00032446,-0.00705054,0.00615152,-0.07931262,0.06971088,0.31802112,-0.08253945,0.06550287,0.09302747,0.02987882,0.00905396,31.62026015,0.00000000,49.36770692,36.11935145,0.20870008,-0.47843334,1.32373785,0.21376390,-0.47900399,1.32468694,8.45922040,0.00000008
6.20000000,HOLD_LEG,-0.00032425,-0.00705026,0.00615128,-0.07931245,0.06971082,0.31802112,-0.08253928,0.06550280,0.09302765,0.02987863,0.00905377,31.62050017,0.00000000,49.36702750,36.11950813,0.20870002,-0.47843310,1.32373728,0.21376383,-0.47900365,1.32468618,8.45910896,0.00000009
6.21000000,HOLD_LEG,-0.00032404,-0.00705001,0.00615104,-0.07931229,0.06971075,0.31802112,-0.08253913,0.06550274,0.09302782,0.02987844,0.00905358,31.62069793,0.00000000,49.36728662,36.11961424,0.20869997,-0.47843287,1.32373679,0.21376383,-0.47900365,1.32468618,8.45911904,0.00000009
6.22000000,HOLD_LEG,-0.00032386,-0.00704979,0.00615081,-0.07931216,0.06971069,0.31802111,-0.08253900,0.06550268,0.09302796,0.02987826,0.00905340,31.62173713,0.00000000,49.36689810,36.11889822,0.20869991,-0.47843263,1.32373621,0.21376376,-0.47900333,1.32468545,8.45904465,0.00000005
6.23000000,HOLD_LEG,-0.00032364,-0.00704965,0.00615061,-0.07931204,0.06971063,0.31802110,-0.08253888,0.06550263,0.09302809,0.02987811,0.00905325,31.62130613,0.00000000,49.36602281,36.11962191,0.20869988,-0.47843246,1.32373579,0.21376369,-0.47900301,1.32468473,8.45890965,0.00000001
6.24000000,HOLD_LEG,-0.00032347,-0.00704956,0.00615043,-0.07931195,0.06971057,0.31802108,-0.08253879,0.06550258,0.09302820,0.02987796,0.00905309,31.62120824,0.00000000,49.36666906,36.11989133,0.20869981,-0.47843225,1.32373531,0.21376369,-0.47900301,1.32468473,8.45897622,0.00000004
6.25000000,HOLD_LEG,-0.00032331,-0.00704947,0.00615026,-0.07931188,0.06971052,0.31802107,-0.08253872,0.06550253,0.09302828,0.02987784,0.00905298,31.62110560,0.00000000,49.36676936,36.11996803,0.20869976,-0.47843210,1.32373503,0.21376369,-0.47900301,1.32468473,8.45897944,0.00000008
6.26000000,HOLD_LEG,-0.00032320,-0.00704940,0.00615012,-0.07931183,0.06971047,0.31802106,-0.08253867,0.06550248,0.09302834,0.02987774,0.00905288,31.62098387,0.00000000,49.36616268,36.12011337,0.20869973,-0.47843196,1.32373471,0.21376363,-0.47900270,1.32468401,8.45889566,0.00000004
6.27000000,HOLD_LEG,-0.00032313,-0.00704936,0.00615000,-0.07931180,0.06971043,0.31802104,-0.08253864,0.06550244,0.09302838,0.02987765,0.00905279,31.62085862,0.00000000,49.36654290,36.12021706,0.20869970,-0.47843182,1.32373438,0.21376363,-0.47900270,1.32468401,8.45893761,0.00000005
6.28000000,HOLD_LEG,-0.00032308,-0.00704934,0.00614989,-0.07931179,0.06971040,0.31802102,-0.08253863,0.06550241,0.09302841,0.02987758,0.00905272,31.62071551,0.00000000,49.36672421,36.12025953,0.20869969,-0.47843173,1.32373418,0.21376363,-0.47900270,1.32468401,8.45895806,0.00000005
6.29000000,HOLD_LEG,-0.00032305,-0.00704933,0.00614981,-0.07931179,0.06971037,0.31802100,-0.08253864,0.06550239,0.09302842,0.02987754,0.00905267,31.62055477,0.00000000,49.36689590,36.12028899,0.20869968,-0.47843168,1.32373407,0.21376363,-0.47900270,1.32468401,8.45898004,0.00000005
6.30000000,HOLD_LEG,-0.00032305,-0.00704935,0.00614975,-0.07931182,0.06971036,0.31802097,-0.08253866,0.06550237,0.09302841,0.02987751,0.00905264,31.62037850,0.00000000,49.36708001,36.12031119,0.20869968,-0.47843165,1.32373399,0.21376363,-0.47900270,1.32468401,8.45900552,0.00000006
6.31000000,HOLD_LEG,-0.00032307,-0.00704938,0.00614972,-0.07931186,0.06971035,0.31802095,-0.08253869,0.06550236,0.09302839,0.02987749,0.00905262,31.62019048,0.00000000,49.36728111,36.12032666,0.20869968,-0.47843164,1.32373395,0.21376363,-0.47900270,1.32468401,8.45903453,0.00000006
6.32000000,HOLD_LEG,-0.00032312,-0.00704943,0.00614971,-0.07931191,0.06971035,0.31802093,-0.08253874,0.06550236,0.09302836,0.02987748,0.00905262,31.61999507,0.00000000,49.36749904,36.12033301,0.20869968,-0.47843164,1.32373392,0.21376363,-0.47900270,1.32468401,8.45906673,0.00000006
6.33000000,HOLD_LEG,-0.00032319,-0.00704951,0.00614972,-0.07931197,0.06971035,0.31802090,-0.08253879,0.06550236,0.09302832,0.02987749,0.00905263,31.61979659,0.00000000,49.36773173,36.12032732,0.20869968,-0.47843164,1.32373391,0.21376363,-0.47900270,1.32468401,8.45910164,0.00000006
6.34000000,HOLD_LEG,-0.00032328,-0.00704961,0.00614976,-0.07931203,0.06971037,0.31802088,-0.08253886,0.06550237,0.09302827,0.02987751,0.00905264,31.61959891,0.00000000,49.36797643,36.12030730,0.20869968,-0.47843164,1.32373390,0.21376363,-0.47900270,1.32468401,8.45913876,0.00000006
6.35000000,HOLD_LEG,-0.00032340,-0.00704972,0.00614981,-0.07931211,0.06971039,0.31802086,-0.08253893,0.06550239,0.09302821,0.02987754,0.00905267,31.61940536,0.00000000,49.36823021,36.12027176,0.20869968,-0.47843165,1.32373389,0.21376363,-0.47900270,1.32468401,8.45917759,0.00000007
6.36000000,HOLD_LEG,-0.00032353,-0.00704985,0.00614988,-0.07931219,0.06971042,0.31802083,-0.08253900,0.06550242,0.09302815,0.02987758,0.00905272,31.61922403,0.00000000,49.36937004,36.12018935,0.20869969,-0.47843167,1.32373397,0.21376369,-0.47900302,1.32468474,8.45933020,0.00000006
6.37000000,HOLD_LEG,-0.00032366,-0.00704996,0.00614997,-0.07931228,0.06971046,0.31802081,-0.08253909,0.06550245,0.09302808,0.02987766,0.00905279,31.61900861,0.00000000,49.36913911,36.12000599,0.20869972,-0.47843178,1.32373423,0.21376369,-0.47900302,1.32468474,8.45931275,0.00000006
6.38000000,HOLD_LEG,-0.00032381,-0.00705008,0.00615008,-0.07931237,0.06971050,0.31802080,-0.08253917,0.06550249,0.09302800,0.02987773,0.00905286,31.61880665,0.00000000,49.36929267,36.11993165,0.20869973,-0.47843187,1.32373438,0.21376369,-0.47900302,1.32468474,8.45934249,0.00000008
6.39000000,HOLD_LEG,-0.00032397,-0.00705020,0.00615021,-0.07931246,0.06971054,0.31802079,-0.08253925,0.06550253,0.09302793,0.02987781,0.00905295,31.61860475,0.00000000,49.37004500,36.11973829,0.20869976,-0.47843199,1.32373468,0.21376376,-0.47900334,1.32468546,8.45944957,0.00000005
6.40000000,HOLD_LEG,-0.00032412,-0.00705032,0.00615036,-0.07931254,0.06971059,0.31802078,-0.08253934,0.06550257,0.09302785,0.02987791,0.00905304,31.61840581,0.00000000,49.37003469,36.11963890,0.20869979,-0.47843212,1.32373494,0.21376376,-0.47900334,1.32468546,8.45945994,0.00000006
6.41000000,HOLD_LEG,-0.00032430,-0.00705044,0.00615052,-0.07931263,0.06971064,0.31802077,-0.08253942,0.06550262,0.09302778,0.02987799,0.00905313,31.61823292,0.00000000,49.37124367,36.11957031,0.20869981,-0.47843222,1.32373516,0.21376383,-0.47900366,1.32468620,8.45962371,0.00000003
6.42000000,HOLD_LEG,-0.00032445,-0.00705055,0.00615069,-0.07931271,0.06971069,0.31802077,-0.08253949,0.06550266,0.09302771,0.02987811,0.00905324,31.61804870,0.00000000,49.37073768,36.11934687,0.20869985,-0.47843238,1.32373553,0.21376383,-0.47900366,1.32468620,8.45957103,0.00000004
6.43000000,HOLD_LEG,-0.00032461,-0.00705065,0.00615087,-0.07931279,0.06971074,0.31802077,-0.08253957,0.06550271,0.09302764,0.02987820,0.00905334,31.61789644,0.00000000,49.37077826,36.11927197,0.20869988,-0.47843249,1.32373574,0.21376383,-0.47900366,1.32468620,8.45958552,0.00000008
6.44000000,HOLD_LEG,-0.00032476,-0.00705075,0.00615104,-0.07931286,0.06971079,0.31802077,-0.08253963,0.06550276,0.09302758,0.02987831,0.00905345,31.61776333,0.00000000,49.37141713,36.11908507,0.20869991,-0.47843262,1.32373608,0.21376390,-0.47900397,1.32468691,8.45967632,0.00000002
6.45000000,HOLD_LEG,-0.00032490,-0.00705084,0.00615122,-0.07931292,0.06971084,0.31802078,-0.08253969,0.06550280,0.09302752,0.02987841,0.00905354,31.61764898,0.00000000,49.37130454,36.11899492,0.20869995,-0.47843275,1.32373637,0.21376390,-0.47900397,1.32468691,8.45967112,0.00000005
6.46000000,HOLD_LEG,-0.00032504,-0.00705092,0.00615139,-0.07931298,0.06971088,0.31802078,-0.08253975,0.06550284,0.09302748,0.02987849,0.00905363,31.61756639,0.00000000,49.37132982,36.11893747,0.20869997,-0.47843284,1.32373653,0.21376390,-0.47900397,1.32468691,8.45968050,0.00000008
6.47000000,HOLD_LEG,-0.00032516,-0.00705099,0.00615155,-0.07931302,0.06971093,0.31802079,-0.08253979,0.06550288,0.09302743,0.02987858,0.00905372,31.61750516,0.00000000,49.37192434,36.11876395,0.20870000,-0.47843295,1.32373684,0.21376397,-0.47900429,1.32468762,8.45976282,0.00000001
6.48000000,HOLD_LEG,-0.00032525,-0.00705103,0.00615170,-0.07931306,0.06971097,0.31802080,-0.08253983,0.06550292,0.09302740,0.02987867,0.00905380,31.61746024,0.00000000,49.37175274,36.11868870,0.20870003,-0.47843307,1.32373711,0.21376397,-0.47900429,1.32468762,8.45974751,0.00000003
6.49000000,HOLD_LEG,-0.00032534,-0.00705107,0.00615183,-0.07931309,0.06971100,0.31802081,-0.08253986,0.06550295,0.09302737,0.02987873,0.00905387,31.61744164,0.00000000,49.37171476,36.11865017,0.20870005,-0.47843315,1.32373727,0.21376397,-0.47900429,1.32468762,8.45974633,0.00000005
6.50000000,HOLD_LEG,-0.00032542,-0.00705110,0.00615195,-0.07931311,0.06971103,0.31802082,-0.08253988,0.06550298,0.09302735,0.02987878,0.00905392,31.61745113,0.00000000,49.37169596,36.11862340,0.20870006,-0.47843320,1.32373737,0.21376397,-0.47900429,1.32468762,8.45974554,0.00000007
6.51000000,MOVE_LEG_FORWARD,-0.00032549,-0.00705113,0.00615204,-0.07931312,0.06971106,0.31802083,-0.08253989,0.06550301,0.09302734,0.02987882,0.00905395,31.61748650,0.00000000,49.37167726,36.11860129,0.20870007,-0.47843322,1.32373742,0.21376397,-0.47900429,1.32468762,8.45974339,0.00000008
6.52000000,MOVE_LEG_FORWARD,-0.00032553,-0.00705114,0.00615211,-0.07931313,0.06971108,0.31802083,-0.08253990,0.06550303,0.09302734,0.02987885,0.00905398,31.61754322,0.00000000,49.37165149,36.11858178,0.20870007,-0.47843323,1.32373746,0.21376397,-0.47900429,1.32468762,8.45973939,0.00000009
6.53000000,MOVE_LEG_FORWARD,-0.00032556,-0.00705115,0.00615216,-0.07931313,0.06971110,0.31802084,-0.08253989,0.06550304,0.09302734,0.02987886,0.00905400,31.61761571,0.00000000,49.37161528,36.11856591,0.20870007,-0.47843323,1.32373748,0.21376397,-0.47900429,1.32468762,8.45973336,0.00000010
6.54000000,MOVE_LEG_FORWARD,-0.00032557,-0.00705113,0.00615219,-0.07931312,0.06971111,0.31802085,-0.08253989,0.06550305,0.09302735,0.02987887,0.00905401,31.61769834,0.00000000,49.37156706,36.11855573,0.20870007,-0.47843324,1.32373749,0.21376397,-0.47900429,1.32468762,8.45972525,0.00000010
6.55000000,MOVE_LEG_FORWARD,-0.00032556,-0.00705111,0.00615220,-0.07931310,0.06971111,0.31802085,-0.08253987,0.06550306,0.09302737,0.02987887,0.00905401,31.61778607,0.00000000,49.37150627,36.11855313,0.20870007,-0.47843324,1.32373750,0.21376397,-0.47900429,1.32468762,8.45971506,0.00000009
6.56000000,MOVE_LEG_FORWARD,-0.00032554,-0.00705107,0.00615219,-0.07931308,0.06971112,0.31802086,-0.08253985,0.06550306,0.09302739,0.02987887,0.00905400,31.61787479,0.00000000,49.37143289,36.11855937,0.20870007,-0.47843324,1.32373751,0.21376397,-0.47900429,1.32468762,8.45970285,0.00000008
6.57000000,MOVE_LEG_FORWARD,-0.00032550,-0.00705102,0.00615216,-0.07931305,0.06971111,0.31802087,-0.08253983,0.06550306,0.09302741,0.02987885,0.00905399,31.61796146,0.00000000,49.37134736,36.11857505,0.20870007,-0.47843324,1.32373751,0.21376397,-0.47900429,1.32468762,8.45968875,0.00000007
6.58000000,MOVE_LEG_FORWARD,-0.00032545,-0.00705096,0.00615213,-0.07931302,0.06971110,0.31802087,-0.08253980,0.06550306,0.09302744,0.02987883,0.00905397,31.61804407,0.00000000,49.37125050,36.11860013,0.20870007,-0.47843324,1.32373751,0.21376397,-0.47900429,1.32468762,8.45967289,0.00000006
6.59000000,MOVE_LEG_FORWARD,-0.00032538,-0.00705089,0.00615209,-0.07931299,0.06971109,0.31802088,-0.08253977,0.06550305,0.09302747,0.02987881,0.00905394,31.61812153,0.00000000,49.37114348,36.11863414,0.20870006,-0.47843324,1.32373751,0.21376397,-0.47900429,1.32468762,8.45965549,0.00000006
6.60000000,MOVE_LEG_FORWARD,-0.00032530,-0.00705081,0.00615203,-0.07931295,0.06971107,0.31802089,-0.08253974,0.06550303,0.09302750,0.02987878,0.00905391,31.61819350,0.00000000,49.37102777,36.11867631,0.20870006,-0.47843324,1.32373751,0.21376397,-0.47900429,1.32468762,8.45963677,0.00000006
6.61000000,MOVE_LEG_FORWARD,-0.00032521,-0.00705073,0.00615197,-0.07931292,0.06971105,0.31802089,-0.08253970,0.06550301,0.09302754,0.02987874,0.00905388,31.61826018,0.00000000,49.37090509,36.11872566,0.20870006,-0.47843324,1.32373751,0.21376397,-0.47900429,1.32468762,8.45961698,0.00000006
6.62000000,MOVE_LEG_FORWARD,-0.00032511,-0.00705064,0.00615191,-0.07931287,0.06971103,0.31802090,-0.08253966,0.06550299,0.09302757,0.02987871,0.00905384,31.61832209,0.00000000,49.37077729,36.11878109,0.20870006,-0.47843324,1.32373751,0.21376397,-0.47900429,1.32468762,8.45959638,0.00000006
6.63000000,MOVE_LEG_FORWARD,-0.00032500,-0.00705055,0.00615184,-0.07931283,0.06971100,0.31802091,-0.08253962,0.06550296,0.09302761,0.02987867,0.00905381,31.61837996,0.00000000,49.37064630,36.11884146,0.20870006,-0.47843324,1.32373751,0.21376397,-0.47900429,1.32468762,8.45957526,0.00000007
6.64000000,MOVE_LEG_FORWARD,-0.00032489,-0.00705046,0.00615177,-0.07931279,0.06971096,0.31802092,-0.08253958,0.06550293,0.09302765,0.02987863,0.00905377,31.61842925,0.00000000,49.36946232,36.11890302,0.20870005,-0.47843322,1.32373745,0.21376390,-0.47900397,1.32468690,8.45941932,0.00000005
6.65000000,MOVE_LEG_FORWARD,-0.00032481,-0.00705039,0.00615169,-0.07931274,0.06971093,0.31802092,-0.08253954,0.06550290,0.09302770,0.02987855,0.00905369,31.61851531,0.00000000,49.36997958,36.11911912,0.20870002,-0.47843311,1.32373718,0.21376390,-0.47900397,1.32468690,8.45947641,0.00000005
6.66000000,MOVE_LEG_FORWARD,-0.00032471,-0.00705033,0.00615159,-0.07931270,0.06971090,0.31802092,-0.08253950,0.06550287,0.09302775,0.02987850,0.00905363,31.61859926,0.00000000,49.36997050,36.11918457,0.20870001,-0.47843303,1.32373702,0.21376390,-0.47900397,1.32468690,8.45946774,0.00000005
6.67000000,MOVE_LEG_FORWARD,-0.00032460,-0.00705026,0.00615150,-0.07931266,0.06971086,0.31802092,-0.08253946,0.06550284,0.09302779,0.02987844,0.00905358,31.61867960,0.00000000,49.36990877,36.11923191,0.20870000,-0.47843297,1.32373693,0.21376390,-0.47900397,1.32468690,8.45945400,0.00000007
6.68000000,MOVE_LEG_FORWARD,-0.00032449,-0.00705018,0.00615140,-0.07931261,0.06971083,0.31802093,-0.08253942,0.06550281,0.09302783,0.02987839,0.00905353,31.61874496,0.00000000,49.36877717,36.11927046,0.20869999,-0.47843293,1.32373681,0.21376383,-0.47900365,1.32468618,8.45930444,0.00000004
6.69000000,MOVE_LEG_FORWARD,-0.00032442,-0.00705013,0.00615130,-0.07931257,0.06971080,0.31802092,-0.08253938,0.06550277,0.09302787,0.02987831,0.00905345,31.61883728,0.00000000,49.36935025,36.11946203,0.20869996,-0.47843281,1.32373651,0.21376383,-0.47900365,1.32468618,8.45936897,0.00000003
6.70000000,MOVE_LEG_FORWARD,-0.00032433,-0.00705007,0.00615119,-0.07931254,0.06971076,0.31802092,-0.08253934,0.06550275,0.09302791,0.02987825,0.00905339,31.61891637,0.00000000,49.36939376,36.11950300,0.20869994,-0.47843271,1.32373633,0.21376383,-0.47900365,1.32468618,8.45936775,0.00000004
6.71000000,MOVE_LEG_FORWARD,-0.00032425,-0.00705002,0.00615109,-0.07931250,0.06971074,0.31802092,-0.08253931,0.06550272,0.09302794,0.02987820,0.00905333,31.61898125,0.00000000,49.36938427,36.11952683,0.20869992,-0.47843266,1.32373622,0.21376383,-0.47900365,1.32468618,8.45936168,0.00000006
6.72000000,MOVE_LEG_FORWARD,-0.00032417,-0.00704995,0.00615100,-0.07931247,0.06971071,0.31802091,-0.08253928,0.06550270,0.09302798,0.02987815,0.00905329,31.61902747,0.00000000,49.36936102,36.11954467,0.20869992,-0.47843263,1.32373615,0.21376383,-0.47900365,1.32468618,8.45935510,0.00000008
6.73000000,MOVE_LEG_FORWARD,-0.00032410,-0.00704990,0.00615092,-0.07931245,0.06971069,0.31802091,-0.08253926,0.06550267,0.09302800,0.02987810,0.00905324,31.61904889,0.00000000,49.36846723,36.11959304,0.20869991,-0.47843259,1.32373603,0.21376376,-0.47900334,1.32468546,8.45923794,0.00000002
6.74000000,MOVE_LEG_FORWARD,-0.00032406,-0.00704988,0.00615084,-0.07931242,0.06971067,0.31802090,-0.08253924,0.06550265,0.09302803,0.02987804,0.00905318,31.61909493,0.00000000,49.36892858,36.11972715,0.20869987,-0.47843248,1.32373574,0.21376376,-0.47900334,1.32468546,8.45928974,0.00000002
6.75000000,MOVE_LEG_FORWARD,-0.00032403,-0.00704986,0.00615077,-0.07931240,0.06971065,0.31802089,-0.08253922,0.06550264,0.09302805,0.02987800,0.00905313,31.61912338,0.00000000,49.36901522,36.11974028,0.20869985,-0.47843239,1.32373558,0.21376376,-0.47900334,1.32468546,8.45929619,0.00000002
6.76000000,MOVE_LEG_FORWARD,-0.00032400,-0.00704984,0.00615071,-0.07931239,0.06971064,0.31802089,-0.08253920,0.06550262,0.09302807,0.02987796,0.00905310,31.61913835,0.00000000,49.36905886,36.11973492,0.20869984,-0.47843234,1.32373548,0.21376376,-0.47900334,1.32468546,8.45929905,0.00000003
6.77000000,MOVE_LEG_FORWARD,-0.00032398,-0.00704982,0.00615066,-0.07931238,0.06971063,0.31802088,-0.08253919,0.06550262,0.09302809,0.02987794,0.00905308,31.61913784,0.00000000,49.36909162,36.11972160,0.20869984,-0.47843231,1.32373543,0.21376376,-0.47900334,1.32468546,8.45930179,0.00000003
6.78000000,MOVE_LEG_FORWARD,-0.00032397,-0.00704981,0.00615063,-0.07931237,0.06971062,0.31802088,-0.08253918,0.06550261,0.09302809,0.02987792,0.00905306,31.61912253,0.00000000,49.36912259,36.11970612,0.20869984,-0.47843230,1.32373539,0.21376376,-0.47900334,1.32468546,8.45930510,0.00000004
6.79000000,MOVE_LEG_FORWARD,-0.00032397,-0.00704980,0.00615061,-0.07931237,0.06971062,0.31802087,-0.08253918,0.06550261,0.09302810,0.02987791,0.00905305,31.61909480,0.00000000,49.36915576,36.11969014,0.20869983,-0.47843229,1.32373537,0.21376376,-0.47900334,1.32468546,8.45930922,0.00000004
6.80000000,MOVE_LEG_FORWARD,-0.00032398,-0.00704980,0.00615060,-0.07931237,0.06971062,0.31802087,-0.08253918,0.06550260,0.09302810,0.02987791,0.00905305,31.61905781,0.00000000,49.36919304,36.11967325,0.20869983,-0.47843229,1.32373535,0.21376376,-0.47900334,1.32468546,8.45931424,0.00000004
6.81000000,MOVE_LEG_FORWARD,-0.00032400,-0.00704981,0.00615061,-0.07931237,0.06971062,0.31802087,-0.08253919,0.06550261,0.09302810,0.02987791,0.00905305,31.61901484,0.00000000,49.36923527,36.11965439,0.20869983,-0.47843229,1.32373535,0.21376376,-0.47900334,1.32468546,8.45932021,0.00000003
6.82000000,MOVE_LEG_FORWARD,-0.00032403,-0.00704982,0.00615063,-0.07931238,0.06971062,0.31802086,-0.08253919,0.06550261,0.09302809,0.02987792,0.00905305,31.61896890,0.00000000,49.36928277,36.11963261,0.20869983,-0.47843229,1.32373534,0.21376376,-0.47900334,1.32468546,8.45932713,0.00000003
6.83000000,MOVE_LEG_FORWARD,-0.00032407,-0.00704984,0.00615066,-0.07931239,0.06971063,0.31802086,-0.08253920,0.06550262,0.09302809,0.02987793,0.00905307,31.61892244,0.00000000,49.36933559,36.11960736,0.20869983,-0.47843229,1.32373534,0.21376376,-0.47900334,1.32468546,8.45933496,0.00000002
6.84000000,MOVE_LEG_FORWARD,-0.00032411,-0.00704987,0.00615069,-0.07931240,0.06971064,0.31802086,-0.08253921,0.06550263,0.09302808,0.02987794,0.00905308,31.61887728,0.00000000,49.36939356,36.11957848,0.20869983,-0.47843229,1.32373534,0.21376376,-0.47900334,1.32468546,8.45934365,0.00000003
6.85000000,MOVE_LEG_FORWARD,-0.00032417,-0.00704990,0.00615074,-0.07931242,0.06971066,0.31802086,-0.08253923,0.06550264,0.09302807,0.02987796,0.00905310,31.61883461,0.00000000,49.36945632,36.11954620,0.20869984,-0.47843229,1.32373534,0.21376376,-0.47900334,1.32468546,8.45935314,0.00000003
6.86000000,MOVE_LEG_FORWARD,-0.00032423,-0.00704994,0.00615078,-0.07931243,0.06971067,0.31802085,-0.08253924,0.06550265,0.09302805,0.02987798,0.00905312,31.61879507,0.00000000,49.36952331,36.11951094,0.20869984,-0.47843229,1.32373534,0.21376376,-0.47900334,1.32468546,8.45936331,0.00000003
6.87000000,MOVE_LEG_FORWARD,-0.00032429,-0.00704998,0.00615083,-0.07931245,0.06971069,0.31802085,-0.08253926,0.06550267,0.09302804,0.02987800,0.00905314,31.61875881,0.00000000,49.36959376,36.11947328,0.20869984,-0.47843228,1.32373534,0.21376376,-0.47900334,1.32468546,8.45937406,0.00000004
6.88000000,MOVE_LEG_FORWARD,-0.00032436,-0.00705002,0.00615088,-0.07931247,0.06971071,0.31802085,-0.08253927,0.06550269,0.09302802,0.02987802,0.00905316,31.61872565,0.00000000,49.36966677,36.11943388,0.20869984,-0.47843228,1.32373534,0.21376376,-0.47900334,1.32468546,8.45938525,0.00000005
6.89000000,MOVE_LEG_FORWARD,-0.00032443,-0.00705007,0.00615093,-0.07931249,0.06971073,0.31802085,-0.08253929,0.06550271,0.09302801,0.02987805,0.00905319,31.61869518,0.00000000,49.36974133,36.11939340,0.20869984,-0.47843228,1.32373534,0.21376376,-0.47900334,1.32468546,8.45939672,0.00000007
6.90000000,MOVE_LEG_FORWARD,-0.00032450,-0.00705011,0.00615098,-0.07931251,0.06971075,0.31802084,-0.08253931,0.06550273,0.09302799,0.02987807,0.00905321,31.61866688,0.00000000,49.36981638,36.11935251,0.20869984,-0.47843228,1.32373534,0.21376376,-0.47900334,1.32468546,8.45940834,0.00000009
6.91000000,MOVE_LEG_FORWARD,-0.00032456,-0.00705015,0.00615104,-0.07931253,0.06971077,0.31802084,-0.08253933,0.06550275,0.09302797,0.02987811,0.00905325,31.61863285,0.00000000,49.37055234,36.11921941,0.20869986,-0.47843233,1.32373549,0.21376383,-0.47900365,1.32468617,8.45950568,0.00000005
6.92000000,MOVE_LEG_FORWARD,-0.00032461,-0.00705016,0.00615110,-0.07931255,0.06971080,0.31802084,-0.08253935,0.06550277,0.09302795,0.02987816,0.00905330,31.61857661,0.00000000,49.37031168,36.11912546,0.20869988,-0.47843243,1.32373572,0.21376383,-0.47900365,1.32468617,8.45948145,0.00000005
6.93000000,MOVE_LEG_FORWARD,-0.00032466,-0.00705018,0.00615117,-0.07931257,0.06971082,0.31802084,-0.08253937,0.06550278,0.09302792,0.02987820,0.00905333,31.61851789,0.00000000,49.37028946,36.11909679,0.20869989,-0.47843251,1.32373585,0.21376383,-0.47900365,1.32468617,8.45948307,0.00000006
6.94000000,MOVE_LEG_FORWARD,-0.00032471,-0.00705021,0.00615123,-0.07931259,0.06971083,0.31802084,-0.08253939,0.06550280,0.09302791,0.02987823,0.00905336,31.61846375,0.00000000,49.37030054,36.11908361,0.20869990,-0.47843255,1.32373593,0.21376383,-0.47900365,1.32468617,8.45948750,0.00000006
6.95000000,MOVE_LEG_FORWARD,-0.00032477,-0.00705024,0.00615129,-0.07931261,0.06971085,0.31802085,-0.08253941,0.06550282,0.09302789,0.02987825,0.00905339,31.61841909,0.00000000,49.37032215,36.11907533,0.20869991,-0.47843258,1.32373598,0.21376383,-0.47900365,1.32468617,8.45949241,0.00000007
6.96000000,MOVE_LEG_FORWARD,-0.00032482,-0.00705027,0.00615135,-0.07931263,0.06971087,0.31802085,-0.08253942,0.06550283,0.09302787,0.02987828,0.00905342,31.61838602,0.00000000,49.37034702,36.11906650,0.20869991,-0.47843259,1.32373601,0.21376383,-0.47900365,1.32468617,8.45949727,0.00000007
6.97000000,MOVE_LEG_FORWARD,-0.00032486,-0.00705031,0.00615140,-0.07931265,0.06971088,0.31802085,-0.08253944,0.06550285,0.09302786,0.02987830,0.00905344,31.61836462,0.00000000,49.37037189,36.11905580,0.20869991,-0.47843259,1.32373603,0.21376383,-0.47900365,1.32468617,8.45950187,0.00000007
6.98000000,MOVE_LEG_FORWARD,-0.00032490,-0.00705034,0.00615144,-0.07931266,0.06971090,0.31802085,-0.08253945,0.06550286,0.09302785,0.02987833,0.00905346,31.61835366,0.00000000,49.37039522,36.11904395,0.20869992,-0.47843259,1.32373604,0.21376383,-0.47900365,1.32468617,8.45950609,0.00000008
6.99000000,MOVE_LEG_FORWARD,-0.00032494,-0.00705037,0.00615147,-0.07931267,0.06971091,0.31802085,-0.08253946,0.06550287,0.09302783,0.02987834,0.00905348,31.61835122,0.00000000,49.37041614,36.11903234,0.20869992,-0.47843259,1.32373604,0.21376383,-0.47900365,1.32468617,8.45950985,0.00000009
7.00000000,MOVE_LEG_FORWARD,-0.00032496,-0.00705039,0.00615150,-0.07931268,0.06971092,0.31802085,-0.08253947,0.06550288,0.09302782,0.02987836,0.00905350,31.61836042,0.00000000,49.37129782,36.11899160,0.20869992,-0.47843262,1.32373613,0.21376390,-0.47900396,1.32468688,8.45962357,0.00000008
7.01000000,MOVE_LEG_FORWARD,-0.00032496,-0.00705038,0.00615153,-0.07931269,0.06971093,0.31802085,-0.08253948,0.06550289,0.09302781,0.02987840,0.00905354,31.61833156,0.00000000,49.37082670,36.11886889,0.20869995,-0.47843272,1.32373639,0.21376390,-0.47900396,1.32468688,8.45956898,0.00000008
7.02000000,MOVE_LEG_FORWARD,-0.00032496,-0.00705036,0.00615155,-0.07931270,0.06971093,0.31802086,-0.08253949,0.06550290,0.09302780,0.02987842,0.00905356,31.61830794,0.00000000,49.37072815,36.11886964,0.20869997,-0.47843281,1.32373654,0.21376390,-0.47900396,1.32468688,8.45955973,0.00000008
7.03000000,MOVE_LEG_FORWARD,-0.00032495,-0.00705035,0.00615158,-0.07931270,0.06971094,0.31802086,-0.08253950,0.06550290,0.09302779,0.02987843,0.00905357,31.61828766,0.00000000,49.37067270,36.11889019,0.20869997,-0.47843286,1.32373663,0.21376390,-0.47900396,1.32468688,8.45955426,0.00000008
7.04000000,MOVE_LEG_FORWARD,-0.00032494,-0.00705034,0.00615160,-0.07931271,0.06971093,0.31802087,-0.08253950,0.06550290,0.09302779,0.02987844,0.00905358,31.61827533,0.00000000,49.37062907,36.11891845,0.20869998,-0.47843289,1.32373668,0.21376390,-0.47900396,1.32468688,8.45954921,0.00000008
7.05000000,MOVE_LEG_FORWARD,-0.00032493,-0.00705033,0.00615161,-0.07931270,0.06971093,0.31802087,-0.08253950,0.06550290,0.09302779,0.02987845,0.00905358,31.61827290,0.00000000,49.37058896,36.11894737,0.20869998,-0.47843290,1.32373671,0.21376390,-0.47900396,1.32468688,8.45954397,0.00000008
7.06000000,MOVE_LEG_FORWARD,-0.00032491,-0.00705032,0.00615161,-0.07931270,0.06971093,0.31802088,-0.08253949,0.06550289,0.09302779,0.02987845,0.00905358,31.61828040,0.00000000,49.37054906,36.11897443,0.20869998,-0.47843291,1.32373674,0.21376390,-0.47900396,1.32468688,8.45953836,0.00000008
7.07000000,MOVE_LEG_FORWARD,-0.00032488,-0.00705031,0.00615161,-0.07931270,0.06971092,0.31802088,-0.08253949,0.06550289,0.09302780,0.02987844,0.00905358,31.61829667,0.00000000,49.37050816,36.11899955,0.20869999,-0.47843291,1.32373675,0.21376390,-0.47900396,1.32468688,8.45953236,0.00000008
7.08000000,MOVE_LEG_FORWARD,-0.00032485,-0.00705029,0.00615159,-0.07931269,0.06971091,0.31802088,-0.08253948,0.06550288,0.09302780,0.02987844,0.00905358,31.61831991,0.00000000,49.37046591,36.11902356,0.20869999,-0.47843291,1.32373676,0.21376390,-0.47900396,1.32468688,8.45952598,0.00000007
7.09000000,MOVE_LEG_FORWARD,-0.00032482,-0.00705027,0.00615158,-0.07931268,0.06971090,0.31802089,-0.08253947,0.06550287,0.09302781,0.02987843,0.00905357,31.61834812,0.00000000,49.37042229,36.11904740,0.20869999,-0.47843291,1.32373676,0.21376390,-0.47900396,1.32468688,8.45951925,0.00000007
7.10000000,MOVE_LEG_FORWARD,-0.00032478,-0.00705025,0.00615155,-0.07931267,0.06971089,0.31802089,-0.08253946,0.06550286,0.09302782,0.02987842,0.00905355,31.61837934,0.00000000,49.37037735,36.11907172,0.20869999,-0.47843291,1.32373676,0.21376390,-0.47900396,1.32468688,8.45951219,0.00000007
7.11000000,MOVE_LEG_FORWARD,-0.00032473,-0.00705022,0.00615152,-0.07931266,0.06971088,0.31802089,-0.08253945,0.06550285,0.09302783,0.02987840,0.00905354,31.61841183,0.00000000,49.37033112,36.11909683,0.20869999,-0.47843291,1.32373676,0.21376390,-0.47900396,1.32468688,8.45950483,0.00000007
7.12000000,MOVE_LEG_FORWARD,-0.00032469,-0.00705019,0.00615149,-0.07931264,0.06971086,0.31802089,-0.08253944,0.06550283,0.09302784,0.02987839,0.00905352,31.61844418,0.00000000,49.37028365,36.11912276,0.20869999,-0.47843291,1.32373676,0.21376390,-0.47900396,1.32468688,8.45949719,0.00000007
7.13000000,MOVE_LEG_FORWARD,-0.00032464,-0.00705015,0.00615145,-0.07931263,0.06971085,0.31802089,-0.08253943,0.06550282,0.09302786,0.02987837,0.00905351,31.61847537,0.00000000,49.37023508,36.11914932,0.20869998,-0.47843291,1.32373676,0.21376390,-0.47900396,1.32468688,8.45948932,0.00000008
7.14000000,MOVE_LEG_FORWARD,-0.00032458,-0.00705012,0.00615141,-0.07931261,0.06971083,0.31802090,-0.08253941,0.06550281,0.09302787,0.02987835,0.00905349,31.61850470,0.00000000,49.37018562,36.11917622,0.20869998,-0.47843291,1.32373676,0.21376390,-0.47900396,1.32468688,8.45948126,0.00000010
7.15000000,MOVE_LEG_FORWARD,-0.00032456,-0.00705010,0.00615137,-0.07931260,0.06971082,0.31802090,-0.08253940,0.06550279,0.09302789,0.02987831,0.00905344,31.61855135,0.00000000,49.36966607,36.11933948,0.20869996,-0.47843282,1.32373651,0.21376383,-0.47900365,1.32468617,8.45940981,0.00000006
7.16000000,MOVE_LEG_FORWARD,-0.00032452,-0.00705010,0.00615132,-0.07931258,0.06971080,0.31802089,-0.08253938,0.06550278,0.09302791,0.02987827,0.00905341,31.61860875,0.00000000,49.36978156,36.11937520,0.20869994,-0.47843273,1.32373632,0.21376383,-0.47900365,1.32468617,8.45941926,0.00000005
7.17000000,MOVE_LEG_FORWARD,-0.00032449,-0.00705009,0.00615126,-0.07931256,0.06971079,0.31802089,-0.08253937,0.06550277,0.09302793,0.02987824,0.00905338,31.61866495,0.00000000,49.36980504,36.11938406,0.20869993,-0.47843267,1.32373622,0.21376383,-0.47900365,1.32468617,8.45941878,0.00000005
7.18000000,MOVE_LEG_FORWARD,-0.00032445,-0.00705007,0.00615120,-0.07931255,0.06971078,0.31802089,-0.08253935,0.06550276,0.09302794,0.02987821,0.00905335,31.61871289,0.00000000,49.36980581,36.11938313,0.20869992,-0.47843263,1.32373615,0.21376383,-0.47900365,1.32468617,8.45941661,0.00000005
7.19000000,MOVE_LEG_FORWARD,-0.00032442,-0.00705004,0.00615115,-0.07931254,0.06971077,0.31802088,-0.08253934,0.06550275,0.09302795,0.02987819,0.00905333,31.61874908,0.00000000,49.36979720,36.11938120,0.20869992,-0.47843261,1.32373611,0.21376383,-0.47900365,1.32468617,8.45941393,0.00000005
7.20000000,MOVE_LEG_FORWARD,-0.00032439,-0.00705002,0.00615111,-0.07931252,0.06971076,0.31802088,-0.08253933,0.06550274,0.09302796,0.02987817,0.00905331,31.61877269,0.00000000,49.36978452,36.11938191,0.20869991,-0.47843260,1.32373609,0.21376383,-0.47900365,1.32468617,8.45941111,0.00000004
7.21000000,MOVE_LEG_FORWARD,-0.00032436,-0.00704999,0.00615107,-0.07931251,0.06971075,0.31802088,-0.08253932,0.06550273,0.09302797,0.02987815,0.00905329,31.61878464,0.00000000,49.36977033,36.11938558,0.20869991,-0.47843260,1.32373607,0.21376383,-0.47900365,1.32468617,8.45940831,0.00000005
7.22000000,MOVE_LEG_FORWARD,-0.00032433,-0.00704997,0.00615104,-0.07931250,0.06971074,0.31802088,-0.08253931,0.06550272,0.09302798,0.02987814,0.00905328,31.61878689,0.00000000,49.36975603,36.11939113,0.20869991,-0.47843260,1.32373606,0.21376383,-0.47900365,1.32468617,8.45940566,0.00000006
7.23000000,MOVE_LEG_FORWARD,-0.00032431,-0.00704995,0.00615102,-0.07931250,0.06971073,0.31802088,-0.08253930,0.06550272,0.09302799,0.02987813,0.00905327,31.61878184,0.00000000,49.36974256,36.11939713,0.20869991,-0.47843260,1.32373606,0.21376383,-0.47900365,1.32468617,8.45940324,0.00000006
7.24000000,MOVE_LEG_FORWARD,-0.00032429,-0.00704993,0.00615100,-0.07931249,0.06971073,0.31802088,-0.08253930,0.06550271,0.09302800,0.02987812,0.00905326,31.61877194,0.00000000,49.36973072,36.11940237,0.20869990,-0.47843260,1.32373605,0.21376383,-0.47900365,1.32468617,8.45940116,0.00000007
7.25000000,MOVE_LEG_FORWARD,-0.00032428,-0.00704992,0.00615100,-0.07931248,0.06971072,0.31802088,-0.08253929,0.06550270,0.09302801,0.02987812,0.00905325,31.61875941,0.00000000,49.36972127,36.11940602,0.20869990,-0.47843260,1.32373605,0.21376383,-0.47900365,1.32468617,8.45939948,0.00000007
7.26000000,MOVE_LEG_FORWARD,-0.00032427,-0.00704991,0.00615099,-0.07931248,0.06971072,0.31802088,-0.08253929,0.06550270,0.09302801,0.02987811,0.00905325,31.61874609,0.00000000,49.36971486,36.11940759,0.20869991,-0.47843260,1.32373605,0.21376383,-0.47900365,1.32468617,8.45939829,0.00000007
7.27000000,MOVE_LEG_FORWARD,-0.00032427,-0.00704991,0.00615100,-0.07931247,0.06971071,0.31802088,-0.08253928,0.06550270,0.09302801,0.02987811,0.00905325,31.61873333,0.00000000,49.36971201,36.11940692,0.20869991,-0.47843260,1.32373605,0.21376383,-0.47900365,1.32468617,8.45939765,0.00000008
7.28000000,MOVE_LEG_FORWARD,-0.00032427,-0.00704990,0.00615100,-0.07931247,0.06971071,0.31802088,-0.08253928,0.06550269,0.09302802,0.02987811,0.00905325,31.61872201,0.00000000,49.36971304,36.11940398,0.20869991,-0.47843260,1.32373605,0.21376383,-0.47900365,1.32468617,8.45939757,0.00000008
7.29000000,MOVE_LEG_FORWARD,-0.00032427,-0.00704990,0.00615101,-0.07931247,0.06971071,0.31802088,-0.08253928,0.06550269,0.09302802,0.02987811,0.00905325,31.61871255,0.00000000,49.36971804,36.11939892,0.20869991,-0.47843260,1.32373605,0.21376383,-0.47900365,1.32468617,8.45939807,0.00000008
7.30000000,MOVE_LEG_FORWARD,-0.00032428,-0.00704990,0.00615102,-0.07931247,0.06971071,0.31802088,-0.08253928,0.06550269,0.09302802,0.02987811,0.00905325,31.61870500,0.00000000,49.36972691,36.11939194,0.20869991,-0.47843260,1.32373605,0.21376383,-0.47900365,1.32468617,8.45939913,0.00000008
7.31000000,MOVE_LEG_FORWARD,-0.00032429,-0.00704990,0.00615103,-0.07931247,0.06971071,0.31802088,-0.08253928,0.06550269,0.09302802,0.02987812,0.00905325,31.61869910,0.00000000,49.36973935,36.11938326,0.20869991,-0.47843260,1.32373605,0.21376383,-0.47900365,1.32468617,8.45940071,0.00000007
7.32000000,MOVE_LEG_FORWARD,-0.00032430,-0.00704991,0.00615105,-0.07931247,0.06971071,0.31802088,-0.08253928,0.06550269,0.09302802,0.02987812,0.00905326,31.61869444,0.00000000,49.36975492,36.11937316,0.20869991,-0.47843260,1.32373605,0.21376383,-0.47900365,1.32468617,8.45940274,0.00000007
7.33000000,MOVE_LEG_FORWARD,-0.00032431,-0.00704991,0.00615106,-0.07931247,0.06971072,0.31802088,-0.08253928,0.06550270,0.09302802,0.02987813,0.00905326,31.61869053,0.00000000,49.36977311,36.11936189,0.20869991,-0.47843260,1.32373605,0.21376383,-0.47900365,1.32468617,8.45940517,0.00000007
7.34000000,MOVE_LEG_FORWARD,-0.00032433,-0.00704992,0.00615108,-0.07931247,0.06971072,0.31802088,-0.08253928,0.06550270,0.09302802,0.02987813,0.00905327,31.61868685,0.00000000,49.36979336,36.11934973,0.20869991,-0.47843260,1.32373605,0.21376383,-0.47900365,1.32468617,8.45940792,0.00000007
7.35000000,MOVE_LEG_FORWARD,-0.00032435,-0.00704992,0.00615109,-0.07931248,0.06971073,0.31802088,-0.08253928,0.06550271,0.09302802,0.02987813,0.00905327,31.61868296,0.00000000,49.36981511,36.11933694,0.20869991,-0.47843260,1.32373605,0.21376383,-0.47900365,1.32468617,8.45941092,0.00000006
7.36000000,MOVE_LEG_FORWARD,-0.00032436,-0.00704993,0.00615110,-0.07931248,0.06971073,0.31802088,-0.08253929,0.06550271,0.09302802,0.02987814,0.00905328,31.61867851,0.00000000,49.36983784,36.11932377,0.20869991,-0.47843260,1.32373605,0.21376383,-0.47900365,1.32468617,8.45941411,0.00000006
7.37000000,MOVE_LEG_FORWARD,-0.00032438,-0.00704994,0.00615112,-0.07931248,0.06971074,0.31802088,-0.08253929,0.06550272,0.09302801,0.02987815,0.00905328,31.61867327,0.00000000,49.36986109,36.11931048,0.20869991,-0.47843260,1.32373605,0.21376383,-0.47900365,1.32468617,8.45941743,0.00000006
7.38000000,MOVE_LEG_FORWARD,-0.00032440,-0.00704995,0.00615113,-0.07931249,0.06971074,0.31802088,-0.08253929,0.06550272,0.09302801,0.02987815,0.00905329,31.61866712,0.00000000,49.36988445,36.11929729,0.20869991,-0.47843260,1.32373605,0.21376383,-0.47900365,1.32468617,8.45942082,0.00000006
7.39000000,MOVE_LEG_FORWARD,-0.00032442,-0.00704996,0.00615114,-0.07931249,0.06971075,0.31802088,-0.08253930,0.06550273,0.09302800,0.02987816,0.00905329,31.61866006,0.00000000,49.36990759,36.11928441,0.20869991,-0.47843260,1.32373605,0.21376383,-0.47900365,1.32468617,8.45942424,0.00000006
7.40000000,MOVE_LEG_FORWARD,-0.00032444,-0.00704998,0.00615116,-0.07931250,0.06971076,0.31802088,-0.08253930,0.06550273,0.09302800,0.02987816,0.00905330,31.61865217,0.00000000,49.36993024,36.11927200,0.20869991,-0.47843260,1.32373605,0.21376383,-0.47900365,1.32468617,8.45942766,0.00000006
7.41000000,MOVE_LEG_FORWARD,-0.00032446,-0.00704999,0.00615117,-0.07931250,0.06971076,0.31802088,-0.08253931,0.06550274,0.09302800,0.02987817,0.00905331,31.61864359,0.00000000,49.36995220,36.11926023,0.20869991,-0.47843260,1.32373605,0.21376383,-0.47900365,1.32468617,8.45943103,0.00000006
7.42000000,MOVE_LEG_FORWARD,-0.00032449,-0.00705000,0.00615118,-0.07931251,0.06971077,0.31802087,-0.08253931,0.06550275,0.09302799,0.02987818,0.00905331,31.61863452,0.00000000,49.36997330,36.11924920,0.20869991,-0.47843260,1.32373605,0.21376383,-0.47900365,1.32468617,8.45943434,0.00000006
7.43000000,MOVE_LEG_FORWARD,-0.00032451,-0.00705002,0.00615120,-0.07931252,0.06971078,0.31802087,-0.08253932,0.06550275,0.09302798,0.02987818,0.00905332,31.61862515,0.00000000,49.36999342,36.11923903,0.20869991,-0.47843260,1.32373605,0.21376383,-0.47900365,1.32468617,8.45943756,0.00000006
7.44000000,MOVE_LEG_FORWARD,-0.00032453,-0.00705003,0.00615121,-0.07931252,0.06971078,0.31802087,-0.08253932,0.06550276,0.09302798,0.02987819,0.00905333,31.61861568,0.00000000,49.37001248,36.11922975,0.20869991,-0.47843260,1.32373605,0.21376383,-0.47900365,1.32468617,8.45944068,0.00000006
7.45000000,MOVE_LEG_FORWARD,-0.00032454,-0.00705005,0.00615122,-0.07931253,0.06971079,0.31802087,-0.08253933,0.06550276,0.09302797,0.02987820,0.00905333,31.61860631,0.00000000,49.37003040,36.11922143,0.20869991,-0.47843260,1.32373605,0.21376383,-0.47900365,1.32468617,8.45944367,0.00000006
7.46000000,MOVE_LEG_FORWARD,-0.00032456,-0.00705006,0.00615123,-0.07931253,0.06971080,0.31802087,-0.08253934,0.06550277,0.09302797,0.02987820,0.00905334,31.61859718,0.00000000,49.37004713,36.11921406,0.20869991,-0.47843260,1.32373605,0.21376383,-0.47900365,1.32468617,8.45944652,0.00000006
7.47000000,MOVE_LEG_FORWARD,-0.00032458,-0.00705007,0.00615124,-0.07931254,0.06971080,0.31802087,-0.08253934,0.06550278,0.09302796,0.02987821,0.00905335,31.61858843,0.00000000,49.37006263,36.11920765,0.20869991,-0.47843260,1.32373605,0.21376383,-0.47900365,1.32468617,8.45944922,0.00000007
7.48000000,MOVE_LEG_FORWARD,-0.00032460,-0.00705009,0.00615125,-0.07931255,0.06971081,0.31802087,-0.08253935,0.06550278,0.09302795,0.02987822,0.00905335,31.61858017,0.00000000,49.37007686,36.11920218,0.20869991,-0.47843260,1.32373605,0.21376383,-0.47900365,1.32468617,8.45945175,0.00000007
7.49000000,MOVE_LEG_FORWARD,-0.00032461,-0.00705010,0.00615126,-0.07931255,0.06971082,0.31802087,-0.08253935,0.06550279,0.09302795,0.02987822,0.00905336,31.61857246,0.00000000,49.37008979,36.11919760,0.20869991,-0.47843260,1.32373605,0.21376383,-0.47900365,1.32468617,8.45945411,0.00000007
7.50000000,MOVE_LEG_FORWARD,-0.00032463,-0.00705011,0.00615126,-0.07931256,0.06971082,0.31802087,-0.08253936,0.06550279,0.09302794,0.02987823,0.00905336,31.61856535,0.00000000,49.37010138,36.11919389,0.20869991,-0.47843260,1.32373605,0.21376383,-0.47900365,1.32468617,8.45945627,0.00000007
7.51000000,RETURN_LEG,-0.00032464,-0.00705012,0.00615127,-0.07931257,0.06971082,0.31802087,-0.08253937,0.06550280,0.09302794,0.02987823,0.00905337,31.61855888,0.00000000,49.37011162,36.11919100,0.20869991,-0.47843260,1.32373605,0.21376383,-0.47900365,1.32468617,8.45945824,0.00000007
7.52000000,RETURN_LEG,-0.00032465,-0.00705014,0.00615128,-0.07931257,0.06971083,0.31802086,-0.08253937,0.06550280,0.09302793,0.02987824,0.00905337,31.61855306,0.00000000,49.37012049,36.11918887,0.20869991,-0.47843260,1.32373605,0.21376383,-0.47900365,1.32468617,8.45946000,0.00000007
7.53000000,RETURN_LEG,-0.00032466,-0.00705015,0.00615128,-0.07931258,0.06971083,0.31802086,-0.08253938,0.06550280,0.09302793,0.02987824,0.00905338,31.61854790,0.00000000,49.37012798,36.11918745,0.20869991,-0.47843260,1.32373605,0.21376383,-0.47900365,1.32468617,8.45946155,0.00000007
7.54000000,RETURN_LEG,-0.00032467,-0.00705016,0.00615129,-0.07931258,0.06971084,0.31802086,-0.08253938,0.06550281,0.09302792,0.02987824,0.00905338,31.61854341,0.00000000,49.37013410,36.11918669,0.20869991,-0.47843260,1.32373605,0.21376383,-0.47900365,1.32468617,8.45946288,0.00000007
7.55000000,RETURN_LEG,-0.00032468,-0.00705016,0.00615129,-0.07931259,0.06971084,0.31802086,-0.08253938,0.06550281,0.09302792,0.02987825,0.00905338,31.61853957,0.00000000,49.37013886,36.11918654,0.20869991,-0.47843260,1.32373605,0.21376383,-0.47900365,1.32468617,8.45946400,0.00000007
7.56000000,RETURN_LEG,-0.00032468,-0.00705017,0.00615129,-0.07931259,0.06971084,0.31802086,-0.08253939,0.06550281,0.09302791,0.02987825,0.00905339,31.61853638,0.00000000,49.37014228,36.11918694,0.20869991,-0.47843260,1.32373605,0.21376383,-0.47900365,1.32468617,8.45946489,0.00000007
7.57000000,RETURN_LEG,-0.00032469,-0.00705018,0.00615129,-0.07931259,0.06971084,0.31802086,-0.08253939,0.06550281,0.09302791,0.02987825,0.00905339,31.61853384,0.00000000,49.37014440,36.11918785,0.20869991,-0.47843260,1.32373605,0.21376383,-0.47900365,1.32468617,8.45946558,0.00000007
7.58000000,RETURN_LEG,-0.00032469,-0.00705018,0.00615129,-0.07931260,0.06971084,0.31802086,-0.08253939,0.06550282,0.09302791,0.02987825,0.00905339,31.61853194,0.00000000,49.37014527,36.11918920,0.20869991,-0.47843260,1.32373605,0.21376383,-0.47900365,1.32468617,8.45946605,0.00000007
7.59000000,RETURN_LEG,-0.00032469,-0.00705019,0.00615129,-0.07931260,0.06971085,0.31802086,-0.08253940,0.06550282,0.09302790,0.02987825,0.00905339,31.61853067,0.00000000,49.37014494,36.11919096,0.20869991,-0.47843260,1.32373605,0.21376383,-0.47900365,1.32468617,8.45946632,0.00000006
7.60000000,RETURN_LEG,-0.00032470,-0.00705019,0.00615129,-0.07931260,0.06971085,0.31802086,-0.08253940,0.06550282,0.09302790,0.02987826,0.00905339,31.61853002,0.00000000,49.37014349,36.11919308,0.20869991,-0.47843260,1.32373605,0.21376383,-0.47900365,1.32468617,8.45946639,0.00000006
7.61000000,RETURN_LEG,-0.00032470,-0.00705020,0.00615129,-0.07931260,0.06971085,0.31802086,-0.08253940,0.06550282,0.09302790,0.02987826,0.00905339,31.61852997,0.00000000,49.37014098,36.11919549,0.20869991,-0.47843260,1.32373605,0.21376383,-0.47900365,1.32468617,8.45946628,0.00000006
7.62000000,RETURN_LEG,-0.00032469,-0.00705020,0.00615129,-0.07931260,0.06971085,0.31802086,-0.08253940,0.06550282,0.09302790,0.02987826,0.00905339,31.61853050,0.00000000,49.37013749,36.11919817,0.20869991,-0.47843260,1.32373605,0.21376383,-0.47900365,1.32468617,8.45946600,0.00000006
7.63000000,RETURN_LEG,-0.00032469,-0.00705020,0.00615129,-0.07931261,0.06971085,0.31802086,-0.08253940,0.06550282,0.09302790,0.02987826,0.00905339,31.61853158,0.00000000,49.37013313,36.11920106,0.20869991,-0.47843260,1.32373605,0.21376383,-0.47900365,1.32468617,8.45946555,0.00000006
7.64000000,RETURN_LEG,-0.00032469,-0.00705020,0.00615128,-0.07931261,0.06971085,0.31802086,-0.08253940,0.06550282,0.09302789,0.02987826,0.00905339,31.61853318,0.00000000,49.37012797,36.11920413,0.20869991,-0.47843260,1.32373605,0.21376383,-0.47900365,1.32468617,8.45946496,0.00000006
7.65000000,RETURN_LEG,-0.00032469,-0.00705020,0.00615128,-0.07931261,0.06971085,0.31802086,-0.08253940,0.06550282,0.09302789,0.02987826,0.00905339,31.61853527,0.00000000,49.37012211,36.11920731,0.20869991,-0.47843260,1.32373605,0.21376383,-0.47900365,1.32468617,8.45946423,0.00000006
7.66000000,RETURN_LEG,-0.00032468,-0.00705020,0.00615128,-0.07931261,0.06971085,0.31802086,-0.08253940,0.06550282,0.09302789,0.02987825,0.00905339,31.61853781,0.00000000,49.37011565,36.11921059,0.20869991,-0.47843260,1.32373605,0.21376383,-0.47900365,1.32468617,8.45946338,0.00000006
7.67000000,RETURN_LEG,-0.00032468,-0.00705020,0.00615128,-0.07931261,0.06971084,0.31802086,-0.08253940,0.06550281,0.09302790,0.02987825,0.00905339,31.61854074,0.00000000,49.37010869,36.11921392,0.20869991,-0.47843260,1.32373605,0.21376383,-0.47900365,1.32468617,8.45946242,0.00000006
7.68000000,RETURN_LEG,-0.00032467,-0.00705019,0.00615127,-0.07931260,0.06971084,0.31802086,-0.08253940,0.06550281,0.09302790,0.02987825,0.00905339,31.61854403,0.00000000,49.37010131,36.11921727,0.20869991,-0.47843260,1.32373605,0.21376383,-0.47900365,1.32468617,8.45946138,0.00000006
7.69000000,RETURN_LEG,-0.00032467,-0.00705019,0.00615127,-0.07931260,0.06971084,0.31802086,-0.08253940,0.06550281,0.09302790,0.02987825,0.00905339,31.61854763,0.00000000,49.37009361,36.11922060,0.20869991,-0.47843260,1.32373605,0.21376383,-0.47900365,1.32468617,8.45946026,0.00000006
7.70000000,RETURN_LEG,-0.00032466,-0.00705019,0.00615126,-0.07931260,0.06971084,0.31802086,-0.08253940,0.06550281,0.09302790,0.02987825,0.00905339,31.61855147,0.00000000,49.37008568,36.11922389,0.20869991,-0.47843260,1.32373605,0.21376383,-0.47900365,1.32468617,8.45945907,0.00000006
7.71000000,RETURN_LEG,-0.00032466,-0.00705018,0.00615126,-0.07931260,0.06971084,0.31802086,-0.08253940,0.06550281,0.09302790,0.02987825,0.00905338,31.61855551,0.00000000,49.37007761,36.11922711,0.20869991,-0.47843260,1.32373605,0.21376383,-0.47900365,1.32468617,8.45945785,0.00000006
7.72000000,RETURN_LEG,-0.00032465,-0.00705018,0.00615126,-0.07931260,0.06971084,0.31802086,-0.08253940,0.06550281,0.09302790,0.02987824,0.00905338,31.61855970,0.00000000,49.37006948,36.11923024,0.20869991,-0.47843260,1.32373605,0.21376383,-0.47900365,1.32468617,8.45945658,0.00000006
7.73000000,RETURN_LEG,-0.00032464,-0.00705017,0.00615125,-0.07931260,0.06971083,0.31802086,-0.08253940,0.06550281,0.09302790,0.02987824,0.00905338,31.61856398,0.00000000,49.37006137,36.11923326,0.20869991,-0.47843260,1.32373605,0.21376383,-0.47900365,1.32468617,8.45945530,0.00000006
7.74000000,RETURN_LEG,-0.00032464,-0.00705017,0.00615125,-0.07931259,0.06971083,0.31802086,-0.08253939,0.06550280,0.09302791,0.02987824,0.00905338,31.61856831,0.00000000,49.37005335,36.11923616,0.20869991,-0.47843260,1.32373605,0.21376383,-0.47900365,1.32468617,8.45945402,0.00000006
7.75000000,RETURN_LEG,-0.00032463,-0.00705016,0.00615124,-0.07931259,0.06971083,0.31802086,-0.08253939,0.06550280,0.09302791,0.02987824,0.00905337,31.61857263,0.00000000,49.37004549,36.11923893,0.20869991,-0.47843260,1.32373605,0.21376383,-0.47900365,1.32468617,8.45945274,0.00000006
7.76000000,RETURN_LEG,-0.00032462,-0.00705016,0.00615124,-0.07931259,0.06971083,0.31802086,-0.08253939,0.06550280,0.09302791,0.02987824,0.00905337,31.61857690,0.00000000,49.37003786,36.11924154,0.20869991,-0.47843260,1.32373605,0.21376383,-0.47900365,1.32468617,8.45945148,0.00000006
7.77000000,RETURN_LEG,-0.00032462,-0.00705015,0.00615124,-0.07931259,0.06971082,0.31802086,-0.08253939,0.06550280,0.09302791,0.02987823,0.00905337,31.61858109,0.00000000,49.37003050,36.11924400,0.20869991,-0.47843260,1.32373605,0.21376383,-0.47900365,1.32468617,8.45945024,0.00000006
7.78000000,RETURN_LEG,-0.00032461,-0.00705015,0.00615123,-0.07931258,0.06971082,0.31802087,-0.08253938,0.06550280,0.09302792,0.02987823,0.00905337,31.61858515,0.00000000,49.37002348,36.11924630,0.20869991,-0.47843260,1.32373605,0.21376383,-0.47900365,1.32468617,8.45944905,0.00000006
7.79000000,RETURN_LEG,-0.00032460,-0.00705014,0.00615123,-0.07931258,0.06971082,0.31802087,-0.08253938,0.06550279,0.09302792,0.02987823,0.00905337,31.61858904,0.00000000,49.37001683,36.11924843,0.20869991,-0.47843260,1.32373605,0.21376383,-0.47900365,1.32468617,8.45944790,0.00000006
7.80000000,RETURN_LEG,-0.00032460,-0.00705013,0.00615123,-0.07931258,0.06971082,0.31802087,-0.08253938,0.06550279,0.09302792,0.02987823,0.00905336,31.61859274,0.00000000,49.37001059,36.11925040,0.20869991,-0.47843260,1.32373605,0.21376383,-0.47900365,1.32468617,8.45944680,0.00000006
7.81000000,RETURN_LEG,-0.00032459,-0.00705013,0.00615122,-0.07931257,0.06971082,0.31802087,-0.08253937,0.06550279,0.09302792,0.02987822,0.00905336,31.61859622,0.00000000,49.37000481,36.11925219,0.20869991,-0.47843260,1.32373605,0.21376383,-0.47900365,1.32468617,8.45944577,0.00000006
7.82000000,RETURN_LEG,-0.00032459,-0.00705012,0.00615122,-0.07931257,0.06971081,0.31802087,-0.08253937,0.06550279,0.09302793,0.02987822,0.00905336,31.61859945,0.00000000,49.36999950,36.11925381,0.20869991,-0.47843260,1.32373605,0.21376383,-0.47900365,1.32468617,8.45944481,0.00000006
7.83000000,RETURN_LEG,-0.00032458,-0.00705012,0.00615122,-0.07931257,0.06971081,0.31802087,-0.08253937,0.06550279,0.09302793,0.02987822,0.00905336,31.61860242,0.00000000,49.36999469,36.11925526,0.20869991,-0.47843260,1.32373605,0.21376383,-0.47900365,1.32468617,8.45944392,0.00000006
7.84000000,RETURN_LEG,-0.00032458,-0.00705011,0.00615122,-0.07931257,0.06971081,0.31802087,-0.08253937,0.06550278,0.09302793,0.02987822,0.00905336,31.61860512,0.00000000,49.36999038,36.11925654,0.20869991,-0.47843260,1.32373605,0.21376383,-0.47900365,1.32468617,8.45944310,0.00000006
7.85000000,RETURN_LEG,-0.00032457,-0.00705011,0.00615121,-0.07931256,0.06971081,0.31802087,-0.08253937,0.06550278,0.09302793,0.02987822,0.00905335,31.61860752,0.00000000,49.36998660,36.11925765,0.20869991,-0.47843260,1.32373605,0.21376383,-0.47900365,1.32468617,8.45944237,0.00000006
7.86000000,RETURN_LEG,-0.00032457,-0.00705010,0.00615121,-0.07931256,0.06971081,0.31802087,-0.08253936,0.06550278,0.09302794,0.02987822,0.00905335,31.61860963,0.00000000,49.36998334,36.11925859,0.20869991,-0.47843260,1.32373605,0.21376383,-0.47900365,1.32468617,8.45944172,0.00000006
7.87000000,RETURN_LEG,-0.00032456,-0.00705010,0.00615121,-0.07931256,0.06971081,0.31802087,-0.08253936,0.06550278,0.09302794,0.02987821,0.00905335,31.61861143,0.00000000,49.36998061,36.11925937,0.20869991,-0.47843260,1.32373605,0.21376383,-0.47900365,1.32468617,8.45944115,0.00000006
7.88000000,RETURN_LEG,-0.00032456,-0.00705010,0.00615121,-0.07931256,0.06971081,0.31802087,-0.08253936,0.06550278,0.09302794,0.02987821,0.00905335,31.61861294,0.00000000,49.36997840,36.11926000,0.20869991,-0.47843260,1.32373605,0.21376383,-0.47900365,1.32468617,8.45944067,0.00000006
7.89000000,RETURN_LEG,-0.00032456,-0.00705009,0.00615121,-0.07931256,0.06971080,0.31802087,-0.08253936,0.06550278,0.09302794,0.02987821,0.00905335,31.61861414,0.00000000,49.36997670,36.11926047,0.20869991,-0.47843260,1.32373605,0.21376383,-0.47900365,1.32468617,8.45944026,0.00000006
7.90000000,RETURN_LEG,-0.00032456,-0.00705009,0.00615121,-0.07931255,0.06971080,0.31802087,-0.08253936,0.06550278,0.09302794,0.02987821,0.00905335,31.61861505,0.00000000,49.36997549,36.11926079,0.20869991,-0.47843260,1.32373605,0.21376383,-0.47900365,1.32468617,8.45943995,0.00000006
7.91000000,RETURN_LEG,-0.00032455,-0.00705009,0.00615121,-0.07931255,0.06971080,0.31802087,-0.08253936,0.06550278,0.09302794,0.02987821,0.00905335,31.61861568,0.00000000,49.36997476,36.11926097,0.20869991,-0.47843260,1.32373605,0.21376383,-0.47900365,1.32468617,8.45943971,0.00000006
7.92000000,RETURN_LEG,-0.00032455,-0.00705009,0.00615121,-0.07931255,0.06971080,0.31802087,-0.08253935,0.06550278,0.09302795,0.02987821,0.00905334,31.61861603,0.00000000,49.36997449,36.11926101,0.20869991,-0.47843260,1.32373605,0.21376383,-0.47900365,1.32468617,8.45943955,0.00000006
7.93000000,RETURN_LEG,-0.00032455,-0.00705008,0.00615121,-0.07931255,0.06971080,0.31802087,-0.08253935,0.06550278,0.09302795,0.02987821,0.00905334,31.61861612,0.00000000,49.36997466,36.11926092,0.20869991,-0.47843260,1.32373605,0.21376383,-0.47900365,1.32468617,8.45943947,0.00000006
7.94000000,RETURN_LEG,-0.00032455,-0.00705008,0.00615121,-0.07931255,0.06971080,0.31802087,-0.08253935,0.06550278,0.09302795,0.02987821,0.00905334,31.61861597,0.00000000,49.36997523,36.11926070,0.20869991,-0.47843260,1.32373605,0.21376383,-0.47900365,1.32468617,8.45943945,0.00000006
7.95000000,RETURN_LEG,-0.00032455,-0.00705008,0.00615121,-0.07931255,0.06971080,0.31802087,-0.08253935,0.06550277,0.09302795,0.02987821,0.00905334,31.61861558,0.00000000,49.36997618,36.11926036,0.20869991,-0.47843260,1.32373605,0.21376383,-0.47900365,1.32468617,8.45943951,0.00000006
7.96000000,RETURN_LEG,-0.00032455,-0.00705008,0.00615121,-0.07931255,0.06971080,0.31802087,-0.08253935,0.06550277,0.09302795,0.02987821,0.00905334,31.61861499,0.00000000,49.36997747,36.11925991,0.20869991,-0.47843260,1.32373605,0.21376383,-0.47900365,1.32468617,8.45943963,0.00000006
7.97000000,RETURN_LEG,-0.00032455,-0.00705008,0.00615121,-0.07931255,0.06971080,0.31802087,-0.08253935,0.06550277,0.09302795,0.02987821,0.00905334,31.61861420,0.00000000,49.36997909,36.11925936,0.20869991,-0.47843260,1.32373605,0.21376383,-0.47900365,1.32468617,8.45943980,0.00000006
7.98000000,RETURN_LEG,-0.00032455,-0.00705008,0.00615121,-0.07931255,0.06971080,0.31802087,-0.08253935,0.06550277,0.09302795,0.02987821,0.00905334,31.61861324,0.00000000,49.36998099,36.11925871,0.20869991,-0.47843260,1.32373605,0.21376383,-0.47900365,1.32468617,8.45944003,0.00000006
7.99000000,RETURN_LEG,-0.00032455,-0.00705008,0.00615121,-0.07931255,0.06971080,0.31802087,-0.08253935,0.06550277,0.09302795,0.02987821,0.00905334,31.61861213,0.00000000,49.36998314,36.11925798,0.20869991,-0.47843260,1.32373605,0.21376383,-0.47900365,1.32468617,8.45944031,0.00000006
8.00000000,RETURN_LEG,-0.00032455,-0.00705008,0.00615121,-0.07931255,0.06971080,0.31802087,-0.08253935,0.06550277,0.09302795,0.02987821,0.00905334,31.61861089,0.00000000,49.36998550,36.11925717,0.20869991,-0.47843260,1.32373605,0.21376383,-0.47900365,1.32468617,8.45944063,0.00000006
8.01000000,RETURN_LEG,-0.00032455,-0.00705008,0.00615121,-0.07931255,0.06971080,0.31802087,-0.08253935,0.06550278,0.09302795,0.02987821,0.00905334,31.61860954,0.00000000,49.36998805,36.11925629,0.20869991,-0.47843260,1.32373605,0.21376383,-0.47900365,1.32468617,8.45944099,0.00000006
8.02000000,RETURN_LEG,-0.00032455,-0.00705008,0.00615121,-0.07931255,0.06971080,0.31802087,-0.08253935,0.06550278,0.09302795,0.02987821,0.00905334,31.61860810,0.00000000,49.36999075,36.11925535,0.20869991,-0.47843260,1.32373605,0.21376383,-0.47900365,1.32468617,8.45944138,0.00000006
8.03000000,RETURN_LEG,-0.00032456,-0.00705008,0.00615121,-0.07931255,0.06971080,0.31802087,-0.08253935,0.06550278,0.09302795,0.02987821,0.00905334,31.61860658,0.00000000,49.36999357,36.11925436,0.20869991,-0.47843260,1.32373605,0.21376383,-0.47900365,1.32468617,8.45944180,0.00000006
8.04000000,RETURN_LEG,-0.00032456,-0.00705009,0.00615121,-0.07931255,0.06971080,0.31802087,-0.08253935,0.06550278,0.09302795,0.02987821,0.00905335,31.61860502,0.00000000,49.36999647,36.11925333,0.20869991,-0.47843260,1.32373605,0.21376383,-0.47900365,1.32468617,8.45944223,0.00000006
8.05000000,RETURN_LEG,-0.00032456,-0.00705009,0.00615121,-0.07931255,0.06971080,0.31802087,-0.08253935,0.06550278,0.09302795,0.02987821,0.00905335,31.61860343,0.00000000,49.36999943,36.11925227,0.20869991,-0.47843260,1.32373605,0.21376383,-0.47900365,1.32468617,8.45944269,0.00000006
8.06000000,RETURN_LEG,-0.00032456,-0.00705009,0.00615121,-0.07931255,0.06971080,0.31802087,-0.08253935,0.06550278,0.09302795,0.02987821,0.00905335,31.61860182,0.00000000,49.37000241,36.11925119,0.20869991,-0.47843260,1.32373605,0.21376383,-0.47900365,1.32468617,8.45944315,0.00000006
8.07000000,RETURN_LEG,-0.00032456,-0.00705009,0.00615122,-0.07931255,0.06971080,0.31802087,-0.08253936,0.06550278,0.09302794,0.02987821,0.00905335,31.61860021,0.00000000,49.37000538,36.11925009,0.20869991,-0.47843260,1.32373605,0.21376383,-0.47900365,1.32468617,8.45944362,0.00000006
8.08000000,RETURN_LEG,-0.00032457,-0.00705009,0.00615122,-0.07931255,0.06971081,0.31802087,-0.08253936,0.06550278,0.09302794,0.02987821,0.00905335,31.61859862,0.00000000,49.37000833,36.11924899,0.20869991,-0.47843260,1.32373605,0.21376383,-0.47900365,1.32468617,8.45944410,0.00000006
8.09000000,RETURN_LEG,-0.00032457,-0.00705009,0.00615122,-0.07931256,0.06971081,0.31802087,-0.08253936,0.06550278,0.09302794,0.02987821,0.00905335,31.61859707,0.00000000,49.37001122,36.11924790,0.20869991,-0.47843260,1.32373605,0.21376383,-0.47900365,1.32468617,8.45944456,0.00000006
8.10000000,RETURN_LEG,-0.00032457,-0.00705010,0.00615122,-0.07931256,0.06971081,0.31802087,-0.08253936,0.06550278,0.09302794,0.02987821,0.00905335,31.61859555,0.00000000,49.37001403,36.11924683,0.20869991,-0.47843260,1.32373605,0.21376383,-0.47900365,1.32468617,8.45944503,0.00000006
8.11000000,RETURN_LEG,-0.00032457,-0.00705010,0.00615122,-0.07931256,0.06971081,0.31802087,-0.08253936,0.06550278,0.09302794,0.02987821,0.00905335,31.61859410,0.00000000,49.37001674,36.11924578,0.20869991,-0.47843260,1.32373605,0.21376383,-0.47900365,1.32468617,8.45944548,0.00000006
8.12000000,RETURN_LEG,-0.00032458,-0.00705010,0.00615122,-0.07931256,0.06971081,0.31802087,-0.08253936,0.06550278,0.09302794,0.02987821,0.00905335,31.61859270,0.00000000,49.37001933,36.11924476,0.20869991,-0.47843260,1.32373605,0.21376383,-0.47900365,1.32468617,8.45944591,0.00000006
8.13000000,RETURN_LEG,-0.00032458,-0.00705010,0.00615122,-0.07931256,0.06971081,0.31802087,-0.08253936,0.06550278,0.09302794,0.02987822,0.00905335,31.61859139,0.00000000,49.37002179,36.11924377,0.20869991,-0.47843260,1.32373605,0.21376383,-0.47900365,1.32468617,8.45944633,0.00000006
8.14000000,RETURN_LEG,-0.00032458,-0.00705010,0.00615122,-0.07931256,0.06971081,0.31802087,-0.08253936,0.06550278,0.09302794,0.02987822,0.00905335,31.61859016,0.00000000,49.37002410,36.11924284,0.20869991,-0.47843260,1.32373605,0.21376383,-0.47900365,1.32468617,8.45944673,0.00000006
8.15000000,RETURN_LEG,-0.00032458,-0.00705011,0.00615123,-0.07931256,0.06971081,0.31802087,-0.08253936,0.06550278,0.09302794,0.02987822,0.00905335,31.61858901,0.00000000,49.37002625,36.11924196,0.20869991,-0.47843260,1.32373605,0.21376383,-0.47900365,1.32468617,8.45944711,0.00000006
8.16000000,RETURN_LEG,-0.00032459,-0.00705011,0.00615123,-0.07931256,0.06971081,0.31802087,-0.08253936,0.06550278,0.09302794,0.02987822,0.00905335,31.61858796,0.00000000,49.37002822,36.11924113,0.20869991,-0.47843260,1.32373605,0.21376383,-0.47900365,1.32468617,8.45944746,0.00000006
8.17000000,RETURN_LEG,-0.00032459,-0.00705011,0.00615123,-0.07931256,0.06971081,0.31802087,-0.08253936,0.06550279,0.09302794,0.02987822,0.00905336,31.61858701,0.00000000,49.37003002,36.11924037,0.20869991,-0.47843260,1.32373605,0.21376383,-0.47900365,1.32468617,8.45944779,0.00000006
8.18000000,RETURN_LEG,-0.00032459,-0.00705011,0.00615123,-0.07931256,0.06971081,0.31802087,-0.08253937,0.06550279,0.09302793,0.02987822,0.00905336,31.61858616,0.00000000,49.37003163,36.11923968,0.20869991,-0.47843260,1.32373605,0.21376383,-0.47900365,1.32468617,8.45944808,0.00000006
8.19000000,RETURN_LEG,-0.00032459,-0.00705011,0.00615123,-0.07931257,0.06971081,0.31802087,-0.08253937,0.06550279,0.09302793,0.02987822,0.00905336,31.61858540,0.00000000,49.37003304,36.11923905,0.20869991,-0.47843260,1.32373605,0.21376383,-0.47900365,1.32468617,8.45944835,0.00000006
8.20000000,RETURN_LEG,-0.00032459,-0.00705012,0.00615123,-0.07931257,0.06971081,0.31802087,-0.08253937,0.06550279,0.09302793,0.02987822,0.00905336,31.61858476,0.00000000,49.37003427,36.11923850,0.20869991,-0.47843260,1.32373605,0.21376383,-0.47900365,1.32468617,8.45944859,0.00000006
8.21000000,RETURN_LEG,-0.00032460,-0.00705012,0.00615123,-0.07931257,0.06971081,0.31802087,-0.08253937,0.06550279,0.09302793,0.02987822,0.00905336,31.61858421,0.00000000,49.37003530,36.11923803,0.20869991,-0.47843260,1.32373605,0.21376383,-0.47900365,1.32468617,8.45944880,0.00000006
8.22000000,RETURN_LEG,-0.00032460,-0.00705012,0.00615123,-0.07931257,0.06971082,0.31802087,-0.08253937,0.06550279,0.09302793,0.02987822,0.00905336,31.61858376,0.00000000,49.37003614,36.11923763,0.20869991,-0.47843260,1.32373605,0.21376383,-0.47900365,1.32468617,8.45944897,0.00000006
8.23000000,RETURN_LEG,-0.00032460,-0.00705012,0.00615123,-0.07931257,0.06971082,0.31802087,-0.08253937,0.06550279,0.09302793,0.02987822,0.00905336,31.61858341,0.00000000,49.37003680,36.11923731,0.20869991,-0.47843260,1.32373605,0.21376383,-0.47900365,1.32468617,8.45944912,0.00000006
8.24000000,RETURN_LEG,-0.00032460,-0.00705012,0.00615123,-0.07931257,0.06971082,0.31802087,-0.08253937,0.06550279,0.09302793,0.02987822,0.00905336,31.61858315,0.00000000,49.37003727,36.11923706,0.20869991,-0.47843260,1.32373605,0.21376383,-0.47900365,1.32468617,8.45944924,0.00000006
8.25000000,RETURN_LEG,-0.00032460,-0.00705012,0.00615123,-0.07931257,0.06971082,0.31802087,-0.08253937,0.06550279,0.09302793,0.02987822,0.00905336,31.61858299,0.00000000,49.37003756,36.11923689,0.20869991,-0.47843260,1.32373605,0.21376383,-0.47900365,1.32468617,8.45944932,0.00000006
8.26000000,RETURN_LEG,-0.00032460,-0.00705012,0.00615123,-0.07931257,0.06971082,0.31802087,-0.08253937,0.06550279,0.09302793,0.02987822,0.00905336,31.61858291,0.00000000,49.37003769,36.11923679,0.20869991,-0.47843260,1.32373605,0.21376383,-0.47900365,1.32468617,8.45944938,0.00000006
8.27000000,RETURN_LEG,-0.00032460,-0.00705012,0.00615124,-0.07931257,0.06971082,0.31802087,-0.08253937,0.06550279,0.09302793,0.02987822,0.00905336,31.61858291,0.00000000,49.37003765,36.11923677,0.20869991,-0.47843260,1.32373605,0.21376383,-0.47900365,1.32468617,8.45944941,0.00000006
8.28000000,RETURN_LEG,-0.00032460,-0.00705012,0.00615124,-0.07931257,0.06971082,0.31802087,-0.08253937,0.06550279,0.09302793,0.02987822,0.00905336,31.61858299,0.00000000,49.37003746,36.11923681,0.20869991,-0.47843260,1.32373605,0.21376383,-0.47900365,1.32468617,8.45944942,0.00000006
8.29000000,RETURN_LEG,-0.00032460,-0.00705012,0.00615124,-0.07931257,0.06971082,0.31802087,-0.08253937,0.06550279,0.09302793,0.02987822,0.00905336,31.61858315,0.00000000,49.37003713,36.11923691,0.20869991,-0.47843260,1.32373605,0.21376383,-0.47900365,1.32468617,8.45944940,0.00000006
8.30000000,RETURN_LEG,-0.00032460,-0.00705012,0.00615124,-0.07931257,0.06971082,0.31802087,-0.08253937,0.06550279,0.09302793,0.02987822,0.00905336,31.61858336,0.00000000,49.37003666,36.11923708,0.20869991,-0.47843260,1.32373605,0.21376383,-0.47900365,1.32468617,8.45944936,0.00000006
8.31000000,RETURN_LEG,-0.00032460,-0.00705012,0.00615124,-0.07931257,0.06971082,0.31802087,-0.08253937,0.06550279,0.09302793,0.02987822,0.00905336,31.61858364,0.00000000,49.37003608,36.11923730,0.20869991,-0.47843260,1.32373605,0.21376383,-0.47900365,1.32468617,8.45944929,0.00000006
8.32000000,RETURN_LEG,-0.00032460,-0.00705012,0.00615124,-0.07931257,0.06971082,0.31802087,-0.08253937,0.06550279,0.09302793,0.02987822,0.00905336,31.61858397,0.00000000,49.37003539,36.11923758,0.20869991,-0.47843260,1.32373605,0.21376383,-0.47900365,1.32468617,8.45944921,0.00000006
8.33000000,RETURN_LEG,-0.00032460,-0.00705012,0.00615123,-0.07931257,0.06971082,0.31802087,-0.08253937,0.06550279,0.09302793,0.02987822,0.00905336,31.61858435,0.00000000,49.37003460,36.11923789,0.20869991,-0.47843260,1.32373605,0.21376383,-0.47900365,1.32468617,8.45944911,0.00000006
8.34000000,RETURN_LEG,-0.00032460,-0.00705012,0.00615123,-0.07931257,0.06971082,0.31802087,-0.08253937,0.06550279,0.09302793,0.02987822,0.00905336,31.61858477,0.00000000,49.37003373,36.11923825,0.20869991,-0.47843260,1.32373605,0.21376383,-0.47900365,1.32468617,8.45944899,0.00000006
8.35000000,RETURN_LEG,-0.00032460,-0.00705012,0.00615123,-0.07931257,0.06971082,0.31802087,-0.08253937,0.06550279,0.09302793,0.02987822,0.00905336,31.61858522,0.00000000,49.37003279,36.11923865,0.20869991,-0.47843260,1.32373605,0.21376383,-0.47900365,1.32468617,8.45944886,0.00000006
8.36000000,RETURN_LEG,-0.00032460,-0.00705012,0.00615123,-0.07931257,0.06971082,0.31802087,-0.08253937,0.06550279,0.09302793,0.02987822,0.00905336,31.61858570,0.00000000,49.37003179,36.11923907,0.20869991,-0.47843260,1.32373605,0.21376383,-0.47900365,1.32468617,8.45944872,0.00000006
8.37000000,RETURN_LEG,-0.00032460,-0.00705012,0.00615123,-0.07931257,0.06971082,0.31802087,-0.08253937,0.06550279,0.09302793,0.02987822,0.00905336,31.61858621,0.00000000,49.37003075,36.11923952,0.20869991,-0.47843260,1.32373605,0.21376383,-0.47900365,1.32468617,8.45944857,0.00000006
8.38000000,RETURN_LEG,-0.00032460,-0.00705012,0.00615123,-0.07931257,0.06971082,0.31802087,-0.08253937,0.06550279,0.09302793,0.02987822,0.00905336,31.61858673,0.00000000,49.37002967,36.11923998,0.20869991,-0.47843260,1.32373605,0.21376383,-0.47900365,1.32468617,8.45944841,0.00000006
8.39000000,RETURN_LEG,-0.00032460,-0.00705012,0.00615123,-0.07931257,0.06971082,0.31802087,-0.08253937,0.06550279,0.09302793,0.02987822,0.00905336,31.61858727,0.00000000,49.37002857,36.11924046,0.20869991,-0.47843260,1.32373605,0.21376383,-0.47900365,1.32468617,8.45944824,0.00000006
8.40000000,RETURN_LEG,-0.00032460,-0.00705012,0.00615123,-0.07931257,0.06971082,0.31802087,-0.08253937,0.06550279,0.09302793,0.02987822,0.00905336,31.61858781,0.00000000,49.37002746,36.11924095,0.20869991,-0.47843260,1.32373605,0.21376383,-0.47900365,1.32468617,8.45944807,0.00000006
8.41000000,RETURN_LEG,-0.00032460,-0.00705012,0.00615123,-0.07931257,0.06971082,0.31802087,-0.08253937,0.06550279,0.09302793,0.02987822,0.00905336,31.61858835,0.00000000,49.37002635,36.11924144,0.20869991,-0.47843260,1.32373605,0.21376383,-0.47900365,1.32468617,8.45944790,0.00000006
8.42000000,RETURN_LEG,-0.00032459,-0.00705012,0.00615123,-0.07931257,0.06971082,0.31802087,-0.08253937,0.06550279,0.09302793,0.02987822,0.00905336,31.61858889,0.00000000,49.37002525,36.11924192,0.20869991,-0.47843260,1.32373605,0.21376383,-0.47900365,1.32468617,8.45944772,0.00000006
8.43000000,RETURN_LEG,-0.00032459,-0.00705012,0.00615123,-0.07931257,0.06971082,0.31802087,-0.08253937,0.06550279,0.09302793,0.02987822,0.00905336,31.61858942,0.00000000,49.37002417,36.11924240,0.20869991,-0.47843260,1.32373605,0.21376383,-0.47900365,1.32468617,8.45944755,0.00000006
8.44000000,RETURN_LEG,-0.00032459,-0.00705012,0.00615123,-0.07931257,0.06971081,0.31802087,-0.08253937,0.06550279,0.09302793,0.02987822,0.00905336,31.61858994,0.00000000,49.37002312,36.11924286,0.20869991,-0.47843260,1.32373605,0.21376383,-0.47900365,1.32468617,8.45944738,0.00000006
8.45000000,RETURN_LEG,-0.00032459,-0.00705012,0.00615123,-0.07931257,0.06971081,0.31802087,-0.08253937,0.06550279,0.09302793,0.02987822,0.00905336,31.61859044,0.00000000,49.37002210,36.11924331,0.20869991,-0.47843260,1.32373605,0.21376383,-0.47900365,1.32468617,8.45944721,0.00000006
8.46000000,RETURN_LEG,-0.00032459,-0.00705012,0.00615123,-0.07931257,0.06971081,0.31802087,-0.08253937,0.06550279,0.09302793,0.02987822,0.00905336,31.61859093,0.00000000,49.37002113,36.11924374,0.20869991,-0.47843260,1.32373605,0.21376383,-0.47900365,1.32468617,8.45944705,0.00000006
8.47000000,RETURN_LEG,-0.00032459,-0.00705012,0.00615123,-0.07931257,0.06971081,0.31802087,-0.08253937,0.06550279,0.09302793,0.02987822,0.00905336,31.61859139,0.00000000,49.37002020,36.11924415,0.20869991,-0.47843260,1.32373605,0.21376383,-0.47900365,1.32468617,8.45944689,0.00000006
8.48000000,RETURN_LEG,-0.00032459,-0.00705012,0.00615123,-0.07931257,0.06971081,0.31802087,-0.08253937,0.06550279,0.09302793,0.02987822,0.00905336,31.61859183,0.00000000,49.37001933,36.11924453,0.20869991,-0.47843260,1.32373605,0.21376383,-0.47900365,1.32468617,8.45944674,0.00000006
8.49000000,RETURN_LEG,-0.00032459,-0.00705011,0.00615123,-0.07931257,0.06971081,0.31802087,-0.08253937,0.06550279,0.09302793,0.02987822,0.00905336,31.61859224,0.00000000,49.37001852,36.11924489,0.20869991,-0.47843260,1.32373605,0.21376383,-0.47900365,1.32468617,8.45944660,0.00000006
8.50000000,RETURN_LEG,-0.00032459,-0.00705011,0.00615123,-0.07931257,0.06971081,0.31802087,-0.08253937,0.06550279,0.09302793,0.02987822,0.00905336,31.61859262,0.00000000,49.37001778,36.11924521,0.20869991,-0.47843260,1.32373605,0.21376383,-0.47900365,1.32468617,8.45944647,0.00000006
8.51000000,LOWER_LEG,-0.00032459,-0.00705011,0.00615123,-0.07931257,0.06971081,0.31802087,-0.08253937,0.06550279,0.09302793,0.02987822,0.00905336,31.61859297,0.00000000,49.37001710,36.11924551,0.20869991,-0.47843260,1.32373605,0.21376383,-0.47900365,1.32468617,8.45944635,0.00000006
8.52000000,LOWER_LEG,-0.00032460,-0.00705011,0.00615123,-0.07931257,0.06971081,0.31802087,-0.08253937,0.06550279,0.09302793,0.02987818,0.00905332,31.61857918,0.00000000,49.37003124,36.11919728,0.20869991,-0.47843246,1.32373567,0.21376368,-0.47900295,1.32468457,8.45944821,0.00000009
8.53000000,LOWER_LEG,-0.00032465,-0.00705013,0.00615122,-0.07931257,0.06971081,0.31802087,-0.08253937,0.06550279,0.09302793,0.02987796,0.00905310,31.61848766,0.00000000,49.37009037,36.11904870,0.20869984,-0.47843168,1.32373370,0.21376309,-0.47900019,1.32467830,8.45945570,0.00000007
8.54000000,LOWER_LEG,-0.00032475,-0.00705016,0.00615121,-0.07931257,0.06971082,0.31802088,-0.08253937,0.06550279,0.09302793,0.02987738,0.00905252,31.61834399,0.00000000,49.37013661,36.11885883,0.20869958,-0.47842966,1.32372882,0.21376204,-0.47899532,1.32466723,8.45946053,0.00000008
8.55000000,LOWER_LEG,-0.00032490,-0.00705023,0.00615120,-0.07931258,0.06971082,0.31802089,-0.08253936,0.06550279,0.09302793,0.02987626,0.00905139,31.61810805,0.00000000,49.37021005,36.11859912,0.20869898,-0.47842579,1.32371966,0.21376032,-0.47898729,1.32464898,8.45946828,0.00000009
8.56000000,LOWER_LEG,-0.00032508,-0.00705033,0.00615119,-0.07931260,0.06971084,0.31802091,-0.08253936,0.06550280,0.09302793,0.02987435,0.00904949,31.61868091,0.00000000,49.37123559,36.11731232,0.20869790,-0.47841936,1.32370462,0.21375776,-0.47897538,1.32462189,8.45959375,0.00000000
8.57000000,LOWER_LEG,-0.00032525,-0.00705049,0.00615120,-0.07931262,0.06971085,0.31802094,-0.08253936,0.06550281,0.09302793,0.02987145,0.00904658,31.61774190,0.00000000,49.37090599,36.11752468,0.20869615,-0.47840966,1.32368208,0.21375421,-0.47895885,1.32458431,8.45954754,0.00000005
8.58000000,LOWER_LEG,-0.00032547,-0.00705069,0.00615123,-0.07931266,0.06971087,0.31802098,-0.08253936,0.06550283,0.09302793,0.02986731,0.00904244,31.61711429,0.00000000,49.37163771,36.11713249,0.20869354,-0.47839595,1.32365047,0.21374953,-0.47893706,1.32453478,8.45964294,0.00000001
8.59000000,LOWER_LEG,-0.00032571,-0.00705089,0.00615128,-0.07931271,0.06971090,0.31802103,-0.08253936,0.06550285,0.09302792,0.02986171,0.00903685,31.61650872,0.00000000,49.37127580,36.11671566,0.20868993,-0.47837757,1.32360824,0.21374359,-0.47890935,1.32447178,8.45960330,0.00000008
8.60000000,LOWER_LEG,-0.00032599,-0.00705110,0.00615134,-0.07931277,0.06971093,0.31802109,-0.08253935,0.06550287,0.09302792,0.02985445,0.00902958,31.61591525,0.00000000,49.37174037,36.11620053,0.20868519,-0.47835386,1.32355388,0.21373624,-0.47887512,1.32439394,8.45967158,0.00000005
8.61000000,LOWER_LEG,-0.00032630,-0.00705131,0.00615142,-0.07931284,0.06971097,0.31802114,-0.08253934,0.06550290,0.09302792,0.02984530,0.00902043,31.61535593,0.00000000,49.37235907,36.11572219,0.20867915,-0.47832419,1.32348596,0.21372737,-0.47883377,1.32429995,8.45976076,0.00000003
8.62000000,LOWER_LEG,-0.00032662,-0.00705152,0.00615151,-0.07931291,0.06971101,0.31802120,-0.08253932,0.06550294,0.09302793,0.02983407,0.00900920,31.61484679,0.00000000,49.37317380,36.11534687,0.20867170,-0.47828797,1.32340312,0.21371685,-0.47878477,1.32418854,8.45987657,0.00000005
8.63000000,LOWER_LEG,-0.00032695,-0.00705174,0.00615163,-0.07931300,0.06971106,0.31802126,-0.08253930,0.06550298,0.09302795,0.02982056,0.00899570,31.61436920,0.00000000,49.37258474,36.11486362,0.20866269,-0.47824460,1.32330405,0.21370459,-0.47872759,1.32405855,8.45981625,0.00000008
8.64000000,LOWER_LEG,-0.00032730,-0.00705195,0.00615175,-0.07931310,0.06971112,0.31802131,-0.08253926,0.06550303,0.09302798,0.02980461,0.00897975,31.61394370,0.00000000,49.37313907,36.11439848,0.20865202,-0.47819354,1.32318751,0.21369047,-0.47866174,1.32390886,8.45990296,0.00000009
8.65000000,LOWER_LEG,-0.00032763,-0.00705218,0.00615190,-0.07931320,0.06971119,0.31802135,-0.08253920,0.06550308,0.09302803,0.02978605,0.00896119,31.61418878,0.00000000,49.37380804,36.11349768,0.20863959,-0.47813431,1.32305234,0.21367440,-0.47858677,1.32373842,8.45999774,0.00000004
8.66000000,LOWER_LEG,-0.00032793,-0.00705244,0.00615207,-0.07931331,0.06971126,0.31802140,-0.08253913,0.06550314,0.09302810,0.02976472,0.00893986,31.61353012,0.00000000,49.37440937,36.11335956,0.20862525,-0.47806639,1.32289744,0.21365628,-0.47850224,1.32354628,8.46009006,0.00000003
8.67000000,LOWER_LEG,-0.00032825,-0.00705271,0.00615224,-0.07931343,0.06971133,0.31802144,-0.08253905,0.06550319,0.09302817,0.02974048,0.00891562,31.61308849,0.00000000,49.37510433,36.11306516,0.20860892,-0.47798931,1.32272178,0.21363604,-0.47840775,1.32333152,8.46019864,0.00000002
8.68000000,LOWER_LEG,-0.00032858,-0.00705295,0.00615242,-0.07931355,0.06971141,0.31802148,-0.08253895,0.06550326,0.09302827,0.02971319,0.00888832,31.61271450,0.00000000,49.37467900,36.11274172,0.20859055,-0.47790267,1.32252439,0.21361360,-0.47830293,1.32309326,8.46016690,0.00000009
8.69000000,LOWER_LEG,-0.00032891,-0.00705318,0.00615259,-0.07931369,0.06971149,0.31802152,-0.08253883,0.06550332,0.09302839,0.02968271,0.00885785,31.61238265,0.00000000,49.37518017,36.11236507,0.20857003,-0.47780607,1.32230435,0.21358887,-0.47818741,1.32283071,8.46025457,0.00000008
8.70000000,LOWER_LEG,-0.00032924,-0.00705339,0.00615275,-0.07931382,0.06971156,0.31802155,-0.08253869,0.06550338,0.09302853,0.02964894,0.00882407,31.61209137,0.00000000,49.37569423,36.11200494,0.20854730,-0.47769914,1.32206083,0.21356180,-0.47806088,1.32254314,8.46034395,0.00000006
8.71000000,LOWER_LEG,-0.00032957,-0.00705360,0.00615290,-0.07931396,0.06971165,0.31802158,-0.08253852,0.06550344,0.09302869,0.02961175,0.00878689,31.61183712,0.00000000,49.37632326,36.11166875,0.20852228,-0.47758153,1.32179302,0.21353233,-0.47792303,1.32222989,8.46044738,0.00000008
8.72000000,LOWER_LEG,-0.00032989,-0.00705379,0.00615303,-0.07931410,0.06971173,0.31802161,-0.08253833,0.06550351,0.09302889,0.02957105,0.00874619,31.61264708,0.00000000,49.37707003,36.11018726,0.20849489,-0.47745291,1.32150020,0.21350039,-0.47777359,1.32189032,8.46056437,0.00000001
8.73000000,LOWER_LEG,-0.00033013,-0.00705402,0.00615316,-0.07931424,0.06971180,0.31802163,-0.08253811,0.06550357,0.09302911,0.02952674,0.00870188,31.61180950,0.00000000,49.37678747,36.11089188,0.20846510,-0.47731301,1.32118170,0.21346595,-0.47761231,1.32152387,8.46054214,0.00000008
8.74000000,LOWER_LEG,-0.00033037,-0.00705425,0.00615328,-0.07931438,0.06971188,0.31802165,-0.08253786,0.06550362,0.09302937,0.02947875,0.00865389,31.61146357,0.00000000,49.37726936,36.11067024,0.20843281,-0.47716151,1.32083693,0.21342896,-0.47743897,1.32113005,8.46062605,0.00000005
8.75000000,LOWER_LEG,-0.00033060,-0.00705447,0.00615337,-0.07931453,0.06971195,0.31802167,-0.08253758,0.06550367,0.09302965,0.02942699,0.00860213,31.61121403,0.00000000,49.37794972,36.11047022,0.20839800,-0.47699819,1.32046533,0.21338938,-0.47725337,1.32070842,8.46073531,0.00000001
8.76000000,LOWER_LEG,-0.00033082,-0.00705465,0.00615344,-0.07931467,0.06971201,0.31802169,-0.08253727,0.06550372,0.09302997,0.02937140,0.00854654,31.61101881,0.00000000,49.37756700,36.11029995,0.20836064,-0.47682283,1.32006638,0.21334718,-0.47705531,1.32025853,8.46070993,0.00000007
8.77000000,LOWER_LEG,-0.00033102,-0.00705481,0.00615348,-0.07931481,0.06971207,0.31802171,-0.08253693,0.06550376,0.09303033,0.02931192,0.00848705,31.61087204,0.00000000,49.37808828,36.11006247,0.20832069,-0.47663524,1.31963966,0.21330233,-0.47684466,1.31978007,8.46079859,0.00000003
8.78000000,LOWER_LEG,-0.00033121,-0.00705494,0.00615350,-0.07931494,0.06971212,0.31802173,-0.08253655,0.06550379,0.09303072,0.02924848,0.00842361,31.61077930,0.00000000,49.37787775,36.10997497,0.20827811,-0.47643523,1.31918474,0.21325481,-0.47662125,1.31927273,8.46079238,0.00000007
8.79000000,LOWER_LEG,-0.00033136,-0.00705505,0.00615348,-0.07931507,0.06971217,0.31802174,-0.08253613,0.06550382,0.09303115,0.02918104,0.00835618,31.61073222,0.00000000,49.37843576,36.10978528,0.20823288,-0.47622265,1.31870131,0.21320460,-0.47638500,1.31873626,8.46088267,0.00000003
8.80000000,LOWER_LEG,-0.00033149,-0.00705513,0.00615344,-0.07931519,0.06971222,0.31802175,-0.08253568,0.06550384,0.09303163,0.02910957,0.00828470,31.61072875,0.00000000,49.37815560,36.10972001,0.20818496,-0.47599737,1.31818905,0.21315170,-0.47613580,1.31817045,8.46086544,0.00000005
8.81000000,LOWER_LEG,-0.00033159,-0.00705520,0.00615337,-0.07931530,0.06971225,0.31802175,-0.08253518,0.06550386,0.09303215,0.02903403,0.00820917,31.61078110,0.00000000,49.37805664,36.10969871,0.20813435,-0.47575927,1.31764774,0.21309609,-0.47587359,1.31757518,8.46086790,0.00000007
8.82000000,LOWER_LEG,-0.00033167,-0.00705525,0.00615326,-0.07931540,0.06971228,0.31802175,-0.08253464,0.06550387,0.09303271,0.02895441,0.00812954,31.61088614,0.00000000,49.37797980,36.10968804,0.20808103,-0.47550828,1.31707718,0.21303777,-0.47559831,1.31695035,8.46087078,0.00000009
8.83000000,LOWER_LEG,-0.00033171,-0.00705527,0.00615313,-0.07931549,0.06971230,0.31802175,-0.08253406,0.06550387,0.09303332,0.02887068,0.00804582,31.61101516,0.00000000,49.37844690,36.10953576,0.20802502,-0.47524430,1.31647725,0.21297675,-0.47530994,1.31629586,8.46094384,0.00000005
8.84000000,LOWER_LEG,-0.00033172,-0.00705524,0.00615298,-0.07931558,0.06971232,0.31802175,-0.08253344,0.06550386,0.09303397,0.02878284,0.00795797,31.61117005,0.00000000,49.37811929,36.10952526,0.20796629,-0.47496730,1.31584781,0.21291303,-0.47500844,1.31561170,8.46091534,0.00000006
8.85000000,LOWER_LEG,-0.00033169,-0.00705519,0.00615281,-0.07931565,0.06971233,0.31802175,-0.08253277,0.06550385,0.09303467,0.02869087,0.00786601,31.61136231,0.00000000,49.37790726,36.10955069,0.20790484,-0.47467726,1.31518881,0.21284662,-0.47469384,1.31489793,8.46089871,0.00000006
8.86000000,LOWER_LEG,-0.00033164,-0.00705511,0.00615261,-0.07931571,0.06971233,0.31802175,-0.08253206,0.06550383,0.09303542,0.02859480,0.00776994,31.61159170,0.00000000,49.37769443,36.10959204,0.20784069,-0.47437416,1.31450026,0.21277755,-0.47436617,1.31415462,8.46087971,0.00000007
8.87000000,LOWER_LEG,-0.00033156,-0.00705500,0.00615240,-0.07931575,0.06971232,0.31802175,-0.08253130,0.06550379,0.09303621,0.02849464,0.00766977,31.61185611,0.00000000,49.37746112,36.10964420,0.20777385,-0.47405801,1.31378221,0.21270582,-0.47402548,1.31338189,8.46085627,0.00000007
8.88000000,LOWER_LEG,-0.00033145,-0.00705487,0.00615217,-0.07931579,0.06971231,0.31802175,-0.08253050,0.06550376,0.09303706,0.02839039,0.00756552,31.61215341,0.00000000,49.37719941,36.10970520,0.20770435,-0.47372884,1.31303472,0.21263148,-0.47367182,1.31257990,8.46082765,0.00000009
8.89000000,LOWER_LEG,-0.00033133,-0.00705472,0.00615192,-0.07931581,0.06971228,0.31802175,-0.08252965,0.06550371,0.09303795,0.02828208,0.00745722,31.61251480,0.00000000,49.37645734,36.10993600,0.20763219,-0.47338671,1.31225792,0.21255454,-0.47330529,1.31174887,8.46073244,0.00000008
8.90000000,LOWER_LEG,-0.00033117,-0.00705455,0.00615164,-0.07931581,0.06971225,0.31802174,-0.08252876,0.06550365,0.09303890,0.02816976,0.00734489,31.61290867,0.00000000,49.37627970,36.11000851,0.20755743,-0.47303167,1.31145199,0.21247503,-0.47292597,1.31088901,8.46070862,0.00000008
8.91000000,LOWER_LEG,-0.00033100,-0.00705435,0.00615134,-0.07931581,0.06971222,0.31802173,-0.08252782,0.06550359,0.09303989,0.02805344,0.00722857,31.61335104,0.00000000,49.37547167,36.11023316,0.20748006,-0.47266382,1.31061712,0.21239300,-0.47253399,1.31000061,8.46060148,0.00000008
8.92000000,LOWER_LEG,-0.00033080,-0.00705412,0.00615103,-0.07931579,0.06971217,0.31802172,-0.08252684,0.06550353,0.09304093,0.02793317,0.00710831,31.61382242,0.00000000,49.37531809,36.11031190,0.20740014,-0.47228325,1.30975357,0.21230849,-0.47212947,1.30908397,8.46057695,0.00000010
8.93000000,LOWER_LEG,-0.00033059,-0.00705388,0.00615069,-0.07931576,0.06971213,0.31802171,-0.08252581,0.06550345,0.09304201,0.02780900,0.00698413,31.61434363,0.00000000,49.37457122,36.11054753,0.20731769,-0.47189008,1.30886159,0.21222153,-0.47171256,1.30813946,8.46047322,0.00000009
8.94000000,LOWER_LEG,-0.00033035,-0.00705360,0.00615033,-0.07931571,0.06971207,0.31802169,-0.08252474,0.06550337,0.09304315,0.02768097,0.00685611,31.61489469,0.00000000,49.37377282,36.11076723,0.20723276,-0.47148443,1.30794151,0.21213217,-0.47128342,1.30716743,8.46036174,0.00000010
8.95000000,LOWER_LEG,-0.00033005,-0.00705333,0.00614997,-0.07931566,0.06971201,0.31802167,-0.08252363,0.06550329,0.09304433,0.02754915,0.00672428,31.61599119,0.00000000,49.37295740,36.11060520,0.20714541,-0.47106649,1.30699368,0.21204047,-0.47084222,1.30616832,8.46023785,0.00000002
8.96000000,LOWER_LEG,-0.00032973,-0.00705306,0.00614960,-0.07931559,0.06971195,0.31802166,-0.08252247,0.06550319,0.09304555,0.02741360,0.00658873,31.61634253,0.00000000,49.37189996,36.11091520,0.20705564,-0.47063637,1.30601850,0.21194647,-0.47038918,1.30514260,8.46008879,0.00000001
8.97000000,LOWER_LEG,-0.00032939,-0.00705277,0.00614923,-0.07931552,0.06971187,0.31802164,-0.08252128,0.06550309,0.09304681,0.02727438,0.00644952,31.61685265,0.00000000,49.37219581,36.11121600,0.20696351,-0.47019426,1.30501640,0.21185024,-0.46992448,1.30409076,8.46011255,0.00000009
8.98000000,LOWER_LEG,-0.00032906,-0.00705245,0.00614884,-0.07931544,0.06971179,0.31802162,-0.08252005,0.06550299,0.09304811,0.02713158,0.00630672,31.61741901,0.00000000,49.37141883,36.11148915,0.20686911,-0.46974037,1.30398782,0.21175182,-0.46944836,1.30301328,8.45999906,0.00000009
8.99000000,LOWER_LEG,-0.00032872,-0.00705209,0.00614843,-0.07931536,0.06971171,0.31802160,-0.08251878,0.06550287,0.09304945,0.02698526,0.00616039,31.61803001,0.00000000,49.37060837,36.11176852,0.20677249,-0.46927491,1.30293325,0.21165129,-0.46896104,1.30191073,8.45988009,0.00000008
9.00000000,LOWER_LEG,-0.00032837,-0.00705170,0.00614802,-0.07931526,0.06971162,0.31802157,-0.08251748,0.06550276,0.09305083,0.02683550,0.00601063,31.61868078,0.00000000,49.36985374,36.11204497,0.20667370,-0.46879810,1.30185321,0.21154871,-0.46846277,1.30078369,8.45976661,0.00000009
9.01000000,LOWER_LEG,-0.00032801,-0.00705128,0.00614759,-0.07931516,0.06971153,0.31802155,-0.08251614,0.06550264,0.09305225,0.02668238,0.00585752,31.61936643,0.00000000,49.36908376,36.11233280,0.20657279,-0.46831018,1.30074826,0.21144413,-0.46795381,1.29963275,8.45964954,0.00000009
9.02000000,LOWER_LEG,-0.00032764,-0.00705085,0.00614715,-0.07931505,0.06971144,0.31802152,-0.08251476,0.06550251,0.09305371,0.02652600,0.00570114,31.62008070,0.00000000,49.36726006,36.11261019,0.20646984,-0.46781139,1.29961896,0.21133764,-0.46743444,1.29845856,8.45939655,0.00000001
9.03000000,LOWER_LEG,-0.00032726,-0.00705039,0.00614670,-0.07931493,0.06971134,0.31802148,-0.08251335,0.06550239,0.09305521,0.02636645,0.00554159,31.62082998,0.00000000,49.36668350,36.11295799,0.20636490,-0.46730199,1.29846594,0.21122930,-0.46690494,1.29726178,8.45930073,0.00000001
9.04000000,LOWER_LEG,-0.00032687,-0.00704992,0.00614624,-0.07931481,0.06971125,0.31802144,-0.08251191,0.06550226,0.09305674,0.02620383,0.00537896,31.62159929,0.00000000,49.36625240,36.11330553,0.20625806,-0.46678226,1.29728984,0.21111919,-0.46636562,1.29604311,8.45922167,0.00000004
9.05000000,LOWER_LEG,-0.00032647,-0.00704943,0.00614578,-0.07931467,0.06971115,0.31802140,-0.08251043,0.06550213,0.09305831,0.02603823,0.00521337,31.62238081,0.00000000,49.36568820,36.11360316,0.20614937,-0.46625249,1.29609132,0.21100738,-0.46581678,1.29480327,8.45912480,0.00000007
9.06000000,LOWER_LEG,-0.00032607,-0.00704893,0.00614531,-0.07931454,0.06971105,0.31802136,-0.08250892,0.06550200,0.09305991,0.02586977,0.00504490,31.62317274,0.00000000,49.36506356,36.11388221,0.20603892,-0.46571297,1.29487107,0.21089395,-0.46525874,1.29354298,8.45901947,0.00000009
9.07000000,LOWER_LEG,-0.00032567,-0.00704841,0.00614485,-0.07931439,0.06971096,0.31802132,-0.08250738,0.06550187,0.09306155,0.02569854,0.00487368,31.62397939,0.00000000,49.36343216,36.11421287,0.20592678,-0.46516402,1.29362982,0.21077898,-0.46469183,1.29226302,8.45878451,0.00000007
9.08000000,LOWER_LEG,-0.00032526,-0.00704788,0.00614438,-0.07931424,0.06971086,0.31802127,-0.08250582,0.06550174,0.09306321,0.02552467,0.00469981,31.62479477,0.00000000,49.36295868,36.11455131,0.20581303,-0.46460596,1.29236830,0.21066255,-0.46411641,1.29096418,8.45869585,0.00000009
9.09000000,LOWER_LEG,-0.00032482,-0.00704736,0.00614393,-0.07931409,0.06971076,0.31802123,-0.08250422,0.06550161,0.09306491,0.02534827,0.00452340,31.62618240,0.00000000,49.36250432,36.11444439,0.20569776,-0.46403913,1.29108729,0.21054474,-0.46353281,1.28964727,8.45860046,0.00000007
9.10000000,LOWER_LEG,-0.00032436,-0.00704687,0.00614350,-0.07931393,0.06971066,0.31802118,-0.08250260,0.06550147,0.09306664,0.02516945,0.00434458,31.62672826,0.00000000,49.36104785,36.11496002,0.20558102,-0.46346386,1.28978757,0.21042564,-0.46294142,1.28831313,8.45838289,0.00000001
9.11000000,LOWER_LEG,-0.00032390,-0.00704636,0.00614307,-0.07931377,0.06971055,0.31802114,-0.08250095,0.06550133,0.09306838,0.02498834,0.00416347,31.62742899,0.00000000,49.36064519,36.11533287,0.20546291,-0.46288048,1.28846997,0.21030532,-0.46234259,1.28696261,8.45830157,0.00000006
9.12000000,LOWER_LEG,-0.00032346,-0.00704582,0.00614265,-0.07931361,0.06971044,0.31802110,-0.08249928,0.06550119,0.09307016,0.02480505,0.00398019,31.62816647,0.00000000,49.35899570,36.11561349,0.20534353,-0.46228939,1.28713532,0.21018388,-0.46173670,1.28559657,8.45806236,0.00000003
9.13000000,LOWER_LEG,-0.00032302,-0.00704527,0.00614224,-0.07931344,0.06971034,0.31802105,-0.08249759,0.06550105,0.09307196,0.02461971,0.00379485,31.62895074,0.00000000,49.35869757,36.11599738,0.20522295,-0.46169096,1.28578446,0.21006141,-0.46112415,1.28421589,8.45799405,0.00000005
9.14000000,LOWER_LEG,-0.00032258,-0.00704469,0.00614183,-0.07931327,0.06971023,0.31802101,-0.08249588,0.06550090,0.09307378,0.02443244,0.00360758,31.62975286,0.00000000,49.35816261,36.11628887,0.20510127,-0.46108556,1.28441826,0.20993798,-0.46050533,1.28282149,8.45789518,0.00000009
9.15000000,LOWER_LEG,-0.00032215,-0.00704410,0.00614141,-0.07931309,0.06971012,0.31802096,-0.08249414,0.06550076,0.09307563,0.02424337,0.00341851,31.63058973,0.00000000,49.35671414,36.11665643,0.20497856,-0.46047358,1.28303760,0.20981370,-0.45988063,1.28141427,8.45767830,0.00000009
9.16000000,LOWER_LEG,-0.00032168,-0.00704352,0.00614102,-0.07931291,0.06971001,0.31802091,-0.08249238,0.06550061,0.09307750,0.02405263,0.00322777,31.63196449,0.00000000,49.35638688,36.11662626,0.20485492,-0.45985544,1.28164339,0.20968864,-0.45925048,1.27999519,8.45759427,0.00000008
9.17000000,LOWER_LEG,-0.00032119,-0.00704295,0.00614063,-0.07931273,0.06970990,0.31802086,-0.08249061,0.06550047,0.09307939,0.02386035,0.00303548,31.63259404,0.00000000,49.35478939,36.11712932,0.20473041,-0.45923150,1.28023657,0.20956290,-0.45861530,1.27856520,8.45735486,0.00000002
9.18000000,LOWER_LEG,-0.00032070,-0.00704237,0.00614024,-0.07931254,0.06970978,0.31802082,-0.08248881,0.06550032,0.09308129,0.02366667,0.00284180,31.63336392,0.00000000,49.35438503,36.11753377,0.20460514,-0.45860218,1.27881808,0.20943657,-0.45797551,1.27712528,8.45726860,0.00000006
9.19000000,LOWER_LEG,-0.00032023,-0.00704176,0.00613986,-0.07931235,0.06970967,0.31802077,-0.08248700,0.06550016,0.09308322,0.02347171,0.00264685,31.63417460,0.00000000,49.35260956,36.11784247,0.20447920,-0.45796791,1.27738886,0.20930974,-0.45733155,1.27567640,8.45700819,0.00000005
9.20000000,LOWER_LEG,-0.00031976,-0.00704113,0.00613947,-0.07931216,0.06970955,0.31802071,-0.08248518,0.06550001,0.09308516,0.02327563,0.00245076,31.63503689,0.00000000,49.35233566,36.11826594,0.20435269,-0.45732913,1.27594988,0.20918251,-0.45668385,1.27421955,8.45693738,0.00000008
9.21000000,LOWER_LEG,-0.00031928,-0.00704048,0.00613908,-0.07931195,0.06970943,0.31802066,-0.08248333,0.06549986,0.09308713,0.02307854,0.00225368,31.63679561,0.00000000,49.35081003,36.11767907,0.20422570,-0.45668627,1.27450212,0.20905495,-0.45603285,1.27275573,8.45670273,0.00000002
9.22000000,LOWER_LEG,-0.00031876,-0.00703988,0.00613871,-0.07931175,0.06970931,0.31802061,-0.08248148,0.06549970,0.09308910,0.02288060,0.00205573,31.63719260,0.00000000,49.35074992,36.11875021,0.20409832,-0.45603977,1.27304657,0.20892717,-0.45537901,1.27128596,8.45664990,0.00000007
9.23000000,LOWER_LEG,-0.00031824,-0.00703926,0.00613833,-0.07931154,0.06970919,0.31802055,-0.08247961,0.06549954,0.09309109,0.02268194,0.00185707,31.63796014,0.00000000,49.34944858,36.11919739,0.20397061,-0.45539003,1.27158426,0.20879925,-0.45472279,1.26981128,8.45644469,0.00000003
9.24000000,LOWER_LEG,-0.00031773,-0.00703861,0.00613795,-0.07931133,0.06970907,0.31802050,-0.08247773,0.06549938,0.09309310,0.02248270,0.00165784,31.63879052,0.00000000,49.34797078,36.11954080,0.20384269,-0.45473754,1.27011618,0.20867130,-0.45406463,1.26833270,8.45621769,0.00000005
9.25000000,LOWER_LEG,-0.00031723,-0.00703794,0.00613757,-0.07931111,0.06970894,0.31802044,-0.08247584,0.06549922,0.09309511,0.02228303,0.00145817,31.63967221,0.00000000,49.34780841,36.11996075,0.20371466,-0.45408274,1.26864336,0.20854339,-0.45340500,1.26685127,8.45615714,0.00000008
9.26000000,LOWER_LEG,-0.00031673,-0.00703726,0.00613719,-0.07931089,0.06970881,0.31802039,-0.08247393,0.06549906,0.09309713,0.02208306,0.00125820,31.64146450,0.00000000,49.34653270,36.11944114,0.20358661,-0.45342610,1.26716682,0.20841562,-0.45274436,1.26536802,8.45595013,0.00000004
9.27000000,LOWER_LEG,-0.00033624,-0.00704612,0.00613811,-0.07931132,0.06970938,0.31802182,-0.08247252,0.06549923,0.09309868,0.02191727,0.00109241,31.53456750,2.05162510,49.45812151,36.02606951,0.20348642,-0.45286052,1.26594367,0.20828989,-0.45209258,1.26390510,8.46824231,0.00000002
9.28000000,LOWER_LEG,-0.00045429,-0.00712697,0.00616190,-0.07931764,0.06971740,0.31803639,-0.08247571,0.06550509,0.09309414,0.02185332,0.00102846,31.07733976,2.21950060,49.75375963,35.76077629,0.20346755,-0.45235710,1.26495050,0.20818034,-0.45152331,1.26262775,8.49982606,0.00000001
9.29000000,LOWER_LEG,-0.00061183,-0.00725946,0.00622177,-0.07933144,0.06973575,0.31806496,-0.08248535,0.06552012,0.09307975,0.02182468,0.00099981,30.60646327,2.15885084,49.96320034,35.45209848,0.20349809,-0.45183435,1.26387556,0.20808076,-0.45100473,1.26146442,8.52363591,0.00000001
9.30000000,LOWER_LEG,-0.00078488,-0.00740799,0.00631665,-0.07935185,0.06976355,0.31810244,-0.08250104,0.06554388,0.09305684,0.02181248,0.00098762,30.20356523,2.10911835,50.13696594,35.11372987,0.20355540,-0.45131130,1.26276481,0.20798500,-0.45050500,1.26034362,8.54701383,0.00000001
9.31000000,LOWER_LEG,-0.00096852,-0.00755407,0.00644276,-0.07937748,0.06979923,0.31814367,-0.08252172,0.06557500,0.09302780,0.02180811,0.00098324,29.89361992,2.09745996,50.31302352,34.77707965,0.20362897,-0.45079225,1.26164866,0.20789066,-0.45001181,1.25923774,8.57357126,0.00000001
9.32000000,LOWER_LEG,-0.00116097,-0.00769123,0.00659528,-0.07940703,0.06984113,0.31818460,-0.08254627,0.06561199,0.09299450,0.02180656,0.00098170,29.67268203,2.12750121,50.51104094,34.46170812,0.20371295,-0.45027853,1.26054233,0.20779698,-0.44952102,1.25813752,8.60467821,0.00000001
9.33000000,LOWER_LEG,-0.00136025,-0.00781925,0.00676861,-0.07943961,0.06988767,0.31822268,-0.08257383,0.06565339,0.09295804,0.02180498,0.00098012,29.52176124,2.19334164,50.73639317,34.17490120,0.20380328,-0.44977032,1.25945274,0.20770378,-0.44903184,1.25704113,8.64028842,0.00000001
9.34000000,LOWER_LEG,-0.00156386,-0.00794050,0.00695665,-0.07947473,0.06993743,0.31825671,-0.08260392,0.06569789,0.09291889,0.02180198,0.00097711,29.41642304,2.28577678,50.98562276,33.91625166,0.20389658,-0.44926677,1.25838246,0.20761112,-0.44854461,1.25594935,8.67955348,0.00000001
9.35000000,LOWER_LEG,-0.00176904,-0.00805802,0.00715327,-0.07951220,0.06998915,0.31828654,-0.08263633,0.06574435,0.09287715,0.02179710,0.00097224,29.33279020,2.39570796,51.25113485,33.68200867,0.20398979,-0.44876626,1.25733183,0.20751913,-0.44805994,1.25486353,8.72129091,0.00000001
9.36000000,LOWER_LEG,-0.00197314,-0.00817461,0.00735271,-0.07955204,0.07004173,0.31831268,-0.08267102,0.06579176,0.09283269,0.02179046,0.00096560,29.25095868,2.51581613,51.52439938,33.46786412,0.20408012,-0.44826686,1.25630011,0.20742790,-0.44757835,1.25378487,8.76429877,0.00000001
9.37000000,LOWER_LEG,-0.00217378,-0.00829241,0.00754991,-0.07959428,0.07009423,0.31833597,-0.08270802,0.06583925,0.09278541,0.02178243,0.00095757,29.15656208,2.64111971,51.79776695,33.27027390,0.20416515,-0.44776676,1.25528619,0.20733750,-0.44710023,1.25271420,8.80753479,0.00000001
9.38000000,LOWER_LEG,-0.00236905,-0.00841285,0.00774081,-0.07963895,0.07014587,0.31835730,-0.08274735,0.06588609,0.09273526,0.02177345,0.00094858,29.04102295,2.76884727,52.06527789,33.08679913,0.20424304,-0.44726462,1.25428896,0.20724796,-0.44662578,1.25165199,8.85019406,0.00000001
9.39000000,LOWER_LEG,-0.00255757,-0.00853658,0.00792238,-0.07968595,0.07019602,0.31837748,-0.08278891,0.06593170,0.09268235,0.02176388,0.00093902,28.90093691,2.89794046,52.32284018,32.91592825,0.20431256,-0.44675965,1.25330751,0.20715929,-0.44615512,1.25059847,8.89171996,0.00000001
9.40000000,LOWER_LEG,-0.00273851,-0.00866368,0.00809266,-0.07973509,0.07024422,0.31839713,-0.08283253,0.06597565,0.09262688,0.02175402,0.00092915,28.73697492,3.02842042,52.56806004,32.75670480,0.20437319,-0.44625164,1.25234115,0.20707152,-0.44568829,1.24955373,8.93177700,0.00000001
9.41000000,LOWER_LEG,-0.00291152,-0.00879371,0.00825073,-0.07978603,0.07029019,0.31841667,-0.08287792,0.06601765,0.09256923,0.02174401,0.00091915,28.55261813,3.16078069,52.79991403,32.60835376,0.20442503,-0.44574092,1.25138938,0.20698462,-0.44522533,1.24851790,8.97020593,0.00000001
9.42000000,LOWER_LEG,-0.00307672,-0.00892593,0.00839649,-0.07983838,0.07033379,0.31843635,-0.08292471,0.06605753,0.09250983,0.02173396,0.00090910,28.35295421,3.29550701,53.01837850,32.47000221,0.20446873,-0.44522824,1.25045180,0.20689863,-0.44476635,1.24749118,9.00697484,0.00000001
9.43000000,LOWER_LEG,-0.00323456,-0.00905942,0.00853058,-0.07989166,0.07037500,0.31845628,-0.08297247,0.06609527,0.09244918,0.02172390,0.00089904,28.14367452,3.43276864,53.22408297,32.34052634,0.20450538,-0.44471468,1.24952804,0.20681358,-0.44431154,1.24647397,9.04213413,0.00000001
9.44000000,LOWER_LEG,-0.00338575,-0.00919321,0.00865414,-0.07994537,0.07041394,0.31847647,-0.08302073,0.06613095,0.09238781,0.02171384,0.00088898,27.93033272,3.57228182,53.41802065,32.21851848,0.20453632,-0.44420152,1.24861772,0.20672950,-0.44386116,1.24546689,9.07577969,0.00000001
9.45000000,LOWER_LEG,-0.00353118,-0.00932639,0.00876865,-0.07999902,0.07045083,0.31849689,-0.08306903,0.06616474,0.09232624,0.02170381,0.00087894,27.71786541,3.71331539,53.60132829,32.10234699,0.20456303,-0.44369019,1.24772045,0.20664646,-0.44341559,1.24447076,9.10802527,0.00000001
9.46000000,LOWER_LEG,-0.00367177,-0.00945813,0.00887577,-0.08005212,0.07048591,0.31851750,-0.08311692,0.06619686,0.09226493,0.02169384,0.00086897,27.51033832,3.85479401,53.77513387,31.99027419,0.20458697,-0.44318212,1.24683583,0.20656455,-0.44297528,1.24348659,9.13898398,0.00000001
9.47000000,LOWER_LEG,-0.00380843,-0.00958774,0.00897718,-0.08010426,0.07051951,0.31853825,-0.08316399,0.06622759,0.09220433,0.02168398,0.00085912,27.31086379,3.99545199,53.94046281,31.88059755,0.20460950,-0.44267876,1.24596348,0.20648384,-0.44254073,1.24251546,9.16875715,0.00000001
9.48000000,LOWER_LEG,-0.00394201,-0.00971468,0.00907446,-0.08015506,0.07055193,0.31855911,-0.08320989,0.06625721,0.09214480,0.02167432,0.00084946,27.12186876,4.13402966,54.09816993,31.77150508,0.20463177,-0.44218140,1.24510314,0.20640444,-0.44211245,1.24155855,9.19742836,0.00000001
9.49000000,LOWER_LEG,-0.00407315,-0.00983855,0.00916901,-0.08020421,0.07058347,0.31858006,-0.08325431,0.06628597,0.09208666,0.02166493,0.00084006,26.94408236,4.26925747,54.24904717,31.66255668,0.20465476,-0.44169127,1.24425461,0.20632642,-0.44169097,1.24061697,9.22506773,0.00000001
9.50000000,LOWER_LEG,-0.00420241,-0.00995905,0.00926197,-0.08025147,0.07061438,0.31860108,-0.08329702,0.06631414,0.09203015,0.02165588,0.00083102,26.77871892,4.40026587,54.39353896,31.55208714,0.20467909,-0.44120939,1.24341789,0.20624988,-0.44127675,1.23969182,9.25171756,0.00000001
9.51000000,LOWER_LEG,-0.00433014,-0.01007598,0.00935419,-0.08029665,0.07064489,0.31862218,-0.08333784,0.06634191,0.09197544,0.02164724,0.00082238,26.62576775,4.52637578,54.53209188,31.43980781,0.20470521,-0.44073658,1.24259315,0.20617487,-0.44087024,1.23878403,9.27741494,0.00000001
9.52000000,LOWER_LEG,-0.00445653,-0.01018922,0.00944624,-0.08033965,0.07067515,0.31864335,-0.08337665,0.06636943,0.09192266,0.02163905,0.00081418,26.48488278,4.64721765,54.66500127,31.32559380,0.20473329,-0.44027350,1.24178072,0.20610148,-0.44047181,1.23789445,9.30218308,0.00000001
9.53000000,LOWER_LEG,-0.00458160,-0.01029872,0.00953840,-0.08038040,0.07070527,0.31866458,-0.08341339,0.06639681,0.09187189,0.02163133,0.00080646,26.35539506,4.76270036,54.79246929,31.20965280,0.20476333,-0.43982059,1.24098109,0.20602974,-0.44008178,1.23702378,9.32603722,0.00000001
9.54000000,LOWER_LEG,-0.00470525,-0.01040450,0.00963069,-0.08041889,0.07073530,0.31868585,-0.08344804,0.06642410,0.09182314,0.02162408,0.00079922,26.23639998,4.87296039,54.91462983,31.09247230,0.20479515,-0.43937814,1.24019488,0.20595970,-0.43970042,1.23617260,9.34898772,0.00000001
9.55000000,LOWER_LEG,-0.00482728,-0.01050661,0.00972293,-0.08045516,0.07076523,0.31870713,-0.08348063,0.06645131,0.09177639,0.02161730,0.00079243,26.12683976,4.97829600,55.03157184,30.97475035,0.20482843,-0.43894628,1.23942284,0.20589140,-0.43932795,1.23534140,9.37104298,0.00000001
9.56000000,LOWER_LEG,-0.00494741,-0.01060513,0.00981478,-0.08048927,0.07079501,0.31872838,-0.08351122,0.06647841,0.09173160,0.02161094,0.00078608,26.02557714,5.07909716,55.14335983,30.85732231,0.20486281,-0.43852502,1.23866578,0.20582485,-0.43896456,1.23453059,9.39221187,0.00000001
9.57000000,LOWER_LEG,-0.00506530,-0.01070019,0.00990578,-0.08052134,0.07082458,0.31874954,-0.08353991,0.06650533,0.09168868,0.02160499,0.00078012,25.93146086,5.17578025,55.25005139,30.74109085,0.20489786,-0.43811425,1.23792454,0.20576009,-0.43861041,1.23374053,9.41250584,0.00000001
9.58000000,LOWER_LEG,-0.00518064,-0.01079191,0.00999541,-0.08055150,0.07085384,0.31877057,-0.08356681,0.06653198,0.09164754,0.02159939,0.00077453,25.84338272,5.26873411,55.35171149,30.62696421,0.20493313,-0.43771381,1.23719997,0.20569713,-0.43826566,1.23297152,9.43194046,0.00000001
9.59000000,LOWER_LEG,-0.00529310,-0.01088046,0.01008313,-0.08057988,0.07088266,0.31879139,-0.08359207,0.06655827,0.09160806,0.02159412,0.00076926,25.76032526,5.35828066,55.44842354,30.51580578,0.20496823,-0.43732349,1.23649291,0.20563599,-0.43793043,1.23222389,9.45053643,0.00000001
9.60000000,LOWER_LEG,-0.00540236,-0.01096596,0.01016840,-0.08060665,0.07091094,0.31881195,-0.08361582,0.06658410,0.09157010,0.02158914,0.00076427,25.68139872,5.44465080,55.54029690,30.40839602,0.20500276,-0.43694307,1.23580412,0.20557669,-0.43760487,1.23149793,9.46832010,0.00000001
9.61000000,LOWER_LEG,-0.00550818,-0.01104858,0.01025076,-0.08063197,0.07093857,0.31883217,-0.08363823,0.06660936,0.09153355,0.02158441,0.00075955,25.60586609,5.52797444,55.62747081,30.30540650,0.20503641,-0.43657234,1.23513431,0.20551925,-0.43728912,1.23079395,9.48532340,0.00000001
9.62000000,LOWER_LEG,-0.00561035,-0.01112846,0.01032981,-0.08065601,0.07096545,0.31885198,-0.08365945,0.06663396,0.09149826,0.02157993,0.00075507,25.53315611,5.60828233,55.71011456,30.20738513,0.20506891,-0.43621111,1.23448413,0.20546369,-0.43698334,1.23011226,9.50158320,0.00000001
9.63000000,LOWER_LEG,-0.00570871,-0.01120572,0.01040521,-0.08067892,0.07099150,0.31887133,-0.08367964,0.06665782,0.09146412,0.02157568,0.00075081,25.46286450,5.68551682,55.78842426,30.11475080,0.20510006,-0.43585923,1.23385411,0.20541003,-0.43668766,1.22945318,9.51714029,0.00000001
9.64000000,LOWER_LEG,-0.00580316,-0.01128048,0.01047675,-0.08070085,0.07101664,0.31889014,-0.08369892,0.06668088,0.09143100,0.02157164,0.00074677,25.39474496,5.75954873,55.86261665,30.02779571,0.20512971,-0.43551661,1.23324474,0.20535829,-0.43640223,1.22881705,9.53203791,0.00000001
9.65000000,LOWER_LEG,-0.00589366,-0.01135284,0.01054430,-0.08072194,0.07104083,0.31890836,-0.08371745,0.06670308,0.09139879,0.02156781,0.00074295,25.32869180,5.83019773,55.93292065,29.94669356,0.20515779,-0.43518320,1.23265639,0.20530849,-0.43612721,1.22820417,9.54632003,0.00000001
9.66000000,LOWER_LEG,-0.00598020,-0.01142287,0.01060779,-0.08074231,0.07106403,0.31892594,-0.08373532,0.06672441,0.09136740,0.02156420,0.00073934,25.26471675,5.89725392,55.99956750,29.87151183,0.20518425,-0.43485902,1.23208937,0.20526064,-0.43586273,1.22761485,9.56002962,0.00000001
9.67000000,LOWER_LEG,-0.00606281,-0.01149063,0.01066726,-0.08076207,0.07108624,0.31894283,-0.08375266,0.06674482,0.09133675,0.02156080,0.00073594,25.20292233,5.96049905,56.06278056,29.80222659,0.20520910,-0.43454414,1.23154392,0.20521477,-0.43560891,1.22704936,9.57320679,0.00000001
9.68000000,LOWER_LEG,-0.00614154,-0.01155617,0.01072279,-0.08078130,0.07110744,0.31895900,-0.08376954,0.06676434,0.09130678,0.02155762,0.00073276,25.14347437,6.01972582,56.12276540,29.73873852,0.20523238,-0.43423866,1.23102021,0.20517090,-0.43536587,1.22650794,9.58588726,0.00000001
9.69000000,LOWER_LEG,-0.00621649,-0.01161952,0.01077451,-0.08080008,0.07112765,0.31897440,-0.08378603,0.06678295,0.09127743,0.02155466,0.00072980,25.08657554,6.07475439,56.17970122,29.68088905,0.20525412,-0.43394275,1.23051835,0.20512902,-0.43513371,1.22599080,9.59810094,0.00000001
9.70000000,LOWER_LEG,-0.00628773,-0.01168068,0.01082259,-0.08081845,0.07114689,0.31898903,-0.08380218,0.06680067,0.09124866,0.02155193,0.00072706,25.03244163,6.12544553,56.23373406,29.62847565,0.20527440,-0.43365659,1.23003841,0.20508915,-0.43491248,1.22549806,9.60987101,0.00000001
9.71000000,LOWER_LEG,-0.00635536,-0.01173966,0.01086722,-0.08083645,0.07116518,0.31900285,-0.08381803,0.06681753,0.09122047,0.02154942,0.00072455,24.98128170,6.17170990,56.28497228,29.58126569,0.20529327,-0.43338038,1.22958039,0.20505129,-0.43470223,1.22502983,9.62121324,0.00000001
9.72000000,LOWER_LEG,-0.00641947,-0.01179645,0.01090858,-0.08085410,0.07118255,0.31901588,-0.08383359,0.06683355,0.09119284,0.02154714,0.00072227,24.93328260,6.21351365,56.33348446,29.53900844,0.20531081,-0.43311433,1.22914427,0.20501544,-0.43450297,1.22458610,9.63213589,0.00000000
9.73000000,LOWER_LEG,-0.00648018,-0.01185101,0.01094687,-0.08087139,0.07119902,0.31902810,-0.08384888,0.06684876,0.09116579,0.02154508,0.00072022,24.88798129,6.25091191,56.37925817,29.50212254,0.20532704,-0.43285864,1.22872999,0.20498159,-0.43431468,1.22416684,9.64263795,0.00000009
9.74000000,LOWER_LEG,-0.00653752,-0.01190335,0.01098227,-0.08088832,0.07121463,0.31903952,-0.08386387,0.06686317,0.09113933,0.02154324,0.00071838,24.84694286,6.28392343,56.42240148,29.46881090,0.20534205,-0.43261354,1.22833741,0.20494972,-0.43413730,1.22377190,9.65272010,0.00000007
9.75000000,LOWER_LEG,-0.00659157,-0.01195345,0.01101495,-0.08090486,0.07122940,0.31905017,-0.08387856,0.06687681,0.09111349,0.02154162,0.00071675,24.80933028,6.31269083,56.46279729,29.43972540,0.20535586,-0.43237921,1.22796640,0.20491982,-0.43397076,1.22340111,9.66236526,0.00000005
9.76000000,LOWER_LEG,-0.00664239,-0.01200128,0.01104503,-0.08092098,0.07124334,0.31906005,-0.08389291,0.06688970,0.09108830,0.02154020,0.00071533,24.77533552,6.33741715,56.50035069,29.41440713,0.20536850,-0.43215580,1.22761677,0.20489186,-0.43381492,1.22305419,9.67155531,0.00000004
9.77000000,LOWER_LEG,-0.00669003,-0.01204681,0.01107265,-0.08093664,0.07125648,0.31906921,-0.08390688,0.06690186,0.09106381,0.02153897,0.00071411,24.74481987,6.35830735,56.53501999,29.39288047,0.20537997,-0.43194343,1.22728831,0.20486581,-0.43366965,1.22273080,9.68027323,0.00000003
9.78000000,LOWER_LEG,-0.00673453,-0.01209001,0.01109790,-0.08095179,0.07126884,0.31907767,-0.08392043,0.06691329,0.09104007,0.02153793,0.00071307,24.71780913,6.37561351,56.56668964,29.37479121,0.20539030,-0.43174220,1.22698076,0.20484163,-0.43353475,1.22243052,9.68849543,0.00000002
9.79000000,LOWER_LEG,-0.00677592,-0.01213086,0.01112087,-0.08096639,0.07128042,0.31908545,-0.08393351,0.06692402,0.09101713,0.02153706,0.00071220,24.69422297,6.38960136,56.59527340,29.35997598,0.20539949,-0.43155216,1.22669381,0.20481928,-0.43341001,1.22215288,9.69620006,0.00000000
9.80000000,LOWER_LEG,-0.00681420,-0.01216938,0.01114162,-0.08098037,0.07129122,0.31909261,-0.08394607,0.06693405,0.09099504,0.02153635,0.00071149,24.67363798,6.40048624,56.62075070,29.34873082,0.20540757,-0.43137332,1.22642711,0.20479873,-0.43329520,1.22189735,9.70336897,0.00000002
9.81000000,LOWER_LEG,-0.00684943,-0.01220556,0.01116021,-0.08099370,0.07130127,0.31909918,-0.08395807,0.06694338,0.09097384,0.02153579,0.00071092,24.65636327,6.40860637,56.64289307,29.34005524,0.20541452,-0.43120565,1.22618027,0.20477991,-0.43319005,1.22166334,9.70997180,0.00000005
9.82000000,LOWER_LEG,-0.00688166,-0.01223934,0.01117667,-0.08100631,0.07131056,0.31910519,-0.08396946,0.06695202,0.09095358,0.02153535,0.00071049,24.64213470,6.41428861,56.66166004,29.33409437,0.20542034,-0.43104904,1.22595289,0.20476277,-0.43309428,1.22145019,9.71599425,0.00000005
9.83000000,LOWER_LEG,-0.00691093,-0.01227073,0.01119105,-0.08101817,0.07131910,0.31911068,-0.08398019,0.06695997,0.09093432,0.02153504,0.00071017,24.63027315,6.41778474,56.67710382,29.33151861,0.20542504,-0.43090337,1.22574450,0.20474726,-0.43300756,1.22125720,9.72142925,0.00000000
9.84000000,LOWER_LEG,-0.00693729,-0.01229975,0.01120338,-0.08102923,0.07132690,0.31911569,-0.08399021,0.06696726,0.09091609,0.02153482,0.00070996,24.62251589,6.41932586,56.68911739,29.32953022,0.20542867,-0.43076845,1.22555457,0.20473332,-0.43292955,1.22108362,9.72626131,0.00000004
9.85000000,LOWER_LEG,-0.00696080,-0.01232642,0.01121371,-0.08103946,0.07133398,0.31912026,-0.08399950,0.06697388,0.09089892,0.02153470,0.00070984,24.61745193,6.41915760,56.69785377,29.32987895,0.20543125,-0.43064410,1.22538250,0.20472087,-0.43285992,1.22092866,9.73049600,0.00000010
9.86000000,LOWER_LEG,-0.00698155,-0.01235076,0.01122209,-0.08104882,0.07134035,0.31912441,-0.08400802,0.06697985,0.09088285,0.02153466,0.00070980,24.61411914,6.41751072,56.70326933,29.33309540,0.20543283,-0.43053004,1.22522770,0.20470986,-0.43279827,1.22079148,9.73412993,0.00000006
9.87000000,LOWER_LEG,-0.00699961,-0.01237282,0.01122858,-0.08105729,0.07134602,0.31912818,-0.08401575,0.06698519,0.09086789,0.02153470,0.00070983,24.61363789,6.41458354,56.70553355,29.33768639,0.20543345,-0.43042600,1.22508947,0.20470020,-0.43274422,1.22067121,9.73717594,0.00000006
9.88000000,LOWER_LEG,-0.00701509,-0.01239266,0.01123326,-0.08106486,0.07135102,0.31913161,-0.08402267,0.06698991,0.09085405,0.02153479,0.00070993,24.61542436,6.41057483,56.70472930,29.34388254,0.20543318,-0.43033164,1.22496711,0.20469183,-0.43269734,1.22056691,9.73964524,0.00000007
9.89000000,LOWER_LEG,-0.00702811,-0.01241034,0.01123619,-0.08107153,0.07135537,0.31913471,-0.08402878,0.06699404,0.09084135,0.02153494,0.00071007,24.61934128,6.40567872,56.70100873,29.35149031,0.20543207,-0.43024659,1.22485985,0.20468466,-0.43265721,1.22047762,9.74155735,0.00000007
9.90000000,LOWER_LEG,-0.00703878,-0.01242592,0.01123748,-0.08107730,0.07135910,0.31913751,-0.08403408,0.06699760,0.09082976,0.02153513,0.00071027,24.62522830,6.40007722,56.69455818,29.36032705,0.20543020,-0.43017045,1.22476688,0.20467862,-0.43262337,1.22040232,9.74293738,0.00000007
9.91000000,LOWER_LEG,-0.00704726,-0.01243949,0.01123723,-0.08108218,0.07136224,0.31914005,-0.08403857,0.06700061,0.09081927,0.02153536,0.00071049,24.63291034,6.39394412,56.68559430,29.37021041,0.20542763,-0.43010277,1.22468734,0.20467361,-0.43259534,1.22033995,9.74381565,0.00000008
9.92000000,LOWER_LEG,-0.00705370,-0.01245116,0.01123553,-0.08108620,0.07136482,0.31914233,-0.08404228,0.06700310,0.09080986,0.02153561,0.00071075,24.64219742,6.38744809,56.67436046,29.38095627,0.20542444,-0.43004310,1.22462034,0.20466956,-0.43257262,1.22028940,9.74422730,0.00000008
9.93000000,LOWER_LEG,-0.00705827,-0.01246103,0.01123253,-0.08108939,0.07136688,0.31914439,-0.08404524,0.06700512,0.09080150,0.02153589,0.00071102,24.65288380,6.38075585,56.66112347,29.39237759,0.20542070,-0.42999092,1.22456492,0.20466636,-0.43255469,1.22024951,9.74421172,0.00000008
9.94000000,LOWER_LEG,-0.00706113,-0.01246922,0.01122835,-0.08109179,0.07136846,0.31914624,-0.08404746,0.06700670,0.09079415,0.02153618,0.00071131,24.66474729,6.37403539,56.64617061,29.40428374,0.20541650,-0.42994570,1.22452009,0.20466391,-0.43254101,1.22021907,9.74381218,0.00000008
9.95000000,LOWER_LEG,-0.00706249,-0.01247588,0.01122313,-0.08109344,0.07136961,0.31914790,-0.08404901,0.06700787,0.09078774,0.02153647,0.00071161,24.67754877,6.36745880,56.62980689,29.41647985,0.20541191,-0.42990688,1.22448479,0.20466213,-0.43253100,1.22019681,9.74307535,0.00000008
9.96000000,LOWER_LEG,-0.00706254,-0.01248115,0.01121702,-0.08109441,0.07137037,0.31914940,-0.08404992,0.06700869,0.09078223,0.02153676,0.00071190,24.69104384,6.36118405,56.61187957,29.42881679,0.20540700,-0.42987388,1.22445795,0.20466090,-0.43252410,1.22018144,9.74198912,0.00000008
9.97000000,LOWER_LEG,-0.00706149,-0.01248518,0.01121017,-0.08109475,0.07137079,0.31915075,-0.08405025,0.06700918,0.09077756,0.02153705,0.00071218,24.70495112,6.35543972,56.59368535,29.44098908,0.20540187,-0.42984606,1.22443841,0.20466010,-0.43251966,1.22017156,9.74073081,0.00000008
9.98000000,LOWER_LEG,-0.00705954,-0.01248814,0.01120276,-0.08109453,0.07137093,0.31915198,-0.08405007,0.06700941,0.09077364,0.02153732,0.00071245,24.71902622,6.35076447,56.57537110,29.45284797,0.20539659,-0.42982281,1.22442508,0.20465963,-0.43251703,1.22016571,9.73932946,0.00000007
9.99000000,LOWER_LEG,-0.00705692,-0.01249021,0.01119495,-0.08109383,0.07137083,0.31915310,-0.08404943,0.06700941,0.09077040,0.02153756,0.00071269,24.73287893,6.34586323,56.55723655,29.46410704,0.20539123,-0.42980341,1.22441660,0.20465941,-0.43251578,1.22016294,9.73783466,0.00000007
10.00000000,LOWER_LEG,-0.00705387,-0.01249155,0.01118693,-0.08109273,0.07137055,0.31915414,-0.08404841,0.06700924,0.09076776,0.02153776,0.00071290,24.74619552,6.34342025,56.53887599,29.47455556,0.20538588,-0.42978714,1.22441168,0.20465920,-0.43251460,1.22016030,9.73620731,0.00000006
10.01000000,VERIFY_CONTACT,-0.00705063,-0.01249240,0.01117890,-0.08109130,0.07137015,0.31915514,-0.08404708,0.06700895,0.09076564,0.02153792,0.00071305,24.75866473,6.34140335,56.52124532,29.48406699,0.20538060,-0.42977330,1.22440895,0.20465899,-0.43251341,1.22015767,9.73457884,0.00000008
10.02000000,VERIFY_CONTACT,-0.00704742,-0.01249294,0.01117103,-0.08108963,0.07136968,0.31915610,-0.08404551,0.06700858,0.09076394,0.02153803,0.00071317,24.77015245,6.33928237,56.50348405,29.49241262,0.20537548,-0.42976126,1.22440730,0.20465877,-0.43251219,1.22015494,9.73285595,0.00000008
10.03000000,VERIFY_CONTACT,-0.00704439,-0.01249329,0.01116350,-0.08108779,0.07136920,0.31915704,-0.08404379,0.06700820,0.09076257,0.02153812,0.00071326,24.78008376,6.33835316,56.48816840,29.50058748,0.20537061,-0.42975060,1.22440602,0.20465847,-0.43251051,1.22015122,9.73138121,0.00000004
10.04000000,VERIFY_CONTACT,-0.00704163,-0.01249356,0.01115644,-0.08108588,0.07136875,0.31915796,-0.08404197,0.06700783,0.09076146,0.02153821,0.00071334,24.79039354,6.33528615,56.47383358,29.50599074,0.20536606,-0.42974104,1.22440475,0.20465826,-0.43250933,1.22014859,9.72999238,0.00000007
10.05000000,VERIFY_CONTACT,-0.00703922,-0.01249377,0.01114996,-0.08108394,0.07136837,0.31915886,-0.08404013,0.06700751,0.09076054,0.02153831,0.00071344,24.80003934,6.33238050,56.46030085,29.51070313,0.20536186,-0.42973240,1.22440336,0.20465805,-0.43250816,1.22014599,9.72867552,0.00000007
10.06000000,VERIFY_CONTACT,-0.00703720,-0.01249396,0.01114413,-0.08108205,0.07136807,0.31915971,-0.08403832,0.06700727,0.09075974,0.02153843,0.00071356,24.80912536,6.32830654,56.44754523,29.51484056,0.20535803,-0.42972456,1.22440182,0.20465791,-0.43250735,1.22014419,9.72743951,0.00000009
10.07000000,VERIFY_CONTACT,-0.00703557,-0.01249417,0.01113897,-0.08108024,0.07136787,0.31916049,-0.08403659,0.06700711,0.09075899,0.02153857,0.00071371,24.81697112,6.32430856,56.43691218,29.51940187,0.20535456,-0.42971741,1.22440015,0.20465777,-0.43250661,1.22014252,9.72646613,0.00000008
10.08000000,VERIFY_CONTACT,-0.00703432,-0.01249442,0.01113450,-0.08107858,0.07136778,0.31916120,-0.08403498,0.06700705,0.09075826,0.02153874,0.00071387,24.82514514,6.32073295,56.42846428,29.52288896,0.20535143,-0.42971088,1.22439844,0.20465764,-0.43250584,1.22014081,9.72576690,0.00000005
10.09000000,VERIFY_CONTACT,-0.00703344,-0.01249475,0.01113067,-0.08107708,0.07136778,0.31916181,-0.08403353,0.06700707,0.09075750,0.02153892,0.00071406,24.83371502,6.31657066,56.42057082,29.52527143,0.20534859,-0.42970491,1.22439678,0.20465757,-0.43250548,1.22014002,9.72514032,0.00000009
10.10000000,VERIFY_CONTACT,-0.00703289,-0.01249517,0.01112743,-0.08107579,0.07136788,0.31916231,-0.08403227,0.06700718,0.09075668,0.02153912,0.00071425,24.84056659,6.31102496,56.41432325,29.52865358,0.20534597,-0.42969939,1.22439517,0.20465757,-0.43250548,1.22014002,9.72473341,0.00000006
10.11000000,VERIFY_CONTACT,-0.00703262,-0.01249572,0.01112473,-0.08107473,0.07136807,0.31916270,-0.08403122,0.06700736,0.09075576,0.02153932,0.00071446,24.84767343,6.30635303,56.40894203,29.53126770,0.20534354,-0.42969430,1.22439376,0.20465757,-0.43250548,1.22014002,9.72444259,0.00000005
10.12000000,VERIFY_CONTACT,-0.00703261,-0.01249646,0.01112249,-0.08107392,0.07136832,0.31916298,-0.08403040,0.06700761,0.09075472,0.02153953,0.00071467,24.85395942,6.30089714,56.40450620,29.53419756,0.20534120,-0.42968956,1.22439250,0.20465763,-0.43250583,1.22014079,9.72427861,0.00000008
10.13000000,VERIFY_CONTACT,-0.00703278,-0.01249737,0.01112061,-0.08107336,0.07136863,0.31916314,-0.08402982,0.06700790,0.09075355,0.02153975,0.00071489,24.85950946,6.29657382,56.40240024,29.53714795,0.20533894,-0.42968520,1.22439162,0.20465770,-0.43250617,1.22014157,9.72442325,0.00000007
10.14000000,VERIFY_CONTACT,-0.00703307,-0.01249844,0.01111904,-0.08107305,0.07136897,0.31916319,-0.08402949,0.06700823,0.09075223,0.02153998,0.00071511,24.86444394,6.29135301,56.40072155,29.54011460,0.20533670,-0.42968115,1.22439112,0.20465784,-0.43250696,1.22014331,9.72463381,0.00000007
10.15000000,VERIFY_CONTACT,-0.00703346,-0.01249970,0.01111769,-0.08107300,0.07136934,0.31916315,-0.08402939,0.06700858,0.09075077,0.02154020,0.00071534,24.86859295,6.28662043,56.39961013,29.54320719,0.20533443,-0.42967737,1.22439101,0.20465798,-0.43250777,1.22014510,9.72492567,0.00000009
10.16000000,VERIFY_CONTACT,-0.00703390,-0.01250111,0.01111652,-0.08107320,0.07136971,0.31916302,-0.08402953,0.06700894,0.09074916,0.02154042,0.00071555,24.87125581,6.28124968,56.39827841,29.54697907,0.20533211,-0.42967385,1.22439128,0.20465818,-0.43250890,1.22014762,9.72520228,0.00000006
10.17000000,VERIFY_CONTACT,-0.00703437,-0.01250271,0.01111548,-0.08107362,0.07137008,0.31916281,-0.08402989,0.06700929,0.09074742,0.02154063,0.00071577,24.87419260,6.27763229,56.39901658,29.55001747,0.20532971,-0.42967057,1.22439190,0.20465833,-0.43250973,1.22014949,9.72574222,0.00000009
10.18000000,VERIFY_CONTACT,-0.00703484,-0.01250446,0.01111453,-0.08107426,0.07137044,0.31916254,-0.08403045,0.06700963,0.09074557,0.02154084,0.00071597,24.87566870,6.27307875,56.39859231,29.55377738,0.20532722,-0.42966751,1.22439284,0.20465855,-0.43251098,1.22015226,9.72614180,0.00000007
10.19000000,VERIFY_CONTACT,-0.00703530,-0.01250633,0.01111364,-0.08107508,0.07137077,0.31916221,-0.08403119,0.06700995,0.09074361,0.02154103,0.00071617,24.87658864,6.26948137,56.39999453,29.55760352,0.20532464,-0.42966469,1.22439410,0.20465875,-0.43251205,1.22015464,9.72677452,0.00000007
10.20000000,VERIFY_CONTACT,-0.00703573,-0.01250832,0.01111281,-0.08107606,0.07137108,0.31916185,-0.08403209,0.06701025,0.09074156,0.02154122,0.00071636,24.87713833,6.26478651,56.40048137,29.56122359,0.20532199,-0.42966210,1.22439562,0.20465901,-0.43251355,1.22015797,9.72728869,0.00000005
10.21000000,VERIFY_CONTACT,-0.00703613,-0.01251039,0.01111201,-0.08107717,0.07137137,0.31916145,-0.08403311,0.06701053,0.09073946,0.02154140,0.00071654,24.87724072,6.26180855,56.40116401,29.56488565,0.20531928,-0.42965975,1.22439735,0.20465922,-0.43251470,1.22016053,9.72782208,0.00000007
10.22000000,VERIFY_CONTACT,-0.00703651,-0.01251251,0.01111126,-0.08107838,0.07137162,0.31916103,-0.08403423,0.06701077,0.09073733,0.02154156,0.00071670,24.87644203,6.25896162,56.40318362,29.56921988,0.20531652,-0.42965765,1.22439926,0.20465943,-0.43251586,1.22016312,9.72851804,0.00000007
10.23000000,VERIFY_CONTACT,-0.00703686,-0.01251465,0.01111056,-0.08107966,0.07137185,0.31916061,-0.08403542,0.06701099,0.09073519,0.02154172,0.00071685,24.87660428,6.25500635,56.40388065,29.57176575,0.20531375,-0.42965580,1.22440130,0.20465970,-0.43251741,1.22016656,9.72903807,0.00000005
10.24000000,VERIFY_CONTACT,-0.00703719,-0.01251678,0.01110991,-0.08108098,0.07137205,0.31916018,-0.08403666,0.06701119,0.09073306,0.02154186,0.00071700,24.87534961,6.25281426,56.40466945,29.57589837,0.20531099,-0.42965423,1.22440342,0.20465991,-0.43251856,1.22016912,9.72955330,0.00000007
10.25000000,VERIFY_CONTACT,-0.00703749,-0.01251889,0.01110933,-0.08108232,0.07137223,0.31915977,-0.08403791,0.06701137,0.09073097,0.02154199,0.00071713,24.87532438,6.25070035,56.40653912,29.57808606,0.20530826,-0.42965293,1.22440559,0.20466011,-0.43251969,1.22017163,9.73019389,0.00000007
10.26000000,VERIFY_CONTACT,-0.00703778,-0.01252093,0.01110882,-0.08108364,0.07137240,0.31915936,-0.08403916,0.06701153,0.09072893,0.02154211,0.00071725,24.87402268,6.24754770,56.40709234,29.58165766,0.20530558,-0.42965191,1.22440776,0.20466037,-0.43252115,1.22017488,9.73064748,0.00000003
10.27000000,VERIFY_CONTACT,-0.00703806,-0.01252290,0.01110839,-0.08108493,0.07137255,0.31915899,-0.08404038,0.06701167,0.09072697,0.02154222,0.00071735,24.87404728,6.24603446,56.40754128,29.58333804,0.20530298,-0.42965118,1.22440990,0.20466056,-0.43252220,1.22017723,9.73107000,0.00000007
10.28000000,VERIFY_CONTACT,-0.00703833,-0.01252478,0.01110805,-0.08108616,0.07137269,0.31915864,-0.08404155,0.06701181,0.09072510,0.02154231,0.00071745,24.87346546,6.24475494,56.40911257,29.58566547,0.20530047,-0.42965070,1.22441193,0.20466072,-0.43252311,1.22017925,9.73161161,0.00000010
10.29000000,VERIFY_CONTACT,-0.00703860,-0.01252655,0.01110780,-0.08108732,0.07137282,0.31915832,-0.08404265,0.06701193,0.09072334,0.02154240,0.00071754,24.87308784,6.24249174,56.40883830,29.58751090,0.20529807,-0.42965051,1.22441389,0.20466095,-0.43252440,1.22018211,9.73189822,0.00000006
10.30000000,VERIFY_CONTACT,-0.00703886,-0.01252819,0.01110763,-0.08108839,0.07137295,0.31915804,-0.08404367,0.06701206,0.09072170,0.02154248,0.00071762,24.87288899,6.24171305,56.40984962,29.58910788,0.20529578,-0.42965056,1.22441575,0.20466109,-0.43252520,1.22018390,9.73232488,0.00000008
10.31000000,VERIFY_CONTACT,-0.00703911,-0.01252970,0.01110755,-0.08108937,0.07137307,0.31915780,-0.08404460,0.06701217,0.09072018,0.02154255,0.00071768,24.87229345,6.23995365,56.40933446,29.59115543,0.20529363,-0.42965087,1.22441750,0.20466129,-0.43252632,1.22018640,9.73253127,0.00000005
10.32000000,VERIFY_CONTACT,-0.00703936,-0.01253108,0.01110755,-0.08109023,0.07137319,0.31915760,-0.08404543,0.06701229,0.09071880,0.02154261,0.00071774,24.87324571,6.23920950,56.40905034,29.59105882,0.20529159,-0.42965138,1.22441909,0.20466143,-0.43252710,1.22018812,9.73274679,0.00000007
10.33000000,VERIFY_CONTACT,-0.00703960,-0.01253232,0.01110761,-0.08109098,0.07137331,0.31915743,-0.08404616,0.06701240,0.09071755,0.02154265,0.00071779,24.87272759,6.23837660,56.40887591,29.59282793,0.20528968,-0.42965208,1.22442053,0.20466157,-0.43252789,1.22018988,9.73294918,0.00000006
10.34000000,VERIFY_CONTACT,-0.00703983,-0.01253342,0.01110773,-0.08109162,0.07137343,0.31915731,-0.08404678,0.06701251,0.09071642,0.02154270,0.00071783,24.87353722,6.23738492,56.40842830,29.59266716,0.20528790,-0.42965295,1.22442182,0.20466171,-0.43252867,1.22019161,9.73309833,0.00000006
10.35000000,VERIFY_CONTACT,-0.00704004,-0.01253440,0.01110790,-0.08109215,0.07137354,0.31915723,-0.08404729,0.06701261,0.09071544,0.02154273,0.00071786,24.87418826,6.23767091,56.40830422,29.59278681,0.20528625,-0.42965395,1.22442297,0.20466178,-0.43252905,1.22019247,9.73326354,0.00000009
10.36000000,VERIFY_CONTACT,-0.00704023,-0.01253524,0.01110809,-0.08109257,0.07137365,0.31915718,-0.08404770,0.06701271,0.09071457,0.02154275,0.00071789,24.87481083,6.23682627,56.40704211,29.59289940,0.20528471,-0.42965507,1.22442399,0.20466191,-0.43252980,1.22019412,9.73326331,0.00000006
10.37000000,VERIFY_CONTACT,-0.00704040,-0.01253598,0.01110830,-0.08109289,0.07137375,0.31915717,-0.08404802,0.06701281,0.09071383,0.02154277,0.00071791,24.87522756,6.23700469,56.40595299,29.59330188,0.20528329,-0.42965627,1.22442487,0.20466198,-0.43253015,1.22019490,9.73326308,0.00000009
10.38000000,VERIFY_CONTACT,-0.00704056,-0.01253659,0.01110852,-0.08109310,0.07137385,0.31915718,-0.08404824,0.06701291,0.09071319,0.02154278,0.00071792,24.87676653,6.23703062,56.40602929,29.59229057,0.20528197,-0.42965751,1.22442562,0.20466204,-0.43253051,1.22019570,9.73339383,0.00000008
10.39000000,VERIFY_CONTACT,-0.00704069,-0.01253712,0.01110874,-0.08109324,0.07137394,0.31915723,-0.08404838,0.06701300,0.09071266,0.02154279,0.00071793,24.87727040,6.23705342,56.40385416,29.59222540,0.20528075,-0.42965877,1.22442626,0.20466210,-0.43253085,1.22019648,9.73322560,0.00000010
10.40000000,VERIFY_CONTACT,-0.00704078,-0.01253755,0.01110894,-0.08109329,0.07137403,0.31915729,-0.08404844,0.06701308,0.09071222,0.02154279,0.00071793,24.87845784,6.23704560,56.40294550,29.59162290,0.20527964,-0.42966004,1.22442680,0.20466217,-0.43253122,1.22019729,9.73319763,0.00000008
10.41000000,VERIFY_CONTACT,-0.00704087,-0.01253791,0.01110912,-0.08109328,0.07137411,0.31915737,-0.08404844,0.06701316,0.09071186,0.02154279,0.00071792,24.87888244,6.23690361,56.40191729,29.59148484,0.20527859,-0.42966126,1.22442722,0.20466223,-0.43253158,1.22019809,9.73314989,0.00000004
10.42000000,VERIFY_CONTACT,-0.00704094,-0.01253819,0.01110927,-0.08109322,0.07137418,0.31915746,-0.08404839,0.06701323,0.09071157,0.02154278,0.00071792,24.87999545,6.23752242,56.40051243,29.59095134,0.20527763,-0.42966245,1.22442760,0.20466223,-0.43253158,1.22019809,9.73303504,0.00000009
10.43000000,VERIFY_CONTACT,-0.00704096,-0.01253844,0.01110940,-0.08109311,0.07137425,0.31915757,-0.08404829,0.06701329,0.09071134,0.02154277,0.00071790,24.88092177,6.23730476,56.39970005,29.59040516,0.20527678,-0.42966357,1.22442785,0.20466230,-0.43253194,1.22019889,9.73298781,0.00000009
10.44000000,VERIFY_CONTACT,-0.00704099,-0.01253863,0.01110949,-0.08109297,0.07137430,0.31915767,-0.08404816,0.06701335,0.09071116,0.02154276,0.00071790,24.88122325,6.23793877,56.39828502,29.59039394,0.20527595,-0.42966464,1.22442814,0.20466230,-0.43253194,1.22019889,9.73286506,0.00000006
10.45000000,VERIFY_CONTACT,-0.00704102,-0.01253878,0.01110955,-0.08109280,0.07137436,0.31915778,-0.08404801,0.06701340,0.09071101,0.02154275,0.00071788,24.88218107,6.23829940,56.39717627,29.58991931,0.20527519,-0.42966558,1.22442830,0.20466230,-0.43253194,1.22019889,9.73276633,0.00000009
10.46000000,VERIFY_CONTACT,-0.00704102,-0.01253892,0.01110958,-0.08109262,0.07137440,0.31915789,-0.08404784,0.06701345,0.09071089,0.02154273,0.00071787,24.88292121,6.23862055,56.39665672,29.58941317,0.20527451,-0.42966641,1.22442839,0.20466230,-0.43253194,1.22019889,9.73274007,0.00000009
10.47000000,VERIFY_CONTACT,-0.00704098,-0.01253904,0.01110959,-0.08109244,0.07137444,0.31915799,-0.08404767,0.06701349,0.09071079,0.02154272,0.00071786,24.88365436,6.23839167,56.39554819,29.58917582,0.20527391,-0.42966719,1.22442852,0.20466236,-0.43253228,1.22019966,9.73263708,0.00000007
10.48000000,VERIFY_CONTACT,-0.00704093,-0.01253917,0.01110958,-0.08109226,0.07137448,0.31915808,-0.08404750,0.06701353,0.09071070,0.02154272,0.00071785,24.88428448,6.23872808,56.39467435,29.58898764,0.20527334,-0.42966791,1.22442870,0.20466236,-0.43253228,1.22019966,9.73256152,0.00000010
10.49000000,VERIFY_CONTACT,-0.00704094,-0.01253926,0.01110952,-0.08109210,0.07137451,0.31915816,-0.08404734,0.06701356,0.09071061,0.02154271,0.00071784,24.88436476,6.23899062,56.39377577,29.58916063,0.20527276,-0.42966848,1.22442884,0.20466236,-0.43253228,1.22019966,9.73249086,0.00000005
10.50000000,VERIFY_CONTACT,-0.00704093,-0.01253937,0.01110945,-0.08109195,0.07137454,0.31915823,-0.08404720,0.06701359,0.09071052,0.02154270,0.00071783,24.88497565,6.23914718,56.39315726,29.58902249,0.20527224,-0.42966894,1.22442893,0.20466236,-0.43253228,1.22019966,9.73244625,0.00000007
10.51000000,VERIFY_CONTACT,-0.00704092,-0.01253951,0.01110937,-0.08109182,0.07137456,0.31915829,-0.08404707,0.06701361,0.09071043,0.02154269,0.00071782,24.88544425,6.23921929,56.39264503,29.58897921,0.20527177,-0.42966931,1.22442898,0.20466236,-0.43253228,1.22019966,9.73241488,0.00000009
10.52000000,VERIFY_CONTACT,-0.00704091,-0.01253967,0.01110928,-0.08109172,0.07137459,0.31915833,-0.08404697,0.06701364,0.09071032,0.02154268,0.00071782,24.88579889,6.23926462,56.39283432,29.58885751,0.20527135,-0.42966959,1.22442901,0.20466236,-0.43253228,1.22019966,9.73247620,0.00000009
10.53000000,VERIFY_CONTACT,-0.00704088,-0.01253983,0.01110919,-0.08109165,0.07137461,0.31915836,-0.08404691,0.06701366,0.09071018,0.02154268,0.00071782,24.88535842,6.23870337,56.39211856,29.58965337,0.20527096,-0.42966981,1.22442911,0.20466242,-0.43253263,1.22020042,9.73243233,0.00000003
10.54000000,VERIFY_CONTACT,-0.00704090,-0.01253998,0.01110909,-0.08109162,0.07137464,0.31915838,-0.08404686,0.06701369,0.09071004,0.02154269,0.00071783,24.88602406,6.23887998,56.39178065,29.58937257,0.20527056,-0.42966999,1.22442933,0.20466242,-0.43253263,1.22020042,9.73243560,0.00000005
10.55000000,VERIFY_CONTACT,-0.00704092,-0.01254017,0.01110899,-0.08109161,0.07137466,0.31915838,-0.08404685,0.06701371,0.09070987,0.02154269,0.00071783,24.88632192,6.23880736,56.39162192,29.58954007,0.20527019,-0.42967009,1.22442946,0.20466242,-0.43253263,1.22020042,9.73245722,0.00000008
10.56000000,VERIFY_CONTACT,-0.00704093,-0.01254040,0.01110890,-0.08109163,0.07137468,0.31915836,-0.08404686,0.06701373,0.09070969,0.02154270,0.00071783,24.88648315,6.23871323,56.39210363,29.58960844,0.20526986,-0.42967012,1.22442954,0.20466242,-0.43253263,1.22020042,9.73256328,0.00000010
10.57000000,VERIFY_CONTACT,-0.00704094,-0.01254062,0.01110882,-0.08109168,0.07137470,0.31915834,-0.08404691,0.06701375,0.09070949,0.02154271,0.00071785,24.88610799,6.23821789,56.39171311,29.59030433,0.20526952,-0.42967016,1.22442978,0.20466248,-0.43253298,1.22020121,9.73257037,0.00000005
10.58000000,VERIFY_CONTACT,-0.00704100,-0.01254086,0.01110873,-0.08109176,0.07137473,0.31915831,-0.08404698,0.06701378,0.09070927,0.02154272,0.00071786,24.88640868,6.23811265,56.39171504,29.59044297,0.20526919,-0.42967014,1.22442998,0.20466248,-0.43253298,1.22020121,9.73261913,0.00000010
10.59000000,VERIFY_CONTACT,-0.00704102,-0.01254111,0.01110867,-0.08109186,0.07137475,0.31915826,-0.08404707,0.06701380,0.09070904,0.02154273,0.00071787,24.88655171,6.23745682,56.39218997,29.59060664,0.20526890,-0.42967011,1.22443018,0.20466254,-0.43253333,1.22020198,9.73273068,0.00000007
10.60000000,VERIFY_CONTACT,-0.00704106,-0.01254139,0.01110861,-0.08109198,0.07137477,0.31915821,-0.08404718,0.06701382,0.09070879,0.02154274,0.00071788,24.88589683,6.23744086,56.39210798,29.59149871,0.20526859,-0.42967009,1.22443043,0.20466254,-0.43253333,1.22020198,9.73277671,0.00000009
10.61000000,VERIFY_CONTACT,-0.00704113,-0.01254166,0.01110856,-0.08109213,0.07137480,0.31915816,-0.08404732,0.06701384,0.09070853,0.02154276,0.00071789,24.88622089,6.23661313,56.39265175,29.59139053,0.20526829,-0.42967001,1.22443065,0.20466261,-0.43253369,1.22020278,9.73290038,0.00000004
10.62000000,VERIFY_CONTACT,-0.00704117,-0.01254194,0.01110853,-0.08109229,0.07137482,0.31915809,-0.08404746,0.06701387,0.09070827,0.02154277,0.00071791,24.88631993,6.23679321,56.39269100,29.59169008,0.20526802,-0.42966999,1.22443094,0.20466261,-0.43253369,1.22020278,9.73295574,0.00000008
10.63000000,VERIFY_CONTACT,-0.00704122,-0.01254224,0.01110850,-0.08109246,0.07137484,0.31915803,-0.08404762,0.06701389,0.09070800,0.02154278,0.00071792,24.88559991,6.23596958,56.39321520,29.59245173,0.20526774,-0.42966995,1.22443117,0.20466267,-0.43253403,1.22020355,9.73307968,0.00000003
10.64000000,VERIFY_CONTACT,-0.00704129,-0.01254251,0.01110848,-0.08109263,0.07137486,0.31915797,-0.08404779,0.06701391,0.09070773,0.02154280,0.00071794,24.88591660,6.23620541,56.39319339,29.59244359,0.20526745,-0.42966994,1.22443149,0.20466267,-0.43253403,1.22020355,9.73312900,0.00000008
10.65000000,VERIFY_CONTACT,-0.00704134,-0.01254280,0.01110848,-0.08109281,0.07137489,0.31915790,-0.08404796,0.06701393,0.09070746,0.02154281,0.00071795,24.88595255,6.23538228,56.39382602,29.59257845,0.20526719,-0.42966992,1.22443173,0.20466273,-0.43253439,1.22020434,9.73325769,0.00000007
10.66000000,VERIFY_CONTACT,-0.00704139,-0.01254308,0.01110848,-0.08109300,0.07137491,0.31915784,-0.08404813,0.06701395,0.09070720,0.02154283,0.00071797,24.88524646,6.23561122,56.39369712,29.59341164,0.20526693,-0.42966996,1.22443203,0.20466273,-0.43253439,1.22020434,9.73329414,0.00000008
10.67000000,VERIFY_CONTACT,-0.00704146,-0.01254334,0.01110849,-0.08109318,0.07137493,0.31915778,-0.08404830,0.06701397,0.09070694,0.02154284,0.00071797,24.88550809,6.23467341,56.39425953,29.59321152,0.20526666,-0.42966996,1.22443227,0.20466280,-0.43253475,1.22020514,9.73341329,0.00000004
10.68000000,VERIFY_CONTACT,-0.00704150,-0.01254359,0.01110850,-0.08109335,0.07137495,0.31915772,-0.08404846,0.06701398,0.09070669,0.02154285,0.00071799,24.88560223,6.23512207,56.39421003,29.59340817,0.20526643,-0.42967005,1.22443259,0.20466280,-0.43253475,1.22020514,9.73344894,0.00000007
10.69000000,VERIFY_CONTACT,-0.00704154,-0.01254386,0.01110853,-0.08109352,0.07137496,0.31915766,-0.08404862,0.06701400,0.09070646,0.02154286,0.00071800,24.88449495,6.23508498,56.39487266,29.59471023,0.20526620,-0.42967012,1.22443278,0.20466280,-0.43253475,1.22020514,9.73357262,0.00000009
10.70000000,VERIFY_CONTACT,-0.00704160,-0.01254407,0.01110856,-0.08109367,0.07137498,0.31915762,-0.08404877,0.06701402,0.09070623,0.02154287,0.00071801,24.88516159,6.23469390,56.39450870,29.59391474,0.20526595,-0.42967023,1.22443308,0.20466286,-0.43253511,1.22020593,9.73357324,0.00000006
10.71000000,VERIFY_CONTACT,-0.00704165,-0.01254428,0.01110859,-0.08109382,0.07137500,0.31915757,-0.08404891,0.06701403,0.09070603,0.02154288,0.00071802,24.88526271,6.23470647,56.39452273,29.59399940,0.20526572,-0.42967036,1.22443331,0.20466286,-0.43253511,1.22020593,9.73360749,0.00000010
10.72000000,VERIFY_CONTACT,-0.00704167,-0.01254449,0.01110863,-0.08109395,0.07137501,0.31915754,-0.08404903,0.06701405,0.09070584,0.02154288,0.00071802,24.88528088,6.23380387,56.39494342,29.59394120,0.20526553,-0.42967048,1.22443346,0.20466292,-0.43253546,1.22020673,9.73369331,0.00000007
10.73000000,VERIFY_CONTACT,-0.00704168,-0.01254468,0.01110867,-0.08109406,0.07137502,0.31915750,-0.08404914,0.06701406,0.09070566,0.02154289,0.00071803,24.88430691,6.23433574,56.39480508,29.59528379,0.20526534,-0.42967069,1.22443372,0.20466292,-0.43253546,1.22020673,9.73370512,0.00000006
10.74000000,VERIFY_CONTACT,-0.00704174,-0.01254483,0.01110870,-0.08109416,0.07137503,0.31915748,-0.08404924,0.06701407,0.09070550,0.02154290,0.00071803,24.88494052,6.23443684,56.39460444,29.59437782,0.20526512,-0.42967085,1.22443391,0.20466292,-0.43253546,1.22020673,9.73371232,0.00000009
10.75000000,VERIFY_CONTACT,-0.00704178,-0.01254496,0.01110874,-0.08109425,0.07137505,0.31915746,-0.08404932,0.06701408,0.09070536,0.02154290,0.00071803,24.88505408,6.23451176,56.39505172,29.59417876,0.20526494,-0.42967099,1.22443403,0.20466292,-0.43253546,1.22020673,9.73379309,0.00000009
10.76000000,STAND,-0.00704179,-0.01254508,0.01110878,-0.08109432,0.07137506,0.31915744,-0.08404939,0.06701409,0.09070524,0.02154290,0.00071804,24.88520507,6.23404362,56.39479903,29.59419953,0.20526479,-0.42967119,1.22443419,0.20466297,-0.43253584,1.22020754,9.73378203,0.00000010
10.77000000,STAND,-0.00704193,-0.01254524,0.01110884,-0.08109437,0.07137505,0.31915742,-0.08404944,0.06701409,0.09070515,0.02154292,0.00071806,24.88421541,6.23029188,56.39532689,29.59116434,0.20526441,-0.42967178,1.22443479,0.20466142,-0.43253924,1.22021143,9.73392824,0.00000000
10.78000000,STAND,-0.00704257,-0.01254570,0.01110898,-0.08109434,0.07137499,0.31915732,-0.08404944,0.06701404,0.09070514,0.02154303,0.00071817,24.88350648,6.22265666,56.39838505,29.58627300,0.20526313,-0.42967386,1.22443689,0.20465746,-0.43254801,1.22022156,9.73445645,0.00000000
10.79000000,STAND,-0.00704409,-0.01254676,0.01110933,-0.08109416,0.07137476,0.31915705,-0.08404932,0.06701386,0.09070530,0.02154328,0.00071842,24.88304565,6.20943498,56.40551646,29.57888229,0.20526005,-0.42967918,1.22444237,0.20464970,-0.43256553,1.22024206,9.73561256,0.00000000
10.80000000,STAND,-0.00704688,-0.01254866,0.01111002,-0.08109371,0.07137421,0.31915648,-0.08404899,0.06701341,0.09070574,0.02154375,0.00071889,24.88354732,6.19039453,56.41809690,29.56947822,0.20525407,-0.42968991,1.22445374,0.20463692,-0.43259475,1.22027651,9.73761138,0.00000000
10.81000000,STAND,-0.00705123,-0.01255159,0.01111122,-0.08109283,0.07137311,0.31915548,-0.08404831,0.06701248,0.09070661,0.02154446,0.00071959,24.88553106,6.16570283,56.43696589,29.55860365,0.20524398,-0.42970854,1.22447386,0.20461792,-0.43263846,1.22032824,9.74059952,0.00000000
10.82000000,STAND,-0.00705734,-0.01255569,0.01111306,-0.08109132,0.07137118,0.31915390,-0.08404712,0.06701081,0.09070808,0.02154542,0.00072056,24.88923250,6.13585067,56.46249125,29.54687711,0.20522851,-0.42973767,1.22450580,0.20459155,-0.43269925,1.22040028,9.74465979,0.00000000
10.83000000,STAND,-0.00706526,-0.01256104,0.01111567,-0.08108894,0.07136806,0.31915164,-0.08404521,0.06700810,0.09071038,0.02154664,0.00072177,24.89455568,6.10151387,56.49461708,29.53493419,0.20520637,-0.42977996,1.22455269,0.20455665,-0.43277959,1.22049540,9.74981390,0.00000000
10.84000000,STAND,-0.00707497,-0.01256770,0.01111913,-0.08108541,0.07136336,0.31914862,-0.08404234,0.06700397,0.09071374,0.02154807,0.00072321,24.90109895,6.06346315,56.53292816,29.52338186,0.20517623,-0.42983804,1.22461759,0.20451213,-0.43288175,1.22061609,9.75602880,0.00000000
10.85000000,STAND,-0.00708631,-0.01257570,0.01112346,-0.08108044,0.07135663,0.31914478,-0.08403823,0.06699802,0.09071847,0.02154971,0.00072485,24.90823232,6.02251604,56.57672301,29.51276633,0.20513678,-0.42991449,1.22470347,0.20445687,-0.43300787,1.22076463,9.76322505,0.00000000
10.86000000,STAND,-0.00709906,-0.01258504,0.01112863,-0.08107366,0.07134741,0.31914011,-0.08403258,0.06698982,0.09072486,0.02155151,0.00072664,24.91519914,5.97951448,56.62508949,29.50355259,0.20508670,-0.43001181,1.22481312,0.20438984,-0.43315996,1.22094305,9.77128644,0.00000000
10.87000000,STAND,-0.00711296,-0.01259568,0.01113452,-0.08106471,0.07133519,0.31913464,-0.08402504,0.06697890,0.09073328,0.02155344,0.00072857,24.92121898,5.93531268,56.67697796,29.49611273,0.20502472,-0.43013239,1.22494919,0.20430999,-0.43333990,1.22115322,9.78006970,0.00000000
10.88000000,STAND,-0.00712767,-0.01260758,0.01114099,-0.08105317,0.07131949,0.31912840,-0.08401523,0.06696481,0.09074412,0.02155546,0.00073059,24.92557643,5.89076521,56.73126721,29.49072005,0.20494960,-0.43027851,1.22511414,0.20421633,-0.43354945,1.22139680,9.78941372,0.00000000
10.89000000,STAND,-0.00714285,-0.01262062,0.01114781,-0.08103858,0.07129978,0.31912146,-0.08400276,0.06694708,0.09075780,0.02155753,0.00073267,24.92768751,5.84671125,56.78682013,29.48754711,0.20486016,-0.43045232,1.22531027,0.20410789,-0.43379024,1.22167530,9.79914766,0.00000000
10.90000000,STAND,-0.00715815,-0.01263467,0.01115476,-0.08102049,0.07127558,0.31911390,-0.08398718,0.06692523,0.09077475,0.02155962,0.00073476,24.92714167,5.80395523,56.84252739,29.48666669,0.20475530,-0.43065589,1.22553970,0.20398373,-0.43406383,1.22199010,9.80909777,0.00000000
10.91000000,STAND,-0.00717324,-0.01264956,0.01116157,-0.08099839,0.07124641,0.31910580,-0.08396805,0.06689882,0.09079547,0.02156169,0.00073683,24.92372052,5.76324633,56.89733927,29.48805561,0.20463402,-0.43089116,1.22580438,0.20384294,-0.43437168,1.22234245,9.81909271,0.00000000
10.92000000,STAND,-0.00718780,-0.01266509,0.01116798,-0.08097176,0.07121179,0.31909725,-0.08394488,0.06686743,0.09082043,0.02156370,0.00073884,24.91739730,5.72525995,56.95028669,29.49160150,0.20449538,-0.43115994,1.22610610,0.20368466,-0.43471515,1.22273350,9.82896765,0.00000001
10.93000000,STAND,-0.00720156,-0.01268100,0.01117372,-0.08094009,0.07117131,0.31908835,-0.08391718,0.06683064,0.09085014,0.02156562,0.00074075,24.90832137,5.69058387,57.00049330,29.49711289,0.20433857,-0.43146397,1.22644650,0.20350805,-0.43509554,1.22316430,9.83856708,0.00000001
10.94000000,STAND,-0.00721427,-0.01269705,0.01117857,-0.08090282,0.07112455,0.31907918,-0.08388446,0.06678808,0.09088512,0.02156740,0.00074254,24.89679237,5.65971025,57.04718046,29.50433213,0.20416285,-0.43180487,1.22682706,0.20331231,-0.43551408,1.22363584,9.84774671,0.00000001
10.95000000,STAND,-0.00722574,-0.01271294,0.01118231,-0.08085941,0.07107114,0.31906983,-0.08384622,0.06673939,0.09092587,0.02156903,0.00074417,24.88322815,5.63303417,57.08966708,29.51295088,0.20396760,-0.43218416,1.22724912,0.20309667,-0.43597193,1.22414904,9.85637451,0.00000001
10.96000000,STAND,-0.00723581,-0.01272838,0.01118477,-0.08080935,0.07101074,0.31906038,-0.08380195,0.06668424,0.09097291,0.02157049,0.00074562,24.86812993,5.61085773,57.12736607,29.52262732,0.20375224,-0.43260328,1.22771389,0.20286042,-0.43647020,1.22470477,9.86433128,0.00000001
10.97000000,STAND,-0.00724436,-0.01274309,0.01118581,-0.08075209,0.07094302,0.31905091,-0.08375116,0.06662235,0.09102674,0.02157173,0.00074687,24.85204752,5.59339870,57.15977857,29.53300389,0.20351631,-0.43306357,1.22822249,0.20260285,-0.43700995,1.22530385,9.87151064,0.00000001
10.98000000,STAND,-0.00725130,-0.01275678,0.01118533,-0.08068713,0.07086772,0.31904147,-0.08369339,0.06655345,0.09108784,0.02157277,0.00074790,24.83554667,5.58080215,57.18648707,29.54372473,0.20325938,-0.43356629,1.22877589,0.20232330,-0.43759216,1.22594704,9.87781883,0.00000001
10.99000000,STAND,-0.00725657,-0.01276915,0.01118325,-0.08061399,0.07078455,0.31903213,-0.08362817,0.06647727,0.09115667,0.02157357,0.00074871,24.81918011,5.57315349,57.20714828,29.55445176,0.20298109,-0.43411258,1.22937500,0.20202117,-0.43821777,1.22663507,9.88317424,0.00000001
11.00000000,STAND,-0.00726013,-0.01277994,0.01117952,-0.08053220,0.07069329,0.31902293,-0.08355506,0.06639360,0.09123367,0.02157413,0.00074927,24.80346339,5.57049166,57.22148599,29.56487859,0.20268110,-0.43470353,1.23002063,0.20169585,-0.43888769,1.22736863,9.88750689,0.00000001
11.01000000,STAND,-0.00726197,-0.01278891,0.01117411,-0.08044133,0.07059370,0.31901394,-0.08347366,0.06630223,0.09131926,0.02157445,0.00074959,24.78885584,5.57282144,57.22928448,29.57474174,0.20235911,-0.43534013,1.23071353,0.20134681,-0.43960273,1.22814833,9.89075779,0.00000001
11.02000000,STAND,-0.00726206,-0.01279583,0.01116701,-0.08034098,0.07048560,0.31900517,-0.08338359,0.06620296,0.09141381,0.02157452,0.00074966,24.77574705,5.58012409,57.23038253,29.58382867,0.20201485,-0.43602326,1.23145438,0.20097350,-0.44036369,1.22897476,9.89287829,0.00000001
11.03000000,STAND,-0.00726041,-0.01280051,0.01115819,-0.08023078,0.07036879,0.31899665,-0.08328451,0.06609563,0.09151768,0.02157435,0.00074948,24.76444868,5.59236595,57.22466807,29.59198281,0.20164805,-0.43675373,1.23224381,0.20057546,-0.44117130,1.22984846,9.89382949,0.00000001
11.04000000,STAND,-0.00725699,-0.01280275,0.01114765,-0.08011040,0.07024308,0.31898842,-0.08317609,0.06598005,0.09163117,0.02157393,0.00074906,24.75519103,5.60950495,57.21207347,29.59910530,0.20125844,-0.43753228,1.23308240,0.20015223,-0.44202623,1.23076990,9.89358154,0.00000001
11.05000000,STAND,-0.00725182,-0.01280243,0.01113536,-0.07997956,0.07010833,0.31898048,-0.08305806,0.06585608,0.09175458,0.02157326,0.00074839,24.74812407,5.63149495,57.19257140,29.60515403,0.20084578,-0.43835952,1.23397069,0.19970337,-0.44292911,1.23173951,9.89211310,0.00000001
11.06000000,STAND,-0.00724487,-0.01279943,0.01112129,-0.07983798,0.06996437,0.31897283,-0.08293017,0.06572356,0.09188813,0.02157235,0.00074748,24.74332192,5.65828833,57.16617107,29.61014015,0.20040980,-0.43923602,1.23490917,0.19922850,-0.44388050,1.23275767,9.88941067,0.00000001
11.07000000,STAND,-0.00723614,-0.01279365,0.01110542,-0.07968545,0.06981104,0.31896547,-0.08279221,0.06558236,0.09203206,0.02157120,0.00074634,24.74079022,5.68983700,57.13291480,29.61412262,0.19995025,-0.44016225,1.23589829,0.19872726,-0.44488092,1.23382467,9.88546801,0.00000001
11.08000000,STAND,-0.00722561,-0.01278503,0.01108770,-0.07952178,0.06964823,0.31895840,-0.08264399,0.06543234,0.09218654,0.02156982,0.00074495,24.74047544,5.72609234,57.09287475,29.61720130,0.19946688,-0.44113859,1.23693845,0.19819931,-0.44593083,1.23494080,9.88028552,0.00000002
11.09000000,STAND,-0.00721326,-0.01277353,0.01106806,-0.07934681,0.06947578,0.31895160,-0.08248537,0.06527338,0.09235171,0.02156821,0.00074334,24.74227544,5.76700446,57.04614971,29.61950902,0.19895943,-0.44216537,1.23803002,0.19764435,-0.44703064,1.23610624,9.87386961,0.00000002
11.10000000,STAND,-0.00719908,-0.01275912,0.01104646,-0.07916042,0.06929358,0.31894506,-0.08231622,0.06510536,0.09252771,0.02156637,0.00074151,24.74605047,5.81252104,56.99286179,29.62120327,0.19842765,-0.44324284,1.23917330,0.19706211,-0.44818071,1.23732115,9.86623197,0.00000002
11.11000000,STAND,-0.00718305,-0.01274182,0.01102283,-0.07896252,0.06910151,0.31893874,-0.08213646,0.06492817,0.09271462,0.02156432,0.00073946,24.75163406,5.86258613,56.93315310,29.62245773,0.19787132,-0.44437120,1.24036856,0.19645233,-0.44938133,1.23858562,9.85738897,0.00000002
11.12000000,STAND,-0.00716514,-0.01272164,0.01099709,-0.07875304,0.06889947,0.31893262,-0.08194601,0.06474171,0.09291252,0.02156206,0.00073720,24.75884329,5.91713927,56.86718224,29.62345431,0.19729018,-0.44555058,1.24161601,0.19581480,-0.45063277,1.23989968,9.84736083,0.00000002
11.13000000,STAND,-0.00714535,-0.01269860,0.01096920,-0.07853193,0.06868735,0.31892667,-0.08174482,0.06454590,0.09312144,0.02155960,0.00073473,24.76748800,5.97611481,56.79512068,29.62437575,0.19668404,-0.44678107,1.24291578,0.19514932,-0.45193522,1.24126331,9.83617097,0.00000002
11.14000000,STAND,-0.00712367,-0.01267275,0.01093908,-0.07829917,0.06846509,0.31892086,-0.08153287,0.06434064,0.09334142,0.02155693,0.00073207,24.77737874,6.03944191,56.71714904,29.62539913,0.19605268,-0.44806269,1.24426797,0.19445574,-0.45328883,1.24267643,9.82384515,0.00000002
11.15000000,STAND,-0.00710009,-0.01264415,0.01090668,-0.07805474,0.06823259,0.31891515,-0.08131015,0.06412586,0.09357247,0.02155409,0.00072922,24.78833321,6.10704494,56.63345332,29.62669043,0.19539591,-0.44939544,1.24567261,0.19373390,-0.45469371,1.24413891,9.81041075,0.00000002
11.16000000,STAND,-0.00707461,-0.01261284,0.01087197,-0.07779868,0.06798980,0.31890951,-0.08107667,0.06390151,0.09381457,0.02155106,0.00072620,24.80018130,6.17884445,56.54422122,29.62840021,0.19471357,-0.45077929,1.24712966,0.19298371,-0.45614989,1.24565056,9.79589603,0.00000002
11.17000000,STAND,-0.00704725,-0.01257889,0.01083491,-0.07753099,0.06773666,0.31890390,-0.08083244,0.06366752,0.09406772,0.02154786,0.00072300,24.81276861,6.25475854,56.44963847,29.63066040,0.19400552,-0.45221415,1.24863900,0.19220505,-0.45765738,1.24721112,9.78032935,0.00000002
11.18000000,STAND,-0.00701802,-0.01254236,0.01079548,-0.07725171,0.06747313,0.31889829,-0.08057749,0.06342386,0.09433187,0.02154451,0.00071964,24.82595865,6.33470461,56.34988555,29.63358218,0.19327162,-0.45369991,1.25020046,0.19139788,-0.45921613,1.24882028,9.76373852,0.00000002
11.19000000,STAND,-0.00698694,-0.01250331,0.01075368,-0.07696088,0.06719918,0.31889264,-0.08031187,0.06317050,0.09460698,0.02154100,0.00071614,24.83963390,6.41860129,56.24513455,29.63725487,0.19251177,-0.45523642,1.25181381,0.19056215,-0.46082602,1.25047767,9.74615019,0.00000002
11.20000000,STAND,-0.00695403,-0.01246181,0.01070950,-0.07665857,0.06691480,0.31888693,-0.08003561,0.06290741,0.09489302,0.02153735,0.00071249,24.85369579,6.50637047,56.13554651,29.64174564,0.19172588,-0.45682353,1.25347872,0.18969785,-0.46248691,1.25218287,9.72758929,0.00000002
11.21000000,STAND,-0.00691933,-0.01241792,0.01066298,-0.07634482,0.06661997,0.31888112,-0.07974877,0.06263459,0.09504347,0.02153357,0.00070871,24.86806403,6.59793921,56.02126929,29.64710003,0.19091391,-0.45846103,1.25519482,0.18880497,-0.46419859,1.25393537,9.70807856,0.00000002
11.22000000,STAND,-0.00688287,-0.01237169,0.01061413,-0.07601971,0.06631470,0.31887519,-0.07945141,0.06235203,0.09463723,0.02152967,0.00070481,24.88267520,6.69324156,55.90243579,29.65334306,0.19007580,-0.46014869,1.25696165,0.18788354,-0.46596081,1.25573463,9.68763825,0.00000002
11.23000000,STAND,-0.00684469,-0.01232318,0.01056299,-0.07568328,0.06599900,0.31886911,-0.07914357,0.06205974,0.09421745,0.02152566,0.00070080,24.89748109,6.79221996,55.77916295,29.66048071,0.18921154,-0.46188626,1.25877870,0.18693362,-0.46777325,1.25758005,9.66628584,0.00000003
11.24000000,STAND,-0.00680483,-0.01227244,0.01050960,-0.07533563,0.06567289,0.31886288,-0.07882532,0.06175774,0.09378419,0.02152154,0.00069668,24.91244678,6.89482643,55.65155111,29.66850183,0.18832114,-0.46367346,1.26064539,0.18595528,-0.46963558,1.25947093,9.64403588,0.00000003
11.25000000,STAND,-0.00676332,-0.01221951,0.01045401,-0.07497681,0.06533642,0.31885646,-0.07849673,0.06144606,0.09333754,0.02151733,0.00069247,24.92754858,7.00102317,55.51968411,29.67738015,0.18740461,-0.46550997,1.26256108,0.18494860,-0.47154739,1.26140655,9.62090000,0.00000003
11.26000000,STAND,-0.00672020,-0.01216443,0.01039627,-0.07460689,0.06498961,0.31884984,-0.07815786,0.06112474,0.09287758,0.02151303,0.00068817,24.94277214,7.11078280,55.38362983,29.68707648,0.18646201,-0.46739545,1.26452506,0.18391370,-0.47350823,1.26338613,9.59688697,0.00000003
11.27000000,STAND,-0.00667552,-0.01210723,0.01033644,-0.07422596,0.06463252,0.31884302,-0.07780876,0.06079381,0.09240438,0.02150865,0.00068379,24.95811055,7.22408811,55.24344126,29.69754081,0.18549340,-0.46932952,1.26653656,0.18285071,-0.47551759,1.26540881,9.57200283,0.00000003
11.28000000,STAND,-0.00662931,-0.01204795,0.01027457,-0.07383409,0.06426520,0.31883598,-0.07744952,0.06045333,0.09191805,0.02150419,0.00067933,24.97356275,7.34093140,55.09915799,29.70871443,0.18449885,-0.47131177,1.26859476,0.18175978,-0.47757495,1.26747368,9.54625116,0.00000003
11.29000000,STAND,-0.00658161,-0.01198662,0.01021072,-0.07343136,0.06388774,0.31882872,-0.07708019,0.06010336,0.09141868,0.02149967,0.00067481,24.98913204,7.46131315,54.95080809,29.72053191,0.18347847,-0.47334175,1.27069879,0.18064108,-0.47967972,1.26957981,9.51963343,0.00000003
11.30000000,STAND,-0.00653247,-0.01192326,0.01014494,-0.07301784,0.06350019,0.31882124,-0.07670085,0.05974396,0.09090637,0.02149508,0.00067022,25.00483049,7.58511879,54.79840545,29.73292693,0.18243239,-0.47541897,1.27284771,0.17949481,-0.48183126,1.27172617,9.49214877,0.00000003
11.31000000,STAND,-0.00648189,-0.01185788,0.01007728,-0.07259363,0.06310264,0.31881352,-0.07631158,0.05937522,0.09038125,0.02149043,0.00066556,25.02070759,7.71224163,54.64193701,29.74585058,0.18136074,-0.47754290,1.27504048,0.17832117,-0.48402890,1.27391170,9.46379290,0.00000003
11.32000000,STAND,-0.00642991,-0.01179050,0.01000778,-0.07215880,0.06269518,0.31880558,-0.07591243,0.05899719,0.08984341,0.02148570,0.00066083,25.03681832,7.84278532,54.48139653,29.75925468,0.18026366,-0.47971295,1.27727606,0.17712040,-0.48627192,1.27613529,9.43456179,0.00000003
11.33000000,STAND,-0.00637656,-0.01172112,0.00993649,-0.07171346,0.06227791,0.31879739,-0.07550350,0.05860998,0.08929299,0.02148088,0.00065602,25.05319475,7.97683262,54.31678747,29.77308537,0.17914134,-0.48192853,1.27955336,0.17589274,-0.48855956,1.27839577,9.40445178,0.00000003
11.34000000,STAND,-0.00632186,-0.01164975,0.00986344,-0.07125768,0.06185092,0.31878897,-0.07508487,0.05821366,0.08873010,0.02147599,0.00065113,25.06984979,8.11442976,54.14811373,29.78728342,0.17799395,-0.48418900,1.28187128,0.17463845,-0.49089103,1.28069195,9.37345891,0.00000003
11.35000000,STAND,-0.00626583,-0.01157642,0.00978868,-0.07079157,0.06141432,0.31878031,-0.07465661,0.05780835,0.08815489,0.02147101,0.00064615,25.08678528,8.25559753,53.97537765,29.80178556,0.17682171,-0.48649368,1.28422865,0.17335782,-0.49326551,1.28302261,9.34157908,0.00000003
11.36000000,STAND,-0.00620851,-0.01150113,0.00971222,-0.07031524,0.06096822,0.31877142,-0.07421882,0.05739414,0.08756750,0.02146595,0.00064109,25.10399898,8.40034106,53.79858205,29.81652729,0.17562484,-0.48884186,1.28662429,0.17205116,-0.49568215,1.28538651,9.30880854,0.00000003
11.37000000,STAND,-0.00614993,-0.01142390,0.00963410,-0.06982880,0.06051275,0.31876229,-0.07377161,0.05697113,0.08696808,0.02146081,0.00063595,25.12148914,8.54865607,53.61773372,29.83144573,0.17440359,-0.49123279,1.28905696,0.17071878,-0.49814006,1.28778237,9.27514448,0.00000003
11.38000000,STAND,-0.00609012,-0.01134477,0.00955437,-0.06933236,0.06004804,0.31875293,-0.07331506,0.05653946,0.08635679,0.02145559,0.00063073,25.13925673,8.70053181,53.43284672,29.84648204,0.17315822,-0.49366569,1.29152541,0.16936102,-0.50063832,1.29020890,9.24058549,0.00000003
11.39000000,STAND,-0.00602911,-0.01126374,0.00947303,-0.06882606,0.05957422,0.31874333,-0.07284930,0.05609924,0.08573379,0.02145030,0.00062543,25.15730581,8.85595190,53.24394480,29.86158285,0.17188901,-0.49613973,1.29402835,0.16797824,-0.50317600,1.29266477,9.20513199,0.00000003
11.40000000,STAND,-0.00596695,-0.01118084,0.00939014,-0.06831002,0.05909143,0.31873351,-0.07237445,0.05565060,0.08509928,0.02144493,0.00062006,25.17564283,9.01489389,53.05106301,29.87670095,0.17059626,-0.49865407,1.29656446,0.16657082,-0.50575214,1.29514866,9.16878641,0.00000003
11.41000000,STAND,-0.00590366,-0.01109611,0.00930572,-0.06778440,0.05859983,0.31872345,-0.07189062,0.05519368,0.08445343,0.02143949,0.00061462,25.19427528,9.17732830,52.85424827,29.89179556,0.16928029,-0.50120781,1.29913239,0.16513914,-0.50836573,1.29765920,9.13155340,0.00000003
11.42000000,STAND,-0.00583929,-0.01100956,0.00921981,-0.06724934,0.05809956,0.31871315,-0.07139796,0.05472862,0.08379644,0.02143398,0.00060911,25.21321021,9.34321766,52.65355953,29.90683224,0.16794143,-0.50380002,1.30173079,0.16368362,-0.51101576,1.30019504,9.09343984,0.00000003
11.43000000,STAND,-0.00577388,-0.01092124,0.00913245,-0.06670500,0.05759079,0.31870262,-0.07089661,0.05425556,0.08312852,0.02142840,0.00060354,25.23245293,9.51251590,52.44906740,29.92178276,0.16658002,-0.50642977,1.30435828,0.16220468,-0.51370120,1.30275479,9.05445487,0.00000003
11.44000000,STAND,-0.00570747,-0.01083118,0.00904366,-0.06615156,0.05707369,0.31869184,-0.07038671,0.05377467,0.08244988,0.02142276,0.00059790,25.25200590,9.68516802,52.24085349,29.93662492,0.16519644,-0.50909608,1.30701346,0.16070276,-0.51642099,1.30533706,9.01460982,0.00000003
11.45000000,STAND,-0.00564012,-0.01073943,0.00895350,-0.06558919,0.05654843,0.31868081,-0.06986843,0.05328609,0.08176075,0.02141706,0.00059220,25.27186795,9.86111034,52.02900968,29.95134236,0.16379106,-0.51179792,1.30969491,0.15917831,-0.51917406,1.30794048,8.97391811,0.00000003
11.46000000,STAND,-0.00557186,-0.01064602,0.00886199,-0.06501808,0.05601519,0.31866953,-0.06934194,0.05278999,0.08106136,0.02141130,0.00058644,25.29203385,10.04027098,51.81363711,29.96592435,0.16236428,-0.51453428,1.31240122,0.15763182,-0.52195930,1.31056362,8.93239516,0.00000003
11.47000000,STAND,-0.00550274,-0.01055102,0.00876917,-0.06443843,0.05547415,0.31865799,-0.06880741,0.05228655,0.08035195,0.02140549,0.00058063,25.31249414,10.22257060,51.59484523,29.98036557,0.16091650,-0.51730408,1.31513095,0.15606376,-0.52477560,1.31320511,8.89005822,0.00000003
11.48000000,STAND,-0.00543282,-0.01045446,0.00867510,-0.06385044,0.05492552,0.31864617,-0.06826503,0.05177593,0.07963278,0.02139963,0.00057476,25.33323514,10.40792333,51.37275071,29.99466573,0.15944815,-0.52010626,1.31788265,0.15447465,-0.52762183,1.31586353,8.84692621,0.00000003
11.49000000,STAND,-0.00536214,-0.01035641,0.00857981,-0.06325433,0.05436947,0.31863408,-0.06771498,0.05125832,0.07890409,0.02139372,0.00056885,25.35423920,10.59623778,51.14747635,30.00882919,0.15795967,-0.52293969,1.32065489,0.15286500,-0.53049686,1.31853748,8.80301957,0.00000003
11.50000000,STAND,-0.00529076,-0.01025693,0.00848334,-0.06265031,0.05380622,0.31862169,-0.06715748,0.05073391,0.07816616,0.02138776,0.00056290,25.37548506,10.78741792,50.91914993,30.02286446,0.15645150,-0.52580326,1.32344621,0.15123534,-0.53339951,1.32122557,8.75836002,0.00000003
11.51000000,STAND,-0.00521871,-0.01015608,0.00838574,-0.06203863,0.05323596,0.31860901,-0.06659272,0.05020287,0.07741927,0.02138176,0.00055690,25.39694832,10.98136409,50.68790314,30.03678356,0.15492411,-0.52869581,1.32625514,0.14958622,-0.53632861,1.32392638,8.71297042,0.00000004
11.52000000,STAND,-0.00514606,-0.01005392,0.00828704,-0.06141950,0.05265892,0.31859601,-0.06602092,0.04966540,0.07666368,0.02137573,0.00055086,25.41860193,11.17797379,50.45387043,30.05060140,0.15337798,-0.53161619,1.32908024,0.14791819,-0.53928298,1.32663852,8.66687455,0.00000004
11.53000000,STAND,-0.00507285,-0.00995051,0.00818731,-0.06079318,0.05207529,0.31858270,-0.06544230,0.04912170,0.07589969,0.02136965,0.00054479,25.44041682,11.37714248,50.21718802,30.06433506,0.15181358,-0.53456322,1.33192003,0.14623185,-0.54226141,1.32936059,8.62009690,0.00000004
11.54000000,STAND,-0.00499914,-0.00984594,0.00808657,-0.06015991,0.05148530,0.31856906,-0.06485709,0.04857198,0.07512759,0.02136355,0.00053868,25.46236253,11.57876421,49.97799291,30.07800305,0.15023143,-0.53753569,1.33477308,0.14452776,-0.54526270,1.33209122,8.57266254,0.00000004
11.55000000,STAND,-0.00492496,-0.00974027,0.00798487,-0.05951994,0.05088918,0.31855508,-0.06426551,0.04801642,0.07434768,0.02135741,0.00053255,25.48440779,11.78273226,49.73642196,30.09162459,0.14863202,-0.54053240,1.33763791,0.14280653,-0.54828561,1.33482902,8.52459688,0.00000004
11.56000000,STAND,-0.00485037,-0.00963356,0.00788226,-0.05887354,0.05028714,0.31854075,-0.06366781,0.04745525,0.07356026,0.02135125,0.00052639,25.50652120,11.98893958,49.49261119,30.10521890,0.14701589,-0.54355214,1.34051308,0.14106876,-0.55132891,1.33757261,8.47592557,0.00000004
11.57000000,STAND,-0.00477542,-0.00952588,0.00777879,-0.05822097,0.04967942,0.31852607,-0.06306421,0.04688867,0.07276564,0.02134506,0.00052020,25.52867182,12.19727931,49.24669500,30.11880460,0.14538357,-0.54659366,1.34339715,0.13931510,-0.55439136,1.34032062,8.42667434,0.00000004
11.58000000,STAND,-0.00470015,-0.00941732,0.00767450,-0.05756248,0.04906624,0.31851102,-0.06245497,0.04631689,0.07196413,0.02133885,0.00051399,25.55082969,12.40764505,48.99880569,30.13239908,0.14373561,-0.54965573,1.34628866,0.13754615,-0.55747171,1.34307171,8.37686885,0.00000004
11.59000000,STAND,-0.00462461,-0.00930793,0.00756943,-0.05689836,0.04844784,0.31849561,-0.06184033,0.04574014,0.07115604,0.02133262,0.00050775,25.57296640,12.61993123,48.74907297,30.14601803,0.14207257,-0.55273709,1.34918620,0.13576258,-0.56056870,1.34582452,8.32653462,0.00000004
11.60000000,STAND,-0.00454884,-0.00919778,0.00746364,-0.05622886,0.04782447,0.31847982,-0.06122053,0.04515864,0.07034170,0.02132636,0.00050150,25.59505546,12.83403325,48.49762363,30.15967502,0.14039502,-0.55583649,1.35208834,0.13396504,-0.56368105,1.34857772,8.27569694,0.00000004
11.61000000,STAND,-0.00447289,-0.00908695,0.00735716,-0.05555428,0.04719636,0.31846364,-0.06059584,0.04457260,0.06952142,0.02132010,0.00049523,25.61707269,13.04984775,48.24458134,30.17338120,0.13870353,-0.55895267,1.35499365,0.13215420,-0.56680750,1.35132998,8.22438081,0.00000004
11.62000000,STAND,-0.00439680,-0.00897550,0.00725005,-0.05487487,0.04656376,0.31844709,-0.05996650,0.04398226,0.06869553,0.02131381,0.00048895,25.63899644,13.26727260,47.99006651,30.18714511,0.13699871,-0.56208435,1.35790075,0.13033072,-0.56994676,1.35408001,8.17261085,0.00000004
11.63000000,STAND,-0.00432061,-0.00886350,0.00714235,-0.05419092,0.04592691,0.31843014,-0.05933276,0.04338784,0.06786436,0.02130751,0.00048265,25.66080783,13.48620703,47.73419626,30.20097250,0.13528116,-0.56523026,1.36080823,0.12849531,-0.57309755,1.35682650,8.12041137,0.00000004
11.64000000,STAND,-0.00424438,-0.00875100,0.00703412,-0.05350271,0.04528606,0.31841280,-0.05869489,0.04278957,0.06702824,0.02130119,0.00047633,25.68249078,13.70655160,47.47708453,30.21486637,0.13355150,-0.56838912,1.36371472,0.12664864,-0.57625858,1.35956818,8.06780624,0.00000004
11.65000000,STAND,-0.00416813,-0.00863808,0.00692538,-0.05281052,0.04464147,0.31839508,-0.05805314,0.04218769,0.06618750,0.02129487,0.00047000,25.70403206,13.92820815,47.21884214,30.22882701,0.13181035,-0.57155966,1.36661885,0.12479144,-0.57942856,1.36230378,8.01481901,0.00000004
11.66000000,STAND,-0.00409190,-0.00852478,0.00681621,-0.05211462,0.04399339,0.31837696,-0.05740777,0.04158243,0.06534246,0.02128853,0.00046367,25.72542120,14.15107969,46.95957706,30.24285215,0.13005834,-0.57474058,1.36951927,0.12292440,-0.58260619,1.36503207,7.96147284,0.00000004
11.67000000,STAND,-0.00401574,-0.00841118,0.00670663,-0.05141531,0.04334207,0.31835845,-0.05675904,0.04097403,0.06449347,0.02128218,0.00045732,25.74665038,14.37507032,46.69939462,30.25693712,0.12829613,-0.57793061,1.37241465,0.12104826,-0.58579018,1.36775181,7.90779060,0.00000004
11.68000000,STAND,-0.00393969,-0.00829732,0.00659670,-0.05071285,0.04268777,0.31833956,-0.05610721,0.04036273,0.06364087,0.02127582,0.00045095,25.76771426,14.60008501,46.43839782,30.27107521,0.12652438,-0.58112846,1.37530368,0.11916373,-0.58897923,1.37046181,7.85379485,0.00000004
11.69000000,STAND,-0.00386378,-0.00818326,0.00648646,-0.05000753,0.04203076,0.31832028,-0.05545253,0.03974877,0.06278498,0.02126945,0.00044458,25.78860971,14.82602950,46.17668768,30.28525788,0.12474375,-0.58433284,1.37818505,0.11727156,-0.59217205,1.37316088,7.79950794,0.00000004
11.70000000,STAND,-0.00378805,-0.00806906,0.00637597,-0.04929963,0.04137128,0.31830063,-0.05479527,0.03913239,0.06192615,0.02126306,0.00043820,25.80933558,15.05281001,45.91436350,30.29947515,0.12295491,-0.58754247,1.38105750,0.11537249,-0.59536733,1.37584786,7.74495204,0.00000004
11.71000000,STAND,-0.00371254,-0.00795477,0.00626526,-0.04858944,0.04070961,0.31828060,-0.05413569,0.03851384,0.06106471,0.02125667,0.00043181,25.82989245,15.28033312,45.65152331,30.31371595,0.12115855,-0.59075605,1.38391975,0.11346726,-0.59856380,1.37852161,7.69014919,0.00000004
11.72000000,STAND,-0.00363727,-0.00784043,0.00615438,-0.04787724,0.04004601,0.31826020,-0.05347405,0.03789336,0.06020102,0.02125027,0.00042541,25.85028228,15.50850549,45.38826413,30.32796849,0.11935537,-0.59397231,1.38677059,0.11155664,-0.60176015,1.38118102,7.63512136,0.00000004
11.73000000,STAND,-0.00356229,-0.00772610,0.00604339,-0.04716331,0.03938075,0.31823944,-0.05281062,0.03727119,0.05933540,0.02124386,0.00041900,25.87050817,15.73723370,45.12468234,30.34222060,0.11754606,-0.59718996,1.38960879,0.10964137,-0.60495511,1.38382500,7.57989053,0.00000003
11.74000000,STAND,-0.00348763,-0.00761183,0.00593231,-0.04644793,0.03871408,0.31821832,-0.05214565,0.03664760,0.05846820,0.02123744,0.00041257,25.89057407,15.96642404,44.86087395,30.35646010,0.11573134,-0.60040772,1.39243317,0.10772223,-0.60814739,1.38645247,7.52447872,0.00000003
11.75000000,STAND,-0.00341332,-0.00749765,0.00582120,-0.04573138,0.03804628,0.31819686,-0.05147940,0.03602282,0.05759977,0.02123100,0.00040614,25.91048450,16.19598228,44.59693494,30.37067512,0.11391192,-0.60362431,1.39524256,0.10579998,-0.61133571,1.38906242,7.46890802,0.00000003
11.76000000,STAND,-0.00333939,-0.00738362,0.00571010,-0.04501395,0.03737761,0.31817505,-0.05081215,0.03539711,0.05673044,0.02122456,0.00039970,25.93024431,16.42581357,44.33296141,30.38485441,0.11208852,-0.60683846,1.39803583,0.10387541,-0.61451881,1.39165382,7.41320068,0.00000003
11.77000000,STAND,-0.00326587,-0.00726979,0.00559905,-0.04429593,0.03670835,0.31815292,-0.05014414,0.03477071,0.05586056,0.02121811,0.00039324,25.94985848,16.65582224,44.06904987,30.39898756,0.11026187,-0.61004889,1.40081187,0.10194928,-0.61769543,1.39422568,7.35737911,0.00000003
11.78000000,STAND,-0.00319280,-0.00715618,0.00548810,-0.04357759,0.03603875,0.31813047,-0.04947566,0.03414387,0.05499047,0.02121164,0.00038678,25.96933192,16.88591169,43.80529731,30.41306530,0.10843271,-0.61325434,1.40356958,0.10002238,-0.62086430,1.39677706,7.30146592,0.00000003
11.79000000,STAND,-0.00312019,-0.00704286,0.00537728,-0.04285922,0.03536909,0.31810770,-0.04880695,0.03351686,0.05412052,0.02120516,0.00038030,25.98866931,17.11598433,43.54180139,30.42707959,0.10660178,-0.61645354,1.40630791,0.09809549,-0.62402418,1.39930703,7.24548393,0.00000003
11.80000000,STAND,-0.00304808,-0.00692986,0.00526665,-0.04214109,0.03469964,0.31808464,-0.04813829,0.03288991,0.05325105,0.02119867,0.00037381,26.00787500,17.34594148,43.27866042,30.44102385,0.10476981,-0.61964524,1.40902583,0.09616940,-0.62717384,1.40181469,7.18945620,0.00000003
11.81000000,STAND,-0.00297650,-0.00681721,0.00515623,-0.04142351,0.03403066,0.31806128,-0.04746994,0.03226328,0.05238241,0.02119216,0.00036730,26.02695290,17.57568334,43.01597344,30.45489299,0.10293756,-0.62282819,1.41172235,0.09424489,-0.63031206,1.40429918,7.13340599,0.00000003
11.82000000,STAND,-0.00290546,-0.00670497,0.00504607,-0.04070674,0.03336242,0.31803765,-0.04680216,0.03163722,0.05151493,0.02118564,0.00036078,26.04590644,17.80510901,42.75384017,30.46868351,0.10110578,-0.62600113,1.41439648,0.09232275,-0.63343760,1.40675964,7.07735680,0.00000003
11.83000000,STAND,-0.00283500,-0.00659318,0.00493621,-0.03999108,0.03269519,0.31801374,-0.04613522,0.03101198,0.05064897,0.02117911,0.00035425,26.06473855,18.03411649,42.49236091,30.48239350,0.09927523,-0.62916284,1.41704729,0.09040378,-0.63654928,1.40919529,7.02133233,0.00000003
11.84000000,STAND,-0.00276513,-0.00648187,0.00482668,-0.03927679,0.03202923,0.31798958,-0.04546939,0.03038781,0.04978485,0.02117256,0.00034770,26.08345168,18.26260277,42.23163649,30.49602261,0.09744665,-0.63231208,1.41967386,0.08848877,-0.63964590,1.41160533,6.96535644,0.00000003
11.85000000,STAND,-0.00269589,-0.00637108,0.00471753,-0.03856418,0.03136482,0.31796517,-0.04480492,0.02976497,0.04892294,0.02116599,0.00034113,26.10204781,18.49046385,41.97176806,30.50957202,0.09562082,-0.63544763,1.42227532,0.08657849,-0.64272628,1.41398902,6.90945316,0.00000003
11.86000000,STAND,-0.00262728,-0.00626085,0.00460879,-0.03785351,0.03070221,0.31794053,-0.04414208,0.02914369,0.04806356,0.02115940,0.00033454,26.12052853,18.71759491,41.71285697,30.52304435,0.09379849,-0.63856829,1.42485081,0.08467374,-0.64578926,1.41634565,6.85364660,0.00000003
11.87000000,STAND,-0.00255933,-0.00615122,0.00450050,-0.03714507,0.03004167,0.31791567,-0.04348114,0.02852422,0.04720705,0.02115280,0.00032794,26.13889513,18.94389037,41.45500458,30.53644356,0.09198042,-0.64167284,1.42739952,0.08277531,-0.64883368,1.41867453,6.79796096,0.00000003
11.88000000,STAND,-0.00249207,-0.00604223,0.00439269,-0.03643915,0.02938346,0.31789060,-0.04282235,0.02790682,0.04635376,0.02114617,0.00032131,26.15714869,19.16924405,41.19831198,30.54977483,0.09016738,-0.64476012,1.42992064,0.08088398,-0.65185841,1.42097500,6.74242046,0.00000003
11.89000000,STAND,-0.00242549,-0.00593391,0.00428540,-0.03573601,0.02872784,0.31786533,-0.04216598,0.02729173,0.04550402,0.02113953,0.00031466,26.17529019,19.39354929,40.94287988,30.56304445,0.08836012,-0.64782892,1.43241343,0.07900053,-0.65486234,1.42324644,6.68704926,0.00000003
11.90000000,STAND,-0.00235964,-0.00582630,0.00417867,-0.03503593,0.02807507,0.31783988,-0.04151229,0.02667918,0.04465816,0.02113286,0.00030799,26.19332063,19.61669912,40.68880826,30.57625967,0.08655941,-0.65087810,1.43487716,0.07712574,-0.65784435,1.42548825,6.63187147,0.00000003
11.91000000,STAND,-0.00229451,-0.00571944,0.00407253,-0.03433920,0.02742541,0.31781426,-0.04086155,0.02606944,0.04381652,0.02112616,0.00030130,26.21124120,19.83858639,40.43619623,30.58942852,0.08476600,-0.65390650,1.43731112,0.07526039,-0.66080337,1.42769987,6.57691105,0.00000003
11.92000000,STAND,-0.00223013,-0.00561336,0.00396701,-0.03364608,0.02677911,0.31778848,-0.04021400,0.02546273,0.04297943,0.02111944,0.00029458,26.22905336,20.05910391,40.18514177,30.60255978,0.08298066,-0.65691298,1.43971466,0.07340524,-0.66373831,1.42988077,6.52219178,0.00000003
11.93000000,STAND,-0.00216650,-0.00550808,0.00386214,-0.03295684,0.02613643,0.31776255,-0.03956990,0.02485929,0.04214721,0.02111270,0.00028783,26.24675901,20.27814461,39.93574150,30.61566273,0.08120413,-0.65989642,1.44208714,0.07156107,-0.66664813,1.43203043,6.46773721,0.00000003
11.94000000,STAND,-0.00210364,-0.00540366,0.00375797,-0.03227177,0.02549761,0.31773650,-0.03892952,0.02425936,0.04132018,0.02110592,0.00028105,26.26436062,20.49560163,39.68809048,30.62874713,0.07943717,-0.66285571,1.44442795,0.06972863,-0.66953180,1.43414839,6.41357059,0.00000003
11.95000000,STAND,-0.00204156,-0.00530010,0.00365451,-0.03159111,0.02486290,0.31771034,-0.03829309,0.02366318,0.04049868,0.02109911,0.00027424,26.28186133,20.71136846,39.44228202,30.64182308,0.07768053,-0.66578977,1.44673652,0.06790868,-0.67238829,1.43623420,6.35971485,0.00000003
11.96000000,STAND,-0.00198027,-0.00519745,0.00355180,-0.03091514,0.02423256,0.31768407,-0.03766088,0.02307098,0.03968301,0.02109226,0.00026740,26.29926513,20.92533900,39.19840751,30.65490093,0.07593495,-0.66869752,1.44901231,0.06610196,-0.67521662,1.43828744,6.30619254,0.00000003
11.97000000,STAND,-0.00191978,-0.00509574,0.00344987,-0.03024412,0.02360681,0.31765772,-0.03703312,0.02248298,0.03887350,0.02108538,0.00026052,26.31657689,21.13740771,38.95655620,30.66799126,0.07420116,-0.67157791,1.45125479,0.06430921,-0.67801581,1.44030771,6.25302579,0.00000003
11.98000000,STAND,-0.00186009,-0.00499498,0.00334875,-0.02957831,0.02298591,0.31763129,-0.03641007,0.02189942,0.03807045,0.02107846,0.00025360,26.33380256,21.34746956,38.71681513,30.68110479,0.07247990,-0.67442989,1.45346349,0.06253118,-0.68078490,1.44229467,6.20023629,0.00000003
11.99000000,STAND,-0.00180121,-0.00489521,0.00324847,-0.02891795,0.02237009,0.31760481,-0.03579196,0.02132051,0.03727416,0.02107150,0.00024664,26.35094919,21.55542015,38.47926893,30.69425242,0.07077190,-0.67725246,1.45563795,0.06076857,-0.68352296,1.44424796,6.14784524,0.00000003
12.00000000,STAND,-0.00174316,-0.00479645,0.00314905,-0.02826331,0.02175957,0.31757829,-0.03517903,0.02074649,0.03648495,0.02106449,0.00023963,26.36802506,21.76115566,38.24399975,30.70744519,0.06907787,-0.68004461,1.45777774,0.05902211,-0.68622908,1.44616730,6.09587333,0.00000003
12.01100000,STAND,-0.00168024,-0.00468900,0.00304072,-0.02755009,0.02109442,0.31754909,-0.03451108,0.02012096,0.03562533,0.02105673,0.00023187,26.38673828,21.98478314,37.98792846,30.72202283,0.06723144,-0.68307968,1.46009098,0.05712049,-0.68916785,1.44823900,6.03921236,0.00000003
12.02100000,STAND,-0.00162391,-0.00459244,0.00294321,-0.02690823,0.02049580,0.31752253,-0.03390979,0.01955789,0.03485193,0.02104961,0.00022475,26.40369841,22.18553162,37.75769670,30.73534738,0.06556907,-0.68580479,1.46215669,0.05541021,-0.69180401,1.45008613,5.98818554,0.00000003
12.03100000,STAND,-0.00156840,-0.00449694,0.00284663,-0.02627284,0.01990320,0.31749598,-0.03331440,0.01900037,0.03408649,0.02104244,0.00021758,26.42062208,22.38374665,37.52997966,30.74875297,0.06392285,-0.68849653,1.46418658,0.05371824,-0.69440554,1.45189851,5.93763846,0.00000003
12.04100000,STAND,-0.00151372,-0.00440255,0.00275102,-0.02564414,0.01931682,0.31746945,-0.03272513,0.01844860,0.03332932,0.02103521,0.00021035,26.43752340,22.57932634,37.30484823,30.76225199,0.06229347,-0.69115398,1.46618034,0.05204523,-0.69697162,1.45367593,5.88758945,0.00000003
12.05100000,STAND,-0.00145986,-0.00430926,0.00265640,-0.02502237,0.01873689,0.31744295,-0.03214220,0.01790279,0.03258068,0.02102791,0.00020304,26.45441811,22.77216898,37.08237038,30.77585752,0.06068161,-0.69377625,1.46813767,0.05039184,-0.69950145,1.45541823,5.83805624,0.00000003
12.06100000,STAND,-0.00140682,-0.00421710,0.00256279,-0.02440775,0.01816361,0.31741651,-0.03156582,0.01736313,0.03184084,0.02102053,0.00019567,26.47132364,22.96217284,36.86261100,30.78958342,0.05908792,-0.69636247,1.47005832,0.04875873,-0.70199426,1.45712525,5.78905590,0.00000002
12.07100000,STAND,-0.00135461,-0.00412608,0.00247020,-0.02380049,0.01759718,0.31739014,-0.03099620,0.01682982,0.03111008,0.02101308,0.00018821,26.48825927,23.14923593,36.64563187,30.80344458,0.05751307,-0.69891180,1.47194204,0.04714653,-0.70444930,1.45879685,5.74060487,0.00000002
12.08100000,STAND,-0.00130320,-0.00403621,0.00237866,-0.02320081,0.01703781,0.31736385,-0.03043354,0.01630306,0.03038863,0.02100554,0.00018067,26.50524622,23.33325570,36.43149147,30.81745713,0.05595768,-0.70142342,1.47378862,0.04555585,-0.70686585,1.46043293,5.69271891,0.00000002
12.09100000,STAND,-0.00125260,-0.00394750,0.00228818,-0.02260892,0.01648570,0.31733766,-0.02987805,0.01578302,0.02967677,0.02099790,0.00017304,26.52230777,23.51414885,36.22024496,30.83163871,0.05442240,-0.70389652,1.47559787,0.04398730,-0.70924321,1.46203340,5.64541310,0.00000002
12.10100000,STAND,-0.00120281,-0.00385996,0.00219879,-0.02202502,0.01594102,0.31731158,-0.02932993,0.01526989,0.02897473,0.02099017,0.00016531,26.53942884,23.69260857,36.01198253,30.84598426,0.05290781,-0.70633040,1.47736972,0.04244147,-0.71158072,1.46359820,5.59870532,0.00000002
12.11100000,STAND,-0.00115385,-0.00377363,0.00211049,-0.02144932,0.01540398,0.31728564,-0.02878935,0.01476385,0.02828275,0.02098240,0.00015754,26.55642029,23.86906678,35.80687567,30.86039744,0.05141452,-0.70872448,1.47910428,0.04091893,-0.71387776,1.46512737,5.55261989,0.00000002
12.12100000,STAND,-0.00110578,-0.00368858,0.00202333,-0.02088200,0.01487475,0.31725986,-0.02825652,0.01426509,0.02760109,0.02097462,0.00014976,26.57306632,24.04312903,35.60503096,30.87475034,0.04994308,-0.71107818,1.48080161,0.03942024,-0.71613379,1.46662100,5.50717556,0.00000002
12.13100000,STAND,-0.00105864,-0.00360488,0.00193735,-0.02032327,0.01435353,0.31723427,-0.02773161,0.01377377,0.02692997,0.02096689,0.00014203,26.58924448,24.21441226,35.40651491,30.88892362,0.04849409,-0.71339091,1.48246167,0.03794595,-0.71834826,1.46807922,5.46238970,0.00000002
12.14100000,STAND,-0.00101245,-0.00352256,0.00185261,-0.01977332,0.01384050,0.31720892,-0.02721482,0.01329007,0.02626963,0.02095924,0.00013438,26.60492560,24.38264100,35.21139980,30.90282509,0.04706811,-0.71566205,1.48408443,0.03649657,-0.72052068,1.46950213,5.41828186,0.00000002
12.15100000,STAND,-0.00096726,-0.00344166,0.00176917,-0.01923232,0.01333584,0.31718383,-0.02670632,0.01281417,0.02562030,0.02095168,0.00012682,26.62014745,24.54762944,35.01977774,30.91639597,0.04566571,-0.71789103,1.48566983,0.03507261,-0.72265055,1.47088987,5.37487407,0.00000002
12.16100000,STAND,-0.00092308,-0.00336222,0.00168709,-0.01870047,0.01283972,0.31715902,-0.02620629,0.01234623,0.02498220,0.02094424,0.00011938,26.63498490,24.70925355,34.83175793,30.92960743,0.04428742,-0.72007727,1.48721787,0.03367456,-0.72473740,1.47224255,5.33218995,0.00000002
12.17100000,STAND,-0.00087993,-0.00328424,0.00160643,-0.01817794,0.01235232,0.31713451,-0.02571489,0.01188642,0.02435553,0.02093693,0.00011207,26.64952430,24.86742737,34.64745742,30.94245270,0.04293378,-0.72222022,1.48872857,0.03230288,-0.72678079,1.47356031,5.29025337,0.00000002
12.18100000,STAND,-0.00083784,-0.00320776,0.00152723,-0.01766489,0.01187379,0.31711032,-0.02523229,0.01143489,0.02374051,0.02092976,0.00010489,26.66384478,25.02208557,34.46699157,30.95493901,0.04160528,-0.72431938,1.49020198,0.03095802,-0.72878030,1.47484330,5.24908735,0.00000002
12.19100000,STAND,-0.00079682,-0.00313277,0.00144956,-0.01716148,0.01140429,0.31708647,-0.02475864,0.01099179,0.02313733,0.02092273,0.00009786,26.67800702,25.17317221,34.29046688,30.96708143,0.04030241,-0.72637426,1.49163818,0.02964039,-0.73073555,1.47609166,5.20871320,0.00000002
12.20100000,STAND,-0.00075686,-0.00305930,0.00137344,-0.01666788,0.01094397,0.31706295,-0.02429410,0.01055727,0.02254616,0.02091585,0.00009098,26.69204843,25.32063464,34.11797684,30.97889880,0.03902561,-0.72838441,1.49303727,0.02835042,-0.73264616,1.47730559,5.16915010,0.00000002
12.21100000,STAND,-0.00071799,-0.00298735,0.00129892,-0.01618423,0.01049297,0.31703979,-0.02383880,0.01013145,0.02196719,0.02090912,0.00008426,26.70598336,25.46442105,33.94960056,30.99041154,0.03777532,-0.73034940,1.49439937,0.02708846,-0.73451181,1.47848525,5.13041496,0.00000002
12.22100000,STAND,-0.00068019,-0.00291695,0.00122602,-0.01571067,0.01005140,0.31701700,-0.02339290,0.00971446,0.02140058,0.02090255,0.00007769,26.71980649,25.60448039,33.78540323,31.00164072,0.03655195,-0.73226882,1.49572462,0.02585489,-0.73633220,1.47963084,5.09252250,0.00000002
12.23100000,STAND,-0.00064346,-0.00284810,0.00115475,-0.01524734,0.00961940,0.31699459,-0.02295651,0.00930642,0.02084648,0.02089614,0.00007128,26.73349799,25.74076335,33.62543787,31.01260764,0.03535586,-0.73414232,1.49701319,0.02465004,-0.73810705,1.48074259,5.05548550,0.00000002
12.24100000,STAND,-0.00060779,-0.00278083,0.00108513,-0.01479436,0.00919708,0.31697256,-0.02252977,0.00890743,0.02030504,0.02088989,0.00006503,26.74702908,25.87322355,33.46974753,31.02333366,0.03418742,-0.73596955,1.49826524,0.02347422,-0.73983614,1.48182071,5.01931505,0.00000002
12.25100000,STAND,-0.00057318,-0.00271514,0.00101718,-0.01435185,0.00878454,0.31695094,-0.02211279,0.00851760,0.01977639,0.02088380,0.00005894,26.76036717,26.00181841,33.31836749,31.03383996,0.03304694,-0.73775019,1.49948098,0.02232772,-0.74151924,1.48286545,4.98402084,0.00000002
12.26100000,STAND,-0.00053962,-0.00265105,0.00095089,-0.01391993,0.00838187,0.31692973,-0.02170567,0.00813703,0.01926066,0.02087788,0.00005302,26.77348006,26.12650942,33.17132732,31.04414715,0.03193472,-0.73948399,1.50066061,0.02121081,-0.74315620,1.48387706,4.94961144,0.00000002
12.27100000,STAND,-0.00050708,-0.00258858,0.00088626,-0.01349870,0.00798915,0.31690895,-0.02130853,0.00776578,0.01875795,0.02087213,0.00004727,26.78633905,26.24726194,33.02865248,31.05427466,0.03085104,-0.74117068,1.50180435,0.02012371,-0.74474686,1.48485580,4.91609446,0.00000002
12.28100000,STAND,-0.00047557,-0.00252772,0.00082330,-0.01308824,0.00760648,0.31688860,-0.02092145,0.00740395,0.01826837,0.02086655,0.00004169,26.79892088,26.36404451,32.89036551,31.06424021,0.02979615,-0.74281007,1.50291244,0.01906665,-0.74629113,1.48580195,4.88347677,0.00000001
12.29100000,STAND,-0.00044506,-0.00246850,0.00076200,-0.01268865,0.00723392,0.31686870,-0.02054452,0.00705160,0.01779201,0.02086114,0.00003628,26.81120878,26.47682800,32.75648687,31.07405913,0.02877027,-0.74440199,1.50398515,0.01803981,-0.74778892,1.48671580,4.85176457,0.00000001
12.30100000,STAND,-0.00041555,-0.00241091,0.00070237,-0.01229999,0.00687152,0.31684926,-0.02017782,0.00670880,0.01732895,0.02085591,0.00003105,26.82319270,26.58558480,32.62703539,31.08374395,0.02777361,-0.74594629,1.50502273,0.01704334,-0.74924021,1.48759767,4.82096348,0.00000001
12.31100000,STAND,-0.00038702,-0.00235496,0.00064439,-0.01192234,0.00651935,0.31683028,-0.01982140,0.00637559,0.01687927,0.02085085,0.00002599,26.83486905,26.69028813,32.50202850,31.09330403,0.02680633,-0.74744287,1.50602547,0.01607739,-0.75064499,1.48844786,4.79107857,0.00000001
12.32100000,STAND,-0.00035947,-0.00230066,0.00058806,-0.01155575,0.00617745,0.31681178,-0.01947533,0.00605203,0.01644301,0.02084596,0.00002110,26.84624001,26.79091157,32.38148229,31.10274553,0.02586859,-0.74889168,1.50699367,0.01514204,-0.75200329,1.48926672,4.76211441,0.00000001
12.33100000,STAND,-0.00033289,-0.00224800,0.00053339,-0.01120026,0.00584586,0.31679376,-0.01913965,0.00573815,0.01602023,0.02084126,0.00001639,26.85731272,26.88742899,32.26541141,31.11207145,0.02496052,-0.75029270,1.50792764,0.01423738,-0.75331518,1.49005458,4.73407503,0.00000001
12.34100000,STAND,-0.00030726,-0.00219700,0.00048037,-0.01085592,0.00552461,0.31677623,-0.01881441,0.00543399,0.01561096,0.02083673,0.00001187,26.86809827,26.97981462,32.15382891,31.12128198,0.02408220,-0.75164593,1.50882771,0.01336346,-0.75458079,1.49081182,4.70696398,0.00000001
12.35100000,STAND,-0.00028259,-0.00214764,0.00042900,-0.01052275,0.00521371,0.31675920,-0.01849963,0.00513956,0.01521522,0.02083238,0.00000752,26.87861075,27.06804346,32.04674605,31.13037492,0.02323372,-0.75295144,1.50969420,0.01252028,-0.75580024,1.49153879,4.68078422,0.00000001
12.36100000,STAND,-0.00025886,-0.00209992,0.00037928,-0.01020076,0.00491320,0.31674268,-0.01819533,0.00485489,0.01483304,0.02082821,0.00000335,26.88886628,27.15209173,31.94417208,31.13934619,0.02241513,-0.75420931,1.51052747,0.01170784,-0.75697373,1.49223590,4.65553823,0.00000001
12.37100000,STAND,-0.00023607,-0.00205385,0.00033122,-0.00988996,0.00462305,0.31672666,-0.01790153,0.00457999,0.01446440,0.02082423,-0.00000063,26.89888213,27.23193749,31.84611400,31.14819044,0.02162642,-0.75541968,1.51132788,0.01092608,-0.75810149,1.49290353,4.63122788,0.00000001
12.38100000,STAND,-0.00021422,-0.00200943,0.00028480,-0.00959035,0.00434329,0.31671115,-0.01761822,0.00431484,0.01410930,0.02082043,-0.00000443,26.90867591,27.30756120,31.75257638,31.15690160,0.02086760,-0.75658273,1.51209580,0.01017494,-0.75918377,1.49354211,4.60785450,0.00000001
12.39100000,STAND,-0.00019330,-0.00196663,0.00024004,-0.00930192,0.00407388,0.31669617,-0.01734539,0.00405945,0.01376772,0.02081681,-0.00000805,26.91826491,27.37894630,31.66356119,31.16547342,0.02013861,-0.75769868,1.51283164,0.00945431,-0.76022088,1.49415205,4.58541880,0.00000001
12.40100000,STAND,-0.00017330,-0.00192547,0.00019693,-0.00902463,0.00381481,0.31668170,-0.01708303,0.00381378,0.01343961,0.02081338,-0.00001148,26.92766549,27.44607962,31.57906765,31.17389995,0.01943939,-0.75876778,1.51353579,0.00876404,-0.76121317,1.49473381,4.56392095,0.00000001
12.41100000,STAND,-0.00015422,-0.00188594,0.00015546,-0.00875846,0.00356604,0.31666775,-0.01683111,0.00357782,0.01312493,0.02081014,-0.00001473,26.93689267,27.50895181,31.49909209,31.18217589,0.01876983,-0.75979032,1.51420868,0.00810396,-0.76216102,1.49528783,4.54336046,0.00000001
12.42100000,STAND,-0.00013605,-0.00184802,0.00011564,-0.00850335,0.00332752,0.31665432,-0.01658958,0.00335152,0.01282361,0.02080708,-0.00001779,26.94595975,27.56755753,31.42362792,31.19029687,0.01812979,-0.76076666,1.51485073,0.00747388,-0.76306486,1.49581459,4.52373630,0.00000001
12.43100000,STAND,-0.00011879,-0.00181171,0.00007747,-0.00825926,0.00309922,0.31664142,-0.01635840,0.00313484,0.01253558,0.02080421,-0.00002066,26.95487815,27.62189565,31.35266557,31.19825968,0.01751909,-0.76169719,1.51546242,0.00687354,-0.76392516,1.49631456,4.50504681,0.00000001
12.44100000,STAND,-0.00010243,-0.00177701,0.00004092,-0.00802612,0.00288105,0.31662904,-0.01613752,0.00292772,0.01226074,0.02080152,-0.00002334,26.96365727,27.67196927,31.28619248,31.20606230,0.01693754,-0.76258232,1.51604419,0.00630267,-0.76474243,1.49678824,4.48728975,0.00000001
12.45100000,STAND,-0.00008696,-0.00174391,0.00000601,-0.00780384,0.00267296,0.31661717,-0.01592685,0.00273009,0.01199901,0.02079902,-0.00002584,26.97230454,27.71778572,31.22419311,31.21370395,0.01638488,-0.76342253,1.51659655,0.00576097,-0.76551722,1.49723614,4.47046230,0.00000001
12.46100000,STAND,-0.00007238,-0.00171239,-0.00002729,-0.00759235,0.00247484,0.31660582,-0.01572633,0.00254187,0.01175025,0.02079672,-0.00002815,26.98082547,27.75935647,31.16664897,31.22118503,0.01586085,-0.76421834,1.51711999,0.00524809,-0.76625015,1.49765879,4.45456107,0.00000001
12.47100000,STAND,-0.00005868,-0.00168245,-0.00005898,-0.00739153,0.00228661,0.31659499,-0.01553586,0.00236298,0.01151434,0.02079459,-0.00003027,26.98922378,27.79669705,31.11353869,31.22850700,0.01536514,-0.76497032,1.51761503,0.00476366,-0.76694185,1.49805673,4.43958211,0.00000001
12.48100000,STAND,-0.00004585,-0.00165408,-0.00008907,-0.00720128,0.00210815,0.31658466,-0.01535534,0.00219332,0.01129113,0.02079266,-0.00003220,26.99750165,27.82982689,31.06483800,31.23567224,0.01489739,-0.76567907,1.51808220,0.00430726,-0.76759301,1.49843052,4.42552090,0.00000001
12.49100000,STAND,-0.00003388,-0.00162727,-0.00011757,-0.00702149,0.00193936,0.31657483,-0.01518466,0.00203277,0.01108046,0.02079091,-0.00003395,27.00565991,27.85876924,31.02051981,31.24268386,0.01445722,-0.76634526,1.51852208,0.00387843,-0.76820438,1.49878074,4.41237238,0.00000001
12.50100000,STAND,-0.00002277,-0.00160201,-0.00014451,-0.00685200,0.00178009,0.31656549,-0.01502369,0.00188122,0.01088216,0.02078935,-0.00003552,27.01369828,27.88355103,30.98055422,31.24954551,0.01404421,-0.76696959,1.51893522,0.00347670,-0.76877673,1.49910798,4.40013095,0.00000001
12.51100000,STAND,-0.00001250,-0.00157828,-0.00016990,-0.00669269,0.00163021,0.31655664,-0.01487231,0.00173854,0.01069605,0.02078797,-0.00003689,27.02161559,27.90420280,30.94490851,31.25626121,0.01365791,-0.76755281,1.51932224,0.00310152,-0.76931091,1.49941284,4.38879044,0.00000001
12.52100000,STAND,-0.00000307,-0.00155608,-0.00019375,-0.00654339,0.00148956,0.31654827,-0.01473036,0.00160458,0.01052191,0.02078677,-0.00003809,27.02941004,27.92075868,30.91354711,31.26283514,0.01329781,-0.76809573,1.51968374,0.00275235,-0.76980780,1.49969598,4.37834415,0.00000000
12.53100000,STAND,0.00000553,-0.00153540,-0.00021609,-0.00640393,0.00135798,0.31654037,-0.01459770,0.00147919,0.01035952,0.02078576,-0.00003910,27.03707933,27.93325633,30.88643159,31.26927149,0.01296339,-0.76859921,1.52002036,0.00242857,-0.77026833,1.49995803,4.36878480,0.00000000
12.54100000,STAND,0.00001331,-0.00151621,-0.00023694,-0.00627413,0.00123529,0.31653292,-0.01447416,0.00136221,0.01020866,0.02078493,-0.00003993,27.04462085,27.94173700,30.86352054,31.27557429,0.01265407,-0.76906415,1.52033275,0.00212956,-0.77069348,1.50019967,4.36010454,0.00000000
12.55100000,STAND,0.00002029,-0.00149851,-0.00025631,-0.00615380,0.00112130,0.31652591,-0.01435954,0.00125345,0.01006908,0.02078428,-0.00004059,27.05203185,27.94624556,30.84476952,31.28174731,0.01236923,-0.76949150,1.52062161,0.00185461,-0.77108429,1.50042159,4.35229492,0.00000000
12.56100000,STAND,0.00002647,-0.00148228,-0.00027424,-0.00604273,0.00101581,0.31651934,-0.01425367,0.00115274,0.00994050,0.02078380,-0.00004106,27.05930945,27.94683061,30.83013094,31.28779394,0.01210824,-0.76988230,1.52088762,0.00160303,-0.77144185,1.50062452,4.34534688,0.00000000
12.57100000,STAND,0.00003185,-0.00146751,-0.00029073,-0.00594070,0.00091860,0.31651318,-0.01415634,0.00105987,0.00982265,0.02078350,-0.00004136,27.06645079,27.94354457,30.81955393,31.29371711,0.01187039,-0.77023759,1.52113153,0.00137404,-0.77176729,1.50080919,4.33925075,0.00000000
12.58100000,STAND,0.00003645,-0.00145418,-0.00030583,-0.00584747,0.00082946,0.31650742,-0.01406734,0.00097463,0.00971522,0.02078337,-0.00004149,27.07345303,27.93644381,30.81298422,31.29951923,0.01165496,-0.77055850,1.52135408,0.00116686,-0.77206182,1.50097638,4.33399617,0.00000000
12.59100000,STAND,0.00004028,-0.00144227,-0.00031955,-0.00576281,0.00074814,0.31650204,-0.01398642,0.00089680,0.00961791,0.02078342,-0.00004145,27.08031336,27.92558879,30.81036398,31.30520219,0.01146117,-0.77084622,1.52155605,0.00098063,-0.77232668,1.50112687,4.32957212,0.00000000
12.60100000,STAND,0.00004335,-0.00143177,-0.00033192,-0.00568646,0.00067438,0.31649704,-0.01391336,0.00082614,0.00953038,0.02078363,-0.00004124,27.08702903,27.91104418,30.81163170,31.31076731,0.01128822,-0.77110198,1.52173824,0.00081447,-0.77256318,1.50126148,4.32596686,0.00000000
12.61100000,STAND,0.00004567,-0.00142265,-0.00034297,-0.00561813,0.00060793,0.31649238,-0.01384790,0.00076241,0.00945229,0.02078401,-0.00004086,27.09359729,27.89287902,30.81672205,31.31621534,0.01113525,-0.77132707,1.52190150,0.00066747,-0.77277268,1.50138107,4.32316793,0.00000000
12.62100000,STAND,0.00004724,-0.00141490,-0.00035274,-0.00555754,0.00054851,0.31648806,-0.01378977,0.00070534,0.00938326,0.02078455,-0.00004032,27.10001544,27.87116681,30.82556574,31.32154653,0.01100137,-0.77152286,1.52204667,0.00053865,-0.77295661,1.50148650,4.32116212,0.00000000
12.63100000,STAND,0.00004808,-0.00140850,-0.00036124,-0.00550439,0.00049583,0.31648405,-0.01373868,0.00065467,0.00932293,0.02078525,-0.00003962,27.10628071,27.84598569,30.83808941,31.32676058,0.01088563,-0.77169074,1.52217465,0.00042701,-0.77311644,1.50157867,4.31993543,0.00000000
12.64100000,STAND,0.00004819,-0.00140342,-0.00036852,-0.00545837,0.00044957,0.31648032,-0.01369436,0.00061010,0.00927088,0.02078611,-0.00003876,27.11239032,27.81741844,30.85421552,31.33185674,0.01078706,-0.77183221,1.52228637,0.00033149,-0.77325370,1.50165854,4.31947310,0.00000000
12.65100000,STAND,0.00004760,-0.00139964,-0.00037460,-0.00541915,0.00040943,0.31647687,-0.01365648,0.00057135,0.00922669,0.02078712,-0.00003775,27.11834140,27.78555264,30.87386223,31.33683383,0.01070464,-0.77194878,1.52238278,0.00025101,-0.77337001,1.50172705,4.31975952,0.00000000
12.66100000,STAND,0.00004630,-0.00139714,-0.00037952,-0.00538637,0.00037507,0.31647366,-0.01362473,0.00053809,0.00918994,0.02078828,-0.00003659,27.12413099,27.75048068,30.89694334,31.34169027,0.01063730,-0.77204208,1.52246487,0.00018441,-0.77346702,1.50178522,4.32077829,0.00000000
12.67100000,STAND,0.00004431,-0.00139589,-0.00038333,-0.00535969,0.00034615,0.31647067,-0.01359877,0.00051001,0.00916018,0.02078958,-0.00003528,27.12975601,27.71229982,30.92336822,31.34642417,0.01058392,-0.77211376,1.52253366,0.00013053,-0.77354645,1.50183407,4.32251214,0.00000000
12.68100000,STAND,0.00004164,-0.00139586,-0.00038604,-0.00533873,0.00032230,0.31646789,-0.01357825,0.00048677,0.00913691,0.02079103,-0.00003383,27.13521328,27.67111222,30.95304172,31.35103335,0.01054336,-0.77216554,1.52259021,0.00008812,-0.77361009,1.50187467,4.32494296,0.00000000
12.69100000,STAND,0.00003831,-0.00139703,-0.00038772,-0.00532309,0.00030315,0.31646527,-0.01356280,0.00046801,0.00911966,0.02079262,-0.00003224,27.14049950,27.62702490,30.98586414,31.35551541,0.01051441,-0.77219923,1.52263561,0.00005592,-0.77365979,1.50190813,4.32805180,0.00000000
12.70100000,STAND,0.00003432,-0.00139937,-0.00038839,-0.00531238,0.00028832,0.31646280,-0.01355206,0.00045338,0.00910792,0.02079434,-0.00003052,27.14561122,27.58014980,31.02173119,31.35986777,0.01049583,-0.77221668,1.52267100,0.00003261,-0.77369745,1.50193559,4.33181879,0.00000000
12.71100000,STAND,0.00002969,-0.00140284,-0.00038810,-0.00530618,0.00027739,0.31646045,-0.01354562,0.00044249,0.00910115,0.02079619,-0.00002868,27.15054493,27.53060367,31.06053391,31.36408773,0.01048633,-0.77221982,1.52269754,0.00001682,-0.77372507,1.50195822,4.33622321,0.00000000
12.72100000,STAND,0.00002444,-0.00140741,-0.00038689,-0.00530404,0.00026996,0.31645818,-0.01354308,0.00043495,0.00909881,0.02079816,-0.00002670,27.15529696,27.47850815,31.10215870,31.36817255,0.01048457,-0.77221065,1.52271645,0.00000715,-0.77374469,1.50197724,4.34124345,0.00000000
12.73100000,STAND,0.00001858,-0.00141306,-0.00038481,-0.00530552,0.00026558,0.31645598,-0.01354402,0.00043036,0.00910033,0.02080025,-0.00002461,27.15986359,27.42398965,31.14648725,31.37211945,0.01048918,-0.77219123,1.52272897,0.00000214,-0.77375843,1.50199391,4.34685699,0.00000000
12.74100000,STAND,0.00001212,-0.00141974,-0.00038191,-0.00531014,0.00026382,0.31645382,-0.01354800,0.00042830,0.00910512,0.02080246,-0.00002241,27.16422453,27.36722933,31.19328654,31.37580023,0.01049873,-0.77216369,1.52273640,0.00000027,-0.77376844,1.50200950,4.35302959,0.00000000
12.75100000,STAND,0.00000509,-0.00142743,-0.00037824,-0.00531744,0.00026420,0.31645165,-0.01355456,0.00042832,0.00911257,0.02080477,-0.00002010,27.16884145,27.30822017,31.24275321,31.37918316,0.01051175,-0.77213023,1.52274006,0.00000000,-0.77377701,1.50202536,4.35976764,0.00000006
