time_s,state,roll_rad,pitch_rad,yaw_rad,body_x_m,body_y_m,body_z_m,com_x_m,com_y_m,support_margin_m,fr_foot_z_m,fr_lift_m,fl_force_n,fr_force_n,hl_force_n,hr_force_n,fr_q0,fr_q1,fr_q2,fr_qd0,fr_qd1,fr_qd2,max_abs_tau_nm,ik_residual_m
0.00100000,STAND,-0.00000000,0.00000000,-0.00000000,-0.00000005,0.00000000,0.32207985,-0.00842045,0.00016080,0.00585067,0.02200000,0.00000000,1.90699794,1.90758955,1.90754335,1.90743021,0.00000017,-0.77301031,1.50056170,0.00000000,-0.77297953,1.50050035,0.00000000,0.00000000
0.01000000,STAND,0.00000005,0.00015846,0.00000017,-0.00001551,0.00000002,0.32162406,-0.00843827,0.00016081,0.00587473,0.02189973,0.00000000,12.19541201,12.20051815,10.64643239,10.64705630,0.00013307,-0.77400519,1.50303475,0.00000000,-0.77297953,1.50050035,1.24395651,0.00000000
0.02000000,STAND,-0.00000031,0.00081291,0.00000136,-0.00009322,0.00000016,0.32055919,-0.00851811,0.00016091,0.00596017,0.02153459,0.00000000,23.10630876,23.10540232,18.30899822,18.31139541,0.00065247,-0.77562206,1.50834715,0.00000000,-0.77297953,1.50050035,2.52760097,0.00000000
0.03000000,STAND,-0.00000161,0.00186152,0.00000460,-0.00026879,0.00000059,0.31922778,-0.00869307,0.00016123,0.00610641,0.02112317,0.00000000,35.41958725,35.40367205,26.33822300,26.34406134,0.00137999,-0.77761299,1.51575755,0.00000000,-0.77297953,1.50050035,4.01964962,0.00000000
0.04000000,STAND,-0.00000449,0.00305609,0.00001068,-0.00057411,0.00000148,0.31795979,-0.00899092,0.00016194,0.00631682,0.02081584,0.00000000,41.88454200,41.85683631,30.72135673,30.72652698,0.00219538,-0.77925333,1.52351641,0.00000000,-0.77297953,1.50050035,4.96370486,0.00000000
0.05000000,STAND,-0.00000928,0.00404077,0.00001966,-0.00101226,0.00000292,0.31694254,-0.00940992,0.00016314,0.00659873,0.02056440,0.00000000,43.45967837,43.41025616,32.25264650,32.25499130,0.00308529,-0.77974494,1.52954339,0.00000000,-0.77297953,1.50050035,5.31535888,0.00000000
0.06000000,STAND,-0.00001550,0.00449759,0.00003089,-0.00156491,0.00000490,0.31622873,-0.00993210,0.00016484,0.00694822,0.02038505,0.00000000,42.14950067,42.07522347,32.82171837,32.82003769,0.00396745,-0.77919403,1.53328633,0.00000000,-0.77297953,1.50050035,5.29986793,0.00000000
0.07000000,STAND,-0.00002247,0.00432360,0.00004330,-0.00220804,0.00000734,0.31580172,-0.01053601,0.00016697,0.00735382,0.02029543,0.00000000,39.12820483,39.02943911,32.91706374,32.90974164,0.00477469,-0.77789745,1.53490384,0.00000000,-0.77297953,1.50050035,5.05850984,0.00000000
0.08000000,STAND,-0.00002957,0.00359317,0.00005570,-0.00291639,0.00001007,0.31560761,-0.01119949,0.00016940,0.00780130,0.02029187,0.00000000,35.33693544,35.21607224,32.76780924,32.75331659,0.00546828,-0.77613517,1.53485911,0.00000000,-0.77297953,1.50050035,4.70777352,0.00000000
0.09000000,STAND,-0.00003632,0.00246922,0.00006700,-0.00366496,0.00001292,0.31557602,-0.01190071,0.00017197,0.00827519,0.02035573,0.00000000,31.50788196,31.36859762,32.56396706,32.54116787,0.00603386,-0.77414452,1.53372065,0.00000000,-0.77297953,1.50050035,4.39803825,0.00000000
0.10000000,STAND,-0.00004237,0.00113459,0.00007642,-0.00443021,0.00001570,0.31563597,-0.01261895,0.00017452,0.00875999,0.02046212,0.00000000,28.14104723,27.98770945,32.45354655,32.42191544,0.00647576,-0.77211562,1.53203431,0.00000000,-0.77297953,1.50050035,4.44208265,0.00000000
0.11000000,STAND,-0.00004748,-0.00025002,0.00008349,-0.00519105,0.00001826,0.31572686,-0.01333537,0.00017689,0.00924148,0.02058655,0.00000000,25.50842570,25.34557721,32.52685724,32.48658191,0.00681067,-0.77018964,1.53024508,0.00000000,-0.77297953,1.50050035,4.50873129,0.00000000
0.12000000,STAND,-0.00005151,-0.00156592,0.00008808,-0.00592947,0.00002048,0.31580453,-0.01403356,0.00017899,0.00970749,0.02070903,0.00000000,23.68777892,23.51972829,32.81293441,32.76490494,0.00706137,-0.76845985,1.52866157,0.00000000,-0.77297953,1.50050035,4.60167634,0.00000000
0.13000000,STAND,-0.00005441,-0.00274032,0.00009036,-0.00663088,0.00002228,0.31584284,-0.01469984,0.00018072,0.01014838,0.02081585,0.00000000,22.61488993,22.44543255,33.28856723,33.23427263,0.00725164,-0.76697651,1.52745383,0.00000000,-0.77297953,1.50050035,4.71692403,0.00000000
0.14000000,STAND,-0.00005622,-0.00374060,0.00009070,-0.00728399,0.00002362,0.31583194,-0.01532329,0.00018204,0.01055701,0.02089975,0.00000000,22.14123349,21.97350176,33.89513036,33.83649128,0.00740271,-0.76575502,1.52667398,0.00000000,-0.77297953,1.50050035,4.84557647,0.00000000
0.15000000,STAND,-0.00005699,-0.00456392,0.00008958,-0.00788053,0.00002450,0.31577457,-0.01589558,0.00018294,0.01092845,0.02095894,0.00000000,22.08609101,21.92251298,34.55759854,34.49676798,0.00753132,-0.76478605,1.52628856,0.00000000,-0.77297953,1.50050035,4.97665645,0.00000000
0.16000000,STAND,-0.00005686,-0.00522599,0.00008750,-0.00841470,0.00002494,0.31568156,-0.01641066,0.00018342,0.01125957,0.02099555,0.00000000,22.27622870,22.11856379,35.20127493,35.14043649,0.00764916,-0.76404561,1.52621329,0.00000000,-0.77297953,1.50050035,5.09945403,0.00000000
0.17000000,STAND,-0.00005595,-0.00575112,0.00008494,-0.00888273,0.00002497,0.31556751,-0.01686430,0.00018351,0.01154858,0.02101397,0.00000000,22.57059669,22.41895666,35.76366392,35.70488378,0.00776332,-0.76350377,1.52634389,0.00000000,-0.77297953,1.50050035,5.20513307,0.00000000
0.18000000,STAND,-0.00005435,-0.00616474,0.00008226,-0.00928236,0.00002464,0.31544732,-0.01725384,0.00018327,0.01179463,0.02101931,0.00000000,22.87105039,22.72578641,36.20079152,36.14597534,0.00787722,-0.76313089,1.52657915,0.00000000,-0.77297953,1.50050035,5.28756691,0.00000000
0.19000000,STAND,-0.00005221,-0.00648875,0.00007972,-0.00961257,0.00002401,0.31533371,-0.01757782,0.00018272,0.01199750,0.02101662,0.00000000,23.12480181,22.98784058,36.48918168,36.43963455,0.00799174,-0.76290218,1.52683752,0.00000000,-0.77297953,1.50050035,5.34354531,0.00000000
0.20000000,STAND,-0.00004974,-0.00673947,0.00007748,-0.00987328,0.00002313,0.31523602,-0.01783585,0.00018194,0.01215755,0.02101006,0.00000000,23.31286108,23.18518345,36.62331998,36.57982871,0.00810637,-0.76279862,1.52706226,0.00000000,-0.77297953,1.50050035,5.37241843,0.00000000
0.21000000,STAND,-0.00004711,-0.00692717,0.00007562,-0.01006534,0.00002208,0.31515979,-0.01802845,0.00018098,0.01227550,0.02100245,0.00000000,23.44175935,23.32322710,36.61146498,36.57440698,0.00822024,-0.76280640,1.52722115,0.00000000,-0.77297953,1.50050035,5.37554846,0.00000000
0.22000000,STAND,-0.00004443,-0.00705682,0.00007417,-0.01019036,0.00002092,0.31510704,-0.01815701,0.00017990,0.01235252,0.02099530,0.00000000,23.53512129,23.42439374,36.47121950,36.44064724,0.00833268,-0.76291594,1.52730365,0.00000000,-0.77297953,1.50050035,5.35568085,0.00000000
0.23000000,STAND,-0.00004175,-0.00712975,0.00007307,-0.01025081,0.00001971,0.31507701,-0.01822374,0.00017876,0.01239019,0.02098911,0.00000000,23.62209424,23.51816788,36.22519521,36.20083988,0.00844358,-0.76312057,1.52731590,0.00000000,-0.77297953,1.50050035,5.31631790,0.00000000
0.24000000,STAND,-0.00003915,-0.00714549,0.00007224,-0.01024993,0.00001849,0.31506703,-0.01823166,0.00017761,0.01239054,0.02098369,0.00000000,23.72960276,23.63168158,35.89723919,35.87850249,0.00855340,-0.76341473,1.52727422,0.00000000,-0.77297953,1.50050035,5.26118888,0.00000000
0.25000000,STAND,-0.00003670,-0.00710337,0.00007159,-0.01019179,0.00001732,0.31507342,-0.01818456,0.00017649,0.01235608,0.02097848,0.00000000,23.87796366,23.78521540,35.50970860,35.49576729,0.00866316,-0.76379243,1.52719894,0.00000000,-0.77297953,1.50050035,5.19387111,0.00000000
0.26000000,STAND,-0.00003447,-0.00700367,0.00007105,-0.01008118,0.00001622,0.31509222,-0.01808695,0.00017544,0.01228975,0.02097273,0.00000000,24.07885171,23.99039379,35.08198050,35.07187904,0.00877428,-0.76424630,1.52710987,0.00000000,-0.77297953,1.50050035,5.11757392,0.00000000
0.27000000,STAND,-0.00003250,-0.00684838,0.00007055,-0.00992358,0.00001523,0.31511972,-0.01794399,0.00017448,0.01219492,0.02096579,0.00000000,24.33523335,24.25015127,34.62990883,34.62263525,0.00888827,-0.76476708,1.52702339,0.00000000,-0.77297953,1.50050035,5.03505076,0.00000000
0.28000000,STAND,-0.00003083,-0.00664144,0.00007005,-0.00972500,0.00001437,0.31515274,-0.01776133,0.00017365,0.01207531,0.02095719,0.00000000,24.64267266,24.56004394,34.16596062,34.16050950,0.00900663,-0.76534370,1.52695101,0.00000000,-0.77297953,1.50050035,4.94860486,0.00000000
0.29000000,STAND,-0.00002949,-0.00638866,0.00006953,-0.00949188,0.00001365,0.31518878,-0.01754505,0.00017295,0.01193487,0.02094671,0.00000000,24.99137551,24.91029519,33.69976270,33.69518523,0.00913057,-0.76596354,1.52689918,0.00000000,-0.77297953,1.50050035,4.86015207,0.00000000
0.30000000,STAND,-0.00002847,-0.00609736,0.00006900,-0.00923092,0.00001309,0.31522602,-0.01730147,0.00017240,0.01177775,0.02093438,0.00000000,25.36842845,25.28803429,33.23881826,33.23425931,0.00926096,-0.76661300,1.52686989,0.00000000,-0.77297953,1.50050035,4.77130769,0.00000000
0.31000000,STAND,-0.00002777,-0.00577592,0.00006846,-0.00894893,0.00001268,0.31526317,-0.01703704,0.00017199,0.01160814,0.02092043,0.00000000,25.75983631,25.67933251,32.78920891,32.78393181,0.00939824,-0.76727808,1.52686177,0.00000000,-0.77297953,1.50050035,4.68347240,0.00000000
0.32000000,STAND,-0.00002739,-0.00543325,0.00006795,-0.00865267,0.00001243,0.31529941,-0.01675815,0.00017173,0.01143019,0.02090525,0.00000000,26.15212463,26.07080262,32.35616446,32.34956471,0.00954245,-0.76794497,1.52687135,0.00000000,-0.77297953,1.50050035,4.59790098,0.00000000
0.33000000,STAND,-0.00002728,-0.00507831,0.00006749,-0.00834873,0.00001232,0.31533415,-0.01647106,0.00017161,0.01124796,0.02088931,0.00000000,26.53341649,26.45067154,31.94444542,31.93605521,0.00969322,-0.76860061,1.52689414,0.00000000,-0.77297953,1.50050035,4.51574664,0.00000000
0.34000000,STAND,-0.00002743,-0.00471970,0.00006710,-0.00804336,0.00001234,0.31536699,-0.01618175,0.00017161,0.01106528,0.02087311,0.00000000,26.89400352,26.80934662,31.55853443,31.54801978,0.00984987,-0.76923302,1.52692562,0.00000000,-0.77297953,1.50050035,4.43808037,0.00000000
0.35000000,STAND,-0.00002780,-0.00436542,0.00006681,-0.00774244,0.00001247,0.31539757,-0.01589582,0.00017172,0.01088572,0.02085709,0.00000000,27.22650059,27.13956482,31.20266654,31.18981906,0.01001146,-0.76983163,1.52696177,0.00000000,-0.77297953,1.50050035,4.36588964,0.00000000
0.36000000,STAND,-0.00002835,-0.00402259,0.00006662,-0.00745133,0.00001271,0.31542557,-0.01561842,0.00017193,0.01071256,0.02084169,0.00000000,27.52570528,27.43624696,30.88074667,30.86547152,0.01017687,-0.77038743,1.52699944,0.00000000,-0.77297953,1.50050035,4.30006290,0.00000000
0.37000000,STAND,-0.00002903,-0.00369743,0.00006653,-0.00717483,0.00001302,0.31545064,-0.01535419,0.00017222,0.01054870,0.02082724,0.00000000,27.78828617,27.69618097,30.59620632,30.57850792,0.01034488,-0.77089301,1.52703643,0.00000000,-0.77297953,1.50050035,4.24136713,0.00000000
0.38000000,STAND,-0.00002980,-0.00339515,0.00006655,-0.00691713,0.00001339,0.31547244,-0.01510718,0.00017256,0.01039666,0.02081400,0.00000000,28.01240595,27.91764064,30.35184616,30.33181278,0.01051421,-0.77134257,1.52707141,0.00000000,-0.77297953,1.50050035,4.19042476,0.00000000
0.39000000,STAND,-0.00003063,-0.00312001,0.00006667,-0.00668178,0.00001379,0.31549065,-0.01488084,0.00017293,0.01025855,0.02080215,0.00000000,28.19735746,28.10001808,30.14969960,30.12748774,0.01068355,-0.77173188,1.52710372,0.00000000,-0.77297953,1.50050035,4.14769461,0.00000000
0.40000000,STAND,-0.00003147,-0.00287535,0.00006687,-0.00647165,0.00001422,0.31550498,-0.01467801,0.00017333,0.01013609,0.02079184,0.00000000,28.34326031,28.24351770,29.99093923,29.96675846,0.01085165,-0.77205816,1.52713318,0.00000000,-0.77297953,1.50050035,4.11345978,0.00000000
0.41000000,STAND,-0.00003230,-0.00266365,0.00006712,-0.00628897,0.00001465,0.31551521,-0.01450087,0.00017374,0.01003056,0.02078312,0.00000000,28.45083822,28.34893187,29.87583556,29.84993421,0.01101728,-0.77232002,1.52715985,0.00000000,-0.77297953,1.50050035,4.08782377,0.00000000
0.42000000,STAND,-0.00003307,-0.00248657,0.00006742,-0.00613528,0.00001506,0.31552121,-0.01435100,0.00017413,0.00994286,0.02077603,0.00000000,28.52127627,28.41749727,29.80376740,29.77641947,0.01117929,-0.77251732,1.52718391,0.00000000,-0.77297953,1.50050035,4.07071452,0.00000000
0.43000000,STAND,-0.00003378,-0.00234504,0.00006774,-0.00601149,0.00001545,0.31552292,-0.01422936,0.00017450,0.00987347,0.02077057,0.00000000,28.55614338,28.45081743,29.77327645,29.74476983,0.01133663,-0.77265108,1.52720550,0.00000000,-0.77297953,1.50050035,4.06189534,0.00000000
0.44000000,STAND,-0.00003439,-0.00223927,0.00006805,-0.00591790,0.00001580,0.31552041,-0.01413632,0.00017484,0.00982251,0.02076670,0.00000000,28.55735921,28.45083029,29.78215507,29.75278115,0.01148832,-0.77272339,1.52722470,0.00000000,-0.77297953,1.50050035,4.06098106,0.00000000
0.45000000,STAND,-0.00003490,-0.00216885,0.00006835,-0.00585422,0.00001611,0.31551380,-0.01407168,0.00017513,0.00978976,0.02076437,0.00000000,28.52718364,28.41979895,29.82755524,29.79759989,0.01163350,-0.77273727,1.52724147,0.00000000,-0.77297953,1.50050035,4.06745763,0.00000000
0.46000000,STAND,-0.00003530,-0.00213279,0.00006862,-0.00581964,0.00001636,0.31550333,-0.01403476,0.00017538,0.00977465,0.02076351,0.00000000,28.46821021,28.36030679,29.90610772,29.87584370,0.01177143,-0.77269658,1.52725572,0.00000000,-0.77297953,1.50050035,4.08070355,0.00000000
0.47000000,STAND,-0.00003558,-0.00212955,0.00006885,-0.00581286,0.00001657,0.31548928,-0.01402438,0.00017557,0.00977634,0.02076404,0.00000000,28.38335053,28.27524388,30.01404265,29.98372331,0.01190146,-0.77260590,1.52726728,0.00000000,-0.77297953,1.50050035,4.10001192,0.00000000
0.48000000,STAND,-0.00003576,-0.00215712,0.00006903,-0.00583215,0.00001671,0.31547202,-0.01403898,0.00017572,0.00979374,0.02076583,0.00000000,28.27580210,28.16777699,30.14730533,30.11715953,0.01202310,-0.77247041,1.52727601,0.00000000,-0.77297953,1.50050035,4.12461188,0.00000000
0.49000000,STAND,-0.00003582,-0.00221304,0.00006916,-0.00587542,0.00001680,0.31545193,-0.01407661,0.00017581,0.00982551,0.02076879,0.00000000,28.14899790,28.04130143,30.30166330,30.27189164,0.01213598,-0.77229576,1.52728176,0.00000000,-0.77297953,1.50050035,4.15368906,0.00000000
0.50000000,STAND,-0.00003579,-0.00229454,0.00006925,-0.00594027,0.00001684,0.31542943,-0.01413505,0.00017586,0.00987017,0.02077278,0.00000000,28.00653973,27.89937665,30.47280325,30.44357536,0.01223985,-0.77208794,1.52728449,0.00000000,-0.77297953,1.50050035,4.18640453,0.00000000
0.51000000,STAND,-0.00003566,-0.00239853,0.00006929,-0.00602409,0.00001684,0.31540496,-0.01421185,0.00017586,0.00992609,0.02077765,0.00000000,27.85212028,27.74565039,30.65641722,30.62787019,0.01233459,-0.77185316,1.52728417,0.00000000,-0.77297953,1.50050035,4.22191217,0.00000000
0.52000000,STAND,-0.00003546,-0.00252173,0.00006929,-0.00612406,0.00001679,0.31537898,-0.01430437,0.00017582,0.00999153,0.02078326,0.00000000,27.68943980,27.58377742,30.84827885,30.82051665,0.01242022,-0.77159770,1.52728090,0.00000000,-0.77297953,1.50050035,4.25937443,0.00000000
0.53000000,STAND,-0.00003521,-0.00266070,0.00006927,-0.00623728,0.00001671,0.31535192,-0.01440986,0.00017574,0.01006469,0.02078946,0.00000000,27.52212344,27.41733862,31.04431061,31.01740444,0.01249688,-0.77132782,1.52727484,0.00000000,-0.77297953,1.50050035,4.29797651,0.00000000
0.54000000,STAND,-0.00003490,-0.00281196,0.00006922,-0.00636079,0.00001659,0.31532423,-0.01452552,0.00017564,0.01014378,0.02079609,0.00000000,27.35364440,27.24976560,31.24064279,31.21463234,0.01256480,-0.77104960,1.52726621,0.00000000,-0.77297953,1.50050035,4.33693905,0.00000000
0.55000000,STAND,-0.00003457,-0.00297201,0.00006916,-0.00649165,0.00001646,0.31529633,-0.01464857,0.00017552,0.01022697,0.02080299,0.00000000,27.18725655,27.08427458,31.43366511,31.40856052,0.01262434,-0.77076888,1.52725528,0.00000000,-0.77297953,1.50050035,4.37552933,0.00000000
0.56000000,STAND,-0.00003421,-0.00313742,0.00006909,-0.00662697,0.00001631,0.31526863,-0.01477627,0.00017538,0.01031253,0.02081002,0.00000000,27.02593898,26.92381192,31.62007114,31.59585570,0.01267593,-0.77049113,1.52724236,0.00000000,-0.77297953,1.50050035,4.41307101,0.00000000
0.57000000,STAND,-0.00003385,-0.00330490,0.00006903,-0.00676399,0.00001615,0.31524152,-0.01490596,0.00017523,0.01039876,0.02081705,0.00000000,26.87235347,26.77101216,31.79689571,31.77352897,0.01272009,-0.77022138,1.52722778,0.00000000,-0.77297953,1.50050035,4.44895233,0.00000000
0.58000000,STAND,-0.00003350,-0.00347134,0.00006898,-0.00690011,0.00001599,0.31521535,-0.01503517,0.00017507,0.01048410,0.02082393,0.00000000,26.72881462,26.62816856,31.96154502,31.93896642,0.01275740,-0.76996417,1.52721189,0.00000000,-0.77297953,1.50050035,4.48263282,0.00000000
0.59000000,STAND,-0.00003317,-0.00363385,0.00006894,-0.00703292,0.00001583,0.31519043,-0.01516157,0.00017492,0.01056707,0.02083055,0.00000000,26.59727187,26.49721523,32.11181929,32.08995196,0.01278848,-0.76972348,1.52719502,0.00000000,-0.77297953,1.50050035,4.51364842,0.00000000
0.60000000,STAND,-0.00003286,-0.00378982,0.00006892,-0.00716022,0.00001567,0.31516707,-0.01528306,0.00017477,0.01064638,0.02083681,0.00000000,26.47930193,26.37971939,32.24592752,32.22468230,0.01281399,-0.76950271,1.52717749,0.00000000,-0.77297953,1.50050035,4.54161489,0.00000000
0.61000000,STAND,-0.00003259,-0.00393692,0.00006891,-0.00728009,0.00001553,0.31514549,-0.01539778,0.00017464,0.01072085,0.02084261,0.00000000,26.37611011,26.27688235,32.36249446,32.34177384,0.01283461,-0.76930463,1.52715961,0.00000000,-0.77297953,1.50050035,4.56622974,0.00000000
0.62000000,STAND,-0.00003235,-0.00407314,0.00006893,-0.00739085,0.00001541,0.31512590,-0.01550410,0.00017451,0.01078950,0.02084789,0.00000000,26.28853892,26.18954766,32.46055955,32.44026151,0.01285105,-0.76913140,1.52714169,0.00000000,-0.77297953,1.50050035,4.58727246,0.00000000
0.63000000,STAND,-0.00003216,-0.00419682,0.00006897,-0.00749113,0.00001530,0.31510845,-0.01560068,0.00017440,0.01085151,0.02085258,0.00000000,26.21708257,26.11821491,32.53956826,32.51958988,0.01286399,-0.76898458,1.52712398,0.00000000,-0.77297953,1.50050035,4.60460320,0.00000000
0.64000000,STAND,-0.00003200,-0.00430663,0.00006903,-0.00757983,0.00001521,0.31509326,-0.01568643,0.00017431,0.01090623,0.02085663,0.00000000,26.16190620,26.06305826,32.59935618,32.57959687,0.01287409,-0.76886511,1.52710675,0.00000000,-0.77297953,1.50050035,4.61816007,0.00000000
0.65000000,STAND,-0.00003188,-0.00440159,0.00006910,-0.00765615,0.00001513,0.31508038,-0.01576054,0.00017424,0.01095321,0.02086003,0.00000000,26.12286876,26.02394853,32.64012658,32.62049098,0.01288202,-0.76877337,1.52709020,0.00000000,-0.77297953,1.50050035,4.62795508,0.00000000
0.66000000,STAND,-0.00003181,-0.00448104,0.00006919,-0.00771955,0.00001508,0.31506983,-0.01582249,0.00017418,0.01099214,0.02086275,0.00000000,26.09954881,26.00047823,32.66242226,32.64282252,0.01288840,-0.76870919,1.52707456,0.00000000,-0.77297953,1.50050035,4.63406899,0.00000000
0.67000000,STAND,-0.00003176,-0.00454466,0.00006928,-0.00776978,0.00001504,0.31506160,-0.01587198,0.00017414,0.01102290,0.02086479,0.00000000,26.09127269,25.99198893,32.66709254,32.64745025,0.01289378,-0.76867192,1.52705998,0.00000000,-0.77297953,1.50050035,4.63664511,0.00000000
0.68000000,STAND,-0.00003175,-0.00459244,0.00006938,-0.00780684,0.00001502,0.31505560,-0.01590899,0.00017412,0.01104551,0.02086616,0.00000000,26.09714432,25.99760038,32.65525653,32.63550402,0.01289871,-0.76866045,1.52704663,0.00000000,-0.77297953,1.50050035,4.63588236,0.00000000
0.69000000,STAND,-0.00003177,-0.00462466,0.00006948,-0.00783100,0.00001502,0.31505175,-0.01593372,0.00017411,0.01106016,0.02086689,0.00000000,26.11607644,26.01624100,32.62826361,32.60834481,0.01290367,-0.76867326,1.52703461,0.00000000,-0.77297953,1.50050035,4.63202776,0.00000000
0.70000000,STAND,-0.00003181,-0.00464186,0.00006958,-0.00784270,0.00001502,0.31504991,-0.01594657,0.00017411,0.01106716,0.02086700,0.00000000,26.14682259,26.04667938,32.58765219,32.56752296,0.01290906,-0.76870850,1.52702403,0.00000000,-0.77297953,1.50050035,4.62536851,0.00000000
0.71000000,STAND,-0.00003186,-0.00464482,0.00006968,-0.00784261,0.00001504,0.31504991,-0.01594815,0.00017412,0.01106692,0.02086653,0.00000000,26.18800963,26.08755621,32.53510772,32.51473576,0.01291526,-0.76876404,1.52701495,0.00000000,-0.77297953,1.50050035,4.61622381,0.00000000
0.72000000,STAND,-0.00003193,-0.00463452,0.00006976,-0.00783156,0.00001507,0.31505159,-0.01593923,0.00017415,0.01105998,0.02086554,0.00000000,26.23817008,26.13741635,32.47242083,32.45178522,0.01292256,-0.76883752,1.52700740,0.00000000,-0.77297953,1.50050035,4.60493677,0.00000000
0.73000000,STAND,-0.00003200,-0.00461213,0.00006983,-0.00781053,0.00001510,0.31505473,-0.01592070,0.00017417,0.01104696,0.02086408,0.00000000,26.29577423,26.19474056,32.40144650,32.38053688,0.01293121,-0.76892640,1.52700139,0.00000000,-0.77297953,1.50050035,4.59186629,0.00000000
0.74000000,STAND,-0.00003208,-0.00457893,0.00006989,-0.00778061,0.00001514,0.31505912,-0.01589358,0.00017421,0.01102854,0.02086220,0.00000000,26.35926107,26.25797633,32.32406491,32.30288044,0.01294138,-0.76902805,1.52699691,0.00000000,-0.77297953,1.50050035,4.57737936,0.00000000
0.75000000,STAND,-0.00003215,-0.00453635,0.00006994,-0.00774297,0.00001518,0.31506455,-0.01585898,0.00017424,0.01100545,0.02085997,0.00000000,26.42706812,26.32556756,32.24214460,32.22069274,0.01295319,-0.76913977,1.52699390,0.00000000,-0.77297953,1.50050035,4.56184369,0.00000000
0.76000000,STAND,-0.00003222,-0.00448587,0.00006996,-0.00769887,0.00001522,0.31507080,-0.01581807,0.00017428,0.01097847,0.02085745,0.00000000,26.49765931,26.39598249,32.15750860,32.13580372,0.01296672,-0.76925887,1.52699229,0.00000000,-0.77297953,1.50050035,4.54562081,0.00000000
0.77000000,STAND,-0.00003229,-0.00442901,0.00006997,-0.00764956,0.00001526,0.31507764,-0.01577205,0.00017432,0.01094837,0.02085471,0.00000000,26.56955083,26.46773965,32.07190374,32.04996574,0.01298198,-0.76938271,1.52699200,0.00000000,-0.77297953,1.50050035,4.52905988,0.00000000
0.78000000,STAND,-0.00003234,-0.00436732,0.00006997,-0.00759633,0.00001530,0.31508487,-0.01572212,0.00017435,0.01091596,0.02085182,0.00000000,26.64133447,26.53943125,31.98697369,31.96482661,0.01299893,-0.76950874,1.52699292,0.00000000,-0.77297953,1.50050035,4.51249206,0.00000000
0.79000000,STAND,-0.00003238,-0.00430230,0.00006995,-0.00754045,0.00001533,0.31509228,-0.01566950,0.00017438,0.01088201,0.02084883,0.00000000,26.71169819,26.60974407,31.90423577,31.88190642,0.01301750,-0.76963452,1.52699491,0.00000000,-0.77297953,1.50050035,4.49622568,0.00000000
0.80000000,STAND,-0.00003241,-0.00423543,0.00006991,-0.00748313,0.00001536,0.31509969,-0.01561535,0.00017441,0.01084727,0.02084581,0.00000000,26.77944373,26.67747723,31.82506183,31.80257857,0.01303756,-0.76975782,1.52699784,0.00000000,-0.77297953,1.50050035,4.48054216,0.00000000
0.81000000,STAND,-0.00003243,-0.00416813,0.00006986,-0.00742555,0.00001538,0.31510691,-0.01556079,0.00017443,0.01081246,0.02084281,0.00000000,26.84350107,26.74155693,31.75066316,31.72805477,0.01305896,-0.76987657,1.52700158,0.00000000,-0.77297953,1.50050035,4.46569270,0.00000000
0.82000000,STAND,-0.00003244,-0.00410170,0.00006980,-0.00736881,0.00001540,0.31511381,-0.01550685,0.00017445,0.01077824,0.02083989,0.00000000,26.90293972,26.80104802,31.68207941,31.65937410,0.01308153,-0.76998895,1.52700596,0.00000000,-0.77297953,1.50050035,4.45189574,0.00000000
0.83000000,STAND,-0.00003244,-0.00403735,0.00006973,-0.00731389,0.00001541,0.31512023,-0.01545451,0.00017447,0.01074522,0.02083710,0.00000000,26.95697663,26.85516218,31.62017145,31.59739610,0.01310507,-0.77009336,1.52701084,0.00000000,-0.77297953,1.50050035,4.43933524,0.00000000
0.84000000,STAND,-0.00003243,-0.00397617,0.00006966,-0.00726170,0.00001542,0.31512606,-0.01540464,0.00017448,0.01071395,0.02083448,0.00000000,27.00498104,26.90326303,31.56561807,31.54279756,0.01312935,-0.77018846,1.52701606,0.00000000,-0.77297953,1.50050035,4.42815968,0.00000000
0.85000000,STAND,-0.00003240,-0.00391911,0.00006958,-0.00721303,0.00001542,0.31513121,-0.01535798,0.00017448,0.01068491,0.02083207,0.00000000,27.04647608,26.94486798,31.51891614,31.49607291,0.01315415,-0.77027319,1.52702148,0.00000000,-0.77297953,1.50050035,4.41848182,0.00000000
0.86000000,STAND,-0.00003237,-0.00386697,0.00006950,-0.00716854,0.00001542,0.31513560,-0.01531520,0.00017448,0.01065848,0.02082990,0.00000000,27.08113743,26.97964712,31.48038419,31.45753790,0.01317924,-0.77034671,1.52702695,0.00000000,-0.77297953,1.50050035,4.41037906,0.00000000
0.87000000,STAND,-0.00003234,-0.00382041,0.00006942,-0.00712878,0.00001542,0.31513918,-0.01527682,0.00017448,0.01063500,0.02082798,0.00000000,27.10878923,27.00741935,31.45016889,31.42733627,0.01320437,-0.77040848,1.52703236,0.00000000,-0.77297953,1.50050035,4.40389447,0.00000000
0.88000000,STAND,-0.00003230,-0.00377995,0.00006934,-0.00709417,0.00001541,0.31514190,-0.01524327,0.00017448,0.01061472,0.02082635,0.00000000,27.12939746,27.02814581,31.42825426,31.40544909,0.01322933,-0.77045820,1.52703758,0.00000000,-0.77297953,1.50050035,4.39903841,0.00000000
0.89000000,STAND,-0.00003226,-0.00374594,0.00006926,-0.00706501,0.00001540,0.31514377,-0.01521484,0.00017447,0.01059780,0.02082500,0.00000000,27.14306100,27.04192124,31.41447319,31.39170636,0.01325389,-0.77049581,1.52704250,0.00000000,-0.77297953,1.50050035,4.39579052,0.00000000
0.90000000,STAND,-0.00003222,-0.00371860,0.00006919,-0.00704146,0.00001539,0.31514476,-0.01519171,0.00017446,0.01058434,0.02082396,0.00000000,27.15000089,27.04896316,31.40852087,31.38580054,0.01327783,-0.77052146,1.52704703,0.00000000,-0.77297953,1.50050035,4.39410227,0.00000000
0.91000000,STAND,-0.00003218,-0.00369802,0.00006913,-0.00702358,0.00001538,0.31514491,-0.01517396,0.00017445,0.01057436,0.02082320,0.00000000,27.15054789,27.04959956,31.40996984,31.38730168,0.01330098,-0.77053555,1.52705109,0.00000000,-0.77297953,1.50050035,4.39389972,0.00000000
0.92000000,STAND,-0.00003214,-0.00368412,0.00006907,-0.00701134,0.00001537,0.31514425,-0.01516155,0.00017444,0.01056783,0.02082274,0.00000000,27.14512878,27.04425525,31.41828618,31.39567368,0.01332315,-0.77053862,1.52705463,0.00000000,-0.77297953,1.50050035,4.39508669,0.00000000
0.93000000,STAND,-0.00003210,-0.00367675,0.00006903,-0.00700457,0.00001536,0.31514283,-0.01515435,0.00017443,0.01056464,0.02082255,0.00000000,27.13425186,27.03343725,31.43284660,31.41029132,0.01334419,-0.77053139,1.52705759,0.00000000,-0.77297953,1.50050035,4.39754798,0.00000000
0.94000000,STAND,-0.00003206,-0.00367562,0.00006899,-0.00700304,0.00001535,0.31514070,-0.01515216,0.00017442,0.01056464,0.02082263,0.00000000,27.11849178,27.01771971,31.45295589,31.43045784,0.01336398,-0.77051475,1.52705994,0.00000000,-0.77297953,1.50050035,4.40115282,0.00000000
0.95000000,STAND,-0.00003203,-0.00368035,0.00006896,-0.00700642,0.00001534,0.31513792,-0.01515467,0.00017441,0.01056761,0.02082295,0.00000000,27.09847424,26.99772842,31.47786454,31.45542247,0.01338240,-0.77048965,1.52706166,0.00000000,-0.77297953,1.50050035,4.40575832,0.00000000
0.96000000,STAND,-0.00003200,-0.00369047,0.00006895,-0.00701432,0.00001532,0.31513459,-0.01516152,0.00017440,0.01057332,0.02082349,0.00000000,27.07486072,26.97412556,31.50678618,31.48439790,0.01339939,-0.77045717,1.52706276,0.00000000,-0.77297953,1.50050035,4.41121292,0.00000000
0.97000000,STAND,-0.00003198,-0.00370546,0.00006894,-0.00702630,0.00001532,0.31513077,-0.01517230,0.00017439,0.01058147,0.02082423,0.00000000,27.04833365,26.94759477,31.53891445,31.51657709,0.01341487,-0.77041844,1.52706323,0.00000000,-0.77297953,1.50050035,4.41735976,0.00000000
0.98000000,STAND,-0.00003196,-0.00372473,0.00006894,-0.00704186,0.00001531,0.31512655,-0.01518655,0.00017438,0.01059177,0.02082513,0.00000000,27.01958219,26.91882678,31.57343913,31.55114941,0.01342883,-0.77037462,1.52706310,0.00000000,-0.77297953,1.50050035,4.42403993,0.00000000
0.99000000,STAND,-0.00003195,-0.00374766,0.00006895,-0.00706049,0.00001530,0.31512203,-0.01520378,0.00017437,0.01060388,0.02082618,0.00000000,26.98928895,26.88850607,31.60956125,31.58731568,0.01344126,-0.77032689,1.52706239,0.00000000,-0.77297953,1.50050035,4.43109554,0.00000000
1.00000000,STAND,-0.00003194,-0.00377359,0.00006897,-0.00708162,0.00001530,0.31511728,-0.01522346,0.00017437,0.01061747,0.02082734,0.00000000,26.95811771,26.85729851,31.64650701,31.62430205,0.01345216,-0.77027642,1.52706115,0.00000000,-0.77297953,1.50050035,4.43837250,0.00000000
1.01000000,STAND,-0.00003193,-0.00380187,0.00006899,-0.00710472,0.00001529,0.31511239,-0.01524509,0.00017437,0.01063220,0.02082858,0.00000000,26.92670244,26.82584023,31.68354021,31.66137244,0.01346159,-0.77022435,1.52705943,0.00000000,-0.77297953,1.50050035,4.44572318,0.00000000
1.02000000,STAND,-0.00003193,-0.00383184,0.00006902,-0.00712922,0.00001529,0.31510745,-0.01526812,0.00017436,0.01064773,0.02082987,0.00000000,26.89563759,26.79472786,31.71997330,31.69783946,0.01346958,-0.77017176,1.52705727,0.00000000,-0.77297953,1.50050035,4.45300861,0.00000000
1.03000000,STAND,-0.00003192,-0.00386285,0.00006906,-0.00715459,0.00001529,0.31510254,-0.01529206,0.00017436,0.01066372,0.02083119,0.00000000,26.86546993,26.76451030,31.75517664,31.73307374,0.01347623,-0.77011969,1.52705474,0.00000000,-0.77297953,1.50050035,4.46010047,0.00000000
1.04000000,STAND,-0.00003192,-0.00389427,0.00006909,-0.00718031,0.00001529,0.31509774,-0.01531639,0.00017436,0.01067986,0.02083251,0.00000000,26.83669175,26.73568179,31.78858622,31.76651151,0.01348160,-0.77006908,1.52705189,0.00000000,-0.77297953,1.50050035,4.46688276,0.00000000
1.05000000,STAND,-0.00003192,-0.00392553,0.00006913,-0.00720588,0.00001528,0.31509310,-0.01534066,0.00017436,0.01069585,0.02083380,0.00000000,26.80973561,26.70867670,31.81970953,31.79766055,0.01348581,-0.77002077,1.52704879,0.00000000,-0.77297953,1.50050035,4.47325305,0.00000000
1.06000000,STAND,-0.00003193,-0.00395607,0.00006917,-0.00723085,0.00001528,0.31508870,-0.01536443,0.00017435,0.01071141,0.02083505,0.00000000,26.78497059,26.68386566,31.84812982,31.82610436,0.01348896,-0.76997552,1.52704550,0.00000000,-0.77297953,1.50050035,4.47912349,0.00000000
1.07000000,STAND,-0.00003193,-0.00398541,0.00006921,-0.00725481,0.00001528,0.31508458,-0.01538729,0.00017435,0.01072630,0.02083623,0.00000000,26.76269995,26.66155324,31.87350860,31.85150465,0.01349117,-0.76993397,1.52704208,0.00000000,-0.77297953,1.50050035,4.48442138,0.00000000
1.08000000,STAND,-0.00003193,-0.00401309,0.00006925,-0.00727739,0.00001528,0.31508080,-0.01540890,0.00017435,0.01074028,0.02083733,0.00000000,26.74316018,26.64197691,31.89558657,31.87360228,0.01349256,-0.76989664,1.52703859,0.00000000,-0.77297953,1.50050035,4.48908952,0.00000000
1.09000000,STAND,-0.00003193,-0.00403875,0.00006929,-0.00729828,0.00001528,0.31507738,-0.01542895,0.00017435,0.01075318,0.02083833,0.00000000,26.72652131,26.62530746,31.91418300,31.89221663,0.01349326,-0.76986394,1.52703510,0.00000000,-0.77297953,1.50050035,4.49308620,0.00000000
1.10000000,STAND,-0.00003193,-0.00406206,0.00006933,-0.00731721,0.00001528,0.31507436,-0.01544718,0.00017435,0.01076484,0.02083923,0.00000000,26.71288845,26.61165044,31.92919372,31.90724359,0.01349339,-0.76983619,1.52703165,0.00000000,-0.77297953,1.50050035,4.49638491,0.00000000
1.11000000,STAND,-0.00003193,-0.00408277,0.00006936,-0.00733397,0.00001528,0.31507175,-0.01546338,0.00017435,0.01077514,0.02084000,0.00000000,26.70230439,26.60104881,31.94058780,31.91865224,0.01349307,-0.76981356,1.52702830,0.00000000,-0.77297953,1.50050035,4.49897376,0.00000000
1.12000000,STAND,-0.00003193,-0.00410070,0.00006939,-0.00734842,0.00001528,0.31506956,-0.01547741,0.00017435,0.01078398,0.02084065,0.00000000,26.69475314,26.59348654,31.94840315,31.92648044,0.01349242,-0.76979613,1.52702509,0.00000000,-0.77297953,1.50050035,4.50085475,0.00000000
1.13000000,STAND,-0.00003192,-0.00411571,0.00006941,-0.00736044,0.00001528,0.31506781,-0.01548915,0.00017434,0.01079130,0.02084117,0.00000000,26.69016427,26.58889292,31.95274105,31.93082941,0.01349155,-0.76978388,1.52702206,0.00000000,-0.77297953,1.50050035,4.50204275,0.00000000
1.14000000,STAND,-0.00003192,-0.00412775,0.00006943,-0.00736999,0.00001527,0.31506647,-0.01549855,0.00017434,0.01079709,0.02084157,0.00000000,26.68841798,26.58714769,31.95376001,31.93185754,0.01349058,-0.76977669,1.52701925,0.00000000,-0.77297953,1.50050035,4.50256434,0.00000000
1.15000000,STAND,-0.00003191,-0.00413681,0.00006945,-0.00737706,0.00001527,0.31506555,-0.01550561,0.00017434,0.01080135,0.02084183,0.00000000,26.68935068,26.58808666,31.95166886,31.92977357,0.01348959,-0.76977437,1.52701669,0.00000000,-0.77297953,1.50050035,4.50245654,0.00000000
1.16000000,STAND,-0.00003191,-0.00414294,0.00006946,-0.00738171,0.00001527,0.31506501,-0.01551036,0.00017433,0.01080411,0.02084198,0.00000000,26.69276097,26.59150772,31.94671946,31.92482926,0.01348868,-0.76977663,1.52701439,0.00000000,-0.77297953,1.50050035,4.50176540,0.00000000
1.17000000,STAND,-0.00003190,-0.00414624,0.00006947,-0.00738400,0.00001527,0.31506484,-0.01551287,0.00017433,0.01080542,0.02084200,0.00000000,26.69841590,26.59717713,31.93919910,31.91731179,0.01348792,-0.76978313,1.52701237,0.00000000,-0.77297953,1.50050035,4.50054452,0.00000000
1.18000000,STAND,-0.00003189,-0.00414686,0.00006947,-0.00738408,0.00001526,0.31506501,-0.01551325,0.00017433,0.01080537,0.02084192,0.00000000,26.70605737,26.60483598,31.92942275,31.90753606,0.01348739,-0.76979347,1.52701064,0.00000000,-0.77297953,1.50050035,4.49885357,0.00000000
1.19000000,STAND,-0.00003188,-0.00414498,0.00006947,-0.00738208,0.00001526,0.31506548,-0.01551165,0.00017432,0.01080406,0.02084174,0.00000000,26.71540860,26.61420663,31.91772532,31.89583696,0.01348713,-0.76980721,1.52700922,0.00000000,-0.77297953,1.50050035,4.49675675,0.00000000
1.20000000,STAND,-0.00003187,-0.00414081,0.00006947,-0.00737820,0.00001525,0.31506621,-0.01550824,0.00017432,0.01080160,0.02084146,0.00000000,26.72618037,26.62499907,31.90445414,31.88256181,0.01348719,-0.76982387,1.52700809,0.00000000,-0.77297953,1.50050035,4.49432129,0.00000000
1.21000000,STAND,-0.00003186,-0.00413461,0.00006946,-0.00737263,0.00001525,0.31506718,-0.01550320,0.00017432,0.01079811,0.02084111,0.00000000,26.73807721,26.63691705,31.88996166,31.86806310,0.01348760,-0.76984296,1.52700724,0.00000000,-0.77297953,1.50050035,4.49161604,0.00000000
1.22000000,STAND,-0.00003185,-0.00412663,0.00006945,-0.00736561,0.00001525,0.31506833,-0.01549674,0.00017431,0.01079375,0.02084069,0.00000000,26.75080319,26.64966395,31.87459862,31.85269168,0.01348839,-0.76986398,1.52700668,0.00000000,-0.77297953,1.50050035,4.48871005,0.00000000
1.23000000,STAND,-0.00003184,-0.00411715,0.00006944,-0.00735735,0.00001524,0.31506964,-0.01548909,0.00017431,0.01078864,0.02084022,0.00000000,26.76406736,26.66294822,31.85870768,31.83679035,0.01348956,-0.76988640,1.52700638,0.00000000,-0.77297953,1.50050035,4.48567129,0.00000000
1.24000000,STAND,-0.00003183,-0.00410647,0.00006942,-0.00734811,0.00001524,0.31507105,-0.01548046,0.00017431,0.01078295,0.02083970,0.00000000,26.77758876,26.67648835,31.84261766,31.82068811,0.01349112,-0.76990974,1.52700632,0.00000000,-0.77297953,1.50050035,4.48256551,0.00000000
1.25000000,STAND,-0.00003182,-0.00409486,0.00006941,-0.00733812,0.00001524,0.31507253,-0.01547109,0.00017431,0.01077682,0.02083916,0.00000000,26.79110085,26.69001739,31.82663843,31.80469509,0.01349305,-0.76993351,1.52700649,0.00000000,-0.77297953,1.50050035,4.47945515,0.00000000
1.26000000,STAND,-0.00003182,-0.00408261,0.00006939,-0.00732762,0.00001524,0.31507404,-0.01546120,0.00017430,0.01077039,0.02083859,0.00000000,26.80435544,26.70328684,31.81105653,31.78909808,0.01349534,-0.76995726,1.52700685,0.00000000,-0.77297953,1.50050035,4.47639839,0.00000000
1.27000000,STAND,-0.00003181,-0.00407001,0.00006938,-0.00731683,0.00001524,0.31507555,-0.01545102,0.00017430,0.01076382,0.02083802,0.00000000,26.81712598,26.71606993,31.79613148,31.77415690,0.01349797,-0.76998055,1.52700739,0.00000000,-0.77297953,1.50050035,4.47344845,0.00000000
1.28000000,STAND,-0.00003180,-0.00405732,0.00006936,-0.00730599,0.00001523,0.31507703,-0.01544074,0.00017430,0.01075722,0.02083746,0.00000000,26.82921028,26.72816436,31.78209285,31.76010148,0.01350091,-0.77000300,1.52700807,0.00000000,-0.77297953,1.50050035,4.47065290,0.00000000
1.29000000,STAND,-0.00003180,-0.00404477,0.00006934,-0.00729530,0.00001523,0.31507844,-0.01543058,0.00017430,0.01075074,0.02083691,0.00000000,26.84043256,26.73939432,31.76913813,31.74712963,0.01350412,-0.77002426,1.52700887,0.00000000,-0.77297953,1.50050035,4.46805315,0.00000000
1.30000000,STAND,-0.00003180,-0.00403261,0.00006933,-0.00728494,0.00001523,0.31507976,-0.01542071,0.00017430,0.01074447,0.02083638,0.00000000,26.85064487,26.74961191,31.75743130,31.73540567,0.01350755,-0.77004404,1.52700976,0.00000000,-0.77297953,1.50050035,4.46568419,0.00000000
1.31000000,STAND,-0.00003179,-0.00402104,0.00006931,-0.00727509,0.00001523,0.31508097,-0.01541130,0.00017430,0.01073854,0.02083588,0.00000000,26.85972797,26.75869802,31.74710209,31.72505969,0.01351118,-0.77006207,1.52701071,0.00000000,-0.77297953,1.50050035,4.46357432,0.00000000
1.32000000,STAND,-0.00003179,-0.00401024,0.00006930,-0.00726589,0.00001523,0.31508205,-0.01540248,0.00017430,0.01073302,0.02083543,0.00000000,26.86759154,26.76656251,31.73824598,31.71618751,0.01351494,-0.77007815,1.52701169,0.00000000,-0.77297953,1.50050035,4.46174512,0.00000000
1.33000000,STAND,-0.00003179,-0.00400035,0.00006929,-0.00725748,0.00001523,0.31508298,-0.01539439,0.00017430,0.01072799,0.02083502,0.00000000,26.87417389,26.77314392,31.73092482,31.70885128,0.01351880,-0.77009213,1.52701269,0.00000000,-0.77297953,1.50050035,4.46021151,0.00000000
1.34000000,STAND,-0.00003179,-0.00399151,0.00006927,-0.00724995,0.00001524,0.31508376,-0.01538712,0.00017430,0.01072352,0.02083466,0.00000000,26.87944117,26.77840864,31.72516797,31.70308062,0.01352271,-0.77010390,1.52701367,0.00000000,-0.77297953,1.50050035,4.45898192,0.00000000
1.35000000,STAND,-0.00003179,-0.00398381,0.00006926,-0.00724338,0.00001524,0.31508437,-0.01538076,0.00017430,0.01071965,0.02083435,0.00000000,26.88338605,26.78234963,31.72097399,31.69887436,0.01352662,-0.77011340,1.52701462,0.00000000,-0.77297953,1.50050035,4.45805860,0.00000000
1.36000000,STAND,-0.00003179,-0.00397733,0.00006925,-0.00723784,0.00001524,0.31508482,-0.01537536,0.00017431,0.01071640,0.02083409,0.00000000,26.88602612,26.78498477,31.71831283,31.69620263,0.01353050,-0.77012063,1.52701551,0.00000000,-0.77297953,1.50050035,4.45743802,0.00000000
1.37000000,STAND,-0.00003179,-0.00397210,0.00006925,-0.00723335,0.00001524,0.31508510,-0.01537095,0.00017431,0.01071382,0.02083389,0.00000000,26.88740180,26.78635475,31.71712829,31.69500942,0.01353429,-0.77012560,1.52701633,0.00000000,-0.77297953,1.50050035,4.45711129,0.00000000
1.38000000,STAND,-0.00003179,-0.00396814,0.00006924,-0.00722993,0.00001524,0.31508521,-0.01536756,0.00017431,0.01071188,0.02083375,0.00000000,26.88757407,26.78652084,31.71734091,31.69521534,0.01353797,-0.77012839,1.52701707,0.00000000,-0.77297953,1.50050035,4.45706469,0.00000000
1.39000000,STAND,-0.00003179,-0.00396544,0.00006924,-0.00722757,0.00001524,0.31508517,-0.01536517,0.00017431,0.01071060,0.02083366,0.00000000,26.88662192,26.78556227,31.71885096,31.69672075,0.01354149,-0.77012911,1.52701771,0.00000000,-0.77297953,1.50050035,4.45728033,0.00000000
1.40000000,STAND,-0.00003179,-0.00396397,0.00006923,-0.00722624,0.00001524,0.31508498,-0.01536376,0.00017431,0.01070995,0.02083363,0.00000000,26.88463969,26.78357360,31.72154171,31.69940892,0.01354483,-0.77012788,1.52701824,0.00000000,-0.77297953,1.50050035,4.45773665,0.00000000
1.41000000,STAND,-0.00003179,-0.00396368,0.00006923,-0.00722590,0.00001524,0.31508466,-0.01536330,0.00017431,0.01070990,0.02083364,0.00000000,26.88173424,26.78066190,31.72528273,31.70314938,0.01354796,-0.77012487,1.52701866,0.00000000,-0.77297953,1.50050035,4.45840917,0.00000000
1.42000000,STAND,-0.00003179,-0.00396449,0.00006923,-0.00722648,0.00001525,0.31508420,-0.01536372,0.00017431,0.01071041,0.02083370,0.00000000,26.87802212,26.77694389,31.72993322,31.70780126,0.01355086,-0.77012027,1.52701897,0.00000000,-0.77297953,1.50050035,4.45927109,0.00000000
1.43000000,STAND,-0.00003179,-0.00396633,0.00006923,-0.00722792,0.00001525,0.31508364,-0.01536497,0.00017431,0.01071144,0.02083380,0.00000000,26.87362678,26.77254316,31.73534530,31.71321656,0.01355351,-0.77011427,1.52701916,0.00000000,-0.77297953,1.50050035,4.46029394,0.00000000
1.44000000,STAND,-0.00003179,-0.00396909,0.00006923,-0.00723013,0.00001525,0.31508299,-0.01536695,0.00017431,0.01071293,0.02083393,0.00000000,26.86867580,26.76758737,31.74136722,31.71924338,0.01355590,-0.77010708,1.52701924,0.00000000,-0.77297953,1.50050035,4.46144825,0.00000000
1.45000000,STAND,-0.00003179,-0.00397266,0.00006923,-0.00723302,0.00001525,0.31508225,-0.01536960,0.00017431,0.01071483,0.02083410,0.00000000,26.86329824,26.76220567,31.74784645,31.72572898,0.01355803,-0.77009892,1.52701920,0.00000000,-0.77297953,1.50050035,4.46270411,0.00000000
1.46000000,STAND,-0.00003179,-0.00397693,0.00006924,-0.00723649,0.00001525,0.31508145,-0.01537281,0.00017431,0.01071708,0.02083430,0.00000000,26.85762219,26.75652618,31.75463245,31.73252264,0.01355990,-0.77009002,1.52701906,0.00000000,-0.77297953,1.50050035,4.46403182,0.00000000
1.47000000,STAND,-0.00003179,-0.00398176,0.00006924,-0.00724044,0.00001525,0.31508061,-0.01537648,0.00017431,0.01071961,0.02083451,0.00000000,26.85177242,26.75067368,31.76157939,31.73947830,0.01356149,-0.77008058,1.52701882,0.00000000,-0.77297953,1.50050035,4.46540234,0.00000000
1.48000000,STAND,-0.00003178,-0.00398705,0.00006925,-0.00724477,0.00001525,0.31507974,-0.01538053,0.00017431,0.01072235,0.02083475,0.00000000,26.84586837,26.74476760,31.76854846,31.74645690,0.01356283,-0.77007084,1.52701849,0.00000000,-0.77297953,1.50050035,4.46678787,0.00000000
1.49000000,STAND,-0.00003178,-0.00399267,0.00006925,-0.00724936,0.00001525,0.31507886,-0.01538485,0.00017431,0.01072525,0.02083499,0.00000000,26.84002225,26.73892013,31.77540995,31.75332850,0.01356392,-0.77006099,1.52701808,0.00000000,-0.77297953,1.50050035,4.46816218,0.00000000
1.50000000,STAND,-0.00003178,-0.00399848,0.00006926,-0.00725412,0.00001524,0.31507798,-0.01538934,0.00017431,0.01072824,0.02083523,0.00000000,26.83433753,26.73323467,31.78204504,31.75997402,0.01356477,-0.77005122,1.52701759,0.00000000,-0.77297953,1.50050035,4.46950108,0.00000000
1.51000000,STAND,-0.00003178,-0.00400438,0.00006926,-0.00725895,0.00001524,0.31507711,-0.01539391,0.00017431,0.01073126,0.02083548,0.00000022,26.82890758,26.72780455,31.78834718,31.76628669,0.01356539,-0.77004172,1.52701705,0.00000000,-0.77297953,1.50050035,4.47078265,0.00000000
1.52000000,STAND,-0.00003178,-0.00401026,0.00006927,-0.00726377,0.00001524,0.31507628,-0.01539848,0.00017431,0.01073426,0.02083573,0.00000047,26.82381470,26.72271198,31.79422326,31.77217319,0.01356582,-0.77003264,1.52701646,0.00000000,-0.77297953,1.50050035,4.47198751,0.00000000
1.53000000,STAND,-0.00003177,-0.00401600,0.00006927,-0.00726847,0.00001524,0.31507549,-0.01540295,0.00017431,0.01073718,0.02083596,0.00000070,26.81912931,26.71802732,31.79959442,31.77755442,0.01356605,-0.77002413,1.52701583,0.00000000,-0.77297953,1.50050035,4.47309906,0.00000000
1.54000000,STAND,-0.00003177,-0.00402153,0.00006928,-0.00727298,0.00001524,0.31507475,-0.01540726,0.00017431,0.01073997,0.02083618,0.00000092,26.81490953,26.71380861,31.80439644,31.78236601,0.01356613,-0.77001631,1.52701518,0.00000000,-0.77297953,1.50050035,4.47410348,0.00000000
1.55000000,STAND,-0.00003177,-0.00402675,0.00006928,-0.00727724,0.00001524,0.31507407,-0.01541134,0.00017431,0.01074260,0.02083639,0.00000113,26.81120089,26.71010131,31.80858001,31.78655846,0.01356607,-0.77000927,1.52701452,0.00000000,-0.77297953,1.50050035,4.47498991,0.00000000
1.56000000,STAND,-0.00003177,-0.00403159,0.00006929,-0.00728119,0.00001524,0.31507346,-0.01541512,0.00017430,0.01074503,0.02083658,0.00000132,26.80803643,26.70693838,31.81211056,31.79009708,0.01356588,-0.77000310,1.52701385,0.00000000,-0.77297953,1.50050035,4.47575039,0.00000000
1.57000000,STAND,-0.00003176,-0.00403599,0.00006929,-0.00728477,0.00001524,0.31507292,-0.01541857,0.00017430,0.01074722,0.02083675,0.00000149,26.80543689,26.70434051,31.81496793,31.79296158,0.01356561,-0.76999786,1.52701320,0.00000000,-0.77297953,1.50050035,4.47637979,0.00000000
1.58000000,STAND,-0.00003176,-0.00403991,0.00006930,-0.00728794,0.00001523,0.31507246,-0.01542164,0.00017430,0.01074916,0.02083690,0.00000164,26.80341122,26.70231657,31.81714571,31.79514547,0.01356526,-0.76999357,1.52701256,0.00000000,-0.77297953,1.50050035,4.47687575,0.00000000
1.59000000,STAND,-0.00003176,-0.00404330,0.00006930,-0.00729068,0.00001523,0.31507208,-0.01542429,0.00017430,0.01075083,0.02083702,0.00000176,26.80195718,26.70086428,31.81865043,31.79665525,0.01356486,-0.76999027,1.52701194,0.00000000,-0.77297953,1.50050035,4.47723854,0.00000000
1.60000000,STAND,-0.00003176,-0.00404615,0.00006930,-0.00729297,0.00001523,0.31507177,-0.01542653,0.00017430,0.01075221,0.02083712,0.00000186,26.80106221,26.69997103,31.81950058,31.79750934,0.01356443,-0.76998793,1.52701136,0.00000000,-0.77297953,1.50050035,4.47747082,0.00000000
1.61000000,STAND,-0.00003175,-0.00404844,0.00006931,-0.00729479,0.00001523,0.31507155,-0.01542832,0.00017430,0.01075331,0.02083719,0.00000193,26.80070430,26.69961479,31.81972541,31.79773702,0.01356399,-0.76998655,1.52701082,0.00000000,-0.77297953,1.50050035,4.47757749,0.00000000
1.62000000,STAND,-0.00003175,-0.00405017,0.00006931,-0.00729614,0.00001523,0.31507140,-0.01542967,0.00017430,0.01075412,0.02083725,0.00000199,26.80085310,26.69976518,31.81936368,31.79737705,0.01356356,-0.76998609,1.52701033,0.00000000,-0.77297953,1.50050035,4.47756541,0.00000000
1.63000000,STAND,-0.00003175,-0.00405135,0.00006931,-0.00729704,0.00001523,0.31507132,-0.01543058,0.00017430,0.01075464,0.02083727,0.00000201,26.80147101,26.70038457,31.81846229,31.79647638,0.01356315,-0.76998649,1.52700988,0.00000000,-0.77297953,1.50050035,4.47744313,0.00000000
1.64000000,STAND,-0.00003175,-0.00405199,0.00006931,-0.00729749,0.00001523,0.31507131,-0.01543108,0.00017429,0.01075490,0.02083728,0.00000202,26.80251441,26.70142934,31.81707484,31.79508867,0.01356278,-0.76998769,1.52700949,0.00000000,-0.77297953,1.50050035,4.47722068,0.00000000
1.65000000,STAND,-0.00003175,-0.00405213,0.00006931,-0.00729753,0.00001523,0.31507136,-0.01543117,0.00017429,0.01075489,0.02083727,0.00000201,26.80393483,26.70285101,31.81526023,31.79327288,0.01356247,-0.76998961,1.52700916,0.00000000,-0.77297953,1.50050035,4.47690918,0.00000000
1.66000000,STAND,-0.00003174,-0.00405180,0.00006931,-0.00729717,0.00001523,0.31507147,-0.01543089,0.00017429,0.01075465,0.02083723,0.00000197,26.80568020,26.70459750,31.81308114,31.79109180,0.01356221,-0.76999218,1.52700888,0.00000000,-0.77297953,1.50050035,4.47652068,0.00000000
1.67000000,STAND,-0.00003174,-0.00405103,0.00006931,-0.00729646,0.00001522,0.31507162,-0.01543026,0.00017429,0.01075419,0.02083718,0.00000192,26.80769603,26.70661434,31.81060268,31.78861064,0.01356202,-0.76999531,1.52700865,0.00000000,-0.77297953,1.50050035,4.47606777,0.00000000
1.68000000,STAND,-0.00003174,-0.00404988,0.00006931,-0.00729543,0.00001522,0.31507182,-0.01542933,0.00017429,0.01075354,0.02083712,0.00000186,26.80992662,26.70884583,31.80789102,31.78589565,0.01356191,-0.76999889,1.52700848,0.00000000,-0.77297953,1.50050035,4.47556337,0.00000000
1.69000000,STAND,-0.00003174,-0.00404840,0.00006931,-0.00729412,0.00001522,0.31507206,-0.01542813,0.00017429,0.01075272,0.02083704,0.00000178,26.81231613,26.71123613,31.80501205,31.78301287,0.01356187,-0.77000284,1.52700836,0.00000000,-0.77297953,1.50050035,4.47502047,0.00000000
1.70000000,STAND,-0.00003174,-0.00404662,0.00006931,-0.00729258,0.00001522,0.31507232,-0.01542670,0.00017429,0.01075176,0.02083695,0.00000169,26.81480961,26.71373032,31.80203024,31.78002686,0.01356192,-0.77000706,1.52700830,0.00000000,-0.77297953,1.50050035,4.47445186,0.00000000
1.71000000,STAND,-0.00003174,-0.00404462,0.00006931,-0.00729085,0.00001522,0.31507260,-0.01542509,0.00017429,0.01075069,0.02083685,0.00000159,26.81735398,26.71627532,31.79900752,31.77699966,0.01356204,-0.77001146,1.52700827,0.00000000,-0.77297953,1.50050035,4.47386992,0.00000000
1.72000000,STAND,-0.00003174,-0.00404245,0.00006931,-0.00728898,0.00001522,0.31507290,-0.01542333,0.00017429,0.01074954,0.02083675,0.00000149,26.81989887,26.71882076,31.79600234,31.77398984,0.01356225,-0.77001595,1.52700830,0.00000000,-0.77297953,1.50050035,4.47328641,0.00000000
1.73000000,STAND,-0.00003174,-0.00404015,0.00006930,-0.00728701,0.00001522,0.31507320,-0.01542147,0.00017429,0.01074833,0.02083664,0.00000138,26.82239733,26.72131972,31.79306879,31.77105160,0.01356252,-0.77002043,1.52700835,0.00000000,-0.77297953,1.50050035,4.47271234,0.00000000
1.74000000,STAND,-0.00003174,-0.00403778,0.00006930,-0.00728498,0.00001522,0.31507350,-0.01541956,0.00017429,0.01074709,0.02083654,0.00000128,26.82480651,26.72372934,31.79025596,31.76823411,0.01356287,-0.77002483,1.52700845,0.00000000,-0.77297953,1.50050035,4.47215776,0.00000000
1.75000000,STAND,-0.00003174,-0.00403539,0.00006930,-0.00728294,0.00001522,0.31507379,-0.01541763,0.00017429,0.01074584,0.02083643,0.00000117,26.82708812,26.72601135,31.78760735,31.76558097,0.01356328,-0.77002908,1.52700857,0.00000000,-0.77297953,1.50050035,4.47163167,0.00000000
1.76000000,STAND,-0.00003174,-0.00403302,0.00006930,-0.00728093,0.00001522,0.31507407,-0.01541572,0.00017429,0.01074462,0.02083633,0.00000107,26.82920885,26.72813244,31.78516043,31.76312972,0.01356375,-0.77003310,1.52700871,0.00000000,-0.77297953,1.50050035,4.47114194,0.00000000
1.77000000,STAND,-0.00003174,-0.00403073,0.00006929,-0.00727898,0.00001522,0.31507434,-0.01541386,0.00017429,0.01074343,0.02083623,0.00000097,26.83114064,26.73006456,31.78294641,31.76091166,0.01356427,-0.77003685,1.52700887,0.00000000,-0.77297953,1.50050035,4.47069522,0.00000000
1.78000000,STAND,-0.00003174,-0.00402855,0.00006929,-0.00727712,0.00001522,0.31507458,-0.01541208,0.00017429,0.01074231,0.02083613,0.00000087,26.83286083,26.73178504,31.78099008,31.75895161,0.01356483,-0.77004027,1.52700904,0.00000000,-0.77297953,1.50050035,4.47029689,0.00000000
1.79000000,STAND,-0.00003174,-0.00402651,0.00006929,-0.00727538,0.00001523,0.31507480,-0.01541042,0.00017429,0.01074126,0.02083605,0.00000079,26.83435220,26.73327667,31.77930977,31.75726797,0.01356542,-0.77004333,1.52700922,0.00000000,-0.77297953,1.50050035,4.46995109,0.00000000
1.80000000,STAND,-0.00003174,-0.00402463,0.00006929,-0.00727379,0.00001523,0.31507499,-0.01540889,0.00017429,0.01074031,0.02083597,0.00000071,26.83560294,26.73452763,31.77791749,31.75587277,0.01356603,-0.77004599,1.52700940,0.00000000,-0.77297953,1.50050035,4.46966070,0.00000000
1.81000000,STAND,-0.00003174,-0.00402296,0.00006928,-0.00727236,0.00001523,0.31507515,-0.01540751,0.00017429,0.01073946,0.02083590,0.00000064,26.83660647,26.73553135,31.77681912,31.75477192,0.01356666,-0.77004824,1.52700958,0.00000000,-0.77297953,1.50050035,4.46942739,0.00000000
1.82000000,STAND,-0.00003174,-0.00402150,0.00006928,-0.00727112,0.00001523,0.31507528,-0.01540630,0.00017429,0.01073872,0.02083584,0.00000058,26.83736120,26.73628624,31.77601473,31.75396550,0.01356730,-0.77005006,1.52700975,0.00000000,-0.77297953,1.50050035,4.46925162,0.00000000
1.83000000,STAND,-0.00003174,-0.00402027,0.00006928,-0.00727007,0.00001523,0.31507537,-0.01540528,0.00017429,0.01073810,0.02083579,0.00000054,26.83787026,26.73679543,31.77549899,31.75344819,0.01356793,-0.77005146,1.52700991,0.00000000,-0.77297953,1.50050035,4.46913282,0.00000000
1.84000000,STAND,-0.00003174,-0.00401927,0.00006928,-0.00726921,0.00001523,0.31507544,-0.01540444,0.00017429,0.01073761,0.02083576,0.00000050,26.83814106,26.73706632,31.77526161,31.75320969,0.01356855,-0.77005243,1.52701006,0.00000000,-0.77297953,1.50050035,4.46906935,0.00000000
1.85000000,STAND,-0.00003174,-0.00401851,0.00006928,-0.00726856,0.00001523,0.31507547,-0.01540379,0.00017429,0.01073723,0.02083573,0.00000047,26.83818492,26.73711023,31.77528788,31.75323528,0.01356915,-0.77005298,1.52701020,0.00000000,-0.77297953,1.50050035,4.46905870,0.00000000
1.86000000,STAND,-0.00003174,-0.00401799,0.00006928,-0.00726810,0.00001523,0.31507547,-0.01540333,0.00017429,0.01073698,0.02083571,0.00000045,26.83801654,26.73694186,31.77555927,31.75350640,0.01356973,-0.77005315,1.52701032,0.00000000,-0.77297953,1.50050035,4.46909753,0.00000000
1.87000000,STAND,-0.00003174,-0.00401770,0.00006927,-0.00726784,0.00001523,0.31507545,-0.01540306,0.00017429,0.01073685,0.02083570,0.00000044,26.83765352,26.73657882,31.77605399,31.75400124,0.01357028,-0.77005295,1.52701041,0.00000000,-0.77297953,1.50050035,4.46918183,0.00000000
1.88000000,STAND,-0.00003174,-0.00401763,0.00006927,-0.00726777,0.00001523,0.31507540,-0.01540296,0.00017429,0.01073683,0.02083571,0.00000045,26.83711584,26.73604108,31.77674764,31.75469538,0.01357079,-0.77005241,1.52701049,0.00000000,-0.77297953,1.50050035,4.46930704,0.00000000
1.89000000,STAND,-0.00003174,-0.00401778,0.00006927,-0.00726787,0.00001523,0.31507532,-0.01540303,0.00017429,0.01073692,0.02083572,0.00000046,26.83642534,26.73535049,31.77761385,31.75556238,0.01357126,-0.77005157,1.52701055,0.00000000,-0.77297953,1.50050035,4.46946812,0.00000000
1.90000000,STAND,-0.00003174,-0.00401811,0.00006927,-0.00726813,0.00001523,0.31507522,-0.01540326,0.00017429,0.01073711,0.02083574,0.00000048,26.83560517,26.73453019,31.77862485,31.75657446,0.01357169,-0.77005046,1.52701058,0.00000000,-0.77297953,1.50050035,4.46965975,0.00000000
1.91000000,STAND,-0.00003173,-0.00401862,0.00006927,-0.00726854,0.00001523,0.31507511,-0.01540362,0.00017429,0.01073738,0.02083576,0.00000050,26.83467926,26.73360412,31.77975213,31.75770306,0.01357207,-0.77004913,1.52701059,0.00000000,-0.77297953,1.50050035,4.46987638,0.00000000
1.92000000,STAND,-0.00003173,-0.00401928,0.00006927,-0.00726908,0.00001523,0.31507498,-0.01540412,0.00017429,0.01073773,0.02083579,0.00000053,26.83367187,26.73259656,31.78096701,31.75891945,0.01357241,-0.77004761,1.52701058,0.00000000,-0.77297953,1.50050035,4.47011239,0.00000000
1.93000000,STAND,-0.00003173,-0.00402008,0.00006927,-0.00726973,0.00001523,0.31507484,-0.01540471,0.00017429,0.01073815,0.02083583,0.00000057,26.83260710,26.73153158,31.78224112,31.76019523,0.01357270,-0.77004595,1.52701055,0.00000000,-0.77297953,1.50050035,4.47036220,0.00000000
1.94000000,STAND,-0.00003173,-0.00402098,0.00006927,-0.00727046,0.00001523,0.31507469,-0.01540540,0.00017429,0.01073862,0.02083587,0.00000061,26.83150842,26.73043269,31.78354699,31.76150287,0.01357294,-0.77004419,1.52701051,0.00000000,-0.77297953,1.50050035,4.47062034,0.00000000
1.95000000,STAND,-0.00003173,-0.00402198,0.00006928,-0.00727127,0.00001523,0.31507453,-0.01540616,0.00017429,0.01073913,0.02083591,0.00000065,26.83039836,26.72932241,31.78485842,31.76281613,0.01357314,-0.77004237,1.52701044,0.00000000,-0.77297953,1.50050035,4.47088156,0.00000000
1.96000000,STAND,-0.00003173,-0.00402303,0.00006928,-0.00727214,0.00001523,0.31507437,-0.01540697,0.00017429,0.01073968,0.02083596,0.00000070,26.82929808,26.72822191,31.78615091,31.76411049,0.01357329,-0.77004052,1.52701036,0.00000000,-0.77297953,1.50050035,4.47114091,0.00000000
1.97000000,STAND,-0.00003173,-0.00402412,0.00006928,-0.00727303,0.00001523,0.31507421,-0.01540781,0.00017429,0.01074024,0.02083600,0.00000074,26.82822713,26.72715074,31.78740200,31.76536343,0.01357340,-0.77003869,1.52701027,0.00000000,-0.77297953,1.50050035,4.47139382,0.00000000
1.98000000,STAND,-0.00003173,-0.00402523,0.00006928,-0.00727394,0.00001523,0.31507405,-0.01540867,0.00017429,0.01074080,0.02083605,0.00000079,26.82720317,26.72612658,31.78859151,31.76655475,0.01357347,-0.77003691,1.52701016,0.00000000,-0.77297953,1.50050035,4.47163614,0.00000000
1.99000000,STAND,-0.00003173,-0.00402634,0.00006928,-0.00727484,0.00001523,0.31507390,-0.01540953,0.00017429,0.01074136,0.02083610,0.00000084,26.82624178,26.72516500,31.78970178,31.76766677,0.01357350,-0.77003520,1.52701005,0.00000000,-0.77297953,1.50050035,4.47186421,0.00000000
2.00000000,STAND,-0.00003173,-0.00402742,0.00006928,-0.00727573,0.00001522,0.31507376,-0.01541037,0.00017429,0.01074191,0.02083614,0.00000088,26.82535634,26.72427940,31.79071784,31.76868446,0.01357350,-0.77003360,1.52700993,0.00000000,-0.77297953,1.50050035,4.47207487,0.00000000
2.01000000,SHIFT_WEIGHT,-0.00002655,-0.00356646,0.00006957,-0.00727233,0.00001498,0.31506917,-0.01540851,0.00017411,0.01074594,0.02086315,0.00002789,24.83156360,24.69698291,32.92347563,32.86956041,0.01353871,-0.77009687,1.52786056,0.00000010,-0.77503417,1.50442940,4.68205256,0.00000001
2.02000000,SHIFT_WEIGHT,-0.00002256,-0.00292304,0.00007019,-0.00724882,0.00001437,0.31505010,-0.01538991,0.00017357,0.01073106,0.02088442,0.00004916,26.37343639,26.25420395,31.93762833,31.90041443,0.01350077,-0.77020967,1.52895407,0.00000101,-0.77466178,1.50371911,4.58501609,0.00000001
2.03000000,SHIFT_WEIGHT,-0.00002023,-0.00251847,0.00007093,-0.00720481,0.00001364,0.31502596,-0.01535184,0.00017289,0.01069705,0.02087813,0.00004287,26.94585238,26.83852235,31.97229275,31.94782292,0.01348486,-0.77036028,1.52958913,0.00000358,-0.77441529,1.50325271,4.57362115,0.00000000
2.04000000,SHIFT_WEIGHT,-0.00001789,-0.00233264,0.00007156,-0.00714646,0.00001293,0.31500745,-0.01529918,0.00017220,0.01065448,0.02086207,0.00002681,27.09223787,27.00024893,32.14367069,32.13444686,0.01348379,-0.77054552,1.52984723,0.00000866,-0.77429254,1.50302771,4.56974429,0.00000000
2.05000000,SHIFT_WEIGHT,-0.00001494,-0.00226649,0.00007178,-0.00707953,0.00001236,0.31500011,-0.01523732,0.00017164,0.01060918,0.02084758,0.00001232,27.07049120,26.99807820,32.20272090,32.21175253,0.01349037,-0.77074077,1.52989008,0.00001707,-0.77423715,1.50293788,4.55543336,0.00000000
2.06000000,SHIFT_WEIGHT,-0.00001125,-0.00224218,0.00007135,-0.00700801,0.00001210,0.31500468,-0.01517026,0.00017134,0.01056348,0.02083801,0.00000275,27.00694377,26.95823864,32.12375268,32.15382674,0.01350079,-0.77092304,1.52983054,0.00002962,-0.77420215,1.50289494,4.53229445,0.00000000
2.07000000,SHIFT_WEIGHT,-0.00000677,-0.00221989,0.00007006,-0.00693436,0.00001234,0.31501893,-0.01510062,0.00017150,0.01051822,0.02083276,-0.00000250,26.95365757,26.93247156,31.95684313,32.01043927,0.01351391,-0.77108122,1.52972831,0.00004709,-0.77416206,1.50285169,4.50275816,0.00000000
2.08000000,SHIFT_WEIGHT,-0.00000155,-0.00218690,0.00006779,-0.00686022,0.00001331,0.31503947,-0.01503014,0.00017231,0.01047386,0.02083015,-0.00000511,26.92650857,26.93616670,31.75788458,31.83711160,0.01353017,-0.77121411,1.52961058,0.00007024,-0.77410753,1.50279168,4.47158173,0.00000000
2.09000000,SHIFT_WEIGHT,0.00000435,-0.00214349,0.00006452,-0.00678697,0.00001526,0.31506291,-0.01496023,0.00017403,0.01043105,0.02082867,-0.00000659,26.92715759,26.97032379,31.56416114,31.67066420,0.01355079,-0.77132488,1.52948948,0.00009981,-0.77403720,1.50271374,4.44200348,0.00000000
2.10000000,SHIFT_WEIGHT,0.00001086,-0.00209364,0.00006027,-0.00671595,0.00001847,0.31508651,-0.01489222,0.00017690,0.01039067,0.02082731,-0.00000795,26.95252662,27.03105046,31.39329570,31.52816799,0.01357730,-0.77141672,1.52937132,0.00013652,-0.77395225,1.50262151,4.41566033,0.00000000
2.11000000,SHIFT_WEIGHT,0.00001783,-0.00204110,0.00005514,-0.00664860,0.00002325,0.31510838,-0.01482750,0.00018121,0.01035377,0.02082552,-0.00000974,26.99761414,27.11242881,31.25000825,31.41373471,0.01361123,-0.77149085,1.52925978,0.00018108,-0.77385388,1.50251861,4.39308899,0.00000000
2.12000000,SHIFT_WEIGHT,0.00002512,-0.00198846,0.00004928,-0.00658640,0.00002989,0.31512747,-0.01476749,0.00018724,0.01032149,0.02082308,-0.00001218,27.05609545,27.20717907,31.13282771,31.32527044,0.01365396,-0.77154623,1.52915644,0.00023417,-0.77374268,1.50240748,4.37424461,0.00000000
2.13000000,SHIFT_WEIGHT,0.00003256,-0.00193750,0.00004289,-0.00653078,0.00003870,0.31514339,-0.01471355,0.00019529,0.01029495,0.02081999,-0.00001527,27.12081800,27.30721547,31.03834761,31.25876961,0.01370665,-0.77158029,1.52906084,0.00029644,-0.77361880,1.50228967,4.35885175,0.00000000
2.14000000,SHIFT_WEIGHT,0.00004001,-0.00188961,0.00003620,-0.00648311,0.00005001,0.31515622,-0.01466698,0.00020564,0.01027518,0.02081640,-0.00001886,27.18464534,27.40454039,30.96322592,31.21034446,0.01377023,-0.77158967,1.52897083,0.00036854,-0.77348220,1.50216631,4.34658981,0.00000000
2.15000000,SHIFT_WEIGHT,0.00004730,-0.00184603,0.00002943,-0.00644456,0.00006411,0.31516633,-0.01462890,0.00021859,0.01026311,0.02081255,-0.00002271,27.24139533,27.49221986,30.90482955,31.17688945,0.01384538,-0.77157101,1.52888324,0.00045110,-0.77333273,1.50203834,4.33717039,0.00000000
2.16000000,SHIFT_WEIGHT,0.00005430,-0.00180783,0.00002284,-0.00641615,0.00008129,0.31517421,-0.01460030,0.00023440,0.01025954,0.02080870,-0.00002656,27.28653728,27.56510494,30.86127280,31.15613104,0.01393258,-0.77152142,1.52879466,0.00054470,-0.77317021,1.50190653,4.33035836,0.00000000
2.17000000,SHIFT_WEIGHT,0.00006090,-0.00177585,0.00001665,-0.00639864,0.00010184,0.31518033,-0.01458192,0.00025336,0.01026510,0.02080510,-0.00003016,27.31748168,27.62013426,30.83126248,31.14647692,0.01403216,-0.77143871,1.52870199,0.00064995,-0.77299432,1.50177141,4.32596773,0.00000000
2.18000000,SHIFT_WEIGHT,0.00006701,-0.00175060,0.00001108,-0.00639260,0.00012601,0.31518510,-0.01457430,0.00027569,0.01028027,0.02080196,-0.00003330,27.33347974,27.65623604,30.81391317,31.14682988,0.01414435,-0.77132150,1.52860286,0.00076739,-0.77280460,1.50163314,4.32384749,0.00000000
2.19000000,SHIFT_WEIGHT,0.00007255,-0.00173228,0.00000632,-0.00639835,0.00015406,0.31518883,-0.01457780,0.00030164,0.01030539,0.02079943,-0.00003583,27.33525623,27.67395487,30.80857568,31.15641030,0.01426932,-0.77116917,1.52849564,0.00089759,-0.77260039,1.50149155,4.32386401,0.00000000
2.20000000,SHIFT_WEIGHT,0.00007749,-0.00172078,0.00000250,-0.00641601,0.00018621,0.31519171,-0.01459254,0.00033141,0.01034065,0.02079760,-0.00003766,27.32452494,27.67495427,30.81468538,31.17459531,0.01440723,-0.77098177,1.52837940,0.00104107,-0.77238091,1.50134611,4.32588366,0.00000000
2.21000000,SHIFT_WEIGHT,0.00008180,-0.00171575,-0.00000025,-0.00644551,0.00022265,0.31519387,-0.01461848,0.00036521,0.01038609,0.02079647,-0.00003879,27.30351153,27.66152148,30.83163567,31.20078067,0.01455824,-0.77075988,1.52825370,0.00119833,-0.77214521,1.50119602,4.32975810,0.00000000
2.22000000,SHIFT_WEIGHT,0.00008548,-0.00171667,-0.00000185,-0.00648660,0.00026359,0.31519538,-0.01465541,0.00040321,0.01044166,0.02079602,-0.00003924,27.27456294,27.63615541,30.85868501,31.23427517,0.01472256,-0.77050444,1.52811835,0.00136987,-0.77189229,1.50104026,4.33531416,0.00000000
2.23000000,SHIFT_WEIGHT,0.00008855,-0.00172292,-0.00000228,-0.00653891,0.00030918,0.31519627,-0.01470300,0.00044558,0.01050721,0.02079620,-0.00003906,27.23987795,27.60127412,30.89490481,31.27423534,0.01490040,-0.77021664,1.52797323,0.00155617,-0.77162108,1.50087771,4.34234920,0.00000000
2.24000000,SHIFT_WEIGHT,0.00009103,-0.00173383,-0.00000152,-0.00660194,0.00035959,0.31519660,-0.01476080,0.00049246,0.01058250,0.02079692,-0.00003834,27.20135912,27.55904341,30.93916924,31.31964258,0.01509204,-0.76989777,1.52781814,0.00175766,-0.77133052,1.50070718,4.35063189,0.00000000
2.25000000,SHIFT_WEIGHT,0.00009296,-0.00174869,0.00000042,-0.00667511,0.00041496,0.31519643,-0.01482825,0.00054399,0.01066726,0.02079809,-0.00003717,27.16056512,27.51130703,30.99018136,31.36931773,0.01529774,-0.76954920,1.52765272,0.00197480,-0.77101954,1.50052747,4.35990739,0.00000000
2.26000000,SHIFT_WEIGHT,0.00009438,-0.00176684,0.00000350,-0.00675777,0.00047541,0.31519585,-0.01490476,0.00060029,0.01076116,0.02079964,-0.00003562,27.11873284,27.45958874,31.04652538,31.42196301,0.01551784,-0.76917221,1.52747641,0.00220800,-0.77068709,1.50033736,4.36990572,0.00000000
2.27000000,SHIFT_WEIGHT,0.00009533,-0.00178761,0.00000765,-0.00684925,0.00054107,0.31519499,-0.01498968,0.00066149,0.01086384,0.02080147,-0.00003379,27.07683832,27.40513613,31.10673261,31.47621965,0.01575265,-0.76876806,1.52728843,0.00245766,-0.77033217,1.50013571,4.38035151,0.00000000
2.28000000,SHIFT_WEIGHT,0.00009586,-0.00181038,0.00001283,-0.00694884,0.00061206,0.31519398,-0.01508237,0.00072768,0.01097494,0.02080353,-0.00003173,27.03566998,27.34898006,31.16935004,31.53072979,0.01600253,-0.76833787,1.52708789,0.00272416,-0.76995383,1.49992138,4.39097395,0.00000000
2.29000000,SHIFT_WEIGHT,0.00009599,-0.00183455,0.00001896,-0.00705585,0.00068847,0.31519299,-0.01518214,0.00079898,0.01109412,0.02080575,-0.00002951,26.99589538,27.29199133,31.23300273,31.58419419,0.01626784,-0.76788266,1.52687378,0.00300787,-0.76955113,1.49969332,4.40151586,0.00000000
2.30000000,SHIFT_WEIGHT,0.00009577,-0.00185958,0.00002598,-0.00716961,0.00077043,0.31519218,-0.01528837,0.00087549,0.01122102,0.02080809,-0.00002717,26.95811075,27.23492359,31.29644449,31.63541996,0.01654897,-0.76740330,1.52664506,0.00330913,-0.76912320,1.49945049,4.41174113,0.00000001
2.31000000,SHIFT_WEIGHT,0.00009522,-0.00188493,0.00003385,-0.00728949,0.00085803,0.31519170,-0.01540044,0.00095729,0.01135532,0.02081049,-0.00002477,26.92286943,27.17843865,31.35859453,31.68335594,0.01684631,-0.76690054,1.52640066,0.00362828,-0.76866923,1.49919195,4.42144039,0.00000001
2.32000000,SHIFT_WEIGHT,0.00009435,-0.00191016,0.00004251,-0.00741490,0.00095137,0.31519171,-0.01551778,0.00104450,0.01149674,0.02081292,-0.00002234,26.89069048,27.12311512,31.41855999,31.72711537,0.01716027,-0.76637495,1.52613959,0.00396563,-0.76818843,1.49891680,4.43043486,0.00000001
2.33000000,SHIFT_WEIGHT,0.00009317,-0.00193482,0.00005194,-0.00754532,0.00105056,0.31519234,-0.01563990,0.00113721,0.01164503,0.02081535,-0.00001991,26.86205221,27.06944454,31.47564601,31.76598739,0.01749128,-0.76582698,1.52586092,0.00432146,-0.76768010,1.49862422,4.43857848,0.00000001
2.34000000,SHIFT_WEIGHT,0.00009169,-0.00195857,0.00006212,-0.00768030,0.00115569,0.31519369,-0.01576636,0.00123550,0.01179999,0.02081774,-0.00001752,26.83737627,27.01782039,31.52935584,31.79943946,0.01783977,-0.76525689,1.52556377,0.00469607,-0.76714356,1.49831346,4.44575874,0.00000001
2.35000000,SHIFT_WEIGHT,0.00008990,-0.00198110,0.00007304,-0.00781949,0.00126687,0.31519585,-0.01589680,0.00133948,0.01196147,0.02082009,-0.00001517,26.81700828,26.96852514,31.57938348,31.82711319,0.01820618,-0.76466479,1.52524737,0.00508972,-0.76657821,1.49798386,4.45189642,0.00000001
2.36000000,SHIFT_WEIGHT,0.00008779,-0.00200217,0.00008471,-0.00796259,0.00138418,0.31519889,-0.01603093,0.00144923,0.01212936,0.02082236,-0.00001290,26.80119963,26.92171966,31.62560146,31.84881563,0.01859095,-0.76405062,1.52491106,0.00550264,-0.76598352,1.49763484,4.45694445,0.00000001
2.37000000,SHIFT_WEIGHT,0.00008533,-0.00202162,0.00009717,-0.00810942,0.00150774,0.31520285,-0.01616857,0.00156485,0.01230361,0.02082454,-0.00001072,26.79009387,26.87743759,31.66804540,31.86450775,0.01899449,-0.76341416,1.52455422,0.00593507,-0.76535901,1.49726590,4.46088629,0.00000001
2.38000000,SHIFT_WEIGHT,0.00008251,-0.00203934,0.00011043,-0.00825986,0.00163762,0.31520775,-0.01630958,0.00168642,0.01248424,0.02082663,-0.00000863,26.78371924,26.83558611,31.70689704,31.87429121,0.01941725,-0.76275502,1.52417633,0.00638723,-0.76470425,1.49687662,4.46373376,0.00000001
2.39000000,SHIFT_WEIGHT,0.00007931,-0.00205530,0.00012454,-0.00841390,0.00177393,0.31521360,-0.01645395,0.00181403,0.01267130,0.02082862,-0.00000664,26.78198797,26.79595286,31.74246636,31.87839420,0.01985960,-0.76207267,1.52377695,0.00685930,-0.76401890,1.49646669,4.46552461,0.00000001
2.40000000,SHIFT_WEIGHT,0.00007569,-0.00206953,0.00013954,-0.00857161,0.00191674,0.31522038,-0.01660172,0.00194775,0.01286489,0.02083051,-0.00000475,26.78470174,26.75821838,31.77517339,31.87715656,0.02032194,-0.76136645,1.52335570,0.00735147,-0.76330264,1.49603586,4.46631972,0.00000001
2.41000000,SHIFT_WEIGHT,0.00007165,-0.00208214,0.00015548,-0.00873311,0.00206614,0.31522808,-0.01675301,0.00208768,0.01306515,0.02083230,-0.00000296,26.79156207,26.72197237,31.80553004,31.87101440,0.02080460,-0.76063557,1.52291227,0.00786392,-0.76255523,1.49558394,4.46703599,0.00000001
2.42000000,SHIFT_WEIGHT,0.00006714,-0.00209327,0.00017240,-0.00889863,0.00222222,0.31523664,-0.01690801,0.00223388,0.01327228,0.02083402,-0.00000124,26.80218437,26.68673246,31.83412190,31.86048417,0.02130790,-0.75987918,1.52244641,0.00839678,-0.76177648,1.49511083,4.47223674,0.00000001
2.43000000,SHIFT_WEIGHT,0.00006214,-0.00210311,0.00019035,-0.00906843,0.00238503,0.31524602,-0.01706696,0.00238642,0.01348648,0.02083567,0.00000041,26.81611412,26.65196374,31.86159022,31.84614631,0.02183211,-0.75909630,1.52195791,0.00895019,-0.76096622,1.49461647,4.47716052,0.00000001
2.44000000,SHIFT_WEIGHT,0.00005665,-0.00211191,0.00020937,-0.00924283,0.00255466,0.31525616,-0.01723016,0.00254537,0.01370801,0.02083727,0.00000201,26.83284410,26.61709804,31.88861421,31.82862848,0.02237746,-0.75828595,1.52144664,0.00952428,-0.76012436,1.49410086,4.48193947,0.00000001
2.45000000,SHIFT_WEIGHT,0.00005063,-0.00211992,0.00022950,-0.00942220,0.00273116,0.31526700,-0.01739795,0.00271078,0.01393713,0.02083885,0.00000359,26.85183160,26.58155199,31.91589372,31.80858874,0.02294414,-0.75744708,1.52091248,0.01011916,-0.75925080,1.49356401,4.48671120,0.00000001
2.46000000,SHIFT_WEIGHT,0.00004408,-0.00212743,0.00025077,-0.00960694,0.00291458,0.31527846,-0.01757070,0.00288270,0.01417412,0.02084042,0.00000516,26.87251490,26.54474322,31.94413265,31.78669875,0.02353231,-0.75657866,1.52035539,0.01073491,-0.75834551,1.49300599,4.49161538,0.00000001
2.47000000,SHIFT_WEIGHT,0.00003698,-0.00213476,0.00027319,-0.00979745,0.00310498,0.31529047,-0.01774880,0.00306119,0.01441927,0.02084201,0.00000675,26.89432877,26.50610452,31.97402330,31.76362757,0.02414208,-0.75567965,1.51977534,0.01137161,-0.75740846,1.49242688,4.49679055,0.00000001
2.48000000,SHIFT_WEIGHT,0.00002932,-0.00214221,0.00029679,-0.00999417,0.00330240,0.31530296,-0.01793265,0.00324627,0.01467286,0.02084365,0.00000839,26.91671839,26.46509593,32.00623194,31.74002625,0.02477350,-0.75474905,1.51917234,0.01202934,-0.75643964,1.49182675,4.50237113,0.00000001
2.49000000,SHIFT_WEIGHT,0.00002110,-0.00215009,0.00032158,-0.01019753,0.00350687,0.31531584,-0.01812265,0.00343799,0.01493519,0.02084535,0.00001009,26.93915193,26.42121467,32.04138597,31.71651371,0.02542662,-0.75378592,1.51854640,0.01270813,-0.75543908,1.49120571,4.50848477,0.00000001
2.50000000,SHIFT_WEIGHT,0.00001231,-0.00215870,0.00034756,-0.01040794,0.00371842,0.31532905,-0.01831921,0.00363637,0.01520652,0.02084715,0.00001189,26.96113135,26.37400320,32.08006267,31.69366416,0.02610142,-0.75278938,1.51789755,0.01340803,-0.75440678,1.49056384,4.51524999,0.00000001
2.51000000,SHIFT_WEIGHT,0.00000294,-0.00216834,0.00037474,-0.01062580,0.00393708,0.31534250,-0.01852270,0.00384143,0.01548711,0.02084906,0.00001380,26.98220168,26.32305547,32.12277993,31.67199636,0.02679788,-0.75175863,1.51722585,0.01412905,-0.75334280,1.48990120,4.52277423,0.00000001
2.52000000,SHIFT_WEIGHT,-0.00000700,-0.00217926,0.00040311,-0.01085150,0.00416287,0.31535614,-0.01873349,0.00405320,0.01577719,0.02085110,0.00001584,27.00195854,26.26802168,32.16998900,31.65196496,0.02751591,-0.75069296,1.51653132,0.01487122,-0.75224716,1.48921788,4.53115230,0.00000001
2.53000000,SHIFT_WEIGHT,-0.00001751,-0.00219173,0.00043267,-0.01108537,0.00439579,0.31536990,-0.01895190,0.00427168,0.01607700,0.02085330,0.00001804,27.02005411,26.20861138,32.22206921,31.63395388,0.02825543,-0.74959175,1.51581399,0.01563453,-0.75111992,1.48851390,4.54046517,0.00000001
2.54000000,SHIFT_WEIGHT,-0.00002861,-0.00220595,0.00046341,-0.01132773,0.00463587,0.31538372,-0.01917824,0.00449689,0.01638671,0.02085567,0.00002041,27.03620123,26.14459539,32.27932474,31.61827196,0.02901633,-0.74845450,1.51507387,0.01641895,-0.74996111,1.48778928,4.55077923,0.00000001
2.55000000,SHIFT_WEIGHT,-0.00004029,-0.00222211,0.00049532,-0.01157884,0.00488309,0.31539755,-0.01941275,0.00472882,0.01670648,0.02085821,0.00002295,27.05017596,26.07580628,32.34198326,31.60515072,0.02979846,-0.74728082,1.51431096,0.01722447,-0.74877078,1.48704401,4.56214588,0.00000001
2.56000000,SHIFT_WEIGHT,-0.00005255,-0.00224037,0.00052840,-0.01183892,0.00513747,0.31541136,-0.01965566,0.00496749,0.01703645,0.02086095,0.00002569,27.06181840,26.00213771,32.41019645,31.59474416,0.03060169,-0.74607042,1.51352523,0.01805103,-0.74754897,1.48627807,4.57460151,0.00000001
2.57000000,SHIFT_WEIGHT,-0.00006541,-0.00226086,0.00056265,-0.01210816,0.00539900,0.31542511,-0.01990713,0.00521287,0.01737671,0.02086389,0.00002863,27.07103195,25.92354263,32.48404212,31.58713045,0.03142584,-0.74482312,1.51271662,0.01889860,-0.74629573,1.48549137,4.58816779,0.00000001
2.58000000,SHIFT_WEIGHT,-0.00007885,-0.00228365,0.00059806,-0.01238668,0.00566767,0.31543878,-0.02016729,0.00546497,0.01772733,0.02086704,0.00003178,27.07778104,25.84003044,32.56352777,31.58231531,0.03227074,-0.74353886,1.51188506,0.01976709,-0.74501110,1.48468382,4.60285231,0.00000002
2.59000000,SHIFT_WEIGHT,-0.00009289,-0.00230882,0.00063462,-0.01267455,0.00594347,0.31545235,-0.02043623,0.00572377,0.01808834,0.02087040,0.00003514,27.08208751,25.75166312,32.64859546,31.58023692,0.03313621,-0.74221767,1.51103044,0.02065643,-0.74369510,1.48385531,4.61864943,0.00000002
2.60000000,SHIFT_WEIGHT,-0.00010754,-0.00233638,0.00067235,-0.01297182,0.00622639,0.31546582,-0.02071398,0.00598926,0.01845974,0.02087397,0.00003871,27.08402584,25.65855069,32.73912771,31.58077207,0.03402208,-0.74085969,1.51015263,0.02156653,-0.74234778,1.48300567,4.63554136,0.00000002
2.61000000,SHIFT_WEIGHT,-0.00012280,-0.00236633,0.00071124,-0.01327847,0.00651640,0.31547917,-0.02100054,0.00626141,0.01884152,0.02087775,0.00004249,27.08371731,25.56084580,32.83495428,31.58374328,0.03492814,-0.73946512,1.50925147,0.02249728,-0.74096917,1.48213474,4.65349949,0.00000002
2.62000000,SHIFT_WEIGHT,-0.00013868,-0.00239863,0.00075130,-0.01359445,0.00681348,0.31549242,-0.02129585,0.00654022,0.01923362,0.02088174,0.00004648,27.08132348,25.45873795,32.93585955,31.58892675,0.03585420,-0.73803428,1.50832677,0.02344857,-0.73955931,1.48124232,4.67248576,0.00000002
2.63000000,SHIFT_WEIGHT,-0.00015519,-0.00243324,0.00079255,-0.01391967,0.00711762,0.31550558,-0.02159984,0.00682566,0.01963596,0.02088592,0.00005066,27.07703907,25.35244716,33.04159035,31.59606079,0.03680008,-0.73656751,1.50737835,0.02442027,-0.73811823,1.48032817,4.69245422,0.00000002
2.64000000,SHIFT_WEIGHT,-0.00017233,-0.00247006,0.00083499,-0.01425401,0.00742878,0.31551867,-0.02191240,0.00711769,0.02004844,0.02089031,0.00005505,27.07108459,25.24221758,33.15186411,31.60485448,0.03776557,-0.73506526,1.50640597,0.02541225,-0.73664598,1.47939207,4.71335263,0.00000002
2.65000000,SHIFT_WEIGHT,-0.00019013,-0.00250901,0.00087863,-0.01459731,0.00774693,0.31553170,-0.02223338,0.00741629,0.02047095,0.02089487,0.00005961,27.06369880,25.12831085,33.26637690,31.61499650,0.03875049,-0.73352800,1.50540941,0.02642435,-0.73514260,1.47843378,4.73512401,0.00000002
2.66000000,SHIFT_WEIGHT,-0.00020858,-0.00254997,0.00092349,-0.01494940,0.00807204,0.31554470,-0.02256261,0.00772142,0.02090334,0.02089961,0.00006435,27.05513140,25.01099972,33.38481152,31.62616366,0.03975462,-0.73195624,1.50438843,0.02745640,-0.73360814,1.47745302,4.75770830,0.00000002
2.67000000,SHIFT_WEIGHT,-0.00022769,-0.00259281,0.00096959,-0.01531007,0.00840407,0.31555770,-0.02289991,0.00803305,0.02134546,0.02090452,0.00006926,27.04563594,24.89056175,33.50684520,31.63802918,0.04077779,-0.73035051,1.50334277,0.02850825,-0.73204266,1.47644954,4.78104388,0.00000002
2.68000000,SHIFT_WEIGHT,-0.00024748,-0.00263742,0.00101693,-0.01567912,0.00874298,0.31557074,-0.02324507,0.00835114,0.02179715,0.02090958,0.00007432,27.03546321,24.76727340,33.63215691,31.65027042,0.04181978,-0.72871137,1.50227217,0.02957971,-0.73044624,1.47542307,4.80506902,0.00000002
2.69000000,SHIFT_WEIGHT,-0.00026796,-0.00268366,0.00106553,-0.01605631,0.00908872,0.31558383,-0.02359788,0.00867565,0.02225825,0.02091478,0.00007952,27.02485530,24.64140459,33.76043409,31.66257590,0.04288041,-0.72703940,1.50117640,0.03067057,-0.72881896,1.47437336,4.82972329,0.00000002
2.70000000,SHIFT_WEIGHT,-0.00028912,-0.00273139,0.00111541,-0.01644143,0.00944124,0.31559701,-0.02395812,0.00900652,0.02272857,0.02092012,0.00008486,27.01404023,24.51321376,33.89137872,31.67465162,0.04395946,-0.72533514,1.50005519,0.03178065,-0.72716092,1.47330013,4.85494875,0.00000002
2.71000000,SHIFT_WEIGHT,-0.00031099,-0.00278048,0.00116657,-0.01683422,0.00980050,0.31561031,-0.02432557,0.00934371,0.02320793,0.02092557,0.00009031,27.00322749,24.38294358,34.02471265,31.68622642,0.04505674,-0.72359917,1.49890831,0.03290972,-0.72547223,1.47220315,4.88069107,0.00000002
2.72000000,SHIFT_WEIGHT,-0.00033355,-0.00283081,0.00121903,-0.01723448,0.01016643,0.31562375,-0.02470001,0.00968717,0.02369617,0.02093112,0.00009586,26.99260428,24.25081729,34.16018207,31.69705651,0.04617202,-0.72183201,1.49773553,0.03405756,-0.72375301,1.47108219,4.90690045,0.00000002
2.73000000,SHIFT_WEIGHT,-0.00035683,-0.00288227,0.00127280,-0.01764197,0.01053899,0.31563737,-0.02508123,0.01003683,0.02419309,0.02093678,0.00010152,26.98233269,24.11703577,34.29756114,31.70692892,0.04730511,-0.72003419,1.49653663,0.03522393,-0.72200343,1.46993701,4.93353237,0.00000002
2.74000000,SHIFT_WEIGHT,-0.00038083,-0.00293474,0.00132787,-0.01805648,0.01091811,0.31565118,-0.02546901,0.01039265,0.02469854,0.02094252,0.00010726,26.97254764,23.98177532,34.43665471,31.71566406,0.04845577,-0.71820622,1.49531142,0.03640860,-0.72022365,1.46876744,4.96054818,0.00000002
2.75000000,SHIFT_WEIGHT,-0.00040555,-0.00298814,0.00138425,-0.01847781,0.01130372,0.31566521,-0.02586317,0.01075456,0.02521234,0.02094834,0.00011308,26.96335568,23.84518619,34.57730016,31.72311727,0.04962379,-0.71634854,1.49405970,0.03761132,-0.71841385,1.46757328,4.98791550,0.00000002
2.76000000,SHIFT_WEIGHT,-0.00043099,-0.00304238,0.00144195,-0.01890576,0.01169575,0.31567946,-0.02626353,0.01112249,0.02573433,0.02095423,0.00011897,26.95483455,23.70739176,34.71936833,31.72917943,0.05080891,-0.71446162,1.49278134,0.03883181,-0.71657424,1.46635438,5.01560843,0.00000002
2.77000000,SHIFT_WEIGHT,-0.00045716,-0.00309739,0.00150096,-0.01934017,0.01209414,0.31569396,-0.02666990,0.01149638,0.02626435,0.02096018,0.00012492,26.94703345,23.56848848,34.86276363,31.73377673,0.05201092,-0.71254586,1.49147617,0.04006982,-0.71470505,1.46511061,5.04360767,0.00000002
2.78000000,SHIFT_WEIGHT,-0.00048407,-0.00315313,0.00156128,-0.01978087,0.01249881,0.31570870,-0.02708214,0.01187616,0.02680227,0.02096619,0.00013093,26.93997399,23.42854635,35.00742340,31.73686967,0.05322954,-0.71060164,1.49014410,0.04132506,-0.71280653,1.46384185,5.07190035,0.00000003
2.79000000,SHIFT_WEIGHT,-0.00051171,-0.00320956,0.00162289,-0.02022773,0.01290969,0.31572370,-0.02750012,0.01226175,0.02734794,0.02097225,0.00013699,26.93365167,23.28761009,35.15331644,31.73845123,0.05446451,-0.70862932,1.48878503,0.04259726,-0.71087896,1.46254803,5.10047983,0.00000003
2.80000000,SHIFT_WEIGHT,-0.00054009,-0.00326665,0.00168580,-0.02068062,0.01332668,0.31573894,-0.02792370,0.01265307,0.02790124,0.02097836,0.00014310,26.92803788,23.14570077,35.30044101,31.73854456,0.05571558,-0.70662923,1.48739889,0.04388611,-0.70892262,1.46122909,5.12934532,0.00000003
2.81000000,SHIFT_WEIGHT,-0.00056922,-0.00332439,0.00175000,-0.02113943,0.01374972,0.31575443,-0.02835278,0.01305004,0.02846204,0.02098452,0.00014926,26.92308228,23.00281785,35.44882226,31.73720006,0.05698245,-0.70460167,1.48598563,0.04519132,-0.70693783,1.45988500,5.15850143,0.00000003
2.82000000,SHIFT_WEIGHT,-0.00059909,-0.00338280,0.00181546,-0.02160407,0.01417871,0.31577015,-0.02878728,0.01345259,0.02903023,0.02099072,0.00015546,26.91871551,22.85894167,35.59850910,31.73449208,0.05826482,-0.70254694,1.48454526,0.04651258,-0.70492492,1.45851574,5.18795752,0.00000003
2.83000000,SHIFT_WEIGHT,-0.00062972,-0.00344189,0.00188219,-0.02207446,0.01461356,0.31578610,-0.02922711,0.01386063,0.02960571,0.02099696,0.00016170,26.91485212,22.71403616,35.74957087,31.73051536,0.05956240,-0.70046531,1.48307775,0.04784957,-0.70288424,1.45712133,5.21772713,0.00000003
2.84000000,SHIFT_WEIGHT,-0.00066110,-0.00350168,0.00195016,-0.02255053,0.01505419,0.31580224,-0.02967221,0.01427407,0.03018837,0.02100325,0.00016799,26.91139384,22.56800305,35.90209327,31.72538141,0.06087487,-0.69835703,1.48158315,0.04920198,-0.70081617,1.45570183,5.24782721,0.00000003
2.85000000,SHIFT_WEIGHT,-0.00069324,-0.00356221,0.00201936,-0.02303223,0.01550049,0.31581857,-0.03012251,0.01469282,0.03077811,0.02100957,0.00017431,26.90825406,22.42032492,36.05614550,31.71923193,0.06220190,-0.69622232,1.48006139,0.05056948,-0.69872109,1.45425726,5.27827457,0.00000003
2.86000000,SHIFT_WEIGHT,-0.00072611,-0.00362350,0.00208977,-0.02351951,0.01595238,0.31583506,-0.03057798,0.01511679,0.03137486,0.02101588,0.00018063,26.90540500,22.27086309,36.21176334,31.71225206,0.06354315,-0.69406134,1.47851238,0.05195173,-0.69659937,1.45278767,5.30908409,0.00000003
2.87000000,SHIFT_WEIGHT,-0.00075968,-0.00368557,0.00216137,-0.02401233,0.01640974,0.31585166,-0.03103857,0.01554589,0.03197850,0.02102216,0.00018690,26.90282739,22.11977438,36.36902803,31.70463554,0.06489824,-0.69187431,1.47693613,0.05334838,-0.69445141,1.45129308,5.34027548,0.00000003
2.88000000,SHIFT_WEIGHT,-0.00079393,-0.00374846,0.00223411,-0.02451064,0.01687248,0.31586835,-0.03150424,0.01598001,0.03258894,0.02102838,0.00019312,26.90046050,21.96719759,36.52805744,31.69657098,0.06626680,-0.68966148,1.47533273,0.05475910,-0.69227761,1.44977354,5.37187144,0.00000003
2.89000000,SHIFT_WEIGHT,-0.00082885,-0.00381219,0.00230796,-0.02501441,0.01734048,0.31588509,-0.03197496,0.01641904,0.03320610,0.02103452,0.00019926,26.89819360,21.81320723,36.68897521,31.68823014,0.06764842,-0.68742317,1.47370236,0.05618353,-0.69007839,1.44822915,5.40389454,0.00000003
2.90000000,SHIFT_WEIGHT,-0.00086444,-0.00387682,0.00238288,-0.02552361,0.01781363,0.31590185,-0.03245069,0.01686289,0.03382987,0.02104059,0.00020533,26.89587812,21.65781868,36.85189259,31.67975924,0.06904268,-0.68515969,1.47204520,0.05762130,-0.68785421,1.44666004,5.43636551,0.00000003
2.91000000,SHIFT_WEIGHT,-0.00090069,-0.00394242,0.00245885,-0.02603819,0.01829182,0.31591859,-0.03293139,0.01731144,0.03446016,0.02104658,0.00021132,26.89334664,21.50100471,37.01690239,31.67127686,0.07044918,-0.68287138,1.47036144,0.05907207,-0.68560554,1.44506636,5.46930271,0.00000003
2.92000000,SHIFT_WEIGHT,-0.00093762,-0.00400905,0.00253581,-0.02655813,0.01877494,0.31593529,-0.03341704,0.01776459,0.03509687,0.02105250,0.00021724,26.89043135,21.34271339,37.18407972,31.66287671,0.07186749,-0.68055862,1.46865126,0.06053545,-0.68333286,1.44344828,5.50272218,0.00000003
2.93000000,SHIFT_WEIGHT,-0.00097523,-0.00407678,0.00261376,-0.02708337,0.01926286,0.31595193,-0.03390758,0.01822223,0.03573989,0.02105836,0.00022310,26.88697885,21.18288417,37.35348523,31.65463209,0.07329720,-0.67822179,1.46691485,0.06201108,-0.68103668,1.44180599,5.53663776,0.00000003
2.94000000,SHIFT_WEIGHT,-0.00101353,-0.00414567,0.00269266,-0.02761388,0.01975549,0.31596848,-0.03440297,0.01868424,0.03638914,0.02106416,0.00022890,26.88286017,21.02146037,37.52516818,31.64660012,0.07473788,-0.67586129,1.46515240,0.06349858,-0.67871749,1.44013970,5.57106135,0.00000003
2.95000000,SHIFT_WEIGHT,-0.00105253,-0.00421578,0.00277251,-0.02814959,0.02025269,0.31598492,-0.03490316,0.01915054,0.03704448,0.02106992,0.00023466,26.87797584,20.85839782,37.69916832,31.63882452,0.07618910,-0.67347755,1.46336410,0.06499757,-0.67637582,1.43844962,5.60600286,0.00000003
2.96000000,SHIFT_WEIGHT,-0.00109224,-0.00428716,0.00285330,-0.02869043,0.02075437,0.31600124,-0.03540810,0.01962099,0.03770582,0.02107563,0.00024037,26.87225692,20.69366980,37.87551635,31.63133707,0.07765045,-0.67107105,1.46155015,0.06650765,-0.67401220,1.43673596,5.64147015,0.00000003
2.97000000,SHIFT_WEIGHT,-0.00113269,-0.00435984,0.00293503,-0.02923635,0.02126040,0.31601743,-0.03591770,0.02009550,0.03837302,0.02108131,0.00024605,26.86566279,20.52726876,38.05423330,31.62415800,0.07912149,-0.66864228,1.45971077,0.06802845,-0.67162715,1.43499896,5.67746889,0.00000003
2.98000000,SHIFT_WEIGHT,-0.00117388,-0.00443387,0.00301769,-0.02978725,0.02177066,0.31603345,-0.03643190,0.02057394,0.03904596,0.02108697,0.00025171,26.85817702,20.35920591,38.23532941,31.61729584,0.08060179,-0.66619175,1.45784617,0.06955957,-0.66922121,1.43323884,5.71400226,0.00000003
2.99000000,SHIFT_WEIGHT,-0.00121584,-0.00450926,0.00310130,-0.03034305,0.02228505,0.31604931,-0.03695061,0.02105622,0.03972451,0.02109260,0.00025734,26.84980224,20.18950945,38.41880273,31.61074720,0.08209094,-0.66372003,1.45595659,0.07110060,-0.66679493,1.43145585,5.75107084,0.00000003
3.00000000,SHIFT_WEIGHT,-0.00125857,-0.00458603,0.00318587,-0.03090363,0.02280343,0.31606497,-0.03747373,0.02154222,0.04040851,0.02109821,0.00026295,26.84055503,20.01822223,38.60463813,31.60449669,0.08358849,-0.66122770,1.45404226,0.07265116,-0.66434885,1.42965023,5.78867243,0.00000004
3.01000000,SHIFT_WEIGHT,-0.00130211,-0.00466420,0.00327140,-0.03146889,0.02332570,0.31608044,-0.03800116,0.02203183,0.04109782,0.02110380,0.00026854,26.83046132,19.84539941,38.79280660,31.59851732,0.08509402,-0.65871537,1.45210344,0.07421082,-0.66188354,1.42782223,5.82680203,0.00000004
3.02000000,SHIFT_WEIGHT,-0.00134647,-0.00474377,0.00335790,-0.03203871,0.02385173,0.31609571,-0.03853278,0.02252493,0.04179229,0.02110938,0.00027412,26.81955267,19.67110650,38.98326522,31.59277137,0.08660709,-0.65618367,1.45014039,0.07577918,-0.65939955,1.42597210,5.86545186,0.00000004
3.03000000,SHIFT_WEIGHT,-0.00139165,-0.00482473,0.00344539,-0.03261295,0.02438140,0.31611075,-0.03906846,0.02302140,0.04249174,0.02111494,0.00027968,26.80786362,19.49541772,39.17595771,31.58721165,0.08812727,-0.65363328,1.44815338,0.07735584,-0.65689745,1.42410011,5.90461153,0.00000004
3.04000000,SHIFT_WEIGHT,-0.00143769,-0.00490707,0.00353388,-0.03319148,0.02491459,0.31612556,-0.03960809,0.02352114,0.04319602,0.02112050,0.00028524,26.79542979,19.31841483,39.37081548,31.58178311,0.08965412,-0.65106486,1.44614271,0.07894037,-0.65437780,1.42220653,5.94426824,0.00000004
3.05000000,SHIFT_WEIGHT,-0.00148458,-0.00499080,0.00362337,-0.03377413,0.02545117,0.31614015,-0.04015151,0.02402401,0.04390493,0.02112604,0.00029078,26.78228678,19.14018610,39.56775911,31.57642470,0.09118720,-0.64847911,1.44410864,0.08053236,-0.65184120,1.42029164,5.98440710,0.00000004
3.06000000,SHIFT_WEIGHT,-0.00153234,-0.00507588,0.00371387,-0.03436078,0.02599101,0.31615450,-0.04069858,0.02452991,0.04461831,0.02113157,0.00029631,26.76846957,18.96082547,39.76670018,31.57107127,0.09272607,-0.64587675,1.44205150,0.08213140,-0.64928823,1.41835572,6.02501140,0.00000004
3.07000000,SHIFT_WEIGHT,-0.00158098,-0.00516229,0.00380538,-0.03495124,0.02653398,0.31616862,-0.04124916,0.02503870,0.04533597,0.02113708,0.00030182,26.75401215,18.78043154,39.96754319,31.56565543,0.09427028,-0.64325849,1.43997160,0.08373705,-0.64671946,1.41639909,6.06606303,0.00000004
3.08000000,SHIFT_WEIGHT,-0.00163050,-0.00525003,0.00389790,-0.03554535,0.02707996,0.31618250,-0.04180308,0.02555028,0.04605771,0.02114259,0.00030733,26.73894734,18.59910643,40.17018767,31.56010929,0.09581940,-0.64062507,1.43786926,0.08534889,-0.64413551,1.41442203,6.10754284,0.00000004
3.09000000,SHIFT_WEIGHT,-0.00168092,-0.00533906,0.00399143,-0.03614295,0.02762881,0.31619614,-0.04236018,0.02606450,0.04678334,0.02114808,0.00031282,26.72330668,18.41695457,40.37453009,31.55436605,0.09737298,-0.63797722,1.43574482,0.08696651,-0.64153696,1.41242487,6.14943096,0.00000004
3.10000000,SHIFT_WEIGHT,-0.00173224,-0.00542935,0.00408596,-0.03674386,0.02818040,0.31620954,-0.04292031,0.02658125,0.04751267,0.02115356,0.00031830,26.70712021,18.23408120,40.58046581,31.54836136,0.09893057,-0.63531571,1.43359864,0.08858947,-0.63892443,1.41040793,6.19170721,0.00000004
3.11000000,SHIFT_WEIGHT,-0.00178445,-0.00552089,0.00418149,-0.03734790,0.02873460,0.31622271,-0.04348329,0.02710039,0.04824550,0.02115903,0.00032377,26.69041625,18.05059093,40.78789079,31.54203441,0.10049173,-0.63264126,1.43143108,0.09021734,-0.63629854,1.40837157,6.23435136,0.00000004
3.12000000,SHIFT_WEIGHT,-0.00183757,-0.00561363,0.00427800,-0.03795490,0.02929126,0.31623565,-0.04404896,0.02762181,0.04898162,0.02116449,0.00032923,26.67322121,17.86658621,40.99670312,31.53532893,0.10205602,-0.62995464,1.42924254,0.09184969,-0.63365989,1.40631613,6.27734347,0.00000004
3.13000000,SHIFT_WEIGHT,-0.00189159,-0.00570756,0.00437548,-0.03856468,0.02985025,0.31624836,-0.04461716,0.02814537,0.04972083,0.02116993,0.00033467,26.65555932,17.68216601,41.20680433,31.52819389,0.10362298,-0.62725660,1.42703341,0.09348610,-0.63100913,1.40424199,6.32066411,0.00000004
3.14000000,SHIFT_WEIGHT,-0.00194652,-0.00580265,0.00447392,-0.03917706,0.03041143,0.31626084,-0.04518771,0.02867094,0.05046294,0.02117535,0.00034009,26.63745233,17.49742457,41.41810050,31.52058409,0.10519218,-0.62454789,1.42480410,0.09512614,-0.62834688,1.40214952,6.36429461,0.00000004
3.15000000,SHIFT_WEIGHT,-0.00200235,-0.00589886,0.00457330,-0.03979187,0.03097467,0.31627308,-0.04576045,0.02919839,0.05120774,0.02118076,0.00034550,26.61891939,17.31245044,41.63050312,31.51246060,0.10676318,-0.62182924,1.42255504,0.09676936,-0.62567379,1.40003914,6.40821717,0.00000004
3.16000000,SHIFT_WEIGHT,-0.00205909,-0.00599618,0.00467361,-0.04040893,0.03153982,0.31628511,-0.04633521,0.02972759,0.05195503,0.02118616,0.00035090,26.59997682,17.12732580,41.84392969,31.50379107,0.10833554,-0.61910142,1.42028668,0.09841534,-0.62299051,1.39791125,6.45241507,0.00000004
3.17000000,SHIFT_WEIGHT,-0.00211673,-0.00609459,0.00477482,-0.04102807,0.03210675,0.31629690,-0.04691184,0.03025841,0.05270460,0.02119154,0.00035628,26.58063801,16.94212602,42.05830417,31.49454983,0.10990883,-0.61636515,1.41799948,0.10006365,-0.62029769,1.39576629,6.49687269,0.00000004
3.18000000,SHIFT_WEIGHT,-0.00217527,-0.00619405,0.00487692,-0.04164912,0.03267530,0.31630846,-0.04749017,0.03079072,0.05345627,0.02119690,0.00036164,26.56091336,16.75691948,42.27355718,31.48471802,0.11148260,-0.61362117,1.41569391,0.10171386,-0.61759600,1.39360471,6.54157562,0.00000004
3.19000000,SHIFT_WEIGHT,-0.00223472,-0.00629456,0.00497989,-0.04227190,0.03324535,0.31631980,-0.04807004,0.03132438,0.05420983,0.02120225,0.00036699,26.54081024,16.57176769,42.48962596,31.47428344,0.11305643,-0.61087022,1.41337047,0.10336554,-0.61488611,1.39142698,6.58651061,0.00000004
3.20000000,SHIFT_WEIGHT,-0.00229507,-0.00639608,0.00508372,-0.04289626,0.03381675,0.31633089,-0.04865130,0.03185926,0.05496508,0.02120758,0.00037232,26.52033306,16.38672552,42.70645423,31.46324043,0.11462989,-0.60811301,1.41102967,0.10501824,-0.61216868,1.38923358,6.63166562,0.00000004
3.21000000,SHIFT_WEIGHT,-0.00235632,-0.00649862,0.00518837,-0.04352203,0.03438936,0.31634176,-0.04923379,0.03239522,0.05572183,0.02121290,0.00037764,26.49948328,16.20184167,42.92399184,31.45158956,0.11620254,-0.60535028,1.40867204,0.10667156,-0.60944442,1.38702502,6.67702972,0.00000004
3.22000000,SHIFT_WEIGHT,-0.00241847,-0.00660216,0.00529383,-0.04414906,0.03496303,0.31635238,-0.04981738,0.03293214,0.05647989,0.02121820,0.00038294,26.47825958,16.01715921,43.14219427,31.43933726,0.11777397,-0.60258273,1.40629811,0.10832505,-0.60671400,1.38480181,6.72259300,0.00000004
3.23000000,SHIFT_WEIGHT,-0.00248152,-0.00670668,0.00540007,-0.04477718,0.03553763,0.31636275,-0.05040190,0.03346989,0.05723907,0.02122349,0.00038823,26.45665799,15.83271628,43.36102202,31.42649533,0.11934376,-0.59981109,1.40390844,0.10997829,-0.60397813,1.38256450,6.76834653,0.00000004
3.24000000,SHIFT_WEIGHT,-0.00254547,-0.00681218,0.00550708,-0.04540625,0.03611301,0.31637287,-0.05098723,0.03400832,0.05799917,0.02122877,0.00039351,26.43467212,15.64854674,43.58043998,31.41308042,0.12091147,-0.59703606,1.40150360,0.11163086,-0.60123750,1.38031362,6.81428216,0.00000004
3.25000000,SHIFT_WEIGHT,-0.00261031,-0.00691865,0.00561484,-0.04603612,0.03668902,0.31638272,-0.05157321,0.03454731,0.05876001,0.02123404,0.00039878,26.41229341,15.46468093,43.80041662,31.39911340,0.12247669,-0.59425835,1.39908419,0.11328232,-0.59849282,1.37804976,6.86039246,0.00000004
3.26000000,SHIFT_WEIGHT,-0.00267605,-0.00702608,0.00572331,-0.04666663,0.03726554,0.31639231,-0.05215972,0.03508672,0.05952140,0.02123929,0.00040403,26.38951139,15.28114641,44.02092321,31.38461875,0.12403901,-0.59147866,1.39665080,0.11493226,-0.59574480,1.37577349,6.90667053,0.00000004
3.27000000,SHIFT_WEIGHT,-0.00274267,-0.00713447,0.00583248,-0.04729764,0.03784240,0.31640162,-0.05274661,0.03562641,0.06028317,0.02124453,0.00040927,26.36631408,15.09796861,44.24193309,31.36962381,0.12559800,-0.58869771,1.39420407,0.11658026,-0.59299415,1.37348542,6.95310988,0.00000004
3.28000000,SHIFT_WEIGHT,-0.00281018,-0.00724382,0.00594233,-0.04792902,0.03841948,0.31641065,-0.05333375,0.03616626,0.06104511,0.02124977,0.00041451,26.34268834,14.91517158,44.46342080,31.35415816,0.12715327,-0.58591619,1.39174462,0.11822589,-0.59024160,1.37118616,6.99970426,0.00000004
3.29000000,SHIFT_WEIGHT,-0.00287857,-0.00735413,0.00605282,-0.04856061,0.03899662,0.31641938,-0.05392101,0.03670613,0.06180705,0.02125499,0.00041974,26.31862027,14.73277853,44.68536136,31.33825285,0.12870438,-0.58313482,1.38927310,0.11986875,-0.58748787,1.36887634,7.04644755,0.00000004
3.30000000,SHIFT_WEIGHT,-0.00294784,-0.00746538,0.00616394,-0.04919228,0.03957368,0.31642780,-0.05450827,0.03724589,0.06256881,0.02126021,0.00042495,26.29409565,14.55081243,44.90772957,31.32193980,0.13025094,-0.58035429,1.38679019,0.12150840,-0.58473368,1.36655659,7.09333362,0.00000004
3.31000000,SHIFT_WEIGHT,-0.00301798,-0.00757758,0.00627565,-0.04982389,0.04015053,0.31643592,-0.05509539,0.03778540,0.06333020,0.02126543,0.00043017,26.26910039,14.36929650,45.13049935,31.30525109,0.13179255,-0.57757532,1.38429655,0.12314446,-0.58197977,1.36422758,7.14035617,0.00000004
3.32000000,SHIFT_WEIGHT,-0.00308898,-0.00769073,0.00638794,-0.05045530,0.04072701,0.31644371,-0.05568223,0.03832453,0.06409105,0.02127063,0.00043537,26.24362097,14.18825459,45.35364315,31.28821842,0.13332879,-0.57479861,1.38179288,0.12477649,-0.57922686,1.36188997,7.18750868,0.00000004
3.33000000,SHIFT_WEIGHT,-0.00316084,-0.00780482,0.00650077,-0.05108636,0.04130299,0.31645117,-0.05626869,0.03886314,0.06485117,0.02127584,0.00044058,26.21764481,14.00771158,45.57713144,31.27087255,0.13485927,-0.57202487,1.37927988,0.12640411,-0.57647568,1.35954444,7.23478425,0.00000004
3.34000000,SHIFT_WEIGHT,-0.00323354,-0.00791986,0.00661413,-0.05171695,0.04187832,0.31645829,-0.05685462,0.03940111,0.06561037,0.02128103,0.00044577,26.19116072,13.82769360,45.80093231,31.25324280,0.13638359,-0.56925481,1.37675826,0.12802690,-0.57372696,1.35719167,7.28217554,0.00000004
3.35000000,SHIFT_WEIGHT,-0.00330709,-0.00803582,0.00672797,-0.05234693,0.04245286,0.31646506,-0.05743990,0.03993830,0.06636849,0.02128623,0.00045097,26.16415926,13.64822826,46.02501112,31.23535669,0.13790137,-0.56648916,1.37422876,0.12964446,-0.57098145,1.35483237,7.32967472,0.00000004
3.36000000,SHIFT_WEIGHT,-0.00338147,-0.00815272,0.00684229,-0.05297614,0.04302646,0.31647147,-0.05802439,0.04047457,0.06712534,0.02129142,0.00045616,26.13663297,13.46934481,46.24933019,31.21723961,0.13941220,-0.56372862,1.37169212,0.13125639,-0.56823987,1.35246725,7.37727337,0.00000004
3.37000000,SHIFT_WEIGHT,-0.00345666,-0.00827053,0.00695704,-0.05360446,0.04359899,0.31647752,-0.05860798,0.04100981,0.06788073,0.02129661,0.00046135,26.10857670,13.29107416,46.47384870,31.19891457,0.14091571,-0.56097392,1.36914907,0.13286231,-0.56550296,1.35009702,7.42496250,0.00000004
3.38000000,SHIFT_WEIGHT,-0.00353266,-0.00838926,0.00707221,-0.05423175,0.04417030,0.31648320,-0.05919054,0.04154386,0.06863448,0.02130180,0.00046654,26.07998776,13.11344897,46.69852253,31.18040205,0.14241151,-0.55822578,1.36660039,0.13446182,-0.56277145,1.34772241,7.47273245,0.00000004
3.39000000,SHIFT_WEIGHT,-0.00360946,-0.00850889,0.00718776,-0.05485785,0.04474026,0.31648851,-0.05977192,0.04207661,0.06938642,0.02130698,0.00047172,26.05086608,12.93650355,46.92330424,31.16171991,0.14389923,-0.55548492,1.36404683,0.13605453,-0.56004608,1.34534416,7.52057296,0.00000004
3.40000000,SHIFT_WEIGHT,-0.00368704,-0.00862941,0.00730366,-0.05548263,0.04530871,0.31649343,-0.06035200,0.04260792,0.07013636,0.02131217,0.00047691,26.02121420,12.76027387,47.14814312,31.14288341,0.14537851,-0.55275208,1.36148917,0.13764005,-0.55732757,1.34296301,7.56847309,0.00000004
3.41000000,SHIFT_WEIGHT,-0.00376539,-0.00875080,0.00741990,-0.05610595,0.04587552,0.31649797,-0.06093065,0.04313766,0.07088412,0.02131735,0.00048209,25.99103738,12.58479737,47.37298525,31.12390526,0.14684897,-0.55002796,1.35892820,0.13921802,-0.55461666,1.34057972,7.61642132,0.00000004
3.42000000,SHIFT_WEIGHT,-0.00384449,-0.00887304,0.00753644,-0.05672766,0.04644056,0.31650212,-0.06150773,0.04366570,0.07162951,0.02132253,0.00048727,25.96034344,12.41011289,47.59777368,31.10479577,0.14831026,-0.54731331,1.35636470,0.14078805,-0.55191408,1.33819503,7.66440550,0.00000004
3.43000000,SHIFT_WEIGHT,-0.00392434,-0.00899612,0.00765325,-0.05734761,0.04700367,0.31650589,-0.06208312,0.04419191,0.07237236,0.02132771,0.00049245,25.92914273,12.23626048,47.82244862,31.08556303,0.14976202,-0.54460886,1.35379948,0.14234976,-0.54922055,1.33580971,7.71241292,0.00000004
3.44000000,SHIFT_WEIGHT,-0.00400490,-0.00912002,0.00777031,-0.05796565,0.04756473,0.31650925,-0.06265667,0.04471617,0.07311247,0.02133289,0.00049763,25.89744793,12.06328122,48.04694765,31.06621312,0.15120391,-0.54191531,1.35123334,0.14390280,-0.54653680,1.33342454,7.76043034,0.00000004
3.45000000,SHIFT_WEIGHT,-0.00408617,-0.00924471,0.00788759,-0.05858165,0.04812360,0.31651223,-0.06322824,0.04523835,0.07384968,0.02133807,0.00050281,25.86527388,11.89121702,48.27120599,31.04675044,0.15263559,-0.53923341,1.34866709,0.14544679,-0.54386354,1.33104029,7.80844407,0.00000004
3.46000000,SHIFT_WEIGHT,-0.00416812,-0.00937017,0.00800507,-0.05919544,0.04868014,0.31651481,-0.06379772,0.04575831,0.07458379,0.02134325,0.00050799,25.83263735,11.72011044,48.49515679,31.02717797,0.15405671,-0.53656388,1.34610155,0.14698137,-0.54120150,1.32865773,7.85643996,0.00000004
3.47000000,SHIFT_WEIGHT,-0.00425074,-0.00949637,0.00812270,-0.05980689,0.04923421,0.31651700,-0.06436495,0.04627595,0.07531462,0.02134843,0.00051317,25.79955681,11.55000444,48.71873144,31.00749760,0.15546697,-0.53390743,1.34353754,0.14850620,-0.53855139,1.32627765,7.90440353,0.00000004
3.48000000,SHIFT_WEIGHT,-0.00433401,-0.00962329,0.00824047,-0.06041583,0.04978568,0.31651879,-0.06492980,0.04679112,0.07604199,0.02135360,0.00051834,25.76605218,11.38094221,48.94185986,30.98771045,0.15686602,-0.53126478,1.34097589,0.15002092,-0.53591392,1.32390085,7.95231998,0.00000004
3.49000000,SHIFT_WEIGHT,-0.00441790,-0.00975089,0.00835835,-0.06102213,0.05033442,0.31652019,-0.06549213,0.04730371,0.07676573,0.02135877,0.00052351,25.73214454,11.21296693,49.16447082,30.96781719,0.15825357,-0.52863666,1.33841742,0.15152518,-0.53328981,1.32152811,8.00017428,0.00000004
3.50000000,SHIFT_WEIGHT,-0.00450240,-0.00987914,0.00847630,-0.06162563,0.05088030,0.31652121,-0.06605181,0.04781360,0.07748564,0.02136394,0.00052868,25.69785592,11.04612161,49.38649226,30.94781838,0.15962930,-0.52602375,1.33586297,0.15301865,-0.53067974,1.31916023,8.04795119,0.00000004
3.51000000,SHIFT_WEIGHT,-0.00458748,-0.01000800,0.00859430,-0.06222618,0.05142317,0.31652184,-0.06660869,0.04832066,0.07820156,0.02136911,0.00053385,25.66320903,10.88044883,49.60785158,30.92771472,0.16099291,-0.52342678,1.33331339,0.15450098,-0.52808442,1.31679801,8.09563539,0.00000004
3.52000000,SHIFT_WEIGHT,-0.00467312,-0.01013746,0.00871231,-0.06282364,0.05196292,0.31652209,-0.06716265,0.04882477,0.07891330,0.02137427,0.00053901,25.62822703,10.71599062,49.82847593,30.90750736,0.16234411,-0.52084642,1.33076950,0.15597184,-0.52550455,1.31444225,8.14321146,0.00000004
3.53000000,SHIFT_WEIGHT,-0.00475929,-0.01026746,0.00883031,-0.06341785,0.05249941,0.31652196,-0.06771355,0.04932581,0.07962068,0.02137943,0.00054417,25.59293333,10.55278827,50.04829249,30.88719816,0.16368261,-0.51828338,1.32823216,0.15743092,-0.52294081,1.31209375,8.19066400,0.00000004
3.54000000,SHIFT_WEIGHT,-0.00484597,-0.01039797,0.00894826,-0.06400867,0.05303251,0.31652145,-0.06826125,0.04982366,0.08032354,0.02138458,0.00054932,25.55735141,10.39088217,50.26722870,30.86678982,0.16500813,-0.51573833,1.32570222,0.15887788,-0.52039388,1.30975332,8.23797764,0.00000004
3.55000000,SHIFT_WEIGHT,-0.00493313,-0.01052896,0.00906613,-0.06459595,0.05356211,0.31652058,-0.06880561,0.05031821,0.08102169,0.02138973,0.00055447,25.52150465,10.23031170,50.48521251,30.84628616,0.16632041,-0.51321194,1.32318051,0.16031241,-0.51786444,1.30742176,8.28513708,0.00000004
3.56000000,SHIFT_WEIGHT,-0.00502074,-0.01066039,0.00918389,-0.06517954,0.05408806,0.31651934,-0.06934651,0.05080935,0.08171498,0.02139487,0.00055961,25.48541619,10.07111510,50.70217252,30.82569217,0.16761916,-0.51070488,1.32066789,0.16173421,-0.51535317,1.30509988,8.33212719,0.00000004
3.57000000,SHIFT_WEIGHT,-0.00510877,-0.01079221,0.00930150,-0.06575931,0.05461025,0.31651774,-0.06988381,0.05129694,0.08240321,0.02140000,0.00056474,25.44910882,9.91332939,50.91803822,30.80501416,0.16890415,-0.50821781,1.31816521,0.16314296,-0.51286073,1.30278848,8.37893298,0.00000004
3.58000000,SHIFT_WEIGHT,-0.00519719,-0.01092440,0.00941892,-0.06633511,0.05512855,0.31651579,-0.07041739,0.05178089,0.08308624,0.02140513,0.00056987,25.41260494,9.75699026,51.13274007,30.78425983,0.17017511,-0.50575137,1.31567332,0.16453837,-0.51038777,1.30048837,8.42553965,0.00000004
3.59000000,SHIFT_WEIGHT,-0.00528598,-0.01105690,0.00953613,-0.06690679,0.05564285,0.31651349,-0.07094711,0.05226108,0.08376388,0.02141025,0.00057499,25.37592645,9.60213211,51.34620965,30.76343823,0.17143180,-0.50330619,1.31319307,0.16592015,-0.50793496,1.29820036,8.47193264,0.00000004
3.60000000,SHIFT_WEIGHT,-0.00537510,-0.01118968,0.00965308,-0.06747423,0.05615301,0.31651084,-0.07147285,0.05273739,0.08443598,0.02141536,0.00058010,25.33909476,9.44878791,51.55837970,30.74255984,0.17267398,-0.50088290,1.31072530,0.16728800,-0.50550292,1.29592524,8.51809761,0.00000004
3.61000000,SHIFT_WEIGHT,-0.00546452,-0.01132269,0.00976974,-0.06803728,0.05665893,0.31650786,-0.07199449,0.05320972,0.08510238,0.02142046,0.00058520,25.30213076,9.29698929,51.76918420,30.72163645,0.17390144,-0.49848212,1.30827087,0.16864165,-0.50309230,1.29366382,8.56402051,0.00000004
3.62000000,SHIFT_WEIGHT,-0.00555420,-0.01145590,0.00988606,-0.06859580,0.05716049,0.31650454,-0.07251189,0.05367797,0.08576292,0.02142555,0.00059029,25.26505483,9.14676649,51.97855837,30.70068117,0.17511393,-0.49610445,1.30583061,0.16998083,-0.50070372,1.29141689,8.60968749,0.00000004
3.63000000,SHIFT_WEIGHT,-0.00564412,-0.01158927,0.01000203,-0.06914967,0.05765756,0.31650090,-0.07302494,0.05414201,0.08641743,0.02143063,0.00059537,25.22788688,8.99814841,52.18643869,30.67970828,0.17631126,-0.49375047,1.30340537,0.17130525,-0.49833782,1.28918525,8.65508503,0.00000004
3.64000000,SHIFT_WEIGHT,-0.00573423,-0.01172274,0.01011758,-0.06969876,0.05815004,0.31649694,-0.07353353,0.05460176,0.08706578,0.02143570,0.00060044,25.19064638,8.85116267,52.39276287,30.65873314,0.17749320,-0.49142078,1.30099599,0.17261467,-0.49599518,1.28696969,8.70019982,0.00000004
3.65000000,SHIFT_WEIGHT,-0.00582450,-0.01185629,0.01023269,-0.07024293,0.05863781,0.31649266,-0.07403752,0.05505709,0.08770780,0.02144075,0.00060549,25.15335239,8.70583563,52.59746981,30.63777208,0.17865957,-0.48911593,1.29860330,0.17390883,-0.49367643,1.28477099,8.74501885,0.00000004
3.66000000,SHIFT_WEIGHT,-0.00591490,-0.01198986,0.01034732,-0.07078205,0.05912077,0.31648808,-0.07453682,0.05550792,0.08834334,0.02144579,0.00061053,25.11602366,8.56219251,52.80049951,30.61684225,0.17981016,-0.48683649,1.29622813,0.17518747,-0.49138214,1.28258994,8.78952932,0.00000004
3.67000000,SHIFT_WEIGHT,-0.00600539,-0.01212342,0.01046142,-0.07131602,0.05959879,0.31648320,-0.07503130,0.05595415,0.08897227,0.02145082,0.00061556,25.07867864,8.42025742,53.00179305,30.59596144,0.18094480,-0.48458301,1.29387130,0.17645035,-0.48911291,1.28042730,8.83371870,0.00000004
3.68000000,SHIFT_WEIGHT,-0.00609593,-0.01225691,0.01057496,-0.07184469,0.06007179,0.31647802,-0.07552085,0.05639567,0.08959444,0.02145583,0.00062057,25.04133560,8.28005351,53.20129249,30.57514802,0.18206330,-0.48235601,1.29153362,0.17769724,-0.48686930,1.27828384,8.87757468,0.00000004
3.69000000,SHIFT_WEIGHT,-0.00618648,-0.01239030,0.01068790,-0.07236796,0.06053964,0.31647256,-0.07600537,0.05683238,0.09020971,0.02146083,0.00062557,25.00401265,8.14160300,53.39894077,30.55442068,0.18316549,-0.48015601,1.28921592,0.17892790,-0.48465187,1.27616032,8.92108513,0.00000004
3.70000000,SHIFT_WEIGHT,-0.00627701,-0.01252355,0.01080019,-0.07288570,0.06100225,0.31646682,-0.07648475,0.05726420,0.09081794,0.02146580,0.00063054,24.96672783,8.00492729,53.59468161,30.53379836,0.18425122,-0.47798354,1.28691898,0.18014213,-0.48246118,1.27405749,8.96423815,0.00000004
3.71000000,SHIFT_WEIGHT,-0.00636748,-0.01265660,0.01091180,-0.07339780,0.06145953,0.31646080,-0.07695888,0.05769102,0.09141899,0.02147076,0.00063550,24.92949914,7.87004709,53.78845946,30.51330008,0.18532032,-0.47583907,1.28464360,0.18133969,-0.48029776,1.27197608,9.00702200,0.00000004
3.72000000,SHIFT_WEIGHT,-0.00645784,-0.01278941,0.01102268,-0.07390415,0.06191135,0.31645452,-0.07742766,0.05811277,0.09201275,0.02147571,0.00064045,24.89234466,7.73698245,53.98021937,30.49294480,0.18637265,-0.47372311,1.28239056,0.18252038,-0.47816213,1.26991683,9.04942511,0.00000004
3.73000000,SHIFT_WEIGHT,-0.00654805,-0.01292194,0.01113281,-0.07440464,0.06235765,0.31644799,-0.07789100,0.05852934,0.09259907,0.02148063,0.00064537,24.85528252,7.60575289,54.16990694,30.47275133,0.18740806,-0.47163611,1.28016064,0.18368400,-0.47605482,1.26788046,9.09143603,0.00000004
3.74000000,SHIFT_WEIGHT,-0.00663809,-0.01305415,0.01124213,-0.07489915,0.06279830,0.31644120,-0.07834879,0.05894066,0.09317784,0.02148553,0.00065027,24.81833104,7.47637748,54.35746820,30.45273815,0.18842643,-0.46957853,1.27795460,0.18483036,-0.47397631,1.26586768,9.13304347,0.00000004
3.75000000,SHIFT_WEIGHT,-0.00672789,-0.01318598,0.01135061,-0.07538759,0.06323324,0.31643417,-0.07880094,0.05934663,0.09374894,0.02149041,0.00065515,24.78150866,7.34887488,54.54284962,30.43292338,0.18942763,-0.46755082,1.27577318,0.18595927,-0.47192710,1.26387917,9.17423624,0.00000004
3.76000000,SHIFT_WEIGHT,-0.00681744,-0.01331739,0.01145820,-0.07586984,0.06366236,0.31642691,-0.07924736,0.05974718,0.09431224,0.02149526,0.00066000,24.74483406,7.22326343,54.72599795,30.41332465,0.19041154,-0.46555341,1.27361712,0.18707055,-0.46990767,1.26191561,9.21500325,0.00000004
3.77000000,SHIFT_WEIGHT,-0.00690668,-0.01344833,0.01156488,-0.07634581,0.06408558,0.31641943,-0.07968794,0.06014222,0.09477394,0.02150009,0.00066483,24.70832616,7.09956121,54.90686028,30.39395904,0.19137805,-0.46358671,1.27148715,0.18816403,-0.46791846,1.25997768,9.25533352,0.00000004
3.78000000,SHIFT_WEIGHT,-0.00699556,-0.01357875,0.01167060,-0.07681539,0.06450281,0.31641173,-0.08012261,0.06053168,0.09431547,0.02150490,0.00066964,24.67200338,6.97785221,55.08538612,30.37484106,0.19232707,-0.46165113,1.26938398,0.18923954,-0.46595992,1.25806603,9.29521640,0.00000003
3.79000000,SHIFT_WEIGHT,-0.00708407,-0.01370861,0.01177532,-0.07727850,0.06491397,0.31640383,-0.08055127,0.06091548,0.09386281,0.02150969,0.00067443,24.63587335,6.85820624,55.26154396,30.35597371,0.19325851,-0.45974705,1.26730835,0.19029693,-0.46403249,1.25618130,9.33464346,0.00000003
3.80000000,SHIFT_WEIGHT,-0.00717216,-0.01383787,0.01187901,-0.07773503,0.06531898,0.31639574,-0.08097385,0.06129355,0.09341608,0.02151448,0.00067922,24.59993775,6.74054550,55.43529951,30.33736259,0.19417232,-0.45787485,1.26526095,0.19133606,-0.46213658,1.25432413,9.37360596,0.00000003
3.81000000,SHIFT_WEIGHT,-0.00725980,-0.01396649,0.01198163,-0.07818490,0.06571777,0.31638746,-0.08139025,0.06166582,0.09297535,0.02151926,0.00068400,24.56420979,6.62482238,55.60660023,30.31901923,0.19506842,-0.45603486,1.26324244,0.19235678,-0.46027260,1.25249513,9.41209325,0.00000003
3.82000000,SHIFT_WEIGHT,-0.00734696,-0.01409441,0.01208315,-0.07862801,0.06611026,0.31637902,-0.08180040,0.06203221,0.09254075,0.02152406,0.00068880,24.52871596,6.51103069,55.77538672,30.30095818,0.19594677,-0.45422740,1.26125344,0.19335897,-0.45844094,1.25069491,9.45009411,0.00000003
3.83000000,SHIFT_WEIGHT,-0.00743357,-0.01422159,0.01218353,-0.07906428,0.06649638,0.31637041,-0.08220422,0.06239267,0.09211235,0.02152885,0.00069359,24.49349055,6.39918758,55.94160063,30.28319702,0.19680731,-0.45245279,1.25929458,0.19434249,-0.45664195,1.24892401,9.48759750,0.00000003
3.84000000,SHIFT_WEIGHT,-0.00751961,-0.01434797,0.01228275,-0.07949363,0.06687605,0.31636165,-0.08260162,0.06274712,0.09169025,0.02153365,0.00069839,24.45856957,6.28931975,56.10518673,30.26575576,0.19764998,-0.45071134,1.25736645,0.19530723,-0.45487598,1.24718297,9.52459266,0.00000003
3.85000000,SHIFT_WEIGHT,-0.00760502,-0.01447350,0.01238076,-0.07991596,0.06724922,0.31635276,-0.08299255,0.06309552,0.09127455,0.02153844,0.00070318,24.42398665,6.18145576,56.26609210,30.24865522,0.19847476,-0.44900331,1.25546964,0.19625309,-0.45314335,1.24547232,9.56106904,0.00000003
3.86000000,SHIFT_WEIGHT,-0.00768976,-0.01459812,0.01247752,-0.08033120,0.06761581,0.31634374,-0.08337691,0.06343779,0.09086533,0.02154323,0.00070797,24.38977113,6.07562253,56.42426472,30.23191538,0.19928159,-0.44732899,1.25360472,0.19717997,-0.45144437,1.24379254,9.59701613,0.00000003
3.87000000,SHIFT_WEIGHT,-0.00777379,-0.01472177,0.01257301,-0.08073928,0.06797577,0.31633461,-0.08375466,0.06377387,0.09046269,0.02154801,0.00071275,24.35594779,5.97184429,56.57965235,30.21555427,0.20007046,-0.44568862,1.25177223,0.19808776,-0.44977933,1.24214412,9.63242338,0.00000003
3.88000000,SHIFT_WEIGHT,-0.00785705,-0.01484441,0.01266718,-0.08114011,0.06832904,0.31632536,-0.08412570,0.06410373,0.09006670,0.02155277,0.00071751,24.32253745,5.87014265,56.73220212,30.19958755,0.20084134,-0.44408244,1.24997269,0.19897640,-0.44814849,1.24052749,9.66728017,0.00000003
3.89000000,SHIFT_WEIGHT,-0.00793950,-0.01496598,0.01275999,-0.08153362,0.06867556,0.31631603,-0.08448999,0.06442730,0.08967746,0.02155751,0.00072226,24.28955811,5.77053724,56.88186070,30.18402853,0.20159421,-0.44251067,1.24820661,0.19984581,-0.44655210,1.23894309,9.70157583,0.00000003
3.90000000,SHIFT_WEIGHT,-0.00802109,-0.01508642,0.01285142,-0.08191975,0.06901527,0.31630662,-0.08484745,0.06474453,0.08929503,0.02156224,0.00072698,24.25702606,5.67304636,57.02857469,30.16888848,0.20232907,-0.44097350,1.24647446,0.20069592,-0.44499040,1.23739132,9.73529976,0.00000003
3.91000000,SHIFT_WEIGHT,-0.00810178,-0.01520569,0.01294141,-0.08229842,0.06934813,0.31629713,-0.08519803,0.06505539,0.08891950,0.02156694,0.00073168,24.22495690,5.57768748,57.17229123,30.15417697,0.20304591,-0.43947112,1.24477668,0.20152667,-0.44346359,1.23587257,9.76844146,0.00000003
3.92000000,SHIFT_WEIGHT,-0.00818153,-0.01532373,0.01302994,-0.08266958,0.06967409,0.31628760,-0.08554167,0.06535982,0.08855093,0.02157161,0.00073635,24.19336643,5.48447757,57.31295852,30.13990213,0.20374475,-0.43800368,1.24311370,0.20233803,-0.44197185,1.23438718,9.80099063,0.00000003
3.93000000,SHIFT_WEIGHT,-0.00826027,-0.01544049,0.01311696,-0.08303317,0.06999311,0.31627802,-0.08587832,0.06565779,0.08818941,0.02157624,0.00074098,24.16227105,5.39343325,57.45052630,30.12607093,0.20442560,-0.43657132,1.24148593,0.20312996,-0.44051537,1.23293549,9.83293726,0.00000003
3.94000000,SHIFT_WEIGHT,-0.00833798,-0.01555592,0.01320245,-0.08338912,0.07030515,0.31626841,-0.08620792,0.06594926,0.08783500,0.02158084,0.00074558,24.13168813,5.30457075,57.58494619,30.11268921,0.20508849,-0.43517418,1.23989372,0.20390242,-0.43909429,1.23151780,9.86427162,0.00000003
3.95000000,SHIFT_WEIGHT,-0.00841460,-0.01566995,0.01328637,-0.08373739,0.07061017,0.31625880,-0.08653043,0.06623420,0.08748776,0.02158540,0.00075014,24.10163601,5.21790576,57.71617196,30.09976183,0.20573345,-0.43381235,1.23833744,0.20465540,-0.43770872,1.23013438,9.89498439,0.00000002
3.96000000,SHIFT_WEIGHT,-0.00849010,-0.01578255,0.01336868,-0.08407793,0.07090815,0.31624918,-0.08684581,0.06651258,0.08714775,0.02158991,0.00075465,24.07213386,5.13345328,57.84415971,30.08729263,0.20636052,-0.43248591,1.23681738,0.20538889,-0.43635878,1.22878549,9.92506660,0.00000002
3.97000000,SHIFT_WEIGHT,-0.00856443,-0.01589366,0.01344936,-0.08441069,0.07119905,0.31623957,-0.08715401,0.06678438,0.08681503,0.02159437,0.00075911,24.04320143,5.05122745,57.96886798,30.07528452,0.20696974,-0.43119492,1.23533386,0.20610289,-0.43504454,1.22747134,9.95450972,0.00000002
3.98000000,SHIFT_WEIGHT,-0.00863755,-0.01600323,0.01352839,-0.08473564,0.07148285,0.31623000,-0.08745499,0.06704957,0.08648966,0.02159878,0.00076352,24.01485878,4.97124140,58.09025780,30.06373947,0.20756119,-0.42993944,1.23388712,0.20679742,-0.43376607,1.22619214,9.98330563,0.00000002
3.99000000,SHIFT_WEIGHT,-0.00870943,-0.01611120,0.01360572,-0.08505272,0.07175953,0.31622046,-0.08774873,0.06730814,0.08617167,0.02160313,0.00076787,23.98712592,4.89350717,58.20829282,30.05265863,0.20813493,-0.42871947,1.23247741,0.20747250,-0.43252339,1.22494804,10.01144667,0.00000002
4.00000000,SHIFT_WEIGHT,-0.00878002,-0.01621754,0.01368135,-0.08536192,0.07202908,0.31621098,-0.08803519,0.06756006,0.08586113,0.02160741,0.00077215,23.96002247,4.81803567,58.32293923,30.04204232,0.20869103,-0.42753502,1.23110492,0.20812815,-0.43131652,1.22373918,10.03892561,0.00000002
4.01000000,SHIFT_WEIGHT,-0.00884930,-0.01632218,0.01375524,-0.08566320,0.07229148,0.31620157,-0.08831434,0.06780534,0.08555806,0.02161163,0.00077637,23.93356740,4.74483669,58.43416589,30.03189019,0.20922959,-0.42638606,1.22976983,0.20876443,-0.43014545,1.22256567,10.06573570,0.00000002
4.02000000,SHIFT_WEIGHT,-0.00891721,-0.01642509,0.01382737,-0.08595654,0.07254673,0.31619223,-0.08858617,0.06804395,0.08526251,0.02161578,0.00078052,23.90777878,4.67391892,58.54194426,30.02220129,0.20975069,-0.42527255,1.22847227,0.20938138,-0.42901014,1.22142758,10.09187062,0.00000002
4.03000000,SHIFT_WEIGHT,-0.00898374,-0.01652622,0.01389774,-0.08624192,0.07279483,0.31618299,-0.08885066,0.06827591,0.08497451,0.02161984,0.00078458,23.88267354,4.60529003,58.64624852,30.01297418,0.21025443,-0.42419443,1.22721238,0.20997907,-0.42791054,1.22032498,10.11732455,0.00000002
4.04000000,SHIFT_WEIGHT,-0.00904885,-0.01662552,0.01396631,-0.08651933,0.07303577,0.31617386,-0.08910780,0.06850121,0.08469408,0.02162383,0.00078857,23.85826733,4.53895667,58.74705550,30.00420699,0.21074094,-0.42315159,1.22599021,0.21055757,-0.42684655,1.21925786,10.14209212,0.00000002
4.05000000,SHIFT_WEIGHT,-0.00911251,-0.01672295,0.01403307,-0.08678875,0.07326956,0.31616484,-0.08935757,0.06871986,0.08442124,0.02162774,0.00079248,23.83457443,4.47492457,58.84434478,29.99589756,0.21121032,-0.42214394,1.22480583,0.21111697,-0.42581808,1.21822622,10.16616844,0.00000002
4.06000000,SHIFT_WEIGHT,-0.00917469,-0.01681846,0.01409800,-0.08705019,0.07349621,0.31615595,-0.08959997,0.06893187,0.08415603,0.02163155,0.00079629,23.81160761,4.41319854,58.93809865,29.98804345,0.21166271,-0.42117132,1.22365926,0.21165737,-0.42482498,1.21723000,10.18954913,0.00000002
4.07000000,SHIFT_WEIGHT,-0.00923536,-0.01691203,0.01416111,-0.08730364,0.07371574,0.31614721,-0.08983501,0.06913724,0.08389844,0.02163528,0.00080002,23.78937815,4.35378248,59.02830220,29.98064204,0.21209825,-0.42023359,1.22255047,0.21217887,-0.42386709,1.21626914,10.21223026,0.00000002
4.08000000,SHIFT_WEIGHT,-0.00929450,-0.01700360,0.01422236,-0.08754911,0.07392817,0.31613862,-0.09006269,0.06933600,0.08364848,0.02163891,0.00080365,23.76789581,4.29667940,59.11494327,29.97369051,0.21251707,-0.41933055,1.22147943,0.21268160,-0.42294424,1.21534352,10.23420841,0.00000002
4.09000000,SHIFT_WEIGHT,-0.00935207,-0.01709315,0.01428176,-0.08778661,0.07413351,0.31613019,-0.09028302,0.06952817,0.08340616,0.02164243,0.00080717,23.74716883,4.24189137,59.19801255,29.96718589,0.21291935,-0.41846199,1.22044605,0.21316568,-0.42205620,1.21445300,10.25548066,0.00000002
4.10000000,SHIFT_WEIGHT,-0.00940806,-0.01718064,0.01433928,-0.08801616,0.07433180,0.31612194,-0.09049602,0.06971378,0.08317147,0.02164585,0.00081059,23.72720402,4.18941951,59.27750351,29.96112503,0.21330524,-0.41762768,1.21945022,0.21363127,-0.42120273,1.21359741,10.27604458,0.00000002
4.11000000,SHIFT_WEIGHT,-0.00946245,-0.01726603,0.01439494,-0.08823778,0.07452307,0.31611388,-0.09070170,0.06989285,0.08294441,0.02164917,0.00081391,23.70800677,4.13926391,59.35341248,29.95550459,0.21367491,-0.41682737,1.21849180,0.21407850,-0.42038359,1.21277652,10.29589822,0.00000001
4.12000000,SHIFT_WEIGHT,-0.00951521,-0.01734930,0.01444871,-0.08845150,0.07470736,0.31610600,-0.09090010,0.07006542,0.08272495,0.02165237,0.00081711,23.68958115,4.09142361,59.42573863,29.95032103,0.21402855,-0.41606075,1.21757060,0.21450756,-0.41959846,1.21199011,10.31504017,0.00000001
4.13000000,SHIFT_WEIGHT,-0.00956633,-0.01743041,0.01450060,-0.08865735,0.07488471,0.31609834,-0.09109123,0.07023154,0.08251309,0.02165546,0.00082020,23.67192997,4.04589651,59.49448398,29.94557055,0.21436636,-0.41532753,1.21668641,0.21491863,-0.41884703,1.21123789,10.33346948,0.00000001
4.14000000,SHIFT_WEIGHT,-0.00961578,-0.01750934,0.01455060,-0.08885538,0.07505517,0.31609089,-0.09127515,0.07039123,0.08230878,0.02165843,0.00082317,23.65505488,4.00267934,59.55965341,29.94124906,0.21468853,-0.41462736,1.21583897,0.21531188,-0.41812895,1.21051956,10.35118575,0.00000001
4.15000000,SHIFT_WEIGHT,-0.00966356,-0.01758607,0.01459870,-0.08904563,0.07521879,0.31608366,-0.09145189,0.07054456,0.08211201,0.02166129,0.00082603,23.63895645,3.96176758,59.62125461,29.93735213,0.21499527,-0.41395989,1.21502802,0.21568754,-0.41744385,1.20983477,10.36818902,0.00000001
4.16000000,SHIFT_WEIGHT,-0.00970964,-0.01766058,0.01464492,-0.08922816,0.07537562,0.31607667,-0.09162150,0.07069157,0.08192273,0.02166401,0.00082875,23.62363423,3.92315544,59.67929817,29.93387498,0.21528681,-0.41332472,1.21425321,0.21604581,-0.41679133,1.20918313,10.38447989,0.00000001
4.17000000,SHIFT_WEIGHT,-0.00975402,-0.01773283,0.01468925,-0.08940301,0.07552574,0.31606991,-0.09178403,0.07083232,0.08174090,0.02166661,0.00083135,23.60908686,3.88683579,59.73379745,29.93081240,0.21556339,-0.41272144,1.21351421,0.21638693,-0.41617095,1.20856424,10.40005940,0.00000001
4.18000000,SHIFT_WEIGHT,-0.00979669,-0.01780282,0.01473169,-0.08957025,0.07566920,0.31606340,-0.09193954,0.07096688,0.08156647,0.02166909,0.00083383,23.59531210,3.85280011,59.78476865,29.92815874,0.21582524,-0.41214960,1.21281061,0.21671115,-0.41558224,1.20797765,10.41492914,0.00000001
4.19000000,SHIFT_WEIGHT,-0.00983764,-0.01787053,0.01477226,-0.08972996,0.07580609,0.31605715,-0.09208810,0.07109531,0.08139938,0.02167143,0.00083617,23.58230692,3.82103849,59.83223077,29.92590791,0.21607261,-0.41160874,1.21214199,0.21701871,-0.41502473,1.20742287,10.42909114,0.00000001
4.20000000,SHIFT_WEIGHT,-0.00987686,-0.01793594,0.01481095,-0.08988221,0.07593647,0.31605116,-0.09222976,0.07121768,0.08123957,0.02167364,0.00083838,23.57006750,3.79153956,59.87620558,29.92405331,0.21630578,-0.41109835,1.21150789,0.21730989,-0.41449789,1.20689938,10.44254796,0.00000001
4.21000000,SHIFT_WEIGHT,-0.00991435,-0.01799905,0.01484777,-0.09002708,0.07606044,0.31604543,-0.09236462,0.07133407,0.08108698,0.02167571,0.00084045,23.55858933,3.76429052,59.91671758,29.92258787,0.21652502,-0.41061792,1.21090780,0.21758497,-0.41400117,1.20640663,10.45530261,0.00000001
4.22000000,SHIFT_WEIGHT,-0.00995010,-0.01805984,0.01488275,-0.09016466,0.07617808,0.31603998,-0.09249273,0.07144457,0.08094152,0.02167765,0.00084239,23.54786718,3.73927704,59.95379403,29.92150399,0.21673061,-0.41016688,1.21034119,0.21784425,-0.41353400,1.20594403,10.46735860,0.00000001
4.23000000,SHIFT_WEIGHT,-0.00998412,-0.01811831,0.01491588,-0.09029504,0.07628949,0.31603481,-0.09261421,0.07154925,0.08080312,0.02167945,0.00084419,23.53789518,3.71648334,59.98746487,29.92079361,0.21692286,-0.40974466,1.20980749,0.21808805,-0.41309576,1.20551094,10.47871991,0.00000001
4.24000000,SHIFT_WEIGHT,-0.01001641,-0.01817446,0.01494718,-0.09041833,0.07639476,0.31602992,-0.09272913,0.07164822,0.08067168,0.02168111,0.00084585,23.52866680,3.69589207,60.01776273,29.92044815,0.21710207,-0.40935065,1.20930607,0.21831669,-0.41268582,1.20510672,10.48939099,0.00000001
4.25000000,SHIFT_WEIGHT,-0.01004697,-0.01822827,0.01497668,-0.09053464,0.07649400,0.31602532,-0.09283759,0.07174157,0.08054713,0.02168263,0.00084737,23.52017484,3.67748438,60.04472290,29.92045859,0.21726856,-0.40898422,1.20883630,0.21853051,-0.41230351,1.20473066,10.49937678,0.00000001
4.26000000,SHIFT_WEIGHT,-0.01007580,-0.01827975,0.01500438,-0.09064407,0.07658733,0.31602102,-0.09293970,0.07182940,0.08042934,0.02168401,0.00084875,23.51241149,3.66123987,60.06838329,29.92081545,0.21742266,-0.40864469,1.20839748,0.21872986,-0.41194813,1.20438203,10.50868265,0.00000001
4.27000000,SHIFT_WEIGHT,-0.01010292,-0.01832891,0.01503031,-0.09074676,0.07667485,0.31601701,-0.09303557,0.07191181,0.08031822,0.02168525,0.00084999,23.50536831,3.64713656,60.08878447,29.92150880,0.21756473,-0.40833137,1.20798889,0.21891512,-0.41161895,1.20406005,10.51731448,0.00000001
4.28000000,SHIFT_WEIGHT,-0.01012833,-0.01837574,0.01505450,-0.09084282,0.07675670,0.31601331,-0.09312531,0.07198894,0.08021365,0.02168635,0.00085109,23.49903620,3.63515090,60.10596958,29.92252834,0.21769512,-0.40804354,1.20760977,0.21908667,-0.41131521,1.20376393,10.52527858,0.00000001
4.29000000,SHIFT_WEIGHT,-0.01015205,-0.01842026,0.01507695,-0.09093239,0.07683301,0.31600990,-0.09320905,0.07206088,0.08011552,0.02168730,0.00085205,23.49340547,3.62525771,60.11998437,29.92386338,0.21781420,-0.40778044,1.20725933,0.21924492,-0.41103612,1.20349281,10.53258173,0.00000001
4.30000000,SHIFT_WEIGHT,-0.01017408,-0.01846247,0.01509770,-0.09101561,0.07690389,0.31600681,-0.09328692,0.07212777,0.08002368,0.02168812,0.00085286,23.48846578,3.61743021,60.13087718,29.92550289,0.21792234,-0.40754129,1.20693672,0.21939026,-0.41078084,1.20324583,10.53923120,0.00000000
4.31000000,SHIFT_WEIGHT,-0.01019445,-0.01850239,0.01511678,-0.09109263,0.07696950,0.31600402,-0.09335904,0.07218973,0.07993802,0.02168880,0.00085354,23.48420618,3.61163992,60.13869892,29.92743555,0.21801996,-0.40732527,1.20664107,0.21952315,-0.41054853,1.20302206,10.54523468,0.00000000
4.32000000,SHIFT_WEIGHT,-0.01021316,-0.01854003,0.01513422,-0.09116361,0.07702999,0.31600155,-0.09342555,0.07224691,0.07985838,0.02168934,0.00085408,23.48061509,3.60785672,60.14350311,29.92964974,0.21810745,-0.40713155,1.20637146,0.21964401,-0.41033830,1.20282056,10.55060038,0.00000000
4.33000000,SHIFT_WEIGHT,-0.01023025,-0.01857540,0.01515003,-0.09122870,0.07708550,0.31599939,-0.09348662,0.07229944,0.07978462,0.02168975,0.00085449,23.47768035,3.60604870,60.14534585,29.93213358,0.21818523,-0.40695924,1.20612695,0.21975332,-0.41014922,1.20264034,10.55533693,0.00000000
4.34000000,SHIFT_WEIGHT,-0.01024573,-0.01860853,0.01516427,-0.09128807,0.07713619,0.31599754,-0.09354238,0.07234746,0.07971659,0.02169001,0.00085475,23.47538917,3.60618224,60.14428582,29.93487499,0.21825375,-0.40680744,1.20590655,0.21985156,-0.40998035,1.20248037,10.55945347,0.00000000
4.35000000,SHIFT_WEIGHT,-0.01025961,-0.01863943,0.01517695,-0.09134190,0.07718223,0.31599601,-0.09359300,0.07239113,0.07965411,0.02169015,0.00085489,23.47372820,3.60822187,60.14038432,29.93786168,0.21831344,-0.40667522,1.20570923,0.21993921,-0.40983070,1.20233959,10.56295961,0.00000000
4.36000000,SHIFT_WEIGHT,-0.01027194,-0.01866813,0.01518813,-0.09139037,0.07722379,0.31599479,-0.09363865,0.07243061,0.07959703,0.02169015,0.00085489,23.47268351,3.61213030,60.13370525,29.94108121,0.21836478,-0.40656161,1.20553392,0.22001679,-0.40969925,1.20221691,10.56586542,0.00000000
4.37000000,SHIFT_WEIGHT,-0.01028272,-0.01869466,0.01519782,-0.09143367,0.07726104,0.31599389,-0.09367949,0.07246606,0.07954516,0.02169002,0.00085476,23.47224061,3.61786834,60.12431516,29.94452099,0.21840823,-0.40646560,1.20537952,0.22008482,-0.40958494,1.20211119,10.56818148,0.00000000
4.38000000,SHIFT_WEIGHT,-0.01029200,-0.01871905,0.01520608,-0.09147200,0.07729418,0.31599331,-0.09371571,0.07249764,0.07949832,0.02168976,0.00085450,23.47238445,3.62539484,60.11228323,29.94816831,0.21844429,-0.40638617,1.20524489,0.22014385,-0.40948671,1.20202127,10.56991886,0.00000000
4.39000000,SHIFT_WEIGHT,-0.01029980,-0.01874132,0.01521294,-0.09150555,0.07732338,0.31599304,-0.09374749,0.07252555,0.07945631,0.02168938,0.00085412,23.47309947,3.63466667,60.09768129,29.95201036,0.21847347,-0.40632226,1.20512885,0.22019445,-0.40940342,1.20194594,10.57108912,0.00000000
4.40000000,SHIFT_WEIGHT,-0.01030615,-0.01876151,0.01521844,-0.09153455,0.07734884,0.31599309,-0.09377503,0.07254994,0.07941895,0.02168888,0.00085362,23.47436960,3.64563867,60.08058387,29.95603426,0.21849627,-0.40627276,1.20503019,0.22023718,-0.40933393,1.20188395,10.57170431,0.00000000
4.41000000,SHIFT_WEIGHT,-0.01031109,-0.01877965,0.01522263,-0.09155921,0.07737077,0.31599345,-0.09379851,0.07257102,0.07938602,0.02168826,0.00085300,23.47617827,3.65826361,60.06106816,29.96022707,0.21851324,-0.40623655,1.20494764,0.22027264,-0.40927705,1.20183402,10.57177702,0.00000000
4.42000000,SHIFT_WEIGHT,-0.01031465,-0.01879579,0.01522555,-0.09157975,0.07738938,0.31599412,-0.09381816,0.07258898,0.07935730,0.02168752,0.00085226,23.47850841,3.67249209,60.03921406,29.96457583,0.21852492,-0.40621248,1.20487991,0.22030145,-0.40923156,1.20179484,10.57132033,0.00000000
4.43000000,SHIFT_WEIGHT,-0.01031687,-0.01880996,0.01522726,-0.09159642,0.07740488,0.31599511,-0.09383418,0.07260401,0.07933259,0.02168667,0.00085141,23.48134254,3.68827257,60.01510420,29.96906755,0.21853188,-0.40619933,1.20482566,0.22032424,-0.40919621,1.20176507,10.57034785,0.00000000
4.44000000,SHIFT_WEIGHT,-0.01031778,-0.01882221,0.01522779,-0.09160944,0.07741749,0.31599640,-0.09384680,0.07261632,0.07931164,0.02168571,0.00085045,23.48466267,3.70555129,59.98882392,29.97368925,0.21853469,-0.40619590,1.20478353,0.22034165,-0.40916972,1.20174329,10.56887370,0.00000000
4.45000000,SHIFT_WEIGHT,-0.01031743,-0.01883258,0.01522719,-0.09161907,0.07742744,0.31599800,-0.09385623,0.07262613,0.07929422,0.02168465,0.00084939,23.48845043,3.72427222,59.96046131,29.97842796,0.21853396,-0.40620090,1.20475210,0.22035434,-0.40915075,1.20172810,10.56691255,0.00000000
4.46000000,SHIFT_WEIGHT,-0.01031586,-0.01884113,0.01522553,-0.09162557,0.07743497,0.31599990,-0.09386272,0.07263364,0.07928009,0.02168349,0.00084823,23.49268701,3.74437703,59.93010718,29.98327074,0.21853028,-0.40621306,1.20472992,0.22036302,-0.40913795,1.20171802,10.56447960,0.00000000
4.47000000,SHIFT_WEIGHT,-0.01031311,-0.01884789,0.01522285,-0.09162920,0.07744032,0.31600211,-0.09386650,0.07263909,0.07926899,0.02168224,0.00084698,23.49735319,3.76580505,59.89785513,29.98820471,0.21852430,-0.40623104,1.20471550,0.22036837,-0.40912992,1.20171156,10.56159056,0.00000000
4.48000000,SHIFT_WEIGHT,-0.01030923,-0.01885293,0.01521920,-0.09163023,0.07744374,0.31600461,-0.09386782,0.07264270,0.07926067,0.02168089,0.00084563,23.50244440,3.78857270,59.86384015,29.99322855,0.21851663,-0.40625348,1.20470732,0.22037111,-0.40912525,1.20170717,10.55826695,0.00000000
4.49000000,SHIFT_WEIGHT,-0.01030426,-0.01885629,0.01521464,-0.09162894,0.07744548,0.31600740,-0.09386694,0.07264471,0.07925486,0.02167947,0.00084421,23.50793553,3.81212368,59.82829239,29.99830118,0.21850795,-0.40627902,1.20470386,0.22037197,-0.40912270,1.20170370,10.55454379,0.00000005
4.50000000,SHIFT_WEIGHT,-0.01029824,-0.01885803,0.01520924,-0.09162562,0.07744581,0.31601049,-0.09386412,0.07264536,0.07925128,0.02167796,0.00084270,23.51376848,3.83772136,59.79049847,30.00340651,0.21849895,-0.40630616,1.20470346,0.22037177,-0.40912003,1.20169824,10.55032800,0.00000000
4.51000000,LIFT_LEG,-0.01029124,-0.01885821,0.01520305,-0.09162057,0.07744500,0.31601386,-0.09385963,0.07264491,0.07924965,0.02167637,0.00084111,23.51987517,3.86330164,59.75164990,30.00837389,0.21849029,-0.40633344,1.20470442,0.22037112,-0.40911670,1.20169077,10.54578708,0.00000000
4.52000000,LIFT_LEG,-0.01028336,-0.01885698,0.01519614,-0.09161407,0.07744332,0.31601751,-0.09385375,0.07264361,0.07924968,0.02167473,0.00083947,23.52668386,3.88802283,59.71164589,30.01160485,0.21848258,-0.40635961,1.20470533,0.22037033,-0.40911257,1.20168149,10.54092006,0.00000010
4.53000000,LIFT_LEG,-0.01027480,-0.01885447,0.01518860,-0.09160642,0.07744102,0.31602139,-0.09384673,0.07264169,0.07925112,0.02167309,0.00083783,23.53285664,3.91061967,59.67114975,30.01435465,0.21847617,-0.40638395,1.20470555,0.22036949,-0.40910820,1.20167170,10.53584135,0.00000009
4.54000000,LIFT_LEG,-0.01026583,-0.01885087,0.01518053,-0.09159788,0.07743833,0.31602542,-0.09383884,0.07263937,0.07925370,0.02167152,0.00083626,23.53970579,3.93021209,59.63122563,30.01566849,0.21847123,-0.40640617,1.20470498,0.22036873,-0.40910425,1.20166283,10.53070991,0.00000008
4.55000000,LIFT_LEG,-0.01025670,-0.01884635,0.01517206,-0.09158871,0.07743545,0.31602951,-0.09383031,0.07263684,0.07925718,0.02167009,0.00083483,23.54770397,3.94592537,59.59277386,30.01589304,0.21846782,-0.40642637,1.20470406,0.22036821,-0.40910155,1.20165678,10.52566598,0.00000007
4.56000000,LIFT_LEG,-0.01024763,-0.01884109,0.01516331,-0.09157912,0.07743255,0.31603353,-0.09382135,0.07263427,0.07926136,0.02166885,0.00083359,23.55728708,3.95821856,59.55655194,30.01533956,0.21846591,-0.40644475,1.20470335,0.22036797,-0.40910031,1.20165398,10.52083314,0.00000009
4.57000000,LIFT_LEG,-0.01023878,-0.01883522,0.01515441,-0.09156934,0.07742975,0.31603736,-0.09381218,0.07263176,0.07926601,0.02166782,0.00083256,23.56835929,3.96721408,59.52313019,30.01496796,0.21846544,-0.40646171,1.20470370,0.22036807,-0.40910081,1.20165510,10.51631161,0.00000000
4.58000000,LIFT_LEG,-0.01023029,-0.01882885,0.01514546,-0.09155955,0.07742714,0.31604089,-0.09380298,0.07262942,0.07927094,0.02166701,0.00083175,23.58207942,3.97189941,59.49271346,30.01393193,0.21846627,-0.40647761,1.20470589,0.22036872,-0.40910423,1.20166277,10.51215672,0.00000000
4.59000000,LIFT_LEG,-0.01022215,-0.01882206,0.01513655,-0.09154993,0.07742477,0.31604399,-0.09379391,0.07262729,0.07927597,0.02166646,0.00083120,23.59874471,3.97301041,59.46545681,30.01239671,0.21846824,-0.40649306,1.20471118,0.22036996,-0.40911063,1.20167715,10.50841377,0.00000009
4.60000000,LIFT_LEG,-0.01021438,-0.01881493,0.01512773,-0.09154063,0.07742267,0.31604660,-0.09378514,0.07262540,0.07928095,0.02166614,0.00083088,23.61668711,3.97048428,59.44138013,30.01264095,0.21847115,-0.40650850,1.20472044,0.22037184,-0.40912040,1.20169906,10.50510618,0.00000009
4.61000000,LIFT_LEG,-0.01020691,-0.01880753,0.01511900,-0.09153180,0.07742083,0.31604862,-0.09377680,0.07262375,0.07928573,0.02166607,0.00083081,23.63594144,3.96450982,59.42026960,30.01440292,0.21847472,-0.40652437,1.20473456,0.22037443,-0.40913385,1.20172925,10.50222792,0.00000001
4.62000000,LIFT_LEG,-0.01019963,-0.01879994,0.01511034,-0.09152355,0.07741923,0.31605002,-0.09376900,0.07262232,0.07929019,0.02166622,0.00083096,23.65688163,3.95525965,59.40197157,30.01739821,0.21847873,-0.40654114,1.20475439,0.22037778,-0.40915127,1.20176833,10.49976675,0.00000003
4.63000000,LIFT_LEG,-0.01019239,-0.01879223,0.01510168,-0.09151598,0.07741781,0.31605077,-0.09376183,0.07262107,0.07929424,0.02166660,0.00083134,23.67949809,3.94289766,59.38612744,30.02122792,0.21848290,-0.40655923,1.20478070,0.22038195,-0.40917290,1.20181688,10.49768809,0.00000000
4.64000000,LIFT_LEG,-0.01018496,-0.01878450,0.01509293,-0.09150915,0.07741652,0.31605086,-0.09375537,0.07261994,0.07929779,0.02166719,0.00083193,23.70147845,3.92757912,59.37248559,30.02876427,0.21848699,-0.40657910,1.20481417,0.22038696,-0.40919896,1.20187535,10.49595774,0.00000005
4.65000000,LIFT_LEG,-0.01017717,-0.01877679,0.01508394,-0.09150311,0.07741528,0.31605029,-0.09374967,0.07261887,0.07930080,0.02166798,0.00083272,23.72409591,3.90957414,59.36047345,30.03771125,0.21849070,-0.40660112,1.20485548,0.22039287,-0.40922963,1.20194419,10.49451333,0.00000004
4.66000000,LIFT_LEG,-0.01016877,-0.01876912,0.01507456,-0.09149789,0.07741401,0.31604907,-0.09374474,0.07261778,0.07930324,0.02166896,0.00083370,23.74687618,3.88912430,59.34979332,30.04878680,0.21849380,-0.40662569,1.20490521,0.22039970,-0.40926507,1.20202372,10.49330708,0.00000005
4.67000000,LIFT_LEG,-0.01015956,-0.01876150,0.01506461,-0.09149349,0.07741264,0.31604723,-0.09374061,0.07261661,0.07930511,0.02167011,0.00083485,23.76834379,3.86646864,59.33991385,30.06321352,0.21849605,-0.40665317,1.20496390,0.22040747,-0.40930540,1.20211423,10.49227359,0.00000006
4.68000000,LIFT_LEG,-0.01014936,-0.01875386,0.01505388,-0.09148987,0.07741108,0.31604479,-0.09373724,0.07261528,0.07930642,0.02167143,0.00083617,23.78955291,3.84194824,59.33043152,30.07974611,0.21849721,-0.40668388,1.20503206,0.22041620,-0.40935074,1.20221597,10.49135377,0.00000009
4.69000000,LIFT_LEG,-0.01013798,-0.01874614,0.01504219,-0.09148699,0.07740927,0.31604180,-0.09373460,0.07261373,0.07930722,0.02167289,0.00083763,23.80918383,3.81578203,59.32101994,30.10004843,0.21849714,-0.40671815,1.20511013,0.22042591,-0.40940114,1.20232910,10.49049406,0.00000000
4.70000000,LIFT_LEG,-0.01012523,-0.01873826,0.01502938,-0.09148479,0.07740714,0.31603827,-0.09373262,0.07261189,0.07930757,0.02167448,0.00083922,23.82885367,3.78817300,59.31136711,30.12218939,0.21849574,-0.40675631,1.20519845,0.22043662,-0.40945671,1.20245379,10.48964061,0.00000000
4.71000000,LIFT_LEG,-0.01011095,-0.01873015,0.01501529,-0.09148317,0.07740464,0.31603426,-0.09373123,0.07260973,0.07930755,0.02167619,0.00084093,23.84796239,3.75927840,59.30115548,30.14693190,0.21849294,-0.40679869,1.20529731,0.22044834,-0.40951749,1.20259020,10.48874040,0.00000000
4.72000000,LIFT_LEG,-0.01009506,-0.01872168,0.01499980,-0.09148203,0.07740172,0.31602979,-0.09373034,0.07260719,0.07930726,0.02167800,0.00084274,23.86700911,3.72926634,59.29002556,30.17361240,0.21848869,-0.40684558,1.20540696,0.22046108,-0.40958355,1.20273847,10.48773808,0.00000000
4.73000000,LIFT_LEG,-0.01007741,-0.01871273,0.01498281,-0.09148127,0.07739836,0.31602491,-0.09372984,0.07260426,0.07930680,0.02167991,0.00084465,23.88582982,3.69822673,59.27782646,30.20290787,0.21848301,-0.40689730,1.20552757,0.22047485,-0.40965494,1.20289871,10.48659334,0.00000000
4.74000000,LIFT_LEG,-0.01005792,-0.01870318,0.01496427,-0.09148076,0.07739452,0.31601965,-0.09372962,0.07260089,0.07930629,0.02168190,0.00084664,23.90481712,3.66622140,59.26426982,30.23432178,0.21847595,-0.40695414,1.20565929,0.22048966,-0.40973171,1.20307102,10.48525790,0.00000000
4.75000000,LIFT_LEG,-0.01003656,-0.01869288,0.01494413,-0.09148037,0.07739020,0.31601406,-0.09372956,0.07259708,0.07930584,0.02168397,0.00084871,23.92430029,3.63330716,59.24912576,30.26762659,0.21846756,-0.40701639,1.20580219,0.22050553,-0.40981390,1.20325552,10.48368882,0.00000000
4.76000000,LIFT_LEG,-0.01001326,-0.01868168,0.01492239,-0.09147997,0.07738538,0.31600816,-0.09372954,0.07259283,0.07930557,0.02168611,0.00085085,23.94460212,3.59951578,59.23219245,30.30261404,0.21845794,-0.40708431,1.20595635,0.22052245,-0.40990156,1.20345229,10.48184675,0.00000000
4.77000000,LIFT_LEG,-0.00998803,-0.01866944,0.01489905,-0.09147944,0.07738006,0.31600201,-0.09372944,0.07258812,0.07930560,0.02168833,0.00085307,23.96603632,3.56485979,59.21329256,30.33908424,0.21844719,-0.40715815,1.20612181,0.22054044,-0.40999472,1.20366142,10.47969587,0.00000000
4.78000000,LIFT_LEG,-0.00996083,-0.01865600,0.01487415,-0.09147863,0.07737426,0.31599563,-0.09372913,0.07258297,0.07930606,0.02169062,0.00085536,23.98889885,3.52933881,59.19227006,30.37684851,0.21843540,-0.40723817,1.20629858,0.22055951,-0.41009342,1.20388299,10.47720366,0.00000000
4.79000000,LIFT_LEG,-0.00993167,-0.01864124,0.01484772,-0.09147744,0.07736796,0.31598905,-0.09372850,0.07257737,0.07930707,0.02169298,0.00085772,24.01345997,3.49294517,59.16898786,30.41573368,0.21842271,-0.40732457,1.20648666,0.22057967,-0.41019768,1.20411706,10.47434083,0.00000000
4.80000000,LIFT_LEG,-0.00990054,-0.01862501,0.01481981,-0.09147573,0.07736119,0.31598231,-0.09372744,0.07257135,0.07930872,0.02169541,0.00086015,24.03995769,3.45566848,59.14332664,30.45558654,0.21840921,-0.40741755,1.20668604,0.22060091,-0.41030753,1.20436369,10.47108125,0.00000000
4.81000000,LIFT_LEG,-0.00986744,-0.01860719,0.01479047,-0.09147341,0.07735396,0.31597543,-0.09372584,0.07256489,0.07931113,0.02169791,0.00086265,24.06859304,3.41749883,59.11518437,30.49627754,0.21839503,-0.40751728,1.20689672,0.22062325,-0.41042300,1.20462295,10.46740196,0.00000000
4.82000000,LIFT_LEG,-0.00983238,-0.01858769,0.01475973,-0.09147037,0.07734626,0.31596844,-0.09372361,0.07255802,0.07931440,0.02170049,0.00086523,24.09952720,3.37842884,59.08447631,30.53770336,0.21838024,-0.40762391,1.20711868,0.22064669,-0.41054411,1.20489488,10.46328327,0.00000000
4.83000000,LIFT_LEG,-0.00979534,-0.01856639,0.01472764,-0.09146653,0.07733812,0.31596136,-0.09372066,0.07255075,0.07931859,0.02170315,0.00086789,24.13288049,3.33845471,59.05113509,30.57978826,0.21836494,-0.40773755,1.20735193,0.22067123,-0.41067086,1.20517951,10.45870874,0.00000000
4.84000000,LIFT_LEG,-0.00975634,-0.01854321,0.01469423,-0.09146181,0.07732953,0.31595420,-0.09371693,0.07254307,0.07932379,0.02170588,0.00087062,24.16873303,3.29757629,59.01511090,30.62248401,0.21834920,-0.40785829,1.20759646,0.22069689,-0.41080328,1.20547687,10.45366528,0.00000000
4.85000000,LIFT_LEG,-0.00971535,-0.01851810,0.01465949,-0.09145614,0.07732050,0.31594697,-0.09371235,0.07253499,0.07933006,0.02170869,0.00087343,24.20712695,3.25579654,58.97637156,30.66576887,0.21833307,-0.40798619,1.20785227,0.22072366,-0.41094137,1.20578699,10.44814318,0.00000000
4.86000000,LIFT_LEG,-0.00967237,-0.01849099,0.01462343,-0.09144948,0.07731104,0.31593970,-0.09370687,0.07252652,0.07933745,0.02171158,0.00087632,24.24806975,3.21312046,58.93490253,30.70964557,0.21831661,-0.40812126,1.20811939,0.22075154,-0.41108513,1.20610987,10.44213609,0.00000000
4.87000000,LIFT_LEG,-0.00962738,-0.01846184,0.01458605,-0.09144179,0.07730114,0.31593237,-0.09370045,0.07251766,0.07934599,0.02171455,0.00087929,24.29153849,3.16955371,58.89070675,30.75413856,0.21829983,-0.40826351,1.20839784,0.22078054,-0.41123456,1.20644551,10.43564105,0.00000000
4.88000000,LIFT_LEG,-0.00958037,-0.01843062,0.01454730,-0.09143304,0.07729079,0.31592500,-0.09369308,0.07250839,0.07935572,0.02171761,0.00088235,24.33748456,3.12510109,58.84380428,30.79929089,0.21828277,-0.40841291,1.20868763,0.22081066,-0.41138967,1.20679393,10.42865837,0.00000000
4.89000000,LIFT_LEG,-0.00953131,-0.01839733,0.01450717,-0.09142322,0.07728001,0.31591758,-0.09368472,0.07249873,0.07936666,0.02172074,0.00088548,24.38583871,3.07976502,58.79423177,30.84516060,0.21826543,-0.40856941,1.20898880,0.22084190,-0.41155045,1.20715510,10.42119159,0.00000000
4.90000000,LIFT_LEG,-0.00948020,-0.01836195,0.01446561,-0.09141233,0.07726878,0.31591010,-0.09367539,0.07248867,0.07937880,0.02172396,0.00088870,24.43651596,3.03354430,58.74204165,30.89181715,0.21824781,-0.40873294,1.20930137,0.22087426,-0.41171689,1.20752901,10.41324731,0.00000000
4.91000000,LIFT_LEG,-0.00942701,-0.01832450,0.01442257,-0.09140037,0.07725709,0.31590256,-0.09366508,0.07247819,0.07939214,0.02172727,0.00089201,24.48942040,2.98643300,58.68730102,30.93933775,0.21822992,-0.40890342,1.20962538,0.22090774,-0.41188898,1.20791566,10.40483500,0.00000000
4.92000000,LIFT_LEG,-0.00937174,-0.01828500,0.01437801,-0.09138736,0.07724494,0.31589493,-0.09365381,0.07246730,0.07940668,0.02173066,0.00089540,24.54444942,2.93841979,58.63009040,30.98780390,0.21821175,-0.40908074,1.20996085,0.22094235,-0.41206672,1.20831503,10.39596679,0.00000000
4.93000000,LIFT_LEG,-0.00931438,-0.01824347,0.01433188,-0.09137334,0.07723233,0.31588721,-0.09364161,0.07245599,0.07942239,0.02173414,0.00089888,24.60149748,2.88948767,58.57050215,31.03729817,0.21819329,-0.40926480,1.21030780,0.22097808,-0.41225009,1.20872708,10.38665714,0.00000000
4.94000000,LIFT_LEG,-0.00925492,-0.01819995,0.01428413,-0.09135833,0.07721925,0.31587939,-0.09362850,0.07244426,0.07943924,0.02173771,0.00090245,24.66045920,2.83961409,58.50863871,31.08790131,0.21817453,-0.40945549,1.21066625,0.22101492,-0.41243907,1.20915179,10.37692257,0.00000000
4.95000000,LIFT_LEG,-0.00919338,-0.01815448,0.01423474,-0.09134237,0.07720569,0.31587143,-0.09361452,0.07243210,0.07945721,0.02174137,0.00090611,24.72123185,2.78877140,58.44461074,31.13968980,0.21815546,-0.40965268,1.21103620,0.22105290,-0.41263367,1.20958914,10.36678132,0.00000000
4.96000000,LIFT_LEG,-0.00912975,-0.01810710,0.01418368,-0.09132550,0.07719166,0.31586333,-0.09359972,0.07241950,0.07947625,0.02174512,0.00090986,24.78371712,2.73692774,58.37853502,31.19273375,0.21813607,-0.40985626,1.21141766,0.22109199,-0.41283385,1.21003910,10.35625294,0.00000000
4.97000000,LIFT_LEG,-0.00906406,-0.01805786,0.01413092,-0.09130779,0.07717715,0.31585506,-0.09358413,0.07240648,0.07949632,0.02174898,0.00091372,24.84782238,2.68404813,58.31053247,31.24709533,0.21811636,-0.41006613,1.21181061,0.22113220,-0.41303960,1.21050161,10.34535793,0.00000001
4.98000000,LIFT_LEG,-0.00899633,-0.01800682,0.01407645,-0.09128927,0.07716216,0.31584660,-0.09356781,0.07239303,0.07951738,0.02175294,0.00091768,24.91346130,2.63009579,58.24072599,31.30282757,0.21809631,-0.41028216,1.21221503,0.22117353,-0.41325090,1.21097664,10.33411738,0.00000001
4.99000000,LIFT_LEG,-0.00892659,-0.01795403,0.01402028,-0.09127000,0.07714670,0.31583793,-0.09355080,0.07237914,0.07953938,0.02175700,0.00092174,24.98055414,2.57503362,58.16923849,31.35997356,0.21807594,-0.41050425,1.21263089,0.22121598,-0.41346772,1.21146415,10.32255255,0.00000001
5.00000000,LIFT_LEG,-0.00885486,-0.01789955,0.01396241,-0.09125003,0.07713077,0.31582904,-0.09353316,0.07236483,0.07956228,0.02176118,0.00092592,25.04902758,2.51882572,58.09619094,31.41856606,0.21805524,-0.41073231,1.21305814,0.22125954,-0.41369004,1.21196406,10.31068457,0.00000001
5.01000000,LIFT_LEG,-0.00878120,-0.01784343,0.01390287,-0.09122942,0.07711437,0.31581989,-0.09351494,0.07235010,0.07958602,0.02176547,0.00093021,25.11881437,2.46143882,58.02170063,31.47862743,0.21803420,-0.41096626,1.21349671,0.22130421,-0.41391783,1.21247632,10.29853406,0.00000001
5.02000000,LIFT_LEG,-0.00870563,-0.01778573,0.01384169,-0.09120822,0.07709752,0.31581049,-0.09349618,0.07233495,0.07961056,0.02176988,0.00093462,25.18985279,2.40284368,57.94587961,31.54016977,0.21801284,-0.41120600,1.21394655,0.22134999,-0.41415104,1.21300084,10.28612084,0.00000001
5.03000000,LIFT_LEG,-0.00862820,-0.01772650,0.01377889,-0.09118648,0.07708022,0.31580081,-0.09347693,0.07231940,0.07963585,0.02177441,0.00093915,25.26208598,2.34301637,57.86883330,31.60319537,0.21799115,-0.41145147,1.21440756,0.22139687,-0.41438964,1.21353753,10.27346370,0.00000001
5.04000000,LIFT_LEG,-0.00854896,-0.01766580,0.01371453,-0.09116425,0.07706248,0.31579084,-0.09345724,0.07230345,0.07966185,0.02177908,0.00094382,25.33546132,2.28193919,57.79065946,31.66769729,0.21796914,-0.41170261,1.21487965,0.22144485,-0.41463358,1.21408629,10.26058014,0.00000001
5.05000000,LIFT_LEG,-0.00846795,-0.01760368,0.01364865,-0.09114157,0.07704431,0.31578057,-0.09343715,0.07228710,0.07968852,0.02178387,0.00094861,25.40992982,2.21960154,57.71144730,31.73366004,0.21794681,-0.41195934,1.21536271,0.22149391,-0.41488280,1.21464700,10.24748625,0.00000001
5.06000000,LIFT_LEG,-0.00838524,-0.01754018,0.01358131,-0.09111849,0.07702572,0.31576999,-0.09341670,0.07227038,0.07971581,0.02178880,0.00095354,25.48544552,2.15600043,57.63127694,31.80106040,0.21792418,-0.41222162,1.21585661,0.22154405,-0.41513724,1.21521954,10.23419654,0.00000001
5.07000000,LIFT_LEG,-0.00830085,-0.01747537,0.01351255,-0.09109504,0.07700672,0.31575909,-0.09339593,0.07225328,0.07974369,0.02179387,0.00095861,25.56196509,2.09114076,57.55021908,31.86986822,0.21790124,-0.41248939,1.21636123,0.22159526,-0.41539684,1.21580374,10.22072389,0.00000001
5.08000000,LIFT_LEG,-0.00821485,-0.01740927,0.01344244,-0.09107126,0.07698733,0.31574787,-0.09337487,0.07223583,0.07977213,0.02179908,0.00096382,25.63944747,2.02503533,57.46833497,31.94004730,0.21787800,-0.41276260,1.21687640,0.22164752,-0.41566153,1.21639945,10.20707951,0.00000001
5.09000000,LIFT_LEG,-0.00812727,-0.01734194,0.01337103,-0.09104718,0.07696756,0.31573633,-0.09335354,0.07221802,0.07980110,0.02180443,0.00096917,25.71785361,1.95770467,57.38567653,32.01155618,0.21785446,-0.41304121,1.21740199,0.22170083,-0.41593121,1.21700649,10.19327296,0.00000001
5.10000000,LIFT_LEG,-0.00803817,-0.01727341,0.01329837,-0.09102282,0.07694741,0.31572446,-0.09333198,0.07219987,0.07983057,0.02180992,0.00097466,25.79714634,1.88917660,57.30228681,32.08434898,0.21783064,-0.41332516,1.21793780,0.22175517,-0.41620580,1.21762466,10.17931219,0.00000001
5.11000000,LIFT_LEG,-0.00794759,-0.01720372,0.01322453,-0.09099821,0.07692689,0.31571228,-0.09331020,0.07218139,0.07986052,0.02181556,0.00098030,25.87729027,1.81948565,57.21820046,32.15837615,0.21780653,-0.41361440,1.21848366,0.22181053,-0.41648520,1.21825375,10.16520362,0.00000001
5.12000000,LIFT_LEG,-0.00785557,-0.01713291,0.01314954,-0.09097336,0.07690603,0.31569977,-0.09328823,0.07216259,0.07989093,0.02182134,0.00098608,25.95825177,1.74867240,57.13344452,32.23358516,0.21778214,-0.41390888,1.21903937,0.22186688,-0.41676931,1.21889352,10.15095229,0.00000001
5.13000000,LIFT_LEG,-0.00776215,-0.01706100,0.01307347,-0.09094829,0.07688482,0.31568696,-0.09326606,0.07214347,0.07992178,0.02182727,0.00099201,26.03999902,1.67678256,57.04803918,32.30992116,0.21775747,-0.41420854,1.21960473,0.22192420,-0.41705802,1.21954374,10.13656192,0.00000001
5.14000000,LIFT_LEG,-0.00766737,-0.01698802,0.01299635,-0.09092302,0.07686328,0.31567384,-0.09324373,0.07212406,0.07995307,0.02183333,0.00099807,26.12250192,1.60386621,56.96199875,32.38732762,0.21773254,-0.41451330,1.22017951,0.22198249,-0.41735121,1.22020414,10.12203516,0.00000001
5.15000000,LIFT_LEG,-0.00757127,-0.01691400,0.01291824,-0.09089753,0.07684142,0.31566042,-0.09322122,0.07210434,0.07998478,0.02183954,0.00100428,26.20573221,1.52997680,56.87533261,32.46574680,0.21770735,-0.41482311,1.22076349,0.22204171,-0.41764876,1.22087444,10.10737367,0.00000001
5.16000000,LIFT_LEG,-0.00747388,-0.01683896,0.01283918,-0.09087185,0.07681925,0.31564672,-0.09319855,0.07208435,0.08001690,0.02184588,0.00101062,26.28966331,1.45517033,56.78804623,32.54512031,0.21768191,-0.41513788,1.22135642,0.22210184,-0.41795053,1.22155437,10.09257834,0.00000001
5.17000000,LIFT_LEG,-0.00737524,-0.01676293,0.01275920,-0.09084598,0.07679677,0.31563274,-0.09317572,0.07206407,0.08004944,0.02185235,0.00101709,26.37427035,1.37950445,56.70014212,32.62538951,0.21765623,-0.41545752,1.22195806,0.22216286,-0.41825640,1.22224362,10.07764946,0.00000001
5.18000000,LIFT_LEG,-0.00727539,-0.01668592,0.01267834,-0.09081990,0.07677399,0.31561850,-0.09315273,0.07204352,0.08008238,0.02185895,0.00102369,26.45952996,1.30303768,56.61162089,32.70649596,0.21763032,-0.41578195,1.22256813,0.22222475,-0.41856622,1.22294187,10.06258688,0.00000001
5.19000000,LIFT_LEG,-0.00717437,-0.01660796,0.01259665,-0.09079363,0.07675093,0.31560400,-0.09312957,0.07202271,0.08011573,0.02186568,0.00103042,26.54542011,1.22582868,56.52248210,32.78838170,0.21760420,-0.41611105,1.22318637,0.22228747,-0.41887985,1.22364882,10.04739018,0.00000001
5.20000000,LIFT_LEG,-0.00707219,-0.01652905,0.01251415,-0.09076716,0.07672759,0.31558927,-0.09310624,0.07200164,0.08014949,0.02187252,0.00103726,26.63191989,1.14793559,56.43272519,32.87098966,0.21757787,-0.41644473,1.22381250,0.22235101,-0.41919713,1.22436412,10.03205886,0.00000001
5.21000000,LIFT_LEG,-0.00696891,-0.01644923,0.01243087,-0.09074048,0.07670397,0.31557432,-0.09308274,0.07198033,0.08018365,0.02187948,0.00104422,26.71900919,1.06941555,56.34235027,32.95426388,0.21755135,-0.41678286,1.22444624,0.22241534,-0.41951793,1.22508744,10.01659241,0.00000001
5.22000000,LIFT_LEG,-0.00686455,-0.01636851,0.01234686,-0.09071359,0.07668009,0.31555915,-0.09305906,0.07195877,0.08021822,0.02188656,0.00105130,26.80666841,0.99032416,56.25135883,33.03814976,0.21752466,-0.41712531,1.22508728,0.22248041,-0.41984208,1.22581843,10.00099055,0.00000001
5.23000000,LIFT_LEG,-0.00675915,-0.01628690,0.01226213,-0.09068648,0.07665596,0.31554377,-0.09303520,0.07193699,0.08025320,0.02189373,0.00105847,26.89487808,0.91071523,56.15975434,33.12259431,0.21749782,-0.41747196,1.22573532,0.22254622,-0.42016942,1.22655673,9.98525325,0.00000001
5.24000000,LIFT_LEG,-0.00665300,-0.01620451,0.01217675,-0.09065916,0.07663159,0.31552824,-0.09301116,0.07191498,0.08028857,0.02190121,0.00106595,26.98282901,0.84958965,56.06810639,33.20637982,0.21747103,-0.41782553,1.22639229,0.22261275,-0.42049992,1.22730228,9.96945119,0.00000001
5.25000000,LIFT_LEG,-0.00654703,-0.01612181,0.01209081,-0.09063170,0.07660706,0.31551266,-0.09298703,0.07189282,0.08032425,0.02190938,0.00107412,27.06860587,0.78912366,55.97696282,33.28662262,0.21744475,-0.41819035,1.22705910,0.22268010,-0.42083408,1.22805621,9.95365943,0.00000001
5.26000000,LIFT_LEG,-0.00644144,-0.01603906,0.01200438,-0.09060420,0.07658247,0.31549718,-0.09296290,0.07187059,0.08036012,0.02191822,0.00108296,27.15203889,0.72569398,55.88560251,33.36362256,0.21741933,-0.41856593,1.22773315,0.22274831,-0.42117199,1.22881873,9.93779092,0.00000001
5.27000000,LIFT_LEG,-0.00633607,-0.01595628,0.01191747,-0.09057676,0.07655790,0.31548182,-0.09293887,0.07184837,0.08039611,0.02192760,0.00109234,27.23365714,0.65995031,55.79376617,33.43783119,0.21739492,-0.41895129,1.22841295,0.22281731,-0.42151340,1.22958927,9.92182983,0.00000001
5.28000000,LIFT_LEG,-0.00623079,-0.01587339,0.01182998,-0.09054947,0.07653339,0.31546658,-0.09291501,0.07182621,0.08043216,0.02193742,0.00110216,27.31423843,0.59253679,55.70161755,33.50980943,0.21737151,-0.41934542,1.22909771,0.22288706,-0.42185801,1.23036714,9.90581042,0.00000001
5.29000000,LIFT_LEG,-0.00612550,-0.01579027,0.01174180,-0.09052238,0.07650896,0.31545141,-0.09289137,0.07180413,0.08046822,0.02194758,0.00111232,27.39449325,0.52714216,55.60955474,33.58021968,0.21734898,-0.41974749,1.22978718,0.22295748,-0.42220549,1.23115166,9.88978957,0.00000001
5.30000000,LIFT_LEG,-0.00602048,-0.01570726,0.01165297,-0.09049558,0.07648468,0.31543628,-0.09286805,0.07178218,0.08050423,0.02195839,0.00112313,27.47156568,0.48225161,55.51897735,33.64935568,0.21732472,-0.42015958,1.23048687,0.22302860,-0.42255590,1.23194290,9.87391927,0.00000001
5.31000000,LIFT_LEG,-0.00591579,-0.01562513,0.01156397,-0.09046923,0.07646068,0.31542129,-0.09284517,0.07176052,0.08054006,0.02196996,0.00113470,27.54317119,0.43566405,55.42937408,33.71770503,0.21729679,-0.42058082,1.23119681,0.22310047,-0.42290949,1.23274145,9.85812470,0.00000001
5.32000000,LIFT_LEG,-0.00581136,-0.01554412,0.01147526,-0.09044344,0.07643713,0.31540648,-0.09282285,0.07173927,0.08057557,0.02198215,0.00114689,27.61049311,0.38740947,55.34038593,33.78482462,0.21726534,-0.42100960,1.23191452,0.22317306,-0.42326613,1.23354704,9.84240987,0.00000001
5.33000000,LIFT_LEG,-0.00570734,-0.01546417,0.01138724,-0.09041835,0.07641414,0.31539182,-0.09280120,0.07171857,0.08061067,0.02199485,0.00115959,27.67511919,0.33764717,55.25223007,33.85032004,0.21723069,-0.42144499,1.23263858,0.22324634,-0.42362568,1.23435935,9.82684329,0.00000001
5.34000000,LIFT_LEG,-0.00560100,-0.01538297,0.01129996,-0.09039403,0.07639181,0.31537712,-0.09278050,0.07169854,0.08064509,0.02199798,0.00116272,27.74718766,0.29909356,55.14501108,33.90731967,0.21718248,-0.42192271,1.23333610,0.22331989,-0.42398597,1.23517346,9.80922895,0.00000001
5.35000000,LIFT_LEG,-0.00549228,-0.01529764,0.01121079,-0.09037071,0.07637007,0.31536192,-0.09276087,0.07167910,0.08067901,0.02199919,0.00116393,27.82767775,0.24437346,55.04246392,33.95977118,0.21713474,-0.42240979,1.23404341,0.22339315,-0.42434437,1.23598345,9.79237443,0.00000001
5.36000000,LIFT_LEG,-0.00538477,-0.01521116,0.01111927,-0.09034845,0.07634886,0.31534599,-0.09274227,0.07166017,0.08071262,0.02199915,0.00116389,27.91393890,0.17810650,54.95213869,34.01990938,0.21709072,-0.42289654,1.23473798,0.22346683,-0.42470430,1.23679704,9.77707792,0.00000001
5.37000000,LIFT_LEG,-0.00527951,-0.01512414,0.01102423,-0.09032733,0.07632806,0.31532917,-0.09272488,0.07164162,0.08074563,0.02199959,0.00116433,28.00825056,0.14636828,54.86667998,34.06838918,0.21705976,-0.42339788,1.23543661,0.22354105,-0.42506631,1.23761548,9.76244419,0.00000001
5.38000000,LIFT_LEG,-0.00517771,-0.01503648,0.01092382,-0.09030762,0.07630748,0.31531144,-0.09270896,0.07162325,0.08077777,0.02200023,0.00116497,28.10698430,0.00000000,54.79008742,34.10685879,0.21704337,-0.42391788,1.23612385,0.22361588,-0.42543077,1.23843959,9.74905883,0.00000001
5.39000000,LIFT_LEG,-0.00507839,-0.01494878,0.01081630,-0.09028959,0.07628693,0.31529281,-0.09269473,0.07160491,0.08080886,0.02200277,0.00116751,28.20572408,0.00000000,54.72024690,34.14412164,0.21704019,-0.42444769,1.23682754,0.22369126,-0.42579735,1.23926867,9.73652083,0.00000001
5.40000000,LIFT_LEG,-0.00498467,-0.01486647,0.01070202,-0.09027349,0.07626631,0.31527367,-0.09268208,0.07158646,0.08083893,0.02202080,0.00118554,28.28381681,0.00000000,54.68253685,34.19431136,0.21705863,-0.42493153,1.23757898,0.22376788,-0.42616946,1.24011040,9.72758481,0.00000001
5.41000000,LIFT_LEG,-0.00489987,-0.01479596,0.01058452,-0.09025937,0.07624572,0.31525479,-0.09267091,0.07156793,0.08086765,0.02205860,0.00122334,28.33151135,0.00000000,54.67429824,34.25581774,0.21709948,-0.42536335,1.23837644,0.22384677,-0.42655198,1.24097582,9.72195611,0.00000001
5.42000000,LIFT_LEG,-0.00482500,-0.01473916,0.01046806,-0.09024725,0.07622539,0.31523708,-0.09266134,0.07154953,0.08089439,0.02211504,0.00127978,28.34865426,0.00000000,54.68100383,34.31564697,0.21715940,-0.42576442,1.23921405,0.22392825,-0.42694642,1.24186841,9.71816361,0.00000001
5.43000000,LIFT_LEG,-0.00475991,-0.01469464,0.01035648,-0.09023717,0.07620563,0.31522127,-0.09265347,0.07153152,0.08091870,0.02218733,0.00135207,28.34013383,0.00000000,54.69063672,34.36475419,0.21723402,-0.42615541,1.24008549,0.22401215,-0.42735192,1.24278618,9.71501411,0.00000001
5.44000000,LIFT_LEG,-0.00470391,-0.01465970,0.01025303,-0.09022910,0.07618673,0.31520783,-0.09264737,0.07151419,0.08094044,0.02227253,0.00143727,28.31243146,0.00000000,54.69680127,34.40026012,0.21731895,-0.42654927,1.24098480,0.22409809,-0.42776660,1.24372494,9.71187007,0.00000001
5.45000000,LIFT_LEG,-0.00465618,-0.01463180,0.01016029,-0.09022289,0.07616899,0.31519692,-0.09264295,0.07149781,0.08095973,0.02236807,0.00153281,28.27201323,0.00000000,54.69786118,34.42349854,0.21741039,-0.42695174,1.24190680,0.22418569,-0.42818856,1.24468035,9.70856374,0.00000001
5.46000000,LIFT_LEG,-0.00461602,-0.01460898,0.01008020,-0.09021833,0.07615263,0.31518843,-0.09264005,0.07148261,0.08097685,0.02247194,0.00163668,28.22476408,0.00000000,54.69501168,34.43744680,0.21750539,-0.42736393,1.24284721,0.22427461,-0.42861620,1.24564885,9.70521208,0.00000001
5.47000000,LIFT_LEG,-0.00458288,-0.01458992,0.01001405,-0.09021514,0.07613786,0.31518207,-0.09263841,0.07146880,0.08099216,0.02258259,0.00174733,28.17577997,0.00000000,54.69057411,34.44495888,0.21760195,-0.42778467,1.24380267,0.22436464,-0.42904835,1.24662777,9.70204828,0.00000001
5.48000000,LIFT_LEG,-0.00455638,-0.01457367,0.00996247,-0.09021302,0.07612486,0.31517747,-0.09263775,0.07145655,0.08100602,0.02269885,0.00186359,28.12921269,0.00000000,54.68689674,34.44800245,0.21769891,-0.42821205,1.24477050,0.22445557,-0.42948411,1.24761508,9.69930793,0.00000001
5.49000000,LIFT_LEG,-0.00453619,-0.01455956,0.00992555,-0.09021167,0.07611375,0.31517424,-0.09263779,0.07144598,0.08101874,0.02281976,0.00198450,28.08855853,0.00000000,54.68584670,34.44713692,0.21779570,-0.42864429,1.24574857,0.22454728,-0.42992278,1.24860918,9.69717117,0.00000007
5.50000000,LIFT_LEG,-0.00452203,-0.01454708,0.00990286,-0.09021083,0.07610461,0.31517200,-0.09263829,0.07143718,0.08103058,0.02294457,0.00210931,28.05458226,0.00000000,54.68853698,34.44392567,0.21789208,-0.42907995,1.24673505,0.22463962,-0.43036372,1.24960866,9.69573619,0.00000005
5.51000000,LIFT_LEG,-0.00451359,-0.01453580,0.00989356,-0.09021027,0.07609749,0.31517049,-0.09263902,0.07143021,0.08104175,0.02307261,0.00223735,28.02835057,0.00000000,54.69547475,34.43791485,0.21798801,-0.42951800,1.24772834,0.22473249,-0.43080636,1.25061223,9.69502961,0.00000007
5.52000000,LIFT_LEG,-0.00451042,-0.01452546,0.00989651,-0.09020981,0.07609239,0.31516947,-0.09263982,0.07142507,0.08105240,0.02320334,0.00236808,28.01139966,0.00000000,54.70688047,34.42726749,0.21808356,-0.42995777,1.24872693,0.22482576,-0.43125015,1.25161861,9.69503260,0.00000001
5.53000000,LIFT_LEG,-0.00451198,-0.01451594,0.00991037,-0.09020932,0.07608923,0.31516881,-0.09264055,0.07142173,0.08106264,0.02333627,0.00250101,28.00088039,0.00000000,54.72230513,34.41388044,0.21817872,-0.43039871,1.24972941,0.22491934,-0.43169456,1.25262662,9.69565871,0.00000001
5.54000000,LIFT_LEG,-0.00451773,-0.01450716,0.00993364,-0.09020871,0.07608794,0.31516845,-0.09264115,0.07142012,0.08107252,0.02347102,0.00263577,27.99610605,0.00000000,54.74146935,34.39700691,0.21827349,-0.43084030,1.25073450,0.22501310,-0.43213907,1.25363509,9.69684707,0.00000002
5.55000000,LIFT_LEG,-0.00452710,-0.01449915,0.00996476,-0.09020793,0.07608836,0.31516835,-0.09264154,0.07142010,0.08108209,0.02360730,0.00277204,27.99550718,0.00000000,54.76344958,34.37690042,0.21836788,-0.43128215,1.25174095,0.22510696,-0.43258321,1.25464296,9.69845374,0.00000001
5.56000000,LIFT_LEG,-0.00453949,-0.01449196,0.01000218,-0.09020695,0.07609032,0.31516853,-0.09264172,0.07142153,0.08109134,0.02374483,0.00290957,27.99754348,0.00000000,54.78784347,34.35375456,0.21846196,-0.43172382,1.25274762,0.22520081,-0.43302652,1.25564917,9.70040778,0.00000001
5.57000000,LIFT_LEG,-0.00455426,-0.01448561,0.01004439,-0.09020577,0.07609362,0.31516900,-0.09264167,0.07142424,0.08110029,0.02388338,0.00304812,28.00084730,0.00000000,54.81338884,34.32788869,0.21855581,-0.43216490,1.25375341,0.22529455,-0.43346852,1.25665262,9.70253698,0.00000001
5.58000000,LIFT_LEG,-0.00457085,-0.01448011,0.01008997,-0.09020439,0.07609803,0.31516978,-0.09264141,0.07142802,0.08110892,0.02402272,0.00318746,28.00433183,0.00000000,54.83975741,34.30000711,0.21864946,-0.43260495,1.25475721,0.22538809,-0.43390873,1.25765223,9.70479308,0.00000001
5.59000000,LIFT_LEG,-0.00458865,-0.01447546,0.01013760,-0.09020283,0.07610332,0.31517089,-0.09264095,0.07143265,0.08111721,0.02416258,0.00332732,28.00719872,0.00000000,54.86614926,34.27072491,0.21874297,-0.43304357,1.25575793,0.22548130,-0.43434667,1.25864692,9.70706868,0.00000001
5.60000000,LIFT_LEG,-0.00460709,-0.01447157,0.01018606,-0.09020111,0.07610924,0.31517233,-0.09264031,0.07143792,0.08112517,0.02430269,0.00346744,28.00896730,0.00000000,54.89189612,34.24076039,0.21883635,-0.43348028,1.25675449,0.22557410,-0.43478186,1.25963555,9.70927756,0.00000001
5.61000000,LIFT_LEG,-0.00462563,-0.01446832,0.01023428,-0.09019924,0.07611555,0.31517406,-0.09263951,0.07144360,0.08113279,0.02444273,0.00360747,28.00943644,0.00000000,54.91640365,34.21087209,0.21892958,-0.43391463,1.25774575,0.22566636,-0.43521377,1.26061697,9.71134493,0.00000001
5.62000000,LIFT_LEG,-0.00464373,-0.01446555,0.01028129,-0.09019725,0.07612203,0.31517604,-0.09263858,0.07144948,0.08114008,0.02458234,0.00374708,28.00863387,0.00000000,54.93915666,34.18182142,0.21902259,-0.43434614,1.25873057,0.22575797,-0.43564189,1.26159000,9.71320695,0.00000001
5.63000000,LIFT_LEG,-0.00466090,-0.01446304,0.01032625,-0.09019513,0.07612846,0.31517821,-0.09263753,0.07145535,0.08114706,0.02472113,0.00388588,28.00675669,0.00000000,54.95972706,34.15433628,0.21911526,-0.43477431,1.25970779,0.22584882,-0.43606572,1.26255348,9.71481084,0.00000001
5.64000000,LIFT_LEG,-0.00467667,-0.01446060,0.01036842,-0.09019290,0.07613462,0.31518049,-0.09263636,0.07146103,0.08115375,0.02485871,0.00402345,28.00411034,0.00000000,54.97777849,34.12907747,0.21920746,-0.43519865,1.26067624,0.22593880,-0.43648475,1.26350626,9.71611481,0.00000001
5.65000000,LIFT_LEG,-0.00469063,-0.01445798,0.01040719,-0.09019055,0.07614036,0.31518280,-0.09263510,0.07146635,0.08116017,0.02499466,0.00415940,28.00105174,0.00000000,54.99306688,34.10661077,0.21929900,-0.43561866,1.26163478,0.22602780,-0.43689852,1.26444727,9.71708768,0.00000001
5.66000000,LIFT_LEG,-0.00470245,-0.01445498,0.01044202,-0.09018810,0.07614550,0.31518506,-0.09263373,0.07147116,0.08116636,0.02512860,0.00429334,27.99794089,0.00000000,55.00543723,34.08738670,0.21938971,-0.43603388,1.26258230,0.22611572,-0.43730658,1.26537551,9.71770832,0.00000001
5.67000000,LIFT_LEG,-0.00471183,-0.01445143,0.01047249,-0.09018554,0.07614993,0.31518717,-0.09263227,0.07147534,0.08117237,0.02526017,0.00442491,27.99510811,0.00000000,55.01439662,34.07177096,0.21947939,-0.43644385,1.26351777,0.22620247,-0.43770856,1.26629010,9.71790979,0.00000007
5.68000000,LIFT_LEG,-0.00471857,-0.01444716,0.01049826,-0.09018286,0.07615354,0.31518906,-0.09263071,0.07147879,0.08117822,0.02538907,0.00455381,27.99281949,0.00000000,55.02148462,34.05990275,0.21956792,-0.43684818,1.26444026,0.22628798,-0.43810412,1.26719027,9.71788826,0.00000001
5.69000000,LIFT_LEG,-0.00472249,-0.01444203,0.01051909,-0.09018007,0.07615625,0.31519068,-0.09262905,0.07148144,0.08118396,0.02551503,0.00467977,27.99124511,0.00000000,55.02466586,34.05170587,0.21965514,-0.43724647,1.26534893,0.22637218,-0.43849297,1.26807534,9.71737525,0.00000001
5.70000000,LIFT_LEG,-0.00472355,-0.01443597,0.01053483,-0.09017716,0.07615803,0.31519197,-0.09262729,0.07148323,0.08118961,0.02563785,0.00480259,27.99060152,0.00000000,55.02594371,34.04718982,0.21974092,-0.43763843,1.26624303,0.22645500,-0.43887488,1.26894479,9.71662974,0.00000010
5.71000000,LIFT_LEG,-0.00472178,-0.01442895,0.01054543,-0.09017413,0.07615883,0.31519289,-0.09262543,0.07148414,0.08119521,0.02575738,0.00492213,27.99091189,0.00000000,55.02328608,34.04635921,0.21982515,-0.43802380,1.26712198,0.22653641,-0.43924971,1.26979829,9.71537639,0.00000001
5.72000000,LIFT_LEG,-0.00471720,-0.01442098,0.01055092,-0.09017097,0.07615868,0.31519342,-0.09262347,0.07148418,0.08120080,0.02587356,0.00503831,27.99162907,0.00000000,55.01892841,34.04949258,0.21990783,-0.43840239,1.26798532,0.22661638,-0.43961734,1.27063557,9.71389890,0.00000004
5.73000000,LIFT_LEG,-0.00470995,-0.01441209,0.01055143,-0.09016769,0.07615758,0.31519357,-0.09262141,0.07148335,0.08120639,0.02598637,0.00515111,27.99322573,0.00000000,55.01232586,34.05551735,0.21998889,-0.43877402,1.26883271,0.22669489,-0.43997772,1.27145648,9.71212583,0.00000008
5.74000000,LIFT_LEG,-0.00470021,-0.01440234,0.01054718,-0.09016430,0.07615559,0.31519334,-0.09261925,0.07148169,0.08121200,0.02609583,0.00526057,27.99627771,0.00000000,55.00379072,34.06340038,0.22006835,-0.43913860,1.26966394,0.22677193,-0.44033082,1.27226097,9.71009029,0.00000001
5.75000000,LIFT_LEG,-0.00468817,-0.01439185,0.01053847,-0.09016080,0.07615275,0.31519276,-0.09261699,0.07147926,0.08121765,0.02620201,0.00536675,27.99970266,0.00000000,54.99356202,34.07382507,0.22014619,-0.43949607,1.27047886,0.22684750,-0.44067667,1.27304909,9.70782168,0.00000009
5.76000000,LIFT_LEG,-0.00467416,-0.01438067,0.01052567,-0.09015719,0.07614915,0.31519185,-0.09261463,0.07147612,0.08122335,0.02630504,0.00546978,28.00241618,0.00000000,54.98180386,34.08738521,0.22022240,-0.43984639,1.27127748,0.22692160,-0.44101533,1.27382095,9.70534740,0.00000001
5.77000000,LIFT_LEG,-0.00465849,-0.01436890,0.01050921,-0.09015348,0.07614488,0.31519067,-0.09261219,0.07147234,0.08122909,0.02640506,0.00556980,28.00631123,0.00000000,54.96883563,34.10131413,0.22029706,-0.44018959,1.27205984,0.22699424,-0.44134687,1.27457670,9.70270531,0.00000001
5.78000000,LIFT_LEG,-0.00464143,-0.01435666,0.01048960,-0.09014969,0.07614002,0.31518924,-0.09260966,0.07146801,0.08123490,0.02650221,0.00566696,28.01039722,0.00000000,54.95498629,34.11643426,0.22037021,-0.44052572,1.27282604,0.22706544,-0.44167136,1.27531654,9.69993545,0.00000001
5.79000000,LIFT_LEG,-0.00462334,-0.01434407,0.01046737,-0.09014582,0.07613468,0.31518762,-0.09260705,0.07146324,0.08124075,0.02659669,0.00576143,28.01463364,0.00000000,54.94049973,34.13219912,0.22044189,-0.44085485,1.27357625,0.22713520,-0.44198893,1.27604070,9.69707239,0.00000001
5.80000000,LIFT_LEG,-0.00460452,-0.01433127,0.01044308,-0.09014187,0.07612898,0.31518587,-0.09260437,0.07145810,0.08124666,0.02668867,0.00585341,28.01896092,0.00000000,54.92563031,34.14821594,0.22051211,-0.44117705,1.27431067,0.22720356,-0.44229967,1.27674943,9.69415208,0.00000001
5.81000000,LIFT_LEG,-0.00458532,-0.01431836,0.01041733,-0.09013787,0.07612302,0.31518401,-0.09260162,0.07145271,0.08125262,0.02677834,0.00594308,28.02333251,0.00000000,54.91062383,34.16412646,0.22058092,-0.44149239,1.27502953,0.22727053,-0.44260371,1.27744297,9.69120996,0.00000001
5.82000000,LIFT_LEG,-0.00456604,-0.01430545,0.01039070,-0.09013382,0.07611690,0.31518212,-0.09259881,0.07144717,0.08125861,0.02686587,0.00603061,28.02771505,0.00000000,54.89571472,34.17960597,0.22064836,-0.44180097,1.27573306,0.22733612,-0.44290116,1.27812157,9.68828047,0.00000001
5.83000000,LIFT_LEG,-0.00454700,-0.01429266,0.01036376,-0.09012974,0.07611074,0.31518022,-0.09259595,0.07144156,0.08126462,0.02695144,0.00611618,28.03208440,0.00000000,54.88112338,34.19436633,0.22071444,-0.44210289,1.27642152,0.22740037,-0.44319210,1.27878546,9.68539648,0.00000001
5.84000000,LIFT_LEG,-0.00452847,-0.01428007,0.01033706,-0.09012564,0.07610462,0.31517835,-0.09259305,0.07143598,0.08127064,0.02703522,0.00619996,28.03642171,0.00000000,54.86705341,34.20815761,0.22077921,-0.44239823,1.27709512,0.22746327,-0.44347665,1.27943484,9.68258885,0.00000001
5.85000000,LIFT_LEG,-0.00451070,-0.01426778,0.01031111,-0.09012153,0.07609866,0.31517657,-0.09259012,0.07143052,0.08127665,0.02711735,0.00628209,28.04071007,0.00000000,54.85368915,34.22076875,0.22084269,-0.44268708,1.27775409,0.22752485,-0.44375489,1.28006991,9.67988592,0.00000001
5.86000000,LIFT_LEG,-0.00449392,-0.01425587,0.01028638,-0.09011744,0.07609293,0.31517488,-0.09258717,0.07142526,0.08128262,0.02719795,0.00636269,28.04493192,0.00000000,54.84119357,34.23202757,0.22090488,-0.44296952,1.27839862,0.22758511,-0.44402688,1.28069082,9.67731319,0.00000001
5.87000000,LIFT_LEG,-0.00447833,-0.01424442,0.01026328,-0.09011337,0.07608750,0.31517333,-0.09258422,0.07142026,0.08128855,0.02727715,0.00644189,28.04906731,0.00000000,54.82970674,34.24180066,0.22096581,-0.44324562,1.27902890,0.22764408,-0.44429268,1.28129770,9.67489300,0.00000001
5.88000000,LIFT_LEG,-0.00446407,-0.01423349,0.01024215,-0.09010935,0.07608245,0.31517194,-0.09258128,0.07141560,0.08129441,0.02735504,0.00651978,28.05342105,0.00000000,54.81935397,34.24960769,0.22102549,-0.44351544,1.27964506,0.22770174,-0.44455234,1.28189063,9.67264476,0.00000005
5.89000000,LIFT_LEG,-0.00445126,-0.01422315,0.01022330,-0.09010540,0.07607783,0.31517071,-0.09257836,0.07141131,0.08130017,0.02743169,0.00659643,28.05739593,0.00000000,54.81021264,34.25604717,0.22108392,-0.44377902,1.28024722,0.22775810,-0.44480589,1.28246968,9.67058302,0.00000007
5.90000000,LIFT_LEG,-0.00444001,-0.01421343,0.01020692,-0.09010152,0.07607368,0.31516967,-0.09257549,0.07140745,0.08130581,0.02750715,0.00667189,28.06113767,0.00000000,54.80235771,34.26093764,0.22114110,-0.44403639,1.28083546,0.22781317,-0.44505334,1.28303487,9.66872034,0.00000008
5.91000000,LIFT_LEG,-0.00443036,-0.01420438,0.01019318,-0.09009775,0.07607003,0.31516882,-0.09257268,0.07140404,0.08131131,0.02758146,0.00674620,28.06447560,0.00000000,54.79582189,34.26442261,0.22119703,-0.44428759,1.28140983,0.22786693,-0.44529468,1.28358619,9.66706448,0.00000007
5.92000000,LIFT_LEG,-0.00442232,-0.01419603,0.01018216,-0.09009410,0.07606690,0.31516816,-0.09256995,0.07140110,0.08131664,0.02765464,0.00681938,28.06734092,0.00000000,54.79062009,34.26655290,0.22125171,-0.44453262,1.28197033,0.22791938,-0.44552990,1.28412360,9.66561977,0.00000004
5.93000000,LIFT_LEG,-0.00441595,-0.01418834,0.01017386,-0.09009059,0.07606431,0.31516769,-0.09256732,0.07139864,0.08132177,0.02772668,0.00689142,28.07021476,0.00000000,54.78664691,34.26659339,0.22130511,-0.44477143,1.28251696,0.22797050,-0.44575898,1.28464702,9.66438164,0.00000003
5.94000000,LIFT_LEG,-0.00441116,-0.01418134,0.01016825,-0.09008724,0.07606224,0.31516740,-0.09256479,0.07139667,0.08132669,0.02779755,0.00696229,28.07330263,0.00000000,54.78408900,34.26490442,0.22135728,-0.44500409,1.28304964,0.22802029,-0.44598185,1.28515634,9.66336258,0.00000001
5.95000000,LIFT_LEG,-0.00440785,-0.01417508,0.01016524,-0.09008406,0.07606069,0.31516729,-0.09256240,0.07139517,0.08133138,0.02786721,0.00703196,28.07532487,0.00000000,54.78282655,34.26285606,0.22140816,-0.44523054,1.28356828,0.22806873,-0.44619847,1.28565143,9.66255201,0.00000005
5.96000000,LIFT_LEG,-0.00440594,-0.01416954,0.01016469,-0.09008107,0.07605964,0.31516733,-0.09256015,0.07139413,0.08133582,0.02793562,0.00710036,28.07769841,0.00000000,54.78276087,34.25873944,0.22145772,-0.44545074,1.28407279,0.22811580,-0.44640878,1.28613215,9.66193937,0.00000000
5.97000000,LIFT_LEG,-0.00440532,-0.01416469,0.01016643,-0.09007828,0.07605905,0.31516752,-0.09255806,0.07139352,0.08133998,0.02800270,0.00716744,28.07929570,0.00000000,54.78358142,34.25398426,0.22150595,-0.44566461,1.28456304,0.22816148,-0.44661271,1.28659835,9.66148746,0.00000000
5.98000000,LIFT_LEG,-0.00440588,-0.01416050,0.01017022,-0.09007572,0.07605890,0.31516784,-0.09255614,0.07139331,0.08134386,0.02806838,0.00723312,28.08052688,0.00000000,54.78635483,34.24845055,0.22155281,-0.44587212,1.28503888,0.22820575,-0.44681019,1.28704985,9.66133416,0.00000009
5.99000000,LIFT_LEG,-0.00440748,-0.01415695,0.01017582,-0.09007338,0.07605913,0.31516826,-0.09255441,0.07139346,0.08134744,0.02813257,0.00729731,28.08136223,0.00000000,54.78885240,34.24223212,0.22159830,-0.44607320,1.28550014,0.22824860,-0.44700115,1.28748648,9.66118868,0.00000004
6.00000000,LIFT_LEG,-0.00440998,-0.01415398,0.01018297,-0.09007128,0.07605971,0.31516877,-0.09255288,0.07139393,0.08135071,0.02819519,0.00735993,28.08180580,0.00000000,54.79246326,34.23555712,0.22164239,-0.44626781,1.28594666,0.22828999,-0.44718552,1.28790807,9.66123068,0.00000003
6.01000000,LIFT_LEG,-0.00441323,-0.01415158,0.01019138,-0.09006942,0.07606058,0.31516933,-0.09255155,0.07139468,0.08135368,0.02825614,0.00742088,28.08186810,0.00000000,54.79623907,34.22865147,0.22168504,-0.44645589,1.28637827,0.22832993,-0.44736322,1.28831447,9.66133523,0.00000008
6.02000000,LIFT_LEG,-0.00441707,-0.01414969,0.01020076,-0.09006780,0.07606169,0.31516994,-0.09255042,0.07139566,0.08135635,0.02831533,0.00748007,28.08155868,0.00000000,54.80207556,34.22160068,0.22172626,-0.44663736,1.28679482,0.22836837,-0.44753419,1.28870552,9.66174630,0.00000000
6.03000000,LIFT_LEG,-0.00442134,-0.01414824,0.01021083,-0.09006643,0.07606300,0.31517056,-0.09254951,0.07139682,0.08135870,0.02837266,0.00753740,28.08088464,0.00000000,54.80711350,34.21449389,0.22176602,-0.44681215,1.28719614,0.22840532,-0.44769836,1.28908104,9.66209300,0.00000005
6.04000000,LIFT_LEG,-0.00442588,-0.01414718,0.01022132,-0.09006531,0.07606444,0.31517119,-0.09254881,0.07139812,0.08136075,0.02842802,0.00759276,28.07987285,0.00000000,54.81276958,34.20758268,0.22180428,-0.44698023,1.28758205,0.22844074,-0.44785567,1.28944090,9.66255780,0.00000006
6.05000000,LIFT_LEG,-0.00443056,-0.01414646,0.01023196,-0.09006442,0.07606598,0.31517179,-0.09254831,0.07139951,0.08136250,0.02848133,0.00764607,28.07854175,0.00000000,54.81862375,34.20100521,0.22184102,-0.44714152,1.28795241,0.22847463,-0.44800608,1.28978499,9.66308387,0.00000006
6.06000000,LIFT_LEG,-0.00443523,-0.01414603,0.01024252,-0.09006377,0.07606756,0.31517235,-0.09254801,0.07140095,0.08136396,0.02853251,0.00769725,28.07691913,0.00000000,54.82460848,34.19489296,0.22187620,-0.44729601,1.28830711,0.22850698,-0.44814955,1.29011327,9.66365907,0.00000006
6.07000000,LIFT_LEG,-0.00443979,-0.01414583,0.01025275,-0.09006333,0.07606914,0.31517286,-0.09254791,0.07140239,0.08136516,0.02858149,0.00774623,28.07503953,0.00000000,54.83059600,34.18933458,0.22190982,-0.44744364,1.28864606,0.22853778,-0.44828609,1.29042568,9.66426408,0.00000007
6.08000000,LIFT_LEG,-0.00444413,-0.01414582,0.01026247,-0.09006310,0.07607068,0.31517330,-0.09254799,0.07140380,0.08136611,0.02862821,0.00779295,28.07294140,0.00000000,54.83648434,34.18440514,0.22194187,-0.44758439,1.28896922,0.22856703,-0.44841568,1.29072223,9.66488297,0.00000006
6.09000000,LIFT_LEG,-0.00444814,-0.01414596,0.01027150,-0.09006307,0.07607213,0.31517366,-0.09254824,0.07140515,0.08136683,0.02867261,0.00783735,28.07066427,0.00000000,54.84218283,34.18016228,0.22197234,-0.44771827,1.28927655,0.22859474,-0.44853835,1.29100294,9.66550114,0.00000006
6.10000000,LIFT_LEG,-0.00445177,-0.01414619,0.01027968,-0.09006321,0.07607348,0.31517394,-0.09254865,0.07140640,0.08136733,0.02871467,0.00787941,28.06748176,0.00000000,54.84760597,34.17758140,0.22200123,-0.44784527,1.28956806,0.22862090,-0.44865412,1.29126790,9.66610525,0.00000010
6.11000000,LIFT_LEG,-0.00445495,-0.01414646,0.01028690,-0.09006351,0.07607469,0.31517413,-0.09254919,0.07140754,0.08136765,0.02875434,0.00791908,28.06586662,0.00000000,54.85267678,34.17365692,0.22202855,-0.44796542,1.28984381,0.22864552,-0.44876305,1.29151721,9.66668192,0.00000005
6.12000000,LIFT_LEG,-0.00445762,-0.01414675,0.01029308,-0.09006394,0.07607574,0.31517422,-0.09254986,0.07140853,0.08136781,0.02879163,0.00795637,28.06302531,0.00000000,54.85715422,34.17207589,0.22205430,-0.44807877,1.29010387,0.22866862,-0.44886520,1.29175103,9.66719423,0.00000008
6.13000000,LIFT_LEG,-0.00445975,-0.01414702,0.01029815,-0.09006449,0.07607663,0.31517422,-0.09255062,0.07140937,0.08136783,0.02882652,0.00799126,28.06015509,0.00000000,54.86204306,34.17113489,0.22207849,-0.44818536,1.29034837,0.22869022,-0.44896066,1.29196953,9.66777371,0.00000008
6.14000000,LIFT_LEG,-0.00446133,-0.01414725,0.01030209,-0.09006513,0.07607733,0.31517413,-0.09255147,0.07141004,0.08136773,0.02885904,0.00802378,28.05764783,0.00000000,54.86537283,34.17048695,0.22210113,-0.44828527,1.29057749,0.22871034,-0.44904953,1.29217297,9.66815895,0.00000008
6.15000000,LIFT_LEG,-0.00446236,-0.01414739,0.01030489,-0.09006585,0.07607784,0.31517395,-0.09255238,0.07141054,0.08136755,0.02888919,0.00805393,28.05585841,0.00000000,54.86890222,34.16965747,0.22212225,-0.44837858,1.29079141,0.22872899,-0.44913193,1.29236160,9.66857761,0.00000001
6.16000000,LIFT_LEG,-0.00446283,-0.01414745,0.01030659,-0.09006661,0.07607816,0.31517369,-0.09255333,0.07141087,0.08136731,0.02891703,0.00808177,28.05288016,0.00000000,54.87187573,34.17116722,0.22214186,-0.44846540,1.29099040,0.22874622,-0.44920800,1.29253575,9.66892657,0.00000007
6.17000000,LIFT_LEG,-0.00446279,-0.01414737,0.01030722,-0.09006740,0.07607830,0.31517336,-0.09255429,0.07141104,0.08136703,0.02894259,0.00810733,28.05067538,0.00000000,54.87383599,34.17217763,0.22216001,-0.44854583,1.29117474,0.22876205,-0.44927789,1.29269574,9.66914804,0.00000008
6.18000000,LIFT_LEG,-0.00446222,-0.01414714,0.01030687,-0.09006820,0.07607826,0.31517297,-0.09255526,0.07141103,0.08136674,0.02896593,0.00813067,28.04887708,0.00000000,54.87531020,34.17354351,0.22217674,-0.44862005,1.29134473,0.22877653,-0.44934175,1.29284195,9.66930357,0.00000003
6.19000000,LIFT_LEG,-0.00446115,-0.01414683,0.01030562,-0.09006899,0.07607805,0.31517253,-0.09255620,0.07141087,0.08136645,0.02898712,0.00815186,28.04737673,0.00000000,54.87633465,34.17533879,0.22219205,-0.44868821,1.29150072,0.22878968,-0.44939978,1.29297482,9.66939315,0.00000007
6.20000000,LIFT_LEG,-0.00445967,-0.01414641,0.01030357,-0.09006974,0.07607768,0.31517205,-0.09255711,0.07141057,0.08136620,0.02900623,0.00817097,28.04490708,0.00000000,54.87753498,34.17866052,0.22220596,-0.44875045,1.29164316,0.22880157,-0.44945221,1.29309486,9.66950616,0.00000006
6.21000000,LIFT_LEG,-0.00445783,-0.01414583,0.01030080,-0.09007044,0.07607718,0.31517154,-0.09255795,0.07141013,0.08136599,0.02902336,0.00818810,28.04386133,0.00000000,54.87783930,34.18074672,0.22221855,-0.44880693,1.29177248,0.22881223,-0.44949923,1.29320253,9.66949789,0.00000010
6.22000000,LIFT_LEG,-0.00445572,-0.01414510,0.01029743,-0.09007108,0.07607655,0.31517101,-0.09255873,0.07140958,0.08136585,0.02903860,0.00820334,28.04244354,0.00000000,54.87692619,34.18371102,0.22222989,-0.44885789,1.29188914,0.22882173,-0.44954108,1.29329835,9.66932596,0.00000008
6.23000000,LIFT_LEG,-0.00445335,-0.01414420,0.01029357,-0.09007163,0.07607582,0.31517048,-0.09255942,0.07140894,0.08136579,0.02905202,0.00821676,28.04143005,0.00000000,54.87672291,34.18669130,0.22224004,-0.44890355,1.29199365,0.22883010,-0.44957798,1.29338285,9.66923769,0.00000009
6.24000000,LIFT_LEG,-0.00445080,-0.01414317,0.01028934,-0.09007209,0.07607501,0.31516995,-0.09256001,0.07140821,0.08136582,0.02906374,0.00822848,28.04067648,0.00000000,54.87588252,34.18974169,0.22224904,-0.44894415,1.29208651,0.22883741,-0.44961019,1.29345661,9.66905673,0.00000009
6.25000000,LIFT_LEG,-0.00444810,-0.01414201,0.01028487,-0.09007244,0.07607414,0.31516943,-0.09256049,0.07140743,0.08136596,0.02907385,0.00823859,28.04017933,0.00000000,54.87466056,34.19274688,0.22225693,-0.44897990,1.29216828,0.22884371,-0.44963798,1.29352023,9.66881627,0.00000009
6.26000000,LIFT_LEG,-0.00444531,-0.01414071,0.01028025,-0.09007268,0.07607323,0.31516893,-0.09256085,0.07140660,0.08136621,0.02908245,0.00824719,28.03994074,0.00000000,54.87314917,34.19566560,0.22226378,-0.44901105,1.29223955,0.22884907,-0.44966160,1.29357433,9.66852855,0.00000009
6.27000000,LIFT_LEG,-0.00444249,-0.01413930,0.01027560,-0.09007280,0.07607230,0.31516847,-0.09256109,0.07140576,0.08136657,0.02908965,0.00825439,28.03995744,0.00000000,54.87139750,34.19844445,0.22226963,-0.44903788,1.29230093,0.22885356,-0.44968136,1.29361956,9.66819990,0.00000008
6.28000000,LIFT_LEG,-0.00443967,-0.01413779,0.01027101,-0.09007279,0.07607136,0.31516804,-0.09256120,0.07140490,0.08136706,0.02909556,0.00826030,28.04022246,0.00000000,54.86944962,34.20103596,0.22227456,-0.44906063,1.29235303,0.22885723,-0.44969753,1.29365660,9.66783614,0.00000008
6.29000000,LIFT_LEG,-0.00443690,-0.01413619,0.01026659,-0.09007267,0.07607043,0.31516766,-0.09256118,0.07140405,0.08136766,0.02910029,0.00826503,28.04042552,0.00000000,54.86734529,34.20375064,0.22227863,-0.44907962,1.29239652,0.22886015,-0.44971042,1.29368612,9.66744286,0.00000007
6.30000000,LIFT_LEG,-0.00443422,-0.01413452,0.01026240,-0.09007241,0.07606953,0.31516733,-0.09256104,0.07140323,0.08136838,0.02910396,0.00826870,28.04148575,0.00000000,54.86514037,34.20547670,0.22228191,-0.44909512,1.29243208,0.22886241,-0.44972035,1.29370887,9.66702654,0.00000007
6.31000000,LIFT_LEG,-0.00443166,-0.01413278,0.01025851,-0.09007204,0.07606867,0.31516706,-0.09256076,0.07140243,0.08136921,0.02910667,0.00827141,28.04261158,0.00000000,54.86286564,34.20712527,0.22228447,-0.44910744,1.29246040,0.22886406,-0.44972764,1.29372556,9.66659258,0.00000010
6.32000000,LIFT_LEG,-0.00442926,-0.01413099,0.01025497,-0.09007155,0.07606786,0.31516684,-0.09256037,0.07140168,0.08137015,0.02910854,0.00827328,28.04368641,0.00000000,54.86052207,34.20869444,0.22228639,-0.44911689,1.29248221,0.22886519,-0.44973262,1.29373696,9.66614386,0.00000008
6.33000000,LIFT_LEG,-0.00442703,-0.01412916,0.01025184,-0.09007095,0.07606710,0.31516668,-0.09255986,0.07140099,0.08137119,0.02910968,0.00827442,28.04480932,0.00000000,54.85815135,34.21003930,0.22228773,-0.44912376,1.29249817,0.22886587,-0.44973563,1.29374384,9.66568681,0.00000006
6.34000000,LIFT_LEG,-0.00442497,-0.01412732,0.01024913,-0.09007024,0.07606642,0.31516657,-0.09255924,0.07140035,0.08137232,0.02911020,0.00827494,28.04642116,0.00000000,54.85585385,34.21085800,0.22228859,-0.44912843,1.29250910,0.22886613,-0.44973674,1.29374639,9.66522874,0.00000008
6.35000000,LIFT_LEG,-0.00442309,-0.01412548,0.01024686,-0.09006944,0.07606580,0.31516652,-0.09255853,0.07139977,0.08137353,0.02911022,0.00827496,28.04793899,0.00000000,54.85356332,34.21156166,0.22228901,-0.44913127,1.29251590,0.22886620,-0.44973707,1.29374714,9.66476888,0.00000009
6.36000000,LIFT_LEG,-0.00442140,-0.01412363,0.01024504,-0.09006856,0.07606525,0.31516652,-0.09255772,0.07139926,0.08137481,0.02910988,0.00827462,28.04943255,0.00000000,54.85128773,34.21207652,0.22228910,-0.44913266,1.29251950,0.22886603,-0.44973633,1.29374545,9.66430977,0.00000007
6.37000000,LIFT_LEG,-0.00441995,-0.01412176,0.01024365,-0.09006761,0.07606477,0.31516657,-0.09255685,0.07139881,0.08137615,0.02910925,0.00827399,28.05092252,0.00000000,54.84940128,34.21231387,0.22228894,-0.44913286,1.29252041,0.22886577,-0.44973516,1.29374277,9.66390298,0.00000010
6.38000000,HOLD_LEG,-0.00441872,-0.01411985,0.01024266,-0.09006659,0.07606437,0.31516667,-0.09255590,0.07139843,0.08137753,0.02910845,0.00827319,28.05243319,0.00000000,54.84640041,34.21236233,0.22228862,-0.44913227,1.29251956,0.22886547,-0.44973384,1.29373975,9.66335264,0.00000009
6.39000000,HOLD_LEG,-0.00441767,-0.01411797,0.01024207,-0.09006553,0.07606404,0.31516680,-0.09255491,0.07139812,0.08137894,0.02910759,0.00827233,28.05443743,0.00000000,54.84486798,34.21195691,0.22228822,-0.44913124,1.29251762,0.22886509,-0.44973216,1.29373591,9.66298624,0.00000010
6.40000000,HOLD_LEG,-0.00441677,-0.01411614,0.01024183,-0.09006442,0.07606378,0.31516696,-0.09255387,0.07139787,0.08138038,0.02910673,0.00827147,28.05702840,0.00000000,54.84343996,34.21065544,0.22228781,-0.44913004,1.29251522,0.22886482,-0.44973100,1.29373325,9.66263106,0.00000008
6.41000000,HOLD_LEG,-0.00441602,-0.01411439,0.01024193,-0.09006330,0.07606358,0.31516714,-0.09255280,0.07139767,0.08138183,0.02910593,0.00827067,28.05846029,0.00000000,54.84119982,34.21050749,0.22228741,-0.44912877,1.29251266,0.22886458,-0.44972992,1.29373078,9.66217213,0.00000007
6.42000000,HOLD_LEG,-0.00441544,-0.01411271,0.01024231,-0.09006216,0.07606343,0.31516735,-0.09255173,0.07139752,0.08138327,0.02910521,0.00826996,28.06078320,0.00000000,54.84004010,34.20891901,0.22228704,-0.44912751,1.29251013,0.22886435,-0.44972893,1.29372851,9.66185863,0.00000010
6.43000000,HOLD_LEG,-0.00441498,-0.01411110,0.01024292,-0.09006103,0.07606333,0.31516758,-0.09255065,0.07139742,0.08138469,0.02910459,0.00826933,28.06177367,0.00000000,54.83916852,34.20882076,0.22228675,-0.44912631,1.29250769,0.22886408,-0.44972773,1.29372577,9.66158462,0.00000009
6.44000000,HOLD_LEG,-0.00441465,-0.01410956,0.01024373,-0.09005991,0.07606327,0.31516782,-0.09254958,0.07139736,0.08138607,0.02910406,0.00826880,28.06353238,0.00000000,54.83751385,34.20752470,0.22228650,-0.44912520,1.29250545,0.22886392,-0.44972701,1.29372412,9.66121494,0.00000008
6.45000000,HOLD_LEG,-0.00441443,-0.01410811,0.01024469,-0.09005882,0.07606325,0.31516807,-0.09254854,0.07139734,0.08138742,0.02910360,0.00826834,28.06523677,0.00000000,54.83685640,34.20598808,0.22228630,-0.44912416,1.29250334,0.22886368,-0.44972596,1.29372171,9.66098152,0.00000007
6.46000000,HOLD_LEG,-0.00441428,-0.01410674,0.01024575,-0.09005777,0.07606325,0.31516831,-0.09254754,0.07139733,0.08138871,0.02910322,0.00826796,28.06580314,0.00000000,54.83591300,34.20578730,0.22228615,-0.44912322,1.29250144,0.22886352,-0.44972524,1.29372006,9.66071669,0.00000007
6.47000000,HOLD_LEG,-0.00441419,-0.01410545,0.01024687,-0.09005677,0.07606328,0.31516855,-0.09254658,0.07139735,0.08138995,0.02910288,0.00826762,28.06713627,0.00000000,54.83512916,34.20447302,0.22228602,-0.44912236,1.29249969,0.22886337,-0.44972459,1.29371857,9.66047990,0.00000006
6.48000000,HOLD_LEG,-0.00441413,-0.01410424,0.01024801,-0.09005583,0.07606332,0.31516878,-0.09254567,0.07139738,0.08139111,0.02910259,0.00826733,28.06836600,0.00000000,54.83410560,34.20305612,0.22228591,-0.44912158,1.29249813,0.22886329,-0.44972423,1.29371774,9.66022171,0.00000007
6.49000000,HOLD_LEG,-0.00441410,-0.01410312,0.01024913,-0.09005495,0.07606336,0.31516900,-0.09254482,0.07139742,0.08139221,0.02910233,0.00826707,28.06854693,0.00000000,54.83416197,34.20298677,0.22228581,-0.44912086,1.29249667,0.22886313,-0.44972355,1.29371620,9.66010998,0.00000009
6.50000000,HOLD_LEG,-0.00441408,-0.01410208,0.01025020,-0.09005414,0.07606341,0.31516919,-0.09254403,0.07139746,0.08139322,0.02910208,0.00826682,28.06977079,0.00000000,54.83334637,34.20146657,0.22228572,-0.44912021,1.29249539,0.22886305,-0.44972319,1.29371537,9.65989568,0.00000008
6.51000000,HOLD_LEG,-0.00441405,-0.01410111,0.01025119,-0.09005340,0.07606346,0.31516935,-0.09254332,0.07139750,0.08139416,0.02910185,0.00826659,28.06985153,0.00000000,54.83344910,34.20145095,0.22228564,-0.44911961,1.29249415,0.22886290,-0.44972252,1.29371383,9.65980662,0.00000007
6.52000000,HOLD_LEG,-0.00441401,-0.01410022,0.01025207,-0.09005274,0.07606350,0.31516949,-0.09254268,0.07139754,0.08139501,0.02910160,0.00826634,28.07007320,0.00000000,54.83262346,34.20110128,0.22228555,-0.44911906,1.29249303,0.22886282,-0.44972217,1.29371302,9.65960766,0.00000006
6.53000000,HOLD_LEG,-0.00441395,-0.01409940,0.01025282,-0.09005216,0.07606352,0.31516960,-0.09254212,0.07139756,0.08139578,0.02910135,0.00826609,28.07031799,0.00000000,54.83286881,34.20079835,0.22228547,-0.44911856,1.29249198,0.22886274,-0.44972183,1.29371224,9.65955682,0.00000007
6.54000000,HOLD_LEG,-0.00441386,-0.01409866,0.01025343,-0.09005167,0.07606354,0.31516967,-0.09254163,0.07139758,0.08139646,0.02910109,0.00826583,28.07052803,0.00000000,54.83314057,34.20051786,0.22228538,-0.44911810,1.29249101,0.22886267,-0.44972150,1.29371150,9.65951692,0.00000009
6.55000000,HOLD_LEG,-0.00441374,-0.01409798,0.01025389,-0.09005125,0.07606354,0.31516971,-0.09254122,0.07139758,0.08139706,0.02910081,0.00826555,28.07067754,0.00000000,54.83335825,34.20028676,0.22228530,-0.44911768,1.29249009,0.22886259,-0.44972115,1.29371070,9.65947819,0.00000010
6.56000000,HOLD_LEG,-0.00441360,-0.01409738,0.01025420,-0.09005091,0.07606353,0.31516972,-0.09254089,0.07139756,0.08139758,0.02910051,0.00826525,28.07095574,0.00000000,54.83362282,34.19978116,0.22228520,-0.44911727,1.29248917,0.22886244,-0.44972050,1.29370921,9.65945516,0.00000007
6.57000000,HOLD_LEG,-0.00441341,-0.01409685,0.01025436,-0.09005065,0.07606349,0.31516970,-0.09254063,0.07139754,0.08139803,0.02910020,0.00826494,28.07027252,0.00000000,54.83399703,34.20052394,0.22228512,-0.44911690,1.29248833,0.22886236,-0.44972017,1.29370844,9.65945222,0.00000007
6.58000000,HOLD_LEG,-0.00441322,-0.01409637,0.01025436,-0.09005046,0.07606345,0.31516964,-0.09254044,0.07139749,0.08139839,0.02909987,0.00826461,28.07064677,0.00000000,54.83429824,34.19981998,0.22228502,-0.44911655,1.29248753,0.22886229,-0.44971985,1.29370771,9.65945059,0.00000007
6.59000000,HOLD_LEG,-0.00441297,-0.01409598,0.01025423,-0.09005034,0.07606338,0.31516957,-0.09254032,0.07139744,0.08139868,0.02909953,0.00826427,28.06983148,0.00000000,54.83470667,34.20084254,0.22228495,-0.44911626,1.29248679,0.22886229,-0.44971985,1.29370771,9.65946347,0.00000010
6.60000000,HOLD_LEG,-0.00441271,-0.01409565,0.01025398,-0.09005029,0.07606331,0.31516947,-0.09254027,0.07139737,0.08139891,0.02909918,0.00826392,28.06927162,0.00000000,54.83508509,34.20125881,0.22228485,-0.44911596,1.29248603,0.22886222,-0.44971952,1.29370695,9.65948324,0.00000008
6.61000000,HOLD_LEG,-0.00441245,-0.01409538,0.01025361,-0.09005031,0.07606322,0.31516935,-0.09254027,0.07139729,0.08139908,0.02909883,0.00826357,28.06873755,0.00000000,54.83543500,34.20163035,0.22228476,-0.44911568,1.29248533,0.22886214,-0.44971919,1.29370621,9.65950537,0.00000006
6.62000000,HOLD_LEG,-0.00441219,-0.01409515,0.01025316,-0.09005037,0.07606312,0.31516922,-0.09254033,0.07139720,0.08139918,0.02909849,0.00826323,28.06818783,0.00000000,54.83647569,34.20197211,0.22228469,-0.44911544,1.29248470,0.22886207,-0.44971888,1.29370548,9.65962145,0.00000010
6.63000000,HOLD_LEG,-0.00441192,-0.01409498,0.01025263,-0.09005048,0.07606302,0.31516907,-0.09254044,0.07139711,0.08139924,0.02909816,0.00826290,28.06762558,0.00000000,54.83687282,34.20242796,0.22228462,-0.44911526,1.29248420,0.22886207,-0.44971888,1.29370548,9.65965826,0.00000010
6.64000000,HOLD_LEG,-0.00441165,-0.01409487,0.01025206,-0.09005064,0.07606291,0.31516891,-0.09254058,0.07139701,0.08139926,0.02909782,0.00826256,28.06702459,0.00000000,54.83715798,34.20282955,0.22228456,-0.44911505,1.29248358,0.22886200,-0.44971856,1.29370475,9.65968458,0.00000005
6.65000000,HOLD_LEG,-0.00441138,-0.01409481,0.01025145,-0.09005083,0.07606280,0.31516875,-0.09254077,0.07139690,0.08139924,0.02909753,0.00826227,28.06639858,0.00000000,54.83818404,34.20323941,0.22228450,-0.44911493,1.29248319,0.22886193,-0.44971824,1.29370403,9.65980871,0.00000007
6.66000000,HOLD_LEG,-0.00441112,-0.01409480,0.01025085,-0.09005106,0.07606269,0.31516859,-0.09254098,0.07139680,0.08139918,0.02909722,0.00826197,28.06574174,0.00000000,54.83824685,34.20359348,0.22228445,-0.44911477,1.29248269,0.22886193,-0.44971824,1.29370403,9.65981303,0.00000007
6.67000000,HOLD_LEG,-0.00441090,-0.01409484,0.01025026,-0.09005130,0.07606258,0.31516843,-0.09254121,0.07139670,0.08139910,0.02909697,0.00826171,28.06448073,0.00000000,54.83923829,34.20458186,0.22228438,-0.44911468,1.29248240,0.22886193,-0.44971824,1.29370403,9.65994335,0.00000007
6.68000000,HOLD_LEG,-0.00441074,-0.01409487,0.01024968,-0.09005157,0.07606248,0.31516827,-0.09254146,0.07139661,0.08139900,0.02909675,0.00826149,28.06408712,0.00000000,54.83994702,34.20454763,0.22228434,-0.44911462,1.29248224,0.22886193,-0.44971824,1.29370403,9.66003871,0.00000009
6.69000000,HOLD_LEG,-0.00441060,-0.01409492,0.01024914,-0.09005184,0.07606239,0.31516812,-0.09254173,0.07139652,0.08139888,0.02909654,0.00826128,28.06354014,0.00000000,54.84062693,34.20473037,0.22228435,-0.44911456,1.29248196,0.22886186,-0.44971793,1.29370331,9.66012982,0.00000007
6.70000000,HOLD_LEG,-0.00441048,-0.01409500,0.01024867,-0.09005211,0.07606231,0.31516798,-0.09254199,0.07139644,0.08139876,0.02909635,0.00826109,28.06296153,0.00000000,54.84123868,34.20495645,0.22228434,-0.44911449,1.29248166,0.22886186,-0.44971793,1.29370331,9.66021238,0.00000010
6.71000000,HOLD_LEG,-0.00441044,-0.01409507,0.01024826,-0.09005239,0.07606224,0.31516785,-0.09254226,0.07139637,0.08139863,0.02909619,0.00826093,28.06198217,0.00000000,54.84168912,34.20543049,0.22228430,-0.44911443,1.29248150,0.22886186,-0.44971793,1.29370331,9.66028191,0.00000007
6.72000000,HOLD_LEG,-0.00441042,-0.01409514,0.01024792,-0.09005266,0.07606218,0.31516773,-0.09254251,0.07139632,0.08139851,0.02909607,0.00826081,28.06158642,0.00000000,54.84220891,34.20548755,0.22228429,-0.44911442,1.29248140,0.22886186,-0.44971793,1.29370331,9.66035444,0.00000006
6.73000000,HOLD_LEG,-0.00441043,-0.01409524,0.01024767,-0.09005291,0.07606214,0.31516762,-0.09254276,0.07139628,0.08139840,0.02909597,0.00826071,28.06116332,0.00000000,54.84270045,34.20557914,0.22228429,-0.44911444,1.29248133,0.22886186,-0.44971793,1.29370331,9.66042144,0.00000005
6.74000000,HOLD_LEG,-0.00441048,-0.01409535,0.01024750,-0.09005315,0.07606211,0.31516753,-0.09254299,0.07139625,0.08139829,0.02909591,0.00826065,28.06075513,0.00000000,54.84314610,34.20564592,0.22228429,-0.44911447,1.29248129,0.22886186,-0.44971793,1.29370331,9.66048130,0.00000005
6.75000000,HOLD_LEG,-0.00441056,-0.01409548,0.01024742,-0.09005336,0.07606210,0.31516745,-0.09254320,0.07139624,0.08139820,0.02909587,0.00826061,28.06037838,0.00000000,54.84354076,34.20567006,0.22228429,-0.44911448,1.29248127,0.22886186,-0.44971793,1.29370331,9.66053358,0.00000007
6.76000000,HOLD_LEG,-0.00441068,-0.01409561,0.01024742,-0.09005356,0.07606211,0.31516738,-0.09254339,0.07139624,0.08139813,0.02909587,0.00826061,28.06005197,0.00000000,54.84387558,34.20565869,0.22228429,-0.44911451,1.29248135,0.22886193,-0.44971825,1.29370404,9.66057710,0.00000006
6.77000000,HOLD_LEG,-0.00441084,-0.01409573,0.01024750,-0.09005373,0.07606213,0.31516733,-0.09254355,0.07139625,0.08139807,0.02909592,0.00826066,28.05976979,0.00000000,54.84417696,34.20558149,0.22228431,-0.44911463,1.29248163,0.22886193,-0.44971825,1.29370404,9.66061519,0.00000008
6.78000000,HOLD_LEG,-0.00441103,-0.01409582,0.01024765,-0.09005387,0.07606216,0.31516730,-0.09254370,0.07139628,0.08139803,0.02909598,0.00826072,28.05952983,0.00000000,54.84490815,34.20533204,0.22228436,-0.44911469,1.29248179,0.22886193,-0.44971825,1.29370404,9.66070857,0.00000009
6.79000000,HOLD_LEG,-0.00441123,-0.01409587,0.01024787,-0.09005399,0.07606220,0.31516728,-0.09254381,0.07139632,0.08139801,0.02909607,0.00826081,28.05934311,0.00000000,54.84493785,34.20514770,0.22228440,-0.44911482,1.29248213,0.22886200,-0.44971857,1.29370477,9.66071152,0.00000006
6.80000000,HOLD_LEG,-0.00441147,-0.01409589,0.01024816,-0.09005408,0.07606226,0.31516728,-0.09254390,0.07139637,0.08139801,0.02909617,0.00826091,28.05921406,0.00000000,54.84585717,34.20494278,0.22228444,-0.44911494,1.29248239,0.22886200,-0.44971857,1.29370477,9.66082772,0.00000006
6.81000000,HOLD_LEG,-0.00441172,-0.01409587,0.01024849,-0.09005414,0.07606232,0.31516729,-0.09254396,0.07139642,0.08139804,0.02909626,0.00826100,28.05911785,0.00000000,54.84552310,34.20458364,0.22228449,-0.44911501,1.29248255,0.22886200,-0.44971857,1.29370477,9.66078003,0.00000010
6.82000000,HOLD_LEG,-0.00441197,-0.01409582,0.01024887,-0.09005417,0.07606240,0.31516731,-0.09254399,0.07139649,0.08139808,0.02909638,0.00826112,28.05909236,0.00000000,54.84548024,34.20435705,0.22228453,-0.44911517,1.29248295,0.22886207,-0.44971888,1.29370549,9.66076855,0.00000009
6.83000000,HOLD_LEG,-0.00441219,-0.01409579,0.01024929,-0.09005417,0.07606247,0.31516734,-0.09254400,0.07139656,0.08139815,0.02909648,0.00826122,28.05956567,0.00000000,54.84558964,34.20380936,0.22228458,-0.44911530,1.29248317,0.22886207,-0.44971888,1.29370549,9.66076639,0.00000009
6.84000000,HOLD_LEG,-0.00441239,-0.01409574,0.01024974,-0.09005415,0.07606255,0.31516738,-0.09254397,0.07139663,0.08139824,0.02909658,0.00826132,28.05945527,0.00000000,54.84602469,34.20357851,0.22228462,-0.44911535,1.29248330,0.22886207,-0.44971888,1.29370549,9.66081052,0.00000008
6.85000000,HOLD_LEG,-0.00441259,-0.01409565,0.01025020,-0.09005409,0.07606263,0.31516743,-0.09254393,0.07139670,0.08139835,0.02909667,0.00826141,28.06012369,0.00000000,54.84586202,34.20268284,0.22228463,-0.44911535,1.29248338,0.22886207,-0.44971888,1.29370549,9.66077535,0.00000010
6.86000000,HOLD_LEG,-0.00441273,-0.01409557,0.01025068,-0.09005402,0.07606270,0.31516749,-0.09254386,0.07139677,0.08139848,0.02909678,0.00826152,28.05989858,0.00000000,54.84575765,34.20291489,0.22228464,-0.44911546,1.29248370,0.22886214,-0.44971919,1.29370621,9.66074461,0.00000004
6.87000000,HOLD_LEG,-0.00441288,-0.01409546,0.01025114,-0.09005392,0.07606277,0.31516756,-0.09254377,0.07139683,0.08139862,0.02909689,0.00826163,28.05991516,0.00000000,54.84559057,34.20275144,0.22228465,-0.44911553,1.29248393,0.22886214,-0.44971919,1.29370621,9.66070804,0.00000008
6.88000000,HOLD_LEG,-0.00441300,-0.01409532,0.01025158,-0.09005380,0.07606283,0.31516762,-0.09254366,0.07139689,0.08139878,0.02909697,0.00826171,28.06055462,0.00000000,54.84550132,34.20213186,0.22228468,-0.44911557,1.29248406,0.22886214,-0.44971919,1.29370621,9.66067495,0.00000005
6.89000000,HOLD_LEG,-0.00441308,-0.01409517,0.01025199,-0.09005367,0.07606288,0.31516769,-0.09254353,0.07139694,0.08139895,0.02909704,0.00826178,28.06050832,0.00000000,54.84532862,34.20215764,0.22228471,-0.44911559,1.29248413,0.22886214,-0.44971919,1.29370621,9.66063311,0.00000005
6.90000000,HOLD_LEG,-0.00441314,-0.01409497,0.01025235,-0.09005352,0.07606293,0.31516777,-0.09254339,0.07139698,0.08139914,0.02909709,0.00826183,28.06062003,0.00000000,54.84510778,34.20202141,0.22228472,-0.44911557,1.29248419,0.22886214,-0.44971919,1.29370621,9.66058642,0.00000009
6.91000000,HOLD_LEG,-0.00441313,-0.01409475,0.01025267,-0.09005336,0.07606296,0.31516784,-0.09254323,0.07139701,0.08139933,0.02909712,0.00826186,28.06126379,0.00000000,54.84498047,34.20154894,0.22228475,-0.44911557,1.29248422,0.22886214,-0.44971919,1.29370621,9.66054481,0.00000005
6.92000000,HOLD_LEG,-0.00441308,-0.01409452,0.01025294,-0.09005318,0.07606298,0.31516790,-0.09254307,0.07139703,0.08139953,0.02909712,0.00826186,28.06130958,0.00000000,54.84474456,34.20157763,0.22228476,-0.44911556,1.29248424,0.22886214,-0.44971919,1.29370621,9.66049353,0.00000009
6.93000000,HOLD_LEG,-0.00441300,-0.01409424,0.01025314,-0.09005300,0.07606298,0.31516797,-0.09254290,0.07139703,0.08139973,0.02909707,0.00826181,28.06146282,0.00000000,54.84373161,34.20153181,0.22228474,-0.44911542,1.29248395,0.22886207,-0.44971887,1.29370546,9.66034298,0.00000008
6.94000000,HOLD_LEG,-0.00441290,-0.01409395,0.01025328,-0.09005281,0.07606297,0.31516803,-0.09254272,0.07139703,0.08139994,0.02909701,0.00826175,28.06228774,0.00000000,54.84390224,34.20105788,0.22228471,-0.44911531,1.29248371,0.22886200,-0.44971855,1.29370474,9.66033870,0.00000006
6.95000000,HOLD_LEG,-0.00441272,-0.01409369,0.01025336,-0.09005262,0.07606295,0.31516808,-0.09254254,0.07139701,0.08140016,0.02909689,0.00826164,28.06228646,0.00000000,54.84322807,34.20146191,0.22228468,-0.44911514,1.29248331,0.22886200,-0.44971855,1.29370474,9.66022553,0.00000007
6.96000000,HOLD_LEG,-0.00441251,-0.01409341,0.01025336,-0.09005242,0.07606291,0.31516813,-0.09254235,0.07139697,0.08140038,0.02909677,0.00826151,28.06245389,0.00000000,54.84323503,34.20156238,0.22228463,-0.44911493,1.29248288,0.22886193,-0.44971824,1.29370402,9.66020185,0.00000010
6.97000000,HOLD_LEG,-0.00441229,-0.01409312,0.01025329,-0.09005223,0.07606286,0.31516817,-0.09254217,0.07139693,0.08140060,0.02909663,0.00826137,28.06268376,0.00000000,54.84265646,34.20172889,0.22228456,-0.44911472,1.29248245,0.22886185,-0.44971791,1.29370327,9.66010298,0.00000007
6.98000000,HOLD_LEG,-0.00441205,-0.01409280,0.01025315,-0.09005204,0.07606280,0.31516820,-0.09254198,0.07139688,0.08140081,0.02909645,0.00826119,28.06295328,0.00000000,54.84209049,34.20189400,0.22228450,-0.44911448,1.29248196,0.22886185,-0.44971791,1.29370327,9.66000584,0.00000009
6.99000000,HOLD_LEG,-0.00441178,-0.01409248,0.01025293,-0.09005185,0.07606273,0.31516822,-0.09254180,0.07139682,0.08140102,0.02909625,0.00826099,28.06322882,0.00000000,54.84155246,34.20205003,0.22228445,-0.44911422,1.29248137,0.22886177,-0.44971757,1.29370249,9.65991212,0.00000007
7.00000000,HOLD_LEG,-0.00441150,-0.01409214,0.01025265,-0.09005166,0.07606266,0.31516823,-0.09254163,0.07139675,0.08140123,0.02909604,0.00826078,28.06350424,0.00000000,54.84096755,34.20221155,0.22228439,-0.44911395,1.29248076,0.22886170,-0.44971723,1.29370172,9.65981211,0.00000007
7.01000000,HOLD_LEG,-0.00441119,-0.01409182,0.01025232,-0.09005148,0.07606257,0.31516824,-0.09254146,0.07139667,0.08140143,0.02909580,0.00826054,28.06377163,0.00000000,54.84048902,34.20240075,0.22228433,-0.44911368,1.29248011,0.22886163,-0.44971691,1.29370098,9.65972580,0.00000007
7.02000000,HOLD_LEG,-0.00441087,-0.01409150,0.01025195,-0.09005131,0.07606248,0.31516823,-0.09254130,0.07139659,0.08140163,0.02909555,0.00826029,28.06402094,0.00000000,54.83999948,34.20259183,0.22228425,-0.44911340,1.29247945,0.22886155,-0.44971658,1.29370023,9.65963820,0.00000007
7.03000000,HOLD_LEG,-0.00441054,-0.01409120,0.01025154,-0.09005115,0.07606239,0.31516822,-0.09254115,0.07139651,0.08140181,0.02909530,0.00826004,28.06425230,0.00000000,54.84045622,34.20282721,0.22228418,-0.44911311,1.29247878,0.22886148,-0.44971625,1.29369948,9.65967442,0.00000010
7.04000000,HOLD_LEG,-0.00441020,-0.01409091,0.01025112,-0.09005100,0.07606229,0.31516821,-0.09254101,0.07139642,0.08140199,0.02909504,0.00825978,28.06445348,0.00000000,54.84009140,34.20306508,0.22228409,-0.44911283,1.29247811,0.22886140,-0.44971593,1.29369874,9.65960481,0.00000008
7.05000000,HOLD_LEG,-0.00440987,-0.01409064,0.01025067,-0.09005086,0.07606220,0.31516819,-0.09254088,0.07139633,0.08140216,0.02909478,0.00825952,28.06462156,0.00000000,54.83974769,34.20330130,0.22228401,-0.44911254,1.29247744,0.22886133,-0.44971562,1.29369802,9.65953910,0.00000007
7.06000000,HOLD_LEG,-0.00440955,-0.01409039,0.01025023,-0.09005074,0.07606210,0.31516817,-0.09254076,0.07139624,0.08140231,0.02909453,0.00825927,28.06476405,0.00000000,54.83935001,34.20354431,0.22228393,-0.44911228,1.29247683,0.22886133,-0.44971562,1.29369802,9.65946793,0.00000010
7.07000000,HOLD_LEG,-0.00440924,-0.01409016,0.01024979,-0.09005062,0.07606200,0.31516815,-0.09254065,0.07139616,0.08140245,0.02909428,0.00825902,28.06486404,0.00000000,54.83898494,34.20375370,0.22228385,-0.44911199,1.29247616,0.22886126,-0.44971529,1.29369728,9.65940243,0.00000007
7.08000000,HOLD_LEG,-0.00440895,-0.01408995,0.01024937,-0.09005052,0.07606191,0.31516812,-0.09254056,0.07139607,0.08140258,0.02909405,0.00825879,28.06492716,0.00000000,54.83852716,34.20391630,0.22228378,-0.44911173,1.29247553,0.22886118,-0.44971497,1.29369653,9.65932623,0.00000004
7.09000000,HOLD_LEG,-0.00440868,-0.01408977,0.01024897,-0.09005044,0.07606182,0.31516810,-0.09254047,0.07139599,0.08140270,0.02909384,0.00825858,28.06496032,0.00000000,54.83894173,34.20410535,0.22228372,-0.44911151,1.29247502,0.22886111,-0.44971464,1.29369577,9.65936466,0.00000008
7.10000000,HOLD_LEG,-0.00440844,-0.01408961,0.01024861,-0.09005036,0.07606174,0.31516807,-0.09254041,0.07139591,0.08140281,0.02909364,0.00825838,28.06497405,0.00000000,54.83856311,34.20430500,0.22228366,-0.44911128,1.29247448,0.22886111,-0.44971464,1.29369577,9.65930254,0.00000007
7.11000000,HOLD_LEG,-0.00440822,-0.01408946,0.01024827,-0.09005031,0.07606166,0.31516804,-0.09254035,0.07139584,0.08140290,0.02909346,0.00825820,28.06494853,0.00000000,54.83877641,34.20439206,0.22228361,-0.44911107,1.29247399,0.22886104,-0.44971432,1.29369504,9.65931830,0.00000009
7.12000000,HOLD_LEG,-0.00440804,-0.01408934,0.01024798,-0.09005026,0.07606159,0.31516802,-0.09254031,0.07139577,0.08140298,0.02909330,0.00825804,28.06491246,0.00000000,54.83843590,34.20458429,0.22228356,-0.44911090,1.29247358,0.22886104,-0.44971432,1.29369504,9.65926418,0.00000007
7.13000000,HOLD_LEG,-0.00440788,-0.01408924,0.01024772,-0.09005023,0.07606152,0.31516799,-0.09254027,0.07139571,0.08140304,0.02909317,0.00825791,28.06484522,0.00000000,54.83862888,34.20464028,0.22228353,-0.44911076,1.29247327,0.22886096,-0.44971400,1.29369431,9.65928038,0.00000007
7.14000000,HOLD_LEG,-0.00440776,-0.01408915,0.01024752,-0.09005020,0.07606147,0.31516797,-0.09254025,0.07139566,0.08140310,0.02909303,0.00825777,28.06476769,0.00000000,54.83806955,34.20472808,0.22228350,-0.44911059,1.29247285,0.22886096,-0.44971400,1.29369431,9.65920197,0.00000004
7.15000000,HOLD_LEG,-0.00440768,-0.01408910,0.01024735,-0.09005019,0.07606143,0.31516794,-0.09254024,0.07139562,0.08140315,0.02909294,0.00825768,28.06468546,0.00000000,54.83844973,34.20484277,0.22228346,-0.44911049,1.29247261,0.22886096,-0.44971400,1.29369431,9.65924481,0.00000006
7.16000000,HOLD_LEG,-0.00440763,-0.01408905,0.01024723,-0.09005019,0.07606139,0.31516792,-0.09254024,0.07139558,0.08140318,0.02909287,0.00825761,28.06459283,0.00000000,54.83862372,34.20486002,0.22228345,-0.44911043,1.29247248,0.22886096,-0.44971400,1.29369431,9.65926248,0.00000007
7.17000000,HOLD_LEG,-0.00440761,-0.01408902,0.01024716,-0.09005020,0.07606137,0.31516790,-0.09254024,0.07139556,0.08140321,0.02909283,0.00825757,28.06448927,0.00000000,54.83875866,34.20484932,0.22228345,-0.44911040,1.29247241,0.22886096,-0.44971400,1.29369431,9.65927717,0.00000008
7.18000000,HOLD_LEG,-0.00440762,-0.01408899,0.01024712,-0.09005021,0.07606135,0.31516788,-0.09254026,0.07139554,0.08140322,0.02909280,0.00825754,28.06437626,0.00000000,54.83888390,34.20482399,0.22228345,-0.44911038,1.29247237,0.22886096,-0.44971400,1.29369431,9.65929204,0.00000008
7.19000000,HOLD_LEG,-0.00440765,-0.01408898,0.01024713,-0.09005023,0.07606135,0.31516786,-0.09254028,0.07139554,0.08140323,0.02909278,0.00825752,28.06425732,0.00000000,54.83901047,34.20478895,0.22228346,-0.44911038,1.29247234,0.22886096,-0.44971400,1.29369431,9.65930800,0.00000008
7.20000000,HOLD_LEG,-0.00440772,-0.01408899,0.01024718,-0.09005026,0.07606135,0.31516785,-0.09254030,0.07139554,0.08140323,0.02909278,0.00825752,28.06413655,0.00000000,54.83914374,34.20474502,0.22228346,-0.44911038,1.29247233,0.22886096,-0.44971400,1.29369431,9.65932539,0.00000007
7.21000000,HOLD_LEG,-0.00440782,-0.01408900,0.01024726,-0.09005029,0.07606137,0.31516783,-0.09254033,0.07139555,0.08140323,0.02909279,0.00825753,28.06401783,0.00000000,54.83928594,34.20469112,0.22228346,-0.44911038,1.29247232,0.22886096,-0.44971400,1.29369431,9.65934432,0.00000005
7.22000000,HOLD_LEG,-0.00440795,-0.01408904,0.01024737,-0.09005033,0.07606139,0.31516782,-0.09254037,0.07139557,0.08140322,0.02909281,0.00825755,28.06390444,0.00000000,54.83943751,34.20462576,0.22228346,-0.44911038,1.29247232,0.22886096,-0.44971400,1.29369431,9.65936471,0.00000003
7.23000000,HOLD_LEG,-0.00440809,-0.01408908,0.01024750,-0.09005037,0.07606142,0.31516781,-0.09254040,0.07139560,0.08140321,0.02909285,0.00825759,28.06379880,0.00000000,54.83959781,34.20454800,0.22228347,-0.44911038,1.29247232,0.22886096,-0.44971400,1.29369431,9.65938642,0.00000003
7.24000000,HOLD_LEG,-0.00440826,-0.01408914,0.01024766,-0.09005041,0.07606146,0.31516780,-0.09254044,0.07139563,0.08140320,0.02909289,0.00825763,28.06370246,0.00000000,54.83976566,34.20445776,0.22228347,-0.44911038,1.29247232,0.22886096,-0.44971400,1.29369431,9.65940925,0.00000006
7.25000000,HOLD_LEG,-0.00440845,-0.01408921,0.01024782,-0.09005046,0.07606151,0.31516779,-0.09254048,0.07139567,0.08140318,0.02909294,0.00825768,28.06361619,0.00000000,54.83993958,34.20435583,0.22228348,-0.44911038,1.29247232,0.22886096,-0.44971400,1.29369431,9.65943298,0.00000010
7.26000000,HOLD_LEG,-0.00440863,-0.01408926,0.01024801,-0.09005050,0.07606156,0.31516778,-0.09254052,0.07139572,0.08140316,0.02909300,0.00825774,28.06352442,0.00000000,54.84051578,34.20412592,0.22228350,-0.44911039,1.29247241,0.22886104,-0.44971431,1.29369503,9.65951051,0.00000007
7.27000000,HOLD_LEG,-0.00440882,-0.01408930,0.01024821,-0.09005055,0.07606162,0.31516778,-0.09254057,0.07139577,0.08140313,0.02909309,0.00825783,28.06343229,0.00000000,54.84056822,34.20399727,0.22228352,-0.44911051,1.29247269,0.22886104,-0.44971431,1.29369503,9.65952144,0.00000009
7.28000000,HOLD_LEG,-0.00440899,-0.01408938,0.01024844,-0.09005059,0.07606168,0.31516777,-0.09254061,0.07139583,0.08140311,0.02909316,0.00825791,28.06383395,0.00000000,54.84160024,34.20352532,0.22228355,-0.44911061,1.29247284,0.22886104,-0.44971431,1.29369503,9.65965235,0.00000008
7.29000000,HOLD_LEG,-0.00440913,-0.01408948,0.01024869,-0.09005064,0.07606174,0.31516778,-0.09254065,0.07139588,0.08140308,0.02909325,0.00825799,28.06353304,0.00000000,54.84129670,34.20349304,0.22228358,-0.44911072,1.29247308,0.22886111,-0.44971463,1.29369575,9.65961468,0.00000004
7.30000000,HOLD_LEG,-0.00440928,-0.01408958,0.01024894,-0.09005068,0.07606180,0.31516778,-0.09254069,0.07139593,0.08140304,0.02909336,0.00825810,28.06332871,0.00000000,54.84128606,34.20343338,0.22228358,-0.44911084,1.29247338,0.22886111,-0.44971463,1.29369575,9.65961807,0.00000007
7.31000000,HOLD_LEG,-0.00440945,-0.01408968,0.01024920,-0.09005073,0.07606185,0.31516779,-0.09254073,0.07139599,0.08140301,0.02909346,0.00825820,28.06315967,0.00000000,54.84192617,34.20328625,0.22228360,-0.44911091,1.29247355,0.22886111,-0.44971463,1.29369575,9.65970547,0.00000009
7.32000000,HOLD_LEG,-0.00440961,-0.01408974,0.01024945,-0.09005077,0.07606191,0.31516780,-0.09254077,0.07139604,0.08140298,0.02909357,0.00825831,28.06301779,0.00000000,54.84171554,34.20316792,0.22228363,-0.44911103,1.29247390,0.22886118,-0.44971495,1.29369649,9.65968429,0.00000005
7.33000000,HOLD_LEG,-0.00440978,-0.01408980,0.01024969,-0.09005081,0.07606196,0.31516781,-0.09254081,0.07139608,0.08140295,0.02909367,0.00825841,28.06290569,0.00000000,54.84169877,34.20309054,0.22228367,-0.44911115,1.29247417,0.22886118,-0.44971495,1.29369649,9.65968736,0.00000008
7.34000000,HOLD_LEG,-0.00440994,-0.01408985,0.01024991,-0.09005085,0.07606200,0.31516782,-0.09254085,0.07139613,0.08140292,0.02909376,0.00825850,28.06281590,0.00000000,54.84233648,34.20295856,0.22228371,-0.44911122,1.29247432,0.22886118,-0.44971495,1.29369649,9.65977348,0.00000009
7.35000000,HOLD_LEG,-0.00441007,-0.01408988,0.01025011,-0.09005088,0.07606205,0.31516783,-0.09254088,0.07139617,0.08140290,0.02909385,0.00825859,28.06274694,0.00000000,54.84211798,34.20286859,0.22228375,-0.44911132,1.29247460,0.22886125,-0.44971527,1.29369722,9.65974973,0.00000009
7.36000000,HOLD_LEG,-0.00441017,-0.01408992,0.01025030,-0.09005091,0.07606209,0.31516784,-0.09254090,0.07139620,0.08140288,0.02909393,0.00825867,28.06321671,0.00000000,54.84218168,34.20242208,0.22228380,-0.44911147,1.29247488,0.22886125,-0.44971527,1.29369722,9.65975564,0.00000005
7.37000000,HOLD_LEG,-0.00441022,-0.01409001,0.01025048,-0.09005093,0.07606212,0.31516785,-0.09254093,0.07139623,0.08140286,0.02909400,0.00825874,28.06297048,0.00000000,54.84220692,34.20263130,0.22228382,-0.44911157,1.29247503,0.22886125,-0.44971527,1.29369722,9.65975808,0.00000007
7.38000000,MOVE_LEG_FORWARD,-0.00441027,-0.01409009,0.01025064,-0.09005095,0.07606214,0.31516786,-0.09254095,0.07139626,0.08140285,0.02909405,0.00825879,28.06284770,0.00000000,54.84219997,34.20268046,0.22228381,-0.44911160,1.29247513,0.22886125,-0.44971527,1.29369722,9.65975777,0.00000009
7.39000000,MOVE_LEG_FORWARD,-0.00441030,-0.01409014,0.01025076,-0.09005097,0.07606216,0.31516787,-0.09254096,0.07139628,0.08140283,0.02909409,0.00825883,28.06276213,0.00000000,54.84266293,34.20258611,0.22228382,-0.44911159,1.29247519,0.22886125,-0.44971527,1.29369722,9.65981933,0.00000008
7.40000000,MOVE_LEG_FORWARD,-0.00441031,-0.01409015,0.01025085,-0.09005099,0.07606217,0.31516788,-0.09254098,0.07139629,0.08140282,0.02909412,0.00825886,28.06270480,0.00000000,54.84247142,34.20256396,0.22228383,-0.44911159,1.29247523,0.22886125,-0.44971527,1.29369722,9.65979814,0.00000009
7.41000000,MOVE_LEG_FORWARD,-0.00441031,-0.01409015,0.01025092,-0.09005100,0.07606218,0.31516789,-0.09254099,0.07139629,0.08140281,0.02909413,0.00825887,28.06267556,0.00000000,54.84237937,34.20258381,0.22228382,-0.44911159,1.29247524,0.22886125,-0.44971527,1.29369722,9.65978854,0.00000009
7.42000000,MOVE_LEG_FORWARD,-0.00441029,-0.01409013,0.01025096,-0.09005100,0.07606218,0.31516790,-0.09254099,0.07139629,0.08140281,0.02909413,0.00825887,28.06267212,0.00000000,54.84231882,34.20262195,0.22228382,-0.44911160,1.29247525,0.22886125,-0.44971527,1.29369722,9.65978152,0.00000008
7.43000000,MOVE_LEG_FORWARD,-0.00441026,-0.01409010,0.01025097,-0.09005101,0.07606217,0.31516791,-0.09254100,0.07139629,0.08140281,0.02909412,0.00825886,28.06268973,0.00000000,54.84227303,34.20267087,0.22228382,-0.44911161,1.29247525,0.22886125,-0.44971527,1.29369722,9.65977522,0.00000007
7.44000000,MOVE_LEG_FORWARD,-0.00441021,-0.01409007,0.01025095,-0.09005100,0.07606216,0.31516791,-0.09254099,0.07139628,0.08140281,0.02909410,0.00825884,28.06272306,0.00000000,54.84223247,34.20272568,0.22228382,-0.44911162,1.29247525,0.22886125,-0.44971527,1.29369722,9.65976872,0.00000006
7.45000000,MOVE_LEG_FORWARD,-0.00441013,-0.01409003,0.01025090,-0.09005099,0.07606214,0.31516791,-0.09254099,0.07139626,0.08140282,0.02909408,0.00825882,28.06276701,0.00000000,54.84219056,34.20278361,0.22228382,-0.44911162,1.29247525,0.22886125,-0.44971527,1.29369722,9.65976141,0.00000004
7.46000000,MOVE_LEG_FORWARD,-0.00441005,-0.01408998,0.01025083,-0.09005098,0.07606212,0.31516791,-0.09254097,0.07139624,0.08140284,0.02909405,0.00825879,28.06281702,0.00000000,54.84214301,34.20284347,0.22228382,-0.44911162,1.29247525,0.22886125,-0.44971527,1.29369722,9.65975291,0.00000005
7.47000000,MOVE_LEG_FORWARD,-0.00440994,-0.01408991,0.01025074,-0.09005096,0.07606209,0.31516791,-0.09254096,0.07139622,0.08140286,0.02909401,0.00825875,28.06286932,0.00000000,54.84208727,34.20290508,0.22228382,-0.44911162,1.29247525,0.22886125,-0.44971527,1.29369722,9.65974300,0.00000008
7.48000000,MOVE_LEG_FORWARD,-0.00440982,-0.01408985,0.01025063,-0.09005094,0.07606206,0.31516791,-0.09254094,0.07139619,0.08140288,0.02909396,0.00825870,28.06292705,0.00000000,54.84137464,34.20302301,0.22228381,-0.44911163,1.29247525,0.22886125,-0.44971527,1.29369722,9.65964767,0.00000004
7.49000000,MOVE_LEG_FORWARD,-0.00440972,-0.01408980,0.01025050,-0.09005092,0.07606203,0.31516791,-0.09254092,0.07139616,0.08140291,0.02909392,0.00825866,28.06300033,0.00000000,54.84160296,34.20317119,0.22228379,-0.44911164,1.29247524,0.22886125,-0.44971527,1.29369722,9.65967160,0.00000005
7.50000000,MOVE_LEG_FORWARD,-0.00440959,-0.01408975,0.01025035,-0.09005089,0.07606199,0.31516790,-0.09254089,0.07139612,0.08140294,0.02909388,0.00825862,28.06307202,0.00000000,54.84162164,34.20323517,0.22228379,-0.44911163,1.29247525,0.22886125,-0.44971527,1.29369722,9.65966820,0.00000008
7.51000000,MOVE_LEG_FORWARD,-0.00440947,-0.01408969,0.01025020,-0.09005086,0.07606195,0.31516790,-0.09254087,0.07139609,0.08140297,0.02909382,0.00825856,28.06313071,0.00000000,54.84159540,34.20326451,0.22228380,-0.44911158,1.29247513,0.22886118,-0.44971495,1.29369650,9.65965996,0.00000008
7.52000000,MOVE_LEG_FORWARD,-0.00440934,-0.01408962,0.01025004,-0.09005083,0.07606191,0.31516790,-0.09254084,0.07139605,0.08140301,0.02909373,0.00825847,28.06319397,0.00000000,54.84098714,34.20339924,0.22228378,-0.44911148,1.29247486,0.22886118,-0.44971495,1.29369650,9.65957663,0.00000008
7.53000000,MOVE_LEG_FORWARD,-0.00440922,-0.01408957,0.01024988,-0.09005079,0.07606187,0.31516790,-0.09254081,0.07139602,0.08140305,0.02909366,0.00825840,28.06326169,0.00000000,54.84113205,34.20350353,0.22228374,-0.44911141,1.29247471,0.22886118,-0.44971495,1.29369650,9.65958860,0.00000009
7.54000000,MOVE_LEG_FORWARD,-0.00440909,-0.01408951,0.01024972,-0.09005076,0.07606183,0.31516789,-0.09254078,0.07139598,0.08140309,0.02909360,0.00825834,28.06332662,0.00000000,54.84113105,34.20354915,0.22228373,-0.44911136,1.29247463,0.22886118,-0.44971495,1.29369650,9.65958258,0.00000010
7.55000000,MOVE_LEG_FORWARD,-0.00440900,-0.01408941,0.01024955,-0.09005072,0.07606180,0.31516789,-0.09254074,0.07139595,0.08140312,0.02909352,0.00825826,28.06292566,0.00000000,54.84099217,34.20387855,0.22228370,-0.44911122,1.29247435,0.22886111,-0.44971464,1.29369578,9.65956684,0.00000009
7.56000000,MOVE_LEG_FORWARD,-0.00440894,-0.01408929,0.01024937,-0.09005069,0.07606176,0.31516788,-0.09254071,0.07139592,0.08140317,0.02909344,0.00825818,28.06317898,0.00000000,54.84051648,34.20387832,0.22228367,-0.44911111,1.29247411,0.22886111,-0.44971464,1.29369578,9.65950164,0.00000004
7.57000000,MOVE_LEG_FORWARD,-0.00440887,-0.01408917,0.01024920,-0.09005065,0.07606173,0.31516788,-0.09254067,0.07139589,0.08140321,0.02909336,0.00825810,28.06335479,0.00000000,54.84062375,34.20388081,0.22228366,-0.44911107,1.29247398,0.22886111,-0.44971464,1.29369578,9.65950873,0.00000007
7.58000000,MOVE_LEG_FORWARD,-0.00440879,-0.01408907,0.01024905,-0.09005061,0.07606171,0.31516787,-0.09254064,0.07139587,0.08140326,0.02909330,0.00825804,28.06349279,0.00000000,54.84066132,34.20388001,0.22228366,-0.44911105,1.29247390,0.22886111,-0.44971464,1.29369578,9.65950722,0.00000010
7.59000000,MOVE_LEG_FORWARD,-0.00440872,-0.01408897,0.01024891,-0.09005057,0.07606169,0.31516786,-0.09254060,0.07139585,0.08140330,0.02909321,0.00825795,28.06359231,0.00000000,54.83996028,34.20389093,0.22228365,-0.44911091,1.29247353,0.22886104,-0.44971432,1.29369505,9.65941085,0.00000003
7.60000000,MOVE_LEG_FORWARD,-0.00440867,-0.01408890,0.01024879,-0.09005053,0.07606167,0.31516786,-0.09254056,0.07139583,0.08140335,0.02909313,0.00825787,28.06368799,0.00000000,54.84029449,34.20400554,0.22228360,-0.44911083,1.29247332,0.22886104,-0.44971432,1.29369505,9.65944710,0.00000004
7.61000000,MOVE_LEG_FORWARD,-0.00440861,-0.01408884,0.01024869,-0.09005049,0.07606165,0.31516785,-0.09254052,0.07139581,0.08140340,0.02909308,0.00825782,28.06376286,0.00000000,54.84037033,34.20400928,0.22228357,-0.44911077,1.29247321,0.22886104,-0.44971432,1.29369505,9.65945019,0.00000006
7.62000000,MOVE_LEG_FORWARD,-0.00440856,-0.01408879,0.01024861,-0.09005045,0.07606164,0.31516785,-0.09254049,0.07139580,0.08140344,0.02909304,0.00825778,28.06381645,0.00000000,54.84038727,34.20398553,0.22228356,-0.44911073,1.29247315,0.22886104,-0.44971432,1.29369505,9.65944736,0.00000008
7.63000000,MOVE_LEG_FORWARD,-0.00440853,-0.01408873,0.01024856,-0.09005041,0.07606163,0.31516785,-0.09254045,0.07139580,0.08140348,0.02909302,0.00825776,28.06384863,0.00000000,54.84037773,34.20395096,0.22228355,-0.44911071,1.29247311,0.22886104,-0.44971432,1.29369505,9.65944237,0.00000009
7.64000000,MOVE_LEG_FORWARD,-0.00440851,-0.01408867,0.01024853,-0.09005038,0.07606163,0.31516785,-0.09254042,0.07139579,0.08140351,0.02909299,0.00825773,28.06385610,0.00000000,54.84036273,34.20389716,0.22228355,-0.44911066,1.29247297,0.22886097,-0.44971401,1.29369433,9.65943757,0.00000008
7.65000000,MOVE_LEG_FORWARD,-0.00440851,-0.01408862,0.01024852,-0.09005035,0.07606162,0.31516786,-0.09254039,0.07139579,0.08140355,0.02909294,0.00825768,28.06385219,0.00000000,54.84033009,34.20386552,0.22228353,-0.44911054,1.29247270,0.22886097,-0.44971401,1.29369433,9.65943087,0.00000009
7.66000000,MOVE_LEG_FORWARD,-0.00440851,-0.01408857,0.01024853,-0.09005032,0.07606162,0.31516787,-0.09254037,0.07139579,0.08140358,0.02909291,0.00825765,28.06383973,0.00000000,54.84030078,34.20384340,0.22228351,-0.44911047,1.29247255,0.22886097,-0.44971401,1.29369433,9.65942481,0.00000010
7.67000000,MOVE_LEG_FORWARD,-0.00440852,-0.01408854,0.01024857,-0.09005030,0.07606163,0.31516787,-0.09254034,0.07139579,0.08140361,0.02909290,0.00825764,28.06383722,0.00000000,54.83973633,34.20390727,0.22228348,-0.44911043,1.29247246,0.22886097,-0.44971401,1.29369433,9.65934953,0.00000006
7.68000000,MOVE_LEG_FORWARD,-0.00440857,-0.01408853,0.01024860,-0.09005027,0.07606163,0.31516788,-0.09254032,0.07139579,0.08140364,0.02909290,0.00825764,28.06384865,0.00000000,54.83994440,34.20392878,0.22228346,-0.44911041,1.29247241,0.22886097,-0.44971401,1.29369433,9.65937207,0.00000007
7.69000000,MOVE_LEG_FORWARD,-0.00440861,-0.01408853,0.01024865,-0.09005025,0.07606164,0.31516788,-0.09254030,0.07139580,0.08140367,0.02909291,0.00825765,28.06386397,0.00000000,54.84002467,34.20388957,0.22228347,-0.44911039,1.29247239,0.22886097,-0.44971401,1.29369433,9.65937881,0.00000008
7.70000000,MOVE_LEG_FORWARD,-0.00440867,-0.01408853,0.01024869,-0.09005023,0.07606165,0.31516788,-0.09254028,0.07139581,0.08140369,0.02909293,0.00825767,28.06387819,0.00000000,54.84007784,34.20383333,0.22228349,-0.44911037,1.29247238,0.22886097,-0.44971401,1.29369433,9.65938322,0.00000009
7.71000000,MOVE_LEG_FORWARD,-0.00440873,-0.01408852,0.01024874,-0.09005022,0.07606167,0.31516788,-0.09254026,0.07139582,0.08140371,0.02909295,0.00825769,28.06388928,0.00000000,54.84012225,34.20377215,0.22228350,-0.44911036,1.29247237,0.22886097,-0.44971401,1.29369433,9.65938734,0.00000010
7.72000000,MOVE_LEG_FORWARD,-0.00440877,-0.01408854,0.01024881,-0.09005021,0.07606169,0.31516789,-0.09254025,0.07139584,0.08140373,0.02909296,0.00825770,28.06441167,0.00000000,54.84025547,34.20330791,0.22228353,-0.44911037,1.29247236,0.22886097,-0.44971401,1.29369433,9.65939768,0.00000004
7.73000000,MOVE_LEG_FORWARD,-0.00440878,-0.01408860,0.01024889,-0.09005020,0.07606170,0.31516789,-0.09254025,0.07139585,0.08140374,0.02909298,0.00825772,28.06418818,0.00000000,54.84031166,34.20348587,0.22228353,-0.44911039,1.29247236,0.22886097,-0.44971401,1.29369433,9.65940170,0.00000005
7.74000000,MOVE_LEG_FORWARD,-0.00440880,-0.01408866,0.01024898,-0.09005020,0.07606172,0.31516789,-0.09254024,0.07139587,0.08140374,0.02909300,0.00825774,28.06406267,0.00000000,54.84032402,34.20349825,0.22228351,-0.44911037,1.29247236,0.22886097,-0.44971401,1.29369433,9.65940311,0.00000006
7.75000000,MOVE_LEG_FORWARD,-0.00440884,-0.01408871,0.01024906,-0.09005020,0.07606173,0.31516790,-0.09254025,0.07139588,0.08140374,0.02909303,0.00825777,28.06396770,0.00000000,54.84033146,34.20348024,0.22228349,-0.44911036,1.29247236,0.22886097,-0.44971401,1.29369433,9.65940527,0.00000007
7.76000000,MOVE_LEG_FORWARD,-0.00440889,-0.01408875,0.01024915,-0.09005021,0.07606175,0.31516790,-0.09254025,0.07139590,0.08140373,0.02909305,0.00825779,28.06389186,0.00000000,54.84034587,34.20345375,0.22228349,-0.44911034,1.29247237,0.22886097,-0.44971401,1.29369433,9.65940896,0.00000009
7.77000000,MOVE_LEG_FORWARD,-0.00440895,-0.01408879,0.01024922,-0.09005023,0.07606176,0.31516790,-0.09254026,0.07139591,0.08140373,0.02909308,0.00825782,28.06383237,0.00000000,54.84117849,34.20343060,0.22228349,-0.44911034,1.29247237,0.22886097,-0.44971401,1.29369433,9.65951916,0.00000008
7.78000000,MOVE_LEG_FORWARD,-0.00440899,-0.01408880,0.01024930,-0.09005024,0.07606178,0.31516790,-0.09254028,0.07139592,0.08140371,0.02909310,0.00825784,28.06375688,0.00000000,54.84079213,34.20327510,0.22228352,-0.44911033,1.29247238,0.22886097,-0.44971401,1.29369433,9.65947270,0.00000009
7.79000000,MOVE_LEG_FORWARD,-0.00440903,-0.01408880,0.01024938,-0.09005026,0.07606179,0.31516791,-0.09254030,0.07139593,0.08140369,0.02909311,0.00825785,28.06369140,0.00000000,54.84072334,34.20325727,0.22228353,-0.44911034,1.29247237,0.22886097,-0.44971401,1.29369433,9.65946835,0.00000009
7.80000000,MOVE_LEG_FORWARD,-0.00440907,-0.01408880,0.01024945,-0.09005028,0.07606180,0.31516791,-0.09254032,0.07139594,0.08140367,0.02909313,0.00825787,28.06364279,0.00000000,54.84071088,34.20328354,0.22228352,-0.44911038,1.29247245,0.22886104,-0.44971432,1.29369505,9.65947008,0.00000002
7.81000000,MOVE_LEG_FORWARD,-0.00440910,-0.01408882,0.01024951,-0.09005030,0.07606181,0.31516791,-0.09254033,0.07139595,0.08140365,0.02909317,0.00825791,28.06359819,0.00000000,54.84074196,34.20330658,0.22228353,-0.44911050,1.29247273,0.22886104,-0.44971432,1.29369505,9.65947653,0.00000003
7.82000000,MOVE_LEG_FORWARD,-0.00440914,-0.01408884,0.01024956,-0.09005032,0.07606182,0.31516790,-0.09254036,0.07139596,0.08140364,0.02909320,0.00825794,28.06356445,0.00000000,54.84078584,34.20331992,0.22228355,-0.44911059,1.29247288,0.22886104,-0.44971432,1.29369505,9.65948424,0.00000004
7.83000000,MOVE_LEG_FORWARD,-0.00440918,-0.01408887,0.01024960,-0.09005035,0.07606182,0.31516790,-0.09254038,0.07139597,0.08140362,0.02909323,0.00825797,28.06353426,0.00000000,54.84083628,34.20333442,0.22228357,-0.44911063,1.29247297,0.22886104,-0.44971432,1.29369505,9.65949234,0.00000005
7.84000000,MOVE_LEG_FORWARD,-0.00440921,-0.01408890,0.01024963,-0.09005037,0.07606183,0.31516789,-0.09254040,0.07139597,0.08140360,0.02909325,0.00825799,28.06350722,0.00000000,54.84088869,34.20334736,0.22228358,-0.44911066,1.29247302,0.22886104,-0.44971432,1.29369505,9.65950043,0.00000006
7.85000000,MOVE_LEG_FORWARD,-0.00440924,-0.01408893,0.01024964,-0.09005039,0.07606184,0.31516788,-0.09254042,0.07139598,0.08140358,0.02909326,0.00825800,28.06348323,0.00000000,54.84093998,34.20335735,0.22228359,-0.44911067,1.29247305,0.22886104,-0.44971432,1.29369505,9.65950824,0.00000006
7.86000000,MOVE_LEG_FORWARD,-0.00440926,-0.01408897,0.01024965,-0.09005041,0.07606184,0.31516788,-0.09254044,0.07139599,0.08140356,0.02909327,0.00825801,28.06346192,0.00000000,54.84098847,34.20336448,0.22228359,-0.44911067,1.29247306,0.22886104,-0.44971432,1.29369505,9.65951563,0.00000007
7.87000000,MOVE_LEG_FORWARD,-0.00440928,-0.01408900,0.01024964,-0.09005043,0.07606185,0.31516787,-0.09254046,0.07139599,0.08140354,0.02909328,0.00825802,28.06344264,0.00000000,54.84103333,34.20336971,0.22228359,-0.44911067,1.29247307,0.22886104,-0.44971432,1.29369505,9.65952255,0.00000008
7.88000000,MOVE_LEG_FORWARD,-0.00440929,-0.01408903,0.01024963,-0.09005046,0.07606185,0.31516786,-0.09254048,0.07139600,0.08140352,0.02909328,0.00825802,28.06342458,0.00000000,54.84107409,34.20337419,0.22228359,-0.44911067,1.29247308,0.22886104,-0.44971432,1.29369505,9.65952894,0.00000009
7.89000000,MOVE_LEG_FORWARD,-0.00440930,-0.01408906,0.01024961,-0.09005048,0.07606186,0.31516785,-0.09254050,0.07139600,0.08140351,0.02909328,0.00825802,28.06340700,0.00000000,54.84111037,34.20337887,0.22228359,-0.44911068,1.29247308,0.22886104,-0.44971432,1.29369505,9.65953475,0.00000009
7.90000000,MOVE_LEG_FORWARD,-0.00440931,-0.01408909,0.01024959,-0.09005050,0.07606186,0.31516785,-0.09254052,0.07139600,0.08140349,0.02909328,0.00825802,28.06338937,0.00000000,54.84114185,34.20338435,0.22228358,-0.44911068,1.29247308,0.22886104,-0.44971432,1.29369505,9.65953993,0.00000010
7.91000000,MOVE_LEG_FORWARD,-0.00440930,-0.01408910,0.01024957,-0.09005052,0.07606186,0.31516784,-0.09254054,0.07139601,0.08140347,0.02909328,0.00825802,28.06335580,0.00000000,54.84163835,34.20328007,0.22228359,-0.44911067,1.29247308,0.22886104,-0.44971432,1.29369505,9.65960606,0.00000008
7.92000000,MOVE_LEG_FORWARD,-0.00440928,-0.01408909,0.01024956,-0.09005054,0.07606186,0.31516784,-0.09254056,0.07139601,0.08140345,0.02909327,0.00825801,28.06331271,0.00000000,54.84148285,34.20325946,0.22228360,-0.44911067,1.29247309,0.22886104,-0.44971432,1.29369505,9.65958986,0.00000008
7.93000000,MOVE_LEG_FORWARD,-0.00440926,-0.01408908,0.01024956,-0.09005055,0.07606186,0.31516784,-0.09254057,0.07139600,0.08140343,0.02909326,0.00825800,28.06326895,0.00000000,54.84141911,34.20328174,0.22228358,-0.44911069,1.29247308,0.22886104,-0.44971432,1.29369505,9.65958463,0.00000007
7.94000000,MOVE_LEG_FORWARD,-0.00440924,-0.01408908,0.01024956,-0.09005057,0.07606186,0.31516784,-0.09254059,0.07139600,0.08140342,0.02909325,0.00825799,28.06323020,0.00000000,54.84138050,34.20331681,0.22228357,-0.44911070,1.29247308,0.22886104,-0.44971432,1.29369505,9.65958160,0.00000007
7.95000000,MOVE_LEG_FORWARD,-0.00440923,-0.01408909,0.01024956,-0.09005058,0.07606185,0.31516784,-0.09254060,0.07139600,0.08140341,0.02909325,0.00825799,28.06319896,0.00000000,54.84135266,34.20335389,0.22228356,-0.44911070,1.29247307,0.22886104,-0.44971432,1.29369505,9.65957921,0.00000007
7.96000000,MOVE_LEG_FORWARD,-0.00440921,-0.01408909,0.01024956,-0.09005059,0.07606185,0.31516784,-0.09254061,0.07139599,0.08140340,0.02909325,0.00825799,28.06317630,0.00000000,54.84132918,34.20338714,0.22228356,-0.44911070,1.29247307,0.22886104,-0.44971432,1.29369505,9.65957689,0.00000007
7.97000000,MOVE_LEG_FORWARD,-0.00440920,-0.01408910,0.01024956,-0.09005060,0.07606184,0.31516784,-0.09254062,0.07139598,0.08140339,0.02909325,0.00825799,28.06316254,0.00000000,54.84130671,34.20341418,0.22228357,-0.44911070,1.29247308,0.22886104,-0.44971432,1.29369505,9.65957434,0.00000006
7.98000000,MOVE_LEG_FORWARD,-0.00440918,-0.01408910,0.01024956,-0.09005060,0.07606183,0.31516785,-0.09254062,0.07139598,0.08140339,0.02909325,0.00825799,28.06315749,0.00000000,54.84128373,34.20343482,0.22228357,-0.44911069,1.29247308,0.22886104,-0.44971432,1.29369505,9.65957145,0.00000006
7.99000000,MOVE_LEG_FORWARD,-0.00440916,-0.01408910,0.01024956,-0.09005060,0.07606182,0.31516785,-0.09254062,0.07139597,0.08140339,0.02909325,0.00825799,28.06316059,0.00000000,54.84125988,34.20345002,0.22228358,-0.44911069,1.29247308,0.22886104,-0.44971432,1.29369505,9.65956820,0.00000006
8.00000000,MOVE_LEG_FORWARD,-0.00440914,-0.01408910,0.01024955,-0.09005060,0.07606181,0.31516785,-0.09254062,0.07139596,0.08140339,0.02909325,0.00825799,28.06317098,0.00000000,54.84123526,34.20346110,0.22228358,-0.44911069,1.29247308,0.22886104,-0.44971432,1.29369505,9.65956463,0.00000006
8.01000000,MOVE_LEG_FORWARD,-0.00440912,-0.01408909,0.01024954,-0.09005060,0.07606181,0.31516785,-0.09254062,0.07139595,0.08140339,0.02909325,0.00825799,28.06318760,0.00000000,54.84121009,34.20346931,0.22228359,-0.44911069,1.29247308,0.22886104,-0.44971432,1.29369505,9.65956077,0.00000005
8.02000000,MOVE_LEG_FORWARD,-0.00440909,-0.01408908,0.01024952,-0.09005059,0.07606180,0.31516786,-0.09254061,0.07139594,0.08140340,0.02909324,0.00825798,28.06320920,0.00000000,54.84118450,34.20347564,0.22228359,-0.44911069,1.29247308,0.22886104,-0.44971432,1.29369505,9.65955667,0.00000005
8.03000000,MOVE_LEG_FORWARD,-0.00440906,-0.01408906,0.01024950,-0.09005058,0.07606179,0.31516786,-0.09254061,0.07139594,0.08140341,0.02909323,0.00825797,28.06323447,0.00000000,54.84115847,34.20348075,0.22228359,-0.44911069,1.29247308,0.22886104,-0.44971432,1.29369505,9.65955235,0.00000004
8.04000000,MOVE_LEG_FORWARD,-0.00440904,-0.01408904,0.01024949,-0.09005057,0.07606178,0.31516786,-0.09254060,0.07139593,0.08140342,0.02909322,0.00825796,28.06326213,0.00000000,54.84113186,34.20348508,0.22228359,-0.44911069,1.29247308,0.22886104,-0.44971432,1.29369505,9.65954781,0.00000005
8.05000000,MOVE_LEG_FORWARD,-0.00440901,-0.01408901,0.01024947,-0.09005056,0.07606177,0.31516786,-0.09254059,0.07139592,0.08140343,0.02909321,0.00825795,28.06329102,0.00000000,54.84110449,34.20348891,0.22228358,-0.44911069,1.29247308,0.22886104,-0.44971432,1.29369505,9.65954304,0.00000006
8.06000000,MOVE_LEG_FORWARD,-0.00440897,-0.01408899,0.01024945,-0.09005055,0.07606176,0.31516787,-0.09254058,0.07139591,0.08140344,0.02909320,0.00825794,28.06332014,0.00000000,54.84107619,34.20349239,0.22228358,-0.44911069,1.29247308,0.22886104,-0.44971432,1.29369505,9.65953805,0.00000007
8.07000000,MOVE_LEG_FORWARD,-0.00440894,-0.01408896,0.01024943,-0.09005054,0.07606176,0.31516787,-0.09254056,0.07139591,0.08140345,0.02909319,0.00825793,28.06334871,0.00000000,54.84104688,34.20349560,0.22228358,-0.44911069,1.29247308,0.22886104,-0.44971432,1.29369505,9.65953286,0.00000007
8.08000000,MOVE_LEG_FORWARD,-0.00440891,-0.01408893,0.01024941,-0.09005052,0.07606175,0.31516787,-0.09254055,0.07139590,0.08140347,0.02909318,0.00825792,28.06337623,0.00000000,54.84101657,34.20349862,0.22228358,-0.44911069,1.29247308,0.22886104,-0.44971432,1.29369505,9.65952747,0.00000008
8.09000000,MOVE_LEG_FORWARD,-0.00440888,-0.01408889,0.01024940,-0.09005050,0.07606174,0.31516788,-0.09254053,0.07139589,0.08140348,0.02909317,0.00825791,28.06340237,0.00000000,54.84098539,34.20350150,0.22228358,-0.44911069,1.29247308,0.22886104,-0.44971432,1.29369505,9.65952192,0.00000009
8.10000000,MOVE_LEG_FORWARD,-0.00440886,-0.01408887,0.01024938,-0.09005049,0.07606173,0.31516788,-0.09254052,0.07139588,0.08140350,0.02909316,0.00825790,28.06343303,0.00000000,54.84030707,34.20355861,0.22228357,-0.44911069,1.29247308,0.22886104,-0.44971432,1.29369505,9.65943247,0.00000004
8.11000000,MOVE_LEG_FORWARD,-0.00440885,-0.01408886,0.01024936,-0.09005047,0.07606172,0.31516788,-0.09254050,0.07139588,0.08140352,0.02909315,0.00825789,28.06348034,0.00000000,54.84057764,34.20364379,0.22228356,-0.44911070,1.29247307,0.22886104,-0.44971432,1.29369505,9.65946351,0.00000004
8.12000000,MOVE_LEG_FORWARD,-0.00440884,-0.01408886,0.01024932,-0.09005045,0.07606172,0.31516788,-0.09254048,0.07139587,0.08140354,0.02909315,0.00825789,28.06352844,0.00000000,54.84064836,34.20364286,0.22228356,-0.44911069,1.29247308,0.22886104,-0.44971432,1.29369505,9.65946866,0.00000004
8.13000000,MOVE_LEG_FORWARD,-0.00440883,-0.01408885,0.01024929,-0.09005043,0.07606171,0.31516788,-0.09254046,0.07139587,0.08140356,0.02909315,0.00825789,28.06357244,0.00000000,54.84067569,34.20362269,0.22228358,-0.44911068,1.29247308,0.22886104,-0.44971432,1.29369505,9.65946929,0.00000004
8.14000000,MOVE_LEG_FORWARD,-0.00440882,-0.01408884,0.01024926,-0.09005041,0.07606171,0.31516788,-0.09254045,0.07139586,0.08140358,0.02909314,0.00825788,28.06360956,0.00000000,54.84068411,34.20359728,0.22228359,-0.44911067,1.29247308,0.22886104,-0.44971432,1.29369505,9.65946829,0.00000004
8.15000000,MOVE_LEG_FORWARD,-0.00440880,-0.01408882,0.01024923,-0.09005040,0.07606171,0.31516788,-0.09254043,0.07139586,0.08140359,0.02909314,0.00825788,28.06363901,0.00000000,54.84068282,34.20357387,0.22228359,-0.44911067,1.29247308,0.22886104,-0.44971432,1.29369505,9.65946657,0.00000004
8.16000000,MOVE_LEG_FORWARD,-0.00440879,-0.01408879,0.01024920,-0.09005039,0.07606171,0.31516788,-0.09254042,0.07139586,0.08140361,0.02909313,0.00825787,28.06366090,0.00000000,54.84067704,34.20355579,0.22228359,-0.44911067,1.29247308,0.22886104,-0.44971432,1.29369505,9.65946461,0.00000004
8.17000000,MOVE_LEG_FORWARD,-0.00440878,-0.01408877,0.01024918,-0.09005037,0.07606171,0.31516788,-0.09254041,0.07139586,0.08140362,0.02909312,0.00825786,28.06367576,0.00000000,54.84066970,34.20354367,0.22228359,-0.44911068,1.29247308,0.22886104,-0.44971432,1.29369505,9.65946269,0.00000005
8.18000000,MOVE_LEG_FORWARD,-0.00440877,-0.01408875,0.01024917,-0.09005036,0.07606170,0.31516788,-0.09254040,0.07139586,0.08140363,0.02909311,0.00825785,28.06368439,0.00000000,54.84066229,34.20353666,0.22228358,-0.44911068,1.29247308,0.22886104,-0.44971432,1.29369505,9.65946093,0.00000005
8.19000000,MOVE_LEG_FORWARD,-0.00440876,-0.01408872,0.01024916,-0.09005035,0.07606170,0.31516788,-0.09254039,0.07139586,0.08140364,0.02909310,0.00825784,28.06368768,0.00000000,54.84065548,34.20353332,0.22228358,-0.44911068,1.29247308,0.22886104,-0.44971432,1.29369505,9.65945940,0.00000006
8.20000000,MOVE_LEG_FORWARD,-0.00440876,-0.01408871,0.01024916,-0.09005034,0.07606170,0.31516788,-0.09254038,0.07139586,0.08140365,0.02909310,0.00825784,28.06368663,0.00000000,54.84064957,34.20353217,0.22228357,-0.44911068,1.29247308,0.22886104,-0.44971432,1.29369505,9.65945812,0.00000006
8.21000000,MOVE_LEG_FORWARD,-0.00440876,-0.01408869,0.01024917,-0.09005033,0.07606170,0.31516789,-0.09254037,0.07139586,0.08140366,0.02909309,0.00825783,28.06368224,0.00000000,54.84064480,34.20353206,0.22228357,-0.44911068,1.29247308,0.22886104,-0.44971432,1.29369505,9.65945710,0.00000006
8.22000000,MOVE_LEG_FORWARD,-0.00440876,-0.01408868,0.01024917,-0.09005033,0.07606170,0.31516789,-0.09254037,0.07139586,0.08140366,0.02909309,0.00825783,28.06367551,0.00000000,54.84064142,34.20353213,0.22228357,-0.44911068,1.29247308,0.22886104,-0.44971432,1.29369505,9.65945636,0.00000006
8.23000000,MOVE_LEG_FORWARD,-0.00440876,-0.01408867,0.01024918,-0.09005032,0.07606170,0.31516789,-0.09254036,0.07139586,0.08140367,0.02909309,0.00825783,28.06366735,0.00000000,54.84063972,34.20353187,0.22228357,-0.44911068,1.29247308,0.22886104,-0.44971432,1.29369505,9.65945592,0.00000007
8.24000000,MOVE_LEG_FORWARD,-0.00440877,-0.01408867,0.01024920,-0.09005032,0.07606170,0.31516789,-0.09254036,0.07139586,0.08140368,0.02909309,0.00825783,28.06365857,0.00000000,54.84063999,34.20353103,0.22228357,-0.44911068,1.29247308,0.22886104,-0.44971432,1.29369505,9.65945580,0.00000007
8.25000000,MOVE_LEG_FORWARD,-0.00440877,-0.01408866,0.01024921,-0.09005032,0.07606170,0.31516789,-0.09254035,0.07139586,0.08140368,0.02909310,0.00825784,28.06364978,0.00000000,54.84064246,34.20352950,0.22228357,-0.44911068,1.29247308,0.22886104,-0.44971432,1.29369505,9.65945602,0.00000006
8.26000000,MOVE_LEG_FORWARD,-0.00440878,-0.01408866,0.01024922,-0.09005031,0.07606171,0.31516789,-0.09254035,0.07139586,0.08140368,0.02909310,0.00825784,28.06364141,0.00000000,54.84064727,34.20352731,0.22228358,-0.44911068,1.29247308,0.22886104,-0.44971432,1.29369505,9.65945658,0.00000006
8.27000000,MOVE_LEG_FORWARD,-0.00440879,-0.01408866,0.01024924,-0.09005031,0.07606171,0.31516789,-0.09254035,0.07139586,0.08140368,0.02909310,0.00825784,28.06363371,0.00000000,54.84065442,34.20352454,0.22228358,-0.44911068,1.29247308,0.22886104,-0.44971432,1.29369505,9.65945749,0.00000006
8.28000000,MOVE_LEG_FORWARD,-0.00440880,-0.01408866,0.01024925,-0.09005031,0.07606171,0.31516789,-0.09254035,0.07139586,0.08140368,0.02909310,0.00825784,28.06362672,0.00000000,54.84066381,34.20352129,0.22228358,-0.44911068,1.29247308,0.22886104,-0.44971432,1.29369505,9.65945873,0.00000006
8.29000000,MOVE_LEG_FORWARD,-0.00440881,-0.01408866,0.01024926,-0.09005031,0.07606171,0.31516789,-0.09254035,0.07139586,0.08140368,0.02909311,0.00825785,28.06362036,0.00000000,54.84067520,34.20351768,0.22228358,-0.44911068,1.29247308,0.22886104,-0.44971432,1.29369505,9.65946027,0.00000006
8.30000000,MOVE_LEG_FORWARD,-0.00440882,-0.01408866,0.01024927,-0.09005032,0.07606171,0.31516789,-0.09254035,0.07139587,0.08140368,0.02909311,0.00825785,28.06361444,0.00000000,54.84068831,34.20351384,0.22228358,-0.44911068,1.29247308,0.22886104,-0.44971432,1.29369505,9.65946206,0.00000006
8.31000000,MOVE_LEG_FORWARD,-0.00440883,-0.01408867,0.01024928,-0.09005032,0.07606172,0.31516789,-0.09254036,0.07139587,0.08140368,0.02909311,0.00825785,28.06360872,0.00000000,54.84070278,34.20350989,0.22228358,-0.44911068,1.29247308,0.22886104,-0.44971432,1.29369505,9.65946408,0.00000006
8.32000000,MOVE_LEG_FORWARD,-0.00440884,-0.01408867,0.01024929,-0.09005032,0.07606172,0.31516789,-0.09254036,0.07139587,0.08140368,0.02909311,0.00825785,28.06360295,0.00000000,54.84071824,34.20350591,0.22228358,-0.44911068,1.29247308,0.22886104,-0.44971432,1.29369505,9.65946626,0.00000005
8.33000000,MOVE_LEG_FORWARD,-0.00440885,-0.01408868,0.01024930,-0.09005033,0.07606172,0.31516789,-0.09254036,0.07139588,0.08140368,0.02909312,0.00825786,28.06359690,0.00000000,54.84073433,34.20350200,0.22228358,-0.44911068,1.29247308,0.22886104,-0.44971432,1.29369505,9.65946856,0.00000005
8.34000000,MOVE_LEG_FORWARD,-0.00440887,-0.01408868,0.01024931,-0.09005033,0.07606173,0.31516789,-0.09254037,0.07139588,0.08140367,0.02909312,0.00825786,28.06359040,0.00000000,54.84075071,34.20349823,0.22228358,-0.44911068,1.29247308,0.22886104,-0.44971432,1.29369505,9.65947094,0.00000005
8.35000000,MOVE_LEG_FORWARD,-0.00440888,-0.01408869,0.01024931,-0.09005033,0.07606173,0.31516788,-0.09254037,0.07139588,0.08140367,0.02909312,0.00825786,28.06358335,0.00000000,54.84076708,34.20349466,0.22228358,-0.44911068,1.29247308,0.22886104,-0.44971432,1.29369505,9.65947337,0.00000004
8.36000000,MOVE_LEG_FORWARD,-0.00440889,-0.01408870,0.01024932,-0.09005034,0.07606173,0.31516788,-0.09254037,0.07139588,0.08140367,0.02909312,0.00825786,28.06357569,0.00000000,54.84078321,34.20349132,0.22228358,-0.44911068,1.29247308,0.22886104,-0.44971432,1.29369505,9.65947580,0.00000004
8.37000000,MOVE_LEG_FORWARD,-0.00440890,-0.01408871,0.01024932,-0.09005035,0.07606174,0.31516788,-0.09254038,0.07139589,0.08140366,0.02909313,0.00825787,28.06356745,0.00000000,54.84079889,34.20348824,0.22228358,-0.44911068,1.29247308,0.22886104,-0.44971432,1.29369505,9.65947821,0.00000004
8.38000000,RETURN_LEG,-0.00440891,-0.01408872,0.01024932,-0.09005035,0.07606174,0.31516788,-0.09254039,0.07139589,0.08140366,0.02909313,0.00825787,28.06355873,0.00000000,54.84081400,34.20348542,0.22228358,-0.44911068,1.29247308,0.22886104,-0.44971432,1.29369505,9.65948058,0.00000004
8.39000000,RETURN_LEG,-0.00440892,-0.01408873,0.01024933,-0.09005036,0.07606175,0.31516788,-0.09254039,0.07139589,0.08140365,0.02909313,0.00825787,28.06354964,0.00000000,54.84082842,34.20348287,0.22228358,-0.44911068,1.29247308,0.22886104,-0.44971432,1.29369505,9.65948290,0.00000003
8.40000000,RETURN_LEG,-0.00440893,-0.01408874,0.01024933,-0.09005036,0.07606175,0.31516787,-0.09254040,0.07139590,0.08140364,0.02909314,0.00825788,28.06354034,0.00000000,54.84084209,34.20348056,0.22228358,-0.44911068,1.29247308,0.22886104,-0.44971432,1.29369505,9.65948513,0.00000003
8.41000000,RETURN_LEG,-0.00440895,-0.01408876,0.01024933,-0.09005037,0.07606175,0.31516787,-0.09254040,0.07139590,0.08140364,0.02909314,0.00825788,28.06353101,0.00000000,54.84085499,34.20347848,0.22228358,-0.44911068,1.29247308,0.22886104,-0.44971432,1.29369505,9.65948729,0.00000003
8.42000000,RETURN_LEG,-0.00440896,-0.01408877,0.01024934,-0.09005038,0.07606176,0.31516787,-0.09254041,0.07139590,0.08140363,0.02909314,0.00825788,28.06352181,0.00000000,54.84086710,34.20347659,0.22228358,-0.44911068,1.29247308,0.22886104,-0.44971432,1.29369505,9.65948936,0.00000002
8.43000000,RETURN_LEG,-0.00440897,-0.01408878,0.01024934,-0.09005038,0.07606176,0.31516787,-0.09254042,0.07139591,0.08140363,0.02909315,0.00825789,28.06351290,0.00000000,54.84087842,34.20347487,0.22228358,-0.44911068,1.29247308,0.22886104,-0.44971432,1.29369505,9.65949133,0.00000002
8.44000000,RETURN_LEG,-0.00440898,-0.01408879,0.01024935,-0.09005039,0.07606176,0.31516787,-0.09254042,0.07139591,0.08140362,0.02909315,0.00825789,28.06350442,0.00000000,54.84088898,34.20347327,0.22228358,-0.44911068,1.29247308,0.22886104,-0.44971432,1.29369505,9.65949321,0.00000001
8.45000000,RETURN_LEG,-0.00440899,-0.01408880,0.01024935,-0.09005040,0.07606177,0.31516787,-0.09254043,0.07139591,0.08140362,0.02909316,0.00825790,28.06349650,0.00000000,54.84089878,34.20347176,0.22228358,-0.44911068,1.29247308,0.22886104,-0.44971432,1.29369505,9.65949498,0.00000001
8.46000000,RETURN_LEG,-0.00440900,-0.01408881,0.01024935,-0.09005040,0.07606177,0.31516786,-0.09254043,0.07139592,0.08140361,0.02909316,0.00825790,28.06348920,0.00000000,54.84090785,34.20347031,0.22228358,-0.44911068,1.29247308,0.22886104,-0.44971432,1.29369505,9.65949665,0.00000001
8.47000000,RETURN_LEG,-0.00440901,-0.01408882,0.01024936,-0.09005041,0.07606177,0.31516786,-0.09254044,0.07139592,0.08140360,0.02909316,0.00825790,28.06348261,0.00000000,54.84091618,34.20346889,0.22228358,-0.44911068,1.29247308,0.22886104,-0.44971432,1.29369505,9.65949820,0.00000002
8.48000000,RETURN_LEG,-0.00440902,-0.01408883,0.01024936,-0.09005041,0.07606178,0.31516786,-0.09254044,0.07139592,0.08140360,0.02909317,0.00825791,28.06347674,0.00000000,54.84092380,34.20346747,0.22228358,-0.44911068,1.29247308,0.22886104,-0.44971432,1.29369505,9.65949965,0.00000002
8.49000000,RETURN_LEG,-0.00440903,-0.01408884,0.01024937,-0.09005042,0.07606178,0.31516786,-0.09254045,0.07139593,0.08140359,0.02909317,0.00825791,28.06347162,0.00000000,54.84093070,34.20346604,0.22228358,-0.44911068,1.29247308,0.22886104,-0.44971432,1.29369505,9.65950098,0.00000002
8.50000000,RETURN_LEG,-0.00440904,-0.01408885,0.01024937,-0.09005042,0.07606178,0.31516786,-0.09254045,0.07139593,0.08140359,0.02909317,0.00825791,28.06346722,0.00000000,54.84093689,34.20346459,0.22228358,-0.44911068,1.29247308,0.22886104,-0.44971432,1.29369505,9.65950219,0.00000002
8.51000000,RETURN_LEG,-0.00440905,-0.01408886,0.01024937,-0.09005043,0.07606178,0.31516786,-0.09254046,0.07139593,0.08140358,0.02909318,0.00825792,28.06346354,0.00000000,54.84094237,34.20346311,0.22228358,-0.44911068,1.29247308,0.22886104,-0.44971432,1.29369505,9.65950328,0.00000003
8.52000000,RETURN_LEG,-0.00440906,-0.01408887,0.01024938,-0.09005043,0.07606179,0.31516786,-0.09254046,0.07139593,0.08140358,0.02909318,0.00825792,28.06346053,0.00000000,54.84094712,34.20346161,0.22228358,-0.44911068,1.29247308,0.22886104,-0.44971432,1.29369505,9.65950425,0.00000003
8.53000000,RETURN_LEG,-0.00440906,-0.01408888,0.01024938,-0.09005044,0.07606179,0.31516786,-0.09254047,0.07139594,0.08140358,0.02909318,0.00825792,28.06345817,0.00000000,54.84095116,34.20346010,0.22228358,-0.44911068,1.29247308,0.22886104,-0.44971432,1.29369505,9.65950509,0.00000003
8.54000000,RETURN_LEG,-0.00440907,-0.01408889,0.01024939,-0.09005044,0.07606179,0.31516786,-0.09254047,0.07139594,0.08140357,0.02909319,0.00825793,28.06345641,0.00000000,54.84095449,34.20345859,0.22228358,-0.44911068,1.29247308,0.22886104,-0.44971432,1.29369505,9.65950581,0.00000003
8.55000000,RETURN_LEG,-0.00440908,-0.01408889,0.01024939,-0.09005044,0.07606179,0.31516786,-0.09254047,0.07139594,0.08140357,0.02909319,0.00825793,28.06345520,0.00000000,54.84095710,34.20345710,0.22228358,-0.44911068,1.29247308,0.22886104,-0.44971432,1.29369505,9.65950640,0.00000004
8.56000000,RETURN_LEG,-0.00440908,-0.01408890,0.01024939,-0.09005045,0.07606179,0.31516785,-0.09254048,0.07139594,0.08140357,0.02909319,0.00825793,28.06345451,0.00000000,54.84095900,34.20345565,0.22228358,-0.44911068,1.29247308,0.22886104,-0.44971432,1.29369505,9.65950687,0.00000004
8.57000000,RETURN_LEG,-0.00440909,-0.01408890,0.01024939,-0.09005045,0.07606180,0.31516785,-0.09254048,0.07139594,0.08140357,0.02909319,0.00825793,28.06345430,0.00000000,54.84096022,34.20345427,0.22228358,-0.44911068,1.29247308,0.22886104,-0.44971432,1.29369505,9.65950721,0.00000004
8.58000000,RETURN_LEG,-0.00440909,-0.01408891,0.01024940,-0.09005045,0.07606180,0.31516785,-0.09254048,0.07139594,0.08140356,0.02909319,0.00825793,28.06345454,0.00000000,54.84096076,34.20345298,0.22228358,-0.44911068,1.29247308,0.22886104,-0.44971432,1.29369505,9.65950744,0.00000004
8.59000000,RETURN_LEG,-0.00440910,-0.01408891,0.01024940,-0.09005045,0.07606180,0.31516785,-0.09254048,0.07139595,0.08140356,0.02909320,0.00825794,28.06345518,0.00000000,54.84096066,34.20345181,0.22228358,-0.44911068,1.29247308,0.22886104,-0.44971432,1.29369505,9.65950756,0.00000004
8.60000000,RETURN_LEG,-0.00440910,-0.01408891,0.01024940,-0.09005045,0.07606180,0.31516785,-0.09254048,0.07139595,0.08140356,0.02909320,0.00825794,28.06345620,0.00000000,54.84095994,34.20345077,0.22228358,-0.44911068,1.29247308,0.22886104,-0.44971432,1.29369505,9.65950756,0.00000004
8.61000000,RETURN_LEG,-0.00440910,-0.01408892,0.01024940,-0.09005045,0.07606180,0.31516785,-0.09254048,0.07139595,0.08140356,0.02909320,0.00825794,28.06345755,0.00000000,54.84095863,34.20344989,0.22228358,-0.44911068,1.29247308,0.22886104,-0.44971432,1.29369505,9.65950746,0.00000004
8.62000000,RETURN_LEG,-0.00440910,-0.01408892,0.01024940,-0.09005046,0.07606180,0.31516785,-0.09254048,0.07139595,0.08140356,0.02909320,0.00825794,28.06345923,0.00000000,54.84095677,34.20344918,0.22228358,-0.44911068,1.29247308,0.22886104,-0.44971432,1.29369505,9.65950726,0.00000004
8.63000000,RETURN_LEG,-0.00440910,-0.01408892,0.01024941,-0.09005046,0.07606180,0.31516785,-0.09254048,0.07139595,0.08140356,0.02909320,0.00825794,28.06346118,0.00000000,54.84095441,34.20344866,0.22228358,-0.44911068,1.29247308,0.22886104,-0.44971432,1.29369505,9.65950697,0.00000004
8.64000000,RETURN_LEG,-0.00440910,-0.01408892,0.01024941,-0.09005046,0.07606180,0.31516786,-0.09254048,0.07139595,0.08140356,0.02909320,0.00825794,28.06346338,0.00000000,54.84095158,34.20344833,0.22228358,-0.44911068,1.29247308,0.22886104,-0.44971432,1.29369505,9.65950660,0.00000004
8.65000000,RETURN_LEG,-0.00440910,-0.01408892,0.01024941,-0.09005045,0.07606180,0.31516786,-0.09254048,0.07139595,0.08140356,0.02909320,0.00825794,28.06346580,0.00000000,54.84094832,34.20344822,0.22228358,-0.44911068,1.29247308,0.22886104,-0.44971432,1.29369505,9.65950615,0.00000004
8.66000000,RETURN_LEG,-0.00440910,-0.01408892,0.01024941,-0.09005045,0.07606180,0.31516786,-0.09254048,0.07139595,0.08140356,0.02909320,0.00825794,28.06346840,0.00000000,54.84094469,34.20344832,0.22228358,-0.44911068,1.29247308,0.22886104,-0.44971432,1.29369505,9.65950563,0.00000004
8.67000000,RETURN_LEG,-0.00440910,-0.01408891,0.01024941,-0.09005045,0.07606180,0.31516786,-0.09254048,0.07139595,0.08140356,0.02909320,0.00825794,28.06347115,0.00000000,54.84094073,34.20344862,0.22228358,-0.44911068,1.29247308,0.22886104,-0.44971432,1.29369505,9.65950504,0.00000004
8.68000000,RETURN_LEG,-0.00440910,-0.01408891,0.01024941,-0.09005045,0.07606180,0.31516786,-0.09254048,0.07139595,0.08140356,0.02909320,0.00825794,28.06347403,0.00000000,54.84093648,34.20344914,0.22228358,-0.44911068,1.29247308,0.22886104,-0.44971432,1.29369505,9.65950440,0.00000004
8.69000000,RETURN_LEG,-0.00440910,-0.01408891,0.01024940,-0.09005045,0.07606180,0.31516786,-0.09254048,0.07139595,0.08140356,0.02909320,0.00825794,28.06347699,0.00000000,54.84093198,34.20344986,0.22228358,-0.44911068,1.29247308,0.22886104,-0.44971432,1.29369505,9.65950372,0.00000004
8.70000000,RETURN_LEG,-0.00440910,-0.01408891,0.01024940,-0.09005045,0.07606180,0.31516786,-0.09254048,0.07139595,0.08140356,0.02909320,0.00825794,28.06348001,0.00000000,54.84092729,34.20345078,0.22228358,-0.44911068,1.29247308,0.22886104,-0.44971432,1.29369505,9.65950299,0.00000004
8.71000000,RETURN_LEG,-0.00440909,-0.01408890,0.01024940,-0.09005045,0.07606180,0.31516786,-0.09254048,0.07139595,0.08140357,0.02909320,0.00825794,28.06348305,0.00000000,54.84092243,34.20345188,0.22228358,-0.44911068,1.29247308,0.22886104,-0.44971432,1.29369505,9.65950222,0.00000004
8.72000000,RETURN_LEG,-0.00440909,-0.01408890,0.01024940,-0.09005044,0.07606180,0.31516786,-0.09254047,0.07139595,0.08140357,0.02909320,0.00825794,28.06348610,0.00000000,54.84091746,34.20345316,0.22228358,-0.44911068,1.29247308,0.22886104,-0.44971432,1.29369505,9.65950144,0.00000004
8.73000000,RETURN_LEG,-0.00440909,-0.01408890,0.01024940,-0.09005044,0.07606180,0.31516786,-0.09254047,0.07139595,0.08140357,0.02909320,0.00825794,28.06348912,0.00000000,54.84091241,34.20345459,0.22228358,-0.44911068,1.29247308,0.22886104,-0.44971432,1.29369505,9.65950063,0.00000004
8.74000000,RETURN_LEG,-0.00440908,-0.01408889,0.01024940,-0.09005044,0.07606180,0.31516786,-0.09254047,0.07139595,0.08140357,0.02909319,0.00825793,28.06349209,0.00000000,54.84090732,34.20345618,0.22228358,-0.44911068,1.29247308,0.22886104,-0.44971432,1.29369505,9.65949980,0.00000004
8.75000000,RETURN_LEG,-0.00440908,-0.01408889,0.01024939,-0.09005044,0.07606180,0.31516786,-0.09254047,0.07139594,0.08140357,0.02909319,0.00825793,28.06349499,0.00000000,54.84090222,34.20345789,0.22228358,-0.44911068,1.29247308,0.22886104,-0.44971432,1.29369505,9.65949897,0.00000003
8.76000000,RETURN_LEG,-0.00440907,-0.01408888,0.01024939,-0.09005044,0.07606180,0.31516786,-0.09254047,0.07139594,0.08140358,0.02909319,0.00825793,28.06349781,0.00000000,54.84089715,34.20345971,0.22228358,-0.44911068,1.29247308,0.22886104,-0.44971432,1.29369505,9.65949814,0.00000003
8.77000000,RETURN_LEG,-0.00440907,-0.01408888,0.01024939,-0.09005043,0.07606180,0.31516786,-0.09254046,0.07139594,0.08140358,0.02909319,0.00825793,28.06350052,0.00000000,54.84089214,34.20346163,0.22228358,-0.44911068,1.29247308,0.22886104,-0.44971432,1.29369505,9.65949731,0.00000003
8.78000000,RETURN_LEG,-0.00440906,-0.01408887,0.01024938,-0.09005043,0.07606179,0.31516786,-0.09254046,0.07139594,0.08140358,0.02909319,0.00825793,28.06350311,0.00000000,54.84088721,34.20346362,0.22228358,-0.44911068,1.29247308,0.22886104,-0.44971432,1.29369505,9.65949648,0.00000003
8.79000000,RETURN_LEG,-0.00440905,-0.01408887,0.01024938,-0.09005043,0.07606179,0.31516786,-0.09254046,0.07139594,0.08140358,0.02909319,0.00825793,28.06350558,0.00000000,54.84088241,34.20346566,0.22228358,-0.44911068,1.29247308,0.22886104,-0.44971432,1.29369505,9.65949567,0.00000003
8.80000000,RETURN_LEG,-0.00440905,-0.01408886,0.01024938,-0.09005043,0.07606179,0.31516786,-0.09254046,0.07139594,0.08140358,0.02909318,0.00825792,28.06350792,0.00000000,54.84087774,34.20346774,0.22228358,-0.44911068,1.29247308,0.22886104,-0.44971432,1.29369505,9.65949488,0.00000003
8.81000000,RETURN_LEG,-0.00440904,-0.01408886,0.01024937,-0.09005042,0.07606179,0.31516786,-0.09254046,0.07139594,0.08140359,0.02909318,0.00825792,28.06351011,0.00000000,54.84087324,34.20346983,0.22228358,-0.44911068,1.29247308,0.22886104,-0.44971432,1.29369505,9.65949411,0.00000003
8.82000000,RETURN_LEG,-0.00440904,-0.01408885,0.01024937,-0.09005042,0.07606179,0.31516786,-0.09254045,0.07139593,0.08140359,0.02909318,0.00825792,28.06351217,0.00000000,54.84086893,34.20347192,0.22228358,-0.44911068,1.29247308,0.22886104,-0.44971432,1.29369505,9.65949337,0.00000002
8.83000000,RETURN_LEG,-0.00440903,-0.01408885,0.01024937,-0.09005042,0.07606179,0.31516787,-0.09254045,0.07139593,0.08140359,0.02909318,0.00825792,28.06351407,0.00000000,54.84086483,34.20347399,0.22228358,-0.44911068,1.29247308,0.22886104,-0.44971432,1.29369505,9.65949266,0.00000002
8.84000000,RETURN_LEG,-0.00440903,-0.01408885,0.01024936,-0.09005042,0.07606178,0.31516787,-0.09254045,0.07139593,0.08140359,0.02909318,0.00825792,28.06351583,0.00000000,54.84086095,34.20347601,0.22228358,-0.44911068,1.29247308,0.22886104,-0.44971432,1.29369505,9.65949198,0.00000002
8.85000000,RETURN_LEG,-0.00440902,-0.01408884,0.01024936,-0.09005042,0.07606178,0.31516787,-0.09254045,0.07139593,0.08140359,0.02909317,0.00825791,28.06351745,0.00000000,54.84085731,34.20347798,0.22228358,-0.44911068,1.29247308,0.22886104,-0.44971432,1.29369505,9.65949133,0.00000002
8.86000000,RETURN_LEG,-0.00440902,-0.01408884,0.01024936,-0.09005041,0.07606178,0.31516787,-0.09254045,0.07139593,0.08140360,0.02909317,0.00825791,28.06351891,0.00000000,54.84085392,34.20347987,0.22228358,-0.44911068,1.29247308,0.22886104,-0.44971432,1.29369505,9.65949072,0.00000002
8.87000000,RETURN_LEG,-0.00440901,-0.01408883,0.01024935,-0.09005041,0.07606178,0.31516787,-0.09254044,0.07139593,0.08140360,0.02909317,0.00825791,28.06352024,0.00000000,54.84085079,34.20348166,0.22228358,-0.44911068,1.29247308,0.22886104,-0.44971432,1.29369505,9.65949016,0.00000002
8.88000000,RETURN_LEG,-0.00440901,-0.01408883,0.01024935,-0.09005041,0.07606178,0.31516787,-0.09254044,0.07139592,0.08140360,0.02909317,0.00825791,28.06352142,0.00000000,54.84084793,34.20348335,0.22228358,-0.44911068,1.29247308,0.22886104,-0.44971432,1.29369505,9.65948963,0.00000002
8.89000000,RETURN_LEG,-0.00440900,-0.01408882,0.01024935,-0.09005041,0.07606178,0.31516787,-0.09254044,0.07139592,0.08140360,0.02909317,0.00825791,28.06352246,0.00000000,54.84084535,34.20348493,0.22228358,-0.44911068,1.29247308,0.22886104,-0.44971432,1.29369505,9.65948914,0.00000001
8.90000000,RETURN_LEG,-0.00440900,-0.01408882,0.01024935,-0.09005041,0.07606177,0.31516787,-0.09254044,0.07139592,0.08140360,0.02909316,0.00825790,28.06352337,0.00000000,54.84084305,34.20348637,0.22228358,-0.44911068,1.29247308,0.22886104,-0.44971432,1.29369505,9.65948870,0.00000001
8.91000000,RETURN_LEG,-0.00440899,-0.01408882,0.01024934,-0.09005040,0.07606177,0.31516787,-0.09254044,0.07139592,0.08140360,0.02909316,0.00825790,28.06352416,0.00000000,54.84084103,34.20348768,0.22228358,-0.44911068,1.29247308,0.22886104,-0.44971432,1.29369505,9.65948831,0.00000001
8.92000000,RETURN_LEG,-0.00440899,-0.01408881,0.01024934,-0.09005040,0.07606177,0.31516787,-0.09254044,0.07139592,0.08140361,0.02909316,0.00825790,28.06352482,0.00000000,54.84083929,34.20348883,0.22228358,-0.44911068,1.29247308,0.22886104,-0.44971432,1.29369505,9.65948796,0.00000001
8.93000000,RETURN_LEG,-0.00440899,-0.01408881,0.01024934,-0.09005040,0.07606177,0.31516787,-0.09254043,0.07139592,0.08140361,0.02909316,0.00825790,28.06352536,0.00000000,54.84083784,34.20348984,0.22228358,-0.44911068,1.29247308,0.22886104,-0.44971432,1.29369505,9.65948765,0.00000001
8.94000000,RETURN_LEG,-0.00440898,-0.01408881,0.01024934,-0.09005040,0.07606177,0.31516787,-0.09254043,0.07139592,0.08140361,0.02909316,0.00825790,28.06352578,0.00000000,54.84083666,34.20349069,0.22228358,-0.44911068,1.29247308,0.22886104,-0.44971432,1.29369505,9.65948739,0.00000001
8.95000000,RETURN_LEG,-0.00440898,-0.01408881,0.01024934,-0.09005040,0.07606177,0.31516787,-0.09254043,0.07139592,0.08140361,0.02909316,0.00825790,28.06352610,0.00000000,54.84083575,34.20349139,0.22228358,-0.44911068,1.29247308,0.22886104,-0.44971432,1.29369505,9.65948717,0.00000001
8.96000000,RETURN_LEG,-0.00440898,-0.01408880,0.01024933,-0.09005040,0.07606177,0.31516787,-0.09254043,0.07139592,0.08140361,0.02909316,0.00825790,28.06352632,0.00000000,54.84083511,34.20349192,0.22228358,-0.44911068,1.29247308,0.22886104,-0.44971432,1.29369505,9.65948699,0.00000001
8.97000000,RETURN_LEG,-0.00440898,-0.01408880,0.01024933,-0.09005040,0.07606177,0.31516787,-0.09254043,0.07139591,0.08140361,0.02909316,0.00825790,28.06352643,0.00000000,54.84083472,34.20349230,0.22228358,-0.44911068,1.29247308,0.22886104,-0.44971432,1.29369505,9.65948686,0.00000001
8.98000000,RETURN_LEG,-0.00440897,-0.01408880,0.01024933,-0.09005040,0.07606177,0.31516787,-0.09254043,0.07139591,0.08140361,0.02909315,0.00825790,28.06352646,0.00000000,54.84083458,34.20349253,0.22228358,-0.44911068,1.29247308,0.22886104,-0.44971432,1.29369505,9.65948677,0.00000001
8.99000000,RETURN_LEG,-0.00440897,-0.01408880,0.01024933,-0.09005040,0.07606176,0.31516787,-0.09254043,0.07139591,0.08140361,0.02909315,0.00825789,28.06352640,0.00000000,54.84083467,34.20349261,0.22228358,-0.44911068,1.29247308,0.22886104,-0.44971432,1.29369505,9.65948671,0.00000001
9.00000000,RETURN_LEG,-0.00440897,-0.01408880,0.01024933,-0.09005040,0.07606176,0.31516787,-0.09254043,0.07139591,0.08140361,0.02909315,0.00825789,28.06352626,0.00000000,54.84083499,34.20349255,0.22228358,-0.44911068,1.29247308,0.22886104,-0.44971432,1.29369505,9.65948670,0.00000001
9.01000000,RETURN_LEG,-0.00440897,-0.01408880,0.01024933,-0.09005040,0.07606176,0.31516787,-0.09254043,0.07139591,0.08140361,0.02909315,0.00825789,28.06352604,0.00000000,54.84083552,34.20349235,0.22228358,-0.44911068,1.29247308,0.22886104,-0.44971432,1.29369505,9.65948671,0.00000002
9.02000000,RETURN_LEG,-0.00440897,-0.01408880,0.01024933,-0.09005040,0.07606176,0.31516787,-0.09254043,0.07139591,0.08140362,0.02909315,0.00825789,28.06352575,0.00000000,54.84083624,34.20349203,0.22228358,-0.44911068,1.29247308,0.22886104,-0.44971432,1.29369505,9.65948677,0.00000002
9.03000000,RETURN_LEG,-0.00440897,-0.01408879,0.01024933,-0.09005040,0.07606176,0.31516787,-0.09254043,0.07139591,0.08140362,0.02909315,0.00825789,28.06352540,0.00000000,54.84083715,34.20349159,0.22228358,-0.44911068,1.29247308,0.22886104,-0.44971432,1.29369505,9.65948685,0.00000002
9.04000000,RETURN_LEG,-0.00440897,-0.01408879,0.01024933,-0.09005040,0.07606176,0.31516787,-0.09254043,0.07139591,0.08140362,0.02909315,0.00825789,28.06352498,0.00000000,54.84083822,34.20349104,0.22228358,-0.44911068,1.29247308,0.22886104,-0.44971432,1.29369505,9.65948697,0.00000002
9.05000000,RETURN_LEG,-0.00440897,-0.01408879,0.01024933,-0.09005040,0.07606176,0.31516787,-0.09254043,0.07139591,0.08140362,0.02909315,0.00825789,28.06352451,0.00000000,54.84083945,34.20349040,0.22228358,-0.44911068,1.29247308,0.22886104,-0.44971432,1.29369505,9.65948711,0.00000002
9.06000000,RETURN_LEG,-0.00440897,-0.01408879,0.01024933,-0.09005040,0.07606176,0.31516787,-0.09254043,0.07139591,0.08140362,0.02909315,0.00825789,28.06352399,0.00000000,54.84084081,34.20348967,0.22228358,-0.44911068,1.29247308,0.22886104,-0.44971432,1.29369505,9.65948728,0.00000002
9.07000000,RETURN_LEG,-0.00440897,-0.01408879,0.01024933,-0.09005040,0.07606176,0.31516787,-0.09254043,0.07139591,0.08140362,0.02909315,0.00825789,28.06352343,0.00000000,54.84084229,34.20348886,0.22228358,-0.44911068,1.29247308,0.22886104,-0.44971432,1.29369505,9.65948747,0.00000001
9.08000000,RETURN_LEG,-0.00440897,-0.01408879,0.01024933,-0.09005040,0.07606176,0.31516787,-0.09254043,0.07139591,0.08140362,0.02909315,0.00825789,28.06352282,0.00000000,54.84084387,34.20348800,0.22228358,-0.44911068,1.29247308,0.22886104,-0.44971432,1.29369505,9.65948768,0.00000001
9.09000000,RETURN_LEG,-0.00440898,-0.01408880,0.01024934,-0.09005040,0.07606176,0.31516787,-0.09254043,0.07139591,0.08140362,0.02909315,0.00825789,28.06352218,0.00000000,54.84084554,34.20348708,0.22228358,-0.44911068,1.29247308,0.22886104,-0.44971432,1.29369505,9.65948790,0.00000001
9.10000000,RETURN_LEG,-0.00440898,-0.01408880,0.01024934,-0.09005040,0.07606176,0.31516787,-0.09254043,0.07139591,0.08140362,0.02909315,0.00825789,28.06352150,0.00000000,54.84084728,34.20348613,0.22228358,-0.44911068,1.29247308,0.22886104,-0.44971432,1.29369505,9.65948815,0.00000001
9.11000000,RETURN_LEG,-0.00440898,-0.01408880,0.01024934,-0.09005040,0.07606177,0.31516787,-0.09254043,0.07139591,0.08140362,0.02909315,0.00825790,28.06352079,0.00000000,54.84084908,34.20348515,0.22228358,-0.44911068,1.29247308,0.22886104,-0.44971432,1.29369505,9.65948840,0.00000001
9.12000000,RETURN_LEG,-0.00440898,-0.01408880,0.01024934,-0.09005040,0.07606177,0.31516787,-0.09254043,0.07139591,0.08140362,0.02909316,0.00825790,28.06352007,0.00000000,54.84085092,34.20348415,0.22228358,-0.44911068,1.29247308,0.22886104,-0.44971432,1.29369505,9.65948867,0.00000001
9.13000000,RETURN_LEG,-0.00440898,-0.01408880,0.01024934,-0.09005040,0.07606177,0.31516787,-0.09254043,0.07139592,0.08140361,0.02909316,0.00825790,28.06351932,0.00000000,54.84085278,34.20348314,0.22228358,-0.44911068,1.29247308,0.22886104,-0.44971432,1.29369505,9.65948894,0.00000001
9.14000000,RETURN_LEG,-0.00440899,-0.01408880,0.01024934,-0.09005040,0.07606177,0.31516787,-0.09254043,0.07139592,0.08140361,0.02909316,0.00825790,28.06351856,0.00000000,54.84085465,34.20348214,0.22228358,-0.44911068,1.29247308,0.22886104,-0.44971432,1.29369505,9.65948922,0.00000001
9.15000000,RETURN_LEG,-0.00440899,-0.01408880,0.01024934,-0.09005040,0.07606177,0.31516787,-0.09254043,0.07139592,0.08140361,0.02909316,0.00825790,28.06351779,0.00000000,54.84085653,34.20348116,0.22228358,-0.44911068,1.29247308,0.22886104,-0.44971432,1.29369505,9.65948951,0.00000001
9.16000000,RETURN_LEG,-0.00440899,-0.01408880,0.01024935,-0.09005040,0.07606177,0.31516787,-0.09254043,0.07139592,0.08140361,0.02909316,0.00825790,28.06351701,0.00000000,54.84085839,34.20348019,0.22228358,-0.44911068,1.29247308,0.22886104,-0.44971432,1.29369505,9.65948979,0.00000001
9.17000000,RETURN_LEG,-0.00440899,-0.01408880,0.01024935,-0.09005040,0.07606177,0.31516787,-0.09254043,0.07139592,0.08140361,0.02909316,0.00825790,28.06351623,0.00000000,54.84086022,34.20347925,0.22228358,-0.44911068,1.29247308,0.22886104,-0.44971432,1.29369505,9.65949008,0.00000001
9.18000000,RETURN_LEG,-0.00440899,-0.01408881,0.01024935,-0.09005040,0.07606177,0.31516787,-0.09254043,0.07139592,0.08140361,0.02909316,0.00825790,28.06351545,0.00000000,54.84086201,34.20347835,0.22228358,-0.44911068,1.29247308,0.22886104,-0.44971432,1.29369505,9.65949036,0.00000001
9.19000000,RETURN_LEG,-0.00440900,-0.01408881,0.01024935,-0.09005040,0.07606177,0.31516787,-0.09254043,0.07139592,0.08140361,0.02909316,0.00825790,28.06351467,0.00000000,54.84086375,34.20347749,0.22228358,-0.44911068,1.29247308,0.22886104,-0.44971432,1.29369505,9.65949064,0.00000001
9.20000000,RETURN_LEG,-0.00440900,-0.01408881,0.01024935,-0.09005040,0.07606177,0.31516787,-0.09254043,0.07139592,0.08140361,0.02909316,0.00825790,28.06351391,0.00000000,54.84086543,34.20347668,0.22228358,-0.44911068,1.29247308,0.22886104,-0.44971432,1.29369505,9.65949091,0.00000001
9.21000000,RETURN_LEG,-0.00440900,-0.01408881,0.01024935,-0.09005040,0.07606177,0.31516787,-0.09254043,0.07139592,0.08140361,0.02909316,0.00825790,28.06351316,0.00000000,54.84086705,34.20347592,0.22228358,-0.44911068,1.29247308,0.22886104,-0.44971432,1.29369505,9.65949118,0.00000001
9.22000000,RETURN_LEG,-0.00440900,-0.01408881,0.01024935,-0.09005040,0.07606177,0.31516787,-0.09254044,0.07139592,0.08140361,0.02909316,0.00825790,28.06351243,0.00000000,54.84086859,34.20347522,0.22228358,-0.44911068,1.29247308,0.22886104,-0.44971432,1.29369505,9.65949143,0.00000001
9.23000000,RETURN_LEG,-0.00440900,-0.01408881,0.01024936,-0.09005040,0.07606177,0.31516787,-0.09254044,0.07139592,0.08140361,0.02909316,0.00825790,28.06351172,0.00000000,54.84087004,34.20347458,0.22228358,-0.44911068,1.29247308,0.22886104,-0.44971432,1.29369505,9.65949168,0.00000001
9.24000000,RETURN_LEG,-0.00440901,-0.01408881,0.01024936,-0.09005040,0.07606177,0.31516787,-0.09254044,0.07139592,0.08140361,0.02909316,0.00825790,28.06351104,0.00000000,54.84087141,34.20347399,0.22228358,-0.44911068,1.29247308,0.22886104,-0.44971432,1.29369505,9.65949191,0.00000001
9.25000000,RETURN_LEG,-0.00440901,-0.01408882,0.01024936,-0.09005041,0.07606177,0.31516787,-0.09254044,0.07139592,0.08140361,0.02909316,0.00825790,28.06351038,0.00000000,54.84087268,34.20347347,0.22228358,-0.44911068,1.29247308,0.22886104,-0.44971432,1.29369505,9.65949213,0.00000001
9.26000000,RETURN_LEG,-0.00440901,-0.01408882,0.01024936,-0.09005041,0.07606178,0.31516787,-0.09254044,0.07139592,0.08140361,0.02909316,0.00825791,28.06350976,0.00000000,54.84087385,34.20347302,0.22228358,-0.44911068,1.29247308,0.22886104,-0.44971432,1.29369505,9.65949234,0.00000001
9.27000000,RETURN_LEG,-0.00440901,-0.01408882,0.01024936,-0.09005041,0.07606178,0.31516787,-0.09254044,0.07139592,0.08140361,0.02909317,0.00825791,28.06350917,0.00000000,54.84087492,34.20347262,0.22228358,-0.44911068,1.29247308,0.22886104,-0.44971432,1.29369505,9.65949253,0.00000001
9.28000000,RETURN_LEG,-0.00440901,-0.01408882,0.01024936,-0.09005041,0.07606178,0.31516787,-0.09254044,0.07139592,0.08140361,0.02909317,0.00825791,28.06350861,0.00000000,54.84087589,34.20347229,0.22228358,-0.44911068,1.29247308,0.22886104,-0.44971432,1.29369505,9.65949271,0.00000002
9.29000000,RETURN_LEG,-0.00440901,-0.01408882,0.01024936,-0.09005041,0.07606178,0.31516787,-0.09254044,0.07139592,0.08140361,0.02909317,0.00825791,28.06350810,0.00000000,54.84087675,34.20347201,0.22228358,-0.44911068,1.29247308,0.22886104,-0.44971432,1.29369505,9.65949287,0.00000002
9.30000000,RETURN_LEG,-0.00440902,-0.01408882,0.01024936,-0.09005041,0.07606178,0.31516787,-0.09254044,0.07139593,0.08140360,0.02909317,0.00825791,28.06350763,0.00000000,54.84087750,34.20347180,0.22228358,-0.44911068,1.29247308,0.22886104,-0.44971432,1.29369505,9.65949302,0.00000002
9.31000000,RETURN_LEG,-0.00440902,-0.01408882,0.01024936,-0.09005041,0.07606178,0.31516787,-0.09254044,0.07139593,0.08140360,0.02909317,0.00825791,28.06350720,0.00000000,54.84087815,34.20347164,0.22228358,-0.44911068,1.29247308,0.22886104,-0.44971432,1.29369505,9.65949315,0.00000002
9.32000000,RETURN_LEG,-0.00440902,-0.01408882,0.01024936,-0.09005041,0.07606178,0.31516787,-0.09254044,0.07139593,0.08140360,0.02909317,0.00825791,28.06350681,0.00000000,54.84087869,34.20347154,0.22228358,-0.44911068,1.29247308,0.22886104,-0.44971432,1.29369505,9.65949326,0.00000002
9.33000000,RETURN_LEG,-0.00440902,-0.01408882,0.01024936,-0.09005041,0.07606178,0.31516787,-0.09254044,0.07139593,0.08140360,0.02909317,0.00825791,28.06350647,0.00000000,54.84087913,34.20347148,0.22228358,-0.44911068,1.29247308,0.22886104,-0.44971432,1.29369505,9.65949336,0.00000002
9.34000000,RETURN_LEG,-0.00440902,-0.01408883,0.01024936,-0.09005041,0.07606178,0.31516787,-0.09254044,0.07139593,0.08140360,0.02909317,0.00825791,28.06350618,0.00000000,54.84087946,34.20347147,0.22228358,-0.44911068,1.29247308,0.22886104,-0.44971432,1.29369505,9.65949344,0.00000002
9.35000000,RETURN_LEG,-0.00440902,-0.01408883,0.01024936,-0.09005041,0.07606178,0.31516787,-0.09254044,0.07139593,0.08140360,0.02909317,0.00825791,28.06350594,0.00000000,54.84087970,34.20347151,0.22228358,-0.44911068,1.29247308,0.22886104,-0.44971432,1.29369505,9.65949350,0.00000002
9.36000000,RETURN_LEG,-0.00440902,-0.01408883,0.01024936,-0.09005041,0.07606178,0.31516787,-0.09254044,0.07139593,0.08140360,0.02909317,0.00825791,28.06350574,0.00000000,54.84087983,34.20347159,0.22228358,-0.44911068,1.29247308,0.22886104,-0.44971432,1.29369505,9.65949355,0.00000002
9.37000000,RETURN_LEG,-0.00440902,-0.01408883,0.01024936,-0.09005041,0.07606178,0.31516787,-0.09254044,0.07139593,0.08140360,0.02909317,0.00825791,28.06350559,0.00000000,54.84087988,34.20347170,0.22228358,-0.44911068,1.29247308,0.22886104,-0.44971432,1.29369505,9.65949359,0.00000002
9.38000000,LOWER_LEG,-0.00440902,-0.01408883,0.01024936,-0.09005041,0.07606178,0.31516786,-0.09254044,0.07139593,0.08140360,0.02909317,0.00825791,28.06350549,0.00000000,54.84087984,34.20347184,0.22228358,-0.44911068,1.29247308,0.22886104,-0.44971432,1.29369505,9.65949361,0.00000002
9.39000000,LOWER_LEG,-0.00440902,-0.01408883,0.01024936,-0.09005041,0.07606178,0.31516786,-0.09254044,0.07139593,0.08140360,0.02909317,0.00825791,28.06350543,0.00000000,54.84087971,34.20347202,0.22228358,-0.44911068,1.29247308,0.22886104,-0.44971432,1.29369505,9.65949361,0.00000006
9.40000000,LOWER_LEG,-0.00440903,-0.01408883,0.01024936,-0.09005041,0.07606178,0.31516787,-0.09254044,0.07139593,0.08140360,0.02909313,0.00825787,28.06349126,0.00000000,54.84089369,34.20343192,0.22228357,-0.44911053,1.29247266,0.22886088,-0.44971362,1.29369345,9.65949565,0.00000007
9.41000000,LOWER_LEG,-0.00440907,-0.01408884,0.01024936,-0.09005041,0.07606178,0.31516787,-0.09254044,0.07139593,0.08140360,0.02909296,0.00825770,28.06345115,0.00000000,54.84091369,34.20336407,0.22228352,-0.44910993,1.29247112,0.22886047,-0.44971180,1.29368929,9.65949803,0.00000003
9.42000000,LOWER_LEG,-0.00440914,-0.01408887,0.01024936,-0.09005042,0.07606178,0.31516787,-0.09254044,0.07139593,0.08140360,0.02909258,0.00825732,28.06337303,0.00000000,54.84094612,34.20325484,0.22228334,-0.44910861,1.29246790,0.22885981,-0.44970893,1.29368270,9.65950234,0.00000004
9.43000000,LOWER_LEG,-0.00440925,-0.01408891,0.01024935,-0.09005042,0.07606179,0.31516788,-0.09254044,0.07139593,0.08140360,0.02909188,0.00825662,28.06325797,0.00000000,54.84097913,34.20312531,0.22228297,-0.44910622,1.29246217,0.22885880,-0.44970444,1.29367243,9.65950624,0.00000006
9.44000000,LOWER_LEG,-0.00440938,-0.01408897,0.01024934,-0.09005043,0.07606179,0.31516789,-0.09254044,0.07139594,0.08140360,0.02909077,0.00825551,28.06310502,0.00000000,54.84101851,34.20297773,0.22228231,-0.44910246,1.29245330,0.22885734,-0.44969801,1.29365771,9.65951063,0.00000009
9.45000000,LOWER_LEG,-0.00440952,-0.01408904,0.01024934,-0.09005045,0.07606181,0.31516791,-0.09254044,0.07139594,0.08140360,0.02908915,0.00825389,28.06290631,0.00000000,54.84154131,34.20269762,0.22228130,-0.44909699,1.29244052,0.22885536,-0.44968930,1.29363776,9.65957831,0.00000004
9.46000000,LOWER_LEG,-0.00440967,-0.01408910,0.01024935,-0.09005047,0.07606182,0.31516793,-0.09254044,0.07139595,0.08140360,0.02908689,0.00825163,28.06267708,0.00000000,54.84141355,34.20248592,0.22227983,-0.44908949,1.29242305,0.22885279,-0.44967799,1.29361184,9.65956402,0.00000005
9.47000000,LOWER_LEG,-0.00440984,-0.01408920,0.01024937,-0.09005049,0.07606184,0.31516796,-0.09254044,0.07139597,0.08140360,0.02908389,0.00824863,28.06243632,0.00000000,54.84139192,34.20230794,0.22227780,-0.44907963,1.29240016,0.22884957,-0.44966378,1.29357932,9.65956288,0.00000009
9.48000000,LOWER_LEG,-0.00441002,-0.01408929,0.01024940,-0.09005052,0.07606186,0.31516799,-0.09254043,0.07139599,0.08140360,0.02908006,0.00824480,28.06218083,0.00000000,54.84186036,34.20201615,0.22227518,-0.44906710,1.29237117,0.22884562,-0.44964638,1.29353948,9.65962573,0.00000007
9.49000000,LOWER_LEG,-0.00441020,-0.01408939,0.01024945,-0.09005055,0.07606188,0.31516802,-0.09254042,0.07139601,0.08140360,0.02907529,0.00824003,28.06193143,0.00000000,54.84174608,34.20182250,0.22227186,-0.44905159,1.29233536,0.22884088,-0.44962551,1.29349169,9.65961498,0.00000009
9.50000000,LOWER_LEG,-0.00441041,-0.01408951,0.01024951,-0.09005059,0.07606191,0.31516805,-0.09254041,0.07139603,0.08140361,0.02906949,0.00823423,28.06169309,0.00000000,54.84235153,34.20158540,0.22226779,-0.44903282,1.29229209,0.22883530,-0.44960091,1.29343535,9.65969697,0.00000010
9.51000000,LOWER_LEG,-0.00441056,-0.01408965,0.01024960,-0.09005063,0.07606195,0.31516808,-0.09254039,0.07139606,0.08140362,0.02906256,0.00822730,28.06189072,0.00000000,54.84222689,34.20107659,0.22226294,-0.44901054,1.29224070,0.22882880,-0.44957230,1.29336983,9.65967958,0.00000006
9.52000000,LOWER_LEG,-0.00441073,-0.01408983,0.01024972,-0.09005068,0.07606198,0.31516811,-0.09254036,0.07139608,0.08140364,0.02905444,0.00821918,28.06150812,0.00000000,54.84283219,34.20101315,0.22225717,-0.44898443,1.29218062,0.22882135,-0.44953945,1.29329462,9.65976227,0.00000001
9.53000000,LOWER_LEG,-0.00441090,-0.01409000,0.01024985,-0.09005074,0.07606201,0.31516815,-0.09254034,0.07139611,0.08140366,0.02904502,0.00820977,28.06120626,0.00000000,54.84252998,34.20083997,0.22225048,-0.44895425,1.29211125,0.22881289,-0.44950212,1.29320914,9.65973117,0.00000006
9.54000000,LOWER_LEG,-0.00441110,-0.01409016,0.01024998,-0.09005080,0.07606205,0.31516818,-0.09254030,0.07139614,0.08140369,0.02903425,0.00819899,28.06095717,0.00000000,54.84313624,34.20066817,0.22224279,-0.44891977,1.29203204,0.22880335,-0.44946009,1.29311290,9.65981843,0.00000001
9.55000000,LOWER_LEG,-0.00441131,-0.01409029,0.01025012,-0.09005086,0.07606209,0.31516821,-0.09254026,0.07139617,0.08140372,0.02902202,0.00818676,28.06074113,0.00000000,54.84283136,34.20046874,0.22223409,-0.44888076,1.29194245,0.22879270,-0.44941313,1.29300537,9.65978950,0.00000006
9.56000000,LOWER_LEG,-0.00441153,-0.01409042,0.01025026,-0.09005093,0.07606213,0.31516823,-0.09254021,0.07139620,0.08140377,0.02900828,0.00817302,28.06056254,0.00000000,54.84345898,34.20029870,0.22222430,-0.44883701,1.29184196,0.22878089,-0.44936104,1.29288611,9.65988081,0.00000003
9.57000000,LOWER_LEG,-0.00441175,-0.01409054,0.01025040,-0.09005100,0.07606217,0.31516826,-0.09254015,0.07139623,0.08140382,0.02899295,0.00815769,28.06040586,0.00000000,54.84318259,34.20011189,0.22221339,-0.44878829,1.29173008,0.22876788,-0.44930362,1.29275464,9.65985608,0.00000006
9.58000000,LOWER_LEG,-0.00441197,-0.01409065,0.01025053,-0.09005108,0.07606222,0.31516827,-0.09254008,0.07139627,0.08140389,0.02897597,0.00814071,28.06027663,0.00000000,54.84381422,34.19995859,0.22220129,-0.44873441,1.29160637,0.22875362,-0.44924069,1.29261058,9.65994803,0.00000006
9.59000000,LOWER_LEG,-0.00441218,-0.01409076,0.01025065,-0.09005115,0.07606226,0.31516829,-0.09254000,0.07139630,0.08140397,0.02895728,0.00812202,28.06016041,0.00000000,54.84356893,34.19978750,0.22218797,-0.44867516,1.29147036,0.22873808,-0.44917208,1.29245349,9.65992721,0.00000008
9.60000000,LOWER_LEG,-0.00441240,-0.01409087,0.01025076,-0.09005123,0.07606231,0.31516830,-0.09253990,0.07139634,0.08140406,0.02893681,0.00810155,28.06006623,0.00000000,54.84428558,34.19966869,0.22217337,-0.44861037,1.29132167,0.22872122,-0.44909762,1.29228304,9.66003009,0.00000009
9.61000000,LOWER_LEG,-0.00441257,-0.01409098,0.01025087,-0.09005131,0.07606236,0.31516831,-0.09253979,0.07139638,0.08140417,0.02891452,0.00807926,28.06052967,0.00000000,54.84407446,34.19901177,0.22215750,-0.44853988,1.29115988,0.22870300,-0.44901715,1.29209882,9.66000801,0.00000005
9.62000000,LOWER_LEG,-0.00441272,-0.01409115,0.01025098,-0.09005139,0.07606240,0.31516832,-0.09253967,0.07139641,0.08140429,0.02889035,0.00805509,28.06020407,0.00000000,54.84408328,34.19920892,0.22214026,-0.44846352,1.29098462,0.22868340,-0.44893054,1.29190056,9.66001607,0.00000009
9.63000000,LOWER_LEG,-0.00441286,-0.01409130,0.01025108,-0.09005148,0.07606245,0.31516833,-0.09253953,0.07139645,0.08140443,0.02886427,0.00802901,28.05999616,0.00000000,54.84453390,34.19907057,0.22212165,-0.44838109,1.29079559,0.22866238,-0.44883764,1.29168792,9.66008429,0.00000004
9.64000000,LOWER_LEG,-0.00441301,-0.01409145,0.01025117,-0.09005156,0.07606249,0.31516835,-0.09253938,0.07139648,0.08140457,0.02883623,0.00800097,28.05983657,0.00000000,54.84441871,34.19900205,0.22210163,-0.44829249,1.29059243,0.22863992,-0.44873833,1.29146061,9.66008107,0.00000008
9.65000000,LOWER_LEG,-0.00441316,-0.01409157,0.01025123,-0.09005165,0.07606253,0.31516836,-0.09253921,0.07139650,0.08140474,0.02880618,0.00797092,28.05970210,0.00000000,54.84490068,34.19884090,0.22208020,-0.44819760,1.29037484,0.22861600,-0.44863248,1.29121837,9.66015457,0.00000002
9.66000000,LOWER_LEG,-0.00441330,-0.01409168,0.01025129,-0.09005174,0.07606256,0.31516837,-0.09253903,0.07139653,0.08140492,0.02877407,0.00793881,28.05959232,0.00000000,54.84471221,34.19874163,0.22205733,-0.44809628,1.29014252,0.22859058,-0.44851998,1.29096090,9.66014248,0.00000006
9.67000000,LOWER_LEG,-0.00441345,-0.01409178,0.01025133,-0.09005182,0.07606260,0.31516837,-0.09253883,0.07139655,0.08140513,0.02873988,0.00790462,28.05951362,0.00000000,54.84466191,34.19869031,0.22203298,-0.44798843,1.28989521,0.22856365,-0.44840075,1.29068803,9.66014664,0.00000009
9.68000000,LOWER_LEG,-0.00441357,-0.01409186,0.01025135,-0.09005191,0.07606263,0.31516838,-0.09253861,0.07139657,0.08140535,0.02870358,0.00786832,28.05944700,0.00000000,54.84508026,34.19852431,0.22200714,-0.44787391,1.28963267,0.22853519,-0.44827466,1.29039951,9.66021115,0.00000002
9.69000000,LOWER_LEG,-0.00441368,-0.01409193,0.01025135,-0.09005199,0.07606266,0.31516838,-0.09253837,0.07139658,0.08140559,0.02866511,0.00782985,28.05940566,0.00000000,54.84495263,34.19847106,0.22197977,-0.44775265,1.28935467,0.22850518,-0.44814164,1.29009515,9.66020534,0.00000005
9.70000000,LOWER_LEG,-0.00441379,-0.01409199,0.01025134,-0.09005207,0.07606269,0.31516839,-0.09253811,0.07139660,0.08140586,0.02862447,0.00778921,28.05939259,0.00000000,54.84490612,34.19844761,0.22195085,-0.44762454,1.28906100,0.22847362,-0.44800163,1.28977480,9.66020828,0.00000008
9.71000000,LOWER_LEG,-0.00441388,-0.01409206,0.01025131,-0.09005214,0.07606271,0.31516839,-0.09253782,0.07139661,0.08140616,0.02858162,0.00774636,28.05940992,0.00000000,54.84568179,34.19843290,0.22192038,-0.44748951,1.28875150,0.22844047,-0.44785455,1.28943831,9.66031664,0.00000004
9.72000000,LOWER_LEG,-0.00441394,-0.01409209,0.01025126,-0.09005221,0.07606273,0.31516839,-0.09253752,0.07139662,0.08140647,0.02853655,0.00770129,28.05942565,0.00000000,54.84524939,34.19827946,0.22188835,-0.44734745,1.28842598,0.22840574,-0.44770032,1.28908550,9.66026885,0.00000004
9.73000000,LOWER_LEG,-0.00441398,-0.01409210,0.01025120,-0.09005227,0.07606275,0.31516839,-0.09253719,0.07139662,0.08140681,0.02848923,0.00765397,28.05946427,0.00000000,54.84511705,34.19825160,0.22185472,-0.44719834,1.28808429,0.22836942,-0.44753890,1.28871627,9.66026039,0.00000005
9.74000000,LOWER_LEG,-0.00441402,-0.01409210,0.01025113,-0.09005233,0.07606277,0.31516839,-0.09253684,0.07139662,0.08140718,0.02843964,0.00760438,28.05952368,0.00000000,54.84503168,34.19824502,0.22181949,-0.44704210,1.28772629,0.22833149,-0.44737026,1.28833055,9.66025647,0.00000005
9.75000000,LOWER_LEG,-0.00441404,-0.01409210,0.01025105,-0.09005239,0.07606278,0.31516839,-0.09253646,0.07139661,0.08140757,0.02838778,0.00755252,28.05960438,0.00000000,54.84495712,34.19824448,0.22178267,-0.44687868,1.28735190,0.22829196,-0.44719435,1.28792826,9.66025270,0.00000005
9.76000000,LOWER_LEG,-0.00441405,-0.01409209,0.01025095,-0.09005243,0.07606278,0.31516838,-0.09253606,0.07139661,0.08140799,0.02833364,0.00749838,28.05970489,0.00000000,54.84488088,34.19824388,0.22174424,-0.44670805,1.28696102,0.22825083,-0.44701115,1.28750932,9.66024780,0.00000006
9.77000000,LOWER_LEG,-0.00441405,-0.01409206,0.01025084,-0.09005247,0.07606279,0.31516838,-0.09253563,0.07139660,0.08140844,0.02827720,0.00744194,28.05982326,0.00000000,54.84479601,34.19824108,0.22170420,-0.44653016,1.28655358,0.22820808,-0.44682063,1.28707370,9.66024107,0.00000006
9.78000000,LOWER_LEG,-0.00441403,-0.01409201,0.01025072,-0.09005250,0.07606279,0.31516838,-0.09253517,0.07139658,0.08140891,0.02821847,0.00738321,28.05995764,0.00000000,54.84469844,34.19823646,0.22166255,-0.44634499,1.28612951,0.22816372,-0.44662278,1.28662135,9.66023211,0.00000007
9.79000000,LOWER_LEG,-0.00441400,-0.01409195,0.01025059,-0.09005253,0.07606279,0.31516838,-0.09253469,0.07139656,0.08140941,0.02815743,0.00732217,28.06010654,0.00000000,54.84458585,34.19823156,0.22161929,-0.44615252,1.28568877,0.22811775,-0.44641758,1.28615226,9.66022064,0.00000007
9.80000000,LOWER_LEG,-0.00441394,-0.01409186,0.01025045,-0.09005255,0.07606278,0.31516838,-0.09253419,0.07139654,0.08140994,0.02809408,0.00725882,28.06026896,0.00000000,54.84445707,34.19822825,0.22157442,-0.44595273,1.28523133,0.22807018,-0.44620504,1.28566642,9.66020652,0.00000007
9.81000000,LOWER_LEG,-0.00441388,-0.01409175,0.01025030,-0.09005256,0.07606277,0.31516838,-0.09253366,0.07139651,0.08141050,0.02802842,0.00719316,28.06044431,0.00000000,54.84431148,34.19822816,0.22152794,-0.44574563,1.28475718,0.22802101,-0.44598515,1.28516387,9.66018965,0.00000008
9.82000000,LOWER_LEG,-0.00441379,-0.01409162,0.01025015,-0.09005256,0.07606276,0.31516838,-0.09253310,0.07139648,0.08141108,0.02796046,0.00712520,28.06063238,0.00000000,54.84414877,34.19823250,0.22147985,-0.44553120,1.28426634,0.22797025,-0.44575794,1.28464463,9.66016997,0.00000009
9.83000000,LOWER_LEG,-0.00441369,-0.01409148,0.01024999,-0.09005255,0.07606274,0.31516838,-0.09253251,0.07139645,0.08141169,0.02789021,0.00705495,28.06083930,0.00000000,54.84331665,34.19829687,0.22143015,-0.44530946,1.28375881,0.22791791,-0.44552342,1.28410876,9.66006291,0.00000009
9.84000000,LOWER_LEG,-0.00441359,-0.01409134,0.01024982,-0.09005254,0.07606272,0.31516838,-0.09253190,0.07139641,0.08141234,0.02781767,0.00698241,28.06179154,0.00000000,54.84345606,34.19761309,0.22137885,-0.44508044,1.28323465,0.22786400,-0.44528163,1.28355636,9.66007634,0.00000004
9.85000000,LOWER_LEG,-0.00441342,-0.01409123,0.01024966,-0.09005252,0.07606269,0.31516838,-0.09253126,0.07139636,0.08141302,0.02774285,0.00690759,28.06168788,0.00000000,54.84341990,34.19819308,0.22132601,-0.44484416,1.28269392,0.22780853,-0.44503259,1.28298746,9.66006309,0.00000008
9.86000000,LOWER_LEG,-0.00441324,-0.01409112,0.01024950,-0.09005249,0.07606266,0.31516838,-0.09253059,0.07139631,0.08141372,0.02766578,0.00683052,28.06182075,0.00000000,54.84273873,34.19840529,0.22127155,-0.44460059,1.28213669,0.22775151,-0.44477635,1.28240219,9.65997094,0.00000003
9.87000000,LOWER_LEG,-0.00441307,-0.01409098,0.01024932,-0.09005246,0.07606262,0.31516838,-0.09252990,0.07139626,0.08141444,0.02758646,0.00675120,28.06201883,0.00000000,54.84266548,34.19847659,0.22121555,-0.44434981,1.28156306,0.22769296,-0.44451296,1.28180065,9.65995699,0.00000007
9.88000000,LOWER_LEG,-0.00441290,-0.01409081,0.01024912,-0.09005242,0.07606258,0.31516838,-0.09252919,0.07139620,0.08141519,0.02750491,0.00666965,28.06226255,0.00000000,54.84191137,34.19858324,0.22115801,-0.44409185,1.28097310,0.22763290,-0.44424243,1.28118294,9.65985589,0.00000002
9.89000000,LOWER_LEG,-0.00441272,-0.01409061,0.01024891,-0.09005237,0.07606254,0.31516838,-0.09252845,0.07139613,0.08141597,0.02742114,0.00658588,28.06254327,0.00000000,54.84189463,34.19864291,0.22109895,-0.44382679,1.28036693,0.22757134,-0.44396486,1.28054920,9.65984835,0.00000008
9.90000000,LOWER_LEG,-0.00441253,-0.01409039,0.01024868,-0.09005232,0.07606249,0.31516838,-0.09252768,0.07139606,0.08141678,0.02733517,0.00649991,28.06286076,0.00000000,54.84124260,34.19876429,0.22103838,-0.44355465,1.27974466,0.22750830,-0.44368028,1.27989958,9.65975829,0.00000004
9.91000000,LOWER_LEG,-0.00441234,-0.01409014,0.01024844,-0.09005226,0.07606244,0.31516838,-0.09252689,0.07139599,0.08141762,0.02724702,0.00641176,28.06319920,0.00000000,54.84036773,34.19880323,0.22097633,-0.44327549,1.27910644,0.22744381,-0.44338877,1.27923424,9.65963736,0.00000001
9.92000000,LOWER_LEG,-0.00441213,-0.01408987,0.01024818,-0.09005219,0.07606239,0.31516837,-0.09252608,0.07139592,0.08141848,0.02715672,0.00632146,28.06357645,0.00000000,54.84061736,34.19895493,0.22091278,-0.44298939,1.27845241,0.22737788,-0.44309041,1.27855336,9.65966163,0.00000007
9.93000000,LOWER_LEG,-0.00441191,-0.01408959,0.01024790,-0.09005212,0.07606234,0.31516836,-0.09252524,0.07139585,0.08141937,0.02706429,0.00622903,28.06397109,0.00000000,54.83996429,34.19908748,0.22084778,-0.44269639,1.27778275,0.22731053,-0.44278526,1.27785712,9.65956795,0.00000004
9.94000000,LOWER_LEG,-0.00441168,-0.01408929,0.01024761,-0.09005204,0.07606228,0.31516835,-0.09252438,0.07139577,0.08142029,0.02696976,0.00613450,28.06438273,0.00000000,54.83932523,34.19919725,0.22078135,-0.44239659,1.27709763,0.22724179,-0.44247343,1.27714572,9.65947463,0.00000002
9.95000000,LOWER_LEG,-0.00441144,-0.01408897,0.01024731,-0.09005195,0.07606223,0.31516833,-0.09252349,0.07139569,0.08142123,0.02687317,0.00603791,28.06480880,0.00000000,54.83946388,34.19929274,0.22071351,-0.44209005,1.27639725,0.22717170,-0.44215499,1.27641939,9.65948102,0.00000010
9.96000000,LOWER_LEG,-0.00441120,-0.01408865,0.01024700,-0.09005186,0.07606217,0.31516832,-0.09252258,0.07139561,0.08142219,0.02677454,0.00593928,28.06525086,0.00000000,54.83890997,34.19944156,0.22064427,-0.44177687,1.27568180,0.22710026,-0.44183005,1.27567834,9.65939713,0.00000008
9.97000000,LOWER_LEG,-0.00441094,-0.01408831,0.01024668,-0.09005177,0.07606211,0.31516830,-0.09252165,0.07139553,0.08142319,0.02667391,0.00583865,28.06570070,0.00000000,54.83837001,34.19958052,0.22057368,-0.44145713,1.27495151,0.22702751,-0.44149870,1.27492282,9.65931430,0.00000006
9.98000000,LOWER_LEG,-0.00441068,-0.01408796,0.01024636,-0.09005167,0.07606205,0.31516828,-0.09252070,0.07139545,0.08142420,0.02657132,0.00573606,28.06615580,0.00000000,54.83778762,34.19971195,0.22050176,-0.44113094,1.27420661,0.22695349,-0.44116105,1.27415306,9.65922539,0.00000007
9.99000000,LOWER_LEG,-0.00441042,-0.01408759,0.01024603,-0.09005156,0.07606199,0.31516826,-0.09251972,0.07139537,0.08142524,0.02646679,0.00563153,28.06661564,0.00000000,54.83725788,34.19983991,0.22042853,-0.44079840,1.27344733,0.22687821,-0.44081721,1.27336933,9.65914249,0.00000008
10.00000000,LOWER_LEG,-0.00441015,-0.01408722,0.01024570,-0.09005145,0.07606193,0.31516825,-0.09251873,0.07139528,0.08142631,0.02636038,0.00552512,28.06786889,0.00000000,54.83670361,34.19899594,0.22035404,-0.44045961,1.27267392,0.22680171,-0.44046729,1.27257190,9.65905509,0.00000003
10.01000000,LOWER_LEG,-0.00440982,-0.01408689,0.01024539,-0.09005133,0.07606187,0.31516823,-0.09251771,0.07139520,0.08142739,0.02625212,0.00541686,28.06791985,0.00000000,54.83621136,34.19983721,0.22027831,-0.44011471,1.27188664,0.22672402,-0.44011142,1.27176104,9.65896899,0.00000002
10.02000000,LOWER_LEG,-0.00440950,-0.01408656,0.01024509,-0.09005121,0.07606180,0.31516821,-0.09251667,0.07139510,0.08142850,0.02614205,0.00530679,28.06823105,0.00000000,54.83558819,34.20005303,0.22020135,-0.43976376,1.27108578,0.22664518,-0.43974972,1.27093706,9.65887139,0.00000001
10.03000000,LOWER_LEG,-0.00440919,-0.01408620,0.01024479,-0.09005110,0.07606173,0.31516820,-0.09251562,0.07139501,0.08142962,0.02603023,0.00519497,28.06859692,0.00000000,54.83491258,34.20019274,0.22012319,-0.43940690,1.27027163,0.22656521,-0.43938232,1.27010026,9.65876809,0.00000001
10.04000000,LOWER_LEG,-0.00440889,-0.01408583,0.01024449,-0.09005097,0.07606166,0.31516818,-0.09251455,0.07139491,0.08143077,0.02591668,0.00508142,28.06899828,0.00000000,54.83438791,34.20034419,0.22004391,-0.43904427,1.26944445,0.22648416,-0.43900934,1.26925092,9.65868494,0.00000002
10.05000000,LOWER_LEG,-0.00440859,-0.01408543,0.01024419,-0.09005085,0.07606159,0.31516817,-0.09251346,0.07139482,0.08143193,0.02580145,0.00496619,28.06942540,0.00000000,54.83383390,34.20048012,0.21996351,-0.43867600,1.26860456,0.22640205,-0.43863093,1.26838936,9.65859754,0.00000003
10.06000000,LOWER_LEG,-0.00440830,-0.01408502,0.01024388,-0.09005072,0.07606152,0.31516815,-0.09251235,0.07139472,0.08143311,0.02568459,0.00484933,28.06987620,0.00000000,54.83327493,34.20061731,0.21988205,-0.43830222,1.26775225,0.22631892,-0.43824722,1.26751591,9.65850892,0.00000005
10.07000000,LOWER_LEG,-0.00440800,-0.01408458,0.01024358,-0.09005059,0.07606144,0.31516813,-0.09251123,0.07139462,0.08143432,0.02556614,0.00473088,28.07034880,0.00000000,54.83271633,34.20076004,0.21979954,-0.43792307,1.26688785,0.22623480,-0.43785835,1.26663091,9.65841958,0.00000007
10.08000000,LOWER_LEG,-0.00440770,-0.01408414,0.01024327,-0.09005045,0.07606137,0.31516812,-0.09251009,0.07139451,0.08143554,0.02544614,0.00461088,28.07084579,0.00000000,54.83233503,34.20094028,0.21971602,-0.43753869,1.26601168,0.22614975,-0.43746448,1.26573469,9.65835264,0.00000009
10.09000000,LOWER_LEG,-0.00440736,-0.01408371,0.01024297,-0.09005031,0.07606129,0.31516809,-0.09250893,0.07139441,0.08143679,0.02532465,0.00448939,28.07181378,0.00000000,54.83201328,34.20078649,0.21963154,-0.43714923,1.26512408,0.22606378,-0.43706575,1.26482761,9.65828548,0.00000002
10.10000000,LOWER_LEG,-0.00440700,-0.01408331,0.01024268,-0.09005017,0.07606121,0.31516807,-0.09250775,0.07139431,0.08143805,0.02520173,0.00436647,28.07214994,0.00000000,54.83157787,34.20111286,0.21954610,-0.43675482,1.26422540,0.22597694,-0.43666233,1.26391004,9.65820787,0.00000003
10.11000000,LOWER_LEG,-0.00440665,-0.01408288,0.01024239,-0.09005003,0.07606113,0.31516805,-0.09250656,0.07139420,0.08143933,0.02507742,0.00424216,28.07257461,0.00000000,54.83110176,34.20131949,0.21945974,-0.43635559,1.26331601,0.22588927,-0.43625437,1.26298236,9.65812652,0.00000005
10.12000000,LOWER_LEG,-0.00440630,-0.01408243,0.01024209,-0.09004988,0.07606105,0.31516803,-0.09250536,0.07139409,0.08144062,0.02495177,0.00411651,28.07303982,0.00000000,54.83060469,34.20149110,0.21937253,-0.43595172,1.26239625,0.22580082,-0.43584204,1.26204492,9.65804282,0.00000006
10.13000000,LOWER_LEG,-0.00440596,-0.01408196,0.01024178,-0.09004973,0.07606097,0.31516801,-0.09250414,0.07139398,0.08144193,0.02482484,0.00398958,28.07353444,0.00000000,54.83009845,34.20164852,0.21928451,-0.43554339,1.26146651,0.22571161,-0.43542549,1.26109810,9.65795762,0.00000007
10.14000000,LOWER_LEG,-0.00440563,-0.01408147,0.01024147,-0.09004958,0.07606088,0.31516799,-0.09250290,0.07139387,0.08144326,0.02469669,0.00386143,28.07405282,0.00000000,54.82958961,34.20180203,0.21919571,-0.43513076,1.26052714,0.22562168,-0.43500490,1.26014230,9.65787138,0.00000009
10.15000000,LOWER_LEG,-0.00440528,-0.01408096,0.01024116,-0.09004942,0.07606080,0.31516796,-0.09250165,0.07139375,0.08144460,0.02456735,0.00373209,28.07525230,0.00000000,54.82832509,34.20129412,0.21910619,-0.43471400,1.25957854,0.22553109,-0.43458045,1.25917792,9.65768250,0.00000001
10.16000000,LOWER_LEG,-0.00440488,-0.01408050,0.01024085,-0.09004926,0.07606071,0.31516793,-0.09250039,0.07139364,0.08144596,0.02443690,0.00360164,28.07549448,0.00000000,54.82808406,34.20194404,0.21901597,-0.43429329,1.25862109,0.22543987,-0.43415230,1.25820536,9.65762470,0.00000003
10.17000000,LOWER_LEG,-0.00440449,-0.01408003,0.01024055,-0.09004910,0.07606062,0.31516791,-0.09249911,0.07139352,0.08144733,0.02430540,0.00347014,28.07592222,0.00000000,54.82770587,34.20220344,0.21892506,-0.43386874,1.25765522,0.22534806,-0.43372065,1.25722506,9.65755219,0.00000005
10.18000000,LOWER_LEG,-0.00440411,-0.01407954,0.01024024,-0.09004894,0.07606053,0.31516788,-0.09249782,0.07139340,0.08144872,0.02417289,0.00333764,28.07640258,0.00000000,54.82726814,34.20239319,0.21883353,-0.43344055,1.25668132,0.22525571,-0.43328566,1.25623740,9.65747264,0.00000008
10.19000000,LOWER_LEG,-0.00440373,-0.01407902,0.01023992,-0.09004877,0.07606044,0.31516786,-0.09249652,0.07139328,0.08145012,0.02403945,0.00320419,28.07691384,0.00000000,54.82594682,34.20255129,0.21874143,-0.43300892,1.25569981,0.22516286,-0.43284752,1.25524280,9.65727829,0.00000006
10.20000000,LOWER_LEG,-0.00440336,-0.01407849,0.01023959,-0.09004860,0.07606035,0.31516783,-0.09249521,0.07139316,0.08145154,0.02390512,0.00306986,28.07745997,0.00000000,54.82561093,34.20276045,0.21864881,-0.43257404,1.25471108,0.22506954,-0.43240642,1.25424171,9.65721175,0.00000009
10.21000000,LOWER_LEG,-0.00440297,-0.01407795,0.01023926,-0.09004842,0.07606025,0.31516780,-0.09249389,0.07139304,0.08145297,0.02376996,0.00293470,28.07858804,0.00000000,54.82529856,34.20246992,0.21855572,-0.43213610,1.25371556,0.22497581,-0.43196254,1.25323454,9.65714173,0.00000006
10.22000000,LOWER_LEG,-0.00440254,-0.01407744,0.01023894,-0.09004824,0.07606015,0.31516777,-0.09249255,0.07139291,0.08145441,0.02363403,0.00279877,28.07891509,0.00000000,54.82488482,34.20292990,0.21846217,-0.43169527,1.25271369,0.22488170,-0.43151609,1.25222174,9.65705970,0.00000008
10.23000000,LOWER_LEG,-0.00440211,-0.01407692,0.01023862,-0.09004806,0.07606005,0.31516774,-0.09249120,0.07139278,0.08145586,0.02349740,0.00266215,28.07937655,0.00000000,54.82350036,34.20315782,0.21836819,-0.43125171,1.25170591,0.22478726,-0.43106725,1.25120377,9.65685384,0.00000003
10.24000000,LOWER_LEG,-0.00440170,-0.01407637,0.01023830,-0.09004788,0.07605995,0.31516772,-0.09248985,0.07139265,0.08145732,0.02336014,0.00252488,28.07989649,0.00000000,54.82314750,34.20340371,0.21827385,-0.43080563,1.25069265,0.22469254,-0.43061622,1.25018105,9.65678283,0.00000005
10.25000000,LOWER_LEG,-0.00440130,-0.01407581,0.01023797,-0.09004769,0.07605985,0.31516769,-0.09248848,0.07139252,0.08145880,0.02322229,0.00238703,28.08044718,0.00000000,54.82284319,34.20360543,0.21817920,-0.43035724,1.24967437,0.22459757,-0.43016319,1.24915405,9.65671729,0.00000008
10.26000000,LOWER_LEG,-0.00440089,-0.01407523,0.01023763,-0.09004749,0.07605975,0.31516766,-0.09248710,0.07139239,0.08146028,0.02308393,0.00224867,28.08174300,0.00000000,54.82174116,34.20300429,0.21808429,-0.42990674,1.24865148,0.22450239,-0.42970837,1.24812321,9.65654525,0.00000002
10.27000000,LOWER_LEG,-0.00440044,-0.01407468,0.01023730,-0.09004730,0.07605964,0.31516763,-0.09248572,0.07139226,0.08146178,0.02294510,0.00210984,28.08198482,0.00000000,54.82153835,34.20377435,0.21798916,-0.42945434,1.24762445,0.22440707,-0.42925195,1.24708898,9.65648578,0.00000006
10.28000000,LOWER_LEG,-0.00439999,-0.01407412,0.01023697,-0.09004710,0.07605954,0.31516760,-0.09248432,0.07139213,0.08146329,0.02280589,0.00197063,28.08244898,0.00000000,54.82031002,34.20403221,0.21789381,-0.42900018,1.24659375,0.22431163,-0.42879414,1.24605185,9.65629704,0.00000003
10.29000000,LOWER_LEG,-0.00439955,-0.01407354,0.01023664,-0.09004689,0.07605943,0.31516757,-0.09248292,0.07139199,0.08146480,0.02266634,0.00183108,28.08298358,0.00000000,54.82006264,34.20429374,0.21779831,-0.42854449,1.24555983,0.22421612,-0.42833515,1.24501228,9.65623688,0.00000005
10.30000000,LOWER_LEG,-0.00439912,-0.01407294,0.01023631,-0.09004669,0.07605932,0.31516754,-0.09248152,0.07139185,0.08146632,0.02252653,0.00169127,28.08354847,0.00000000,54.81968519,34.20448427,0.21770272,-0.42808748,1.24452315,0.22412058,-0.42787518,1.24397072,9.65615926,0.00000009
10.31000000,LOWER_LEG,-0.00439869,-0.01407233,0.01023597,-0.09004648,0.07605921,0.31516751,-0.09248010,0.07139171,0.08146785,0.02238652,0.00155126,28.08480544,0.00000000,54.81859137,34.20404367,0.21760710,-0.42762937,1.24348416,0.22402506,-0.42741443,1.24292763,9.65598476,0.00000003
10.32000000,LOWER_LEG,-0.00439821,-0.01407174,0.01023564,-0.09004626,0.07605910,0.31516748,-0.09247868,0.07139157,0.08146939,0.02224636,0.00141110,28.08510497,0.00000000,54.81831431,34.20468791,0.21751146,-0.42717037,1.24244334,0.22392960,-0.42695311,1.24188350,9.65591407,0.00000008
10.33000000,LOWER_LEG,-0.00439774,-0.01407115,0.01023531,-0.09004604,0.07605898,0.31516745,-0.09247725,0.07139143,0.08147094,0.02210613,0.00127087,28.08559609,0.00000000,54.81709341,34.20496861,0.21741583,-0.42671063,1.24140116,0.22383425,-0.42649145,1.24083882,9.65572425,0.00000004
10.34000000,LOWER_LEG,-0.00439902,-0.01407122,0.01023493,-0.09004588,0.07605891,0.31516752,-0.09247587,0.07139130,0.08147243,0.02197186,0.00113660,28.07922852,0.88872560,54.82390124,34.19732782,0.21732771,-0.42627892,1.24043306,0.22373910,-0.42602993,1.23979470,9.65624293,0.00000002
10.35000000,LOWER_LEG,-0.00446010,-0.01410547,0.01024280,-0.09004828,0.07606177,0.31517317,-0.09247656,0.07139320,0.08147161,0.02191585,0.00108059,27.89875510,1.37756742,54.98954529,34.06226315,0.21729170,-0.42595934,1.23979869,0.22365255,-0.42560935,1.23884342,9.67551007,0.00000001
10.36000000,LOWER_LEG,-0.00456575,-0.01418647,0.01027377,-0.09005563,0.07607097,0.31518867,-0.09248131,0.07140051,0.08146480,0.02189290,0.00105764,27.63271252,1.35159565,55.14316673,33.91125870,0.21729277,-0.42561467,1.23909440,0.22357630,-0.42523819,1.23800408,9.69273601,0.00000001
10.37000000,LOWER_LEG,-0.00468241,-0.01428855,0.01033010,-0.09006783,0.07608657,0.31521196,-0.09249035,0.07141366,0.08145153,0.02188283,0.00104757,27.36491638,1.30227338,55.25197516,33.73501979,0.21732082,-0.42525828,1.23833063,0.22350396,-0.42488560,1.23720687,9.70595001,0.00000001
10.38000000,LOWER_LEG,-0.00480475,-0.01439318,0.01041011,-0.09008405,0.07610774,0.31523980,-0.09250313,0.07143196,0.08143315,0.02187926,0.00104400,27.13639651,1.27043252,55.33868262,33.54285519,0.21736592,-0.42489894,1.23754333,0.22343289,-0.42453871,1.23642270,9.71820320,0.00000001
10.39000000,LOWER_LEG,-0.00493332,-0.01449191,0.01051131,-0.09010329,0.07613344,0.31526910,-0.09251881,0.07145448,0.08141128,0.02187864,0.00104338,26.96193301,1.26431682,55.42494950,33.35192413,0.21742164,-0.42454061,1.23675268,0.22336223,-0.42419331,1.23564200,9.73174494,0.00000001
10.40000000,LOWER_LEG,-0.00506834,-0.01458268,0.01063080,-0.09012469,0.07616268,0.31529744,-0.09253666,0.07148032,0.08138707,0.02187874,0.00104348,26.84006394,1.28326736,55.52349801,33.17391806,0.21748425,-0.42418572,1.23596894,0.22329179,-0.42384852,1.23486283,9.74770813,0.00000001
10.41000000,LOWER_LEG,-0.00520901,-0.01466656,0.01076514,-0.09014770,0.07619457,0.31532332,-0.09255614,0.07150864,0.08136118,0.02187829,0.00104303,26.76090552,1.32278681,55.63874879,33.01328858,0.21755132,-0.42383536,1.23519693,0.22322163,-0.42350463,1.23408581,9.76633480,0.00000001
10.42000000,LOWER_LEG,-0.00535380,-0.01474570,0.01091045,-0.09017207,0.07622833,0.31534605,-0.09257700,0.07153873,0.08133381,0.02187670,0.00104144,26.71117468,1.37712799,55.76960755,32.86954052,0.21762086,-0.42348918,1.23443844,0.22315185,-0.42316214,1.23331210,9.78730201,0.00000001
10.43000000,LOWER_LEG,-0.00550086,-0.01482239,0.01106264,-0.09019780,0.07626327,0.31536558,-0.09259920,0.07156997,0.08130489,0.02187383,0.00103857,26.67726190,1.44076459,55.91220308,32.73995539,0.21769095,-0.42314586,1.23369361,0.22308255,-0.42282150,1.23254269,9.81001318,0.00000001
10.44000000,LOWER_LEG,-0.00564830,-0.01489862,0.01121769,-0.09022501,0.07629880,0.31538230,-0.09262281,0.07160181,0.08127422,0.02186981,0.00103455,26.64709196,1.50918906,56.06184274,32.62148117,0.21775968,-0.42280353,1.23296168,0.22301377,-0.42248300,1.23177823,9.83380587,0.00000001
10.45000000,LOWER_LEG,-0.00579437,-0.01497603,0.01137189,-0.09025387,0.07633438,0.31539681,-0.09264798,0.07163379,0.08124157,0.02186490,0.00102964,26.61117101,1.57925796,56.21414401,32.51166945,0.21782523,-0.42246035,1.23224160,0.22294555,-0.42214677,1.23101904,9.85807506,0.00000001
10.46000000,LOWER_LEG,-0.00593755,-0.01505576,0.01152206,-0.09028451,0.07636956,0.31540977,-0.09267484,0.07166549,0.08120678,0.02185941,0.00102415,26.56301977,1.64920880,56.36555421,32.40893650,0.21788602,-0.42211479,1.23153234,0.22287789,-0.42181287,1.23026522,9.88233175,0.00000001
10.47000000,LOWER_LEG,-0.00607665,-0.01513853,0.01166566,-0.09031701,0.07640395,0.31542176,-0.09270345,0.07169656,0.08116977,0.02185356,0.00101831,26.49913125,1.71844688,56.51349383,32.31245764,0.21794079,-0.42176577,1.23083308,0.22281078,-0.42148126,1.22951668,9.90621919,0.00000001
10.48000000,LOWER_LEG,-0.00621085,-0.01522462,0.01180082,-0.09035136,0.07643726,0.31543327,-0.09273381,0.07172672,0.08113057,0.02184756,0.00101230,26.41858999,1.78720047,56.65629942,32.22191710,0.21798877,-0.42141273,1.23014328,0.22274421,-0.42115186,1.22877326,9.92950493,0.00000001
10.49000000,LOWER_LEG,-0.00633964,-0.01531393,0.01192641,-0.09038744,0.07646924,0.31544462,-0.09276583,0.07175575,0.08108932,0.02184149,0.00100623,26.32249493,1.85613778,56.79307491,32.13724125,0.21802960,-0.42105559,1.22946264,0.22267816,-0.42082457,1.22803474,9.95206067,0.00000001
10.50000000,LOWER_LEG,-0.00646287,-0.01540608,0.01204193,-0.09042506,0.07649975,0.31545602,-0.09279932,0.07178351,0.08104623,0.02183540,0.00100014,26.21331578,1.92602165,56.92351217,32.05837720,0.21806340,-0.42069463,1.22879097,0.22261260,-0.42049934,1.22730094,9.97383778,0.00000001
10.51000000,LOWER_LEG,-0.00658068,-0.01550051,0.01214749,-0.09046395,0.07652874,0.31546755,-0.09283405,0.07180992,0.08100160,0.02182929,0.00099403,26.09428453,1.99745102,57.04771403,31.98513999,0.21809070,-0.42033045,1.22812811,0.22254754,-0.42017611,1.22657180,9.99484281,0.00000001
10.52000000,LOWER_LEG,-0.00669343,-0.01559654,0.01224368,-0.09050380,0.07655622,0.31547923,-0.09286974,0.07183499,0.08095574,0.02182313,0.00098788,25.96888692,2.07070923,57.16603754,31.91713137,0.21811231,-0.41996387,1.22747385,0.22248297,-0.41985492,1.22584737,10.01511589,0.00000001
10.53000000,LOWER_LEG,-0.00680165,-0.01569346,0.01233145,-0.09054428,0.07658228,0.31549103,-0.09290609,0.07185878,0.08090900,0.02181691,0.00098165,25.84048330,2.14571456,57.27896666,31.85372172,0.21812927,-0.41959583,1.22682787,0.22241891,-0.41953588,1.22512788,10.03471321,0.00000001
10.54000000,LOWER_LEG,-0.00690601,-0.01579061,0.01241205,-0.09058504,0.07660705,0.31550291,-0.09294277,0.07188139,0.08086173,0.02181061,0.00097535,25.71141396,2.22205255,57.38699392,31.79481097,0.21814272,-0.41922739,1.22618975,0.22235540,-0.41921914,1.22441371,10.05369295,0.00000009
10.55000000,LOWER_LEG,-0.00700721,-0.01588737,0.01248686,-0.09062577,0.07663071,0.31551483,-0.09297948,0.07190299,0.08081425,0.02180423,0.00096897,25.58584435,2.29908446,57.49064813,31.73752263,0.21815382,-0.41885960,1.22555901,0.22229247,-0.41890495,1.22370536,10.07211153,0.00000006
10.56000000,LOWER_LEG,-0.00710592,-0.01598324,0.01255730,-0.09066615,0.07665348,0.31552677,-0.09301593,0.07192375,0.08076686,0.02179781,0.00096255,25.46482078,2.37597276,57.59032851,31.68177097,0.21816366,-0.41849354,1.22493507,0.22223019,-0.41859355,1.22300344,10.09001212,0.00000001
10.57000000,LOWER_LEG,-0.00720279,-0.01607782,0.01262476,-0.09070592,0.07667555,0.31553872,-0.09305186,0.07194385,0.08071985,0.02179139,0.00095613,25.34872745,2.45190490,57.68640468,31.62795946,0.21817323,-0.41813023,1.22431743,0.22216859,-0.41828525,1.22230859,10.10742948,0.00000003
10.58000000,LOWER_LEG,-0.00729838,-0.01617076,0.01269049,-0.09074482,0.07669713,0.31555071,-0.09308703,0.07196349,0.08067344,0.02178503,0.00094977,25.23924132,2.52613540,57.77906460,31.57404880,0.21818330,-0.41777061,1.22370564,0.22210775,-0.41798033,1.22162148,10.12437921,0.00000009
10.59000000,LOWER_LEG,-0.00739315,-0.01626181,0.01275557,-0.09078265,0.07671841,0.31556275,-0.09312124,0.07198282,0.08062785,0.02177879,0.00094353,25.13802586,2.59807312,57.86851731,31.51798352,0.21819450,-0.41741552,1.22309937,0.22204772,-0.41767907,1.22094270,10.14087277,0.00000001
10.60000000,LOWER_LEG,-0.00748742,-0.01635079,0.01282087,-0.09081925,0.07673955,0.31557488,-0.09315435,0.07200199,0.08058323,0.02177273,0.00093747,25.04347835,2.66728972,57.95485320,31.46130369,0.21820724,-0.41706565,1.22249843,0.22198853,-0.41738171,1.22027282,10.15691085,0.00000001
10.61000000,LOWER_LEG,-0.00758140,-0.01643757,0.01288701,-0.09085450,0.07676067,0.31558714,-0.09318621,0.07202113,0.08053972,0.02176688,0.00093162,24.95600174,2.73357394,58.03819729,31.40323136,0.21822177,-0.41672160,1.22190278,0.22193023,-0.41708847,1.21961230,10.17249245,0.00000001
10.62000000,LOWER_LEG,-0.00767518,-0.01652211,0.01295439,-0.09088829,0.07678185,0.31559957,-0.09321673,0.07204031,0.08049741,0.02176128,0.00092602,24.87545109,2.79687292,58.11850646,31.34311478,0.21823814,-0.41638381,1.22131253,0.22187285,-0.41679952,1.21896152,10.18760384,0.00000001
10.63000000,LOWER_LEG,-0.00776874,-0.01660433,0.01302317,-0.09092056,0.07680315,0.31561218,-0.09324586,0.07205959,0.08045639,0.02175595,0.00092069,24.80137682,2.85734906,58.19580659,31.28110189,0.21825626,-0.41605255,1.22072795,0.22181641,-0.41651499,1.21832080,10.20223566,0.00000001
10.64000000,LOWER_LEG,-0.00786199,-0.01668425,0.01309333,-0.09095129,0.07682458,0.31562500,-0.09327355,0.07207898,0.08041668,0.02175089,0.00091563,24.73315182,2.91524434,58.27011327,31.21747062,0.21827596,-0.41572799,1.22014942,0.22176093,-0.41623498,1.21769034,10.21637855,0.00000001
10.65000000,LOWER_LEG,-0.00795473,-0.01676189,0.01316466,-0.09098046,0.07684612,0.31563803,-0.09329980,0.07209848,0.08037830,0.02174609,0.00091083,24.67010755,2.97087860,58.34143113,31.15256543,0.21829697,-0.41541018,1.21957739,0.22170642,-0.41595956,1.21707030,10.23002404,0.00000001
10.66000000,LOWER_LEG,-0.00804674,-0.01683730,0.01323683,-0.09100811,0.07686773,0.31565125,-0.09332463,0.07211805,0.08034126,0.02174153,0.00090627,24.61154879,3.02460895,58.40976538,31.08680947,0.21831896,-0.41509903,1.21901239,0.22165289,-0.41568879,1.21646080,10.24316592,0.00000001
10.67000000,LOWER_LEG,-0.00813777,-0.01691055,0.01330940,-0.09103427,0.07688936,0.31566466,-0.09334807,0.07213765,0.08030552,0.02173718,0.00090192,24.55678164,3.07679120,58.47512999,31.02067605,0.21834160,-0.41479441,1.21845499,0.22160034,-0.41542272,1.21586194,10.25580146,0.00000001
10.68000000,LOWER_LEG,-0.00822753,-0.01698174,0.01338189,-0.09105901,0.07691091,0.31567823,-0.09337018,0.07215720,0.08027105,0.02173302,0.00089776,24.50514014,3.12774833,58.53755456,30.95465920,0.21836454,-0.41449609,1.21790573,0.22154878,-0.41516137,1.21527380,10.26793237,0.00000001
10.69000000,LOWER_LEG,-0.00831578,-0.01705094,0.01345379,-0.09108240,0.07693232,0.31569191,-0.09339104,0.07217663,0.08023778,0.02172902,0.00089376,24.45600952,3.17774770,58.59708907,30.88924742,0.21838744,-0.41420381,1.21736519,0.22149822,-0.41490479,1.21469646,10.27956537,0.00000001
10.70000000,LOWER_LEG,-0.00840225,-0.01711826,0.01352459,-0.09110454,0.07695349,0.31570567,-0.09341072,0.07219587,0.08020566,0.02172516,0.00088990,24.40884505,3.22698672,58.65380693,30.82490192,0.21841001,-0.41391728,1.21683389,0.22144865,-0.41465303,1.21413003,10.29071252,0.00000001
10.71000000,LOWER_LEG,-0.00848675,-0.01718380,0.01359383,-0.09112553,0.07697434,0.31571945,-0.09342933,0.07221485,0.08017459,0.02172140,0.00088614,24.36318594,3.27558648,58.70780625,30.76204001,0.21843200,-0.41363621,1.21631230,0.22140010,-0.41440615,1.21357464,10.30139124,0.00000001
10.72000000,LOWER_LEG,-0.00856909,-0.01724766,0.01366110,-0.09114547,0.07699481,0.31573322,-0.09344695,0.07223348,0.08014451,0.02171774,0.00088249,24.31866362,3.32359193,58.75920956,30.70102387,0.21845322,-0.41336034,1.21580088,0.22135256,-0.41416421,1.21303043,10.31162398,0.00000001
10.73000000,LOWER_LEG,-0.00864915,-0.01730992,0.01372606,-0.09116446,0.07701482,0.31574691,-0.09346370,0.07225173,0.08011532,0.02171417,0.00087891,24.27500454,3.37097723,58.80816198,30.64215398,0.21847350,-0.41308942,1.21530000,0.22130605,-0.41392730,1.21249759,10.32143768,0.00000001
10.74000000,LOWER_LEG,-0.00872683,-0.01737069,0.01378846,-0.09118263,0.07703434,0.31576047,-0.09347968,0.07226954,0.08008694,0.02171067,0.00087541,24.23202754,3.41765496,58.85482799,30.58566689,0.21849276,-0.41282326,1.21481000,0.22126059,-0.41369551,1.21197634,10.33086297,0.00000001
10.75000000,LOWER_LEG,-0.00880210,-0.01743003,0.01384812,-0.09120007,0.07705331,0.31577386,-0.09349498,0.07228687,0.08005928,0.02170725,0.00087199,24.18963675,3.46348778,58.89938696,30.53173632,0.21851094,-0.41256171,1.21433115,0.22121620,-0.41346896,1.21146692,10.33993324,0.00000001
10.76000000,LOWER_LEG,-0.00887493,-0.01748802,0.01390493,-0.09121689,0.07707172,0.31578701,-0.09350971,0.07230370,0.08003227,0.02170391,0.00086865,24.14781074,3.50830143,58.94202766,30.48047709,0.21852803,-0.41230467,1.21386368,0.22117290,-0.41324777,1.21096959,10.34868347,0.00000001
10.77000000,LOWER_LEG,-0.00894536,-0.01754471,0.01395889,-0.09123319,0.07708955,0.31579989,-0.09352396,0.07232001,0.08000582,0.02170065,0.00086539,24.10658927,3.55189828,58.98294223,30.43195086,0.21854406,-0.41205209,1.21340781,0.22113071,-0.41303205,1.21048462,10.35714905,0.00000001
10.78000000,LOWER_LEG,-0.00901344,-0.01760016,0.01401001,-0.09124905,0.07710681,0.31581245,-0.09353781,0.07233580,0.07997986,0.02169749,0.00086223,24.06605855,3.59407043,59.02231977,30.38617327,0.21855908,-0.41180399,1.21296367,0.22108964,-0.41282193,1.21001229,10.36536467,0.00000001
10.79000000,LOWER_LEG,-0.00907924,-0.01765442,0.01405841,-0.09126456,0.07712349,0.31582464,-0.09355134,0.07235108,0.07995432,0.02169444,0.00085918,24.02633639,3.63461193,59.06034019,30.34312175,0.21857315,-0.41156042,1.21253141,0.22104973,-0.41261754,1.20955287,10.37336308,0.00000001
10.80000000,LOWER_LEG,-0.00914285,-0.01770750,0.01410420,-0.09127979,0.07713963,0.31583644,-0.09356463,0.07236586,0.07992916,0.02169151,0.00085625,23.98755797,3.67332947,59.09716846,30.30274349,0.21858635,-0.41132148,1.21211113,0.22101099,-0.41241899,1.20910664,10.38117418,0.00000000
10.81000000,LOWER_LEG,-0.00920435,-0.01775945,0.01414756,-0.09129480,0.07715522,0.31584781,-0.09357773,0.07238015,0.07990431,0.02168871,0.00085345,23.94986308,3.71005143,59.13294965,30.26496319,0.21859876,-0.41108731,1.21170291,0.22097344,-0.41222641,1.20867385,10.38882408,0.00000000
10.82000000,LOWER_LEG,-0.00926384,-0.01781027,0.01418867,-0.09130964,0.07717031,0.31585872,-0.09359070,0.07239398,0.07987975,0.02168605,0.00085079,23.91338544,3.74463482,59.16780507,30.22969016,0.21861044,-0.41085806,1.21130683,0.22093711,-0.41203989,1.20825472,10.39633449,0.00000000
10.83000000,LOWER_LEG,-0.00932140,-0.01785998,0.01422769,-0.09132436,0.07718491,0.31586917,-0.09360356,0.07240737,0.07985544,0.02168355,0.00084829,23.87824437,3.77697019,59.20182939,30.19682462,0.21862148,-0.41063393,1.21092295,0.22090199,-0.41185952,1.20784945,10.40372224,0.00000000
10.84000000,LOWER_LEG,-0.00937712,-0.01790859,0.01426481,-0.09133897,0.07719905,0.31587912,-0.09361636,0.07242034,0.07983135,0.02168120,0.00084594,23.84453898,3.80698446,59.23508918,30.16626293,0.21863191,-0.41041509,1.21055132,0.22086812,-0.41168538,1.20745821,10.41099900,0.00000000
10.85000000,LOWER_LEG,-0.00943108,-0.01795608,0.01430019,-0.09135352,0.07721275,0.31588858,-0.09362912,0.07243290,0.07980747,0.02167901,0.00084375,23.81256254,3.83465608,59.26757413,30.13750532,0.21864176,-0.41020174,1.21019200,0.22083549,-0.41151753,1.20708112,10.41816819,0.00000000
10.86000000,LOWER_LEG,-0.00948330,-0.01800246,0.01433398,-0.09136799,0.07722604,0.31589755,-0.09364185,0.07244508,0.07978380,0.02167699,0.00084173,23.78200931,3.85997444,59.29940277,30.11120924,0.21865108,-0.40999408,1.20984502,0.22080411,-0.41135600,1.20671827,10.42523870,0.00000000
10.87000000,LOWER_LEG,-0.00953381,-0.01804774,0.01436629,-0.09138241,0.07723892,0.31590602,-0.09365455,0.07245690,0.07976033,0.02167514,0.00083988,23.75298320,3.88294852,59.33051467,30.08698219,0.21865989,-0.40979231,1.20951038,0.22077398,-0.41120082,1.20636971,10.43220430,0.00000000
10.88000000,LOWER_LEG,-0.00958265,-0.01809192,0.01439724,-0.09139676,0.07725140,0.31591400,-0.09366722,0.07246835,0.07973708,0.02167345,0.00083819,23.72552802,3.90365407,59.36085467,30.06467929,0.21866816,-0.40959661,1.20918812,0.22074510,-0.41105201,1.20603547,10.43905634,0.00000000
10.89000000,LOWER_LEG,-0.00962983,-0.01813497,0.01442689,-0.09141104,0.07726351,0.31592150,-0.09367985,0.07247946,0.07971406,0.02167192,0.00083666,23.69964307,3.92218869,59.39035758,30.04420906,0.21867590,-0.40940712,1.20887825,0.22071747,-0.41090954,1.20571550,10.44578325,0.00000000
10.90000000,LOWER_LEG,-0.00967534,-0.01817688,0.01445529,-0.09142522,0.07727523,0.31592854,-0.09369242,0.07249022,0.07969129,0.02167055,0.00083529,23.67530591,3.93866652,59.41894780,30.02549605,0.21868305,-0.40922398,1.20858076,0.22069109,-0.41077340,1.20540975,10.45237098,0.00000000
10.91000000,LOWER_LEG,-0.00971918,-0.01821762,0.01448247,-0.09143927,0.07728657,0.31593514,-0.09370491,0.07250063,0.07966879,0.02166932,0.00083406,23.65185340,3.95322108,59.44652197,30.00920887,0.21868961,-0.40904731,1.20829566,0.22066593,-0.41064353,1.20511812,10.45880264,0.00000009
10.92000000,LOWER_LEG,-0.00976132,-0.01825717,0.01450843,-0.09145317,0.07729753,0.31594132,-0.09371729,0.07251069,0.07964661,0.02166823,0.00083297,23.63126817,3.96598166,59.47302428,29.99286689,0.21869553,-0.40887722,1.20802289,0.22064199,-0.41051988,1.20484046,10.46506218,0.00000000
10.93000000,LOWER_LEG,-0.00980174,-0.01829552,0.01453317,-0.09146688,0.07730809,0.31594709,-0.09372952,0.07252040,0.07962476,0.02166727,0.00083201,23.61068084,3.97707795,59.49834302,29.97985272,0.21870080,-0.40871378,1.20776242,0.22061925,-0.41040238,1.20457663,10.47113145,0.00000009
10.94000000,LOWER_LEG,-0.00984041,-0.01833264,0.01455668,-0.09148037,0.07731826,0.31595248,-0.09374159,0.07252975,0.07960329,0.02166643,0.00083117,23.59290909,3.98665558,59.52237332,29.96654665,0.21870539,-0.40855704,1.20751417,0.22059769,-0.41029095,1.20432644,10.47698990,0.00000000
10.95000000,LOWER_LEG,-0.00987730,-0.01836851,0.01457893,-0.09149359,0.07732803,0.31595751,-0.09375344,0.07253873,0.07958224,0.02166570,0.00083044,23.57526378,3.99485183,59.54504801,29.95628100,0.21870927,-0.40840703,1.20727804,0.22057730,-0.41018550,1.20408969,10.48262218,0.00000005
10.96000000,LOWER_LEG,-0.00991239,-0.01840310,0.01459991,-0.09150651,0.07733738,0.31596221,-0.09376503,0.07254734,0.07956165,0.02166507,0.00082981,23.55960214,4.00179497,59.56624770,29.94654438,0.21871243,-0.40826378,1.20705394,0.22055806,-0.41008592,1.20386615,10.48800795,0.00000003
10.97000000,LOWER_LEG,-0.00994567,-0.01843639,0.01461957,-0.09151908,0.07734631,0.31596660,-0.09377634,0.07255557,0.07954156,0.02166453,0.00082927,23.54502615,4.00759237,59.58588259,29.93830007,0.21871486,-0.40812727,1.20684173,0.22053993,-0.40999213,1.20365558,10.49313078,0.00000004
10.98000000,LOWER_LEG,-0.00997710,-0.01846836,0.01463792,-0.09153126,0.07735481,0.31597070,-0.09378732,0.07256341,0.07952201,0.02166407,0.00082881,23.53215517,4.01236591,59.60395456,29.93095656,0.21871657,-0.40799749,1.20664124,0.22052291,-0.40990398,1.20345772,10.49798065,0.00000004
10.99000000,LOWER_LEG,-0.01000667,-0.01849900,0.01465494,-0.09154302,0.07736288,0.31597453,-0.09379793,0.07257086,0.07950303,0.02166369,0.00082843,23.52025295,4.01618145,59.62034587,29.92508161,0.21871758,-0.40787440,1.20645228,0.22050696,-0.40982138,1.20327230,10.50254123,0.00000009
11.00000000,LOWER_LEG,-0.01003443,-0.01852826,0.01467060,-0.09155432,0.07737051,0.31597812,-0.09380815,0.07257792,0.07948466,0.02166338,0.00082812,23.50949225,4.01918939,59.63496076,29.92037243,0.21871787,-0.40775792,1.20627471,0.22049207,-0.40974419,1.20309904,10.50679908,0.00000010
11.01000000,LOWER_LEG,-0.01006037,-0.01855611,0.01468490,-0.09156511,0.07737770,0.31598148,-0.09381792,0.07258457,0.07946695,0.02166313,0.00082787,23.49947261,4.02145382,59.64781887,29.91735962,0.21871747,-0.40764796,1.20610830,0.22047819,-0.40967228,1.20293763,10.51075010,0.00000003
11.02000000,LOWER_LEG,-0.01008449,-0.01858253,0.01469786,-0.09157538,0.07738446,0.31598463,-0.09382723,0.07259084,0.07944991,0.02166293,0.00082767,23.49130651,4.02303559,59.65893792,29.91465982,0.21871642,-0.40754446,1.20595282,0.22046531,-0.40960551,1.20278777,10.51439103,0.00000004
11.03000000,LOWER_LEG,-0.01010684,-0.01860753,0.01470948,-0.09158509,0.07739079,0.31598758,-0.09383605,0.07259671,0.07943358,0.02166278,0.00082752,23.48471563,4.02398006,59.66833651,29.91257417,0.21871478,-0.40744730,1.20580801,0.22045340,-0.40954375,1.20264914,10.51772065,0.00000008
11.04000000,LOWER_LEG,-0.01012743,-0.01863111,0.01471980,-0.09159422,0.07739670,0.31599036,-0.09384435,0.07260220,0.07941799,0.02166267,0.00082741,23.47831844,4.02432197,59.67602397,29.91270199,0.21871258,-0.40735639,1.20567361,0.22044243,-0.40948684,1.20252142,10.52073891,0.00000000
11.05000000,LOWER_LEG,-0.01014630,-0.01865325,0.01472885,-0.09160274,0.07740218,0.31599297,-0.09385211,0.07260730,0.07940314,0.02166261,0.00082735,23.47431262,4.02410419,59.68200010,29.91215495,0.21870987,-0.40727159,1.20554931,0.22043237,-0.40943465,1.20240428,10.52344486,0.00000005
11.06000000,LOWER_LEG,-0.01016352,-0.01867396,0.01473666,-0.09161066,0.07740726,0.31599542,-0.09385932,0.07261204,0.07938906,0.02166258,0.00082732,23.47126636,4.02338467,59.68631086,29.91269969,0.21870669,-0.40719275,1.20543485,0.22042319,-0.40938701,1.20229737,10.52584380,0.00000005
11.07000000,LOWER_LEG,-0.01017911,-0.01869325,0.01474328,-0.09161795,0.07741194,0.31599773,-0.09386598,0.07261641,0.07937575,0.02166259,0.00082733,23.46938418,4.02217968,59.68904727,29.91407244,0.21870309,-0.40711973,1.20532991,0.22041485,-0.40934377,1.20220033,10.52794445,0.00000006
11.08000000,LOWER_LEG,-0.01019313,-0.01871115,0.01474875,-0.09162461,0.07741623,0.31599991,-0.09387206,0.07262043,0.07936322,0.02166264,0.00082738,23.46868499,4.02051844,59.69025311,29.91608514,0.21869912,-0.40705238,1.20523416,0.22040734,-0.40930476,1.20211279,10.52975375,0.00000006
11.09000000,LOWER_LEG,-0.01020564,-0.01872768,0.01475314,-0.09163065,0.07742015,0.31600195,-0.09387758,0.07262411,0.07935147,0.02166271,0.00082745,23.46914167,4.01843808,59.68999688,29.91867031,0.21869483,-0.40699051,1.20514728,0.22040061,-0.40926982,1.20203436,10.53128135,0.00000006
11.10000000,LOWER_LEG,-0.01021670,-0.01874286,0.01475648,-0.09163607,0.07742371,0.31600388,-0.09388254,0.07262746,0.07934050,0.02166282,0.00082756,23.47070965,4.01597472,59.68835885,29.92177520,0.21869025,-0.40693393,1.20506891,0.22039462,-0.40923875,1.20196465,10.53253875,0.00000006
11.11000000,LOWER_LEG,-0.01022638,-0.01875672,0.01475884,-0.09164088,0.07742693,0.31600569,-0.09388695,0.07263050,0.07933028,0.02166295,0.00082769,23.47333177,4.01316453,59.68542881,29.92535274,0.21868542,-0.40688245,1.20499871,0.22038935,-0.40921138,1.20190324,10.53353907,0.00000006
11.12000000,LOWER_LEG,-0.01023475,-0.01876932,0.01476026,-0.09164510,0.07742982,0.31600738,-0.09389082,0.07263324,0.07932081,0.02166311,0.00082785,23.47693993,4.01004476,59.68130398,29.92935890,0.21868038,-0.40683586,1.20493631,0.22038476,-0.40918752,1.20184968,10.53429682,0.00000006
11.13000000,LOWER_LEG,-0.01024187,-0.01878070,0.01476082,-0.09164875,0.07743239,0.31600897,-0.09389416,0.07263568,0.07931207,0.02166328,0.00082802,23.48145626,4.00665467,59.67608730,29.93375119,0.21867517,-0.40679393,1.20488134,0.22038080,-0.40916696,1.20180355,10.53482763,0.00000006
11.14000000,LOWER_LEG,-0.01024783,-0.01879091,0.01476055,-0.09165184,0.07743467,0.31601046,-0.09389701,0.07263786,0.07930404,0.02166348,0.00082822,23.48679441,4.00303612,59.66988635,29.93848772,0.21866981,-0.40675644,1.20483339,0.22037744,-0.40914950,1.20176436,10.53514812,0.00000006
11.15000000,LOWER_LEG,-0.01025268,-0.01880000,0.01475953,-0.09165442,0.07743666,0.31601184,-0.09389937,0.07263977,0.07929668,0.02166370,0.00082844,23.49286061,3.99923392,59.66281250,29.94352650,0.21866433,-0.40672314,1.20479207,0.22037463,-0.40913491,1.20173163,10.53527575,0.00000006
11.16000000,LOWER_LEG,-0.01025652,-0.01880806,0.01475781,-0.09165651,0.07743839,0.31601312,-0.09390129,0.07264145,0.07928997,0.02166393,0.00082867,23.49955489,3.99529605,59.65498027,29.94882477,0.21865875,-0.40669379,1.20475695,0.22037233,-0.40912299,1.20170487,10.53522871,0.00000006
11.17000000,LOWER_LEG,-0.01025941,-0.01881513,0.01475544,-0.09165814,0.07743987,0.31601431,-0.09390279,0.07264289,0.07928388,0.02166417,0.00082891,23.50677215,3.99127383,59.64650678,29.95433834,0.21865310,-0.40666812,1.20472759,0.22037050,-0.40911348,1.20168354,10.53502578,0.00000006
11.18000000,LOWER_LEG,-0.01026145,-0.01882130,0.01475250,-0.09165935,0.07744112,0.31601541,-0.09390391,0.07264412,0.07927836,0.02166442,0.00082916,23.51440330,3.98722192,59.63751120,29.96002078,0.21864741,-0.40664586,1.20470355,0.22036909,-0.40910615,1.20166710,10.53468624,0.00000006
11.19000000,LOWER_LEG,-0.01026273,-0.01882664,0.01474905,-0.09166018,0.07744216,0.31601642,-0.09390467,0.07264515,0.07927339,0.02166468,0.00082942,23.52234336,3.98317394,59.62825437,29.96587182,0.21864168,-0.40662675,1.20468434,0.22036806,-0.40910076,1.20165500,10.53424813,0.00000006
11.20000000,LOWER_LEG,-0.01026332,-0.01883124,0.01474514,-0.09166067,0.07744300,0.31601735,-0.09390511,0.07264601,0.07926892,0.02166494,0.00082968,23.53048715,3.97857230,59.61864814,29.97176709,0.21863594,-0.40661051,1.20466952,0.22036740,-0.40909734,1.20164733,10.53370318,0.00000009
11.21000000,LOWER_LEG,-0.01026332,-0.01883516,0.01474085,-0.09166085,0.07744368,0.31601819,-0.09390528,0.07264671,0.07926490,0.02166519,0.00082994,23.53870874,3.97521131,59.60879087,29.97763332,0.21863022,-0.40659685,1.20465859,0.22036692,-0.40909487,1.20164179,10.53306964,0.00000006
11.22000000,LOWER_LEG,-0.01026283,-0.01883849,0.01473625,-0.09166077,0.07744420,0.31601896,-0.09390520,0.07264726,0.07926131,0.02166545,0.00083019,23.54688629,3.97151532,59.59833694,29.98346730,0.21862454,-0.40658544,1.20465096,0.22036670,-0.40909373,1.20163922,10.53230684,0.00000008
11.23000000,LOWER_LEG,-0.01026194,-0.01884131,0.01473143,-0.09166047,0.07744459,0.31601966,-0.09390491,0.07264769,0.07925809,0.02166569,0.00083043,23.55490416,3.96840737,59.58876380,29.98918578,0.21861891,-0.40657600,1.20464610,0.22036662,-0.40909332,1.20163831,10.53161084,0.00000008
11.24000000,LOWER_LEG,-0.01026076,-0.01884373,0.01472645,-0.09165999,0.07744487,0.31602029,-0.09390446,0.07264802,0.07925520,0.02166591,0.00083065,23.56264299,3.96586095,59.57954345,29.99472431,0.21861336,-0.40656820,1.20464347,0.22036662,-0.40909332,1.20163831,10.53091784,0.00000005
11.25000000,LOWER_LEG,-0.01025941,-0.01884585,0.01472141,-0.09165937,0.07744507,0.31602088,-0.09390387,0.07264826,0.07925259,0.02166611,0.00083085,23.56990780,3.96378453,59.57022157,29.99991385,0.21860790,-0.40656165,1.20464227,0.22036662,-0.40909332,1.20163831,10.53017237,0.00000005
11.26000000,VERIFY_CONTACT,-0.01025800,-0.01884775,0.01471641,-0.09165867,0.07744520,0.31602143,-0.09390320,0.07264844,0.07925023,0.02166629,0.00083103,23.57657392,3.96132983,59.56177428,30.00495737,0.21860258,-0.40655605,1.20464192,0.22036669,-0.40909367,1.20163908,10.52950588,0.00000005
11.27000000,VERIFY_CONTACT,-0.01025659,-0.01884951,0.01471153,-0.09165790,0.07744530,0.31602194,-0.09390247,0.07264858,0.07924806,0.02166644,0.00083118,23.58307397,3.95967046,59.55304414,30.00898687,0.21859745,-0.40655120,1.20464213,0.22036669,-0.40909367,1.20163908,10.52877623,0.00000009
11.28000000,VERIFY_CONTACT,-0.01025528,-0.01885119,0.01470685,-0.09165712,0.07744538,0.31602242,-0.09390173,0.07264871,0.07924604,0.02166659,0.00083133,23.58798825,3.95732204,59.54578351,30.01402844,0.21859250,-0.40654690,1.20464251,0.22036676,-0.40909401,1.20163985,10.52821547,0.00000003
11.29000000,VERIFY_CONTACT,-0.01025410,-0.01885279,0.01470245,-0.09165636,0.07744547,0.31602288,-0.09390099,0.07264883,0.07924415,0.02166673,0.00083147,23.59356635,3.95538275,59.53815768,30.01713713,0.21858778,-0.40654303,1.20464291,0.22036676,-0.40909401,1.20163985,10.52759238,0.00000009
11.30000000,VERIFY_CONTACT,-0.01025309,-0.01885437,0.01469838,-0.09165564,0.07744557,0.31602330,-0.09390029,0.07264896,0.07924233,0.02166687,0.00083161,23.59871182,3.95286736,59.53178765,30.02007473,0.21858331,-0.40653954,1.20464327,0.22036683,-0.40909437,1.20164066,10.52711902,0.00000008
11.31000000,VERIFY_CONTACT,-0.01025228,-0.01885594,0.01469469,-0.09165499,0.07744570,0.31602368,-0.09389965,0.07264911,0.07924058,0.02166702,0.00083176,23.60265054,3.95022520,59.52590522,30.02384054,0.21857910,-0.40653638,1.20464354,0.22036690,-0.40909474,1.20164150,10.52670166,0.00000007
11.32000000,VERIFY_CONTACT,-0.01025166,-0.01885750,0.01469139,-0.09165442,0.07744586,0.31602401,-0.09389910,0.07264929,0.07923886,0.02166718,0.00083192,23.60770361,3.94670847,59.52054471,30.02569036,0.21857514,-0.40653351,1.20464376,0.22036704,-0.40909546,1.20164310,10.52634683,0.00000010
11.33000000,VERIFY_CONTACT,-0.01025125,-0.01885907,0.01468849,-0.09165396,0.07744607,0.31602429,-0.09389864,0.07264950,0.07923714,0.02166735,0.00083209,23.61127012,3.94437274,59.51621337,30.02886383,0.21857142,-0.40653094,1.20464398,0.22036711,-0.40909585,1.20164399,10.52612400,0.00000005
11.34000000,VERIFY_CONTACT,-0.01025104,-0.01886066,0.01468599,-0.09165362,0.07744631,0.31602451,-0.09389829,0.07264974,0.07923543,0.02166753,0.00083227,23.61558356,3.94127593,59.51243734,30.03077531,0.21856792,-0.40652862,1.20464421,0.22036725,-0.40909659,1.20164564,10.52597233,0.00000008
11.35000000,VERIFY_CONTACT,-0.01025101,-0.01886228,0.01468387,-0.09165341,0.07744658,0.31602466,-0.09389806,0.07265002,0.07923369,0.02166772,0.00083246,23.61859901,3.93822526,59.50918883,30.03398103,0.21856461,-0.40652655,1.20464451,0.22036740,-0.40909738,1.20164740,10.52588917,0.00000005
11.36000000,VERIFY_CONTACT,-0.01025114,-0.01886394,0.01468210,-0.09165333,0.07744690,0.31602474,-0.09389795,0.07265032,0.07923191,0.02166792,0.00083266,23.62205173,3.93459477,59.50699004,30.03622642,0.21856147,-0.40652471,1.20464492,0.22036761,-0.40909846,1.20164983,10.52594469,0.00000000
11.37000000,VERIFY_CONTACT,-0.01025142,-0.01886565,0.01468064,-0.09165340,0.07744724,0.31602475,-0.09389798,0.07265065,0.07923009,0.02166811,0.00083285,23.62525577,3.93208902,59.50439224,30.03839090,0.21855847,-0.40652308,1.20464545,0.22036777,-0.40909926,1.20165163,10.52594864,0.00000006
11.38000000,VERIFY_CONTACT,-0.01025183,-0.01886742,0.01467945,-0.09165361,0.07744760,0.31602469,-0.09389815,0.07265100,0.07922823,0.02166831,0.00083306,23.62815638,3.92827827,59.50342132,30.04056317,0.21855556,-0.40652163,1.20464612,0.22036802,-0.40910058,1.20165460,10.52616634,0.00000000
11.39000000,VERIFY_CONTACT,-0.01025233,-0.01886925,0.01467848,-0.09165396,0.07744798,0.31602457,-0.09389845,0.07265136,0.07922630,0.02166852,0.00083326,23.63073459,3.92570841,59.50192680,30.04270425,0.21855273,-0.40652037,1.20464700,0.22036823,-0.40910165,1.20165700,10.52631592,0.00000004
11.40000000,VERIFY_CONTACT,-0.01025289,-0.01887115,0.01467770,-0.09165445,0.07744837,0.31602440,-0.09389888,0.07265173,0.07922433,0.02166872,0.00083346,23.63359088,3.92301952,59.50091748,30.04406972,0.21854996,-0.40651926,1.20464804,0.22036844,-0.40910278,1.20165953,10.52652927,0.00000008
11.41000000,VERIFY_CONTACT,-0.01025351,-0.01887313,0.01467707,-0.09165507,0.07744876,0.31602417,-0.09389944,0.07265210,0.07922230,0.02166892,0.00083366,23.63546648,3.91932378,59.50121931,30.04623306,0.21854720,-0.40651830,1.20464926,0.22036875,-0.40910437,1.20166310,10.52691398,0.00000008
11.42000000,VERIFY_CONTACT,-0.01025416,-0.01887518,0.01467654,-0.09165581,0.07744915,0.31602389,-0.09390012,0.07265247,0.07922022,0.02166911,0.00083385,23.63697860,3.91689849,59.50080970,30.04840822,0.21854446,-0.40651747,1.20465065,0.22036899,-0.40910561,1.20166589,10.52720390,0.00000008
11.43000000,VERIFY_CONTACT,-0.01025483,-0.01887730,0.01467609,-0.09165667,0.07744953,0.31602357,-0.09390091,0.07265284,0.07921810,0.02166931,0.00083405,23.63814082,3.91450905,59.50067253,30.05059739,0.21854172,-0.40651677,1.20465221,0.22036924,-0.40910689,1.20166876,10.52752773,0.00000009
11.44000000,VERIFY_CONTACT,-0.01025549,-0.01887947,0.01467570,-0.09165763,0.07744990,0.31602323,-0.09390179,0.07265319,0.07921594,0.02166949,0.00083423,23.63898696,3.91106004,59.50177645,30.05279579,0.21853897,-0.40651620,1.20465394,0.22036957,-0.40910864,1.20167267,10.52801114,0.00000009
11.45000000,VERIFY_CONTACT,-0.01025614,-0.01888168,0.01467534,-0.09165868,0.07745026,0.31602285,-0.09390276,0.07265353,0.07921375,0.02166967,0.00083441,23.63954351,3.90903145,59.50192505,30.05496694,0.21853621,-0.40651574,1.20465581,0.22036983,-0.40910996,1.20167565,10.52836568,0.00000009
11.46000000,VERIFY_CONTACT,-0.01025677,-0.01888393,0.01467501,-0.09165981,0.07745060,0.31602246,-0.09390381,0.07265385,0.07921155,0.02166984,0.00083458,23.63984339,3.90705024,59.50222909,30.05712394,0.21853344,-0.40651541,1.20465780,0.22037008,-0.40911129,1.20167863,10.52873620,0.00000010
11.47000000,VERIFY_CONTACT,-0.01025737,-0.01888620,0.01467470,-0.09166098,0.07745092,0.31602205,-0.09390491,0.07265416,0.07920935,0.02167000,0.00083474,23.63993633,3.90400924,59.50367402,30.05925531,0.21853067,-0.40651520,1.20465991,0.22037043,-0.40911307,1.20168261,10.52925032,0.00000010
11.48000000,VERIFY_CONTACT,-0.01025795,-0.01888846,0.01467440,-0.09166221,0.07745122,0.31602163,-0.09390605,0.07265444,0.07920715,0.02167016,0.00083490,23.63931978,3.90241898,59.50401974,30.06192399,0.21852791,-0.40651511,1.20466209,0.22037068,-0.40911439,1.20168557,10.52961541,0.00000004
11.49000000,VERIFY_CONTACT,-0.01025851,-0.01889071,0.01467411,-0.09166345,0.07745150,0.31602122,-0.09390722,0.07265471,0.07920497,0.02167030,0.00083504,23.63953184,3.90087187,59.50446310,30.06343484,0.21852517,-0.40651516,1.20466433,0.22037093,-0.40911569,1.20168850,10.52998386,0.00000008
11.50000000,VERIFY_CONTACT,-0.01025903,-0.01889293,0.01467384,-0.09166471,0.07745177,0.31602080,-0.09390840,0.07265497,0.07920283,0.02167043,0.00083517,23.63885690,3.89829698,59.50591612,30.06582709,0.21852246,-0.40651534,1.20466661,0.22037126,-0.40911739,1.20169232,10.53047662,0.00000003
11.51000000,VERIFY_CONTACT,-0.01025953,-0.01889511,0.01467360,-0.09166596,0.07745201,0.31602040,-0.09390958,0.07265520,0.07920073,0.02167056,0.00083530,23.63892312,3.89710846,59.50627144,30.06715263,0.21851981,-0.40651565,1.20466888,0.22037150,-0.40911864,1.20169512,10.53081516,0.00000008
11.52000000,VERIFY_CONTACT,-0.01026000,-0.01889725,0.01467339,-0.09166720,0.07745225,0.31602001,-0.09391074,0.07265543,0.07919869,0.02167067,0.00083542,23.63871281,3.89593447,59.50664582,30.06870573,0.21851722,-0.40651611,1.20467113,0.22037173,-0.40911986,1.20169785,10.53114570,0.00000010
11.53000000,VERIFY_CONTACT,-0.01026046,-0.01889932,0.01467322,-0.09166840,0.07745246,0.31601963,-0.09391188,0.07265564,0.07919671,0.02167078,0.00083552,23.63834460,3.89381613,59.50787911,30.07029526,0.21851469,-0.40651672,1.20467333,0.22037203,-0.40912142,1.20170137,10.53157884,0.00000010
11.54000000,VERIFY_CONTACT,-0.01026089,-0.01890131,0.01467309,-0.09166956,0.07745267,0.31601928,-0.09391298,0.07265583,0.07919480,0.02167088,0.00083562,23.63802669,3.89297014,59.50804025,30.07171293,0.21851225,-0.40651745,1.20467548,0.22037225,-0.40912255,1.20170390,10.53186021,0.00000009
11.55000000,VERIFY_CONTACT,-0.01026131,-0.01890321,0.01467300,-0.09167067,0.07745287,0.31601895,-0.09391403,0.07265602,0.07919298,0.02167097,0.00083571,23.63776709,3.89213483,59.50817321,30.07298679,0.21850989,-0.40651833,1.20467755,0.22037246,-0.40912364,1.20170634,10.53212603,0.00000009
11.56000000,VERIFY_CONTACT,-0.01026171,-0.01890502,0.01467296,-0.09167171,0.07745305,0.31601865,-0.09391502,0.07265620,0.07919125,0.02167105,0.00083579,23.63757740,3.89104733,59.50853022,30.07411924,0.21850763,-0.40651932,1.20467952,0.22037268,-0.40912480,1.20170894,10.53240833,0.00000008
11.57000000,VERIFY_CONTACT,-0.01026210,-0.01890674,0.01467297,-0.09167269,0.07745323,0.31601837,-0.09391595,0.07265637,0.07918961,0.02167113,0.00083587,23.63746809,3.88942528,59.50934194,30.07510527,0.21850547,-0.40652043,1.20468137,0.22037294,-0.40912611,1.20171189,10.53273690,0.00000008
11.58000000,VERIFY_CONTACT,-0.01026247,-0.01890836,0.01467303,-0.09167359,0.07745340,0.31601813,-0.09391681,0.07265653,0.07918807,0.02167119,0.00083593,23.63713067,3.88926478,59.50889205,30.07628289,0.21850342,-0.40652167,1.20468312,0.22037310,-0.40912694,1.20171375,10.53288750,0.00000006
11.59000000,VERIFY_CONTACT,-0.01026282,-0.01890986,0.01467312,-0.09167441,0.07745357,0.31601791,-0.09391760,0.07265669,0.07918662,0.02167125,0.00083599,23.63687930,3.88796577,59.50939873,30.07742143,0.21850147,-0.40652301,1.20468476,0.22037332,-0.40912810,1.20171636,10.53314953,0.00000000
11.60000000,VERIFY_CONTACT,-0.01026315,-0.01891126,0.01467326,-0.09167516,0.07745373,0.31601773,-0.09391831,0.07265684,0.07918528,0.02167131,0.00083605,23.63748147,3.88793736,59.50877611,30.07733275,0.21849963,-0.40652444,1.20468630,0.22037346,-0.40912883,1.20171798,10.53325216,0.00000005
11.61000000,VERIFY_CONTACT,-0.01026347,-0.01891256,0.01467343,-0.09167582,0.07745388,0.31601757,-0.09391895,0.07265699,0.07918404,0.02167135,0.00083609,23.63800797,3.88756239,59.50842976,30.07743287,0.21849789,-0.40652594,1.20468769,0.22037361,-0.40912959,1.20171970,10.53337622,0.00000009
11.62000000,VERIFY_CONTACT,-0.01026377,-0.01891376,0.01467363,-0.09167640,0.07745403,0.31601745,-0.09391950,0.07265713,0.07918290,0.02167139,0.00083613,23.63773384,3.88709728,59.50814524,30.07841521,0.21849625,-0.40652749,1.20468897,0.22037376,-0.40913039,1.20172148,10.53349709,0.00000007
11.63000000,VERIFY_CONTACT,-0.01026404,-0.01891485,0.01467384,-0.09167690,0.07745417,0.31601735,-0.09391999,0.07265726,0.07918186,0.02167143,0.00083617,23.63834222,3.88674073,59.50773923,30.07825765,0.21849471,-0.40652909,1.20469014,0.22037390,-0.40913112,1.20172312,10.53359029,0.00000006
11.64000000,VERIFY_CONTACT,-0.01026429,-0.01891586,0.01467406,-0.09167732,0.07745431,0.31601728,-0.09392040,0.07265739,0.07918091,0.02167145,0.00083619,23.63882697,3.88604780,59.50762366,30.07828482,0.21849326,-0.40653071,1.20469118,0.22037405,-0.40913191,1.20172490,10.53370870,0.00000004
11.65000000,VERIFY_CONTACT,-0.01026451,-0.01891677,0.01467429,-0.09167767,0.07745443,0.31601723,-0.09392074,0.07265752,0.07918005,0.02167148,0.00083622,23.63925430,3.88643316,59.50652330,30.07833395,0.21849191,-0.40653234,1.20469213,0.22037412,-0.40913228,1.20172572,10.53368772,0.00000008
11.66000000,VERIFY_CONTACT,-0.01026471,-0.01891759,0.01467451,-0.09167796,0.07745455,0.31601721,-0.09392102,0.07265763,0.07917927,0.02167149,0.00083623,23.63963892,3.88589903,59.50628891,30.07842990,0.21849063,-0.40653396,1.20469299,0.22037426,-0.40913299,1.20172733,10.53376907,0.00000003
11.67000000,VERIFY_CONTACT,-0.01026488,-0.01891834,0.01467472,-0.09167818,0.07745467,0.31601720,-0.09392124,0.07265774,0.07917857,0.02167151,0.00083625,23.63994232,3.88615026,59.50532398,30.07865468,0.21848944,-0.40653557,1.20469375,0.22037433,-0.40913334,1.20172811,10.53374466,0.00000007
11.68000000,VERIFY_CONTACT,-0.01026503,-0.01891901,0.01467492,-0.09167835,0.07745477,0.31601721,-0.09392140,0.07265784,0.07917795,0.02167151,0.00083625,23.64109174,3.88622629,59.50450997,30.07780695,0.21848832,-0.40653712,1.20469441,0.22037440,-0.40913371,1.20172893,10.53373115,0.00000009
11.69000000,VERIFY_CONTACT,-0.01026516,-0.01891962,0.01467509,-0.09167846,0.07745487,0.31601724,-0.09392152,0.07265794,0.07917739,0.02167152,0.00083626,23.64145823,3.88625024,59.50373575,30.07779348,0.21848726,-0.40653863,1.20469500,0.22037447,-0.40913408,1.20172977,10.53371689,0.00000009
11.70000000,VERIFY_CONTACT,-0.01026526,-0.01892017,0.01467524,-0.09167854,0.07745496,0.31601728,-0.09392160,0.07265802,0.07917689,0.02167152,0.00083626,23.64166748,3.88624112,59.50303391,30.07799383,0.21848628,-0.40654008,1.20469553,0.22037454,-0.40913446,1.20173061,10.53370348,0.00000008
11.71000000,VERIFY_CONTACT,-0.01026534,-0.01892067,0.01467537,-0.09167857,0.07745504,0.31601732,-0.09392164,0.07265810,0.07917644,0.02167152,0.00083626,23.64264253,3.88624587,59.50239599,30.07737212,0.21848537,-0.40654146,1.20469601,0.22037461,-0.40913482,1.20173143,10.53369011,0.00000008
11.72000000,VERIFY_CONTACT,-0.01026541,-0.01892112,0.01467546,-0.09167858,0.07745511,0.31601737,-0.09392165,0.07265818,0.07917603,0.02167152,0.00083626,23.64290654,3.88612374,59.50183437,30.07741214,0.21848449,-0.40654276,1.20469641,0.22037468,-0.40913519,1.20173226,10.53368450,0.00000004
11.73000000,VERIFY_CONTACT,-0.01026545,-0.01892154,0.01467553,-0.09167857,0.07745518,0.31601743,-0.09392164,0.07265824,0.07917567,0.02167151,0.00083625,23.64367156,3.88655825,59.50074762,30.07707679,0.21848369,-0.40654397,1.20469676,0.22037468,-0.40913519,1.20173226,10.53360117,0.00000010
11.74000000,VERIFY_CONTACT,-0.01026548,-0.01892191,0.01467557,-0.09167854,0.07745524,0.31601749,-0.09392161,0.07265831,0.07917533,0.02167151,0.00083625,23.64390347,3.88651357,59.50019846,30.07709976,0.21848293,-0.40654511,1.20469713,0.22037476,-0.40913556,1.20173308,10.53358972,0.00000005
11.75000000,VERIFY_CONTACT,-0.01026550,-0.01892228,0.01467559,-0.09167849,0.07745530,0.31601754,-0.09392157,0.07265836,0.07917503,0.02167150,0.00083624,23.64457922,3.88616339,59.49998876,30.07685136,0.21848223,-0.40654615,1.20469739,0.22037482,-0.40913591,1.20173387,10.53361247,0.00000010
11.76000000,VERIFY_CONTACT,-0.01026551,-0.01892260,0.01467559,-0.09167845,0.07745535,0.31601759,-0.09392153,0.07265841,0.07917474,0.02167149,0.00083623,23.64471188,3.88670442,59.49886594,30.07695833,0.21848156,-0.40654710,1.20469770,0.22037482,-0.40913591,1.20173387,10.53352169,0.00000006
11.77000000,VERIFY_CONTACT,-0.01026552,-0.01892294,0.01467556,-0.09167840,0.07745539,0.31601764,-0.09392149,0.07265846,0.07917446,0.02167149,0.00083623,23.64531992,3.88627773,59.49880961,30.07676818,0.21848095,-0.40654795,1.20469791,0.22037489,-0.40913626,1.20173467,10.53355987,0.00000009
11.78000000,VERIFY_CONTACT,-0.01026552,-0.01892323,0.01467552,-0.09167836,0.07745543,0.31601767,-0.09392144,0.07265850,0.07917420,0.02167148,0.00083622,23.64538484,3.88676648,59.49781313,30.07694247,0.21848036,-0.40654874,1.20469820,0.22037489,-0.40913626,1.20173467,10.53348200,0.00000005
11.79000000,VERIFY_CONTACT,-0.01026553,-0.01892355,0.01467546,-0.09167832,0.07745547,0.31601771,-0.09392141,0.07265854,0.07917394,0.02167148,0.00083622,23.64592227,3.88599622,59.49803960,30.07682783,0.21847981,-0.40654941,1.20469836,0.22037496,-0.40913661,1.20173545,10.53355575,0.00000008
11.80000000,VERIFY_CONTACT,-0.01026552,-0.01892384,0.01467540,-0.09167830,0.07745551,0.31601773,-0.09392139,0.07265857,0.07917369,0.02167148,0.00083622,23.64588750,3.88670380,59.49702690,30.07709773,0.21847930,-0.40655005,1.20469864,0.22037496,-0.40913661,1.20173545,10.53347287,0.00000004
11.81000000,VERIFY_CONTACT,-0.01026553,-0.01892414,0.01467532,-0.09167829,0.07745554,0.31601774,-0.09392138,0.07265861,0.07917343,0.02167148,0.00083622,23.64639153,3.88680091,59.49653056,30.07698208,0.21847881,-0.40655056,1.20469883,0.22037496,-0.40913661,1.20173545,10.53345264,0.00000009
11.82000000,VERIFY_CONTACT,-0.01026552,-0.01892445,0.01467525,-0.09167830,0.07745557,0.31601775,-0.09392138,0.07265864,0.07917317,0.02167148,0.00083622,23.64617194,3.88648529,59.49654160,30.07751526,0.21847837,-0.40655105,1.20469906,0.22037503,-0.40913697,1.20173626,10.53350101,0.00000003
11.83000000,VERIFY_CONTACT,-0.01026555,-0.01892475,0.01467516,-0.09167833,0.07745560,0.31601774,-0.09392141,0.07265867,0.07917290,0.02167148,0.00083622,23.64670911,3.88659379,59.49607916,30.07727086,0.21847793,-0.40655145,1.20469929,0.22037503,-0.40913697,1.20173626,10.53348792,0.00000008
11.84000000,VERIFY_CONTACT,-0.01026555,-0.01892508,0.01467509,-0.09167838,0.07745563,0.31601772,-0.09392145,0.07265870,0.07917263,0.02167149,0.00083623,23.64625067,3.88616608,59.49631672,30.07827799,0.21847753,-0.40655181,1.20469950,0.22037510,-0.40913733,1.20173707,10.53356258,0.00000002
11.85000000,VERIFY_CONTACT,-0.01026559,-0.01892538,0.01467501,-0.09167844,0.07745566,0.31601770,-0.09392151,0.07265873,0.07917235,0.02167149,0.00083623,23.64689069,3.88629090,59.49584648,30.07767774,0.21847713,-0.40655211,1.20469976,0.22037510,-0.40913733,1.20173707,10.53355291,0.00000007
11.86000000,VERIFY_CONTACT,-0.01026562,-0.01892571,0.01467494,-0.09167853,0.07745569,0.31601766,-0.09392158,0.07265876,0.07917206,0.02167150,0.00083624,23.64720712,3.88584956,59.49616038,30.07772230,0.21847677,-0.40655238,1.20470000,0.22037516,-0.40913769,1.20173786,10.53363829,0.00000009
11.87000000,VERIFY_CONTACT,-0.01026566,-0.01892604,0.01467487,-0.09167864,0.07745572,0.31601762,-0.09392168,0.07265878,0.07917176,0.02167151,0.00083625,23.64693221,3.88592313,59.49578455,30.07820554,0.21847640,-0.40655261,1.20470026,0.22037516,-0.40913769,1.20173786,10.53364168,0.00000008
11.88000000,VERIFY_CONTACT,-0.01026570,-0.01892638,0.01467481,-0.09167876,0.07745575,0.31601757,-0.09392179,0.07265881,0.07917146,0.02167152,0.00083626,23.64724554,3.88549325,59.49614594,30.07821272,0.21847606,-0.40655282,1.20470054,0.22037523,-0.40913805,1.20173867,10.53373490,0.00000007
11.89000000,VERIFY_CONTACT,-0.01026576,-0.01892674,0.01467476,-0.09167890,0.07745577,0.31601751,-0.09392192,0.07265884,0.07917114,0.02167154,0.00083628,23.64683296,3.88549575,59.49588668,30.07886525,0.21847572,-0.40655300,1.20470080,0.22037523,-0.40913805,1.20173867,10.53375249,0.00000009
11.90000000,VERIFY_CONTACT,-0.01026581,-0.01892708,0.01467471,-0.09167905,0.07745580,0.31601745,-0.09392207,0.07265887,0.07917082,0.02167155,0.00083629,23.64718191,3.88511151,59.49623778,30.07875108,0.21847540,-0.40655317,1.20470112,0.22037531,-0.40913841,1.20173949,10.53384646,0.00000006
11.91000000,VERIFY_CONTACT,-0.01026587,-0.01892745,0.01467468,-0.09167922,0.07745583,0.31601738,-0.09392222,0.07265889,0.07917050,0.02167157,0.00083631,23.64659460,3.88431528,59.49684673,30.07972295,0.21847509,-0.40655332,1.20470138,0.22037537,-0.40913877,1.20174029,10.53397393,0.00000001
11.92000000,VERIFY_CONTACT,-0.01026594,-0.01892780,0.01467465,-0.09167940,0.07745586,0.31601731,-0.09392239,0.07265892,0.07917017,0.02167158,0.00083632,23.64702681,3.88470740,59.49641141,30.07932724,0.21847477,-0.40655348,1.20470173,0.22037537,-0.40913877,1.20174029,10.53396835,0.00000007
11.93000000,VERIFY_CONTACT,-0.01026599,-0.01892817,0.01467464,-0.09167959,0.07745588,0.31601724,-0.09392257,0.07265895,0.07916984,0.02167160,0.00083634,23.64718470,3.88424144,59.49687816,30.07943816,0.21847448,-0.40655363,1.20470204,0.22037544,-0.40913912,1.20174108,10.53407431,0.00000009
11.94000000,VERIFY_CONTACT,-0.01026608,-0.01892852,0.01467463,-0.09167979,0.07745591,0.31601716,-0.09392275,0.07265897,0.07916951,0.02167161,0.00083635,23.64678925,3.88429226,59.49664778,30.07993455,0.21847417,-0.40655377,1.20470234,0.22037544,-0.40913912,1.20174108,10.53409623,0.00000010
11.95000000,VERIFY_CONTACT,-0.01026613,-0.01892887,0.01467462,-0.09167999,0.07745594,0.31601708,-0.09392294,0.07265900,0.07916918,0.02167163,0.00083637,23.64697928,3.88392880,59.49705153,30.07996588,0.21847389,-0.40655394,1.20470271,0.22037551,-0.40913947,1.20174187,10.53419367,0.00000007
11.96000000,VERIFY_CONTACT,-0.01026620,-0.01892923,0.01467463,-0.09168019,0.07745596,0.31601701,-0.09392313,0.07265902,0.07916885,0.02167165,0.00083639,23.64647156,3.88338598,59.49750704,30.08059715,0.21847361,-0.40655410,1.20470300,0.22037557,-0.40913982,1.20174264,10.53430056,0.00000002
11.97000000,VERIFY_CONTACT,-0.01026628,-0.01892957,0.01467464,-0.09168039,0.07745599,0.31601693,-0.09392332,0.07265905,0.07916853,0.02167166,0.00083640,23.64671431,3.88357845,59.49727205,30.08048992,0.21847332,-0.40655427,1.20470334,0.22037557,-0.40913982,1.20174264,10.53431488,0.00000008
11.98000000,VERIFY_CONTACT,-0.01026633,-0.01892992,0.01467466,-0.09168059,0.07745601,0.31601686,-0.09392351,0.07265907,0.07916822,0.02167168,0.00083642,23.64681522,3.88314930,59.49775349,30.08057185,0.21847307,-0.40655447,1.20470365,0.22037565,-0.40914018,1.20174346,10.53441748,0.00000010
11.99000000,VERIFY_CONTACT,-0.01026641,-0.01893024,0.01467468,-0.09168079,0.07745603,0.31601679,-0.09392370,0.07265909,0.07916792,0.02167169,0.00083643,23.64639623,3.88321761,59.49752732,30.08100559,0.21847278,-0.40655465,1.20470394,0.22037565,-0.40914018,1.20174346,10.53443466,0.00000010
12.00000000,VERIFY_CONTACT,-0.01026646,-0.01893055,0.01467471,-0.09168098,0.07745606,0.31601672,-0.09392388,0.07265911,0.07916762,0.02167170,0.00083644,23.64656218,3.88290197,59.49790755,30.08098991,0.21847254,-0.40655487,1.20470430,0.22037571,-0.40914053,1.20174424,10.53452248,0.00000007
12.01100000,STAND,-0.01026653,-0.01893090,0.01467474,-0.09168118,0.07745608,0.31601665,-0.09392407,0.07265913,0.07916731,0.02167172,0.00083646,23.64605623,3.88227429,59.49833189,30.08148778,0.21847225,-0.40655513,1.20470461,0.22037569,-0.40914103,1.20174516,10.53462550,0.00000010
12.02100000,STAND,-0.01026675,-0.01893125,0.01467479,-0.09168134,0.07745608,0.31601657,-0.09392422,0.07265914,0.07916706,0.02167176,0.00083650,23.64512838,3.87840378,59.49857636,30.07801896,0.21847172,-0.40655584,1.20470549,0.22037384,-0.40914533,1.20175033,10.53474178,0.00000000
12.03100000,STAND,-0.01026754,-0.01893197,0.01467496,-0.09168142,0.07745602,0.31601641,-0.09392433,0.07265910,0.07916691,0.02167189,0.00083663,23.64394442,3.87061392,59.50123091,30.07265778,0.21847014,-0.40655835,1.20470820,0.22036930,-0.40915578,1.20176280,10.53522415,0.00000000
12.04100000,STAND,-0.01026937,-0.01893341,0.01467538,-0.09168134,0.07745578,0.31601606,-0.09392430,0.07265891,0.07916694,0.02167221,0.00083695,23.64273000,3.85744659,59.50769915,30.06464749,0.21846651,-0.40656465,1.20471492,0.22036057,-0.40917614,1.20178732,10.53628624,0.00000000
12.05100000,STAND,-0.01027272,-0.01893589,0.01467623,-0.09168095,0.07745521,0.31601536,-0.09392405,0.07265843,0.07916728,0.02167279,0.00083753,23.64219551,3.83868525,59.51935399,30.05436942,0.21845959,-0.40657728,1.20472857,0.22034637,-0.40920965,1.20182796,10.53813915,0.00000000
12.06100000,STAND,-0.01027797,-0.01893962,0.01467771,-0.09168011,0.07745406,0.31601417,-0.09392343,0.07265746,0.07916809,0.02167369,0.00083843,23.64297710,3.81450466,59.53712314,30.04231814,0.21844808,-0.40659904,1.20475250,0.22032546,-0.40925938,1.20188850,10.54093939,0.00000000
12.07100000,STAND,-0.01028539,-0.01894477,0.01468003,-0.09167859,0.07745204,0.31601231,-0.09392227,0.07265572,0.07916954,0.02167492,0.00083966,23.64550051,3.78535295,59.56150478,30.02907371,0.21843061,-0.40663287,1.20479025,0.22029660,-0.40932819,1.20197241,10.54478770,0.00000000
12.08100000,STAND,-0.01029512,-0.01895142,0.01468337,-0.09167617,0.07744880,0.31600966,-0.09392037,0.07265291,0.07917184,0.02167650,0.00084124,23.64989162,3.75181915,59.59261012,30.01525694,0.21840582,-0.40668173,1.20484544,0.22025858,-0.40941879,1.20208284,10.54973116,0.00000000
12.09100000,STAND,-0.01030719,-0.01895964,0.01468790,-0.09167257,0.07744392,0.31600610,-0.09391748,0.07264863,0.07917522,0.02167839,0.00084313,23.65595557,3.71455185,59.63021589,30.00148992,0.21837229,-0.40674852,1.20492157,0.22021021,-0.40953369,1.20222266,10.55576752,0.00000000
12.10100000,STAND,-0.01032152,-0.01896946,0.01469369,-0.09166750,0.07743696,0.31600156,-0.09391336,0.07264247,0.07917997,0.02168057,0.00084531,23.66321458,3.67422234,59.67382034,29.98836313,0.21832862,-0.40683609,1.20502203,0.22015036,-0.40967525,1.20239448,10.56285093,0.00000000
12.11100000,STAND,-0.01033791,-0.01898091,0.01470079,-0.09166061,0.07742742,0.31599602,-0.09390769,0.07263399,0.07918638,0.02168301,0.00084775,23.67098416,3.63151578,59.72270107,29.97641098,0.21827340,-0.40694716,1.20514998,0.22007789,-0.40984570,1.20260066,10.57089879,0.00000000
12.12100000,STAND,-0.01035609,-0.01899399,0.01470914,-0.09165155,0.07741478,0.31598948,-0.09390015,0.07262270,0.07919479,0.02168566,0.00085040,23.67846628,3.58713431,59.77597342,29.96609613,0.21820524,-0.40708432,1.20530842,0.21999170,-0.41004709,1.20284333,10.57979910,0.00000000
12.13100000,STAND,-0.01037571,-0.01900867,0.01471859,-0.09163991,0.07739849,0.31598199,-0.09389039,0.07260810,0.07920558,0.02168849,0.00085323,23.68484221,3.54180040,59.83264654,29.95780045,0.21812278,-0.40725005,1.20550013,0.21989074,-0.41028136,1.20312443,10.58941791,0.00000000
12.14100000,STAND,-0.01039638,-0.01902489,0.01472893,-0.09162526,0.07737803,0.31597363,-0.09387800,0.07258968,0.07921914,0.02169145,0.00085619,23.68935305,3.49625425,59.89167401,29.95182060,0.21802471,-0.40744669,1.20572770,0.21977396,-0.41055031,1.20344566,10.59960639,0.00000000
12.15100000,STAND,-0.01041766,-0.01904255,0.01473989,-0.09160713,0.07735283,0.31596447,-0.09386257,0.07256695,0.07923591,0.02169450,0.00085924,23.69136188,3.45124345,59.95199673,29.94836592,0.21790978,-0.40767643,1.20599355,0.21964037,-0.41085563,1.20380858,10.61020703,0.00000001
12.16100000,STAND,-0.01043911,-0.01906152,0.01475111,-0.09158504,0.07732236,0.31595464,-0.09384364,0.07253940,0.07925638,0.02169758,0.00086232,23.69039522,3.40750653,60.01257654,29.94755790,0.21777682,-0.40794135,1.20629988,0.21948900,-0.41119887,1.20421455,10.62105884,0.00000001
12.17100000,STAND,-0.01046030,-0.01908160,0.01476223,-0.09155845,0.07728612,0.31594425,-0.09382073,0.07250655,0.07928104,0.02170065,0.00086539,23.68616480,3.36575331,60.07242061,29.94943103,0.21762475,-0.40824339,1.20664874,0.21931889,-0.41158149,1.20466479,10.63200156,0.00000001
12.18100000,STAND,-0.01048082,-0.01910256,0.01477287,-0.09152681,0.07724359,0.31593341,-0.09379333,0.07246794,0.07931042,0.02170366,0.00086840,23.67857230,3.32664532,60.13059740,29.95393534,0.21745261,-0.40858440,1.20704197,0.21912916,-0.41200487,1.20516039,10.64287870,0.00000001
12.19100000,STAND,-0.01050026,-0.01912413,0.01478264,-0.09148955,0.07719432,0.31592226,-0.09376093,0.07242313,0.07934507,0.02170656,0.00087130,23.66770036,3.29077903,60.18624557,29.96094126,0.21725953,-0.40896608,1.20748125,0.21891893,-0.41247026,1.20570231,10.65353980,0.00000001
12.20100000,STAND,-0.01051830,-0.01914601,0.01479118,-0.09144610,0.07713786,0.31591092,-0.09372297,0.07237171,0.07938554,0.02170930,0.00087404,23.65379359,3.25867396,60.23857751,29.97024699,0.21704476,-0.40939005,1.20796808,0.21868738,-0.41297887,1.20629145,10.66384185,0.00000001
12.21100000,STAND,-0.01053462,-0.01916786,0.01479815,-0.09139584,0.07707380,0.31589950,-0.09367890,0.07231331,0.07943242,0.02171184,0.00087658,23.63723283,3.23076627,60.28687900,29.98158845,0.21680765,-0.40985782,1.20850380,0.21843369,-0.41353181,1.20692858,10.67365026,0.00000001
12.22100000,STAND,-0.01054896,-0.01918932,0.01480327,-0.09133819,0.07700179,0.31588813,-0.09362817,0.07224757,0.07948628,0.02171414,0.00087888,23.61850556,3.20740803,60.33050649,29.99465150,0.21654767,-0.41037081,1.20908957,0.21815713,-0.41413013,1.20761443,10.68283926,0.00000001
12.23100000,STAND,-0.01056113,-0.01921001,0.01480630,-0.09127255,0.07692148,0.31587691,-0.09357023,0.07217417,0.07954769,0.02171616,0.00088090,23.59817494,3.18887131,60.36888297,30.00908589,0.21626437,-0.41093033,1.20972642,0.21785696,-0.41477482,1.20834965,10.69129212,0.00000001
12.24100000,STAND,-0.01057096,-0.01922955,0.01480707,-0.09119833,0.07683255,0.31586596,-0.09350451,0.07209282,0.07961722,0.02171788,0.00088262,23.57684923,3.17535611,60.40149331,30.02452005,0.21595737,-0.41153763,1.21041523,0.21753250,-0.41546680,1.20913483,10.69890117,0.00000001
12.25100000,STAND,-0.01057831,-0.01924756,0.01480544,-0.09111495,0.07673474,0.31585536,-0.09343049,0.07200327,0.07969543,0.02171927,0.00088401,23.55515313,3.16700084,60.42787974,30.04057617,0.21562639,-0.41219386,1.21115676,0.21718310,-0.41620693,1.20997051,10.70556763,0.00000001
12.26100000,STAND,-0.01058310,-0.01926365,0.01480132,-0.09102187,0.07662779,0.31584522,-0.09334764,0.07190527,0.07978286,0.02172031,0.00088506,23.53370203,3.16389397,60.44763767,30.05688450,0.21527119,-0.41290009,1.21195167,0.21680816,-0.41699603,1.21085718,10.71120145,0.00000001
12.27100000,STAND,-0.01058525,-0.01927746,0.01479467,-0.09091854,0.07651147,0.31583561,-0.09325546,0.07179860,0.07988000,0.02172099,0.00088573,23.51307981,3.16608588,60.46041211,30.07309645,0.21489156,-0.41365728,1.21280050,0.21640710,-0.41783484,1.21179527,10.71572117,0.00000001
12.28100000,STAND,-0.01058473,-0.01928863,0.01478548,-0.09080447,0.07638557,0.31582663,-0.09315348,0.07168307,0.07998736,0.02172130,0.00088604,23.49382079,3.17359995,60.46589487,30.08889583,0.21448734,-0.41446633,1.21370375,0.21597938,-0.41872405,1.21278515,10.71905367,0.00000001
12.29100000,STAND,-0.01058149,-0.01929684,0.01477374,-0.09067919,0.07624990,0.31581834,-0.09304125,0.07155850,0.08010539,0.02172123,0.00088597,23.47639575,3.18644220,60.46382228,30.10400779,0.21405839,-0.41532804,1.21466181,0.21552449,-0.41966430,1.21382714,10.72113405,0.00000001
12.30100000,STAND,-0.01057553,-0.01930178,0.01475949,-0.09054225,0.07610428,0.31581080,-0.09291836,0.07142472,0.08023451,0.02172077,0.00088551,23.46120232,3.20460909,60.45397361,30.11820543,0.21360456,-0.41624312,1.21567503,0.21504198,-0.42065617,1.21492151,10.72190548,0.00000002
12.31100000,STAND,-0.01056681,-0.01930317,0.01474274,-0.09039327,0.07594855,0.31580406,-0.09278443,0.07128157,0.08037513,0.02171993,0.00088467,23.44855934,3.22809344,60.43616980,30.13131387,0.21312574,-0.41721217,1.21674372,0.21453139,-0.42170019,1.21606848,10.72131910,0.00000002
12.32100000,STAND,-0.01055531,-0.01930077,0.01472351,-0.09023187,0.07578255,0.31579817,-0.09263911,0.07112890,0.08052758,0.02171870,0.00088344,23.43870494,3.25688817,60.41027267,30.14321187,0.21262178,-0.41823572,1.21786811,0.21399233,-0.42279681,1.21726818,10.71933386,0.00000002
12.33100000,STAND,-0.01054102,-0.01929437,0.01470180,-0.09005775,0.07560615,0.31579317,-0.09248210,0.07096659,0.08069219,0.02171709,0.00088183,23.43179802,3.29098836,60.37618412,30.15383128,0.21209256,-0.41931418,1.21904843,0.21342443,-0.42394645,1.21852071,10.71591649,0.00000002
12.34100000,STAND,-0.01052392,-0.01928377,0.01467760,-0.08987062,0.07541920,0.31578907,-0.09231313,0.07079450,0.08086924,0.02171510,0.00087984,23.42792243,3.33039169,60.33384547,30.16315449,0.21153792,-0.42044790,1.22028485,0.21282734,-0.42514946,1.21982611,10.71104131,0.00000002
12.35100000,STAND,-0.01050396,-0.01926884,0.01465088,-0.08967023,0.07522158,0.31578590,-0.09213196,0.07061251,0.08105897,0.02171274,0.00087748,23.42709348,3.37509752,60.28323660,30.17121026,0.21095771,-0.42163710,1.22157752,0.21220077,-0.42640614,1.22118435,10.70469011,0.00000002
12.36100000,STAND,-0.01048113,-0.01924946,0.01462160,-0.08945640,0.07501316,0.31578365,-0.09193841,0.07042050,0.08126158,0.02171000,0.00087474,23.42926610,3.42510520,60.22437494,30.17806823,0.21035178,-0.42288195,1.22292652,0.21154443,-0.42771675,1.22259537,10.69685194,0.00000002
12.37100000,STAND,-0.01045539,-0.01922553,0.01458970,-0.08922895,0.07479384,0.31578233,-0.09173230,0.07021838,0.08147725,0.02170690,0.00087164,23.43434402,3.48041173,60.15731406,30.18383262,0.20971997,-0.42418251,1.22433193,0.21085808,-0.42908147,1.22405903,10.68752285,0.00000002
12.38100000,STAND,-0.01042670,-0.01919701,0.01455509,-0.08898776,0.07456351,0.31578191,-0.09151352,0.07000603,0.08170610,0.02170343,0.00086817,23.44218959,3.54100922,60.08214194,30.18863526,0.20906212,-0.42553877,1.22579376,0.21014151,-0.43050045,1.22557516,10.67670561,0.00000002
12.39100000,STAND,-0.01039505,-0.01916387,0.01451768,-0.08873275,0.07432207,0.31578239,-0.09128198,0.06978337,0.08194825,0.02169962,0.00086436,23.45263357,3.60688234,59.99897881,30.19262853,0.20837807,-0.42695066,1.22731200,0.20939452,-0.43197378,1.22714351,10.66440927,0.00000002
12.40100000,STAND,-0.01036039,-0.01912609,0.01447738,-0.08846385,0.07406945,0.31578372,-0.09103761,0.06955032,0.08220375,0.02169545,0.00086019,23.46548456,3.67800620,59.90797451,30.19597835,0.20766766,-0.42841804,1.22888657,0.20861697,-0.43350152,1.22876382,10.65064875,0.00000002
12.41100000,STAND,-0.01032272,-0.01908370,0.01443410,-0.08818104,0.07380555,0.31578588,-0.09078038,0.06930680,0.08247265,0.02169096,0.00085570,23.48053775,3.75434455,59.80930551,30.19885752,0.20693075,-0.42994070,1.23051736,0.20780872,-0.43508365,1.23043575,10.63544427,0.00000002
12.42100000,STAND,-0.01028202,-0.01903673,0.01438774,-0.08788433,0.07353033,0.31578882,-0.09051029,0.06905274,0.08275495,0.02168614,0.00085088,23.49758264,3.83584867,59.70317152,30.20143967,0.20616721,-0.43151841,1.23220419,0.20696967,-0.43672013,1.23215894,10.61882076,0.00000002
12.43100000,STAND,-0.01023829,-0.01898524,0.01433822,-0.08757373,0.07324372,0.31579251,-0.09022736,0.06878811,0.08305064,0.02168101,0.00084575,23.51640963,3.92245695,59.58979178,30.20389387,0.20537691,-0.43315087,1.23394683,0.20609977,-0.43841088,1.23393297,10.60080723,0.00000002
12.44100000,STAND,-0.01019156,-0.01892930,0.01428546,-0.08724931,0.07294570,0.31579688,-0.08993163,0.06851286,0.08335969,0.02167559,0.00084033,23.53681544,4.01409505,59.46940115,30.20638015,0.20455977,-0.43483775,1.23574498,0.20519895,-0.44015573,1.23575737,10.58143605,0.00000003
12.45100000,STAND,-0.01014184,-0.01886899,0.01422942,-0.08691113,0.07263622,0.31580188,-0.08962316,0.06822695,0.08368203,0.02166989,0.00083463,23.55860720,4.11067683,59.34224601,30.20904585,0.20371569,-0.43657870,1.23759830,0.20426721,-0.44195453,1.23763165,10.56074221,0.00000003
12.46100000,STAND,-0.01008916,-0.01880440,0.01417004,-0.08655929,0.07231528,0.31580747,-0.08930204,0.06793038,0.08401759,0.02166393,0.00082867,23.58160544,4.21210581,59.20858016,30.21202285,0.20284462,-0.43837332,1.23950638,0.20330455,-0.44380702,1.23955524,10.53876261,0.00000003
12.47100000,STAND,-0.01003359,-0.01873562,0.01410733,-0.08619389,0.07198289,0.31581359,-0.08896835,0.06762314,0.08436627,0.02165772,0.00082246,23.60564593,4.31827710,59.06866078,30.21542568,0.20194652,-0.44022121,1.24146872,0.20231102,-0.44571295,1.24152756,10.51553531,0.00000003
12.48100000,STAND,-0.00997518,-0.01866277,0.01404127,-0.08581506,0.07163904,0.31582019,-0.08862220,0.06730523,0.08472798,0.02165130,0.00081604,23.63058061,4.42907976,58.92274443,30.21935045,0.20102137,-0.44212194,1.24348479,0.20128666,-0.44767199,1.24354795,10.49109878,0.00000003
12.49100000,STAND,-0.00991399,-0.01858594,0.01397190,-0.08542292,0.07128377,0.31582720,-0.08826371,0.06697668,0.08510257,0.02164467,0.00080941,23.65627766,4.54439936,58.77108346,30.22387441,0.20006916,-0.44407506,1.24555398,0.20023157,-0.44968378,1.24561572,10.46549129,0.00000003
12.50100000,STAND,-0.00985012,-0.01850526,0.01389925,-0.08501762,0.07091712,0.31583458,-0.08789301,0.06663752,0.08548994,0.02163785,0.00080259,23.68262103,4.66412066,58.61392260,30.22905622,0.19908993,-0.44608010,1.24767561,0.19914585,-0.45174791,1.24773012,10.43875019,0.00000003
12.51100000,STAND,-0.00978363,-0.01842082,0.01382340,-0.08459930,0.07053913,0.31584227,-0.08751022,0.06628778,0.08588993,0.02163088,0.00079562,23.70950941,4.78813028,58.45149602,30.23493661,0.19808372,-0.44813659,1.24984894,0.19802963,-0.45386392,1.24989037,10.41091143,0.00000003
12.52100000,STAND,-0.00971463,-0.01833275,0.01374440,-0.08416812,0.07014987,0.31585024,-0.08711550,0.06592753,0.08630240,0.02162376,0.00078850,23.73685496,4.91631920,58.28402483,30.24153944,0.19705058,-0.45024400,1.25207317,0.19688307,-0.45603132,1.25209561,10.38200902,0.00000003
12.53100000,STAND,-0.00964320,-0.01824113,0.01366236,-0.08372425,0.06974940,0.31585843,-0.08670897,0.06555683,0.08672721,0.02161652,0.00078126,23.76458176,5.04858505,58.11171501,30.24887308,0.19599060,-0.45240184,1.25434744,0.19570634,-0.45824955,1.25434495,10.35207462,0.00000003
12.54100000,STAND,-0.00956945,-0.01814610,0.01357736,-0.08326783,0.06933782,0.31586680,-0.08629080,0.06517574,0.08716418,0.02160918,0.00077392,23.79262437,5.18483402,57.93475594,30.25693189,0.19490387,-0.45460955,1.25667083,0.19449964,-0.46051803,1.25663742,10.32113729,0.00000003
12.55100000,STAND,-0.00949346,-0.01804773,0.01348952,-0.08279905,0.06891521,0.31587531,-0.08586112,0.06478435,0.08761317,0.02160176,0.00076650,23.82092626,5.32498236,57.75331939,30.26569776,0.19379052,-0.45686658,1.25904235,0.19326319,-0.46283611,1.25897203,10.28922317,0.00000003
12.56100000,STAND,-0.00941533,-0.01794614,0.01339893,-0.08231805,0.06848168,0.31588393,-0.08542009,0.06438274,0.08807401,0.02159427,0.00075901,23.84943849,5.46895744,57.56755904,30.27514173,0.19265068,-0.45917233,1.26146097,0.19199721,-0.46520312,1.26134770,10.25635545,0.00000003
12.57100000,STAND,-0.00933515,-0.01784141,0.01330572,-0.08182502,0.06803733,0.31589264,-0.08496786,0.06397103,0.08854653,0.02158673,0.00075147,23.87811846,5.61669830,57.37761052,30.28522549,0.19148448,-0.46152622,1.26392561,0.19070198,-0.46761833,1.26376334,10.22255426,0.00000003
12.58100000,STAND,-0.00925302,-0.01773363,0.01320999,-0.08132012,0.06758227,0.31590139,-0.08450458,0.06354930,0.08903057,0.02157915,0.00074389,23.90692899,5.76815576,57.18359190,30.29590281,0.19029211,-0.46392758,1.26643512,0.18937777,-0.47008097,1.26621776,10.18783676,0.00000003
12.59100000,STAND,-0.00916901,-0.01762289,0.01311185,-0.08080352,0.06711664,0.31591017,-0.08403040,0.06311768,0.08952596,0.02157155,0.00073629,23.93583745,5.92329201,56.98560456,30.30712084,0.18907374,-0.46637578,1.26898831,0.18802487,-0.47259023,1.26870978,10.15221725,0.00000003
12.60100000,STAND,-0.00908320,-0.01750927,0.01301140,-0.08027539,0.06664057,0.31591895,-0.08354548,0.06267627,0.09003253,0.02156393,0.00072867,23.96481522,6.08207980,56.78373453,30.31882136,0.18782956,-0.46887011,1.27158395,0.18664359,-0.47514524,1.27123811,10.11570736,0.00000003
12.61100000,STAND,-0.00899568,-0.01739285,0.01290873,-0.07973589,0.06615418,0.31592772,-0.08304996,0.06222521,0.09055012,0.02155632,0.00072106,23.99383732,6.24450128,56.57805404,30.33094180,0.18655979,-0.47140984,1.27422075,0.18523428,-0.47774512,1.27380146,10.07831633,0.00000003
12.62100000,STAND,-0.00890652,-0.01727369,0.01280395,-0.07918520,0.06565764,0.31593647,-0.08254399,0.06176462,0.09107854,0.02154871,0.00071346,24.02288212,6.41054650,56.36862339,30.34341624,0.18526466,-0.47399424,1.27689741,0.18379728,-0.48038894,1.27639848,10.04005130,0.00000004
12.63100000,STAND,-0.00881578,-0.01715187,0.01269714,-0.07862349,0.06515107,0.31594517,-0.08202774,0.06129464,0.09161762,0.02154113,0.00070587,24.05193126,6.58021168,56.15549295,30.35617629,0.18394441,-0.47662252,1.27961256,0.18233297,-0.48307573,1.27902780,10.00091770,0.00000004
12.64100000,STAND,-0.00872354,-0.01702744,0.01258838,-0.07805093,0.06463465,0.31595382,-0.08150135,0.06081542,0.09216719,0.02153357,0.00069831,24.08096958,6.75349739,55.93870540,30.36915191,0.18259930,-0.47929386,1.28236481,0.18084172,-0.48580448,1.28168799,9.96091955,0.00000004
12.65100000,STAND,-0.00862986,-0.01690048,0.01247775,-0.07746769,0.06410853,0.31596240,-0.08096499,0.06032709,0.09272708,0.02152604,0.00069078,24.10998512,6.93040653,55.71829784,30.38227216,0.18122961,-0.48200740,1.28515272,0.17932395,-0.48857417,1.28437761,9.92005993,0.00000004
12.66100000,STAND,-0.00853480,-0.01677105,0.01236531,-0.07687396,0.06357289,0.31597092,-0.08041880,0.05982982,0.09329709,0.02151855,0.00068329,24.13896909,7.11094245,55.49430407,30.39546595,0.17983565,-0.48476229,1.28797485,0.17778008,-0.49138371,1.28709518,9.87834134,0.00000004
12.67100000,STAND,-0.00843843,-0.01663919,0.01225114,-0.07626991,0.06302789,0.31597936,-0.07986295,0.05932376,0.09266741,0.02151111,0.00067585,24.16791583,7.29510704,55.26675673,30.40866276,0.17841772,-0.48755759,1.29082969,0.17621055,-0.49423203,1.28983921,9.83576610,0.00000004
12.68100000,STAND,-0.00834081,-0.01650497,0.01213529,-0.07565573,0.06247372,0.31598771,-0.07929760,0.05880908,0.09192676,0.02150372,0.00066846,24.19682261,7.48289893,55.03568933,30.42179330,0.17697615,-0.49039238,1.29371574,0.17461582,-0.49711799,1.29260818,9.79233671,0.00000004
12.69100000,STAND,-0.00824199,-0.01636845,0.01201784,-0.07503161,0.06191056,0.31599597,-0.07872293,0.05828595,0.09117448,0.02149638,0.00066112,24.22568998,7.67426422,54.80113769,30.43479052,0.17551131,-0.49326568,1.29663147,0.17299637,-0.50004045,1.29540055,9.74805622,0.00000004
12.70100000,STAND,-0.00814205,-0.01622967,0.01189883,-0.07439773,0.06133861,0.31600414,-0.07813910,0.05775454,0.09041081,0.02148910,0.00065384,24.25455267,7.86872850,54.56311756,30.44761067,0.17402355,-0.49617642,1.29957520,0.17135268,-0.50299823,1.29821478,9.70292584,0.00000004
12.71100000,STAND,-0.00804100,-0.01608869,0.01177832,-0.07375430,0.06075806,0.31601219,-0.07754629,0.05721503,0.08963600,0.02148183,0.00064657,24.28351605,8.06624678,54.32162415,30.46024930,0.17251328,-0.49912348,1.30254523,0.16968525,-0.50599012,1.30104925,9.65694522,0.00000004
12.72100000,STAND,-0.00793888,-0.01594551,0.01165634,-0.07310152,0.06016912,0.31602012,-0.07694469,0.05666761,0.08885030,0.02147457,0.00063931,24.31267919,8.26700425,54.07669696,30.47270080,0.17098090,-0.50210573,1.30553991,0.16799462,-0.50901488,1.30390235,9.61011933,0.00000004
12.73100000,STAND,-0.00783575,-0.01580019,0.01153295,-0.07243959,0.05957198,0.31602791,-0.07633447,0.05611246,0.08805395,0.02146729,0.00063203,24.34209605,8.47110207,53.82840727,30.48495653,0.16942683,-0.50512204,1.30855764,0.16628132,-0.51207125,1.30677244,9.56245661,0.00000004
12.74100000,STAND,-0.00773164,-0.01565277,0.01140815,-0.07176873,0.05896685,0.31603554,-0.07571583,0.05554977,0.08724724,0.02145999,0.00062473,24.37177719,8.67855698,53.57683395,30.49700228,0.16785150,-0.50817128,1.31159682,0.16454589,-0.51515796,1.30965795,9.51396655,0.00000004
12.75100000,STAND,-0.00762663,-0.01550331,0.01128200,-0.07108917,0.05835395,0.31604299,-0.07508898,0.05497975,0.08643042,0.02145268,0.00061742,24.40170405,8.88932922,53.32205309,30.50881603,0.16625537,-0.51125228,1.31465586,0.16278893,-0.51827375,1.31255729,9.46465894,0.00000004
12.76100000,STAND,-0.00752075,-0.01535187,0.01115452,-0.07040113,0.05773350,0.31605026,-0.07445411,0.05440258,0.08560378,0.02144534,0.00061008,24.43184395,9.10334540,53.06413780,30.52037016,0.16463891,-0.51436385,1.31773313,0.16101100,-0.52141732,1.31546889,9.41454420,0.00000004
12.77100000,STAND,-0.00741409,-0.01519854,0.01102575,-0.06970485,0.05710572,0.31605733,-0.07381144,0.05381848,0.08476761,0.02143798,0.00060272,24.46216143,9.32051400,52.80316262,30.53163601,0.16300262,-0.51750478,1.32082701,0.15921272,-0.52458740,1.31839119,9.36363390,0.00000004
12.78100000,STAND,-0.00730669,-0.01504339,0.01089573,-0.06900058,0.05647085,0.31606419,-0.07316119,0.05322766,0.08392220,0.02143061,0.00059535,24.49262526,9.54073477,52.53920841,30.54258830,0.16134699,-0.52067382,1.32393585,0.15739469,-0.52778266,1.32132265,9.31194141,0.00000004
12.79100000,STAND,-0.00719862,-0.01488649,0.01076451,-0.06828857,0.05582911,0.31607083,-0.07250360,0.05263034,0.08306787,0.02142323,0.00058797,24.52321159,9.76390363,52.27236594,30.55320808,0.15967256,-0.52386970,1.32705801,0.15555756,-0.53100179,1.32426171,9.25948225,0.00000004
12.80100000,STAND,-0.00708994,-0.01472792,0.01063212,-0.06756908,0.05518075,0.31607722,-0.07183890,0.05202673,0.08220493,0.02141583,0.00058057,24.55390446,9.98991454,52.00273771,30.56348400,0.15797985,-0.52709115,1.33019187,0.15370197,-0.53424346,1.32720686,9.20627429,0.00000004
12.81100000,STAND,-0.00698072,-0.01456777,0.01049862,-0.06684239,0.05452601,0.31608337,-0.07116734,0.05141707,0.08133370,0.02140843,0.00057317,24.58469439,10.21865962,51.73043814,30.57341232,0.15626943,-0.53033686,1.33333580,0.15182857,-0.53750634,1.33015657,9.15233774,0.00000004
12.82100000,STAND,-0.00687102,-0.01440612,0.01036406,-0.06610878,0.05386515,0.31608924,-0.07048917,0.05080157,0.08045451,0.02140102,0.00056576,24.61557622,10.45002825,51.45559271,30.58299612,0.15454187,-0.53360551,1.33648819,0.14993804,-0.54078907,1.33310936,9.09769500,0.00000004
12.83100000,STAND,-0.00676092,-0.01424306,0.01022849,-0.06536853,0.05319841,0.31609483,-0.06980465,0.05018048,0.07956769,0.02139361,0.00055835,24.64654656,10.68390605,51.17833647,30.59224427,0.15279775,-0.53689578,1.33964743,0.14803106,-0.54409032,1.33606373,9.04237045,0.00000004
12.84100000,STAND,-0.00665049,-0.01407867,0.01009197,-0.06462192,0.05252606,0.31610011,-0.06911405,0.04955404,0.07867359,0.02138619,0.00055093,24.67760151,10.92017396,50.89881228,30.60117036,0.15103766,-0.54020632,1.34281193,0.14610833,-0.54740872,1.33901823,8.98639022,0.00000004
12.85100000,STAND,-0.00653978,-0.01391304,0.00995456,-0.06386927,0.05184836,0.31610506,-0.06841763,0.04892248,0.07777255,0.02137878,0.00054352,24.70873488,11.15870793,50.61716913,30.60979184,0.14926222,-0.54353576,1.34598012,0.14417056,-0.55074291,1.34197140,8.92978188,0.00000004
12.86100000,STAND,-0.00642888,-0.01374628,0.00981632,-0.06311087,0.05116557,0.31610967,-0.06771568,0.04828605,0.07686494,0.02137137,0.00053611,24.73993702,11.39937899,50.33356042,30.61812933,0.14747205,-0.54688276,1.34915044,0.14221847,-0.55409153,1.34492184,8.87257424,0.00000004
12.87100000,STAND,-0.00631786,-0.01357847,0.00967730,-0.06234704,0.05047796,0.31611392,-0.06700848,0.04764500,0.07595111,0.02136396,0.00052870,24.77119418,11.64205385,50.04814260,30.62620607,0.14566779,-0.55024591,1.35232134,0.14025279,-0.55745320,1.34786813,8.81479709,0.00000004
12.88100000,STAND,-0.00620677,-0.01340972,0.00953757,-0.06157810,0.04978580,0.31611778,-0.06629633,0.04699957,0.07503142,0.02135655,0.00052129,24.80248845,11.88659587,49.76107385,30.63404748,0.14385008,-0.55362385,1.35549130,0.13827426,-0.56082656,1.35080889,8.75648100,0.00000004
12.89100000,STAND,-0.00609570,-0.01324012,0.00939719,-0.06080435,0.04908937,0.31612124,-0.06557951,0.04635003,0.07410626,0.02134916,0.00051390,24.83379810,12.13286614,49.47251302,30.64168085,0.14201959,-0.55701517,1.35865882,0.13628363,-0.56421024,1.35374277,8.69765713,0.00000004
12.90100000,STAND,-0.00598469,-0.01306977,0.00925622,-0.06002613,0.04838894,0.31612428,-0.06485832,0.04569662,0.07317598,0.02134177,0.00050651,24.86509813,12.38072460,49.18261874,30.64913489,0.14017697,-0.56041847,1.36182241,0.13428167,-0.56760285,1.35666843,8.63835704,0.00000004
12.91100000,STAND,-0.00587382,-0.01289878,0.00911471,-0.05924377,0.04768478,0.31612688,-0.06413307,0.04503960,0.07224097,0.02133439,0.00049913,24.89636098,12.63003113,48.89154853,30.65643939,0.13832291,-0.56383235,1.36498061,0.13226914,-0.57100302,1.35958456,8.57861254,0.00000004
12.92100000,STAND,-0.00576315,-0.01272724,0.00897273,-0.05845759,0.04697719,0.31612902,-0.06340407,0.04437924,0.07130161,0.02132702,0.00049176,24.92755736,12.88064639,48.59945818,30.66362470,0.13645809,-0.56725539,1.36813196,0.13024683,-0.57440937,1.36248986,8.51845553,0.00000004
12.93100000,STAND,-0.00565274,-0.01255526,0.00883033,-0.05766794,0.04626644,0.31613069,-0.06267161,0.04371579,0.07035828,0.02131967,0.00048441,24.95865697,13.13243251,48.30650112,30.67072125,0.13458321,-0.57068619,1.37127505,0.12821553,-0.57782053,1.36538309,8.45791791,0.00000004
12.94100000,STAND,-0.00554264,-0.01238293,0.00868757,-0.05687515,0.04555281,0.31613188,-0.06193601,0.04304953,0.06941137,0.02131232,0.00047706,24.98962931,13.38525358,48.01282787,30.67775903,0.13269897,-0.57412334,1.37440848,0.12617602,-0.58123513,1.36826299,8.39703138,0.00000004
12.95100000,STAND,-0.00543291,-0.01221036,0.00854450,-0.05607954,0.04483659,0.31613257,-0.06119759,0.04238070,0.06846126,0.02130499,0.00046973,25.02044434,13.63897592,47.71858563,30.68476697,0.13080609,-0.57756542,1.37753089,0.12412912,-0.58465178,1.37112835,8.33582741,0.00000004
12.96100000,STAND,-0.00532360,-0.01203763,0.00840119,-0.05528147,0.04411807,0.31613274,-0.06045665,0.04170958,0.06750834,0.02129767,0.00046241,25.05107315,13.89346828,47.42391794,30.69177247,0.12890529,-0.58101102,1.38064092,0.12207563,-0.58806913,1.37397798,8.27433711,0.00000004
12.97100000,STAND,-0.00521476,-0.01186485,0.00825768,-0.05448127,0.04339753,0.31613240,-0.05971350,0.04103644,0.06655300,0.02129037,0.00045511,25.08148847,14.14860185,47.12896436,30.69880087,0.12699731,-0.58445873,1.38373725,0.12001636,-0.59148580,1.37681073,8.21259116,0.00000004
12.98100000,STAND,-0.00510645,-0.01169211,0.00811402,-0.05367928,0.04267526,0.31613153,-0.05896846,0.04036153,0.06559563,0.02128308,0.00044782,25.11166524,14.40425025,46.83386038,30.70587501,0.12508287,-0.58790717,1.38681859,0.11795215,-0.59490042,1.37962546,8.15061975,0.00000004
12.99100000,STAND,-0.00499870,-0.01151950,0.00797028,-0.05287583,0.04195154,0.31613012,-0.05822185,0.03968514,0.06463661,0.02127580,0.00044054,25.14158096,14.66028945,46.53873724,30.71301494,0.12316274,-0.59135491,1.38988367,0.11588381,-0.59831165,1.38242105,8.08845253,0.00000004
13.00100000,STAND,-0.00489157,-0.01134710,0.00782651,-0.05207125,0.04122667,0.31612818,-0.05747397,0.03900753,0.06367633,0.02126854,0.00043328,25.17121606,14.91659770,46.24372200,30.72023756,0.12123765,-0.59480059,1.39293126,0.11381218,-0.60171812,1.38519644,8.02611861,0.00000004
13.01100000,STAND,-0.00478510,-0.01117500,0.00768275,-0.05126589,0.04050094,0.31612568,-0.05672513,0.03832896,0.06271519,0.02126129,0.00042603,25.20055416,15.17305539,45.94893754,30.72755658,0.11930839,-0.59824280,1.39596013,0.11173810,-0.60511850,1.38795056,7.96364649,0.00000004
13.02100000,STAND,-0.00467933,-0.01100328,0.00753906,-0.05046007,0.03977464,0.31612264,-0.05597564,0.03764972,0.06175356,0.02125405,0.00041880,25.22958221,15.42954496,45.65450272,30.73498234,0.11737571,-0.60168018,1.39896911,0.10966240,-0.60851143,1.39068240,7.90106411,0.00000004
13.03100000,STAND,-0.00457430,-0.01083202,0.00739550,-0.04965413,0.03904805,0.31611905,-0.05522582,0.03697007,0.06079184,0.02124683,0.00041157,25.25829059,15.68595076,45.36053258,30.74252192,0.11544040,-0.60511135,1.40195705,0.10758592,-0.61189559,1.39339097,7.83839884,0.00000004
13.04100000,STAND,-0.00447005,-0.01066129,0.00725211,-0.04884838,0.03832146,0.31611492,-0.05447596,0.03629028,0.05983040,0.02123962,0.00040436,25.28667305,15.94215894,45.06713851,30.75017925,0.11350323,-0.60853497,1.40492281,0.10550952,-0.61526965,1.39607530,7.77567748,0.00000004
13.05100000,STAND,-0.00436662,-0.01049117,0.00710895,-0.04804317,0.03759518,0.31611024,-0.05372637,0.03561062,0.05886964,0.02123241,0.00039715,25.31472664,16.19805732,44.77442859,30.75795524,0.11156501,-0.61194967,1.40786530,0.10343405,-0.61863230,1.39873447,7.71292630,0.00000004
13.06100000,STAND,-0.00426404,-0.01032171,0.00696607,-0.04723880,0.03686948,0.31610502,-0.05297735,0.03493137,0.05790993,0.02122522,0.00038996,25.34245153,16.45353526,44.48250779,30.76584813,0.10962652,-0.61535412,1.41078346,0.10136034,-0.62198224,1.40136757,7.65017111,0.00000004
13.07100000,STAND,-0.00416235,-0.01015300,0.00682351,-0.04643561,0.03614466,0.31609926,-0.05222920,0.03425280,0.05695165,0.02121803,0.00038277,25.36985074,16.70848350,44.19147835,30.77385376,0.10768856,-0.61874699,1.41367625,0.09928926,-0.62531817,1.40397374,7.58743724,0.00000004
13.08100000,STAND,-0.00406158,-0.00998509,0.00668135,-0.04563390,0.03542100,0.31609298,-0.05148222,0.03357517,0.05599519,0.02121085,0.00037559,25.39692991,16.96279405,43.90144002,30.78196590,0.10575194,-0.62212696,1.41654267,0.09722165,-0.62863882,1.40655214,7.52474962,0.00000004
13.09100000,STAND,-0.00396177,-0.00981803,0.00653961,-0.04483399,0.03469880,0.31608617,-0.05073670,0.03289876,0.05504091,0.02120367,0.00036841,25.42369687,17.21635999,43.61249043,30.79017673,0.10381747,-0.62549273,1.41938175,0.09515837,-0.63194291,1.40910195,7.46213281,0.00000004
13.10100000,STAND,-0.00386293,-0.00965189,0.00639835,-0.04403620,0.03397834,0.31607885,-0.04999293,0.03222385,0.05408920,0.02119650,0.00036124,25.45016139,17.46907533,43.32472539,30.79847718,0.10188596,-0.62884301,1.42219255,0.09310027,-0.63522919,1.41162243,7.39961106,0.00000004
13.11100000,STAND,-0.00376512,-0.00948673,0.00625763,-0.04324083,0.03325991,0.31607102,-0.04925121,0.03155069,0.05314041,0.02118933,0.00035407,25.47633474,17.72083487,43.03823912,30.80685735,0.09995823,-0.63217651,1.42497417,0.09104819,-0.63849642,1.41411281,7.33720836,0.00000003
13.12100000,STAND,-0.00366834,-0.00932259,0.00611749,-0.04244819,0.03254379,0.31606270,-0.04851183,0.03087955,0.05219494,0.02118216,0.00034690,25.50222936,17.97153397,42.75312465,30.81530697,0.09803510,-0.63549196,1.42772574,0.08900299,-0.64174338,1.41657240,7.27494846,0.00000003
13.13100000,STAND,-0.00357263,-0.00915952,0.00597798,-0.04165859,0.03183028,0.31605390,-0.04777506,0.03021071,0.05125313,0.02117500,0.00033974,25.52785851,18.22106845,42.46947398,30.82381578,0.09611738,-0.63878811,1.43044641,0.08696551,-0.64496885,1.41900052,7.21285495,0.00000003
13.14100000,STAND,-0.00347800,-0.00899757,0.00583915,-0.04087232,0.03111964,0.31604463,-0.04704120,0.02954443,0.05031535,0.02116782,0.00033256,25.55323595,18.46933439,42.18737837,30.83237387,0.09420589,-0.64206372,1.43313539,0.08493659,-0.64817165,1.42139653,7.15095127,0.00000003
13.15100000,STAND,-0.00338450,-0.00883678,0.00570103,-0.04008969,0.03041217,0.31603490,-0.04631052,0.02888098,0.04938197,0.02116065,0.00032539,25.57837565,18.71622799,41.90692854,30.84097210,0.09230145,-0.64531756,1.43579190,0.08291708,-0.65135059,1.42375983,7.08926077,0.00000003
13.16100000,STAND,-0.00329212,-0.00867721,0.00556369,-0.03931100,0.02970814,0.31602473,-0.04558331,0.02822061,0.04845335,0.02115346,0.00031820,25.60329153,18.96164542,41.62821485,30.84960237,0.09040488,-0.64854841,1.43841521,0.08090781,-0.65450453,1.42608983,7.02780670,0.00000003
13.17100000,STAND,-0.00320090,-0.00851889,0.00542715,-0.03853652,0.02900782,0.31601413,-0.04485983,0.02756359,0.04752984,0.02114627,0.00031101,25.62799722,19.20548267,41.35132744,30.85825791,0.08851699,-0.65175507,1.44100461,0.07890961,-0.65763231,1.42838600,6.96661228,0.00000003
13.18100000,STAND,-0.00311085,-0.00836187,0.00529147,-0.03776657,0.02831150,0.31600311,-0.04414038,0.02691018,0.04661180,0.02113907,0.00030381,25.65250595,19.44763547,41.07635635,30.86693350,0.08663861,-0.65493636,1.44355944,0.07692331,-0.66073283,1.43064783,6.90570072,0.00000003
13.19100000,STAND,-0.00302200,-0.00820617,0.00515668,-0.03700143,0.02761944,0.31599168,-0.04342522,0.02626062,0.04569957,0.02113185,0.00029659,25.67683035,19.68799914,40.80339157,30.87562567,0.08477054,-0.65809111,1.44607907,0.07494972,-0.66380499,1.43287485,6.84509517,0.00000003
13.20100000,STAND,-0.00293434,-0.00805185,0.00502283,-0.03624138,0.02693191,0.31597987,-0.04271461,0.02561519,0.04479350,0.02112462,0.00028936,25.70098239,19.92646854,40.53252310,30.88433285,0.08291359,-0.66121817,1.44856289,0.07298966,-0.66684770,1.43506661,6.78481879,0.00000003
13.21100000,STAND,-0.00284790,-0.00789894,0.00488995,-0.03548671,0.02624917,0.31596769,-0.04200884,0.02497413,0.04389394,0.02111737,0.00028211,25.72497336,20.16293802,40.26384089,30.89305545,0.08106857,-0.66431640,1.45101034,0.07104394,-0.66985990,1.43722269,6.72489471,0.00000003
13.22100000,STAND,-0.00276270,-0.00774748,0.00475808,-0.03473769,0.02557150,0.31595515,-0.04130817,0.02433768,0.04300123,0.02111010,0.00027484,25.74881381,20.39730133,39.99743487,30.90179593,0.07923626,-0.66738468,1.45342090,0.06911334,-0.67284058,1.43934273,6.66534602,0.00000003
13.23100000,STAND,-0.00267873,-0.00759750,0.00462726,-0.03399462,0.02489915,0.31594226,-0.04061285,0.02370610,0.04211571,0.02110281,0.00026755,25.77251361,20.62945165,39.73339475,30.91055880,0.07741748,-0.67042190,1.45579406,0.06719867,-0.67578870,1.44142637,6.60619576,0.00000003
13.24100000,STAND,-0.00259601,-0.00744903,0.00449752,-0.03325775,0.02423238,0.31592905,-0.03992316,0.02307963,0.04123770,0.02109548,0.00026022,25.79608201,20.85928157,39.47181001,30.91935063,0.07561299,-0.67342699,1.45812935,0.06530070,-0.67870329,1.44347330,6.54746689,0.00000003
13.25100000,STAND,-0.00251454,-0.00730211,0.00436890,-0.03252737,0.02357143,0.31591552,-0.03923935,0.02245850,0.04036753,0.02108813,0.00025287,25.81952771,21.08668316,39.21276967,30.92818000,0.07382359,-0.67639888,1.46042636,0.06342021,-0.68158337,1.44548322,6.48918225,0.00000003
13.26100000,STAND,-0.00243434,-0.00715676,0.00424143,-0.03180375,0.02291656,0.31590170,-0.03856167,0.02184295,0.03950553,0.02108074,0.00024549,25.84285900,21.31154792,38.95636212,30.93705741,0.07205004,-0.67933653,1.46268467,0.06155794,-0.68442802,1.44745590,6.43136453,0.00000003
13.27100000,STAND,-0.00235540,-0.00701303,0.00411515,-0.03108714,0.02226801,0.31588760,-0.03789038,0.02123322,0.03865202,0.02107332,0.00023806,25.86608388,21.53376693,38.70267488,30.94599518,0.07029310,-0.68223891,1.46490392,0.05971466,-0.68723630,1.44939109,6.37403623,0.00000003
13.28100000,STAND,-0.00227774,-0.00687094,0.00399008,-0.03037782,0.02162602,0.31587323,-0.03722573,0.02062954,0.03780731,0.02106586,0.00023060,25.88921026,21.75323086,38.45179443,30.95500739,0.06855353,-0.68510501,1.46708378,0.05789109,-0.69000733,1.45128860,6.31721957,0.00000003
13.29100000,STAND,-0.00220134,-0.00673052,0.00386625,-0.02967603,0.02099083,0.31585862,-0.03656797,0.02003212,0.03697172,0.02105835,0.00022309,25.91224607,21.96983007,38.20380586,30.96410971,0.06683207,-0.68793386,1.46922393,0.05608796,-0.69274025,1.45314826,6.26093649,0.00000003
13.30100000,STAND,-0.00212621,-0.00659179,0.00374369,-0.02898204,0.02036267,0.31584377,-0.03591733,0.01944119,0.03614554,0.02105079,0.00021553,25.93519953,22.18345463,37.95879264,30.97331933,0.06512945,-0.69072449,1.47132410,0.05430599,-0.69543421,1.45496994,6.20520858,0.00000003
13.31100000,STAND,-0.00205234,-0.00645478,0.00362243,-0.02829608,0.01974177,0.31582870,-0.03527405,0.01885697,0.03532907,0.02104317,0.00020791,25.95807934,22.39399444,37.71683632,30.98265484,0.06344639,-0.69347598,1.47338405,0.05254587,-0.69808841,1.45675350,6.15005697,0.00000003
13.32100000,STAND,-0.00197974,-0.00631952,0.00350249,-0.02761841,0.01912834,0.31581342,-0.03463837,0.01827966,0.03452261,0.02103550,0.00020024,25.98089488,22.60133923,37.47801622,30.99213610,0.06178360,-0.69618741,1.47540356,0.05080827,-0.70070205,1.45849887,6.09550237,0.00000003
13.33100000,STAND,-0.00190840,-0.00618603,0.00338390,-0.02694926,0.01852260,0.31579796,-0.03401052,0.01770948,0.03372643,0.02102775,0.00019249,26.00365647,22.80537855,37.24240913,31.00178421,0.06014178,-0.69885788,1.47738243,0.04909388,-0.70327439,1.46020598,6.04156489,0.00000003
13.34100000,STAND,-0.00183831,-0.00605432,0.00326668,-0.02628887,0.01792477,0.31578233,-0.03339072,0.01714662,0.03294083,0.02101994,0.00018468,26.02637565,23.00600180,37.01008898,31.01162142,0.05852160,-0.70148655,1.47932049,0.04740335,-0.70580468,1.46187479,5.98826409,0.00000003
13.35100000,STAND,-0.00176946,-0.00592442,0.00315086,-0.02563746,0.01733505,0.31576654,-0.03277919,0.01659129,0.03216607,0.02101204,0.00017678,26.04906543,23.20309809,36.78112653,31.02167113,0.05692373,-0.70407257,1.48121762,0.04573730,-0.70829223,1.46350527,5.93561884,0.00000002
13.36100000,STAND,-0.00170184,-0.00579634,0.00303644,-0.02499526,0.01675364,0.31575061,-0.03217614,0.01604367,0.03140241,0.02100406,0.00016880,26.07174059,23.39655616,36.55558903,31.03195789,0.05534882,-0.70661514,1.48307369,0.04409636,-0.71073636,1.46509744,5.88364728,0.00000002
13.37100000,STAND,-0.00163545,-0.00567010,0.00292345,-0.02436247,0.01618074,0.31573455,-0.03158177,0.01550395,0.03065012,0.02099598,0.00016072,26.09441743,23.58634958,36.33354060,31.04250718,0.05379751,-0.70911347,1.48488863,0.04248112,-0.71313642,1.46665132,5.83236686,0.00000002
13.38100000,STAND,-0.00157027,-0.00554572,0.00281191,-0.02373932,0.01561653,0.31571838,-0.03099630,0.01497232,0.02990944,0.02098781,0.00015255,26.11706711,23.77327446,36.11508911,31.05331609,0.05227040,-0.71156691,1.48666253,0.04089218,-0.71549182,1.46816698,5.78179869,0.00000002
13.39100000,STAND,-0.00150635,-0.00542325,0.00270184,-0.02312601,0.01506120,0.31570212,-0.03041992,0.01444894,0.02918062,0.02097961,0.00014435,26.13952433,23.95753667,35.90040466,31.06431144,0.05076806,-0.71397498,1.48839570,0.03933008,-0.71780200,1.46964456,5.73196881,0.00000002
13.40100000,STAND,-0.00144373,-0.00530276,0.00259328,-0.02252273,0.01451493,0.31568581,-0.02985283,0.01393400,0.02846390,0.02097145,0.00013619,26.16158686,24.13878475,35.68959518,31.07539740,0.04929103,-0.71633717,1.49008832,0.03779539,-0.72006648,1.47108430,5.68289729,0.00000002
13.41100000,STAND,-0.00138245,-0.00518433,0.00248629,-0.02192969,0.01397790,0.31566948,-0.02929520,0.01342767,0.02775952,0.02096335,0.00012809,26.18310915,24.31666719,35.48271831,31.08647365,0.04783988,-0.71865295,1.49174047,0.03628863,-0.72228480,1.47248643,5.63460070,0.00000002
13.42100000,STAND,-0.00132253,-0.00506801,0.00238092,-0.02134708,0.01345031,0.31565316,-0.02874724,0.01293012,0.02706772,0.02095535,0.00012009,26.20402620,24.49091245,35.27982538,31.09745110,0.04641516,-0.72092175,1.49335216,0.03481029,-0.72445653,1.47385118,5.58709618,0.00000002
13.43100000,STAND,-0.00126400,-0.00495384,0.00227723,-0.02077508,0.01293231,0.31563690,-0.02820912,0.01244153,0.02638871,0.02094748,0.00011222,26.22434413,24.66132566,35.08098469,31.10826449,0.04501742,-0.72314303,1.49492345,0.03336086,-0.72658124,1.47517879,5.54040318,0.00000002
13.44100000,STAND,-0.00120688,-0.00484186,0.00217531,-0.02021387,0.01242408,0.31562072,-0.02768102,0.01196205,0.02572273,0.02093975,0.00010449,26.24411889,24.82777119,34.88628605,31.11887544,0.04364717,-0.72531629,1.49645441,0.03194079,-0.72865854,1.47646949,5.49454333,0.00000002
13.45100000,STAND,-0.00115118,-0.00473209,0.00207522,-0.01966363,0.01192578,0.31560465,-0.02716309,0.01149184,0.02506997,0.02093218,0.00009692,26.26343345,24.99015435,34.69583494,31.12926831,0.04230492,-0.72744105,1.49794512,0.03055053,-0.73068808,1.47772354,5.44953955,0.00000002
13.46100000,STAND,-0.00109694,-0.00462454,0.00197703,-0.01912451,0.01143758,0.31558870,-0.02665551,0.01103105,0.02443063,0.02092477,0.00008951,26.28237804,25.14840577,34.50974312,31.13944325,0.04099115,-0.72951686,1.49939574,0.02919048,-0.73266952,1.47894118,5.40541487,0.00000002
13.47100000,STAND,-0.00104415,-0.00451922,0.00188080,-0.01859667,0.01095960,0.31557288,-0.02615842,0.01057983,0.02380490,0.02091754,0.00008228,26.30103523,25.30246942,34.32811982,31.14940953,0.03970631,-0.73154332,1.50080643,0.02786102,-0.73460255,1.48012269,5.36219142,0.00000002
13.48100000,STAND,-0.00099282,-0.00441615,0.00178658,-0.01808027,0.01049200,0.31555722,-0.02567196,0.01013830,0.02319295,0.02091048,0.00007522,26.31947020,25.45229461,34.15106534,31.15918065,0.03845082,-0.73352006,1.50217739,0.02656253,-0.73648692,1.48126834,5.31988966,0.00000002
13.49100000,STAND,-0.00094297,-0.00431535,0.00169443,-0.01757543,0.01003491,0.31554172,-0.02519628,0.00970659,0.02259495,0.02090360,0.00006834,26.33772610,25.59783166,33.97866734,31.16877140,0.03722508,-0.73544674,1.50350885,0.02529534,-0.73832238,1.48237842,5.27852797,0.00000002
13.50100000,STAND,-0.00089458,-0.00421681,0.00160438,-0.01708230,0.00958843,0.31552640,-0.02473150,0.00928483,0.02201105,0.02089690,0.00006164,26.35582341,25.73903039,33.81099943,31.17819657,0.03602946,-0.73732304,1.50480104,0.02405976,-0.74010872,1.48345325,5.23812249,0.00000002
13.51100000,STAND,-0.00084766,-0.00412056,0.00151646,-0.01660098,0.00915269,0.31551126,-0.02427775,0.00887311,0.02144139,0.02089039,0.00005513,26.37376242,25.87584069,33.64812151,31.18747068,0.03486428,-0.73914871,1.50605422,0.02285606,-0.74184579,1.48449314,5.19868718,0.00000002
13.52100000,STAND,-0.00080220,-0.00402661,0.00143069,-0.01613161,0.00872777,0.31549632,-0.02383513,0.00847154,0.02088610,0.02088407,0.00004881,26.39152749,26.00821420,33.49008109,31.19660823,0.03372986,-0.74092349,1.50726866,0.02168452,-0.74353345,1.48549841,5.16023396,0.00000002
13.53100000,STAND,-0.00075818,-0.00393497,0.00134710,-0.01567427,0.00831378,0.31548160,-0.02340375,0.00808020,0.02034529,0.02087794,0.00004268,26.40909213,26.13610617,33.33691517,31.20562406,0.03262647,-0.74264718,1.50844465,0.02054534,-0.74517160,1.48646941,5.12277297,0.00000002
13.54100000,STAND,-0.00071559,-0.00384565,0.00126568,-0.01522908,0.00791078,0.31546710,-0.02298371,0.00769917,0.01981908,0.02087200,0.00003674,26.42642391,26.25947706,33.18865224,31.21453363,0.03155433,-0.74431960,1.50958250,0.01943875,-0.74676017,1.48740648,5.08631284,0.00000002
13.55100000,STAND,-0.00067441,-0.00375866,0.00118645,-0.01479610,0.00751885,0.31545285,-0.02257509,0.00732852,0.01930756,0.02086626,0.00003100,26.44348882,26.37829347,33.04531414,31.22335302,0.03051367,-0.74594062,1.51068251,0.01836490,-0.74829915,1.48831000,5.05086087,0.00000002
13.56100000,STAND,-0.00063462,-0.00367401,0.00110940,-0.01437542,0.00713804,0.31543884,-0.02217797,0.00696830,0.01881079,0.02086072,0.00002546,26.46025464,26.49252833,32.90691762,31.23209863,0.02950466,-0.74751015,1.51174504,0.01732394,-0.74978854,1.48918033,5.01642331,0.00000001
13.57100000,STAND,-0.00059620,-0.00359171,0.00103452,-0.01396710,0.00676841,0.31542511,-0.02179241,0.00661858,0.01832885,0.02085538,0.00002012,26.47669324,26.60216037,32.77347558,31.24078677,0.02852744,-0.74902812,1.51277042,0.01631597,-0.75122839,1.49001787,4.98300549,0.00000001
13.58100000,STAND,-0.00055914,-0.00351177,0.00096182,-0.01357120,0.00640999,0.31541165,-0.02141848,0.00627939,0.01786179,0.02085024,0.00001498,26.49278205,26.70717325,32.64499791,31.24943293,0.02758214,-0.75049453,1.51375903,0.01534109,-0.75261878,1.49082299,4.95061192,0.00000001
13.59100000,STAND,-0.00052341,-0.00343418,0.00089127,-0.01318775,0.00606281,0.31539848,-0.02105621,0.00595075,0.01740966,0.02084529,0.00001003,26.50850464,26.80755433,32.52149207,31.25805119,0.02666883,-0.75190938,1.51471125,0.01439933,-0.75395985,1.49159612,4.91924642,0.00000001
13.60100000,STAND,-0.00048899,-0.00335895,0.00082287,-0.01281679,0.00572690,0.31538560,-0.02070563,0.00563270,0.01697247,0.02084056,0.00000530,26.52385083,26.90329351,32.40296342,31.26665353,0.02578757,-0.75327275,1.51562746,0.01349071,-0.75525175,1.49233767,4.88891213,0.00000001
13.61100000,STAND,-0.00045587,-0.00328607,0.00075661,-0.01245835,0.00540225,0.31537304,-0.02036679,0.00532525,0.01655025,0.02083602,0.00000076,26.53881629,26.99438221,32.28941534,31.27524943,0.02493839,-0.75458476,1.51650808,0.01261522,-0.75649470,1.49304807,4.85961159,0.00000001
13.62100000,STAND,-0.00042403,-0.00321554,0.00069248,-0.01211242,0.00508888,0.31536079,-0.02003968,0.00502839,0.01614299,0.02083169,-0.00000357,26.55340201,27.08081267,32.18084932,31.28384550,0.02412129,-0.75584554,1.51735353,0.01177281,-0.75768893,1.49372778,4.83134674,0.00000001
13.63100000,STAND,-0.00039345,-0.00314736,0.00063046,-0.01177901,0.00478677,0.31534887,-0.01972432,0.00474213,0.01575068,0.02082756,-0.00000770,26.56761356,27.16257754,32.07726483,31.29244541,0.02333624,-0.75705530,1.51816424,0.01096339,-0.75883475,1.49437724,4.80411891,0.00000001
13.64100000,STAND,-0.00036412,-0.00308152,0.00057056,-0.01145809,0.00449591,0.31533728,-0.01942068,0.00446646,0.01537329,0.02082364,-0.00001162,26.58146038,27.23966984,31.97865933,31.30104993,0.02258316,-0.75821429,1.51894066,0.01018686,-0.75993247,1.49499692,4.77792887,0.00000001
13.65100000,STAND,-0.00033603,-0.00301801,0.00051276,-0.01114966,0.00421626,0.31532603,-0.01912876,0.00420134,0.01501079,0.02081992,-0.00001534,26.59495496,27.31208321,31.88502804,31.30965724,0.02186197,-0.75932279,1.51968324,0.00944305,-0.76098248,1.49558732,4.75277676,0.00000001
13.66100000,STAND,-0.00030916,-0.00295683,0.00045705,-0.01085365,0.00394779,0.31531512,-0.01884852,0.00394674,0.01466312,0.02081641,-0.00001885,26.60811213,27.37981231,31.79636391,31.31826325,0.02117252,-0.76038113,1.52039246,0.00873178,-0.76198519,1.49614893,4.72866215,0.00000001
13.67100000,STAND,-0.00028349,-0.00289796,0.00040343,-0.01057004,0.00369044,0.31530456,-0.01857991,0.00370263,0.01433021,0.02081311,-0.00002215,26.62094835,27.44285348,31.71265738,31.32686211,0.02051468,-0.76138969,1.52106880,0.00805284,-0.76294106,1.49668227,4.70558400,0.00000001
13.68100000,STAND,-0.00025903,-0.00284139,0.00035190,-0.01029874,0.00344417,0.31529435,-0.01832289,0.00346894,0.01401198,0.02081001,-0.00002525,26.63348099,27.50120537,31.63389629,31.33544663,0.01988822,-0.76234892,1.52171275,0.00740595,-0.76385062,1.49718785,4.68354063,0.00000001
13.69100000,STAND,-0.00023576,-0.00278710,0.00030244,-0.01003969,0.00320889,0.31528449,-0.01807738,0.00324562,0.01370833,0.02080712,-0.00002814,26.64572775,27.55486960,31.56006567,31.34400887,0.01929293,-0.76325927,1.52232483,0.00679083,-0.76471440,1.49766622,4.66252976,0.00000001
13.70100000,STAND,-0.00021367,-0.00273510,0.00025505,-0.00979281,0.00298453,0.31527498,-0.01784331,0.00303259,0.01341915,0.02080443,-0.00003083,26.65770601,27.60385138,31.49114763,31.35254053,0.01872854,-0.76412128,1.52290557,0.00620714,-0.76553301,1.49811794,4.64254845,0.00000001
13.71100000,STAND,-0.00019275,-0.00268535,0.00020972,-0.00955798,0.00277100,0.31526583,-0.01762059,0.00282977,0.01314430,0.02080195,-0.00003331,26.66943234,27.64816003,31.42712119,31.36103344,0.01819474,-0.76493551,1.52345551,0.00565451,-0.76630710,1.49854358,4.62359310,0.00000001
13.72100000,STAND,-0.00017298,-0.00263785,0.00016644,-0.00933510,0.00256818,0.31525704,-0.01740912,0.00263705,0.01288366,0.02079968,-0.00003558,26.68092204,27.68780940,31.36796215,31.36947985,0.01769118,-0.76570261,1.52397522,0.00513253,-0.76703737,1.49894372,4.60565944,0.00000001
13.73100000,STAND,-0.00015437,-0.00259257,0.00012521,-0.00912404,0.00237597,0.31524860,-0.01720878,0.00245435,0.01263705,0.02079761,-0.00003765,26.69218879,27.72281817,31.31364298,31.37787276,0.01721750,-0.76642323,1.52446527,0.00464076,-0.76772455,1.49931897,4.58874255,0.00000001
13.74100000,STAND,-0.00013690,-0.00254951,0.00008600,-0.00892467,0.00219423,0.31524052,-0.01701945,0.00228153,0.01240431,0.02079575,-0.00003951,26.70324434,27.75321007,31.26413275,31.38620607,0.01677327,-0.76709811,1.52492626,0.00417871,-0.76836945,1.49966993,4.57283681,0.00000001
13.75100000,STAND,-0.00012056,-0.00250864,0.00004882,-0.00873683,0.00202283,0.31523278,-0.01684099,0.00211846,0.01218524,0.02079409,-0.00004117,26.71409840,27.77901397,31.21939702,31.39447474,0.01635802,-0.76772803,1.52535881,0.00374585,-0.76897291,1.49999726,4.55793593,0.00000001
13.76100000,STAND,-0.00010533,-0.00246994,0.00001363,-0.00856036,0.00186160,0.31522538,-0.01667325,0.00196501,0.01197964,0.02079264,-0.00004262,26.72475850,27.80026387,31.17939789,31.40267481,0.01597126,-0.76831381,1.52576356,0.00334162,-0.76953582,1.50030161,4.54403291,0.00000001
13.77100000,STAND,-0.00009121,-0.00243340,-0.00001957,-0.00839509,0.00171039,0.31521832,-0.01651606,0.00182102,0.01178728,0.02079139,-0.00004387,26.73523005,27.81699893,31.14409390,31.41080344,0.01561245,-0.76885635,1.52614117,0.00296540,-0.77005912,1.50058364,4.53112012,0.00000001
13.78100000,STAND,-0.00007819,-0.00239899,-0.00005080,-0.00824083,0.00156902,0.31521159,-0.01636926,0.00168632,0.01160793,0.02079034,-0.00004492,26.74551639,27.82926327,31.11344007,31.41885879,0.01528099,-0.76935658,1.52649233,0.00261655,-0.77054383,1.50084405,4.51918921,0.00000000
13.79100000,STAND,-0.00006624,-0.00236669,-0.00008010,-0.00809736,0.00143729,0.31520519,-0.01623265,0.00156074,0.01144132,0.02078949,-0.00004577,26.75561900,27.83710594,31.08738795,31.42683998,0.01497626,-0.76981550,1.52681774,0.00229437,-0.77099099,1.50108356,4.50823118,0.00000000
13.80100000,STAND,-0.00005537,-0.00233648,-0.00010748,-0.00796449,0.00131499,0.31519910,-0.01610604,0.00144409,0.01128718,0.02078883,-0.00004643,26.76553765,27.84058071,31.06588559,31.43474691,0.01469760,-0.77023415,1.52711813,0.00199814,-0.77140171,1.50130290,4.49823637,0.00000000
13.81100000,STAND,-0.00004555,-0.00230834,-0.00013297,-0.00784196,0.00120192,0.31519331,-0.01598920,0.00133615,0.01114523,0.02078837,-0.00004689,26.77527067,27.83974596,31.04887759,31.44258016,0.01444428,-0.77061366,1.52739426,0.00172708,-0.77177716,1.50150282,4.48919442,0.00000000
13.82100000,STAND,-0.00003678,-0.00228224,-0.00015660,-0.00772955,0.00109783,0.31518782,-0.01588192,0.00123672,0.01101514,0.02078811,-0.00004715,26.78481520,27.83466453,31.03630510,31.45034078,0.01421555,-0.77095518,1.52764690,0.00148037,-0.77211855,1.50168412,4.48109436,0.00000000
13.83100000,STAND,-0.00002903,-0.00225817,-0.00017840,-0.00762699,0.00100247,0.31518261,-0.01578394,0.00114556,0.01089661,0.02078803,-0.00004723,26.79416742,27.82540361,31.02810585,31.45803015,0.01401061,-0.77125995,1.52787687,0.00125714,-0.77242716,1.50184760,4.47392452,0.00000000
13.84100000,STAND,-0.00002230,-0.00223608,-0.00019840,-0.00753400,0.00091560,0.31517766,-0.01569503,0.00106243,0.01078927,0.02078814,-0.00004712,26.80332283,27.81203464,31.02421408,31.46564981,0.01382862,-0.77152924,1.52808501,0.00105650,-0.77270434,1.50199408,4.46767258,0.00000000
13.85100000,STAND,-0.00001656,-0.00221597,-0.00021664,-0.00745031,0.00083693,0.31517298,-0.01561491,0.00098707,0.01069277,0.02078844,-0.00004682,26.81227644,27.79463327,31.02456056,31.47320134,0.01366869,-0.77176442,1.52827217,0.00087749,-0.77295146,1.50212444,4.46232552,0.00000000
13.86100000,STAND,-0.00001182,-0.00219780,-0.00023315,-0.00737561,0.00076618,0.31516853,-0.01554330,0.00091922,0.01060673,0.02078892,-0.00004634,26.82102299,27.77327932,31.02907247,31.48068618,0.01352988,-0.77196688,1.52843925,0.00071911,-0.77317001,1.50223957,4.45786966,0.00000000
13.87100000,STAND,-0.00000804,-0.00218154,-0.00024797,-0.00730958,0.00070305,0.31516430,-0.01547990,0.00085859,0.01053074,0.02078958,-0.00004568,26.82955710,27.74805679,31.03767339,31.48810553,0.01341121,-0.77213811,1.52858717,0.00058032,-0.77336148,1.50234037,4.45429058,0.00000000
13.88100000,STAND,-0.00000523,-0.00216717,-0.00026114,-0.00725189,0.00064720,0.31516028,-0.01542440,0.00080488,0.01046440,0.02079041,-0.00004485,26.83787338,27.71905388,31.05028312,31.49546027,0.01331165,-0.77227964,1.52871690,0.00046004,-0.77352747,1.50242781,4.45157317,0.00000000
13.89100000,STAND,-0.00000336,-0.00215465,-0.00027269,-0.00720219,0.00059833,0.31515645,-0.01537649,0.00075779,0.01040726,0.02079141,-0.00004385,26.84596659,27.68636310,31.06681762,31.50275087,0.01323015,-0.77239308,1.52882941,0.00035714,-0.77366961,1.50250287,4.44970153,0.00000000
13.90100000,STAND,-0.00000241,-0.00214395,-0.00028268,-0.00716012,0.00055608,0.31515279,-0.01533581,0.00071699,0.01035886,0.02079258,-0.00004268,26.85383162,27.65008133,31.08718883,31.50997734,0.01316557,-0.77248010,1.52892575,0.00027042,-0.77378962,1.50256655,4.44865901,0.00000000
13.91100000,STAND,-0.00000238,-0.00213505,-0.00029114,-0.00712531,0.00052008,0.31514928,-0.01530202,0.00068214,0.01031874,0.02079391,-0.00004135,26.86146361,27.61030993,31.11130455,31.51713918,0.01311676,-0.77254244,1.52900695,0.00019868,-0.77388927,1.50261992,4.44842815,0.00000000
13.92100000,STAND,-0.00000325,-0.00212790,-0.00029812,-0.00709734,0.00048997,0.31514589,-0.01527475,0.00065290,0.01028638,0.02079541,-0.00003985,26.86885792,27.56715489,31.13906827,31.52423542,0.01308250,-0.77258191,1.52907413,0.00014062,-0.77397040,1.50266406,4.44899067,0.00000000
13.93100000,STAND,-0.00000500,-0.00212247,-0.00030367,-0.00707582,0.00046535,0.31514262,-0.01525362,0.00062888,0.01026129,0.02079705,-0.00003821,26.87601013,27.52072694,31.17037904,31.53126456,0.01306153,-0.77260038,1.52912841,0.00009493,-0.77403493,1.50270008,4.45032740,0.00000000
13.94100000,STAND,-0.00000762,-0.00211873,-0.00030783,-0.00706032,0.00044581,0.31513943,-0.01523821,0.00060972,0.01024292,0.02079885,-0.00003641,26.88291605,27.47114167,31.20513123,31.53822463,0.01305255,-0.77259982,1.52917097,0.00006024,-0.77408482,1.50272916,4.45241831,0.00000000
13.95100000,STAND,-0.00001109,-0.00211663,-0.00031065,-0.00705039,0.00043094,0.31513630,-0.01522812,0.00059501,0.01023071,0.02080079,-0.00003447,26.88957170,27.41851969,31.24321448,31.54511320,0.01305421,-0.77258223,1.52920302,0.00003513,-0.77412213,1.50275248,4.45524241,0.00000000
13.96100000,STAND,-0.00001540,-0.00211614,-0.00031218,-0.00704557,0.00042029,0.31513322,-0.01522292,0.00058435,0.01022409,0.02080287,-0.00003239,26.89597326,27.36298672,31.28451348,31.55192746,0.01306509,-0.77254972,1.52922581,0.00001813,-0.77414897,1.50277128,4.45877781,0.00000000
13.97100000,STAND,-0.00002052,-0.00211721,-0.00031249,-0.00704538,0.00041341,0.31513015,-0.01522216,0.00057731,0.01022246,0.02080509,-0.00003017,26.90211704,27.30467371,31.32890783,31.55866420,0.01308374,-0.77250445,1.52924065,0.00000771,-0.77416753,1.50278685,4.46300160,0.00000000
13.98100000,STAND,-0.00002645,-0.00211980,-0.00031161,-0.00704933,0.00040984,0.31512707,-0.01522537,0.00057345,0.01022520,0.02080744,-0.00002782,26.90799951,27.24371691,31.37627193,31.56531992,0.01310867,-0.77244867,1.52924886,0.00000230,-0.77418008,1.50280050,4.46788989,0.00000000
13.99100000,STAND,-0.00003316,-0.00212386,-0.00030962,-0.00705689,0.00040908,0.31512395,-0.01523207,0.00057232,0.01023167,0.02080991,-0.00002535,26.91370138,27.18028447,31.42640774,31.57173222,0.01313832,-0.77238469,1.52925185,0.00000029,-0.77418893,1.50281358,4.47341206,0.00000000
14.00100000,STAND,-0.00004065,-0.00212933,-0.00030657,-0.00706755,0.00041064,0.31512077,-0.01524177,0.00057343,0.01024120,0.02081250,-0.00002276,26.91851477,27.11447994,31.47930699,31.57803907,0.01317106,-0.77231491,1.52925104,0.00000000,-0.77419650,1.50282751,4.47955448,0.00000008
