time_s,state,roll_rad,pitch_rad,yaw_rad,body_x_m,body_y_m,body_z_m,com_x_m,com_y_m,support_margin_m,fr_foot_z_m,fr_lift_m,fl_force_n,fr_force_n,hl_force_n,hr_force_n,fr_q0,fr_q1,fr_q2,fr_qd0,fr_qd1,fr_qd2,max_abs_tau_nm,ik_residual_m
0.00100000,STAND,-0.00000000,0.00000000,-0.00000000,-0.00000004,0.00000000,0.32207984,-0.00842045,0.00016080,0.00585067,0.02200000,0.00000000,1.41653174,1.41753142,1.41745844,1.41726896,0.00000017,-0.77300194,1.50054729,0.00000000,-0.77297953,1.50050035,0.00000000,0.00000000
0.01000000,STAND,-0.00000011,0.00010585,0.00000012,-0.00001032,0.00000002,0.32160455,-0.00843058,0.00016081,0.00587349,0.02175033,0.00000000,7.72199611,7.72952869,7.06122346,7.06015264,0.00013355,-0.77340964,1.50180251,0.00000000,-0.77297953,1.50050035,0.82907487,0.00000000
0.02000000,STAND,-0.00000069,0.00052382,0.00000095,-0.00005936,0.00000013,0.32041151,-0.00847845,0.00016089,0.00594351,0.02100670,0.00000000,20.37831989,20.38795428,17.39567434,17.39481474,0.00055064,-0.77429420,1.50506621,0.00000000,-0.77297953,1.50050035,2.24543718,0.00000000
0.03000000,STAND,-0.00000245,0.00137868,0.00000352,-0.00018631,0.00000052,0.31886175,-0.00860249,0.00016117,0.00606347,0.02008582,0.00000000,28.77890454,28.79053191,23.76182781,23.75799313,0.00122750,-0.77532235,1.51001832,0.00000000,-0.77297953,1.50050035,3.39565106,0.00000000
0.04000000,STAND,-0.00000617,0.00242980,0.00000839,-0.00040274,0.00000133,0.31722381,-0.00881092,0.00016181,0.00623596,0.01905143,0.00000000,34.53366323,34.53698963,28.34810496,28.34052943,0.00211353,-0.77583238,1.51496994,0.00000000,-0.77297953,1.50050035,4.21066791,0.00000000
0.05000000,STAND,-0.00001189,0.00336067,0.00001554,-0.00070455,0.00000266,0.31567185,-0.00909895,0.00016291,0.00645868,0.01805133,0.00000000,38.33623031,38.32649080,31.90483503,31.89190060,0.00311673,-0.77590627,1.51939766,0.00000000,-0.77297953,1.50050035,4.79143642,0.00000000
0.06000000,STAND,-0.00001935,0.00395790,0.00002452,-0.00108435,0.00000456,0.31432793,-0.00945902,0.00016452,0.00672830,0.01719712,0.00000000,40.23691966,40.21067858,34.41188028,34.39190696,0.00416116,-0.77563602,1.52298553,0.00000000,-0.77297953,1.50050035,5.13498401,0.00000000
0.07000000,STAND,-0.00002814,0.00411116,0.00003466,-0.00153227,0.00000699,0.31326390,-0.00988162,0.00016662,0.00703974,0.01655459,0.00000000,40.45976227,40.41498650,35.93904381,35.91047167,0.00517945,-0.77510027,1.52557425,0.00000000,-0.77297953,1.50050035,5.26307511,0.00000000
0.08000000,STAND,-0.00003779,0.00379739,0.00004514,-0.00203641,0.00000987,0.31250665,-0.01035575,0.00016916,0.00738607,0.01614915,0.00000000,39.34380691,39.27988195,36.62882594,36.59039643,0.00611580,-0.77436875,1.52714273,0.00000000,-0.77297953,1.50050035,5.21458737,0.00000000
0.09000000,STAND,-0.00004779,0.00305830,0.00005517,-0.00258337,0.00001308,0.31204639,-0.01086927,0.00017204,0.00775867,0.01597426,0.00000000,37.28050666,37.19811080,36.66815137,36.61906271,0.00692950,-0.77350535,1.52777793,0.00000000,-0.77297953,1.50050035,5.03696177,0.00000000
0.10000000,STAND,-0.00005765,0.00197727,0.00006408,-0.00315882,0.00001648,0.31184663,-0.01140934,0.00017513,0.00814781,0.01600054,0.00000000,34.66251129,34.56338751,36.26017054,36.20018023,0.00759653,-0.77256922,1.52763990,0.00000000,-0.77297953,1.50050035,4.91242083,0.00000000
0.11000000,STAND,-0.00006691,0.00065858,0.00007135,-0.00374817,0.00001992,0.31185436,-0.01196290,0.00017829,0.00854328,0.01618472,0.00000000,31.84525333,31.73192366,35.60008614,35.52954792,0.00810898,-0.77161414,1.52692747,0.00000000,-0.77297953,1.50050035,4.86869164,0.00000000
0.12000000,STAND,-0.00007520,-0.00078924,0.00007671,-0.00433726,0.00002324,0.31200939,-0.01251720,0.00018139,0.00893509,0.01647756,0.00000000,29.12138446,28.99684809,34.85707235,34.77690820,0.00847276,-0.77068699,1.52584837,0.00000000,-0.77297953,1.50050035,4.81142376,0.00000000
0.13000000,STAND,-0.00008225,-0.00226571,0.00008009,-0.00491298,0.00002632,0.31225220,-0.01306035,0.00018430,0.00931402,0.01683027,0.00000000,26.70727711,26.57472600,34.16298382,34.07460152,0.00870414,-0.76982622,1.52459587,0.00000000,-0.77297953,1.50050035,4.75823526,0.00000000
0.14000000,STAND,-0.00008788,-0.00368636,0.00008162,-0.00546375,0.00002905,0.31252977,-0.01358174,0.00018692,0.00967217,0.01719929,0.00000000,24.74008550,24.60266114,33.60756132,33.51273414,0.00882601,-0.76906067,1.52333269,0.00000000,-0.77297953,1.50050035,4.72088371,0.00000000
0.15000000,STAND,-0.00009202,-0.00498690,0.00008155,-0.00597989,0.00003135,0.31279932,-0.01407235,0.00018915,0.01000316,0.01754935,0.00000000,23.28327569,23.14388060,33.23917639,33.13990295,0.00886428,-0.76840933,1.52218208,0.00000000,-0.77297953,1.50050035,4.70547820,0.00000000
0.16000000,STAND,-0.00009467,-0.00612419,0.00008026,-0.00645381,0.00003317,0.31303017,-0.01452495,0.00019096,0.01030230,0.01785499,0.00000000,22.33816633,22.19933450,33.06976869,32.96812977,0.00884483,-0.76788177,1.52122530,0.00000000,-0.77297953,1.50050035,4.71323661,0.00000000
0.17000000,STAND,-0.00009593,-0.00707494,0.00007814,-0.00687998,0.00003449,0.31320384,-0.01493415,0.00019230,0.01056648,0.01810067,0.00000000,21.85893201,21.72275570,33.08247937,32.98050517,0.00879126,-0.76747934,1.52050393,0.00000000,-0.77297953,1.50050035,4.74157601,0.00000000
0.18000000,STAND,-0.00009593,-0.00783280,0.00007558,-0.00725486,0.00003531,0.31331289,-0.01529630,0.00019318,0.01079411,0.01827995,0.00000000,21.76871368,21.63681871,33.24053111,33.14008872,0.00872341,-0.76719682,1.52002576,0.00000000,-0.77297953,1.50050035,4.78533996,0.00000000
0.19000000,STAND,-0.00009483,-0.00840458,0.00007293,-0.00757666,0.00003567,0.31335895,-0.01560935,0.00019361,0.01098479,0.01839389,0.00000000,21.97489883,21.84845825,33.49610595,33.39881291,0.00865664,-0.76702422,1.51977256,0.00000000,-0.77297953,1.50050035,4.83800014,0.00000000
0.20000000,STAND,-0.00009283,-0.00880623,0.00007045,-0.00784506,0.00003560,0.31335028,-0.01587263,0.00019364,0.01113910,0.01844910,0.00000000,22.38218438,22.26195912,33.79826921,33.70543554,0.00860173,-0.76694864,1.51970850,0.00000000,-0.77297953,1.50050035,4.89271296,0.00000000
0.21000000,STAND,-0.00009010,-0.00905913,0.00006833,-0.00806093,0.00003516,0.31329927,-0.01608659,0.00019330,0.01125837,0.01845575,0.00000000,22.90261663,22.78901254,34.09932393,34.01192238,0.00856518,-0.76695588,1.51978826,0.00000000,-0.77297953,1.50050035,4.94315761,0.00000000
0.22000000,STAND,-0.00008685,-0.00918678,0.00006668,-0.00822604,0.00003441,0.31322014,-0.01625259,0.00019265,0.01134440,0.01842572,0.00000000,23.46233130,23.35546327,34.35930501,34.27796689,0.00854985,-0.76703173,1.51996395,0.00000000,-0.77297953,1.50050035,4.98412272,0.00000000
0.23000000,STAND,-0.00008322,-0.00921230,0.00006552,-0.00834282,0.00003341,0.31312697,-0.01637262,0.00019176,0.01139930,0.01837094,0.00000000,24.00513951,23.90489542,34.54859739,34.47363002,0.00855581,-0.76716298,1.52019064,0.00000000,-0.77297953,1.50050035,5.01184340,0.00000000
0.24000000,STAND,-0.00007939,-0.00915664,0.00006482,-0.00841414,0.00003222,0.31303231,-0.01644918,0.00019067,0.01142537,0.01830232,0.00000000,24.49339968,24.39949890,34.64886775,34.58028831,0.00858113,-0.76733793,1.52043008,0.00000000,-0.77297953,1.50050035,5.02411500,0.00000000
0.25000000,STAND,-0.00007546,-0.00903759,0.00006449,-0.00844317,0.00003091,0.31294621,-0.01648510,0.00018945,0.01142498,0.01822889,0.00000000,24.90678231,24.81882574,34.65262902,34.59020967,0.00862270,-0.76754675,1.52065292,0.00000000,-0.77297953,1.50050035,5.02022566,0.00000000
0.26000000,STAND,-0.00007156,-0.00886935,0.00006444,-0.00843326,0.00002952,0.31287577,-0.01648344,0.00018815,0.01140053,0.01815744,0.00000000,25.23959292,25.15710306,34.56181779,34.50513656,0.00867694,-0.76778140,1.52083939,0.00000000,-0.77297953,1.50050035,5.00075774,0.00000000
0.27000000,STAND,-0.00006778,-0.00866262,0.00006454,-0.00838787,0.00002811,0.31282514,-0.01644740,0.00018682,0.01135443,0.01809248,0.00000000,25.49729243,25.41974367,34.38576893,34.33426177,0.00874031,-0.76803550,1.52097889,0.00000000,-0.77297953,1.50050035,4.96730845,0.00000000
0.28000000,STAND,-0.00006419,-0.00842509,0.00006470,-0.00831053,0.00002672,0.31279569,-0.01638029,0.00018550,0.01128909,0.01803638,0.00000000,25.69277082,25.61961091,34.13893520,34.09194537,0.00880974,-0.76830401,1.52106877,0.00000000,-0.77297953,1.50050035,4.92217613,0.00000000
0.29000000,STAND,-0.00006086,-0.00816207,0.00006481,-0.00820484,0.00002537,0.31278660,-0.01628553,0.00018421,0.01120689,0.01798973,0.00000000,25.84281317,25.77347769,33.83863793,33.79545993,0.00888278,-0.76858290,1.52111257,0.00000000,-0.77297953,1.50050035,4.86805071,0.00000000
0.30000000,STAND,-0.00005781,-0.00787725,0.00006483,-0.00807443,0.00002410,0.31279534,-0.01616655,0.00018299,0.01111024,0.01795182,0.00000000,25.96506770,25.89898927,33.50306039,33.46297663,0.00895776,-0.76886877,1.52111807,0.00000000,-0.77297953,1.50050035,4.80773695,0.00000000
0.31000000,STAND,-0.00005510,-0.00757336,0.00006471,-0.00792296,0.00002292,0.31281836,-0.01602685,0.00018187,0.01100153,0.01792108,0.00000000,26.07569774,26.01231203,33.14961942,33.11192901,0.00903368,-0.76915862,1.52109545,0.00000000,-0.77297953,1.50050035,4.74392934,0.00000000
0.32000000,STAND,-0.00005275,-0.00725285,0.00006443,-0.00775410,0.00002187,0.31285161,-0.01586994,0.00018085,0.01088316,0.01789549,0.00000000,26.18778691,26.12653698,32.79378065,32.75782040,0.00911016,-0.76944957,1.52105557,0.00000000,-0.77297953,1.50050035,4.67904758,0.00000000
0.33000000,STAND,-0.00005076,-0.00691829,0.00006401,-0.00757152,0.00002094,0.31289105,-0.01569936,0.00017995,0.01075751,0.01787298,0.00000000,26.31047425,26.25081448,32.44832353,32.41348181,0.00918725,-0.76973874,1.52100871,0.00000000,-0.77297953,1.50050035,4.61513357,0.00000000
0.34000000,STAND,-0.00004916,-0.00657272,0.00006348,-0.00737886,0.00002014,0.31293298,-0.01551856,0.00017918,0.01062694,0.01785171,0.00000000,26.44872882,26.39012929,32.12301683,32.08874158,0.00926526,-0.77002315,1.52096355,0.00000000,-0.77297953,1.50050035,4.55380457,0.00000000
0.35000000,STAND,-0.00004793,-0.00621974,0.00006287,-0.00717969,0.00001949,0.31297435,-0.01533099,0.00017855,0.01049373,0.01783022,0.00000000,26.60363117,26.54558286,31.82463505,31.79043714,0.00934461,-0.77029977,1.52092671,0.00000000,-0.77297953,1.50050035,4.49625297,0.00000000
0.36000000,STAND,-0.00004707,-0.00586357,0.00006222,-0.00697746,0.00001898,0.31301280,-0.01513993,0.00017804,0.01036007,0.01780755,0.00000000,26.77301028,26.71503113,31.55722960,31.52268293,0.00942568,-0.77056550,1.52090247,0.00000000,-0.77297953,1.50050035,4.44328081,0.00000000
0.37000000,STAND,-0.00004656,-0.00550890,0.00006159,-0.00677547,0.00001860,0.31304678,-0.01494856,0.00017767,0.01022806,0.01778325,0.00000000,26.95228559,26.89392723,31.32256499,31.28730453,0.00950869,-0.77081732,1.52089291,0.00000000,-0.77297953,1.50050035,4.39535697,0.00000000
0.38000000,STAND,-0.00004640,-0.00516072,0.00006100,-0.00657682,0.00001837,0.31307541,-0.01475985,0.00017743,0.01009963,0.01775734,0.00000000,27.13537935,27.07623402,31.12063614,31.08435488,0.00959364,-0.77105236,1.52089816,0.00000000,-0.77297953,1.50050035,4.35268545,0.00000000
0.39000000,STAND,-0.00004654,-0.00482408,0.00006050,-0.00638435,0.00001825,0.31309844,-0.01457653,0.00017731,0.00997653,0.01773021,0.00000000,27.31559029,27.25529750,30.95019602,30.91264152,0.00968032,-0.77126798,1.52091684,0.00000000,-0.77297953,1.50050035,4.31527536,0.00000000
0.40000000,STAND,-0.00004697,-0.00450391,0.00006010,-0.00620064,0.00001826,0.31311609,-0.01440109,0.00017730,0.00986034,0.01770252,0.00000000,27.48634944,27.42460179,30.80923947,30.77021062,0.00976824,-0.77146194,1.52094651,0.00000000,-0.77297953,1.50050035,4.28300536,0.00000000
0.41000000,STAND,-0.00004764,-0.00420474,0.00005982,-0.00602795,0.00001838,0.31312889,-0.01423570,0.00017739,0.00975239,0.01767509,0.00000000,27.64181007,27.57835784,30.69540760,30.65475166,0.00985673,-0.77163242,1.52098413,0.00000000,-0.77297953,1.50050035,4.25567766,0.00000000
0.42000000,STAND,-0.00004853,-0.00393053,0.00005966,-0.00586820,0.00001859,0.31313756,-0.01408225,0.00017758,0.00965380,0.01764879,0.00000000,27.77725175,27.71190586,30.60629388,30.56390397,0.00994494,-0.77177808,1.52102649,0.00000000,-0.77297953,1.50050035,4.23305934,0.00000000
0.43000000,STAND,-0.00004958,-0.00368460,0.00005962,-0.00572297,0.00001888,0.31314287,-0.01394228,0.00017785,0.00956545,0.01762445,0.00000000,27.88930149,27.82193465,30.53964859,30.49546145,0.01003193,-0.77189814,1.52107056,0.00000000,-0.77297953,1.50050035,4.21491031,0.00000000
0.44000000,STAND,-0.00005076,-0.00346943,0.00005968,-0.00559349,0.00001925,0.31314559,-0.01381700,0.00017818,0.00948800,0.01760277,0.00000000,27.97599251,27.90653850,30.49348896,30.44748285,0.01011670,-0.77199232,1.52111366,0.00000000,-0.77297953,1.50050035,4.20099911,0.00000000
0.45000000,STAND,-0.00005203,-0.00328671,0.00005983,-0.00548064,0.00001966,0.31314637,-0.01370730,0.00017856,0.00942187,0.01758432,0.00000000,28.03669195,27.96514299,30.46613076,30.41832332,0.01019830,-0.77206084,1.52115370,0.00000000,-0.77297953,1.50050035,4.19110848,0.00000000
0.46000000,STAND,-0.00005334,-0.00313733,0.00006004,-0.00538495,0.00002012,0.31314574,-0.01361375,0.00017899,0.00936725,0.01756946,0.00000000,28.07193393,27.99833643,30.45616100,30.40660671,0.01027580,-0.77210443,1.52118917,0.00000000,-0.77297953,1.50050035,4.18503343,0.00000000
0.47000000,STAND,-0.00005467,-0.00302139,0.00006030,-0.00530666,0.00002060,0.31314407,-0.01353661,0.00017944,0.00932415,0.01755840,0.00000000,28.08319492,28.00764388,30.46237241,30.41115972,0.01034843,-0.77212421,1.52121916,0.00000000,-0.77297953,1.50050035,4.18257440,0.00000000
0.48000000,STAND,-0.00005598,-0.00293829,0.00006060,-0.00524567,0.00002109,0.31314163,-0.01347585,0.00017990,0.00929236,0.01755113,0.00000000,28.07264492,27.99527713,30.48367945,30.43092728,0.01041550,-0.77212166,1.52124330,0.00000000,-0.77297953,1.50050035,4.18352828,0.00000000
0.49000000,STAND,-0.00005723,-0.00288685,0.00006089,-0.00520163,0.00002158,0.31313853,-0.01343119,0.00018036,0.00927153,0.01754755,0.00000000,28.04290192,27.96388852,30.51903209,30.46488577,0.01047650,-0.77209855,1.52126166,0.00000000,-0.77297953,1.50050035,4.18767919,0.00000000
0.50000000,STAND,-0.00005840,-0.00286535,0.00006119,-0.00517394,0.00002206,0.31313483,-0.01340210,0.00018081,0.00926114,0.01754739,0.00000000,27.99681034,27.91634899,30.56734005,30.51196672,0.01053106,-0.77205688,1.52127463,0.00000000,-0.77297953,1.50050035,4.19479084,0.00000000
0.51000000,STAND,-0.00005946,-0.00287168,0.00006146,-0.00516179,0.00002251,0.31313050,-0.01338785,0.00018124,0.00926055,0.01755033,0.00000000,27.93725662,27.85556357,30.62741560,30.57099920,0.01057899,-0.77199881,1.52128282,0.00000000,-0.77297953,1.50050035,4.20460144,0.00000000
0.52000000,STAND,-0.00006040,-0.00290343,0.00006171,-0.00516417,0.00002292,0.31312551,-0.01338753,0.00018164,0.00926903,0.01755597,0.00000000,27.86702827,27.78433073,30.69793925,30.64067516,0.01062019,-0.77192658,1.52128694,0.00000000,-0.77297953,1.50050035,4.21682163,0.00000000
0.53000000,STAND,-0.00006121,-0.00295796,0.00006192,-0.00517992,0.00002330,0.31311980,-0.01340007,0.00018200,0.00928573,0.01756392,0.00000000,27.78871722,27.70524613,30.77744875,30.71953838,0.01065473,-0.77184249,1.52128772,0.00000000,-0.77297953,1.50050035,4.23113562,0.00000000
0.54000000,STAND,-0.00006187,-0.00303248,0.00006210,-0.00520779,0.00002363,0.31311336,-0.01342430,0.00018232,0.00930977,0.01757374,0.00000000,27.70466352,27.62064708,30.86434949,30.80599485,0.01068278,-0.77174885,1.52128585,0.00000000,-0.77297953,1.50050035,4.24720494,0.00000000
0.55000000,STAND,-0.00006239,-0.00312417,0.00006224,-0.00524640,0.00002390,0.31310619,-0.01345894,0.00018259,0.00934020,0.01758504,0.00000000,27.61693299,27.53259092,30.95694213,30.89834081,0.01070458,-0.77164790,1.52128194,0.00000000,-0.77297953,1.50050035,4.26467458,0.00000000
0.56000000,STAND,-0.00006276,-0.00323016,0.00006235,-0.00529433,0.00002413,0.31309834,-0.01350265,0.00018281,0.00937606,0.01759746,0.00000000,27.52732068,27.44285936,31.05346269,30.99480313,0.01072048,-0.77154182,1.52127648,0.00000000,-0.77297953,1.50050035,4.28318052,0.00000000
0.57000000,STAND,-0.00006298,-0.00334764,0.00006242,-0.00535011,0.00002430,0.31308989,-0.01355406,0.00018298,0.00941637,0.01761064,0.00000000,27.43737158,27.35298016,31.15212959,31.09358693,0.01073084,-0.77143268,1.52126987,0.00000000,-0.77297953,1.50050035,4.30235808,0.00000000
0.58000000,STAND,-0.00006307,-0.00347387,0.00006245,-0.00541228,0.00002441,0.31308095,-0.01361177,0.00018310,0.00946017,0.01762430,0.00000000,27.34841105,27.26425840,31.25119271,31.19292542,0.01073611,-0.77132242,1.52126237,0.00000000,-0.77297953,1.50050035,4.32185036,0.00000000
0.59000000,STAND,-0.00006303,-0.00360620,0.00006247,-0.00547937,0.00002448,0.31307166,-0.01367440,0.00018317,0.00950650,0.01763816,0.00000000,27.26157809,27.17781067,31.34898044,31.29112755,0.01073673,-0.77121286,1.52125419,0.00000000,-0.77297953,1.50050035,4.34131621,0.00000000
0.60000000,STAND,-0.00006287,-0.00374215,0.00006246,-0.00554997,0.00002449,0.31306220,-0.01374061,0.00018319,0.00955446,0.01765200,0.00000000,27.17785683,27.09459737,31.44394104,31.38662026,0.01073319,-0.77110564,1.52124545,0.00000000,-0.77297953,1.50050035,4.36043719,0.00000000
0.61000000,STAND,-0.00006262,-0.00387935,0.00006243,-0.00562271,0.00002446,0.31305273,-0.01380909,0.00018317,0.00960318,0.01766561,0.00000000,27.09810267,27.01544959,31.53467655,31.47798305,0.01072597,-0.77100224,1.52123624,0.00000000,-0.77297953,1.50050035,4.37892334,0.00000000
0.62000000,STAND,-0.00006227,-0.00401561,0.00006238,-0.00569630,0.00002439,0.31304343,-0.01387859,0.00018311,0.00965184,0.01767884,0.00000000,27.02306158,26.94108908,31.61996779,31.56397377,0.01071556,-0.77090397,1.52122663,0.00000000,-0.77297953,1.50050035,4.39651756,0.00000000
0.63000000,STAND,-0.00006186,-0.00414894,0.00006232,-0.00576952,0.00002428,0.31303444,-0.01394796,0.00018301,0.00969970,0.01769151,0.00000000,26.95338218,26.87214090,31.69879027,31.64354520,0.01070246,-0.77081195,1.52121667,0.00000000,-0.77297953,1.50050035,4.41299853,0.00000000
0.64000000,STAND,-0.00006139,-0.00427752,0.00006226,-0.00584126,0.00002415,0.31302591,-0.01401613,0.00018289,0.00974606,0.01770352,0.00000000,26.88962118,26.80913938,31.77032164,31.71585304,0.01068713,-0.77072713,1.52120644,0.00000000,-0.77297953,1.50050035,4.42818226,0.00000000
0.65000000,STAND,-0.00006088,-0.00439975,0.00006219,-0.00591052,0.00002399,0.31301797,-0.01408213,0.00018274,0.00979033,0.01771474,0.00000000,26.83224378,26.75252887,31.83394141,31.78025624,0.01067006,-0.77065029,1.52119601,0.00000000,-0.77297953,1.50050035,4.44192242,0.00000000
0.66000000,STAND,-0.00006035,-0.00451423,0.00006212,-0.00597640,0.00002381,0.31301072,-0.01414508,0.00018257,0.00983197,0.01772509,0.00000000,26.78162050,26.70266096,31.88922455,31.83631084,0.01065168,-0.77058199,1.52118550,0.00000000,-0.77297953,1.50050035,4.45410969,0.00000000
0.67000000,STAND,-0.00005980,-0.00461979,0.00006204,-0.00603813,0.00002362,0.31300424,-0.01420425,0.00018239,0.00987054,0.01773447,0.00000000,26.73802253,26.65979001,31.93593014,31.88375910,0.01063244,-0.77052267,1.52117501,0.00000000,-0.77297953,1.50050035,4.46467019,0.00000000
0.68000000,STAND,-0.00005926,-0.00471546,0.00006197,-0.00609507,0.00002342,0.31299857,-0.01425899,0.00018221,0.00990566,0.01774284,0.00000000,26.70161701,26.62406864,31.97398669,31.92251495,0.01061275,-0.77047256,1.52116469,0.00000000,-0.77297953,1.50050035,4.47356338,0.00000000
0.69000000,STAND,-0.00005874,-0.00480050,0.00006189,-0.00614668,0.00002322,0.31299375,-0.01430879,0.00018202,0.00993706,0.01775014,0.00000000,26.67246370,26.59554451,32.00347532,31.95264731,0.01059298,-0.77043174,1.52115466,0.00000000,-0.77297953,1.50050035,4.48077945,0.00000000
0.70000000,STAND,-0.00005824,-0.00487439,0.00006183,-0.00619258,0.00002302,0.31298979,-0.01435324,0.00018183,0.00996453,0.01775634,0.00000000,26.65051406,26.57415940,32.02461191,31.97436231,0.01057349,-0.77040016,1.52114508,0.00000000,-0.77297953,1.50050035,4.48633645,0.00000000
0.71000000,STAND,-0.00005778,-0.00493680,0.00006176,-0.00623246,0.00002283,0.31298667,-0.01439205,0.00018165,0.00998793,0.01776142,0.00000000,26.63561316,26.55975112,32.03772902,31.98798520,0.01055461,-0.77037760,1.52113606,0.00000000,-0.77297953,1.50050035,4.49027734,0.00000000
0.72000000,STAND,-0.00005735,-0.00498763,0.00006171,-0.00626618,0.00002265,0.31298438,-0.01442505,0.00018147,0.01000721,0.01776540,0.00000000,26.62750471,26.55205851,32.04325826,31.99394261,0.01053660,-0.77036374,1.52112774,0.00000000,-0.77297953,1.50050035,4.49266689,0.00000000
0.73000000,STAND,-0.00005698,-0.00502694,0.00006166,-0.00629366,0.00002248,0.31298288,-0.01445216,0.00018131,0.01002239,0.01776827,0.00000000,26.62583898,26.55072917,32.04171342,31.99274560,0.01051973,-0.77035814,1.52112021,0.00000000,-0.77297953,1.50050035,4.49358872,0.00000000
0.74000000,STAND,-0.00005666,-0.00505498,0.00006162,-0.00631495,0.00002233,0.31298212,-0.01447340,0.00018117,0.01003353,0.01777008,0.00000000,26.63018324,26.55532986,32.03367462,31.98497367,0.01050420,-0.77036026,1.52111355,0.00000000,-0.77297953,1.50050035,4.49314230,0.00000000
0.75000000,STAND,-0.00005640,-0.00507216,0.00006159,-0.00633018,0.00002220,0.31298205,-0.01448889,0.00018104,0.01004076,0.01777087,0.00000000,26.64003419,26.56535861,32.01977359,31.97125973,0.01049018,-0.77036948,1.52110782,0.00000000,-0.77297953,1.50050035,4.49144013,0.00000000
0.76000000,STAND,-0.00005619,-0.00507902,0.00006157,-0.00633958,0.00002209,0.31298261,-0.01449882,0.00018093,0.01004428,0.01777071,0.00000000,26.65483162,26.58025828,32.00067992,31.95227630,0.01047780,-0.77038513,1.52110306,0.00000000,-0.77297953,1.50050035,4.48860504,0.00000000
0.77000000,STAND,-0.00005603,-0.00507623,0.00006156,-0.00634345,0.00002199,0.31298374,-0.01450345,0.00018084,0.01004430,0.01776966,0.00000000,26.67397277,26.59943064,31.97708837,31.92872247,0.01046717,-0.77040647,1.52109928,0.00000000,-0.77297953,1.50050035,4.48476749,0.00000000
0.78000000,STAND,-0.00005593,-0.00506457,0.00006155,-0.00634213,0.00002192,0.31298536,-0.01450312,0.00018077,0.01004110,0.01776781,0.00000000,26.69682669,26.62225052,31.94970712,31.90131199,0.01045834,-0.77043273,1.52109647,0.00000000,-0.77297953,1.50050035,4.48006319,0.00000000
0.79000000,STAND,-0.00005589,-0.00504489,0.00006156,-0.00633605,0.00002187,0.31298742,-0.01449821,0.00018072,0.01003496,0.01776524,0.00000000,26.72274814,26.64807943,31.91924682,31.87076203,0.01045132,-0.77046314,1.52109461,0.00000000,-0.77297953,1.50050035,4.47463066,0.00000000
0.80000000,STAND,-0.00005589,-0.00501809,0.00006157,-0.00632566,0.00002184,0.31298985,-0.01448913,0.00018068,0.01002621,0.01776205,0.00000000,26.75109058,26.67627829,31.88641044,31.83778281,0.01044612,-0.77049690,1.52109364,0.00000000,-0.77297953,1.50050035,4.46860906,0.00000000
0.81000000,STAND,-0.00005593,-0.00498515,0.00006159,-0.00631144,0.00002183,0.31299257,-0.01447635,0.00018067,0.01001518,0.01775834,0.00000000,26.78121789,26.70621897,31.85188391,31.80306806,0.01044270,-0.77053324,1.52109352,0.00000000,-0.77297953,1.50050035,4.46213606,0.00000000
0.82000000,STAND,-0.00005602,-0.00494704,0.00006162,-0.00629391,0.00002184,0.31299553,-0.01446035,0.00018067,0.01000221,0.01775420,0.00000000,26.81251478,26.73729439,31.81632756,31.76728615,0.01044098,-0.77057139,1.52109418,0.00000000,-0.77297953,1.50050035,4.45534597,0.00000000
0.83000000,STAND,-0.00005614,-0.00490475,0.00006165,-0.00627360,0.00002186,0.31299865,-0.01444161,0.00018069,0.00998765,0.01774973,0.00000000,26.84439562,26.76892721,31.78036836,31.73107222,0.01044089,-0.77061061,1.52109554,0.00000000,-0.77297953,1.50050035,4.44836795,0.00000000
0.84000000,STAND,-0.00005628,-0.00485926,0.00006168,-0.00625103,0.00002189,0.31300188,-0.01442065,0.00018072,0.00997185,0.01774503,0.00000000,26.87631182,26.80057695,31.74459304,31.69502106,0.01044230,-0.77065021,1.52109753,0.00000000,-0.77297953,1.50050035,4.44132443,0.00000000
0.85000000,STAND,-0.00005645,-0.00481153,0.00006172,-0.00622673,0.00002194,0.31300516,-0.01439795,0.00018076,0.00995516,0.01774019,0.00000000,26.90775772,26.83174574,31.70954217,31.65968105,0.01044511,-0.77068956,1.52110006,0.00000000,-0.77297953,1.50050035,4.43432978,0.00000000
0.86000000,STAND,-0.00005664,-0.00476247,0.00006176,-0.00620120,0.00002199,0.31300843,-0.01437400,0.00018081,0.00993789,0.01773530,0.00000000,26.93827514,26.86198268,31.67570526,31.62554905,0.01044916,-0.77072804,1.52110305,0.00000000,-0.77297953,1.50050035,4.42748908,0.00000000
0.87000000,STAND,-0.00005684,-0.00471295,0.00006180,-0.00617493,0.00002206,0.31301164,-0.01434927,0.00018087,0.00992037,0.01773043,0.00000000,26.96745661,26.89088703,31.64351681,31.59306645,0.01045431,-0.77076513,1.52110642,0.00000000,-0.77297953,1.50050035,4.42089719,0.00000000
0.88000000,STAND,-0.00005704,-0.00466377,0.00006184,-0.00614840,0.00002213,0.31301474,-0.01432421,0.00018093,0.00990288,0.01772567,0.00000000,26.99494757,26.91811020,31.61335356,31.56261618,0.01046041,-0.77080036,1.52111007,0.00000000,-0.77297953,1.50050035,4.41463802,0.00000000
0.89000000,STAND,-0.00005724,-0.00461569,0.00006187,-0.00612204,0.00002220,0.31301770,-0.01429923,0.00018100,0.00988570,0.01772107,0.00000000,27.02044744,26.94335683,31.58553272,31.53452096,0.01046729,-0.77083331,1.52111395,0.00000000,-0.77297953,1.50050035,4.40878404,0.00000000
0.90000000,STAND,-0.00005744,-0.00456937,0.00006191,-0.00609624,0.00002228,0.31302048,-0.01427471,0.00018107,0.00986906,0.01771670,0.00000000,27.04370988,26.96638496,31.56031131,31.50904255,0.01047480,-0.77086365,1.52111796,0.00000000,-0.77297953,1.50050035,4.40339594,0.00000000
0.91000000,STAND,-0.00005763,-0.00452539,0.00006194,-0.00607137,0.00002235,0.31302305,-0.01425100,0.00018114,0.00985320,0.01771261,0.00000000,27.06454219,26.98700543,31.53788652,31.48638205,0.01048278,-0.77089110,1.52112204,0.00000000,-0.77297953,1.50050035,4.39852256,0.00000000
0.92000000,STAND,-0.00005781,-0.00448427,0.00006196,-0.00604774,0.00002242,0.31302538,-0.01422842,0.00018121,0.00983829,0.01770883,0.00000000,27.08280404,27.00508061,31.51839695,31.46668119,0.01049108,-0.77091545,1.52112611,0.00000000,-0.77297953,1.50050035,4.39420104,0.00000000
0.93000000,STAND,-0.00005798,-0.00444644,0.00006198,-0.00602563,0.00002249,0.31302746,-0.01420722,0.00018128,0.00982449,0.01770542,0.00000000,27.09840557,27.02052249,31.50192484,31.45002450,0.01049954,-0.77093655,1.52113013,0.00000000,-0.77297953,1.50050035,4.39045706,0.00000000
0.94000000,STAND,-0.00005813,-0.00441222,0.00006200,-0.00600527,0.00002256,0.31302926,-0.01418764,0.00018134,0.00981195,0.01770238,0.00000000,27.11130487,27.03329024,31.48849894,31.43644224,0.01050803,-0.77095433,1.52113402,0.00000000,-0.77297953,1.50050035,4.38730531,0.00000000
0.95000000,STAND,-0.00005826,-0.00438189,0.00006201,-0.00598684,0.00002262,0.31303079,-0.01416986,0.00018140,0.00980075,0.01769974,0.00000000,27.12150506,27.04338729,31.47809810,31.42591405,0.01051642,-0.77096875,1.52113775,0.00000000,-0.77297953,1.50050035,4.38475014,0.00000000
0.96000000,STAND,-0.00005837,-0.00435562,0.00006202,-0.00597049,0.00002267,0.31303204,-0.01415401,0.00018145,0.00979098,0.01769752,0.00000000,27.12905090,27.05085806,31.47065542,31.41837310,0.01052459,-0.77097985,1.52114126,0.00000000,-0.77297953,1.50050035,4.38278620,0.00000000
0.97000000,STAND,-0.00005847,-0.00433352,0.00006202,-0.00595631,0.00002272,0.31303301,-0.01414021,0.00018150,0.00978267,0.01769570,0.00000000,27.13402501,27.05578421,31.46606279,31.41371070,0.01053243,-0.77098770,1.52114452,0.00000000,-0.77297953,1.50050035,4.38139932,0.00000000
0.98000000,STAND,-0.00005854,-0.00431560,0.00006202,-0.00594436,0.00002276,0.31303370,-0.01412850,0.00018154,0.00977585,0.01769430,0.00000000,27.13654382,27.05828070,31.46417572,31.41178126,0.01053985,-0.77099243,1.52114749,0.00000000,-0.77297953,1.50050035,4.38056737,0.00000000
0.99000000,STAND,-0.00005859,-0.00430184,0.00006201,-0.00593466,0.00002280,0.31303413,-0.01411892,0.00018157,0.00977050,0.01769330,0.00000000,27.13675334,27.05849161,31.46481845,31.41240742,0.01054677,-0.77099419,1.52115015,0.00000000,-0.77297953,1.50050035,4.38026126,0.00000000
1.00000000,STAND,-0.00005862,-0.00429214,0.00006200,-0.00592718,0.00002282,0.31303431,-0.01411145,0.00018160,0.00976661,0.01769268,0.00000000,27.13482469,27.05658581,31.46778908,31.41538527,0.01055312,-0.77099319,1.52115249,0.00000000,-0.77297953,1.50050035,4.38044587,0.00000000
1.01000000,STAND,-0.00005864,-0.00428634,0.00006199,-0.00592189,0.00002284,0.31303426,-0.01410606,0.00018162,0.00976412,0.01769244,0.00000000,27.13094961,27.05275249,31.47286476,31.42048963,0.01055886,-0.77098964,1.52115449,0.00000000,-0.77297953,1.50050035,4.38108111,0.00000000
1.02000000,STAND,-0.00005863,-0.00428423,0.00006197,-0.00591868,0.00002285,0.31303399,-0.01410266,0.00018163,0.00976296,0.01769253,0.00000000,27.12533592,27.04719676,31.47980675,31.42747920,0.01056393,-0.77098380,1.52115614,0.00000000,-0.77297953,1.50050035,4.38212290,0.00000000
1.03000000,STAND,-0.00005862,-0.00428557,0.00006196,-0.00591747,0.00002285,0.31303353,-0.01410115,0.00018164,0.00976305,0.01769295,0.00000000,27.11820310,27.04013527,31.48836539,31.43610160,0.01056832,-0.77097593,1.52115745,0.00000000,-0.77297953,1.50050035,4.38352418,0.00000000
1.04000000,STAND,-0.00005859,-0.00429007,0.00006194,-0.00591811,0.00002285,0.31303289,-0.01410143,0.00018163,0.00976430,0.01769364,0.00000000,27.10977793,27.03179198,31.49828481,31.44609813,0.01057200,-0.77096631,1.52115842,0.00000000,-0.77297953,1.50050035,4.38523584,0.00000000
1.05000000,STAND,-0.00005854,-0.00429743,0.00006191,-0.00592045,0.00002285,0.31303210,-0.01410335,0.00018163,0.00976660,0.01769460,0.00000000,27.10029039,27.02239402,31.50930738,31.45720834,0.01057499,-0.77095522,1.52115906,0.00000000,-0.77297953,1.50050035,4.38720767,0.00000000
1.06000000,STAND,-0.00005849,-0.00430732,0.00006189,-0.00592433,0.00002283,0.31303118,-0.01410675,0.00018162,0.00976983,0.01769577,0.00000000,27.08996975,27.01216797,31.52117783,31.46917417,0.01057728,-0.77094294,1.52115938,0.00000000,-0.77297953,1.50050035,4.38938922,0.00000000
1.07000000,STAND,-0.00005843,-0.00431938,0.00006187,-0.00592957,0.00002282,0.31303016,-0.01411147,0.00018161,0.00977387,0.01769712,0.00000000,27.07904100,27.00133627,31.53364704,31.48174381,0.01057889,-0.77092976,1.52115941,0.00000000,-0.77297953,1.50050035,4.39173057,0.00000000
1.08000000,STAND,-0.00005836,-0.00433327,0.00006185,-0.00593599,0.00002280,0.31302906,-0.01411734,0.00018159,0.00977860,0.01769863,0.00000000,27.06772161,26.99011400,31.54647545,31.49467517,0.01057985,-0.77091595,1.52115916,0.00000000,-0.77297953,1.50050035,4.39418312,0.00000000
1.09000000,STAND,-0.00005829,-0.00434863,0.00006183,-0.00594339,0.00002278,0.31302790,-0.01412417,0.00018157,0.00978389,0.01770024,0.00000000,27.05621865,26.97870610,31.55943599,31.50773884,0.01058021,-0.77090177,1.52115867,0.00000000,-0.77297953,1.50050035,4.39670020,0.00000000
1.10000000,STAND,-0.00005822,-0.00436510,0.00006181,-0.00595159,0.00002275,0.31302671,-0.01413179,0.00018154,0.00978962,0.01770194,0.00000000,27.04472629,26.96730486,31.57231674,31.52072076,0.01057999,-0.77088747,1.52115795,0.00000000,-0.77297953,1.50050035,4.39923767,0.00000000
1.11000000,STAND,-0.00005815,-0.00438236,0.00006179,-0.00596040,0.00002273,0.31302550,-0.01414002,0.00018152,0.00979566,0.01770369,0.00000000,27.03342373,26.95608786,31.58492299,31.53342434,0.01057926,-0.77087329,1.52115703,0.00000000,-0.77297953,1.50050035,4.40175440,0.00000000
1.12000000,STAND,-0.00005808,-0.00440006,0.00006178,-0.00596964,0.00002270,0.31302430,-0.01414869,0.00018150,0.00980190,0.01770546,0.00000000,27.02247350,26.94521631,31.59707901,31.54567223,0.01057805,-0.77085944,1.52115595,0.00000000,-0.77297953,1.50050035,4.40421270,0.00000000
1.13000000,STAND,-0.00005801,-0.00441790,0.00006176,-0.00597912,0.00002267,0.31302313,-0.01415762,0.00018147,0.00980822,0.01770721,0.00000000,27.01202018,26.93483373,31.60862934,31.55730763,0.01057643,-0.77084610,1.52115474,0.00000000,-0.77297953,1.50050035,4.40657864,0.00000000
1.14000000,STAND,-0.00005795,-0.00443559,0.00006175,-0.00598868,0.00002265,0.31302199,-0.01416665,0.00018145,0.00981452,0.01770892,0.00000000,27.00218953,26.92506510,31.61943967,31.56819515,0.01057446,-0.77083345,1.52115341,0.00000000,-0.77297953,1.50050035,4.40882229,0.00000000
1.15000000,STAND,-0.00005789,-0.00445286,0.00006174,-0.00599817,0.00002262,0.31302091,-0.01417565,0.00018142,0.00982070,0.01771058,0.00000000,26.99308789,26.91601628,31.62939735,31.57822134,0.01057218,-0.77082164,1.52115201,0.00000000,-0.77297953,1.50050035,4.41091790,0.00000000
1.16000000,STAND,-0.00005783,-0.00446948,0.00006173,-0.00600744,0.00002260,0.31301989,-0.01418446,0.00018140,0.00982668,0.01771215,0.00000000,26.98480210,26.90777385,31.63841153,31.58729478,0.01056967,-0.77081078,1.52115056,0.00000000,-0.77297953,1.50050035,4.41284394,0.00000000
1.17000000,STAND,-0.00005779,-0.00448523,0.00006173,-0.00601636,0.00002258,0.31301896,-0.01419297,0.00018138,0.00983237,0.01771361,0.00000000,26.97739957,26.90040521,31.64641288,31.59534585,0.01056698,-0.77080097,1.52114908,0.00000000,-0.77297953,1.50050035,4.41458319,0.00000000
1.18000000,STAND,-0.00005774,-0.00449994,0.00006173,-0.00602483,0.00002256,0.31301811,-0.01420107,0.00018136,0.00983772,0.01771496,0.00000000,26.97092876,26.89395901,31.65335314,31.60232620,0.01056417,-0.77079228,1.52114760,0.00000000,-0.77297953,1.50050035,4.41612264,0.00000000
1.19000000,STAND,-0.00005771,-0.00451346,0.00006173,-0.00603274,0.00002254,0.31301735,-0.01420865,0.00018135,0.00984266,0.01771619,0.00000000,26.96541985,26.88846582,31.65920420,31.60820786,0.01056128,-0.77078478,1.52114615,0.00000000,-0.77297953,1.50050035,4.41745335,0.00000000
1.20000000,STAND,-0.00005768,-0.00452566,0.00006173,-0.00604002,0.00002253,0.31301669,-0.01421565,0.00018133,0.00984714,0.01771727,0.00000000,26.96088573,26.88393906,31.66395709,31.61298217,0.01055838,-0.77077847,1.52114474,0.00000000,-0.77297953,1.50050035,4.41857035,0.00000000
1.21000000,STAND,-0.00005766,-0.00453645,0.00006173,-0.00604659,0.00002251,0.31301614,-0.01422200,0.00018132,0.00985113,0.01771821,0.00000000,26.95732306,26.88037606,31.66762065,31.61665844,0.01055551,-0.77077338,1.52114339,0.00000000,-0.77297953,1.50050035,4.41947237,0.00000000
1.22000000,STAND,-0.00005764,-0.00454578,0.00006174,-0.00605241,0.00002250,0.31301568,-0.01422764,0.00018131,0.00985462,0.01771900,0.00000000,26.95471361,26.87775937,31.67022006,31.61926245,0.01055270,-0.77076949,1.52114213,0.00000000,-0.77297953,1.50050035,4.42016159,0.00000000
1.23000000,STAND,-0.00005764,-0.00455360,0.00006174,-0.00605744,0.00002250,0.31301533,-0.01423254,0.00018130,0.00985757,0.01771964,0.00000000,26.95302567,26.87605811,31.67179521,31.62083479,0.01055001,-0.77076676,1.52114095,0.00000000,-0.77297953,1.50050035,4.42064334,0.00000000
1.24000000,STAND,-0.00005763,-0.00455991,0.00006175,-0.00606167,0.00002249,0.31301508,-0.01423669,0.00018129,0.00985998,0.01772014,0.00000000,26.95221557,26.87522951,31.67239896,31.62142912,0.01054746,-0.77076516,1.52113988,0.00000000,-0.77297953,1.50050035,4.42092580,0.00000000
1.25000000,STAND,-0.00005763,-0.00456473,0.00006176,-0.00606509,0.00002249,0.31301492,-0.01424007,0.00018129,0.00986186,0.01772049,0.00000000,26.95222928,26.87522046,31.67209537,31.62111032,0.01054509,-0.77076462,1.52113892,0.00000000,-0.77297953,1.50050035,4.42101964,0.00000000
1.26000000,STAND,-0.00005764,-0.00456809,0.00006177,-0.00606771,0.00002249,0.31301485,-0.01424268,0.00018129,0.00986322,0.01772070,0.00000000,26.95300404,26.87596912,31.67095780,31.61995266,0.01054291,-0.77076506,1.52113809,0.00000000,-0.77297953,1.50050035,4.42093767,0.00000000
1.27000000,STAND,-0.00005765,-0.00457005,0.00006178,-0.00606954,0.00002249,0.31301487,-0.01424456,0.00018129,0.00986408,0.01772077,0.00000000,26.95446999,26.87740651,31.66906711,31.61803786,0.01054096,-0.77076642,1.52113737,0.00000000,-0.77297953,1.50050035,4.42069447,0.00000000
1.28000000,STAND,-0.00005767,-0.00457069,0.00006179,-0.00607063,0.00002249,0.31301497,-0.01424572,0.00018129,0.00986445,0.01772073,0.00000000,26.95655181,26.87945817,31.66650979,31.61545330,0.01053923,-0.77076860,1.52113678,0.00000000,-0.77297953,1.50050035,4.42030603,0.00000000
1.29000000,STAND,-0.00005768,-0.00457009,0.00006180,-0.00607100,0.00002249,0.31301513,-0.01424620,0.00018129,0.00986438,0.01772057,0.00000000,26.95917027,26.88204570,31.66337621,31.61229019,0.01053774,-0.77077149,1.52113632,0.00000000,-0.77297953,1.50050035,4.41978943,0.00000000
1.30000000,STAND,-0.00005770,-0.00456836,0.00006181,-0.00607071,0.00002250,0.31301536,-0.01424604,0.00018130,0.00986390,0.01772031,0.00000000,26.96224382,26.88508826,31.65975889,31.60864187,0.01053650,-0.77077501,1.52113598,0.00000000,-0.77297953,1.50050035,4.41916241,0.00000000
1.31000000,STAND,-0.00005772,-0.00456562,0.00006182,-0.00606981,0.00002250,0.31301565,-0.01424529,0.00018130,0.00986304,0.01771996,0.00000000,26.96568997,26.88850404,31.65575091,31.60460217,0.01053551,-0.77077905,1.52113576,0.00000000,-0.77297953,1.50050035,4.41844312,0.00000000
1.32000000,STAND,-0.00005775,-0.00456197,0.00006183,-0.00606836,0.00002251,0.31301598,-0.01424402,0.00018131,0.00986185,0.01771953,0.00000000,26.96942668,26.89221158,31.65144440,31.60026392,0.01053476,-0.77078351,1.52113565,0.00000000,-0.77297953,1.50050035,4.41764978,0.00000000
1.33000000,STAND,-0.00005777,-0.00455756,0.00006183,-0.00606643,0.00002252,0.31301635,-0.01424228,0.00018132,0.00986036,0.01771904,0.00000000,26.97337361,26.89613102,31.64692919,31.59571757,0.01053425,-0.77078828,1.52113565,0.00000000,-0.77297953,1.50050035,4.41680037,0.00000000
1.34000000,STAND,-0.00005779,-0.00455250,0.00006184,-0.00606408,0.00002253,0.31301674,-0.01424012,0.00018132,0.00985864,0.01771849,0.00000000,26.97745321,26.90018524,31.64229155,31.59104992,0.01053396,-0.77079328,1.52113575,0.00000000,-0.77297953,1.50050035,4.41591240,0.00000000
1.35000000,STAND,-0.00005781,-0.00454692,0.00006185,-0.00606138,0.00002253,0.31301716,-0.01423763,0.00018133,0.00985671,0.01771791,0.00000000,26.98159173,26.90430081,31.63761313,31.58634311,0.01053389,-0.77079839,1.52113594,0.00000000,-0.77297953,1.50050035,4.41500264,0.00000000
1.36000000,STAND,-0.00005783,-0.00454095,0.00006185,-0.00605840,0.00002254,0.31301759,-0.01423486,0.00018134,0.00985464,0.01771729,0.00000000,26.98572011,26.90840889,31.63297006,31.58167363,0.01053402,-0.77080354,1.52113621,0.00000000,-0.77297953,1.50050035,4.41408695,0.00000000
1.37000000,STAND,-0.00005785,-0.00453471,0.00006186,-0.00605521,0.00002255,0.31301802,-0.01423188,0.00018135,0.00985245,0.01771666,0.00000000,26.98977467,26.91244594,31.62843213,31.57711159,0.01053434,-0.77080864,1.52113655,0.00000000,-0.77297953,1.50050035,4.41318005,0.00000000
1.38000000,STAND,-0.00005787,-0.00452831,0.00006186,-0.00605187,0.00002256,0.31301845,-0.01422874,0.00018135,0.00985020,0.01771603,0.00000000,26.99369769,26.91635435,31.62406220,31.57272007,0.01053481,-0.77081362,1.52113695,0.00000000,-0.77297953,1.50050035,4.41229546,0.00000000
1.39000000,STAND,-0.00005789,-0.00452188,0.00006187,-0.00604844,0.00002256,0.31301887,-0.01422552,0.00018136,0.00984791,0.01771539,0.00000000,26.99743789,26.92008281,31.61991578,31.56855472,0.01053544,-0.77081840,1.52113739,0.00000000,-0.77297953,1.50050035,4.41144527,0.00000000
1.40000000,STAND,-0.00005790,-0.00451552,0.00006187,-0.00604500,0.00002257,0.31301928,-0.01422226,0.00018137,0.00984564,0.01771478,0.00000000,27.00095073,26.92358675,31.61604066,31.56466343,0.01053618,-0.77082293,1.52113788,0.00000000,-0.77297953,1.50050035,4.41064016,0.00000000
1.41000000,STAND,-0.00005791,-0.00450931,0.00006187,-0.00604158,0.00002258,0.31301967,-0.01421902,0.00018137,0.00984342,0.01771418,0.00000000,27.00419859,26.92682842,31.61247679,31.56108616,0.01053703,-0.77082715,1.52113839,0.00000000,-0.77297953,1.50050035,4.40988927,0.00000000
1.42000000,STAND,-0.00005793,-0.00450334,0.00006187,-0.00603825,0.00002258,0.31302003,-0.01421585,0.00018138,0.00984127,0.01771362,0.00000000,27.00715084,26.92977703,31.60925623,31.55785494,0.01053796,-0.77083103,1.52113892,0.00000000,-0.77297953,1.50050035,4.40920023,0.00000000
1.43000000,STAND,-0.00005793,-0.00449770,0.00006187,-0.00603505,0.00002259,0.31302036,-0.01421280,0.00018138,0.00983923,0.01771309,0.00000000,27.00978379,26.93240869,31.60640327,31.55499397,0.01053895,-0.77083453,1.52113946,0.00000000,-0.77297953,1.50050035,4.40857910,0.00000000
1.44000000,STAND,-0.00005794,-0.00449243,0.00006187,-0.00603201,0.00002259,0.31302066,-0.01420989,0.00018139,0.00983731,0.01771261,0.00000000,27.01208053,26.93470627,31.60393461,31.55251981,0.01053999,-0.77083762,1.52114000,0.00000000,-0.77297953,1.50050035,4.40803044,0.00000000
1.45000000,STAND,-0.00005795,-0.00448760,0.00006186,-0.00602918,0.00002259,0.31302093,-0.01420718,0.00018139,0.00983554,0.01771217,0.00000000,27.01403067,26.93665914,31.60185971,31.55044176,0.01054104,-0.77084028,1.52114053,0.00000000,-0.77297953,1.50050035,4.40755732,0.00000000
1.46000000,STAND,-0.00005795,-0.00448325,0.00006186,-0.00602658,0.00002260,0.31302116,-0.01420468,0.00018139,0.00983394,0.01771179,0.00000000,27.01563006,26.93826287,31.60018114,31.54876221,0.01054210,-0.77084251,1.52114104,0.00000000,-0.77297953,1.50050035,4.40716140,0.00000000
1.47000000,STAND,-0.00005795,-0.00447941,0.00006186,-0.00602424,0.00002260,0.31302135,-0.01420241,0.00018139,0.00983252,0.01771145,0.00000000,27.01688030,26.93951881,31.59889511,31.54747714,0.01054315,-0.77084430,1.52114153,0.00000000,-0.77297953,1.50050035,4.40684303,0.00000000
1.48000000,STAND,-0.00005795,-0.00447610,0.00006185,-0.00602216,0.00002260,0.31302151,-0.01420040,0.00018140,0.00983128,0.01771117,0.00000000,27.01778835,26.94043364,31.59799198,31.54657669,0.01054417,-0.77084567,1.52114198,0.00000000,-0.77297953,1.50050035,4.40660131,0.00000000
1.49000000,STAND,-0.00005795,-0.00447333,0.00006185,-0.00602038,0.00002260,0.31302164,-0.01419866,0.00018140,0.00983023,0.01771094,0.00000000,27.01836599,26.94101888,31.59745689,31.54604576,0.01054514,-0.77084661,1.52114241,0.00000000,-0.77297953,1.50050035,4.40643419,0.00000000
1.50000000,STAND,-0.00005795,-0.00447110,0.00006185,-0.00601888,0.00002260,0.31302172,-0.01419719,0.00018140,0.00982938,0.01771077,0.00000000,27.01862924,26.94129031,31.59727032,31.54586460,0.01054607,-0.77084715,1.52114279,0.00000000,-0.77297953,1.50050035,4.40633864,0.00000000
1.51000000,STAND,-0.00005795,-0.00446941,0.00006184,-0.00601767,0.00002260,0.31302177,-0.01419600,0.00018140,0.00982872,0.01771065,-0.00000011,27.01859785,26.94126743,31.59740881,31.54600951,0.01054693,-0.77084731,1.52114314,0.00000000,-0.77297953,1.50050035,4.40631074,0.00000000
1.52000000,STAND,-0.00005794,-0.00446825,0.00006184,-0.00601676,0.00002260,0.31302179,-0.01419508,0.00018140,0.00982825,0.01771058,-0.00000018,27.01829465,26.94097288,31.59784560,31.54645351,0.01054771,-0.77084711,1.52114344,0.00000000,-0.77297953,1.50050035,4.40634579,0.00000000
1.53000000,STAND,-0.00005794,-0.00446759,0.00006183,-0.00601612,0.00002260,0.31302178,-0.01419443,0.00018140,0.00982795,0.01771055,-0.00000020,27.01774500,26.94043180,31.59855131,31.54716698,0.01054842,-0.77084659,1.52114369,0.00000000,-0.77297953,1.50050035,4.40643849,0.00000000
1.54000000,STAND,-0.00005793,-0.00446740,0.00006183,-0.00601576,0.00002260,0.31302175,-0.01419404,0.00018139,0.00982783,0.01771057,-0.00000018,27.01697617,26.93967131,31.59949455,31.54811835,0.01054904,-0.77084578,1.52114390,0.00000000,-0.77297953,1.50050035,4.40658302,0.00000000
1.55000000,STAND,-0.00005793,-0.00446766,0.00006183,-0.00601564,0.00002260,0.31302168,-0.01419389,0.00018139,0.00982787,0.01771063,-0.00000012,27.01601680,26.93871989,31.60064264,31.54927474,0.01054958,-0.77084471,1.52114406,0.00000000,-0.77297953,1.50050035,4.40677320,0.00000000
1.56000000,STAND,-0.00005792,-0.00446831,0.00006182,-0.00601577,0.00002259,0.31302160,-0.01419396,0.00018139,0.00982806,0.01771073,-0.00000002,27.01489632,26.93760686,31.60196214,31.55060255,0.01055003,-0.77084342,1.52114418,0.00000000,-0.77297953,1.50050035,4.40700261,0.00000000
1.57000000,STAND,-0.00005791,-0.00446934,0.00006182,-0.00601611,0.00002259,0.31302149,-0.01419425,0.00018139,0.00982838,0.01771086,0.00000010,27.01364445,26.93636183,31.60341948,31.55206806,0.01055038,-0.77084195,1.52114425,0.00000000,-0.77297953,1.50050035,4.40726468,0.00000000
1.58000000,STAND,-0.00005791,-0.00447068,0.00006182,-0.00601665,0.00002259,0.31302137,-0.01419473,0.00018139,0.00982883,0.01771102,0.00000026,27.01229069,26.93501425,31.60498148,31.55363796,0.01055065,-0.77084033,1.52114429,0.00000000,-0.77297953,1.50050035,4.40755287,0.00000000
1.59000000,STAND,-0.00005790,-0.00447229,0.00006182,-0.00601737,0.00002259,0.31302124,-0.01419537,0.00018139,0.00982937,0.01771120,0.00000044,27.01086391,26.93359292,31.60661583,31.55527982,0.01055083,-0.77083860,1.52114428,0.00000000,-0.77297953,1.50050035,4.40786068,0.00000000
1.60000000,STAND,-0.00005790,-0.00447414,0.00006181,-0.00601822,0.00002259,0.31302109,-0.01419616,0.00018138,0.00983000,0.01771140,0.00000064,27.00939193,26.93212564,31.60829153,31.55696256,0.01055094,-0.77083679,1.52114424,0.00000000,-0.77297953,1.50050035,4.40818183,0.00000000
1.61000000,STAND,-0.00005789,-0.00447616,0.00006181,-0.00601921,0.00002258,0.31302094,-0.01419707,0.00018138,0.00983070,0.01771161,0.00000085,27.00790114,26.93063880,31.60997928,31.55865682,0.01055096,-0.77083495,1.52114417,0.00000000,-0.77297953,1.50050035,4.40851030,0.00000000
1.62000000,STAND,-0.00005789,-0.00447832,0.00006181,-0.00602029,0.00002258,0.31302079,-0.01419807,0.00018138,0.00983145,0.01771183,0.00000108,27.00641625,26.92915711,31.61165183,31.56033528,0.01055091,-0.77083309,1.52114407,0.00000000,-0.77297953,1.50050035,4.40884039,0.00000000
1.63000000,STAND,-0.00005788,-0.00448058,0.00006181,-0.00602145,0.00002258,0.31302063,-0.01419915,0.00018138,0.00983224,0.01771206,0.00000130,27.00495999,26.92770333,31.61328421,31.56197293,0.01055080,-0.77083125,1.52114394,0.00000000,-0.77297953,1.50050035,4.40916684,0.00000000
1.64000000,STAND,-0.00005788,-0.00448289,0.00006181,-0.00602265,0.00002258,0.31302048,-0.01420029,0.00018138,0.00983306,0.01771229,0.00000153,27.00355292,26.92629804,31.61485396,31.56354731,0.01055062,-0.77082946,1.52114380,0.00000000,-0.77297953,1.50050035,4.40948481,0.00000000
1.65000000,STAND,-0.00005787,-0.00448520,0.00006181,-0.00602389,0.00002258,0.31302033,-0.01420145,0.00018137,0.00983388,0.01771252,0.00000176,27.00221326,26.92495952,31.61634131,31.56503865,0.01055040,-0.77082775,1.52114363,0.00000000,-0.77297953,1.50050035,4.40978999,0.00000000
1.66000000,STAND,-0.00005787,-0.00448749,0.00006181,-0.00602513,0.00002258,0.31302018,-0.01420263,0.00018137,0.00983470,0.01771274,0.00000198,27.00095681,26.92370362,31.61772927,31.56642995,0.01055013,-0.77082612,1.52114346,0.00000000,-0.77297953,1.50050035,4.41007858,0.00000000
1.67000000,STAND,-0.00005787,-0.00448972,0.00006181,-0.00602636,0.00002257,0.31302004,-0.01420379,0.00018137,0.00983550,0.01771295,0.00000220,26.99979687,26.92254371,31.61900369,31.56770708,0.01054982,-0.77082461,1.52114327,0.00000000,-0.77297953,1.50050035,4.41034733,0.00000000
1.68000000,STAND,-0.00005787,-0.00449186,0.00006181,-0.00602756,0.00002257,0.31301991,-0.01420493,0.00018137,0.00983627,0.01771316,0.00000240,26.99874422,26.92149063,31.62015327,31.56885876,0.01054949,-0.77082322,1.52114308,0.00000000,-0.77297953,1.50050035,4.41059354,0.00000000
1.69000000,STAND,-0.00005787,-0.00449389,0.00006181,-0.00602871,0.00002257,0.31301979,-0.01420603,0.00018137,0.00983701,0.01771334,0.00000259,26.99780715,26.92055274,31.62116950,31.56987652,0.01054913,-0.77082198,1.52114288,0.00000000,-0.77297953,1.50050035,4.41081508,0.00000000
1.70000000,STAND,-0.00005786,-0.00449577,0.00006181,-0.00602979,0.00002257,0.31301968,-0.01420707,0.00018137,0.00983769,0.01771352,0.00000276,26.99699153,26.91973596,31.62204660,31.57075463,0.01054876,-0.77082088,1.52114269,0.00000000,-0.77297953,1.50050035,4.41101035,0.00000000
1.71000000,STAND,-0.00005786,-0.00449750,0.00006181,-0.00603081,0.00002257,0.31301959,-0.01420804,0.00018137,0.00983832,0.01771367,0.00000292,26.99630087,26.91904387,31.62278141,31.57148997,0.01054838,-0.77081993,1.52114250,0.00000000,-0.77297953,1.50050035,4.41117829,0.00000000
1.72000000,STAND,-0.00005786,-0.00449905,0.00006182,-0.00603174,0.00002257,0.31301951,-0.01420893,0.00018137,0.00983889,0.01771381,0.00000305,26.99573647,26.91847785,31.62337322,31.57208187,0.01054800,-0.77081914,1.52114232,0.00000000,-0.77297953,1.50050035,4.41131835,0.00000000
1.73000000,STAND,-0.00005786,-0.00450041,0.00006182,-0.00603257,0.00002257,0.31301944,-0.01420974,0.00018137,0.00983940,0.01771393,0.00000317,26.99529757,26.91803719,31.62382363,31.57253197,0.01054763,-0.77081851,1.52114214,0.00000000,-0.77297953,1.50050035,4.41143046,0.00000000
1.74000000,STAND,-0.00005786,-0.00450159,0.00006182,-0.00603331,0.00002257,0.31301938,-0.01421046,0.00018137,0.00983984,0.01771403,0.00000327,26.99498151,26.91771927,31.62413630,31.57284400,0.01054726,-0.77081803,1.52114198,0.00000000,-0.77297953,1.50050035,4.41151498,0.00000000
1.75000000,STAND,-0.00005786,-0.00450257,0.00006182,-0.00603394,0.00002257,0.31301934,-0.01421108,0.00018137,0.00984021,0.01771411,0.00000335,26.99478390,26.91751976,31.62431678,31.57302354,0.01054691,-0.77081771,1.52114183,0.00000000,-0.77297953,1.50050035,4.41157268,0.00000000
1.76000000,STAND,-0.00005786,-0.00450335,0.00006182,-0.00603447,0.00002257,0.31301931,-0.01421160,0.00018137,0.00984051,0.01771417,0.00000341,26.99469885,26.91743282,31.62437226,31.57307784,0.01054658,-0.77081753,1.52114169,0.00000000,-0.77297953,1.50050035,4.41160468,0.00000000
1.77000000,STAND,-0.00005787,-0.00450394,0.00006182,-0.00603490,0.00002257,0.31301929,-0.01421202,0.00018137,0.00984074,0.01771421,0.00000346,26.99471916,26.91745127,31.62431134,31.57301554,0.01054628,-0.77081748,1.52114157,0.00000000,-0.77297953,1.50050035,4.41161244,0.00000000
1.78000000,STAND,-0.00005787,-0.00450434,0.00006182,-0.00603522,0.00002257,0.31301928,-0.01421234,0.00018137,0.00984091,0.01771424,0.00000348,26.99483653,26.91756686,31.62414379,31.57284644,0.01054600,-0.77081756,1.52114146,0.00000000,-0.77297953,1.50050035,4.41159768,0.00000000
1.79000000,STAND,-0.00005787,-0.00450457,0.00006182,-0.00603544,0.00002257,0.31301929,-0.01421256,0.00018137,0.00984101,0.01771424,0.00000349,26.99504176,26.91777040,31.62388029,31.57258129,0.01054574,-0.77081776,1.52114137,0.00000000,-0.77297953,1.50050035,4.41156232,0.00000000
1.80000000,STAND,-0.00005787,-0.00450462,0.00006183,-0.00603556,0.00002257,0.31301930,-0.01421270,0.00018137,0.00984105,0.01771423,0.00000348,26.99532500,26.91805207,31.62353224,31.57223149,0.01054552,-0.77081806,1.52114130,0.00000000,-0.77297953,1.50050035,4.41150847,0.00000000
1.81000000,STAND,-0.00005787,-0.00450451,0.00006183,-0.00603559,0.00002257,0.31301933,-0.01421274,0.00018137,0.00984103,0.01771421,0.00000345,26.99567592,26.91840155,31.62311147,31.57180893,0.01054533,-0.77081845,1.52114124,0.00000000,-0.77297953,1.50050035,4.41143839,0.00000000
1.82000000,STAND,-0.00005787,-0.00450426,0.00006183,-0.00603554,0.00002257,0.31301936,-0.01421271,0.00018137,0.00984095,0.01771417,0.00000342,26.99608392,26.91880825,31.62263006,31.57132571,0.01054518,-0.77081893,1.52114120,0.00000000,-0.77297953,1.50050035,4.41135439,0.00000000
1.83000000,STAND,-0.00005787,-0.00450388,0.00006183,-0.00603541,0.00002257,0.31301940,-0.01421260,0.00018137,0.00984083,0.01771413,0.00000337,26.99653829,26.91926147,31.62210012,31.57079397,0.01054505,-0.77081946,1.52114118,0.00000000,-0.77297953,1.50050035,4.41125885,0.00000000
1.84000000,STAND,-0.00005787,-0.00450339,0.00006183,-0.00603521,0.00002257,0.31301944,-0.01421242,0.00018137,0.00984067,0.01771407,0.00000331,26.99702845,26.91975063,31.62153361,31.57022569,0.01054496,-0.77082005,1.52114117,0.00000000,-0.77297953,1.50050035,4.41115412,0.00000000
1.85000000,STAND,-0.00005787,-0.00450280,0.00006183,-0.00603495,0.00002257,0.31301949,-0.01421218,0.00018137,0.00984047,0.01771400,0.00000325,26.99754403,26.92026534,31.62094214,31.56963251,0.01054489,-0.77082068,1.52114117,0.00000000,-0.77297953,1.50050035,4.41104253,0.00000000
1.86000000,STAND,-0.00005788,-0.00450213,0.00006183,-0.00603463,0.00002257,0.31301954,-0.01421189,0.00018137,0.00984024,0.01771393,0.00000317,26.99807506,26.92079565,31.62033685,31.56902557,0.01054486,-0.77082133,1.52114119,0.00000000,-0.77297953,1.50050035,4.41092636,0.00000000
1.87000000,STAND,-0.00005788,-0.00450139,0.00006183,-0.00603427,0.00002257,0.31301960,-0.01421156,0.00018137,0.00983999,0.01771385,0.00000310,26.99861208,26.92133208,31.61972822,31.56841538,0.01054486,-0.77082200,1.52114121,0.00000000,-0.77297953,1.50050035,4.41080776,0.00000000
1.88000000,STAND,-0.00005788,-0.00450061,0.00006183,-0.00603388,0.00002257,0.31301965,-0.01421120,0.00018137,0.00983971,0.01771377,0.00000302,26.99914626,26.92186580,31.61912603,31.56781172,0.01054488,-0.77082267,1.52114125,0.00000000,-0.77297953,1.50050035,4.41068876,0.00000000
1.89000000,STAND,-0.00005788,-0.00449979,0.00006183,-0.00603346,0.00002257,0.31301971,-0.01421081,0.00018137,0.00983943,0.01771369,0.00000293,26.99966948,26.92238867,31.61853919,31.56722351,0.01054492,-0.77082333,1.52114130,0.00000000,-0.77297953,1.50050035,4.41057126,0.00000000
1.90000000,STAND,-0.00005788,-0.00449896,0.00006183,-0.00603303,0.00002257,0.31301976,-0.01421040,0.00018137,0.00983913,0.01771361,0.00000285,27.00017440,26.92289335,31.61797570,31.56665876,0.01054498,-0.77082397,1.52114135,0.00000000,-0.77297953,1.50050035,4.41045698,0.00000000
1.91000000,STAND,-0.00005788,-0.00449812,0.00006183,-0.00603258,0.00002258,0.31301982,-0.01420998,0.00018137,0.00983883,0.01771353,0.00000277,27.00065454,26.92337333,31.61744260,31.56612451,0.01054507,-0.77082458,1.52114141,0.00000000,-0.77297953,1.50050035,4.41034745,0.00000000
1.92000000,STAND,-0.00005788,-0.00449730,0.00006183,-0.00603213,0.00002258,0.31301987,-0.01420955,0.00018137,0.00983854,0.01771345,0.00000269,27.00110427,26.92382299,31.61694590,31.56562679,0.01054516,-0.77082517,1.52114148,0.00000000,-0.77297953,1.50050035,4.41024404,0.00000000
1.93000000,STAND,-0.00005788,-0.00449650,0.00006183,-0.00603169,0.00002258,0.31301992,-0.01420913,0.00018137,0.00983825,0.01771337,0.00000261,27.00151889,26.92423759,31.61649061,31.56517059,0.01054528,-0.77082571,1.52114154,0.00000000,-0.77297953,1.50050035,4.41014788,0.00000000
1.94000000,STAND,-0.00005788,-0.00449573,0.00006183,-0.00603126,0.00002258,0.31301997,-0.01420872,0.00018137,0.00983798,0.01771330,0.00000254,27.00189457,26.92461333,31.61608070,31.56475990,0.01054540,-0.77082620,1.52114161,0.00000000,-0.77297953,1.50050035,4.41005993,0.00000000
1.95000000,STAND,-0.00005788,-0.00449501,0.00006183,-0.00603085,0.00002258,0.31302001,-0.01420833,0.00018137,0.00983771,0.01771323,0.00000247,27.00222841,26.92494726,31.61571914,31.56439766,0.01054553,-0.77082665,1.52114168,0.00000000,-0.77297953,1.50050035,4.40998095,0.00000000
1.96000000,STAND,-0.00005788,-0.00449433,0.00006183,-0.00603046,0.00002258,0.31302005,-0.01420796,0.00018137,0.00983747,0.01771317,0.00000241,27.00251837,26.92523736,31.61540791,31.56408587,0.01054566,-0.77082704,1.52114175,0.00000000,-0.77297953,1.50050035,4.40991148,0.00000000
1.97000000,STAND,-0.00005788,-0.00449372,0.00006183,-0.00603010,0.00002258,0.31302008,-0.01420761,0.00018137,0.00983724,0.01771311,0.00000236,27.00276324,26.92548240,31.61514805,31.56382557,0.01054580,-0.77082737,1.52114182,0.00000000,-0.77297953,1.50050035,4.40985189,0.00000000
1.98000000,STAND,-0.00005788,-0.00449316,0.00006183,-0.00602976,0.00002258,0.31302011,-0.01420729,0.00018137,0.00983704,0.01771306,0.00000231,27.00296263,26.92568197,31.61493973,31.56361692,0.01054594,-0.77082765,1.52114189,0.00000000,-0.77297953,1.50050035,4.40980237,0.00000000
1.99000000,STAND,-0.00005788,-0.00449268,0.00006183,-0.00602947,0.00002258,0.31302013,-0.01420700,0.00018137,0.00983686,0.01771302,0.00000226,27.00311685,26.92583639,31.61478231,31.56345927,0.01054607,-0.77082787,1.52114195,0.00000000,-0.77297953,1.50050035,4.40976292,0.00000000
2.00000000,STAND,-0.00005788,-0.00449226,0.00006183,-0.00602920,0.00002258,0.31302015,-0.01420675,0.00018137,0.00983670,0.01771299,0.00000223,27.00322693,26.92594669,31.61467438,31.56335120,0.01054620,-0.77082804,1.52114201,0.00000000,-0.77297953,1.50050035,4.40973340,0.00000000
2.01000000,SHIFT_WEIGHT,-0.00005099,-0.00405450,0.00006242,-0.00602312,0.00002220,0.31301558,-0.01420301,0.00018110,0.00984046,0.01780277,0.00009202,25.72148004,25.60216156,32.54454105,32.45427128,0.01049263,-0.77119987,1.52246942,0.00000018,-0.77531351,1.50496365,4.59253436,0.00000001
2.02000000,SHIFT_WEIGHT,-0.00004586,-0.00355388,0.00006332,-0.00599718,0.00002140,0.31300329,-0.01418246,0.00018040,0.00981954,0.01785909,0.00014833,26.32644535,26.22193871,32.21820607,32.14266157,0.01044808,-0.77149886,1.52356162,0.00000169,-0.77502159,1.50440839,4.56661103,0.00000000
2.03000000,SHIFT_WEIGHT,-0.00004120,-0.00318227,0.00006416,-0.00595257,0.00002042,0.31298952,-0.01414399,0.00017949,0.00978125,0.01785490,0.00014414,26.65063508,26.56140142,32.08870587,32.02816249,0.01042403,-0.77166822,1.52409330,0.00000597,-0.77479703,1.50398721,4.54318680,0.00000000
2.04000000,SHIFT_WEIGHT,-0.00003587,-0.00292802,0.00006470,-0.00589315,0.00001939,0.31297800,-0.01409068,0.00017852,0.00973397,0.01782595,0.00011520,26.86144156,26.79186857,32.00890418,31.96720632,0.01041494,-0.77179630,1.52429761,0.00001441,-0.77463335,1.50369038,4.51622369,0.00000000
2.05000000,SHIFT_WEIGHT,-0.00002927,-0.00275545,0.00006471,-0.00582325,0.00001851,0.31297122,-0.01402654,0.00017766,0.00968236,0.01779109,0.00008033,27.00045368,26.95563511,31.92340415,31.90501479,0.01041861,-0.77191521,1.52432641,0.00002837,-0.77450875,1.50347883,4.48645403,0.00000000
2.06000000,SHIFT_WEIGHT,-0.00002105,-0.00262954,0.00006398,-0.00574687,0.00001797,0.31297039,-0.01395543,0.00017709,0.00962937,0.01775833,0.00004758,27.09637474,27.08166720,31.80999056,31.81962328,0.01043365,-0.77202774,1.52426691,0.00004915,-0.77440109,1.50331269,4.45462486,0.00000000
2.07000000,SHIFT_WEIGHT,-0.00001100,-0.00252530,0.00006237,-0.00566738,0.00001805,0.31297562,-0.01388067,0.00017705,0.00957698,0.01773007,0.00001932,27.16687194,27.18754451,31.66749173,31.70981170,0.01045915,-0.77212668,1.52416417,0.00007801,-0.77429373,1.50316259,4.42528673,0.00000000
2.08000000,SHIFT_WEIGHT,0.00000093,-0.00242871,0.00005979,-0.00558750,0.00001904,0.31298623,-0.01380499,0.00017783,0.00952672,0.01770622,-0.00000454,27.22182413,27.28274997,31.50500261,31.58435962,0.01049473,-0.77220413,1.52403891,0.00011617,-0.77417640,1.50301122,4.39666894,0.00000000
2.09000000,SHIFT_WEIGHT,0.00001467,-0.00233403,0.00005623,-0.00550947,0.00002131,0.31300102,-0.01373061,0.00017976,0.00947989,0.01768586,-0.00002489,27.26659924,27.37199525,31.33449329,31.45469430,0.01054052,-0.77225467,1.52389968,0.00016482,-0.77404381,1.50285069,4.36921199,0.00000000
2.10000000,SHIFT_WEIGHT,0.00003006,-0.00224044,0.00005171,-0.00543522,0.00002523,0.31301862,-0.01365941,0.00018318,0.00943772,0.01766804,-0.00004272,27.30430718,27.45752684,31.16679581,31.33092245,0.01059699,-0.77227543,1.52374995,0.00022509,-0.77389368,1.50267886,4.34368382,0.00000000
2.11000000,SHIFT_WEIGHT,0.00004686,-0.00214937,0.00004631,-0.00536641,0.00003124,0.31303762,-0.01359303,0.00018851,0.00940144,0.01765197,-0.00005879,27.33697076,27.54035286,31.01004470,31.22031846,0.01066490,-0.77226521,1.52359161,0.00029807,-0.77372526,1.50249635,4.32070338,0.00000000
2.12000000,SHIFT_WEIGHT,0.00006476,-0.00206279,0.00004018,-0.00530455,0.00003978,0.31305678,-0.01353294,0.00019614,0.00937223,0.01763711,-0.00007365,27.36595784,27.62073154,30.86953368,31.12722909,0.01074516,-0.77222354,1.52342623,0.00038481,-0.77353827,1.50230464,4.30071133,0.00000000
2.13000000,SHIFT_WEIGHT,0.00008340,-0.00198248,0.00003348,-0.00525099,0.00005131,0.31307509,-0.01348045,0.00020652,0.00935124,0.01762311,-0.00008764,27.39205849,27.69830273,30.74819631,31.05359995,0.01083874,-0.77215005,1.52325529,0.00048634,-0.77333240,1.50210509,4.28396689,0.00000000
2.14000000,SHIFT_WEIGHT,0.00010241,-0.00190977,0.00002641,-0.00520694,0.00006632,0.31309182,-0.01343674,0.00022011,0.00933951,0.01760981,-0.00010095,27.41547960,27.77213220,30.64723501,30.99964640,0.01094667,-0.77204424,1.52307997,0.00060362,-0.77310719,1.50189866,4.27056351,0.00000000
2.15000000,SHIFT_WEIGHT,0.00012140,-0.00184553,0.00001919,-0.00517345,0.00008529,0.31310651,-0.01340282,0.00023734,0.00933799,0.01759714,-0.00011361,27.43589252,27.84080283,30.56667648,30.96444533,0.01106991,-0.77190542,1.52290096,0.00073760,-0.77286197,1.50168589,4.26045529,0.00000000
2.16000000,SHIFT_WEIGHT,0.00013999,-0.00179034,0.00001207,-0.00515142,0.00010870,0.31311897,-0.01337958,0.00025867,0.00934751,0.01758518,-0.00012557,27.45256623,27.90258368,30.50578869,30.94638227,0.01120938,-0.77173279,1.52271831,0.00088915,-0.77259596,1.50146695,4.25348774,0.00000000
2.17000000,SHIFT_WEIGHT,0.00015783,-0.00174453,0.00000528,-0.00514156,0.00013701,0.31312921,-0.01336771,0.00028454,0.00936877,0.01757408,-0.00013668,27.46456082,27.95565127,30.46337011,30.94346404,0.01136590,-0.77152559,1.52253152,0.00105915,-0.77230828,1.50124180,4.24942827,0.00000000
2.18000000,SHIFT_WEIGHT,0.00017460,-0.00170829,-0.00000095,-0.00514441,0.00017068,0.31313743,-0.01336777,0.00031538,0.00940231,0.01756403,-0.00014672,27.47093652,27.99831799,30.43794533,30.95353100,0.01154023,-0.77128313,1.52233961,0.00124841,-0.77199799,1.50101020,4.24799358,0.00000000
2.19000000,SHIFT_WEIGHT,0.00019001,-0.00168162,-0.00000640,-0.00516036,0.00021013,0.31314392,-0.01338014,0.00035160,0.00944859,0.01755528,-0.00015548,27.47093787,28.02922755,30.42789905,30.97440127,0.01173303,-0.77100489,1.52214123,0.00145770,-0.77166408,1.50077173,4.24887265,0.00000000
2.20000000,SHIFT_WEIGHT,0.00020384,-0.00166440,-0.00001088,-0.00518961,0.00025576,0.31314904,-0.01340503,0.00039357,0.00950789,0.01754805,-0.00016271,27.46412632,28.04749134,30.43157031,31.00396912,0.01194488,-0.77069049,1.52193487,0.00168778,-0.77130549,1.50052576,4.25174477,0.00000000
2.21000000,SHIFT_WEIGHT,0.00021588,-0.00165632,-0.00001419,-0.00523222,0.00030796,0.31315318,-0.01344252,0.00044166,0.00958042,0.01754253,-0.00016822,27.45045096,28.05275615,30.44731918,31.04027054,0.01217633,-0.77033976,1.52171889,0.00193935,-0.77092111,1.50027150,4.25629274,0.00000000
2.22000000,SHIFT_WEIGHT,0.00022601,-0.00165692,-0.00001620,-0.00528812,0.00036707,0.31315671,-0.01349257,0.00049620,0.00966625,0.01753888,-0.00017188,27.43025962,28.04520654,30.47357222,31.08152289,0.01242788,-0.76995262,1.52149166,0.00221309,-0.77050973,1.50000791,4.26221187,0.00000000
2.23000000,SHIFT_WEIGHT,0.00023413,-0.00166557,-0.00001679,-0.00535711,0.00043340,0.31315994,-0.01355499,0.00055749,0.00976538,0.01753716,-0.00017360,27.40426093,28.02551357,30.50885049,31.12614348,0.01270000,-0.76952913,1.52125159,0.00250961,-0.77007010,1.49973379,4.26921557,0.00000000
2.24000000,SHIFT_WEIGHT,0.00024019,-0.00168151,-0.00001586,-0.00543887,0.00050724,0.31316318,-0.01362952,0.00062580,0.00987771,0.01753737,-0.00017339,27.37345214,27.99474574,30.55178357,31.17275105,0.01299315,-0.76906940,1.52099714,0.00282952,-0.76960089,1.49944774,4.27703809,0.00000001
2.25000000,SHIFT_WEIGHT,0.00024417,-0.00170388,-0.00001335,-0.00553304,0.00058885,0.31316664,-0.01371579,0.00070137,0.01000308,0.01753946,-0.00017130,27.33902784,27.95425868,30.60111305,31.22015486,0.01330781,-0.76857358,1.52072686,0.00317339,-0.76910075,1.49914823,4.28543563,0.00000001
2.26000000,SHIFT_WEIGHT,0.00024611,-0.00173175,-0.00000923,-0.00563915,0.00067845,0.31317049,-0.01381341,0.00078444,0.01014129,0.01754329,-0.00016746,27.30228343,27.90557836,30.65568947,31.26733604,0.01364446,-0.76804180,1.52043935,0.00354173,-0.76856832,1.49883364,4.29418616,0.00000001
2.27000000,SHIFT_WEIGHT,0.00024605,-0.00176415,-0.00000348,-0.00575673,0.00077624,0.31317488,-0.01392190,0.00087518,0.01029209,0.01754870,-0.00016205,27.26452422,27.85028982,30.71446636,31.31342563,0.01400359,-0.76747421,1.52013327,0.00393504,-0.76800225,1.49850231,4.30308878,0.00000001
2.28000000,SHIFT_WEIGHT,0.00024405,-0.00180012,0.00000390,-0.00588526,0.00088240,0.31317987,-0.01404079,0.00097377,0.01045523,0.01755548,-0.00015527,27.22698776,27.78993998,30.77649433,31.35768307,0.01438571,-0.76687085,1.51980736,0.00435377,-0.76740121,1.49815255,4.31196292,0.00000001
2.29000000,SHIFT_WEIGHT,0.00024021,-0.00183872,0.00001288,-0.00602424,0.00099708,0.31318555,-0.01416959,0.00108037,0.01063045,0.01756341,-0.00014735,27.19078393,27.72595973,30.84091718,31.39947767,0.01479133,-0.76623175,1.51946035,0.00479834,-0.76676395,1.49778274,4.32064776,0.00000001
2.30000000,SHIFT_WEIGHT,0.00023462,-0.00187910,0.00002343,-0.00617316,0.00112043,0.31319194,-0.01430783,0.00119510,0.01081747,0.01757226,-0.00013849,27.15685420,27.65960738,30.90697110,31.43827466,0.01522099,-0.76555682,1.51909105,0.00526914,-0.76608927,1.49739130,4.32900189,0.00000001
2.31000000,SHIFT_WEIGHT,0.00022736,-0.00192046,0.00003553,-0.00633156,0.00125256,0.31319909,-0.01445506,0.00131807,0.01101606,0.01758182,-0.00012894,27.12594965,27.59193333,30.97398693,31.47362611,0.01567520,-0.76484591,1.51869829,0.00576653,-0.76537607,1.49697679,4.33690335,0.00000001
2.32000000,SHIFT_WEIGHT,0.00021853,-0.00196214,0.00004911,-0.00649901,0.00139357,0.31320701,-0.01461086,0.00144940,0.01122599,0.01759188,-0.00011887,27.09862528,27.52376385,31.04139478,31.50516625,0.01615449,-0.76409878,1.51828095,0.00629081,-0.76462335,1.49653785,4.34424983,0.00000001
2.33000000,SHIFT_WEIGHT,0.00020821,-0.00200354,0.00006415,-0.00667512,0.00154357,0.31321573,-0.01477485,0.00158917,0.01144708,0.01760229,-0.00010847,27.07524745,27.45570081,31.10872994,31.53261024,0.01665935,-0.76331511,1.51783795,0.00684228,-0.76383020,1.49607330,4.35095901,0.00000001
2.34000000,SHIFT_WEIGHT,0.00019649,-0.00204422,0.00008059,-0.00685957,0.00170264,0.31322528,-0.01494673,0.00173747,0.01167918,0.01761289,-0.00009787,27.05601085,27.38813371,31.17563872,31.55575507,0.01719025,-0.76249451,1.51736827,0.00742118,-0.76299586,1.49558208,4.35696888,0.00000001
2.35000000,SHIFT_WEIGHT,0.00018342,-0.00208381,0.00009840,-0.00705211,0.00187086,0.31323569,-0.01512622,0.00189437,0.01192218,0.01762357,-0.00008719,27.04096135,27.32126015,31.24188297,31.57448113,0.01774765,-0.76163652,1.51687096,0.00802776,-0.76211963,1.49506330,4.36223785,0.00000001
2.36000000,SHIFT_WEIGHT,0.00016905,-0.00212210,0.00011754,-0.00725252,0.00204831,0.31324696,-0.01531314,0.00205995,0.01217600,0.01763426,-0.00007650,27.03002156,27.25511130,31.30734226,31.58875336,0.01833196,-0.76074061,1.51634515,0.00866218,-0.76120095,1.49451619,4.36674456,0.00000001
2.37000000,SHIFT_WEIGHT,0.00015342,-0.00215892,0.00013799,-0.00746069,0.00223504,0.31325914,-0.01550733,0.00223426,0.01244062,0.01764490,-0.00006586,27.02301645,27.18957949,31.37201292,31.59862085,0.01894356,-0.75980625,1.51579007,0.00932462,-0.76023937,1.49394014,4.37048728,0.00000001
2.38000000,SHIFT_WEIGHT,0.00013656,-0.00219426,0.00015973,-0.00767653,0.00243112,0.31327224,-0.01570872,0.00241736,0.01271604,0.01765548,-0.00005528,27.01969728,27.12444553,31.43600364,31.60421447,0.01958277,-0.75883285,1.51520502,0.01001520,-0.75923452,1.49333468,4.37348292,0.00000001
2.39000000,SHIFT_WEIGHT,0.00011847,-0.00222814,0.00018273,-0.00790004,0.00263662,0.31328626,-0.01591729,0.00260932,0.01300232,0.01766599,-0.00004477,27.01976242,27.05940438,31.49952763,31.60574198,0.02024987,-0.75781981,1.51458943,0.01073403,-0.75818613,1.49269944,4.37576555,0.00000001
2.40000000,SHIFT_WEIGHT,0.00009916,-0.00226070,0.00020701,-0.00813126,0.00285158,0.31330122,-0.01613305,0.00281017,0.01329952,0.01767645,-0.00003430,27.02287471,26.99408794,31.56289152,31.60348085,0.02094511,-0.75676652,1.51394279,0.01148117,-0.75709404,1.49203418,4.38737230,0.00000001
2.41000000,SHIFT_WEIGHT,0.00007860,-0.00229211,0.00023254,-0.00837028,0.00307606,0.31331711,-0.01635610,0.00301997,0.01360775,0.01768690,-0.00002385,27.02867517,26.92808489,31.62648165,31.59776889,0.02166868,-0.75567240,1.51326472,0.01225668,-0.75595814,1.49133874,4.39950841,0.00000001
2.42000000,SHIFT_WEIGHT,0.00005679,-0.00232262,0.00025935,-0.00861725,0.00331009,0.31333391,-0.01658655,0.00323876,0.01392715,0.01769739,-0.00001336,27.03679347,26.86095735,31.69074840,31.58899318,0.02242070,-0.75453687,1.51255491,0.01306056,-0.75477840,1.49061305,4.41175509,0.00000001
2.43000000,SHIFT_WEIGHT,0.00003368,-0.00235251,0.00028743,-0.00887234,0.00355373,0.31335160,-0.01682457,0.00346658,0.01425786,0.01770798,-0.00000278,27.04685561,26.79225461,31.75618936,31.57757789,0.02320128,-0.75335937,1.51181315,0.01389280,-0.75355486,1.48985712,4.42420677,0.00000001
2.44000000,SHIFT_WEIGHT,0.00000925,-0.00238210,0.00031681,-0.00913575,0.00380700,0.31337014,-0.01707033,0.00370345,0.01460003,0.01771872,0.00000796,27.05848966,26.72152466,31.82333205,31.56397150,0.02401045,-0.75213940,1.51103931,0.01475337,-0.75228763,1.48907099,4.43696445,0.00000002
2.45000000,SHIFT_WEIGHT,-0.00001654,-0.00241171,0.00034749,-0.00940771,0.00406992,0.31338949,-0.01732405,0.00394941,0.01495385,0.01772968,0.00001893,27.07132994,26.64832357,31.89271701,31.54863407,0.02484821,-0.75087651,1.51023329,0.01564221,-0.75097683,1.48825478,4.45013247,0.00000002
2.46000000,SHIFT_WEIGHT,-0.00004373,-0.00244172,0.00037950,-0.00968848,0.00434254,0.31340961,-0.01758595,0.00420447,0.01531947,0.01774094,0.00003018,27.08502053,26.57222351,31.96488190,31.53202502,0.02571449,-0.74957027,1.50939509,0.01655922,-0.74962268,1.48740861,4.46381569,0.00000002
2.47000000,SHIFT_WEIGHT,-0.00007235,-0.00247247,0.00041285,-0.00997829,0.00462484,0.31343043,-0.01785628,0.00446865,0.01569707,0.01775255,0.00004180,27.09921825,26.49281958,32.04034701,31.51459188,0.02660919,-0.74822033,1.50852472,0.01750428,-0.74822538,1.48653264,4.47811669,0.00000002
2.48000000,SHIFT_WEIGHT,-0.00010244,-0.00250432,0.00044755,-0.01027741,0.00491685,0.31345191,-0.01813525,0.00474194,0.01608680,0.01776460,0.00005384,27.11359574,26.40973576,32.11960268,31.49676033,0.02753218,-0.74682642,1.50762223,0.01847727,-0.74678520,1.48562703,4.49313347,0.00000002
2.49000000,SHIFT_WEIGHT,-0.00013404,-0.00253763,0.00048362,-0.01058607,0.00521855,0.31347399,-0.01842312,0.00502435,0.01648881,0.01777713,0.00006638,27.12784441,26.32263008,32.20309879,31.47892566,0.02848326,-0.74538830,1.50668772,0.01947801,-0.74530243,1.48469195,4.50895738,0.00000002
2.50000000,SHIFT_WEIGHT,-0.00016716,-0.00257272,0.00052108,-0.01090452,0.00552994,0.31349661,-0.01872010,0.00531587,0.01690324,0.01779022,0.00007946,27.14167764,26.23119916,32.29123648,31.46144600,0.02946221,-0.74390582,1.50572125,0.02050631,-0.74377737,1.48372757,4.52567146,0.00000002
2.51000000,SHIFT_WEIGHT,-0.00020185,-0.00260990,0.00055994,-0.01123297,0.00585100,0.31351972,-0.01902640,0.00561647,0.01733020,0.01780391,0.00009316,27.15483391,26.13518191,32.38436205,31.44463701,0.03046875,-0.74237890,1.50472293,0.02156198,-0.74221034,1.48273404,4.54334920,0.00000002
2.52000000,SHIFT_WEIGHT,-0.00023812,-0.00264945,0.00060020,-0.01157162,0.00618168,0.31354326,-0.01934220,0.00592613,0.01776977,0.01781827,0.00010751,27.16707985,26.03436252,32.48276302,31.42876827,0.03150259,-0.74080754,1.50369285,0.02264476,-0.74060168,1.48171148,4.56205356,0.00000002
2.53000000,SHIFT_WEIGHT,-0.00027598,-0.00269163,0.00064187,-0.01192065,0.00652196,0.31356718,-0.01966768,0.00624480,0.01822202,0.01783332,0.00012256,27.17821294,25.92857247,32.58666608,31.41406113,0.03256341,-0.73919180,1.50263110,0.02375441,-0.73895175,1.48066001,4.58183646,0.00000002
2.54000000,SHIFT_WEIGHT,-0.00031545,-0.00273666,0.00068496,-0.01228018,0.00687178,0.31359144,-0.02000296,0.00657245,0.01868700,0.01784911,0.00013836,27.18806372,25.81769164,32.69623689,31.40068799,0.03365083,-0.73753181,1.50153774,0.02489065,-0.73726091,1.47957972,4.60273851,0.00000002
2.55000000,SHIFT_WEIGHT,-0.00035653,-0.00278472,0.00072947,-0.01265034,0.00723109,0.31361600,-0.02034816,0.00690901,0.01916471,0.01786567,0.00015491,27.19649739,25.70164829,32.81158132,31.38877268,0.03476447,-0.73582778,1.50041284,0.02605318,-0.73552951,1.47847065,4.62478903,0.00000002
2.56000000,SHIFT_WEIGHT,-0.00039923,-0.00283594,0.00077539,-0.01303120,0.00759981,0.31364083,-0.02070335,0.00725442,0.01965513,0.01788302,0.00017226,27.20341462,25.58041811,32.93274807,31.37839200,0.03590393,-0.73407999,1.49925643,0.02724168,-0.73375795,1.47733286,4.64800640,0.00000002
2.57000000,SHIFT_WEIGHT,-0.00044354,-0.00289045,0.00082274,-0.01342279,0.00797787,0.31366589,-0.02106858,0.00760860,0.02015823,0.01790118,0.00019042,27.20875146,25.45402217,33.05973229,31.36957808,0.03706877,-0.73228878,1.49806853,0.02845581,-0.73194659,1.47616633,4.67239851,0.00000002
2.58000000,SHIFT_WEIGHT,-0.00048946,-0.00294831,0.00087149,-0.01382514,0.00836519,0.31369115,-0.02144385,0.00797148,0.02067392,0.01792014,0.00020939,27.21247856,25.32252398,33.19248004,31.36232154,0.03825854,-0.73045453,1.49684915,0.02969520,-0.73009583,1.47497105,4.69796348,0.00000002
2.59000000,SHIFT_WEIGHT,-0.00053698,-0.00300956,0.00092166,-0.01423821,0.00876166,0.31371660,-0.02182914,0.00834297,0.02120212,0.01793993,0.00022917,27.21459933,25.18602575,33.33089334,31.35657517,0.03947279,-0.72857772,1.49559827,0.03095948,-0.72820607,1.47374696,4.72469048,0.00000002
2.60000000,SHIFT_WEIGHT,-0.00058610,-0.00307420,0.00097323,-0.01466194,0.00916719,0.31374221,-0.02222440,0.00872296,0.02174268,0.01796052,0.00024976,27.21514759,25.04466399,33.47483570,31.35225816,0.04071102,-0.72665885,1.49431587,0.03224823,-0.72627771,1.47249401,4.75256067,0.00000003
2.61000000,SHIFT_WEIGHT,-0.00063679,-0.00314220,0.00102620,-0.01509623,0.00958166,0.31376798,-0.02262955,0.00911136,0.02229547,0.01798190,0.00027114,27.21418439,24.89860463,33.62413784,31.34926055,0.04197277,-0.72469847,1.49300189,0.03356106,-0.72431116,1.47121211,4.78154818,0.00000003
2.62000000,SHIFT_WEIGHT,-0.00068904,-0.00321351,0.00108056,-0.01554098,0.01000497,0.31379388,-0.02304447,0.00950805,0.02286030,0.01800406,0.00029330,27.21179443,24.74803782,33.77860350,31.34744798,0.04325752,-0.72269719,1.49165628,0.03489751,-0.72230687,1.46990116,4.81162123,0.00000003
2.63000000,SHIFT_WEIGHT,-0.00074285,-0.00328804,0.00113630,-0.01599601,0.01043698,0.31381993,-0.02346902,0.00991292,0.02343698,0.01802697,0.00031622,27.20808212,24.59317266,33.93801528,31.34666655,0.04456478,-0.72065566,1.49027898,0.03625713,-0.72026526,1.46856106,4.84274315,0.00000003
2.64000000,SHIFT_WEIGHT,-0.00079819,-0.00336570,0.00119342,-0.01646117,0.01087757,0.31384610,-0.02390304,0.01032584,0.02402530,0.01805061,0.00033986,27.20316733,24.43423193,34.10214021,31.34674765,0.04589402,-0.71857454,1.48886992,0.03763944,-0.71818680,1.46719169,4.87487346,0.00000003
2.65000000,SHIFT_WEIGHT,-0.00085506,-0.00344636,0.00125192,-0.01693625,0.01132660,0.31387239,-0.02434633,0.01074669,0.02462502,0.01807495,0.00036419,27.19718119,24.27144707,34.27073517,31.34751275,0.04724474,-0.71645454,1.48742902,0.03904397,-0.71607196,1.46579297,4.90796893,0.00000003
2.66000000,SHIFT_WEIGHT,-0.00091344,-0.00352989,0.00131177,-0.01742103,0.01178393,0.31389881,-0.02479871,0.01117533,0.02523591,0.01809995,0.00038919,27.19026189,24.10505344,34.44355191,31.34877799,0.04861639,-0.71429640,1.48595622,0.04047019,-0.71392123,1.46436477,4.94198454,0.00000003
2.67000000,SHIFT_WEIGHT,-0.00097331,-0.00361615,0.00137298,-0.01791527,0.01224940,0.31392534,-0.02525994,0.01161161,0.02585769,0.01812557,0.00041482,27.18255064,23.93528604,34.62034164,31.35035859,0.05000846,-0.71210088,1.48445146,0.04191760,-0.71173514,1.46290702,4.97687445,0.00000003
2.68000000,SHIFT_WEIGHT,-0.00103467,-0.00370499,0.00143554,-0.01841874,0.01272288,0.31395201,-0.02572979,0.01205540,0.02649010,0.01815179,0.00044103,27.17418799,23.76237571,34.80085927,31.35207287,0.05142039,-0.70986874,1.48291469,0.04338564,-0.70951422,1.46141963,5.01259281,0.00000003
2.69000000,SHIFT_WEIGHT,-0.00109749,-0.00379627,0.00149944,-0.01893117,0.01320420,0.31397879,-0.02620801,0.01250655,0.02713287,0.01817856,0.00046780,27.16531038,23.58654586,34.98486695,31.35374596,0.05285164,-0.70760079,1.48134587,0.04487378,-0.70725903,1.45990257,5.04909457,0.00000003
2.70000000,SHIFT_WEIGHT,-0.00116177,-0.00388982,0.00156467,-0.01945229,0.01369319,0.31400570,-0.02669436,0.01296489,0.02778570,0.01820585,0.00049509,27.15604721,23.40800983,35.17213731,31.35521304,0.05430167,-0.70529783,1.47974498,0.04638145,-0.70497016,1.45835579,5.08633608,0.00000003
2.71000000,SHIFT_WEIGHT,-0.00122750,-0.00398552,0.00163123,-0.01998183,0.01418970,0.31403272,-0.02718857,0.01343028,0.02844831,0.01823362,0.00052287,27.14651826,23.22696870,35.36245593,31.35632218,0.05576990,-0.70296067,1.47811204,0.04790806,-0.70264823,1.45677929,5.12427573,0.00000003
2.72000000,SHIFT_WEIGHT,-0.00129467,-0.00408321,0.00169910,-0.02051952,0.01469355,0.31405988,-0.02769039,0.01390256,0.02912040,0.01826184,0.00055109,27.13683168,23.04360978,35.55562343,31.35693656,0.05725577,-0.70059014,1.47644706,0.04945304,-0.70029387,1.45517311,5.16287436,0.00000003
2.73000000,SHIFT_WEIGHT,-0.00136325,-0.00418277,0.00176826,-0.02106508,0.01520457,0.31408715,-0.02819954,0.01438154,0.02980167,0.01829048,0.00057973,27.12708237,22.85810552,35.75145688,31.35693632,0.05875872,-0.69818709,1.47475011,0.05101576,-0.69790777,1.45353729,5.20209563,0.00000003
2.74000000,SHIFT_WEIGHT,-0.00143325,-0.00428407,0.00183872,-0.02161823,0.01572257,0.31411453,-0.02871577,0.01486707,0.03049184,0.01831951,0.00060875,27.11735082,22.67061292,35.94979081,31.35621980,0.06027814,-0.69575235,1.47302128,0.05259563,-0.69549062,1.45187194,5.24190628,0.00000003
2.75000000,SHIFT_WEIGHT,-0.00150465,-0.00438700,0.00191045,-0.02217871,0.01624737,0.31414203,-0.02923882,0.01535897,0.03119060,0.01834889,0.00063813,27.10770248,22.48127344,36.15047761,31.35470427,0.06181344,-0.69328677,1.47126068,0.05419201,-0.69304315,1.45017719,5.28227628,0.00000004
2.76000000,SHIFT_WEIGHT,-0.00157744,-0.00449146,0.00198344,-0.02274623,0.01677878,0.31416963,-0.02976843,0.01585706,0.03189766,0.01837860,0.00066785,27.09818747,22.29021317,36.35338755,31.35232628,0.06336403,-0.69079122,1.46946848,0.05580427,-0.69056612,1.44845320,5.32317888,0.00000004
2.77000000,SHIFT_WEIGHT,-0.00165161,-0.00459737,0.00205767,-0.02332054,0.01731661,0.31419733,-0.03030434,0.01636116,0.03261271,0.01840863,0.00069787,27.08884070,22.09754343,36.55840830,31.34904138,0.06492929,-0.68826656,1.46764486,0.05743177,-0.68806032,1.44670019,5.36459061,0.00000004
2.78000000,SHIFT_WEIGHT,-0.00172715,-0.00470465,0.00213312,-0.02390138,0.01786066,0.31422511,-0.03084631,0.01687108,0.03333548,0.01843894,0.00072818,27.07968236,21.90336161,36.76544420,31.34482360,0.06650858,-0.68571366,1.46579006,0.05907385,-0.68552655,1.44491839,5.40649115,0.00000004
2.79000000,SHIFT_WEIGHT,-0.00180405,-0.00481325,0.00220977,-0.02448850,0.01841074,0.31425297,-0.03139411,0.01738664,0.03406566,0.01846951,0.00075876,27.07071866,21.70775224,36.97441505,31.33966440,0.06810129,-0.68313341,1.46390435,0.06072985,-0.68296566,1.44310811,5.44886318,0.00000004
2.80000000,SHIFT_WEIGHT,-0.00188228,-0.00492310,0.00228759,-0.02508164,0.01896664,0.31428088,-0.03194749,0.01790764,0.03480296,0.01850034,0.00078959,27.06194292,21.51078822,37.18525479,31.33357146,0.06970676,-0.68052669,1.46198802,0.06239910,-0.68037852,1.44126966,5.49169214,0.00000004
2.81000000,SHIFT_WEIGHT,-0.00196184,-0.00503418,0.00236657,-0.02568056,0.01952815,0.31430883,-0.03250622,0.01843388,0.03554710,0.01853141,0.00082065,27.05333677,21.31253220,37.39790989,31.32656705,0.07132433,-0.67789440,1.46004144,0.06408093,-0.67776602,1.43940340,5.53496596,0.00000004
2.82000000,SHIFT_WEIGHT,-0.00204271,-0.00514646,0.00244666,-0.02628504,0.02009507,0.31433681,-0.03307007,0.01896517,0.03629780,0.01856269,0.00085194,27.04487159,21.11303805,37.61233757,31.31868637,0.07295335,-0.67523746,1.45806498,0.06577464,-0.67512909,1.43750975,5.57867477,0.00000004
2.83000000,SHIFT_WEIGHT,-0.00212488,-0.00525992,0.00252786,-0.02689483,0.02066717,0.31436478,-0.03363884,0.01950131,0.03705476,0.01859419,0.00088344,27.03651007,20.91235238,37.82850400,31.30997556,0.07459314,-0.67255678,1.45605907,0.06747955,-0.67246866,1.43558914,5.62281051,0.00000004
2.84000000,SHIFT_WEIGHT,-0.00220833,-0.00537455,0.00261012,-0.02750971,0.02124424,0.31439274,-0.03421230,0.02004209,0.03781770,0.01862589,0.00091514,27.02820774,20.71051603,38.04638237,31.30048983,0.07624300,-0.66985331,1.45402416,0.06919497,-0.66978570,1.43364204,5.66736664,0.00000004
2.85000000,SHIFT_WEIGHT,-0.00229304,-0.00549036,0.00269342,-0.02812947,0.02182606,0.31442065,-0.03479025,0.02058730,0.03858634,0.01865779,0.00094703,27.01991469,20.50756560,38.26595099,31.29029137,0.07790225,-0.66712799,1.45196076,0.07092020,-0.66708120,1.43166898,5.71233773,0.00000004
2.86000000,SHIFT_WEIGHT,-0.00237900,-0.00560734,0.00277772,-0.02875387,0.02241241,0.31444850,-0.03537248,0.02113673,0.03936040,0.01868987,0.00097912,27.01157717,20.30353490,38.48719143,31.27944744,0.07957019,-0.66438178,1.44986940,0.07265452,-0.66435616,1.42967049,5.75771913,0.00000004
2.87000000,SHIFT_WEIGHT,-0.00246617,-0.00572552,0.00286299,-0.02938272,0.02300305,0.31447625,-0.03595877,0.02169016,0.04013960,0.01872213,0.00101138,27.00313913,20.09845633,38.71008674,31.26802839,0.08124611,-0.66161566,1.44775065,0.07439723,-0.66161162,1.42764715,5.80350657,0.00000004
2.88000000,SHIFT_WEIGHT,-0.00255455,-0.00584489,0.00294919,-0.03001578,0.02359776,0.31450388,-0.03654894,0.02224739,0.04092364,0.01875457,0.00104381,26.99454379,19.89236214,38.93461976,31.25610591,0.08292930,-0.65883063,1.44560510,0.07614763,-0.65884860,1.42559957,5.84969592,0.00000004
2.89000000,SHIFT_WEIGHT,-0.00264412,-0.00596548,0.00303630,-0.03065286,0.02419631,0.31453137,-0.03714279,0.02280819,0.04171225,0.01878717,0.00107642,26.98573499,19.68528563,39.16077158,31.24375134,0.08461903,-0.65602769,1.44343340,0.07790498,-0.65606818,1.42352839,5.89628277,0.00000004
2.90000000,SHIFT_WEIGHT,-0.00273484,-0.00608729,0.00312428,-0.03129373,0.02479847,0.31455869,-0.03774010,0.02337235,0.04250514,0.01881994,0.00110918,26.97665844,19.47726219,39.38852014,31.23103415,0.08631458,-0.65320789,1.44123620,0.07966859,-0.65327142,1.42143428,5.94326222,0.00000004
2.91000000,SHIFT_WEIGHT,-0.00282671,-0.00621036,0.00321309,-0.03193818,0.02540399,0.31458581,-0.03834067,0.02393963,0.04330202,0.01885286,0.00114211,26.96726288,19.26833016,39.61783902,31.21802067,0.08801521,-0.65037225,1.43901420,0.08143771,-0.65045942,1.41931792,5.99062860,0.00000004
2.92000000,SHIFT_WEIGHT,-0.00291969,-0.00633468,0.00330271,-0.03258599,0.02601264,0.31461271,-0.03894432,0.02450982,0.04410260,0.01888594,0.00117518,26.95750096,19.05853166,39.84869643,31.20477295,0.08972021,-0.64752186,1.43676813,0.08321165,-0.64763326,1.41718004,6.03837523,0.00000004
2.93000000,SHIFT_WEIGHT,-0.00301376,-0.00646027,0.00339308,-0.03323695,0.02662418,0.31463936,-0.03955082,0.02508269,0.04490658,0.01891916,0.00120840,26.94733009,18.84791314,40.08105432,31.19134785,0.09142883,-0.64465778,1.43449873,0.08498966,-0.64479408,1.41502139,6.08649427,0.00000004
2.94000000,SHIFT_WEIGHT,-0.00310890,-0.00658714,0.00348419,-0.03389084,0.02723836,0.31466574,-0.04015998,0.02565801,0.04571368,0.01895251,0.00124176,26.93671299,18.63652587,40.31486776,31.17779637,0.09314035,-0.64178111,1.43220678,0.08677104,-0.64194298,1.41284272,6.13497654,0.00000004
2.95000000,SHIFT_WEIGHT,-0.00320507,-0.00671529,0.00357600,-0.03454743,0.02785495,0.31469182,-0.04077158,0.02623555,0.04652359,0.01898600,0.00127525,26.92561814,18.42442626,40.55008445,31.16416315,0.09485402,-0.63889296,1.42989308,0.08855504,-0.63908109,1.41064483,6.18381142,0.00000004
2.96000000,SHIFT_WEIGHT,-0.00330227,-0.00684471,0.00366848,-0.03520649,0.02847369,0.31471758,-0.04138542,0.02681509,0.04733601,0.01901961,0.00130886,26.91402004,18.21167602,40.78664448,31.15048620,0.09656911,-0.63599447,1.42755845,0.09034096,-0.63620957,1.40842854,6.23298679,0.00000004
2.97000000,SHIFT_WEIGHT,-0.00340045,-0.00697541,0.00376159,-0.03586779,0.02909435,0.31474300,-0.04200126,0.02739639,0.04815063,0.01905334,0.00134258,26.90189935,17.99834222,41.02448016,31.13679677,0.09828489,-0.63308678,1.42520376,0.09212807,-0.63332954,1.40619467,6.28248893,0.00000004
2.98000000,SHIFT_WEIGHT,-0.00349959,-0.00710736,0.00385529,-0.03653109,0.02971667,0.31476805,-0.04261891,0.02797922,0.04896715,0.01908717,0.00137641,26.88924280,17.78449724,41.26351612,31.12311944,0.10000064,-0.63017104,1.42282986,0.09391565,-0.63044218,1.40394408,6.33230260,0.00000005
2.99000000,SHIFT_WEIGHT,-0.00359966,-0.00724055,0.00394957,-0.03719616,0.03034041,0.31479273,-0.04323812,0.02856335,0.04978525,0.01912109,0.00141034,26.87604307,17.57021853,41.50366948,31.10947233,0.10171562,-0.62724843,1.42043765,0.09570296,-0.62754863,1.40167764,6.38241096,0.00000005
3.00000000,SHIFT_WEIGHT,-0.00370063,-0.00737496,0.00404438,-0.03786274,0.03096531,0.31481701,-0.04385867,0.02914854,0.05060462,0.01915510,0.00144435,26.86229848,17.35558838,41.74485020,31.09586750,0.10342911,-0.62432012,1.41802805,0.09748931,-0.62465006,1.39939624,6.43279570,0.00000005
3.01000000,SHIFT_WEIGHT,-0.00380247,-0.00751056,0.00413970,-0.03853059,0.03159114,0.31484087,-0.04448033,0.02973457,0.05142493,0.01918918,0.00147842,26.84801264,17.14069354,41.98696149,31.08231134,0.10514040,-0.62138731,1.41560200,0.09927397,-0.62174764,1.39710080,6.48343706,0.00000005
3.02000000,SHIFT_WEIGHT,-0.00390515,-0.00764730,0.00423549,-0.03919945,0.03221763,0.31486430,-0.04510287,0.03032119,0.05224587,0.01922332,0.00151256,26.83319398,16.92562479,42.22990039,31.06880521,0.10684877,-0.61845119,1.41316045,0.10105623,-0.61884255,1.39479223,6.53431395,0.00000005
3.03000000,SHIFT_WEIGHT,-0.00400864,-0.00778516,0.00433172,-0.03986907,0.03284454,0.31488729,-0.04572603,0.03090817,0.05306712,0.01925750,0.00154674,26.81785525,16.71047645,42.47355835,31.05534601,0.10855351,-0.61551298,1.41070437,0.10283537,-0.61593595,1.39247150,6.58540406,0.00000005
3.04000000,SHIFT_WEIGHT,-0.00411290,-0.00792408,0.00442837,-0.04053918,0.03347161,0.31490983,-0.04634959,0.03149528,0.05388834,0.01929171,0.00158096,26.80201297,16.49534589,42.71782189,31.04192688,0.11025393,-0.61257389,1.40823476,0.10461070,-0.61302903,1.39013956,6.63668396,0.00000005
3.05000000,SHIFT_WEIGHT,-0.00421789,-0.00806401,0.00452539,-0.04120951,0.03409861,0.31493190,-0.04697329,0.03208229,0.05470922,0.01932594,0.00161519,26.78568685,16.28033293,42.96257337,31.02853791,0.11194933,-0.60963514,1.40575265,0.10638150,-0.61012296,1.38779739,6.68812926,0.00000005
3.06000000,SHIFT_WEIGHT,-0.00432359,-0.00820490,0.00462276,-0.04187981,0.03472527,0.31495349,-0.04759688,0.03266895,0.05552941,0.01936017,0.00164942,26.76889919,16.06553933,43.20769168,31.01516681,0.11363902,-0.60669795,1.40325905,0.10814708,-0.60721894,1.38544599,6.73971474,0.00000005
3.07000000,SHIFT_WEIGHT,-0.00442995,-0.00834670,0.00472044,-0.04254980,0.03535135,0.31497460,-0.04822012,0.03325504,0.05634860,0.01939439,0.00168363,26.75167434,15.85106819,43.45305296,31.00179965,0.11532233,-0.60376355,1.40075502,0.10990675,-0.60431813,1.38308638,6.79141451,0.00000005
3.08000000,SHIFT_WEIGHT,-0.00453693,-0.00848933,0.00481840,-0.04321920,0.03597660,0.31499522,-0.04884275,0.03384033,0.05716645,0.01942857,0.00171782,26.73403812,15.63702344,43.69853141,30.98842150,0.11699858,-0.60083315,1.39824164,0.11165982,-0.60142173,1.38071959,6.84320212,0.00000005
3.09000000,SHIFT_WEIGHT,-0.00464450,-0.00863274,0.00491661,-0.04388775,0.03660076,0.31501535,-0.04946452,0.03442457,0.05798263,0.01946271,0.00175196,26.71601731,15.42350931,43.94399991,30.97501708,0.11866711,-0.59790800,1.39571999,0.11340560,-0.59853092,1.37834667,6.89505075,0.00000005
3.10000000,SHIFT_WEIGHT,-0.00475262,-0.00877685,0.00501504,-0.04455516,0.03722360,0.31503497,-0.05008517,0.03500754,0.05879680,0.01949679,0.00178603,26.69763913,15.21062978,44.18933078,30.96157133,0.12032728,-0.59498931,1.39319118,0.11514343,-0.59564688,1.37596869,6.94693332,0.00000005
3.11000000,SHIFT_WEIGHT,-0.00486124,-0.00892161,0.00511364,-0.04522118,0.03784485,0.31505409,-0.05070445,0.03558901,0.05960865,0.01953079,0.00182003,26.67893083,14.99848821,44.43439632,30.94806996,0.12197842,-0.59207830,1.39065633,0.11687262,-0.59277079,1.37358672,6.99882262,0.00000005
3.12000000,SHIFT_WEIGHT,-0.00497031,-0.00906693,0.00521238,-0.04588551,0.03846429,0.31507270,-0.05132211,0.03616875,0.06041784,0.01956469,0.00185393,26.65991930,14.78718685,44.67906949,30.93449988,0.12361991,-0.58917619,1.38811658,0.11859253,-0.58990383,1.37120185,7.05069145,0.00000005
3.13000000,SHIFT_WEIGHT,-0.00507981,-0.00921276,0.00531122,-0.04654789,0.03908165,0.31509080,-0.05193788,0.03674652,0.06122404,0.01959848,0.00188772,26.64063072,14.57682651,44.92322433,30.92084959,0.12525112,-0.58628419,1.38557308,0.12030248,-0.58704719,1.36881521,7.10251271,0.00000005
3.14000000,SHIFT_WEIGHT,-0.00518967,-0.00935901,0.00541013,-0.04720804,0.03969670,0.31510838,-0.05255153,0.03732210,0.06202693,0.01963214,0.00192138,26.62109028,14.36750624,45.16673649,30.90710951,0.12687143,-0.58340351,1.38302700,0.12200184,-0.58420202,1.36642791,7.15425953,0.00000005
3.15000000,SHIFT_WEIGHT,-0.00529986,-0.00950561,0.00550907,-0.04786569,0.04030919,0.31512546,-0.05316279,0.03789527,0.06282619,0.01966566,0.00195490,26.60132199,14.15932306,45.40948355,30.89327222,0.12848025,-0.58053534,1.38047954,0.12368997,-0.58136952,1.36404109,7.20590533,0.00000005
3.16000000,SHIFT_WEIGHT,-0.00541032,-0.00965249,0.00560800,-0.04852057,0.04091888,0.31514201,-0.05377141,0.03846580,0.06362149,0.01969901,0.00198826,26.58134847,13.95237175,45.65134538,30.87933265,0.13007696,-0.57768088,1.37793188,0.12536622,-0.57855083,1.36165591,7.25742392,0.00000005
3.17000000,SHIFT_WEIGHT,-0.00552101,-0.00979959,0.00570688,-0.04917241,0.04152553,0.31515806,-0.05437716,0.03903346,0.06441251,0.01973220,0.00202144,26.56119087,13.74674469,45.89220438,30.86528811,0.13166098,-0.57484132,1.37538525,0.12702999,-0.57574713,1.35927352,7.30878955,0.00000005
3.18000000,SHIFT_WEIGHT,-0.00563188,-0.00994683,0.00580567,-0.04982095,0.04212891,0.31517359,-0.05497977,0.03959804,0.06519895,0.01976519,0.00205443,26.54086880,13.54253175,46.13194565,30.85113844,0.13323175,-0.57201782,1.37284087,0.12868066,-0.57295957,1.35689510,7.35997696,0.00000005
3.19000000,SHIFT_WEIGHT,-0.00574289,-0.01009413,0.00590432,-0.05046593,0.04272878,0.31518861,-0.05557902,0.04015931,0.06598048,0.01979797,0.00208722,26.52040028,13.33982023,46.37045710,30.83688590,0.13478869,-0.56921154,1.37029998,0.13031761,-0.57018929,1.35452184,7.41096140,0.00000005
3.20000000,SHIFT_WEIGHT,-0.00585396,-0.01024143,0.00600280,-0.05110708,0.04332490,0.31520311,-0.05617467,0.04071706,0.06675681,0.01983054,0.00211978,26.49980184,13.13869485,46.60762951,30.82253514,0.13633124,-0.56642365,1.36776381,0.13194027,-0.56743746,1.35215492,7.46171870,0.00000005
3.21000000,SHIFT_WEIGHT,-0.00596507,-0.01038867,0.00610107,-0.05174415,0.04391704,0.31521711,-0.05676647,0.04127108,0.06752762,0.01986287,0.00215211,26.47908849,12.93923775,46.84335655,30.80809305,0.13785888,-0.56365527,1.36523364,0.13354805,-0.56470518,1.34979556,7.51222524,0.00000005
3.22000000,SHIFT_WEIGHT,-0.00607615,-0.01053576,0.00619907,-0.05237689,0.04450498,0.31523059,-0.05735419,0.04182114,0.06829263,0.01989495,0.00218420,26.45827386,12.74152858,47.07753470,30.79356865,0.13937106,-0.56090755,1.36271072,0.13514037,-0.56199360,1.34744494,7.56245799,0.00000004
3.23000000,SHIFT_WEIGHT,-0.00618716,-0.01068265,0.00629677,-0.05300505,0.04508848,0.31524357,-0.05793760,0.04236705,0.06905152,0.01992677,0.00221602,26.43737032,12.54564456,47.31006317,30.77897283,0.14086727,-0.55818160,1.36019633,0.13671667,-0.55930383,1.34510430,7.61239447,0.00000004
3.24000000,SHIFT_WEIGHT,-0.00629803,-0.01082927,0.00639412,-0.05362838,0.04566733,0.31525605,-0.05851649,0.04290858,0.06980401,0.01995832,0.00224757,26.41638906,12.35166060,47.54084380,30.76431820,0.14234700,-0.55547852,1.35769174,0.13827640,-0.55663697,1.34277485,7.66201276,0.00000004
3.25000000,SHIFT_WEIGHT,-0.00640872,-0.01097555,0.00649108,-0.05424664,0.04624131,0.31526802,-0.05909062,0.04344555,0.07054982,0.01998959,0.00227883,26.39534030,12.15964947,47.76978084,30.74961882,0.14380975,-0.55279940,1.35519824,0.13981902,-0.55399411,1.34045780,7.71129148,0.00000004
3.26000000,SHIFT_WEIGHT,-0.00651917,-0.01112143,0.00658761,-0.05485960,0.04681019,0.31527950,-0.05965979,0.04397774,0.07128867,0.02002055,0.00230980,26.37423342,11.96968187,47.99678085,30.73488994,0.14525505,-0.55014531,1.35271711,0.14134400,-0.55137635,1.33815437,7.76020975,0.00000004
3.27000000,SHIFT_WEIGHT,-0.00662933,-0.01126685,0.00668366,-0.05546702,0.04737376,0.31529048,-0.06022377,0.04450496,0.07202026,0.02005121,0.00234045,26.35307711,11.78182667,48.22175245,30.72014778,0.14668242,-0.54751732,1.35024963,0.14285083,-0.54878473,1.33586579,7.80874718,0.00000004
3.28000000,SHIFT_WEIGHT,-0.00673913,-0.01141173,0.00677919,-0.05606867,0.04793182,0.31530097,-0.06078235,0.04502701,0.07274435,0.02008154,0.00237079,26.33187952,11.59615103,48.44460614,30.70540927,0.14809140,-0.54491647,1.34779709,0.14433901,-0.54622032,1.33359328,7.85688381,0.00000004
3.29000000,SHIFT_WEIGHT,-0.00684854,-0.01155603,0.00687415,-0.05666434,0.04848414,0.31531097,-0.06133534,0.04554370,0.07346065,0.02011155,0.00240079,26.31064847,11.41272056,48.66525408,30.69069179,0.14948155,-0.54234379,1.34536077,0.14580804,-0.54368415,1.33133804,7.90460014,0.00000004
3.30000000,SHIFT_WEIGHT,-0.00695748,-0.01169967,0.00696851,-0.05725379,0.04903054,0.31532049,-0.06188253,0.04605483,0.07416890,0.02014121,0.00243045,26.28939155,11.23159950,48.88360993,30.67601294,0.15085243,-0.53980028,1.34294196,0.14725745,-0.54117723,1.32910128,7.95187699,0.00000004
3.31000000,SHIFT_WEIGHT,-0.00706591,-0.01184259,0.00706221,-0.05783682,0.04957081,0.31532954,-0.06242372,0.04656024,0.07486886,0.02017051,0.00245976,26.26811627,11.05285086,49.09958861,30.66139035,0.15220364,-0.53728694,1.34054192,0.14868677,-0.53870058,1.32688421,7.99869558,0.00000004
3.32000000,SHIFT_WEIGHT,-0.00717377,-0.01198473,0.00715522,-0.05841322,0.05010475,0.31533811,-0.06295872,0.04705972,0.07556026,0.02019945,0.00248870,26.24683019,10.87653654,49.31310618,30.64684142,0.15353476,-0.53480474,1.33816191,0.15009555,-0.53625517,1.32468801,8.04503743,0.00000004
3.33000000,SHIFT_WEIGHT,-0.00728100,-0.01212603,0.00724749,-0.05898276,0.05063217,0.31534622,-0.06348734,0.04755311,0.07624287,0.02022802,0.00251727,26.22554107,10.70271750,49.52407961,30.63238320,0.15484542,-0.53235464,1.33580321,0.15148336,-0.53384197,1.32251386,8.09088432,0.00000004
3.34000000,SHIFT_WEIGHT,-0.00738755,-0.01226643,0.00733899,-0.05954526,0.05115289,0.31535387,-0.06400939,0.04804023,0.07691644,0.02025621,0.00254545,26.20425691,10.53145381,49.73242671,30.61803216,0.15613522,-0.52993757,1.33346704,0.15284977,-0.53146191,1.32036293,8.13621834,0.00000004
3.35000000,SHIFT_WEIGHT,-0.00749335,-0.01240586,0.00742966,-0.06010052,0.05166671,0.31536108,-0.06452470,0.04852091,0.07758074,0.02028400,0.00257324,26.18298607,10.36280480,49.93806598,30.60380412,0.15740381,-0.52755444,1.33115466,0.15419438,-0.52911592,1.31823636,8.18102177,0.00000004
3.36000000,SHIFT_WEIGHT,-0.00759836,-0.01254426,0.00751948,-0.06064833,0.05217347,0.31536784,-0.06503308,0.04899498,0.07823554,0.02031139,0.00260063,26.16173735,10.19682910,50.14091651,30.58971407,0.15865085,-0.52520614,1.32886727,0.15551679,-0.52680489,1.31613530,8.22527715,0.00000004
3.37000000,SHIFT_WEIGHT,-0.00770251,-0.01268156,0.00760839,-0.06118852,0.05267298,0.31537416,-0.06553437,0.04946229,0.07888062,0.02033837,0.00262761,26.14052001,10.03358469,50.34089796,30.57577614,0.15987600,-0.52289354,1.32660607,0.15681662,-0.52452969,1.31406086,8.26896718,0.00000004
3.38000000,SHIFT_WEIGHT,-0.00780575,-0.01281771,0.00769637,-0.06172090,0.05316508,0.31538006,-0.06602840,0.04992267,0.07951576,0.02036492,0.00265416,26.11934385,9.87312894,50.53793047,30.56200345,0.16107894,-0.52061748,1.32437226,0.15809352,-0.52229118,1.31201413,8.31207478,0.00000004
3.39000000,SHIFT_WEIGHT,-0.00790802,-0.01295264,0.00778336,-0.06224528,0.05364959,0.31538555,-0.06651500,0.05037597,0.08014076,0.02039105,0.00268029,26.09821918,9.71551861,50.73193470,30.54840815,0.16225939,-0.51837879,1.32216699,0.15934713,-0.52009016,1.30999619,8.35458305,0.00000004
3.40000000,SHIFT_WEIGHT,-0.00800927,-0.01308628,0.00786934,-0.06276150,0.05412637,0.31539063,-0.06699401,0.05082205,0.08075541,0.02041673,0.00270597,26.07715687,9.56080988,50.92283180,30.53500132,0.16341704,-0.51617824,1.31999142,0.16057711,-0.51792743,1.30800808,8.39647528,0.00000004
3.41000000,SHIFT_WEIGHT,-0.00810943,-0.01321857,0.00795426,-0.06326938,0.05459526,0.31539532,-0.06746528,0.05126076,0.08135951,0.02044197,0.00273121,26.05616834,9.40905828,51.11054349,30.52179301,0.16455164,-0.51401662,1.31784665,0.16178317,-0.51580375,1.30605083,8.43773492,0.00000004
3.42000000,SHIFT_WEIGHT,-0.00820846,-0.01334944,0.00803809,-0.06376876,0.05505610,0.31539963,-0.06792866,0.05169197,0.08195288,0.02046674,0.00275599,26.03526553,9.26031866,51.29499212,30.50879218,0.16566292,-0.51189466,1.31573378,0.16296499,-0.51371987,1.30412544,8.47834564,0.00000004
3.43000000,SHIFT_WEIGHT,-0.00830629,-0.01347883,0.00812080,-0.06425947,0.05550876,0.31540357,-0.06838401,0.05211553,0.08253533,0.02049106,0.00278030,26.01446088,9.11464514,51.47610071,30.49600683,0.16675066,-0.50981306,1.31365388,0.16412229,-0.51167647,1.30223287,8.51829131,0.00000003
3.44000000,SHIFT_WEIGHT,-0.00840286,-0.01360667,0.00820233,-0.06474137,0.05595309,0.31540715,-0.06883118,0.05253133,0.08310668,0.02051489,0.00280414,25.99376731,8.97209103,51.65379311,30.48344393,0.16781462,-0.50777251,1.31160799,0.16525481,-0.50967424,1.30037405,8.55755600,0.00000003
3.45000000,SHIFT_WEIGHT,-0.00849813,-0.01373290,0.00828267,-0.06521431,0.05638897,0.31541039,-0.06927004,0.05293923,0.08366677,0.02053825,0.00282749,25.97319812,8.83270877,51.82799410,30.47110952,0.16885462,-0.50577366,1.30959711,0.16636229,-0.50771380,1.29854988,8.59612405,0.00000003
3.46000000,SHIFT_WEIGHT,-0.00859204,-0.01385744,0.00836177,-0.06567813,0.05681626,0.31541330,-0.06970046,0.05333913,0.08421543,0.02056111,0.00285035,25.95276701,8.69654979,51.99862954,30.45900877,0.16987046,-0.50381711,1.30762221,0.16744451,-0.50579578,1.29676125,8.63398001,0.00000003
3.47000000,SHIFT_WEIGHT,-0.00868453,-0.01398024,0.00843961,-0.06613271,0.05723484,0.31541590,-0.07012231,0.05373091,0.08475251,0.02058347,0.00287271,25.93248799,8.56366443,52.16562646,30.44714600,0.17086197,-0.50190347,1.30568425,0.16850126,-0.50392073,1.29500897,8.67110875,0.00000003
3.48000000,SHIFT_WEIGHT,-0.00877555,-0.01410122,0.00851614,-0.06657791,0.05764461,0.31541819,-0.07053548,0.05411447,0.08527787,0.02060532,0.00289456,25.91237531,8.43410185,52.32891332,30.43552480,0.17182901,-0.50003327,1.30378411,0.16953233,-0.50208919,1.29329383,8.70749540,0.00000003
3.49000000,SHIFT_WEIGHT,-0.00886505,-0.01422033,0.00859134,-0.06701361,0.05804545,0.31542020,-0.07093984,0.05448970,0.08579137,0.02062665,0.00291590,25.89244341,8.30790985,52.48842008,30.42414809,0.17277143,-0.49820703,1.30192267,0.17053755,-0.50030167,1.29161661,8.74312547,0.00000003
3.50000000,SHIFT_WEIGHT,-0.00895297,-0.01433749,0.00866517,-0.06743969,0.05843726,0.31542194,-0.07133530,0.05485651,0.08629288,0.02064747,0.00293671,25.87270687,8.18513485,52.64407841,30.41301813,0.17368912,-0.49642524,1.30010076,0.17151677,-0.49855861,1.28997799,8.77798476,0.00000003
3.51000000,SHIFT_WEIGHT,-0.00903925,-0.01445264,0.00873761,-0.06785603,0.05881995,0.31542343,-0.07172175,0.05521481,0.08678228,0.02066775,0.00295699,25.85318031,8.06582168,52.79582185,30.40213670,0.17458198,-0.49468833,1.29831916,0.17246983,-0.49686044,1.28837867,8.81205951,0.00000003
3.52000000,SHIFT_WEIGHT,-0.00912386,-0.01456572,0.00880863,-0.06826252,0.05919343,0.31542468,-0.07209909,0.05556453,0.08725946,0.02068749,0.00297673,25.83387836,7.95001351,52.94358601,30.39150506,0.17544993,-0.49299670,1.29657862,0.17339663,-0.49520755,1.28681927,8.84533633,0.00000003
3.53000000,SHIFT_WEIGHT,-0.00920674,-0.01467666,0.00887819,-0.06865908,0.05955761,0.31542570,-0.07246724,0.05590558,0.08772431,0.02070668,0.00299592,25.81481556,7.83775170,53.08730868,30.38112411,0.17629292,-0.49135073,1.29487983,0.17429707,-0.49360027,1.28530036,8.87780228,0.00000003
3.54000000,SHIFT_WEIGHT,-0.00928784,-0.01478539,0.00894627,-0.06904561,0.05991243,0.31542652,-0.07282611,0.05623790,0.08817675,0.02072532,0.00301456,25.79600635,7.72907572,53.22693004,30.37099439,0.17711089,-0.48975074,1.29322345,0.17517105,-0.49203891,1.28382248,8.90944488,0.00000003
3.55000000,SHIFT_WEIGHT,-0.00936711,-0.01489187,0.00901284,-0.06942202,0.06025781,0.31542716,-0.07317562,0.05656143,0.08861668,0.02074340,0.00303265,25.77746495,7.62402300,53.36239283,30.36111617,0.17790382,-0.48819702,1.29161009,0.17601853,-0.49052372,1.28238612,8.94025214,0.00000003
3.56000000,SHIFT_WEIGHT,-0.00944451,-0.01499603,0.00907787,-0.06978824,0.06059370,0.31542762,-0.07351571,0.05687611,0.08904404,0.02076092,0.00305016,25.75920537,7.52262887,53.49364243,30.35148948,0.17867170,-0.48668980,1.29004031,0.17683946,-0.48905492,1.28099171,8.97021259,0.00000002
3.57000000,SHIFT_WEIGHT,-0.00951999,-0.01509780,0.00914135,-0.07014420,0.06092005,0.31542793,-0.07384632,0.05718189,0.08945877,0.02077786,0.00306710,25.74124131,7.42492641,53.62062711,30.34211418,0.17941456,-0.48522928,1.28851462,0.17763382,-0.48763268,1.27963964,8.99931529,0.00000002
3.58000000,SHIFT_WEIGHT,-0.00959351,-0.01519714,0.00920324,-0.07048984,0.06123680,0.31542810,-0.07416738,0.05747873,0.08986080,0.02079423,0.00308347,25.72358612,7.33094636,53.74329806,30.33299001,0.18013242,-0.48381564,1.28703347,0.17840163,-0.48625711,1.27833025,9.02754986,0.00000002
3.59000000,SHIFT_WEIGHT,-0.00966502,-0.01529398,0.00926352,-0.07082510,0.06154394,0.31542815,-0.07447886,0.05776661,0.09025009,0.02081001,0.00309925,25.70625277,7.24071706,53.86160961,30.32411658,0.18082533,-0.48244897,1.28559727,0.17914289,-0.48492831,1.27706382,9.05490651,0.00000002
3.60000000,SHIFT_WEIGHT,-0.00973449,-0.01538828,0.00932218,-0.07114994,0.06184142,0.31542810,-0.07478071,0.05804548,0.09062662,0.02082520,0.00311445,25.68925383,7.15426434,53.97551930,30.31549344,0.18149337,-0.48112934,1.28420637,0.17985767,-0.48364630,1.27584056,9.08137605,0.00000002
3.61000000,SHIFT_WEIGHT,-0.00980188,-0.01547998,0.00937919,-0.07146434,0.06212922,0.31542795,-0.07507289,0.05831534,0.09099036,0.02083980,0.00312905,25.67260138,7.07161143,54.08498801,30.30712010,0.18213663,-0.47985678,1.28286108,0.18054602,-0.48241107,1.27466065,9.10694991,0.00000002
3.62000000,SHIFT_WEIGHT,-0.00986714,-0.01556903,0.00943453,-0.07176825,0.06240734,0.31542774,-0.07535540,0.05857617,0.09134130,0.02085381,0.00314305,25.65630702,6.99277892,54.18998004,30.29899600,0.18275523,-0.47863127,1.28156161,0.18120805,-0.48122254,1.27352420,9.13162016,0.00000002
3.63000000,SHIFT_WEIGHT,-0.00993025,-0.01565539,0.00948819,-0.07206167,0.06267578,0.31542747,-0.07562820,0.05882797,0.09167944,0.02086721,0.00315646,25.64038185,6.91778467,54.29046324,30.29112060,0.18334929,-0.47745271,1.28030817,0.18184386,-0.48008062,1.27243127,9.15537954,0.00000002
3.64000000,SHIFT_WEIGHT,-0.00999118,-0.01573901,0.00954014,-0.07234458,0.06293453,0.31542716,-0.07589130,0.05907074,0.09200480,0.02088001,0.00316926,25.62483642,6.84664372,54.38640907,30.28349330,0.18391897,-0.47632101,1.27910087,0.18245360,-0.47898513,1.27138185,9.17822144,0.00000002
3.65000000,SHIFT_WEIGHT,-0.01004988,-0.01581984,0.00959039,-0.07261699,0.06318361,0.31542683,-0.07614470,0.05930450,0.09231739,0.02089221,0.00318145,25.60968072,6.77936830,54.47779270,30.27611350,0.18446445,-0.47523597,1.27793977,0.18303743,-0.47793585,1.27037588,9.20013994,0.00000002
3.66000000,SHIFT_WEIGHT,-0.01010634,-0.01589786,0.00963890,-0.07287891,0.06342304,0.31542649,-0.07638840,0.05952927,0.09261727,0.02090379,0.00319303,25.59492418,6.71596772,54.56459306,30.26898058,0.18498593,-0.47419739,1.27682488,0.18359553,-0.47693252,1.26941322,9.22112983,0.00000002
3.67000000,SHIFT_WEIGHT,-0.01016053,-0.01597302,0.00968567,-0.07313035,0.06365286,0.31542616,-0.07662242,0.05974507,0.09290446,0.02091476,0.00320400,25.58057564,6.65644833,54.64679293,30.26209387,0.18548362,-0.47320499,1.27575614,0.18412812,-0.47597482,1.26849370,9.24118658,0.00000002
3.68000000,SHIFT_WEIGHT,-0.01021241,-0.01604528,0.00973069,-0.07337136,0.06387311,0.31542585,-0.07684680,0.05995195,0.09317905,0.02092512,0.00321436,25.56664337,6.60081349,54.72437899,30.25545268,0.18595777,-0.47225845,1.27473341,0.18463544,-0.47506238,1.26761706,9.26030641,0.00000002
3.69000000,SHIFT_WEIGHT,-0.01026198,-0.01611462,0.00977396,-0.07360197,0.06408384,0.31542558,-0.07706156,0.06014994,0.09344109,0.02093486,0.00322410,25.55313501,6.54906352,54.79734187,30.24905625,0.18640863,-0.47135738,1.27375652,0.18511774,-0.47419476,1.26678298,9.27848625,0.00000001
3.70000000,SHIFT_WEIGHT,-0.01030920,-0.01618101,0.00981546,-0.07382224,0.06428511,0.31542536,-0.07726677,0.06033912,0.09369068,0.02094399,0.00323323,25.54005763,6.50119563,54.86567622,30.24290375,0.18683650,-0.47050137,1.27282521,0.18557532,-0.47337148,1.26599109,9.29572377,0.00000001
3.71000000,SHIFT_WEIGHT,-0.01035407,-0.01624442,0.00985519,-0.07403222,0.06447699,0.31542520,-0.07746247,0.06051953,0.09392792,0.02095250,0.00324174,25.52741768,6.45720392,54.92938076,30.23699426,0.18724168,-0.46968992,1.27193916,0.18600849,-0.47259200,1.26524094,9.31201740,0.00000001
3.72000000,SHIFT_WEIGHT,-0.01039657,-0.01630483,0.00989316,-0.07423199,0.06465955,0.31542513,-0.07764873,0.06069126,0.09415292,0.02096040,0.00324964,25.51522101,6.41707933,54.98845831,30.23132676,0.18762450,-0.46892251,1.27109799,0.18641760,-0.47185572,1.26453202,9.32736632,0.00000001
3.73000000,SHIFT_WEIGHT,-0.01043669,-0.01636222,0.00992935,-0.07442163,0.06483290,0.31542514,-0.07782562,0.06085439,0.09436581,0.02096768,0.00325692,25.50347286,6.38080959,55.04291586,30.22590010,0.18798532,-0.46819853,1.27030124,0.18680301,-0.47116200,1.26386375,9.34177047,0.00000001
3.74000000,SHIFT_WEIGHT,-0.01047441,-0.01641658,0.00996376,-0.07460124,0.06499712,0.31542526,-0.07799324,0.06100900,0.09456672,0.02097435,0.00326359,25.49217789,6.34837917,55.09276459,30.22071298,0.18832453,-0.46751735,1.26954839,0.18716512,-0.47051011,1.26323550,9.35523057,0.00000001
3.75000000,SHIFT_WEIGHT,-0.01050974,-0.01646789,0.00999642,-0.07477092,0.06515233,0.31542550,-0.07815168,0.06115520,0.09475582,0.02098040,0.00326965,25.48134014,6.31976929,55.13801996,30.21576397,0.18864251,-0.46687826,1.26883885,0.18750435,-0.46989930,1.26264654,9.36774813,0.00000001
3.76000000,SHIFT_WEIGHT,-0.01054266,-0.01651614,0.01002731,-0.07493080,0.06529865,0.31542586,-0.07830105,0.06129311,0.09493327,0.02098585,0.00327509,25.47096305,6.29495780,55.17870170,30.21105142,0.18893971,-0.46628048,1.26817197,0.18782116,-0.46932872,1.26209611,9.37932544,0.00000001
3.77000000,SHIFT_WEIGHT,-0.01057318,-0.01656133,0.01005644,-0.07508100,0.06543622,0.31542637,-0.07844146,0.06142283,0.09509925,0.02099069,0.00327993,25.46104949,6.27391924,55.21483390,30.20657351,0.18921658,-0.46572322,1.26754701,0.18811604,-0.46879749,1.26158334,9.38996561,0.00000001
3.78000000,SHIFT_WEIGHT,-0.01060130,-0.01660346,0.01008383,-0.07522166,0.06556516,0.31542703,-0.07857304,0.06154451,0.09525397,0.02099492,0.00328417,25.45160170,6.25662470,55.24644505,30.20232820,0.18947358,-0.46520559,1.26696317,0.18838948,-0.46830466,1.26110734,9.39967255,0.00000001
3.79000000,SHIFT_WEIGHT,-0.01062702,-0.01664252,0.01010949,-0.07535294,0.06568565,0.31542785,-0.07869593,0.06165828,0.09535270,0.02099856,0.00328780,25.44262137,6.24304185,55.27356806,30.19831324,0.18971124,-0.46472665,1.26641959,0.18864204,-0.46784922,1.26066710,9.40845101,0.00000001
3.80000000,SHIFT_WEIGHT,-0.01065035,-0.01667853,0.01013343,-0.07547500,0.06579783,0.31542885,-0.07881029,0.06176429,0.09523756,0.02100160,0.00329084,25.43410968,6.23312382,55.29624020,30.19452627,0.18993008,-0.46428541,1.26591531,0.18887429,-0.46743008,1.26026157,9.41630654,0.00000001
3.81000000,SHIFT_WEIGHT,-0.01067131,-0.01671149,0.01015567,-0.07558801,0.06590189,0.31543003,-0.07891627,0.06186271,0.09513112,0.02100405,0.00329329,25.42607175,6.22677771,55.31449913,30.19096799,0.19013066,-0.46388081,1.26544933,0.18908683,-0.46704612,1.25988964,9.42324508,0.00000001
3.82000000,SHIFT_WEIGHT,-0.01068989,-0.01674141,0.01017622,-0.07569218,0.06599801,0.31543140,-0.07901404,0.06195371,0.09503319,0.02100590,0.00329515,25.41851426,6.22401209,55.32838840,30.18763906,0.19031356,-0.46351174,1.26502054,0.18928030,-0.46669614,1.25955008,9.42927368,0.00000001
3.83000000,SHIFT_WEIGHT,-0.01070612,-0.01676831,0.01019511,-0.07578770,0.06608639,0.31543297,-0.07910379,0.06203747,0.09494359,0.02100717,0.00329641,25.41143594,6.22483022,55.33796249,30.18453636,0.19047939,-0.46317701,1.26462779,0.18945535,-0.46637886,1.25924165,9.43440085,0.00000001
3.84000000,SHIFT_WEIGHT,-0.01072002,-0.01679219,0.01021236,-0.07587477,0.06616724,0.31543475,-0.07918572,0.06211418,0.09486211,0.02100786,0.00329711,25.40482933,6.22920224,55.34328199,30.18165413,0.19062879,-0.46287539,1.26426986,0.18961270,-0.46609296,1.25896300,9.43863599,0.00000000
3.85000000,SHIFT_WEIGHT,-0.01073161,-0.01681310,0.01022799,-0.07595365,0.06624078,0.31543675,-0.07926002,0.06218404,0.09478853,0.02100798,0.00329723,25.39868381,6.23707276,55.34441137,30.17898441,0.19076243,-0.46260559,1.26394547,0.18975306,-0.46583704,1.25871273,9.44198930,0.00000000
3.86000000,SHIFT_WEIGHT,-0.01074092,-0.01683107,0.01024204,-0.07602455,0.06630725,0.31543898,-0.07932693,0.06224728,0.09472262,0.02100755,0.00329680,25.39298853,6.24836817,55.34141802,30.17651790,0.19088103,-0.46236624,1.26365324,0.18987722,-0.46560967,1.25848938,9.44447177,0.00000000
3.87000000,SHIFT_WEIGHT,-0.01074799,-0.01684612,0.01025453,-0.07608775,0.06636689,0.31544145,-0.07938667,0.06230412,0.09466413,0.02100658,0.00329582,25.38773474,6.26300259,55.33437231,30.17424533,0.19098530,-0.46215592,1.26339172,0.18998596,-0.46540931,1.25829141,9.44609522,0.00000000
3.88000000,SHIFT_WEIGHT,-0.01075285,-0.01685830,0.01026550,-0.07614350,0.06641995,0.31544416,-0.07943949,0.06235480,0.09461281,0.02100507,0.00329431,25.38291733,6.28088213,55.32334791,30.17215886,0.19107601,-0.46197314,1.26315940,0.19008011,-0.46523438,1.25811721,9.44687232,0.00000000
3.89000000,SHIFT_WEIGHT,-0.01075553,-0.01686765,0.01027499,-0.07619210,0.06646673,0.31544713,-0.07948563,0.06239956,0.09456838,0.02100304,0.00329228,25.37853557,6.30190766,55.30842225,30.17025321,0.19115395,-0.46181633,1.26295466,0.19016056,-0.46508322,1.25796509,9.44681664,0.00000000
3.90000000,SHIFT_WEIGHT,-0.01075608,-0.01687421,0.01028304,-0.07623382,0.06650748,0.31545037,-0.07952538,0.06243868,0.09453055,0.02100049,0.00328974,25.37459321,6.32597610,55.28967683,30.16852655,0.19121994,-0.46168388,1.26277583,0.19022819,-0.46495410,1.25783330,9.44594260,0.00000000
3.91000000,SHIFT_WEIGHT,-0.01075453,-0.01687803,0.01028968,-0.07626899,0.06654252,0.31545387,-0.07955902,0.06247242,0.09449903,0.02099744,0.00328668,25.37109762,6.35301317,55.26719795,30.16698037,0.19127481,-0.46157408,1.26262115,0.19028395,-0.46484524,1.25771998,9.44426558,0.00000000
3.92000000,SHIFT_WEIGHT,-0.01075092,-0.01687914,0.01029496,-0.07629792,0.06657215,0.31545764,-0.07958682,0.06250106,0.09447349,0.02099388,0.00328313,25.36805003,6.38301553,55.24108372,30.16561355,0.19131945,-0.46148519,1.26248880,0.19032880,-0.46475475,1.25762324,9.44180261,0.00000000
3.93000000,SHIFT_WEIGHT,-0.01074530,-0.01687760,0.01029893,-0.07632096,0.06659669,0.31546170,-0.07960912,0.06252492,0.09445362,0.02098984,0.00327908,25.36544392,6.41590618,55.21143943,30.16442299,0.19135477,-0.46141538,1.26237690,0.19036376,-0.46468071,1.25754109,9.43857174,0.00000000
3.94000000,SHIFT_WEIGHT,-0.01073773,-0.01687348,0.01030163,-0.07633845,0.06661647,0.31546604,-0.07962621,0.06254428,0.09443907,0.02098532,0.00327456,25.36327030,6.45159272,55.17837340,30.16340451,0.19138172,-0.46136278,1.26228349,0.19038988,-0.46462112,1.25747150,9.43459175,0.00000000
3.95000000,SHIFT_WEIGHT,-0.01072825,-0.01686684,0.01030311,-0.07635076,0.06663185,0.31547068,-0.07963844,0.06255948,0.09442949,0.02098033,0.00326957,25.36151860,6.48997750,55.14199768,30.16255234,0.19140128,-0.46132542,1.26220651,0.19040824,-0.46457390,1.25741234,9.42988237,0.00000000
3.96000000,SHIFT_WEIGHT,-0.01071692,-0.01685774,0.01030342,-0.07635826,0.06664319,0.31547562,-0.07964615,0.06257086,0.09442449,0.02097489,0.00326414,25.36017734,6.53095833,55.10242864,30.16185944,0.19141445,-0.46130128,1.26214387,0.19041996,-0.46453691,1.25736143,9.42446435,0.00000000
3.97000000,SHIFT_WEIGHT,-0.01070381,-0.01684627,0.01030263,-0.07636136,0.06665086,0.31548086,-0.07964971,0.06257875,0.09442370,0.02096902,0.00325826,25.35923450,6.57442880,55.05978744,30.16131795,0.19142229,-0.46128826,1.26209335,0.19042620,-0.46450794,1.25731651,9.41835946,0.00000000
3.98000000,SHIFT_WEIGHT,-0.01068897,-0.01683249,0.01030078,-0.07636047,0.06665525,0.31548641,-0.07964948,0.06258351,0.09442672,0.02096273,0.00325197,25.35867781,6.62027845,55.01420047,30.16091963,0.19142589,-0.46128420,1.26205271,0.19042817,-0.46448470,1.25727525,9.41159060,0.00000000
3.99000000,SHIFT_WEIGHT,-0.01067249,-0.01681649,0.01029795,-0.07635601,0.06665677,0.31549229,-0.07964586,0.06258552,0.09443312,0.02095603,0.00324528,25.35847368,6.66837943,54.96582726,30.16047562,0.19142634,-0.46128687,1.26201958,0.19042710,-0.46446483,1.25723526,9.40418419,0.00000004
4.00000000,SHIFT_WEIGHT,-0.01065443,-0.01679836,0.01029419,-0.07634841,0.06665583,0.31549849,-0.07963924,0.06258517,0.09444248,0.02094895,0.00323819,25.35855628,6.71862144,54.91481496,30.16048042,0.19142481,-0.46129397,1.26199156,0.19042428,-0.46444590,1.25719406,9.39616860,0.00000008
4.01000000,LIFT_LEG,-0.01063487,-0.01677818,0.01028958,-0.07633815,0.06665286,0.31550502,-0.07963005,0.06258286,0.09445435,0.02094150,0.00323075,25.35900255,6.77036312,54.86110337,30.16044702,0.19142247,-0.46130312,1.26196619,0.19042087,-0.46442584,1.25714967,9.38755084,0.00000003
4.02000000,LIFT_LEG,-0.01061397,-0.01675607,0.01028417,-0.07632567,0.06664830,0.31551188,-0.07961871,0.06257898,0.09446828,0.02093376,0.00322300,25.35927597,6.82096687,54.80540156,30.15922539,0.19142038,-0.46131234,1.26194159,0.19041732,-0.46440494,1.25710343,9.37847210,0.00000010
4.03000000,LIFT_LEG,-0.01059216,-0.01673232,0.01027808,-0.07631143,0.06664258,0.31551901,-0.07960564,0.06257393,0.09448385,0.02092589,0.00321514,25.36084842,6.86833147,54.74888588,30.15598835,0.19141918,-0.46132055,1.26191709,0.19041384,-0.46438446,1.25705812,9.36912626,0.00000003
4.04000000,LIFT_LEG,-0.01056993,-0.01670729,0.01027142,-0.07629585,0.06663606,0.31552634,-0.07959123,0.06256808,0.09450067,0.02091815,0.00320739,25.36228758,6.91091305,54.69279744,30.15230161,0.19141926,-0.46132745,1.26189306,0.19041066,-0.46436571,1.25701665,9.35971705,0.00000009
4.05000000,LIFT_LEG,-0.01054778,-0.01668133,0.01026429,-0.07627931,0.06662909,0.31553371,-0.07957585,0.06256175,0.09451836,0.02091078,0.00320002,25.36585007,6.94764122,54.63840979,30.14675014,0.19142082,-0.46133326,1.26187062,0.19040799,-0.46434999,1.25698186,9.35044376,0.00000006
4.06000000,LIFT_LEG,-0.01052615,-0.01665477,0.01025681,-0.07626217,0.06662196,0.31554097,-0.07955986,0.06255522,0.09453658,0.02090400,0.00319324,25.37111485,6.97785114,54.58676457,30.14076059,0.19142394,-0.46133856,1.26185133,0.19040604,-0.46433849,1.25695641,9.34148253,0.00000008
4.07000000,LIFT_LEG,-0.01050535,-0.01662790,0.01024905,-0.07624476,0.06661491,0.31554792,-0.07954356,0.06254871,0.09455503,0.02089799,0.00318723,25.37890314,7.00121223,54.53874891,30.13455317,0.19142863,-0.46134413,1.26183702,0.19040498,-0.46433229,1.25694271,9.33298595,0.00000010
4.08000000,LIFT_LEG,-0.01048554,-0.01660096,0.01024109,-0.07622735,0.06660811,0.31555437,-0.07952722,0.06254241,0.09457342,0.02089289,0.00318213,25.39037068,7.01753204,54.49503548,30.12783716,0.19143482,-0.46135089,1.26182970,0.19040499,-0.46433235,1.25694285,9.32507715,0.00000000
4.09000000,LIFT_LEG,-0.01046686,-0.01657410,0.01023294,-0.07621021,0.06660169,0.31556014,-0.07951110,0.06253644,0.09459149,0.02088877,0.00317801,25.40437480,7.02720785,54.45593854,30.12284948,0.19144236,-0.46135966,1.26183114,0.19040621,-0.46433953,1.25695872,9.31783373,0.00000000
4.10000000,LIFT_LEG,-0.01044924,-0.01654746,0.01022460,-0.07619354,0.06659573,0.31556504,-0.07949541,0.06253087,0.09460905,0.02088568,0.00317492,25.42168611,7.03011672,54.42169842,30.11936313,0.19145109,-0.46137139,1.26184332,0.19040876,-0.46435452,1.25699188,9.31131848,0.00000000
4.11000000,LIFT_LEG,-0.01043253,-0.01652110,0.01021603,-0.07617753,0.06659025,0.31556894,-0.07948031,0.06252576,0.09462591,0.02088363,0.00317288,25.44224235,7.02662239,54.39224578,30.11795571,0.19146078,-0.46138696,1.26186797,0.19041273,-0.46437793,1.25704367,9.30554655,0.00000000
4.12000000,LIFT_LEG,-0.01041651,-0.01649510,0.01020715,-0.07616231,0.06658523,0.31557172,-0.07946597,0.06252107,0.09464192,0.02088263,0.00317187,25.46583495,7.01701777,54.36733463,30.11913323,0.19147121,-0.46140718,1.26190666,0.19041823,-0.46441027,1.25711522,9.30050541,0.00000000
4.13000000,LIFT_LEG,-0.01040087,-0.01646949,0.01019784,-0.07614800,0.06658061,0.31557330,-0.07945248,0.06251677,0.09465700,0.02088263,0.00317188,25.49214229,7.00162125,54.34654700,30.12334139,0.19148210,-0.46143280,1.26196078,0.19042531,-0.46445196,1.25720746,9.29615445,0.00000000
4.14000000,LIFT_LEG,-0.01038522,-0.01644426,0.01018799,-0.07613466,0.06657631,0.31557364,-0.07943993,0.06251278,0.09467107,0.02088362,0.00317286,25.52076873,6.98077147,54.32932361,30.13095954,0.19149318,-0.46146455,1.26203154,0.19043404,-0.46450334,1.25732114,9.29242901,0.00000000
4.15000000,LIFT_LEG,-0.01036916,-0.01641938,0.01017742,-0.07612234,0.06657221,0.31557271,-0.07942835,0.06250901,0.09468411,0.02088554,0.00317478,25.55128531,6.95482561,54.31499668,30.14229821,0.19150417,-0.46150306,1.26211999,0.19044447,-0.46456468,1.25745685,9.28924480,0.00000000
4.16000000,LIFT_LEG,-0.01035223,-0.01639478,0.01016597,-0.07611103,0.06656819,0.31557055,-0.07941776,0.06250532,0.09469611,0.02088834,0.00317759,25.58326807,6.92415842,54.30282288,30.15759940,0.19151481,-0.46154892,1.26222704,0.19045662,-0.46463618,1.25761505,9.28650254,0.00000000
4.17000000,LIFT_LEG,-0.01033399,-0.01637034,0.01015347,-0.07610071,0.06656409,0.31556717,-0.07940813,0.06250160,0.09470713,0.02089198,0.00318123,25.61580106,6.88917500,54.29200270,30.17763963,0.19152482,-0.46160267,1.26235343,0.19047053,-0.46471798,1.25779605,9.28409299,0.00000008
4.18000000,LIFT_LEG,-0.01031397,-0.01634594,0.01013974,-0.07609132,0.06655976,0.31556264,-0.07939942,0.06249770,0.09471723,0.02089640,0.00318564,25.64985845,6.85024830,54.28176800,30.20108677,0.19153400,-0.46166480,1.26249976,0.19048621,-0.46481017,1.25800005,9.28189947,0.00000006
4.19000000,LIFT_LEG,-0.01029174,-0.01632139,0.01012461,-0.07608275,0.06655505,0.31555703,-0.07939155,0.06249348,0.09472654,0.02090153,0.00319077,25.68409998,6.80779602,54.27128396,30.22913686,0.19154214,-0.46173577,1.26266650,0.19050368,-0.46491281,1.25822718,9.27980186,0.00000008
4.20000000,LIFT_LEG,-0.01026687,-0.01629647,0.01010793,-0.07607491,0.06654981,0.31555042,-0.07938441,0.06248880,0.09473517,0.02090731,0.00319655,25.71939616,6.76222856,54.25984482,30.26081679,0.19154906,-0.46181598,1.26285405,0.19052293,-0.46502592,1.25847747,9.27768580,0.00000001
4.21000000,LIFT_LEG,-0.01023898,-0.01627097,0.01008958,-0.07606764,0.06654390,0.31554289,-0.07937787,0.06248352,0.09474328,0.02091369,0.00320293,25.75492196,6.71391578,54.24671142,30.29682060,0.19155467,-0.46190581,1.26306266,0.19054398,-0.46514947,1.25875090,9.27543364,0.00000009
4.22000000,LIFT_LEG,-0.01020776,-0.01624457,0.01006943,-0.07606079,0.06653717,0.31553452,-0.07937180,0.06247751,0.09475106,0.02092059,0.00320983,25.79026069,6.66327049,54.23117935,30.33749264,0.19155883,-0.46200558,1.26329256,0.19056681,-0.46528345,1.25904740,9.27293688,0.00000009
4.23000000,LIFT_LEG,-0.01017293,-0.01621697,0.01004739,-0.07605418,0.06652952,0.31552539,-0.07936602,0.06247068,0.09475869,0.02092796,0.00321721,25.82551940,6.61063815,54.21270017,30.38281047,0.19156150,-0.46211559,1.26354388,0.19059141,-0.46542778,1.25936686,9.27009631,0.00000000
4.24000000,LIFT_LEG,-0.01013425,-0.01618786,0.01002341,-0.07604763,0.06652084,0.31551558,-0.07936036,0.06246291,0.09476638,0.02093574,0.00322499,25.86216381,6.55631489,54.19079625,30.43120377,0.19156270,-0.46223610,1.26381667,0.19061779,-0.46558242,1.25970913,9.26682065,0.00000000
4.25000000,LIFT_LEG,-0.01009152,-0.01615693,0.00999743,-0.07604093,0.06651104,0.31550517,-0.07935464,0.06245412,0.09477434,0.02094387,0.00323312,25.89972259,6.50055460,54.16501965,30.48319700,0.19156245,-0.46236737,1.26411093,0.19064593,-0.46574729,1.26007408,9.26302562,0.00000000
4.26000000,LIFT_LEG,-0.01004462,-0.01612387,0.00996946,-0.07603388,0.06650006,0.31549421,-0.07934868,0.06244426,0.09478277,0.02095231,0.00324155,25.93853601,6.44357850,54.13502043,30.53853131,0.19156082,-0.46250962,1.26442662,0.19067583,-0.46592234,1.26046158,9.25863964,0.00000000
4.27000000,LIFT_LEG,-0.00999346,-0.01608836,0.00993948,-0.07602630,0.06648785,0.31548276,-0.07934229,0.06243326,0.09479189,0.02096100,0.00325024,25.97893335,6.38555887,54.10051826,30.59695053,0.19155790,-0.46266304,1.26476368,0.19070747,-0.46610749,1.26087149,9.25360065,0.00000000
4.28000000,LIFT_LEG,-0.00993798,-0.01605012,0.00990754,-0.07601799,0.06647436,0.31547087,-0.07933528,0.06242109,0.09480189,0.02096991,0.00325916,26.02125469,6.32662179,54.06130347,30.65819223,0.19155380,-0.46282779,1.26512201,0.19074086,-0.46630269,1.26130366,9.24785679,0.00000000
4.29000000,LIFT_LEG,-0.00987819,-0.01600886,0.00987365,-0.07600877,0.06645958,0.31545859,-0.07932750,0.06240774,0.09481297,0.02097902,0.00326826,26.06583728,6.26684941,54.01723229,30.72199551,0.19154866,-0.46300401,1.26550149,0.19077598,-0.46650788,1.26175797,9.24136609,0.00000000
4.30000000,LIFT_LEG,-0.00981409,-0.01596434,0.00983786,-0.07599846,0.06644351,0.31544594,-0.07931876,0.06239318,0.09482529,0.02098829,0.00327754,26.11300322,6.20628393,53.96822091,30.78810846,0.19154262,-0.46319179,1.26590199,0.19081283,-0.46672298,1.26223430,9.23409614,0.00000001
4.31000000,LIFT_LEG,-0.00974574,-0.01591631,0.00980022,-0.07598690,0.06642615,0.31543296,-0.07930893,0.06237744,0.09483903,0.02099772,0.00328696,26.16304909,6.14493267,53.91423921,30.85629492,0.19153582,-0.46339122,1.26632335,0.19085140,-0.46694796,1.26273253,9.22602344,0.00000001
4.32000000,LIFT_LEG,-0.00967321,-0.01586460,0.00976077,-0.07597397,0.06640751,0.31541968,-0.07929786,0.06236051,0.09485431,0.02100728,0.00329652,26.21624261,6.08252278,53.85529916,30.92634449,0.19152841,-0.46360234,1.26676542,0.19089169,-0.46718275,1.26325255,9.21713225,0.00000001
4.33000000,LIFT_LEG,-0.00959654,-0.01580901,0.00971957,-0.07595952,0.06638763,0.31540609,-0.07928544,0.06234243,0.09487127,0.02101694,0.00330618,26.27288849,6.01825723,53.79139343,30.99812488,0.19152051,-0.46382509,1.26722784,0.19093369,-0.46742730,1.26379421,9.20740786,0.00000001
4.34000000,LIFT_LEG,-0.00951577,-0.01574938,0.00967663,-0.07594345,0.06636652,0.31539221,-0.07927155,0.06232321,0.09489001,0.02102664,0.00331588,26.33329537,5.95229277,53.72255234,31.07155485,0.19151220,-0.46405940,1.26771029,0.19097739,-0.46768148,1.26435729,9.19684418,0.00000001
4.35000000,LIFT_LEG,-0.00943094,-0.01568553,0.00963198,-0.07592567,0.06634421,0.31537803,-0.07925612,0.06230288,0.09491063,0.02103631,0.00332555,26.39769018,5.88487997,53.64887409,31.14657953,0.19150356,-0.46430520,1.26821252,0.19102277,-0.46794519,1.26494152,9.18544448,0.00000001
4.36000000,LIFT_LEG,-0.00934208,-0.01561736,0.00958560,-0.07590611,0.06632073,0.31536352,-0.07923906,0.06228146,0.09493319,0.02104591,0.00333516,26.46620832,5.81620153,53.57049726,31.22316746,0.19149464,-0.46456241,1.26873432,0.19106982,-0.46821831,1.26554668,9.17321768,0.00000001
4.37000000,LIFT_LEG,-0.00924927,-0.01554481,0.00953749,-0.07588471,0.06629610,0.31534868,-0.07922033,0.06225897,0.09495775,0.02105542,0.00334466,26.53889563,5.74636528,53.48758312,31.30130112,0.19148550,-0.46483094,1.26927553,0.19111852,-0.46850075,1.26617253,9.16017702,0.00000001
4.38000000,LIFT_LEG,-0.00915256,-0.01546784,0.00948765,-0.07586144,0.06627034,0.31533348,-0.07919989,0.06223545,0.09498433,0.02106482,0.00335406,26.61571894,5.67540876,53.40030351,31.38097074,0.19147618,-0.46511069,1.26983597,0.19116887,-0.46879240,1.26681890,9.14633927,0.00000001
4.39000000,LIFT_LEG,-0.00905204,-0.01538650,0.00943605,-0.07583628,0.06624350,0.31531791,-0.07917771,0.06221091,0.09501296,0.02107410,0.00336335,26.69658109,5.60331060,53.30883405,31.46217236,0.19146674,-0.46540155,1.27041549,0.19122086,-0.46909319,1.26748559,9.13172425,0.00000001
4.40000000,LIFT_LEG,-0.00894778,-0.01530084,0.00938268,-0.07580924,0.06621559,0.31530197,-0.07915381,0.06218539,0.09504361,0.02108329,0.00337253,26.78133726,5.53000561,53.21335118,31.54490881,0.19145720,-0.46570336,1.27101391,0.19127447,-0.46940302,1.26817242,9.11635451,0.00000001
4.41000000,LIFT_LEG,-0.00883985,-0.01521096,0.00932753,-0.07578034,0.06618664,0.31528563,-0.07912820,0.06215890,0.09507626,0.02109240,0.00338164,26.86981042,5.45540134,53.11403188,31.62919195,0.19144760,-0.46601597,1.27163104,0.19132969,-0.46972182,1.26887920,9.10025514,0.00000001
4.42000000,LIFT_LEG,-0.00872834,-0.01511696,0.00927058,-0.07574962,0.06615667,0.31526890,-0.07910091,0.06213148,0.09511086,0.02110145,0.00339070,26.96180474,5.37939375,53.01105451,31.71504485,0.19143797,-0.46633922,1.27226668,0.19138653,-0.47004948,1.26960572,9.08345359,0.00000001
4.43000000,LIFT_LEG,-0.00861332,-0.01501898,0.00921183,-0.07571714,0.06612573,0.31525175,-0.07907198,0.06210314,0.09514737,0.02111048,0.00339973,27.05711623,5.30188050,52.90459983,31.80250264,0.19142831,-0.46667289,1.27292064,0.19144495,-0.47038590,1.27035177,9.06597944,0.00000001
4.44000000,LIFT_LEG,-0.00849487,-0.01491716,0.00915127,-0.07568294,0.06609382,0.31523419,-0.07904148,0.06207392,0.09518570,0.02111951,0.00340876,27.15554053,5.22277092,52.79485177,31.89161206,0.19141864,-0.46701678,1.27359266,0.19150496,-0.47073096,1.27111710,9.04786420,0.00000001
4.45000000,LIFT_LEG,-0.00837307,-0.01481166,0.00908891,-0.07564712,0.06606098,0.31521621,-0.07900948,0.06204383,0.09522578,0.02112857,0.00341781,27.25687793,5.14199225,52.68199744,31.98242928,0.19140894,-0.46737068,1.27428251,0.19156653,-0.47108454,1.27190142,9.02914092,0.00000001
4.46000000,LIFT_LEG,-0.00824799,-0.01470262,0.00902474,-0.07560975,0.06602722,0.31519778,-0.07897604,0.06201291,0.09526754,0.02113767,0.00342692,27.36093619,5.05949262,52.56622642,32.07501662,0.19139921,-0.46773436,1.27498993,0.19162964,-0.47144649,1.27270444,9.00984384,0.00000001
4.47000000,LIFT_LEG,-0.00811970,-0.01459022,0.00895879,-0.07557092,0.06599258,0.31517890,-0.07894126,0.06198116,0.09531087,0.02114684,0.00343608,27.46753164,4.97524117,52.44772951,32.16943843,0.19138944,-0.46810757,1.27571462,0.19169428,-0.47181666,1.27352582,8.99000794,0.00000001
4.48000000,LIFT_LEG,-0.00798829,-0.01447461,0.00889106,-0.07553072,0.06595707,0.31515957,-0.07890520,0.06194861,0.09535569,0.02115609,0.00344533,27.57648913,4.88922629,52.32669691,32.26575663,0.19137960,-0.46849009,1.27645630,0.19176042,-0.47219489,1.27436520,8.96966846,0.00000001
4.49000000,LIFT_LEG,-0.00785383,-0.01435597,0.00882158,-0.07548924,0.06592072,0.31513975,-0.07886796,0.06191528,0.09540190,0.02116543,0.00345467,27.68764137,4.80145274,52.20331636,32.36402639,0.19136968,-0.46888167,1.27721462,0.19182803,-0.47258099,1.27522218,8.94886051,0.00000001
4.50000000,LIFT_LEG,-0.00771641,-0.01423444,0.00875037,-0.07544658,0.06588354,0.31511945,-0.07882964,0.06188119,0.09544941,0.02117487,0.00346411,27.80082814,4.71193846,52.07777114,32.46429225,0.19135965,-0.46928207,1.27798927,0.19189710,-0.47297477,1.27609636,8.92761861,0.00000001
4.51000000,LIFT_LEG,-0.00757611,-0.01411021,0.00867748,-0.07540284,0.06584556,0.31509864,-0.07879030,0.06184636,0.09549813,0.02118442,0.00347367,27.91589550,4.62071157,51.95023833,32.56658498,0.19134949,-0.46969104,1.27877985,0.19196758,-0.47337603,1.27698728,8.90597633,0.00000001
4.52000000,LIFT_LEG,-0.00743303,-0.01398342,0.00860294,-0.07535809,0.06580680,0.31507732,-0.07875005,0.06181081,0.09550000,0.02119409,0.00348334,28.03269531,4.52780803,51.82088732,32.67091922,0.19133919,-0.47010834,1.27958600,0.19203945,-0.47378455,1.27789448,8.88396598,0.00000001
4.53000000,LIFT_LEG,-0.00728725,-0.01385424,0.00852680,-0.07531245,0.06576729,0.31505549,-0.07870896,0.06177456,0.09546303,0.02120389,0.00349313,28.15108501,4.43327006,51.68987879,32.77729203,0.19132872,-0.47053373,1.28040728,0.19211267,-0.47420010,1.27881746,8.86161840,0.00000001
4.54000000,LIFT_LEG,-0.00713888,-0.01372283,0.00844912,-0.07526598,0.06572704,0.31503313,-0.07866712,0.06173764,0.09542558,0.02121382,0.00350306,28.27092770,4.33714528,51.55736395,32.88568224,0.19131807,-0.47096696,1.28124327,0.19218721,-0.47462246,1.27975570,8.83896274,0.00000001
4.55000000,LIFT_LEG,-0.00698802,-0.01358932,0.00836995,-0.07521878,0.06568609,0.31501025,-0.07862461,0.06170006,0.09538772,0.02122388,0.00351313,28.39209228,4.23948662,51.42348437,32.99605047,0.19130722,-0.47140778,1.28209351,0.19226303,-0.47505137,1.28070868,8.81602643,0.00000001
4.56000000,LIFT_LEG,-0.00683480,-0.01345387,0.00828937,-0.07517093,0.06564447,0.31498684,-0.07858150,0.06166186,0.09534949,0.02123409,0.00352333,28.51445378,4.14035252,51.28837200,33.10833984,0.19129617,-0.47185595,1.28295749,0.19234009,-0.47548657,1.28167581,8.79283509,0.00000001
4.57000000,LIFT_LEG,-0.00667930,-0.01331662,0.00820743,-0.07512250,0.06560219,0.31496292,-0.07853787,0.06162305,0.09531094,0.02124444,0.00353369,28.63789351,4.03980750,51.15214961,33.22247701,0.19128491,-0.47231123,1.28383472,0.19241835,-0.47592781,1.28265653,8.76941256,0.00000001
4.58000000,LIFT_LEG,-0.00652167,-0.01317771,0.00812421,-0.07507356,0.06555930,0.31493849,-0.07849377,0.06158368,0.09527214,0.02125495,0.00354420,28.76229916,3.93792262,51.01493142,33.33837357,0.19127344,-0.47277336,1.28472466,0.19249777,-0.47637479,1.28365022,8.74578098,0.00000001
4.59000000,LIFT_LEG,-0.00636202,-0.01303726,0.00803979,-0.07502418,0.06551582,0.31491357,-0.07844927,0.06154376,0.09523312,0.02126563,0.00355487,28.88756468,3.83477591,50.87682390,33.45592770,0.19126176,-0.47324209,1.28562676,0.19257830,-0.47682725,1.28465625,8.72196087,0.00000001
4.60000000,LIFT_LEG,-0.00620047,-0.01289539,0.00795424,-0.07497441,0.06547179,0.31488816,-0.07840443,0.06150333,0.09519392,0.02127646,0.00356571,29.01358998,3.73045251,50.73792674,33.57502581,0.19124987,-0.47371719,1.28654044,0.19265989,-0.47728487,1.28567397,8.69797127,0.00000001
4.61000000,LIFT_LEG,-0.00603716,-0.01275222,0.00786765,-0.07492432,0.06542725,0.31486229,-0.07835930,0.06146241,0.09515459,0.02128747,0.00357672,29.14028041,3.62504451,50.59833377,33.69554430,0.19123778,-0.47419838,1.28746510,0.19274250,-0.47774737,1.28670272,8.67382987,0.00000001
4.62000000,LIFT_LEG,-0.00587221,-0.01260788,0.00778009,-0.07487396,0.06538223,0.31483598,-0.07831392,0.06142105,0.09511516,0.02129866,0.00358791,29.26754608,3.51865053,50.45813409,33.81735125,0.19122549,-0.47468541,1.28840015,0.19282607,-0.47821442,1.28774182,8.64955322,0.00000001
4.63000000,LIFT_LEG,-0.00570576,-0.01246246,0.00769165,-0.07482337,0.06533676,0.31480925,-0.07826835,0.06137928,0.09507567,0.02131004,0.00359928,29.39530106,3.41137505,50.31741301,33.94030810,0.19121304,-0.47517802,1.28934494,0.19291055,-0.47868572,1.28879056,8.62515688,0.00000001
4.64000000,LIFT_LEG,-0.00553795,-0.01231607,0.00760240,-0.07477259,0.06529089,0.31478212,-0.07822262,0.06133713,0.09503614,0.02132160,0.00361085,29.52346250,3.30332754,50.17625310,34.06427122,0.19120042,-0.47567594,1.29029885,0.19299589,-0.47916093,1.28984823,8.60065559,0.00000001
4.65000000,LIFT_LEG,-0.00536891,-0.01216881,0.00751244,-0.07472167,0.06524465,0.31475463,-0.07817677,0.06129464,0.09499661,0.02133336,0.00362261,29.65194974,3.19462148,50.03473517,34.18909337,0.19118767,-0.47617889,1.29126121,0.19308203,-0.47963973,1.29091409,8.57606350,0.00000001
4.66000000,LIFT_LEG,-0.00519878,-0.01202079,0.00742182,-0.07467064,0.06519809,0.31472679,-0.07813083,0.06125185,0.09495710,0.02134533,0.00363457,29.78068343,3.08537335,49.89293914,34.31462513,0.19117480,-0.47668659,1.29223138,0.19316892,-0.48012178,1.29198742,8.55139431,0.00000001
4.67000000,LIFT_LEG,-0.00502771,-0.01187209,0.00733064,-0.07461953,0.06515125,0.31469865,-0.07808484,0.06120878,0.09491764,0.02135750,0.00364675,29.90958469,2.97570162,49.75094498,34.44071615,0.19116185,-0.47719874,1.29320867,0.19325650,-0.48060675,1.29306745,8.52666146,0.00000001
4.68000000,LIFT_LEG,-0.00485583,-0.01172282,0.00723896,-0.07456839,0.06510416,0.31467022,-0.07803881,0.06116549,0.09487825,0.02136989,0.00365914,30.03857434,2.86572583,49.60883343,34.56721631,0.19114884,-0.47771505,1.29419241,0.19334471,-0.48109428,1.29415344,8.50187835,0.00000001
4.69000000,LIFT_LEG,-0.00468329,-0.01157307,0.00714686,-0.07451723,0.06505687,0.31464154,-0.07799279,0.06112201,0.09483895,0.02138251,0.00367175,30.16757227,2.75556574,49.46668677,34.69397671,0.19113580,-0.47823521,1.29518192,0.19343349,-0.48158405,1.29524461,8.47705840,0.00000001
4.70000000,LIFT_LEG,-0.00451022,-0.01142295,0.00705441,-0.07446609,0.06500942,0.31461264,-0.07794680,0.06107838,0.09479977,0.02139536,0.00368460,30.29649683,2.64534060,49.32458947,34.82085062,0.19112277,-0.47875891,1.29617650,0.19352278,-0.48207569,1.29634021,8.45221531,0.00000001
4.71000000,LIFT_LEG,-0.00433679,-0.01127253,0.00696168,-0.07441499,0.06496186,0.31458355,-0.07790086,0.06103463,0.09476073,0.02140845,0.00369769,30.42526440,2.53516860,49.18262870,34.94769417,0.19110978,-0.47928582,1.29717547,0.19361252,-0.48256887,1.29743945,8.42736311,0.00000001
4.72000000,LIFT_LEG,-0.00416312,-0.01112194,0.00686874,-0.07436398,0.06491422,0.31455431,-0.07785501,0.06099081,0.09472185,0.02142179,0.00371103,30.55378902,2.42516635,49.04089483,35.07436700,0.19109687,-0.47981561,1.29817813,0.19370265,-0.48306323,1.29854158,8.40251629,0.00000001
4.73000000,LIFT_LEG,-0.00398936,-0.01097125,0.00677564,-0.07431307,0.06486654,0.31452494,-0.07780926,0.06094696,0.09468315,0.02143539,0.00372463,30.68198207,2.31544859,48.89948180,35.20073269,0.19108409,-0.48034793,1.29918379,0.19379310,-0.48355844,1.29964581,8.37768993,0.00000001
4.74000000,LIFT_LEG,-0.00381567,-0.01082059,0.00668245,-0.07426229,0.06481888,0.31449547,-0.07776364,0.06090311,0.09464466,0.02144927,0.00373851,30.80975212,2.20612796,48.75848735,35.32665905,0.19107147,-0.48088244,1.30019176,0.19388383,-0.48405414,1.30075138,8.35289973,0.00000001
4.75000000,LIFT_LEG,-0.00364218,-0.01067005,0.00658924,-0.07421168,0.06477127,0.31446593,-0.07771819,0.06085930,0.09460639,0.02146343,0.00375268,30.93700476,2.09731486,48.61801324,35.45201835,0.19105906,-0.48141879,1.30120136,0.19397475,-0.48454999,1.30185753,8.32816210,0.00000001
4.76000000,LIFT_LEG,-0.00346904,-0.01051974,0.00649605,-0.07416128,0.06472375,0.31443636,-0.07767292,0.06081558,0.09456837,0.02147790,0.00376714,31.06364255,1.98911747,48.47816529,35.57668726,0.19104690,-0.48195660,1.30221189,0.19406581,-0.48504565,1.30296349,8.30349417,0.00000001
4.77000000,LIFT_LEG,-0.00329640,-0.01036978,0.00640296,-0.07411110,0.06467637,0.31440679,-0.07762788,0.06077198,0.09453062,0.02149268,0.00378192,31.18956503,1.88164180,48.33905337,35.70054683,0.19103504,-0.48249552,1.30322270,0.19415696,-0.48554078,1.30406850,8.27891382,0.00000001
4.78000000,LIFT_LEG,-0.00312441,-0.01022027,0.00631001,-0.07406119,0.06462916,0.31437724,-0.07758309,0.06072854,0.09449317,0.02150779,0.00379704,31.31466774,1.77511601,48.20079268,35.82348111,0.19102353,-0.48303518,1.30423310,0.19424811,-0.48603505,1.30517183,8.25443984,0.00000001
4.79000000,LIFT_LEG,-0.00295323,-0.01007135,0.00621726,-0.07401158,0.06458217,0.31434773,-0.07753858,0.06068529,0.09445604,0.02152329,0.00381254,31.43878649,1.67047492,48.06356535,35.94533752,0.19101245,-0.48357523,1.30524262,0.19433923,-0.48652813,1.30627275,8.23009895,0.00000001
4.80000000,LIFT_LEG,-0.00278307,-0.00992318,0.00612478,-0.07396233,0.06453545,0.31431832,-0.07749439,0.06064229,0.09441927,0.02153928,0.00382852,31.56168362,1.56755841,47.92759212,36.06594646,0.19100192,-0.48411528,1.30625081,0.19443025,-0.48701976,1.30737066,8.20592073,0.00000001
4.81000000,LIFT_LEG,-0.00261416,-0.00977596,0.00603265,-0.07391346,0.06448904,0.31428904,-0.07745057,0.06059956,0.09438289,0.02155584,0.00384508,31.68315769,1.46602657,47.79303261,36.18515910,0.19099207,-0.48465491,1.30725713,0.19452113,-0.48750967,1.30846498,8.18192874,0.00000001
4.82000000,LIFT_LEG,-0.00244668,-0.00962986,0.00594096,-0.07386503,0.06444299,0.31425992,-0.07740714,0.06055717,0.09434695,0.02157306,0.00386230,31.80305504,1.36569216,47.66001618,36.30283911,0.19098302,-0.48519369,1.30826096,0.19461182,-0.48799761,1.30955511,8.15814571,0.00000001
4.83000000,LIFT_LEG,-0.00228081,-0.00948505,0.00584980,-0.07381708,0.06439735,0.31423101,-0.07736416,0.06051514,0.09431147,0.02159099,0.00388024,31.92126464,1.26647983,47.52866256,36.41886867,0.19097484,-0.48573119,1.30926170,0.19470225,-0.48848329,1.31064043,8.13459474,0.00000001
4.84000000,LIFT_LEG,-0.00211672,-0.00934167,0.00575926,-0.07376966,0.06435216,0.31420234,-0.07732167,0.06047353,0.09427651,0.02160969,0.00389894,32.03770766,1.16838501,47.39909226,36.53315259,0.19096761,-0.48626699,1.31025873,0.19479239,-0.48896642,1.31172028,8.11129944,0.00000001
4.85000000,LIFT_LEG,-0.00195455,-0.00919985,0.00566943,-0.07372283,0.06430748,0.31417393,-0.07727970,0.06043238,0.09424209,0.02162919,0.00391843,32.15232653,1.07144191,47.27142963,36.64561825,0.19096136,-0.48680066,1.31125145,0.19488216,-0.48944670,1.31279400,8.08828364,0.00000001
4.86000000,LIFT_LEG,-0.00179445,-0.00905970,0.00558038,-0.07367661,0.06426334,0.31414582,-0.07723830,0.06039173,0.09420825,0.02164950,0.00393874,32.26507613,0.97570097,47.14580105,36.75621270,0.19095613,-0.48733178,1.31223925,0.19497151,-0.48992382,1.31386089,8.06557088,0.00000001
4.87000000,LIFT_LEG,-0.00163655,-0.00892134,0.00549222,-0.07363105,0.06421978,0.31411801,-0.07719751,0.06035160,0.09417501,0.02167064,0.00395988,32.37591750,0.88121387,47.02233080,36.86489845,0.19095196,-0.48785992,1.31322154,0.19506037,-0.49039749,1.31492026,8.04318396,0.00000001
4.88000000,LIFT_LEG,-0.00148096,-0.00878486,0.00540500,-0.07358620,0.06417684,0.31409052,-0.07715735,0.06031204,0.09414240,0.02169260,0.00398185,32.48481428,0.78802442,46.90113635,36.97164951,0.19094884,-0.48838467,1.31419772,0.19514870,-0.49086739,1.31597142,8.02114439,0.00000001
4.89000000,LIFT_LEG,-0.00132780,-0.00865038,0.00531881,-0.07354208,0.06413454,0.31406337,-0.07711786,0.06027306,0.09411045,0.02171539,0.00400463,32.59173102,0.69616349,46.78232417,37.07644836,0.19094679,-0.48890561,1.31516717,0.19523641,-0.49133320,1.31701368,7.99947194,0.00000001
4.90000000,LIFT_LEG,-0.00117717,-0.00851797,0.00523373,-0.07349873,0.06409292,0.31403657,-0.07707907,0.06023471,0.09407917,0.02173898,0.00402822,32.69663328,0.60564675,46.66598636,37.17928405,0.19094581,-0.48942231,1.31612927,0.19532346,-0.49179463,1.31804633,7.97818431,0.00000001
4.91000000,LIFT_LEG,-0.00102915,-0.00838772,0.00514980,-0.07345619,0.06405201,0.31401012,-0.07704101,0.06019700,0.09404859,0.02176334,0.00405259,32.79948876,0.51647428,46.55219839,37.28015145,0.19094587,-0.48993437,1.31708340,0.19540978,-0.49225136,1.31906867,7.95729683,0.00000001
4.92000000,LIFT_LEG,-0.00088381,-0.00825972,0.00506711,-0.07341446,0.06401181,0.31398404,-0.07700370,0.06015995,0.09401871,0.02178845,0.00407769,32.90026920,0.42863138,46.44101768,37.37905120,0.19094695,-0.49044136,1.31802891,0.19549531,-0.49270308,1.32008000,7.93682227,0.00000001
4.93000000,LIFT_LEG,-0.00074135,-0.00813408,0.00498570,-0.07337360,0.06397237,0.31395834,-0.07696718,0.06012359,0.09398957,0.02181435,0.00410359,32.99857528,0.35840631,46.33276467,37.47524784,0.19094916,-0.49094458,1.31896626,0.19557998,-0.49314952,1.32107972,7.91680969,0.00000001
4.94000000,LIFT_LEG,-0.00060272,-0.00801112,0.00490556,-0.07333369,0.06393374,0.31393315,-0.07693154,0.06008797,0.09396126,0.02184135,0.00413059,33.09319301,0.29568390,46.22753644,37.56552369,0.19095327,-0.49144947,1.31989600,0.19566384,-0.49359092,1.32206836,7.89729611,0.00000001
4.95000000,LIFT_LEG,-0.00046838,-0.00789107,0.00482648,-0.07329488,0.06389605,0.31390859,-0.07689694,0.06005318,0.09393391,0.02186941,0.00415866,33.18413863,0.23190119,46.12483654,37.65005782,0.19095958,-0.49195592,1.32081571,0.19574690,-0.49402729,1.32304590,7.87823329,0.00000001
4.96000000,LIFT_LEG,-0.00033825,-0.00777399,0.00474814,-0.07325733,0.06385936,0.31388476,-0.07686352,0.06001932,0.09390761,0.02189850,0.00418774,33.27139078,0.16738553,46.02476470,37.72938527,0.19096796,-0.49246228,1.32172401,0.19582906,-0.49445827,1.32401159,7.85964186,0.00000001
4.97000000,LIFT_LEG,-0.00021221,-0.00766003,0.00467028,-0.07322116,0.06382376,0.31386168,-0.07683139,0.05998645,0.09388241,0.02192860,0.00421785,33.35410466,0.11589394,45.92791095,37.80420259,0.19097731,-0.49296767,1.32262162,0.19591028,-0.49488354,1.32496464,7.84158654,0.00000001
4.98000000,LIFT_LEG,-0.00009041,-0.00754989,0.00459290,-0.07318653,0.06378935,0.31383944,-0.07680070,0.05995469,0.09385843,0.02196047,0.00424971,33.43064166,0.08608426,45.83514033,37.87363808,0.19098775,-0.49347229,1.32351235,0.19599054,-0.49530311,1.32590510,7.82414689,0.00000001
4.99000000,LIFT_LEG,0.00002427,-0.00744419,0.00451537,-0.07315366,0.06375622,0.31381815,-0.07677164,0.05992406,0.09383576,0.02199637,0.00428561,33.50412116,0.05687485,45.75177589,37.93160568,0.19101017,-0.49397633,1.32439463,0.19607007,-0.49571820,1.32683570,7.80810563,0.00000001
5.00000000,LIFT_LEG,0.00013209,-0.00734104,0.00443599,-0.07312279,0.06372436,0.31379777,-0.07674468,0.05989458,0.09381468,0.02202909,0.00431833,33.58220849,0.00000000,45.65980049,37.96918572,0.19103939,-0.49451672,1.32523767,0.19614874,-0.49612808,1.32775479,7.79153814,0.00000004
5.01000000,LIFT_LEG,0.00023282,-0.00724028,0.00435201,-0.07309435,0.06369376,0.31377821,-0.07671994,0.05986625,0.09379494,0.02206871,0.00435795,33.64899901,0.00000000,45.58956055,38.00978703,0.19107983,-0.49503479,1.32609662,0.19622631,-0.49653161,1.32865981,7.77772528,0.00000003
5.02000000,LIFT_LEG,0.00032359,-0.00714983,0.00426580,-0.07306830,0.06366453,0.31375980,-0.07669718,0.05983912,0.09377674,0.02212160,0.00441084,33.69659006,0.00000000,45.54283392,38.05696926,0.19113303,-0.49550502,1.32697262,0.19630374,-0.49693375,1.32956189,7.76612201,0.00000002
5.03000000,LIFT_LEG,0.00040380,-0.00707409,0.00418081,-0.07304460,0.06363690,0.31374299,-0.07667638,0.05981338,0.09376059,0.02218756,0.00447680,33.72342866,0.00000000,45.51160757,38.10578000,0.19119655,-0.49594243,1.32786095,0.19638148,-0.49733689,1.33046637,7.75609307,0.00000001
5.04000000,LIFT_LEG,0.00047342,-0.00701341,0.00409995,-0.07302330,0.06361111,0.31372819,-0.07665761,0.05978926,0.09374691,0.02226522,0.00455447,33.73401714,0.00000000,45.48956239,38.14825379,0.19126761,-0.49636156,1.32875776,0.19645956,-0.49774112,1.33137344,7.74735980,0.00000001
5.05000000,LIFT_LEG,0.00053261,-0.00696611,0.00402550,-0.07300448,0.06358743,0.31371568,-0.07664100,0.05976700,0.09373595,0.02235299,0.00464224,33.73083362,0.00000000,45.47287792,38.18239968,0.19134377,-0.49677142,1.32965979,0.19653776,-0.49814534,1.33228068,7.73977204,0.00000001
5.06000000,LIFT_LEG,0.00058162,-0.00692995,0.00395918,-0.07298819,0.06356607,0.31370558,-0.07662663,0.05974682,0.09372781,0.02244933,0.00473858,33.71749092,0.00000000,45.45964043,38.20634446,0.19142303,-0.49717665,1.33056387,0.19661581,-0.49854813,1.33318489,7.73325476,0.00000001
5.07000000,LIFT_LEG,0.00062071,-0.00690287,0.00390221,-0.07297441,0.06354723,0.31369790,-0.07661453,0.05972890,0.09372247,0.02255283,0.00484208,33.69692862,0.00000000,45.44948687,38.22009817,0.19150384,-0.49757906,1.33146692,0.19669345,-0.49894815,1.33408303,7.72780048,0.00000001
5.08000000,LIFT_LEG,0.00065021,-0.00688329,0.00385539,-0.07296307,0.06353105,0.31369248,-0.07660465,0.05971340,0.09371985,0.02266227,0.00495151,33.67159237,0.00000000,45.44293830,38.22452086,0.19158511,-0.49797896,1.33236608,0.19677045,-0.49934427,1.33497257,7.72344153,0.00000001
5.09000000,LIFT_LEG,0.00067047,-0.00687011,0.00381911,-0.07295408,0.06351764,0.31368910,-0.07659692,0.05970040,0.09371980,0.02277658,0.00506582,33.64414863,0.00000000,45.44088663,38.22010517,0.19166610,-0.49837588,1.33325881,0.19684663,-0.49973558,1.33585148,7.72022592,0.00000009
5.10000000,LIFT_LEG,0.00068189,-0.00686258,0.00379339,-0.07294729,0.06350705,0.31368748,-0.07659120,0.05968998,0.09372217,0.02289484,0.00518408,33.61383278,0.00000000,45.44417344,38.21081839,0.19174635,-0.49876901,1.33414294,0.19692185,-0.50012134,1.33671808,7.71819490,0.00000001
5.11000000,LIFT_LEG,0.00068493,-0.00686009,0.00377795,-0.07294254,0.06349928,0.31368730,-0.07658737,0.05968216,0.09372679,0.02301621,0.00530546,33.58503918,0.00000000,45.45301751,38.19395862,0.19182559,-0.49915748,1.33501660,0.19699598,-0.50050091,1.33757092,7.71731187,0.00000002
5.12000000,LIFT_LEG,0.00068008,-0.00686216,0.00377224,-0.07293970,0.06349429,0.31368825,-0.07658529,0.05967690,0.09373348,0.02313992,0.00542917,33.55733633,0.00000000,45.46889059,38.17246124,0.19190360,-0.49954048,1.33587811,0.19706889,-0.50087368,1.33840863,7.71774297,0.00000001
5.13000000,LIFT_LEG,0.00066799,-0.00686837,0.00377552,-0.07293860,0.06349201,0.31369006,-0.07658481,0.05967416,0.09374206,0.02326523,0.00555448,33.53123104,0.00000000,45.49063235,38.14713273,0.19198027,-0.49991727,1.33672594,0.19714045,-0.50123903,1.33922981,7.71927002,0.00000001
5.14000000,LIFT_LEG,0.00064935,-0.00687832,0.00378692,-0.07293910,0.06349231,0.31369246,-0.07658582,0.05967382,0.09375233,0.02339143,0.00568067,33.50670688,0.00000000,45.51845802,38.11928327,0.19205546,-0.50028715,1.33755858,0.19721054,-0.50159635,1.34003308,7.72190034,0.00000001
5.15000000,LIFT_LEG,0.00062486,-0.00689158,0.00380544,-0.07294109,0.06349503,0.31369526,-0.07658818,0.05967576,0.09376411,0.02351784,0.00580708,33.48473654,0.00000000,45.55174254,38.08828831,0.19212901,-0.50064946,1.33837458,0.19727903,-0.50194503,1.34081705,7.72553563,0.00000001
5.16000000,LIFT_LEG,0.00059530,-0.00690776,0.00383005,-0.07294443,0.06349999,0.31369829,-0.07659179,0.05967981,0.09377719,0.02364382,0.00593306,33.46485904,0.00000000,45.58985987,38.05525660,0.19220080,-0.50100360,1.33917252,0.19734580,-0.50228446,1.34158034,7.73007054,0.00000001
5.17000000,LIFT_LEG,0.00056146,-0.00692648,0.00385970,-0.07294901,0.06350697,0.31370142,-0.07659655,0.05968578,0.09379137,0.02376877,0.00605801,33.44679026,0.00000000,45.63204334,38.02075887,0.19227070,-0.50134897,1.33995098,0.19741071,-0.50261404,1.34232160,7.73538473,0.00000001
5.18000000,LIFT_LEG,0.00052415,-0.00694739,0.00389336,-0.07295474,0.06351574,0.31370457,-0.07660236,0.05969346,0.09380645,0.02389214,0.00618139,33.43014232,0.00000000,45.67746740,37.98534310,0.19233859,-0.50168500,1.34070858,0.19747366,-0.50293321,1.34303956,7.74135046,0.00000001
5.19000000,LIFT_LEG,0.00048416,-0.00697019,0.00393002,-0.07296150,0.06352605,0.31370767,-0.07660912,0.05970262,0.09382222,0.02401345,0.00630269,33.41447496,0.00000000,45.72528250,37.94953384,0.19240436,-0.50201115,1.34144401,0.19753452,-0.50324145,1.34373302,7.74783700,0.00000001
5.20000000,LIFT_LEG,0.00044226,-0.00699457,0.00396878,-0.07296920,0.06353764,0.31371069,-0.07661676,0.05971303,0.09383848,0.02413223,0.00642147,33.39934596,0.00000000,45.77464400,37.91382832,0.19246791,-0.50232689,1.34215605,0.19759321,-0.50353827,1.34440091,7.75471446,0.00000001
5.21000000,LIFT_LEG,0.00039918,-0.00702027,0.00400876,-0.07297774,0.06355024,0.31371363,-0.07662517,0.05972445,0.09385503,0.02424808,0.00653732,33.38435310,0.00000000,45.82473533,37.87869209,0.19252918,-0.50263174,1.34284353,0.19764961,-0.50382325,1.34504222,7.76185693,0.00000001
5.22000000,LIFT_LEG,0.00035562,-0.00704700,0.00404920,-0.07298702,0.06356360,0.31371647,-0.07663427,0.05973663,0.09387168,0.02436063,0.00664987,33.36916559,0.00000000,45.87478628,37.84455530,0.19258810,-0.50292523,1.34350541,0.19770366,-0.50409599,1.34565607,7.76914490,0.00000001
5.23000000,LIFT_LEG,0.00031220,-0.00707451,0.00408941,-0.07299694,0.06357746,0.31371923,-0.07664396,0.05974934,0.09388825,0.02446954,0.00675878,33.35354462,0.00000000,45.92408721,37.81180978,0.19264462,-0.50320695,1.34414071,0.19775526,-0.50435615,1.34624168,7.77646714,0.00000001
5.24000000,LIFT_LEG,0.00026952,-0.00710251,0.00412879,-0.07300739,0.06359158,0.31372190,-0.07665415,0.05976235,0.09390456,0.02457451,0.00686375,33.33735343,0.00000000,45.97199940,37.78080661,0.19269868,-0.50347652,1.34474859,0.19780436,-0.50460342,1.34679836,7.78372194,0.00000001
5.25000000,LIFT_LEG,0.00022810,-0.00713073,0.00416681,-0.07301827,0.06360573,0.31372450,-0.07666474,0.05977544,0.09392046,0.02467524,0.00696449,33.32055816,0.00000000,46.01796188,37.75185421,0.19275025,-0.50373361,1.34532828,0.19785090,-0.50483757,1.34732555,7.79081798,0.00000001
5.26000000,LIFT_LEG,0.00018841,-0.00715889,0.00420304,-0.07302947,0.06361969,0.31372702,-0.07667563,0.05978842,0.09393580,0.02477148,0.00706072,33.30322095,0.00000000,46.06149490,37.72521655,0.19279927,-0.50397793,1.34587912,0.19789483,-0.50505839,1.34782277,7.79767466,0.00000000
5.27000000,LIFT_LEG,0.00015086,-0.00718671,0.00423712,-0.07304087,0.06363328,0.31372945,-0.07668671,0.05980109,0.09395045,0.02486297,0.00715222,33.28548720,0.00000000,46.10220046,37.70111157,0.19284572,-0.50420924,1.34640057,0.19793612,-0.50526572,1.34828968,7.80422217,0.00000000
5.28000000,LIFT_LEG,0.00011578,-0.00721389,0.00426875,-0.07305236,0.06364634,0.31373178,-0.07669788,0.05981331,0.09396428,0.02494951,0.00723875,33.26756884,0.00000000,46.13976033,37.67970992,0.19288955,-0.50442734,1.34689219,0.19797472,-0.50545948,1.34872606,7.81040120,0.00000000
5.29000000,LIFT_LEG,0.00008346,-0.00724016,0.00429770,-0.07306383,0.06365870,0.31373401,-0.07670903,0.05982493,0.09397720,0.02503088,0.00732012,33.24922291,0.00000000,46.17392064,37.66170822,0.19293072,-0.50463208,1.34735366,0.19801065,-0.50563961,1.34913178,7.81616327,0.00000008
5.30000000,LIFT_LEG,0.00005413,-0.00726525,0.00432382,-0.07307516,0.06367025,0.31373610,-0.07672006,0.05983582,0.09398912,0.02510691,0.00739616,33.23196544,0.00000000,46.20454073,37.64580205,0.19296923,-0.50482340,1.34778477,0.19804388,-0.50580612,1.34950688,7.82146768,0.00000005
5.31000000,LIFT_LEG,0.00002796,-0.00728892,0.00434698,-0.07308623,0.06368089,0.31373803,-0.07673086,0.05984589,0.09399998,0.02517748,0.00746673,33.21494854,0.00000000,46.23146675,37.63321378,0.19300502,-0.50500123,1.34818544,0.19807442,-0.50595910,1.34985150,7.82628165,0.00000009
5.32000000,LIFT_LEG,0.00000508,-0.00731096,0.00436713,-0.07309695,0.06369054,0.31373978,-0.07674132,0.05985507,0.09400971,0.02524248,0.00753172,33.19963744,0.00000000,46.25472080,37.62283001,0.19303811,-0.50516560,1.34855572,0.19810231,-0.50609868,1.35016595,7.83058732,0.00000002
5.33000000,LIFT_LEG,-0.00001445,-0.00733118,0.00438426,-0.07310721,0.06369914,0.31374132,-0.07675136,0.05986328,0.09401828,0.02530184,0.00759108,33.18538802,0.00000000,46.27425137,37.61541700,0.19306848,-0.50531659,1.34889580,0.19812757,-0.50622504,1.35045066,7.83436340,0.00000006
5.34000000,LIFT_LEG,-0.00003061,-0.00734941,0.00439838,-0.07311692,0.06370665,0.31374265,-0.07676089,0.05987050,0.09402566,0.02535554,0.00764478,33.17186630,0.00000000,46.29005284,37.61140176,0.19309613,-0.50545433,1.34920600,0.19815026,-0.50633846,1.35070621,7.83759932,0.00000004
5.35000000,LIFT_LEG,-0.00004345,-0.00736549,0.00440955,-0.07312599,0.06371305,0.31374373,-0.07676982,0.05987669,0.09403185,0.02540359,0.00769283,33.15982396,0.00000000,46.30227578,37.61029152,0.19312110,-0.50557903,1.34948680,0.19817042,-0.50643925,1.35093332,7.84029881,0.00000000
5.36000000,LIFT_LEG,-0.00005305,-0.00737933,0.00441786,-0.07313435,0.06371834,0.31374457,-0.07677807,0.05988186,0.09403686,0.02544605,0.00773530,33.15005126,0.00000000,46.31099761,37.61103619,0.19314345,-0.50569094,1.34973878,0.19818815,-0.50652780,1.35113284,7.84246082,0.00000000
5.37000000,LIFT_LEG,-0.00005951,-0.00739086,0.00442342,-0.07314193,0.06372254,0.31374515,-0.07678559,0.05988601,0.09404070,0.02548303,0.00777228,33.14209862,0.00000000,46.31636360,37.61405698,0.19316322,-0.50579040,1.34996269,0.19820351,-0.50660454,1.35130577,7.84409174,0.00000000
5.38000000,LIFT_LEG,-0.00006296,-0.00740004,0.00442639,-0.07314866,0.06372567,0.31374549,-0.07679232,0.05988917,0.09404340,0.02551467,0.00780392,33.13609678,0.00000000,46.31853641,37.61905731,0.19318048,-0.50587780,1.35015940,0.19821662,-0.50666998,1.35145325,7.84520405,0.00000000
5.39000000,LIFT_LEG,-0.00006358,-0.00740690,0.00442691,-0.07315452,0.06372777,0.31374558,-0.07679822,0.05989137,0.09404499,0.02554116,0.00783040,33.13206078,0.00000000,46.31793062,37.62584203,0.19319533,-0.50595358,1.35032994,0.19822758,-0.50672469,1.35157654,7.84584942,0.00000000
5.40000000,LIFT_LEG,-0.00006156,-0.00741146,0.00442518,-0.07315947,0.06372890,0.31374544,-0.07680325,0.05989265,0.09404554,0.02556271,0.00785195,33.12994514,0.00000000,46.31375911,37.63406208,0.19320787,-0.50601824,1.35047545,0.19823652,-0.50676928,1.35167703,7.84590097,0.00000006
5.41000000,LIFT_LEG,-0.00005712,-0.00741376,0.00442139,-0.07316348,0.06372911,0.31374509,-0.07680739,0.05989307,0.09404510,0.02557958,0.00786883,33.13012798,0.00000000,46.30815317,37.64291278,0.19321822,-0.50607233,1.35059723,0.19824356,-0.50680441,1.35175622,7.84566493,0.00000006
5.42000000,LIFT_LEG,-0.00005047,-0.00741390,0.00441576,-0.07316655,0.06372846,0.31374455,-0.07681063,0.05989268,0.09404372,0.02559206,0.00788131,33.13168631,0.00000000,46.29902493,37.65337541,0.19322651,-0.50611650,1.35069663,0.19824885,-0.50683080,1.35181569,7.84483424,0.00000000
5.43000000,LIFT_LEG,-0.00004185,-0.00741201,0.00440850,-0.07316868,0.06372704,0.31374386,-0.07681297,0.05989156,0.09404149,0.02560047,0.00788972,33.13486176,0.00000000,46.28830743,37.66459692,0.19323287,-0.50615140,1.35077519,0.19825254,-0.50684922,1.35185720,7.84368039,0.00000000
5.44000000,LIFT_LEG,-0.00003148,-0.00740822,0.00439984,-0.07316989,0.06372491,0.31374303,-0.07681443,0.05988976,0.09403847,0.02560515,0.00789440,33.14013918,0.00000000,46.27560600,37.67566401,0.19323747,-0.50617774,1.35083454,0.19825479,-0.50686048,1.35188257,7.84214259,0.00000010
5.45000000,LIFT_LEG,-0.00001963,-0.00740268,0.00439000,-0.07317019,0.06372215,0.31374209,-0.07681502,0.05988737,0.09403475,0.02560646,0.00789570,33.14607521,0.00000000,46.26122178,37.68780261,0.19324046,-0.50619628,1.35087637,0.19825578,-0.50686541,1.35189370,7.84027106,0.00000009
5.46000000,LIFT_LEG,-0.00000653,-0.00739553,0.00437920,-0.07316963,0.06371885,0.31374108,-0.07681477,0.05988445,0.09403040,0.02560479,0.00789403,33.15323397,0.00000000,46.24536533,37.70011169,0.19324203,-0.50620783,1.35090258,0.19825568,-0.50686491,1.35189257,7.83809329,0.00000009
5.47000000,LIFT_LEG,0.00000756,-0.00738692,0.00436765,-0.07316823,0.06371507,0.31374002,-0.07681372,0.05988107,0.09402551,0.02560050,0.00788975,33.16141952,0.00000000,46.22835485,37.71230541,0.19324235,-0.50621326,1.35091503,0.19825468,-0.50685990,1.35188126,7.83565950,0.00000008
5.48000000,LIFT_LEG,0.00002242,-0.00737703,0.00435556,-0.07316606,0.06371090,0.31373894,-0.07681192,0.05987731,0.09402017,0.02559402,0.00788326,33.17049616,0.00000000,46.21038859,37.72430064,0.19324162,-0.50621343,1.35091571,0.19825296,-0.50685132,1.35186192,7.83299957,0.00000007
5.49000000,LIFT_LEG,0.00003784,-0.00736603,0.00434313,-0.07316317,0.06370643,0.31373785,-0.07680942,0.05987325,0.09401445,0.02558573,0.00787497,33.18030584,0.00000000,46.19171969,37.73594326,0.19324001,-0.50620926,1.35090670,0.19825072,-0.50684015,1.35183676,7.83015462,0.00000006
5.50000000,LIFT_LEG,0.00005360,-0.00735411,0.00433055,-0.07315961,0.06370171,0.31373677,-0.07680627,0.05986895,0.09400843,0.02557605,0.00786530,33.19070079,0.00000000,46.17258381,37.74711779,0.19323774,-0.50620171,1.35089015,0.19824817,-0.50682741,1.35180805,7.82716379,0.00000005
5.51000000,HOLD_LEG,0.00006952,-0.00734143,0.00431798,-0.07315546,0.06369682,0.31373574,-0.07680253,0.05986447,0.09400220,0.02556540,0.00785465,33.20182079,0.00000000,46.15322691,37.75744424,0.19323500,-0.50619175,1.35086824,0.19824549,-0.50681404,1.35177791,7.82406688,0.00000009
5.52000000,HOLD_LEG,0.00008540,-0.00732817,0.00430558,-0.07315078,0.06369183,0.31373474,-0.07679829,0.05985989,0.09399584,0.02555415,0.00784339,33.21210626,0.00000000,46.13385937,37.76837666,0.19323198,-0.50618022,1.35084282,0.19824275,-0.50680039,1.35174716,7.82090340,0.00000000
5.53000000,HOLD_LEG,0.00010105,-0.00731450,0.00429348,-0.07314565,0.06368681,0.31373381,-0.07679359,0.05985525,0.09398941,0.02554257,0.00783181,33.22423137,0.00000000,46.11469928,37.77655897,0.19322885,-0.50616770,1.35081514,0.19823999,-0.50678665,1.35171618,7.81771076,0.00000008
5.54000000,HOLD_LEG,0.00011630,-0.00730059,0.00428180,-0.07314014,0.06368180,0.31373294,-0.07678852,0.05985062,0.09398299,0.02553089,0.00782014,33.23550000,0.00000000,46.09595999,37.78495360,0.19322571,-0.50615462,1.35078613,0.19823725,-0.50677296,1.35168532,7.81452639,0.00000007
5.55000000,HOLD_LEG,0.00013102,-0.00728660,0.00427065,-0.07313434,0.06367687,0.31373215,-0.07678315,0.05984604,0.09397664,0.02551930,0.00780854,33.24672134,0.00000000,46.07782792,37.79246879,0.19322262,-0.50614126,1.35075647,0.19823455,-0.50675947,1.35165492,7.81138331,0.00000009
5.56000000,HOLD_LEG,0.00014508,-0.00727268,0.00426010,-0.07312832,0.06367206,0.31373144,-0.07677755,0.05984157,0.09397044,0.02550793,0.00779717,33.25736739,0.00000000,46.06039314,37.79937198,0.19321959,-0.50612784,1.35072668,0.19823191,-0.50674631,1.35162526,7.80830885,0.00000002
5.57000000,HOLD_LEG,0.00015839,-0.00725897,0.00425023,-0.07312215,0.06366742,0.31373080,-0.07677180,0.05983723,0.09396443,0.02549689,0.00778614,33.26776255,0.00000000,46.04385847,37.80536202,0.19321668,-0.50611456,1.35069719,0.19822936,-0.50673359,1.35159659,7.80533487,0.00000004
5.58000000,HOLD_LEG,0.00017085,-0.00724559,0.00424109,-0.07311591,0.06366299,0.31373025,-0.07676596,0.05983308,0.09395867,0.02548629,0.00777553,33.27793300,0.00000000,46.02836093,37.81037477,0.19321389,-0.50610156,1.35066833,0.19822692,-0.50672141,1.35156914,7.80248895,0.00000006
5.59000000,HOLD_LEG,0.00018243,-0.00723268,0.00423272,-0.07310967,0.06365880,0.31372977,-0.07676010,0.05982915,0.09395320,0.02547620,0.00776545,33.28802328,0.00000000,46.01399005,37.81408825,0.19321123,-0.50608898,1.35064041,0.19822461,-0.50670986,1.35154311,7.79979139,0.00000002
5.60000000,HOLD_LEG,0.00019306,-0.00722036,0.00422516,-0.07310351,0.06365487,0.31372937,-0.07675429,0.05982545,0.09394807,0.02546670,0.00775594,33.29672718,0.00000000,46.00082799,37.81791170,0.19320872,-0.50607692,1.35061365,0.19822243,-0.50669901,1.35151867,7.79726268,0.00000005
5.61000000,HOLD_LEG,0.00020272,-0.00720870,0.00421842,-0.07309747,0.06365122,0.31372903,-0.07674859,0.05982201,0.09394331,0.02545783,0.00774707,33.30581285,0.00000000,45.98891639,37.81971899,0.19320635,-0.50606547,1.35058829,0.19822042,-0.50668894,1.35149597,7.79491953,0.00000000
5.62000000,HOLD_LEG,0.00021136,-0.00719780,0.00421250,-0.07309164,0.06364789,0.31372875,-0.07674306,0.05981885,0.09393894,0.02544964,0.00773888,33.31340420,0.00000000,45.97837927,37.82189819,0.19320415,-0.50605471,1.35056448,0.19821856,-0.50667969,1.35147512,7.79278202,0.00000000
5.63000000,HOLD_LEG,0.00021898,-0.00718772,0.00420740,-0.07308605,0.06364486,0.31372852,-0.07673775,0.05981597,0.09393499,0.02544216,0.00773141,33.31989470,0.00000000,45.96921563,37.82387266,0.19320213,-0.50604470,1.35054238,0.19821688,-0.50667130,1.35145622,7.79085916,0.00000004
5.64000000,HOLD_LEG,0.00022556,-0.00717852,0.00420310,-0.07308077,0.06364216,0.31372834,-0.07673271,0.05981340,0.09393148,0.02543542,0.00772467,33.32569519,0.00000000,45.96141821,37.82506573,0.19320029,-0.50603551,1.35052210,0.19821538,-0.50666380,1.35143933,7.78915724,0.00000008
5.65000000,HOLD_LEG,0.00023112,-0.00717023,0.00419957,-0.07307583,0.06363979,0.31372820,-0.07672798,0.05981112,0.09392841,0.02542944,0.00771868,33.33186810,0.00000000,45.95500814,37.82434317,0.19319864,-0.50602718,1.35050373,0.19821406,-0.50665722,1.35142449,7.78768292,0.00000000
5.66000000,HOLD_LEG,0.00023567,-0.00716290,0.00419679,-0.07307126,0.06363774,0.31372809,-0.07672360,0.05980915,0.09392581,0.02542421,0.00771345,33.33587746,0.00000000,45.95001656,37.82482629,0.19319718,-0.50601973,1.35048733,0.19821293,-0.50665155,1.35141172,7.78644311,0.00000004
5.67000000,HOLD_LEG,0.00023923,-0.00715654,0.00419471,-0.07306711,0.06363602,0.31372801,-0.07671960,0.05980748,0.09392366,0.02541974,0.00770899,33.33919104,0.00000000,45.94635159,37.82460270,0.19319591,-0.50601319,1.35047294,0.19821198,-0.50664681,1.35140102,7.78543197,0.00000008
5.68000000,HOLD_LEG,0.00024185,-0.00715118,0.00419330,-0.07306340,0.06363462,0.31372795,-0.07671600,0.05980610,0.09392197,0.02541603,0.00770527,33.34287539,0.00000000,45.94399610,37.82258382,0.19319484,-0.50600756,1.35046059,0.19821121,-0.50664297,1.35139238,7.78464868,0.00000000
5.69000000,HOLD_LEG,0.00024357,-0.00714680,0.00419252,-0.07306014,0.06363352,0.31372791,-0.07671283,0.05980501,0.09392072,0.02541306,0.00770230,33.34437583,0.00000000,45.94347049,37.82190073,0.19319397,-0.50600290,1.35045039,0.19821067,-0.50664028,1.35138631,7.78416906,0.00000008
5.70000000,HOLD_LEG,0.00024442,-0.00714340,0.00419232,-0.07305736,0.06363273,0.31372788,-0.07671010,0.05980420,0.09391991,0.02541081,0.00770006,33.34524076,0.00000000,45.94336635,37.82063739,0.19319329,-0.50599912,1.35044211,0.19821024,-0.50663811,1.35138143,7.78379684,0.00000008
5.71000000,HOLD_LEG,0.00024446,-0.00714096,0.00419265,-0.07305504,0.06363221,0.31372786,-0.07670781,0.05980366,0.09391951,0.02540927,0.00769851,33.34638587,0.00000000,45.94478268,37.81785982,0.19319279,-0.50599623,1.35043583,0.19821001,-0.50663699,1.35137890,7.78368708,0.00000009
5.72000000,HOLD_LEG,0.00024372,-0.00713946,0.00419346,-0.07305320,0.06363197,0.31372785,-0.07670597,0.05980337,0.09391952,0.02540839,0.00769764,33.34612226,0.00000000,45.94636447,37.81563443,0.19319247,-0.50599419,1.35043139,0.19820987,-0.50663629,1.35137732,7.78364936,0.00000001
5.73000000,HOLD_LEG,0.00024227,-0.00713888,0.00419471,-0.07305184,0.06363198,0.31372785,-0.07670457,0.05980331,0.09391990,0.02540813,0.00769737,33.34433506,0.00000000,45.95016360,37.81436454,0.19319230,-0.50599293,1.35042865,0.19820993,-0.50663660,1.35137802,7.78397649,0.00000006
5.74000000,HOLD_LEG,0.00024017,-0.00713917,0.00419634,-0.07305093,0.06363222,0.31372786,-0.07670361,0.05980348,0.09392064,0.02540848,0.00769773,33.34323183,0.00000000,45.95428431,37.81114829,0.19319231,-0.50599245,1.35042771,0.19821014,-0.50663765,1.35138039,7.78439266,0.00000000
5.75000000,HOLD_LEG,0.00023748,-0.00714025,0.00419832,-0.07305047,0.06363269,0.31372787,-0.07670308,0.05980386,0.09392171,0.02540941,0.00769866,33.34057476,0.00000000,45.95845853,37.80905143,0.19319247,-0.50599276,1.35042848,0.19821045,-0.50663916,1.35138379,7.78485874,0.00000006
5.76000000,HOLD_LEG,0.00023427,-0.00714209,0.00420060,-0.07305044,0.06363336,0.31372788,-0.07670295,0.05980443,0.09392308,0.02541087,0.00770011,33.33765716,0.00000000,45.96392722,37.80646345,0.19319278,-0.50599380,1.35043086,0.19821090,-0.50664141,1.35138886,7.78555923,0.00000008
5.77000000,HOLD_LEG,0.00023059,-0.00714461,0.00420315,-0.07305081,0.06363420,0.31372790,-0.07670321,0.05980517,0.09392471,0.02541280,0.00770205,33.33374102,0.00000000,45.96997341,37.80429539,0.19319322,-0.50599550,1.35043468,0.19821146,-0.50664422,1.35139518,7.78638679,0.00000010
5.78000000,HOLD_LEG,0.00022652,-0.00714775,0.00420592,-0.07305156,0.06363521,0.31372794,-0.07670383,0.05980606,0.09392658,0.02541519,0.00770443,33.33028244,0.00000000,45.97732809,37.80121203,0.19319380,-0.50599787,1.35044001,0.19821219,-0.50664786,1.35140340,7.78744013,0.00000003
5.79000000,HOLD_LEG,0.00022210,-0.00715144,0.00420887,-0.07305266,0.06363636,0.31372797,-0.07670478,0.05980709,0.09392865,0.02541796,0.00770720,33.32601588,0.00000000,45.98434635,37.79853810,0.19319449,-0.50600077,1.35044647,0.19821294,-0.50665163,1.35141189,7.78848556,0.00000003
5.80000000,HOLD_LEG,0.00021739,-0.00715562,0.00421198,-0.07305408,0.06363763,0.31372802,-0.07670604,0.05980823,0.09393089,0.02542107,0.00771031,33.32185375,0.00000000,45.99165685,37.79539824,0.19319527,-0.50600415,1.35045397,0.19821377,-0.50665576,1.35142121,7.78960856,0.00000001
5.81000000,HOLD_LEG,0.00021247,-0.00716023,0.00421520,-0.07305578,0.06363900,0.31372808,-0.07670757,0.05980948,0.09393327,0.02542447,0.00771372,33.31658313,0.00000000,45.99915731,37.79320336,0.19319613,-0.50600794,1.35046239,0.19821466,-0.50666020,1.35143122,7.79078938,0.00000006
5.82000000,HOLD_LEG,0.00020737,-0.00716517,0.00421851,-0.07305772,0.06364046,0.31372815,-0.07670935,0.05981081,0.09393575,0.02542812,0.00771736,33.31164908,0.00000000,46.00677197,37.79054484,0.19319706,-0.50601209,1.35047160,0.19821560,-0.50666489,1.35144178,7.79201741,0.00000008
5.83000000,HOLD_LEG,0.00020216,-0.00717037,0.00422186,-0.07305988,0.06364198,0.31372822,-0.07671133,0.05981220,0.09393831,0.02543196,0.00772120,33.30669889,0.00000000,46.01442354,37.78788090,0.19319806,-0.50601653,1.35048147,0.19821658,-0.50666976,1.35145276,7.79327478,0.00000009
5.84000000,HOLD_LEG,0.00019691,-0.00717578,0.00422524,-0.07306222,0.06364356,0.31372831,-0.07671349,0.05981365,0.09394091,0.02543595,0.00772519,33.30176924,0.00000000,46.02203139,37.78524762,0.19319911,-0.50602123,1.35049187,0.19821758,-0.50667476,1.35146401,7.79454611,0.00000006
5.85000000,HOLD_LEG,0.00019166,-0.00718134,0.00422863,-0.07306469,0.06364516,0.31372841,-0.07671578,0.05981513,0.09394352,0.02544004,0.00772928,33.29690153,0.00000000,46.02951821,37.78267272,0.19320018,-0.50602610,1.35050266,0.19821859,-0.50667982,1.35147542,7.79581696,0.00000002
5.86000000,HOLD_LEG,0.00018648,-0.00718698,0.00423199,-0.07306726,0.06364678,0.31372851,-0.07671818,0.05981662,0.09394612,0.02544418,0.00773343,33.29213572,0.00000000,46.03681019,37.78017859,0.19320128,-0.50603109,1.35051371,0.19821961,-0.50668489,1.35148686,7.79707374,0.00000005
5.87000000,HOLD_LEG,0.00018140,-0.00719264,0.00423530,-0.07306991,0.06364840,0.31372863,-0.07672065,0.05981812,0.09394868,0.02544835,0.00773759,33.28705332,0.00000000,46.04377665,37.77812386,0.19320237,-0.50603614,1.35052490,0.19822062,-0.50668994,1.35149822,7.79830063,0.00000003
5.88000000,HOLD_LEG,0.00017645,-0.00719822,0.00423854,-0.07307259,0.06365000,0.31372876,-0.07672316,0.05981960,0.09395117,0.02545248,0.00774172,33.28231001,0.00000000,46.05043545,37.77610629,0.19320346,-0.50604118,1.35053612,0.19822161,-0.50669489,1.35150938,7.79949306,0.00000002
5.89000000,HOLD_LEG,0.00017166,-0.00720368,0.00424167,-0.07307527,0.06365157,0.31372889,-0.07672568,0.05982106,0.09395357,0.02545655,0.00774579,33.27770591,0.00000000,46.05672615,37.77434719,0.19320455,-0.50604620,1.35054725,0.19822257,-0.50669971,1.35152024,7.80063794,0.00000001
5.90000000,HOLD_LEG,0.00016708,-0.00720895,0.00424469,-0.07307793,0.06365310,0.31372903,-0.07672819,0.05982249,0.09395586,0.02546051,0.00774975,33.27360382,0.00000000,46.06258936,37.77243674,0.19320561,-0.50605112,1.35055817,0.19822350,-0.50670435,1.35153070,7.80172514,0.00000001
5.91000000,HOLD_LEG,0.00016275,-0.00721400,0.00424756,-0.07308053,0.06365458,0.31372918,-0.07673064,0.05982387,0.09395803,0.02546432,0.00775357,33.26977510,0.00000000,46.06800087,37.77070224,0.19320664,-0.50605590,1.35056878,0.19822439,-0.50670878,1.35154068,7.80274654,0.00000001
5.92000000,HOLD_LEG,0.00015868,-0.00721879,0.00425028,-0.07308305,0.06365599,0.31372933,-0.07673303,0.05982519,0.09396006,0.02546797,0.00775721,33.26627894,0.00000000,46.07292997,37.76911452,0.19320763,-0.50606051,1.35057900,0.19822523,-0.50671296,1.35155010,7.80369519,0.00000001
5.93000000,HOLD_LEG,0.00015491,-0.00722328,0.00425283,-0.07308546,0.06365733,0.31372948,-0.07673532,0.05982645,0.09396193,0.02547142,0.00776066,33.26313570,0.00000000,46.07735245,37.76767926,0.19320857,-0.50606490,1.35058873,0.19822601,-0.50671686,1.35155889,7.80456517,0.00000001
5.94000000,HOLD_LEG,0.00015147,-0.00722744,0.00425520,-0.07308774,0.06365859,0.31372964,-0.07673750,0.05982763,0.09396363,0.02547464,0.00776388,33.26035995,0.00000000,46.08124995,37.76640077,0.19320944,-0.50606904,1.35059791,0.19822673,-0.50672046,1.35156700,7.80535165,0.00000001
5.95000000,HOLD_LEG,0.00014835,-0.00723124,0.00425737,-0.07308988,0.06365976,0.31372980,-0.07673954,0.05982873,0.09396515,0.02547762,0.00776686,33.25796088,0.00000000,46.08461018,37.76528226,0.19321026,-0.50607290,1.35060648,0.19822739,-0.50672373,1.35157439,7.80605093,0.00000001
5.96000000,HOLD_LEG,0.00014558,-0.00723468,0.00425933,-0.07309186,0.06366083,0.31372995,-0.07674144,0.05982975,0.09396649,0.02548032,0.00776956,33.25594117,0.00000000,46.08782762,37.76435114,0.19321099,-0.50607641,1.35061426,0.19822798,-0.50672668,1.35158103,7.80671997,0.00000001
5.97000000,HOLD_LEG,0.00014317,-0.00723772,0.00426108,-0.07309367,0.06366180,0.31373010,-0.07674317,0.05983067,0.09396765,0.02548276,0.00777200,33.25399321,0.00000000,46.09011073,37.76404814,0.19321166,-0.50607962,1.35062138,0.19822850,-0.50672927,1.35158687,7.80723551,0.00000000
5.98000000,HOLD_LEG,0.00014113,-0.00724036,0.00426261,-0.07309529,0.06366266,0.31373025,-0.07674474,0.05983149,0.09396861,0.02548491,0.00777416,33.25361618,0.00000000,46.09180519,37.76239431,0.19321225,-0.50608250,1.35062779,0.19822895,-0.50673150,1.35159190,7.80765530,0.00000009
5.99000000,HOLD_LEG,0.00013945,-0.00724258,0.00426392,-0.07309673,0.06366341,0.31373039,-0.07674613,0.05983222,0.09396939,0.02548678,0.00777602,33.25261595,0.00000000,46.09295618,37.76201098,0.19321277,-0.50608504,1.35063345,0.19822932,-0.50673337,1.35159610,7.80798311,0.00000006
6.00000000,HOLD_LEG,0.00013814,-0.00724440,0.00426500,-0.07309797,0.06366406,0.31373053,-0.07674733,0.05983284,0.09396998,0.02548835,0.00777759,33.25191327,0.00000000,46.09378317,37.76185280,0.19321320,-0.50608722,1.35063828,0.19822962,-0.50673487,1.35159949,7.80824961,0.00000004
6.01000000,HOLD_LEG,0.00013719,-0.00724581,0.00426587,-0.07309901,0.06366459,0.31373066,-0.07674835,0.05983336,0.09397038,0.02548962,0.00777887,33.25125821,0.00000000,46.09350757,37.76217119,0.19321356,-0.50608903,1.35064231,0.19822983,-0.50673591,1.35160184,7.80833462,0.00000003
6.02000000,HOLD_LEG,0.00013659,-0.00724682,0.00426650,-0.07309985,0.06366501,0.31373078,-0.07674919,0.05983378,0.09397061,0.02549060,0.00777984,33.25189978,0.00000000,46.09302808,37.76167209,0.19321384,-0.50609048,1.35064553,0.19822997,-0.50673660,1.35160339,7.80837595,0.00000007
6.03000000,HOLD_LEG,0.00013634,-0.00724745,0.00426692,-0.07310050,0.06366532,0.31373089,-0.07674984,0.05983409,0.09397066,0.02549128,0.00778052,33.25202742,0.00000000,46.09316909,37.76207855,0.19321404,-0.50609157,1.35064797,0.19823010,-0.50673725,1.35160485,7.80849462,0.00000002
6.04000000,HOLD_LEG,0.00013642,-0.00724769,0.00426712,-0.07310096,0.06366552,0.31373099,-0.07675031,0.05983430,0.09397056,0.02549169,0.00778093,33.25291541,0.00000000,46.09147726,37.76222482,0.19321418,-0.50609234,1.35064967,0.19823010,-0.50673725,1.35160485,7.80832260,0.00000007
6.05000000,HOLD_LEG,0.00013681,-0.00724759,0.00426712,-0.07310123,0.06366562,0.31373108,-0.07675061,0.05983442,0.09397030,0.02549183,0.00778107,33.25345928,0.00000000,46.09027353,37.76293974,0.19321423,-0.50609278,1.35065069,0.19823010,-0.50673725,1.35160485,7.80820979,0.00000003
6.06000000,HOLD_LEG,0.00013751,-0.00724713,0.00426692,-0.07310133,0.06366561,0.31373116,-0.07675074,0.05983443,0.09396989,0.02549172,0.00778097,33.25484985,0.00000000,46.08870329,37.76332323,0.19321423,-0.50609295,1.35065110,0.19823003,-0.50673694,1.35160415,7.80802629,0.00000009
6.07000000,HOLD_LEG,0.00013848,-0.00724637,0.00426654,-0.07310126,0.06366551,0.31373122,-0.07675071,0.05983436,0.09396936,0.02549136,0.00778061,33.25623346,0.00000000,46.08567414,37.76398775,0.19321417,-0.50609276,1.35065064,0.19822982,-0.50673586,1.35160172,7.80761535,0.00000008
6.08000000,HOLD_LEG,0.00013969,-0.00724534,0.00426597,-0.07310103,0.06366531,0.31373128,-0.07675053,0.05983420,0.09396871,0.02549076,0.00778000,33.25733000,0.00000000,46.08328716,37.76512099,0.19321402,-0.50609226,1.35064952,0.19822961,-0.50673483,1.35159940,7.80728711,0.00000001
6.09000000,HOLD_LEG,0.00014112,-0.00724403,0.00426524,-0.07310066,0.06366503,0.31373131,-0.07675021,0.05983396,0.09396795,0.02548994,0.00777919,33.25919724,0.00000000,46.08116260,37.76590188,0.19321382,-0.50609147,1.35064780,0.19822939,-0.50673371,1.35159686,7.80697937,0.00000004
6.10000000,HOLD_LEG,0.00014276,-0.00724249,0.00426435,-0.07310015,0.06366467,0.31373134,-0.07674976,0.05983365,0.09396710,0.02548894,0.00777818,33.26101689,0.00000000,46.07878114,37.76689294,0.19321357,-0.50609044,1.35064553,0.19822913,-0.50673241,1.35159394,7.80661767,0.00000010
6.11000000,HOLD_LEG,0.00014458,-0.00724077,0.00426332,-0.07309952,0.06366424,0.31373135,-0.07674919,0.05983326,0.09396618,0.02548774,0.00777699,33.26289415,0.00000000,46.07558427,37.76797342,0.19321327,-0.50608916,1.35064266,0.19822877,-0.50673063,1.35158992,7.80612637,0.00000006
6.12000000,HOLD_LEG,0.00014655,-0.00723888,0.00426217,-0.07309879,0.06366374,0.31373134,-0.07674852,0.05983282,0.09396519,0.02548640,0.00777564,33.26483946,0.00000000,46.07256270,37.76912492,0.19321293,-0.50608767,1.35063937,0.19822841,-0.50672884,1.35158591,7.80564738,0.00000007
6.13000000,HOLD_LEG,0.00014865,-0.00723685,0.00426090,-0.07309796,0.06366319,0.31373132,-0.07674777,0.05983232,0.09396415,0.02548493,0.00777417,33.26682150,0.00000000,46.06945794,37.77032934,0.19321254,-0.50608602,1.35063570,0.19822803,-0.50672693,1.35158159,7.80514652,0.00000008
6.14000000,HOLD_LEG,0.00015084,-0.00723470,0.00425955,-0.07309706,0.06366259,0.31373129,-0.07674694,0.05983178,0.09396308,0.02548334,0.00777259,33.26881866,0.00000000,46.06631064,37.77157055,0.19321213,-0.50608421,1.35063170,0.19822762,-0.50672491,1.35157705,7.80463079,0.00000008
6.15000000,HOLD_LEG,0.00015310,-0.00723247,0.00425813,-0.07309609,0.06366195,0.31373124,-0.07674604,0.05983120,0.09396199,0.02548167,0.00777091,33.27081014,0.00000000,46.06315714,37.77283410,0.19321170,-0.50608229,1.35062743,0.19822720,-0.50672282,1.35157232,7.80410647,0.00000009
6.16000000,HOLD_LEG,0.00015540,-0.00723017,0.00425665,-0.07309508,0.06366128,0.31373118,-0.07674510,0.05983058,0.09396088,0.02547993,0.00776917,33.27277622,0.00000000,46.06003211,37.77410593,0.19321124,-0.50608027,1.35062294,0.19822677,-0.50672067,1.35156748,7.80357959,0.00000009
6.17000000,HOLD_LEG,0.00015771,-0.00722784,0.00425512,-0.07309403,0.06366058,0.31373111,-0.07674412,0.05982994,0.09395978,0.02547814,0.00776738,33.27469839,0.00000000,46.05696810,37.77537233,0.19321077,-0.50607818,1.35061828,0.19822634,-0.50671850,1.35156259,7.80305589,0.00000009
6.18000000,HOLD_LEG,0.00016001,-0.00722550,0.00425357,-0.07309296,0.06365987,0.31373103,-0.07674312,0.05982929,0.09395870,0.02547633,0.00776557,33.27655950,0.00000000,46.05399515,37.77661990,0.19321030,-0.50607604,1.35061353,0.19822590,-0.50671632,1.35155768,7.80254078,0.00000008
6.19000000,HOLD_LEG,0.00016227,-0.00722318,0.00425202,-0.07309187,0.06365916,0.31373095,-0.07674210,0.05982863,0.09395764,0.02547451,0.00776375,33.27834386,0.00000000,46.05114054,37.77783572,0.19320982,-0.50607388,1.35060872,0.19822547,-0.50671417,1.35155282,7.80203926,0.00000007
6.20000000,HOLD_LEG,0.00016447,-0.00722091,0.00425048,-0.07309079,0.06365845,0.31373085,-0.07674109,0.05982797,0.09395661,0.02547270,0.00776195,33.28003732,0.00000000,46.04842861,37.77900754,0.19320935,-0.50607172,1.35060391,0.19822505,-0.50671205,1.35154807,7.80155593,0.00000007
6.21000000,HOLD_LEG,0.00016659,-0.00721869,0.00424896,-0.07308973,0.06365774,0.31373075,-0.07674009,0.05982732,0.09395563,0.02547093,0.00776018,33.28162733,0.00000000,46.04588067,37.78012391,0.19320888,-0.50606959,1.35059916,0.19822464,-0.50671000,1.35154345,7.80109493,0.00000006
6.22000000,HOLD_LEG,0.00016861,-0.00721656,0.00424748,-0.07308869,0.06365705,0.31373064,-0.07673910,0.05982668,0.09395471,0.02546921,0.00775846,33.28310302,0.00000000,46.04351506,37.78117440,0.19320842,-0.50606751,1.35059451,0.19822424,-0.50670804,1.35153902,7.80065995,0.00000006
6.23000000,HOLD_LEG,0.00017052,-0.00721453,0.00424606,-0.07308768,0.06365639,0.31373054,-0.07673815,0.05982606,0.09395384,0.02546756,0.00775680,33.28445525,0.00000000,46.04134707,37.78214967,0.19320798,-0.50606549,1.35059001,0.19822387,-0.50670617,1.35153481,7.80025417,0.00000006
6.24000000,HOLD_LEG,0.00017229,-0.00721262,0.00424470,-0.07308671,0.06365576,0.31373043,-0.07673724,0.05982546,0.09395304,0.02546598,0.00775523,33.28567665,0.00000000,46.03938905,37.78304158,0.19320757,-0.50606355,1.35058569,0.19822352,-0.50670442,1.35153086,7.79988030,0.00000005
6.25000000,HOLD_LEG,0.00017392,-0.00721084,0.00424342,-0.07308580,0.06365516,0.31373032,-0.07673637,0.05982490,0.09395231,0.02546450,0.00775375,33.28676160,0.00000000,46.03765045,37.78384328,0.19320717,-0.50606172,1.35058160,0.19822319,-0.50670279,1.35152719,7.79954056,0.00000005
6.26000000,HOLD_LEG,0.00017540,-0.00720919,0.00424224,-0.07308494,0.06365460,0.31373021,-0.07673555,0.05982437,0.09395165,0.02546314,0.00775238,33.28771320,0.00000000,46.03638043,37.78454647,0.19320681,-0.50606003,1.35057784,0.19822292,-0.50670144,1.35152415,7.79927130,0.00000009
6.27000000,HOLD_LEG,0.00017671,-0.00720770,0.00424116,-0.07308414,0.06365408,0.31373010,-0.07673479,0.05982389,0.09395108,0.02546188,0.00775112,33.28850293,0.00000000,46.03420790,37.78513029,0.19320647,-0.50605844,1.35057428,0.19822260,-0.50669983,1.35152051,7.79887550,0.00000008
6.28000000,HOLD_LEG,0.00017786,-0.00720638,0.00424019,-0.07308341,0.06365361,0.31373000,-0.07673409,0.05982344,0.09395058,0.02546074,0.00774998,33.28959862,0.00000000,46.03373491,37.78532237,0.19320618,-0.50605701,1.35057105,0.19822239,-0.50669876,1.35151811,7.79872652,0.00000004
6.29000000,HOLD_LEG,0.00017886,-0.00720525,0.00423934,-0.07308275,0.06365319,0.31372991,-0.07673346,0.05982304,0.09395016,0.02545974,0.00774898,33.28988985,0.00000000,46.03236906,37.78585736,0.19320590,-0.50605572,1.35056815,0.19822216,-0.50669764,1.35151558,7.79845290,0.00000002
6.30000000,HOLD_LEG,0.00017968,-0.00720430,0.00423862,-0.07308217,0.06365282,0.31372982,-0.07673289,0.05982269,0.09394982,0.02545887,0.00774811,33.29021543,0.00000000,46.03246914,37.78621745,0.19320566,-0.50605457,1.35056560,0.19822202,-0.50669695,1.35151402,7.79840322,0.00000005
6.31000000,HOLD_LEG,0.00018031,-0.00720350,0.00423801,-0.07308166,0.06365251,0.31372975,-0.07673240,0.05982238,0.09394956,0.02545814,0.00774738,33.29040633,0.00000000,46.03200712,37.78643324,0.19320545,-0.50605357,1.35056341,0.19822188,-0.50669623,1.35151240,7.79827726,0.00000007
6.32000000,HOLD_LEG,0.00018077,-0.00720286,0.00423753,-0.07308123,0.06365225,0.31372968,-0.07673198,0.05982213,0.09394938,0.02545755,0.00774679,33.29047054,0.00000000,46.03216470,37.78651491,0.19320529,-0.50605276,1.35056162,0.19822181,-0.50669587,1.35151160,7.79824614,0.00000010
6.33000000,HOLD_LEG,0.00018108,-0.00720242,0.00423718,-0.07308088,0.06365204,0.31372962,-0.07673163,0.05982192,0.09394928,0.02545710,0.00774634,33.29067615,0.00000000,46.03128431,37.78631581,0.19320517,-0.50605210,1.35056010,0.19822167,-0.50669520,1.35151008,7.79806464,0.00000001
6.34000000,HOLD_LEG,0.00018123,-0.00720214,0.00423695,-0.07308061,0.06365188,0.31372957,-0.07673136,0.05982177,0.09394925,0.02545677,0.00774601,33.29044790,0.00000000,46.03230233,37.78629721,0.19320507,-0.50605159,1.35055897,0.19822167,-0.50669520,1.35151008,7.79817252,0.00000007
6.35000000,HOLD_LEG,0.00018122,-0.00720200,0.00423683,-0.07308041,0.06365178,0.31372953,-0.07673116,0.05982166,0.09394928,0.02545659,0.00774584,33.29013583,0.00000000,46.03268974,37.78614045,0.19320502,-0.50605127,1.35055830,0.19822167,-0.50669520,1.35151008,7.79819535,0.00000009
6.36000000,HOLD_LEG,0.00018105,-0.00720200,0.00423683,-0.07308028,0.06365172,0.31372949,-0.07673102,0.05982160,0.09394939,0.02545653,0.00774578,33.28973558,0.00000000,46.03311426,37.78591391,0.19320500,-0.50605109,1.35055790,0.19822167,-0.50669520,1.35151008,7.79823280,0.00000008
6.37000000,HOLD_LEG,0.00018074,-0.00720216,0.00423694,-0.07308023,0.06365172,0.31372947,-0.07673096,0.05982158,0.09394955,0.02545657,0.00774582,33.28969214,0.00000000,46.03366020,37.78531437,0.19320501,-0.50605101,1.35055766,0.19822167,-0.50669520,1.35151008,7.79828900,0.00000001
6.38000000,HOLD_LEG,0.00018030,-0.00720249,0.00423714,-0.07308024,0.06365176,0.31372945,-0.07673095,0.05982161,0.09394977,0.02545670,0.00774595,33.28894511,0.00000000,46.03515850,37.78515444,0.19320502,-0.50605099,1.35055757,0.19822174,-0.50669553,1.35151083,7.79849144,0.00000002
6.39000000,HOLD_LEG,0.00017975,-0.00720293,0.00423743,-0.07308031,0.06365185,0.31372944,-0.07673101,0.05982168,0.09395004,0.02545696,0.00774621,33.28829662,0.00000000,46.03564881,37.78472714,0.19320506,-0.50605111,1.35055790,0.19822181,-0.50669589,1.35151164,7.79854914,0.00000004
6.40000000,HOLD_LEG,0.00017909,-0.00720347,0.00423779,-0.07308045,0.06365198,0.31372944,-0.07673112,0.05982179,0.09395036,0.02545732,0.00774656,33.28762249,0.00000000,46.03633823,37.78429047,0.19320514,-0.50605138,1.35055853,0.19822188,-0.50669625,1.35151246,7.79864713,0.00000009
6.41000000,HOLD_LEG,0.00017833,-0.00720408,0.00423823,-0.07308064,0.06365214,0.31372944,-0.07673129,0.05982193,0.09395072,0.02545777,0.00774701,33.28690942,0.00000000,46.03767617,37.78376393,0.19320525,-0.50605180,1.35055951,0.19822203,-0.50669698,1.35151409,7.79884407,0.00000008
6.42000000,HOLD_LEG,0.00017749,-0.00720477,0.00423874,-0.07308088,0.06365234,0.31372945,-0.07673150,0.05982211,0.09395111,0.02545829,0.00774753,33.28616771,0.00000000,46.03886457,37.78321300,0.19320538,-0.50605234,1.35056071,0.19822217,-0.50669767,1.35151565,7.79902619,0.00000010
6.43000000,HOLD_LEG,0.00017661,-0.00720557,0.00423931,-0.07308116,0.06365257,0.31372947,-0.07673175,0.05982231,0.09395152,0.02545888,0.00774812,33.28565279,0.00000000,46.04018448,37.78244547,0.19320554,-0.50605298,1.35056209,0.19822232,-0.50669843,1.35151736,7.79922465,0.00000008
6.44000000,HOLD_LEG,0.00017568,-0.00720642,0.00423994,-0.07308148,0.06365283,0.31372949,-0.07673205,0.05982254,0.09395196,0.02545953,0.00774877,33.28481095,0.00000000,46.04190011,37.78189190,0.19320570,-0.50605370,1.35056371,0.19822252,-0.50669942,1.35151959,7.79949090,0.00000003
6.45000000,HOLD_LEG,0.00017470,-0.00720732,0.00424060,-0.07308184,0.06365310,0.31372952,-0.07673238,0.05982279,0.09395241,0.02546023,0.00774947,33.28396769,0.00000000,46.04277643,37.78131206,0.19320587,-0.50605447,1.35056541,0.19822266,-0.50670011,1.35152115,7.79964165,0.00000009
6.46000000,HOLD_LEG,0.00017369,-0.00720825,0.00424129,-0.07308222,0.06365339,0.31372955,-0.07673273,0.05982306,0.09395287,0.02546096,0.00775021,33.28314261,0.00000000,46.04458705,37.78071831,0.19320606,-0.50605530,1.35056729,0.19822287,-0.50670120,1.35152360,7.79993047,0.00000005
6.47000000,HOLD_LEG,0.00017265,-0.00720921,0.00424200,-0.07308263,0.06365370,0.31372959,-0.07673311,0.05982334,0.09395334,0.02546173,0.00775097,33.28231771,0.00000000,46.04542812,37.78012447,0.19320626,-0.50605616,1.35056920,0.19822302,-0.50670194,1.35152527,7.80008310,0.00000009
6.48000000,HOLD_LEG,0.00017162,-0.00721017,0.00424272,-0.07308305,0.06365401,0.31372963,-0.07673350,0.05982363,0.09395381,0.02546251,0.00775175,33.28152623,0.00000000,46.04722475,37.77953567,0.19320646,-0.50605707,1.35057123,0.19822325,-0.50670306,1.35152780,7.80037544,0.00000007
6.49000000,HOLD_LEG,0.00017059,-0.00721114,0.00424344,-0.07308348,0.06365433,0.31372967,-0.07673390,0.05982392,0.09395427,0.02546330,0.00775254,33.28074826,0.00000000,46.04800304,37.77896270,0.19320667,-0.50605798,1.35057326,0.19822340,-0.50670381,1.35152949,7.80052337,0.00000009
6.50000000,HOLD_LEG,0.00016958,-0.00721209,0.00424416,-0.07308392,0.06365466,0.31372972,-0.07673431,0.05982422,0.09395472,0.02546409,0.00775333,33.28001624,0.00000000,46.04971401,37.77840843,0.19320688,-0.50605892,1.35057536,0.19822362,-0.50670492,1.35153200,7.80080670,0.00000009
6.51000000,MOVE_LEG_FORWARD,0.00016860,-0.00721304,0.00424487,-0.07308436,0.06365498,0.31372976,-0.07673473,0.05982452,0.09395515,0.02546487,0.00775411,33.27930917,0.00000000,46.05040340,37.77788147,0.19320708,-0.50605984,1.35057740,0.19822377,-0.50670565,1.35153363,7.80094423,0.00000009
6.52000000,MOVE_LEG_FORWARD,0.00016766,-0.00721395,0.00424555,-0.07308480,0.06365529,0.31372981,-0.07673514,0.05982481,0.09395557,0.02546563,0.00775488,33.27865737,0.00000000,46.05196530,37.77738340,0.19320728,-0.50606076,1.35057947,0.19822398,-0.50670670,1.35153601,7.80120769,0.00000010
6.53000000,MOVE_LEG_FORWARD,0.00016677,-0.00721483,0.00424621,-0.07308523,0.06365560,0.31372986,-0.07673554,0.05982510,0.09395596,0.02546637,0.00775561,33.27803973,0.00000000,46.05254427,37.77692117,0.19320748,-0.50606165,1.35058144,0.19822411,-0.50670738,1.35153753,7.80133011,0.00000010
6.54000000,MOVE_LEG_FORWARD,0.00016594,-0.00721568,0.00424684,-0.07308564,0.06365590,0.31372991,-0.07673593,0.05982537,0.09395633,0.02546708,0.00775632,33.27748348,0.00000000,46.05390555,37.77649560,0.19320767,-0.50606253,1.35058340,0.19822430,-0.50670834,1.35153970,7.80156473,0.00000010
6.55000000,MOVE_LEG_FORWARD,0.00016516,-0.00721647,0.00424743,-0.07308604,0.06365618,0.31372996,-0.07673631,0.05982564,0.09395667,0.02546775,0.00775699,33.27697578,0.00000000,46.05482294,37.77611770,0.19320784,-0.50606335,1.35058522,0.19822445,-0.50670909,1.35154139,7.80173523,0.00000009
6.56000000,MOVE_LEG_FORWARD,0.00016445,-0.00721722,0.00424798,-0.07308642,0.06365644,0.31373000,-0.07673667,0.05982588,0.09395698,0.02546838,0.00775762,33.27652154,0.00000000,46.05556404,37.77577735,0.19320801,-0.50606413,1.35058696,0.19822459,-0.50670979,1.35154295,7.80187890,0.00000009
6.57000000,MOVE_LEG_FORWARD,0.00016381,-0.00721791,0.00424849,-0.07308678,0.06365669,0.31373005,-0.07673701,0.05982612,0.09395726,0.02546896,0.00775820,33.27612337,0.00000000,46.05663772,37.77550771,0.19320816,-0.50606486,1.35058859,0.19822473,-0.50671048,1.35154452,7.80207198,0.00000008
6.58000000,MOVE_LEG_FORWARD,0.00016325,-0.00721854,0.00424894,-0.07308711,0.06365691,0.31373009,-0.07673733,0.05982633,0.09395750,0.02546949,0.00775874,33.27577558,0.00000000,46.05634088,37.77523288,0.19320831,-0.50606552,1.35059008,0.19822480,-0.50671083,1.35154530,7.80206124,0.00000007
6.59000000,MOVE_LEG_FORWARD,0.00016277,-0.00721910,0.00424935,-0.07308742,0.06365712,0.31373013,-0.07673762,0.05982652,0.09395771,0.02546997,0.00775922,33.27549986,0.00000000,46.05729785,37.77503708,0.19320843,-0.50606614,1.35059146,0.19822494,-0.50671150,1.35154681,7.80223201,0.00000006
6.60000000,MOVE_LEG_FORWARD,0.00016236,-0.00721959,0.00424971,-0.07308770,0.06365730,0.31373017,-0.07673789,0.05982670,0.09395789,0.02547040,0.00775964,33.27526392,0.00000000,46.05723622,37.77487253,0.19320855,-0.50606670,1.35059270,0.19822500,-0.50671181,1.35154751,7.80225332,0.00000005
6.61000000,MOVE_LEG_FORWARD,0.00016203,-0.00722002,0.00425001,-0.07308795,0.06365745,0.31373020,-0.07673813,0.05982685,0.09395803,0.02547077,0.00776001,33.27509313,0.00000000,46.05742206,37.77477456,0.19320865,-0.50606718,1.35059378,0.19822506,-0.50671213,1.35154823,7.80230913,0.00000007
6.62000000,MOVE_LEG_FORWARD,0.00016179,-0.00722038,0.00425026,-0.07308817,0.06365758,0.31373023,-0.07673835,0.05982697,0.09395814,0.02547108,0.00776032,33.27497516,0.00000000,46.05765127,37.77470789,0.19320873,-0.50606761,1.35059472,0.19822513,-0.50671246,1.35154898,7.80236776,0.00000005
6.63000000,MOVE_LEG_FORWARD,0.00016162,-0.00722068,0.00425046,-0.07308836,0.06365769,0.31373026,-0.07673853,0.05982708,0.09395822,0.02547132,0.00776057,33.27491029,0.00000000,46.05796380,37.77467717,0.19320880,-0.50606795,1.35059550,0.19822520,-0.50671279,1.35154973,7.80243536,0.00000002
6.64000000,MOVE_LEG_FORWARD,0.00016152,-0.00722090,0.00425060,-0.07308852,0.06365777,0.31373028,-0.07673868,0.05982716,0.09395826,0.02547152,0.00776076,33.27489599,0.00000000,46.05767916,37.77472659,0.19320886,-0.50606823,1.35059612,0.19822520,-0.50671279,1.35154973,7.80241711,0.00000007
6.65000000,MOVE_LEG_FORWARD,0.00016149,-0.00722107,0.00425069,-0.07308864,0.06365783,0.31373030,-0.07673881,0.05982722,0.09395828,0.02547164,0.00776088,33.27493146,0.00000000,46.05753928,37.77480844,0.19320889,-0.50606840,1.35059648,0.19822520,-0.50671279,1.35154973,7.80241548,0.00000010
6.66000000,MOVE_LEG_FORWARD,0.00016155,-0.00722116,0.00425072,-0.07308874,0.06365786,0.31373032,-0.07673891,0.05982725,0.09395826,0.02547174,0.00776098,33.27500662,0.00000000,46.05764105,37.77486738,0.19320892,-0.50606861,1.35059700,0.19822526,-0.50671311,1.35155045,7.80244256,0.00000007
6.67000000,MOVE_LEG_FORWARD,0.00016168,-0.00722118,0.00425072,-0.07308881,0.06365787,0.31373033,-0.07673898,0.05982727,0.09395822,0.02547178,0.00776102,33.27511956,0.00000000,46.05741692,37.77499279,0.19320894,-0.50606875,1.35059730,0.19822526,-0.50671311,1.35155045,7.80242449,0.00000009
6.68000000,MOVE_LEG_FORWARD,0.00016185,-0.00722112,0.00425066,-0.07308885,0.06365786,0.31373034,-0.07673902,0.05982726,0.09395814,0.02547176,0.00776101,33.27482889,0.00000000,46.05712131,37.77546819,0.19320894,-0.50606882,1.35059747,0.19822526,-0.50671311,1.35155045,7.80239800,0.00000004
6.69000000,MOVE_LEG_FORWARD,0.00016206,-0.00722098,0.00425055,-0.07308886,0.06365783,0.31373035,-0.07673904,0.05982724,0.09395805,0.02547171,0.00776095,33.27522545,0.00000000,46.05688091,37.77548121,0.19320895,-0.50606886,1.35059758,0.19822526,-0.50671311,1.35155045,7.80237334,0.00000009
6.70000000,MOVE_LEG_FORWARD,0.00016231,-0.00722079,0.00425041,-0.07308884,0.06365778,0.31373035,-0.07673902,0.05982719,0.09395794,0.02547159,0.00776083,33.27548757,0.00000000,46.05633482,37.77568530,0.19320893,-0.50606879,1.35059735,0.19822519,-0.50671278,1.35154970,7.80230215,0.00000005
6.71000000,MOVE_LEG_FORWARD,0.00016262,-0.00722057,0.00425022,-0.07308879,0.06365771,0.31373035,-0.07673899,0.05982713,0.09395780,0.02547143,0.00776067,33.27576940,0.00000000,46.05565830,37.77592067,0.19320890,-0.50606866,1.35059705,0.19822513,-0.50671245,1.35154895,7.80220674,0.00000004
6.72000000,MOVE_LEG_FORWARD,0.00016297,-0.00722031,0.00425000,-0.07308872,0.06365762,0.31373035,-0.07673893,0.05982706,0.09395765,0.02547123,0.00776047,33.27606381,0.00000000,46.05488760,37.77614739,0.19320886,-0.50606848,1.35059663,0.19822506,-0.50671212,1.35154821,7.80209248,0.00000005
6.73000000,MOVE_LEG_FORWARD,0.00016336,-0.00722002,0.00424976,-0.07308863,0.06365753,0.31373034,-0.07673885,0.05982697,0.09395748,0.02547100,0.00776024,33.27638265,0.00000000,46.05404773,37.77638288,0.19320880,-0.50606824,1.35059610,0.19822499,-0.50671178,1.35154744,7.80196446,0.00000007
6.74000000,MOVE_LEG_FORWARD,0.00016377,-0.00721971,0.00424949,-0.07308852,0.06365742,0.31373033,-0.07673875,0.05982688,0.09395730,0.02547073,0.00775998,33.27671347,0.00000000,46.05351523,37.77665298,0.19320873,-0.50606797,1.35059548,0.19822492,-0.50671144,1.35154668,7.80188113,0.00000008
6.75000000,MOVE_LEG_FORWARD,0.00016421,-0.00721938,0.00424920,-0.07308839,0.06365730,0.31373032,-0.07673863,0.05982677,0.09395712,0.02547044,0.00775969,33.27705204,0.00000000,46.05329325,37.77695118,0.19320865,-0.50606765,1.35059478,0.19822486,-0.50671111,1.35154595,7.80184298,0.00000010
6.76000000,MOVE_LEG_FORWARD,0.00016463,-0.00721899,0.00424890,-0.07308825,0.06365717,0.31373030,-0.07673850,0.05982665,0.09395692,0.02547014,0.00775938,33.27710885,0.00000000,46.05284609,37.77745887,0.19320856,-0.50606729,1.35059403,0.19822479,-0.50671078,1.35154519,7.80177578,0.00000002
6.77000000,MOVE_LEG_FORWARD,0.00016506,-0.00721857,0.00424857,-0.07308809,0.06365704,0.31373028,-0.07673836,0.05982653,0.09395673,0.02546981,0.00775906,33.27755183,0.00000000,46.05241705,37.77766632,0.19320849,-0.50606694,1.35059323,0.19822472,-0.50671042,1.35154439,7.80170425,0.00000004
6.78000000,MOVE_LEG_FORWARD,0.00016549,-0.00721814,0.00424824,-0.07308793,0.06365690,0.31373026,-0.07673820,0.05982641,0.09395653,0.02546948,0.00775872,33.27794393,0.00000000,46.05203791,37.77789300,0.19320841,-0.50606657,1.35059239,0.19822466,-0.50671010,1.35154367,7.80163629,0.00000006
6.79000000,MOVE_LEG_FORWARD,0.00016592,-0.00721770,0.00424790,-0.07308775,0.06365677,0.31373024,-0.07673804,0.05982628,0.09395634,0.02546913,0.00775838,33.27832266,0.00000000,46.05160009,37.77811990,0.19320832,-0.50606619,1.35059154,0.19822459,-0.50670978,1.35154294,7.80155751,0.00000009
6.80000000,MOVE_LEG_FORWARD,0.00016635,-0.00721727,0.00424757,-0.07308757,0.06365663,0.31373021,-0.07673787,0.05982615,0.09395614,0.02546878,0.00775803,33.27868154,0.00000000,46.05047989,37.77836735,0.19320823,-0.50606578,1.35059061,0.19822446,-0.50670913,1.35154148,7.80138080,0.00000001
6.81000000,MOVE_LEG_FORWARD,0.00016677,-0.00721685,0.00424725,-0.07308738,0.06365649,0.31373019,-0.07673769,0.05982603,0.09395595,0.02546844,0.00775768,33.27903439,0.00000000,46.05028767,37.77860625,0.19320814,-0.50606538,1.35058970,0.19822440,-0.50670881,1.35154076,7.80133695,0.00000004
6.82000000,MOVE_LEG_FORWARD,0.00016717,-0.00721644,0.00424694,-0.07308719,0.06365636,0.31373017,-0.07673752,0.05982590,0.09395577,0.02546810,0.00775735,33.27936071,0.00000000,46.04987408,37.77881560,0.19320805,-0.50606499,1.35058883,0.19822433,-0.50670846,1.35153997,7.80125997,0.00000005
6.83000000,MOVE_LEG_FORWARD,0.00016756,-0.00721603,0.00424664,-0.07308700,0.06365623,0.31373014,-0.07673734,0.05982578,0.09395559,0.02546777,0.00775702,33.27966079,0.00000000,46.04947921,37.77900352,0.19320796,-0.50606460,1.35058796,0.19822426,-0.50670812,1.35153920,7.80118552,0.00000006
6.84000000,MOVE_LEG_FORWARD,0.00016792,-0.00721565,0.00424636,-0.07308681,0.06365610,0.31373012,-0.07673716,0.05982566,0.09395543,0.02546746,0.00775670,33.27993803,0.00000000,46.04909335,37.77917537,0.19320788,-0.50606421,1.35058712,0.19822419,-0.50670779,1.35153846,7.80111221,0.00000007
6.85000000,MOVE_LEG_FORWARD,0.00016826,-0.00721528,0.00424610,-0.07308663,0.06365598,0.31373010,-0.07673699,0.05982555,0.09395527,0.02546716,0.00775641,33.28018980,0.00000000,46.04867695,37.77933405,0.19320780,-0.50606385,1.35058630,0.19822412,-0.50670745,1.35153768,7.80103523,0.00000006
6.86000000,MOVE_LEG_FORWARD,0.00016857,-0.00721493,0.00424586,-0.07308645,0.06365587,0.31373009,-0.07673683,0.05982545,0.09395513,0.02546688,0.00775612,33.28041575,0.00000000,46.04830153,37.77947289,0.19320772,-0.50606350,1.35058552,0.19822406,-0.50670712,1.35153695,7.80096437,0.00000006
6.87000000,MOVE_LEG_FORWARD,0.00016884,-0.00721460,0.00424565,-0.07308629,0.06365576,0.31373007,-0.07673667,0.05982535,0.09395500,0.02546662,0.00775586,33.28061574,0.00000000,46.04791105,37.77959660,0.19320765,-0.50606316,1.35058478,0.19822399,-0.50670679,1.35153621,7.80089218,0.00000004
6.88000000,MOVE_LEG_FORWARD,0.00016909,-0.00721430,0.00424545,-0.07308613,0.06365567,0.31373005,-0.07673652,0.05982525,0.09395488,0.02546638,0.00775562,33.28078980,0.00000000,46.04747312,37.77970125,0.19320759,-0.50606286,1.35058410,0.19822393,-0.50670647,1.35153548,7.80081360,0.00000003
6.89000000,MOVE_LEG_FORWARD,0.00016931,-0.00721402,0.00424528,-0.07308598,0.06365558,0.31373004,-0.07673637,0.05982517,0.09395478,0.02546617,0.00775541,33.28093662,0.00000000,46.04757797,37.77974229,0.19320753,-0.50606260,1.35058355,0.19822393,-0.50670647,1.35153548,7.80081109,0.00000010
6.90000000,MOVE_LEG_FORWARD,0.00016948,-0.00721378,0.00424513,-0.07308584,0.06365550,0.31373003,-0.07673624,0.05982510,0.09395469,0.02546597,0.00775521,33.28106184,0.00000000,46.04725687,37.77981885,0.19320748,-0.50606232,1.35058291,0.19822386,-0.50670614,1.35153474,7.80075182,0.00000006
6.91000000,MOVE_LEG_FORWARD,0.00016963,-0.00721356,0.00424500,-0.07308571,0.06365543,0.31373002,-0.07673612,0.05982503,0.09395461,0.02546581,0.00775505,33.28116453,0.00000000,46.04671558,37.77987795,0.19320743,-0.50606210,1.35058242,0.19822380,-0.50670581,1.35153400,7.80066121,0.00000006
6.92000000,MOVE_LEG_FORWARD,0.00016974,-0.00721337,0.00424490,-0.07308560,0.06365538,0.31373001,-0.07673601,0.05982498,0.09395455,0.02546566,0.00775490,33.28123875,0.00000000,46.04697542,37.77987895,0.19320739,-0.50606189,1.35058195,0.19822380,-0.50670581,1.35153400,7.80068491,0.00000007
6.93000000,MOVE_LEG_FORWARD,0.00016983,-0.00721320,0.00424482,-0.07308550,0.06365533,0.31373000,-0.07673591,0.05982493,0.09395450,0.02546555,0.00775479,33.28129160,0.00000000,46.04698984,37.77986385,0.19320736,-0.50606175,1.35058167,0.19822380,-0.50670581,1.35153400,7.80067440,0.00000009
6.94000000,MOVE_LEG_FORWARD,0.00016987,-0.00721307,0.00424476,-0.07308541,0.06365529,0.31372999,-0.07673583,0.05982489,0.09395447,0.02546544,0.00775468,33.28132616,0.00000000,46.04673687,37.77988484,0.19320733,-0.50606157,1.35058122,0.19822373,-0.50670550,1.35153329,7.80063024,0.00000010
6.95000000,MOVE_LEG_FORWARD,0.00016993,-0.00721301,0.00424473,-0.07308534,0.06365526,0.31372999,-0.07673575,0.05982487,0.09395445,0.02546536,0.00775461,33.28159993,0.00000000,46.04686332,37.77965653,0.19320732,-0.50606146,1.35058094,0.19822373,-0.50670550,1.35153329,7.80063006,0.00000004
6.96000000,MOVE_LEG_FORWARD,0.00016996,-0.00721297,0.00424473,-0.07308528,0.06365524,0.31372998,-0.07673569,0.05982484,0.09395444,0.02546532,0.00775456,33.28151958,0.00000000,46.04691357,37.77965746,0.19320729,-0.50606137,1.35058078,0.19822373,-0.50670550,1.35153329,7.80062777,0.00000005
6.97000000,MOVE_LEG_FORWARD,0.00016995,-0.00721296,0.00424474,-0.07308523,0.06365523,0.31372998,-0.07673565,0.05982483,0.09395444,0.02546530,0.00775454,33.28144438,0.00000000,46.04696812,37.77962797,0.19320728,-0.50606132,1.35058069,0.19822373,-0.50670550,1.35153329,7.80062946,0.00000005
6.98000000,MOVE_LEG_FORWARD,0.00016992,-0.00721298,0.00424478,-0.07308520,0.06365523,0.31372998,-0.07673562,0.05982483,0.09395446,0.02546530,0.00775454,33.28135662,0.00000000,46.04702933,37.77958235,0.19320728,-0.50606129,1.35058063,0.19822373,-0.50670550,1.35153329,7.80063433,0.00000004
6.99000000,MOVE_LEG_FORWARD,0.00016985,-0.00721301,0.00424482,-0.07308519,0.06365523,0.31372998,-0.07673560,0.05982483,0.09395449,0.02546532,0.00775456,33.28125863,0.00000000,46.04710235,37.77952738,0.19320728,-0.50606127,1.35058060,0.19822373,-0.50670550,1.35153329,7.80064230,0.00000003
7.00000000,MOVE_LEG_FORWARD,0.00016976,-0.00721306,0.00424488,-0.07308518,0.06365524,0.31372998,-0.07673559,0.05982484,0.09395452,0.02546535,0.00775459,33.28115338,0.00000000,46.04719042,37.77946722,0.19320728,-0.50606126,1.35058058,0.19822373,-0.50670550,1.35153329,7.80065334,0.00000002
7.01000000,MOVE_LEG_FORWARD,0.00016965,-0.00721314,0.00424495,-0.07308519,0.06365526,0.31372999,-0.07673560,0.05982485,0.09395457,0.02546539,0.00775463,33.28104382,0.00000000,46.04729503,37.77940423,0.19320729,-0.50606126,1.35058057,0.19822373,-0.50670550,1.35153329,7.80066742,0.00000002
7.02000000,MOVE_LEG_FORWARD,0.00016952,-0.00721324,0.00424502,-0.07308521,0.06365529,0.31372999,-0.07673561,0.05982487,0.09395463,0.02546544,0.00775469,33.28093252,0.00000000,46.04741637,37.77933962,0.19320730,-0.50606126,1.35058056,0.19822373,-0.50670550,1.35153329,7.80068447,0.00000005
7.03000000,MOVE_LEG_FORWARD,0.00016936,-0.00721337,0.00424510,-0.07308524,0.06365532,0.31372998,-0.07673564,0.05982490,0.09395469,0.02546550,0.00775475,33.28082156,0.00000000,46.04755369,37.77927391,0.19320730,-0.50606126,1.35058055,0.19822373,-0.50670550,1.35153329,7.80070437,0.00000009
7.04000000,MOVE_LEG_FORWARD,0.00016922,-0.00721349,0.00424518,-0.07308528,0.06365536,0.31372998,-0.07673568,0.05982494,0.09395477,0.02546560,0.00775485,33.28070434,0.00000000,46.04797497,37.77915294,0.19320733,-0.50606137,1.35058084,0.19822380,-0.50670582,1.35153401,7.80076360,0.00000004
7.05000000,MOVE_LEG_FORWARD,0.00016904,-0.00721362,0.00424528,-0.07308533,0.06365540,0.31372998,-0.07673572,0.05982498,0.09395484,0.02546570,0.00775494,33.28058358,0.00000000,46.04808339,37.77907467,0.19320735,-0.50606146,1.35058102,0.19822380,-0.50670582,1.35153401,7.80078378,0.00000008
7.06000000,MOVE_LEG_FORWARD,0.00016887,-0.00721377,0.00424537,-0.07308539,0.06365545,0.31372998,-0.07673577,0.05982502,0.09395492,0.02546581,0.00775505,33.28045614,0.00000000,46.04855127,37.77894865,0.19320738,-0.50606159,1.35058133,0.19822386,-0.50670614,1.35153474,7.80085208,0.00000004
7.07000000,MOVE_LEG_FORWARD,0.00016869,-0.00721392,0.00424548,-0.07308546,0.06365550,0.31372998,-0.07673583,0.05982507,0.09395501,0.02546592,0.00775517,33.28032484,0.00000000,46.04860674,37.77887221,0.19320741,-0.50606172,1.35058160,0.19822386,-0.50670614,1.35153474,7.80086675,0.00000007
7.08000000,MOVE_LEG_FORWARD,0.00016850,-0.00721408,0.00424558,-0.07308553,0.06365556,0.31372998,-0.07673590,0.05982512,0.09395510,0.02546605,0.00775529,33.28018626,0.00000000,46.04911396,37.77874417,0.19320744,-0.50606187,1.35058195,0.19822393,-0.50670647,1.35153548,7.80094242,0.00000005
7.09000000,MOVE_LEG_FORWARD,0.00016831,-0.00721425,0.00424570,-0.07308560,0.06365562,0.31372998,-0.07673597,0.05982517,0.09395518,0.02546618,0.00775542,33.28004828,0.00000000,46.04911931,37.77867174,0.19320747,-0.50606203,1.35058227,0.19822393,-0.50670647,1.35153548,7.80095106,0.00000007
7.10000000,MOVE_LEG_FORWARD,0.00016812,-0.00721442,0.00424581,-0.07308568,0.06365567,0.31372998,-0.07673604,0.05982522,0.09395527,0.02546632,0.00775556,33.27990485,0.00000000,46.04955731,37.77854906,0.19320751,-0.50606220,1.35058266,0.19822399,-0.50670679,1.35153619,7.80101818,0.00000006
7.11000000,MOVE_LEG_FORWARD,0.00016793,-0.00721460,0.00424593,-0.07308576,0.06365573,0.31372999,-0.07673612,0.05982528,0.09395536,0.02546645,0.00775569,33.27976286,0.00000000,46.04958854,37.77847842,0.19320754,-0.50606235,1.35058298,0.19822399,-0.50670679,1.35153619,7.80103159,0.00000008
7.12000000,MOVE_LEG_FORWARD,0.00016776,-0.00721478,0.00424605,-0.07308584,0.06365579,0.31372999,-0.07673619,0.05982533,0.09395544,0.02546660,0.00775584,33.27961978,0.00000000,46.04999413,37.77835953,0.19320758,-0.50606253,1.35058341,0.19822406,-0.50670711,1.35153692,7.80109469,0.00000006
7.13000000,MOVE_LEG_FORWARD,0.00016757,-0.00721496,0.00424617,-0.07308593,0.06365585,0.31373000,-0.07673627,0.05982539,0.09395552,0.02546673,0.00775597,33.27948230,0.00000000,46.05002874,37.77829374,0.19320761,-0.50606269,1.35058372,0.19822406,-0.50670711,1.35153692,7.80110913,0.00000008
7.14000000,MOVE_LEG_FORWARD,0.00016741,-0.00721513,0.00424629,-0.07308601,0.06365591,0.31373000,-0.07673635,0.05982544,0.09395560,0.02546688,0.00775612,33.27934714,0.00000000,46.05039312,37.77818278,0.19320765,-0.50606287,1.35058416,0.19822412,-0.50670743,1.35153764,7.80116688,0.00000006
7.15000000,MOVE_LEG_FORWARD,0.00016724,-0.00721530,0.00424640,-0.07308609,0.06365596,0.31373001,-0.07673643,0.05982549,0.09395567,0.02546701,0.00775625,33.27922030,0.00000000,46.05042461,37.77812347,0.19320768,-0.50606302,1.35058446,0.19822412,-0.50670743,1.35153764,7.80118099,0.00000009
7.16000000,MOVE_LEG_FORWARD,0.00016709,-0.00721546,0.00424651,-0.07308617,0.06365602,0.31373002,-0.07673650,0.05982554,0.09395574,0.02546715,0.00775639,33.27909952,0.00000000,46.05076865,37.77802194,0.19320772,-0.50606320,1.35058489,0.19822418,-0.50670774,1.35153835,7.80123577,0.00000006
7.17000000,MOVE_LEG_FORWARD,0.00016695,-0.00721562,0.00424662,-0.07308625,0.06365607,0.31373003,-0.07673658,0.05982559,0.09395581,0.02546727,0.00775651,33.27898953,0.00000000,46.05078018,37.77797229,0.19320775,-0.50606334,1.35058518,0.19822418,-0.50670774,1.35153835,7.80124690,0.00000008
7.18000000,MOVE_LEG_FORWARD,0.00016682,-0.00721577,0.00424672,-0.07308632,0.06365612,0.31373004,-0.07673665,0.05982564,0.09395587,0.02546739,0.00775663,33.27888804,0.00000000,46.05119687,37.77787895,0.19320779,-0.50606349,1.35058554,0.19822425,-0.50670807,1.35153908,7.80131131,0.00000005
7.19000000,MOVE_LEG_FORWARD,0.00016670,-0.00721590,0.00424682,-0.07308639,0.06365616,0.31373005,-0.07673671,0.05982568,0.09395592,0.02546750,0.00775675,33.27880098,0.00000000,46.05111115,37.77784366,0.19320782,-0.50606364,1.35058587,0.19822425,-0.50670807,1.35153908,7.80130802,0.00000005
7.20000000,MOVE_LEG_FORWARD,0.00016659,-0.00721603,0.00424690,-0.07308646,0.06365620,0.31373006,-0.07673678,0.05982572,0.09395597,0.02546760,0.00775684,33.27872579,0.00000000,46.05113052,37.77781387,0.19320784,-0.50606374,1.35058606,0.19822425,-0.50670807,1.35153908,7.80131851,0.00000009
7.21000000,MOVE_LEG_FORWARD,0.00016651,-0.00721614,0.00424698,-0.07308652,0.06365624,0.31373007,-0.07673683,0.05982575,0.09395601,0.02546770,0.00775694,33.27866114,0.00000000,46.05145698,37.77774258,0.19320787,-0.50606388,1.35058641,0.19822431,-0.50670839,1.35153980,7.80136873,0.00000004
7.22000000,MOVE_LEG_FORWARD,0.00016644,-0.00721624,0.00424705,-0.07308657,0.06365627,0.31373007,-0.07673689,0.05982578,0.09395604,0.02546779,0.00775703,33.27860887,0.00000000,46.05140618,37.77772352,0.19320790,-0.50606400,1.35058668,0.19822431,-0.50670839,1.35153980,7.80136957,0.00000004
7.23000000,MOVE_LEG_FORWARD,0.00016637,-0.00721633,0.00424711,-0.07308662,0.06365630,0.31373008,-0.07673693,0.05982581,0.09395607,0.02546785,0.00775710,33.27856893,0.00000000,46.05140091,37.77771303,0.19320792,-0.50606408,1.35058684,0.19822431,-0.50670839,1.35153980,7.80137525,0.00000006
7.24000000,MOVE_LEG_FORWARD,0.00016632,-0.00721641,0.00424716,-0.07308667,0.06365632,0.31373009,-0.07673698,0.05982583,0.09395609,0.02546790,0.00775715,33.27854381,0.00000000,46.05139946,37.77771348,0.19320793,-0.50606413,1.35058693,0.19822431,-0.50670839,1.35153980,7.80137991,0.00000009
7.25000000,MOVE_LEG_FORWARD,0.00016628,-0.00721648,0.00424719,-0.07308671,0.06365634,0.31373009,-0.07673701,0.05982585,0.09395611,0.02546795,0.00775720,33.27853806,0.00000000,46.05205166,37.77769722,0.19320793,-0.50606418,1.35058707,0.19822438,-0.50670870,1.35154051,7.80147615,0.00000003
7.26000000,MOVE_LEG_FORWARD,0.00016628,-0.00721651,0.00424722,-0.07308674,0.06365636,0.31373010,-0.07673704,0.05982587,0.09395612,0.02546801,0.00775725,33.27852685,0.00000000,46.05163269,37.77767799,0.19320796,-0.50606430,1.35058736,0.19822438,-0.50670870,1.35154051,7.80141947,0.00000002
7.27000000,MOVE_LEG_FORWARD,0.00016628,-0.00721653,0.00424725,-0.07308676,0.06365637,0.31373010,-0.07673707,0.05982588,0.09395612,0.02546804,0.00775729,33.27852792,0.00000000,46.05158459,37.77768446,0.19320797,-0.50606438,1.35058753,0.19822438,-0.50670870,1.35154051,7.80141814,0.00000002
7.28000000,MOVE_LEG_FORWARD,0.00016629,-0.00721654,0.00424726,-0.07308678,0.06365637,0.31373011,-0.07673709,0.05982588,0.09395612,0.02546807,0.00775731,33.27853636,0.00000000,46.05154260,37.77770162,0.19320798,-0.50606443,1.35058763,0.19822438,-0.50670870,1.35154051,7.80141606,0.00000002
7.29000000,MOVE_LEG_FORWARD,0.00016631,-0.00721655,0.00424726,-0.07308680,0.06365638,0.31373011,-0.07673710,0.05982589,0.09395611,0.02546807,0.00775732,33.27855277,0.00000000,46.05149958,37.77772650,0.19320799,-0.50606446,1.35058769,0.19822438,-0.50670870,1.35154051,7.80141258,0.00000001
7.30000000,MOVE_LEG_FORWARD,0.00016635,-0.00721654,0.00424726,-0.07308681,0.06365637,0.31373012,-0.07673711,0.05982588,0.09395610,0.02546807,0.00775732,33.27857706,0.00000000,46.05145367,37.77775619,0.19320799,-0.50606448,1.35058773,0.19822438,-0.50670870,1.35154051,7.80140784,0.00000001
7.31000000,MOVE_LEG_FORWARD,0.00016640,-0.00721652,0.00424725,-0.07308681,0.06365637,0.31373012,-0.07673712,0.05982588,0.09395608,0.02546807,0.00775731,33.27860856,0.00000000,46.05140368,37.77778896,0.19320799,-0.50606449,1.35058775,0.19822438,-0.50670870,1.35154051,7.80140192,0.00000001
7.32000000,MOVE_LEG_FORWARD,0.00016645,-0.00721649,0.00424723,-0.07308681,0.06365635,0.31373012,-0.07673712,0.05982587,0.09395606,0.02546805,0.00775729,33.27864614,0.00000000,46.05134898,37.77782390,0.19320799,-0.50606449,1.35058776,0.19822438,-0.50670870,1.35154051,7.80139489,0.00000002
7.33000000,MOVE_LEG_FORWARD,0.00016652,-0.00721645,0.00424720,-0.07308680,0.06365634,0.31373012,-0.07673711,0.05982586,0.09395603,0.02546803,0.00775727,33.27868852,0.00000000,46.05128929,37.77786055,0.19320799,-0.50606449,1.35058777,0.19822438,-0.50670870,1.35154051,7.80138677,0.00000004
7.34000000,MOVE_LEG_FORWARD,0.00016660,-0.00721640,0.00424717,-0.07308679,0.06365632,0.31373012,-0.07673710,0.05982584,0.09395600,0.02546800,0.00775725,33.27873439,0.00000000,46.05122461,37.77789869,0.19320799,-0.50606449,1.35058777,0.19822438,-0.50670870,1.35154051,7.80137761,0.00000006
7.35000000,MOVE_LEG_FORWARD,0.00016669,-0.00721634,0.00424713,-0.07308677,0.06365630,0.31373013,-0.07673708,0.05982582,0.09395596,0.02546797,0.00775721,33.27878254,0.00000000,46.05115511,37.77793811,0.19320798,-0.50606449,1.35058778,0.19822438,-0.50670870,1.35154051,7.80136743,0.00000008
7.36000000,MOVE_LEG_FORWARD,0.00016678,-0.00721627,0.00424709,-0.07308675,0.06365628,0.31373013,-0.07673707,0.05982580,0.09395592,0.02546793,0.00775717,33.27882769,0.00000000,46.05043011,37.77800247,0.19320798,-0.50606447,1.35058770,0.19822431,-0.50670839,1.35153981,7.80126406,0.00000002
7.37000000,MOVE_LEG_FORWARD,0.00016687,-0.00721621,0.00424703,-0.07308672,0.06365625,0.31373013,-0.07673704,0.05982578,0.09395589,0.02546786,0.00775710,33.27889276,0.00000000,46.05076594,37.77807559,0.19320796,-0.50606436,1.35058744,0.19822431,-0.50670839,1.35153981,7.80131117,0.00000002
7.38000000,MOVE_LEG_FORWARD,0.00016696,-0.00721615,0.00424698,-0.07308670,0.06365622,0.31373013,-0.07673702,0.05982575,0.09395585,0.02546780,0.00775704,33.27895764,0.00000000,46.05072506,37.77812756,0.19320794,-0.50606428,1.35058729,0.19822431,-0.50670839,1.35153981,7.80130136,0.00000005
7.39000000,MOVE_LEG_FORWARD,0.00016707,-0.00721607,0.00424692,-0.07308666,0.06365619,0.31373012,-0.07673699,0.05982572,0.09395580,0.02546774,0.00775699,33.27902445,0.00000000,46.05067022,37.77817247,0.19320793,-0.50606423,1.35058721,0.19822431,-0.50670839,1.35153981,7.80129055,0.00000007
7.40000000,MOVE_LEG_FORWARD,0.00016717,-0.00721598,0.00424686,-0.07308663,0.06365616,0.31373012,-0.07673696,0.05982569,0.09395576,0.02546769,0.00775693,33.27908593,0.00000000,46.04967387,37.77821009,0.19320792,-0.50606419,1.35058710,0.19822425,-0.50670807,1.35153908,7.80114393,0.00000003
7.41000000,MOVE_LEG_FORWARD,0.00016726,-0.00721591,0.00424679,-0.07308660,0.06365613,0.31373012,-0.07673693,0.05982567,0.09395572,0.02546760,0.00775684,33.27916155,0.00000000,46.05029158,37.77830663,0.19320789,-0.50606407,1.35058679,0.19822425,-0.50670807,1.35153908,7.80123323,0.00000003
7.42000000,MOVE_LEG_FORWARD,0.00016736,-0.00721583,0.00424672,-0.07308656,0.06365610,0.31373011,-0.07673689,0.05982564,0.09395568,0.02546753,0.00775677,33.27923307,0.00000000,46.05026607,37.77835424,0.19320787,-0.50606398,1.35058662,0.19822425,-0.50670807,1.35153908,7.80122460,0.00000005
7.43000000,MOVE_LEG_FORWARD,0.00016746,-0.00721575,0.00424666,-0.07308652,0.06365607,0.31373011,-0.07673686,0.05982561,0.09395564,0.02546747,0.00775671,33.27930174,0.00000000,46.05022427,37.77839374,0.19320786,-0.50606392,1.35058651,0.19822425,-0.50670807,1.35153908,7.80121484,0.00000008
7.44000000,MOVE_LEG_FORWARD,0.00016755,-0.00721566,0.00424659,-0.07308649,0.06365604,0.31373010,-0.07673682,0.05982558,0.09395560,0.02546740,0.00775664,33.27936982,0.00000000,46.04966097,37.77847417,0.19320784,-0.50606385,1.35058632,0.19822419,-0.50670775,1.35153837,7.80113327,0.00000004
7.45000000,MOVE_LEG_FORWARD,0.00016763,-0.00721559,0.00424652,-0.07308645,0.06365601,0.31373010,-0.07673679,0.05982555,0.09395556,0.02546732,0.00775656,33.27943135,0.00000000,46.04988880,37.77851458,0.19320782,-0.50606373,1.35058604,0.19822419,-0.50670775,1.35153837,7.80116191,0.00000004
7.46000000,MOVE_LEG_FORWARD,0.00016772,-0.00721551,0.00424646,-0.07308641,0.06365598,0.31373009,-0.07673676,0.05982552,0.09395553,0.02546725,0.00775649,33.27949285,0.00000000,46.04987257,37.77855152,0.19320780,-0.50606365,1.35058588,0.19822419,-0.50670775,1.35153837,7.80115452,0.00000005
7.47000000,MOVE_LEG_FORWARD,0.00016780,-0.00721543,0.00424640,-0.07308638,0.06365595,0.31373009,-0.07673672,0.05982550,0.09395550,0.02546719,0.00775643,33.27954784,0.00000000,46.04984557,37.77857899,0.19320778,-0.50606359,1.35058578,0.19822419,-0.50670775,1.35153837,7.80114687,0.00000008
7.48000000,MOVE_LEG_FORWARD,0.00016788,-0.00721535,0.00424634,-0.07308634,0.06365592,0.31373008,-0.07673669,0.05982547,0.09395546,0.02546714,0.00775638,33.27959020,0.00000000,46.04890255,37.77859734,0.19320778,-0.50606355,1.35058566,0.19822412,-0.50670744,1.35153766,7.80100730,0.00000004
7.49000000,MOVE_LEG_FORWARD,0.00016793,-0.00721530,0.00424629,-0.07308631,0.06365590,0.31373008,-0.07673666,0.05982545,0.09395544,0.02546706,0.00775630,33.27964024,0.00000000,46.04953525,37.77867116,0.19320775,-0.50606343,1.35058537,0.19822412,-0.50670744,1.35153766,7.80109821,0.00000004
7.50000000,MOVE_LEG_FORWARD,0.00016799,-0.00721524,0.00424624,-0.07308628,0.06365588,0.31373007,-0.07673663,0.05982543,0.09395541,0.02546700,0.00775625,33.27968160,0.00000000,46.04954312,37.77869529,0.19320773,-0.50606334,1.35058519,0.19822412,-0.50670744,1.35153766,7.80109413,0.00000004
7.51000000,RETURN_LEG,0.00016804,-0.00721518,0.00424619,-0.07308625,0.06365585,0.31373007,-0.07673660,0.05982541,0.09395539,0.02546696,0.00775620,33.27971695,0.00000000,46.04953749,37.77870966,0.19320772,-0.50606329,1.35058508,0.19822412,-0.50670744,1.35153766,7.80108948,0.00000005
7.52000000,RETURN_LEG,0.00016809,-0.00721513,0.00424616,-0.07308622,0.06365584,0.31373006,-0.07673658,0.05982539,0.09395537,0.02546692,0.00775616,33.27974444,0.00000000,46.04952797,37.77871649,0.19320771,-0.50606326,1.35058502,0.19822412,-0.50670744,1.35153766,7.80108528,0.00000007
7.53000000,RETURN_LEG,0.00016813,-0.00721508,0.00424612,-0.07308620,0.06365582,0.31373006,-0.07673655,0.05982538,0.09395536,0.02546689,0.00775613,33.27976326,0.00000000,46.04951675,37.77871852,0.19320771,-0.50606324,1.35058498,0.19822412,-0.50670744,1.35153766,7.80108143,0.00000008
7.54000000,RETURN_LEG,0.00016817,-0.00721503,0.00424610,-0.07308618,0.06365581,0.31373006,-0.07673653,0.05982536,0.09395534,0.02546686,0.00775611,33.27977353,0.00000000,46.04950534,37.77871731,0.19320770,-0.50606323,1.35058496,0.19822412,-0.50670744,1.35153766,7.80107789,0.00000009
7.55000000,RETURN_LEG,0.00016819,-0.00721499,0.00424608,-0.07308616,0.06365579,0.31373006,-0.07673651,0.05982535,0.09395533,0.02546684,0.00775608,33.27978151,0.00000000,46.04898440,37.77876018,0.19320770,-0.50606319,1.35058483,0.19822406,-0.50670712,1.35153695,7.80100358,0.00000004
7.56000000,RETURN_LEG,0.00016819,-0.00721498,0.00424606,-0.07308614,0.06365578,0.31373005,-0.07673649,0.05982534,0.09395533,0.02546679,0.00775604,33.27978456,0.00000000,46.04925371,37.77876473,0.19320768,-0.50606308,1.35058458,0.19822406,-0.50670712,1.35153695,7.80103908,0.00000003
7.57000000,RETURN_LEG,0.00016819,-0.00721498,0.00424605,-0.07308613,0.06365578,0.31373005,-0.07673648,0.05982533,0.09395532,0.02546677,0.00775601,33.27979140,0.00000000,46.04928621,37.77876613,0.19320766,-0.50606301,1.35058443,0.19822406,-0.50670712,1.35153695,7.80103954,0.00000003
7.58000000,RETURN_LEG,0.00016818,-0.00721497,0.00424604,-0.07308611,0.06365577,0.31373005,-0.07673647,0.05982533,0.09395532,0.02546675,0.00775600,33.27979695,0.00000000,46.04931246,37.77875822,0.19320765,-0.50606296,1.35058435,0.19822406,-0.50670712,1.35153695,7.80104049,0.00000003
7.59000000,RETURN_LEG,0.00016817,-0.00721497,0.00424603,-0.07308610,0.06365577,0.31373004,-0.07673646,0.05982533,0.09395533,0.02546674,0.00775599,33.27979955,0.00000000,46.04933765,37.77874418,0.19320765,-0.50606293,1.35058430,0.19822406,-0.50670712,1.35153695,7.80104230,0.00000003
7.60000000,RETURN_LEG,0.00016815,-0.00721497,0.00424603,-0.07308610,0.06365577,0.31373004,-0.07673645,0.05982533,0.09395533,0.02546674,0.00775598,33.27979812,0.00000000,46.04936337,37.77872676,0.19320765,-0.50606292,1.35058427,0.19822406,-0.50670712,1.35153695,7.80104482,0.00000003
7.61000000,RETURN_LEG,0.00016813,-0.00721498,0.00424603,-0.07308610,0.06365578,0.31373004,-0.07673645,0.05982533,0.09395534,0.02546674,0.00775598,33.27979224,0.00000000,46.04939057,37.77870757,0.19320765,-0.50606291,1.35058425,0.19822406,-0.50670712,1.35153695,7.80104795,0.00000003
7.62000000,RETURN_LEG,0.00016810,-0.00721499,0.00424604,-0.07308609,0.06365578,0.31373004,-0.07673645,0.05982534,0.09395535,0.02546675,0.00775599,33.27978196,0.00000000,46.04941980,37.77868737,0.19320765,-0.50606291,1.35058423,0.19822406,-0.50670712,1.35153695,7.80105163,0.00000002
7.63000000,RETURN_LEG,0.00016806,-0.00721500,0.00424605,-0.07308610,0.06365579,0.31373004,-0.07673645,0.05982534,0.09395537,0.02546675,0.00775600,33.27976766,0.00000000,46.04945123,37.77866643,0.19320765,-0.50606291,1.35058423,0.19822406,-0.50670712,1.35153695,7.80105580,0.00000002
7.64000000,RETURN_LEG,0.00016802,-0.00721502,0.00424607,-0.07308610,0.06365580,0.31373003,-0.07673645,0.05982535,0.09395538,0.02546677,0.00775601,33.27974994,0.00000000,46.04948487,37.77864478,0.19320765,-0.50606291,1.35058422,0.19822406,-0.50670712,1.35153695,7.80106044,0.00000003
7.65000000,RETURN_LEG,0.00016797,-0.00721505,0.00424609,-0.07308611,0.06365581,0.31373003,-0.07673646,0.05982536,0.09395540,0.02546678,0.00775602,33.27972945,0.00000000,46.04952059,37.77862240,0.19320765,-0.50606291,1.35058422,0.19822406,-0.50670712,1.35153695,7.80106553,0.00000004
7.66000000,RETURN_LEG,0.00016792,-0.00721508,0.00424611,-0.07308612,0.06365583,0.31373003,-0.07673647,0.05982537,0.09395542,0.02546680,0.00775604,33.27970686,0.00000000,46.04955825,37.77859930,0.19320765,-0.50606291,1.35058422,0.19822406,-0.50670712,1.35153695,7.80107104,0.00000005
7.67000000,RETURN_LEG,0.00016786,-0.00721512,0.00424613,-0.07308613,0.06365584,0.31373003,-0.07673648,0.05982539,0.09395544,0.02546682,0.00775606,33.27968282,0.00000000,46.04959769,37.77857556,0.19320765,-0.50606291,1.35058422,0.19822406,-0.50670712,1.35153695,7.80107697,0.00000007
7.68000000,RETURN_LEG,0.00016781,-0.00721516,0.00424616,-0.07308614,0.06365586,0.31373003,-0.07673649,0.05982540,0.09395546,0.02546684,0.00775608,33.27965789,0.00000000,46.04963877,37.77855132,0.19320765,-0.50606291,1.35058422,0.19822406,-0.50670712,1.35153695,7.80108329,0.00000008
7.69000000,RETURN_LEG,0.00016774,-0.00721521,0.00424619,-0.07308616,0.06365587,0.31373003,-0.07673650,0.05982542,0.09395549,0.02546686,0.00775611,33.27963254,0.00000000,46.04968133,37.77852678,0.19320765,-0.50606291,1.35058422,0.19822406,-0.50670712,1.35153695,7.80108998,0.00000010
7.70000000,RETURN_LEG,0.00016770,-0.00721524,0.00424622,-0.07308617,0.06365589,0.31373003,-0.07673652,0.05982544,0.09395551,0.02546691,0.00775616,33.27960032,0.00000000,46.05000241,37.77844941,0.19320767,-0.50606300,1.35058448,0.19822412,-0.50670744,1.35153767,7.80113450,0.00000001
7.71000000,RETURN_LEG,0.00016765,-0.00721527,0.00424626,-0.07308619,0.06365591,0.31373003,-0.07673653,0.05982545,0.09395553,0.02546696,0.00775620,33.27956197,0.00000000,46.04998269,37.77841451,0.19320769,-0.50606309,1.35058466,0.19822412,-0.50670744,1.35153767,7.80113575,0.00000002
7.72000000,RETURN_LEG,0.00016759,-0.00721530,0.00424630,-0.07308621,0.06365593,0.31373003,-0.07673655,0.05982547,0.09395555,0.02546700,0.00775624,33.27951973,0.00000000,46.04999529,37.77838483,0.19320770,-0.50606315,1.35058477,0.19822412,-0.50670744,1.35153767,7.80114061,0.00000003
7.73000000,RETURN_LEG,0.00016754,-0.00721535,0.00424633,-0.07308623,0.06365595,0.31373004,-0.07673657,0.05982548,0.09395557,0.02546703,0.00775628,33.27947733,0.00000000,46.05001394,37.77836177,0.19320771,-0.50606319,1.35058483,0.19822412,-0.50670744,1.35153767,7.80114534,0.00000005
7.74000000,RETURN_LEG,0.00016748,-0.00721539,0.00424637,-0.07308624,0.06365596,0.31373004,-0.07673658,0.05982550,0.09395560,0.02546707,0.00775631,33.27943753,0.00000000,46.05003647,37.77834232,0.19320771,-0.50606321,1.35058487,0.19822412,-0.50670744,1.35153767,7.80115005,0.00000006
7.75000000,RETURN_LEG,0.00016742,-0.00721545,0.00424641,-0.07308626,0.06365598,0.31373004,-0.07673660,0.05982552,0.09395562,0.02546710,0.00775634,33.27940216,0.00000000,46.05006164,37.77832474,0.19320772,-0.50606322,1.35058490,0.19822412,-0.50670744,1.35153767,7.80115486,0.00000008
7.76000000,RETURN_LEG,0.00016737,-0.00721550,0.00424644,-0.07308628,0.06365600,0.31373005,-0.07673662,0.05982553,0.09395564,0.02546713,0.00775637,33.27937217,0.00000000,46.05008858,37.77830828,0.19320772,-0.50606322,1.35058491,0.19822412,-0.50670744,1.35153767,7.80115986,0.00000009
7.77000000,RETURN_LEG,0.00016733,-0.00721554,0.00424648,-0.07308630,0.06365601,0.31373005,-0.07673664,0.05982555,0.09395566,0.02546718,0.00775642,33.27934147,0.00000000,46.05041131,37.77824012,0.19320774,-0.50606330,1.35058515,0.19822419,-0.50670776,1.35153838,7.80120475,0.00000001
7.78000000,RETURN_LEG,0.00016730,-0.00721556,0.00424651,-0.07308632,0.06365603,0.31373005,-0.07673666,0.05982556,0.09395567,0.02546723,0.00775647,33.27931054,0.00000000,46.05036137,37.77821664,0.19320776,-0.50606340,1.35058535,0.19822419,-0.50670776,1.35153838,7.80120198,0.00000001
7.79000000,RETURN_LEG,0.00016726,-0.00721559,0.00424655,-0.07308634,0.06365604,0.31373006,-0.07673667,0.05982558,0.09395569,0.02546727,0.00775651,33.27927923,0.00000000,46.05035682,37.77819762,0.19320777,-0.50606346,1.35058547,0.19822419,-0.50670776,1.35153838,7.80120475,0.00000002
7.80000000,RETURN_LEG,0.00016723,-0.00721562,0.00424658,-0.07308636,0.06365606,0.31373006,-0.07673669,0.05982559,0.09395570,0.02546730,0.00775654,33.27925095,0.00000000,46.05035817,37.77818673,0.19320778,-0.50606350,1.35058554,0.19822419,-0.50670776,1.35153838,7.80120727,0.00000003
7.81000000,RETURN_LEG,0.00016720,-0.00721566,0.00424661,-0.07308637,0.06365607,0.31373007,-0.07673670,0.05982560,0.09395571,0.02546732,0.00775656,33.27922757,0.00000000,46.05036287,37.77818087,0.19320778,-0.50606352,1.35058558,0.19822419,-0.50670776,1.35153838,7.80120956,0.00000004
7.82000000,RETURN_LEG,0.00016717,-0.00721569,0.00424663,-0.07308639,0.06365608,0.31373007,-0.07673672,0.05982561,0.09395572,0.02546734,0.00775659,33.27921008,0.00000000,46.05036946,37.77817798,0.19320779,-0.50606353,1.35058561,0.19822419,-0.50670776,1.35153838,7.80121173,0.00000005
7.83000000,RETURN_LEG,0.00016714,-0.00721572,0.00424665,-0.07308640,0.06365609,0.31373007,-0.07673673,0.05982562,0.09395573,0.02546736,0.00775660,33.27919869,0.00000000,46.05037690,37.77817703,0.19320779,-0.50606354,1.35058562,0.19822419,-0.50670776,1.35153838,7.80121384,0.00000006
7.84000000,RETURN_LEG,0.00016712,-0.00721575,0.00424666,-0.07308641,0.06365610,0.31373007,-0.07673674,0.05982563,0.09395574,0.02546737,0.00775662,33.27919302,0.00000000,46.05038449,37.77817759,0.19320779,-0.50606354,1.35058563,0.19822419,-0.50670776,1.35153838,7.80121589,0.00000007
7.85000000,RETURN_LEG,0.00016711,-0.00721577,0.00424667,-0.07308642,0.06365610,0.31373007,-0.07673675,0.05982563,0.09395574,0.02546738,0.00775663,33.27919233,0.00000000,46.05039171,37.77817956,0.19320779,-0.50606354,1.35058564,0.19822419,-0.50670776,1.35153838,7.80121784,0.00000007
7.86000000,RETURN_LEG,0.00016710,-0.00721580,0.00424668,-0.07308643,0.06365611,0.31373007,-0.07673676,0.05982564,0.09395575,0.02546739,0.00775664,33.27919566,0.00000000,46.05039820,37.77818297,0.19320779,-0.50606354,1.35058564,0.19822419,-0.50670776,1.35153838,7.80121966,0.00000008
7.87000000,RETURN_LEG,0.00016709,-0.00721581,0.00424668,-0.07308644,0.06365611,0.31373007,-0.07673677,0.05982564,0.09395575,0.02546740,0.00775664,33.27920197,0.00000000,46.05040363,37.77818781,0.19320779,-0.50606354,1.35058565,0.19822419,-0.50670776,1.35153838,7.80122129,0.00000008
7.88000000,RETURN_LEG,0.00016708,-0.00721582,0.00424668,-0.07308645,0.06365612,0.31373007,-0.07673678,0.05982565,0.09395576,0.02546740,0.00775664,33.27921024,0.00000000,46.05040770,37.77819400,0.19320779,-0.50606354,1.35058565,0.19822419,-0.50670776,1.35153838,7.80122267,0.00000009
7.89000000,RETURN_LEG,0.00016708,-0.00721583,0.00424668,-0.07308645,0.06365612,0.31373007,-0.07673678,0.05982565,0.09395576,0.02546740,0.00775665,33.27921957,0.00000000,46.05041013,37.77820139,0.19320779,-0.50606354,1.35058565,0.19822419,-0.50670776,1.35153838,7.80122376,0.00000009
7.90000000,RETURN_LEG,0.00016708,-0.00721584,0.00424667,-0.07308646,0.06365612,0.31373007,-0.07673679,0.05982565,0.09395576,0.02546740,0.00775664,33.27922916,0.00000000,46.05041067,37.77820974,0.19320779,-0.50606354,1.35058565,0.19822419,-0.50670776,1.35153838,7.80122450,0.00000009
7.91000000,RETURN_LEG,0.00016709,-0.00721584,0.00424667,-0.07308646,0.06365612,0.31373006,-0.07673679,0.05982565,0.09395576,0.02546740,0.00775664,33.27923843,0.00000000,46.05040911,37.77821880,0.19320779,-0.50606354,1.35058565,0.19822419,-0.50670776,1.35153838,7.80122488,0.00000009
7.92000000,RETURN_LEG,0.00016709,-0.00721584,0.00424666,-0.07308647,0.06365612,0.31373006,-0.07673679,0.05982565,0.09395576,0.02546739,0.00775664,33.27924693,0.00000000,46.05040532,37.77822831,0.19320778,-0.50606354,1.35058565,0.19822419,-0.50670776,1.35153838,7.80122485,0.00000009
7.93000000,RETURN_LEG,0.00016710,-0.00721584,0.00424665,-0.07308647,0.06365612,0.31373006,-0.07673680,0.05982565,0.09395576,0.02546739,0.00775663,33.27925442,0.00000000,46.05039924,37.77823803,0.19320778,-0.50606354,1.35058565,0.19822419,-0.50670776,1.35153838,7.80122442,0.00000009
7.94000000,RETURN_LEG,0.00016712,-0.00721583,0.00424664,-0.07308647,0.06365612,0.31373006,-0.07673680,0.05982565,0.09395575,0.02546738,0.00775663,33.27926079,0.00000000,46.05039088,37.77824779,0.19320778,-0.50606354,1.35058565,0.19822419,-0.50670776,1.35153838,7.80122359,0.00000008
7.95000000,RETURN_LEG,0.00016713,-0.00721583,0.00424663,-0.07308647,0.06365612,0.31373006,-0.07673680,0.05982565,0.09395575,0.02546738,0.00775662,33.27926609,0.00000000,46.05038035,37.77825742,0.19320778,-0.50606354,1.35058565,0.19822419,-0.50670776,1.35153838,7.80122237,0.00000008
7.96000000,RETURN_LEG,0.00016715,-0.00721582,0.00424662,-0.07308647,0.06365611,0.31373006,-0.07673680,0.05982565,0.09395574,0.02546737,0.00775662,33.27927046,0.00000000,46.05036780,37.77826684,0.19320778,-0.50606354,1.35058565,0.19822419,-0.50670776,1.35153838,7.80122078,0.00000008
7.97000000,RETURN_LEG,0.00016717,-0.00721581,0.00424661,-0.07308647,0.06365611,0.31373006,-0.07673680,0.05982564,0.09395574,0.02546737,0.00775661,33.27927415,0.00000000,46.05035346,37.77827600,0.19320778,-0.50606354,1.35058565,0.19822419,-0.50670776,1.35153838,7.80121887,0.00000007
7.98000000,RETURN_LEG,0.00016719,-0.00721580,0.00424660,-0.07308647,0.06365610,0.31373006,-0.07673680,0.05982564,0.09395573,0.02546736,0.00775660,33.27927741,0.00000000,46.05033758,37.77828488,0.19320778,-0.50606354,1.35058565,0.19822419,-0.50670776,1.35153838,7.80121665,0.00000007
7.99000000,RETURN_LEG,0.00016721,-0.00721579,0.00424659,-0.07308646,0.06365610,0.31373006,-0.07673679,0.05982563,0.09395572,0.02546735,0.00775660,33.27928055,0.00000000,46.05032043,37.77829349,0.19320778,-0.50606354,1.35058565,0.19822419,-0.50670776,1.35153838,7.80121419,0.00000006
8.00000000,RETURN_LEG,0.00016723,-0.00721578,0.00424658,-0.07308646,0.06365609,0.31373006,-0.07673679,0.05982563,0.09395571,0.02546734,0.00775659,33.27928384,0.00000000,46.05030231,37.77830186,0.19320778,-0.50606354,1.35058565,0.19822419,-0.50670776,1.35153838,7.80121151,0.00000006
8.01000000,RETURN_LEG,0.00016725,-0.00721576,0.00424657,-0.07308645,0.06365609,0.31373006,-0.07673679,0.05982562,0.09395571,0.02546734,0.00775658,33.27928753,0.00000000,46.05028348,37.77831003,0.19320778,-0.50606354,1.35058565,0.19822419,-0.50670776,1.35153838,7.80120866,0.00000005
8.02000000,RETURN_LEG,0.00016728,-0.00721574,0.00424656,-0.07308645,0.06365608,0.31373006,-0.07673678,0.05982561,0.09395570,0.02546733,0.00775657,33.27929184,0.00000000,46.05026421,37.77831803,0.19320778,-0.50606354,1.35058565,0.19822419,-0.50670776,1.35153838,7.80120568,0.00000005
8.03000000,RETURN_LEG,0.00016730,-0.00721573,0.00424655,-0.07308644,0.06365607,0.31373006,-0.07673678,0.05982561,0.09395569,0.02546732,0.00775656,33.27929691,0.00000000,46.05024472,37.77832590,0.19320778,-0.50606354,1.35058565,0.19822419,-0.50670776,1.35153838,7.80120261,0.00000004
8.04000000,RETURN_LEG,0.00016733,-0.00721571,0.00424654,-0.07308644,0.06365606,0.31373006,-0.07673677,0.05982560,0.09395568,0.02546731,0.00775656,33.27930285,0.00000000,46.05022521,37.77833367,0.19320778,-0.50606354,1.35058565,0.19822419,-0.50670776,1.35153838,7.80119948,0.00000003
8.05000000,RETURN_LEG,0.00016736,-0.00721569,0.00424653,-0.07308643,0.06365605,0.31373006,-0.07673676,0.05982559,0.09395567,0.02546730,0.00775655,33.27930968,0.00000000,46.05020585,37.77834134,0.19320778,-0.50606354,1.35058565,0.19822419,-0.50670776,1.35153838,7.80119631,0.00000003
8.06000000,RETURN_LEG,0.00016738,-0.00721567,0.00424652,-0.07308642,0.06365605,0.31373007,-0.07673676,0.05982558,0.09395566,0.02546729,0.00775654,33.27931737,0.00000000,46.05018678,37.77834891,0.19320778,-0.50606354,1.35058565,0.19822419,-0.50670776,1.35153838,7.80119312,0.00000002
8.07000000,RETURN_LEG,0.00016741,-0.00721565,0.00424651,-0.07308641,0.06365604,0.31373007,-0.07673675,0.05982558,0.09395565,0.02546728,0.00775653,33.27932587,0.00000000,46.05016809,37.77835636,0.19320778,-0.50606354,1.35058565,0.19822419,-0.50670776,1.35153838,7.80118995,0.00000002
8.08000000,RETURN_LEG,0.00016743,-0.00721562,0.00424650,-0.07308641,0.06365603,0.31373007,-0.07673674,0.05982557,0.09395564,0.02546728,0.00775652,33.27933506,0.00000000,46.05014986,37.77836369,0.19320778,-0.50606354,1.35058565,0.19822419,-0.50670776,1.35153838,7.80118679,0.00000002
8.09000000,RETURN_LEG,0.00016746,-0.00721560,0.00424650,-0.07308640,0.06365602,0.31373007,-0.07673673,0.05982556,0.09395563,0.02546727,0.00775651,33.27934480,0.00000000,46.05013214,37.77837085,0.19320778,-0.50606354,1.35058565,0.19822419,-0.50670776,1.35153838,7.80118367,0.00000002
8.10000000,RETURN_LEG,0.00016749,-0.00721558,0.00424649,-0.07308639,0.06365601,0.31373007,-0.07673672,0.05982555,0.09395562,0.02546726,0.00775650,33.27935494,0.00000000,46.05011497,37.77837781,0.19320778,-0.50606354,1.35058565,0.19822419,-0.50670776,1.35153838,7.80118059,0.00000002
8.11000000,RETURN_LEG,0.00016751,-0.00721555,0.00424648,-0.07308638,0.06365600,0.31373007,-0.07673672,0.05982554,0.09395561,0.02546725,0.00775649,33.27936531,0.00000000,46.05009837,37.77838454,0.19320778,-0.50606354,1.35058565,0.19822419,-0.50670776,1.35153838,7.80117756,0.00000002
8.12000000,RETURN_LEG,0.00016754,-0.00721553,0.00424647,-0.07308637,0.06365600,0.31373007,-0.07673671,0.05982554,0.09395559,0.02546724,0.00775648,33.27937574,0.00000000,46.05008235,37.77839100,0.19320778,-0.50606354,1.35058565,0.19822419,-0.50670776,1.35153838,7.80117459,0.00000003
8.13000000,RETURN_LEG,0.00016756,-0.00721550,0.00424646,-0.07308636,0.06365599,0.31373007,-0.07673670,0.05982553,0.09395558,0.02546722,0.00775647,33.27938610,0.00000000,46.05006692,37.77839716,0.19320778,-0.50606354,1.35058565,0.19822419,-0.50670776,1.35153838,7.80117168,0.00000003
8.14000000,RETURN_LEG,0.00016758,-0.00721548,0.00424646,-0.07308635,0.06365598,0.31373008,-0.07673669,0.05982552,0.09395557,0.02546721,0.00775646,33.27939623,0.00000000,46.05005207,37.77840298,0.19320778,-0.50606354,1.35058565,0.19822419,-0.50670776,1.35153838,7.80116884,0.00000004
8.15000000,RETURN_LEG,0.00016761,-0.00721545,0.00424645,-0.07308634,0.06365597,0.31373008,-0.07673668,0.05982551,0.09395556,0.02546720,0.00775645,33.27940603,0.00000000,46.05003784,37.77840845,0.19320778,-0.50606354,1.35058565,0.19822419,-0.50670776,1.35153838,7.80116607,0.00000005
8.16000000,RETURN_LEG,0.00016763,-0.00721543,0.00424644,-0.07308633,0.06365596,0.31373008,-0.07673667,0.05982551,0.09395555,0.02546720,0.00775644,33.27941539,0.00000000,46.05002421,37.77841354,0.19320778,-0.50606354,1.35058565,0.19822419,-0.50670776,1.35153838,7.80116339,0.00000005
8.17000000,RETURN_LEG,0.00016765,-0.00721540,0.00424643,-0.07308632,0.06365596,0.31373008,-0.07673666,0.05982550,0.09395555,0.02546719,0.00775643,33.27942425,0.00000000,46.05001122,37.77841826,0.19320778,-0.50606354,1.35058565,0.19822419,-0.50670776,1.35153838,7.80116080,0.00000006
8.18000000,RETURN_LEG,0.00016767,-0.00721538,0.00424643,-0.07308631,0.06365595,0.31373008,-0.07673665,0.05982549,0.09395554,0.02546718,0.00775642,33.27943254,0.00000000,46.04999888,37.77842260,0.19320778,-0.50606354,1.35058565,0.19822419,-0.50670776,1.35153838,7.80115830,0.00000007
8.19000000,RETURN_LEG,0.00016769,-0.00721536,0.00424642,-0.07308630,0.06365594,0.31373008,-0.07673664,0.05982549,0.09395553,0.02546717,0.00775641,33.27944025,0.00000000,46.04998721,37.77842655,0.19320778,-0.50606354,1.35058565,0.19822419,-0.50670776,1.35153838,7.80115591,0.00000007
8.20000000,RETURN_LEG,0.00016771,-0.00721534,0.00424642,-0.07308629,0.06365594,0.31373008,-0.07673664,0.05982548,0.09395552,0.02546716,0.00775640,33.27944734,0.00000000,46.04997624,37.77843014,0.19320778,-0.50606354,1.35058565,0.19822419,-0.50670776,1.35153838,7.80115363,0.00000008
8.21000000,RETURN_LEG,0.00016773,-0.00721532,0.00424641,-0.07308628,0.06365593,0.31373008,-0.07673663,0.05982547,0.09395551,0.02546715,0.00775640,33.27945383,0.00000000,46.04996600,37.77843337,0.19320778,-0.50606354,1.35058565,0.19822419,-0.50670776,1.35153838,7.80115146,0.00000009
8.22000000,RETURN_LEG,0.00016775,-0.00721530,0.00424640,-0.07308628,0.06365592,0.31373008,-0.07673662,0.05982547,0.09395550,0.02546714,0.00775639,33.27945973,0.00000000,46.04995652,37.77843625,0.19320778,-0.50606354,1.35058565,0.19822419,-0.50670776,1.35153838,7.80114943,0.00000009
8.23000000,RETURN_LEG,0.00016776,-0.00721528,0.00424640,-0.07308627,0.06365592,0.31373008,-0.07673661,0.05982546,0.09395550,0.02546714,0.00775638,33.27946504,0.00000000,46.04994782,37.77843881,0.19320778,-0.50606354,1.35058565,0.19822419,-0.50670776,1.35153838,7.80114753,0.00000010
8.24000000,RETURN_LEG,0.00016777,-0.00721527,0.00424639,-0.07308626,0.06365591,0.31373009,-0.07673660,0.05982546,0.09395549,0.02546712,0.00775637,33.27947523,0.00000000,46.04943177,37.77848742,0.19320778,-0.50606350,1.35058553,0.19822412,-0.50670744,1.35153767,7.80107498,0.00000002
8.25000000,RETURN_LEG,0.00016776,-0.00721528,0.00424638,-0.07308625,0.06365591,0.31373008,-0.07673660,0.05982545,0.09395549,0.02546709,0.00775633,33.27948642,0.00000000,46.04970156,37.77849979,0.19320775,-0.50606340,1.35058529,0.19822412,-0.50670744,1.35153767,7.80111155,0.00000002
8.26000000,RETURN_LEG,0.00016776,-0.00721529,0.00424637,-0.07308625,0.06365591,0.31373008,-0.07673659,0.05982545,0.09395549,0.02546707,0.00775631,33.27950591,0.00000000,46.04973419,37.77851084,0.19320774,-0.50606332,1.35058515,0.19822412,-0.50670744,1.35153767,7.80111298,0.00000002
8.27000000,RETURN_LEG,0.00016776,-0.00721529,0.00424635,-0.07308624,0.06365591,0.31373008,-0.07673659,0.05982545,0.09395549,0.02546705,0.00775629,33.27952719,0.00000000,46.04975876,37.77851430,0.19320773,-0.50606328,1.35058507,0.19822412,-0.50670744,1.35153767,7.80111455,0.00000002
8.28000000,RETURN_LEG,0.00016776,-0.00721529,0.00424634,-0.07308624,0.06365591,0.31373007,-0.07673658,0.05982545,0.09395549,0.02546704,0.00775628,33.27954725,0.00000000,46.04978006,37.77851318,0.19320772,-0.50606325,1.35058502,0.19822412,-0.50670744,1.35153767,7.80111657,0.00000002
8.29000000,RETURN_LEG,0.00016775,-0.00721529,0.00424633,-0.07308623,0.06365591,0.31373007,-0.07673658,0.05982545,0.09395549,0.02546703,0.00775628,33.27956386,0.00000000,46.04979935,37.77850999,0.19320772,-0.50606324,1.35058499,0.19822412,-0.50670744,1.35153767,7.80111884,0.00000002
8.30000000,RETURN_LEG,0.00016774,-0.00721529,0.00424632,-0.07308623,0.06365591,0.31373006,-0.07673658,0.05982545,0.09395549,0.02546702,0.00775627,33.27957565,0.00000000,46.04981735,37.77850599,0.19320772,-0.50606323,1.35058497,0.19822412,-0.50670744,1.35153767,7.80112123,0.00000001
8.31000000,RETURN_LEG,0.00016773,-0.00721529,0.00424631,-0.07308623,0.06365591,0.31373006,-0.07673658,0.05982545,0.09395550,0.02546702,0.00775626,33.27958201,0.00000000,46.04983443,37.77850162,0.19320772,-0.50606323,1.35058496,0.19822412,-0.50670744,1.35153767,7.80112362,0.00000001
8.32000000,RETURN_LEG,0.00016772,-0.00721529,0.00424631,-0.07308623,0.06365591,0.31373005,-0.07673658,0.05982546,0.09395550,0.02546702,0.00775626,33.27958287,0.00000000,46.04985072,37.77849684,0.19320771,-0.50606323,1.35058495,0.19822412,-0.50670744,1.35153767,7.80112596,0.00000001
8.33000000,RETURN_LEG,0.00016771,-0.00721530,0.00424630,-0.07308623,0.06365592,0.31373005,-0.07673658,0.05982546,0.09395551,0.02546702,0.00775626,33.27957862,0.00000000,46.04986626,37.77849139,0.19320771,-0.50606323,1.35058494,0.19822412,-0.50670744,1.35153767,7.80112825,0.00000001
8.34000000,RETURN_LEG,0.00016769,-0.00721530,0.00424631,-0.07308624,0.06365592,0.31373005,-0.07673658,0.05982546,0.09395552,0.02546702,0.00775626,33.27956992,0.00000000,46.04988107,37.77848504,0.19320771,-0.50606323,1.35058494,0.19822412,-0.50670744,1.35153767,7.80113046,0.00000002
8.35000000,RETURN_LEG,0.00016767,-0.00721531,0.00424631,-0.07308624,0.06365593,0.31373005,-0.07673659,0.05982547,0.09395553,0.02546702,0.00775627,33.27955759,0.00000000,46.04989525,37.77847762,0.19320771,-0.50606323,1.35058494,0.19822412,-0.50670744,1.35153767,7.80113264,0.00000002
8.36000000,RETURN_LEG,0.00016765,-0.00721533,0.00424632,-0.07308625,0.06365593,0.31373004,-0.07673659,0.05982547,0.09395553,0.02546703,0.00775627,33.27954257,0.00000000,46.04990895,37.77846912,0.19320771,-0.50606323,1.35058494,0.19822412,-0.50670744,1.35153767,7.80113479,0.00000003
8.37000000,RETURN_LEG,0.00016763,-0.00721535,0.00424632,-0.07308625,0.06365594,0.31373004,-0.07673660,0.05982548,0.09395554,0.02546704,0.00775628,33.27952577,0.00000000,46.04992239,37.77845965,0.19320771,-0.50606323,1.35058494,0.19822412,-0.50670744,1.35153767,7.80113696,0.00000003
8.38000000,RETURN_LEG,0.00016761,-0.00721537,0.00424633,-0.07308626,0.06365594,0.31373004,-0.07673660,0.05982549,0.09395555,0.02546705,0.00775629,33.27950806,0.00000000,46.04993582,37.77844939,0.19320771,-0.50606323,1.35058494,0.19822412,-0.50670744,1.35153767,7.80113919,0.00000004
8.39000000,RETURN_LEG,0.00016758,-0.00721539,0.00424634,-0.07308627,0.06365595,0.31373004,-0.07673661,0.05982549,0.09395556,0.02546706,0.00775630,33.27949021,0.00000000,46.04994948,37.77843859,0.19320771,-0.50606323,1.35058494,0.19822412,-0.50670744,1.35153767,7.80114151,0.00000005
8.40000000,RETURN_LEG,0.00016756,-0.00721542,0.00424635,-0.07308627,0.06365596,0.31373004,-0.07673661,0.05982550,0.09395557,0.02546707,0.00775632,33.27947287,0.00000000,46.04996360,37.77842752,0.19320771,-0.50606323,1.35058494,0.19822412,-0.50670744,1.35153767,7.80114394,0.00000005
8.41000000,RETURN_LEG,0.00016753,-0.00721544,0.00424637,-0.07308628,0.06365597,0.31373004,-0.07673662,0.05982551,0.09395558,0.02546708,0.00775633,33.27945652,0.00000000,46.04997833,37.77841643,0.19320772,-0.50606323,1.35058494,0.19822412,-0.50670744,1.35153767,7.80114651,0.00000006
8.42000000,RETURN_LEG,0.00016750,-0.00721547,0.00424638,-0.07308629,0.06365597,0.31373004,-0.07673663,0.05982551,0.09395559,0.02546710,0.00775634,33.27944150,0.00000000,46.04999379,37.77840554,0.19320772,-0.50606323,1.35058494,0.19822412,-0.50670744,1.35153767,7.80114923,0.00000007
8.43000000,RETURN_LEG,0.00016747,-0.00721549,0.00424639,-0.07308630,0.06365598,0.31373005,-0.07673664,0.05982552,0.09395560,0.02546711,0.00775635,33.27942802,0.00000000,46.05001000,37.77839501,0.19320772,-0.50606323,1.35058494,0.19822412,-0.50670744,1.35153767,7.80115209,0.00000008
8.44000000,RETURN_LEG,0.00016745,-0.00721552,0.00424640,-0.07308631,0.06365599,0.31373005,-0.07673665,0.05982553,0.09395562,0.02546712,0.00775637,33.27941613,0.00000000,46.05002692,37.77838496,0.19320772,-0.50606323,1.35058494,0.19822412,-0.50670744,1.35153767,7.80115508,0.00000009
8.45000000,RETURN_LEG,0.00016742,-0.00721555,0.00424642,-0.07308632,0.06365600,0.31373004,-0.07673666,0.05982554,0.09395563,0.02546713,0.00775638,33.27940578,0.00000000,46.05004447,37.77837549,0.19320772,-0.50606323,1.35058494,0.19822412,-0.50670744,1.35153767,7.80115820,0.00000009
8.46000000,RETURN_LEG,0.00016740,-0.00721556,0.00424643,-0.07308633,0.06365601,0.31373004,-0.07673666,0.05982554,0.09395564,0.02546716,0.00775640,33.27939312,0.00000000,46.05047408,37.77831767,0.19320773,-0.50606328,1.35058509,0.19822419,-0.50670776,1.35153838,7.80121775,0.00000000
8.47000000,RETURN_LEG,0.00016739,-0.00721556,0.00424645,-0.07308634,0.06365602,0.31373005,-0.07673667,0.05982555,0.09395565,0.02546720,0.00775644,33.27937535,0.00000000,46.05030675,37.77830043,0.19320775,-0.50606338,1.35058531,0.19822419,-0.50670776,1.35153838,7.80119682,0.00000000
8.48000000,RETURN_LEG,0.00016738,-0.00721557,0.00424647,-0.07308635,0.06365602,0.31373005,-0.07673668,0.05982556,0.09395565,0.02546722,0.00775647,33.27935245,0.00000000,46.05028806,37.77828407,0.19320776,-0.50606345,1.35058545,0.19822419,-0.50670776,1.35153838,7.80119734,0.00000000
8.49000000,RETURN_LEG,0.00016736,-0.00721557,0.00424649,-0.07308636,0.06365603,0.31373005,-0.07673669,0.05982556,0.09395566,0.02546724,0.00775649,33.27932833,0.00000000,46.05027692,37.77827541,0.19320777,-0.50606349,1.35058552,0.19822419,-0.50670776,1.35153838,7.80119772,0.00000001
8.50000000,RETURN_LEG,0.00016735,-0.00721558,0.00424651,-0.07308636,0.06365603,0.31373006,-0.07673670,0.05982557,0.09395566,0.02546726,0.00775651,33.27930572,0.00000000,46.05026941,37.77827123,0.19320778,-0.50606352,1.35058557,0.19822419,-0.50670776,1.35153838,7.80119778,0.00000001
8.51000000,LOWER_LEG,0.00016733,-0.00721560,0.00424653,-0.07308637,0.06365604,0.31373006,-0.07673671,0.05982557,0.09395567,0.02546728,0.00775652,33.27928655,0.00000000,46.05026413,37.77826912,0.19320778,-0.50606353,1.35058560,0.19822419,-0.50670776,1.35153838,7.80119769,0.00000002
8.52000000,LOWER_LEG,0.00016731,-0.00721562,0.00424655,-0.07308638,0.06365604,0.31373007,-0.07673671,0.05982558,0.09395567,0.02546725,0.00775650,33.27925300,0.00000000,46.05028289,37.77822348,0.19320778,-0.50606341,1.35058528,0.19822403,-0.50670697,1.35153660,7.80120100,0.00000005
8.53000000,LOWER_LEG,0.00016726,-0.00721564,0.00424656,-0.07308638,0.06365605,0.31373007,-0.07673672,0.05982558,0.09395567,0.02546705,0.00775630,33.27920633,0.00000000,46.05029292,37.77814031,0.19320772,-0.50606265,1.35058336,0.19822350,-0.50670435,1.35153069,7.80120210,0.00000003
8.54000000,LOWER_LEG,0.00016714,-0.00721569,0.00424656,-0.07308639,0.06365605,0.31373008,-0.07673672,0.05982558,0.09395568,0.02546648,0.00775573,33.27910298,0.00000000,46.05032193,37.77799691,0.19320749,-0.50606064,1.35057856,0.19822253,-0.50669947,1.35151972,7.80120546,0.00000005
8.55000000,LOWER_LEG,0.00016698,-0.00721577,0.00424655,-0.07308641,0.06365606,0.31373010,-0.07673672,0.05982559,0.09395569,0.02546537,0.00775461,33.27894926,0.00000000,46.05035545,37.77780225,0.19320693,-0.50605678,1.35056949,0.19822092,-0.50669144,1.35150161,7.80120838,0.00000009
8.56000000,LOWER_LEG,0.00016678,-0.00721586,0.00424652,-0.07308643,0.06365608,0.31373013,-0.07673673,0.05982560,0.09395570,0.02546347,0.00775272,33.27872595,0.00000000,46.05067513,37.77748993,0.19320593,-0.50605034,1.35055458,0.19821853,-0.50667950,1.35147469,7.80124915,0.00000004
8.57000000,LOWER_LEG,0.00016652,-0.00721598,0.00424650,-0.07308646,0.06365610,0.31373017,-0.07673673,0.05982562,0.09395571,0.02546058,0.00774982,33.27844520,0.00000000,46.05065195,37.77719584,0.19320428,-0.50604062,1.35053221,0.19821521,-0.50666295,1.35143740,7.80124545,0.00000009
8.58000000,LOWER_LEG,0.00016623,-0.00721614,0.00424646,-0.07308649,0.06365613,0.31373022,-0.07673673,0.05982564,0.09395573,0.02545646,0.00774570,33.27810299,0.00000000,46.05096382,37.77679417,0.19320186,-0.50602690,1.35050083,0.19821084,-0.50664112,1.35138821,7.80128606,0.00000008
8.59000000,LOWER_LEG,0.00016591,-0.00721634,0.00424643,-0.07308654,0.06365617,0.31373028,-0.07673673,0.05982568,0.09395575,0.02545089,0.00774014,33.27823740,0.00000000,46.05140780,37.77593853,0.19319851,-0.50600851,1.35045890,0.19820528,-0.50661337,1.35132567,7.80134313,0.00000002
8.60000000,LOWER_LEG,0.00016559,-0.00721660,0.00424641,-0.07308660,0.06365622,0.31373035,-0.07673673,0.05982571,0.09395576,0.02544366,0.00773291,33.27750943,0.00000000,46.05189871,37.77576591,0.19319408,-0.50598479,1.35040493,0.19819841,-0.50657909,1.35124842,7.80141094,0.00000001
8.61000000,LOWER_LEG,0.00016523,-0.00721690,0.00424641,-0.07308668,0.06365627,0.31373043,-0.07673672,0.05982576,0.09395578,0.02543457,0.00772382,33.27701209,0.00000000,46.05244130,37.77538213,0.19318844,-0.50595509,1.35033752,0.19819013,-0.50653770,1.35115515,7.80149095,0.00000002
8.62000000,LOWER_LEG,0.00016484,-0.00721722,0.00424641,-0.07308676,0.06365634,0.31373052,-0.07673671,0.05982581,0.09395580,0.02542342,0.00771267,33.27650712,0.00000000,46.05269029,37.77492684,0.19318147,-0.50591881,1.35025532,0.19818031,-0.50648865,1.35104461,7.80152928,0.00000003
8.63000000,LOWER_LEG,0.00016442,-0.00721755,0.00424642,-0.07308686,0.06365641,0.31373062,-0.07673670,0.05982587,0.09395582,0.02541002,0.00769926,33.27600224,0.00000000,46.05265618,37.77441632,0.19317307,-0.50587539,1.35015701,0.19816885,-0.50643141,1.35091563,7.80152744,0.00000004
8.64000000,LOWER_LEG,0.00016398,-0.00721789,0.00424645,-0.07308698,0.06365649,0.31373071,-0.07673668,0.05982595,0.09395583,0.02539419,0.00768343,33.27551724,0.00000000,46.05278520,37.77393279,0.19316311,-0.50582428,1.35004138,0.19815566,-0.50636550,1.35076711,7.80155227,0.00000006
8.65000000,LOWER_LEG,0.00016351,-0.00721824,0.00424648,-0.07308710,0.06365659,0.31373081,-0.07673665,0.05982603,0.09395584,0.02537576,0.00766500,33.27505756,0.00000000,46.05299195,37.77346538,0.19315150,-0.50576498,1.34990727,0.19814065,-0.50629045,1.35059801,7.80159039,0.00000008
8.66000000,LOWER_LEG,0.00016302,-0.00721860,0.00424653,-0.07308724,0.06365669,0.31373090,-0.07673661,0.05982611,0.09395584,0.02535457,0.00764381,33.27462760,0.00000000,46.05325888,37.77301254,0.19313813,-0.50569698,1.34975358,0.19812372,-0.50620583,1.35040734,7.80163897,0.00000009
8.67000000,LOWER_LEG,0.00016255,-0.00721899,0.00424660,-0.07308739,0.06365680,0.31373099,-0.07673656,0.05982621,0.09395582,0.02533047,0.00761972,33.27450503,0.00000000,46.05355775,37.77238143,0.19312293,-0.50561985,1.34957927,0.19810481,-0.50611122,1.35019420,7.80168734,0.00000008
8.68000000,LOWER_LEG,0.00016208,-0.00721939,0.00424668,-0.07308755,0.06365692,0.31373108,-0.07673649,0.05982631,0.09395580,0.02530333,0.00759258,33.27405718,0.00000000,46.05482376,37.77202388,0.19310579,-0.50553312,1.34938338,0.19808384,-0.50600627,1.34995775,7.80188294,0.00000002
8.69000000,LOWER_LEG,0.00016159,-0.00721979,0.00424676,-0.07308773,0.06365704,0.31373116,-0.07673641,0.05982641,0.09395577,0.02527302,0.00756226,33.27366803,0.00000000,46.05474673,37.77158632,0.19308663,-0.50543641,1.34916502,0.19806073,-0.50589061,1.34969718,7.80188403,0.00000003
8.70000000,LOWER_LEG,0.00016109,-0.00722018,0.00424685,-0.07308791,0.06365717,0.31373124,-0.07673632,0.05982652,0.09395572,0.02523940,0.00752865,33.27332556,0.00000000,46.05494434,37.77121661,0.19306540,-0.50532934,1.34892334,0.19803544,-0.50576391,1.34941176,7.80192902,0.00000005
8.71000000,LOWER_LEG,0.00016059,-0.00722055,0.00424693,-0.07308810,0.06365730,0.31373130,-0.07673620,0.05982663,0.09395566,0.02520238,0.00749162,33.27301993,0.00000000,46.05524827,37.77086865,0.19304203,-0.50521157,1.34865754,0.19800789,-0.50562587,1.34910082,7.80199142,0.00000008
8.72000000,LOWER_LEG,0.00016009,-0.00722091,0.00424701,-0.07308829,0.06365744,0.31373136,-0.07673607,0.05982675,0.09395558,0.02516184,0.00745109,33.27274903,0.00000000,46.05653607,37.77053812,0.19301645,-0.50508278,1.34836690,0.19797805,-0.50547622,1.34876375,7.80219710,0.00000009
8.73000000,LOWER_LEG,0.00015962,-0.00722127,0.00424709,-0.07308850,0.06365758,0.31373142,-0.07673591,0.05982687,0.09395548,0.02511770,0.00740694,33.27286614,0.00000000,46.05653962,37.76989133,0.19298862,-0.50494268,1.34805076,0.19794586,-0.50531470,1.34839996,7.80220891,0.00000002
8.74000000,LOWER_LEG,0.00015918,-0.00722164,0.00424716,-0.07308870,0.06365771,0.31373147,-0.07673573,0.05982698,0.09395535,0.02506986,0.00735910,33.27249133,0.00000000,46.05684352,37.76968100,0.19295845,-0.50479097,1.34770851,0.19791128,-0.50514109,1.34800899,7.80227055,0.00000004
8.75000000,LOWER_LEG,0.00015874,-0.00722200,0.00424722,-0.07308892,0.06365785,0.31373151,-0.07673552,0.05982710,0.09395520,0.02501825,0.00730750,33.27225182,0.00000000,46.05715783,37.76942512,0.19292593,-0.50462740,1.34733960,0.19787428,-0.50495519,1.34759037,7.80233596,0.00000005
8.76000000,LOWER_LEG,0.00015833,-0.00722234,0.00424726,-0.07308913,0.06365798,0.31373155,-0.07673529,0.05982721,0.09395503,0.02496281,0.00725206,33.27204378,0.00000000,46.05747386,37.76917808,0.19289101,-0.50445177,1.34694353,0.19783483,-0.50475682,1.34714370,7.80240301,0.00000006
8.77000000,LOWER_LEG,0.00015793,-0.00722265,0.00424728,-0.07308935,0.06365811,0.31373158,-0.07673503,0.05982731,0.09395483,0.02490347,0.00719271,33.27186422,0.00000000,46.05784223,37.76893479,0.19285366,-0.50426388,1.34651986,0.19779290,-0.50454581,1.34666863,7.80247779,0.00000005
8.78000000,LOWER_LEG,0.00015755,-0.00722293,0.00424728,-0.07308956,0.06365824,0.31373161,-0.07673473,0.05982741,0.09395459,0.02484017,0.00712942,33.27171318,0.00000000,46.05817130,37.76870923,0.19281386,-0.50406354,1.34606819,0.19774848,-0.50432203,1.34616487,7.80254709,0.00000007
8.79000000,LOWER_LEG,0.00015720,-0.00722319,0.00424726,-0.07308977,0.06365836,0.31373164,-0.07673440,0.05982751,0.09395433,0.02477288,0.00706212,33.27159045,0.00000000,46.05853556,37.76849589,0.19277157,-0.50385061,1.34558818,0.19770153,-0.50408538,1.34563216,7.80262097,0.00000008
8.80000000,LOWER_LEG,0.00015688,-0.00722341,0.00424722,-0.07308998,0.06365847,0.31373166,-0.07673404,0.05982760,0.09395404,0.02470155,0.00699079,33.27149749,0.00000000,46.05899203,37.76830834,0.19272678,-0.50362494,1.34507953,0.19765207,-0.50383575,1.34507032,7.80270819,0.00000009
8.81000000,LOWER_LEG,0.00015662,-0.00722363,0.00424715,-0.07309018,0.06365858,0.31373167,-0.07673364,0.05982768,0.09395371,0.02462614,0.00691539,33.27176505,0.00000000,46.05881203,37.76796075,0.19267947,-0.50338645,1.34454201,0.19760007,-0.50357307,1.34447917,7.80269837,0.00000009
8.82000000,LOWER_LEG,0.00015641,-0.00722384,0.00424707,-0.07309037,0.06365867,0.31373169,-0.07673320,0.05982776,0.09395334,0.02454665,0.00683589,33.27160802,0.00000000,46.05908254,37.76787641,0.19262962,-0.50313500,1.34397544,0.19754554,-0.50329730,1.34385865,7.80275440,0.00000005
8.83000000,LOWER_LEG,0.00015623,-0.00722402,0.00424697,-0.07309056,0.06365876,0.31373170,-0.07673272,0.05982782,0.09395294,0.02446305,0.00675229,33.27156580,0.00000000,46.05999428,37.76783421,0.19257722,-0.50287056,1.34337966,0.19748848,-0.50300841,1.34320869,7.80290730,0.00000001
8.84000000,LOWER_LEG,0.00015609,-0.00722414,0.00424684,-0.07309074,0.06365883,0.31373171,-0.07673220,0.05982787,0.09395250,0.02437533,0.00666457,33.27155288,0.00000000,46.05926444,37.76772776,0.19252231,-0.50259306,1.34275458,0.19742889,-0.50270637,1.34252924,7.80281917,0.00000004
8.85000000,LOWER_LEG,0.00015598,-0.00722423,0.00424668,-0.07309091,0.06365889,0.31373172,-0.07673164,0.05982791,0.09395203,0.02428348,0.00657273,33.27158994,0.00000000,46.05917887,37.76770005,0.19246485,-0.50230249,1.34210014,0.19736679,-0.50239120,1.34182037,7.80282714,0.00000007
8.86000000,LOWER_LEG,0.00015591,-0.00722427,0.00424650,-0.07309106,0.06365894,0.31373172,-0.07673103,0.05982793,0.09395151,0.02418752,0.00647677,33.27167454,0.00000000,46.05909457,37.76769047,0.19240487,-0.50199883,1.34141633,0.19730219,-0.50206294,1.34108215,7.80283275,0.00000009
8.87000000,LOWER_LEG,0.00015588,-0.00722427,0.00424628,-0.07309120,0.06365898,0.31373172,-0.07673037,0.05982795,0.09395095,0.02408745,0.00637669,33.27180674,0.00000000,46.05899791,37.76769927,0.19234238,-0.50168210,1.34070320,0.19723511,-0.50172162,1.34031468,7.80283454,0.00000010
8.88000000,LOWER_LEG,0.00015590,-0.00722422,0.00424604,-0.07309132,0.06365901,0.31373171,-0.07672967,0.05982795,0.09395036,0.02398328,0.00627252,33.27198556,0.00000000,46.05888327,37.76772518,0.19227739,-0.50135233,1.33996081,0.19716557,-0.50136730,1.33951812,7.80283213,0.00000009
8.89000000,LOWER_LEG,0.00015596,-0.00722411,0.00424577,-0.07309143,0.06365902,0.31373170,-0.07672892,0.05982795,0.09394972,0.02387504,0.00616428,33.27220902,0.00000000,46.05874584,37.76776748,0.19220992,-0.50100955,1.33918929,0.19709360,-0.50100007,1.33869265,7.80282513,0.00000006
8.90000000,LOWER_LEG,0.00015606,-0.00722395,0.00424547,-0.07309152,0.06365903,0.31373169,-0.07672813,0.05982793,0.09394905,0.02376274,0.00605199,33.27247450,0.00000000,46.05858143,37.76782585,0.19213999,-0.50065383,1.33838879,0.19701923,-0.50062001,1.33783851,7.80281305,0.00000004
8.91000000,LOWER_LEG,0.00015622,-0.00722372,0.00424516,-0.07309159,0.06365902,0.31373167,-0.07672728,0.05982789,0.09394833,0.02364643,0.00593568,33.27277901,0.00000000,46.05838632,37.76790002,0.19206763,-0.50028526,1.33755951,0.19694249,-0.50022724,1.33695597,7.80279539,0.00000005
8.92000000,LOWER_LEG,0.00015643,-0.00722342,0.00424483,-0.07309164,0.06365899,0.31373165,-0.07672638,0.05982785,0.09394757,0.02352615,0.00581540,33.27311858,0.00000000,46.05718477,37.76798686,0.19199287,-0.49990394,1.33670167,0.19686342,-0.49982190,1.33604533,7.80263109,0.00000006
8.93000000,LOWER_LEG,0.00015668,-0.00722309,0.00424447,-0.07309167,0.06365896,0.31373163,-0.07672543,0.05982779,0.09394676,0.02340194,0.00569119,33.27351108,0.00000000,46.05763122,37.76816347,0.19191572,-0.49950998,1.33581557,0.19678206,-0.49940414,1.33510699,7.80270550,0.00000009
8.94000000,LOWER_LEG,0.00015697,-0.00722270,0.00424409,-0.07309168,0.06365891,0.31373160,-0.07672443,0.05982772,0.09394592,0.02327387,0.00556311,33.27394743,0.00000000,46.05709816,37.76835637,0.19183626,-0.49910352,1.33490154,0.19669846,-0.49897412,1.33414131,7.80263463,0.00000009
8.95000000,LOWER_LEG,0.00015730,-0.00722228,0.00424369,-0.07309167,0.06365884,0.31373157,-0.07672338,0.05982763,0.09394503,0.02314198,0.00543122,33.27510008,0.00000000,46.05661952,37.76793346,0.19175451,-0.49868470,1.33395991,0.19661266,-0.49853204,1.33314871,7.80256500,0.00000009
8.96000000,LOWER_LEG,0.00015771,-0.00722184,0.00424328,-0.07309163,0.06365877,0.31373153,-0.07672227,0.05982753,0.09394410,0.02300634,0.00529558,33.27518752,0.00000000,46.05542895,37.76864643,0.19167053,-0.49825372,1.33299109,0.19652470,-0.49807807,1.33212965,7.80239033,0.00000001
8.97000000,LOWER_LEG,0.00015815,-0.00722136,0.00424285,-0.07309158,0.06365868,0.31373149,-0.07672112,0.05982742,0.09394314,0.02286701,0.00515626,33.27570228,0.00000000,46.05509753,37.76894117,0.19158434,-0.49781071,1.33199551,0.19643465,-0.49761244,1.33108462,7.80234104,0.00000004
8.98000000,LOWER_LEG,0.00015862,-0.00722082,0.00424239,-0.07309150,0.06365857,0.31373145,-0.07671992,0.05982730,0.09394213,0.02272408,0.00501332,33.27626678,0.00000000,46.05466160,37.76920078,0.19149601,-0.49735589,1.33097361,0.19634256,-0.49713535,1.33001412,7.80227402,0.00000009
8.99000000,LOWER_LEG,0.00015912,-0.00722022,0.00424192,-0.07309141,0.06365846,0.31373140,-0.07671866,0.05982716,0.09394109,0.02257761,0.00486685,33.27688574,0.00000000,46.05350836,37.76953585,0.19140559,-0.49688948,1.32992588,0.19624849,-0.49664705,1.32891870,7.80210466,0.00000004
9.00000000,LOWER_LEG,0.00015965,-0.00721957,0.00424142,-0.07309129,0.06365833,0.31373135,-0.07671736,0.05982701,0.09394002,0.02242767,0.00471692,33.27753909,0.00000000,46.05218708,37.76980588,0.19131313,-0.49641170,1.32885284,0.19615249,-0.49614779,1.32779893,7.80190632,0.00000005
9.01000000,LOWER_LEG,0.00016022,-0.00721886,0.00424090,-0.07309115,0.06365820,0.31373130,-0.07671602,0.05982685,0.09393891,0.02227437,0.00456361,33.27824485,0.00000000,46.05218575,37.77016146,0.19121870,-0.49592278,1.32775503,0.19605463,-0.49563782,1.32665543,7.80189939,0.00000008
9.02000000,LOWER_LEG,0.00016081,-0.00721811,0.00424036,-0.07309100,0.06365805,0.31373124,-0.07671462,0.05982668,0.09393777,0.02211778,0.00440703,33.27898796,0.00000000,46.05122459,37.77051599,0.19112235,-0.49542298,1.32663304,0.19595497,-0.49511743,1.32548882,7.80175100,0.00000010
9.03000000,LOWER_LEG,0.00015969,-0.00721801,0.00423975,-0.07309088,0.06365794,0.31373127,-0.07671322,0.05982651,0.09393663,0.02196310,0.00425235,33.27252756,0.74979302,46.05881255,37.76266442,0.19103026,-0.49493098,1.32554297,0.19585364,-0.49458721,1.32430046,7.80253268,0.00000006
9.04000000,LOWER_LEG,0.00011546,-0.00724432,0.00424433,-0.07309255,0.06365998,0.31373564,-0.07671306,0.05982776,0.09393796,0.02185827,0.00414751,33.16396043,0.98741764,46.16065132,37.68923910,0.19098616,-0.49445970,1.32460584,0.19575636,-0.49407715,1.32315757,7.81352054,0.00000001
9.05000000,LOWER_LEG,0.00003712,-0.00730619,0.00426167,-0.07309751,0.06366645,0.31374742,-0.07671552,0.05983269,0.09394523,0.02177997,0.00406921,33.02073494,1.11387610,46.24794431,37.59883912,0.19097162,-0.49397528,1.32364563,0.19566419,-0.49359293,1.32207281,7.82177887,0.00000001
9.06000000,LOWER_LEG,-0.00006173,-0.00739328,0.00429321,-0.07310640,0.06367808,0.31376657,-0.07672138,0.05984220,0.09395877,0.02172063,0.00400988,32.85399966,1.21893721,46.33059582,37.47852272,0.19097210,-0.49349575,1.32267614,0.19557483,-0.49312260,1.32101938,7.83060421,0.00000001
9.07000000,LOWER_LEG,-0.00017703,-0.00749672,0.00433887,-0.07311950,0.06369514,0.31379226,-0.07673103,0.05985665,0.09397813,0.02167646,0.00396570,32.67674423,1.30555399,46.41245733,37.33265709,0.19098181,-0.49302200,1.32170437,0.19548710,-0.49265994,1.31998338,7.84071520,0.00000001
9.08000000,LOWER_LEG,-0.00030699,-0.00761046,0.00439806,-0.07313681,0.06371762,0.31382318,-0.07674455,0.05987608,0.09400268,0.02164415,0.00393339,32.49914888,1.37714902,46.49825742,37.16853837,0.19099747,-0.49255197,1.32073196,0.19540030,-0.49220141,1.31895680,7.85256135,0.00000001
9.09000000,LOWER_LEG,-0.00045009,-0.00773066,0.00446977,-0.07315812,0.06374530,0.31385774,-0.07676180,0.05990033,0.09403173,0.02162062,0.00390986,32.32860498,1.43861296,46.59238682,36.99376047,0.19101686,-0.49208367,1.31975864,0.19531400,-0.49174471,1.31793455,7.86648095,0.00000001
9.10000000,LOWER_LEG,-0.00060467,-0.00785499,0.00455263,-0.07318312,0.06377781,0.31389437,-0.07678254,0.05992911,0.09406464,0.02160309,0.00389233,32.16992431,1.49555508,46.69816192,36.81488170,0.19103837,-0.49161562,1.31878396,0.19522791,-0.49128826,1.31691306,7.88270195,0.00000001
9.11000000,LOWER_LEG,-0.00076897,-0.00798207,0.00464497,-0.07321148,0.06381469,0.31393159,-0.07680647,0.05996198,0.09410078,0.02158921,0.00387846,32.02552973,1.55321317,46.81757087,36.63690556,0.19106080,-0.49114675,1.31780789,0.19514180,-0.49083089,1.31588973,7.90132955,0.00000001
9.12000000,LOWER_LEG,-0.00094127,-0.00811115,0.00474496,-0.07324288,0.06385538,0.31396818,-0.07683331,0.05999849,0.09413961,0.02157714,0.00386638,31.89571769,1.61566474,46.95130909,36.46322712,0.19108324,-0.49067624,1.31683081,0.19505551,-0.49037180,1.31486274,7.92234551,0.00000001
9.13000000,LOWER_LEG,-0.00111995,-0.00824196,0.00485072,-0.07327708,0.06389935,0.31400326,-0.07686283,0.06003811,0.09418070,0.02156553,0.00385478,31.77902766,1.68550309,47.09896440,36.29581311,0.19110502,-0.49020340,1.31585324,0.19496896,-0.48991043,1.31383089,7.94562090,0.00000001
9.14000000,LOWER_LEG,-0.00130359,-0.00837456,0.00496045,-0.07331389,0.06394603,0.31403629,-0.07689484,0.06008036,0.09422369,0.02155355,0.00384280,31.67270008,1.76387913,47.25926571,36.13547830,0.19112570,-0.48972770,1.31487571,0.19488209,-0.48944653,1.31279357,7.97093824,0.00000001
9.15000000,LOWER_LEG,-0.00149093,-0.00850928,0.00507250,-0.07335320,0.06399491,0.31406703,-0.07692923,0.06012475,0.09426829,0.02154078,0.00383002,31.57317770,1.85074207,47.43034458,35.98218422,0.19114497,-0.48924868,1.31389857,0.19479490,-0.48898004,1.31175069,7.99801809,0.00000001
9.16000000,LOWER_LEG,-0.00168092,-0.00864660,0.00518549,-0.07339493,0.06404553,0.31409555,-0.07696593,0.06017084,0.09431428,0.02152713,0.00381638,31.47659962,1.94514901,47.60998079,35.83532266,0.19116266,-0.48876605,1.31292199,0.19470740,-0.48851110,1.31070253,8.02654614,0.00000001
9.17000000,LOWER_LEG,-0.00187267,-0.00878706,0.00529830,-0.07343905,0.06409745,0.31412211,-0.07700489,0.06021824,0.09436148,0.02151279,0.00380203,31.37924383,2.04557559,47.79581673,35.69396575,0.19117870,-0.48827968,1.31194596,0.19461966,-0.48803995,1.30964967,8.05619772,0.00000001
9.18000000,LOWER_LEG,-0.00206543,-0.00893116,0.00541009,-0.07348554,0.06415030,0.31414711,-0.07704608,0.06026660,0.09440974,0.02149807,0.00378731,31.27788416,2.15019834,47.98553369,35.55707284,0.19119303,-0.48778954,1.31097028,0.19453173,-0.48756692,1.30859281,8.08665830,0.00000001
9.19000000,LOWER_LEG,-0.00225856,-0.00907928,0.00552028,-0.07353435,0.06420377,0.31417103,-0.07708947,0.06031561,0.09445892,0.02148333,0.00377257,31.17007252,2.25624115,48.17695905,35.42367689,0.19120566,-0.48729570,1.30999456,0.19444367,-0.48709233,1.30753269,8.11763564,0.00000001
9.20000000,LOWER_LEG,-0.00245148,-0.00923157,0.00562852,-0.07358543,0.06425759,0.31419434,-0.07713501,0.06036500,0.09450887,0.02146885,0.00375810,31.05437876,2.36144667,48.36811144,35.29306319,0.19121654,-0.48679816,1.30901809,0.19435553,-0.48661642,1.30646985,8.14886542,0.00000001
9.21000000,LOWER_LEG,-0.00264364,-0.00938794,0.00573463,-0.07363868,0.06431151,0.31421744,-0.07718260,0.06041456,0.09455941,0.02145481,0.00374405,30.93028104,2.46509239,48.55739925,35.16472540,0.19122563,-0.48629702,1.30804029,0.19426733,-0.48613933,1.30540461,8.18013255,0.00000001
9.22000000,LOWER_LEG,-0.00283455,-0.00954806,0.00583858,-0.07369394,0.06436532,0.31424068,-0.07723210,0.06046408,0.09461034,0.02144129,0.00373054,30.79801285,2.56705400,48.74365061,35.03834906,0.19123290,-0.48579246,1.30706075,0.19417910,-0.48566115,1.30433713,8.21126966,0.00000001
9.23000000,LOWER_LEG,-0.00302385,-0.00971146,0.00594045,-0.07375101,0.06441886,0.31426429,-0.07728334,0.06051339,0.09466148,0.02142831,0.00371755,30.65839083,2.66767970,48.92608628,34.91376583,0.19123838,-0.48528475,1.30607924,0.19409084,-0.48518191,1.30326753,8.24215275,0.00000001
9.24000000,LOWER_LEG,-0.00321128,-0.00987752,0.00604036,-0.07380965,0.06447196,0.31428843,-0.07733610,0.06056235,0.09471260,0.02141579,0.00370503,30.51262534,2.76763166,49.10426742,34.79088933,0.19124215,-0.48477427,1.30509574,0.19400256,-0.48470165,1.30219586,8.27269530,0.00000001
9.25000000,LOWER_LEG,-0.00339667,-0.01004559,0.00613853,-0.07386960,0.06452453,0.31431316,-0.07739013,0.06061083,0.09476351,0.02140364,0.00369289,30.36214054,2.86771166,49.27802841,34.66965300,0.19124438,-0.48426143,1.30411039,0.19391426,-0.48422042,1.30112225,8.30284129,0.00000001
9.26000000,LOWER_LEG,-0.00357996,-0.01021501,0.00623516,-0.07393056,0.06457648,0.31433850,-0.07744516,0.06065877,0.09481401,0.02139175,0.00368099,30.20842055,2.96870167,49.44740545,34.54996138,0.19124528,-0.48374670,1.30312347,0.19382597,-0.48373832,1.30004694,8.33255781,0.00000001
9.27000000,LOWER_LEG,-0.00376117,-0.01038513,0.00633051,-0.07399224,0.06462776,0.31436440,-0.07750092,0.06070610,0.09486394,0.02138000,0.00366925,30.05289096,3.07124086,49.61256928,34.43166020,0.19124513,-0.48323057,1.30213536,0.19373771,-0.48325551,1.29897024,8.36182842,0.00000001
9.28000000,LOWER_LEG,-0.00394039,-0.01055535,0.00642480,-0.07405435,0.06467836,0.31439081,-0.07755714,0.06075280,0.09491315,0.02136830,0.00365754,29.89683817,3.17574850,49.77376756,34.31452633,0.19124425,-0.48271358,1.30114654,0.19364953,-0.48277219,1.29789266,8.39064741,0.00000001
9.29000000,LOWER_LEG,-0.00411778,-0.01072516,0.00651826,-0.07411662,0.06472827,0.31441766,-0.07761356,0.06079887,0.09496154,0.02135658,0.00364582,29.74136415,3.28239288,49.93127972,34.19827492,0.19124294,-0.48219623,1.30015752,0.19356147,-0.48228865,1.29681479,8.41901549,0.00000001
9.30000000,LOWER_LEG,-0.00429351,-0.01089411,0.00661110,-0.07417878,0.06477754,0.31444487,-0.07766994,0.06084434,0.09500902,0.02134480,0.00363404,29.58760982,3.39109701,50.08534884,34.08217200,0.19124153,-0.48167901,1.29916886,0.19347360,-0.48180521,1.29573738,8.44693402,0.00000001
9.31000000,LOWER_LEG,-0.00446780,-0.01106181,0.00670348,-0.07424063,0.06482622,0.31447240,-0.07772606,0.06088925,0.09505555,0.02133296,0.00362220,29.43599030,3.50160397,50.23630963,33.96653187,0.19124031,-0.48116239,1.29818113,0.19338597,-0.48132224,1.29466124,8.47441551,0.00000001
9.32000000,LOWER_LEG,-0.00464080,-0.01122798,0.00679556,-0.07430194,0.06487437,0.31450017,-0.07778173,0.06093366,0.09510109,0.02132106,0.00361030,29.28653191,3.61344140,50.38438749,33.85148080,0.19123958,-0.48064686,1.29719486,0.19329867,-0.48084015,1.29358728,8.50146162,0.00000001
9.33000000,LOWER_LEG,-0.00481270,-0.01139238,0.00688744,-0.07436257,0.06492206,0.31452816,-0.07783679,0.06097763,0.09514562,0.02130914,0.00359838,29.14052673,3.72611751,50.52970120,33.73551889,0.19123954,-0.48013281,1.29621066,0.19321177,-0.48035937,1.29251647,8.52807583,0.00000001
9.34000000,LOWER_LEG,-0.00498364,-0.01155481,0.00697919,-0.07442238,0.06496937,0.31455631,-0.07789112,0.06102123,0.09518916,0.02129723,0.00358648,28.99789794,3.83908773,50.67244952,33.61895411,0.19124036,-0.47962064,1.29522911,0.19312535,-0.47988034,1.29144974,8.55426626,0.00000001
9.35000000,LOWER_LEG,-0.00515371,-0.01171511,0.00707083,-0.07448125,0.06501636,0.31458461,-0.07794460,0.06106453,0.09523170,0.02128539,0.00357463,28.85879787,3.95182807,50.81276679,33.50166448,0.19124216,-0.47911069,1.29425082,0.19303947,-0.47940347,1.29038807,8.58003865,0.00000001
9.36000000,LOWER_LEG,-0.00532298,-0.01187317,0.00716236,-0.07453911,0.06506309,0.31461301,-0.07799715,0.06110758,0.09527328,0.02127363,0.00356288,28.72331356,4.06386911,50.95076606,33.38361604,0.19124502,-0.47860331,1.29327643,0.19295422,-0.47892920,1.28933238,8.60539932,0.00000001
9.37000000,LOWER_LEG,-0.00549143,-0.01202891,0.00725373,-0.07459590,0.06510961,0.31464150,-0.07804873,0.06115043,0.09531392,0.02126201,0.00355125,28.59147144,4.17481719,51.08654079,33.26486533,0.19124896,-0.47809880,1.29230658,0.19286966,-0.47845793,1.28828361,8.63035497,0.00000001
9.38000000,LOWER_LEG,-0.00565905,-0.01218227,0.00734486,-0.07465158,0.06515595,0.31467002,-0.07809928,0.06119311,0.09535362,0.02125054,0.00353978,28.46324876,4.28436193,51.22016772,33.14555308,0.19125397,-0.47759745,1.29134197,0.19278587,-0.47799008,1.28724263,8.65491257,0.00000001
9.39000000,LOWER_LEG,-0.00582574,-0.01233319,0.00743563,-0.07470614,0.06520212,0.31469856,-0.07814880,0.06123564,0.09539242,0.02123924,0.00352848,28.33858194,4.39227271,51.35170867,33.02589301,0.19125999,-0.47709954,1.29038331,0.19270291,-0.47752602,1.28621030,8.67907916,0.00000001
9.40000000,LOWER_LEG,-0.00599139,-0.01248166,0.00752592,-0.07475958,0.06524814,0.31472706,-0.07819728,0.06127802,0.09543033,0.02122812,0.00351736,28.21737318,4.49838750,51.48121134,32.90615760,0.19126697,-0.47660533,1.28943134,0.19262084,-0.47706613,1.28518744,8.70286167,0.00000001
9.41000000,LOWER_LEG,-0.00615587,-0.01262767,0.00761558,-0.07481190,0.06529398,0.31475547,-0.07824473,0.06132026,0.09546738,0.02121718,0.00350642,28.09949628,4.60259784,51.60870951,32.78666233,0.19127480,-0.47611507,1.28848681,0.19253972,-0.47661077,1.28417484,8.72626657,0.00000001
9.42000000,LOWER_LEG,-0.00631900,-0.01277122,0.00770444,-0.07486313,0.06533962,0.31478376,-0.07829117,0.06136233,0.09550357,0.02120642,0.00349566,27.98480262,4.70483281,51.73422301,32.66774991,0.19128337,-0.47562900,1.28755050,0.19245961,-0.47616027,1.28317325,8.74929961,0.00000001
9.43000000,LOWER_LEG,-0.00648060,-0.01291233,0.00779234,-0.07491330,0.06538503,0.31481186,-0.07833664,0.06140419,0.09553893,0.02119584,0.00348508,27.87312769,4.80504445,51.85775790,32.54977567,0.19129258,-0.47514736,1.28662317,0.19238056,-0.47571498,1.28218343,8.77196565,0.00000001
9.44000000,LOWER_LEG,-0.00664048,-0.01305101,0.00787911,-0.07496246,0.06543015,0.31483974,-0.07838115,0.06144581,0.09557346,0.02118542,0.00347466,27.76429816,4.90319576,51.97930693,32.43309461,0.19130230,-0.47467037,1.28570559,0.19230262,-0.47527523,1.28120610,8.79426842,0.00000001
9.45000000,LOWER_LEG,-0.00679845,-0.01318730,0.00796459,-0.07501063,0.06547494,0.31486734,-0.07842477,0.06148713,0.09560719,0.02117516,0.00346440,27.65813929,4.99925218,52.09885062,32.31805068,0.19131242,-0.47419828,1.28479853,0.19222585,-0.47484133,1.28024195,8.81621049,0.00000001
9.46000000,LOWER_LEG,-0.00695430,-0.01332122,0.00804862,-0.07505788,0.06551932,0.31489461,-0.07846753,0.06152810,0.09564012,0.02116505,0.00345430,27.55448228,5.09317619,52.21635867,32.20496832,0.19132283,-0.47373131,1.28390273,0.19215030,-0.47441360,1.27929167,8.83779317,0.00000001
9.47000000,LOWER_LEG,-0.00710784,-0.01345281,0.00813107,-0.07510424,0.06556325,0.31492150,-0.07850947,0.06156867,0.09567227,0.02115509,0.00344433,27.45317117,5.18492479,52.33179174,32.09414612,0.19133341,-0.47326969,1.28301890,0.19207601,-0.47399233,1.27835593,8.85901661,0.00000001
9.48000000,LOWER_LEG,-0.00725889,-0.01358209,0.00821180,-0.07514976,0.06560666,0.31494799,-0.07855065,0.06160878,0.09570365,0.02114526,0.00343451,27.35406876,5.27444919,52.44510338,31.98585253,0.19134407,-0.47281367,1.28214776,0.19200304,-0.47357784,1.27743538,8.87987976,0.00000001
9.49000000,LOWER_LEG,-0.00740727,-0.01370907,0.00829071,-0.07519448,0.06564948,0.31497401,-0.07859109,0.06164837,0.09573427,0.02113557,0.00342481,27.25706131,5.36169587,52.55624190,31.88032309,0.19135472,-0.47236348,1.28128996,0.19193141,-0.47317040,1.27653066,8.90038049,0.00000001
9.50000000,LOWER_LEG,-0.00755282,-0.01383378,0.00836769,-0.07523844,0.06569165,0.31499955,-0.07863085,0.06168738,0.09576413,0.02112600,0.00341525,27.16206180,5.44660862,52.66515204,31.77775920,0.19136527,-0.47191937,1.28044616,0.19186119,-0.47277029,1.27564237,8.92051559,0.00000001
9.51000000,LOWER_LEG,-0.00769539,-0.01395621,0.00844269,-0.07528168,0.06573312,0.31502457,-0.07866995,0.06172575,0.09579325,0.02111656,0.00340581,27.06901162,5.52913075,52.77177638,31.67832789,0.19137566,-0.47148161,1.27961698,0.19179241,-0.47237780,1.27477113,8.94028087,0.00000001
9.52000000,LOWER_LEG,-0.00783485,-0.01407637,0.00851562,-0.07532422,0.06577383,0.31504903,-0.07870842,0.06176344,0.09574389,0.02110725,0.00339649,26.97788083,5.60920735,52.87605639,31.58216258,0.19138582,-0.47105046,1.27880301,0.19172511,-0.47199317,1.27391748,8.95967114,0.00000001
9.53000000,LOWER_LEG,-0.00797107,-0.01419422,0.00858645,-0.07536608,0.06581374,0.31507292,-0.07874628,0.06180040,0.09569502,0.02109806,0.00338730,26.88866703,5.68678728,52.97793309,31.48936445,0.19139571,-0.47062618,1.27800481,0.19165932,-0.47161667,1.27308200,8.97868025,0.00000001
9.54000000,LOWER_LEG,-0.00810397,-0.01430975,0.00865515,-0.07540728,0.06585278,0.31509621,-0.07878355,0.06183659,0.09564691,0.02108899,0.00337823,26.80139313,5.76182477,53.07734737,31.40000441,0.19140529,-0.47020906,1.27722290,0.19159509,-0.47124853,1.27226519,8.99730109,0.00000001
9.55000000,LOWER_LEG,-0.00823344,-0.01442292,0.00872170,-0.07544781,0.06589094,0.31511889,-0.07882023,0.06187196,0.09559958,0.02108004,0.00336929,26.71610428,5.83428062,53.17424015,31.31412550,0.19141453,-0.46979937,1.27645780,0.19153244,-0.47088897,1.27146756,9.01552558,0.00000001
9.56000000,LOWER_LEG,-0.00835941,-0.01453368,0.00878609,-0.07548769,0.06592817,0.31514092,-0.07885633,0.06190649,0.09555302,0.02107123,0.00336047,26.63286410,5.90412309,53.26855220,31.23174552,0.19142339,-0.46939741,1.27570997,0.19147141,-0.47053823,1.27068958,9.03334468,0.00000001
9.57000000,LOWER_LEG,-0.00848182,-0.01464198,0.00884833,-0.07552689,0.06596443,0.31516231,-0.07889183,0.06194014,0.09550727,0.02106253,0.00335178,26.55175070,5.97132849,53.36022407,31.15285995,0.19143187,-0.46900345,1.27497987,0.19141202,-0.47019649,1.26993168,9.05074842,0.00000001
9.58000000,LOWER_LEG,-0.00860060,-0.01474775,0.00890842,-0.07556541,0.06599972,0.31518304,-0.07892673,0.06197289,0.09546233,0.02105396,0.00334321,26.47285251,6.03588147,53.44919583,31.07744494,0.19143996,-0.46861777,1.27426790,0.19135431,-0.46986394,1.26919428,9.06772593,0.00000001
9.59000000,LOWER_LEG,-0.00871573,-0.01485093,0.00896639,-0.07560321,0.06603399,0.31520311,-0.07896100,0.06200472,0.09541824,0.02104552,0.00333477,26.39626424,6.09777516,53.53540701,31.00546035,0.19144765,-0.46824067,1.27357445,0.19129830,-0.46954077,1.26847775,9.08426550,0.00000001
9.60000000,LOWER_LEG,-0.00882716,-0.01495145,0.00902225,-0.07564028,0.06606724,0.31522250,-0.07899462,0.06203560,0.09537503,0.02103721,0.00332645,26.32208307,6.15701125,53.61879665,30.93685275,0.19145494,-0.46787242,1.27289988,0.19124400,-0.46922712,1.26778244,9.10035468,0.00000001
9.61000000,LOWER_LEG,-0.00893486,-0.01504923,0.00907603,-0.07567658,0.06609945,0.31524122,-0.07902756,0.06206553,0.09533275,0.02102903,0.00331827,26.25040526,6.21359976,53.69930345,30.87155828,0.19146183,-0.46751327,1.27224451,0.19119144,-0.46892315,1.26710866,9.11598042,0.00000001
9.62000000,LOWER_LEG,-0.00903881,-0.01514419,0.00912774,-0.07571206,0.06613061,0.31525926,-0.07905979,0.06209450,0.09529142,0.02102097,0.00331022,26.18132317,6.26755889,53.77686618,30.80950541,0.19146834,-0.46716349,1.27160864,0.19114063,-0.46862897,1.26645667,9.13112923,0.00000001
9.63000000,LOWER_LEG,-0.00913899,-0.01523626,0.00917741,-0.07574670,0.06616072,0.31527663,-0.07909127,0.06212249,0.09525110,0.02101305,0.00330230,26.11492274,6.31891462,53.85142426,30.75061734,0.19147446,-0.46682332,1.27099254,0.19109159,-0.46834470,1.26582672,9.14578734,0.00000001
9.64000000,LOWER_LEG,-0.00923538,-0.01532535,0.00922507,-0.07578045,0.06618975,0.31529334,-0.07912196,0.06214950,0.09521184,0.02100527,0.00329451,26.05128157,6.36770029,53.92291847,30.69481424,0.19148020,-0.46649299,1.27039643,0.19104432,-0.46807044,1.26521901,9.15994093,0.00000001
9.65000000,LOWER_LEG,-0.00932800,-0.01541140,0.00927073,-0.07581327,0.06621771,0.31530939,-0.07915182,0.06217552,0.09517366,0.02099761,0.00328685,25.99084155,6.41398789,53.99125665,30.64148307,0.19148557,-0.46617269,1.26982054,0.19099884,-0.46780626,1.26463370,9.17357471,0.00000001
9.66000000,LOWER_LEG,-0.00941682,-0.01549434,0.00931441,-0.07584510,0.06624460,0.31532478,-0.07918081,0.06220055,0.09513664,0.02099010,0.00327934,25.93290364,6.45830891,54.05648742,30.59161281,0.19149059,-0.46586266,1.26926511,0.19095514,-0.46755222,1.26407092,9.18668240,0.00000001
9.67000000,LOWER_LEG,-0.00950186,-0.01557413,0.00935614,-0.07587592,0.06627042,0.31533953,-0.07920889,0.06222460,0.09510079,0.02098277,0.00327201,25.87775155,6.50082275,54.11856394,30.54452751,0.19149529,-0.46556313,1.26873039,0.19091325,-0.46730840,1.26353082,9.19925284,0.00000001
9.68000000,LOWER_LEG,-0.00958318,-0.01565076,0.00939595,-0.07590568,0.06629516,0.31535366,-0.07923602,0.06224765,0.09506618,0.02097566,0.00326490,25.82537374,6.54137254,54.17746307,30.50008616,0.19149970,-0.46527432,1.26821659,0.19087315,-0.46707485,1.26301355,9.21127653,0.00000001
9.69000000,LOWER_LEG,-0.00966081,-0.01572421,0.00943387,-0.07593435,0.06631884,0.31536720,-0.07926218,0.06226972,0.09503281,0.02096880,0.00325805,25.77574576,6.57984520,54.23315157,30.45816608,0.19150387,-0.46499636,1.26772383,0.19083487,-0.46685164,1.26251920,9.22274425,0.00000001
9.70000000,LOWER_LEG,-0.00973478,-0.01579447,0.00946992,-0.07596189,0.06634146,0.31538016,-0.07928733,0.06229081,0.09500073,0.02096224,0.00325148,25.72885825,6.61617786,54.28560169,30.41865850,0.19150782,-0.46472937,1.26725217,0.19079838,-0.46663878,1.26204782,9.23364858,0.00000001
9.71000000,LOWER_LEG,-0.00980513,-0.01586150,0.00950414,-0.07598829,0.06636304,0.31539256,-0.07931145,0.06231094,0.09496996,0.02095598,0.00324522,25.68431654,6.65035803,54.33480035,30.38195374,0.19151157,-0.46447344,1.26680164,0.19076370,-0.46643626,1.26159938,9.24398512,0.00000005
9.72000000,LOWER_LEG,-0.00987189,-0.01592530,0.00953655,-0.07601351,0.06638359,0.31540442,-0.07933451,0.06233012,0.09494052,0.02095005,0.00323929,25.64264722,6.68238799,54.38073705,30.34732670,0.19151515,-0.46422862,1.26637223,0.19073081,-0.46624406,1.26117381,9.25374936,0.00000009
9.73000000,LOWER_LEG,-0.00993507,-0.01598584,0.00956716,-0.07603754,0.06640311,0.31541575,-0.07935649,0.06234835,0.09491244,0.02094444,0.00323369,25.60489862,6.71231231,54.42342854,30.31352981,0.19151858,-0.46399494,1.26596388,0.19069970,-0.46606211,1.26077100,9.26294019,0.00000000
9.74000000,LOWER_LEG,-0.00999472,-0.01604313,0.00959601,-0.07606037,0.06642162,0.31542657,-0.07937739,0.06236564,0.09488572,0.02093917,0.00322842,25.56861232,6.74019482,54.46294033,30.28351325,0.19152187,-0.46377240,1.26557653,0.19067035,-0.46589036,1.26039077,9.27156306,0.00000003
9.75000000,LOWER_LEG,-0.01005087,-0.01609715,0.00962309,-0.07608196,0.06643913,0.31543688,-0.07939717,0.06238201,0.09486038,0.02093424,0.00322348,25.53607728,6.76609936,54.49922776,30.25429780,0.19152501,-0.46356097,1.26521007,0.19064274,-0.46572869,1.26003290,9.27961419,0.00000000
9.76000000,LOWER_LEG,-0.01010354,-0.01614791,0.00964842,-0.07610233,0.06645564,0.31544668,-0.07941585,0.06239746,0.09483644,0.02092962,0.00321887,25.50506111,6.79010802,54.53244980,30.22880700,0.19152802,-0.46336060,1.26486433,0.19061685,-0.46557700,1.25969713,9.28710699,0.00000006
9.77000000,LOWER_LEG,-0.01015277,-0.01619543,0.00967202,-0.07612146,0.06647118,0.31545599,-0.07943340,0.06241200,0.09481389,0.02092532,0.00321457,25.47807398,6.81229001,54.56255945,30.20370598,0.19153091,-0.46317120,1.26453914,0.19059266,-0.46543515,1.25938315,9.29403922,0.00000000
9.78000000,LOWER_LEG,-0.01019861,-0.01623972,0.00969390,-0.07613936,0.06648574,0.31546480,-0.07944983,0.06242565,0.09479272,0.02092133,0.00321057,25.45323202,6.83273306,54.58967751,30.18131871,0.19153366,-0.46299268,1.26423426,0.19057012,-0.46530297,1.25909061,9.30042417,0.00000000
9.79000000,LOWER_LEG,-0.01024109,-0.01628082,0.00971407,-0.07615602,0.06649934,0.31547313,-0.07946514,0.06243840,0.09477295,0.02091763,0.00320688,25.43087347,6.85150260,54.61387633,30.16114767,0.19153628,-0.46282489,1.26394944,0.19054922,-0.46518030,1.25881911,9.30627020,0.00000000
9.80000000,LOWER_LEG,-0.01028027,-0.01631879,0.00973254,-0.07617147,0.06651199,0.31548097,-0.07947935,0.06245028,0.09475454,0.02091422,0.00320346,25.41035534,6.86867366,54.63522570,30.14380987,0.19153877,-0.46266769,1.26368436,0.19052991,-0.46506693,1.25856823,9.31158790,0.00000007
9.81000000,LOWER_LEG,-0.01031622,-0.01635367,0.00974934,-0.07618571,0.06652371,0.31548833,-0.07949245,0.06246130,0.09473749,0.02091108,0.00320032,25.39358110,6.88432905,54.65379801,30.12696662,0.19154113,-0.46252090,1.26343867,0.19051216,-0.46496265,1.25833746,9.31638819,0.00000002
9.82000000,LOWER_LEG,-0.01034897,-0.01638553,0.00976448,-0.07619876,0.06653451,0.31549521,-0.07950448,0.06247147,0.09472178,0.02090819,0.00319744,25.37821631,6.89850236,54.66966702,30.11304880,0.19154336,-0.46238430,1.26321197,0.19049591,-0.46486723,1.25812629,9.32068186,0.00000005
9.83000000,LOWER_LEG,-0.01037863,-0.01641445,0.00977800,-0.07621064,0.06654441,0.31550163,-0.07951544,0.06248080,0.09470738,0.02090556,0.00319481,25.36546752,6.91129639,54.68293186,30.10058157,0.19154544,-0.46225768,1.26300383,0.19048114,-0.46478039,1.25793415,9.32448505,0.00000006
9.84000000,LOWER_LEG,-0.01040525,-0.01644051,0.00978992,-0.07622139,0.06655342,0.31550760,-0.07952536,0.06248932,0.09469426,0.02090317,0.00319241,25.35501067,6.92277243,54.69371551,30.08982529,0.19154740,-0.46214078,1.26281376,0.19046779,-0.46470187,1.25776040,9.32781433,0.00000005
9.85000000,LOWER_LEG,-0.01042894,-0.01646379,0.00980028,-0.07623103,0.06656157,0.31551312,-0.07953427,0.06249703,0.09468239,0.02090100,0.00319024,25.34686837,6.93301875,54.70211793,30.08056868,0.19154921,-0.46203333,1.26264123,0.19045580,-0.46463135,1.25760437,9.33068704,0.00000001
9.86000000,LOWER_LEG,-0.01044978,-0.01648441,0.00980914,-0.07623959,0.06656888,0.31551820,-0.07954221,0.06250397,0.09467173,0.02089905,0.00318829,25.33993994,6.94206869,54.70819691,30.07357776,0.19155089,-0.46193503,1.26248565,0.19044512,-0.46456852,1.25746535,9.33311428,0.00000004
9.87000000,LOWER_LEG,-0.01046788,-0.01650246,0.00981653,-0.07624712,0.06657538,0.31552286,-0.07954919,0.06251015,0.09466224,0.02089730,0.00318654,25.33512551,6.95005566,54.71212811,30.06791812,0.19155243,-0.46184557,1.26234642,0.19043568,-0.46451303,1.25734257,9.33512285,0.00000006
9.88000000,LOWER_LEG,-0.01048336,-0.01651805,0.00982251,-0.07625366,0.06658109,0.31552712,-0.07955526,0.06251559,0.09465388,0.02089574,0.00318499,25.33203877,6.95704187,54.71403486,30.06372275,0.19155383,-0.46176459,1.26222285,0.19042744,-0.46446449,1.25723518,9.33673065,0.00000004
9.89000000,LOWER_LEG,-0.01049632,-0.01653132,0.00982715,-0.07625924,0.06658604,0.31553098,-0.07956046,0.06252034,0.09464660,0.02089436,0.00318361,25.33052959,6.96311680,54.71404975,30.06091086,0.19155512,-0.46169176,1.26211420,0.19042031,-0.46442251,1.25714231,9.33795890,0.00000000
9.90000000,LOWER_LEG,-0.01050689,-0.01654240,0.00983053,-0.07626391,0.06659026,0.31553447,-0.07956483,0.06252440,0.09464036,0.02089315,0.00318239,25.33044850,6.96838018,54.71230876,30.05939082,0.19155628,-0.46162668,1.26201972,0.19041422,-0.46438668,1.25706303,9.33882994,0.00000008
9.91000000,LOWER_LEG,-0.01051524,-0.01655140,0.00983270,-0.07626772,0.06659379,0.31553761,-0.07956840,0.06252782,0.09463510,0.02089209,0.00318133,25.33134767,6.97297227,54.70889747,30.05927979,0.19155731,-0.46156893,1.26193858,0.19040910,-0.46435654,1.25699636,9.33936615,0.00000007
9.92000000,LOWER_LEG,-0.01052151,-0.01655846,0.00983375,-0.07627072,0.06659666,0.31554040,-0.07957123,0.06253063,0.09463077,0.02089116,0.00318040,25.33345206,6.97699392,54.70402674,30.06020411,0.19155821,-0.46151807,1.26186992,0.19040487,-0.46433162,1.25694122,9.33959475,0.00000008
9.93000000,LOWER_LEG,-0.01052586,-0.01656372,0.00983376,-0.07627297,0.06659892,0.31554289,-0.07957336,0.06253286,0.09462732,0.02089034,0.00317959,25.33558166,6.98056184,54.69784695,30.06317949,0.19155899,-0.46147363,1.26181280,0.19040144,-0.46431141,1.25689651,9.33954112,0.00000000
9.94000000,LOWER_LEG,-0.01052847,-0.01656732,0.00983283,-0.07627450,0.06660061,0.31554508,-0.07957484,0.06253456,0.09462468,0.02088963,0.00317887,25.34008142,6.98380601,54.68997243,30.06509003,0.19155965,-0.46143514,1.26176625,0.19039872,-0.46429539,1.25686107,9.33915638,0.00000008
9.95000000,LOWER_LEG,-0.01052951,-0.01656943,0.00983106,-0.07627538,0.06660177,0.31554700,-0.07957572,0.06253577,0.09462280,0.02088899,0.00317824,25.34485121,6.98686546,54.68183641,30.06835440,0.19156023,-0.46140209,1.26172921,0.19039661,-0.46428301,1.25683368,9.33864000,0.00000010
9.96000000,LOWER_LEG,-0.01052918,-0.01657021,0.00982855,-0.07627567,0.06660246,0.31554868,-0.07957604,0.06253653,0.09462162,0.02088842,0.00317766,25.34960376,6.98986732,54.67302010,30.07257144,0.19156071,-0.46137394,1.26170060,0.19039503,-0.46427367,1.25681303,9.33794666,0.00000005
9.97000000,LOWER_LEG,-0.01052764,-0.01656982,0.00982541,-0.07627542,0.06660272,0.31555014,-0.07957586,0.06253688,0.09462107,0.02088788,0.00317712,25.35457548,6.99300988,54.66391270,30.07728292,0.19156114,-0.46135012,1.26167929,0.19039386,-0.46426677,1.25679775,9.33712476,0.00000008
9.98000000,LOWER_LEG,-0.01052513,-0.01656843,0.00982176,-0.07627469,0.06660261,0.31555143,-0.07957524,0.06253688,0.09462108,0.02088736,0.00317660,25.36059959,6.99639274,54.65301606,30.08132079,0.19156149,-0.46133004,1.26166402,0.19039299,-0.46426165,1.25678644,9.33597205,0.00000008
9.99000000,LOWER_LEG,-0.01052186,-0.01656624,0.00981772,-0.07627355,0.06660218,0.31555256,-0.07957422,0.06253657,0.09462160,0.02088683,0.00317608,25.36567672,7.00018132,54.64253030,30.08625387,0.19156179,-0.46131308,1.26165356,0.19039231,-0.46425767,1.25677763,9.33480671,0.00000003
10.00000000,LOWER_LEG,-0.01051806,-0.01656345,0.00981340,-0.07627205,0.06660150,0.31555357,-0.07957287,0.06253602,0.09462254,0.02088628,0.00317552,25.37126183,7.00455437,54.63233554,30.09046657,0.19156205,-0.46129860,1.26164658,0.19039171,-0.46425413,1.25676978,9.33361314,0.00000007
10.01000000,VERIFY_CONTACT,-0.01051395,-0.01656024,0.00980895,-0.07627027,0.06660062,0.31555450,-0.07957125,0.06253527,0.09462384,0.02088567,0.00317491,25.37528241,7.00949422,54.62227986,30.09561134,0.19156228,-0.46128595,1.26164172,0.19039108,-0.46425041,1.25676155,9.33237200,0.00000000
10.02000000,VERIFY_CONTACT,-0.01050975,-0.01655680,0.00980447,-0.07626827,0.06659961,0.31555538,-0.07956941,0.06253439,0.09462542,0.02088499,0.00317424,25.37995297,7.01433261,54.61233110,30.09879268,0.19156251,-0.46127452,1.26163784,0.19039042,-0.46424650,1.25675290,9.33109008,0.00000001
10.03000000,VERIFY_CONTACT,-0.01050561,-0.01655326,0.00980009,-0.07626612,0.06659853,0.31555624,-0.07956741,0.06253343,0.09462720,0.02088428,0.00317352,25.38357968,7.01870885,54.60285868,30.10229783,0.19156280,-0.46126400,1.26163429,0.19038975,-0.46424256,1.25674419,9.32982406,0.00000000
10.04000000,VERIFY_CONTACT,-0.01050169,-0.01654972,0.00979591,-0.07626387,0.06659742,0.31555709,-0.07956531,0.06253244,0.09462912,0.02088357,0.00317282,25.38784396,7.02241529,54.59385789,30.10381001,0.19156317,-0.46125416,1.26163074,0.19038910,-0.46423872,1.25673570,9.32859025,0.00000006
10.05000000,VERIFY_CONTACT,-0.01049804,-0.01654628,0.00979200,-0.07626158,0.06659634,0.31555793,-0.07956317,0.06253146,0.09463113,0.02088291,0.00317216,25.39102057,7.02533255,54.58550714,30.10563574,0.19156368,-0.46124493,1.26162706,0.19038848,-0.46423507,1.25672763,9.32741512,0.00000010
10.06000000,VERIFY_CONTACT,-0.01049476,-0.01654297,0.00978843,-0.07625929,0.06659532,0.31555877,-0.07956102,0.06253053,0.09463316,0.02088233,0.00317157,25.39385457,7.02796649,54.57743645,30.10697118,0.19156434,-0.46123627,1.26162331,0.19038790,-0.46423167,1.25672010,9.32625687,0.00000010
10.07000000,VERIFY_CONTACT,-0.01049191,-0.01653981,0.00978521,-0.07625706,0.06659439,0.31555960,-0.07955892,0.06252967,0.09463517,0.02088184,0.00317109,25.39642342,7.02939500,54.57053896,30.10794780,0.19156514,-0.46122810,1.26161951,0.19038737,-0.46422856,1.25671321,9.32525651,0.00000005
10.08000000,VERIFY_CONTACT,-0.01048953,-0.01653682,0.00978236,-0.07625491,0.06659358,0.31556039,-0.07955688,0.06252891,0.09463713,0.02088145,0.00317070,25.39884385,7.03015080,54.56450834,30.10860294,0.19156606,-0.46122038,1.26161568,0.19038690,-0.46422577,1.25670705,9.32436998,0.00000003
10.09000000,VERIFY_CONTACT,-0.01048761,-0.01653402,0.00977989,-0.07625287,0.06659289,0.31556113,-0.07955494,0.06252827,0.09463901,0.02088117,0.00317041,25.40159658,7.03031912,54.55942716,30.10873390,0.19156711,-0.46121310,1.26161194,0.19038648,-0.46422331,1.25670162,9.32360679,0.00000005
10.10000000,VERIFY_CONTACT,-0.01048612,-0.01653146,0.00977777,-0.07625097,0.06659234,0.31556181,-0.07955313,0.06252775,0.09464077,0.02088098,0.00317023,25.40412703,7.02996318,54.55524852,30.10882697,0.19156828,-0.46120628,1.26160836,0.19038612,-0.46422120,1.25669695,9.32296723,0.00000010
10.11000000,VERIFY_CONTACT,-0.01048503,-0.01652915,0.00977600,-0.07624923,0.06659192,0.31556240,-0.07955146,0.06252735,0.09464239,0.02088089,0.00317013,25.40710575,7.02873338,54.55243364,30.10849622,0.19156954,-0.46119993,1.26160505,0.19038585,-0.46421959,1.25669338,9.32251773,0.00000006
10.12000000,VERIFY_CONTACT,-0.01048432,-0.01652709,0.00977452,-0.07624766,0.06659163,0.31556289,-0.07954995,0.06252707,0.09464385,0.02088088,0.00317013,25.40997105,7.02737243,54.55027414,30.10818567,0.19157085,-0.46119402,1.26160209,0.19038562,-0.46421824,1.25669040,9.32216518,0.00000008
10.13000000,VERIFY_CONTACT,-0.01048394,-0.01652531,0.00977331,-0.07624628,0.06659146,0.31556329,-0.07954862,0.06252691,0.09464514,0.02088095,0.00317019,25.41265919,7.02618685,54.54848899,30.10802648,0.19157218,-0.46118851,1.26159950,0.19038542,-0.46421705,1.25668776,9.32187018,0.00000006
10.14000000,VERIFY_CONTACT,-0.01048386,-0.01652380,0.00977232,-0.07624510,0.06659141,0.31556358,-0.07954747,0.06252684,0.09464624,0.02088107,0.00317032,25.41526366,7.02442248,54.54778673,30.10793458,0.19157350,-0.46118338,1.26159732,0.19038529,-0.46421631,1.25668611,9.32173670,0.00000009
10.15000000,VERIFY_CONTACT,-0.01048402,-0.01652258,0.00977150,-0.07624411,0.06659144,0.31556377,-0.07954651,0.06252687,0.09464715,0.02088125,0.00317049,25.41770183,7.02294732,54.54726051,30.10798652,0.19157476,-0.46117861,1.26159557,0.19038517,-0.46421557,1.25668450,9.32163815,0.00000004
10.16000000,VERIFY_CONTACT,-0.01048437,-0.01652164,0.00977082,-0.07624333,0.06659156,0.31556386,-0.07954574,0.06252697,0.09464787,0.02088147,0.00317071,25.42021028,7.02112649,54.54750627,30.10785994,0.19157594,-0.46117418,1.26159426,0.19038510,-0.46421520,1.25668367,9.32166081,0.00000003
10.17000000,VERIFY_CONTACT,-0.01048486,-0.01652097,0.00977025,-0.07624275,0.06659175,0.31556385,-0.07954516,0.06252713,0.09464839,0.02088172,0.00317097,25.42162687,7.01903776,54.54837292,30.10877303,0.19157702,-0.46117006,1.26159338,0.19038510,-0.46421520,1.25668367,9.32178261,0.00000008
10.18000000,VERIFY_CONTACT,-0.01048544,-0.01652059,0.00976974,-0.07624237,0.06659198,0.31556377,-0.07954476,0.06252734,0.09464872,0.02088201,0.00317125,25.42368433,7.01710141,54.54943261,30.10898241,0.19157797,-0.46116624,1.26159292,0.19038510,-0.46421520,1.25668367,9.32194390,0.00000004
10.19000000,VERIFY_CONTACT,-0.01048611,-0.01652048,0.00976928,-0.07624217,0.06659224,0.31556361,-0.07954454,0.06252759,0.09464887,0.02088230,0.00317155,25.42482653,7.01519562,54.55064611,30.10989212,0.19157877,-0.46116263,1.26159269,0.19038510,-0.46421520,1.25668367,9.32214184,0.00000004
10.20000000,VERIFY_CONTACT,-0.01048680,-0.01652063,0.00976884,-0.07624215,0.06659253,0.31556339,-0.07954449,0.06252786,0.09464885,0.02088261,0.00317186,25.42598769,7.01307225,54.55231639,30.11063315,0.19157941,-0.46115925,1.26159275,0.19038516,-0.46421554,1.25668443,9.32241420,0.00000007
10.21000000,VERIFY_CONTACT,-0.01048748,-0.01652101,0.00976841,-0.07624229,0.06659283,0.31556313,-0.07954460,0.06252813,0.09464867,0.02088294,0.00317218,25.42637813,7.00997271,54.55495906,30.11187411,0.19157990,-0.46115614,1.26159317,0.19038529,-0.46421630,1.25668610,9.32284457,0.00000007
10.22000000,VERIFY_CONTACT,-0.01048813,-0.01652157,0.00976798,-0.07624258,0.06659312,0.31556283,-0.07954484,0.06252841,0.09464834,0.02088327,0.00317252,25.42674548,7.00887882,54.55594812,30.11301336,0.19158023,-0.46115327,1.26159395,0.19038535,-0.46421666,1.25668689,9.32304509,0.00000009
10.23000000,VERIFY_CONTACT,-0.01048872,-0.01652229,0.00976754,-0.07624300,0.06659339,0.31556250,-0.07954521,0.06252867,0.09464790,0.02088361,0.00317285,25.42690513,7.00661091,54.55810317,30.11421617,0.19158041,-0.46115063,1.26159496,0.19038548,-0.46421744,1.25668863,9.32342383,0.00000007
10.24000000,VERIFY_CONTACT,-0.01048922,-0.01652316,0.00976711,-0.07624353,0.06659365,0.31556216,-0.07954569,0.06252892,0.09464735,0.02088394,0.00317318,25.42686656,7.00475022,54.55991808,30.11546898,0.19158046,-0.46114822,1.26159617,0.19038560,-0.46421814,1.25669017,9.32376113,0.00000004
10.25000000,VERIFY_CONTACT,-0.01048962,-0.01652418,0.00976669,-0.07624415,0.06659388,0.31556182,-0.07954626,0.06252914,0.09464672,0.02088426,0.00317350,25.42664050,7.00295813,54.56169562,30.11675448,0.19158038,-0.46114604,1.26159750,0.19038572,-0.46421886,1.25669176,9.32409878,0.00000007
10.26000000,VERIFY_CONTACT,-0.01048994,-0.01652528,0.00976627,-0.07624484,0.06659407,0.31556147,-0.07954690,0.06252932,0.09464602,0.02088456,0.00317381,25.42595515,7.00132325,54.56330289,30.11827273,0.19158016,-0.46114405,1.26159893,0.19038585,-0.46421959,1.25669338,9.32442326,0.00000008
10.27000000,VERIFY_CONTACT,-0.01049018,-0.01652642,0.00976585,-0.07624558,0.06659422,0.31556114,-0.07954759,0.06252947,0.09464528,0.02088485,0.00317410,25.42422810,6.99985187,54.56476025,30.12086206,0.19157983,-0.46114225,1.26160044,0.19038597,-0.46422031,1.25669496,9.32473134,0.00000004
10.28000000,VERIFY_CONTACT,-0.01049035,-0.01652758,0.00976545,-0.07624636,0.06659434,0.31556082,-0.07954831,0.06252959,0.09464451,0.02088512,0.00317436,25.42395842,6.99824787,54.56629002,30.12151315,0.19157939,-0.46114062,1.26160197,0.19038610,-0.46422106,1.25669663,9.32505630,0.00000004
10.29000000,VERIFY_CONTACT,-0.01049043,-0.01652873,0.00976506,-0.07624714,0.06659442,0.31556052,-0.07954905,0.06252967,0.09464373,0.02088536,0.00317460,25.42323710,6.99774563,54.56682756,30.12279117,0.19157889,-0.46113916,1.26160349,0.19038616,-0.46422145,1.25669749,9.32523387,0.00000010
10.30000000,VERIFY_CONTACT,-0.01049045,-0.01652984,0.00976471,-0.07624792,0.06659447,0.31556024,-0.07954978,0.06252973,0.09464297,0.02088557,0.00317482,25.42182053,6.99658121,54.56792707,30.12454028,0.19157833,-0.46113789,1.26160501,0.19038629,-0.46422218,1.25669910,9.32549415,0.00000005
10.31000000,VERIFY_CONTACT,-0.01049041,-0.01653090,0.00976438,-0.07624868,0.06659448,0.31555999,-0.07955050,0.06252975,0.09464224,0.02088576,0.00317501,25.42118752,6.99598889,54.56848882,30.12555541,0.19157772,-0.46113677,1.26160643,0.19038635,-0.46422256,1.25669996,9.32567240,0.00000009
10.32000000,VERIFY_CONTACT,-0.01049033,-0.01653188,0.00976410,-0.07624941,0.06659447,0.31555976,-0.07955119,0.06252975,0.09464155,0.02088593,0.00317517,25.41969419,6.99469871,54.56965456,30.12731589,0.19157710,-0.46113582,1.26160778,0.19038648,-0.46422330,1.25670158,9.32593385,0.00000002
10.33000000,VERIFY_CONTACT,-0.01049021,-0.01653278,0.00976386,-0.07625008,0.06659444,0.31555957,-0.07955183,0.06252972,0.09464090,0.02088606,0.00317531,25.41932129,6.99442656,54.56987448,30.12787064,0.19157647,-0.46113501,1.26160904,0.19038654,-0.46422367,1.25670241,9.32605220,0.00000006
10.34000000,VERIFY_CONTACT,-0.01049006,-0.01653358,0.00976366,-0.07625070,0.06659439,0.31555940,-0.07955243,0.06252968,0.09464033,0.02088618,0.00317542,25.41876743,6.99405069,54.57015065,30.12865259,0.19157586,-0.46113436,1.26161017,0.19038660,-0.46422403,1.25670320,9.32617052,0.00000010
10.35000000,VERIFY_CONTACT,-0.01048990,-0.01653428,0.00976352,-0.07625126,0.06659433,0.31555927,-0.07955296,0.06252962,0.09463981,0.02088627,0.00317551,25.41748426,6.99422292,54.56977095,30.13004657,0.19157525,-0.46113382,1.26161115,0.19038660,-0.46422403,1.25670320,9.32619292,0.00000010
10.36000000,VERIFY_CONTACT,-0.01048973,-0.01653485,0.00976342,-0.07625174,0.06659426,0.31555917,-0.07955343,0.06252956,0.09463938,0.02088634,0.00317558,25.41717127,6.99397318,54.56984924,30.13040867,0.19157470,-0.46113344,1.26161207,0.19038666,-0.46422440,1.25670401,9.32626832,0.00000005
10.37000000,VERIFY_CONTACT,-0.01048957,-0.01653532,0.00976338,-0.07625215,0.06659418,0.31555909,-0.07955382,0.06252948,0.09463902,0.02088638,0.00317562,25.41657780,6.99299712,54.57052913,30.13112813,0.19157417,-0.46113313,1.26161274,0.19038672,-0.46422475,1.25670479,9.32642267,0.00000001
10.38000000,VERIFY_CONTACT,-0.01048939,-0.01653565,0.00976337,-0.07625247,0.06659410,0.31555905,-0.07955415,0.06252941,0.09463874,0.02088642,0.00317566,25.41700216,6.99389938,54.56953402,30.13077510,0.19157371,-0.46113298,1.26161344,0.19038672,-0.46422475,1.25670479,9.32632234,0.00000009
10.39000000,VERIFY_CONTACT,-0.01048925,-0.01653587,0.00976341,-0.07625272,0.06659403,0.31555903,-0.07955440,0.06252934,0.09463853,0.02088643,0.00317568,25.41675346,6.99406268,54.56910272,30.13101607,0.19157327,-0.46113289,1.26161393,0.19038672,-0.46422475,1.25670479,9.32630150,0.00000004
10.40000000,VERIFY_CONTACT,-0.01048910,-0.01653600,0.00976348,-0.07625290,0.06659395,0.31555904,-0.07955457,0.06252927,0.09463841,0.02088643,0.00317567,25.41688184,6.99422192,54.56868483,30.13093103,0.19157290,-0.46113288,1.26161426,0.19038672,-0.46422475,1.25670479,9.32626726,0.00000008
10.41000000,VERIFY_CONTACT,-0.01048898,-0.01653601,0.00976358,-0.07625299,0.06659388,0.31555907,-0.07955468,0.06252920,0.09463835,0.02088642,0.00317566,25.41670972,6.99443048,54.56815762,30.13100764,0.19157258,-0.46113293,1.26161449,0.19038672,-0.46422475,1.25670479,9.32621542,0.00000002
10.42000000,VERIFY_CONTACT,-0.01048888,-0.01653591,0.00976370,-0.07625302,0.06659382,0.31555912,-0.07955472,0.06252914,0.09463836,0.02088640,0.00317564,25.41703437,6.99465380,54.56766345,30.13071120,0.19157230,-0.46113303,1.26161466,0.19038672,-0.46422475,1.25670479,9.32615651,0.00000001
10.43000000,VERIFY_CONTACT,-0.01048879,-0.01653571,0.00976384,-0.07625299,0.06659377,0.31555919,-0.07955470,0.06252909,0.09463844,0.02088637,0.00317561,25.41734021,6.99489566,54.56713524,30.13038511,0.19157209,-0.46113321,1.26161479,0.19038672,-0.46422475,1.25670479,9.32608565,0.00000005
10.44000000,VERIFY_CONTACT,-0.01048871,-0.01653542,0.00976399,-0.07625289,0.06659373,0.31555927,-0.07955462,0.06252905,0.09463857,0.02088634,0.00317558,25.41768121,6.99620060,54.56562413,30.13000804,0.19157192,-0.46113342,1.26161487,0.19038666,-0.46422439,1.25670400,9.32586676,0.00000003
10.45000000,VERIFY_CONTACT,-0.01048867,-0.01653509,0.00976414,-0.07625274,0.06659369,0.31555937,-0.07955448,0.06252901,0.09463875,0.02088629,0.00317553,25.41801844,6.99565484,54.56577901,30.12963421,0.19157177,-0.46113358,1.26161470,0.19038666,-0.46422439,1.25670400,9.32588468,0.00000008
10.46000000,VERIFY_CONTACT,-0.01048863,-0.01653470,0.00976429,-0.07625254,0.06659366,0.31555947,-0.07955431,0.06252898,0.09463898,0.02088623,0.00317548,25.41869341,6.99624431,54.56490679,30.12900317,0.19157168,-0.46113377,1.26161450,0.19038660,-0.46422404,1.25670323,9.32574245,0.00000003
10.47000000,VERIFY_CONTACT,-0.01048860,-0.01653429,0.00976444,-0.07625231,0.06659364,0.31555959,-0.07955409,0.06252896,0.09463924,0.02088618,0.00317542,25.41902115,6.99632955,54.56453082,30.12856731,0.19157162,-0.46113395,1.26161421,0.19038660,-0.46422404,1.25670323,9.32566930,0.00000009
10.48000000,VERIFY_CONTACT,-0.01048858,-0.01653386,0.00976458,-0.07625204,0.06659363,0.31555971,-0.07955385,0.06252895,0.09463953,0.02088612,0.00317536,25.41967908,6.99677836,54.56380385,30.12792077,0.19157160,-0.46113412,1.26161383,0.19038654,-0.46422369,1.25670244,9.32553975,0.00000005
10.49000000,VERIFY_CONTACT,-0.01048857,-0.01653340,0.00976470,-0.07625175,0.06659363,0.31555983,-0.07955358,0.06252895,0.09463984,0.02088606,0.00317531,25.42067581,6.99745509,54.56288455,30.12688560,0.19157159,-0.46113427,1.26161348,0.19038648,-0.46422333,1.25670166,9.32538256,0.00000001
10.50000000,VERIFY_CONTACT,-0.01048855,-0.01653295,0.00976480,-0.07625145,0.06659363,0.31555995,-0.07955330,0.06252895,0.09464016,0.02088600,0.00317525,25.42060085,6.99736191,54.56269817,30.12688629,0.19157162,-0.46113439,1.26161306,0.19038648,-0.46422333,1.25670166,9.32532676,0.00000008
10.51000000,VERIFY_CONTACT,-0.01048855,-0.01653250,0.00976489,-0.07625114,0.06659363,0.31556007,-0.07955301,0.06252895,0.09464048,0.02088595,0.00317519,25.42119597,6.99776738,54.56206327,30.12630766,0.19157165,-0.46113447,1.26161262,0.19038642,-0.46422298,1.25670087,9.32520576,0.00000005
10.52000000,VERIFY_CONTACT,-0.01048855,-0.01653205,0.00976494,-0.07625083,0.06659364,0.31556018,-0.07955272,0.06252896,0.09464080,0.02088590,0.00317514,25.42239067,6.99838837,54.56121773,30.12490763,0.19157169,-0.46113453,1.26161223,0.19038636,-0.46422263,1.25670009,9.32505859,0.00000001
10.53000000,VERIFY_CONTACT,-0.01048854,-0.01653163,0.00976498,-0.07625052,0.06659365,0.31556029,-0.07955243,0.06252897,0.09464111,0.02088584,0.00317509,25.42196850,6.99824213,54.56119427,30.12546496,0.19157175,-0.46113455,1.26161180,0.19038636,-0.46422263,1.25670009,9.32502217,0.00000008
10.54000000,VERIFY_CONTACT,-0.01048853,-0.01653123,0.00976499,-0.07625023,0.06659366,0.31556039,-0.07955215,0.06252898,0.09464141,0.02088580,0.00317504,25.42261783,6.99861144,54.56068732,30.12490146,0.19157181,-0.46113451,1.26161139,0.19038630,-0.46422227,1.25669931,9.32492083,0.00000003
10.55000000,VERIFY_CONTACT,-0.01048852,-0.01653086,0.00976498,-0.07624995,0.06659367,0.31556048,-0.07955189,0.06252899,0.09464169,0.02088576,0.00317500,25.42263865,6.99865663,54.56048947,30.12479774,0.19157188,-0.46113447,1.26161106,0.19038630,-0.46422227,1.25669931,9.32486570,0.00000009
10.56000000,VERIFY_CONTACT,-0.01048852,-0.01653052,0.00976495,-0.07624969,0.06659369,0.31556056,-0.07955164,0.06252900,0.09464195,0.02088571,0.00317496,25.42314978,6.99895975,54.56009494,30.12439129,0.19157194,-0.46113435,1.26161067,0.19038624,-0.46422191,1.25669852,9.32478285,0.00000004
10.57000000,VERIFY_CONTACT,-0.01048850,-0.01653023,0.00976491,-0.07624946,0.06659370,0.31556063,-0.07955141,0.06252901,0.09464219,0.02088568,0.00317493,25.42316321,6.99898373,54.55996964,30.12433301,0.19157200,-0.46113423,1.26161040,0.19038624,-0.46422191,1.25669852,9.32474232,0.00000009
10.58000000,VERIFY_CONTACT,-0.01048850,-0.01652997,0.00976484,-0.07624925,0.06659371,0.31556069,-0.07955121,0.06252903,0.09464240,0.02088565,0.00317490,25.42412994,6.99926204,54.55960974,30.12326954,0.19157204,-0.46113404,1.26161009,0.19038618,-0.46422157,1.25669775,9.32467410,0.00000002
10.59000000,VERIFY_CONTACT,-0.01048848,-0.01652977,0.00976477,-0.07624907,0.06659372,0.31556073,-0.07955104,0.06252904,0.09464258,0.02088563,0.00317487,25.42355821,6.99920856,54.55964324,30.12405371,0.19157211,-0.46113385,1.26160984,0.19038618,-0.46422157,1.25669775,9.32465554,0.00000006
10.60000000,VERIFY_CONTACT,-0.01048845,-0.01652959,0.00976468,-0.07624892,0.06659373,0.31556077,-0.07955089,0.06252905,0.09464273,0.02088562,0.00317486,25.42357959,6.99919604,54.55963202,30.12407285,0.19157216,-0.46113367,1.26160972,0.19038618,-0.46422157,1.25669775,9.32464059,0.00000009
10.61000000,VERIFY_CONTACT,-0.01048846,-0.01652946,0.00976458,-0.07624880,0.06659374,0.31556079,-0.07955077,0.06252906,0.09464285,0.02088560,0.00317485,25.42354977,6.99942408,54.55937221,30.12416260,0.19157218,-0.46113341,1.26160952,0.19038613,-0.46422123,1.25669700,9.32459550,0.00000007
10.62000000,VERIFY_CONTACT,-0.01048847,-0.01652938,0.00976448,-0.07624870,0.06659375,0.31556080,-0.07955067,0.06252907,0.09464294,0.02088559,0.00317483,25.42353973,6.99932599,54.55948778,30.12422953,0.19157219,-0.46113312,1.26160933,0.19038613,-0.46422123,1.25669700,9.32460201,0.00000009
10.63000000,VERIFY_CONTACT,-0.01048848,-0.01652932,0.00976437,-0.07624864,0.06659376,0.31556081,-0.07955061,0.06252908,0.09464301,0.02088559,0.00317483,25.42351848,6.99924445,54.55959496,30.12432429,0.19157221,-0.46113284,1.26160925,0.19038613,-0.46422123,1.25669700,9.32461094,0.00000010
10.64000000,VERIFY_CONTACT,-0.01048848,-0.01652931,0.00976427,-0.07624860,0.06659377,0.31556080,-0.07955057,0.06252909,0.09464304,0.02088559,0.00317483,25.42400980,6.99914761,54.55978284,30.12402099,0.19157223,-0.46113258,1.26160921,0.19038613,-0.46422123,1.25669700,9.32462981,0.00000003
10.65000000,VERIFY_CONTACT,-0.01048846,-0.01652936,0.00976418,-0.07624859,0.06659378,0.31556078,-0.07955055,0.06252909,0.09464306,0.02088560,0.00317484,25.42366978,6.99901444,54.55992415,30.12439637,0.19157227,-0.46113234,1.26160920,0.19038613,-0.46422123,1.25669700,9.32464642,0.00000003
10.66000000,VERIFY_CONTACT,-0.01048845,-0.01652944,0.00976409,-0.07624860,0.06659378,0.31556076,-0.07955056,0.06252910,0.09464304,0.02088561,0.00317486,25.42355810,6.99889584,54.56007984,30.12458003,0.19157228,-0.46113210,1.26160920,0.19038613,-0.46422123,1.25669700,9.32466975,0.00000003
10.67000000,VERIFY_CONTACT,-0.01048845,-0.01652956,0.00976401,-0.07624863,0.06659379,0.31556073,-0.07955059,0.06252911,0.09464301,0.02088563,0.00317487,25.42343899,6.99877179,54.56024534,30.12476981,0.19157228,-0.46113185,1.26160922,0.19038613,-0.46422123,1.25669700,9.32469700,0.00000004
10.68000000,VERIFY_CONTACT,-0.01048844,-0.01652970,0.00976394,-0.07624869,0.06659379,0.31556069,-0.07955064,0.06252911,0.09464295,0.02088565,0.00317489,25.42331028,6.99864222,54.56041931,30.12496526,0.19157226,-0.46113160,1.26160924,0.19038613,-0.46422123,1.25669700,9.32472729,0.00000006
10.69000000,VERIFY_CONTACT,-0.01048845,-0.01652987,0.00976387,-0.07624876,0.06659379,0.31556066,-0.07955070,0.06252911,0.09464288,0.02088566,0.00317491,25.42317401,6.99850754,54.56060009,30.12516404,0.19157224,-0.46113135,1.26160926,0.19038613,-0.46422123,1.25669700,9.32475995,0.00000009
10.70000000,VERIFY_CONTACT,-0.01048848,-0.01653004,0.00976380,-0.07624885,0.06659379,0.31556061,-0.07955078,0.06252911,0.09464280,0.02088568,0.00317493,25.42269646,6.99839453,54.56072585,30.12560250,0.19157219,-0.46113109,1.26160929,0.19038613,-0.46422123,1.25669700,9.32479212,0.00000008
10.71000000,VERIFY_CONTACT,-0.01048851,-0.01653021,0.00976373,-0.07624895,0.06659380,0.31556057,-0.07955088,0.06252912,0.09464270,0.02088571,0.00317495,25.42269546,6.99779232,54.56142358,30.12569934,0.19157214,-0.46113085,1.26160939,0.19038618,-0.46422157,1.25669776,9.32489988,0.00000003
10.72000000,VERIFY_CONTACT,-0.01048851,-0.01653036,0.00976368,-0.07624906,0.06659380,0.31556052,-0.07955098,0.06252912,0.09464259,0.02088574,0.00317499,25.42262231,6.99793178,54.56136034,30.12586576,0.19157211,-0.46113070,1.26160965,0.19038618,-0.46422157,1.25669776,9.32490224,0.00000005
10.73000000,VERIFY_CONTACT,-0.01048853,-0.01653053,0.00976364,-0.07624918,0.06659381,0.31556047,-0.07955108,0.06252912,0.09464248,0.02088577,0.00317501,25.42252617,6.99783182,54.56152868,30.12603754,0.19157207,-0.46113054,1.26160982,0.19038618,-0.46422157,1.25669776,9.32493772,0.00000007
10.74000000,VERIFY_CONTACT,-0.01048855,-0.01653072,0.00976361,-0.07624929,0.06659381,0.31556043,-0.07955119,0.06252913,0.09464237,0.02088579,0.00317504,25.42242436,6.99772264,54.56169473,30.12620150,0.19157203,-0.46113039,1.26160992,0.19038618,-0.46422157,1.25669776,9.32497182,0.00000010
10.75000000,VERIFY_CONTACT,-0.01048858,-0.01653087,0.00976359,-0.07624941,0.06659381,0.31556038,-0.07955130,0.06252913,0.09464226,0.02088582,0.00317506,25.42210553,6.99739905,54.56207892,30.12650858,0.19157197,-0.46113028,1.26161016,0.19038624,-0.46422191,1.25669852,9.32504203,0.00000002
10.76000000,STAND,-0.01048861,-0.01653100,0.00976357,-0.07624953,0.06659382,0.31556034,-0.07955141,0.06252913,0.09464215,0.02088585,0.00317509,25.42207059,6.99736428,54.56216890,30.12662030,0.19157192,-0.46113020,1.26161040,0.19038624,-0.46422191,1.25669852,9.32506808,0.00000009
10.77000000,STAND,-0.01048877,-0.01653118,0.00976358,-0.07624963,0.06659381,0.31556029,-0.07955151,0.06252913,0.09464206,0.02088591,0.00317515,25.42138229,6.99421621,54.56266997,30.12464297,0.19157167,-0.46113048,1.26161105,0.19038480,-0.46422517,1.25670229,9.32520586,0.00000000
10.78000000,STAND,-0.01048948,-0.01653166,0.00976366,-0.07624968,0.06659376,0.31556018,-0.07955158,0.06252909,0.09464204,0.02088610,0.00317535,25.42095390,6.98881239,54.56485183,30.12195424,0.19157057,-0.46113219,1.26161330,0.19038110,-0.46423324,1.25671145,9.32562921,0.00000000
10.79000000,STAND,-0.01049121,-0.01653274,0.00976387,-0.07624961,0.06659359,0.31555996,-0.07955155,0.06252896,0.09464217,0.02088658,0.00317582,25.42050535,6.97898697,54.56947318,30.11735223,0.19156779,-0.46113693,1.26161895,0.19037386,-0.46424942,1.25673008,9.32646179,0.00000000
10.80000000,STAND,-0.01049443,-0.01653475,0.00976430,-0.07624931,0.06659319,0.31555952,-0.07955136,0.06252863,0.09464256,0.02088748,0.00317672,25.42042611,6.96447832,54.57764431,30.11130735,0.19156234,-0.46114677,1.26163036,0.19036195,-0.46427649,1.25676161,9.32786981,0.00000000
10.81000000,STAND,-0.01049954,-0.01653802,0.00976503,-0.07624866,0.06659238,0.31555874,-0.07955089,0.06252796,0.09464334,0.02088893,0.00317818,25.42101585,6.94513609,54.59013177,30.10410502,0.19155313,-0.46116401,1.26165022,0.19034428,-0.46431712,1.25680929,9.32997296,0.00000000
10.82000000,STAND,-0.01050681,-0.01654277,0.00976616,-0.07624748,0.06659096,0.31555751,-0.07954998,0.06252676,0.09464467,0.02089103,0.00318027,25.42253135,6.92110479,54.60745301,30.09610183,0.19153904,-0.46119111,1.26168137,0.19031976,-0.46437382,1.25687608,9.33285924,0.00000000
10.83000000,STAND,-0.01051642,-0.01654918,0.00976773,-0.07624557,0.06658867,0.31555569,-0.07954847,0.06252480,0.09464674,0.02089380,0.00318305,25.42514091,6.89274598,54.62987001,30.08769115,0.19151892,-0.46123053,1.26172669,0.19028736,-0.46444891,1.25696464,9.33658209,0.00000000
10.84000000,STAND,-0.01052840,-0.01655734,0.00976978,-0.07624267,0.06658520,0.31555319,-0.07954615,0.06252179,0.09464979,0.02089727,0.00318651,25.42889376,6.86056612,54.65740008,30.07927576,0.19149163,-0.46128469,1.26178900,0.19024603,-0.46454454,1.25707731,9.34115969,0.00000000
10.85000000,STAND,-0.01054265,-0.01656730,0.00977231,-0.07623854,0.06658019,0.31554992,-0.07954277,0.06251742,0.09465405,0.02090140,0.00319064,25.43370862,6.82515914,54.68983584,30.07124562,0.19145602,-0.46135594,1.26187098,0.19019477,-0.46466268,1.25721617,9.34657605,0.00000000
10.86000000,STAND,-0.01055899,-0.01657902,0.00977529,-0.07623286,0.06657327,0.31554581,-0.07953807,0.06251134,0.09465982,0.02090613,0.00319537,25.43938022,6.78716559,54.72677089,30.06396003,0.19141095,-0.46144653,1.26197514,0.19013258,-0.46480518,1.25738303,9.35278350,0.00000000
10.87000000,STAND,-0.01057714,-0.01659247,0.00977864,-0.07622531,0.06656402,0.31554083,-0.07953176,0.06250316,0.09466741,0.02091138,0.00320063,25.44560032,6.74724622,54.76762938,30.05773430,0.19135529,-0.46155860,1.26210381,0.19005851,-0.46497372,1.25757947,9.35970619,0.00000000
10.88000000,STAND,-0.01059677,-0.01660755,0.00978227,-0.07621554,0.06655200,0.31553499,-0.07952351,0.06249249,0.09467716,0.02091709,0.00320633,25.45198834,6.70606640,54.81169816,30.05283094,0.19128796,-0.46169417,1.26225909,0.18997161,-0.46516986,1.25780687,9.36724439,0.00000000
10.89000000,STAND,-0.01061747,-0.01662413,0.00978603,-0.07620316,0.06653676,0.31552832,-0.07951298,0.06247890,0.09468945,0.02092313,0.00321238,25.45812659,6.66428749,54.85816044,30.04945481,0.19120789,-0.46185513,1.26244292,0.18987096,-0.46539505,1.25806642,9.37527919,0.00000000
10.90000000,STAND,-0.01063880,-0.01664205,0.00978978,-0.07618778,0.06651784,0.31552087,-0.07949981,0.06246197,0.09470466,0.02092943,0.00321867,25.46359571,6.62256189,54.90612946,30.04775163,0.19111405,-0.46204328,1.26265702,0.18975568,-0.46565062,1.25835917,9.38367733,0.00000000
10.91000000,STAND,-0.01066031,-0.01666111,0.00979335,-0.07616897,0.06649476,0.31551271,-0.07948361,0.06244126,0.09472320,0.02093587,0.00322511,25.46800684,6.58152924,54.95468083,30.04780891,0.19100546,-0.46226029,1.26290297,0.18962492,-0.46593780,1.25868600,9.39229606,0.00000000
10.92000000,STAND,-0.01068155,-0.01668107,0.00979654,-0.07614630,0.06646707,0.31550394,-0.07946397,0.06241634,0.09474552,0.02094235,0.00323159,25.47102831,6.54181233,55.00288242,30.04965851,0.19088121,-0.46250774,1.26318214,0.18947783,-0.46625775,1.25904769,9.40098758,0.00000000
10.93000000,STAND,-0.01070207,-0.01670168,0.00979917,-0.07611931,0.06643432,0.31549467,-0.07944048,0.06238679,0.09477207,0.02094878,0.00323802,25.47240529,6.50401195,55.04982072,30.05328021,0.19074042,-0.46278709,1.26349581,0.18931364,-0.46661153,1.25944489,9.40960314,0.00000001
10.94000000,STAND,-0.01072145,-0.01672264,0.00980107,-0.07608754,0.06639605,0.31548500,-0.07941271,0.06235220,0.09480331,0.02095505,0.00324429,25.47197211,6.46870066,55.09462304,30.05860600,0.19058230,-0.46309974,1.26384509,0.18913156,-0.46700013,1.25987820,9.41799666,0.00000001
10.95000000,STAND,-0.01073931,-0.01674362,0.00980206,-0.07605051,0.06635187,0.31547504,-0.07938023,0.06231217,0.09483971,0.02096106,0.00325031,25.46965746,6.43641579,55.13647538,30.06552475,0.19040611,-0.46344695,1.26423097,0.18893087,-0.46742449,1.26034811,9.42602767,0.00000001
10.96000000,STAND,-0.01075529,-0.01676429,0.00980200,-0.07600776,0.06630136,0.31546491,-0.07934259,0.06226633,0.09488175,0.02096674,0.00325598,25.46548309,6.40765231,55.17463571,30.07388729,0.19021119,-0.46382996,1.26465437,0.18871086,-0.46788548,1.26085508,9.43356369,0.00000001
10.97000000,STAND,-0.01076909,-0.01678429,0.00980074,-0.07595880,0.06624416,0.31545471,-0.07929934,0.06221434,0.09492991,0.02097199,0.00326123,25.45955723,6.38285621,55.20844309,30.08351194,0.18999694,-0.46424987,1.26511607,0.18847086,-0.46838391,1.26139952,9.44048213,0.00000001
10.98000000,STAND,-0.01078048,-0.01680324,0.00979819,-0.07590317,0.06617992,0.31544454,-0.07925006,0.06215586,0.09498464,0.02097672,0.00326597,25.45206382,6.36241897,55.23732292,30.09419053,0.18976283,-0.46470776,1.26561679,0.18821025,-0.46892056,1.26198180,9.44667146,0.00000001
10.99000000,STAND,-0.01078924,-0.01682078,0.00979424,-0.07584041,0.06610832,0.31543449,-0.07919430,0.06209059,0.09504643,0.02098088,0.00327012,25.44324897,6.34667366,55.26078880,30.10569484,0.18950840,-0.46520461,1.26615719,0.18792842,-0.46949617,1.26260228,9.45203211,0.00000001
11.00000000,STAND,-0.01079522,-0.01683655,0.00978885,-0.07577005,0.06602908,0.31542462,-0.07913165,0.06201827,0.09511570,0.02098438,0.00327362,25.43340569,6.33589290,55.27844152,30.11778349,0.18923324,-0.46574133,1.26673785,0.18762480,-0.47011143,1.26326128,9.45647677,0.00000001
11.01000000,STAND,-0.01079833,-0.01685019,0.00978195,-0.07569168,0.06594194,0.31541502,-0.07906170,0.06193864,0.09519290,0.02098718,0.00327643,25.42285813,6.33028882,55.28996581,30.13020910,0.18893699,-0.46631878,1.26735929,0.18729886,-0.47076700,1.26395914,9.45993044,0.00000001
11.02000000,STAND,-0.01079849,-0.01686137,0.00977352,-0.07560489,0.06584666,0.31540574,-0.07898406,0.06185148,0.09521715,0.02098923,0.00327847,25.41194614,6.33001494,55.29512533,30.14272556,0.18861935,-0.46693773,1.26802199,0.18695011,-0.47146351,1.26469617,9.46233017,0.00000001
11.03000000,STAND,-0.01079568,-0.01686977,0.00976354,-0.07550927,0.06574303,0.31539682,-0.07889837,0.06175660,0.09507808,0.02099049,0.00327973,25.40101091,6.33516966,55.29375632,30.15509515,0.18828004,-0.46759892,1.26872639,0.18657808,-0.47220157,1.26547269,9.46362453,0.00000001
11.04000000,STAND,-0.01078991,-0.01687510,0.00975202,-0.07540447,0.06563089,0.31538829,-0.07880429,0.06165382,0.09492738,0.02099092,0.00328017,25.39038220,6.34580131,55.28576052,30.16709531,0.18791884,-0.46830300,1.26947287,0.18618233,-0.47298172,1.26628898,9.46377297,0.00000001
11.05000000,STAND,-0.01078120,-0.01687712,0.00973894,-0.07529016,0.06551005,0.31538019,-0.07870148,0.06154298,0.09476478,0.02099052,0.00327977,25.38036748,6.36191396,55.27109750,30.17852473,0.18753553,-0.46905056,1.27026181,0.18576248,-0.47380450,1.26714535,9.46274500,0.00000001
11.06000000,STAND,-0.01076960,-0.01687558,0.00972433,-0.07516602,0.06538040,0.31537254,-0.07858967,0.06142397,0.09459001,0.02098927,0.00327851,25.37124326,6.38347404,55.24977696,30.18920858,0.18712993,-0.46984216,1.27109353,0.18531814,-0.47467042,1.26804206,9.46051933,0.00000001
11.07000000,STAND,-0.01075518,-0.01687031,0.00970817,-0.07503179,0.06524180,0.31536533,-0.07846860,0.06129664,0.09440287,0.02098715,0.00327640,25.36324862,6.41041701,55.22185099,30.19900275,0.18670188,-0.47067825,1.27196834,0.18484898,-0.47557993,1.26897938,9.45708297,0.00000001
11.08000000,STAND,-0.01073799,-0.01686115,0.00969047,-0.07488723,0.06509415,0.31535857,-0.07833802,0.06116092,0.09420315,0.02098418,0.00327343,25.35658077,6.44265404,55.18740673,30.20779684,0.18625122,-0.47155926,1.27288650,0.18435469,-0.47653345,1.26995753,9.45243026,0.00000001
11.09000000,STAND,-0.01071813,-0.01684797,0.00967124,-0.07473211,0.06493735,0.31535225,-0.07819774,0.06101669,0.09399071,0.02098036,0.00326960,25.35139275,6.48007822,55.14655942,30.21551594,0.18577780,-0.47248555,1.27384826,0.18383499,-0.47753138,1.27097672,9.44656197,0.00000001
11.10000000,STAND,-0.01069564,-0.01683070,0.00965045,-0.07456627,0.06477133,0.31534636,-0.07804758,0.06086390,0.09376539,0.02097570,0.00326494,25.34779290,6.52257020,55.09944596,30.22212110,0.18528149,-0.47345741,1.27485384,0.18328964,-0.47857405,1.27203714,9.43948440,0.00000001
11.11000000,STAND,-0.01067062,-0.01680927,0.00962810,-0.07438954,0.06459601,0.31534088,-0.07788739,0.06070246,0.09352710,0.02097021,0.00325945,25.34584586,6.57000311,55.04621919,30.22760866,0.18476214,-0.47447508,1.27590341,0.18271840,-0.47966179,1.27313891,9.43120850,0.00000002
11.12000000,STAND,-0.01064310,-0.01678365,0.00960415,-0.07420182,0.06441132,0.31533579,-0.07771706,0.06053231,0.09327572,0.02096391,0.00325315,25.34557503,6.62224670,54.98704265,30.23200838,0.18421964,-0.47553876,1.27699713,0.18212109,-0.48079484,1.27428214,9.42174908,0.00000002
11.13000000,STAND,-0.01061316,-0.01675387,0.00957859,-0.07400301,0.06421722,0.31533106,-0.07753649,0.06035341,0.09301120,0.02095682,0.00324606,25.34696605,6.67917064,54.92208615,30.23538070,0.18365384,-0.47664858,1.27813512,0.18149753,-0.48197343,1.27546688,9.41112402,0.00000002
11.14000000,STAND,-0.01058083,-0.01671993,0.00955136,-0.07379304,0.06401366,0.31532666,-0.07734562,0.06016570,0.09273349,0.02094895,0.00323820,25.34997102,6.74064711,54.85152191,30.23781311,0.18306462,-0.47780463,1.27931746,0.18084757,-0.48319772,1.27669314,9.39935361,0.00000002
11.15000000,STAND,-0.01054615,-0.01668190,0.00952244,-0.07357187,0.06380058,0.31532255,-0.07714440,0.05996914,0.09244254,0.02094034,0.00322958,25.35451348,6.80655267,54.77552130,30.23941597,0.18245187,-0.47900693,1.28054418,0.18017109,-0.48446785,1.27796089,9.38645988,0.00000002
11.16000000,STAND,-0.01050914,-0.01663984,0.00949177,-0.07333948,0.06357795,0.31531871,-0.07693282,0.05976369,0.09213835,0.02093099,0.00322023,25.36049355,6.87676953,54.69425224,30.24031788,0.18181547,-0.48025548,1.28181528,0.17946799,-0.48578390,1.27927002,9.37246604,0.00000002
11.17000000,STAND,-0.01046984,-0.01659383,0.00945931,-0.07309588,0.06334573,0.31531508,-0.07671085,0.05954931,0.09182091,0.02092092,0.00321017,25.36779333,6.95118634,54.60787702,30.24066089,0.18115531,-0.48155022,1.28313072,0.17873821,-0.48714590,1.28062041,9.35739597,0.00000002
11.18000000,STAND,-0.01042824,-0.01654397,0.00942502,-0.07284108,0.06310389,0.31531164,-0.07647853,0.05932598,0.09149024,0.02091016,0.00319941,25.37628217,7.02969858,54.51655069,30.24059566,0.18047129,-0.48289105,1.28449039,0.17798169,-0.48855383,1.28201184,9.34127373,0.00000002
11.19000000,STAND,-0.01038436,-0.01649036,0.00938885,-0.07257512,0.06285241,0.31530834,-0.07623587,0.05909367,0.09114635,0.02089873,0.00318797,25.38582174,7.11220864,54.42041984,30.24027669,0.17976332,-0.48427784,1.28589416,0.17719839,-0.49000764,1.28344407,9.32412322,0.00000002
11.20000000,STAND,-0.01033820,-0.01643313,0.00935075,-0.07229805,0.06259127,0.31530515,-0.07598292,0.05885236,0.09078928,0.02088663,0.00317588,25.39627076,7.19862571,54.31962171,30.23985796,0.17903133,-0.48571041,1.28734182,0.17638832,-0.49150722,1.28491680,9.30596777,0.00000002
11.21000000,STAND,-0.01028976,-0.01637237,0.00931071,-0.07200994,0.06232045,0.31530203,-0.07571973,0.05860203,0.09041909,0.02087389,0.00316314,25.40748928,7.28886554,54.21428371,30.23948886,0.17827525,-0.48718856,1.28883312,0.17555148,-0.49305241,1.28642965,9.28682991,0.00000002
11.22000000,STAND,-0.01023905,-0.01630822,0.00926868,-0.07171085,0.06203995,0.31529894,-0.07544637,0.05834268,0.09003583,0.02086052,0.00314977,25.41934237,7.38285009,54.10452309,30.23931068,0.17749504,-0.48871203,1.29036776,0.17468791,-0.49464303,1.28798223,9.26673109,0.00000002
11.23000000,STAND,-0.01018605,-0.01624078,0.00922464,-0.07140087,0.06174977,0.31529585,-0.07516291,0.05807430,0.08963957,0.02084654,0.00313578,25.43170332,7.48050719,53.99044690,30.23945358,0.17669066,-0.49028055,1.29194537,0.17379767,-0.49627881,1.28957404,9.24569148,0.00000002
11.24000000,STAND,-0.01013078,-0.01617017,0.00917858,-0.07108008,0.06144990,0.31529273,-0.07486943,0.05779689,0.08923037,0.02083195,0.00312119,25.44445612,7.58177017,53.87215213,30.24003422,0.17586210,-0.49189383,1.29356555,0.17288083,-0.49795948,1.29120459,9.22372984,0.00000002
11.25000000,STAND,-0.01007323,-0.01609649,0.00913049,-0.07074859,0.06114036,0.31528953,-0.07456600,0.05751046,0.08880833,0.02081677,0.00310601,25.45749741,7.68657748,53.74972598,30.24115394,0.17500937,-0.49355151,1.29522781,0.17193748,-0.49968470,1.29287329,9.20086342,0.00000002
11.26000000,STAND,-0.01001341,-0.01601986,0.00908038,-0.07040647,0.06082118,0.31528625,-0.07425273,0.05721502,0.08837353,0.02080101,0.00309026,25.47073776,7.79487240,53.62324625,30.24289756,0.17413248,-0.49525324,1.29693162,0.17096775,-0.50145410,1.29457952,9.17710784,0.00000002
11.27000000,STAND,-0.00995133,-0.01594035,0.00902824,-0.07005385,0.06049238,0.31528284,-0.07392968,0.05691061,0.08792607,0.02078469,0.00307393,25.48410246,7.90660271,53.49278185,30.24533273,0.17323149,-0.49699863,1.29867641,0.16997177,-0.50326726,1.29632261,9.15247713,0.00000002
11.28000000,STAND,-0.00988701,-0.01585807,0.00897411,-0.06969082,0.06015399,0.31527928,-0.07359697,0.05659724,0.08746605,0.02076780,0.00305704,25.49753171,8.02172040,53.35839338,30.24850979,0.17230646,-0.49878725,1.30046153,0.16894968,-0.50512371,1.29810183,9.12698365,0.00000002
11.29000000,STAND,-0.00982046,-0.01577309,0.00891799,-0.06931748,0.05980607,0.31527556,-0.07325468,0.05627496,0.08699358,0.02075036,0.00303960,25.51098041,8.14018139,53.22013379,30.25246215,0.17135747,-0.50061867,1.30228630,0.16790167,-0.50702296,1.29991643,9.10063822,0.00000003
11.30000000,STAND,-0.00975171,-0.01568548,0.00885993,-0.06893394,0.05944865,0.31527165,-0.07290291,0.05594381,0.08650878,0.02073238,0.00302162,25.52441752,8.26194521,53.07804907,30.25720697,0.17038462,-0.50249240,1.30414997,0.16682791,-0.50896448,1.30176558,9.07345010,0.00000003
11.31000000,STAND,-0.00968077,-0.01559531,0.00879994,-0.06854031,0.05908182,0.31526754,-0.07254176,0.05560385,0.08601175,0.02071386,0.00300311,25.53782512,8.38697478,52.93217909,30.26274631,0.16938805,-0.50440796,1.30605175,0.16572863,-0.51094768,1.30364844,9.04542715,0.00000003
11.32000000,STAND,-0.00960770,-0.01550263,0.00873808,-0.06813671,0.05870563,0.31526321,-0.07217131,0.05525514,0.08550264,0.02069482,0.00298406,25.55119720,8.51523597,52.78255832,30.26906849,0.16836789,-0.50636481,1.30799080,0.16460404,-0.51297195,1.30556411,9.01657593,0.00000003
11.33000000,STAND,-0.00953251,-0.01540750,0.00867439,-0.06772323,0.05832016,0.31525864,-0.07179167,0.05489775,0.08498157,0.02067525,0.00296449,25.56453824,8.64669736,52.62921679,30.27614963,0.16732432,-0.50836240,1.30996624,0.16345439,-0.51503664,1.30751166,8.98690184,0.00000003
11.34000000,STAND,-0.00945525,-0.01530995,0.00860890,-0.06729998,0.05792550,0.31525384,-0.07140294,0.05453174,0.08444867,0.02065516,0.00294440,25.57786171,8.78132977,52.47218093,30.28395536,0.16625752,-0.51040015,1.31197715,0.16227993,-0.51714107,1.30949011,8.95640930,0.00000003
11.35000000,STAND,-0.00937596,-0.01521003,0.00854168,-0.06686708,0.05752175,0.31524878,-0.07100521,0.05415722,0.08390408,0.02063456,0.00292380,25.59118849,8.91910584,52.31147452,30.29244262,0.16516769,-0.51247745,1.31402255,0.16108095,-0.51928453,1.31149848,8.92510195,0.00000003
11.36000000,STAND,-0.00929468,-0.01510776,0.00847276,-0.06642465,0.05710900,0.31524347,-0.07059859,0.05377426,0.08334796,0.02061345,0.00290270,25.60454526,9.05999961,52.14711960,30.30156150,0.16405504,-0.51459368,1.31610144,0.15985774,-0.52146625,1.31353571,8.89298278,0.00000003
11.37000000,STAND,-0.00921147,-0.01500318,0.00840220,-0.06597279,0.05668737,0.31523789,-0.07018317,0.05338297,0.08278046,0.02059184,0.00288109,25.61796296,9.20398595,51.97913749,30.31125695,0.16291983,-0.51674816,1.31821279,0.15861062,-0.52368546,1.31560074,8.86005444,0.00000003
11.38000000,STAND,-0.00912636,-0.01489631,0.00833005,-0.06551162,0.05625696,0.31523204,-0.06975906,0.05298345,0.08220173,0.02056973,0.00285898,25.63147531,9.35104006,51.80754968,30.32147056,0.16176230,-0.51894021,1.32035551,0.15733990,-0.52594136,1.31769249,8.82631936,0.00000003
11.39000000,STAND,-0.00903942,-0.01478717,0.00825635,-0.06504127,0.05581791,0.31522592,-0.06932637,0.05257582,0.08161194,0.02054713,0.00283638,25.64511743,9.50113693,51.63237880,30.33214213,0.16058273,-0.52116911,1.32252851,0.15604593,-0.52823310,1.31980984,8.79178002,0.00000003
11.40000000,STAND,-0.00895069,-0.01467579,0.00818115,-0.06456185,0.05537034,0.31521952,-0.06888520,0.05216018,0.08101126,0.02052404,0.00281328,25.65892462,9.65425072,51.45364954,30.34321116,0.15938140,-0.52343411,1.32473066,0.15472907,-0.53055982,1.32195165,8.75643913,0.00000003
11.41000000,STAND,-0.00886022,-0.01456218,0.00810451,-0.06407350,0.05491439,0.31521283,-0.06843567,0.05173667,0.08039987,0.02050046,0.00278970,25.67293120,9.81035423,51.27138948,30.35461818,0.15815862,-0.52573445,1.32696080,0.15338969,-0.53292064,1.32411677,8.72029988,0.00000003
11.42000000,STAND,-0.00876808,-0.01444638,0.00802646,-0.06357634,0.05445021,0.31520587,-0.06797790,0.05130541,0.07977794,0.02047640,0.00276564,25.68716963,9.96941832,51.08562996,30.36630588,0.15691472,-0.52806932,1.32921777,0.15202819,-0.53531464,1.32630401,8.68336608,0.00000003
11.43000000,STAND,-0.00867431,-0.01432840,0.00794705,-0.06307052,0.05397793,0.31519861,-0.06751201,0.05086654,0.07914567,0.02045186,0.00274110,25.70166968,10.13141137,50.89640679,30.37822009,0.15565001,-0.53043789,1.33150035,0.15064497,-0.53774089,1.32851221,8.64564239,0.00000003
11.44000000,STAND,-0.00857897,-0.01420827,0.00786632,-0.06255617,0.05349772,0.31519107,-0.06703812,0.05042019,0.07850326,0.02042684,0.00271609,25.71645781,10.29629879,50.70376093,30.39031059,0.15436485,-0.53283933,1.33380735,0.14924045,-0.54019843,1.33074015,8.60713443,0.00000003
11.45000000,STAND,-0.00848213,-0.01408602,0.00778431,-0.06203345,0.05300973,0.31518323,-0.06655636,0.04996652,0.07785091,0.02040136,0.00269060,25.73155667,10.46404253,50.50773905,30.40253170,0.15305961,-0.53527274,1.33613753,0.14781507,-0.54268628,1.33298663,8.56784901,0.00000003
11.46000000,STAND,-0.00838382,-0.01396169,0.00770106,-0.06150251,0.05251412,0.31517509,-0.06606688,0.04950567,0.07718884,0.02037541,0.00266466,25.74698474,10.63460071,50.30839401,30.41484275,0.15173465,-0.53773724,1.33848966,0.14636927,-0.54520346,1.33525043,8.52779418,0.00000003
11.47000000,STAND,-0.00828412,-0.01383530,0.00761662,-0.06096351,0.05201107,0.31516665,-0.06556983,0.04903780,0.07651725,0.02034901,0.00263825,25.76275615,10.80792726,50.10578520,30.42720836,0.15039037,-0.54023190,1.34086249,0.14490352,-0.54774896,1.33753034,8.48697935,0.00000003
11.48000000,STAND,-0.00818308,-0.01370691,0.00753102,-0.06041663,0.05150076,0.31515790,-0.06506534,0.04856306,0.07583638,0.02032215,0.00261140,25.77888054,10.98397163,49.89997883,30.43959854,0.14902716,-0.54275577,1.34325476,0.14341829,-0.55032175,1.33982514,8.44541542,0.00000003
11.49000000,STAND,-0.00808075,-0.01357655,0.00744429,-0.05986204,0.05098335,0.31514884,-0.06455358,0.04808163,0.07514646,0.02029485,0.00258410,25.79536309,11.16267864,49.69104799,30.45198874,0.14764545,-0.54530789,1.34566521,0.14191409,-0.55292078,1.34213360,8.40311475,0.00000003
11.50000000,STAND,-0.00797721,-0.01344429,0.00735647,-0.05929991,0.05045903,0.31513945,-0.06403472,0.04759367,0.07444773,0.02026712,0.00255636,25.81220458,11.34398833,49.47907273,30.46435968,0.14624565,-0.54788726,1.34809258,0.14039140,-0.55554501,1.34445451,8.36009124,0.00000003
11.51000000,STAND,-0.00787250,-0.01331016,0.00726760,-0.05873045,0.04992799,0.31512974,-0.06350892,0.04709934,0.07374043,0.02023895,0.00252819,25.82940158,11.52783593,49.26413991,30.47669714,0.14482820,-0.55049289,1.35053559,0.13885076,-0.55819337,1.34678664,8.31636035,0.00000003
11.52000000,STAND,-0.00776669,-0.01317424,0.00717772,-0.05815385,0.04939043,0.31511970,-0.06297637,0.04659884,0.07302483,0.02021037,0.00249961,25.84694668,11.71415194,49.04634304,30.48899165,0.14339356,-0.55312376,1.35299299,0.13729268,-0.56086478,1.34912879,8.27193902,0.00000003
11.53000000,STAND,-0.00765983,-0.01303659,0.00708685,-0.05757031,0.04884654,0.31510931,-0.06243724,0.04609233,0.07230118,0.02018137,0.00247061,25.86482875,11.90286220,48.82578191,30.50123813,0.14194218,-0.55577882,1.35546349,0.13571772,-0.56355815,1.35147974,8.22684570,0.00000003
11.54000000,STAND,-0.00755200,-0.01289728,0.00699505,-0.05698006,0.04829651,0.31509858,-0.06189174,0.04558001,0.07156976,0.02015198,0.00244122,25.88303327,12.09388812,48.60256223,30.51343537,0.14047454,-0.55845701,1.35794584,0.13412643,-0.56627239,1.35383831,8.18110022,0.00000003
11.55000000,STAND,-0.00744325,-0.01275638,0.00690234,-0.05638330,0.04774056,0.31508748,-0.06134005,0.04506206,0.07083084,0.02012220,0.00241144,25.90154271,12.28714691,48.37679517,30.52558566,0.13899112,-0.56115728,1.36043877,0.13251937,-0.56900638,1.35620329,8.13472378,0.00000003
11.56000000,STAND,-0.00733364,-0.01261398,0.00680876,-0.05578026,0.04717889,0.31507602,-0.06078239,0.04453867,0.07008469,0.02009204,0.00238128,25.92033682,12.48255193,48.14859676,30.53769418,0.13749241,-0.56387853,1.36294104,0.13089712,-0.57175902,1.35857351,8.08773879,0.00000003
11.57000000,STAND,-0.00722324,-0.01247014,0.00671435,-0.05517117,0.04661172,0.31506417,-0.06021896,0.04401004,0.06933162,0.02006152,0.00235077,25.93939307,12.68001301,47.91808737,30.54976858,0.13597892,-0.56661968,1.36545138,0.12926027,-0.57452918,1.36094779,8.04016881,0.00000003
11.58000000,STAND,-0.00711211,-0.01232496,0.00661916,-0.05455628,0.04603925,0.31505194,-0.05964999,0.04347637,0.06857190,0.02003065,0.00231990,25.95868704,12.87943687,47.68539101,30.56181838,0.13445117,-0.56937963,1.36796857,0.12760942,-0.57731574,1.36332498,7.99203844,0.00000003
11.59000000,STAND,-0.00700032,-0.01217853,0.00652321,-0.05393582,0.04546172,0.31503932,-0.05907569,0.04293785,0.06780584,0.01999945,0.00228869,25.97819276,13.08072758,47.45063472,30.57385452,0.13290967,-0.57215725,1.37049135,0.12594518,-0.58011755,1.36570393,7.94337315,0.00000003
11.60000000,STAND,-0.00688793,-0.01203093,0.00642656,-0.05331005,0.04487933,0.31502629,-0.05849630,0.04239469,0.06703375,0.01996792,0.00225717,25.99788308,13.28378693,47.21394792,30.58588884,0.13135496,-0.57495144,1.37301852,0.12426817,-0.58293348,1.36808351,7.89419918,0.00000003
11.61000000,STAND,-0.00677499,-0.01188225,0.00632925,-0.05267922,0.04429231,0.31501285,-0.05791203,0.04184711,0.06625593,0.01993609,0.00222533,26.01773008,13.48851494,46.97546171,30.59793360,0.12978758,-0.57776106,1.37554885,0.12257902,-0.58576238,1.37046259,7.84454343,0.00000003
11.62000000,STAND,-0.00666159,-0.01173260,0.00623132,-0.05204358,0.04370090,0.31499899,-0.05732314,0.04129531,0.06547269,0.01990397,0.00219321,26.03770537,13.69481029,46.73530828,30.61000111,0.12820809,-0.58058498,1.37808114,0.12087836,-0.58860311,1.37284007,7.79443328,0.00000003
11.63000000,STAND,-0.00654777,-0.01158205,0.00613281,-0.05140339,0.04310532,0.31498471,-0.05672985,0.04073950,0.06468435,0.01987157,0.00216081,26.05778045,13.90257076,46.49362027,30.62210328,0.12661706,-0.58342206,1.38061420,0.11916684,-0.59145450,1.37521485,7.74389654,0.00000003
11.64000000,STAND,-0.00643361,-0.01143072,0.00603378,-0.05075893,0.04250581,0.31496999,-0.05613242,0.04017991,0.06389122,0.01983891,0.00212815,26.07792697,14.11169364,46.25053024,30.63425127,0.12501504,-0.58627115,1.38314685,0.11744512,-0.59431541,1.37758585,7.69296124,0.00000003
11.65000000,STAND,-0.00631916,-0.01127868,0.00593425,-0.05011045,0.04190260,0.31495483,-0.05553108,0.03961674,0.06309364,0.01980601,0.00209525,26.09811705,14.32207609,46.00617011,30.64645523,0.12340262,-0.58913112,1.38567791,0.11571386,-0.59718468,1.37995202,7.64165561,0.00000003
11.66000000,STAND,-0.00620450,-0.01112604,0.00583430,-0.04945824,0.04129593,0.31493923,-0.05492609,0.03905022,0.06229192,0.01977288,0.00206212,26.11832351,14.53361556,45.76067075,30.65872396,0.12178038,-0.59200081,1.38820624,0.11397372,-0.60006114,1.38231229,7.59000791,0.00000003
11.67000000,STAND,-0.00608967,-0.01097288,0.00573395,-0.04880255,0.04068603,0.31492318,-0.05431770,0.03848058,0.06148640,0.01973954,0.00202878,26.13852012,14.74621003,45.51416155,30.67106477,0.12014893,-0.59487906,1.39073070,0.11222539,-0.60294364,1.38466565,7.53804636,0.00000003
11.68000000,STAND,-0.00597475,-0.01081931,0.00563326,-0.04814367,0.04007317,0.31490668,-0.05370617,0.03790803,0.06067740,0.01970600,0.00199525,26.15868175,14.95975830,45.26677006,30.68348326,0.11850887,-0.59776474,1.39325016,0.11046955,-0.60583100,1.38701108,7.48579905,0.00000003
11.69000000,STAND,-0.00585978,-0.01066540,0.00553228,-0.04748187,0.03945756,0.31488973,-0.05309173,0.03733281,0.05986525,0.01967229,0.00196153,26.17878459,15.17416025,45.01862178,30.69598323,0.11686080,-0.60065667,1.39576351,0.10870689,-0.60872208,1.38934757,7.43329391,0.00000003
11.70000000,STAND,-0.00574484,-0.01051125,0.00543105,-0.04681743,0.03883947,0.31487233,-0.05247466,0.03675514,0.05905028,0.01963841,0.00192765,26.19880626,15.38931696,44.76983991,30.70856658,0.11520534,-0.60355372,1.39826966,0.10693810,-0.61161570,1.39167415,7.38055857,0.00000003
11.71000000,STAND,-0.00562998,-0.01035695,0.00532963,-0.04615062,0.03821914,0.31485449,-0.05185521,0.03617525,0.05823283,0.01960439,0.00189363,26.21872590,15.60513089,44.52054521,30.72123326,0.11354313,-0.60645473,1.40076753,0.10516388,-0.61451070,1.39398985,7.32762040,0.00000003
11.72000000,STAND,-0.00551525,-0.01020257,0.00522806,-0.04548172,0.03759681,0.31483619,-0.05123363,0.03559338,0.05741323,0.01957023,0.00185947,26.23852431,15.82150593,44.27085594,30.73398134,0.11187479,-0.60935854,1.40325606,0.10338494,-0.61740593,1.39629373,7.27450642,0.00000003
11.73000000,STAND,-0.00540071,-0.01004820,0.00512638,-0.04481101,0.03697274,0.31481745,-0.05061019,0.03500975,0.05659182,0.01953596,0.00182520,26.25818390,16.03834746,44.02088782,30.74680697,0.11020096,-0.61226401,1.40573421,0.10160199,-0.62030023,1.39858487,7.22124329,0.00000003
11.74000000,STAND,-0.00528642,-0.00989392,0.00502465,-0.04413877,0.03634718,0.31479827,-0.04998513,0.03442460,0.05576892,0.01950159,0.00179083,26.27768881,16.25556233,43.77075405,30.75970451,0.10852229,-0.61516999,1.40820096,0.09981574,-0.62319244,1.40086236,7.16785728,0.00000003
11.75000000,STAND,-0.00517243,-0.00973981,0.00492292,-0.04346527,0.03572038,0.31477865,-0.04935872,0.03383816,0.05494488,0.01946713,0.00175638,26.29702481,16.47305887,43.52056537,30.77266662,0.10683943,-0.61807533,1.41065530,0.09802691,-0.62608141,1.40312531,7.11437432,0.00000003
11.76000000,STAND,-0.00505880,-0.00958593,0.00482123,-0.04279078,0.03509259,0.31475861,-0.04873122,0.03325067,0.05412002,0.01943261,0.00172185,26.31617937,16.69074679,43.27043022,30.78568438,0.10515303,-0.62097890,1.41309626,0.09623622,-0.62896600,1.40537285,7.06081991,0.00000003
11.77000000,STAND,-0.00494556,-0.00943237,0.00471962,-0.04211560,0.03446406,0.31473815,-0.04810287,0.03266237,0.05329469,0.01939803,0.00168727,26.33514150,16.90853709,43.02045480,30.79874748,0.10346376,-0.62387956,1.41552286,0.09444440,-0.63184506,1.40760414,7.00721921,0.00000003
11.78000000,STAND,-0.00483279,-0.00927919,0.00461815,-0.04143998,0.03383505,0.31471727,-0.04747394,0.03207349,0.05246921,0.01936340,0.00165265,26.35390174,17.12634197,42.77074332,30.81184433,0.10177228,-0.62677618,1.41793416,0.09265217,-0.63471746,1.40981837,6.95359704,0.00000003
11.79000000,STAND,-0.00472051,-0.00912645,0.00451687,-0.04076420,0.03320580,0.31469600,-0.04684469,0.03148427,0.05164392,0.01932875,0.00161800,26.37245206,17.34407468,42.52139810,30.82496232,0.10007927,-0.62966762,1.42032925,0.09086025,-0.63758207,1.41201472,6.89997785,0.00000003
11.80000000,STAND,-0.00460878,-0.00897423,0.00441580,-0.04008855,0.03257659,0.31467433,-0.04621536,0.03089495,0.05081914,0.01929409,0.00158334,26.39078572,17.56164938,42.27251981,30.83808795,0.09838540,-0.63255277,1.42270722,0.08906939,-0.64043778,1.41419242,6.84638581,0.00000003
11.81000000,STAND,-0.00449766,-0.00882259,0.00431500,-0.03941328,0.03194764,0.31465228,-0.04558622,0.03030576,0.04999522,0.01925943,0.00154868,26.40889719,17.77898101,42.02420765,30.85120707,0.09669135,-0.63543051,1.42506720,0.08728030,-0.64328346,1.41635072,6.79284480,0.00000003
11.82000000,STAND,-0.00438717,-0.00867158,0.00421452,-0.03873867,0.03131923,0.31462987,-0.04495750,0.02971694,0.04917247,0.01922479,0.00151403,26.42678198,17.99598511,41.77655957,30.86430507,0.09499780,-0.63829974,1.42740834,0.08549372,-0.64611801,1.41848887,6.73937842,0.00000003
11.83000000,STAND,-0.00427737,-0.00852126,0.00411439,-0.03806499,0.03069160,0.31460710,-0.04432948,0.02912873,0.04835123,0.01919017,0.00147942,26.44443656,18.21257773,41.52967239,30.87736707,0.09330544,-0.64115934,1.42972981,0.08371038,-0.64894035,1.42060619,6.68601006,0.00000003
11.84000000,STAND,-0.00416830,-0.00837170,0.00401466,-0.03739250,0.03006501,0.31458399,-0.04370239,0.02854136,0.04753182,0.01915560,0.00144485,26.46185816,18.42867522,41.28364204,30.89037811,0.09161496,-0.64400823,1.43203079,0.08193101,-0.65174937,1.42270197,6.63276289,0.00000003
11.85000000,STAND,-0.00406001,-0.00822294,0.00391537,-0.03672148,0.02943970,0.31456056,-0.04307649,0.02795508,0.04671458,0.01912108,0.00141033,26.47904466,18.64419416,41.03856370,30.90332337,0.08992704,-0.64684531,1.43431053,0.08015634,-0.65454403,1.42477557,6.57965991,0.00000003
11.86000000,STAND,-0.00395252,-0.00807504,0.00381655,-0.03605219,0.02881594,0.31453681,-0.04245202,0.02737011,0.04589982,0.01908664,0.00137588,26.49599449,18.85905123,40.79453190,30.91618828,0.08824239,-0.64966951,1.43656825,0.07838709,-0.65732324,1.42682636,6.52672393,0.00000003
11.87000000,STAND,-0.00384589,-0.00792805,0.00371825,-0.03538489,0.02819396,0.31451277,-0.04182924,0.02678670,0.04508786,0.01905227,0.00134152,26.51270643,19.07316308,40.55164070,30.92895875,0.08656168,-0.65247977,1.43880322,0.07662400,-0.66008596,1.42885371,6.47397765,0.00000003
11.88000000,STAND,-0.00374015,-0.00778202,0.00362052,-0.03471984,0.02757402,0.31448844,-0.04120839,0.02620507,0.04427903,0.01901800,0.00130725,26.52917957,19.28644627,40.30998372,30.94162124,0.08488563,-0.65527501,1.44101476,0.07486779,-0.66283116,1.43085706,6.42144359,0.00000003
11.89000000,STAND,-0.00363533,-0.00763700,0.00352337,-0.03405732,0.02695636,0.31446386,-0.04058972,0.02562547,0.04347365,0.01898385,0.00127309,26.54541315,19.49881724,40.06965427,30.95416292,0.08321491,-0.65805419,1.44320217,0.07311917,-0.66555782,1.43283584,6.36914418,0.00000003
11.90000000,STAND,-0.00353149,-0.00749305,0.00342686,-0.03339757,0.02634124,0.31443902,-0.03997347,0.02504812,0.04267204,0.01894981,0.00123905,26.56140646,19.71019219,39.83074532,30.96657178,0.08155022,-0.66081628,1.44536482,0.07137887,-0.66826492,1.43478953,6.31710171,0.00000003
11.91000000,STAND,-0.00342864,-0.00735020,0.00333103,-0.03274085,0.02572890,0.31441396,-0.03935988,0.02447326,0.04187450,0.01891591,0.00120516,26.57715881,19.92048711,39.59334958,30.97883671,0.07989226,-0.66356024,1.44750206,0.06964761,-0.67095148,1.43671762,6.26533837,0.00000003
11.92000000,STAND,-0.00332683,-0.00720851,0.00323589,-0.03208743,0.02511957,0.31438868,-0.03874919,0.02390111,0.04108135,0.01888216,0.00117141,26.59266940,20.12961776,39.35755948,30.99094753,0.07824172,-0.66628507,1.44961332,0.06792608,-0.67361652,1.43861963,6.21387620,0.00000003
11.93000000,STAND,-0.00322608,-0.00706802,0.00314150,-0.03143755,0.02451351,0.31436321,-0.03814166,0.02333190,0.04029291,0.01884857,0.00113782,26.60793732,20.33749967,39.12346711,31.00289508,0.07659927,-0.66898975,1.45169801,0.06621499,-0.67625907,1.44049511,6.16273713,0.00000003
11.94000000,STAND,-0.00312644,-0.00692878,0.00304789,-0.03079147,0.02391096,0.31433756,-0.03753750,0.02276586,0.03950947,0.01881516,0.00110441,26.62296145,20.54404818,38.89116423,31.01467122,0.07496562,-0.67167330,1.45375559,0.06451505,-0.67887821,1.44234363,6.11194293,0.00000003
11.95000000,STAND,-0.00302792,-0.00679083,0.00295508,-0.03014944,0.02331214,0.31431176,-0.03693697,0.02220322,0.03873135,0.01878194,0.00107119,26.63774051,20.74917850,38.66074213,31.02626885,0.07334143,-0.67433475,1.45578556,0.06282694,-0.68147299,1.44416479,6.06151522,0.00000003
11.96000000,STAND,-0.00293057,-0.00665421,0.00286312,-0.02951170,0.02271729,0.31428581,-0.03634029,0.02164419,0.03795884,0.01874893,0.00103817,26.65227301,20.95280572,38.43229162,31.03768190,0.07172739,-0.67697314,1.45778740,0.06115136,-0.68404252,1.44595823,6.01147544,0.00000003
11.97000000,STAND,-0.00283441,-0.00651897,0.00277204,-0.02887851,0.02212666,0.31425975,-0.03574771,0.02108900,0.03719224,0.01871613,0.00100537,26.66655726,21.15484493,38.20590287,31.04890527,0.07012418,-0.67958751,1.45976067,0.05948897,-0.68658590,1.44772358,5.96184483,0.00000003
11.98000000,STAND,-0.00273947,-0.00638516,0.00268186,-0.02825010,0.02154046,0.31423358,-0.03515944,0.02053787,0.03643185,0.01868356,0.00097280,26.68059138,21.35521131,37.98166537,31.05993484,0.06853245,-0.68217694,1.46170493,0.05784046,-0.68910227,1.44946052,5.91264440,0.00000003
11.99000000,STAND,-0.00264577,-0.00625281,0.00259262,-0.02762672,0.02095893,0.31420732,-0.03457571,0.01999100,0.03567796,0.01865124,0.00094048,26.69437337,21.55382017,37.75966773,31.07076739,0.06695288,-0.68474052,1.46361976,0.05620649,-0.69159076,1.45116876,5.86389491,0.00000003
12.00000000,STAND,-0.00255334,-0.00612196,0.00250435,-0.02700861,0.02038229,0.31418101,-0.03399677,0.01944862,0.03493086,0.01861917,0.00090841,26.70790108,21.75058712,37.53999762,31.08140056,0.06538613,-0.68727735,1.46550478,0.05458771,-0.69405056,1.45284801,5.81561686,0.00000003
12.01100000,STAND,-0.00245317,-0.00597982,0.00240840,-0.02633505,0.01975389,0.31415201,-0.03336571,0.01885744,0.03411723,0.01858421,0.00087346,26.72248528,21.96480305,37.30115213,31.09286486,0.06367827,-0.69003591,1.46754345,0.05282538,-0.69672223,1.45466142,5.76307959,0.00000002
12.02100000,STAND,-0.00236349,-0.00585226,0.00232226,-0.02572876,0.01918823,0.31412562,-0.03279751,0.01832515,0.03338530,0.01855273,0.00084197,26.73547190,22.15742900,37.08665026,31.10307493,0.06214052,-0.69251372,1.46936473,0.05124059,-0.69911916,1.45627902,5.71585685,0.00000002
12.03100000,STAND,-0.00227515,-0.00572634,0.00223717,-0.02512845,0.01862814,0.31409922,-0.03223477,0.01779799,0.03266103,0.01852155,0.00081079,26.74819751,22.34795422,36.87474026,31.11308285,0.06061758,-0.69496212,1.47115518,0.04967297,-0.70148494,1.45786694,5.66916698,0.00000002
12.04100000,STAND,-0.00218818,-0.00560208,0.00215317,-0.02453435,0.01807383,0.31407285,-0.03167771,0.01727616,0.03194468,0.01849068,0.00077993,26.76066006,22.53629653,36.66550458,31.12288893,0.05911006,-0.69738028,1.47291452,0.04812313,-0.70381884,1.45942499,5.62302904,0.00000002
12.05100000,STAND,-0.00210259,-0.00547952,0.00207028,-0.02394669,0.01752550,0.31404650,-0.03112653,0.01675986,0.03123652,0.01846014,0.00074939,26.77285771,22.72237460,36.45902404,31.13249393,0.05761859,-0.69976740,1.47464248,0.04659166,-0.70612013,1.46095303,5.57746167,0.00000002
12.06100000,STAND,-0.00201841,-0.00535871,0.00198853,-0.02336568,0.01698335,0.31402021,-0.03058144,0.01624927,0.03053681,0.01842994,0.00071918,26.78478883,22.90610801,36.25537780,31.14189900,0.05614378,-0.70212271,1.47633884,0.04507917,-0.70838812,1.46245091,5.53248307,0.00000002
12.07100000,STAND,-0.00193565,-0.00523967,0.00190794,-0.02279153,0.01644759,0.31399400,-0.03004265,0.01574459,0.02984580,0.01840009,0.00068934,26.79645207,23.08741742,36.05464321,31.15110559,0.05468621,-0.70444543,1.47800339,0.04358622,-0.71062213,1.46391852,5.48811096,0.00000002
12.08100000,STAND,-0.00185433,-0.00512243,0.00182853,-0.02222445,0.01591842,0.31396788,-0.02951035,0.01524601,0.02916374,0.01837061,0.00065985,26.80784643,23.26622463,35.85689570,31.16011538,0.05324648,-0.70673485,1.47963595,0.04211338,-0.71282150,1.46535578,5.44436256,0.00000002
12.09100000,STAND,-0.00177446,-0.00500704,0.00175034,-0.02166465,0.01539601,0.31394187,-0.02898475,0.01475370,0.02849089,0.01834151,0.00063075,26.81897130,23.44245267,35.66220875,31.16893020,0.05182515,-0.70899023,1.48123635,0.04066121,-0.71498561,1.46676260,5.40125462,0.00000002
12.10100000,STAND,-0.00169607,-0.00489352,0.00167337,-0.02111233,0.01488057,0.31391599,-0.02846603,0.01426785,0.02782747,0.01831279,0.00060204,26.82982648,23.61602593,35.47065377,31.17755201,0.05042280,-0.71121089,1.48280445,0.03923024,-0.71711386,1.46813894,5.35880332,0.00000002
12.11100000,STAND,-0.00161916,-0.00478191,0.00159766,-0.02056768,0.01437227,0.31389027,-0.02795438,0.01378862,0.02717371,0.01828448,0.00057373,26.84041223,23.78687023,35.28230005,31.18598284,0.04903996,-0.71339616,1.48434015,0.03782099,-0.71920566,1.46948477,5.31702431,0.00000002
12.12100000,STAND,-0.00154375,-0.00467223,0.00152321,-0.02003089,0.01387128,0.31386471,-0.02744999,0.01331620,0.02652985,0.01825659,0.00054583,26.85072931,23.95491287,35.09721468,31.19422472,0.04767719,-0.71554540,1.48584334,0.03643397,-0.72126045,1.47080007,5.27593271,0.00000002
12.13100000,STAND,-0.00146986,-0.00456451,0.00145007,-0.01950216,0.01337779,0.31383935,-0.02695303,0.01285074,0.02589610,0.01822912,0.00051837,26.86077894,24.12008275,34.91546257,31.20227966,0.04633499,-0.71765797,1.48731395,0.03506967,-0.72327772,1.47208485,5.23554303,0.00000002
12.14100000,STAND,-0.00139749,-0.00445877,0.00137823,-0.01898165,0.01289195,0.31381419,-0.02646367,0.01239240,0.02527267,0.01820210,0.00049134,26.87056290,24.28231041,34.73710631,31.21014967,0.04501388,-0.71973329,1.48875192,0.03372857,-0.72525696,1.47333914,5.19586925,0.00000002
12.15100000,STAND,-0.00132665,-0.00435505,0.00130772,-0.01846954,0.01241393,0.31378926,-0.02598209,0.01194135,0.02465976,0.01817552,0.00046477,26.88008342,24.44152810,34.56220624,31.21783666,0.04371436,-0.72177078,1.49015724,0.03241112,-0.72719769,1.47456297,5.15692472,0.00000002
12.16100000,STAND,-0.00125736,-0.00425336,0.00123856,-0.01796600,0.01194389,0.31376457,-0.02550844,0.01149773,0.02405758,0.01814941,0.00043866,26.88934328,24.59766985,34.39082036,31.22534250,0.04243689,-0.72376990,1.49152987,0.03111776,-0.72909945,1.47575641,5.11872224,0.00000002
12.17100000,STAND,-0.00118963,-0.00415374,0.00117077,-0.01747120,0.01148198,0.31374015,-0.02504289,0.01106168,0.02346631,0.01812377,0.00041302,26.89834571,24.75067149,34.22300435,31.23266898,0.04118194,-0.72573014,1.49286983,0.02984892,-0.73096183,1.47691953,5.08127402,0.00000002
12.18100000,STAND,-0.00112346,-0.00405619,0.00110435,-0.01698528,0.01102833,0.31371601,-0.02458558,0.01063335,0.02288614,0.01809862,0.00038786,26.90709444,24.90047073,34.05881155,31.23981783,0.03994996,-0.72765098,1.49417714,0.02860501,-0.73278443,1.47805243,5.04459165,0.00000002
12.19100000,STAND,-0.00105886,-0.00396075,0.00103932,-0.01650841,0.01058311,0.31369217,-0.02413666,0.01021287,0.02231724,0.01807396,0.00036320,26.91559360,25.04700720,33.89829296,31.24679069,0.03874138,-0.72953199,1.49545185,0.02738639,-0.73456689,1.47915521,5.00868617,0.00000002
12.20100000,STAND,-0.00099585,-0.00386742,0.00097571,-0.01604071,0.01014642,0.31366864,-0.02369626,0.00980037,0.02175977,0.01804980,0.00033905,26.92384776,25.19022247,33.74149722,31.25358919,0.03755660,-0.73137270,1.49669401,0.02619345,-0.73630885,1.48022800,4.97356802,0.00000002
12.21100000,STAND,-0.00093442,-0.00377624,0.00091351,-0.01558234,0.00971842,0.31364545,-0.02326453,0.00939597,0.02121390,0.01802616,0.00031541,26.93186184,25.33006013,33.58847066,31.26021491,0.03639601,-0.73317273,1.49790372,0.02502652,-0.73801002,1.48127094,4.93924704,0.00000002
12.22100000,STAND,-0.00087458,-0.00368720,0.00085274,-0.01513341,0.00929920,0.31362260,-0.02284159,0.00899980,0.02067977,0.01800305,0.00029229,26.93964109,25.46646576,33.43925725,31.26666939,0.03526000,-0.73493168,1.49908105,0.02388594,-0.73967010,1.48228417,4.90573252,0.00000002
12.23100000,STAND,-0.00081634,-0.00360034,0.00079342,-0.01469406,0.00888890,0.31360011,-0.02242755,0.00861196,0.02015753,0.01798046,0.00026971,26.94719104,25.59938705,33.29389865,31.27295422,0.03414890,-0.73664920,1.50022614,0.02277199,-0.74128885,1.48326788,4.87303316,0.00000002
12.24100000,STAND,-0.00075971,-0.00351566,0.00073554,-0.01426440,0.00848762,0.31357801,-0.02202254,0.00823256,0.01964731,0.01795842,0.00024767,26.95451747,25.72877377,33.15243418,31.27907098,0.03306307,-0.73832498,1.50133910,0.02168498,-0.74286604,1.48422225,4.84115709,0.00000002
12.25100000,STAND,-0.00070468,-0.00343318,0.00067913,-0.01384453,0.00809545,0.31355630,-0.02162666,0.00786169,0.01914923,0.01793693,0.00022618,26.96162635,25.85457784,33.01490087,31.28502131,0.03200279,-0.73995872,1.50242008,0.02062514,-0.74440147,1.48514747,4.81011188,0.00000002
12.26100000,STAND,-0.00065126,-0.00335290,0.00062419,-0.01343457,0.00771251,0.31353499,-0.02124000,0.00749946,0.01866340,0.01791600,0.00020525,26.96852379,25.97675336,32.88133344,31.29080691,0.03096838,-0.74155016,1.50346925,0.01959273,-0.74589500,1.48604376,4.77990455,0.00000001
12.27100000,STAND,-0.00059946,-0.00327484,0.00057072,-0.01303460,0.00733886,0.31351410,-0.02086268,0.00714594,0.01818994,0.01789564,0.00018488,26.97521601,26.09525662,32.75176429,31.29642956,0.02996009,-0.74309907,1.50448679,0.01858796,-0.74734648,1.48691133,4.75054157,0.00000001
12.28100000,STAND,-0.00054927,-0.00319901,0.00051874,-0.01264471,0.00697460,0.31349365,-0.02049476,0.00680122,0.01772893,0.01787585,0.00016509,26.98170927,26.21004620,32.62622353,31.30189116,0.02897817,-0.74460525,1.50547288,0.01761101,-0.74875582,1.48775043,4.72202886,0.00000001
12.29100000,STAND,-0.00050071,-0.00312542,0.00046824,-0.01226499,0.00661980,0.31347364,-0.02013633,0.00646537,0.01728046,0.01785664,0.00014589,26.98800985,26.32108295,32.50473896,31.30719370,0.02802285,-0.74606854,1.50642774,0.01666205,-0.75012294,1.48856131,4.69437180,0.00000001
12.30100000,STAND,-0.00045376,-0.00305407,0.00041924,-0.01189550,0.00627452,0.31345409,-0.01978746,0.00613845,0.01684462,0.01783802,0.00012727,26.99412403,26.42833006,32.38733609,31.31233931,0.02709433,-0.74748880,1.50735159,0.01574122,-0.75144782,1.48934423,4.66757523,0.00000001
12.31100000,STAND,-0.00040842,-0.00298498,0.00037173,-0.01153630,0.00593882,0.31343501,-0.01944822,0.00582052,0.01642145,0.01782000,0.00010924,27.00005797,26.53175311,32.27403808,31.31733025,0.02619278,-0.74886594,1.50824466,0.01484865,-0.75273045,1.49009948,4.64164348,0.00000001
12.32100000,STAND,-0.00036471,-0.00291814,0.00032572,-0.01118746,0.00561276,0.31341640,-0.01911865,0.00551163,0.01601102,0.01780258,0.00009182,27.00581779,26.63132011,32.16486579,31.32216893,0.02531835,-0.75019988,1.50910722,0.01398441,-0.75397086,1.49082733,4.61658032,0.00000001
12.33100000,STAND,-0.00032262,-0.00285356,0.00028121,-0.01084902,0.00529637,0.31339827,-0.01879882,0.00521183,0.01561338,0.01778576,0.00007501,27.01140945,26.72700155,32.05983773,31.32685787,0.02447117,-0.75149060,1.50993952,0.01314857,-0.75516912,1.49152809,4.59238902,0.00000001
12.34100000,STAND,-0.00028215,-0.00279124,0.00023820,-0.01052101,0.00498969,0.31338064,-0.01848876,0.00492116,0.01522855,0.01776956,0.00005880,27.01683874,26.81877044,31.95897004,31.33139975,0.02365133,-0.75273809,1.51074185,0.01234117,-0.75632532,1.49220208,4.56907234,0.00000001
12.35100000,STAND,-0.00024329,-0.00273119,0.00019669,-0.01020348,0.00469275,0.31336352,-0.01818850,0.00463963,0.01485656,0.01775397,0.00004322,27.02211130,26.90660242,31.86227647,31.33579740,0.02285892,-0.75394240,1.51151451,0.01156222,-0.75743961,1.49284962,4.54663248,0.00000001
12.36100000,STAND,-0.00020605,-0.00267341,0.00015668,-0.00989643,0.00440556,0.31334690,-0.01789807,0.00436728,0.01449743,0.01773901,0.00002825,27.02723255,26.99047573,31.76976836,31.34005373,0.02209398,-0.75510359,1.51225780,0.01081170,-0.75851214,1.49347105,4.52507115,0.00000001
12.37100000,STAND,-0.00017042,-0.00261790,0.00011816,-0.00959989,0.00412813,0.31333079,-0.01761748,0.00410411,0.01415116,0.01772467,0.00001391,27.03220770,27.07037134,31.68145460,31.34417180,0.02135652,-0.75622177,1.51297205,0.01008956,-0.75954313,1.49406673,4.50438954,0.00000001
12.38100000,STAND,-0.00013639,-0.00256466,0.00008114,-0.00931385,0.00386048,0.31331520,-0.01734675,0.00385012,0.01381772,0.01771096,0.00000021,27.03704172,27.14627301,31.59734160,31.34815474,0.02064654,-0.75729710,1.51365759,0.00939574,-0.76053281,1.49463702,4.48458831,0.00000001
12.39100000,STAND,-0.00010397,-0.00251368,0.00004561,-0.00903831,0.00360258,0.31330013,-0.01708586,0.00360532,0.01349711,0.01769789,-0.00001287,27.04173934,27.21816729,31.51743325,31.35200581,0.01996400,-0.75832975,1.51431478,0.00873012,-0.76148146,1.49518229,4.46566760,0.00000001
12.40100000,STAND,-0.00007315,-0.00246497,0.00001156,-0.00877326,0.00335442,0.31328559,-0.01683482,0.00336969,0.01318929,0.01768545,-0.00002531,27.04630505,27.28604367,31.44173088,31.35572828,0.01930884,-0.75931996,1.51494399,0.00809258,-0.76238941,1.49570294,4.44762702,0.00000001
12.41100000,STAND,-0.00004392,-0.00241853,-0.00002101,-0.00851867,0.00311597,0.31327158,-0.01659359,0.00314320,0.01289421,0.01767364,-0.00003711,27.05074308,27.34989457,31.37023320,31.35932549,0.01868095,-0.76026797,1.51554559,0.00748294,-0.76325699,1.49619937,4.43046566,0.00000001
12.42100000,STAND,-0.00001629,-0.00237433,-0.00005210,-0.00827451,0.00288721,0.31325809,-0.01636216,0.00292584,0.01261182,0.01766248,-0.00004828,27.05505739,27.40971546,31.30293631,31.36280083,0.01808021,-0.76117409,1.51611999,0.00690103,-0.76408461,1.49667200,4.41418207,0.00000001
12.43100000,STAND,0.00000977,-0.00233240,-0.00008173,-0.00804073,0.00266808,0.31324513,-0.01614049,0.00271755,0.01234204,0.01765196,-0.00005880,27.05925171,27.46550491,31.23983356,31.36615765,0.01750647,-0.76203866,1.51666758,0.00634661,-0.76487270,1.49712125,4.39877427,0.00000001
12.44100000,STAND,0.00003425,-0.00229270,-0.00010991,-0.00781728,0.00245853,0.31323270,-0.01592852,0.00251830,0.01208480,0.01764208,-0.00006868,27.06332949,27.51726465,31.18091559,31.36939932,0.01695954,-0.76286207,1.51718880,0.00581942,-0.76562172,1.49754758,4.38423974,0.00000001
12.45100000,STAND,0.00005716,-0.00225524,-0.00013664,-0.00760410,0.00225850,0.31322079,-0.01572621,0.00232802,0.01183999,0.01763284,-0.00007791,27.06729394,27.56499963,31.12617024,31.37252917,0.01643920,-0.76364473,1.51768409,0.00531919,-0.76633219,1.49795143,4.37057541,0.00000001
12.46100000,STAND,0.00007851,-0.00222002,-0.00016194,-0.00740111,0.00206792,0.31320941,-0.01553348,0.00214664,0.01160751,0.01762425,-0.00008651,27.07114801,27.60871812,31.07558247,31.37555046,0.01594519,-0.76438711,1.51815391,0.00484558,-0.76700466,1.49833329,4.35777766,0.00000001
12.47100000,STAND,0.00009831,-0.00218701,-0.00018581,-0.00720823,0.00188669,0.31319855,-0.01535027,0.00197410,0.01138723,0.01761630,-0.00009446,27.07489441,27.64843174,31.02913437,31.37846640,0.01547724,-0.76508971,1.51859872,0.00439826,-0.76763972,1.49869365,4.34584231,0.00000001
12.48100000,STAND,0.00011657,-0.00215621,-0.00020828,-0.00702536,0.00171474,0.31318820,-0.01517648,0.00181031,0.01117903,0.01760899,-0.00010177,27.07853562,27.68415552,30.98680504,31.38128008,0.01503502,-0.76575310,1.51901901,0.00397682,-0.76823801,1.49903300,4.33476461,0.00000001
12.49100000,STAND,0.00013330,-0.00212760,-0.00022935,-0.00685240,0.00155194,0.31317836,-0.01501202,0.00165516,0.01098274,0.01760232,-0.00010844,27.08207387,27.71590800,30.94857060,31.38399450,0.01461820,-0.76637786,1.51941530,0.00358086,-0.76880021,1.49935186,4.32453924,0.00000001
12.50100000,STAND,0.00014851,-0.00210117,-0.00024903,-0.00668923,0.00139819,0.31316902,-0.01485678,0.00150856,0.01079822,0.01759629,-0.00011447,27.08551120,27.74371126,30.91440408,31.38661256,0.01422638,-0.76696464,1.51978811,0.00320993,-0.76932704,1.49965079,4.32246702,0.00000001
12.51100000,STAND,0.00016220,-0.00207691,-0.00026735,-0.00653572,0.00125337,0.31316018,-0.01471065,0.00137040,0.01062528,0.01759089,-0.00011987,27.08884937,27.76759099,30.88427539,31.38913698,0.01385914,-0.76751411,1.52013797,0.00286352,-0.76981927,1.49993031,4.32215552,0.00000000
12.52100000,STAND,0.00017441,-0.00205481,-0.00028433,-0.00639174,0.00111734,0.31315182,-0.01457349,0.00124053,0.01046372,0.01758612,-0.00012464,27.09208999,27.78757652,30.85815128,31.39157039,0.01351604,-0.76802702,1.52046544,0.00254113,-0.77027770,1.50019102,4.32196438,0.00000000
12.53100000,STAND,0.00018512,-0.00203483,-0.00029997,-0.00625713,0.00098994,0.31314393,-0.01444518,0.00111884,0.01031336,0.01758198,-0.00012878,27.09523442,27.80370093,30.83599525,31.39391524,0.01319659,-0.76850414,1.52077112,0.00224219,-0.77070321,1.50043350,4.32189408,0.00000000
12.54100000,STAND,0.00019437,-0.00201697,-0.00031430,-0.00613173,0.00087103,0.31313651,-0.01432556,0.00100516,0.01017396,0.01757846,-0.00013229,27.09828385,27.81600103,30.81776753,31.39617383,0.01290027,-0.76894630,1.52105559,0.00196611,-0.77109668,1.50065837,4.32194488,0.00000000
12.55100000,STAND,0.00020217,-0.00200120,-0.00032735,-0.00601537,0.00076043,0.31312954,-0.01421447,0.00089936,0.01004529,0.01757556,-0.00013519,27.10123925,27.82451746,30.80342499,31.39834832,0.01262651,-0.76935438,1.52131947,0.00171227,-0.77145907,1.50086624,4.32211684,0.00000000
12.56100000,STAND,0.00020852,-0.00198750,-0.00033912,-0.00590786,0.00065797,0.31312302,-0.01411174,0.00080125,0.00992711,0.01757328,-0.00013748,27.10410141,27.82929473,30.79292114,31.40044069,0.01237472,-0.76972930,1.52156341,0.00147999,-0.77179139,1.50105777,4.32240984,0.00000000
12.57100000,STAND,0.00021345,-0.00197585,-0.00034964,-0.00580901,0.00056345,0.31311691,-0.01401718,0.00071067,0.00981914,0.01757160,-0.00013916,27.10687096,27.83038123,30.78620601,31.40245280,0.01214428,-0.77007203,1.52178807,0.00126858,-0.77209467,1.50123364,4.32282354,0.00000000
12.58100000,STAND,0.00021697,-0.00196622,-0.00035894,-0.00571860,0.00047667,0.31311122,-0.01393061,0.00062741,0.00972111,0.01757051,-0.00014024,27.10954833,27.82782931,30.78322615,31.40438633,0.01193450,-0.77038361,1.52199413,0.00107729,-0.77237002,1.50139454,4.32335741,0.00000000
12.59100000,STAND,0.00021911,-0.00195859,-0.00036705,-0.00563641,0.00039741,0.31310592,-0.01385181,0.00055129,0.00963272,0.01757002,-0.00014073,27.11213380,27.82169530,30.78392452,31.40624284,0.01174470,-0.77066511,1.52218231,0.00090536,-0.77261859,1.50154119,4.32401074,0.00000000
12.60100000,STAND,0.00021988,-0.00195292,-0.00037398,-0.00556221,0.00032545,0.31310100,-0.01378057,0.00048209,0.00955366,0.01757012,-0.00014064,27.11462746,27.81203955,30.78824052,31.40802374,0.01157411,-0.77091767,1.52235333,0.00075196,-0.77284157,1.50167432,4.32478261,0.00000000
12.61100000,STAND,0.00021930,-0.00194920,-0.00037977,-0.00549575,0.00026055,0.31309644,-0.01371665,0.00041958,0.00948360,0.01757079,-0.00013997,27.11702927,27.79892645,30.79610985,31.40973032,0.01142196,-0.77114246,1.52250797,0.00061624,-0.77304022,1.50179471,4.32567193,0.00000000
12.62100000,STAND,0.00021739,-0.00194738,-0.00038444,-0.00543676,0.00020246,0.31309221,-0.01365982,0.00036353,0.00942220,0.01757202,-0.00013873,27.11933902,27.78242449,30.80746450,31.41136377,0.01128744,-0.77134073,1.52264700,0.00049731,-0.77321583,1.50190316,4.32667740,0.00000000
12.63100000,STAND,0.00021417,-0.00194744,-0.00038802,-0.00538498,0.00015091,0.31308831,-0.01360983,0.00031370,0.00936910,0.01757381,-0.00013694,27.12155638,27.76260628,30.82223269,31.41292518,0.01116967,-0.77151376,1.52277123,0.00039424,-0.77336978,1.50200047,4.32779756,0.00000000
12.64100000,STAND,0.00020967,-0.00194933,-0.00039055,-0.00534013,0.00010562,0.31308471,-0.01356639,0.00026983,0.00932392,0.01757615,-0.00013461,27.12368087,27.73954854,30.84033881,31.41441556,0.01106776,-0.77166292,1.52288152,0.00030605,-0.77350347,1.50208750,4.32903078,0.00000000
12.65100000,STAND,0.00020391,-0.00195303,-0.00039205,-0.00530188,0.00006631,0.31308138,-0.01352924,0.00023165,0.00928627,0.01757902,-0.00013174,27.12571187,27.71333220,30.86170335,31.41583584,0.01098078,-0.77178960,1.52297872,0.00023175,-0.77361836,1.50216513,4.33037523,0.00000000
12.66100000,STAND,0.00019692,-0.00195849,-0.00039257,-0.00526995,0.00003268,0.31307831,-0.01349809,0.00019887,0.00925574,0.01758241,-0.00012835,27.12764866,27.68404237,30.88624288,31.41718692,0.01090774,-0.77189526,1.52306375,0.00017026,-0.77371599,1.50223426,4.33182895,0.00000000
12.67100000,STAND,0.00018873,-0.00196568,-0.00039213,-0.00524399,0.00000441,0.31307547,-0.01347262,0.00017120,0.00923189,0.01758631,-0.00012445,27.12949039,27.65176835,30.91386996,31.41846966,0.01084762,-0.77198144,1.52313753,0.00012051,-0.77379794,1.50229582,4.33338981,0.00000000
12.68100000,STAND,0.00017935,-0.00197456,-0.00039078,-0.00522367,-0.00001882,0.31307283,-0.01345252,0.00014834,0.00921430,0.01759070,-0.00012005,27.13123612,27.61660373,30.94449309,31.41968493,0.01079938,-0.77204970,1.52320102,0.00008136,-0.77386583,1.50235078,4.33505551,0.00000000
12.69100000,STAND,0.00016882,-0.00198507,-0.00038854,-0.00520863,-0.00003736,0.31307037,-0.01343746,0.00012996,0.00920249,0.01759558,-0.00011518,27.13288482,27.57864633,30.97801665,31.42083357,0.01076189,-0.77210169,1.52325522,0.00005163,-0.77392138,1.50240015,4.33682362,0.00000000
12.70100000,STAND,0.00015718,-0.00199717,-0.00038547,-0.00519851,-0.00005157,0.31306807,-0.01342710,0.00011574,0.00919598,0.01760092,-0.00010983,27.13443537,27.53799826,31.01434085,31.42191648,0.01073403,-0.77213910,1.52330117,0.00003011,-0.77396633,1.50244495,4.33869157,0.00000000
12.71100000,STAND,0.00014444,-0.00201082,-0.00038160,-0.00519292,-0.00006180,0.31306589,-0.01342107,0.00010532,0.00919428,0.01760672,-0.00010404,27.13588657,27.49476595,31.05336165,31.42293459,0.01071461,-0.77216371,1.52333992,0.00001553,-0.77400250,1.50248626,4.34065666,0.00000000
12.72100000,STAND,0.00013065,-0.00202596,-0.00037697,-0.00519145,-0.00006845,0.31306380,-0.01341901,0.00009836,0.00919688,0.01761295,-0.00009781,27.13723717,27.44906013,31.09497073,31.42388891,0.01070240,-0.77217733,1.52337259,0.00000660,-0.77403178,1.50252516,4.34271605,0.00000000
12.73100000,STAND,0.00011584,-0.00204255,-0.00037163,-0.00519371,-0.00007190,0.31306179,-0.01342053,0.00009448,0.00920322,0.01761960,-0.00009116,27.13848589,27.40099590,31.13905538,31.42478051,0.01069614,-0.77218185,1.52340029,0.00000197,-0.77405610,1.50256280,4.34486678,0.00000000
12.74100000,STAND,0.00010006,-0.00206053,-0.00036562,-0.00519927,-0.00007257,0.31305981,-0.01342523,0.00009330,0.00921278,0.01762665,-0.00008410,27.13985935,27.35070847,31.18548224,31.42532001,0.01069452,-0.77217921,1.52342422,0.00000025,-0.77407745,1.50260034,4.34705389,0.00000010
12.75100000,STAND,0.00008333,-0.00207986,-0.00035900,-0.00520767,-0.00007088,0.31305783,-0.01343270,0.00009441,0.00922497,0.01763409,-0.00007667,27.14115562,27.29827190,31.23420663,31.42674266,0.01069618,-0.77217144,1.52344555,0.00000000,-0.77409792,1.50263900,4.34948185,0.00000008
