time_s,state,roll_rad,pitch_rad,yaw_rad,body_x_m,body_y_m,body_z_m,com_x_m,com_y_m,support_margin_m,fr_foot_z_m,fr_lift_m,fl_force_n,fr_force_n,hl_force_n,hr_force_n,fr_q0,fr_q1,fr_q2,fr_qd0,fr_qd1,fr_qd2,max_abs_tau_nm,ik_residual_m
0.00100000,STAND,-0.00000000,0.00000000,-0.00000000,-0.00000004,0.00000000,0.32207984,-0.00842045,0.00016080,0.00585067,0.02200000,0.00000000,1.41653174,1.41753142,1.41745844,1.41726896,0.00000017,-0.77300194,1.50054729,0.00000000,-0.77297953,1.50050035,0.00000000,0.00000000
0.01000000,STAND,-0.00000007,0.00009971,0.00000009,-0.00000957,0.00000001,0.32159653,-0.00843082,0.00016081,0.00587332,0.02177284,0.00000000,7.14526091,7.15199081,6.57793477,6.57712714,0.00011975,-0.77355391,1.50205470,0.00000000,-0.77297953,1.50050035,0.73863846,0.00000000
0.02000000,STAND,-0.00000043,0.00054182,0.00000084,-0.00005763,0.00000011,0.32036677,-0.00847994,0.00016087,0.00594382,0.02107199,0.00000000,18.40826680,18.41580868,15.73177259,15.73192539,0.00052767,-0.77473904,1.50592882,0.00000000,-0.77297953,1.50050035,1.95466580,0.00000000
0.03000000,STAND,-0.00000165,0.00150096,0.00000321,-0.00018467,0.00000043,0.31872199,-0.00860800,0.00016111,0.00606369,0.02021534,0.00000000,27.41861227,27.43025508,22.34811217,22.34677154,0.00119237,-0.77634216,1.51215165,0.00000000,-0.77297953,1.50050035,3.16239159,0.00000000
0.04000000,STAND,-0.00000480,0.00281065,0.00000799,-0.00041103,0.00000114,0.31694141,-0.00882946,0.00016166,0.00624196,0.01921484,0.00000000,33.79840881,33.80396471,26.90476688,26.90137882,0.00210850,-0.77734506,1.51861514,0.00000000,-0.77297953,1.50050035,4.04037928,0.00000000
0.05000000,STAND,-0.00001011,0.00411622,0.00001540,-0.00073710,0.00000236,0.31521160,-0.00914337,0.00016265,0.00647932,0.01820008,0.00000000,38.33915584,38.33344194,30.54447463,30.53782175,0.00319147,-0.77772359,1.52456243,0.00000000,-0.77297953,1.50050035,4.70991551,0.00000000
0.06000000,STAND,-0.00001741,0.00512848,0.00002525,-0.00115757,0.00000417,0.31366938,-0.00954403,0.00016417,0.00677333,0.01729060,0.00000000,41.00194729,40.98098251,33.26647986,33.25515119,0.00436337,-0.77757259,1.52954504,0.00000000,-0.77297953,1.50050035,5.15391278,0.00000000
0.07000000,STAND,-0.00002636,0.00566044,0.00003700,-0.00166353,0.00000657,0.31240367,-0.01002275,0.00016622,0.00711980,0.01656596,0.00000000,41.90324240,41.86423426,35.10191709,35.08440620,0.00555096,-0.77699185,1.53329486,0.00000000,-0.77297953,1.50050035,5.37692662,0.00000000
0.08000000,STAND,-0.00003652,0.00562861,0.00004990,-0.00224344,0.00000953,0.31145826,-0.01056873,0.00016879,0.00751270,0.01606719,0.00000000,41.30030818,41.24176672,36.13814702,36.11298349,0.00668829,-0.77607721,1.53571657,0.00000000,-0.77297953,1.50050035,5.40487045,0.00000000
0.09000000,STAND,-0.00004740,0.00503759,0.00006304,-0.00288376,0.00001293,0.31083780,-0.01116968,0.00017180,0.00794415,0.01580255,0.00000000,39.53514709,39.45687727,36.50749183,36.47339561,0.00772141,-0.77491935,1.53686346,0.00000000,-0.77297953,1.50050035,5.27740748,0.00000000
0.10000000,STAND,-0.00005847,0.00395698,0.00007555,-0.00356955,0.00001665,0.31051602,-0.01181225,0.00017514,0.00840469,0.01575491,0.00000000,36.98378272,36.88676141,36.37043763,36.32646540,0.00861188,-0.77360355,1.53690077,0.00000000,-0.77297953,1.50050035,5.04063489,0.00000000
0.11000000,STAND,-0.00006926,0.00249689,0.00008665,-0.00428508,0.00002053,0.31044502,-0.01248248,0.00017866,0.00888371,0.01588958,0.00000000,34.01465474,33.90082265,35.89725787,35.84291699,0.00933813,-0.77220891,1.53606474,0.00000000,-0.77297953,1.50050035,4.89696523,0.00000000
0.12000000,STAND,-0.00007932,0.00078577,0.00009576,-0.00501447,0.00002441,0.31056450,-0.01316629,0.00018224,0.00937013,0.01616170,0.00000000,30.95697829,30.82898177,35.25085674,35.18617169,0.00989468,-0.77080678,1.53462345,0.00000000,-0.77297953,1.50050035,4.85411382,0.00000000
0.13000000,STAND,-0.00008826,-0.00104759,0.00010251,-0.00574237,0.00002815,0.31081018,-0.01384996,0.00018572,0.00985304,0.01652283,0.00000000,28.07927364,27.94018978,34.57284874,34.49837466,0.01028980,-0.76945875,1.53284314,0.00000000,-0.77297953,1.50050035,4.80513854,0.00000000
0.14000000,STAND,-0.00009584,-0.00288708,0.00010677,-0.00645457,0.00003159,0.31112081,-0.01452070,0.00018897,0.01032236,0.01692629,0.00000000,25.57776197,25.43083600,33.97404288,33.89082935,0.01054203,-0.76821470,1.53096253,0.00000000,-0.77297953,1.50050035,4.76512587,0.00000000
0.15000000,STAND,-0.00010186,-0.00463746,0.00010865,-0.00713850,0.00003463,0.31144333,-0.01516703,0.00019188,0.01076930,0.01733118,0.00000000,23.57375304,23.42216980,33.52970767,33.43922151,0.01067644,-0.76711152,1.52917570,0.00000000,-0.77297953,1.50050035,4.74401917,0.00000000
0.16000000,STAND,-0.00010627,-0.00622832,0.00010843,-0.00778360,0.00003719,0.31173611,-0.01577914,0.00019437,0.01118673,0.01770488,0.00000000,22.11856846,21.96527162,33.27932954,33.18334877,0.01072103,-0.76617279,1.52762349,0.00000000,-0.77297953,1.50050035,4.74673811,0.00000000
0.17000000,STAND,-0.00010907,-0.00761451,0.00010652,-0.00838149,0.00003921,0.31197047,-0.01634908,0.00019637,0.01156927,0.01802436,0.00000000,21.20407718,21.05164210,33.23008418,33.13057628,0.01070366,-0.76540944,1.52639208,0.00000000,-0.77297953,1.50050035,4.77378273,0.00000000
0.18000000,STAND,-0.00011035,-0.00877400,0.00010339,-0.00892603,0.00004067,0.31213047,-0.01687082,0.00019787,0.01191334,0.01827618,0.00000000,20.77668036,20.62723990,33.36294126,33.26193793,0.01064975,-0.76482139,1.52551743,0.00000000,-0.77297953,1.50050035,4.82215472,0.00000000
0.19000000,STAND,-0.00011026,-0.00970415,0.00009956,-0.00941317,0.00004158,0.31221167,-0.01734017,0.00019884,0.01221690,0.01845565,0.00000000,20.75262049,20.60783798,33.64021872,33.53969758,0.01058075,-0.76439971,1.52499345,0.00000000,-0.77297953,1.50050035,4.88643141,0.00000000
0.20000000,STAND,-0.00010897,-0.01041705,0.00009548,-0.00984069,0.00004196,0.31221894,-0.01775462,0.00019932,0.01247927,0.01856533,0.00000000,21.03277687,20.89385727,34.01347262,33.91525413,0.01051337,-0.76412917,1.52478243,0.00000000,-0.77297953,1.50050035,4.95984886,0.00000000
0.21000000,STAND,-0.00010668,-0.01093474,0.00009154,-0.01020797,0.00004186,0.31216390,-0.01811311,0.00019933,0.01270083,0.01861315,0.00000000,21.51556440,21.38329353,34.43080622,34.33647134,0.01045940,-0.76399078,1.52482601,0.00000000,-0.77297953,1.50050035,5.03528292,0.00000000
0.22000000,STAND,-0.00010358,-0.01128476,0.00008807,-0.01051560,0.00004133,0.31206229,-0.01841575,0.00019893,0.01288270,0.01861045,0.00000000,22.10707427,21.98187573,34.84295224,34.75378407,0.01042600,-0.76396408,1.52505552,0.00000000,-0.77297953,1.50050035,5.10605363,0.00000000
0.23000000,STAND,-0.00009987,-0.01149634,0.00008523,-0.01076510,0.00004044,0.31193151,-0.01866357,0.00019817,0.01302653,0.01857016,0.00000000,22.72809254,22.61009305,35.20776862,35.12471903,0.01041632,-0.76402902,1.52540092,0.00000000,-0.77297953,1.50050035,5.16651419,0.00000000
0.24000000,STAND,-0.00009574,-0.01159744,0.00008314,-0.01095864,0.00003926,0.31178856,-0.01885827,0.00019712,0.01313424,0.01850524,0.00000000,23.31804583,23.20714156,35.49304794,35.41672809,0.01043036,-0.76416734,1.52579777,0.00000000,-0.77297953,1.50050035,5.21241621,0.00000000
0.25000000,STAND,-0.00009133,-0.01161269,0.00008178,-0.01109880,0.00003785,0.31164847,-0.01900200,0.00019583,0.01320792,0.01842742,0.00000000,23.83622270,23.73214072,35.67774463,35.60843679,0.01046584,-0.76436340,1.52619207,0.00000000,-0.77297953,1.50050035,5.24106617,0.00000000
0.26000000,STAND,-0.00008679,-0.01156222,0.00008109,-0.01118842,0.00003629,0.31152327,-0.01909726,0.00019438,0.01324968,0.01834647,0.00000000,24.26080220,24.16315344,35.75186374,35.68955058,0.01051911,-0.76460455,1.52654298,0.00000000,-0.77297953,1.50050035,5.25130506,0.00000000
0.27000000,STAND,-0.00008224,-0.01146121,0.00008093,-0.01123049,0.00003463,0.31142145,-0.01914673,0.00019282,0.01326165,0.01826971,0.00000000,24.58630223,24.49462401,35.71533026,35.65973691,0.01058592,-0.76488110,1.52682370,0.00000000,-0.77297953,1.50050035,5.24335170,0.00000000
0.28000000,STAND,-0.00007778,-0.01132012,0.00008116,-0.01122808,0.00003291,0.31134792,-0.01915325,0.00019121,0.01324592,0.01820194,0.00000000,24.82006081,24.73384848,35.57618059,35.52682469,0.01066205,-0.76518600,1.52702083,0.00000000,-0.77297953,1.50050035,5.21855410,0.00000000
0.29000000,STAND,-0.00007349,-0.01114528,0.00008159,-0.01118435,0.00003120,0.31130428,-0.01911977,0.00018958,0.01320458,0.01814560,0.00000000,24.97830674,24.89703532,35.34840001,35.30464501,0.01074383,-0.76551427,1.52713262,0.00000000,-0.77297953,1.50050035,5.17909168,0.00000000
0.30000000,STAND,-0.00006944,-0.01093985,0.00008209,-0.01110252,0.00002954,0.31128933,-0.01904934,0.00018799,0.01313974,0.01810112,0.00000000,25.08228339,25.00542062,35.04968619,35.01079375,0.01082839,-0.76586246,1.52716645,0.00000000,-0.77297953,1.50050035,5.12766603,0.00000000
0.31000000,STAND,-0.00006567,-0.01070479,0.00008251,-0.01098592,0.00002794,0.31129975,-0.01894514,0.00018646,0.01305356,0.01806740,0.00000000,25.15477744,25.08179048,34.69935983,34.66453800,0.01091382,-0.76622801,1.52713609,0.00000000,-0.77297953,1.50050035,5.06721081,0.00000000
0.32000000,STAND,-0.00006224,-0.01043995,0.00008277,-0.01083797,0.00002644,0.31133086,-0.01881045,0.00018503,0.01294827,0.01804231,0.00000000,25.21728809,25.14764581,34.31657922,34.28502397,0.01099915,-0.76660870,1.52705890,0.00000000,-0.77297953,1.50050035,5.00064285,0.00000000
0.33000000,STAND,-0.00005916,-0.01014491,0.00008279,-0.01066225,0.00002507,0.31137725,-0.01864870,0.00018370,0.01282618,0.01802316,0.00000000,25.28796038,25.22113350,33.91895244,33.88988128,0.01108423,-0.76700226,1.52695336,0.00000000,-0.77297953,1.50050035,4.93066782,0.00000000
0.34000000,STAND,-0.00005647,-0.00981975,0.00008255,-0.01046245,0.00002383,0.31143345,-0.01846342,0.00018251,0.01268969,0.01800715,0.00000000,25.38030894,25.31576962,33.52158401,33.49426106,0.01116955,-0.76740603,1.52683700,0.00000000,-0.77297953,1.50050035,4.85964602,0.00000000
0.35000000,STAND,-0.00005418,-0.00946553,0.00008206,-0.01024239,0.00002275,0.31149437,-0.01825825,0.00018146,0.01254129,0.01799172,0.00000000,25.50267906,25.43990129,33.13654512,33.11029813,0.01125605,-0.76781680,1.52672494,0.00000000,-0.77297953,1.50050035,4.78951667,0.00000000
0.36000000,STAND,-0.00005229,-0.00908459,0.00008135,-0.01000596,0.00002182,0.31155565,-0.01803693,0.00018056,0.01238351,0.01797475,0.00000000,25.65833463,25.59679623,32.77272060,32.74695062,0.01134483,-0.76823078,1.52662889,0.00000000,-0.77297953,1.50050035,4.72177444,0.00000000
0.37000000,STAND,-0.00005082,-0.00868059,0.00008049,-0.00975713,0.00002105,0.31161387,-0.01780322,0.00017981,0.01221894,0.01795475,0.00000000,25.84602775,25.78521434,32.43596123,32.41014630,0.01143700,-0.76864366,1.52655679,0.00000000,-0.77297953,1.50050035,4.65748803,0.00000000
0.38000000,STAND,-0.00004976,-0.00825847,0.00007953,-0.00949982,0.00002044,0.31166663,-0.01756087,0.00017922,0.01205012,0.01793090,0.00000000,26.06089090,26.00030179,32.12945783,32.10315204,0.01153352,-0.76905073,1.52651284,0.00000000,-0.77297953,1.50050035,4.59734925,0.00000000
0.39000000,STAND,-0.00004910,-0.00782419,0.00007854,-0.00923794,0.00002000,0.31171247,-0.01731359,0.00017878,0.01187957,0.01790299,0.00000000,26.29549706,26.23465274,31.85425125,31.82708064,0.01163501,-0.76944708,1.52649788,0.00000000,-0.77297953,1.50050035,4.54174070,0.00000000
0.40000000,STAND,-0.00004882,-0.00738439,0.00007760,-0.00897524,0.00001971,0.31175082,-0.01706495,0.00017849,0.01170971,0.01787138,0.00000000,26.54095104,26.47940162,31.60979901,31.58145564,0.01174177,-0.76982779,1.52650998,0.00000000,-0.77297953,1.50050035,4.49081120,0.00000000
0.41000000,STAND,-0.00004890,-0.00694611,0.00007675,-0.00871532,0.00001957,0.31178178,-0.01681839,0.00017834,0.01154281,0.01783684,0.00000000,26.78790270,26.72523664,31.39453196,31.36476723,0.01185367,-0.77018818,1.52654523,0.00000000,-0.77297953,1.50050035,4.44454992,0.00000000
0.42000000,STAND,-0.00004931,-0.00651635,0.00007605,-0.00846152,0.00001957,0.31180596,-0.01657709,0.00017832,0.01138100,0.01780043,0.00000000,27.02740406,26.96325657,31.20635045,31.17496853,0.01197023,-0.77052395,1.52659848,0.00000000,-0.77297953,1.50050035,4.40285239,0.00000000
0.43000000,STAND,-0.00005002,-0.00610183,0.00007553,-0.00821693,0.00001970,0.31182428,-0.01634400,0.00017843,0.01122620,0.01776337,0.00000000,27.25156465,27.18562498,31.04302706,31.00987900,0.01209062,-0.77083136,1.52666402,0.00000000,-0.77297953,1.50050035,4.36557403,0.00000000
0.44000000,STAND,-0.00005100,-0.00570868,0.00007519,-0.00798430,0.00001995,0.31183782,-0.01612177,0.00017864,0.01108011,0.01772689,0.00000000,27.45398808,27.38600525,30.90249957,30.86747843,0.01221375,-0.77110732,1.52673624,0.00000000,-0.77297953,1.50050035,4.33256905,0.00000000
0.45000000,STAND,-0.00005219,-0.00534223,0.00007504,-0.00776605,0.00002030,0.31184762,-0.01591274,0.00017896,0.01094418,0.01769216,0.00000000,27.62999731,27.55978391,30.78305245,30.74608949,0.01233835,-0.77134949,1.52681007,0.00000000,-0.77297953,1.50050035,4.30371464,0.00000000
0.46000000,STAND,-0.00005356,-0.00500689,0.00007507,-0.00756423,0.00002073,0.31185466,-0.01571890,0.00017936,0.01081965,0.01766017,0.00000000,27.77667382,27.70410768,30.68339645,30.64445836,0.01246305,-0.77155631,1.52688129,0.00000000,-0.77297953,1.50050035,4.27892166,0.00000000
0.47000000,STAND,-0.00005506,-0.00470607,0.00007526,-0.00738052,0.00002124,0.31185971,-0.01554190,0.00017983,0.01070748,0.01763169,0.00000000,27.89274756,27.81777116,30.60266358,30.56175042,0.01258642,-0.77172694,1.52694671,0.00000000,-0.77297953,1.50050035,4.25813417,0.00000000
0.48000000,STAND,-0.00005665,-0.00444220,0.00007559,-0.00721624,0.00002181,0.31186335,-0.01538304,0.00018035,0.01060840,0.01760730,0.00000000,27.97837975,27.90099764,30.54033926,30.49748297,0.01270713,-0.77186126,1.52700423,0.00000000,-0.77297953,1.50050035,4.24132091,0.00000000
0.49000000,STAND,-0.00005828,-0.00421673,0.00007600,-0.00707233,0.00002241,0.31186593,-0.01524327,0.00018092,0.01052288,0.01758730,0.00000000,28.03488132,27.95515562,30.49615455,30.45141752,0.01282392,-0.77195982,1.52705272,0.00000000,-0.77297953,1.50050035,4.22846161,0.00000000
0.50000000,STAND,-0.00005991,-0.00403025,0.00007649,-0.00694938,0.00002304,0.31186761,-0.01512322,0.00018150,0.01045120,0.01757181,0.00000000,28.06440566,27.98245002,30.46996000,30.42343365,0.01293565,-0.77202371,1.52709192,0.00000000,-0.77297953,1.50050035,4.21953107,0.00000000
0.51000000,STAND,-0.00006151,-0.00388257,0.00007700,-0.00684766,0.00002367,0.31186841,-0.01502320,0.00018210,0.01039341,0.01756075,0.00000000,28.06964802,27.98562052,30.46159984,30.41340275,0.01304140,-0.77205450,1.52712227,0.00000000,-0.77297953,1.50050035,4.21448359,0.00000000
0.52000000,STAND,-0.00006304,-0.00377283,0.00007753,-0.00676713,0.00002430,0.31186822,-0.01494322,0.00018269,0.01034934,0.01755390,0.00000000,28.05357618,27.96767133,30.47080078,30.42107632,0.01314038,-0.77205418,1.52714467,0.00000000,-0.77297953,1.50050035,4.21323946,0.00000000
0.53000000,STAND,-0.00006447,-0.00369963,0.00007803,-0.00670745,0.00002490,0.31186687,-0.01488304,0.00018326,0.01031868,0.01755093,0.00000000,28.01920805,27.93164850,30.49708522,30.44599857,0.01323200,-0.77202502,1.52716028,0.00000000,-0.77297953,1.50050035,4.21567499,0.00000000
0.54000000,STAND,-0.00006578,-0.00366114,0.00007849,-0.00666803,0.00002548,0.31186417,-0.01484213,0.00018381,0.01030095,0.01755145,0.00000000,27.96944433,27.88047250,30.53971411,30.48744869,0.01331586,-0.77196953,1.52717040,0.00000000,-0.77297953,1.50050035,4.22161666,0.00000000
0.55000000,STAND,-0.00006694,-0.00365520,0.00007889,-0.00664805,0.00002601,0.31185995,-0.01481977,0.00018432,0.01029551,0.01755504,0.00000000,27.90695718,27.81682719,30.59766080,30.54441407,0.01339168,-0.77189038,1.52717626,0.00000000,-0.77297953,1.50050035,4.23083950,0.00000000
0.56000000,STAND,-0.00006794,-0.00367941,0.00007924,-0.00664649,0.00002649,0.31185409,-0.01481502,0.00018478,0.01030164,0.01756127,0.00000000,27.83413036,27.74310053,30.66961355,30.61559247,0.01345934,-0.77179034,1.52717895,0.00000000,-0.77297953,1.50050035,4.24306941,0.00000000
0.57000000,STAND,-0.00006877,-0.00373119,0.00007951,-0.00666215,0.00002691,0.31184652,-0.01482679,0.00018518,0.01031847,0.01756973,0.00000000,27.75304294,27.66136893,30.75400267,30.69941880,0.01351886,-0.77167223,1.52717936,0.00000000,-0.77297953,1.50050035,4.25798883,0.00000000
0.58000000,STAND,-0.00006942,-0.00380785,0.00007972,-0.00669369,0.00002727,0.31183726,-0.01485384,0.00018553,0.01034508,0.01758003,0.00000000,27.66548578,27.57341463,30.84904612,30.79411070,0.01357032,-0.77153887,1.52717816,0.00000000,-0.77297953,1.50050035,4.27524489,0.00000000
0.59000000,STAND,-0.00006990,-0.00390663,0.00007986,-0.00673965,0.00002756,0.31182639,-0.01489480,0.00018582,0.01038049,0.01759184,0.00000000,27.57300025,27.48076529,30.95280737,30.89772650,0.01361392,-0.77139308,1.52717577,0.00000000,-0.77297953,1.50050035,4.29445918,0.00000000
0.60000000,STAND,-0.00007021,-0.00402475,0.00007995,-0.00679847,0.00002778,0.31181407,-0.01494822,0.00018604,0.01042365,0.01760485,0.00000000,27.47692833,27.38474505,31.06325907,31.00822917,0.01364990,-0.77123759,1.52717242,0.00000000,-0.77297953,1.50050035,4.31523822,0.00000000
0.61000000,STAND,-0.00007035,-0.00415940,0.00007998,-0.00686855,0.00002794,0.31180050,-0.01501259,0.00018621,0.01047348,0.01761879,0.00000000,27.37846533,27.28652821,31.17834708,31.12355084,0.01367857,-0.77107510,1.52716817,0.00000000,-0.77297953,1.50050035,4.33718393,0.00000000
0.62000000,STAND,-0.00007033,-0.00430778,0.00007997,-0.00694821,0.00002804,0.31178595,-0.01508633,0.00018631,0.01052891,0.01763342,0.00000000,27.27870806,27.18718819,31.29605021,31.24165304,0.01370030,-0.77090816,1.52716297,0.00000000,-0.77297953,1.50050035,4.35990334,0.00000000
0.63000000,STAND,-0.00007017,-0.00446716,0.00007992,-0.00703579,0.00002807,0.31177067,-0.01516786,0.00018635,0.01058884,0.01764855,0.00000000,27.17869366,27.08773722,31.41443230,31.36057960,0.01371546,-0.77073924,1.52715672,0.00000000,-0.77297953,1.50050035,4.38301724,0.00000000
0.64000000,STAND,-0.00006988,-0.00463480,0.00007984,-0.00712962,0.00002804,0.31175496,-0.01525560,0.00018633,0.01065220,0.01766397,0.00000000,27.07942629,26.98915380,31.53168472,31.47849978,0.01372449,-0.77057066,1.52714928,0.00000000,-0.77297953,1.50050035,4.40616733,0.00000000
0.65000000,STAND,-0.00006948,-0.00480809,0.00007974,-0.00722805,0.00002796,0.31173911,-0.01534800,0.00018626,0.01071792,0.01767951,0.00000000,26.98189121,26.89239737,31.64615833,31.59374100,0.01372783,-0.77040460,1.52714056,0.00000000,-0.77297953,1.50050035,4.42902182,0.00000000
0.66000000,STAND,-0.00006898,-0.00498448,0.00007963,-0.00732949,0.00002783,0.31172336,-0.01544352,0.00018615,0.01078501,0.01769500,0.00000000,26.88705687,26.79841099,31.75638491,31.70481105,0.01372597,-0.77024306,1.52713049,0.00000000,-0.77297953,1.50050035,4.45127945,0.00000000
0.67000000,STAND,-0.00006841,-0.00516151,0.00007950,-0.00743241,0.00002766,0.31170797,-0.01554070,0.00018600,0.01085249,0.01771029,0.00000000,26.79586705,26.70811403,31.86108914,31.81041068,0.01371941,-0.77008786,1.52711908,0.00000000,-0.77297953,1.50050035,4.47267206,0.00000000
0.68000000,STAND,-0.00006778,-0.00533688,0.00007937,-0.00753534,0.00002746,0.31169315,-0.01563815,0.00018582,0.01091945,0.01772522,0.00000000,26.70922585,26.62238746,31.95919225,31.90943798,0.01370864,-0.76994063,1.52710639,0.00000000,-0.77297953,1.50050035,4.49296596,0.00000000
0.69000000,STAND,-0.00006710,-0.00550842,0.00007923,-0.00763693,0.00002723,0.31167908,-0.01573458,0.00018560,0.01098504,0.01773965,0.00000000,26.62797823,26.54205479,32.04980925,32.00098602,0.01369421,-0.76980282,1.52709257,0.00000000,-0.77297953,1.50050035,4.51196210,0.00000000
0.70000000,STAND,-0.00006641,-0.00567415,0.00007910,-0.00773592,0.00002698,0.31166591,-0.01582876,0.00018537,0.01104849,0.01775342,0.00000000,26.55288912,26.46786147,32.13224120,32.08433568,0.01367664,-0.76967564,1.52707781,0.00000000,-0.77297953,1.50050035,4.52949561,0.00000000
0.71000000,STAND,-0.00006570,-0.00583225,0.00007897,-0.00783118,0.00002672,0.31165376,-0.01591960,0.00018513,0.01110910,0.01776642,0.00000000,26.48462355,26.40045518,32.20596438,32.15894506,0.01365647,-0.76956009,1.52706236,0.00000000,-0.77297953,1.50050035,4.54543462,0.00000000
0.72000000,STAND,-0.00006500,-0.00598114,0.00007884,-0.00792169,0.00002645,0.31164270,-0.01600613,0.00018487,0.01116627,0.01777852,0.00000000,26.42372974,26.34036911,32.27061759,32.22443711,0.01363422,-0.76945697,1.52704648,0.00000000,-0.77297953,1.50050035,4.55967873,0.00000000
0.73000000,STAND,-0.00006432,-0.00611941,0.00007873,-0.00800655,0.00002618,0.31163280,-0.01608746,0.00018461,0.01121946,0.01778961,0.00000000,26.37062658,26.28800947,32.32598874,32.28058631,0.01361041,-0.76936685,1.52703045,0.00000000,-0.77297953,1.50050035,4.57215730,0.00000000
0.74000000,STAND,-0.00006367,-0.00624591,0.00007862,-0.00808502,0.00002591,0.31162410,-0.01616287,0.00018436,0.01126822,0.01779960,0.00000000,26.32559613,26.24364812,32.37200163,32.32730556,0.01358555,-0.76929009,1.52701456,0.00000000,-0.77297953,1.50050035,4.58282752,0.00000000
0.75000000,STAND,-0.00006307,-0.00635972,0.00007852,-0.00815647,0.00002565,0.31161661,-0.01623175,0.00018411,0.01131222,0.01780843,0.00000000,26.28878152,26.20742042,32.40870324,32.36463343,0.01356013,-0.76922685,1.52699907,0.00000000,-0.77297953,1.50050035,4.59167257,0.00000000
0.76000000,STAND,-0.00006252,-0.00646011,0.00007844,-0.00822042,0.00002541,0.31161033,-0.01629361,0.00018388,0.01135117,0.01781604,0.00000000,26.26018982,26.17932803,32.43625195,32.39272236,0.01353459,-0.76917711,1.52698422,0.00000000,-0.77297953,1.50050035,4.59869963,0.00000000
0.77000000,STAND,-0.00006202,-0.00654663,0.00007837,-0.00827650,0.00002518,0.31160525,-0.01634808,0.00018366,0.01138489,0.01782239,0.00000000,26.23969924,26.15924605,32.45490659,32.41182755,0.01350936,-0.76914064,1.52697022,0.00000000,-0.77297953,1.50050035,4.60393810,0.00000000
0.78000000,STAND,-0.00006159,-0.00661902,0.00007831,-0.00832450,0.00002497,0.31160133,-0.01639494,0.00018346,0.01141328,0.01782749,0.00000000,26.22706997,26.14693375,32.46501626,32.42229663,0.01348483,-0.76911707,1.52695723,0.00000000,-0.77297953,1.50050035,4.60743766,0.00000000
0.79000000,STAND,-0.00006123,-0.00667722,0.00007826,-0.00836430,0.00002479,0.31159855,-0.01643405,0.00018329,0.01143631,0.01783133,0.00000000,26.22195747,26.14204765,32.46701066,32.42455988,0.01346134,-0.76910587,1.52694539,0.00000000,-0.77297953,1.50050035,4.60926642,0.00000000
0.80000000,STAND,-0.00006093,-0.00672139,0.00007823,-0.00839591,0.00002463,0.31159686,-0.01646542,0.00018313,0.01145402,0.01783395,0.00000000,26.22392741,26.14415632,32.46139085,32.41912064,0.01343920,-0.76910638,1.52693479,0.00000000,-0.77297953,1.50050035,4.60950907,0.00000000
0.81000000,STAND,-0.00006071,-0.00675185,0.00007822,-0.00841945,0.00002450,0.31159619,-0.01648912,0.00018300,0.01146655,0.01783539,0.00000000,26.23247134,26.15275579,32.44871989,32.40654587,0.01341869,-0.76911782,1.52692549,0.00000000,-0.77297953,1.50050035,4.60826492,0.00000000
0.82000000,STAND,-0.00006055,-0.00676911,0.00007822,-0.00843513,0.00002440,0.31159650,-0.01650535,0.00018290,0.01147404,0.01783570,0.00000000,26.24702218,26.16728486,32.42961359,32.38745657,0.01340001,-0.76913932,1.52691753,0.00000000,-0.77297953,1.50050035,4.60564593,0.00000000
0.83000000,STAND,-0.00006045,-0.00677380,0.00007823,-0.00844327,0.00002432,0.31159770,-0.01651438,0.00018282,0.01147675,0.01783496,0.00000000,26.26696920,26.18713983,32.40473093,32.36251805,0.01338334,-0.76916994,1.52691090,0.00000000,-0.77297953,1.50050035,4.60177468,0.00000000
0.84000000,STAND,-0.00006042,-0.00676669,0.00007826,-0.00844424,0.00002426,0.31159972,-0.01651656,0.00018276,0.01147494,0.01783325,0.00000000,26.29167187,26.21168806,32.37476425,32.33242982,0.01336882,-0.76920867,1.52690560,0.00000000,-0.77297953,1.50050035,4.59678234,0.00000000
0.85000000,STAND,-0.00006045,-0.00674865,0.00007829,-0.00843851,0.00002424,0.31160248,-0.01651232,0.00018273,0.01146893,0.01783066,0.00000000,26.32047235,26.24028025,32.34042931,32.29791550,0.01335654,-0.76925447,1.52690158,0.00000000,-0.77297953,1.50050035,4.59080647,0.00000000
0.86000000,STAND,-0.00006053,-0.00672064,0.00007834,-0.00842659,0.00002423,0.31160590,-0.01650212,0.00018272,0.01145909,0.01782728,0.00000000,26.35270658,26.27226133,32.30245516,32.25971244,0.01334656,-0.76930627,1.52689880,0.00000000,-0.77297953,1.50050035,4.58398900,0.00000000
0.87000000,STAND,-0.00006065,-0.00668368,0.00007840,-0.00840903,0.00002424,0.31160988,-0.01648649,0.00018273,0.01144578,0.01782322,0.00000000,26.38771397,26.30697982,32.26157415,32.21856150,0.01333888,-0.76936299,1.52689720,0.00000000,-0.77297953,1.50050035,4.57647406,0.00000000
0.88000000,STAND,-0.00006081,-0.00663886,0.00007846,-0.00838645,0.00002428,0.31161434,-0.01646600,0.00018275,0.01142942,0.01781856,0.00000000,26.42484568,26.34379600,32.21851209,32.17519710,0.01333350,-0.76942356,1.52689671,0.00000000,-0.77297953,1.50050035,4.56840600,0.00000000
0.89000000,STAND,-0.00006101,-0.00658729,0.00007853,-0.00835947,0.00002433,0.31161919,-0.01644123,0.00018280,0.01141041,0.01781342,0.00000000,26.46347177,26.38208880,32.17397885,32.13033761,0.01333037,-0.76948693,1.52689727,0.00000000,-0.77297953,1.50050035,4.55992740,0.00000000
0.90000000,STAND,-0.00006123,-0.00653009,0.00007860,-0.00832873,0.00002440,0.31162432,-0.01641278,0.00018286,0.01138919,0.01780789,0.00000000,26.50298729,26.42126174,32.12865961,32.08467642,0.01332940,-0.76955209,1.52689878,0.00000000,-0.77297953,1.50050035,4.55117726,0.00000000
0.91000000,STAND,-0.00006147,-0.00646840,0.00007867,-0.00829488,0.00002448,0.31162965,-0.01638128,0.00018293,0.01136617,0.01780207,0.00000000,26.54281741,26.46074794,32.08320686,32.03887385,0.01333050,-0.76961805,1.52690117,0.00000000,-0.77297953,1.50050035,4.54228933,0.00000000
0.92000000,STAND,-0.00006173,-0.00640331,0.00007874,-0.00825857,0.00002456,0.31163510,-0.01634735,0.00018301,0.01134179,0.01779606,0.00000000,26.58242196,26.50001446,32.03823325,31.99354987,0.01333353,-0.76968390,1.52690435,0.00000000,-0.77297953,1.50050035,4.53339058,0.00000000
0.93000000,STAND,-0.00006199,-0.00633592,0.00007881,-0.00822045,0.00002466,0.31164058,-0.01631158,0.00018310,0.01131644,0.01778995,0.00000000,26.62129917,26.53856604,31.99430557,31.94927795,0.01333836,-0.76974878,1.52690823,0.00000000,-0.77297953,1.50050035,4.52459989,0.00000000
0.94000000,STAND,-0.00006225,-0.00626726,0.00007887,-0.00818114,0.00002476,0.31164601,-0.01627457,0.00018319,0.01129054,0.01778383,0.00000000,26.65898896,26.57594822,31.95193973,31.90658003,0.01334482,-0.76981189,1.52691273,0.00000000,-0.77297953,1.50050035,4.51602696,0.00000000
0.95000000,STAND,-0.00006251,-0.00619832,0.00007893,-0.00814124,0.00002486,0.31165131,-0.01623689,0.00018328,0.01126445,0.01777776,0.00000000,26.69507564,26.61175011,31.91159688,31.86592251,0.01335275,-0.76987253,1.52691773,0.00000000,-0.77297953,1.50050035,4.50777138,0.00000000
0.96000000,STAND,-0.00006276,-0.00613004,0.00007899,-0.00810130,0.00002496,0.31165643,-0.01619909,0.00018338,0.01123854,0.01777184,0.00000000,26.72919015,26.64560649,31.87368063,31.82771347,0.01336197,-0.76993006,1.52692316,0.00000000,-0.77297953,1.50050035,4.49992197,0.00000000
0.97000000,STAND,-0.00006300,-0.00606328,0.00007903,-0.00806187,0.00002506,0.31166130,-0.01616167,0.00018347,0.01121314,0.01776613,0.00000000,26.76101172,26.67719956,31.83853534,31.79230093,0.01337228,-0.76998392,1.52692892,0.00000000,-0.77297953,1.50050035,4.49255626,0.00000000
0.98000000,STAND,-0.00006322,-0.00599881,0.00007907,-0.00802343,0.00002515,0.31166587,-0.01612511,0.00018356,0.01118855,0.01776069,0.00000000,26.79026908,26.70626012,31.80644542,31.75997216,0.01338350,-0.77003363,1.52693491,0.00000000,-0.77297953,1.50050035,4.48574020,0.00000000
0.99000000,STAND,-0.00006342,-0.00593735,0.00007910,-0.00798643,0.00002524,0.31167011,-0.01608982,0.00018365,0.01116504,0.01775557,0.00000000,26.81674101,26.73256817,31.77763556,31.73095390,0.01339543,-0.77007882,1.52694104,0.00000000,-0.77297953,1.50050035,4.47952808,0.00000000
1.00000000,STAND,-0.00006359,-0.00587951,0.00007912,-0.00795125,0.00002532,0.31167397,-0.01605620,0.00018373,0.01114286,0.01775081,0.00000000,26.84025634,26.75595296,31.75227181,31.70541349,0.01340788,-0.77011918,1.52694722,0.00000000,-0.77297953,1.50050035,4.47396258,0.00000000
1.01000000,STAND,-0.00006375,-0.00582582,0.00007913,-0.00791826,0.00002540,0.31167742,-0.01602458,0.00018380,0.01112220,0.01774647,0.00000000,26.86069339,26.77629250,31.73046335,31.68346069,0.01342068,-0.77015450,1.52695336,0.00000000,-0.77297953,1.50050035,4.46907496,0.00000000
1.02000000,STAND,-0.00006388,-0.00577672,0.00007914,-0.00788774,0.00002547,0.31168045,-0.01599525,0.00018387,0.01110325,0.01774257,0.00000000,26.87797869,26.79351236,31.71226501,31.66515021,0.01343365,-0.77018462,1.52695939,0.00000000,-0.77297953,1.50050035,4.46488547,0.00000000
1.03000000,STAND,-0.00006399,-0.00573256,0.00007913,-0.00785993,0.00002553,0.31168305,-0.01596845,0.00018393,0.01108615,0.01773912,0.00000000,26.89208527,26.80758402,31.69768026,31.65048480,0.01344660,-0.77020950,1.52696522,0.00000000,-0.77297953,1.50050035,4.46140378,0.00000000
1.04000000,STAND,-0.00006407,-0.00569361,0.00007912,-0.00783503,0.00002557,0.31168521,-0.01594436,0.00018397,0.01107100,0.01773616,0.00000000,26.90303024,26.81852255,31.68666467,31.63941876,0.01345939,-0.77022915,1.52697080,0.00000000,-0.77297953,1.50050035,4.45862957,0.00000000
1.05000000,STAND,-0.00006412,-0.00566004,0.00007910,-0.00781318,0.00002561,0.31168692,-0.01592314,0.00018401,0.01105787,0.01773368,0.00000000,26.91087201,26.82638391,31.67912975,31.63186188,0.01347186,-0.77024364,1.52697607,0.00000000,-0.77297953,1.50050035,4.45655324,0.00000000
1.06000000,STAND,-0.00006416,-0.00563195,0.00007908,-0.00779446,0.00002565,0.31168820,-0.01590487,0.00018405,0.01104681,0.01773170,0.00000000,26.91570691,26.83126168,31.67494708,31.62768363,0.01348389,-0.77025312,1.52698096,0.00000000,-0.77297953,1.50050035,4.45515661,0.00000000
1.07000000,STAND,-0.00006417,-0.00560935,0.00007905,-0.00777893,0.00002567,0.31168905,-0.01588960,0.00018407,0.01103783,0.01773019,0.00000000,26.91766560,26.83328353,31.67395270,31.62671758,0.01349535,-0.77025780,1.52698544,0.00000000,-0.77297953,1.50050035,4.45441376,0.00000000
1.08000000,STAND,-0.00006416,-0.00559218,0.00007902,-0.00776658,0.00002568,0.31168950,-0.01587735,0.00018408,0.01103092,0.01772916,0.00000000,26.91690906,26.83260730,31.67595153,31.62876600,0.01350613,-0.77025791,1.52698948,0.00000000,-0.77297953,1.50050035,4.45429183,0.00000000
1.09000000,STAND,-0.00006413,-0.00558033,0.00007898,-0.00775736,0.00002568,0.31168956,-0.01586807,0.00018409,0.01102602,0.01772858,0.00000000,26.91362447,26.82941697,31.68072202,31.63360449,0.01351614,-0.77025375,1.52699305,0.00000000,-0.77297953,1.50050035,4.45475198,0.00000000
1.10000000,STAND,-0.00006409,-0.00557359,0.00007894,-0.00775120,0.00002568,0.31168926,-0.01586170,0.00018409,0.01102307,0.01772844,0.00000000,26.90802088,26.82391840,31.68802069,31.64098666,0.01352531,-0.77024567,1.52699612,0.00000000,-0.77297953,1.50050035,4.45575021,0.00000000
1.11000000,STAND,-0.00006404,-0.00557172,0.00007890,-0.00774797,0.00002567,0.31168862,-0.01585813,0.00018408,0.01102200,0.01772871,0.00000000,26.90032492,26.81633510,31.69758676,31.65064878,0.01353359,-0.77023402,1.52699870,0.00000000,-0.77297953,1.50050035,4.45723830,0.00000000
1.12000000,STAND,-0.00006397,-0.00557443,0.00007886,-0.00774753,0.00002566,0.31168767,-0.01585722,0.00018407,0.01102267,0.01772935,0.00000000,26.89077650,26.80690398,31.70914664,31.66231432,0.01354091,-0.77021918,1.52700078,0.00000000,-0.77297953,1.50050035,4.45916475,0.00000000
1.13000000,STAND,-0.00006389,-0.00558139,0.00007882,-0.00774970,0.00002564,0.31168646,-0.01585882,0.00018405,0.01102499,0.01773034,0.00000000,26.87962459,26.79587121,31.72241828,31.67569843,0.01354726,-0.77020157,1.52700236,0.00000000,-0.77297953,1.50050035,4.46147559,0.00000000
1.14000000,STAND,-0.00006381,-0.00559223,0.00007878,-0.00775428,0.00002561,0.31168500,-0.01586273,0.00018403,0.01102880,0.01773163,0.00000000,26.86712323,26.78348824,31.73711540,31.69051212,0.01355263,-0.77018160,1.52700345,0.00000000,-0.77297953,1.50050035,4.46411530,0.00000000
1.15000000,STAND,-0.00006372,-0.00560655,0.00007874,-0.00776106,0.00002558,0.31168333,-0.01586876,0.00018400,0.01103396,0.01773320,0.00000000,26.85352770,26.77000802,31.75295148,31.70646638,0.01355700,-0.77015968,1.52700408,0.00000000,-0.77297953,1.50050035,4.46702764,0.00000000
1.16000000,STAND,-0.00006363,-0.00562393,0.00007870,-0.00776980,0.00002555,0.31168149,-0.01587669,0.00018397,0.01104032,0.01773500,0.00000000,26.83909094,26.75568146,31.76964354,31.72327590,0.01356039,-0.77013623,1.52700427,0.00000000,-0.77297953,1.50050035,4.47015639,0.00000000
1.17000000,STAND,-0.00006354,-0.00564394,0.00007867,-0.00778026,0.00002552,0.31167951,-0.01588629,0.00018394,0.01104771,0.01773700,0.00000000,26.82406034,26.74075418,31.78691555,31.74066260,0.01356283,-0.77011167,1.52700403,0.00000000,-0.77297953,1.50050035,4.47344614,0.00000000
1.18000000,STAND,-0.00006345,-0.00566615,0.00007864,-0.00779218,0.00002548,0.31167743,-0.01589732,0.00018391,0.01105596,0.01773915,0.00000000,26.80867470,26.72546356,31.80450170,31.75835884,0.01356435,-0.77008639,1.52700341,0.00000000,-0.77297953,1.50050035,4.47684290,0.00000000
1.19000000,STAND,-0.00006336,-0.00569012,0.00007861,-0.00780532,0.00002545,0.31167528,-0.01590955,0.00018388,0.01106492,0.01774141,0.00000000,26.79316170,26.71003612,31.82214916,31.77611024,0.01356499,-0.77006078,1.52700244,0.00000000,-0.77297953,1.50050035,4.48029482,0.00000000
1.20000000,STAND,-0.00006328,-0.00571542,0.00007859,-0.00781942,0.00002542,0.31167309,-0.01592273,0.00018385,0.01107441,0.01774375,0.00000000,26.77773551,26.69468522,31.83962063,31.79367822,0.01356481,-0.77003519,1.52700115,0.00000000,-0.77297953,1.50050035,4.48375264,0.00000000
1.21000000,STAND,-0.00006320,-0.00574162,0.00007857,-0.00783423,0.00002538,0.31167090,-0.01593662,0.00018382,0.01108428,0.01774614,0.00000000,26.76259496,26.67960914,31.85669645,31.81084208,0.01356386,-0.77000996,1.52699957,0.00000000,-0.77297953,1.50050035,4.48717024,0.00000000
1.22000000,STAND,-0.00006313,-0.00576833,0.00007855,-0.00784951,0.00002535,0.31166872,-0.01595101,0.00018379,0.01109437,0.01774853,0.00000000,26.74792184,26.66498941,31.87317641,31.82740087,0.01356222,-0.76998541,1.52699776,0.00000000,-0.77297953,1.50050035,4.49050499,0.00000000
1.23000000,STAND,-0.00006307,-0.00579514,0.00007854,-0.00786502,0.00002532,0.31166660,-0.01596565,0.00018376,0.01110453,0.01775090,0.00000000,26.73387971,26.65098957,31.88888112,31.84317466,0.01355995,-0.76996182,1.52699575,0.00000000,-0.77297953,1.50050035,4.49371815,0.00000000
1.24000000,STAND,-0.00006301,-0.00582171,0.00007854,-0.00788055,0.00002530,0.31166455,-0.01598035,0.00018373,0.01111463,0.01775322,0.00000000,26.72061293,26.63775421,31.90365306,31.85800566,0.01355713,-0.76993943,1.52699357,0.00000000,-0.77297953,1.50050035,4.49677511,0.00000000
1.25000000,STAND,-0.00006296,-0.00584770,0.00007853,-0.00789589,0.00002527,0.31166259,-0.01599491,0.00018371,0.01112454,0.01775545,0.00000000,26.70824605,26.62540831,31.91735729,31.87175887,0.01355383,-0.76991846,1.52699127,0.00000000,-0.77297953,1.50050035,4.49964556,0.00000000
1.26000000,STAND,-0.00006292,-0.00587280,0.00007854,-0.00791085,0.00002525,0.31166076,-0.01600913,0.00018369,0.01113413,0.01775758,0.00000000,26.69688353,26.61405691,31.92988172,31.88432234,0.01355013,-0.76989911,1.52698889,0.00000000,-0.77297953,1.50050035,4.50230362,0.00000000
1.27000000,STAND,-0.00006288,-0.00589673,0.00007854,-0.00792525,0.00002523,0.31165905,-0.01602287,0.00018367,0.01114330,0.01775958,0.00000000,26.68660965,26.60378503,31.94113723,31.89560722,0.01354610,-0.76988151,1.52698646,0.00000000,-0.77297953,1.50050035,4.50472795,0.00000000
1.28000000,STAND,-0.00006286,-0.00591927,0.00007855,-0.00793894,0.00002522,0.31165749,-0.01603596,0.00018366,0.01115196,0.01776144,0.00000000,26.67748878,26.59465792,31.95105725,31.90554743,0.01354183,-0.76986579,1.52698401,0.00000000,-0.77297953,1.50050035,4.50690164,0.00000000
1.29000000,STAND,-0.00006284,-0.00594019,0.00007856,-0.00795179,0.00002520,0.31165608,-0.01604827,0.00018364,0.01116002,0.01776313,0.00000000,26.66956584,26.58672143,31.95959728,31.91409902,0.01353739,-0.76985204,1.52698158,0.00000000,-0.77297953,1.50050035,4.50881225,0.00000000
1.30000000,STAND,-0.00006283,-0.00595933,0.00007857,-0.00796368,0.00002519,0.31165484,-0.01605969,0.00018363,0.01116742,0.01776466,0.00000000,26.66286701,26.58000275,31.96673399,31.92123935,0.01353285,-0.76984030,1.52697921,0.00000000,-0.77297953,1.50050035,4.51045162,0.00000000
1.31000000,STAND,-0.00006282,-0.00597655,0.00007859,-0.00797451,0.00002519,0.31165378,-0.01607014,0.00018362,0.01117411,0.01776600,0.00000000,26.65740060,26.57451121,31.97246419,31.92696598,0.01352828,-0.76983061,1.52697691,0.00000000,-0.77297953,1.50050035,4.51181569,0.00000000
1.32000000,STAND,-0.00006282,-0.00599175,0.00007860,-0.00798422,0.00002518,0.31165288,-0.01607952,0.00018362,0.01118003,0.01776716,0.00000000,26.65315813,26.57023939,31.97680355,31.93129538,0.01352374,-0.76982295,1.52697472,0.00000000,-0.77297953,1.50050035,4.51290436,0.00000000
1.33000000,STAND,-0.00006283,-0.00600486,0.00007862,-0.00799274,0.00002518,0.31165216,-0.01608780,0.00018361,0.01118517,0.01776812,0.00000000,26.65011555,26.56716424,31.97978515,31.93426149,0.01351929,-0.76981729,1.52697266,0.00000000,-0.77297953,1.50050035,4.51372115,0.00000000
1.34000000,STAND,-0.00006284,-0.00601584,0.00007864,-0.00800005,0.00002518,0.31165162,-0.01609493,0.00018361,0.01118950,0.01776890,0.00000000,26.64823455,26.56524846,31.98145792,31.93591409,0.01351499,-0.76981359,1.52697074,0.00000000,-0.77297953,1.50050035,4.51427296,0.00000000
1.35000000,STAND,-0.00006286,-0.00602469,0.00007866,-0.00800612,0.00002518,0.31165124,-0.01610090,0.00018361,0.01119302,0.01776949,0.00000000,26.64746402,26.56444185,31.98188498,31.93631714,0.01351088,-0.76981176,1.52696898,0.00000000,-0.77297953,1.50050035,4.51456977,0.00000000
1.36000000,STAND,-0.00006287,-0.00603143,0.00007868,-0.00801095,0.00002518,0.31165102,-0.01610569,0.00018362,0.01119574,0.01776989,0.00000000,26.64774155,26.56468289,31.98114183,31.93554697,0.01350701,-0.76981170,1.52696739,0.00000000,-0.77297953,1.50050035,4.51462427,0.00000000
1.37000000,STAND,-0.00006289,-0.00603610,0.00007870,-0.00801457,0.00002519,0.31165096,-0.01610932,0.00018362,0.01119768,0.01777012,0.00000000,26.64899499,26.56590019,31.97931457,31.93369047,0.01350341,-0.76981329,1.52696599,0.00000000,-0.77297953,1.50050035,4.51445153,0.00000000
1.38000000,STAND,-0.00006292,-0.00603878,0.00007872,-0.00801699,0.00002519,0.31165104,-0.01611183,0.00018363,0.01119885,0.01777018,0.00000000,26.65114403,26.56801414,31.97649804,31.93084324,0.01350012,-0.76981642,1.52696478,0.00000000,-0.77297953,1.50050035,4.51406866,0.00000000
1.39000000,STAND,-0.00006294,-0.00603957,0.00007873,-0.00801828,0.00002520,0.31165126,-0.01611325,0.00018363,0.01119929,0.01777008,0.00000000,26.65410179,26.57093847,31.97279404,31.92710776,0.01349715,-0.76982094,1.52696376,0.00000000,-0.77297953,1.50050035,4.51349443,0.00000000
1.40000000,STAND,-0.00006297,-0.00603857,0.00007875,-0.00801848,0.00002521,0.31165160,-0.01611363,0.00018364,0.01119905,0.01776983,0.00000000,26.65777638,26.57458180,31.96830946,31.92259155,0.01349454,-0.76982669,1.52696294,0.00000000,-0.77297953,1.50050035,4.51274892,0.00000000
1.41000000,STAND,-0.00006299,-0.00603592,0.00007876,-0.00801766,0.00002522,0.31165205,-0.01611304,0.00018365,0.01119817,0.01776945,0.00000000,26.66207245,26.57884918,31.96315458,31.91740546,0.01349229,-0.76983352,1.52696231,0.00000000,-0.77297953,1.50050035,4.51185317,0.00000000
1.42000000,STAND,-0.00006302,-0.00603176,0.00007878,-0.00801591,0.00002523,0.31165260,-0.01611154,0.00018366,0.01119671,0.01776895,0.00000000,26.66689268,26.58364359,31.95744137,31.91166192,0.01349040,-0.76984127,1.52696187,0.00000000,-0.77297953,1.50050035,4.51082884,0.00000000
1.43000000,STAND,-0.00006304,-0.00602624,0.00007879,-0.00801330,0.00002524,0.31165323,-0.01610922,0.00018366,0.01119472,0.01776834,0.00000000,26.67213916,26.58886735,31.95128188,31.90547342,0.01348888,-0.76984978,1.52696162,0.00000000,-0.77297953,1.50050035,4.50969788,0.00000000
1.44000000,STAND,-0.00006306,-0.00601953,0.00007880,-0.00800993,0.00002524,0.31165393,-0.01610616,0.00018367,0.01119227,0.01776765,0.00000000,26.67771473,26.59442343,31.94478677,31.89895095,0.01348773,-0.76985888,1.52696154,0.00000000,-0.77297953,1.50050035,4.50848220,0.00000000
1.45000000,STAND,-0.00006308,-0.00601179,0.00007881,-0.00800588,0.00002525,0.31165468,-0.01610245,0.00018368,0.01118941,0.01776687,0.00000000,26.68352423,26.60021671,31.93806392,31.89220267,0.01348694,-0.76986842,1.52696162,0.00000000,-0.77297953,1.50050035,4.50720344,0.00000000
1.46000000,STAND,-0.00006310,-0.00600319,0.00007881,-0.00800126,0.00002526,0.31165548,-0.01609818,0.00018369,0.01118621,0.01776604,0.00000000,26.68947560,26.60615511,31.93121720,31.88533265,0.01348649,-0.76987824,1.52696185,0.00000000,-0.77297953,1.50050035,4.50588262,0.00000000
1.47000000,STAND,-0.00006312,-0.00599390,0.00007882,-0.00799617,0.00002527,0.31165631,-0.01609344,0.00018370,0.01118274,0.01776516,0.00000000,26.69548091,26.61215060,31.92434533,31.87843975,0.01348637,-0.76988820,1.52696223,0.00000000,-0.77297953,1.50050035,4.50453999,0.00000000
1.48000000,STAND,-0.00006314,-0.00598408,0.00007882,-0.00799071,0.00002528,0.31165715,-0.01608833,0.00018370,0.01117905,0.01776425,0.00000000,26.70145724,26.61812011,31.91754094,31.87161668,0.01348657,-0.76989815,1.52696273,0.00000000,-0.77297953,1.50050035,4.50319474,0.00000000
1.49000000,STAND,-0.00006315,-0.00597392,0.00007882,-0.00798496,0.00002528,0.31165799,-0.01608294,0.00018371,0.01117522,0.01776333,0.00000000,26.70732746,26.62398631,31.91088971,31.86494916,0.01348705,-0.76990795,1.52696334,0.00000000,-0.77297953,1.50050035,4.50186484,0.00000000
1.50000000,STAND,-0.00006316,-0.00596355,0.00007882,-0.00797903,0.00002529,0.31165883,-0.01607736,0.00018371,0.01117130,0.01776239,0.00000000,26.71302084,26.62967824,31.90446970,31.85851523,0.01348779,-0.76991750,1.52696405,0.00000000,-0.77297953,1.50050035,4.50056689,0.00000000
1.51000000,STAND,-0.00006317,-0.00595313,0.00007882,-0.00797301,0.00002529,0.31165964,-0.01607167,0.00018372,0.01116735,0.01776147,-0.00000083,26.71847363,26.63513189,31.89835083,31.85238474,0.01348877,-0.76992668,1.52696483,0.00000000,-0.77297953,1.50050035,4.49931600,0.00000000
1.52000000,STAND,-0.00006318,-0.00594281,0.00007882,-0.00796697,0.00002530,0.31166043,-0.01606596,0.00018372,0.01116342,0.01776057,-0.00000173,26.72362940,26.64029052,31.89259445,31.84661897,0.01348996,-0.76993540,1.52696568,0.00000000,-0.77297953,1.50050035,4.49812566,0.00000000
1.53000000,STAND,-0.00006319,-0.00593271,0.00007881,-0.00796101,0.00002530,0.31166118,-0.01606031,0.00018373,0.01115957,0.01775970,-0.00000260,26.72843930,26.64510502,31.88725314,31.84127035,0.01349133,-0.76994356,1.52696658,0.00000000,-0.77297953,1.50050035,4.49700766,0.00000000
1.54000000,STAND,-0.00006319,-0.00592295,0.00007881,-0.00795520,0.00002531,0.31166189,-0.01605478,0.00018373,0.01115584,0.01775887,-0.00000343,26.73286226,26.64953401,31.88237054,31.83638239,0.01349285,-0.76995110,1.52696751,0.00000000,-0.77297953,1.50050035,4.49597210,0.00000000
1.55000000,STAND,-0.00006320,-0.00591363,0.00007880,-0.00794960,0.00002531,0.31166255,-0.01604944,0.00018374,0.01115227,0.01775809,-0.00000421,26.73686501,26.65354390,31.87798135,31.83198964,0.01349449,-0.76995796,1.52696846,0.00000000,-0.77297953,1.50050035,4.49502730,0.00000000
1.56000000,STAND,-0.00006320,-0.00590487,0.00007880,-0.00794427,0.00002531,0.31166315,-0.01604434,0.00018374,0.01114890,0.01775737,-0.00000493,26.74042199,26.65710886,31.87411151,31.82811787,0.01349623,-0.76996409,1.52696942,0.00000000,-0.77297953,1.50050035,4.49417984,0.00000000
1.57000000,STAND,-0.00006320,-0.00589672,0.00007879,-0.00793927,0.00002531,0.31166368,-0.01603955,0.00018374,0.01114576,0.01775671,-0.00000559,26.74351520,26.66021063,31.87077837,31.82478424,0.01349802,-0.76996946,1.52697036,0.00000000,-0.77297953,1.50050035,4.49343460,0.00000000
1.58000000,STAND,-0.00006320,-0.00588927,0.00007878,-0.00793464,0.00002531,0.31166416,-0.01603510,0.00018374,0.01114288,0.01775611,-0.00000619,26.74613396,26.66283827,31.86799106,31.82199772,0.01349986,-0.76997404,1.52697129,0.00000000,-0.77297953,1.50050035,4.49279478,0.00000000
1.59000000,STAND,-0.00006319,-0.00588256,0.00007878,-0.00793042,0.00002531,0.31166457,-0.01603104,0.00018374,0.01114028,0.01775559,-0.00000671,26.74827458,26.66498784,31.86575087,31.81975942,0.01350170,-0.76997783,1.52697218,0.00000000,-0.77297953,1.50050035,4.49226197,0.00000000
1.60000000,STAND,-0.00006319,-0.00587663,0.00007877,-0.00792663,0.00002531,0.31166491,-0.01602738,0.00018374,0.01113797,0.01775514,-0.00000717,26.74993990,26.66666200,31.86405179,31.81806316,0.01350352,-0.76998083,1.52697304,0.00000000,-0.77297953,1.50050035,4.49183623,0.00000000
1.61000000,STAND,-0.00006319,-0.00587152,0.00007876,-0.00792331,0.00002531,0.31166518,-0.01602415,0.00018374,0.01113596,0.01775476,-0.00000754,26.75113891,26.66786955,31.86288102,31.81689597,0.01350531,-0.76998305,1.52697384,0.00000000,-0.77297953,1.50050035,4.49151624,0.00000000
1.62000000,STAND,-0.00006318,-0.00586723,0.00007875,-0.00792046,0.00002531,0.31166539,-0.01602137,0.00018374,0.01113427,0.01775445,-0.00000785,26.75188615,26.66862488,31.86221961,31.81623876,0.01350704,-0.76998451,1.52697459,0.00000000,-0.77297953,1.50050035,4.49129931,0.00000000
1.63000000,STAND,-0.00006318,-0.00586377,0.00007875,-0.00791809,0.00002531,0.31166553,-0.01601904,0.00018374,0.01113290,0.01775422,-0.00000808,26.75220122,26.66894748,31.86204309,31.81606694,0.01350869,-0.76998525,1.52697527,0.00000000,-0.77297953,1.50050035,4.49118161,0.00000000
1.64000000,STAND,-0.00006318,-0.00586113,0.00007874,-0.00791620,0.00002531,0.31166561,-0.01601716,0.00018374,0.01113183,0.01775406,-0.00000824,26.75210814,26.66886128,31.86232220,31.81635108,0.01351024,-0.76998529,1.52697589,0.00000000,-0.77297953,1.50050035,4.49115823,0.00000000
1.65000000,STAND,-0.00006317,-0.00585930,0.00007873,-0.00791478,0.00002531,0.31166563,-0.01601574,0.00018374,0.01113108,0.01775397,-0.00000833,26.75163479,26.66839407,31.86302351,31.81705768,0.01351169,-0.76998469,1.52697643,0.00000000,-0.77297953,1.50050035,4.49122331,0.00000000
1.66000000,STAND,-0.00006317,-0.00585824,0.00007873,-0.00791383,0.00002531,0.31166560,-0.01601475,0.00018374,0.01113062,0.01775395,-0.00000835,26.75081225,26.66757690,31.86411022,31.81814982,0.01351301,-0.76998349,1.52697690,0.00000000,-0.77297953,1.50050035,4.49137022,0.00000000
1.67000000,STAND,-0.00006316,-0.00585791,0.00007872,-0.00791332,0.00002531,0.31166551,-0.01601419,0.00018374,0.01113044,0.01775399,-0.00000831,26.74967418,26.66644344,31.86554281,31.81958790,0.01351421,-0.76998175,1.52697729,0.00000000,-0.77297953,1.50050035,4.49159170,0.00000000
1.68000000,STAND,-0.00006316,-0.00585828,0.00007872,-0.00791323,0.00002531,0.31166538,-0.01601403,0.00018374,0.01113053,0.01775408,-0.00000822,26.74825625,26.66502933,31.86727976,31.82133033,0.01351527,-0.76997953,1.52697761,0.00000000,-0.77297953,1.50050035,4.49187993,0.00000000
1.69000000,STAND,-0.00006315,-0.00585930,0.00007871,-0.00791353,0.00002531,0.31166520,-0.01601425,0.00018373,0.01113086,0.01775423,-0.00000807,26.74659549,26.66337162,31.86927822,31.82333421,0.01351618,-0.76997689,1.52697785,0.00000000,-0.77297953,1.50050035,4.49222676,0.00000000
1.70000000,STAND,-0.00006315,-0.00586090,0.00007871,-0.00791421,0.00002530,0.31166499,-0.01601483,0.00018373,0.01113143,0.01775442,-0.00000788,26.74472973,26.66150819,31.87149469,31.82555597,0.01351695,-0.76997388,1.52697801,0.00000000,-0.77297953,1.50050035,4.49262376,0.00000000
1.71000000,STAND,-0.00006315,-0.00586303,0.00007871,-0.00791521,0.00002530,0.31166474,-0.01601572,0.00018373,0.01113220,0.01775466,-0.00000764,26.74269703,26.65947716,31.87388560,31.82795201,0.01351757,-0.76997058,1.52697811,0.00000000,-0.77297953,1.50050035,4.49306242,0.00000000
1.72000000,STAND,-0.00006314,-0.00586563,0.00007871,-0.00791651,0.00002530,0.31166447,-0.01601690,0.00018373,0.01113315,0.01775493,-0.00000737,26.74053519,26.65731637,31.87640792,31.83047928,0.01351805,-0.76996705,1.52697814,0.00000000,-0.77297953,1.50050035,4.49353420,0.00000000
1.73000000,STAND,-0.00006314,-0.00586863,0.00007871,-0.00791808,0.00002530,0.31166417,-0.01601834,0.00018373,0.01113426,0.01775523,-0.00000707,26.73828124,26.65506293,31.87901968,31.83309578,0.01351839,-0.76996335,1.52697810,0.00000000,-0.77297953,1.50050035,4.49403070,0.00000000
1.74000000,STAND,-0.00006314,-0.00587196,0.00007870,-0.00791987,0.00002530,0.31166386,-0.01601999,0.00018373,0.01113550,0.01775555,-0.00000675,26.73597102,26.65275275,31.88168047,31.83576109,0.01351859,-0.76995954,1.52697801,0.00000000,-0.77297953,1.50050035,4.49454373,0.00000000
1.75000000,STAND,-0.00006313,-0.00587557,0.00007870,-0.00792184,0.00002530,0.31166354,-0.01602183,0.00018373,0.01113685,0.01775590,-0.00000641,26.73363876,26.65042013,31.88435185,31.83843676,0.01351867,-0.76995567,1.52697786,0.00000000,-0.77297953,1.50050035,4.49506543,0.00000000
1.76000000,STAND,-0.00006313,-0.00587938,0.00007870,-0.00792396,0.00002530,0.31166321,-0.01602381,0.00018373,0.01113828,0.01775625,-0.00000605,26.73131676,26.64809744,31.88699778,31.84108672,0.01351862,-0.76995180,1.52697766,0.00000000,-0.77297953,1.50050035,4.49558831,0.00000000
1.77000000,STAND,-0.00006313,-0.00588332,0.00007871,-0.00792619,0.00002530,0.31166288,-0.01602590,0.00018372,0.01113977,0.01775661,-0.00000569,26.72903505,26.64581480,31.88958485,31.84367761,0.01351845,-0.76994799,1.52697743,0.00000000,-0.77297953,1.50050035,4.49610539,0.00000000
1.78000000,STAND,-0.00006313,-0.00588735,0.00007871,-0.00792850,0.00002529,0.31166256,-0.01602807,0.00018372,0.01114129,0.01775697,-0.00000533,26.72682120,26.64359984,31.89208267,31.84617898,0.01351818,-0.76994428,1.52697715,0.00000000,-0.77297953,1.50050035,4.49661019,0.00000000
1.79000000,STAND,-0.00006312,-0.00589140,0.00007871,-0.00793084,0.00002529,0.31166224,-0.01603028,0.00018372,0.01114283,0.01775733,-0.00000497,26.72470006,26.64147747,31.89446397,31.84856360,0.01351782,-0.76994071,1.52697684,0.00000000,-0.77297953,1.50050035,4.49709683,0.00000000
1.80000000,STAND,-0.00006312,-0.00589541,0.00007871,-0.00793318,0.00002529,0.31166193,-0.01603250,0.00018372,0.01114435,0.01775768,-0.00000462,26.72269364,26.63946976,31.89670481,31.85080752,0.01351738,-0.76993732,1.52697651,0.00000000,-0.77297953,1.50050035,4.49756005,0.00000000
1.81000000,STAND,-0.00006312,-0.00589934,0.00007871,-0.00793550,0.00002529,0.31166164,-0.01603470,0.00018372,0.01114585,0.01775802,-0.00000428,26.72082098,26.63759580,31.89878469,31.85289024,0.01351686,-0.76993414,1.52697616,0.00000000,-0.77297953,1.50050035,4.49799524,0.00000000
1.82000000,STAND,-0.00006312,-0.00590314,0.00007871,-0.00793776,0.00002529,0.31166136,-0.01603685,0.00018372,0.01114730,0.01775834,-0.00000396,26.71909812,26.63587169,31.90068656,31.85479472,0.01351628,-0.76993120,1.52697580,0.00000000,-0.77297953,1.50050035,4.49839848,0.00000000
1.83000000,STAND,-0.00006312,-0.00590676,0.00007872,-0.00793994,0.00002529,0.31166110,-0.01603892,0.00018372,0.01114869,0.01775865,-0.00000366,26.71753808,26.63431047,31.90239685,31.85650738,0.01351566,-0.76992853,1.52697543,0.00000000,-0.77297953,1.50050035,4.49876650,0.00000000
1.84000000,STAND,-0.00006312,-0.00591017,0.00007872,-0.00794201,0.00002529,0.31166087,-0.01604090,0.00018372,0.01115000,0.01775893,-0.00000337,26.71615086,26.63292218,31.90390540,31.85801808,0.01351500,-0.76992614,1.52697506,0.00000000,-0.77297953,1.50050035,4.49909673,0.00000000
1.85000000,STAND,-0.00006312,-0.00591334,0.00007872,-0.00794396,0.00002529,0.31166066,-0.01604277,0.00018372,0.01115123,0.01775919,-0.00000312,26.71494354,26.63171391,31.90520541,31.85931999,0.01351431,-0.76992405,1.52697469,0.00000000,-0.77297953,1.50050035,4.49938727,0.00000000
1.86000000,STAND,-0.00006312,-0.00591625,0.00007872,-0.00794576,0.00002529,0.31166047,-0.01604450,0.00018372,0.01115235,0.01775942,-0.00000288,26.71392034,26.63068990,31.90629325,31.86040951,0.01351361,-0.76992226,1.52697434,0.00000000,-0.77297953,1.50050035,4.49963686,0.00000000
1.87000000,STAND,-0.00006312,-0.00591886,0.00007873,-0.00794740,0.00002529,0.31166031,-0.01604609,0.00018372,0.01115336,0.01775962,-0.00000268,26.71308279,26.62985168,31.90716837,31.86128608,0.01351290,-0.76992078,1.52697399,0.00000000,-0.77297953,1.50050035,4.49984486,0.00000000
1.88000000,STAND,-0.00006311,-0.00592117,0.00007873,-0.00794888,0.00002529,0.31166018,-0.01604751,0.00018372,0.01115426,0.01775980,-0.00000250,26.71242985,26.62919822,31.90783307,31.86195198,0.01351220,-0.76991961,1.52697366,0.00000000,-0.77297953,1.50050035,4.50001123,0.00000000
1.89000000,STAND,-0.00006311,-0.00592317,0.00007873,-0.00795018,0.00002529,0.31166007,-0.01604877,0.00018372,0.01115504,0.01775995,-0.00000236,26.71195812,26.62872611,31.90829226,31.86241215,0.01351151,-0.76991874,1.52697335,0.00000000,-0.77297953,1.50050035,4.50013649,0.00000000
1.90000000,STAND,-0.00006311,-0.00592484,0.00007873,-0.00795129,0.00002529,0.31165999,-0.01604986,0.00018371,0.01115570,0.01776006,-0.00000224,26.71166201,26.62842976,31.90855327,31.86267390,0.01351085,-0.76991816,1.52697306,0.00000000,-0.77297953,1.50050035,4.50022167,0.00000000
1.91000000,STAND,-0.00006311,-0.00592620,0.00007873,-0.00795221,0.00002529,0.31165993,-0.01605077,0.00018371,0.01115624,0.01776015,-0.00000215,26.71153400,26.62830162,31.90862559,31.86274673,0.01351021,-0.76991787,1.52697279,0.00000000,-0.77297953,1.50050035,4.50026824,0.00000000
1.92000000,STAND,-0.00006311,-0.00592723,0.00007874,-0.00795295,0.00002529,0.31165990,-0.01605150,0.00018371,0.01115666,0.01776022,-0.00000209,26.71156481,26.62833240,31.90852057,31.86264198,0.01350961,-0.76991785,1.52697255,0.00000000,-0.77297953,1.50050035,4.50027811,0.00000000
1.93000000,STAND,-0.00006311,-0.00592795,0.00007874,-0.00795351,0.00002528,0.31165989,-0.01605206,0.00018371,0.01115695,0.01776025,-0.00000205,26.71174368,26.62851133,31.90825117,31.86237262,0.01350905,-0.76991808,1.52697234,0.00000000,-0.77297953,1.50050035,4.50025356,0.00000000
1.94000000,STAND,-0.00006311,-0.00592837,0.00007874,-0.00795389,0.00002528,0.31165990,-0.01605244,0.00018371,0.01115714,0.01776026,-0.00000204,26.71205860,26.62882636,31.90783169,31.86195296,0.01350854,-0.76991854,1.52697216,0.00000000,-0.77297953,1.50050035,4.50019713,0.00000000
1.95000000,STAND,-0.00006311,-0.00592851,0.00007874,-0.00795409,0.00002528,0.31165993,-0.01605267,0.00018371,0.01115721,0.01776025,-0.00000205,26.71249652,26.62926444,31.90727748,31.86139835,0.01350808,-0.76991921,1.52697201,0.00000000,-0.77297953,1.50050035,4.50011168,0.00000000
1.96000000,STAND,-0.00006311,-0.00592837,0.00007874,-0.00795413,0.00002528,0.31165998,-0.01605273,0.00018371,0.01115718,0.01776021,-0.00000209,26.71304363,26.62981174,31.90660467,31.86072493,0.01350767,-0.76992006,1.52697189,0.00000000,-0.77297953,1.50050035,4.50000021,0.00000000
1.97000000,STAND,-0.00006311,-0.00592798,0.00007874,-0.00795401,0.00002528,0.31166005,-0.01605265,0.00018371,0.01115705,0.01776015,-0.00000215,26.71368559,26.63045388,31.90582991,31.85994935,0.01350732,-0.76992109,1.52697179,0.00000000,-0.77297953,1.50050035,4.49986590,0.00000000
1.98000000,STAND,-0.00006311,-0.00592736,0.00007874,-0.00795375,0.00002528,0.31166013,-0.01605243,0.00018371,0.01115683,0.01776008,-0.00000222,26.71440772,26.63117618,31.90497011,31.85908855,0.01350702,-0.76992225,1.52697173,0.00000000,-0.77297953,1.50050035,4.49971203,0.00000000
1.99000000,STAND,-0.00006311,-0.00592654,0.00007874,-0.00795337,0.00002528,0.31166023,-0.01605209,0.00018371,0.01115653,0.01775999,-0.00000231,26.71519523,26.63196384,31.90404221,31.85815947,0.01350678,-0.76992353,1.52697169,0.00000000,-0.77297953,1.50050035,4.49954190,0.00000000
2.00000000,STAND,-0.00006311,-0.00592554,0.00007874,-0.00795286,0.00002528,0.31166033,-0.01605163,0.00018371,0.01115616,0.01775988,-0.00000242,26.71603346,26.63280217,31.90306295,31.85717885,0.01350660,-0.76992490,1.52697168,0.00000000,-0.77297953,1.50050035,4.49935884,0.00000000
2.01000000,SHIFT_WEIGHT,-0.00005499,-0.00536718,0.00007931,-0.00794711,0.00002492,0.31165587,-0.01604803,0.00018345,0.01116339,0.01786749,0.00010519,24.85727105,24.72939405,33.17720485,33.08949389,0.01344260,-0.77034805,1.52860365,0.00000009,-0.77606378,1.50639796,4.71651596,0.00000001
2.02000000,SHIFT_WEIGHT,-0.00004893,-0.00463687,0.00008027,-0.00791958,0.00002407,0.31163999,-0.01602661,0.00018271,0.01114407,0.01794587,0.00018357,25.89904030,25.78683675,32.47147855,32.39977532,0.01338215,-0.77069567,1.53015377,0.00000094,-0.77564305,1.50559518,4.66146787,0.00000001
2.03000000,SHIFT_WEIGHT,-0.00004467,-0.00409637,0.00008132,-0.00786900,0.00002300,0.31161955,-0.01598352,0.00018172,0.01110026,0.01793893,0.00017662,26.37002545,26.26954199,32.30873722,32.24893852,0.01334835,-0.77086988,1.53091902,0.00000332,-0.77532252,1.50498689,4.64269794,0.00000001
2.04000000,SHIFT_WEIGHT,-0.00004040,-0.00375358,0.00008223,-0.00779915,0.00002184,0.31160046,-0.01592137,0.00018064,0.01104333,0.01789740,0.00013510,26.63017606,26.54356280,32.29188847,32.24574608,0.01333293,-0.77101086,1.53120333,0.00000804,-0.77511117,1.50459181,4.62380668,0.00000000
2.05000000,SHIFT_WEIGHT,-0.00003541,-0.00355429,0.00008278,-0.00771508,0.00002072,0.31158705,-0.01584464,0.00017957,0.01097995,0.01785053,0.00008823,26.76995221,26.69993495,32.29357770,32.26325800,0.01333151,-0.77117158,1.53123726,0.00001586,-0.77497887,1.50435381,4.60141265,0.00000000
2.06000000,SHIFT_WEIGHT,-0.00002947,-0.00343571,0.00008272,-0.00762165,0.00001977,0.31158181,-0.01575800,0.00017863,0.01091404,0.01781018,0.00004787,26.84799999,26.79740280,32.25200868,32.23971699,0.01334116,-0.77135162,1.53115714,0.00002752,-0.77488891,1.50420409,4.57461898,0.00000000
2.07000000,SHIFT_WEIGHT,-0.00002246,-0.00334941,0.00008190,-0.00752286,0.00001915,0.31158550,-0.01566542,0.00017799,0.01084783,0.01777888,0.00001658,26.89931593,26.87086337,32.15120119,32.15905426,0.01335978,-0.77153253,1.53103228,0.00004375,-0.77481195,1.50408795,4.54393445,0.00000000
2.08000000,SHIFT_WEIGHT,-0.00001440,-0.00326703,0.00008021,-0.00742181,0.00001905,0.31159753,-0.01557003,0.00017781,0.01078264,0.01775528,-0.00000702,26.94100128,26.93718217,32.00135309,32.03129268,0.01338611,-0.77169637,1.53089149,0.00006525,-0.77472995,1.50397229,4.51276650,0.00000000
2.09000000,SHIFT_WEIGHT,-0.00000534,-0.00317702,0.00007761,-0.00732086,0.00001967,0.31161637,-0.01547423,0.00017828,0.01071939,0.01773704,-0.00002526,26.97954741,27.00250850,31.82268417,31.87640481,0.01341956,-0.77183221,1.53074330,0.00009273,-0.77463467,1.50384264,4.48155326,0.00000000
2.10000000,SHIFT_WEIGHT,0.00000464,-0.00307839,0.00007411,-0.00722188,0.00002125,0.31164007,-0.01537990,0.00017961,0.01065896,0.01772213,-0.00004017,27.01669382,27.06815314,31.63531310,31.71419764,0.01346005,-0.77193598,1.53058875,0.00012683,-0.77452418,1.50369660,4.45101745,0.00000000
2.11000000,SHIFT_WEIGHT,0.00001540,-0.00297495,0.00006980,-0.00712649,0.00002402,0.31166656,-0.01528863,0.00018204,0.01060227,0.01770916,-0.00005314,27.05287074,27.13404870,31.45462667,31.55969045,0.01350789,-0.77200804,1.53042791,0.00016823,-0.77439959,1.50353750,4.42230836,0.00000000
2.12000000,SHIFT_WEIGHT,0.00002678,-0.00287153,0.00006477,-0.00703614,0.00002827,0.31169389,-0.01520187,0.00018581,0.01055036,0.01769729,-0.00006502,27.08856982,27.20013968,31.29034513,31.42219227,0.01356359,-0.77205048,1.53026220,0.00021754,-0.77426275,1.50337013,4.39624798,0.00000000
2.13000000,SHIFT_WEIGHT,0.00003860,-0.00277210,0.00005916,-0.00695223,0.00003424,0.31172041,-0.01512095,0.00019118,0.01050426,0.01768601,-0.00007630,27.12445626,27.26651603,31.14745741,31.30625198,0.01362778,-0.77206538,1.53009432,0.00027538,-0.77411516,1.50319852,4.37335712,0.00000000
2.14000000,SHIFT_WEIGHT,0.00005067,-0.00267927,0.00005316,-0.00687606,0.00004223,0.31174485,-0.01504713,0.00019840,0.01046502,0.01767505,-0.00008726,27.16098391,27.33305021,31.02771488,31.21316848,0.01370115,-0.77205398,1.52992743,0.00034235,-0.77395759,1.50302528,4.35391071,0.00000000
2.15000000,SHIFT_WEIGHT,0.00006278,-0.00259452,0.00004693,-0.00680883,0.00005252,0.31176630,-0.01498157,0.00020774,0.01043360,0.01766425,-0.00009805,27.19801109,27.39903419,30.93097093,31.14234636,0.01378436,-0.77201654,1.52976425,0.00041903,-0.77379019,1.50285178,4.33799657,0.00000000
2.16000000,SHIFT_WEIGHT,0.00007473,-0.00251862,0.00004066,-0.00675162,0.00006538,0.31178426,-0.01492533,0.00021946,0.01041086,0.01765360,-0.00010871,27.23464000,27.46303758,30.85611369,31.09224323,0.01387802,-0.77195257,1.52960647,0.00050597,-0.77361270,1.50267862,4.32556583,0.00000000
2.17000000,SHIFT_WEIGHT,0.00008632,-0.00245204,0.00003455,-0.00670536,0.00008110,0.31179857,-0.01487931,0.00023382,0.01039756,0.01764314,-0.00011917,27.26930497,27.52301139,30.80160454,31.06092038,0.01398263,-0.77186125,1.52945468,0.00060372,-0.77342471,1.50250603,4.31647270,0.00000000
2.18000000,SHIFT_WEIGHT,0.00009736,-0.00239515,0.00002877,-0.00667082,0.00009994,0.31180931,-0.01484426,0.00025108,0.01039431,0.01763305,-0.00012925,27.30003296,27.57656024,30.76574031,31.04631463,0.01409861,-0.77174166,1.52930841,0.00071281,-0.77322576,1.50233413,4.31050492,0.00000000
2.19000000,SHIFT_WEIGHT,0.00010770,-0.00234832,0.00002349,-0.00664858,0.00012216,0.31181681,-0.01482076,0.00027148,0.01040159,0.01762359,-0.00013872,27.32477181,27.62127853,30.74676416,31.04635609,0.01422625,-0.77159305,1.52916644,0.00083373,-0.77301538,1.50216302,4.30740729,0.00000000
2.20000000,SHIFT_WEIGHT,0.00011718,-0.00231187,0.00001887,-0.00663905,0.00014801,0.31182150,-0.01480923,0.00029526,0.01041976,0.01761505,-0.00014725,27.34169813,27.65506263,30.74291415,31.05902097,0.01436575,-0.77141498,1.52902710,0.00096699,-0.77279312,1.50199275,4.30690015,0.00000000
2.21000000,SHIFT_WEIGHT,0.00012569,-0.00228602,0.00001505,-0.00664246,0.00017773,0.31182390,-0.01480990,0.00032264,0.01044904,0.01760776,-0.00015454,27.34944989,27.67634429,30.75245621,31.08236656,0.01451721,-0.77120728,1.52888850,0.00111305,-0.77255847,1.50182325,4.30869374,0.00000000
2.22000000,SHIFT_WEIGHT,0.00013314,-0.00227081,0.00001213,-0.00665885,0.00021155,0.31182454,-0.01482284,0.00035384,0.01048956,0.01760201,-0.00016029,27.34726141,27.68422353,30.77371705,31.11456382,0.01468071,-0.77097011,1.52874876,0.00127237,-0.77231084,1.50165426,4.31249914,0.00000000
2.23000000,SHIFT_WEIGHT,0.00013946,-0.00226605,0.00001021,-0.00668813,0.00024965,0.31182392,-0.01484798,0.00038904,0.01054131,0.01759804,-0.00016426,27.33500320,27.67850389,30.80511528,31.15392650,0.01485626,-0.77070387,1.52860614,0.00144539,-0.77204951,1.50148525,4.31803568,0.00000000
2.24000000,SHIFT_WEIGHT,0.00014459,-0.00227132,0.00000935,-0.00673002,0.00029224,0.31182247,-0.01488508,0.00042843,0.01060417,0.01759601,-0.00016630,27.31314372,27.65964741,30.84518474,31.19893063,0.01504388,-0.77040918,1.52845902,0.00163254,-0.77177364,1.50131543,4.32503550,0.00000000
2.25000000,SHIFT_WEIGHT,0.00014852,-0.00228596,0.00000960,-0.00678414,0.00033949,0.31182056,-0.01493380,0.00047218,0.01067795,0.01759597,-0.00016633,27.28265596,27.62867303,30.89258501,31.24822008,0.01524364,-0.77008682,1.52830602,0.00183423,-0.77148230,1.50114375,4.33324555,0.00000000
2.26000000,SHIFT_WEIGHT,0.00015125,-0.00230914,0.00001100,-0.00684998,0.00039156,0.31181848,-0.01499367,0.00052044,0.01076236,0.01759791,-0.00016439,27.24489233,27.58702210,30.94609869,31.30059777,0.01545563,-0.76973766,1.52814589,0.00205084,-0.77117441,1.50096894,4.34242766,0.00000000
2.27000000,SHIFT_WEIGHT,0.00015277,-0.00233984,0.00001354,-0.00692695,0.00044859,0.31181644,-0.01506414,0.00057334,0.01085708,0.01760173,-0.00016058,27.20144806,27.53641204,31.00461814,31.35500582,0.01567998,-0.76936263,1.52797754,0.00228274,-0.77084886,1.50078954,4.35235753,0.00000000
2.28000000,SHIFT_WEIGHT,0.00015313,-0.00237698,0.00001724,-0.00701437,0.00051071,0.31181457,-0.01514459,0.00063103,0.01096170,0.01760724,-0.00015506,27.15402911,27.47869421,31.06712668,31.41049965,0.01591692,-0.76896267,1.52779996,0.00253030,-0.77050446,1.50060398,4.36282322,0.00000000
2.29000000,SHIFT_WEIGHT,0.00015235,-0.00241940,0.00002208,-0.00711153,0.00057805,0.31181297,-0.01523435,0.00069360,0.01107582,0.01761423,-0.00014807,27.10433562,27.41572795,31.13267911,31.46622170,0.01616673,-0.76853866,1.52761219,0.00279386,-0.77014004,1.50041065,4.37362375,0.00000000
2.30000000,SHIFT_WEIGHT,0.00015048,-0.00246594,0.00002804,-0.00721768,0.00065071,0.31181170,-0.01533272,0.00076116,0.01119898,0.01762245,-0.00013985,27.05396785,27.34927758,31.20038596,31.52137887,0.01642974,-0.76809144,1.52741331,0.00307373,-0.76975440,1.50020788,4.38456824,0.00000000
2.31000000,SHIFT_WEIGHT,0.00014756,-0.00251548,0.00003509,-0.00733208,0.00072879,0.31181079,-0.01543899,0.00083382,0.01133077,0.01763163,-0.00013067,27.00435743,27.28093586,31.26940385,31.57522685,0.01670635,-0.76762173,1.52720236,0.00337023,-0.76934641,1.49999407,4.39547575,0.00000001
2.32000000,SHIFT_WEIGHT,0.00014365,-0.00256694,0.00004319,-0.00745399,0.00081239,0.31181027,-0.01555245,0.00091166,0.01147073,0.01764151,-0.00012079,26.95672404,27.21207399,31.33893305,31.62706231,0.01699701,-0.76713013,1.52697839,0.00368365,-0.76891498,1.49976769,4.40617590,0.00000001
2.33000000,SHIFT_WEIGHT,0.00013878,-0.00261935,0.00005233,-0.00758269,0.00090160,0.31181017,-0.01567243,0.00099475,0.01161848,0.01765184,-0.00011046,26.91205519,27.14381605,31.40822183,31.67622271,0.01730218,-0.76661713,1.52674041,0.00401427,-0.76845907,1.49952727,4.41651018,0.00000001
2.34000000,SHIFT_WEIGHT,0.00013301,-0.00267181,0.00006247,-0.00771752,0.00099649,0.31181053,-0.01579829,0.00108319,0.01177363,0.01766240,-0.00009990,26.87110529,27.07703417,31.47657615,31.72209247,0.01762239,-0.76608304,1.52648742,0.00436234,-0.76797774,1.49927151,4.42633380,0.00000001
2.35000000,SHIFT_WEIGHT,0.00012637,-0.00272356,0.00007359,-0.00785788,0.00109713,0.31181138,-0.01592945,0.00117704,0.01193584,0.01767301,-0.00008929,26.83440956,27.01235972,31.54337279,31.76411349,0.01795812,-0.76552804,1.52621842,0.00472811,-0.76747013,1.49899920,4.43551776,0.00000001
2.36000000,SHIFT_WEIGHT,0.00011889,-0.00277395,0.00008566,-0.00800322,0.00120361,0.31181280,-0.01606536,0.00127638,0.01210483,0.01768351,-0.00007879,26.80230789,26.95020583,31.60807382,31.80179801,0.01830991,-0.76495219,1.52593240,0.00511181,-0.76693547,1.49870928,4.44395092,0.00000001
2.37000000,SHIFT_WEIGHT,0.00011060,-0.00282243,0.00009866,-0.00815305,0.00131599,0.31181483,-0.01620558,0.00138126,0.01228034,0.01769379,-0.00006852,26.77497417,26.89079648,31.67024044,31.83474162,0.01867825,-0.76435538,1.52562839,0.00551365,-0.76637306,1.49840085,4.45154194,0.00000001
2.38000000,SHIFT_WEIGHT,0.00010152,-0.00286858,0.00011258,-0.00830700,0.00143435,0.31181755,-0.01634971,0.00149175,0.01246218,0.01770375,-0.00005855,26.75244722,26.83419821,31.72954447,31.86263479,0.01906363,-0.76373742,1.52530548,0.00593384,-0.76578232,1.49807314,4.45822073,0.00000001
2.39000000,SHIFT_WEIGHT,0.00009165,-0.00291209,0.00012742,-0.00846472,0.00155874,0.31182102,-0.01649742,0.00160793,0.01265022,0.01771334,-0.00004896,26.73466035,26.78035115,31.78577633,31.88527151,0.01946653,-0.76309797,1.52496283,0.00637254,-0.76516274,1.49772549,4.46393937,0.00000001
2.40000000,SHIFT_WEIGHT,0.00008100,-0.00295277,0.00014316,-0.00862600,0.00168924,0.31182530,-0.01664849,0.00172984,0.01284435,0.01772253,-0.00003977,26.72146735,26.72909726,31.83884888,31.90255429,0.01988739,-0.76243662,1.52459969,0.00682995,-0.76451389,1.49735740,4.47021093,0.00000001
2.41000000,SHIFT_WEIGHT,0.00006956,-0.00299048,0.00015983,-0.00879066,0.00182591,0.31183045,-0.01680273,0.00185754,0.01304455,0.01773132,-0.00003098,26.71266386,26.68020432,31.88879658,31.91449498,0.02032661,-0.76175285,1.52421540,0.00730620,-0.76383541,1.49696847,4.48014171,0.00000001
2.42000000,SHIFT_WEIGHT,0.00005733,-0.00302522,0.00017741,-0.00895863,0.00196881,0.31183649,-0.01696007,0.00199111,0.01325081,0.01773972,-0.00002258,26.70800361,26.63338512,31.93577050,31.92121157,0.02078457,-0.76104611,1.52380941,0.00780144,-0.76312702,1.49655841,4.48948425,0.00000001
2.43000000,SHIFT_WEIGHT,0.00004429,-0.00305705,0.00019593,-0.00912990,0.00211800,0.31184345,-0.01712048,0.00213059,0.01346320,0.01774774,-0.00001456,26.70720993,26.58831208,31.98002923,31.92292126,0.02126162,-0.76031576,1.52338129,0.00831580,-0.76238852,1.49612705,4.49828323,0.00000001
2.44000000,SHIFT_WEIGHT,0.00003042,-0.00308609,0.00021539,-0.00930453,0.00227353,0.31185134,-0.01728399,0.00227604,0.01368181,0.01775543,-0.00000687,26.70998322,26.54462774,32.02192675,31.91993032,0.02175805,-0.75956111,1.52293073,0.00884939,-0.76161976,1.49567428,4.50660177,0.00000001
2.45000000,SHIFT_WEIGHT,0.00001570,-0.00311254,0.00023581,-0.00948264,0.00243548,0.31186013,-0.01745073,0.00242752,0.01390677,0.01776283,0.00000053,26.71600523,26.50195212,32.06189780,31.91262166,0.02227414,-0.75878148,1.52245750,0.00940231,-0.76082062,1.49520008,4.51451879,0.00000001
2.46000000,SHIFT_WEIGHT,0.00000010,-0.00313666,0.00025722,-0.00966442,0.00260389,0.31186981,-0.01762084,0.00258506,0.01413825,0.01777000,0.00000770,26.72494141,26.45988787,32.10044180,31.90144066,0.02281010,-0.75797613,1.52196148,0.00997464,-0.75999108,1.49470452,4.52212608,0.00000001
2.47000000,SHIFT_WEIGHT,-0.00001640,-0.00315875,0.00027962,-0.00985010,0.00277880,0.31188032,-0.01779455,0.00274873,0.01437644,0.01777698,0.00001468,26.73644227,26.41802414,32.13810608,31.88688029,0.02336613,-0.75714432,1.52144263,0.01056646,-0.75913113,1.49418770,4.52952541,0.00000001
2.48000000,SHIFT_WEIGHT,-0.00003383,-0.00317915,0.00030304,-0.01003995,0.00296028,0.31189162,-0.01797209,0.00291856,0.01462157,0.01778384,0.00002154,26.75014459,26.37594005,32.17546921,31.86946600,0.02394237,-0.75628534,1.52090099,0.01117783,-0.75824081,1.49364981,4.53682555,0.00000001
2.49000000,SHIFT_WEIGHT,-0.00005223,-0.00319825,0.00032750,-0.01023428,0.00314835,0.31190363,-0.01815375,0.00309460,0.01487386,0.01779065,0.00002834,26.76567313,26.33320832,32.21312500,31.84974123,0.02453893,-0.75539846,1.52033665,0.01180880,-0.75732019,1.49309103,4.54413936,0.00000001
2.50000000,SHIFT_WEIGHT,-0.00007160,-0.00321644,0.00035300,-0.01043343,0.00334307,0.31191629,-0.01833986,0.00327688,0.01513357,0.01779745,0.00003515,26.78264337,26.28939948,32.25166780,31.82825375,0.02515588,-0.75448299,1.51974977,0.01245941,-0.75636939,1.49251162,4.55158117,0.00000001
2.51000000,SHIFT_WEIGHT,-0.00009199,-0.00323414,0.00037957,-0.01063776,0.00354446,0.31192952,-0.01853074,0.00346543,0.01540095,0.01780434,0.00004203,26.80066527,26.24408684,32.29167924,31.80554343,0.02579325,-0.75353826,1.51914051,0.01312967,-0.75538853,1.49191185,4.55926429,0.00000001
2.52000000,SHIFT_WEIGHT,-0.00011341,-0.00325178,0.00040721,-0.01084763,0.00375256,0.31194325,-0.01872674,0.00366030,0.01567625,0.01781136,0.00004905,26.81934821,26.19685214,32.33371686,31.78213144,0.02645105,-0.75256367,1.51850909,0.01381959,-0.75437777,1.49129198,4.56729882,0.00000001
2.53000000,SHIFT_WEIGHT,-0.00013588,-0.00326978,0.00043595,-0.01106343,0.00396739,0.31195740,-0.01892821,0.00386149,0.01595974,0.01781859,0.00005628,26.83830671,26.14729175,32.37830452,31.75851110,0.02712923,-0.75155862,1.51785572,0.01452919,-0.75333726,1.49065231,4.57578978,0.00000001
2.54000000,SHIFT_WEIGHT,-0.00015942,-0.00328858,0.00046578,-0.01128551,0.00418898,0.31197189,-0.01913549,0.00406902,0.01625166,0.01782609,0.00006378,26.85716684,26.09502318,32.42592470,31.73514041,0.02782772,-0.75052262,1.51718061,0.01525843,-0.75226718,1.48999311,4.58483547,0.00000001
2.55000000,SHIFT_WEIGHT,-0.00018405,-0.00330857,0.00049671,-0.01151424,0.00441733,0.31198665,-0.01934895,0.00428292,0.01655224,0.01783392,0.00007162,26.87557274,26.03969136,32.47701258,31.71243600,0.02854642,-0.74945519,1.51648398,0.01600731,-0.75116772,1.48931466,4.59452620,0.00000001
2.56000000,SHIFT_WEIGHT,-0.00020977,-0.00333014,0.00052875,-0.01174997,0.00465246,0.31200162,-0.01956889,0.00450320,0.01686171,0.01784216,0.00007986,26.89319304,25.98097463,32.53195171,31.69076876,0.02928521,-0.74835595,1.51576604,0.01677579,-0.75003907,1.48861720,4.60494323,0.00000001
2.57000000,SHIFT_WEIGHT,-0.00023661,-0.00335366,0.00056190,-0.01199301,0.00489437,0.31201674,-0.01979564,0.00472985,0.01718027,0.01785085,0.00008854,26.90972674,25.91858990,32.59107128,31.67046062,0.03004392,-0.74722457,1.51502697,0.01756381,-0.74888139,1.48790097,4.61615807,0.00000001
2.58000000,SHIFT_WEIGHT,-0.00026456,-0.00337945,0.00059616,-0.01224368,0.00514307,0.31203195,-0.02002948,0.00496288,0.01750809,0.01786004,0.00009774,26.92490818,25.85229686,32.65464460,31.65178267,0.03082238,-0.74606081,1.51426695,0.01837133,-0.74769488,1.48716616,4.62823190,0.00000001
2.59000000,SHIFT_WEIGHT,-0.00029364,-0.00340781,0.00063154,-0.01250224,0.00539855,0.31204720,-0.02027066,0.00520228,0.01784533,0.01786979,0.00010749,26.93851108,25.78190096,32.72288882,31.63495426,0.03162039,-0.74486447,1.51348610,0.01919827,-0.74647971,1.48641293,4.64121534,0.00000001
2.60000000,SHIFT_WEIGHT,-0.00032385,-0.00343899,0.00066802,-0.01276892,0.00566080,0.31206246,-0.02051942,0.00544804,0.01819214,0.01788014,0.00011784,26.95035131,25.70725511,32.79596562,31.62014310,0.03243774,-0.74363546,1.51268456,0.02004455,-0.74523604,1.48564142,4.65514839,0.00000002
2.61000000,SHIFT_WEIGHT,-0.00035518,-0.00347321,0.00070561,-0.01304392,0.00592981,0.31207769,-0.02077594,0.00570016,0.01854860,0.01789111,0.00012881,26.96028838,25.62826019,32.87398278,31.60746621,0.03327421,-0.74237373,1.51186240,0.02091008,-0.74396404,1.48485171,4.67006050,0.00000002
2.62000000,SHIFT_WEIGHT,-0.00038765,-0.00351065,0.00074430,-0.01332742,0.00620555,0.31209285,-0.02104040,0.00595861,0.01891479,0.01790274,0.00014043,26.96822578,25.54486416,32.95699646,31.59699153,0.03412955,-0.74107930,1.51101967,0.02179477,-0.74266384,1.48404385,4.68597088,0.00000002
2.63000000,SHIFT_WEIGHT,-0.00042124,-0.00355142,0.00078410,-0.01361953,0.00648801,0.31210793,-0.02131291,0.00622337,0.01929078,0.01791504,0.00015273,26.97411002,25.45706019,33.04501417,31.58874032,0.03500353,-0.73975228,1.51015641,0.02269849,-0.74133559,1.48321785,4.70288894,0.00000002
2.64000000,SHIFT_WEIGHT,-0.00045597,-0.00359564,0.00082500,-0.01392034,0.00677716,0.31212291,-0.02159357,0.00649442,0.01967658,0.01792802,0.00016572,26.97792876,25.36488375,33.13799819,31.58269000,0.03589589,-0.73839283,1.50927259,0.02362113,-0.73997941,1.48237367,4.72081484,0.00000002
2.65000000,SHIFT_WEIGHT,-0.00049183,-0.00364333,0.00086701,-0.01422991,0.00707297,0.31213778,-0.02188242,0.00677173,0.02007218,0.01794170,0.00017940,26.97970800,25.26840895,33.23586950,31.57877762,0.03680638,-0.73700114,1.50836820,0.02456255,-0.73859542,1.48151125,4.73974017,0.00000002
2.66000000,SHIFT_WEIGHT,-0.00052882,-0.00369453,0.00091011,-0.01454824,0.00737541,0.31215252,-0.02217948,0.00705526,0.02047755,0.01795606,0.00019376,26.97950849,25.16774424,33.33851207,31.57690368,0.03773476,-0.73557750,1.50744314,0.02552262,-0.73718374,1.48063049,4.75964872,0.00000002
2.67000000,SHIFT_WEIGHT,-0.00056693,-0.00374919,0.00095432,-0.01487532,0.00768443,0.31216714,-0.02248473,0.00734498,0.02089265,0.01797111,0.00020881,26.97742174,25.06302781,33.44577735,31.57693638,0.03868075,-0.73412220,1.50649734,0.02650116,-0.73574448,1.47973125,4.78051730,0.00000002
2.68000000,SHIFT_WEIGHT,-0.00060617,-0.00380727,0.00099964,-0.01521108,0.00800000,0.31218164,-0.02279813,0.00764085,0.02131740,0.01798682,0.00022452,26.97356559,24.95442268,33.55748907,31.57871613,0.03964413,-0.73263559,1.50553067,0.02749803,-0.73427772,1.47881337,4.80231669,0.00000002
2.69000000,SHIFT_WEIGHT,-0.00064654,-0.00386868,0.00104607,-0.01555545,0.00832208,0.31219602,-0.02311961,0.00794283,0.02175169,0.01800318,0.00024088,26.96807957,24.84211179,33.67344807,31.58206025,0.04062463,-0.73111807,1.50454298,0.02851305,-0.73278357,1.47787665,4.82501250,0.00000002
2.70000000,SHIFT_WEIGHT,-0.00068803,-0.00393332,0.00109361,-0.01590831,0.00865061,0.31221029,-0.02344905,0.00825087,0.02219542,0.01802017,0.00025786,26.96112028,24.72629315,33.79343722,31.58676784,0.04162200,-0.72957005,1.50353411,0.02954603,-0.73126214,1.47692090,4.84856623,0.00000002
2.71000000,SHIFT_WEIGHT,-0.00073065,-0.00400104,0.00114227,-0.01626952,0.00898555,0.31222447,-0.02378633,0.00856493,0.02264845,0.01803775,0.00027545,26.95285673,24.60717518,33.91722628,31.59262465,0.04263602,-0.72799196,1.50250387,0.03059678,-0.72971351,1.47594589,4.87293612,0.00000002
2.72000000,SHIFT_WEIGHT,-0.00077439,-0.00407170,0.00119206,-0.01663893,0.00932684,0.31223858,-0.02413130,0.00888496,0.02311063,0.01805591,0.00029360,26.94346597,24.48497234,34.04457664,31.59940795,0.04366644,-0.72638427,1.50145208,0.03166511,-0.72813781,1.47495139,4.89807820,0.00000002
2.73000000,SHIFT_WEIGHT,-0.00081926,-0.00414514,0.00124297,-0.01701636,0.00967444,0.31225262,-0.02448379,0.00921090,0.02358180,0.01807460,0.00031230,26.93312882,24.35990109,34.17524589,31.60689114,0.04471302,-0.72474743,1.50037852,0.03275079,-0.72653512,1.47393716,4.92394711,0.00000002
2.74000000,SHIFT_WEIGHT,-0.00086526,-0.00422120,0.00129503,-0.01740161,0.01002827,0.31226662,-0.02484364,0.00954269,0.02406180,0.01809380,0.00033150,26.92202600,24.23217618,34.30899210,31.61484830,0.04577553,-0.72308192,1.49928298,0.03385361,-0.72490558,1.47290295,4.95049706,0.00000002
2.75000000,SHIFT_WEIGHT,-0.00091239,-0.00429968,0.00134823,-0.01779449,0.01038829,0.31228059,-0.02521064,0.00988029,0.02455045,0.01811347,0.00035117,26.91033463,24.10200744,34.44557778,31.62305832,0.04685374,-0.72138823,1.49816526,0.03497334,-0.72324932,1.47184852,4.97768258,0.00000002
2.76000000,SHIFT_WEIGHT,-0.00096065,-0.00438042,0.00140258,-0.01819479,0.01075443,0.31229457,-0.02558459,0.01022362,0.02504756,0.01813358,0.00037128,26.89822495,23.96959691,34.58477353,31.63130872,0.04794742,-0.71966682,1.49702513,0.03610974,-0.72156646,1.47077365,5.00545929,0.00000002
2.77000000,SHIFT_WEIGHT,-0.00101004,-0.00446324,0.00145809,-0.01860229,0.01112662,0.31230855,-0.02596530,0.01057264,0.02555296,0.01815410,0.00039180,26.88585766,23.83513639,34.72636117,31.63939904,0.04905633,-0.71791819,1.49586241,0.03726257,-0.71985718,1.46967811,5.03378457,0.00000002
2.78000000,SHIFT_WEIGHT,-0.00106056,-0.00454797,0.00151476,-0.01901678,0.01150480,0.31232258,-0.02635256,0.01092726,0.02606645,0.01817499,0.00041269,26.87338146,23.69880542,34.87013647,31.64714373,0.05018026,-0.71614279,1.49467688,0.03843157,-0.71812162,1.46856167,5.06261815,0.00000002
2.79000000,SHIFT_WEIGHT,-0.00111222,-0.00463444,0.00157259,-0.01943804,0.01188889,0.31233666,-0.02674616,0.01128744,0.02658785,0.01819623,0.00043393,26.86093118,23.56076968,35.01591145,31.65437467,0.05131896,-0.71434108,1.49346837,0.03961648,-0.71635999,1.46742416,5.09192255,0.00000002
2.80000000,SHIFT_WEIGHT,-0.00116501,-0.00472250,0.00163159,-0.01986585,0.01227883,0.31235080,-0.02714590,0.01165309,0.02711697,0.01821778,0.00045548,26.84862616,23.42117970,35.16351614,31.66094299,0.05247219,-0.71251353,1.49223671,0.04081703,-0.71457248,1.46626540,5.12166356,0.00000002
2.81000000,SHIFT_WEIGHT,-0.00121894,-0.00481201,0.00169176,-0.02030002,0.01267453,0.31236503,-0.02755159,0.01202414,0.02765362,0.01823962,0.00047731,26.83656918,23.28017005,35.31279987,31.66672054,0.05363973,-0.71066056,1.49098174,0.04203294,-0.71275931,1.46508522,5.15181048,0.00000002
2.82000000,SHIFT_WEIGHT,-0.00127400,-0.00490284,0.00175310,-0.02074035,0.01307592,0.31237936,-0.02796302,0.01240052,0.02819763,0.01826172,0.00049941,26.82484566,23.13785876,35.46363212,31.67160079,0.05482132,-0.70878260,1.48970334,0.04326394,-0.71092073,1.46388350,5.18233637,0.00000002
2.83000000,SHIFT_WEIGHT,-0.00133020,-0.00499487,0.00181560,-0.02118663,0.01348292,0.31239379,-0.02838002,0.01278216,0.02874882,0.01828406,0.00052175,26.81352335,22.99434716,35.61590291,31.67549922,0.05601672,-0.70688007,1.48840140,0.04450972,-0.70905698,1.46266012,5.21321817,0.00000003
2.84000000,SHIFT_WEIGHT,-0.00138754,-0.00508800,0.00187926,-0.02163870,0.01389544,0.31240834,-0.02880241,0.01316897,0.02930703,0.01830662,0.00054432,26.80265227,22.84972000,35.76952274,31.67835329,0.05722567,-0.70495337,1.48707584,0.04577001,-0.70716836,1.46141502,5.24443672,0.00000003
2.85000000,SHIFT_WEIGHT,-0.00144600,-0.00518215,0.00194408,-0.02209637,0.01431341,0.31242300,-0.02923003,0.01356088,0.02987208,0.01832938,0.00056708,26.79226508,22.70404583,35.92442216,31.68012197,0.05844790,-0.70300289,1.48572659,0.04704448,-0.70525516,1.46014812,5.27597677,0.00000003
2.86000000,SHIFT_WEIGHT,-0.00150560,-0.00527725,0.00201003,-0.02255949,0.01473673,0.31243778,-0.02966272,0.01395779,0.03044381,0.01835234,0.00059003,26.78237767,22.55737769,36.08055103,31.68078488,0.05968314,-0.70102902,1.48435362,0.04833283,-0.70331769,1.45885941,5.30782682,0.00000003
2.87000000,SHIFT_WEIGHT,-0.00156633,-0.00537325,0.00207712,-0.02302792,0.01516530,0.31245267,-0.03010035,0.01435963,0.03102209,0.01837546,0.00061316,26.77299007,22.40975398,36.23787737,31.68034110,0.06093112,-0.69903213,1.48295692,0.04963475,-0.70135630,1.45754888,5.33997898,0.00000003
2.88000000,SHIFT_WEIGHT,-0.00162819,-0.00547013,0.00214533,-0.02350151,0.01559905,0.31246768,-0.03054277,0.01476630,0.03160675,0.01839876,0.00063646,26.76408761,22.26119957,36.39638607,31.67880771,0.06219153,-0.69701257,1.48153651,0.05094992,-0.69937135,1.45621657,5.37242873,0.00000003
2.89000000,SHIFT_WEIGHT,-0.00169117,-0.00556784,0.00221465,-0.02398014,0.01603787,0.31248278,-0.03098986,0.01517773,0.03219766,0.01842221,0.00065991,26.75564223,22.11172702,36.55607725,31.67621808,0.06346409,-0.69497073,1.48009243,0.05227801,-0.69736320,1.45486251,5.40517464,0.00000003
2.90000000,SHIFT_WEIGHT,-0.00175527,-0.00566640,0.00228505,-0.02446369,0.01648167,0.31249798,-0.03144152,0.01559380,0.03279468,0.01844582,0.00068352,26.74761397,21.96133802,36.71696457,31.67261998,0.06474848,-0.69290694,1.47862476,0.05361870,-0.69533227,1.45348679,5.43821807,0.00000003
2.91000000,SHIFT_WEIGHT,-0.00182048,-0.00576581,0.00235653,-0.02495206,0.01693035,0.31251326,-0.03189764,0.01601444,0.03339768,0.01846958,0.00070728,26.73995263,21.81002486,36.87907331,31.66807356,0.06604439,-0.69082158,1.47713358,0.05497163,-0.69327895,1.45208951,5.47156279,0.00000003
2.92000000,SHIFT_WEIGHT,-0.00188681,-0.00586608,0.00242906,-0.02544516,0.01738380,0.31252860,-0.03235813,0.01643954,0.03400655,0.01849349,0.00073118,26.73259941,21.65777200,37.04243842,31.66264925,0.06735148,-0.68871500,1.47561902,0.05633649,-0.69120368,1.45067081,5.50521465,0.00000003
2.93000000,SHIFT_WEIGHT,-0.00195425,-0.00596724,0.00250263,-0.02594289,0.01784192,0.31254398,-0.03282290,0.01686900,0.03462114,0.01851754,0.00075524,26.72548867,21.50455769,37.20710252,31.65642565,0.06866942,-0.68658756,1.47408121,0.05771291,-0.68910690,1.44923083,5.53918118,0.00000003
2.94000000,SHIFT_WEIGHT,-0.00202280,-0.00606934,0.00257721,-0.02644518,0.01830462,0.31255939,-0.03329188,0.01730273,0.03524135,0.01854175,0.00077945,26.71854969,21.35035553,37.37311390,31.64948740,0.06999787,-0.68443962,1.47252032,0.05910056,-0.68698908,1.44776973,5.57347120,0.00000003
2.95000000,SHIFT_WEIGHT,-0.00209244,-0.00617242,0.00265278,-0.02695195,0.01877177,0.31257481,-0.03376499,0.01774062,0.03586706,0.01856611,0.00080380,26.71170835,21.19513609,37.54052449,31.64192309,0.07133646,-0.68227158,1.47093654,0.06049907,-0.68485069,1.44628772,5.60809444,0.00000003
2.96000000,SHIFT_WEIGHT,-0.00216318,-0.00627652,0.00272933,-0.02746312,0.01924327,0.31259021,-0.03424216,0.01818257,0.03649815,0.01859062,0.00082832,26.70488878,21.03886840,37.70938804,31.63382333,0.07268484,-0.68008380,1.46933006,0.06190810,-0.68269220,1.44478500,5.64306116,0.00000003
2.97000000,SHIFT_WEIGHT,-0.00223501,-0.00638171,0.00280683,-0.02797864,0.01971900,0.31260557,-0.03472334,0.01862848,0.03713452,0.01861530,0.00085299,26.69801491,20.88152141,37.87975823,31.62527885,0.07404262,-0.67787668,1.46770110,0.06332728,-0.68051413,1.44326180,5.67838181,0.00000003
2.98000000,SHIFT_WEIGHT,-0.00230793,-0.00648804,0.00288525,-0.02849843,0.02019887,0.31262086,-0.03520844,0.01907823,0.03777603,0.01864014,0.00087783,26.69101194,20.72306534,38.05168699,31.61637879,0.07540945,-0.67565064,1.46604991,0.06475625,-0.67831698,1.44171836,5.71406664,0.00000003
2.99000000,SHIFT_WEIGHT,-0.00238194,-0.00659558,0.00296459,-0.02902244,0.02068274,0.31263607,-0.03569743,0.01953173,0.03842258,0.01866515,0.00090284,26.68380757,20.56347288,38.22522298,31.60720916,0.07678492,-0.67340610,1.46437674,0.06619464,-0.67610126,1.44015492,5.75012545,0.00000003
3.00000000,SHIFT_WEIGHT,-0.00245702,-0.00670436,0.00304482,-0.02955059,0.02117051,0.31265116,-0.03619022,0.01998885,0.03907405,0.01869033,0.00092803,26.67633325,20.40272029,38.40041017,31.59785149,0.07816864,-0.67114349,1.46268185,0.06764208,-0.67386752,1.43857177,5.78656723,0.00000003
3.01000000,SHIFT_WEIGHT,-0.00253317,-0.00681447,0.00312592,-0.03008282,0.02166206,0.31266612,-0.03668676,0.02044949,0.03973032,0.01871569,0.00095339,26.66852508,20.24078837,38.57728666,31.58838159,0.07956023,-0.66886326,1.46096552,0.06909819,-0.67161627,1.43696917,5.82339998,0.00000003
3.02000000,SHIFT_WEIGHT,-0.00261040,-0.00692594,0.00320787,-0.03061906,0.02215727,0.31268092,-0.03718699,0.02091354,0.04039128,0.01874123,0.00097893,26.66032469,20.07766322,38.75588359,31.57886868,0.08095927,-0.66656590,1.45922804,0.07056261,-0.66934807,1.43534742,5.86063041,0.00000003
3.03000000,SHIFT_WEIGHT,-0.00268869,-0.00703883,0.00329065,-0.03115924,0.02265601,0.31269554,-0.03769084,0.02138088,0.04105678,0.01876696,0.00100466,26.65167991,19.91333693,38.93622435,31.56937453,0.08236535,-0.66425189,1.45746973,0.07203495,-0.66706346,1.43370680,5.89826383,0.00000003
3.04000000,SHIFT_WEIGHT,-0.00276804,-0.00715319,0.00337425,-0.03170328,0.02315817,0.31270995,-0.03819822,0.02185139,0.04172671,0.01879287,0.00103057,26.64254519,19.74780800,39.11832389,31.55995297,0.08377808,-0.66192174,1.45569088,0.07351482,-0.66476300,1.43204763,5.93630393,0.00000003
3.05000000,SHIFT_WEIGHT,-0.00284845,-0.00726905,0.00345865,-0.03225110,0.02366362,0.31272414,-0.03870908,0.02232497,0.04240093,0.01881898,0.00105667,26.63288199,19.58108176,39.30218831,31.55064947,0.08519704,-0.65957596,1.45389182,0.07500186,-0.66244724,1.43037022,5.97475273,0.00000003
3.06000000,SHIFT_WEIGHT,-0.00292991,-0.00738645,0.00354383,-0.03280261,0.02417225,0.31273808,-0.03922332,0.02280149,0.04307931,0.01884527,0.00108297,26.62265893,19.41317046,39.48781450,31.54150101,0.08662181,-0.65721510,1.45207287,0.07649565,-0.66011676,1.42867488,6.01361047,0.00000003
3.07000000,SHIFT_WEIGHT,-0.00301241,-0.00750541,0.00362979,-0.03335772,0.02468391,0.31275176,-0.03974086,0.02328084,0.04376169,0.01887175,0.00110945,26.61185179,19.24409343,39.67519012,31.53253604,0.08805198,-0.65483971,1.45023438,0.07799583,-0.65777212,1.42696194,6.05287555,0.00000003
3.08000000,SHIFT_WEIGHT,-0.00309595,-0.00762596,0.00371649,-0.03391633,0.02519850,0.31276516,-0.04026160,0.02376289,0.04444794,0.01889842,0.00113611,26.60044343,19.07387688,39.86429361,31.52377471,0.08948712,-0.65245037,1.44837669,0.07950200,-0.65541390,1.42523172,6.09254457,0.00000003
3.09000000,SHIFT_WEIGHT,-0.00318053,-0.00774810,0.00380395,-0.03447833,0.02571587,0.31277826,-0.04078544,0.02424752,0.04513790,0.01892527,0.00116297,26.58842352,18.90255379,40.05509445,31.51522909,0.09092683,-0.65004767,1.44650015,0.08101376,-0.65304266,1.42348457,6.13261231,0.00000004
3.10000000,SHIFT_WEIGHT,-0.00326613,-0.00787186,0.00389213,-0.03504361,0.02623590,0.31279105,-0.04131229,0.02473462,0.04583141,0.01895230,0.00119000,26.57578827,18.73016355,40.24755346,31.50690371,0.09237068,-0.64763221,1.44460512,0.08253073,-0.65065900,1.42172081,6.17307181,0.00000004
3.11000000,SHIFT_WEIGHT,-0.00335274,-0.00799721,0.00398102,-0.03561204,0.02675847,0.31280352,-0.04184203,0.02522406,0.04652832,0.01897951,0.00121721,26.56253990,18.55675158,40.44162333,31.49879606,0.09381825,-0.64520461,1.44269195,0.08405250,-0.64826349,1.41994079,6.21391442,0.00000004
3.12000000,SHIFT_WEIGHT,-0.00344037,-0.00812416,0.00407063,-0.03618351,0.02728343,0.31281565,-0.04237453,0.02571572,0.04722845,0.01900689,0.00124459,26.54868622,18.38236882,40.63724919,31.49089724,0.09526914,-0.64276549,1.44076103,0.08557867,-0.64585671,1.41814486,6.25512991,0.00000004
3.13000000,SHIFT_WEIGHT,-0.00352899,-0.00825270,0.00416092,-0.03675788,0.02781067,0.31282744,-0.04290968,0.02620947,0.04793163,0.01903443,0.00127213,26.53424003,18.20707123,40.83436927,31.48319269,0.09672291,-0.64031549,1.43881273,0.08710886,-0.64343926,1.41633338,6.29670660,0.00000004
3.14000000,SHIFT_WEIGHT,-0.00361861,-0.00838279,0.00425190,-0.03733501,0.02834004,0.31283888,-0.04344735,0.02670520,0.04863770,0.01906213,0.00129983,26.51921853,18.03091915,41.03291565,31.47566296,0.09817917,-0.63785527,1.43684743,0.08864266,-0.64101172,1.41450670,6.33863144,0.00000004
3.15000000,SHIFT_WEIGHT,-0.00370921,-0.00851443,0.00434354,-0.03791476,0.02887141,0.31284996,-0.04398741,0.02720276,0.04934646,0.01908998,0.00132767,26.50364268,17.85397668,41.23281506,31.46828451,0.09963750,-0.63538547,1.43486554,0.09017966,-0.63857469,1.41266520,6.38089025,0.00000004
3.16000000,SHIFT_WEIGHT,-0.00380077,-0.00864756,0.00443584,-0.03849698,0.02940465,0.31286067,-0.04452971,0.02770205,0.05005774,0.01911796,0.00135566,26.48753653,17.67631104,41.43398967,31.46103054,0.10109748,-0.63290677,1.43286744,0.09171948,-0.63612877,1.41080925,6.42346776,0.00000004
3.17000000,SHIFT_WEIGHT,-0.00389330,-0.00878217,0.00452878,-0.03908151,0.02993963,0.31287101,-0.04507410,0.02820293,0.05077135,0.01914607,0.00138377,26.47092661,17.49799190,41.63635799,31.45387178,0.10255872,-0.63041984,1.43085356,0.09326170,-0.63367455,1.40893922,6.46634785,0.00000004
3.18000000,SHIFT_WEIGHT,-0.00398676,-0.00891821,0.00462236,-0.03966820,0.03047621,0.31288099,-0.04562046,0.02870527,0.05148710,0.01917431,0.00141200,26.45384129,17.31909072,41.83983565,31.44677733,0.10402080,-0.62792536,1.42882430,0.09480593,-0.63121264,1.40705551,6.50951367,0.00000004
3.19000000,SHIFT_WEIGHT,-0.00408116,-0.00905563,0.00471655,-0.04025689,0.03101425,0.31289059,-0.04616861,0.02920895,0.05220480,0.01920265,0.00144034,26.43631013,17.13968012,42.04433626,31.43971541,0.10548332,-0.62542400,1.42678009,0.09635175,-0.62874364,1.40515851,6.55294783,0.00000004
3.20000000,SHIFT_WEIGHT,-0.00417646,-0.00919439,0.00481134,-0.04084741,0.03155361,0.31289981,-0.04671842,0.02971384,0.05292427,0.01923108,0.00146878,26.41836334,16.95983326,42.24977219,31.43265409,0.10694589,-0.62291644,1.42472137,0.09789878,-0.62626816,1.40324863,6.59663251,0.00000004
3.21000000,SHIFT_WEIGHT,-0.00427267,-0.00933444,0.00490672,-0.04143959,0.03209417,0.31290866,-0.04726971,0.03021981,0.05364529,0.01925960,0.00149730,26.40003123,16.77962325,42.45605536,31.42556197,0.10840811,-0.62040338,1.42264859,0.09944661,-0.62378682,1.40132629,6.64054965,0.00000004
3.22000000,SHIFT_WEIGHT,-0.00436976,-0.00947574,0.00500268,-0.04203327,0.03263577,0.31291713,-0.04782235,0.03072673,0.05436768,0.01928820,0.00152589,26.38134371,16.59912266,42.66309787,31.41840879,0.10986958,-0.61788550,1.42056221,0.10099484,-0.62130022,1.39939191,6.68468107,0.00000004
3.23000000,SHIFT_WEIGHT,-0.00446772,-0.00961823,0.00509918,-0.04262828,0.03317829,0.31292522,-0.04837615,0.03123447,0.05509124,0.01931685,0.00155455,26.36232986,16.41840298,42.87081274,31.41116599,0.11132991,-0.61536348,1.41846268,0.10254306,-0.61880900,1.39744592,6.72900862,0.00000004
3.24000000,SHIFT_WEIGHT,-0.00456652,-0.00976185,0.00519622,-0.04322444,0.03372159,0.31293293,-0.04893098,0.03174290,0.05581577,0.01934556,0.00158326,26.34301754,16.23753423,43.07911439,31.40380716,0.11278871,-0.61283802,1.41635049,0.10409088,-0.61631377,1.39548878,6.77351426,0.00000004
3.25000000,SHIFT_WEIGHT,-0.00466615,-0.00990657,0.00529378,-0.04382159,0.03426552,0.31294027,-0.04948666,0.03225189,0.05654108,0.01937431,0.00161200,26.32343304,16.05658459,43.28791922,31.39630846,0.11424561,-0.61030979,1.41422614,0.10563790,-0.61381515,1.39352095,6.81818022,0.00000004
3.26000000,SHIFT_WEIGHT,-0.00476658,-0.01005232,0.00539183,-0.04441955,0.03480996,0.31294723,-0.05004304,0.03276132,0.05726696,0.01940308,0.00164078,26.30360087,15.87562006,43.49714598,31.38864891,0.11570021,-0.60777949,1.41209011,0.10718372,-0.61131378,1.39154288,6.86298905,0.00000004
3.27000000,SHIFT_WEIGHT,-0.00486781,-0.01019906,0.00549036,-0.04501815,0.03535475,0.31295382,-0.05059996,0.03327105,0.05799323,0.01943187,0.00166957,26.28354350,15.69470425,43.70671615,31.38081069,0.11715214,-0.60524778,1.40994294,0.10872794,-0.60881029,1.38955508,6.90792371,0.00000004
3.28000000,SHIFT_WEIGHT,-0.00496980,-0.01034673,0.00558935,-0.04561722,0.03589976,0.31296004,-0.05115726,0.03378095,0.05871968,0.01946067,0.00169837,26.26328123,15.51389815,43.91655419,31.37277922,0.11860102,-0.60271536,1.40778515,0.11027017,-0.60630532,1.38755803,6.95296764,0.00000004
3.29000000,SHIFT_WEIGHT,-0.00507254,-0.01049530,0.00568876,-0.04621660,0.03644485,0.31296588,-0.05171478,0.03429089,0.05944612,0.01948947,0.00172716,26.24283211,15.33326008,44.12658777,31.36454335,0.12004648,-0.60018289,1.40561727,0.11181002,-0.60379951,1.38555224,6.99810482,0.00000004
3.30000000,SHIFT_WEIGHT,-0.00517600,-0.01064470,0.00578859,-0.04681612,0.03698988,0.31297135,-0.05227236,0.03480075,0.06017236,0.01951825,0.00175595,26.22221185,15.15284551,44.33674783,31.35609532,0.12148815,-0.59765105,1.40343986,0.11334708,-0.60129349,1.38353824,7.04331977,0.00000004
3.31000000,SHIFT_WEIGHT,-0.00528016,-0.01079491,0.00588879,-0.04741561,0.03753471,0.31297645,-0.05282986,0.03531039,0.06089819,0.01954701,0.00178470,26.20143389,14.97270715,44.54696866,31.34743073,0.12292566,-0.59512051,1.40125348,0.11488099,-0.59878793,1.38151655,7.08859760,0.00000004
3.32000000,SHIFT_WEIGHT,-0.00538500,-0.01094587,0.00598935,-0.04801491,0.03807921,0.31298117,-0.05338712,0.03581967,0.06162345,0.01957573,0.00181343,26.18050941,14.79289494,44.75718789,31.33854847,0.12435865,-0.59259194,1.39905872,0.11641134,-0.59628346,1.37948773,7.13392402,0.00000004
3.33000000,SHIFT_WEIGHT,-0.00549050,-0.01109755,0.00609025,-0.04861386,0.03862323,0.31298552,-0.05394399,0.03632849,0.06234792,0.01960442,0.00184212,26.15944741,14.61345610,44.96734636,31.32945057,0.12578675,-0.59006601,1.39685617,0.11793775,-0.59378075,1.37745233,7.17928532,0.00000004
3.34000000,SHIFT_WEIGHT,-0.00559662,-0.01124990,0.00619145,-0.04921230,0.03916664,0.31298949,-0.05450033,0.03683669,0.06307143,0.01963306,0.00187076,26.13825487,14.43443534,45.17738805,31.32014198,0.12720961,-0.58754337,1.39464642,0.11945984,-0.59128043,1.37541092,7.22466837,0.00000004
3.35000000,SHIFT_WEIGHT,-0.00570335,-0.01140289,0.00629293,-0.04981008,0.03970930,0.31299310,-0.05505598,0.03734416,0.06379379,0.01966164,0.00189934,26.11693688,14.25587490,45.38725984,31.31063037,0.12862688,-0.58502468,1.39243009,0.12097724,-0.58878318,1.37336409,7.27006058,0.00000004
3.36000000,SHIFT_WEIGHT,-0.00581066,-0.01155649,0.00639466,-0.05040703,0.04025106,0.31299632,-0.05561080,0.03785076,0.06451482,0.01969016,0.00192785,26.09549684,14.07781485,45.59691132,31.30092585,0.13003820,-0.58251061,1.39020781,0.12248955,-0.58628965,1.37131242,7.31544987,0.00000004
3.37000000,SHIFT_WEIGHT,-0.00591853,-0.01171065,0.00649661,-0.05100302,0.04079180,0.31299917,-0.05616466,0.03835638,0.06523432,0.01971860,0.00195630,26.07393660,13.90029321,45.80629451,31.29104069,0.13144322,-0.58000180,1.38798022,0.12399642,-0.58380049,1.36925654,7.36082467,0.00000004
3.38000000,SHIFT_WEIGHT,-0.00602693,-0.01186536,0.00659875,-0.05159788,0.04133138,0.31300164,-0.05671741,0.03886087,0.06595214,0.01974697,0.00198467,26.05225675,13.72334623,46.01536358,31.28098904,0.13284160,-0.57749890,1.38574796,0.12549746,-0.58131638,1.36719704,7.40617382,0.00000004
3.39000000,SHIFT_WEIGHT,-0.00613583,-0.01202057,0.00670107,-0.05219147,0.04186965,0.31300372,-0.05726892,0.03936411,0.06666807,0.01977526,0.00201296,26.03045676,13.54700861,46.22407457,31.27078660,0.13423299,-0.57500257,1.38351169,0.12699232,-0.57883797,1.36513457,7.45148652,0.00000004
3.40000000,SHIFT_WEIGHT,-0.00624521,-0.01217626,0.00680351,-0.05278364,0.04240648,0.31300543,-0.05781905,0.03986598,0.06738195,0.01980346,0.00204115,26.00853527,13.37131372,46.43238505,31.26045030,0.13561707,-0.57251345,1.38127209,0.12848062,-0.57636592,1.36306975,7.49675235,0.00000004
3.41000000,SHIFT_WEIGHT,-0.00635504,-0.01233240,0.00690607,-0.05337426,0.04294174,0.31300675,-0.05836767,0.04036635,0.06809361,0.01983156,0.00206926,25.98649025,13.19629390,46.64025383,31.24999801,0.13699349,-0.57003218,1.37902983,0.12996201,-0.57390090,1.36100323,7.54196112,0.00000004
3.42000000,SHIFT_WEIGHT,-0.00646529,-0.01248897,0.00700871,-0.05396317,0.04347530,0.31300768,-0.05891465,0.04086510,0.06880286,0.01985956,0.00209726,25.96431923,13.02198065,46.84764061,31.23944823,0.13836193,-0.56755940,1.37678560,0.13143613,-0.57144357,1.35893567,7.58710288,0.00000004
3.43000000,SHIFT_WEIGHT,-0.00657594,-0.01264593,0.00711140,-0.05455025,0.04400701,0.31300823,-0.05945985,0.04136209,0.06950953,0.01988745,0.00212515,25.94201956,12.84840490,47.05450571,31.22881980,0.13972205,-0.56509577,1.37454009,0.13290263,-0.56899458,1.35686772,7.63216784,0.00000004
3.44000000,SHIFT_WEIGHT,-0.00668696,-0.01280325,0.00721412,-0.05513534,0.04453675,0.31300839,-0.06000316,0.04185722,0.07021347,0.01991524,0.00215294,25.91958853,12.67559723,47.26080974,31.21813162,0.14107355,-0.56264191,1.37229401,0.13436115,-0.56655461,1.35480006,7.67714632,0.00000004
3.45000000,SHIFT_WEIGHT,-0.00679831,-0.01296092,0.00731683,-0.05571831,0.04506438,0.31300815,-0.06054444,0.04235034,0.07091448,0.01994291,0.00218061,25.89702360,12.50358804,47.46651338,31.20740241,0.14241609,-0.56019845,1.37004807,0.13581135,-0.56412430,1.35273336,7.72202871,0.00000004
3.46000000,SHIFT_WEIGHT,-0.00690998,-0.01311890,0.00741950,-0.05629902,0.04558977,0.31300752,-0.06108356,0.04284135,0.07161242,0.01997045,0.00220815,25.87432255,12.33240780,47.67157705,31.19665045,0.14374936,-0.55776604,1.36780299,0.13725289,-0.56170432,1.35066830,7.76680540,0.00000004
3.47000000,SHIFT_WEIGHT,-0.00702193,-0.01327717,0.00752212,-0.05687735,0.04611279,0.31300650,-0.06162041,0.04333011,0.07230710,0.01999788,0.00223557,25.85148363,12.16208718,47.87596075,31.18589341,0.14507306,-0.55534531,1.36555949,0.13868542,-0.55929531,1.34860557,7.81146676,0.00000004
3.48000000,SHIFT_WEIGHT,-0.00713412,-0.01343570,0.00762465,-0.05745315,0.04663331,0.31300509,-0.06215486,0.04381651,0.07299837,0.02002517,0.00226286,25.82850571,11.99265721,48.07962382,31.17514815,0.14638688,-0.55293687,1.36331829,0.14010863,-0.55689792,1.34654585,7.85600309,0.00000004
3.49000000,SHIFT_WEIGHT,-0.00724654,-0.01359445,0.00772706,-0.05802629,0.04715120,0.31300329,-0.06268678,0.04430043,0.07368606,0.02005232,0.00229002,25.80538834,11.82414943,48.28252480,31.16443060,0.14769052,-0.55054137,1.36108013,0.14152218,-0.55451281,1.34448984,7.90040458,0.00000004
3.50000000,SHIFT_WEIGHT,-0.00735915,-0.01375340,0.00782933,-0.05859664,0.04766634,0.31300109,-0.06321606,0.04478176,0.07437000,0.02007934,0.00231703,25.78213190,11.65659594,48.48462123,31.15375557,0.14898369,-0.54815941,1.35884575,0.14292573,-0.55214060,1.34243824,7.94466132,0.00000004
3.51000000,SHIFT_WEIGHT,-0.00747192,-0.01391252,0.00793142,-0.05916407,0.04817859,0.31299850,-0.06374257,0.04526036,0.07505005,0.02010621,0.00234390,25.75873765,11.49002955,48.68586963,31.14313673,0.15026610,-0.54579163,1.35661588,0.14431898,-0.54978195,1.34039174,7.98876321,0.00000004
3.52000000,SHIFT_WEIGHT,-0.00758481,-0.01407178,0.00803333,-0.05972844,0.04868783,0.31299552,-0.06426620,0.04573613,0.07572602,0.02013292,0.00237062,25.73520777,11.32448377,48.88622534,31.13258649,0.15153746,-0.54343864,1.35439126,0.14570161,-0.54743749,1.33835106,8.03270000,0.00000004
3.53000000,SHIFT_WEIGHT,-0.00769779,-0.01423114,0.00813501,-0.06028962,0.04919394,0.31299215,-0.06478681,0.04620895,0.07639777,0.02015949,0.00239718,25.71154538,11.15999291,49.08564251,31.12211599,0.15279750,-0.54110104,1.35217264,0.14707331,-0.54510783,1.33631688,8.07646126,0.00000004
3.54000000,SHIFT_WEIGHT,-0.00781084,-0.01439056,0.00823644,-0.06084749,0.04969679,0.31298840,-0.06530430,0.04667871,0.07706513,0.02018589,0.00242359,25.68775461,10.99659204,49.28407408,31.11173506,0.15404593,-0.53877945,1.34996077,0.14843376,-0.54279361,1.33428991,8.12003637,0.00000004
3.55000000,SHIFT_WEIGHT,-0.00792391,-0.01455001,0.00833759,-0.06140190,0.05019627,0.31298426,-0.06581855,0.04714529,0.07772795,0.02021212,0.00244982,25.66384054,10.83431700,49.48147180,31.10145222,0.15528251,-0.53647448,1.34775638,0.14978268,-0.54049545,1.33227085,8.16341453,0.00000004
3.56000000,SHIFT_WEIGHT,-0.00803697,-0.01470946,0.00843845,-0.06195274,0.05069224,0.31297975,-0.06632943,0.04760858,0.07838608,0.02023819,0.00247588,25.63980921,10.67320438,49.67778624,31.09127475,0.15650695,-0.53418671,1.34556022,0.15111976,-0.53821395,1.33026040,8.20658474,0.00000004
3.57000000,SHIFT_WEIGHT,-0.00814999,-0.01486886,0.00853897,-0.06249988,0.05118459,0.31297487,-0.06683683,0.04806847,0.07903934,0.02026407,0.00250177,25.61566760,10.51329149,49.87296686,31.08120868,0.15771902,-0.53191675,1.34337305,0.15244471,-0.53594971,1.32825926,8.24953585,0.00000004
3.58000000,SHIFT_WEIGHT,-0.00826293,-0.01502816,0.00863915,-0.06304317,0.05167320,0.31296961,-0.06734063,0.04852486,0.07968760,0.02028977,0.00252747,25.59142355,10.35461624,50.06696209,31.07125887,0.15891845,-0.52966518,1.34119559,0.15375725,-0.53370334,1.32626814,8.29225652,0.00000004
3.59000000,SHIFT_WEIGHT,-0.00837576,-0.01518734,0.00873895,-0.06358251,0.05215797,0.31296400,-0.06784071,0.04897763,0.08033070,0.02031529,0.00255299,25.56708574,10.19721717,50.25971945,31.06142910,0.16010501,-0.52743259,1.33902859,0.15505710,-0.53147543,1.32428771,8.33473528,0.00000004
3.60000000,SHIFT_WEIGHT,-0.00848844,-0.01534634,0.00883834,-0.06411775,0.05263876,0.31295804,-0.06833696,0.04942667,0.08096849,0.02034061,0.00257830,25.54266362,10.04113326,50.45118563,31.05172214,0.16127846,-0.52521954,1.33687279,0.15634398,-0.52926655,1.32231868,8.37696054,0.00000004
3.61000000,SHIFT_WEIGHT,-0.00860093,-0.01550512,0.00893731,-0.06464877,0.05311547,0.31295172,-0.06882926,0.04987189,0.08160082,0.02036572,0.00260342,25.51816735,9.88640391,50.64130662,31.04213984,0.16243856,-0.52302661,1.33472893,0.15761762,-0.52707728,1.32036174,8.41892059,0.00000004
3.62000000,SHIFT_WEIGHT,-0.00871320,-0.01566363,0.00903582,-0.06517545,0.05358798,0.31294507,-0.06931750,0.05031318,0.08222754,0.02039063,0.00262833,25.49360768,9.73306882,50.83002789,31.03268324,0.16358511,-0.52085436,1.33259774,0.15887775,-0.52490820,1.31841756,8.46060365,0.00000004
3.63000000,SHIFT_WEIGHT,-0.00882520,-0.01582183,0.00913385,-0.06569766,0.05405619,0.31293809,-0.06980156,0.05075043,0.08284850,0.02041533,0.00265303,25.46899592,9.58116788,51.01729448,31.02335266,0.16471787,-0.51870333,1.33047995,0.16012413,-0.52275985,1.31648682,8.50199788,0.00000004
3.64000000,SHIFT_WEIGHT,-0.00893691,-0.01597965,0.00923138,-0.06621527,0.05451999,0.31293079,-0.07028133,0.05118356,0.08346356,0.02043981,0.00267750,25.44434387,9.43074106,51.20305119,31.01414783,0.16583663,-0.51657407,1.32837627,0.16135650,-0.52063278,1.31457020,8.54309144,0.00000004
3.65000000,SHIFT_WEIGHT,-0.00904827,-0.01613707,0.00932837,-0.06672817,0.05497927,0.31292317,-0.07075669,0.05161245,0.08407258,0.02046406,0.00270175,25.41966367,9.28182834,51.38724268,31.00506797,0.16694121,-0.51446712,1.32628744,0.16257461,-0.51852754,1.31266837,8.58387245,0.00000004
3.66000000,SHIFT_WEIGHT,-0.00915926,-0.01629401,0.00942482,-0.06723624,0.05543392,0.31291525,-0.07122755,0.05203701,0.08467541,0.02048808,0.00272577,25.39496779,9.13446954,51.56981370,30.99611191,0.16803139,-0.51238300,1.32421416,0.16377822,-0.51644466,1.31078199,8.62432908,0.00000004
3.67000000,SHIFT_WEIGHT,-0.00926983,-0.01645044,0.00952068,-0.06773934,0.05588385,0.31290705,-0.07169378,0.05245715,0.08527192,0.02051186,0.00274955,25.37026892,8.98870427,51.75070915,30.98727819,0.16910699,-0.51032223,1.32215714,0.16496709,-0.51438465,1.30891171,8.66444956,0.00000004
3.68000000,SHIFT_WEIGHT,-0.00937994,-0.01660629,0.00961593,-0.06823737,0.05632894,0.31289856,-0.07215528,0.05287278,0.08586198,0.02053539,0.00277309,25.34557989,8.84457182,51.92987427,30.97856512,0.17016782,-0.50828530,1.32011708,0.16614101,-0.51234803,1.30705818,8.70422221,0.00000003
3.69000000,SHIFT_WEIGHT,-0.00948956,-0.01676152,0.00971055,-0.06873020,0.05676911,0.31288980,-0.07261194,0.05328379,0.08644545,0.02055868,0.00279637,25.32091361,8.70211103,52.10725479,30.96997093,0.17121371,-0.50627272,1.31809468,0.16729974,-0.51033529,1.30522204,8.74363544,0.00000003
3.70000000,SHIFT_WEIGHT,-0.00959864,-0.01691607,0.00980452,-0.06921772,0.05720426,0.31288079,-0.07306366,0.05369011,0.08702219,0.02058170,0.00281940,25.29628301,8.56136024,52.28279701,30.96149380,0.17224449,-0.50428497,1.31609061,0.16844307,-0.50834693,1.30340392,8.78267780,0.00000003
3.71000000,SHIFT_WEIGHT,-0.00970715,-0.01706989,0.00989780,-0.06969983,0.05763429,0.31287153,-0.07351034,0.05409165,0.08759208,0.02060447,0.00284216,25.27170094,8.42235719,52.45644796,30.95313194,0.17326000,-0.50232251,1.31410556,0.16957080,-0.50638343,1.30160445,8.82133803,0.00000003
3.72000000,SHIFT_WEIGHT,-0.00981503,-0.01722292,0.00999037,-0.07017639,0.05805910,0.31286204,-0.07395186,0.05448832,0.08815500,0.02062696,0.00286466,25.24718018,8.28513895,52.62815548,30.94488367,0.17426008,-0.50038581,1.31214020,0.17068272,-0.50444525,1.29982423,8.85960500,0.00000003
3.73000000,SHIFT_WEIGHT,-0.00992227,-0.01737510,0.01008220,-0.07064732,0.05847862,0.31285233,-0.07438815,0.05488003,0.08871081,0.02064918,0.00288688,25.22273331,8.14974183,52.79786835,30.93674746,0.17524459,-0.49847531,1.31019517,0.17177864,-0.50253285,1.29806388,8.89746782,0.00000003
3.74000000,SHIFT_WEIGHT,-0.01002880,-0.01752639,0.01017328,-0.07111249,0.05889274,0.31284241,-0.07481909,0.05526671,0.08925941,0.02067112,0.00290882,25.19837274,8.01620134,52.96553635,30.92872199,0.17621338,-0.49659145,1.30827114,0.17285836,-0.50064667,1.29632399,8.93491579,0.00000003
3.75000000,SHIFT_WEIGHT,-0.01013460,-0.01767673,0.01026356,-0.07157181,0.05930138,0.31283230,-0.07524459,0.05564827,0.08980067,0.02069277,0.00293047,25.17411064,7.88455214,53.13111034,30.92080615,0.17716632,-0.49473464,1.30636874,0.17392171,-0.49878715,1.29460513,8.97193847,0.00000003
3.76000000,SHIFT_WEIGHT,-0.01023962,-0.01782606,0.01035304,-0.07202517,0.05970447,0.31282201,-0.07566456,0.05602465,0.09033448,0.02071413,0.00295182,25.14995888,7.75482800,53.29454235,30.91299910,0.17810329,-0.49290531,1.30448859,0.17496852,-0.49695469,1.29290788,9.00852564,0.00000003
3.77000000,SHIFT_WEIGHT,-0.01034382,-0.01797433,0.01044167,-0.07247248,0.06010192,0.31281155,-0.07607891,0.05639575,0.09086073,0.02073519,0.00297288,25.12592908,7.62706171,53.45578559,30.90530030,0.17902416,-0.49110383,1.30263131,0.17599861,-0.49514972,1.29123280,9.04466736,0.00000003
3.78000000,SHIFT_WEIGHT,-0.01044716,-0.01812148,0.01052944,-0.07291363,0.06049364,0.31280093,-0.07648755,0.05676153,0.09137931,0.02075594,0.00299364,25.10203251,7.50128514,53.61479453,30.89770944,0.17992882,-0.48933060,1.30079750,0.17701182,-0.49337262,1.28958044,9.08035393,0.00000003
3.79000000,SHIFT_WEIGHT,-0.01054961,-0.01826746,0.01061632,-0.07334853,0.06087957,0.31279018,-0.07689040,0.05712189,0.09189013,0.02077639,0.00301409,25.07828015,7.37752914,53.77152491,30.89022655,0.18081718,-0.48758598,1.29898776,0.17800801,-0.49162376,1.28795132,9.11557596,0.00000003
3.80000000,SHIFT_WEIGHT,-0.01065112,-0.01841222,0.01070229,-0.07377710,0.06125964,0.31277929,-0.07728736,0.05747678,0.09239307,0.02079652,0.00303422,25.05468262,7.25582357,53.92593379,30.88285190,0.18168913,-0.48587032,1.29720266,0.17898703,-0.48990353,1.28634597,9.15032430,0.00000003
3.81000000,SHIFT_WEIGHT,-0.01075165,-0.01855571,0.01078731,-0.07419924,0.06163376,0.31276829,-0.07767838,0.05782613,0.09288804,0.02081634,0.00305403,25.03125022,7.13619725,54.07797952,30.87558604,0.18254458,-0.48418395,1.29544275,0.17994874,-0.48821225,1.28476489,9.18459012,0.00000003
3.82000000,SHIFT_WEIGHT,-0.01085117,-0.01869787,0.01087137,-0.07461487,0.06200187,0.31275719,-0.07806336,0.05816988,0.09337496,0.02083583,0.00307352,25.00799293,7.01867801,54.22762181,30.86842975,0.18338345,-0.48252720,1.29370860,0.18089302,-0.48655029,1.28320857,9.21836484,0.00000003
3.83000000,SHIFT_WEIGHT,-0.01094963,-0.01883865,0.01095444,-0.07502390,0.06236391,0.31274601,-0.07844223,0.05850796,0.09385372,0.02085499,0.00309269,24.98492039,6.90329264,54.37482167,30.86138405,0.18420567,-0.48090038,1.29200072,0.18181973,-0.48491794,1.28167748,9.25164019,0.00000003
3.84000000,SHIFT_WEIGHT,-0.01104700,-0.01897800,0.01103650,-0.07542626,0.06271982,0.31273475,-0.07881492,0.05884032,0.09432425,0.02087382,0.00311151,24.96204193,6.79006690,54.51954142,30.85445014,0.18501117,-0.47930377,1.29031964,0.18272878,-0.48331552,1.28017209,9.28440818,0.00000003
3.85000000,SHIFT_WEIGHT,-0.01114324,-0.01911587,0.01111752,-0.07582187,0.06306953,0.31272342,-0.07918136,0.05916691,0.09403373,0.02089231,0.00313001,24.93936658,6.67902557,54.66174473,30.84762938,0.18579988,-0.47773766,1.28866586,0.18362004,-0.48174332,1.27869284,9.31666108,0.00000003
3.86000000,SHIFT_WEIGHT,-0.01123831,-0.01925221,0.01119747,-0.07621067,0.06341299,0.31271206,-0.07954149,0.05948767,0.09364889,0.02091046,0.00314816,24.91690309,6.57019240,54.80139653,30.84092325,0.18657176,-0.47620230,1.28703985,0.18449343,-0.48020162,1.27724014,9.34839148,0.00000003
3.87000000,SHIFT_WEIGHT,-0.01133218,-0.01938697,0.01127634,-0.07659257,0.06375014,0.31270066,-0.07989525,0.05980256,0.09327052,0.02092827,0.00316596,24.89465993,6.46359017,54.93846304,30.83433334,0.18732676,-0.47469792,1.28544209,0.18534886,-0.47869066,1.27581440,9.37959220,0.00000003
3.88000000,SHIFT_WEIGHT,-0.01142480,-0.01952010,0.01135410,-0.07696751,0.06408094,0.31268924,-0.08024256,0.06011152,0.09289872,0.02094572,0.00318342,24.87264532,6.35924065,55.07291176,30.82786128,0.18806485,-0.47322477,1.28387301,0.18618624,-0.47721069,1.27441602,9.41025637,0.00000003
3.89000000,SHIFT_WEIGHT,-0.01151615,-0.01965156,0.01143073,-0.07733544,0.06440533,0.31267781,-0.08058339,0.06041451,0.09253354,0.02096283,0.00320052,24.85086724,6.25716468,55.20471141,30.82150872,0.18878599,-0.47178304,1.28233304,0.18700550,-0.47576194,1.27304536,9.44037736,0.00000003
3.90000000,SHIFT_WEIGHT,-0.01160618,-0.01978130,0.01150620,-0.07769629,0.06472327,0.31266639,-0.08091767,0.06071150,0.09217506,0.02097957,0.00321727,24.82933346,6.15738210,55.33383197,30.81527730,0.18949017,-0.47037293,1.28082260,0.18780658,-0.47434460,1.27170276,9.46994882,0.00000002
3.91000000,SHIFT_WEIGHT,-0.01169487,-0.01990926,0.01158050,-0.07805001,0.06503472,0.31265499,-0.08124536,0.06100243,0.09182336,0.02099596,0.00323366,24.80805156,6.05991182,55.46024459,30.80916860,0.19017737,-0.46899461,1.27934206,0.18858943,-0.47295887,1.27038856,9.49896465,0.00000002
3.92000000,SHIFT_WEIGHT,-0.01178218,-0.02003542,0.01165361,-0.07839655,0.06533964,0.31264363,-0.08156641,0.06128729,0.09147848,0.02101198,0.00324968,24.78703380,5.96424082,55.58391407,30.80319097,0.19084757,-0.46764823,1.27789173,0.18935400,-0.47160491,1.26910306,9.52741808,0.00000002
3.93000000,SHIFT_WEIGHT,-0.01186800,-0.02015968,0.01172550,-0.07873585,0.06563800,0.31263230,-0.08188077,0.06156603,0.09114049,0.02102753,0.00326523,24.76640310,5.86885317,55.70466718,30.79745298,0.19150067,-0.46633376,1.27647145,0.19010024,-0.47028284,1.26784645,9.55528593,0.00000002
3.94000000,SHIFT_WEIGHT,-0.01195215,-0.02028190,0.01179612,-0.07906786,0.06592975,0.31262101,-0.08218840,0.06183862,0.09080946,0.02104243,0.00328012,24.74639245,5.77456642,55.82229397,30.79209115,0.19213650,-0.46505125,1.27508106,0.19082810,-0.46899265,1.26661870,9.58254370,0.00000002
3.95000000,SHIFT_WEIGHT,-0.01203446,-0.02040191,0.01186540,-0.07939254,0.06621484,0.31260974,-0.08248925,0.06210502,0.09048546,0.02105653,0.00329423,24.72717032,5.68243740,55.93672866,30.78719153,0.19275491,-0.46380085,1.27372079,0.19153754,-0.46773432,1.26541976,9.60918338,0.00000002
3.96000000,SHIFT_WEIGHT,-0.01211482,-0.02051956,0.01193328,-0.07970982,0.06649324,0.31259848,-0.08278328,0.06236519,0.09016855,0.02106977,0.00330746,24.70878829,5.59321913,56.04799568,30.78280978,0.19335580,-0.46258275,1.27239107,0.19222854,-0.46650784,1.26424962,9.63520380,0.00000002
3.97000000,SHIFT_WEIGHT,-0.01219319,-0.02063480,0.01199967,-0.08001966,0.06676491,0.31258722,-0.08307044,0.06261909,0.08985881,0.02108210,0.00331980,24.69118459,5.50733966,56.15615355,30.77896203,0.19393913,-0.46139713,1.27109235,0.19290109,-0.46531326,1.26310843,9.66060541,0.00000002
3.98000000,SHIFT_WEIGHT,-0.01226957,-0.02074761,0.01206454,-0.08032203,0.06702982,0.31257596,-0.08335070,0.06286671,0.08955629,0.02109357,0.00333127,24.67421690,5.42494728,56.26125716,30.77561650,0.19450494,-0.46024415,1.26982506,0.19355520,-0.46415067,1.26199640,9.68538788,0.00000002
3.99000000,SHIFT_WEIGHT,-0.01234398,-0.02085802,0.01212785,-0.08061689,0.06728795,0.31256474,-0.08362404,0.06310802,0.08926102,0.02110421,0.00334191,24.65770458,5.34598385,56.36333903,30.77269645,0.19505330,-0.45912391,1.26858957,0.19419090,-0.46302014,1.26091382,9.70954935,0.00000002
4.00000000,SHIFT_WEIGHT,-0.01241645,-0.02096609,0.01218960,-0.08090424,0.06753931,0.31255358,-0.08389044,0.06334303,0.08897303,0.02111412,0.00335182,24.64146747,5.27026449,56.46240623,30.77009322,0.19558435,-0.45803648,1.26738617,0.19480823,-0.46192176,1.25986096,9.73308671,0.00000002
4.01000000,SHIFT_WEIGHT,-0.01248704,-0.02107187,0.01224979,-0.08118407,0.06778389,0.31254252,-0.08414990,0.06357173,0.08869234,0.02112337,0.00336107,24.62535457,5.19754895,56.55844713,30.76768437,0.19609826,-0.45698186,1.26621508,0.19540725,-0.46085561,1.25883811,9.75599646,0.00000002
4.02000000,SHIFT_WEIGHT,-0.01255578,-0.02117539,0.01230844,-0.08145637,0.06802172,0.31253160,-0.08440241,0.06379414,0.08841897,0.02113205,0.00336975,24.60926101,5.12759624,56.65144228,30.76535134,0.19659518,-0.45596002,1.26507646,0.19598802,-0.45982173,1.25784549,9.77827563,0.00000002
4.03000000,SHIFT_WEIGHT,-0.01262272,-0.02127670,0.01236559,-0.08172116,0.06825280,0.31252087,-0.08464799,0.06401028,0.08815291,0.02114024,0.00337794,24.59313403,5.06020028,56.74137495,30.76299314,0.19707531,-0.45497089,1.26397042,0.19655061,-0.45882012,1.25688330,9.79992260,0.00000002
4.04000000,SHIFT_WEIGHT,-0.01268790,-0.02137578,0.01242128,-0.08197843,0.06847716,0.31251035,-0.08488663,0.06422016,0.08789418,0.02114799,0.00338569,24.57697039,4.99520770,56.82823882,30.76053440,0.19753883,-0.45401436,1.26289706,0.19709509,-0.45785076,1.25595166,9.82093758,0.00000002
4.05000000,SHIFT_WEIGHT,-0.01275136,-0.02147264,0.01247554,-0.08222821,0.06869484,0.31250007,-0.08511835,0.06442381,0.08764277,0.02115536,0.00339306,24.56080798,4.93252168,56.91204183,30.75792783,0.19798591,-0.45309032,1.26185641,0.19762156,-0.45691359,1.25505065,9.84132270,0.00000002
4.06000000,SHIFT_WEIGHT,-0.01281311,-0.02156724,0.01252841,-0.08247051,0.06890585,0.31249006,-0.08534318,0.06462126,0.08739867,0.02116239,0.00340008,24.54471422,4.87209602,56.99280648,30.75515248,0.19841675,-0.45219862,1.26084852,0.19813011,-0.45600851,1.25418029,9.86108184,0.00000002
4.07000000,SHIFT_WEIGHT,-0.01287319,-0.02165956,0.01257993,-0.08270534,0.06911023,0.31248033,-0.08556111,0.06481253,0.08716189,0.02116910,0.00340679,24.52877356,4.81392384,57.07056741,30.75220909,0.19883152,-0.45133909,1.25987340,0.19862085,-0.45513540,1.25334055,9.88022016,0.00000002
4.08000000,SHIFT_WEIGHT,-0.01293160,-0.02174957,0.01263012,-0.08293273,0.06930802,0.31247088,-0.08577217,0.06499767,0.08693243,0.02117551,0.00341321,24.51307570,4.75802420,57.14536740,30.74911424,0.19923041,-0.45051156,1.25893104,0.19909389,-0.45429410,1.25253139,9.89874363,0.00000001
4.09000000,SHIFT_WEIGHT,-0.01298836,-0.02183722,0.01267900,-0.08315270,0.06949925,0.31246171,-0.08597639,0.06517670,0.08671026,0.02118163,0.00341933,24.49770575,4.70442952,57.21725277,30.74589452,0.19961360,-0.44971580,1.25802144,0.19954936,-0.45348442,1.25175267,9.91665841,0.00000001
4.10000000,SHIFT_WEIGHT,-0.01304348,-0.02192248,0.01272659,-0.08336528,0.06968396,0.31245283,-0.08617379,0.06534966,0.08649537,0.02118747,0.00342517,24.48273684,4.65317499,57.28626913,30.74258145,0.19998127,-0.44895160,1.25714452,0.19998739,-0.45270616,1.25100428,9.93397041,0.00000001
4.11000000,SHIFT_WEIGHT,-0.01309695,-0.02200533,0.01277290,-0.08357049,0.06986218,0.31244424,-0.08636439,0.06551658,0.08628775,0.02119304,0.00343074,24.46822557,4.60429120,57.35245773,30.73920761,0.20033361,-0.44821869,1.25630022,0.20040813,-0.45195907,1.25028602,9.95068485,0.00000001
4.12000000,SHIFT_WEIGHT,-0.01314877,-0.02208575,0.01281792,-0.08376837,0.07003396,0.31243592,-0.08654823,0.06567750,0.08608738,0.02119834,0.00343604,24.45420993,4.55779976,57.41585297,30.73580406,0.20067083,-0.44751679,1.25548842,0.20081173,-0.45124290,1.24959771,9.96680601,0.00000001
4.13000000,SHIFT_WEIGHT,-0.01319894,-0.02216370,0.01286164,-0.08395896,0.07019934,0.31242787,-0.08672534,0.06583246,0.08589421,0.02120336,0.00344106,24.44070943,4.51371168,57.47648096,30.73239895,0.20099312,-0.44684560,1.25470898,0.20119837,-0.45055734,1.24893909,9.98233710,0.00000001
4.14000000,SHIFT_WEIGHT,-0.01324744,-0.02223918,0.01290407,-0.08414230,0.07035836,0.31242011,-0.08689576,0.06598150,0.08570823,0.02120812,0.00344582,24.42772696,4.47202793,57.53435910,30.72901702,0.20130068,-0.44620477,1.25396172,0.20156824,-0.44990208,1.24830990,9.99728022,0.00000001
4.15000000,SHIFT_WEIGHT,-0.01329426,-0.02231218,0.01294518,-0.08431845,0.07051108,0.31241262,-0.08705955,0.06612467,0.08552938,0.02121261,0.00345031,24.41525167,4.43274129,57.58949649,30.72567972,0.20159372,-0.44559393,1.25324640,0.20192151,-0.44927679,1.24770984,10.01163644,0.00000001
4.16000000,SHIFT_WEIGHT,-0.01333938,-0.02238269,0.01298495,-0.08448745,0.07065753,0.31240540,-0.08721674,0.06626201,0.08535762,0.02121685,0.00345454,24.40326254,4.39583898,57.64189501,30.72240570,0.20187247,-0.44501270,1.25256277,0.20225840,-0.44868109,1.24713857,10.02540595,0.00000001
4.17000000,SHIFT_WEIGHT,-0.01338279,-0.02245071,0.01302336,-0.08464936,0.07079779,0.31239847,-0.08736739,0.06639358,0.08519291,0.02122082,0.00345852,24.39173194,4.36130530,57.69155071,30.71921134,0.20213714,-0.44446066,1.25191053,0.20257912,-0.44811458,1.24659573,10.03858823,0.00000001
4.18000000,SHIFT_WEIGHT,-0.01342446,-0.02251623,0.01306040,-0.08480426,0.07093190,0.31239183,-0.08751156,0.06651942,0.08503518,0.02122454,0.00346224,24.38062906,4.32912395,57.73845551,30.71611128,0.20238796,-0.44393736,1.25128936,0.20288391,-0.44757684,1.24608090,10.05118227,0.00000001
4.19000000,SHIFT_WEIGHT,-0.01346438,-0.02257926,0.01309604,-0.08495220,0.07105992,0.31238549,-0.08764931,0.06663959,0.08488438,0.02122801,0.00346571,24.36992283,4.29927974,57.78259883,30.71311873,0.20262517,-0.44344235,1.25069886,0.20317299,-0.44706742,1.24559365,10.06318678,0.00000001
4.20000000,SHIFT_WEIGHT,-0.01350252,-0.02263980,0.01313027,-0.08509325,0.07118193,0.31237945,-0.08778070,0.06675416,0.08474045,0.02123123,0.00346893,24.35958417,4.27175957,57.82396917,30.71024561,0.20284901,-0.44297513,1.25013864,0.20344664,-0.44658584,1.24513352,10.07460038,0.00000001
4.21000000,SHIFT_WEIGHT,-0.01353886,-0.02269784,0.01316306,-0.08522750,0.07129799,0.31237372,-0.08790581,0.06686319,0.08460330,0.02123421,0.00347190,24.34958772,4.24655277,57.86255554,30.70750245,0.20305975,-0.44253519,1.24960825,0.20370511,-0.44613158,1.24469998,10.08542177,0.00000001
4.22000000,SHIFT_WEIGHT,-0.01357338,-0.02275339,0.01319441,-0.08535503,0.07140817,0.31236831,-0.08802470,0.06696674,0.08447287,0.02123694,0.00347464,24.33991282,4.22365085,57.89834856,30.70489819,0.20325764,-0.44212199,1.24910722,0.20394868,-0.44570411,1.24429251,10.09564992,0.00000001
4.23000000,SHIFT_WEIGHT,-0.01360607,-0.02280644,0.01322431,-0.08547591,0.07151255,0.31236323,-0.08813747,0.06706489,0.08434909,0.02123943,0.00347713,24.33054401,4.20304677,57.93134147,30.70243983,0.20344296,-0.44173499,1.24863503,0.20417765,-0.44530287,1.24391054,10.10528412,0.00000001
4.24000000,SHIFT_WEIGHT,-0.01363692,-0.02285700,0.01325274,-0.08559024,0.07161122,0.31235849,-0.08824417,0.06715771,0.08423186,0.02124168,0.00347938,24.32147110,4.18473406,57.96153077,30.70013214,0.20361601,-0.44137360,1.24819113,0.20439231,-0.44492726,1.24355345,10.11432415,0.00000001
4.25000000,SHIFT_WEIGHT,-0.01366592,-0.02290505,0.01327972,-0.08569812,0.07170427,0.31235410,-0.08834491,0.06724529,0.08412110,0.02124369,0.00348139,24.31268887,4.16870576,57.98891677,30.69797730,0.20377707,-0.44103722,1.24777495,0.20459300,-0.44457667,1.24322061,10.12277032,0.00000001
4.26000000,SHIFT_WEIGHT,-0.01369306,-0.02295062,0.01330523,-0.08579964,0.07179179,0.31235005,-0.08843977,0.06732772,0.08401672,0.02124546,0.00348316,24.30419652,4.15495345,58.01350391,30.69597469,0.20392648,-0.44072523,1.24738587,0.20478004,-0.44425043,1.24291135,10.13062349,0.00000001
4.27000000,SHIFT_WEIGHT,-0.01371834,-0.02299368,0.01332929,-0.08589490,0.07187387,0.31234636,-0.08852885,0.06740508,0.08391862,0.02124699,0.00348469,24.29599705,4.14346642,58.03530096,30.69412080,0.20406454,-0.44043698,1.24702324,0.20495378,-0.44394789,1.24262498,10.13788518,0.00000001
4.28000000,SHIFT_WEIGHT,-0.01374177,-0.02303425,0.01335191,-0.08598402,0.07195064,0.31234304,-0.08861224,0.06747747,0.08382669,0.02124829,0.00348599,24.28809653,4.13423099,58.05432113,30.69240922,0.20419160,-0.44017179,1.24668638,0.20511458,-0.44366833,1.24236077,10.14455755,0.00000000
4.29000000,SHIFT_WEIGHT,-0.01376335,-0.02307233,0.01337311,-0.08606711,0.07202219,0.31234008,-0.08869005,0.06754500,0.08374083,0.02124936,0.00348705,24.28050333,4.12723004,58.07058212,30.69083082,0.20430802,-0.43992898,1.24637456,0.20526282,-0.44341103,1.24211795,10.15064341,0.00000000
4.30000000,SHIFT_WEIGHT,-0.01378309,-0.02310792,0.01339290,-0.08614428,0.07208866,0.31233749,-0.08876238,0.06760778,0.08366092,0.02125018,0.00348788,24.27322741,4.12244278,58.08410607,30.68937398,0.20441416,-0.43970782,1.24608705,0.20539888,-0.44317522,1.24189576,10.15614627,0.00000000
4.31000000,SHIFT_WEIGHT,-0.01380101,-0.02314104,0.01341131,-0.08621567,0.07215015,0.31233529,-0.08882936,0.06766592,0.08358684,0.02125078,0.00348848,24.26627971,4.11984466,58.09491957,30.68802497,0.20451039,-0.43950756,1.24582305,0.20552317,-0.44296013,1.24169336,10.16107033,0.00000000
4.32000000,SHIFT_WEIGHT,-0.01381714,-0.02317168,0.01342835,-0.08628141,0.07220681,0.31233346,-0.08889110,0.06771954,0.08351846,0.02125115,0.00348885,24.25967149,4.11940743,58.10305356,30.68676840,0.20459710,-0.43932745,1.24558174,0.20563612,-0.44276493,1.24150991,10.16542049,0.00000000
4.33000000,SHIFT_WEIGHT,-0.01383149,-0.02319987,0.01344407,-0.08634163,0.07225878,0.31233202,-0.08894773,0.06776877,0.08345565,0.02125129,0.00348899,24.25341385,4.12109929,58.10854330,30.68558763,0.20467470,-0.43916667,1.24536229,0.20573815,-0.44258878,1.24134454,10.16920234,0.00000000
4.34000000,SHIFT_WEIGHT,-0.01384409,-0.02322561,0.01345848,-0.08639648,0.07230619,0.31233096,-0.08899937,0.06781374,0.08339826,0.02125121,0.00348891,24.24751726,4.12488507,58.11142822,30.68446533,0.20474360,-0.43902442,1.24516379,0.20582971,-0.44243082,1.24119634,10.17242220,0.00000000
4.35000000,SHIFT_WEIGHT,-0.01385497,-0.02324894,0.01347162,-0.08644612,0.07234920,0.31233029,-0.08904617,0.06785460,0.08334615,0.02125092,0.00348861,24.24199116,4.13072650,58.11175193,30.68338387,0.20480423,-0.43889983,1.24498534,0.20591128,-0.44229014,1.24106439,10.17508710,0.00000000
4.36000000,SHIFT_WEIGHT,-0.01386417,-0.02326986,0.01348353,-0.08649069,0.07238796,0.31233001,-0.08908827,0.06789148,0.08329917,0.02125040,0.00348810,24.23684366,4.13858236,58.10956205,30.68232582,0.20485702,-0.43879203,1.24482599,0.20598333,-0.44216582,1.24094771,10.17720478,0.00000000
4.37000000,SHIFT_WEIGHT,-0.01387171,-0.02328840,0.01349424,-0.08653037,0.07242264,0.31233011,-0.08912582,0.06792453,0.08325714,0.02124968,0.00348737,24.23208131,4.14840871,58.10491021,30.68127433,0.20490243,-0.43870012,1.24468476,0.20604637,-0.44205690,1.24084533,10.17878371,0.00000000
4.38000000,SHIFT_WEIGHT,-0.01387764,-0.02330459,0.01350378,-0.08656533,0.07245341,0.31233060,-0.08915897,0.06795391,0.08321990,0.02124875,0.00348644,24.22770885,4.16015899,58.09785186,30.68021342,0.20494091,-0.43862317,1.24456062,0.20610089,-0.44196239,1.24075620,10.17983307,0.00000000
4.39000000,SHIFT_WEIGHT,-0.01388199,-0.02331847,0.01351220,-0.08659575,0.07248044,0.31233149,-0.08918790,0.06797979,0.08318727,0.02124761,0.00348531,24.22372911,4.17378417,58.08844628,30.67912834,0.20497295,-0.43856021,1.24445254,0.20614744,-0.44188128,1.24067929,10.18036277,0.00000000
4.40000000,SHIFT_WEIGHT,-0.01388481,-0.02333007,0.01351952,-0.08662182,0.07250391,0.31233275,-0.08921277,0.06800233,0.08315906,0.02124629,0.00348398,24.22014293,4.18923271,58.07675642,30.67800569,0.20499902,-0.43851026,1.24435945,0.20618656,-0.44181253,1.24061351,10.18038343,0.00000000
4.41000000,SHIFT_WEIGHT,-0.01388613,-0.02333943,0.01352579,-0.08664373,0.07252402,0.31233440,-0.08923377,0.06802171,0.08313508,0.02124477,0.00348247,24.21694910,4.20645067,58.06284885,30.67683363,0.20501963,-0.43847229,1.24428022,0.20621880,-0.44175505,1.24055775,10.17990640,0.00000000
4.42000000,SHIFT_WEIGHT,-0.01388601,-0.02334660,0.01353105,-0.08666169,0.07254095,0.31233643,-0.08925107,0.06803809,0.08311513,0.02124306,0.00348076,24.21414442,4.22538162,58.04679367,30.67560195,0.20503528,-0.43844526,1.24421372,0.20624476,-0.44170774,1.24051086,10.17894374,0.00000000
4.43000000,SHIFT_WEIGHT,-0.01388449,-0.02335162,0.01353534,-0.08667592,0.07255491,0.31233883,-0.08926487,0.06805168,0.08309899,0.02124118,0.00347888,24.21172374,4.24596665,58.02866439,30.67430212,0.20504651,-0.43842808,1.24415877,0.20626501,-0.44166947,1.24047167,10.17750822,0.00000000
4.44000000,SHIFT_WEIGHT,-0.01388161,-0.02335455,0.01353869,-0.08668662,0.07256610,0.31234161,-0.08927538,0.06806266,0.08308645,0.02123913,0.00347683,24.20968003,4.26814426,58.00853789,30.67292726,0.20505385,-0.43841965,1.24411417,0.20628018,-0.44163907,1.24043898,10.17561329,0.00000000
4.45000000,SHIFT_WEIGHT,-0.01387743,-0.02335544,0.01354115,-0.08669403,0.07257473,0.31234475,-0.08928279,0.06807122,0.08307729,0.02123691,0.00347460,24.20800456,4.29185037,57.98649431,30.67147213,0.20505785,-0.43841883,1.24407868,0.20629090,-0.44161534,1.24041155,10.17327312,0.00000000
4.46000000,SHIFT_WEIGHT,-0.01387199,-0.02335435,0.01354276,-0.08669838,0.07258103,0.31234825,-0.08928732,0.06807757,0.08307126,0.02123453,0.00347222,24.20668705,4.31701820,57.96261699,30.66993302,0.20505907,-0.43842444,1.24405102,0.20629780,-0.44159704,1.24038812,10.17050255,0.00000000
4.47000000,SHIFT_WEIGHT,-0.01386535,-0.02335134,0.01354356,-0.08669992,0.07258522,0.31235211,-0.08928920,0.06808191,0.08306812,0.02123199,0.00346969,24.20571579,4.34357828,57.93699235,30.66830769,0.20505810,-0.43843529,1.24402989,0.20630156,-0.44158293,1.24036739,10.16731711,0.00000000
4.48000000,SHIFT_WEIGHT,-0.01385757,-0.02334649,0.01354360,-0.08669891,0.07258753,0.31235631,-0.08928866,0.06808447,0.08306763,0.02122931,0.00346701,24.20504909,4.37145105,57.90974735,30.66681271,0.20505552,-0.43845013,1.24401395,0.20630285,-0.44157171,1.24034802,10.16373778,0.00000000
4.49000000,SHIFT_WEIGHT,-0.01384869,-0.02333987,0.01354292,-0.08669559,0.07258819,0.31236085,-0.08928592,0.06808545,0.08306952,0.02122649,0.00346419,24.20484685,4.40056333,57.88090615,30.66470682,0.20505195,-0.43846773,1.24400182,0.20630238,-0.44156205,1.24032867,10.15977109,0.00000004
4.50000000,SHIFT_WEIGHT,-0.01383875,-0.02333154,0.01354156,-0.08669024,0.07258746,0.31236572,-0.08928125,0.06808508,0.08307353,0.02122354,0.00346124,24.20513054,4.43086107,57.85058061,30.66253579,0.20504801,-0.43848676,1.24399210,0.20630085,-0.44155260,1.24030792,10.15543878,0.00000009
4.51000000,LIFT_LEG,-0.01382784,-0.02332159,0.01353958,-0.08668314,0.07258557,0.31237091,-0.08927489,0.06808360,0.08307937,0.02122047,0.00345816,24.20490308,4.46198264,57.81883685,30.66089232,0.20504432,-0.43850590,1.24398337,0.20629893,-0.44154218,1.24028467,10.15075858,0.00000002
4.52000000,LIFT_LEG,-0.01381606,-0.02331011,0.01353702,-0.08667456,0.07258279,0.31237641,-0.08926709,0.06808124,0.08308679,0.02121730,0.00345500,24.20551324,4.49265167,57.78596584,30.65779472,0.20504145,-0.43852403,1.24397450,0.20629685,-0.44153096,1.24025959,10.14578666,0.00000008
4.53000000,LIFT_LEG,-0.01380366,-0.02329730,0.01353395,-0.08666477,0.07257935,0.31238217,-0.08925811,0.06807822,0.08309551,0.02121413,0.00345183,24.20579112,4.52166806,57.75247795,30.65423025,0.20503972,-0.43854051,1.24396500,0.20629475,-0.44151955,1.24023412,10.14061745,0.00000003
4.54000000,LIFT_LEG,-0.01379097,-0.02328332,0.01353042,-0.08665404,0.07257548,0.31238813,-0.08924820,0.06807476,0.08310528,0.02121107,0.00344877,24.20672230,4.54812467,57.71905855,30.64945537,0.20503927,-0.43855509,1.24395495,0.20629273,-0.44150867,1.24020981,10.13536122,0.00000005
4.55000000,LIFT_LEG,-0.01377824,-0.02326844,0.01352654,-0.08664259,0.07257136,0.31239420,-0.08923757,0.06807104,0.08311589,0.02120822,0.00344591,24.20897812,4.57131757,57.68641021,30.64325052,0.20504022,-0.43856789,1.24394479,0.20629094,-0.44149897,1.24018815,10.13012217,0.00000000
4.56000000,LIFT_LEG,-0.01376572,-0.02325288,0.01352238,-0.08663064,0.07256718,0.31240027,-0.08922644,0.06806722,0.08312710,0.02120565,0.00344335,24.21148899,4.59085162,57.65509941,30.63745531,0.20504254,-0.43857919,1.24393522,0.20628949,-0.44149109,1.24017056,10.12499636,0.00000005
4.57000000,LIFT_LEG,-0.01375359,-0.02323680,0.01351800,-0.08661841,0.07256306,0.31240620,-0.08921500,0.06806343,0.08313873,0.02120344,0.00344114,24.21562421,4.60658136,57.62558902,30.63110279,0.20504618,-0.43858939,1.24392714,0.20628847,-0.44148562,1.24015832,10.12006602,0.00000006
4.58000000,LIFT_LEG,-0.01374197,-0.02322034,0.01351344,-0.08660606,0.07255910,0.31241187,-0.08920342,0.06805978,0.08315057,0.02120161,0.00343931,24.22155045,4.61813129,57.59822877,30.62468244,0.20505102,-0.43859899,1.24392165,0.20628805,-0.44148330,1.24015314,10.11540007,0.00000008
4.59000000,LIFT_LEG,-0.01373094,-0.02320359,0.01350872,-0.08659376,0.07255539,0.31241713,-0.08919188,0.06805635,0.08316246,0.02120016,0.00343786,24.22934155,4.62669867,57.57334423,30.61861393,0.20505693,-0.43860839,1.24391960,0.20628814,-0.44148381,1.24015428,10.11105995,0.00000009
4.60000000,LIFT_LEG,-0.01372050,-0.02318665,0.01350384,-0.08658166,0.07255197,0.31242186,-0.08918049,0.06805317,0.08317425,0.02119910,0.00343679,24.23984610,4.63169231,57.55103994,30.61247367,0.20506376,-0.43861814,1.24392216,0.20628897,-0.44148832,1.24016436,10.10707666,0.00000000
4.61000000,LIFT_LEG,-0.01371056,-0.02316962,0.01349878,-0.08656988,0.07254884,0.31242597,-0.08916940,0.06805026,0.08318581,0.02119840,0.00343610,24.25144933,4.63320763,57.53142655,30.60838880,0.20507136,-0.43862876,1.24393035,0.20629056,-0.44149691,1.24018356,10.10348096,0.00000000
4.62000000,LIFT_LEG,-0.01370106,-0.02315255,0.01349350,-0.08655853,0.07254602,0.31242935,-0.08915871,0.06804764,0.08319701,0.02119806,0.00343576,24.26506016,4.63157982,57.51443002,30.60541417,0.20507952,-0.43864070,1.24394506,0.20629296,-0.44150991,1.24021258,10.10027889,0.00000000
4.63000000,LIFT_LEG,-0.01369185,-0.02313552,0.01348793,-0.08654771,0.07254346,0.31243194,-0.08914851,0.06804526,0.08320775,0.02119806,0.00343576,24.28031929,4.62696343,57.49993718,30.60403217,0.20508806,-0.43865439,1.24396712,0.20629623,-0.44152757,1.24025202,10.09746518,0.00000000
4.64000000,LIFT_LEG,-0.01368274,-0.02311859,0.01348199,-0.08653750,0.07254113,0.31243370,-0.08913888,0.06804311,0.08321795,0.02119838,0.00343608,24.29695548,4.61949042,57.48774558,30.60446693,0.20509677,-0.43867027,1.24399731,0.20630040,-0.44155013,1.24030241,10.09502132,0.00000000
4.65000000,LIFT_LEG,-0.01367354,-0.02310183,0.01347560,-0.08652794,0.07253897,0.31243461,-0.08912987,0.06804113,0.08322756,0.02119901,0.00343670,24.31467153,4.60928759,57.47758706,30.60689987,0.20510547,-0.43868874,1.24403627,0.20630551,-0.44157779,1.24036420,10.09291784,0.00000000
4.66000000,LIFT_LEG,-0.01366401,-0.02308527,0.01346864,-0.08651907,0.07253691,0.31243467,-0.08912153,0.06803925,0.08323652,0.02119992,0.00343762,24.33316395,4.59648614,57.46914219,30.61147382,0.20511394,-0.43871016,1.24408460,0.20631160,-0.44161073,1.24043778,10.09111619,0.00000000
4.67000000,LIFT_LEG,-0.01365392,-0.02306893,0.01346100,-0.08651093,0.07253488,0.31243389,-0.08911388,0.06803741,0.08324482,0.02120112,0.00343882,24.35171424,4.58124030,57.46203914,30.61877200,0.20512200,-0.43873489,1.24414282,0.20631870,-0.44164909,1.24052346,10.08957078,0.00000009
4.68000000,LIFT_LEG,-0.01364301,-0.02305280,0.01345256,-0.08650351,0.07253278,0.31243231,-0.08910692,0.06803553,0.08325245,0.02120258,0.00344028,24.37105990,4.56369378,57.45594202,30.62779312,0.20512948,-0.43876326,1.24421135,0.20632681,-0.44169297,1.24062148,10.08823211,0.00000007
4.69000000,LIFT_LEG,-0.01363103,-0.02303688,0.01344323,-0.08649679,0.07253054,0.31242997,-0.08910065,0.06803353,0.08325944,0.02120429,0.00344199,24.39042004,4.54401814,57.45045104,30.63918495,0.20513623,-0.43879561,1.24429056,0.20633597,-0.44174247,1.24073206,10.08704637,0.00000005
4.70000000,LIFT_LEG,-0.01361775,-0.02302109,0.01343289,-0.08649073,0.07252808,0.31242691,-0.08909502,0.06803135,0.08326582,0.02120623,0.00344393,24.40932498,4.52240953,57.44516747,30.65328903,0.20514208,-0.43883221,1.24438079,0.20634618,-0.44179766,1.24085533,10.08595805,0.00000010
4.71000000,LIFT_LEG,-0.01360294,-0.02300535,0.01342143,-0.08648529,0.07252530,0.31242318,-0.08909001,0.06802889,0.08327165,0.02120838,0.00344608,24.42859822,4.49907311,57.43976665,30.66917286,0.20514693,-0.43887337,1.24448231,0.20635745,-0.44185858,1.24099141,10.08491483,0.00000004
4.72000000,LIFT_LEG,-0.01358638,-0.02298956,0.01340879,-0.08648039,0.07252214,0.31241884,-0.08908554,0.06802610,0.08327701,0.02121072,0.00344842,24.44771093,4.47420201,57.43389029,30.68730314,0.20515070,-0.43891937,1.24459535,0.20636979,-0.44192525,1.24114036,10.08386215,0.00000005
4.73000000,LIFT_LEG,-0.01356789,-0.02297361,0.01339490,-0.08647595,0.07251852,0.31241394,-0.08908154,0.06802289,0.08328198,0.02121324,0.00345093,24.46587172,4.44797848,57.42719266,30.70844096,0.20515332,-0.43897047,1.24472007,0.20638321,-0.44199771,1.24130223,10.08274640,0.00000005
4.74000000,LIFT_LEG,-0.01354733,-0.02295730,0.01337968,-0.08647189,0.07251437,0.31240853,-0.08907793,0.06801921,0.08328666,0.02121590,0.00345360,24.48373364,4.42063264,57.41939160,30.73197069,0.20515473,-0.43902690,1.24485667,0.20639770,-0.44207596,1.24147705,10.08152184,0.00000000
4.75000000,LIFT_LEG,-0.01352457,-0.02294049,0.01336311,-0.08646808,0.07250964,0.31240267,-0.08907461,0.06801501,0.08329118,0.02121869,0.00345639,24.50183720,4.39232179,57.41023381,30.75725211,0.20515494,-0.43908891,1.24500525,0.20641327,-0.44216001,1.24166482,10.08014174,0.00000000
4.76000000,LIFT_LEG,-0.01349951,-0.02292297,0.01334517,-0.08646442,0.07250429,0.31239639,-0.08907147,0.06801024,0.08329563,0.02122159,0.00345929,24.52034552,4.36320389,57.39946130,30.78404256,0.20515396,-0.43915671,1.24516592,0.20642992,-0.44224985,1.24186554,10.07856328,0.00000000
4.77000000,LIFT_LEG,-0.01347205,-0.02290459,0.01332586,-0.08646080,0.07249828,0.31238976,-0.08906840,0.06800487,0.08330016,0.02122459,0.00346228,24.53891276,4.33338953,57.38693866,30.81300896,0.20515186,-0.43923054,1.24533872,0.20644765,-0.44234548,1.24207921,10.07675182,0.00000000
4.78000000,LIFT_LEG,-0.01344215,-0.02288515,0.01330519,-0.08645708,0.07249158,0.31238280,-0.08906529,0.06799887,0.08330490,0.02122766,0.00346536,24.55792842,4.30297261,57.37247563,30.84367173,0.20514869,-0.43931060,1.24552369,0.20646646,-0.44244691,1.24230584,10.07467176,0.00000000
4.79000000,LIFT_LEG,-0.01340976,-0.02286449,0.01328320,-0.08645315,0.07248417,0.31237556,-0.08906203,0.06799222,0.08330995,0.02123080,0.00346850,24.57760532,4.27202876,57.35592994,30.87586884,0.20514455,-0.43939708,1.24572083,0.20648635,-0.44255413,1.24254544,10.07229257,0.00000000
4.80000000,LIFT_LEG,-0.01337488,-0.02284241,0.01325992,-0.08644888,0.07247603,0.31236807,-0.08905851,0.06798491,0.08331546,0.02123400,0.00347169,24.59815169,4.24061189,57.33718509,30.90944031,0.20513953,-0.43949014,1.24593017,0.20650733,-0.44266716,1.24279801,10.06958732,0.00000000
4.81000000,LIFT_LEG,-0.01333751,-0.02281873,0.01323539,-0.08644416,0.07246718,0.31236037,-0.08905460,0.06797693,0.08332155,0.02123725,0.00347494,24.61977176,4.20875633,57.31614995,30.94422970,0.20513373,-0.43958994,1.24615168,0.20652940,-0.44278599,1.24306356,10.06653278,0.00000000
4.82000000,LIFT_LEG,-0.01329767,-0.02279330,0.01320965,-0.08643888,0.07245760,0.31235247,-0.08905021,0.06796829,0.08332832,0.02124055,0.00347824,24.64266007,4.17647925,57.29275687,30.98008812,0.20512726,-0.43969661,1.24638534,0.20655255,-0.44291062,1.24334209,10.06310928,0.00000000
4.83000000,LIFT_LEG,-0.01325537,-0.02276595,0.01318276,-0.08643292,0.07244731,0.31234441,-0.08904523,0.06795899,0.08333590,0.02124389,0.00348159,24.66699665,4.14378358,57.26695935,31.01687759,0.20512024,-0.43981027,1.24663114,0.20657680,-0.44304105,1.24363361,10.05930052,0.00000000
4.84000000,LIFT_LEG,-0.01321065,-0.02273655,0.01315475,-0.08642620,0.07243631,0.31233621,-0.08903958,0.06794903,0.08334437,0.02124728,0.00348498,24.69294323,4.11066118,57.23872975,31.05447389,0.20511275,-0.43993100,1.24688904,0.20660214,-0.44317730,1.24393813,10.05509337,0.00000000
4.85000000,LIFT_LEG,-0.01316354,-0.02270495,0.01312567,-0.08641861,0.07242463,0.31232788,-0.08903316,0.06793845,0.08335383,0.02125072,0.00348841,24.72064048,4.07709586,57.20805699,31.09276886,0.20510492,-0.44005888,1.24715901,0.20662857,-0.44331935,1.24425566,10.05047772,0.00000000
4.86000000,LIFT_LEG,-0.01311407,-0.02267106,0.01309554,-0.08641009,0.07241228,0.31231943,-0.08902590,0.06792724,0.08336437,0.02125420,0.00349190,24.75020600,4.04306598,57.17494455,31.13167210,0.20509683,-0.44019397,1.24744102,0.20665610,-0.44346722,1.24458620,10.04544623,0.00000000
4.87000000,LIFT_LEG,-0.01306229,-0.02263477,0.01306439,-0.08640056,0.07239927,0.31231088,-0.08901773,0.06791542,0.08337605,0.02125774,0.00349543,24.78173328,4.00854668,57.13940863,31.17111210,0.20508857,-0.44033630,1.24773503,0.20668473,-0.44362090,1.24492975,10.03999418,0.00000000
4.88000000,LIFT_LEG,-0.01300822,-0.02259601,0.01303224,-0.08638996,0.07238562,0.31230224,-0.08900859,0.06790302,0.08338893,0.02126132,0.00349902,24.81529124,3.97351146,57.10147646,31.21103668,0.20508022,-0.44048588,1.24804102,0.20671446,-0.44378038,1.24528632,10.03411925,0.00000000
4.89000000,LIFT_LEG,-0.01295190,-0.02255472,0.01299908,-0.08637824,0.07237135,0.31229350,-0.08899844,0.06789003,0.08340306,0.02126497,0.00350266,24.85092462,3.93793341,57.06118483,31.25141281,0.20507182,-0.44064271,1.24835897,0.20674529,-0.44394568,1.24565590,10.02782137,0.00000000
4.90000000,LIFT_LEG,-0.01289334,-0.02251085,0.01296492,-0.08636537,0.07235648,0.31228466,-0.08898724,0.06787650,0.08341849,0.02126867,0.00350637,24.88865491,3.90178592,57.01857874,31.29222591,0.20506345,-0.44080676,1.24868885,0.20677722,-0.44411678,1.24603848,10.02110253,0.00000000
4.91000000,LIFT_LEG,-0.01283257,-0.02246437,0.01292975,-0.08635133,0.07234101,0.31227574,-0.08897497,0.06786241,0.08343523,0.02127244,0.00351014,24.92848185,3.86504313,56.97371020,31.33347856,0.20505513,-0.44097800,1.24903064,0.20681026,-0.44429367,1.24643404,10.01396661,0.00000000
4.92000000,LIFT_LEG,-0.01276961,-0.02241528,0.01289355,-0.08633608,0.07232496,0.31226671,-0.08896160,0.06784779,0.08345330,0.02127628,0.00351397,24.97038538,3.82768006,56.92663719,31.37518887,0.20504689,-0.44115638,1.24938433,0.20684440,-0.44447634,1.24684257,10.00641926,0.00000000
4.93000000,LIFT_LEG,-0.01270447,-0.02236357,0.01285628,-0.08631964,0.07230835,0.31225757,-0.08894713,0.06783265,0.08347271,0.02128018,0.00351788,25.01432789,3.78967267,56.87742269,31.41738850,0.20503877,-0.44134183,1.24974989,0.20687965,-0.44466478,1.24726402,9.99846768,0.00000000
4.94000000,LIFT_LEG,-0.01263717,-0.02230927,0.01281792,-0.08630200,0.07229118,0.31224832,-0.08893157,0.06781699,0.08349346,0.02128416,0.00352186,25.06025677,3.75099771,56.82613388,31.46012050,0.20503076,-0.44153426,1.25012731,0.20691600,-0.44485897,1.24769838,9.99012050,0.00000000
4.95000000,LIFT_LEG,-0.01256770,-0.02225239,0.01277844,-0.08628318,0.07227345,0.31223894,-0.08891491,0.06780082,0.08351553,0.02128822,0.00352592,25.10810699,3.71163262,56.77284140,31.50343696,0.20502287,-0.44173360,1.25051657,0.20695345,-0.44505889,1.24814559,9.98138764,0.00000000
4.96000000,LIFT_LEG,-0.01249608,-0.02219298,0.01273780,-0.08626319,0.07225517,0.31222942,-0.08889719,0.06778415,0.08353891,0.02129236,0.00353006,25.15780382,3.67155539,56.71761871,31.54739670,0.20501511,-0.44193973,1.25091764,0.20699200,-0.44526452,1.24860560,9.97228015,0.00000000
4.97000000,LIFT_LEG,-0.01242231,-0.02213109,0.01269597,-0.08624206,0.07223636,0.31221975,-0.08887841,0.06776699,0.08356357,0.02129659,0.00353429,25.20926535,3.63074445,56.66054150,31.59206291,0.20500745,-0.44215257,1.25133049,0.20703165,-0.44547582,1.24907837,9.96281005,0.00000001
4.98000000,LIFT_LEG,-0.01234640,-0.02206677,0.01265291,-0.08621983,0.07221700,0.31220991,-0.08885862,0.06774932,0.08358947,0.02130090,0.00353860,25.26240498,3.58917870,56.60168713,31.63750097,0.20499990,-0.44237201,1.25175510,0.20707239,-0.44569278,1.24956382,9.95299019,0.00000001
4.99000000,LIFT_LEG,-0.01226836,-0.02200009,0.01260860,-0.08619653,0.07219710,0.31219989,-0.08883784,0.06773117,0.08361659,0.02130531,0.00354301,25.31713362,3.54683750,56.54113413,31.68377634,0.20499243,-0.44259792,1.25219142,0.20711422,-0.44591535,1.25006189,9.94283411,0.00000001
5.00000000,LIFT_LEG,-0.01218821,-0.02193111,0.01256299,-0.08617221,0.07217667,0.31218967,-0.08881613,0.06771252,0.08364487,0.02130981,0.00354751,25.37336174,3.50370079,56.47896170,31.73095267,0.20498502,-0.44283021,1.25263940,0.20715714,-0.44614350,1.25057250,9.93235587,0.00000001
5.01000000,LIFT_LEG,-0.01210594,-0.02185992,0.01251609,-0.08614690,0.07215570,0.31217924,-0.08879351,0.06769339,0.08367428,0.02131442,0.00355211,25.43100102,3.45974933,56.41524919,31.77909012,0.20497768,-0.44306876,1.25309899,0.20720114,-0.44637720,1.25109557,9.92156993,0.00000001
5.02000000,LIFT_LEG,-0.01202158,-0.02178658,0.01246786,-0.08612067,0.07213420,0.31216858,-0.08877003,0.06767377,0.08370476,0.02131912,0.00355682,25.48996578,3.41496491,56.35007563,31.82824391,0.20497036,-0.44331347,1.25357012,0.20724621,-0.44661638,1.25163098,9.91049096,0.00000001
5.03000000,LIFT_LEG,-0.01193515,-0.02171118,0.01241830,-0.08609357,0.07211217,0.31215767,-0.08874574,0.06765366,0.08373627,0.02132394,0.00356164,25.55017409,3.36933072,56.28351921,31.87846313,0.20496306,-0.44356421,1.25405271,0.20729236,-0.44686102,1.25217865,9.89913372,0.00000001
5.04000000,LIFT_LEG,-0.01184666,-0.02163379,0.01236741,-0.08606563,0.07208961,0.31214650,-0.08872070,0.06763307,0.08376875,0.02132887,0.00356657,25.61154858,3.32283164,56.21565680,31.92978976,0.20495576,-0.44382090,1.25454668,0.20733957,-0.44711105,1.25273846,9.88751293,0.00000001
5.05000000,LIFT_LEG,-0.01175616,-0.02155450,0.01231519,-0.08603692,0.07206653,0.31213507,-0.08869494,0.06761200,0.08380216,0.02133392,0.00357161,25.67401699,3.27545465,56.14656350,31.98225798,0.20494845,-0.44408342,1.25505192,0.20738784,-0.44736641,1.25331028,9.87564310,0.00000001
5.06000000,LIFT_LEG,-0.01166366,-0.02147338,0.01226165,-0.08600748,0.07204293,0.31212335,-0.08866852,0.06759046,0.08383644,0.02133908,0.00357678,25.73751244,3.22718925,56.07631211,32.03589371,0.20494111,-0.44435168,1.25556833,0.20743715,-0.44762705,1.25389398,9.86353842,0.00000001
5.07000000,LIFT_LEG,-0.01156921,-0.02139052,0.01220681,-0.08597738,0.07201881,0.31211133,-0.08864148,0.06756845,0.08387155,0.02134437,0.00358207,25.80197355,3.17802777,56.00497277,32.09071431,0.20493373,-0.44462559,1.25609578,0.20748750,-0.44789290,1.25448942,9.85121264,0.00000001
5.08000000,LIFT_LEG,-0.01147284,-0.02130597,0.01215068,-0.08594664,0.07199419,0.31209901,-0.08861387,0.06754597,0.08390743,0.02134979,0.00358749,25.86734430,3.12796577,55.93261255,32.14672856,0.20492629,-0.44490505,1.25663413,0.20753888,-0.44816389,1.25509644,9.83867899,0.00000001
5.09000000,LIFT_LEG,-0.01137459,-0.02121983,0.01209330,-0.08591533,0.07196908,0.31208638,-0.08858573,0.06752303,0.08394404,0.02135534,0.00359304,25.93357377,3.07700237,55.85929508,32.20393678,0.20491880,-0.44518998,1.25718325,0.20759127,-0.44843994,1.25571487,9.82595004,0.00000001
5.10000000,LIFT_LEG,-0.01127451,-0.02113215,0.01203469,-0.08588349,0.07194347,0.31207343,-0.08855710,0.06749965,0.08398134,0.02136103,0.00359873,26.00061582,3.02514047,55.78508031,32.26233111,0.20491124,-0.44548030,1.25774296,0.20764467,-0.44872097,1.25634453,9.81303768,0.00000001
5.11000000,LIFT_LEG,-0.01117265,-0.02104301,0.01197490,-0.08585115,0.07191738,0.31206015,-0.08852803,0.06747582,0.08401928,0.02136686,0.00360456,26.06842858,2.97238702,55.71002431,32.32189588,0.20490362,-0.44577592,1.25831311,0.20769906,-0.44900688,1.25698523,9.79995302,0.00000001
5.12000000,LIFT_LEG,-0.01106905,-0.02095247,0.01191395,-0.08581836,0.07189083,0.31204655,-0.08849856,0.06745157,0.08405782,0.02137283,0.00361053,26.13697401,2.91875310,55.63417910,32.38260820,0.20489591,-0.44607677,1.25889349,0.20775442,-0.44929760,1.25763678,9.78670638,0.00000001
5.13000000,LIFT_LEG,-0.01096378,-0.02086059,0.01185190,-0.08578516,0.07186382,0.31203262,-0.08846871,0.06742689,0.08409693,0.02137895,0.00361665,26.20621736,2.86425403,55.55759262,32.44443848,0.20488813,-0.44638277,1.25948393,0.20781074,-0.44959302,1.25829894,9.77330728,0.00000001
5.14000000,LIFT_LEG,-0.01085688,-0.02076743,0.01178878,-0.08575158,0.07183637,0.31201837,-0.08843851,0.06740181,0.08413658,0.02138522,0.00362292,26.27612660,2.80890939,55.48030878,32.50735112,0.20488027,-0.44669383,1.26008421,0.20786801,-0.44989303,1.25897149,9.75976438,0.00000001
5.15000000,LIFT_LEG,-0.01074841,-0.02067304,0.01172464,-0.08571764,0.07180849,0.31200379,-0.08840801,0.06737633,0.08417672,0.02139164,0.00362934,26.34667200,2.75274287,55.40236755,32.57130518,0.20487233,-0.44700989,1.26069410,0.20792620,-0.45019753,1.25965420,9.74608555,0.00000001
5.16000000,LIFT_LEG,-0.01063843,-0.02057748,0.01165953,-0.08568338,0.07178020,0.31198889,-0.08837721,0.06735047,0.08421734,0.02139822,0.00363592,26.41782555,2.69578219,55.32380515,32.63625512,0.20486432,-0.44733086,1.26131340,0.20798530,-0.45050640,1.26034680,9.73227791,0.00000001
5.17000000,LIFT_LEG,-0.01052699,-0.02048079,0.01159348,-0.08564882,0.07175150,0.31197367,-0.08834616,0.06732424,0.08425840,0.02140495,0.00364265,26.48956059,2.63805884,55.24465432,32.70215148,0.20485623,-0.44765667,1.26194185,0.20804528,-0.45081952,1.26104904,9.71834781,0.00000001
5.18000000,LIFT_LEG,-0.01041416,-0.02038302,0.01152655,-0.08561399,0.07172242,0.31195814,-0.08831486,0.06729766,0.08429989,0.02141185,0.00364955,26.56185137,2.57960784,55.16494467,32.76894159,0.20484807,-0.44798722,1.26257920,0.20810613,-0.45113677,1.26176063,9.70430094,0.00000001
5.19000000,LIFT_LEG,-0.01029998,-0.02028422,0.01145878,-0.08557890,0.07169298,0.31194232,-0.08828334,0.06727073,0.08434178,0.02141891,0.00365661,26.63467272,2.52046738,55.08470299,32.83657020,0.20483985,-0.44832244,1.26322520,0.20816783,-0.45145801,1.26248128,9.69014241,0.00000001
5.20000000,LIFT_LEG,-0.01018452,-0.02018442,0.01139021,-0.08554357,0.07166318,0.31192621,-0.08825161,0.06724349,0.08438405,0.02142613,0.00366383,26.70799973,2.46067848,55.00395377,32.90498018,0.20483157,-0.44866222,1.26387959,0.20823034,-0.45178311,1.26321071,9.67587678,0.00000001
5.21000000,LIFT_LEG,-0.01006785,-0.02008367,0.01132089,-0.08550802,0.07163305,0.31190982,-0.08821968,0.06721593,0.08442668,0.02143352,0.00367122,26.78180746,2.40028460,54.92271958,32.97411304,0.20482325,-0.44900648,1.26454208,0.20829366,-0.45211194,1.26394859,9.66150818,0.00000001
5.22000000,LIFT_LEG,-0.00995000,-0.01998201,0.01125085,-0.08547226,0.07160260,0.31189316,-0.08818758,0.06718808,0.08446967,0.02144108,0.00367878,26.85607078,2.33933118,54.84102160,33.04390953,0.20481488,-0.44935512,1.26521239,0.20835774,-0.45244434,1.26469462,9.64704039,0.00000001
5.23000000,LIFT_LEG,-0.00983106,-0.01987947,0.01118014,-0.08543630,0.07157185,0.31187624,-0.08815531,0.06715995,0.08451299,0.02144881,0.00368651,26.93076413,2.27786531,54.75888008,33.11431006,0.20480648,-0.44970803,1.26589024,0.20842258,-0.45278017,1.26544847,9.63247696,0.00000001
5.24000000,LIFT_LEG,-0.00971106,-0.01977609,0.01110879,-0.08540015,0.07154081,0.31185909,-0.08812288,0.06713155,0.08455663,0.02145671,0.00369441,27.00586140,2.21593520,54.67631486,33.18525520,0.20479806,-0.45006509,1.26657532,0.20848813,-0.45311929,1.26620979,9.61782124,0.00000001
5.25000000,LIFT_LEG,-0.00959009,-0.01967191,0.01103684,-0.08536383,0.07150951,0.31184171,-0.08809030,0.06710291,0.08460058,0.02146479,0.00370248,27.08133577,2.15358987,54.59334580,33.25668599,0.20478963,-0.45042620,1.26726734,0.20855438,-0.45346153,1.26697826,9.60307653,0.00000001
5.26000000,LIFT_LEG,-0.00946818,-0.01956696,0.01096433,-0.08532734,0.07147796,0.31182411,-0.08805758,0.06707404,0.08464483,0.02147304,0.00371074,27.15715965,2.09087875,54.50999327,33.32854431,0.20478121,-0.45079122,1.26796599,0.20862129,-0.45380674,1.26775353,9.58824613,0.00000001
5.27000000,LIFT_LEG,-0.00934541,-0.01946129,0.01089129,-0.08529069,0.07144617,0.31180632,-0.08802473,0.06704495,0.08468937,0.02148148,0.00371917,27.23330454,2.02785129,54.42627856,33.40077312,0.20477281,-0.45116003,1.26867096,0.20868884,-0.45415477,1.26853524,9.57333346,0.00000001
5.28000000,LIFT_LEG,-0.00922183,-0.01935492,0.01081775,-0.08525390,0.07141416,0.31178834,-0.08799175,0.06701566,0.08473418,0.02149009,0.00372779,27.30974099,1.96455669,54.34222425,33.47331667,0.20476444,-0.45153249,1.26938193,0.20875701,-0.45450545,1.26932303,9.55834209,0.00000001
5.29000000,LIFT_LEG,-0.00909750,-0.01924790,0.01074375,-0.08521696,0.07138196,0.31177019,-0.08795865,0.06698618,0.08477926,0.02149890,0.00373660,27.38643852,1.90104363,54.25785457,33.54612066,0.20475613,-0.45190846,1.27009859,0.20882575,-0.45485863,1.27011655,9.54327584,0.00000001
5.30000000,LIFT_LEG,-0.00897249,-0.01914027,0.01066931,-0.08517989,0.07134957,0.31175189,-0.08792545,0.06695654,0.08482459,0.02150789,0.00374559,27.46336347,1.83749540,54.17319829,33.61913018,0.20474789,-0.45228779,1.27082062,0.20889504,-0.45521413,1.27091544,9.52813915,0.00000001
5.31000000,LIFT_LEG,-0.00884687,-0.01903207,0.01059447,-0.08514270,0.07131702,0.31173344,-0.08789214,0.06692674,0.08487017,0.02151710,0.00375480,27.54045662,1.77418529,54.08831279,33.69227380,0.20473977,-0.45267036,1.27154782,0.20896485,-0.45557180,1.27171934,9.51293996,0.00000001
5.32000000,LIFT_LEG,-0.00872073,-0.01892337,0.01051926,-0.08510540,0.07128432,0.31171488,-0.08785874,0.06689681,0.08491597,0.02152657,0.00376427,27.61764272,1.71102238,54.00325900,33.76548122,0.20473180,-0.45305601,1.27227993,0.20903516,-0.45593151,1.27252795,9.49768624,0.00000001
5.33000000,LIFT_LEG,-0.00859416,-0.01881423,0.01044372,-0.08506801,0.07125150,0.31169621,-0.08782527,0.06686676,0.08496197,0.02153632,0.00377402,27.69485438,1.64792767,53.91808054,33.83868876,0.20472405,-0.45344456,1.27301665,0.20910595,-0.45629311,1.27334095,9.48238417,0.00000001
5.34000000,LIFT_LEG,-0.00846724,-0.01870473,0.01036790,-0.08503053,0.07121858,0.31167745,-0.08779172,0.06683662,0.08500817,0.02154638,0.00378408,27.77203750,1.58486449,53.83281283,33.91183589,0.20471656,-0.45383584,1.27375767,0.20917717,-0.45665646,1.27415802,9.46703973,0.00000001
5.35000000,LIFT_LEG,-0.00834004,-0.01859492,0.01029183,-0.08499299,0.07118557,0.31165863,-0.08775813,0.06680640,0.08505454,0.02155677,0.00379447,27.84915103,1.52182804,53.74749038,33.98486704,0.20470937,-0.45422965,1.27450265,0.20924882,-0.45702141,1.27497881,9.45165931,0.00000001
5.36000000,LIFT_LEG,-0.00821265,-0.01848485,0.01021556,-0.08495540,0.07115250,0.31163976,-0.08772449,0.06677612,0.08510106,0.02156752,0.00380522,27.92616391,1.45883486,53.66215115,34.05773363,0.20470251,-0.45462580,1.27525128,0.20932085,-0.45738779,1.27580298,9.43624998,0.00000001
5.37000000,LIFT_LEG,-0.00808513,-0.01837458,0.01013913,-0.08491778,0.07111940,0.31162084,-0.08769083,0.06674580,0.08514770,0.02157862,0.00381632,28.00305122,1.39591432,53.57683832,34.13039463,0.20469601,-0.45502410,1.27600324,0.20939324,-0.45775545,1.27663017,9.42081957,0.00000001
5.38000000,LIFT_LEG,-0.00795756,-0.01826416,0.01006258,-0.08488014,0.07108627,0.31160190,-0.08765716,0.06671546,0.08519446,0.02159010,0.00382780,28.07979070,1.33310214,53.49160009,34.20281594,0.20468990,-0.45542435,1.27675819,0.20946595,-0.45812423,1.27746001,9.40537649,0.00000001
5.39000000,LIFT_LEG,-0.00783000,-0.01815363,0.00998595,-0.08484250,0.07105314,0.31158295,-0.08762350,0.06668512,0.08524130,0.02160196,0.00383966,28.15636014,1.27043595,53.40648860,34.27496894,0.20468421,-0.45582634,1.27751583,0.20953896,-0.45849396,1.27829214,9.38992965,0.00000001
5.40000000,LIFT_LEG,-0.00770252,-0.01804306,0.00990927,-0.08480488,0.07102002,0.31156399,-0.08758986,0.06665479,0.08528821,0.02161421,0.00385191,28.23273560,1.20795229,53.32155833,34.34682891,0.20467895,-0.45622988,1.27827584,0.20961223,-0.45886448,1.27912618,9.37448824,0.00000001
5.41000000,LIFT_LEG,-0.00757519,-0.01793249,0.00983258,-0.08476730,0.07098694,0.31154503,-0.08755626,0.06662449,0.08533517,0.02162685,0.00386455,28.30889035,1.14568493,53.23686459,34.41837359,0.20467415,-0.45663475,1.27903789,0.20968574,-0.45923562,1.27996177,9.35906159,0.00000001
5.42000000,LIFT_LEG,-0.00744808,-0.01782197,0.00975591,-0.08472978,0.07095392,0.31152607,-0.08752271,0.06659424,0.08538214,0.02163989,0.00387759,28.38479442,1.08366392,53.15246231,34.48958211,0.20466982,-0.45704075,1.27980168,0.20975944,-0.45960721,1.28079855,9.34365903,0.00000001
5.43000000,LIFT_LEG,-0.00732125,-0.01771157,0.00967931,-0.08469233,0.07092096,0.31150713,-0.08748924,0.06656405,0.08542911,0.02165333,0.00389103,28.46041465,1.02191530,53.06840510,34.56043437,0.20466598,-0.45744766,1.28056687,0.20983331,-0.45997911,1.28163613,9.32828979,0.00000001
5.44000000,LIFT_LEG,-0.00719477,-0.01760134,0.00960280,-0.08465498,0.07088809,0.31148821,-0.08745586,0.06653394,0.08547606,0.02166718,0.00390488,28.53571505,0.96046118,52.98474464,34.63091072,0.20466265,-0.45785527,1.28133315,0.20990732,-0.46035114,1.28247417,9.31296291,0.00000001
5.45000000,LIFT_LEG,-0.00706869,-0.01749134,0.00952642,-0.08461775,0.07085532,0.31146932,-0.08742258,0.06650391,0.08552295,0.02168144,0.00391914,28.61065743,0.89931995,52.90153028,34.70099184,0.20465984,-0.45826337,1.28210019,0.20998143,-0.46072313,1.28331227,9.29768722,0.00000001
5.46000000,LIFT_LEG,-0.00694308,-0.01738163,0.00945020,-0.08458065,0.07082266,0.31145047,-0.08738944,0.06647400,0.08556976,0.02169610,0.00393380,28.68520221,0.83850675,52.81880886,34.77065887,0.20465755,-0.45867174,1.28286768,0.21005561,-0.46109493,1.28415009,9.28247124,0.00000001
5.47000000,LIFT_LEG,-0.00681799,-0.01727226,0.00937417,-0.08454371,0.07079014,0.31143165,-0.08735643,0.06644420,0.08561647,0.02171118,0.00394887,28.75930937,0.77803386,52.73662460,34.83989353,0.20465580,-0.45908016,1.28363527,0.21012984,-0.46146637,1.28498724,9.26732322,0.00000001
5.48000000,LIFT_LEG,-0.00669349,-0.01716330,0.00929836,-0.08450694,0.07075776,0.31141288,-0.08732359,0.06641453,0.08566305,0.02172666,0.00396435,28.83293933,0.71791108,52.65501902,34.90867832,0.20465458,-0.45948842,1.28440263,0.21020406,-0.46183728,1.28582335,9.25225108,0.00000001
5.49000000,LIFT_LEG,-0.00656962,-0.01705479,0.00922281,-0.08447038,0.07072554,0.31139417,-0.08729093,0.06638501,0.08570948,0.02174254,0.00398024,28.90605390,0.65814609,52.57403093,34.97699669,0.20465390,-0.45989629,1.28516943,0.21027826,-0.46220751,1.28665806,9.23726238,0.00000001
5.50000000,LIFT_LEG,-0.00644643,-0.01694679,0.00914755,-0.08443403,0.07069350,0.31137551,-0.08725847,0.06635565,0.08575573,0.02175882,0.00399652,28.97861708,0.59874471,52.49369640,35.04483327,0.20465377,-0.46030356,1.28593533,0.21035240,-0.46257687,1.28749099,9.22236432,0.00000001
5.51000000,LIFT_LEG,-0.00632399,-0.01683936,0.00907260,-0.08439791,0.07066163,0.31135693,-0.08722622,0.06632645,0.08580178,0.02177549,0.00401319,29.05059574,0.53971110,52.41404872,35.11217397,0.20465416,-0.46071002,1.28669998,0.21042644,-0.46294522,1.28832175,9.20756374,0.00000001
5.52000000,LIFT_LEG,-0.00620232,-0.01673254,0.00899801,-0.08436205,0.07062997,0.31133842,-0.08719420,0.06629743,0.08584761,0.02179254,0.00403023,29.12196022,0.48104794,52.33511832,35.17900615,0.20465508,-0.46111544,1.28746304,0.21050035,-0.46331237,1.28914997,9.19286702,0.00000001
5.53000000,LIFT_LEG,-0.00608148,-0.01662639,0.00892381,-0.08432646,0.07059851,0.31131999,-0.08716243,0.06626860,0.08589319,0.02180995,0.00404764,29.19268474,0.42275653,52.25693270,35.24531872,0.20465652,-0.46151962,1.28822415,0.21057409,-0.46367816,1.28997527,9.17828015,0.00000001
5.54000000,LIFT_LEG,-0.00596151,-0.01652093,0.00885001,-0.08429116,0.07056726,0.31130165,-0.08713092,0.06623997,0.08593850,0.02182770,0.00406540,29.26274765,0.36483695,52.17951632,35.31110222,0.20465845,-0.46192234,1.28898295,0.21064764,-0.46404243,1.29079726,9.16380862,0.00000001
5.55000000,LIFT_LEG,-0.00584246,-0.01641623,0.00877667,-0.08425615,0.07053625,0.31128340,-0.08709968,0.06621154,0.08598352,0.02184582,0.00408351,29.33206226,0.31405731,52.10295521,35.37625874,0.20466091,-0.46232390,1.28973951,0.21072095,-0.46440499,1.29161557,9.14946562,0.00000001
5.56000000,LIFT_LEG,-0.00572495,-0.01631251,0.00870381,-0.08422149,0.07050550,0.31126530,-0.08706877,0.06618335,0.08602819,0.02186458,0.00410228,29.39982332,0.27331352,52.02773797,35.43893693,0.20466439,-0.46272887,1.29049576,0.21079405,-0.46476601,1.29243053,9.13532776,0.00000001
5.57000000,LIFT_LEG,-0.00560957,-0.01621004,0.00863137,-0.08418728,0.07047509,0.31124747,-0.08703830,0.06615546,0.08607240,0.02188405,0.00412175,29.46572687,0.23151907,51.95350835,35.49849100,0.20466928,-0.46313856,1.29124995,0.21086699,-0.46512574,1.29324270,9.12135088,0.00000001
5.58000000,LIFT_LEG,-0.00549636,-0.01610891,0.00855925,-0.08415362,0.07044510,0.31122998,-0.08700836,0.06612794,0.08611605,0.02190419,0.00414189,29.52968880,0.18873598,51.88004471,35.55510216,0.20467567,-0.46355198,1.29200061,0.21093976,-0.46548404,1.29405181,9.10751380,0.00000001
5.59000000,LIFT_LEG,-0.00538518,-0.01600915,0.00848726,-0.08412062,0.07041557,0.31121288,-0.08697904,0.06610084,0.08615908,0.02192495,0.00416265,29.59174478,0.14515756,51.80736555,35.60903399,0.20468347,-0.46396797,1.29274690,0.21101228,-0.46584068,1.29485731,9.09382604,0.00000001
5.60000000,LIFT_LEG,-0.00527596,-0.01591084,0.00841522,-0.08408837,0.07038656,0.31119618,-0.08695043,0.06607422,0.08620142,0.02194635,0.00418405,29.65157069,0.10990538,51.73584432,35.66064431,0.20469196,-0.46438607,1.29348962,0.21108453,-0.46619544,1.29565869,9.08033475,0.00000001
5.61000000,LIFT_LEG,-0.00516873,-0.01581453,0.00834326,-0.08405697,0.07035815,0.31117993,-0.08692263,0.06604815,0.08624299,0.02196874,0.00420644,29.70720470,0.08678721,51.66569197,35.71046048,0.20469881,-0.46480682,1.29423268,0.21115652,-0.46654838,1.29645611,9.06703112,0.00000001
5.62000000,LIFT_LEG,-0.00506455,-0.01572050,0.00827113,-0.08402657,0.07033042,0.31116416,-0.08689577,0.06602270,0.08628366,0.02199353,0.00423122,29.76150665,0.06721856,51.59927869,35.75468146,0.20471284,-0.46522979,1.29497437,0.21122830,-0.46689987,1.29725036,9.05430874,0.00000001
5.63000000,LIFT_LEG,-0.00496455,-0.01562758,0.00819792,-0.08399730,0.07030337,0.31114885,-0.08687019,0.06599785,0.08632309,0.02201322,0.00425091,29.82060269,0.00000000,51.52694563,35.78624242,0.20473262,-0.46569350,1.29567390,0.21129994,-0.46725012,1.29804196,9.04112934,0.00000001
5.64000000,LIFT_LEG,-0.00486639,-0.01553112,0.00811971,-0.08396958,0.07027689,0.31113368,-0.08684629,0.06597354,0.08636122,0.02203055,0.00426825,29.88430832,0.00000000,51.45287999,35.80509789,0.20475821,-0.46618382,1.29637831,0.21137062,-0.46759522,1.29882207,9.02816731,0.00000009
5.65000000,LIFT_LEG,-0.00477376,-0.01543686,0.00803614,-0.08394356,0.07025096,0.31111870,-0.08682379,0.06594972,0.08639856,0.02205867,0.00429637,29.93801447,0.00000000,51.39883680,35.83401140,0.20479677,-0.46662627,1.29710810,0.21144114,-0.46793905,1.29959942,9.01743265,0.00000003
5.66000000,LIFT_LEG,-0.00468834,-0.01535174,0.00794989,-0.08391914,0.07022567,0.31110418,-0.08680252,0.06592643,0.08643484,0.02209995,0.00433765,29.97833598,0.00000000,51.36320305,35.87120466,0.20484748,-0.46702101,1.29786091,0.21151235,-0.46828577,1.30038345,9.00847247,0.00000006
5.67000000,LIFT_LEG,-0.00461050,-0.01527911,0.00786396,-0.08389629,0.07020118,0.31109051,-0.08678248,0.06590382,0.08646947,0.02215348,0.00439118,30.00253093,0.00000000,51.33990473,35.91348252,0.20490801,-0.46738683,1.29863247,0.21158463,-0.46863720,1.30117826,9.00075094,0.00000001
5.68000000,LIFT_LEG,-0.00454033,-0.01521892,0.00778085,-0.08387508,0.07017772,0.31107808,-0.08676380,0.06588207,0.08650189,0.02221761,0.00445531,30.01485405,0.00000000,51.32304304,35.95260200,0.20497594,-0.46774006,1.29941914,0.21165798,-0.46899330,1.30198376,8.99385471,0.00000001
5.69000000,LIFT_LEG,-0.00447775,-0.01516933,0.00770255,-0.08385560,0.07015549,0.31106721,-0.08674660,0.06586140,0.08653178,0.02229067,0.00452837,30.01700285,0.00000000,51.30856526,35.98615235,0.20504913,-0.46809062,1.30021772,0.21173217,-0.46935301,1.30279759,8.98751917,0.00000001
5.70000000,LIFT_LEG,-0.00442263,-0.01512812,0.00763060,-0.08383791,0.07013469,0.31105809,-0.08673099,0.06584198,0.08655902,0.02237117,0.00460887,30.01176579,0.00000000,51.29434052,36.01207389,0.20512571,-0.46844309,1.30102526,0.21180696,-0.46971505,1.30361682,8.98161311,0.00000001
5.71000000,LIFT_LEG,-0.00437482,-0.01509336,0.00756619,-0.08382204,0.07011552,0.31105079,-0.08671703,0.06582400,0.08658367,0.02245790,0.00469560,30.00129611,0.00000000,51.27987494,36.03024159,0.20520417,-0.46879881,1.30183904,0.21188209,-0.47007822,1.30443875,8.97611515,0.00000001
5.72000000,LIFT_LEG,-0.00433413,-0.01506372,0.00751020,-0.08380797,0.07009812,0.31104525,-0.08670470,0.06580759,0.08660585,0.02254989,0.00478759,29.98729530,0.00000000,51.26569562,36.04145066,0.20528342,-0.46915747,1.30265666,0.21195737,-0.47044159,1.30526130,8.97107389,0.00000001
5.73000000,LIFT_LEG,-0.00430038,-0.01503838,0.00746322,-0.08379561,0.07008260,0.31104134,-0.08669395,0.06579288,0.08662576,0.02264639,0.00488409,29.97113327,0.00000000,51.25280701,36.04682147,0.20536273,-0.46951812,1.30347617,0.21203267,-0.47080452,1.30608298,8.96657216,0.00000001
5.74000000,LIFT_LEG,-0.00427339,-0.01501692,0.00742555,-0.08378487,0.07006905,0.31103886,-0.08668470,0.06577995,0.08664357,0.02274682,0.00498451,29.95373601,0.00000000,51.24231117,36.04773031,0.20544171,-0.46987969,1.30429603,0.21210790,-0.47116654,1.30690277,8.96269932,0.00000001
5.75000000,LIFT_LEG,-0.00425298,-0.01499910,0.00739722,-0.08377565,0.07005754,0.31103758,-0.08667683,0.06576886,0.08665944,0.02285069,0.00508839,29.93703423,0.00000000,51.23508490,36.04375611,0.20552017,-0.47024121,1.30511505,0.21218297,-0.47152730,1.30771985,8.95952816,0.00000008
5.76000000,LIFT_LEG,-0.00423898,-0.01498471,0.00737804,-0.08376783,0.07004808,0.31103726,-0.08667025,0.06575965,0.08667351,0.02295758,0.00519528,29.91980809,0.00000000,51.23176817,36.03786693,0.20559811,-0.47060190,1.30593229,0.21225782,-0.47188648,1.30853350,8.95710992,0.00000003
5.77000000,LIFT_LEG,-0.00423115,-0.01497357,0.00736758,-0.08376131,0.07004067,0.31103768,-0.08666486,0.06575233,0.08668588,0.02306708,0.00530478,29.90504300,0.00000000,51.23274558,36.02780420,0.20567554,-0.47096119,1.30674686,0.21233238,-0.47224375,1.30934294,8.95547020,0.00000001
5.78000000,LIFT_LEG,-0.00422915,-0.01496549,0.00736528,-0.08375599,0.07003530,0.31103864,-0.08666056,0.06574687,0.08669664,0.02317876,0.00541646,29.89147754,0.00000000,51.23813460,36.01582088,0.20575250,-0.47131862,1.30755792,0.21240657,-0.47259871,1.31014732,8.95460562,0.00000001
5.79000000,LIFT_LEG,-0.00423258,-0.01496026,0.00737045,-0.08375179,0.07003189,0.31103996,-0.08665729,0.06574324,0.08670587,0.02329219,0.00552989,29.87967493,0.00000000,51.24752186,36.00157556,0.20582894,-0.47167380,1.30836456,0.21248030,-0.47295096,1.31094569,8.95444724,0.00000002
5.80000000,LIFT_LEG,-0.00424102,-0.01495766,0.00738229,-0.08374863,0.07003038,0.31104150,-0.08665498,0.06574136,0.08671362,0.02340696,0.00564466,29.86983324,0.00000000,51.26152561,35.98517015,0.20590478,-0.47202634,1.30916585,0.21255348,-0.47330009,1.31173712,8.95508575,0.00000001
5.81000000,LIFT_LEG,-0.00425398,-0.01495743,0.00739995,-0.08374647,0.07003067,0.31104317,-0.08665357,0.06574117,0.08671994,0.02352265,0.00576035,29.86168626,0.00000000,51.27879130,35.96691967,0.20597994,-0.47237587,1.30996082,0.21262600,-0.47364562,1.31252053,8.95631382,0.00000001
5.82000000,LIFT_LEG,-0.00427093,-0.01495940,0.00742258,-0.08374526,0.07003262,0.31104488,-0.08665302,0.06574254,0.08672488,0.02363886,0.00587655,29.85493780,0.00000000,51.29934631,35.94713649,0.20605431,-0.47272203,1.31074844,0.21269778,-0.47398710,1.31329490,8.95813721,0.00000001
5.83000000,LIFT_LEG,-0.00429133,-0.01496340,0.00744930,-0.08374494,0.07003609,0.31104658,-0.08665330,0.06574535,0.08672849,0.02375521,0.00599291,29.84921368,0.00000000,51.32268219,35.92611794,0.20612777,-0.47306442,1.31152769,0.21276871,-0.47432410,1.31405924,8.96047818,0.00000001
5.84000000,LIFT_LEG,-0.00431462,-0.01496928,0.00747928,-0.08374549,0.07004094,0.31104824,-0.08665438,0.06574947,0.08673081,0.02387139,0.00610909,29.84410277,0.00000000,51.34832557,35.90417551,0.20620024,-0.47340264,1.31229757,0.21283871,-0.47465620,1.31481257,8.96326544,0.00000001
5.85000000,LIFT_LEG,-0.00434027,-0.01497691,0.00751172,-0.08374686,0.07004700,0.31104986,-0.08665621,0.06575475,0.08673191,0.02398709,0.00622479,29.83919398,0.00000000,51.37580085,35.88162192,0.20627163,-0.47373629,1.31305711,0.21290768,-0.47498299,1.31555399,8.96642764,0.00000001
5.86000000,LIFT_LEG,-0.00436777,-0.01498619,0.00754587,-0.08374903,0.07005409,0.31105143,-0.08665877,0.06576102,0.08673181,0.02410202,0.00633972,29.83410755,0.00000000,51.40463822,35.85876451,0.20634188,-0.47406499,1.31380537,0.21297554,-0.47530409,1.31628262,8.96989465,0.00000001
5.87000000,LIFT_LEG,-0.00439661,-0.01499700,0.00758103,-0.08375195,0.07006204,0.31105295,-0.08666203,0.06576813,0.08673059,0.02421594,0.00645364,29.82851845,0.00000000,51.43438191,35.83590064,0.20641094,-0.47438834,1.31454146,0.21304220,-0.47561913,1.31699762,8.97359865,0.00000001
5.88000000,LIFT_LEG,-0.00442633,-0.01500920,0.00761659,-0.08375559,0.07007066,0.31105444,-0.08666596,0.06577592,0.08672831,0.02432860,0.00656630,29.82217201,0.00000000,51.46459762,35.81331458,0.20647878,-0.47470597,1.31526453,0.21310759,-0.47592776,1.31769820,8.97747511,0.00000001
5.89000000,LIFT_LEG,-0.00445649,-0.01502268,0.00765199,-0.08375991,0.07007979,0.31105591,-0.08667051,0.06578421,0.08672502,0.02443977,0.00667747,29.81489253,0.00000000,51.49487917,35.79127525,0.20654536,-0.47501754,1.31597375,0.21317164,-0.47622966,1.31838358,8.98146351,0.00000001
5.90000000,LIFT_LEG,-0.00448668,-0.01503726,0.00768675,-0.08376486,0.07008926,0.31105736,-0.08667566,0.06579287,0.08672081,0.02454922,0.00678691,29.80658544,0.00000000,51.52485405,35.77003405,0.20661063,-0.47532270,1.31666834,0.21323426,-0.47652450,1.31905305,8.98550792,0.00000001
5.91000000,LIFT_LEG,-0.00451652,-0.01505279,0.00772043,-0.08377039,0.07009891,0.31105879,-0.08668134,0.06580173,0.08671575,0.02465671,0.00689441,29.79723437,0.00000000,51.55418778,35.74982249,0.20667456,-0.47562112,1.31734754,0.21329540,-0.47681198,1.31970588,8.98955739,0.00000001
5.92000000,LIFT_LEG,-0.00454567,-0.01506907,0.00775270,-0.08377643,0.07010859,0.31106021,-0.08668751,0.06581066,0.08670993,0.02476203,0.00699973,29.78689383,0.00000000,51.58258667,35.73084957,0.20673707,-0.47591248,1.31801063,0.21335497,-0.47709180,1.32034143,8.99356616,0.00000001
5.93000000,LIFT_LEG,-0.00457382,-0.01508592,0.00778324,-0.08378293,0.07011817,0.31106160,-0.08669411,0.06581953,0.08670345,0.02486494,0.00710264,29.77567895,0.00000000,51.60979914,35.71329895,0.20679811,-0.47619649,1.31865693,0.21341292,-0.47736369,1.32095906,8.99749373,0.00000001
5.94000000,LIFT_LEG,-0.00460070,-0.01510312,0.00781182,-0.08378982,0.07012752,0.31106296,-0.08670107,0.06582822,0.08669641,0.02496523,0.00720293,29.76375301,0.00000000,51.63561538,35.69732623,0.20685762,-0.47647286,1.31928578,0.21346919,-0.47762740,1.32155818,9.00130468,0.00000001
5.95000000,LIFT_LEG,-0.00462607,-0.01512046,0.00783825,-0.08379703,0.07013653,0.31106425,-0.08670835,0.06583663,0.08668889,0.02506269,0.00730039,29.75131404,0.00000000,51.65986579,35.68305654,0.20691552,-0.47674132,1.31989658,0.21352372,-0.47788270,1.32213828,9.00496850,0.00000001
5.96000000,LIFT_LEG,-0.00464974,-0.01513774,0.00786239,-0.08380448,0.07014511,0.31106547,-0.08671585,0.06584466,0.08668101,0.02515711,0.00739481,29.73880258,0.00000000,51.68239373,35.67024257,0.20697173,-0.47700162,1.32048877,0.21357647,-0.47812939,1.32269888,9.00845792,0.00000001
5.97000000,LIFT_LEG,-0.00467155,-0.01515475,0.00788413,-0.08381210,0.07015318,0.31106659,-0.08672352,0.06585225,0.08667287,0.02524831,0.00748600,29.72601370,0.00000000,51.70315922,35.65966233,0.20702620,-0.47725355,1.32106184,0.21362739,-0.47836729,1.32323955,9.01175490,0.00000001
5.98000000,LIFT_LEG,-0.00469135,-0.01517132,0.00790340,-0.08381981,0.07016067,0.31106758,-0.08673129,0.06585932,0.08666458,0.02533611,0.00757381,29.71307925,0.00000000,51.72206119,35.65129566,0.20707885,-0.47749690,1.32161533,0.21367644,-0.47859624,1.32375997,9.01483853,0.00000004
5.99000000,LIFT_LEG,-0.00470906,-0.01518725,0.00792020,-0.08382753,0.07016753,0.31106844,-0.08673907,0.06586582,0.08665623,0.02542037,0.00765807,29.70055519,0.00000000,51.73904847,35.64470893,0.20712962,-0.47773150,1.32214887,0.21372359,-0.47881613,1.32425985,9.01769382,0.00000009
6.00000000,LIFT_LEG,-0.00472462,-0.01520240,0.00793450,-0.08383519,0.07017373,0.31106913,-0.08674680,0.06587171,0.08664792,0.02550098,0.00773867,29.68906650,0.00000000,51.75412504,35.63942638,0.20717847,-0.47795720,1.32266214,0.21376882,-0.47902688,1.32473899,9.02031038,0.00000006
6.01000000,LIFT_LEG,-0.00473800,-0.01521663,0.00794636,-0.08384271,0.07017924,0.31106964,-0.08675441,0.06587697,0.08663975,0.02557782,0.00781552,29.67863277,0.00000000,51.76732095,35.63565704,0.20722535,-0.47817391,1.32315488,0.21381212,-0.47922842,1.32519726,9.02268115,0.00000004
6.02000000,LIFT_LEG,-0.00474918,-0.01522985,0.00795583,-0.08385002,0.07018403,0.31106998,-0.08676183,0.06588159,0.08663181,0.02565084,0.00788854,29.66789851,0.00000000,51.77859683,35.63478841,0.20727023,-0.47838152,1.32362692,0.21385346,-0.47942074,1.32563459,9.02479445,0.00000000
6.03000000,LIFT_LEG,-0.00475823,-0.01524192,0.00796299,-0.08385707,0.07018812,0.31107013,-0.08676900,0.06588554,0.08662416,0.02571999,0.00795769,29.65905269,0.00000000,51.78798348,35.63435105,0.20731307,-0.47857998,1.32407816,0.21389286,-0.47960384,1.32605102,9.02664835,0.00000005
6.04000000,LIFT_LEG,-0.00476521,-0.01525277,0.00796792,-0.08386378,0.07019150,0.31107009,-0.08677586,0.06588885,0.08661688,0.02578526,0.00802296,29.65104306,0.00000000,51.79554314,35.63559227,0.20735389,-0.47876927,1.32450856,0.21393030,-0.47977777,1.32644661,9.02824184,0.00000006
6.05000000,LIFT_LEG,-0.00477019,-0.01526233,0.00797075,-0.08387011,0.07019420,0.31106988,-0.08678236,0.06589152,0.08661005,0.02584667,0.00808437,29.64403305,0.00000000,51.80134374,35.63823237,0.20739268,-0.47894942,1.32491815,0.21396581,-0.47994258,1.32682149,9.02957458,0.00000007
6.06000000,LIFT_LEG,-0.00477327,-0.01527058,0.00797162,-0.08387601,0.07019623,0.31106951,-0.08678845,0.06589357,0.08660371,0.02590424,0.00814193,29.63811364,0.00000000,51.80544511,35.64200766,0.20742945,-0.47912047,1.32530702,0.21399940,-0.48009836,1.32717587,9.03064800,0.00000008
6.07000000,LIFT_LEG,-0.00477455,-0.01527751,0.00797068,-0.08388143,0.07019763,0.31106899,-0.08679409,0.06589503,0.08659792,0.02595803,0.00819573,29.63328423,0.00000000,51.80792103,35.64675494,0.20746422,-0.47928247,1.32567533,0.21403109,-0.48024524,1.32751002,9.03146577,0.00000009
6.08000000,LIFT_LEG,-0.00477418,-0.01528313,0.00796808,-0.08388633,0.07019842,0.31106834,-0.08679924,0.06589593,0.08659272,0.02600812,0.00824582,29.62952524,0.00000000,51.80855845,35.65232549,0.20749700,-0.47943554,1.32602331,0.21406090,-0.48038336,1.32782426,9.03199120,0.00000009
6.09000000,LIFT_LEG,-0.00477228,-0.01528745,0.00796399,-0.08389069,0.07019866,0.31106759,-0.08680387,0.06589631,0.08658814,0.02605462,0.00829232,29.62680375,0.00000000,51.80861388,35.65854602,0.20752784,-0.47957977,1.32635124,0.21408887,-0.48051287,1.32811895,9.03240165,0.00000009
6.10000000,LIFT_LEG,-0.00476899,-0.01529050,0.00795859,-0.08389449,0.07019839,0.31106677,-0.08680796,0.06589619,0.08658420,0.02609762,0.00833532,29.62506482,0.00000000,51.80661155,35.66520063,0.20755678,-0.47971531,1.32665945,0.21411504,-0.48063395,1.32839448,9.03247349,0.00000010
6.11000000,LIFT_LEG,-0.00476445,-0.01529231,0.00795206,-0.08389770,0.07019764,0.31106589,-0.08681149,0.06589563,0.08658091,0.02613725,0.00837495,29.62425464,0.00000000,51.80305296,35.67214139,0.20758387,-0.47984231,1.32694828,0.21413943,-0.48074679,1.32865126,9.03227787,0.00000009
6.12000000,LIFT_LEG,-0.00475883,-0.01529294,0.00794458,-0.08390032,0.07019647,0.31106499,-0.08681445,0.06589468,0.08657829,0.02617363,0.00841133,29.62432229,0.00000000,51.79870238,35.67932900,0.20760912,-0.47996097,1.32721816,0.21416210,-0.48085161,1.32888979,9.03193172,0.00000009
6.13000000,LIFT_LEG,-0.00475229,-0.01529246,0.00793634,-0.08390235,0.07019492,0.31106408,-0.08681683,0.06589336,0.08657633,0.02620690,0.00844460,29.62520208,0.00000000,51.79345082,35.68660254,0.20763261,-0.48007147,1.32746952,0.21418309,-0.48094863,1.32911060,9.03141109,0.00000009
6.14000000,LIFT_LEG,-0.00474495,-0.01529093,0.00792751,-0.08390378,0.07019306,0.31106319,-0.08681863,0.06589173,0.08657504,0.02623721,0.00847491,29.62682944,0.00000000,51.78711889,35.69379464,0.20765438,-0.48017403,1.32770287,0.21420246,-0.48103809,1.32931420,9.03068293,0.00000009
6.15000000,LIFT_LEG,-0.00473698,-0.01528843,0.00791824,-0.08390463,0.07019091,0.31106235,-0.08681986,0.06588984,0.08657440,0.02626470,0.00850239,29.62915081,0.00000000,51.77990983,35.70082137,0.20767450,-0.48026885,1.32791870,0.21422024,-0.48112022,1.32950115,9.02977983,0.00000008
6.16000000,LIFT_LEG,-0.00472850,-0.01528503,0.00790871,-0.08390490,0.07018854,0.31106156,-0.08682053,0.06588772,0.08657439,0.02628950,0.00852720,29.63210741,0.00000000,51.77196100,35.70759364,0.20769303,-0.48035619,1.32811757,0.21423650,-0.48119528,1.32967200,9.02872221,0.00000007
6.17000000,LIFT_LEG,-0.00471965,-0.01528078,0.00789906,-0.08390462,0.07018598,0.31106084,-0.08682065,0.06588542,0.08657499,0.02631176,0.00854945,29.63564179,0.00000000,51.76338517,35.71403894,0.20771001,-0.48043628,1.32830000,0.21425129,-0.48126353,1.32982735,9.02752691,0.00000007
6.18000000,LIFT_LEG,-0.00471054,-0.01527578,0.00788944,-0.08390381,0.07018328,0.31106021,-0.08682025,0.06588298,0.08657616,0.02633160,0.00856930,29.63969800,0.00000000,51.75429417,35.72009977,0.20772551,-0.48050937,1.32846657,0.21426466,-0.48132523,1.32996779,9.02621114,0.00000006
6.19000000,LIFT_LEG,-0.00470128,-0.01527010,0.00787995,-0.08390249,0.07018048,0.31105966,-0.08681935,0.06588044,0.08657788,0.02634918,0.00858688,29.64422142,0.00000000,51.74479858,35.72573239,0.20773957,-0.48057572,1.32861788,0.21427668,-0.48138064,1.33009395,9.02479238,0.00000005
6.20000000,LIFT_LEG,-0.00469197,-0.01526383,0.00787072,-0.08390070,0.07017762,0.31105922,-0.08681797,0.06587783,0.08658011,0.02636461,0.00860231,29.64870051,0.00000000,51.73502395,35.73150442,0.20775227,-0.48063560,1.32875451,0.21428739,-0.48143006,1.33020644,9.02328931,0.00000000
6.21000000,LIFT_LEG,-0.00468272,-0.01525704,0.00786184,-0.08389846,0.07017473,0.31105886,-0.08681616,0.06587518,0.08658280,0.02637803,0.00861573,29.65435046,0.00000000,51.72502701,35.73572379,0.20776364,-0.48068928,1.32887710,0.21429687,-0.48147376,1.33030592,9.02171587,0.00000003
6.22000000,LIFT_LEG,-0.00467358,-0.01524980,0.00785339,-0.08389583,0.07017185,0.31105861,-0.08681393,0.06587253,0.08658592,0.02638957,0.00862726,29.66025187,0.00000000,51.71495731,35.73960317,0.20777375,-0.48073704,1.32898628,0.21430517,-0.48151202,1.33039303,9.02009313,0.00000008
6.23000000,LIFT_LEG,-0.00466465,-0.01524219,0.00784542,-0.08389283,0.07016899,0.31105844,-0.08681134,0.06586990,0.08658942,0.02639933,0.00863703,29.66609682,0.00000000,51.70488187,35.74333971,0.20778266,-0.48077916,1.32908269,0.21431235,-0.48154515,1.33046845,9.01843587,0.00000007
6.24000000,LIFT_LEG,-0.00465597,-0.01523428,0.00783798,-0.08388950,0.07016620,0.31105837,-0.08680842,0.06586732,0.08659325,0.02640745,0.00864514,29.67222716,0.00000000,51.69490962,35.74654267,0.20779044,-0.48081593,1.32916698,0.21431849,-0.48157344,1.33053286,9.01676112,0.00000009
6.25000000,LIFT_LEG,-0.00464761,-0.01522615,0.00783111,-0.08388590,0.07016348,0.31105837,-0.08680521,0.06586480,0.08659737,0.02641403,0.00865173,29.67820226,0.00000000,51.68507682,35.74952625,0.20779713,-0.48084766,1.32923983,0.21432365,-0.48159721,1.33058696,9.01508154,0.00000003
6.26000000,LIFT_LEG,-0.00463960,-0.01521787,0.00782483,-0.08388206,0.07016086,0.31105844,-0.08680175,0.06586237,0.08660173,0.02641920,0.00865690,29.68435363,0.00000000,51.67550363,35.75200940,0.20780281,-0.48087464,1.32930193,0.21432789,-0.48161675,1.33063146,9.01341392,0.00000000
6.27000000,LIFT_LEG,-0.00463200,-0.01520948,0.00781913,-0.08387803,0.07015835,0.31105858,-0.08679808,0.06586003,0.08660627,0.02642306,0.00866076,29.69112774,0.00000000,51.66621785,35.75331915,0.20780754,-0.48089719,1.32935398,0.21433128,-0.48163239,1.33066707,9.01177011,0.00000000
6.28000000,LIFT_LEG,-0.00462480,-0.01520108,0.00781401,-0.08387385,0.07015597,0.31105877,-0.08679426,0.06585781,0.08661095,0.02642573,0.00866343,29.69700320,0.00000000,51.65737088,35.75550272,0.20781139,-0.48091563,1.32939668,0.21433390,-0.48164445,1.33069454,9.01016736,0.00000006
6.29000000,LIFT_LEG,-0.00461802,-0.01519273,0.00780948,-0.08386957,0.07015372,0.31105899,-0.08679031,0.06585570,0.08661573,0.02642732,0.00866501,29.70318764,0.00000000,51.64893714,35.75678510,0.20781442,-0.48093028,1.32943076,0.21433582,-0.48165327,1.33071462,9.00861071,0.00000007
6.30000000,LIFT_LEG,-0.00461166,-0.01518451,0.00780550,-0.08386523,0.07015160,0.31105925,-0.08678628,0.06585372,0.08662055,0.02642793,0.00866563,29.70991085,0.00000000,51.64097526,35.75695055,0.20781670,-0.48094147,1.32945697,0.21433710,-0.48165920,1.33072810,9.00711185,0.00000000
6.31000000,LIFT_LEG,-0.00460576,-0.01517646,0.00780204,-0.08386087,0.07014963,0.31105954,-0.08678222,0.06585187,0.08662537,0.02642769,0.00866539,29.71534294,0.00000000,51.63354665,35.75821150,0.20781828,-0.48094951,1.32947602,0.21433783,-0.48166257,1.33073577,9.00568305,0.00000007
6.32000000,LIFT_LEG,-0.00460029,-0.01516865,0.00779908,-0.08385653,0.07014781,0.31105983,-0.08677816,0.06585016,0.08663015,0.02642671,0.00866441,29.72098834,0.00000000,51.62664073,35.75868855,0.20781926,-0.48095475,1.32948873,0.21433806,-0.48166360,1.33073812,9.00432609,0.00000007
6.33000000,LIFT_LEG,-0.00459525,-0.01516111,0.00779658,-0.08385225,0.07014613,0.31106013,-0.08677414,0.06584857,0.08663485,0.02642512,0.00866281,29.72696584,0.00000000,51.62028567,35.75820851,0.20781970,-0.48095762,1.32949609,0.21433797,-0.48166322,1.33073727,9.00304986,0.00000004
6.34000000,LIFT_LEG,-0.00459065,-0.01515389,0.00779450,-0.08384807,0.07014459,0.31106042,-0.08677019,0.06584712,0.08663942,0.02642303,0.00866073,29.73175638,0.00000000,51.61452502,35.75865987,0.20781970,-0.48095846,1.32949878,0.21433749,-0.48166097,1.33073214,9.00186221,0.00000004
6.35000000,LIFT_LEG,-0.00458649,-0.01514702,0.00779279,-0.08384403,0.07014319,0.31106070,-0.08676636,0.06584580,0.08664384,0.02642054,0.00865823,29.73623821,0.00000000,51.60935391,35.75884698,0.20781934,-0.48095757,1.32949749,0.21433680,-0.48165779,1.33072489,9.00076729,0.00000008
6.36000000,LIFT_LEG,-0.00458274,-0.01514055,0.00779141,-0.08384014,0.07014193,0.31106097,-0.08676267,0.06584460,0.08664807,0.02641777,0.00865547,29.74123010,0.00000000,51.60476843,35.75787615,0.20781867,-0.48095534,1.32949313,0.21433596,-0.48165393,1.33071611,8.99976522,0.00000000
6.37000000,LIFT_LEG,-0.00457939,-0.01513451,0.00779033,-0.08383645,0.07014080,0.31106121,-0.08675914,0.06584352,0.08665208,0.02641485,0.00865255,29.74484737,0.00000000,51.60079229,35.75804077,0.20781779,-0.48095218,1.32948667,0.21433506,-0.48164979,1.33070668,8.99886193,0.00000004
6.38000000,HOLD_LEG,-0.00457642,-0.01512891,0.00778951,-0.08383296,0.07013979,0.31106142,-0.08675581,0.06584256,0.08665585,0.02641192,0.00864962,29.74811190,0.00000000,51.59739300,35.75801201,0.20781679,-0.48094850,1.32947899,0.21433419,-0.48164579,1.33069757,8.99805626,0.00000008
6.39000000,HOLD_LEG,-0.00457383,-0.01512379,0.00778891,-0.08382972,0.07013890,0.31106159,-0.08675270,0.06584171,0.08665937,0.02640909,0.00864678,29.75177583,0.00000000,51.59457670,35.75694294,0.20781575,-0.48094467,1.32947093,0.21433340,-0.48164216,1.33068930,8.99735015,0.00000000
6.40000000,HOLD_LEG,-0.00457160,-0.01511916,0.00778849,-0.08382672,0.07013813,0.31106173,-0.08674982,0.06584097,0.08666260,0.02640644,0.00864414,29.75409229,0.00000000,51.59221822,35.75694742,0.20781476,-0.48094097,1.32946307,0.21433270,-0.48163892,1.33068194,8.99672427,0.00000004
6.41000000,HOLD_LEG,-0.00456972,-0.01511501,0.00778824,-0.08382399,0.07013746,0.31106184,-0.08674719,0.06584033,0.08666554,0.02640404,0.00864174,29.75602837,0.00000000,51.59043188,35.75677335,0.20781387,-0.48093756,1.32945578,0.21433208,-0.48163608,1.33067548,8.99620278,0.00000007
6.42000000,HOLD_LEG,-0.00456821,-0.01511138,0.00778811,-0.08382155,0.07013690,0.31106191,-0.08674482,0.06583978,0.08666817,0.02640190,0.00863960,29.75831815,0.00000000,51.58932531,35.75558207,0.20781310,-0.48093447,1.32944908,0.21433156,-0.48163366,1.33066995,8.99580141,0.00000000
6.43000000,HOLD_LEG,-0.00456705,-0.01510828,0.00778809,-0.08381939,0.07013644,0.31106195,-0.08674272,0.06583933,0.08667050,0.02640004,0.00863774,29.75904777,0.00000000,51.58878849,35.75578253,0.20781245,-0.48093175,1.32944312,0.21433112,-0.48163163,1.33066534,8.99549993,0.00000006
6.44000000,HOLD_LEG,-0.00456621,-0.01510570,0.00778817,-0.08381752,0.07013606,0.31106195,-0.08674090,0.06583896,0.08667252,0.02639847,0.00863617,29.76023933,0.00000000,51.58940051,35.75479477,0.20781192,-0.48092943,1.32943802,0.21433083,-0.48163030,1.33066230,8.99538738,0.00000009
6.45000000,HOLD_LEG,-0.00456567,-0.01510364,0.00778832,-0.08381595,0.07013577,0.31106192,-0.08673935,0.06583867,0.08667421,0.02639719,0.00863489,29.76057274,0.00000000,51.58902631,35.75428815,0.20781151,-0.48092750,1.32943376,0.21433049,-0.48162876,1.33065880,8.99514944,0.00000000
6.46000000,HOLD_LEG,-0.00456543,-0.01510209,0.00778853,-0.08381467,0.07013557,0.31106186,-0.08673808,0.06583846,0.08667560,0.02639619,0.00863389,29.75973665,0.00000000,51.59022517,35.75471187,0.20781120,-0.48092597,1.32943037,0.21433034,-0.48162803,1.33065714,8.99516552,0.00000010
6.47000000,HOLD_LEG,-0.00456545,-0.01510103,0.00778881,-0.08381368,0.07013545,0.31106177,-0.08673709,0.06583832,0.08667668,0.02639548,0.00863317,29.75945269,0.00000000,51.59097442,35.75404411,0.20781098,-0.48092483,1.32942784,0.21433019,-0.48162737,1.33065564,8.99513208,0.00000005
6.48000000,HOLD_LEG,-0.00456575,-0.01510045,0.00778914,-0.08381297,0.07013540,0.31106165,-0.08673636,0.06583826,0.08667746,0.02639501,0.00863271,29.75838554,0.00000000,51.59303119,35.75380550,0.20781084,-0.48092406,1.32942608,0.21433019,-0.48162737,1.33065564,8.99531754,0.00000008
6.49000000,HOLD_LEG,-0.00456628,-0.01510031,0.00778953,-0.08381254,0.07013542,0.31106152,-0.08673590,0.06583826,0.08667796,0.02639481,0.00863251,29.75713532,0.00000000,51.59468282,35.75342180,0.20781078,-0.48092364,1.32942510,0.21433019,-0.48162737,1.33065564,8.99546421,0.00000008
6.50000000,HOLD_LEG,-0.00456707,-0.01510062,0.00778997,-0.08381237,0.07013551,0.31106136,-0.08673568,0.06583832,0.08667818,0.02639482,0.00863252,29.75573849,0.00000000,51.59695487,35.75295735,0.20781079,-0.48092349,1.32942466,0.21433027,-0.48162771,1.33065642,8.99572132,0.00000005
6.51000000,HOLD_LEG,-0.00456808,-0.01510132,0.00779047,-0.08381245,0.07013567,0.31106119,-0.08673571,0.06583845,0.08667815,0.02639508,0.00863278,29.75381489,0.00000000,51.59938537,35.75266921,0.20781085,-0.48092367,1.32942506,0.21433042,-0.48162842,1.33065804,8.99602092,0.00000010
6.52000000,HOLD_LEG,-0.00456927,-0.01510239,0.00779103,-0.08381276,0.07013589,0.31106100,-0.08673595,0.06583864,0.08667787,0.02639557,0.00863326,29.75205996,0.00000000,51.60232081,35.75209330,0.20781102,-0.48092422,1.32942622,0.21433066,-0.48162951,1.33066052,8.99640807,0.00000004
6.53000000,HOLD_LEG,-0.00457066,-0.01510381,0.00779166,-0.08381329,0.07013616,0.31106079,-0.08673641,0.06583888,0.08667736,0.02639626,0.00863396,29.74984501,0.00000000,51.60496242,35.75169709,0.20781123,-0.48092506,1.32942802,0.21433090,-0.48163063,1.33066306,8.99677564,0.00000009
6.54000000,HOLD_LEG,-0.00457222,-0.01510552,0.00779237,-0.08381402,0.07013650,0.31106058,-0.08673706,0.06583917,0.08667665,0.02639715,0.00863485,29.74755490,0.00000000,51.60835888,35.75123483,0.20781151,-0.48092619,1.32943047,0.21433125,-0.48163225,1.33066675,8.99726994,0.00000005
6.55000000,HOLD_LEG,-0.00457394,-0.01510751,0.00779316,-0.08381494,0.07013688,0.31106037,-0.08673788,0.06583951,0.08667574,0.02639822,0.00863592,29.74517273,0.00000000,51.61158927,35.75072717,0.20781185,-0.48092759,1.32943349,0.21433162,-0.48163394,1.33067059,8.99775597,0.00000006
6.56000000,HOLD_LEG,-0.00457580,-0.01510976,0.00779404,-0.08381601,0.07013731,0.31106016,-0.08673887,0.06583990,0.08667467,0.02639945,0.00863715,29.74200448,0.00000000,51.61498467,35.75101605,0.20781223,-0.48092921,1.32943699,0.21433203,-0.48163581,1.33067486,8.99828107,0.00000006
6.57000000,HOLD_LEG,-0.00457782,-0.01511220,0.00779499,-0.08381723,0.07013779,0.31105994,-0.08673999,0.06584032,0.08667345,0.02640083,0.00863853,29.73995843,0.00000000,51.61843101,35.74979496,0.20781264,-0.48093100,1.32944094,0.21433247,-0.48163786,1.33067952,8.99883093,0.00000007
6.58000000,HOLD_LEG,-0.00457996,-0.01511483,0.00779603,-0.08381857,0.07013831,0.31105974,-0.08674123,0.06584079,0.08667211,0.02640235,0.00864005,29.73708656,0.00000000,51.62193057,35.74945415,0.20781310,-0.48093298,1.32944528,0.21433294,-0.48164004,1.33068450,8.99939992,0.00000007
6.59000000,HOLD_LEG,-0.00458220,-0.01511759,0.00779715,-0.08382001,0.07013887,0.31105954,-0.08674257,0.06584130,0.08667065,0.02640398,0.00864168,29.73400134,0.00000000,51.62549837,35.74950581,0.20781361,-0.48093512,1.32944998,0.21433344,-0.48164235,1.33068975,8.99998676,0.00000008
6.60000000,HOLD_LEG,-0.00458453,-0.01512046,0.00779835,-0.08382154,0.07013946,0.31105935,-0.08674399,0.06584184,0.08666911,0.02640572,0.00864342,29.73202053,0.00000000,51.62902375,35.74810792,0.20781414,-0.48093739,1.32945498,0.21433397,-0.48164475,1.33069522,9.00057928,0.00000008
6.61000000,HOLD_LEG,-0.00458693,-0.01512342,0.00779963,-0.08382313,0.07014009,0.31105917,-0.08674547,0.06584240,0.08666750,0.02640754,0.00864524,29.72932994,0.00000000,51.63251367,35.74754677,0.20781469,-0.48093977,1.32946024,0.21433450,-0.48164723,1.33070086,9.00117457,0.00000008
6.62000000,HOLD_LEG,-0.00458938,-0.01512643,0.00780098,-0.08382476,0.07014074,0.31105902,-0.08674700,0.06584300,0.08666585,0.02640944,0.00864714,29.72671117,0.00000000,51.63594789,35.74695132,0.20781526,-0.48094224,1.32946569,0.21433505,-0.48164976,1.33070662,9.00176775,0.00000008
6.63000000,HOLD_LEG,-0.00459186,-0.01512947,0.00780239,-0.08382642,0.07014141,0.31105888,-0.08674856,0.06584361,0.08666417,0.02641139,0.00864909,29.72413254,0.00000000,51.63930061,35.74637905,0.20781585,-0.48094477,1.32947130,0.21433561,-0.48165233,1.33071246,9.00235377,0.00000008
6.64000000,HOLD_LEG,-0.00459435,-0.01513250,0.00780386,-0.08382810,0.07014210,0.31105875,-0.08675014,0.06584424,0.08666247,0.02641338,0.00865107,29.72141106,0.00000000,51.64257734,35.74618859,0.20781645,-0.48094735,1.32947702,0.21433617,-0.48165490,1.33071831,9.00293064,0.00000008
6.65000000,HOLD_LEG,-0.00459685,-0.01513551,0.00780539,-0.08382976,0.07014280,0.31105866,-0.08675170,0.06584489,0.08666078,0.02641539,0.00865309,29.71982092,0.00000000,51.64568557,35.74463127,0.20781705,-0.48094994,1.32948279,0.21433672,-0.48165746,1.33072415,9.00348845,0.00000008
6.66000000,HOLD_LEG,-0.00459932,-0.01513846,0.00780695,-0.08383140,0.07014351,0.31105858,-0.08675326,0.06584554,0.08665910,0.02641741,0.00865511,29.71760659,0.00000000,51.64864003,35.74391979,0.20781764,-0.48095253,1.32948857,0.21433727,-0.48165999,1.33072992,9.00402584,0.00000008
6.67000000,HOLD_LEG,-0.00460175,-0.01514135,0.00780854,-0.08383301,0.07014423,0.31105852,-0.08675477,0.06584620,0.08665746,0.02641942,0.00865712,29.71532815,0.00000000,51.65143335,35.74343165,0.20781824,-0.48095511,1.32949431,0.21433781,-0.48166248,1.33073557,9.00453907,0.00000008
6.68000000,HOLD_LEG,-0.00460413,-0.01514414,0.00781016,-0.08383457,0.07014494,0.31105849,-0.08675625,0.06584686,0.08665587,0.02642141,0.00865910,29.71389474,0.00000000,51.65406725,35.74223367,0.20781883,-0.48095764,1.32949998,0.21433834,-0.48166489,1.33074107,9.00502819,0.00000008
6.69000000,HOLD_LEG,-0.00460643,-0.01514681,0.00781178,-0.08383606,0.07014564,0.31105848,-0.08675767,0.06584751,0.08665433,0.02642336,0.00866106,29.71200474,0.00000000,51.65646541,35.74158370,0.20781940,-0.48096011,1.32950552,0.21433884,-0.48166723,1.33074638,9.00548387,0.00000007
6.70000000,HOLD_LEG,-0.00460865,-0.01514935,0.00781339,-0.08383749,0.07014633,0.31105849,-0.08675903,0.06584815,0.08665286,0.02642526,0.00866295,29.71070971,0.00000000,51.65870067,35.74060344,0.20781996,-0.48096251,1.32951090,0.21433933,-0.48166946,1.33075147,9.00591066,0.00000007
6.71000000,HOLD_LEG,-0.00461076,-0.01515174,0.00781499,-0.08383884,0.07014701,0.31105852,-0.08676031,0.06584877,0.08665147,0.02642709,0.00866478,29.70907198,0.00000000,51.66067226,35.74003953,0.20782049,-0.48096481,1.32951607,0.21433979,-0.48167158,1.33075629,9.00629921,0.00000007
6.72000000,HOLD_LEG,-0.00461276,-0.01515396,0.00781654,-0.08384010,0.07014766,0.31105857,-0.08676151,0.06584938,0.08665017,0.02642884,0.00866654,29.70811375,0.00000000,51.66246213,35.73908077,0.20782101,-0.48096700,1.32952102,0.21434022,-0.48167357,1.33076082,9.00665573,0.00000006
6.73000000,HOLD_LEG,-0.00461461,-0.01515603,0.00781806,-0.08384127,0.07014828,0.31105864,-0.08676263,0.06584996,0.08664895,0.02643050,0.00866820,29.70717916,0.00000000,51.66402567,35.73828287,0.20782150,-0.48096909,1.32952569,0.21434062,-0.48167542,1.33076504,9.00697362,0.00000008
6.74000000,HOLD_LEG,-0.00461632,-0.01515791,0.00781951,-0.08384234,0.07014888,0.31105872,-0.08676365,0.06585052,0.08664784,0.02643206,0.00866976,29.70595300,0.00000000,51.66531646,35.73790783,0.20782194,-0.48097102,1.32953007,0.21434099,-0.48167712,1.33076891,9.00725052,0.00000005
6.75000000,HOLD_LEG,-0.00461791,-0.01515958,0.00782089,-0.08384330,0.07014944,0.31105881,-0.08676458,0.06585104,0.08664683,0.02643350,0.00867120,29.70550452,0.00000000,51.66650336,35.73705483,0.20782235,-0.48097279,1.32953409,0.21434133,-0.48167867,1.33077244,9.00750746,0.00000005
6.76000000,HOLD_LEG,-0.00461932,-0.01516107,0.00782217,-0.08384416,0.07014995,0.31105892,-0.08676541,0.06585153,0.08664592,0.02643482,0.00867252,29.70504544,0.00000000,51.66710277,35.73641444,0.20782274,-0.48097441,1.32953775,0.21434160,-0.48167992,1.33077528,9.00766958,0.00000008
6.77000000,HOLD_LEG,-0.00462055,-0.01516236,0.00782337,-0.08384492,0.07015043,0.31105903,-0.08676613,0.06585198,0.08664512,0.02643601,0.00867371,29.70472653,0.00000000,51.66834779,35.73586859,0.20782308,-0.48097589,1.32954112,0.21434191,-0.48168137,1.33077859,9.00792137,0.00000004
6.78000000,HOLD_LEG,-0.00462161,-0.01516345,0.00782445,-0.08384556,0.07015086,0.31105915,-0.08676676,0.06585239,0.08664443,0.02643707,0.00867477,29.70453923,0.00000000,51.66809943,35.73539424,0.20782339,-0.48097718,1.32954403,0.21434207,-0.48168210,1.33078025,9.00794729,0.00000009
6.79000000,HOLD_LEG,-0.00462249,-0.01516435,0.00782542,-0.08384610,0.07015124,0.31105927,-0.08676728,0.06585275,0.08664385,0.02643799,0.00867569,29.70449532,0.00000000,51.66872940,35.73500334,0.20782364,-0.48097831,1.32954664,0.21434230,-0.48168315,1.33078265,9.00809547,0.00000005
6.80000000,HOLD_LEG,-0.00462318,-0.01516505,0.00782626,-0.08384653,0.07015158,0.31105939,-0.08676771,0.06585307,0.08664338,0.02643876,0.00867646,29.70457904,0.00000000,51.66877216,35.73469513,0.20782386,-0.48097926,1.32954882,0.21434245,-0.48168384,1.33078420,9.00815255,0.00000005
6.81000000,HOLD_LEG,-0.00462369,-0.01516555,0.00782698,-0.08384686,0.07015186,0.31105952,-0.08676804,0.06585334,0.08664301,0.02643939,0.00867709,29.70478345,0.00000000,51.66820543,35.73446401,0.20782403,-0.48098003,1.32955059,0.21434252,-0.48168416,1.33078495,9.00811438,0.00000007
6.82000000,HOLD_LEG,-0.00462403,-0.01516586,0.00782755,-0.08384709,0.07015208,0.31105964,-0.08676827,0.06585357,0.08664274,0.02643988,0.00867757,29.70511127,0.00000000,51.66786319,35.73431793,0.20782416,-0.48098063,1.32955198,0.21434259,-0.48168450,1.33078571,9.00810260,0.00000007
6.83000000,HOLD_LEG,-0.00462419,-0.01516599,0.00782799,-0.08384723,0.07015226,0.31105975,-0.08676842,0.06585374,0.08664257,0.02644022,0.00867791,29.70554938,0.00000000,51.66759170,35.73424191,0.20782425,-0.48098105,1.32955300,0.21434266,-0.48168482,1.33078644,9.00809297,0.00000004
6.84000000,HOLD_LEG,-0.00462417,-0.01516593,0.00782828,-0.08384727,0.07015238,0.31105987,-0.08676847,0.06585386,0.08664250,0.02644042,0.00867812,29.70608699,0.00000000,51.66683328,35.73425092,0.20782431,-0.48098134,1.32955370,0.21434266,-0.48168482,1.33078644,9.00800826,0.00000003
6.85000000,HOLD_LEG,-0.00462398,-0.01516569,0.00782843,-0.08384723,0.07015244,0.31105997,-0.08676845,0.06585394,0.08664252,0.02644050,0.00867820,29.70671180,0.00000000,51.66615770,35.73432185,0.20782433,-0.48098150,1.32955410,0.21434266,-0.48168482,1.33078644,9.00792807,0.00000005
6.86000000,HOLD_LEG,-0.00462362,-0.01516530,0.00782845,-0.08384710,0.07015246,0.31106007,-0.08676834,0.06585396,0.08664262,0.02644044,0.00867813,29.70741392,0.00000000,51.66511504,35.73448688,0.20782432,-0.48098150,1.32955411,0.21434259,-0.48168450,1.33078571,9.00779146,0.00000006
6.87000000,HOLD_LEG,-0.00462313,-0.01516476,0.00782833,-0.08384689,0.07015242,0.31106017,-0.08676817,0.06585394,0.08664280,0.02644024,0.00867794,29.70817842,0.00000000,51.66343036,35.73471363,0.20782427,-0.48098131,1.32955369,0.21434245,-0.48168385,1.33078422,9.00755173,0.00000001
6.88000000,HOLD_LEG,-0.00462249,-0.01516409,0.00782808,-0.08384662,0.07015233,0.31106025,-0.08676792,0.06585388,0.08664306,0.02643991,0.00867761,29.70901042,0.00000000,51.66285965,35.73504374,0.20782417,-0.48098097,1.32955293,0.21434238,-0.48168350,1.33078344,9.00747251,0.00000008
6.89000000,HOLD_LEG,-0.00462172,-0.01516331,0.00782770,-0.08384628,0.07015220,0.31106032,-0.08676761,0.06585377,0.08664339,0.02643947,0.00867717,29.70988727,0.00000000,51.66163034,35.73542316,0.20782404,-0.48098047,1.32955183,0.21434223,-0.48168284,1.33078193,9.00728862,0.00000010
6.90000000,HOLD_LEG,-0.00462083,-0.01516243,0.00782720,-0.08384588,0.07015203,0.31106038,-0.08676725,0.06585361,0.08664378,0.02643892,0.00867662,29.71079910,0.00000000,51.65982971,35.73586381,0.20782387,-0.48097983,1.32955040,0.21434201,-0.48168181,1.33077959,9.00701686,0.00000003
6.91000000,HOLD_LEG,-0.00461983,-0.01516145,0.00782658,-0.08384544,0.07015181,0.31106043,-0.08676684,0.06585343,0.08664423,0.02643828,0.00867598,29.71174915,0.00000000,51.65880577,35.73635264,0.20782368,-0.48097910,1.32954877,0.21434186,-0.48168110,1.33077797,9.00685257,0.00000009
6.92000000,HOLD_LEG,-0.00461874,-0.01516040,0.00782587,-0.08384494,0.07015156,0.31106047,-0.08676639,0.06585320,0.08664472,0.02643756,0.00867526,29.71270853,0.00000000,51.65692597,35.73687876,0.20782347,-0.48097825,1.32954687,0.21434160,-0.48167993,1.33077530,9.00655934,0.00000003
6.93000000,HOLD_LEG,-0.00461757,-0.01515928,0.00782507,-0.08384442,0.07015127,0.31106049,-0.08676590,0.06585295,0.08664526,0.02643675,0.00867445,29.71368356,0.00000000,51.65549183,35.73745187,0.20782324,-0.48097731,1.32954476,0.21434137,-0.48167888,1.33077291,9.00632804,0.00000003
6.94000000,HOLD_LEG,-0.00461633,-0.01515810,0.00782418,-0.08384386,0.07015096,0.31106051,-0.08676538,0.06585266,0.08664583,0.02643588,0.00867358,29.71466001,0.00000000,51.65424575,35.73805101,0.20782299,-0.48097629,1.32954249,0.21434116,-0.48167788,1.33077064,9.00611943,0.00000007
6.95000000,HOLD_LEG,-0.00461504,-0.01515689,0.00782323,-0.08384327,0.07015061,0.31106052,-0.08676484,0.06585235,0.08664643,0.02643497,0.00867266,29.71562065,0.00000000,51.65215977,35.73866135,0.20782272,-0.48097521,1.32954005,0.21434085,-0.48167649,1.33076747,9.00578366,0.00000005
6.96000000,HOLD_LEG,-0.00461370,-0.01515565,0.00782222,-0.08384267,0.07015025,0.31106051,-0.08676428,0.06585202,0.08664705,0.02643400,0.00867170,29.71656526,0.00000000,51.65099733,35.73930044,0.20782244,-0.48097408,1.32953751,0.21434062,-0.48167542,1.33076503,9.00558307,0.00000006
6.97000000,HOLD_LEG,-0.00461235,-0.01515439,0.00782118,-0.08384205,0.07014987,0.31106050,-0.08676370,0.06585168,0.08664769,0.02643300,0.00867070,29.71748753,0.00000000,51.64979362,35.73994506,0.20782215,-0.48097292,1.32953489,0.21434039,-0.48167433,1.33076255,9.00537274,0.00000008
6.98000000,HOLD_LEG,-0.00461098,-0.01515313,0.00782010,-0.08384144,0.07014948,0.31106049,-0.08676312,0.06585132,0.08664833,0.02643199,0.00866969,29.71836944,0.00000000,51.64774823,35.74058013,0.20782186,-0.48097172,1.32953218,0.21434007,-0.48167286,1.33075921,9.00503609,0.00000009
6.99000000,HOLD_LEG,-0.00460964,-0.01515187,0.00781900,-0.08384082,0.07014907,0.31106046,-0.08676254,0.06585095,0.08664898,0.02643096,0.00866866,29.71879230,0.00000000,51.64666418,35.74157788,0.20782156,-0.48097050,1.32952945,0.21433983,-0.48167177,1.33075672,9.00484496,0.00000004
7.00000000,HOLD_LEG,-0.00460833,-0.01515059,0.00781789,-0.08384020,0.07014867,0.31106043,-0.08676197,0.06585058,0.08664963,0.02642993,0.00866763,29.71980582,0.00000000,51.64559199,35.74200794,0.20782126,-0.48096927,1.32952672,0.21433959,-0.48167068,1.33075425,9.00465198,0.00000008
7.01000000,HOLD_LEG,-0.00460705,-0.01514933,0.00781678,-0.08383959,0.07014827,0.31106039,-0.08676140,0.06585020,0.08665027,0.02642891,0.00866661,29.72061396,0.00000000,51.64374077,35.74256811,0.20782098,-0.48096807,1.32952397,0.21433929,-0.48166926,1.33075101,9.00434075,0.00000001
7.02000000,HOLD_LEG,-0.00460580,-0.01514812,0.00781570,-0.08383900,0.07014787,0.31106034,-0.08676084,0.06584984,0.08665090,0.02642790,0.00866560,29.72135839,0.00000000,51.64289458,35.74313509,0.20782071,-0.48096689,1.32952126,0.21433906,-0.48166823,1.33074866,9.00417764,0.00000004
7.03000000,HOLD_LEG,-0.00460460,-0.01514696,0.00781464,-0.08383842,0.07014748,0.31106030,-0.08676030,0.06584947,0.08665152,0.02642692,0.00866462,29.72204395,0.00000000,51.64204290,35.74367954,0.20782043,-0.48096573,1.32951863,0.21433884,-0.48166723,1.33074638,9.00401151,0.00000007
7.04000000,HOLD_LEG,-0.00460345,-0.01514587,0.00781362,-0.08383787,0.07014710,0.31106025,-0.08675977,0.06584912,0.08665211,0.02642597,0.00866367,29.72266293,0.00000000,51.64121637,35.74418740,0.20782016,-0.48096461,1.32951610,0.21433864,-0.48166627,1.33074420,9.00384836,0.00000010
7.05000000,HOLD_LEG,-0.00460237,-0.01514483,0.00781265,-0.08383734,0.07014673,0.31106019,-0.08675927,0.06584878,0.08665268,0.02642508,0.00866277,29.72320975,0.00000000,51.63981702,35.74465674,0.20781991,-0.48096354,1.32951365,0.21433837,-0.48166506,1.33074146,9.00360300,0.00000004
7.06000000,HOLD_LEG,-0.00460136,-0.01514386,0.00781175,-0.08383684,0.07014638,0.31106014,-0.08675880,0.06584845,0.08665323,0.02642423,0.00866192,29.72370077,0.00000000,51.63939060,35.74509236,0.20781966,-0.48096252,1.32951135,0.21433821,-0.48166431,1.33073975,9.00350093,0.00000009
7.07000000,HOLD_LEG,-0.00460044,-0.01514297,0.00781090,-0.08383637,0.07014605,0.31106009,-0.08675835,0.06584815,0.08665374,0.02642343,0.00866113,29.72411652,0.00000000,51.63828018,35.74547768,0.20781943,-0.48096154,1.32950913,0.21433799,-0.48166327,1.33073738,9.00330025,0.00000005
7.08000000,HOLD_LEG,-0.00459960,-0.01514215,0.00781013,-0.08383593,0.07014575,0.31106004,-0.08675793,0.06584786,0.08665422,0.02642269,0.00866039,29.72447614,0.00000000,51.63798814,35.74581999,0.20781922,-0.48096064,1.32950710,0.21433785,-0.48166264,1.33073594,9.00322035,0.00000007
7.09000000,HOLD_LEG,-0.00459886,-0.01514141,0.00780943,-0.08383553,0.07014547,0.31105999,-0.08675755,0.06584759,0.08665466,0.02642203,0.00865972,29.72476719,0.00000000,51.63740179,35.74610714,0.20781903,-0.48095981,1.32950524,0.21433769,-0.48166192,1.33073429,9.00309928,0.00000006
7.10000000,HOLD_LEG,-0.00459822,-0.01514074,0.00780882,-0.08383516,0.07014521,0.31105994,-0.08675720,0.06584735,0.08665507,0.02642142,0.00865912,29.72499655,0.00000000,51.63694459,35.74634621,0.20781886,-0.48095906,1.32950353,0.21433755,-0.48166127,1.33073283,9.00299927,0.00000006
7.11000000,HOLD_LEG,-0.00459767,-0.01514015,0.00780828,-0.08383483,0.07014498,0.31105990,-0.08675688,0.06584713,0.08665543,0.02642089,0.00865859,29.72516168,0.00000000,51.63630013,35.74652547,0.20781871,-0.48095838,1.32950201,0.21433741,-0.48166061,1.33073132,9.00287317,0.00000004
7.12000000,HOLD_LEG,-0.00459722,-0.01513965,0.00780782,-0.08383454,0.07014478,0.31105986,-0.08675660,0.06584694,0.08665576,0.02642043,0.00865813,29.72527923,0.00000000,51.63637055,35.74666957,0.20781858,-0.48095779,1.32950067,0.21433734,-0.48166028,1.33073057,9.00285470,0.00000005
7.13000000,HOLD_LEG,-0.00459687,-0.01513922,0.00780745,-0.08383429,0.07014461,0.31105982,-0.08675636,0.06584677,0.08665605,0.02642004,0.00865774,29.72533809,0.00000000,51.63629805,35.74675382,0.20781847,-0.48095729,1.32949953,0.21433726,-0.48165995,1.33072982,9.00281666,0.00000007
7.14000000,HOLD_LEG,-0.00459662,-0.01513887,0.00780716,-0.08383408,0.07014447,0.31105979,-0.08675615,0.06584664,0.08665629,0.02641972,0.00865742,29.72534648,0.00000000,51.63617498,35.74679831,0.20781838,-0.48095686,1.32949856,0.21433719,-0.48165961,1.33072905,9.00277463,0.00000005
7.15000000,HOLD_LEG,-0.00459646,-0.01513859,0.00780695,-0.08383390,0.07014436,0.31105976,-0.08675598,0.06584653,0.08665650,0.02641947,0.00865717,29.72530687,0.00000000,51.63598917,35.74679682,0.20781832,-0.48095651,1.32949778,0.21433712,-0.48165929,1.33072832,9.00272579,0.00000002
7.16000000,HOLD_LEG,-0.00459640,-0.01513839,0.00780682,-0.08383376,0.07014427,0.31105973,-0.08675584,0.06584644,0.08665666,0.02641929,0.00865699,29.72522540,0.00000000,51.63635403,35.74674128,0.20781826,-0.48095625,1.32949718,0.21433712,-0.48165929,1.33072832,9.00275757,0.00000006
7.17000000,HOLD_LEG,-0.00459642,-0.01513826,0.00780677,-0.08383366,0.07014422,0.31105970,-0.08675574,0.06584639,0.08665679,0.02641919,0.00865688,29.72510289,0.00000000,51.63657119,35.74664083,0.20781824,-0.48095609,1.32949684,0.21433712,-0.48165929,1.33072832,9.00277091,0.00000008
7.18000000,HOLD_LEG,-0.00459653,-0.01513819,0.00780679,-0.08383359,0.07014419,0.31105968,-0.08675566,0.06584636,0.08665688,0.02641914,0.00865684,29.72494269,0.00000000,51.63679200,35.74650956,0.20781823,-0.48095600,1.32949665,0.21433712,-0.48165929,1.33072832,9.00278919,0.00000008
7.19000000,HOLD_LEG,-0.00459671,-0.01513820,0.00780688,-0.08383355,0.07014420,0.31105967,-0.08675562,0.06584635,0.08665693,0.02641915,0.00865685,29.72523881,0.00000000,51.63706849,35.74590873,0.20781824,-0.48095597,1.32949654,0.21433712,-0.48165929,1.33072832,9.00281581,0.00000005
7.20000000,HOLD_LEG,-0.00459694,-0.01513832,0.00780704,-0.08383355,0.07014422,0.31105965,-0.08675561,0.06584637,0.08665696,0.02641920,0.00865690,29.72475014,0.00000000,51.63734468,35.74602409,0.20781826,-0.48095598,1.32949647,0.21433712,-0.48165929,1.33072832,9.00284423,0.00000002
7.21000000,HOLD_LEG,-0.00459726,-0.01513852,0.00780726,-0.08383358,0.07014427,0.31105964,-0.08675563,0.06584641,0.08665694,0.02641930,0.00865700,29.72444530,0.00000000,51.63762839,35.74588262,0.20781826,-0.48095597,1.32949644,0.21433712,-0.48165929,1.33072832,9.00287835,0.00000008
7.22000000,HOLD_LEG,-0.00459763,-0.01513877,0.00780753,-0.08383364,0.07014435,0.31105963,-0.08675568,0.06584647,0.08665690,0.02641947,0.00865717,29.72413779,0.00000000,51.63822661,35.74566298,0.20781828,-0.48095605,1.32949671,0.21433719,-0.48165962,1.33072906,9.00295668,0.00000006
7.23000000,HOLD_LEG,-0.00459806,-0.01513905,0.00780785,-0.08383372,0.07014444,0.31105963,-0.08675575,0.06584655,0.08665682,0.02641969,0.00865739,29.72382166,0.00000000,51.63879417,35.74540838,0.20781833,-0.48095622,1.32949716,0.21433726,-0.48165995,1.33072981,9.00303561,0.00000008
7.24000000,HOLD_LEG,-0.00459854,-0.01513936,0.00780820,-0.08383383,0.07014455,0.31105962,-0.08675585,0.06584665,0.08665671,0.02641996,0.00865766,29.72408229,0.00000000,51.63937280,35.74452999,0.20781841,-0.48095647,1.32949775,0.21433734,-0.48166029,1.33073059,9.00311813,0.00000007
7.25000000,HOLD_LEG,-0.00459903,-0.01513975,0.00780861,-0.08383397,0.07014468,0.31105962,-0.08675597,0.06584677,0.08665657,0.02642026,0.00865796,29.72339595,0.00000000,51.63991905,35.74466560,0.20781850,-0.48095680,1.32949845,0.21433741,-0.48166063,1.33073136,9.00319697,0.00000009
7.26000000,HOLD_LEG,-0.00459955,-0.01514016,0.00780905,-0.08383412,0.07014482,0.31105963,-0.08675611,0.06584689,0.08665641,0.02642060,0.00865829,29.72299059,0.00000000,51.64104833,35.74440398,0.20781859,-0.48095718,1.32949931,0.21433756,-0.48166130,1.33073289,9.00336553,0.00000003
7.27000000,HOLD_LEG,-0.00460011,-0.01514059,0.00780951,-0.08383430,0.07014497,0.31105963,-0.08675627,0.06584703,0.08665623,0.02642097,0.00865866,29.72258750,0.00000000,51.64129881,35.74410781,0.20781869,-0.48095758,1.32950024,0.21433763,-0.48166162,1.33073362,9.00340814,0.00000006
7.28000000,HOLD_LEG,-0.00460070,-0.01514104,0.00780999,-0.08383450,0.07014514,0.31105964,-0.08675645,0.06584718,0.08665602,0.02642135,0.00865905,29.72219817,0.00000000,51.64248007,35.74382890,0.20781879,-0.48095801,1.32950122,0.21433777,-0.48166228,1.33073513,9.00359235,0.00000007
7.29000000,HOLD_LEG,-0.00460130,-0.01514150,0.00781048,-0.08383470,0.07014531,0.31105965,-0.08675664,0.06584733,0.08665580,0.02642176,0.00865946,29.72180589,0.00000000,51.64263911,35.74351184,0.20781891,-0.48095847,1.32950227,0.21433785,-0.48166263,1.33073592,9.00362370,0.00000009
7.30000000,HOLD_LEG,-0.00460188,-0.01514201,0.00781099,-0.08383492,0.07014548,0.31105966,-0.08675685,0.06584749,0.08665557,0.02642218,0.00865987,29.72170923,0.00000000,51.64306435,35.74302047,0.20781904,-0.48095896,1.32950330,0.21433792,-0.48166298,1.33073672,9.00369379,0.00000010
7.31000000,HOLD_LEG,-0.00460245,-0.01514254,0.00781150,-0.08383515,0.07014566,0.31105968,-0.08675706,0.06584766,0.08665533,0.02642261,0.00866030,29.72124016,0.00000000,51.64405693,35.74279585,0.20781916,-0.48095947,1.32950446,0.21433808,-0.48166369,1.33073833,9.00384896,0.00000003
7.32000000,HOLD_LEG,-0.00460302,-0.01514307,0.00781201,-0.08383539,0.07014584,0.31105969,-0.08675728,0.06584782,0.08665508,0.02642304,0.00866074,29.72082683,0.00000000,51.64435027,35.74255395,0.20781927,-0.48095996,1.32950557,0.21433816,-0.48166405,1.33073915,9.00390603,0.00000008
7.33000000,HOLD_LEG,-0.00460359,-0.01514360,0.00781250,-0.08383563,0.07014602,0.31105971,-0.08675751,0.06584798,0.08665482,0.02642348,0.00866117,29.72044361,0.00000000,51.64539444,35.74231195,0.20781939,-0.48096046,1.32950675,0.21433831,-0.48166477,1.33074078,9.00407391,0.00000002
7.34000000,HOLD_LEG,-0.00460414,-0.01514412,0.00781298,-0.08383588,0.07014619,0.31105972,-0.08675774,0.06584815,0.08665455,0.02642391,0.00866161,29.72007117,0.00000000,51.64557110,35.74206254,0.20781951,-0.48096096,1.32950790,0.21433839,-0.48166512,1.33074159,9.00411541,0.00000006
7.35000000,HOLD_LEG,-0.00460468,-0.01514462,0.00781344,-0.08383613,0.07014636,0.31105974,-0.08675797,0.06584830,0.08665429,0.02642433,0.00866203,29.71973157,0.00000000,51.64666035,35.74185104,0.20781963,-0.48096147,1.32950903,0.21433854,-0.48166580,1.33074314,9.00429396,0.00000003
7.36000000,HOLD_LEG,-0.00460519,-0.01514511,0.00781388,-0.08383637,0.07014653,0.31105975,-0.08675820,0.06584846,0.08665402,0.02642475,0.00866244,29.71940713,0.00000000,51.64669343,35.74162046,0.20781975,-0.48096197,1.32951017,0.21433861,-0.48166613,1.33074389,9.00431349,0.00000004
7.37000000,HOLD_LEG,-0.00460567,-0.01514558,0.00781429,-0.08383661,0.07014669,0.31105977,-0.08675842,0.06584861,0.08665376,0.02642514,0.00866284,29.71911058,0.00000000,51.64693704,35.74143699,0.20781987,-0.48096244,1.32951122,0.21433868,-0.48166645,1.33074462,9.00436772,0.00000009
7.38000000,MOVE_LEG_FORWARD,-0.00460612,-0.01514604,0.00781467,-0.08383685,0.07014684,0.31105978,-0.08675864,0.06584875,0.08665351,0.02642551,0.00866321,29.71884387,0.00000000,51.64805211,35.74127825,0.20781998,-0.48096291,1.32951226,0.21433883,-0.48166714,1.33074618,9.00454960,0.00000004
7.39000000,MOVE_LEG_FORWARD,-0.00460653,-0.01514647,0.00781503,-0.08383707,0.07014699,0.31105979,-0.08675886,0.06584889,0.08665326,0.02642587,0.00866357,29.71859514,0.00000000,51.64811622,35.74110969,0.20782008,-0.48096336,1.32951328,0.21433889,-0.48166746,1.33074691,9.00457323,0.00000004
7.40000000,MOVE_LEG_FORWARD,-0.00460691,-0.01514688,0.00781534,-0.08383729,0.07014712,0.31105980,-0.08675907,0.06584901,0.08665303,0.02642620,0.00866390,29.71837329,0.00000000,51.64839169,35.74097940,0.20782018,-0.48096377,1.32951421,0.21433897,-0.48166780,1.33074768,9.00463004,0.00000003
7.41000000,MOVE_LEG_FORWARD,-0.00460724,-0.01514727,0.00781563,-0.08383750,0.07014724,0.31105981,-0.08675926,0.06584913,0.08665280,0.02642651,0.00866420,29.71817703,0.00000000,51.64863629,35.74087123,0.20782027,-0.48096417,1.32951510,0.21433904,-0.48166811,1.33074840,9.00468207,0.00000004
7.42000000,MOVE_LEG_FORWARD,-0.00460754,-0.01514763,0.00781588,-0.08383770,0.07014736,0.31105982,-0.08675945,0.06584924,0.08665259,0.02642679,0.00866448,29.71800591,0.00000000,51.64893214,35.74078425,0.20782035,-0.48096453,1.32951591,0.21433911,-0.48166843,1.33074913,9.00474117,0.00000004
7.43000000,MOVE_LEG_FORWARD,-0.00460780,-0.01514796,0.00781610,-0.08383788,0.07014746,0.31105983,-0.08675963,0.06584933,0.08665239,0.02642704,0.00866474,29.71785933,0.00000000,51.64925446,35.74071826,0.20782042,-0.48096486,1.32951665,0.21433917,-0.48166875,1.33074985,9.00480364,0.00000003
7.44000000,MOVE_LEG_FORWARD,-0.00460801,-0.01514826,0.00781629,-0.08383805,0.07014755,0.31105984,-0.08675979,0.06584942,0.08665220,0.02642726,0.00866495,29.71773972,0.00000000,51.64983111,35.74069781,0.20782048,-0.48096515,1.32951728,0.21433925,-0.48166907,1.33075059,9.00490632,0.00000001
7.45000000,MOVE_LEG_FORWARD,-0.00460818,-0.01514854,0.00781644,-0.08383821,0.07014763,0.31105984,-0.08675994,0.06584949,0.08665203,0.02642746,0.00866516,29.71763348,0.00000000,51.64935625,35.74065300,0.20782054,-0.48096542,1.32951791,0.21433925,-0.48166907,1.33075059,9.00484869,0.00000007
7.46000000,MOVE_LEG_FORWARD,-0.00460832,-0.01514878,0.00781657,-0.08383835,0.07014769,0.31105985,-0.08676008,0.06584956,0.08665187,0.02642763,0.00866533,29.71755323,0.00000000,51.64970152,35.74063214,0.20782059,-0.48096566,1.32951845,0.21433932,-0.48166940,1.33075132,9.00491058,0.00000004
7.47000000,MOVE_LEG_FORWARD,-0.00460841,-0.01514899,0.00781666,-0.08383848,0.07014775,0.31105985,-0.08676020,0.06584961,0.08665173,0.02642778,0.00866547,29.71749426,0.00000000,51.64953964,35.74065229,0.20782063,-0.48096586,1.32951889,0.21433932,-0.48166940,1.33075132,9.00490172,0.00000007
7.48000000,MOVE_LEG_FORWARD,-0.00460848,-0.01514918,0.00781672,-0.08383859,0.07014779,0.31105985,-0.08676031,0.06584965,0.08665161,0.02642788,0.00866558,29.71746054,0.00000000,51.65007752,35.74068381,0.20782066,-0.48096601,1.32951922,0.21433938,-0.48166972,1.33075205,9.00499153,0.00000008
7.49000000,MOVE_LEG_FORWARD,-0.00460848,-0.01514932,0.00781675,-0.08383869,0.07014782,0.31105986,-0.08676040,0.06584968,0.08665150,0.02642799,0.00866569,29.71743428,0.00000000,51.64969127,35.74070050,0.20782070,-0.48096619,1.32951964,0.21433938,-0.48166972,1.33075205,9.00494402,0.00000010
7.50000000,MOVE_LEG_FORWARD,-0.00460851,-0.01514941,0.00781675,-0.08383877,0.07014783,0.31105986,-0.08676048,0.06584970,0.08665141,0.02642805,0.00866575,29.71716459,0.00000000,51.64954510,35.74094961,0.20782070,-0.48096628,1.32951988,0.21433938,-0.48166972,1.33075205,9.00493985,0.00000004
7.51000000,MOVE_LEG_FORWARD,-0.00460850,-0.01514945,0.00781671,-0.08383884,0.07014784,0.31105986,-0.08676055,0.06584971,0.08665134,0.02642809,0.00866579,29.71726647,0.00000000,51.64946662,35.74095720,0.20782072,-0.48096635,1.32952001,0.21433938,-0.48166972,1.33075205,9.00493878,0.00000005
7.52000000,MOVE_LEG_FORWARD,-0.00460845,-0.01514947,0.00781665,-0.08383888,0.07014784,0.31105986,-0.08676060,0.06584971,0.08665128,0.02642809,0.00866579,29.71734908,0.00000000,51.64939029,35.74100461,0.20782074,-0.48096639,1.32952008,0.21433938,-0.48166972,1.33075205,9.00493470,0.00000005
7.53000000,MOVE_LEG_FORWARD,-0.00460837,-0.01514947,0.00781657,-0.08383892,0.07014783,0.31105986,-0.08676063,0.06584971,0.08665125,0.02642808,0.00866578,29.71743966,0.00000000,51.64931038,35.74106955,0.20782074,-0.48096642,1.32952012,0.21433938,-0.48166972,1.33075205,9.00492791,0.00000004
7.54000000,MOVE_LEG_FORWARD,-0.00460826,-0.01514944,0.00781648,-0.08383893,0.07014782,0.31105986,-0.08676065,0.06584969,0.08665123,0.02642805,0.00866575,29.71753810,0.00000000,51.64922123,35.74114441,0.20782074,-0.48096643,1.32952014,0.21433938,-0.48166972,1.33075205,9.00491833,0.00000005
7.55000000,MOVE_LEG_FORWARD,-0.00460811,-0.01514939,0.00781636,-0.08383894,0.07014779,0.31105986,-0.08676066,0.06584967,0.08665122,0.02642801,0.00866571,29.71764261,0.00000000,51.64911888,35.74122402,0.20782073,-0.48096644,1.32952015,0.21433938,-0.48166972,1.33075205,9.00490590,0.00000006
7.56000000,MOVE_LEG_FORWARD,-0.00460794,-0.01514931,0.00781624,-0.08383893,0.07014775,0.31105986,-0.08676065,0.06584964,0.08665123,0.02642795,0.00866565,29.71775108,0.00000000,51.64900123,35.74130526,0.20782072,-0.48096644,1.32952016,0.21433938,-0.48166972,1.33075205,9.00489060,0.00000008
7.57000000,MOVE_LEG_FORWARD,-0.00460774,-0.01514921,0.00781612,-0.08383891,0.07014771,0.31105986,-0.08676064,0.06584960,0.08665125,0.02642788,0.00866558,29.71786140,0.00000000,51.64886767,35.74138657,0.20782071,-0.48096644,1.32952016,0.21433938,-0.48166972,1.33075205,9.00487249,0.00000009
7.58000000,MOVE_LEG_FORWARD,-0.00460756,-0.01514909,0.00781598,-0.08383887,0.07014766,0.31105987,-0.08676061,0.06584956,0.08665128,0.02642778,0.00866547,29.71748984,0.00000000,51.64840713,35.74196188,0.20782067,-0.48096632,1.32951986,0.21433931,-0.48166939,1.33075132,9.00481325,0.00000004
7.59000000,MOVE_LEG_FORWARD,-0.00460739,-0.01514892,0.00781582,-0.08383882,0.07014761,0.31105987,-0.08676056,0.06584951,0.08665133,0.02642767,0.00866537,29.71787539,0.00000000,51.64830451,35.74176938,0.20782064,-0.48096621,1.32951968,0.21433931,-0.48166939,1.33075132,9.00479880,0.00000009
7.60000000,MOVE_LEG_FORWARD,-0.00460721,-0.01514874,0.00781565,-0.08383876,0.07014756,0.31105987,-0.08676051,0.06584946,0.08665139,0.02642754,0.00866524,29.71806467,0.00000000,51.64788772,35.74185689,0.20782061,-0.48096606,1.32951930,0.21433925,-0.48166908,1.33075059,9.00474030,0.00000004
7.61000000,MOVE_LEG_FORWARD,-0.00460700,-0.01514855,0.00781547,-0.08383870,0.07014750,0.31105987,-0.08676045,0.06584941,0.08665147,0.02642741,0.00866511,29.71824157,0.00000000,51.64782596,35.74192055,0.20782059,-0.48096594,1.32951904,0.21433925,-0.48166908,1.33075059,9.00472562,0.00000010
7.62000000,MOVE_LEG_FORWARD,-0.00460680,-0.01514836,0.00781530,-0.08383862,0.07014744,0.31105987,-0.08676038,0.06584935,0.08665155,0.02642725,0.00866495,29.71841925,0.00000000,51.64744886,35.74203234,0.20782055,-0.48096575,1.32951857,0.21433918,-0.48166876,1.33074987,9.00466887,0.00000005
7.63000000,MOVE_LEG_FORWARD,-0.00460658,-0.01514816,0.00781512,-0.08383853,0.07014737,0.31105987,-0.08676030,0.06584929,0.08665164,0.02642711,0.00866480,29.71859240,0.00000000,51.64687695,35.74212766,0.20782051,-0.48096558,1.32951819,0.21433911,-0.48166843,1.33074913,9.00458046,0.00000001
7.64000000,MOVE_LEG_FORWARD,-0.00460636,-0.01514796,0.00781495,-0.08383844,0.07014731,0.31105987,-0.08676021,0.06584924,0.08665175,0.02642695,0.00866464,29.71876728,0.00000000,51.64701783,35.74221571,0.20782046,-0.48096540,1.32951778,0.21433911,-0.48166843,1.33074913,9.00459410,0.00000007
7.65000000,MOVE_LEG_FORWARD,-0.00460614,-0.01514775,0.00781477,-0.08383834,0.07014724,0.31105987,-0.08676012,0.06584918,0.08665185,0.02642678,0.00866448,29.71893883,0.00000000,51.64662176,35.74232013,0.20782041,-0.48096519,1.32951730,0.21433904,-0.48166812,1.33074842,9.00453209,0.00000004
7.66000000,MOVE_LEG_FORWARD,-0.00460592,-0.01514754,0.00781460,-0.08383823,0.07014718,0.31105987,-0.08676002,0.06584912,0.08665196,0.02642663,0.00866433,29.71910068,0.00000000,51.64587498,35.74237885,0.20782037,-0.48096501,1.32951692,0.21433897,-0.48166780,1.33074770,9.00441273,0.00000001
7.67000000,MOVE_LEG_FORWARD,-0.00460571,-0.01514733,0.00781444,-0.08383813,0.07014712,0.31105987,-0.08675992,0.06584906,0.08665208,0.02642646,0.00866415,29.71926759,0.00000000,51.64624485,35.74247838,0.20782031,-0.48096479,1.32951643,0.21433897,-0.48166780,1.33074770,9.00446276,0.00000006
7.68000000,MOVE_LEG_FORWARD,-0.00460551,-0.01514711,0.00781428,-0.08383802,0.07014705,0.31105987,-0.08675982,0.06584900,0.08665219,0.02642629,0.00866399,29.71942426,0.00000000,51.64580867,35.74256252,0.20782027,-0.48096459,1.32951598,0.21433890,-0.48166749,1.33074698,9.00439371,0.00000002
7.69000000,MOVE_LEG_FORWARD,-0.00460531,-0.01514690,0.00781413,-0.08383791,0.07014699,0.31105988,-0.08675972,0.06584894,0.08665231,0.02642614,0.00866384,29.71957299,0.00000000,51.64585452,35.74261271,0.20782022,-0.48096440,1.32951559,0.21433890,-0.48166749,1.33074698,9.00439064,0.00000009
7.70000000,MOVE_LEG_FORWARD,-0.00460513,-0.01514669,0.00781399,-0.08383780,0.07014693,0.31105988,-0.08675962,0.06584889,0.08665242,0.02642598,0.00866368,29.71971585,0.00000000,51.64548284,35.74269305,0.20782017,-0.48096419,1.32951509,0.21433883,-0.48166716,1.33074624,9.00433175,0.00000004
7.71000000,MOVE_LEG_FORWARD,-0.00460494,-0.01514648,0.00781385,-0.08383769,0.07014687,0.31105988,-0.08675951,0.06584883,0.08665254,0.02642584,0.00866354,29.71984808,0.00000000,51.64546881,35.74272795,0.20782013,-0.48096403,1.32951477,0.21433883,-0.48166716,1.33074624,9.00431932,0.00000010
7.72000000,MOVE_LEG_FORWARD,-0.00460479,-0.01514628,0.00781373,-0.08383758,0.07014682,0.31105988,-0.08675941,0.06584878,0.08665265,0.02642568,0.00866338,29.71997424,0.00000000,51.64513295,35.74280098,0.20782009,-0.48096382,1.32951426,0.21433876,-0.48166684,1.33074549,9.00426560,0.00000005
7.73000000,MOVE_LEG_FORWARD,-0.00460463,-0.01514608,0.00781361,-0.08383748,0.07014677,0.31105988,-0.08675932,0.06584873,0.08665276,0.02642556,0.00866325,29.72008534,0.00000000,51.64439397,35.74282301,0.20782005,-0.48096366,1.32951393,0.21433869,-0.48166652,1.33074477,9.00414683,0.00000001
7.74000000,MOVE_LEG_FORWARD,-0.00460450,-0.01514590,0.00781350,-0.08383738,0.07014672,0.31105988,-0.08675922,0.06584869,0.08665287,0.02642541,0.00866311,29.72019711,0.00000000,51.64480876,35.74288899,0.20782001,-0.48096347,1.32951347,0.21433869,-0.48166652,1.33074477,9.00420330,0.00000005
7.75000000,MOVE_LEG_FORWARD,-0.00460436,-0.01514571,0.00781341,-0.08383728,0.07014667,0.31105988,-0.08675913,0.06584864,0.08665297,0.02642530,0.00866300,29.72029352,0.00000000,51.64479691,35.74290424,0.20781998,-0.48096334,1.32951322,0.21433869,-0.48166652,1.33074477,9.00419173,0.00000009
7.76000000,MOVE_LEG_FORWARD,-0.00460426,-0.01514555,0.00781332,-0.08383719,0.07014663,0.31105988,-0.08675904,0.06584861,0.08665307,0.02642517,0.00866287,29.72038229,0.00000000,51.64448328,35.74295745,0.20781994,-0.48096316,1.32951277,0.21433862,-0.48166620,1.33074404,9.00414227,0.00000003
7.77000000,MOVE_LEG_FORWARD,-0.00460416,-0.01514539,0.00781324,-0.08383711,0.07014659,0.31105988,-0.08675896,0.06584857,0.08665316,0.02642507,0.00866277,29.72045994,0.00000000,51.64450886,35.74296679,0.20781991,-0.48096303,1.32951250,0.21433862,-0.48166620,1.33074404,9.00413641,0.00000007
7.78000000,MOVE_LEG_FORWARD,-0.00460407,-0.01514525,0.00781317,-0.08383702,0.07014656,0.31105988,-0.08675888,0.06584854,0.08665325,0.02642498,0.00866268,29.72052603,0.00000000,51.64401791,35.74299006,0.20781989,-0.48096291,1.32951223,0.21433855,-0.48166589,1.33074333,9.00405995,0.00000005
7.79000000,MOVE_LEG_FORWARD,-0.00460401,-0.01514512,0.00781310,-0.08383695,0.07014653,0.31105987,-0.08675881,0.06584851,0.08665333,0.02642488,0.00866258,29.72058646,0.00000000,51.64424824,35.74300886,0.20781985,-0.48096276,1.32951188,0.21433855,-0.48166589,1.33074333,9.00408715,0.00000006
7.80000000,MOVE_LEG_FORWARD,-0.00460395,-0.01514500,0.00781305,-0.08383688,0.07014651,0.31105987,-0.08675874,0.06584849,0.08665340,0.02642481,0.00866251,29.72063543,0.00000000,51.64427077,35.74300526,0.20781983,-0.48096267,1.32951169,0.21433855,-0.48166589,1.33074333,9.00408234,0.00000007
7.81000000,MOVE_LEG_FORWARD,-0.00460390,-0.01514489,0.00781301,-0.08383682,0.07014649,0.31105987,-0.08675869,0.06584847,0.08665347,0.02642475,0.00866245,29.72067309,0.00000000,51.64427855,35.74299250,0.20781982,-0.48096261,1.32951159,0.21433855,-0.48166589,1.33074333,9.00407716,0.00000009
7.82000000,MOVE_LEG_FORWARD,-0.00460387,-0.01514479,0.00781298,-0.08383676,0.07014647,0.31105987,-0.08675863,0.06584845,0.08665353,0.02642469,0.00866239,29.72069995,0.00000000,51.64386732,35.74300721,0.20781980,-0.48096253,1.32951137,0.21433848,-0.48166557,1.33074261,9.00401602,0.00000009
7.83000000,MOVE_LEG_FORWARD,-0.00460387,-0.01514473,0.00781296,-0.08383671,0.07014646,0.31105987,-0.08675858,0.06584844,0.08665358,0.02642463,0.00866233,29.72071964,0.00000000,51.64406545,35.74300819,0.20781978,-0.48096241,1.32951109,0.21433848,-0.48166557,1.33074261,9.00403945,0.00000010
7.84000000,MOVE_LEG_FORWARD,-0.00460383,-0.01514470,0.00781295,-0.08383667,0.07014645,0.31105986,-0.08675854,0.06584843,0.08665363,0.02642459,0.00866229,29.72099632,0.00000000,51.64416663,35.74280473,0.20781977,-0.48096235,1.32951092,0.21433848,-0.48166557,1.33074261,9.00404218,0.00000002
7.85000000,MOVE_LEG_FORWARD,-0.00460380,-0.01514470,0.00781296,-0.08383664,0.07014644,0.31105986,-0.08675851,0.06584842,0.08665366,0.02642457,0.00866226,29.72091269,0.00000000,51.64420128,35.74284680,0.20781976,-0.48096231,1.32951084,0.21433848,-0.48166557,1.33074261,9.00404108,0.00000003
7.86000000,MOVE_LEG_FORWARD,-0.00460378,-0.01514471,0.00781298,-0.08383662,0.07014644,0.31105986,-0.08675849,0.06584842,0.08665369,0.02642456,0.00866225,29.72085664,0.00000000,51.64422794,35.74285314,0.20781974,-0.48096227,1.32951079,0.21433848,-0.48166557,1.33074261,9.00404143,0.00000003
7.87000000,MOVE_LEG_FORWARD,-0.00460379,-0.01514472,0.00781300,-0.08383660,0.07014644,0.31105986,-0.08675847,0.06584842,0.08665371,0.02642456,0.00866225,29.72079983,0.00000000,51.64425090,35.74284477,0.20781973,-0.48096225,1.32951076,0.21433848,-0.48166557,1.33074261,9.00404293,0.00000003
7.88000000,MOVE_LEG_FORWARD,-0.00460381,-0.01514474,0.00781303,-0.08383659,0.07014644,0.31105986,-0.08675846,0.06584842,0.08665371,0.02642456,0.00866226,29.72074094,0.00000000,51.64427523,35.74282866,0.20781973,-0.48096223,1.32951075,0.21433848,-0.48166557,1.33074261,9.00404564,0.00000002
7.89000000,MOVE_LEG_FORWARD,-0.00460384,-0.01514476,0.00781307,-0.08383659,0.07014644,0.31105986,-0.08675846,0.06584842,0.08665372,0.02642458,0.00866227,29.72068030,0.00000000,51.64430477,35.74280968,0.20781974,-0.48096223,1.32951074,0.21433848,-0.48166557,1.33074261,9.00404966,0.00000002
7.90000000,MOVE_LEG_FORWARD,-0.00460388,-0.01514480,0.00781310,-0.08383659,0.07014644,0.31105986,-0.08675846,0.06584842,0.08665371,0.02642459,0.00866229,29.72061868,0.00000000,51.64434182,35.74279072,0.20781974,-0.48096223,1.32951074,0.21433848,-0.48166557,1.33074261,9.00405503,0.00000001
7.91000000,MOVE_LEG_FORWARD,-0.00460394,-0.01514484,0.00781314,-0.08383661,0.07014645,0.31105986,-0.08675847,0.06584843,0.08665370,0.02642461,0.00866231,29.72055703,0.00000000,51.64438735,35.74277306,0.20781975,-0.48096223,1.32951074,0.21433848,-0.48166557,1.33074261,9.00406174,0.00000001
7.92000000,MOVE_LEG_FORWARD,-0.00460400,-0.01514489,0.00781318,-0.08383662,0.07014646,0.31105986,-0.08675848,0.06584844,0.08665368,0.02642464,0.00866233,29.72049633,0.00000000,51.64444140,35.74275694,0.20781976,-0.48096224,1.32951073,0.21433848,-0.48166557,1.33074261,9.00406977,0.00000003
7.93000000,MOVE_LEG_FORWARD,-0.00460407,-0.01514496,0.00781322,-0.08383665,0.07014647,0.31105985,-0.08675850,0.06584845,0.08665366,0.02642466,0.00866236,29.72043736,0.00000000,51.64450337,35.74274203,0.20781976,-0.48096224,1.32951073,0.21433848,-0.48166557,1.33074261,9.00407905,0.00000005
7.94000000,MOVE_LEG_FORWARD,-0.00460414,-0.01514503,0.00781325,-0.08383667,0.07014649,0.31105985,-0.08675853,0.06584846,0.08665363,0.02642469,0.00866239,29.72038065,0.00000000,51.64457233,35.74272779,0.20781976,-0.48096224,1.32951073,0.21433848,-0.48166557,1.33074261,9.00408949,0.00000007
7.95000000,MOVE_LEG_FORWARD,-0.00460422,-0.01514511,0.00781329,-0.08383670,0.07014651,0.31105984,-0.08675856,0.06584848,0.08665360,0.02642472,0.00866242,29.72032639,0.00000000,51.64464720,35.74271369,0.20781976,-0.48096224,1.32951073,0.21433848,-0.48166557,1.33074261,9.00410098,0.00000009
7.96000000,MOVE_LEG_FORWARD,-0.00460429,-0.01514519,0.00781333,-0.08383674,0.07014653,0.31105983,-0.08675859,0.06584849,0.08665357,0.02642478,0.00866248,29.72027035,0.00000000,51.64503352,35.74265436,0.20781978,-0.48096233,1.32951098,0.21433855,-0.48166589,1.33074334,9.00415373,0.00000001
7.97000000,MOVE_LEG_FORWARD,-0.00460436,-0.01514526,0.00781337,-0.08383678,0.07014655,0.31105983,-0.08675863,0.06584851,0.08665352,0.02642484,0.00866254,29.72021246,0.00000000,51.64501770,35.74262482,0.20781980,-0.48096243,1.32951119,0.21433855,-0.48166589,1.33074334,9.00415546,0.00000003
7.98000000,MOVE_LEG_FORWARD,-0.00460444,-0.01514534,0.00781341,-0.08383682,0.07014657,0.31105982,-0.08675867,0.06584853,0.08665348,0.02642489,0.00866258,29.72015110,0.00000000,51.64506559,35.74260223,0.20781982,-0.48096249,1.32951130,0.21433855,-0.48166589,1.33074334,9.00416638,0.00000006
7.99000000,MOVE_LEG_FORWARD,-0.00460453,-0.01514543,0.00781346,-0.08383687,0.07014659,0.31105981,-0.08675871,0.06584856,0.08665343,0.02642493,0.00866263,29.72008869,0.00000000,51.64512547,35.74258645,0.20781983,-0.48096254,1.32951136,0.21433855,-0.48166589,1.33074334,9.00417813,0.00000008
8.00000000,MOVE_LEG_FORWARD,-0.00460461,-0.01514553,0.00781350,-0.08383691,0.07014662,0.31105981,-0.08675875,0.06584858,0.08665339,0.02642499,0.00866269,29.72002413,0.00000000,51.64555969,35.74253575,0.20781984,-0.48096262,1.32951159,0.21433862,-0.48166620,1.33074405,9.00423966,0.00000001
8.01000000,MOVE_LEG_FORWARD,-0.00460469,-0.01514561,0.00781356,-0.08383696,0.07014664,0.31105980,-0.08675880,0.06584860,0.08665333,0.02642506,0.00866276,29.71995738,0.00000000,51.64547936,35.74250613,0.20781987,-0.48096273,1.32951184,0.21433862,-0.48166620,1.33074405,9.00423223,0.00000003
8.02000000,MOVE_LEG_FORWARD,-0.00460478,-0.01514570,0.00781361,-0.08383701,0.07014667,0.31105980,-0.08675884,0.06584862,0.08665328,0.02642512,0.00866282,29.71988867,0.00000000,51.64551066,35.74248499,0.20781988,-0.48096281,1.32951198,0.21433862,-0.48166620,1.33074405,9.00424170,0.00000006
8.03000000,MOVE_LEG_FORWARD,-0.00460487,-0.01514581,0.00781366,-0.08383706,0.07014669,0.31105979,-0.08675889,0.06584865,0.08665323,0.02642518,0.00866287,29.71982098,0.00000000,51.64555481,35.74246974,0.20781989,-0.48096285,1.32951206,0.21433862,-0.48166620,1.33074405,9.00425194,0.00000009
8.04000000,MOVE_LEG_FORWARD,-0.00460495,-0.01514590,0.00781372,-0.08383711,0.07014672,0.31105979,-0.08675894,0.06584867,0.08665318,0.02642525,0.00866295,29.71975263,0.00000000,51.64590837,35.74241309,0.20781992,-0.48096296,1.32951235,0.21433869,-0.48166652,1.33074477,9.00430219,0.00000002
8.05000000,MOVE_LEG_FORWARD,-0.00460502,-0.01514599,0.00781378,-0.08383716,0.07014674,0.31105979,-0.08675899,0.06584869,0.08665312,0.02642533,0.00866302,29.71968568,0.00000000,51.64586381,35.74238682,0.20781994,-0.48096307,1.32951259,0.21433869,-0.48166652,1.33074477,9.00430125,0.00000004
8.06000000,MOVE_LEG_FORWARD,-0.00460510,-0.01514609,0.00781383,-0.08383721,0.07014677,0.31105979,-0.08675903,0.06584872,0.08665307,0.02642539,0.00866308,29.71962015,0.00000000,51.64588101,35.74236694,0.20781996,-0.48096314,1.32951271,0.21433869,-0.48166652,1.33074477,9.00430880,0.00000007
8.07000000,MOVE_LEG_FORWARD,-0.00460519,-0.01514619,0.00781389,-0.08383726,0.07014679,0.31105979,-0.08675908,0.06584874,0.08665302,0.02642544,0.00866314,29.71955937,0.00000000,51.64590851,35.74235294,0.20781997,-0.48096318,1.32951279,0.21433869,-0.48166652,1.33074477,9.00431666,0.00000009
8.08000000,MOVE_LEG_FORWARD,-0.00460525,-0.01514628,0.00781395,-0.08383731,0.07014682,0.31105979,-0.08675912,0.06584876,0.08665297,0.02642552,0.00866322,29.71950081,0.00000000,51.64622520,35.74229534,0.20781999,-0.48096329,1.32951310,0.21433876,-0.48166683,1.33074549,9.00436168,0.00000003
8.09000000,MOVE_LEG_FORWARD,-0.00460531,-0.01514636,0.00781400,-0.08383735,0.07014684,0.31105979,-0.08675916,0.06584878,0.08665293,0.02642559,0.00866329,29.71944657,0.00000000,51.64617849,35.74227154,0.20782002,-0.48096339,1.32951332,0.21433876,-0.48166683,1.33074549,9.00436060,0.00000004
8.10000000,MOVE_LEG_FORWARD,-0.00460538,-0.01514644,0.00781406,-0.08383740,0.07014686,0.31105980,-0.08675920,0.06584880,0.08665288,0.02642564,0.00866334,29.71939646,0.00000000,51.64617903,35.74225478,0.20782004,-0.48096346,1.32951344,0.21433876,-0.48166683,1.33074549,9.00436553,0.00000006
8.11000000,MOVE_LEG_FORWARD,-0.00460544,-0.01514652,0.00781411,-0.08383744,0.07014688,0.31105980,-0.08675924,0.06584882,0.08665284,0.02642569,0.00866339,29.71935316,0.00000000,51.64618900,35.74224462,0.20782005,-0.48096350,1.32951351,0.21433876,-0.48166683,1.33074549,9.00437061,0.00000008
8.12000000,MOVE_LEG_FORWARD,-0.00460550,-0.01514660,0.00781416,-0.08383747,0.07014690,0.31105980,-0.08675928,0.06584884,0.08665280,0.02642574,0.00866343,29.71932176,0.00000000,51.64691957,35.74224062,0.20782005,-0.48096353,1.32951360,0.21433883,-0.48166715,1.33074621,9.00448070,0.00000004
8.13000000,MOVE_LEG_FORWARD,-0.00460554,-0.01514666,0.00781420,-0.08383751,0.07014691,0.31105980,-0.08675931,0.06584885,0.08665276,0.02642581,0.00866351,29.71928592,0.00000000,51.64646652,35.74218180,0.20782008,-0.48096365,1.32951392,0.21433883,-0.48166715,1.33074621,9.00441273,0.00000004
8.14000000,MOVE_LEG_FORWARD,-0.00460557,-0.01514670,0.00781425,-0.08383754,0.07014693,0.31105981,-0.08675934,0.06584887,0.08665273,0.02642586,0.00866356,29.71925888,0.00000000,51.64642925,35.74216557,0.20782010,-0.48096373,1.32951410,0.21433883,-0.48166715,1.33074621,9.00441249,0.00000004
8.15000000,MOVE_LEG_FORWARD,-0.00460561,-0.01514675,0.00781429,-0.08383757,0.07014694,0.31105981,-0.08675937,0.06584888,0.08665270,0.02642590,0.00866360,29.71923661,0.00000000,51.64641456,35.74215720,0.20782012,-0.48096379,1.32951419,0.21433883,-0.48166715,1.33074621,9.00441431,0.00000004
8.16000000,MOVE_LEG_FORWARD,-0.00460564,-0.01514680,0.00781432,-0.08383759,0.07014695,0.31105982,-0.08675939,0.06584889,0.08665267,0.02642593,0.00866363,29.71922055,0.00000000,51.64640662,35.74215543,0.20782012,-0.48096382,1.32951425,0.21433883,-0.48166715,1.33074621,9.00441598,0.00000005
8.17000000,MOVE_LEG_FORWARD,-0.00460567,-0.01514684,0.00781435,-0.08383762,0.07014696,0.31105982,-0.08675942,0.06584890,0.08665265,0.02642595,0.00866365,29.71921150,0.00000000,51.64640222,35.74215741,0.20782013,-0.48096383,1.32951428,0.21433883,-0.48166715,1.33074621,9.00441738,0.00000006
8.18000000,MOVE_LEG_FORWARD,-0.00460569,-0.01514688,0.00781437,-0.08383764,0.07014697,0.31105982,-0.08675943,0.06584891,0.08665263,0.02642597,0.00866367,29.71920970,0.00000000,51.64639918,35.74216101,0.20782013,-0.48096384,1.32951430,0.21433883,-0.48166715,1.33074621,9.00441849,0.00000007
8.19000000,MOVE_LEG_FORWARD,-0.00460571,-0.01514691,0.00781438,-0.08383765,0.07014698,0.31105982,-0.08675945,0.06584892,0.08665261,0.02642599,0.00866369,29.71921481,0.00000000,51.64639597,35.74216511,0.20782013,-0.48096384,1.32951431,0.21433883,-0.48166715,1.33074621,9.00441929,0.00000008
8.20000000,MOVE_LEG_FORWARD,-0.00460572,-0.01514694,0.00781439,-0.08383766,0.07014699,0.31105983,-0.08675946,0.06584892,0.08665260,0.02642600,0.00866370,29.71922606,0.00000000,51.64639166,35.74216932,0.20782013,-0.48096384,1.32951432,0.21433883,-0.48166715,1.33074621,9.00441976,0.00000008
8.21000000,MOVE_LEG_FORWARD,-0.00460572,-0.01514696,0.00781440,-0.08383767,0.07014699,0.31105983,-0.08675947,0.06584893,0.08665259,0.02642601,0.00866371,29.71924238,0.00000000,51.64638568,35.74217373,0.20782013,-0.48096384,1.32951432,0.21433883,-0.48166715,1.33074621,9.00441986,0.00000009
8.22000000,MOVE_LEG_FORWARD,-0.00460572,-0.01514697,0.00781440,-0.08383768,0.07014699,0.31105983,-0.08675948,0.06584893,0.08665258,0.02642601,0.00866371,29.71926254,0.00000000,51.64637774,35.74217863,0.20782013,-0.48096384,1.32951432,0.21433883,-0.48166715,1.33074621,9.00441956,0.00000009
8.23000000,MOVE_LEG_FORWARD,-0.00460572,-0.01514697,0.00781439,-0.08383768,0.07014700,0.31105982,-0.08675948,0.06584893,0.08665257,0.02642601,0.00866371,29.71928534,0.00000000,51.64636764,35.74218428,0.20782013,-0.48096384,1.32951432,0.21433883,-0.48166715,1.33074621,9.00441885,0.00000009
8.24000000,MOVE_LEG_FORWARD,-0.00460570,-0.01514697,0.00781438,-0.08383769,0.07014700,0.31105982,-0.08675948,0.06584893,0.08665257,0.02642601,0.00866371,29.71930965,0.00000000,51.64635527,35.74219090,0.20782013,-0.48096384,1.32951432,0.21433883,-0.48166715,1.33074621,9.00441769,0.00000009
8.25000000,MOVE_LEG_FORWARD,-0.00460569,-0.01514696,0.00781437,-0.08383769,0.07014700,0.31105982,-0.08675949,0.06584893,0.08665257,0.02642600,0.00866370,29.71933448,0.00000000,51.64634052,35.74219854,0.20782012,-0.48096384,1.32951432,0.21433883,-0.48166715,1.33074621,9.00441607,0.00000008
8.26000000,MOVE_LEG_FORWARD,-0.00460567,-0.01514695,0.00781435,-0.08383768,0.07014699,0.31105982,-0.08675948,0.06584893,0.08665257,0.02642599,0.00866369,29.71935905,0.00000000,51.64632331,35.74220717,0.20782012,-0.48096384,1.32951432,0.21433883,-0.48166715,1.33074621,9.00441396,0.00000008
8.27000000,MOVE_LEG_FORWARD,-0.00460564,-0.01514693,0.00781434,-0.08383768,0.07014699,0.31105982,-0.08675948,0.06584893,0.08665258,0.02642598,0.00866368,29.71938273,0.00000000,51.64630359,35.74221666,0.20782012,-0.48096384,1.32951432,0.21433883,-0.48166715,1.33074621,9.00441136,0.00000007
8.28000000,MOVE_LEG_FORWARD,-0.00460562,-0.01514690,0.00781432,-0.08383767,0.07014698,0.31105982,-0.08675947,0.06584892,0.08665258,0.02642597,0.00866367,29.71940514,0.00000000,51.64628135,35.74222686,0.20782012,-0.48096384,1.32951432,0.21433883,-0.48166715,1.33074621,9.00440827,0.00000006
8.29000000,MOVE_LEG_FORWARD,-0.00460558,-0.01514688,0.00781430,-0.08383766,0.07014698,0.31105982,-0.08675947,0.06584892,0.08665259,0.02642596,0.00866365,29.71942604,0.00000000,51.64625665,35.74223759,0.20782012,-0.48096384,1.32951432,0.21433883,-0.48166715,1.33074621,9.00440471,0.00000007
8.30000000,MOVE_LEG_FORWARD,-0.00460555,-0.01514685,0.00781428,-0.08383765,0.07014697,0.31105983,-0.08675946,0.06584891,0.08665260,0.02642594,0.00866364,29.71944535,0.00000000,51.64622959,35.74224870,0.20782011,-0.48096384,1.32951432,0.21433883,-0.48166715,1.33074621,9.00440069,0.00000007
8.31000000,MOVE_LEG_FORWARD,-0.00460551,-0.01514681,0.00781426,-0.08383764,0.07014696,0.31105983,-0.08675945,0.06584890,0.08665261,0.02642593,0.00866363,29.71946316,0.00000000,51.64620037,35.74226007,0.20782011,-0.48096384,1.32951432,0.21433883,-0.48166715,1.33074621,9.00439625,0.00000007
8.32000000,MOVE_LEG_FORWARD,-0.00460547,-0.01514678,0.00781424,-0.08383763,0.07014695,0.31105983,-0.08675944,0.06584889,0.08665262,0.02642591,0.00866361,29.71947963,0.00000000,51.64616921,35.74227161,0.20782011,-0.48096384,1.32951432,0.21433883,-0.48166715,1.33074621,9.00439144,0.00000007
8.33000000,MOVE_LEG_FORWARD,-0.00460542,-0.01514674,0.00781422,-0.08383762,0.07014694,0.31105983,-0.08675942,0.06584888,0.08665264,0.02642590,0.00866359,29.71949501,0.00000000,51.64613640,35.74228327,0.20782011,-0.48096384,1.32951432,0.21433883,-0.48166715,1.33074621,9.00438628,0.00000007
8.34000000,MOVE_LEG_FORWARD,-0.00460538,-0.01514670,0.00781420,-0.08383760,0.07014693,0.31105984,-0.08675941,0.06584887,0.08665265,0.02642588,0.00866358,29.71950959,0.00000000,51.64610226,35.74229503,0.20782011,-0.48096384,1.32951432,0.21433883,-0.48166715,1.33074621,9.00438084,0.00000007
8.35000000,MOVE_LEG_FORWARD,-0.00460533,-0.01514666,0.00781418,-0.08383758,0.07014691,0.31105984,-0.08675939,0.06584886,0.08665267,0.02642586,0.00866356,29.71952367,0.00000000,51.64606711,35.74230690,0.20782011,-0.48096384,1.32951432,0.21433883,-0.48166715,1.33074621,9.00437517,0.00000007
8.36000000,MOVE_LEG_FORWARD,-0.00460528,-0.01514661,0.00781416,-0.08383757,0.07014690,0.31105984,-0.08675938,0.06584885,0.08665269,0.02642584,0.00866354,29.71953756,0.00000000,51.64603128,35.74231890,0.20782011,-0.48096384,1.32951432,0.21433883,-0.48166715,1.33074621,9.00436931,0.00000007
8.37000000,MOVE_LEG_FORWARD,-0.00460523,-0.01514657,0.00781414,-0.08383755,0.07014688,0.31105985,-0.08675936,0.06584883,0.08665270,0.02642583,0.00866352,29.71955150,0.00000000,51.64599510,35.74233103,0.20782011,-0.48096384,1.32951432,0.21433883,-0.48166715,1.33074621,9.00436333,0.00000007
8.38000000,RETURN_LEG,-0.00460517,-0.01514652,0.00781412,-0.08383753,0.07014687,0.31105985,-0.08675934,0.06584882,0.08665272,0.02642581,0.00866351,29.71956572,0.00000000,51.64595886,35.74234332,0.20782011,-0.48096384,1.32951432,0.21433883,-0.48166715,1.33074621,9.00435725,0.00000007
8.39000000,RETURN_LEG,-0.00460512,-0.01514647,0.00781410,-0.08383751,0.07014685,0.31105986,-0.08675932,0.06584880,0.08665274,0.02642579,0.00866349,29.71958037,0.00000000,51.64592282,35.74235578,0.20782011,-0.48096384,1.32951432,0.21433883,-0.48166715,1.33074621,9.00435114,0.00000007
8.40000000,RETURN_LEG,-0.00460506,-0.01514642,0.00781408,-0.08383749,0.07014684,0.31105986,-0.08675931,0.06584879,0.08665276,0.02642577,0.00866347,29.71959556,0.00000000,51.64588721,35.74236841,0.20782011,-0.48096384,1.32951432,0.21433883,-0.48166715,1.33074621,9.00434502,0.00000009
8.41000000,RETURN_LEG,-0.00460502,-0.01514638,0.00781406,-0.08383747,0.07014682,0.31105987,-0.08675929,0.06584877,0.08665279,0.02642573,0.00866343,29.71961303,0.00000000,51.64544106,35.74241411,0.20782011,-0.48096379,1.32951417,0.21433876,-0.48166684,1.33074550,9.00428269,0.00000008
8.42000000,RETURN_LEG,-0.00460498,-0.01514635,0.00781403,-0.08383745,0.07014680,0.31105987,-0.08675927,0.06584876,0.08665281,0.02642569,0.00866338,29.71963661,0.00000000,51.64559891,35.74244883,0.20782008,-0.48096369,1.32951392,0.21433876,-0.48166684,1.33074550,9.00430328,0.00000008
8.43000000,RETURN_LEG,-0.00460494,-0.01514633,0.00781400,-0.08383742,0.07014679,0.31105987,-0.08675924,0.06584874,0.08665284,0.02642565,0.00866335,29.71966524,0.00000000,51.64560930,35.74247093,0.20782007,-0.48096361,1.32951379,0.21433876,-0.48166684,1.33074550,9.00430077,0.00000008
8.44000000,RETURN_LEG,-0.00460490,-0.01514629,0.00781397,-0.08383740,0.07014677,0.31105987,-0.08675922,0.06584873,0.08665286,0.02642562,0.00866332,29.71969717,0.00000000,51.64560707,35.74248506,0.20782006,-0.48096356,1.32951372,0.21433876,-0.48166684,1.33074550,9.00429755,0.00000008
8.45000000,RETURN_LEG,-0.00460485,-0.01514625,0.00781394,-0.08383738,0.07014676,0.31105987,-0.08675921,0.06584872,0.08665288,0.02642559,0.00866329,29.71972993,0.00000000,51.64559936,35.74249365,0.20782005,-0.48096354,1.32951367,0.21433876,-0.48166684,1.33074550,9.00429443,0.00000008
8.46000000,RETURN_LEG,-0.00460480,-0.01514621,0.00781390,-0.08383736,0.07014675,0.31105987,-0.08675919,0.06584870,0.08665290,0.02642557,0.00866327,29.71976136,0.00000000,51.64558854,35.74249969,0.20782005,-0.48096352,1.32951365,0.21433876,-0.48166684,1.33074550,9.00429143,0.00000008
8.47000000,RETURN_LEG,-0.00460476,-0.01514616,0.00781387,-0.08383734,0.07014673,0.31105987,-0.08675917,0.06584869,0.08665292,0.02642554,0.00866324,29.71978974,0.00000000,51.64557623,35.74250527,0.20782005,-0.48096352,1.32951363,0.21433876,-0.48166684,1.33074550,9.00428851,0.00000008
8.48000000,RETURN_LEG,-0.00460472,-0.01514611,0.00781385,-0.08383733,0.07014672,0.31105986,-0.08675915,0.06584868,0.08665294,0.02642552,0.00866322,29.71981397,0.00000000,51.64556344,35.74251139,0.20782004,-0.48096352,1.32951362,0.21433876,-0.48166684,1.33074550,9.00428565,0.00000009
8.49000000,RETURN_LEG,-0.00460469,-0.01514606,0.00781382,-0.08383731,0.07014671,0.31105986,-0.08675913,0.06584867,0.08665296,0.02642550,0.00866319,29.71983004,0.00000000,51.64484582,35.74251584,0.20782004,-0.48096351,1.32951357,0.21433869,-0.48166653,1.33074479,9.00417927,0.00000008
8.50000000,RETURN_LEG,-0.00460467,-0.01514604,0.00781379,-0.08383729,0.07014670,0.31105986,-0.08675912,0.06584866,0.08665298,0.02642544,0.00866314,29.71985472,0.00000000,51.64529706,35.74257613,0.20782001,-0.48096340,1.32951327,0.21433869,-0.48166653,1.33074479,9.00424822,0.00000008
8.51000000,RETURN_LEG,-0.00460465,-0.01514603,0.00781376,-0.08383727,0.07014669,0.31105986,-0.08675910,0.06584865,0.08665300,0.02642540,0.00866310,29.71987526,0.00000000,51.64533984,35.74259460,0.20781999,-0.48096332,1.32951311,0.21433869,-0.48166653,1.33074479,9.00425031,0.00000008
8.52000000,RETURN_LEG,-0.00460463,-0.01514601,0.00781374,-0.08383726,0.07014668,0.31105985,-0.08675909,0.06584864,0.08665302,0.02642538,0.00866307,29.71989547,0.00000000,51.64536038,35.74260460,0.20781998,-0.48096326,1.32951302,0.21433869,-0.48166653,1.33074479,9.00425023,0.00000008
8.53000000,RETURN_LEG,-0.00460461,-0.01514599,0.00781371,-0.08383725,0.07014667,0.31105985,-0.08675908,0.06584863,0.08665303,0.02642536,0.00866305,29.71991346,0.00000000,51.64537357,35.74260716,0.20781997,-0.48096323,1.32951297,0.21433869,-0.48166653,1.33074479,9.00425013,0.00000008
8.54000000,RETURN_LEG,-0.00460460,-0.01514597,0.00781369,-0.08383724,0.07014667,0.31105984,-0.08675907,0.06584863,0.08665304,0.02642534,0.00866304,29.71992779,0.00000000,51.64538223,35.74260523,0.20781997,-0.48096322,1.32951294,0.21433869,-0.48166653,1.33074479,9.00425009,0.00000008
8.55000000,RETURN_LEG,-0.00460459,-0.01514595,0.00781367,-0.08383723,0.07014666,0.31105984,-0.08675906,0.06584862,0.08665305,0.02642533,0.00866302,29.71993750,0.00000000,51.64538833,35.74260120,0.20781997,-0.48096321,1.32951293,0.21433869,-0.48166653,1.33074479,9.00425012,0.00000008
8.56000000,RETURN_LEG,-0.00460458,-0.01514593,0.00781365,-0.08383722,0.07014666,0.31105984,-0.08675905,0.06584862,0.08665306,0.02642531,0.00866301,29.71994216,0.00000000,51.64539327,35.74259651,0.20781997,-0.48096321,1.32951292,0.21433869,-0.48166653,1.33074479,9.00425022,0.00000008
8.57000000,RETURN_LEG,-0.00460458,-0.01514592,0.00781364,-0.08383721,0.07014666,0.31105984,-0.08675904,0.06584862,0.08665307,0.02642531,0.00866300,29.71994187,0.00000000,51.64539794,35.74259178,0.20781997,-0.48096321,1.32951291,0.21433869,-0.48166653,1.33074479,9.00425039,0.00000007
8.58000000,RETURN_LEG,-0.00460458,-0.01514591,0.00781364,-0.08383721,0.07014665,0.31105983,-0.08675904,0.06584862,0.08665307,0.02642530,0.00866300,29.71993710,0.00000000,51.64540283,35.74258706,0.20781997,-0.48096321,1.32951291,0.21433869,-0.48166653,1.33074479,9.00425066,0.00000007
8.59000000,RETURN_LEG,-0.00460458,-0.01514590,0.00781364,-0.08383720,0.07014665,0.31105983,-0.08675903,0.06584862,0.08665308,0.02642530,0.00866300,29.71992857,0.00000000,51.64540820,35.74258215,0.20781997,-0.48096321,1.32951290,0.21433869,-0.48166653,1.33074479,9.00425103,0.00000007
8.60000000,RETURN_LEG,-0.00460459,-0.01514590,0.00781364,-0.08383720,0.07014665,0.31105983,-0.08675903,0.06584862,0.08665308,0.02642530,0.00866300,29.71991711,0.00000000,51.64541420,35.74257676,0.20781997,-0.48096321,1.32951290,0.21433869,-0.48166653,1.33074479,9.00425153,0.00000007
8.61000000,RETURN_LEG,-0.00460459,-0.01514590,0.00781365,-0.08383720,0.07014665,0.31105983,-0.08675903,0.06584862,0.08665308,0.02642530,0.00866300,29.71990360,0.00000000,51.64542093,35.74257066,0.20781997,-0.48096321,1.32951290,0.21433869,-0.48166653,1.33074479,9.00425218,0.00000007
8.62000000,RETURN_LEG,-0.00460461,-0.01514590,0.00781365,-0.08383720,0.07014666,0.31105983,-0.08675903,0.06584862,0.08665308,0.02642530,0.00866300,29.71988887,0.00000000,51.64542851,35.74256375,0.20781997,-0.48096321,1.32951290,0.21433869,-0.48166653,1.33074479,9.00425300,0.00000007
8.63000000,RETURN_LEG,-0.00460462,-0.01514591,0.00781366,-0.08383720,0.07014666,0.31105983,-0.08675903,0.06584862,0.08665308,0.02642531,0.00866301,29.71987364,0.00000000,51.64543705,35.74255602,0.20781997,-0.48096321,1.32951290,0.21433869,-0.48166653,1.33074479,9.00425403,0.00000007
8.64000000,RETURN_LEG,-0.00460464,-0.01514592,0.00781368,-0.08383721,0.07014666,0.31105983,-0.08675903,0.06584862,0.08665308,0.02642532,0.00866302,29.71985856,0.00000000,51.64544668,35.74254756,0.20781997,-0.48096321,1.32951290,0.21433869,-0.48166653,1.33074479,9.00425529,0.00000006
8.65000000,RETURN_LEG,-0.00460466,-0.01514594,0.00781369,-0.08383721,0.07014667,0.31105984,-0.08675904,0.06584863,0.08665307,0.02642533,0.00866303,29.71984410,0.00000000,51.64545755,35.74253853,0.20781997,-0.48096321,1.32951290,0.21433869,-0.48166653,1.33074479,9.00425678,0.00000006
8.66000000,RETURN_LEG,-0.00460468,-0.01514595,0.00781371,-0.08383721,0.07014667,0.31105984,-0.08675904,0.06584863,0.08665307,0.02642534,0.00866304,29.71983063,0.00000000,51.64546973,35.74252910,0.20781997,-0.48096321,1.32951290,0.21433869,-0.48166653,1.33074479,9.00425853,0.00000006
8.67000000,RETURN_LEG,-0.00460471,-0.01514597,0.00781372,-0.08383722,0.07014668,0.31105984,-0.08675905,0.06584864,0.08665307,0.02642535,0.00866305,29.71981836,0.00000000,51.64548327,35.74251947,0.20781997,-0.48096321,1.32951290,0.21433869,-0.48166653,1.33074479,9.00426053,0.00000006
8.68000000,RETURN_LEG,-0.00460473,-0.01514599,0.00781374,-0.08383722,0.07014668,0.31105984,-0.08675905,0.06584864,0.08665306,0.02642536,0.00866306,29.71980740,0.00000000,51.64549818,35.74250978,0.20781998,-0.48096321,1.32951291,0.21433869,-0.48166653,1.33074479,9.00426279,0.00000006
8.69000000,RETURN_LEG,-0.00460476,-0.01514601,0.00781375,-0.08383723,0.07014669,0.31105984,-0.08675906,0.06584865,0.08665305,0.02642537,0.00866307,29.71979772,0.00000000,51.64551441,35.74250017,0.20781998,-0.48096321,1.32951291,0.21433869,-0.48166653,1.33074479,9.00426529,0.00000006
8.70000000,RETURN_LEG,-0.00460479,-0.01514604,0.00781377,-0.08383724,0.07014670,0.31105983,-0.08675906,0.06584866,0.08665305,0.02642538,0.00866308,29.71978923,0.00000000,51.64553182,35.74249072,0.20781998,-0.48096321,1.32951291,0.21433869,-0.48166653,1.33074479,9.00426802,0.00000006
8.71000000,RETURN_LEG,-0.00460482,-0.01514606,0.00781378,-0.08383725,0.07014671,0.31105983,-0.08675907,0.06584866,0.08665304,0.02642539,0.00866309,29.71978175,0.00000000,51.64555029,35.74248151,0.20781998,-0.48096321,1.32951291,0.21433869,-0.48166653,1.33074479,9.00427094,0.00000006
8.72000000,RETURN_LEG,-0.00460485,-0.01514608,0.00781380,-0.08383725,0.07014672,0.31105983,-0.08675908,0.06584867,0.08665303,0.02642540,0.00866310,29.71977506,0.00000000,51.64556962,35.74247254,0.20781998,-0.48096321,1.32951291,0.21433869,-0.48166653,1.33074479,9.00427403,0.00000006
8.73000000,RETURN_LEG,-0.00460488,-0.01514611,0.00781381,-0.08383726,0.07014673,0.31105983,-0.08675909,0.06584868,0.08665302,0.02642542,0.00866311,29.71976892,0.00000000,51.64558960,35.74246385,0.20781998,-0.48096321,1.32951291,0.21433869,-0.48166653,1.33074479,9.00427726,0.00000006
8.74000000,RETURN_LEG,-0.00460492,-0.01514613,0.00781383,-0.08383727,0.07014673,0.31105983,-0.08675909,0.06584869,0.08665301,0.02642543,0.00866312,29.71976307,0.00000000,51.64561002,35.74245540,0.20781998,-0.48096321,1.32951291,0.21433869,-0.48166653,1.33074479,9.00428060,0.00000005
8.75000000,RETURN_LEG,-0.00460495,-0.01514616,0.00781384,-0.08383728,0.07014674,0.31105983,-0.08675910,0.06584870,0.08665300,0.02642544,0.00866314,29.71975730,0.00000000,51.64563066,35.74244718,0.20781998,-0.48096321,1.32951291,0.21433869,-0.48166653,1.33074479,9.00428402,0.00000005
8.76000000,RETURN_LEG,-0.00460498,-0.01514618,0.00781386,-0.08383729,0.07014675,0.31105982,-0.08675911,0.06584871,0.08665299,0.02642545,0.00866315,29.71975138,0.00000000,51.64565133,35.74243917,0.20781998,-0.48096321,1.32951291,0.21433869,-0.48166653,1.33074479,9.00428747,0.00000006
8.77000000,RETURN_LEG,-0.00460501,-0.01514621,0.00781387,-0.08383730,0.07014676,0.31105982,-0.08675912,0.06584872,0.08665298,0.02642546,0.00866316,29.71974515,0.00000000,51.64567183,35.74243135,0.20781998,-0.48096321,1.32951291,0.21433869,-0.48166653,1.33074479,9.00429094,0.00000007
8.78000000,RETURN_LEG,-0.00460505,-0.01514624,0.00781388,-0.08383731,0.07014678,0.31105982,-0.08675913,0.06584873,0.08665297,0.02642547,0.00866317,29.71973849,0.00000000,51.64569201,35.74242369,0.20781998,-0.48096321,1.32951291,0.21433869,-0.48166653,1.33074479,9.00429440,0.00000008
8.79000000,RETURN_LEG,-0.00460508,-0.01514626,0.00781389,-0.08383732,0.07014679,0.31105982,-0.08675914,0.06584874,0.08665296,0.02642548,0.00866318,29.71973133,0.00000000,51.64571173,35.74241619,0.20781998,-0.48096321,1.32951291,0.21433869,-0.48166653,1.33074479,9.00429783,0.00000009
8.80000000,RETURN_LEG,-0.00460511,-0.01514629,0.00781391,-0.08383734,0.07014680,0.31105981,-0.08675915,0.06584875,0.08665295,0.02642549,0.00866319,29.71972363,0.00000000,51.64573088,35.74240885,0.20781998,-0.48096321,1.32951291,0.21433869,-0.48166653,1.33074479,9.00430121,0.00000010
8.81000000,RETURN_LEG,-0.00460513,-0.01514631,0.00781392,-0.08383735,0.07014681,0.31105981,-0.08675917,0.06584876,0.08665293,0.02642553,0.00866323,29.71971133,0.00000000,51.64604967,35.74235767,0.20781999,-0.48096330,1.32951315,0.21433876,-0.48166684,1.33074550,9.00434402,0.00000005
8.82000000,RETURN_LEG,-0.00460514,-0.01514631,0.00781394,-0.08383736,0.07014682,0.31105981,-0.08675918,0.06584876,0.08665291,0.02642557,0.00866326,29.71969468,0.00000000,51.64597019,35.74233642,0.20782001,-0.48096339,1.32951335,0.21433876,-0.48166684,1.33074550,9.00433600,0.00000005
8.83000000,RETURN_LEG,-0.00460516,-0.01514631,0.00781396,-0.08383737,0.07014682,0.31105981,-0.08675919,0.06584877,0.08665290,0.02642559,0.00866329,29.71967263,0.00000000,51.64594960,35.74232294,0.20782003,-0.48096346,1.32951346,0.21433876,-0.48166684,1.33074550,9.00433624,0.00000004
8.84000000,RETURN_LEG,-0.00460518,-0.01514632,0.00781399,-0.08383738,0.07014683,0.31105982,-0.08675920,0.06584878,0.08665289,0.02642561,0.00866331,29.71964812,0.00000000,51.64593807,35.74231723,0.20782004,-0.48096350,1.32951353,0.21433876,-0.48166684,1.33074550,9.00433667,0.00000004
8.85000000,RETURN_LEG,-0.00460520,-0.01514634,0.00781401,-0.08383739,0.07014684,0.31105982,-0.08675921,0.06584878,0.08665288,0.02642562,0.00866332,29.71962347,0.00000000,51.64593148,35.74231630,0.20782004,-0.48096352,1.32951356,0.21433876,-0.48166684,1.33074550,9.00433701,0.00000004
8.86000000,RETURN_LEG,-0.00460522,-0.01514636,0.00781403,-0.08383740,0.07014684,0.31105982,-0.08675922,0.06584879,0.08665287,0.02642564,0.00866334,29.71960071,0.00000000,51.64592778,35.74231731,0.20782004,-0.48096353,1.32951358,0.21433876,-0.48166684,1.33074550,9.00433726,0.00000004
8.87000000,RETURN_LEG,-0.00460523,-0.01514638,0.00781405,-0.08383741,0.07014685,0.31105983,-0.08675923,0.06584879,0.08665286,0.02642565,0.00866335,29.71958131,0.00000000,51.64592555,35.74231850,0.20782004,-0.48096353,1.32951360,0.21433876,-0.48166684,1.33074550,9.00433748,0.00000004
8.88000000,RETURN_LEG,-0.00460525,-0.01514641,0.00781407,-0.08383742,0.07014685,0.31105983,-0.08675923,0.06584880,0.08665285,0.02642567,0.00866337,29.71956615,0.00000000,51.64592397,35.74231907,0.20782005,-0.48096353,1.32951360,0.21433876,-0.48166684,1.33074550,9.00433768,0.00000005
8.89000000,RETURN_LEG,-0.00460526,-0.01514643,0.00781408,-0.08383743,0.07014685,0.31105983,-0.08675924,0.06584880,0.08665284,0.02642568,0.00866338,29.71955557,0.00000000,51.64592269,35.74231898,0.20782005,-0.48096353,1.32951361,0.21433876,-0.48166684,1.33074550,9.00433790,0.00000005
8.90000000,RETURN_LEG,-0.00460526,-0.01514645,0.00781409,-0.08383743,0.07014686,0.31105983,-0.08675925,0.06584880,0.08665284,0.02642569,0.00866339,29.71954952,0.00000000,51.64592160,35.74231858,0.20782005,-0.48096352,1.32951361,0.21433876,-0.48166684,1.33074550,9.00433815,0.00000005
8.91000000,RETURN_LEG,-0.00460527,-0.01514646,0.00781410,-0.08383744,0.07014686,0.31105984,-0.08675925,0.06584881,0.08665283,0.02642570,0.00866339,29.71954766,0.00000000,51.64592076,35.74231832,0.20782005,-0.48096352,1.32951361,0.21433876,-0.48166684,1.33074550,9.00433844,0.00000005
8.92000000,RETURN_LEG,-0.00460528,-0.01514648,0.00781410,-0.08383744,0.07014686,0.31105984,-0.08675926,0.06584881,0.08665283,0.02642570,0.00866340,29.71954942,0.00000000,51.64592019,35.74231867,0.20782005,-0.48096352,1.32951362,0.21433876,-0.48166684,1.33074550,9.00433876,0.00000005
8.93000000,RETURN_LEG,-0.00460528,-0.01514649,0.00781411,-0.08383745,0.07014686,0.31105984,-0.08675926,0.06584881,0.08665282,0.02642571,0.00866340,29.71955415,0.00000000,51.64591987,35.74231991,0.20782005,-0.48096352,1.32951362,0.21433876,-0.48166684,1.33074550,9.00433910,0.00000005
8.94000000,RETURN_LEG,-0.00460528,-0.01514649,0.00781410,-0.08383745,0.07014687,0.31105984,-0.08675926,0.06584881,0.08665282,0.02642571,0.00866341,29.71956113,0.00000000,51.64591971,35.74232219,0.20782005,-0.48096352,1.32951362,0.21433876,-0.48166684,1.33074550,9.00433943,0.00000005
8.95000000,RETURN_LEG,-0.00460528,-0.01514650,0.00781410,-0.08383745,0.07014687,0.31105984,-0.08675927,0.06584881,0.08665281,0.02642571,0.00866341,29.71956965,0.00000000,51.64591954,35.74232552,0.20782005,-0.48096352,1.32951362,0.21433876,-0.48166684,1.33074550,9.00433972,0.00000005
8.96000000,RETURN_LEG,-0.00460527,-0.01514650,0.00781410,-0.08383745,0.07014687,0.31105984,-0.08675927,0.06584881,0.08665281,0.02642571,0.00866340,29.71957902,0.00000000,51.64591914,35.74232977,0.20782005,-0.48096352,1.32951362,0.21433876,-0.48166684,1.33074550,9.00433994,0.00000005
8.97000000,RETURN_LEG,-0.00460527,-0.01514649,0.00781409,-0.08383746,0.07014687,0.31105983,-0.08675927,0.06584881,0.08665281,0.02642570,0.00866340,29.71958864,0.00000000,51.64591827,35.74233478,0.20782005,-0.48096352,1.32951361,0.21433876,-0.48166684,1.33074550,9.00434005,0.00000006
8.98000000,RETURN_LEG,-0.00460526,-0.01514649,0.00781408,-0.08383746,0.07014686,0.31105983,-0.08675927,0.06584881,0.08665281,0.02642570,0.00866340,29.71959799,0.00000000,51.64591672,35.74234031,0.20782005,-0.48096353,1.32951361,0.21433876,-0.48166684,1.33074550,9.00434003,0.00000006
8.99000000,RETURN_LEG,-0.00460525,-0.01514649,0.00781408,-0.08383746,0.07014686,0.31105983,-0.08675927,0.06584881,0.08665281,0.02642569,0.00866339,29.71960667,0.00000000,51.64591428,35.74234616,0.20782005,-0.48096353,1.32951361,0.21433876,-0.48166684,1.33074550,9.00433984,0.00000006
9.00000000,RETURN_LEG,-0.00460524,-0.01514648,0.00781407,-0.08383746,0.07014686,0.31105983,-0.08675927,0.06584881,0.08665281,0.02642569,0.00866339,29.71961440,0.00000000,51.64591081,35.74235214,0.20782005,-0.48096353,1.32951361,0.21433876,-0.48166684,1.33074550,9.00433948,0.00000006
9.01000000,RETURN_LEG,-0.00460523,-0.01514647,0.00781406,-0.08383746,0.07014686,0.31105983,-0.08675927,0.06584881,0.08665281,0.02642568,0.00866338,29.71962100,0.00000000,51.64590625,35.74235808,0.20782005,-0.48096353,1.32951361,0.21433876,-0.48166684,1.33074550,9.00433892,0.00000006
9.02000000,RETURN_LEG,-0.00460522,-0.01514647,0.00781405,-0.08383745,0.07014686,0.31105983,-0.08675927,0.06584880,0.08665281,0.02642568,0.00866338,29.71962641,0.00000000,51.64590055,35.74236387,0.20782004,-0.48096353,1.32951361,0.21433876,-0.48166684,1.33074550,9.00433817,0.00000006
9.03000000,RETURN_LEG,-0.00460521,-0.01514646,0.00781404,-0.08383745,0.07014685,0.31105983,-0.08675927,0.06584880,0.08665281,0.02642567,0.00866337,29.71963068,0.00000000,51.64589375,35.74236941,0.20782004,-0.48096353,1.32951361,0.21433876,-0.48166684,1.33074550,9.00433723,0.00000006
9.04000000,RETURN_LEG,-0.00460520,-0.01514645,0.00781403,-0.08383745,0.07014685,0.31105983,-0.08675926,0.06584880,0.08665282,0.02642567,0.00866337,29.71963391,0.00000000,51.64588594,35.74237466,0.20782004,-0.48096353,1.32951361,0.21433876,-0.48166684,1.33074550,9.00433612,0.00000006
9.05000000,RETURN_LEG,-0.00460518,-0.01514644,0.00781402,-0.08383745,0.07014685,0.31105983,-0.08675926,0.06584880,0.08665282,0.02642566,0.00866336,29.71963628,0.00000000,51.64587722,35.74237961,0.20782004,-0.48096353,1.32951361,0.21433876,-0.48166684,1.33074550,9.00433484,0.00000006
9.06000000,RETURN_LEG,-0.00460517,-0.01514643,0.00781402,-0.08383744,0.07014684,0.31105983,-0.08675926,0.06584879,0.08665282,0.02642566,0.00866336,29.71963801,0.00000000,51.64586774,35.74238427,0.20782004,-0.48096353,1.32951361,0.21433876,-0.48166684,1.33074550,9.00433343,0.00000006
9.07000000,RETURN_LEG,-0.00460515,-0.01514642,0.00781401,-0.08383744,0.07014684,0.31105983,-0.08675926,0.06584879,0.08665282,0.02642565,0.00866335,29.71963932,0.00000000,51.64585766,35.74238866,0.20782004,-0.48096353,1.32951361,0.21433876,-0.48166684,1.33074550,9.00433190,0.00000006
9.08000000,RETURN_LEG,-0.00460514,-0.01514641,0.00781400,-0.08383744,0.07014683,0.31105983,-0.08675925,0.06584878,0.08665283,0.02642565,0.00866335,29.71964044,0.00000000,51.64584713,35.74239281,0.20782004,-0.48096353,1.32951361,0.21433876,-0.48166684,1.33074550,9.00433028,0.00000006
9.09000000,RETURN_LEG,-0.00460512,-0.01514640,0.00781399,-0.08383743,0.07014683,0.31105983,-0.08675925,0.06584878,0.08665283,0.02642564,0.00866334,29.71964161,0.00000000,51.64583633,35.74239678,0.20782004,-0.48096353,1.32951361,0.21433876,-0.48166684,1.33074550,9.00432859,0.00000006
9.10000000,RETURN_LEG,-0.00460511,-0.01514639,0.00781399,-0.08383743,0.07014682,0.31105983,-0.08675925,0.06584878,0.08665284,0.02642564,0.00866334,29.71964300,0.00000000,51.64582541,35.74240060,0.20782004,-0.48096353,1.32951361,0.21433876,-0.48166684,1.33074550,9.00432686,0.00000006
9.11000000,RETURN_LEG,-0.00460509,-0.01514638,0.00781398,-0.08383743,0.07014682,0.31105983,-0.08675924,0.06584877,0.08665284,0.02642563,0.00866333,29.71964477,0.00000000,51.64581449,35.74240431,0.20782004,-0.48096353,1.32951361,0.21433876,-0.48166684,1.33074550,9.00432510,0.00000007
9.12000000,RETURN_LEG,-0.00460507,-0.01514637,0.00781397,-0.08383742,0.07014681,0.31105984,-0.08675924,0.06584877,0.08665284,0.02642563,0.00866333,29.71964703,0.00000000,51.64580370,35.74240794,0.20782004,-0.48096353,1.32951361,0.21433876,-0.48166684,1.33074550,9.00432333,0.00000007
9.13000000,RETURN_LEG,-0.00460506,-0.01514636,0.00781397,-0.08383742,0.07014681,0.31105984,-0.08675923,0.06584876,0.08665285,0.02642562,0.00866332,29.71964986,0.00000000,51.64579313,35.74241152,0.20782004,-0.48096353,1.32951361,0.21433876,-0.48166684,1.33074550,9.00432158,0.00000007
9.14000000,RETURN_LEG,-0.00460504,-0.01514635,0.00781396,-0.08383741,0.07014680,0.31105984,-0.08675923,0.06584876,0.08665286,0.02642562,0.00866332,29.71965328,0.00000000,51.64578286,35.74241505,0.20782005,-0.48096353,1.32951361,0.21433876,-0.48166684,1.33074550,9.00431984,0.00000007
9.15000000,RETURN_LEG,-0.00460503,-0.01514633,0.00781396,-0.08383741,0.07014680,0.31105984,-0.08675922,0.06584875,0.08665286,0.02642561,0.00866331,29.71965727,0.00000000,51.64577295,35.74241854,0.20782005,-0.48096353,1.32951361,0.21433876,-0.48166684,1.33074550,9.00431814,0.00000007
9.16000000,RETURN_LEG,-0.00460501,-0.01514632,0.00781395,-0.08383740,0.07014679,0.31105984,-0.08675922,0.06584875,0.08665287,0.02642561,0.00866331,29.71966179,0.00000000,51.64576341,35.74242200,0.20782005,-0.48096353,1.32951361,0.21433876,-0.48166684,1.33074550,9.00431647,0.00000007
9.17000000,RETURN_LEG,-0.00460499,-0.01514630,0.00781395,-0.08383739,0.07014679,0.31105984,-0.08675921,0.06584874,0.08665287,0.02642560,0.00866330,29.71966677,0.00000000,51.64575428,35.74242539,0.20782005,-0.48096353,1.32951361,0.21433876,-0.48166684,1.33074550,9.00431484,0.00000007
9.18000000,RETURN_LEG,-0.00460498,-0.01514629,0.00781394,-0.08383739,0.07014678,0.31105984,-0.08675921,0.06584874,0.08665288,0.02642560,0.00866329,29.71967211,0.00000000,51.64574556,35.74242872,0.20782005,-0.48096353,1.32951361,0.21433876,-0.48166684,1.33074550,9.00431325,0.00000007
9.19000000,RETURN_LEG,-0.00460496,-0.01514627,0.00781394,-0.08383738,0.07014678,0.31105984,-0.08675920,0.06584873,0.08665288,0.02642559,0.00866329,29.71967771,0.00000000,51.64573723,35.74243196,0.20782005,-0.48096353,1.32951361,0.21433876,-0.48166684,1.33074550,9.00431170,0.00000007
9.20000000,RETURN_LEG,-0.00460495,-0.01514626,0.00781393,-0.08383738,0.07014677,0.31105985,-0.08675920,0.06584873,0.08665289,0.02642558,0.00866328,29.71968346,0.00000000,51.64572928,35.74243509,0.20782005,-0.48096352,1.32951361,0.21433876,-0.48166684,1.33074550,9.00431020,0.00000007
9.21000000,RETURN_LEG,-0.00460493,-0.01514624,0.00781393,-0.08383737,0.07014677,0.31105985,-0.08675919,0.06584872,0.08665290,0.02642558,0.00866328,29.71968924,0.00000000,51.64572169,35.74243809,0.20782005,-0.48096352,1.32951361,0.21433876,-0.48166684,1.33074550,9.00430874,0.00000007
9.22000000,RETURN_LEG,-0.00460492,-0.01514623,0.00781392,-0.08383736,0.07014676,0.31105985,-0.08675919,0.06584872,0.08665290,0.02642557,0.00866327,29.71969496,0.00000000,51.64571444,35.74244093,0.20782005,-0.48096352,1.32951361,0.21433876,-0.48166684,1.33074550,9.00430731,0.00000007
9.23000000,RETURN_LEG,-0.00460490,-0.01514621,0.00781392,-0.08383736,0.07014676,0.31105985,-0.08675918,0.06584871,0.08665291,0.02642557,0.00866326,29.71970053,0.00000000,51.64570751,35.74244360,0.20782004,-0.48096352,1.32951361,0.21433876,-0.48166684,1.33074550,9.00430593,0.00000007
9.24000000,RETURN_LEG,-0.00460489,-0.01514620,0.00781391,-0.08383735,0.07014676,0.31105985,-0.08675917,0.06584871,0.08665292,0.02642556,0.00866326,29.71970588,0.00000000,51.64570087,35.74244610,0.20782004,-0.48096352,1.32951361,0.21433876,-0.48166684,1.33074550,9.00430458,0.00000007
9.25000000,RETURN_LEG,-0.00460488,-0.01514618,0.00781391,-0.08383735,0.07014675,0.31105985,-0.08675917,0.06584871,0.08665292,0.02642555,0.00866325,29.71971093,0.00000000,51.64569452,35.74244840,0.20782004,-0.48096352,1.32951361,0.21433876,-0.48166684,1.33074550,9.00430328,0.00000007
9.26000000,RETURN_LEG,-0.00460486,-0.01514617,0.00781390,-0.08383734,0.07014675,0.31105985,-0.08675916,0.06584870,0.08665293,0.02642555,0.00866325,29.71971566,0.00000000,51.64568844,35.74245051,0.20782004,-0.48096352,1.32951361,0.21433876,-0.48166684,1.33074550,9.00430201,0.00000007
9.27000000,RETURN_LEG,-0.00460485,-0.01514616,0.00781390,-0.08383733,0.07014674,0.31105985,-0.08675916,0.06584870,0.08665293,0.02642554,0.00866324,29.71972004,0.00000000,51.64568263,35.74245243,0.20782004,-0.48096352,1.32951361,0.21433876,-0.48166684,1.33074550,9.00430078,0.00000007
9.28000000,RETURN_LEG,-0.00460484,-0.01514614,0.00781389,-0.08383733,0.07014674,0.31105985,-0.08675915,0.06584869,0.08665294,0.02642554,0.00866324,29.71972405,0.00000000,51.64567709,35.74245415,0.20782004,-0.48096352,1.32951361,0.21433876,-0.48166684,1.33074550,9.00429960,0.00000007
9.29000000,RETURN_LEG,-0.00460483,-0.01514613,0.00781389,-0.08383732,0.07014673,0.31105985,-0.08675915,0.06584869,0.08665295,0.02642553,0.00866323,29.71972769,0.00000000,51.64567183,35.74245570,0.20782004,-0.48096352,1.32951361,0.21433876,-0.48166684,1.33074550,9.00429846,0.00000007
9.30000000,RETURN_LEG,-0.00460482,-0.01514612,0.00781389,-0.08383732,0.07014673,0.31105985,-0.08675914,0.06584869,0.08665295,0.02642553,0.00866323,29.71973098,0.00000000,51.64566685,35.74245708,0.20782004,-0.48096352,1.32951361,0.21433876,-0.48166684,1.33074550,9.00429736,0.00000007
9.31000000,RETURN_LEG,-0.00460481,-0.01514610,0.00781388,-0.08383731,0.07014673,0.31105986,-0.08675914,0.06584868,0.08665296,0.02642552,0.00866322,29.71973394,0.00000000,51.64566216,35.74245829,0.20782004,-0.48096352,1.32951361,0.21433876,-0.48166684,1.33074550,9.00429632,0.00000008
9.32000000,RETURN_LEG,-0.00460480,-0.01514609,0.00781388,-0.08383731,0.07014672,0.31105986,-0.08675913,0.06584868,0.08665296,0.02642552,0.00866322,29.71973659,0.00000000,51.64565778,35.74245937,0.20782004,-0.48096352,1.32951361,0.21433876,-0.48166684,1.33074550,9.00429533,0.00000008
9.33000000,RETURN_LEG,-0.00460479,-0.01514608,0.00781388,-0.08383730,0.07014672,0.31105986,-0.08675913,0.06584868,0.08665297,0.02642552,0.00866321,29.71973896,0.00000000,51.64565372,35.74246031,0.20782004,-0.48096352,1.32951361,0.21433876,-0.48166684,1.33074550,9.00429440,0.00000008
9.34000000,RETURN_LEG,-0.00460478,-0.01514607,0.00781388,-0.08383730,0.07014672,0.31105986,-0.08675912,0.06584868,0.08665297,0.02642551,0.00866321,29.71974108,0.00000000,51.64565000,35.74246114,0.20782004,-0.48096352,1.32951361,0.21433876,-0.48166684,1.33074550,9.00429353,0.00000009
9.35000000,RETURN_LEG,-0.00460477,-0.01514606,0.00781387,-0.08383729,0.07014672,0.31105986,-0.08675912,0.06584867,0.08665298,0.02642551,0.00866321,29.71974297,0.00000000,51.64564663,35.74246186,0.20782004,-0.48096352,1.32951361,0.21433876,-0.48166684,1.33074550,9.00429272,0.00000009
9.36000000,RETURN_LEG,-0.00460477,-0.01514605,0.00781387,-0.08383729,0.07014671,0.31105986,-0.08675912,0.06584867,0.08665298,0.02642551,0.00866320,29.71974465,0.00000000,51.64564361,35.74246248,0.20782004,-0.48096352,1.32951361,0.21433876,-0.48166684,1.33074550,9.00429198,0.00000009
9.37000000,RETURN_LEG,-0.00460476,-0.01514604,0.00781387,-0.08383729,0.07014671,0.31105986,-0.08675911,0.06584867,0.08665298,0.02642550,0.00866320,29.71974614,0.00000000,51.64564095,35.74246302,0.20782004,-0.48096352,1.32951361,0.21433876,-0.48166684,1.33074550,9.00429130,0.00000009
9.38000000,LOWER_LEG,-0.00460475,-0.01514604,0.00781387,-0.08383728,0.07014671,0.31105986,-0.08675911,0.06584867,0.08665299,0.02642550,0.00866320,29.71974747,0.00000000,51.64563866,35.74246347,0.20782004,-0.48096352,1.32951361,0.21433876,-0.48166684,1.33074550,9.00429069,0.00000010
9.39000000,LOWER_LEG,-0.00460476,-0.01514603,0.00781387,-0.08383728,0.07014671,0.31105986,-0.08675911,0.06584866,0.08665299,0.02642546,0.00866316,29.71974416,0.00000000,51.64563897,35.74245158,0.20782004,-0.48096341,1.32951332,0.21433869,-0.48166653,1.33074479,9.00429052,0.00000010
9.40000000,LOWER_LEG,-0.00460477,-0.01514603,0.00781386,-0.08383728,0.07014670,0.31105986,-0.08675910,0.06584866,0.08665299,0.02642539,0.00866309,29.71973275,0.00000000,51.64564574,35.74242839,0.20782001,-0.48096317,1.32951271,0.21433854,-0.48166580,1.33074315,9.00429124,0.00000009
9.41000000,LOWER_LEG,-0.00460480,-0.01514604,0.00781386,-0.08383728,0.07014670,0.31105987,-0.08675910,0.06584866,0.08665300,0.02642519,0.00866289,29.71970573,0.00000000,51.64565644,35.74238133,0.20781994,-0.48096248,1.32951100,0.21433811,-0.48166386,1.33073873,9.00429215,0.00000009
9.42000000,LOWER_LEG,-0.00460487,-0.01514606,0.00781385,-0.08383728,0.07014671,0.31105987,-0.08675910,0.06584866,0.08665300,0.02642477,0.00866247,29.71965212,0.00000000,51.64567637,35.74229375,0.20781975,-0.48096104,1.32950751,0.21433745,-0.48166080,1.33073176,9.00429472,0.00000008
9.43000000,LOWER_LEG,-0.00460498,-0.01514609,0.00781384,-0.08383728,0.07014671,0.31105988,-0.08675909,0.06584866,0.08665300,0.02642401,0.00866171,29.71957031,0.00000000,51.64569437,35.74218957,0.20781936,-0.48095849,1.32950143,0.21433641,-0.48165603,1.33072090,9.00429639,0.00000005
9.44000000,LOWER_LEG,-0.00460513,-0.01514616,0.00781382,-0.08383729,0.07014672,0.31105990,-0.08675909,0.06584867,0.08665300,0.02642283,0.00866052,29.71945690,0.00000000,51.64571607,35.74206116,0.20781869,-0.48095449,1.32949204,0.21433493,-0.48164920,1.33070534,9.00429819,0.00000003
9.45000000,LOWER_LEG,-0.00460530,-0.01514624,0.00781380,-0.08383730,0.07014673,0.31105992,-0.08675909,0.06584868,0.08665300,0.02642109,0.00865878,29.71931372,0.00000000,51.64574019,35.74191072,0.20781764,-0.48094869,1.32947853,0.21433292,-0.48163996,1.33068430,9.00430002,0.00000001
9.46000000,LOWER_LEG,-0.00460550,-0.01514636,0.00781378,-0.08383732,0.07014675,0.31105994,-0.08675909,0.06584869,0.08665300,0.02641868,0.00865638,29.71914464,0.00000000,51.64576725,35.74174141,0.20781614,-0.48094073,1.32946011,0.21433032,-0.48162797,1.33065701,9.00430211,0.00000006
9.47000000,LOWER_LEG,-0.00460573,-0.01514650,0.00781376,-0.08383735,0.07014677,0.31105997,-0.08675909,0.06584871,0.08665300,0.02641550,0.00865320,29.71895071,0.00000000,51.64630013,35.74151718,0.20781411,-0.48093028,1.32943600,0.21432706,-0.48161291,1.33062273,9.00437495,0.00000001
9.48000000,LOWER_LEG,-0.00460596,-0.01514664,0.00781374,-0.08383739,0.07014680,0.31106001,-0.08675908,0.06584874,0.08665300,0.02641143,0.00864912,29.71873798,0.00000000,51.64607168,35.74129277,0.20781146,-0.48091698,1.32940543,0.21432305,-0.48159446,1.33058072,9.00434019,0.00000007
9.49000000,LOWER_LEG,-0.00460622,-0.01514681,0.00781373,-0.08383743,0.07014684,0.31106005,-0.08675908,0.06584877,0.08665299,0.02640636,0.00864405,29.71850773,0.00000000,51.64645402,35.74102585,0.20780811,-0.48090054,1.32936768,0.21431825,-0.48157234,1.33053034,9.00439340,0.00000004
9.50000000,LOWER_LEG,-0.00460649,-0.01514697,0.00781373,-0.08383748,0.07014689,0.31106010,-0.08675908,0.06584880,0.08665299,0.02640019,0.00863789,29.71827273,0.00000000,51.64631948,35.74079994,0.20780399,-0.48088064,1.32932206,0.21431259,-0.48154623,1.33047092,9.00437706,0.00000009
9.51000000,LOWER_LEG,-0.00460677,-0.01514715,0.00781375,-0.08383754,0.07014694,0.31106014,-0.08675907,0.06584885,0.08665299,0.02639283,0.00863053,29.71802911,0.00000000,51.64659925,35.74052118,0.20779905,-0.48085698,1.32926788,0.21430600,-0.48151589,1.33040183,9.00441755,0.00000007
9.52000000,LOWER_LEG,-0.00460707,-0.01514734,0.00781379,-0.08383760,0.07014700,0.31106019,-0.08675906,0.06584890,0.08665299,0.02638418,0.00862188,29.71778769,0.00000000,51.64700209,35.74025457,0.20779322,-0.48082929,1.32920452,0.21429844,-0.48148104,1.33032249,9.00447828,0.00000009
9.53000000,LOWER_LEG,-0.00460738,-0.01514755,0.00781384,-0.08383767,0.07014706,0.31106025,-0.08675904,0.06584895,0.08665300,0.02637416,0.00861186,29.71803907,0.00000000,51.64685960,35.73958754,0.20778646,-0.48079731,1.32913135,0.21428985,-0.48144143,1.33023232,9.00446058,0.00000010
9.54000000,LOWER_LEG,-0.00460766,-0.01514779,0.00781392,-0.08383775,0.07014713,0.31106030,-0.08675902,0.06584901,0.08665301,0.02636268,0.00860038,29.71754629,0.00000000,51.64715343,35.73960198,0.20777869,-0.48076076,1.32904778,0.21428018,-0.48139682,1.33013077,9.00450283,0.00000007
9.55000000,LOWER_LEG,-0.00460796,-0.01514805,0.00781401,-0.08383784,0.07014720,0.31106035,-0.08675900,0.06584907,0.08665302,0.02634966,0.00858736,29.71726674,0.00000000,51.64745235,35.73938514,0.20776986,-0.48071938,1.32895327,0.21426938,-0.48134700,1.33001735,9.00454980,0.00000005
9.56000000,LOWER_LEG,-0.00460828,-0.01514830,0.00781412,-0.08383794,0.07014727,0.31106040,-0.08675897,0.06584913,0.08665304,0.02633503,0.00857273,29.71701575,0.00000000,51.64775963,35.73916127,0.20775992,-0.48067295,1.32884727,0.21425740,-0.48129173,1.32989154,9.00460058,0.00000003
9.57000000,LOWER_LEG,-0.00460861,-0.01514855,0.00781424,-0.08383804,0.07014735,0.31106045,-0.08675893,0.06584920,0.08665307,0.02631871,0.00855640,29.71678629,0.00000000,51.64813764,35.73894216,0.20774884,-0.48062125,1.32872926,0.21424420,-0.48123081,1.32975287,9.00466402,0.00000004
9.58000000,LOWER_LEG,-0.00460895,-0.01514879,0.00781436,-0.08383815,0.07014744,0.31106050,-0.08675889,0.06584927,0.08665311,0.02630062,0.00853832,29.71658061,0.00000000,51.64863958,35.73875116,0.20773657,-0.48056407,1.32859875,0.21422973,-0.48116404,1.32960088,9.00474869,0.00000005
9.59000000,LOWER_LEG,-0.00460930,-0.01514902,0.00781449,-0.08383827,0.07014752,0.31106054,-0.08675883,0.06584934,0.08665316,0.02628070,0.00851840,29.71638785,0.00000000,51.64817926,35.73851995,0.20772306,-0.48050120,1.32845528,0.21421396,-0.48109123,1.32943515,9.00468956,0.00000009
9.60000000,LOWER_LEG,-0.00460965,-0.01514924,0.00781461,-0.08383839,0.07014761,0.31106058,-0.08675877,0.06584942,0.08665321,0.02625889,0.00849659,29.71621482,0.00000000,51.64847266,35.73829878,0.20770827,-0.48043244,1.32829840,0.21419685,-0.48101220,1.32925528,9.00474121,0.00000009
9.61000000,LOWER_LEG,-0.00460998,-0.01514947,0.00781473,-0.08383851,0.07014770,0.31106061,-0.08675869,0.06584949,0.08665329,0.02623512,0.00847282,29.71648027,0.00000000,51.64882908,35.73773474,0.20769217,-0.48035763,1.32812770,0.21417836,-0.48092679,1.32906090,9.00479876,0.00000005
9.62000000,LOWER_LEG,-0.00461029,-0.01514973,0.00781486,-0.08383864,0.07014779,0.31106065,-0.08675860,0.06584957,0.08665337,0.02620934,0.00844704,29.71613233,0.00000000,51.64917116,35.73773468,0.20767470,-0.48027657,1.32794278,0.21415847,-0.48083485,1.32885165,9.00485570,0.00000003
9.63000000,LOWER_LEG,-0.00461059,-0.01514998,0.00781498,-0.08383877,0.07014788,0.31106068,-0.08675850,0.06584964,0.08665347,0.02618151,0.00841921,29.71594945,0.00000000,51.64956012,35.73759432,0.20765582,-0.48018910,1.32774328,0.21413714,-0.48073623,1.32862722,9.00492278,0.00000002
9.64000000,LOWER_LEG,-0.00461089,-0.01515023,0.00781509,-0.08383890,0.07014797,0.31106070,-0.08675839,0.06584972,0.08665359,0.02615156,0.00838926,29.71579622,0.00000000,51.64934598,35.73746856,0.20763552,-0.48009505,1.32752886,0.21411434,-0.48063080,1.32838728,9.00490465,0.00000010
9.65000000,LOWER_LEG,-0.00461119,-0.01515045,0.00781519,-0.08383904,0.07014806,0.31106073,-0.08675826,0.06584979,0.08665372,0.02611946,0.00835716,29.71565828,0.00000000,51.64964190,35.73729947,0.20761378,-0.47999431,1.32729919,0.21409006,-0.48051841,1.32813154,9.00495811,0.00000007
9.66000000,LOWER_LEG,-0.00461147,-0.01515066,0.00781527,-0.08383918,0.07014814,0.31106075,-0.08675811,0.06584986,0.08665387,0.02608517,0.00832286,29.71553834,0.00000000,51.64994529,35.73713611,0.20759057,-0.47988674,1.32705395,0.21406426,-0.48039895,1.32785974,9.00501335,0.00000005
9.67000000,LOWER_LEG,-0.00461175,-0.01515086,0.00781533,-0.08383932,0.07014823,0.31106077,-0.08675795,0.06584992,0.08665404,0.02604863,0.00828633,29.71543638,0.00000000,51.65038523,35.73699409,0.20756585,-0.47977221,1.32679287,0.21403692,-0.48027233,1.32757164,9.00509018,0.00000006
9.68000000,LOWER_LEG,-0.00461201,-0.01515103,0.00781537,-0.08383946,0.07014831,0.31106078,-0.08675777,0.06584999,0.08665423,0.02600982,0.00824751,29.71535189,0.00000000,51.65015923,35.73687788,0.20753961,-0.47965061,1.32651569,0.21400803,-0.48013842,1.32726700,9.00507082,0.00000008
9.69000000,LOWER_LEG,-0.00461226,-0.01515120,0.00781540,-0.08383960,0.07014839,0.31106079,-0.08675757,0.06585005,0.08665444,0.02596870,0.00820639,29.71527946,0.00000000,51.65049170,35.73673189,0.20751182,-0.47952183,1.32622218,0.21397757,-0.47999716,1.32694563,9.00512893,0.00000009
9.70000000,LOWER_LEG,-0.00461249,-0.01515135,0.00781540,-0.08383973,0.07014846,0.31106080,-0.08675734,0.06585011,0.08665468,0.02592524,0.00816293,29.71522729,0.00000000,51.65042634,35.73665026,0.20748246,-0.47938577,1.32591210,0.21394551,-0.47984844,1.32660734,9.00513402,0.00000010
9.71000000,LOWER_LEG,-0.00461266,-0.01515151,0.00781540,-0.08383986,0.07014853,0.31106081,-0.08675710,0.06585016,0.08665494,0.02587941,0.00811711,29.71546917,0.00000000,51.65076944,35.73631292,0.20745155,-0.47924235,1.32558527,0.21391186,-0.47969220,1.32625197,9.00518728,0.00000004
9.72000000,LOWER_LEG,-0.00461281,-0.01515168,0.00781539,-0.08383999,0.07014860,0.31106082,-0.08675683,0.06585020,0.08665523,0.02583120,0.00806890,29.71534746,0.00000000,51.65071773,35.73632118,0.20741900,-0.47909149,1.32524151,0.21387660,-0.47952838,1.32587939,9.00519206,0.00000009
9.73000000,LOWER_LEG,-0.00461294,-0.01515182,0.00781536,-0.08384012,0.07014865,0.31106083,-0.08675654,0.06585024,0.08665554,0.02578059,0.00801829,29.71528428,0.00000000,51.65098852,35.73624277,0.20738486,-0.47893308,1.32488068,0.21383973,-0.47935693,1.32548946,9.00523914,0.00000003
9.74000000,LOWER_LEG,-0.00461306,-0.01515194,0.00781531,-0.08384024,0.07014870,0.31106083,-0.08675623,0.06585028,0.08665587,0.02572755,0.00796525,29.71524931,0.00000000,51.65089303,35.73621264,0.20734909,-0.47876710,1.32450262,0.21380122,-0.47917778,1.32508209,9.00523906,0.00000006
9.75000000,LOWER_LEG,-0.00461316,-0.01515203,0.00781524,-0.08384035,0.07014875,0.31106084,-0.08675590,0.06585030,0.08665624,0.02567207,0.00790976,29.71524011,0.00000000,51.65084341,35.73618616,0.20731170,-0.47859350,1.32410722,0.21376108,-0.47899090,1.32465718,9.00524443,0.00000009
9.76000000,LOWER_LEG,-0.00461324,-0.01515209,0.00781515,-0.08384046,0.07014879,0.31106084,-0.08675553,0.06585032,0.08665663,0.02561413,0.00785183,29.71524885,0.00000000,51.65108701,35.73610492,0.20727270,-0.47841222,1.32369438,0.21371931,-0.47879626,1.32421465,9.00528687,0.00000001
9.77000000,LOWER_LEG,-0.00461329,-0.01515212,0.00781505,-0.08384057,0.07014882,0.31106084,-0.08675514,0.06585034,0.08665705,0.02555372,0.00779142,29.71528199,0.00000000,51.65095697,35.73608202,0.20723206,-0.47822322,1.32326401,0.21367590,-0.47859382,1.32375445,9.00528084,0.00000003
9.78000000,LOWER_LEG,-0.00461332,-0.01515211,0.00781492,-0.08384066,0.07014884,0.31106084,-0.08675473,0.06585034,0.08665751,0.02549084,0.00772854,29.71533864,0.00000000,51.65087068,35.73607039,0.20718977,-0.47802648,1.32281603,0.21363086,-0.47838358,1.32327655,9.00527968,0.00000003
9.79000000,LOWER_LEG,-0.00461333,-0.01515208,0.00781478,-0.08384074,0.07014886,0.31106084,-0.08675428,0.06585034,0.08665800,0.02542548,0.00766318,29.71542025,0.00000000,51.65078679,35.73606968,0.20714584,-0.47782197,1.32235042,0.21358418,-0.47816552,1.32278096,9.00527710,0.00000003
9.80000000,LOWER_LEG,-0.00461331,-0.01515203,0.00781462,-0.08384082,0.07014887,0.31106084,-0.08675381,0.06585033,0.08665852,0.02535764,0.00759534,29.71552671,0.00000000,51.65069879,35.73607752,0.20710028,-0.47760967,1.32186715,0.21353588,-0.47793965,1.32226765,9.00527259,0.00000002
9.81000000,LOWER_LEG,-0.00461326,-0.01515194,0.00781444,-0.08384088,0.07014887,0.31106084,-0.08675330,0.06585032,0.08665907,0.02528732,0.00752502,29.71565742,0.00000000,51.65060227,35.73609192,0.20705308,-0.47738958,1.32136621,0.21348595,-0.47770596,1.32173665,9.00526583,0.00000003
9.82000000,LOWER_LEG,-0.00461319,-0.01515181,0.00781425,-0.08384093,0.07014887,0.31106083,-0.08675277,0.06585030,0.08665966,0.02521452,0.00745222,29.71581135,0.00000000,51.65049369,35.73611169,0.20700425,-0.47716170,1.32084759,0.21343440,-0.47746447,1.32118799,9.00525654,0.00000003
9.83000000,LOWER_LEG,-0.00461308,-0.01515165,0.00781404,-0.08384097,0.07014886,0.31106082,-0.08675220,0.06585027,0.08666029,0.02513925,0.00737695,29.71598714,0.00000000,51.65037032,35.73613627,0.20695379,-0.47692603,1.32031132,0.21338124,-0.47721520,1.32062172,9.00524444,0.00000007
9.84000000,LOWER_LEG,-0.00461296,-0.01515145,0.00781382,-0.08384100,0.07014885,0.31106081,-0.08675160,0.06585023,0.08666095,0.02506152,0.00729921,29.71618925,0.00000000,51.64979961,35.73621403,0.20690170,-0.47668259,1.31975744,0.21332649,-0.47695818,1.32003791,9.00517030,0.00000005
9.85000000,LOWER_LEG,-0.00461281,-0.01515124,0.00781358,-0.08384101,0.07014882,0.31106080,-0.08675097,0.06585019,0.08666164,0.02498133,0.00721903,29.71641402,0.00000000,51.64984394,35.73626614,0.20684801,-0.47643141,1.31918601,0.21327016,-0.47669345,1.31943667,9.00518009,0.00000007
9.86000000,LOWER_LEG,-0.00461264,-0.01515099,0.00781332,-0.08384101,0.07014879,0.31106079,-0.08675030,0.06585014,0.08666238,0.02489871,0.00713641,29.71666734,0.00000000,51.64932601,35.73636428,0.20679273,-0.47617250,1.31859711,0.21321226,-0.47642104,1.31881808,9.00510999,0.00000007
9.87000000,LOWER_LEG,-0.00461244,-0.01515071,0.00781305,-0.08384100,0.07014876,0.31106078,-0.08674961,0.06585008,0.08666315,0.02481367,0.00705137,29.71694101,0.00000000,51.64931919,35.73641956,0.20673586,-0.47590592,1.31799083,0.21315280,-0.47614100,1.31818225,9.00510842,0.00000010
9.88000000,LOWER_LEG,-0.00461223,-0.01515040,0.00781277,-0.08384097,0.07014871,0.31106076,-0.08674888,0.06585002,0.08666396,0.02472623,0.00696393,29.71793748,0.00000000,51.64891091,35.73572243,0.20667743,-0.47563170,1.31736727,0.21309180,-0.47585339,1.31752932,9.00505088,0.00000007
9.89000000,LOWER_LEG,-0.00461195,-0.01515010,0.00781248,-0.08384093,0.07014866,0.31106074,-0.08674811,0.06584995,0.08666480,0.02463640,0.00687410,29.71780911,0.00000000,51.64851390,35.73646734,0.20661746,-0.47534991,1.31672653,0.21302929,-0.47555825,1.31685942,9.00498860,0.00000005
9.90000000,LOWER_LEG,-0.00461166,-0.01514977,0.00781218,-0.08384088,0.07014860,0.31106073,-0.08674732,0.06584987,0.08666568,0.02454421,0.00678191,29.71808627,0.00000000,51.64802847,35.73662805,0.20655593,-0.47506056,1.31606878,0.21296527,-0.47525568,1.31617273,9.00491630,0.00000004
9.91000000,LOWER_LEG,-0.00461135,-0.01514941,0.00781187,-0.08384082,0.07014854,0.31106071,-0.08674650,0.06584979,0.08666659,0.02444969,0.00668739,29.71840765,0.00000000,51.64754581,35.73676816,0.20649288,-0.47476373,1.31539414,0.21289978,-0.47494572,1.31546940,9.00484419,0.00000003
9.92000000,LOWER_LEG,-0.00461103,-0.01514900,0.00781154,-0.08384074,0.07014847,0.31106069,-0.08674564,0.06584969,0.08666754,0.02435286,0.00659055,29.71875741,0.00000000,51.64711145,35.73690344,0.20642834,-0.47445949,1.31470278,0.21283283,-0.47462846,1.31474961,9.00477896,0.00000003
9.93000000,LOWER_LEG,-0.00461070,-0.01514856,0.00781120,-0.08384065,0.07014839,0.31106067,-0.08674475,0.06584960,0.08666852,0.02425374,0.00649143,29.71913341,0.00000000,51.64673642,35.73703748,0.20636233,-0.47414793,1.31399488,0.21276445,-0.47430399,1.31401357,9.00472163,0.00000005
9.94000000,LOWER_LEG,-0.00461035,-0.01514808,0.00781085,-0.08384055,0.07014831,0.31106065,-0.08674383,0.06584949,0.08666953,0.02415236,0.00639006,29.71953377,0.00000000,51.64631975,35.73717134,0.20629488,-0.47382912,1.31327060,0.21269466,-0.47397238,1.31326148,9.00465692,0.00000007
9.95000000,LOWER_LEG,-0.00460999,-0.01514756,0.00781048,-0.08384043,0.07014822,0.31106062,-0.08674289,0.06584938,0.08667058,0.02404876,0.00628646,29.71995685,0.00000000,51.64594035,35.73730279,0.20622599,-0.47350315,1.31253017,0.21262348,-0.47363375,1.31249357,9.00459572,0.00000009
9.96000000,LOWER_LEG,-0.00460958,-0.01514703,0.00781010,-0.08384031,0.07014812,0.31106060,-0.08674191,0.06584927,0.08667166,0.02394297,0.00618067,29.72073969,0.00000000,51.64492919,35.73720936,0.20615572,-0.47317011,1.31177377,0.21255095,-0.47328817,1.31171007,9.00443793,0.00000001
9.97000000,LOWER_LEG,-0.00460915,-0.01514649,0.00780972,-0.08384017,0.07014802,0.31106057,-0.08674090,0.06584914,0.08667278,0.02383503,0.00607273,29.72107104,0.00000000,51.64475840,35.73748577,0.20608404,-0.47283009,1.31100166,0.21247709,-0.47293578,1.31091124,9.00440465,0.00000006
9.98000000,LOWER_LEG,-0.00460870,-0.01514593,0.00780933,-0.08384002,0.07014792,0.31106054,-0.08673986,0.06584902,0.08667392,0.02372498,0.00596268,29.72150020,0.00000000,51.64365717,35.73766282,0.20601101,-0.47248317,1.31021408,0.21240193,-0.47257668,1.31009735,9.00423288,0.00000004
9.99000000,LOWER_LEG,-0.00460824,-0.01514533,0.00780893,-0.08383986,0.07014780,0.31106051,-0.08673880,0.06584888,0.08667510,0.02361285,0.00585055,29.72196553,0.00000000,51.64353286,35.73787986,0.20593666,-0.47212948,1.30941128,0.21232551,-0.47221098,1.30926865,9.00420795,0.00000006
10.00000000,LOWER_LEG,-0.00460778,-0.01514469,0.00780852,-0.08383969,0.07014769,0.31106048,-0.08673771,0.06584874,0.08667631,0.02349869,0.00573638,29.72244888,0.00000000,51.64319133,35.73804861,0.20586102,-0.47176914,1.30859352,0.21224785,-0.47183880,1.30842543,9.00414723,0.00000010
10.01000000,LOWER_LEG,-0.00460729,-0.01514405,0.00780810,-0.08383951,0.07014757,0.31106045,-0.08673659,0.06584860,0.08667754,0.02338253,0.00562023,29.72329316,0.00000000,51.64239038,35.73800076,0.20578414,-0.47140227,1.30776106,0.21216898,-0.47146027,1.30756799,9.00401682,0.00000005
10.02000000,LOWER_LEG,-0.00460677,-0.01514340,0.00780768,-0.08383931,0.07014744,0.31106041,-0.08673545,0.06584845,0.08667881,0.02326442,0.00550212,29.72368236,0.00000000,51.64148992,35.73829342,0.20570602,-0.47102899,1.30691419,0.21208894,-0.47107553,1.30669663,9.00387122,0.00000003
10.03000000,LOWER_LEG,-0.00460625,-0.01514272,0.00780726,-0.08383911,0.07014731,0.31106038,-0.08673428,0.06584830,0.08668010,0.02314442,0.00538211,29.72417258,0.00000000,51.64132741,35.73851465,0.20562669,-0.47064940,1.30605324,0.21200777,-0.47068471,1.30581168,9.00383422,0.00000009
10.04000000,LOWER_LEG,-0.00460572,-0.01514200,0.00780682,-0.08383891,0.07014717,0.31106034,-0.08673308,0.06584814,0.08668142,0.02302255,0.00526025,29.72469181,0.00000000,51.64048353,35.73874301,0.20554620,-0.47026366,1.30517849,0.21192550,-0.47028795,1.30491346,9.00369895,0.00000008
10.05000000,LOWER_LEG,-0.00460517,-0.01514127,0.00780638,-0.08383869,0.07014704,0.31106030,-0.08673186,0.06584798,0.08668277,0.02289888,0.00513658,29.72565538,0.00000000,51.63955402,35.73859229,0.20546460,-0.46987191,1.30429026,0.21184215,-0.46988539,1.30400228,9.00354543,0.00000002
10.06000000,LOWER_LEG,-0.00460460,-0.01514054,0.00780594,-0.08383846,0.07014689,0.31106026,-0.08673062,0.06584781,0.08668414,0.02277345,0.00501115,29.72600355,0.00000000,51.63939913,35.73899572,0.20538190,-0.46947429,1.30338888,0.21175778,-0.46947719,1.30307852,9.00350536,0.00000010
10.07000000,LOWER_LEG,-0.00460402,-0.01513979,0.00780550,-0.08383823,0.07014674,0.31106022,-0.08672936,0.06584764,0.08668553,0.02264632,0.00488402,29.72652205,0.00000000,51.63850669,35.73926029,0.20529813,-0.46907093,1.30247470,0.21167242,-0.46906350,1.30214253,9.00336026,0.00000006
10.08000000,LOWER_LEG,-0.00460345,-0.01513901,0.00780504,-0.08383799,0.07014659,0.31106018,-0.08672807,0.06584747,0.08668695,0.02251753,0.00475523,29.72706981,0.00000000,51.63784004,35.73949948,0.20521334,-0.46866198,1.30154807,0.21158610,-0.46864447,1.30119466,9.00324710,0.00000009
10.09000000,LOWER_LEG,-0.00460285,-0.01513822,0.00780459,-0.08383774,0.07014644,0.31106014,-0.08672677,0.06584729,0.08668840,0.02238714,0.00462484,29.72794589,0.00000000,51.63719028,35.73950352,0.20512759,-0.46824763,1.30060933,0.21149886,-0.46822028,1.30023529,9.00313066,0.00000006
10.10000000,LOWER_LEG,-0.00460223,-0.01513743,0.00780413,-0.08383749,0.07014628,0.31106009,-0.08672544,0.06584711,0.08668986,0.02225520,0.00449290,29.72841975,0.00000000,51.63648188,35.73981614,0.20504088,-0.46782800,1.29965885,0.21141075,-0.46779108,1.29926481,9.00300834,0.00000006
10.11000000,LOWER_LEG,-0.00460162,-0.01513661,0.00780368,-0.08383723,0.07014612,0.31106005,-0.08672409,0.06584692,0.08669135,0.02212178,0.00435947,29.72897302,0.00000000,51.63576616,35.74007491,0.20495326,-0.46740326,1.29869702,0.21132179,-0.46735704,1.29828361,9.00288567,0.00000007
10.12000000,LOWER_LEG,-0.00460096,-0.01513574,0.00780318,-0.08383697,0.07014596,0.31106000,-0.08672273,0.06584673,0.08669285,0.02198691,0.00422461,29.73016616,0.30809756,51.63490737,35.73973263,0.20486592,-0.46697786,1.29773598,0.21123205,-0.46691835,1.29729208,9.00276411,0.00000007
10.13000000,LOWER_LEG,-0.00462820,-0.01514928,0.00780488,-0.08383772,0.07014687,0.31106218,-0.08672211,0.06584720,0.08669348,0.02189604,0.00413374,29.67507780,0.75347824,51.69788884,35.69273549,0.20481757,-0.46660704,1.29698620,0.21114491,-0.46649166,1.29632789,9.01032657,0.00000001
10.14000000,LOWER_LEG,-0.00469211,-0.01519403,0.00781682,-0.08384105,0.07015105,0.31107009,-0.08672350,0.06585027,0.08669071,0.02183288,0.00407058,29.57929312,0.83706635,51.77185187,35.63438418,0.20479868,-0.46621761,1.29621850,0.21106396,-0.46609464,1.29543092,9.01807552,0.00000001
10.15000000,LOWER_LEG,-0.00477329,-0.01526229,0.00784160,-0.08384749,0.07015921,0.31108402,-0.08672753,0.06585685,0.08668328,0.02178605,0.00402375,29.46009701,0.89822984,51.83782426,35.55854731,0.20479741,-0.46582895,1.29543397,0.21098652,-0.46571422,1.29457163,9.02504246,0.00000001
10.16000000,LOWER_LEG,-0.00486608,-0.01534522,0.00787945,-0.08385727,0.07017156,0.31110340,-0.08673453,0.06586721,0.08667111,0.02175187,0.00398957,29.33015384,0.94375882,51.89696095,35.46372423,0.20480757,-0.46544537,1.29464391,0.21091111,-0.46534319,1.29373370,9.03197770,0.00000001
10.17000000,LOWER_LEG,-0.00496898,-0.01543621,0.00792988,-0.08387034,0.07018805,0.31112722,-0.08674454,0.06588136,0.08665465,0.02172744,0.00396513,29.19939286,0.97847544,51.95274824,35.35382800,0.20482500,-0.46506591,1.29385283,0.21083692,-0.46497766,1.29290833,9.03938033,0.00000001
10.18000000,LOWER_LEG,-0.00508120,-0.01553107,0.00799208,-0.08388649,0.07020846,0.31115420,-0.08675742,0.06589914,0.08663450,0.02171012,0.00394782,29.07460965,1.00706848,52.00938521,35.23456651,0.20484684,-0.46468918,1.29306234,0.21076349,-0.46461532,1.29209030,9.04766233,0.00000001
10.19000000,LOWER_LEG,-0.00520181,-0.01562744,0.00806494,-0.08390538,0.07023247,0.31118299,-0.08677290,0.06592027,0.08661124,0.02169761,0.00393531,28.96002897,1.03379927,52.07061788,35.11146109,0.20487117,-0.46431430,1.29227315,0.21069052,-0.46425473,1.29127638,9.05714503,0.00000001
10.20000000,LOWER_LEG,-0.00532969,-0.01572418,0.00814714,-0.08392668,0.07025969,0.31121232,-0.08679070,0.06594441,0.08658538,0.02168799,0.00392569,28.85782672,1.06213080,52.13917052,34.98890404,0.20489662,-0.46394076,1.29148590,0.21061783,-0.46389498,1.29046448,9.06804195,0.00000001
10.21000000,LOWER_LEG,-0.00546364,-0.01582085,0.00823709,-0.08395010,0.07028971,0.31124114,-0.08681054,0.06597119,0.08655726,0.02167976,0.00391746,28.76853130,1.09452123,52.21660328,34.86990588,0.20492226,-0.46356818,1.29070127,0.21054528,-0.46353545,1.28965322,9.08045442,0.00000001
10.22000000,LOWER_LEG,-0.00560245,-0.01591744,0.00833310,-0.08397540,0.07032211,0.31126862,-0.08683219,0.06600022,0.08652711,0.02167181,0.00390951,28.69135311,1.13240330,52.30341930,34.75621616,0.20494738,-0.46319610,1.28991997,0.21047280,-0.46317574,1.28884172,9.09438123,0.00000001
10.23000000,LOWER_LEG,-0.00574498,-0.01601416,0.00843342,-0.08400243,0.07035648,0.31129422,-0.08685551,0.06603115,0.08649503,0.02166339,0.00390109,28.62449336,1.17629652,52.39928371,34.64859445,0.20497146,-0.46282394,1.28914257,0.21040035,-0.46281563,1.28802942,9.10973721,0.00000001
10.24000000,LOWER_LEG,-0.00589022,-0.01611142,0.00853637,-0.08403110,0.07039244,0.31131765,-0.08688041,0.06606361,0.08646105,0.02165411,0.00389180,28.56545686,1.22598964,52.50326591,34.54710217,0.20499408,-0.46245108,1.28836939,0.21032790,-0.46245500,1.28721611,9.12637527,0.00000001
10.25000000,LOWER_LEG,-0.00603726,-0.01620972,0.00864042,-0.08406139,0.07042962,0.31133886,-0.08690686,0.06609728,0.08642515,0.02164380,0.00388150,28.51136815,1.28074635,52.61405935,34.45135615,0.20501494,-0.46207689,1.28760054,0.21025545,-0.46209386,1.28640179,9.14410828,0.00000001
10.26000000,LOWER_LEG,-0.00618532,-0.01630960,0.00874425,-0.08409332,0.07046773,0.31135801,-0.08693486,0.06613187,0.08638725,0.02163253,0.00387023,28.45927440,1.33950453,52.73016201,34.36072667,0.20503381,-0.46170087,1.28683589,0.21018302,-0.46173232,1.28558669,9.16272861,0.00000001
10.27000000,LOWER_LEG,-0.00633372,-0.01641163,0.00884677,-0.08412693,0.07050646,0.31137536,-0.08696444,0.06616711,0.08634731,0.02162051,0.00385821,28.40641310,1.40105429,52.85001670,34.27448287,0.20505050,-0.46132266,1.28607515,0.21011064,-0.46137052,1.28477116,9.18202445,0.00000001
10.28000000,LOWER_LEG,-0.00648191,-0.01651630,0.00894717,-0.08416224,0.07054559,0.31139128,-0.08699563,0.06620279,0.08630526,0.02160802,0.00384572,28.35042522,1.46418849,52.97211671,34.19189470,0.20506490,-0.46094206,1.28531792,0.21003836,-0.46100866,1.28395564,9.20179267,0.00000001
10.29000000,LOWER_LEG,-0.00662943,-0.01662401,0.00904488,-0.08419930,0.07058489,0.31140615,-0.08702846,0.06623869,0.08626108,0.02159537,0.00383307,28.28950108,1.52782413,53.09508315,34.11230039,0.20507696,-0.46055902,1.28456375,0.20996621,-0.46064693,1.28314054,9.22184830,0.00000001
10.30000000,LOWER_LEG,-0.00677590,-0.01673499,0.00913957,-0.08423810,0.07062420,0.31142038,-0.08706294,0.06627465,0.08621478,0.02158285,0.00382055,28.22245459,1.59109338,53.21771880,34.03514588,0.20508664,-0.46017366,1.28381217,0.20989422,-0.46028549,1.28232623,9.24203090,0.00000001
10.31000000,LOWER_LEG,-0.00692105,-0.01684932,0.00923113,-0.08427860,0.07066335,0.31143430,-0.08709902,0.06631052,0.08616644,0.02157069,0.00380838,28.14872953,1.65340184,53.33904184,33.96000086,0.20509399,-0.45978615,1.28306277,0.20982242,-0.45992446,1.28151300,9.26220818,0.00000001
10.32000000,LOWER_LEG,-0.00706465,-0.01696690,0.00931959,-0.08432073,0.07070223,0.31144820,-0.08713664,0.06634619,0.08611615,0.02155904,0.00379674,28.06834780,1.71445157,53.45830123,33.88655563,0.20509909,-0.45939679,1.28231516,0.20975082,-0.45956391,1.28070099,9.28227700,0.00000001
10.33000000,LOWER_LEG,-0.00720657,-0.01708747,0.00940514,-0.08436438,0.07074074,0.31146230,-0.08717572,0.06638155,0.08606407,0.02154801,0.00378570,27.98181447,1.77422802,53.57497550,33.81460281,0.20510207,-0.45900590,1.28156906,0.20967942,-0.45920388,1.27989028,9.30216237,0.00000001
10.34000000,LOWER_LEG,-0.00734671,-0.01721064,0.00948806,-0.08440940,0.07077880,0.31147674,-0.08721610,0.06641652,0.08601039,0.02153758,0.00377528,27.88999644,1.83295449,53.68875683,33.74400932,0.20510311,-0.45861385,1.28082426,0.20960822,-0.45884437,1.27908087,9.32181471,0.00000001
10.35000000,LOWER_LEG,-0.00748505,-0.01733594,0.00956868,-0.08445561,0.07081635,0.31149161,-0.08725764,0.06645105,0.08595534,0.02152773,0.00376542,27.79399151,1.89102230,53.79952321,33.67468375,0.20510245,-0.45822103,1.28008067,0.20953723,-0.45848535,1.27827272,9.34120584,0.00000001
10.36000000,LOWER_LEG,-0.00762165,-0.01746286,0.00964737,-0.08450280,0.07085336,0.31150692,-0.08730014,0.06648509,0.08589916,0.02151836,0.00375606,27.69500289,1.94890906,53.90730233,33.60654467,0.20510034,-0.45782784,1.27933829,0.20946643,-0.45812681,1.27746578,9.36032433,0.00000001
10.37000000,LOWER_LEG,-0.00775658,-0.01759085,0.00972450,-0.08455076,0.07088981,0.31152265,-0.08734340,0.06651864,0.08584211,0.02150939,0.00374709,27.59368515,2.00709734,54.01221718,33.54008885,0.20509708,-0.45743468,1.27859718,0.20939583,-0.45776876,1.27666008,9.37917001,0.00000009
10.38000000,LOWER_LEG,-0.00788998,-0.01771940,0.00980045,-0.08459927,0.07092572,0.31153876,-0.08738721,0.06655168,0.08578443,0.02150072,0.00373842,27.49251442,2.06601818,54.11450480,33.47371002,0.20509298,-0.45704196,1.27785750,0.20932543,-0.45741124,1.27585568,9.39775252,0.00000006
10.39000000,LOWER_LEG,-0.00802200,-0.01784807,0.00987555,-0.08464810,0.07096110,0.31155519,-0.08743138,0.06658423,0.08572637,0.02149226,0.00372996,27.39189814,2.12578895,54.21437509,33.40771942,0.20508840,-0.45665007,1.27711942,0.20925525,-0.45705429,1.27505274,9.41607957,0.00000001
10.40000000,LOWER_LEG,-0.00815283,-0.01797642,0.00995013,-0.08469704,0.07099598,0.31157188,-0.08747570,0.06661631,0.08566816,0.02148393,0.00372163,27.29158377,2.18632043,54.31208062,33.34340362,0.20508361,-0.45625931,1.27638303,0.20918530,-0.45669804,1.27425149,9.43416361,0.00000003
10.41000000,LOWER_LEG,-0.00828260,-0.01810411,0.01002442,-0.08474591,0.07103041,0.31158877,-0.08752000,0.06664797,0.08561000,0.02147567,0.00371337,27.19298711,2.24773192,54.40776835,33.27942090,0.20507890,-0.45586998,1.27564850,0.20911561,-0.45634260,1.27345219,9.45200685,0.00000009
10.42000000,LOWER_LEG,-0.00841149,-0.01823084,0.01009864,-0.08479453,0.07106445,0.31160581,-0.08756409,0.06667925,0.08555208,0.02146743,0.00370513,27.09736181,2.31003172,54.50165845,33.21476711,0.20507452,-0.45548236,1.27491602,0.20904621,-0.45598811,1.27265516,9.46961775,0.00000003
10.43000000,LOWER_LEG,-0.00853963,-0.01835638,0.01017294,-0.08484274,0.07109814,0.31162296,-0.08760784,0.06671020,0.08549455,0.02145921,0.00369691,27.00348077,2.37307812,54.59387950,33.15090636,0.20507068,-0.45509670,1.27418582,0.20897712,-0.45563476,1.27186081,9.48699761,0.00000008
10.44000000,LOWER_LEG,-0.00866716,-0.01848054,0.01024743,-0.08489041,0.07113155,0.31164021,-0.08765112,0.06674088,0.08543755,0.02145101,0.00368870,26.91285075,2.43666385,54.68455705,33.08609939,0.20506753,-0.45471322,1.27345813,0.20890839,-0.45528272,1.27106956,9.50414720,0.00000006
10.45000000,LOWER_LEG,-0.00879417,-0.01860321,0.01032217,-0.08493743,0.07116474,0.31165754,-0.08769382,0.06677133,0.08538119,0.02144285,0.00368054,26.82462747,2.50050748,54.77375565,33.02113148,0.20506521,-0.45433210,1.27273319,0.20884005,-0.45493221,1.27028186,9.52106202,0.00000007
10.46000000,LOWER_LEG,-0.00892073,-0.01872429,0.01039717,-0.08498371,0.07119774,0.31167494,-0.08773585,0.06680161,0.08532554,0.02143476,0.00367245,26.73914133,2.56433909,54.86152466,32.95547697,0.20506379,-0.45395350,1.27201123,0.20877215,-0.45458343,1.26949818,9.53773794,0.00000009
10.47000000,LOWER_LEG,-0.00904688,-0.01884373,0.01047240,-0.08502920,0.07123061,0.31169243,-0.08777715,0.06683176,0.08527069,0.02142677,0.00366446,26.65691389,2.62789617,54.94790391,32.88838167,0.20506330,-0.45357756,1.27129250,0.20870471,-0.45423657,1.26871896,9.55416947,0.00000001
10.48000000,LOWER_LEG,-0.00917259,-0.01896150,0.01054783,-0.08507382,0.07126339,0.31171000,-0.08781767,0.06686181,0.08521667,0.02141891,0.00365660,26.57649519,2.69094092,55.03287668,32.82125733,0.20506376,-0.45320440,1.27057726,0.20863777,-0.45389185,1.26794463,9.57034883,0.00000001
10.49000000,LOWER_LEG,-0.00929787,-0.01907756,0.01062335,-0.08511756,0.07129608,0.31172766,-0.08785738,0.06689178,0.08516352,0.02141119,0.00364889,26.49851917,2.75332593,55.11644167,32.75330215,0.20506511,-0.45283408,1.26986580,0.20857138,-0.45354943,1.26717561,9.58627196,0.00000001
10.50000000,LOWER_LEG,-0.00942263,-0.01919190,0.01069885,-0.08516040,0.07132872,0.31174542,-0.08789625,0.06692170,0.08511126,0.02140365,0.00364135,26.42276400,2.81493524,55.19859706,32.68468948,0.20506729,-0.45246669,1.26915845,0.20850555,-0.45320949,1.26641228,9.60193457,0.00000001
10.51000000,LOWER_LEG,-0.00954681,-0.01930452,0.01077420,-0.08520232,0.07136129,0.31176326,-0.08793427,0.06695157,0.08505990,0.02139628,0.00363398,26.34908506,2.87570458,55.27934272,32.61555022,0.20507023,-0.45210228,1.26845553,0.20844033,-0.45287219,1.26565500,9.61733446,0.00000001
10.52000000,LOWER_LEG,-0.00967029,-0.01941542,0.01084927,-0.08524334,0.07139380,0.31178117,-0.08797145,0.06698139,0.08500944,0.02138909,0.00362678,26.27734481,2.93561009,55.35868267,32.54604976,0.20507385,-0.45174091,1.26775740,0.20837573,-0.45253769,1.26490412,9.63247126,0.00000001
10.53000000,LOWER_LEG,-0.00979298,-0.01952460,0.01092391,-0.08528346,0.07142623,0.31179915,-0.08800781,0.06701114,0.08495987,0.02138207,0.00361977,26.20741067,2.99465693,55.43662554,32.47637874,0.20507804,-0.45138262,1.26706443,0.20831178,-0.45220614,1.26415998,9.64734626,0.00000001
10.54000000,LOWER_LEG,-0.00991475,-0.01963210,0.01099797,-0.08532270,0.07145856,0.31181715,-0.08804334,0.06704080,0.08491118,0.02137522,0.00361291,26.13915505,3.05286723,55.51318462,32.40674303,0.20508270,-0.45102747,1.26637701,0.20824852,-0.45187769,1.26342291,9.66196233,0.00000001
10.55000000,LOWER_LEG,-0.01003547,-0.01973793,0.01107131,-0.08536110,0.07149075,0.31183517,-0.08807809,0.06707036,0.08486334,0.02136852,0.00360622,26.07245522,3.11026879,55.58837742,32.33735449,0.20508775,-0.45067551,1.26569553,0.20818596,-0.45155249,1.26269322,9.67632364,0.00000001
10.56000000,LOWER_LEG,-0.01015504,-0.01984212,0.01114379,-0.08539868,0.07152278,0.31185316,-0.08811209,0.06709977,0.08481632,0.02136198,0.00359968,26.00719355,3.16688574,55.66222487,32.26842291,0.20509309,-0.45032677,1.26502039,0.20812413,-0.45123067,1.26197125,9.69043546,0.00000001
10.57000000,LOWER_LEG,-0.01027333,-0.01994470,0.01121528,-0.08543548,0.07155461,0.31187111,-0.08814536,0.06712901,0.08477010,0.02135559,0.00359328,25.94325836,3.22273173,55.73475034,32.20014949,0.20509864,-0.44998131,1.26435199,0.20806306,-0.45091240,1.26125732,9.70430391,0.00000001
10.58000000,LOWER_LEG,-0.01039023,-0.02004570,0.01128567,-0.08547154,0.07158620,0.31188896,-0.08817794,0.06715805,0.08472465,0.02134932,0.00358702,25.88054528,3.27780590,55.80597881,32.13272186,0.20510433,-0.44963918,1.26369071,0.20800277,-0.45059780,1.26055175,9.71793571,0.00000001
10.59000000,LOWER_LEG,-0.01050565,-0.02014517,0.01135486,-0.08550691,0.07161751,0.31190670,-0.08820989,0.06718684,0.08467992,0.02134319,0.00358089,25.81895905,3.33209137,55.87593612,32.06631067,0.20511010,-0.44930046,1.26303694,0.20794329,-0.45028704,1.25985489,9.73133798,0.00000001
10.60000000,LOWER_LEG,-0.01061950,-0.02024314,0.01142275,-0.08554162,0.07164851,0.31192429,-0.08824123,0.06721537,0.08463589,0.02133719,0.00357488,25.75841547,3.38555582,55.94464838,32.00106764,0.20511589,-0.44896520,1.26239104,0.20788465,-0.44998027,1.25916706,9.74451804,0.00000001
10.61000000,LOWER_LEG,-0.01073168,-0.02033966,0.01148929,-0.08557573,0.07167917,0.31194170,-0.08827201,0.06724358,0.08459251,0.02133131,0.00356901,25.69884322,3.43815366,56.01214159,31.93712466,0.20512165,-0.44863349,1.26175336,0.20782686,-0.44967764,1.25848860,9.75748325,0.00000001
10.62000000,LOWER_LEG,-0.01084214,-0.02043475,0.01155441,-0.08560928,0.07170945,0.31195890,-0.08830227,0.06727147,0.08454974,0.02132556,0.00356325,25.64018530,3.48982908,56.07844128,31.87459391,0.20512735,-0.44830541,1.26112423,0.20776996,-0.44937929,1.25781985,9.77024083,0.00000001
10.63000000,LOWER_LEG,-0.01095081,-0.02052845,0.01161807,-0.08564230,0.07173934,0.31197586,-0.08833205,0.06729900,0.08450756,0.02131993,0.00355763,25.58239993,3.54051960,56.14357216,31.81356858,0.20513295,-0.44798107,1.26050400,0.20771398,-0.44908539,1.25716113,9.78279775,0.00000001
10.64000000,LOWER_LEG,-0.01105764,-0.02062078,0.01168025,-0.08567484,0.07176879,0.31199256,-0.08836139,0.06732614,0.08446593,0.02131444,0.00355214,25.52546080,3.59015952,56.20755775,31.75412392,0.20513843,-0.44766055,1.25989295,0.20765893,-0.44879607,1.25651279,9.79516055,0.00000001
10.65000000,LOWER_LEG,-0.01116259,-0.02071178,0.01174093,-0.08570693,0.07179779,0.31200897,-0.08839033,0.06735287,0.08442482,0.02130909,0.00354679,25.46935666,3.63868317,56.27041991,31.69631873,0.20514378,-0.44734399,1.25929139,0.20760484,-0.44851149,1.25587514,9.80733525,0.00000001
10.66000000,LOWER_LEG,-0.01126562,-0.02080144,0.01180011,-0.08573861,0.07182632,0.31202508,-0.08841889,0.06737919,0.08438422,0.02130387,0.00354157,25.41409029,3.68602757,56.33217824,31.64019675,0.20514897,-0.44703151,1.25869960,0.20755174,-0.44823178,1.25524849,9.81932713,0.00000001
10.67000000,LOWER_LEG,-0.01136670,-0.02088979,0.01185779,-0.08576990,0.07185437,0.31204086,-0.08844711,0.06740506,0.08434409,0.02129880,0.00353650,25.35967698,3.73213454,56.39284946,31.58578820,0.20515400,-0.44672325,1.25811785,0.20749964,-0.44795708,1.25463315,9.83114066,0.00000001
10.68000000,LOWER_LEG,-0.01146582,-0.02097683,0.01191397,-0.08580082,0.07188192,0.31205629,-0.08847500,0.06743048,0.08430442,0.02129387,0.00353157,25.30614259,3.77695229,56.45244666,31.53311128,0.20515886,-0.44641933,1.25754639,0.20744858,-0.44768753,1.25402941,9.84277935,0.00000001
10.69000000,LOWER_LEG,-0.01156294,-0.02106255,0.01196868,-0.08583139,0.07190896,0.31207136,-0.08850258,0.06745544,0.08426520,0.02128909,0.00352679,25.25352144,3.82043634,56.51097861,31.48217356,0.20516353,-0.44611992,1.25698547,0.20739857,-0.44742325,1.25343753,9.85424561,0.00000001
10.70000000,LOWER_LEG,-0.01165806,-0.02114695,0.01202194,-0.08586163,0.07193548,0.31208606,-0.08852986,0.06747993,0.08422643,0.02128446,0.00352216,25.20185411,3.86255017,56.56844910,31.43297332,0.20516803,-0.44582517,1.25643532,0.20734962,-0.44716435,1.25285778,9.86554068,0.00000001
10.71000000,LOWER_LEG,-0.01175116,-0.02123000,0.01207377,-0.08589154,0.07196148,0.31210037,-0.08855686,0.06750393,0.08418809,0.02127999,0.00351769,25.15118529,3.90326540,56.62485639,31.38550089,0.20517233,-0.44553522,1.25589616,0.20730177,-0.44691095,1.25229041,9.87666458,0.00000001
10.72000000,LOWER_LEG,-0.01184224,-0.02131169,0.01212419,-0.08592111,0.07198695,0.31211429,-0.08858357,0.06752746,0.08415021,0.02127567,0.00351337,25.10156175,3.94256175,56.68019283,31.33973981,0.20517645,-0.44525024,1.25536820,0.20725501,-0.44666314,1.25173563,9.88761601,0.00000001
10.73000000,LOWER_LEG,-0.01193128,-0.02139200,0.01217323,-0.08595036,0.07201188,0.31212781,-0.08861000,0.06755049,0.08411277,0.02127151,0.00350921,25.05303068,3.98042689,56.73444464,31.29566801,0.20518038,-0.44497038,1.25485162,0.20720938,-0.44642103,1.25119366,9.89839242,0.00000001
10.74000000,LOWER_LEG,-0.01201826,-0.02147089,0.01222091,-0.08597927,0.07203627,0.31214092,-0.08863614,0.06757303,0.08407579,0.02126750,0.00350520,25.00563813,4.01685606,56.78759187,31.25325889,0.20518412,-0.44469579,1.25434660,0.20716487,-0.44618470,1.25066468,9.90898998,0.00000001
10.75000000,LOWER_LEG,-0.01210319,-0.02154834,0.01226725,-0.08600783,0.07206011,0.31215362,-0.08866197,0.06759507,0.08403930,0.02126365,0.00350135,24.95942793,4.05185166,56.83960867,31.21248233,0.20518766,-0.44442664,1.25385332,0.20712151,-0.44595422,1.25014886,9.91940366,0.00000001
10.76000000,LOWER_LEG,-0.01218604,-0.02162430,0.01231228,-0.08603603,0.07208341,0.31216591,-0.08868750,0.06761660,0.08400329,0.02125995,0.00349765,24.91444081,4.08542282,56.89046363,31.17330559,0.20519101,-0.44416306,1.25337191,0.20707930,-0.44572967,1.24964635,9.92962735,0.00000001
10.77000000,LOWER_LEG,-0.01226683,-0.02169872,0.01235600,-0.08606385,0.07210616,0.31217780,-0.08871269,0.06763764,0.08396781,0.02125640,0.00349410,24.87097923,4.11759627,56.94009528,31.13531538,0.20519415,-0.44390518,1.25290255,0.20703825,-0.44551110,1.24915728,9.93965287,0.00000001
10.78000000,LOWER_LEG,-0.01234551,-0.02177158,0.01239843,-0.08609125,0.07212835,0.31218929,-0.08873753,0.06765816,0.08393286,0.02125301,0.00349070,24.82856235,4.14837680,56.98851883,31.09924131,0.20519710,-0.44365315,1.25244532,0.20699837,-0.44529856,1.24868176,9.94947500,0.00000001
10.79000000,LOWER_LEG,-0.01242207,-0.02184285,0.01243959,-0.08611824,0.07214999,0.31220038,-0.08876200,0.06767818,0.08389848,0.02124975,0.00348745,24.78744855,4.17778751,57.03566438,31.06467354,0.20519986,-0.44340710,1.25200034,0.20695966,-0.44509211,1.24821988,9.95908366,0.00000000
10.80000000,LOWER_LEG,-0.01249649,-0.02191248,0.01247950,-0.08614476,0.07217106,0.31221107,-0.08878607,0.06769767,0.08386470,0.02124665,0.00348434,24.74767553,4.20586088,57.08148257,31.03156692,0.20520242,-0.44316715,1.25156770,0.20692213,-0.44489177,1.24777172,9.96846962,0.00000000
10.81000000,LOWER_LEG,-0.01256877,-0.02198043,0.01251814,-0.08617081,0.07219157,0.31222139,-0.08880973,0.06771665,0.08383153,0.02124368,0.00348138,24.70926705,4.23263317,57.12592319,30.99988295,0.20520477,-0.44293340,1.25114749,0.20688577,-0.44469757,1.24733734,9.97762328,0.00000000
10.82000000,LOWER_LEG,-0.01263888,-0.02204665,0.01255554,-0.08619634,0.07221150,0.31223133,-0.08883293,0.06773511,0.08379903,0.02124085,0.00347854,24.67224195,4.25814335,57.16893730,30.96958595,0.20520692,-0.44270595,1.25073979,0.20685059,-0.44450952,1.24691676,9.98653501,0.00000000
10.83000000,LOWER_LEG,-0.01270681,-0.02211110,0.01259168,-0.08622134,0.07223086,0.31224091,-0.08885566,0.06775303,0.08376720,0.02123815,0.00347585,24.63661487,4.28243181,57.21047787,30.94064248,0.20520886,-0.44248487,1.25034463,0.20681660,-0.44432765,1.24651002,9.99519531,0.00000000
10.84000000,LOWER_LEG,-0.01277254,-0.02217374,0.01262657,-0.08624576,0.07224963,0.31225014,-0.08887789,0.06777042,0.08373609,0.02123558,0.00347328,24.60216037,4.30554651,57.25049645,30.91330529,0.20521059,-0.44227025,1.24996208,0.20678378,-0.44415195,1.24611711,10.00359529,0.00000004
10.85000000,LOWER_LEG,-0.01283606,-0.02223453,0.01266021,-0.08626959,0.07226782,0.31225902,-0.08889959,0.06778728,0.08370572,0.02123313,0.00347083,24.56913975,4.32751655,57.28895758,30.88723004,0.20521212,-0.44206215,1.24959215,0.20675213,-0.44398241,1.24573801,10.01172545,0.00000008
10.86000000,LOWER_LEG,-0.01289735,-0.02229344,0.01269260,-0.08629280,0.07228542,0.31226758,-0.08892073,0.06780359,0.08367613,0.02123080,0.00346850,24.53835303,4.34838554,57.32582172,30.86144844,0.20521344,-0.44186062,1.24923485,0.20672165,-0.44381903,1.24537272,10.01957754,0.00000000
10.87000000,LOWER_LEG,-0.01295639,-0.02235044,0.01272373,-0.08631534,0.07230243,0.31227581,-0.08894129,0.06781936,0.08364734,0.02122859,0.00346629,24.50799725,4.36819776,57.36106092,30.83811594,0.20521456,-0.44166571,1.24889019,0.20669234,-0.44366180,1.24502118,10.02714558,0.00000006
10.88000000,LOWER_LEG,-0.01301319,-0.02240549,0.01275360,-0.08633721,0.07231883,0.31228373,-0.08896125,0.06783458,0.08361938,0.02122649,0.00346419,24.47994863,4.38698540,57.39462741,30.81489136,0.20521548,-0.44147744,1.24855815,0.20666418,-0.44351068,1.24468334,10.03441990,0.00000000
10.89000000,LOWER_LEG,-0.01306773,-0.02245857,0.01278221,-0.08635838,0.07233464,0.31229135,-0.08898057,0.06784924,0.08359227,0.02122449,0.00346219,24.45290151,4.40479107,57.42651163,30.79336610,0.20521621,-0.44129583,1.24823871,0.20663717,-0.44336565,1.24435913,10.04139674,0.00000000
10.90000000,LOWER_LEG,-0.01312000,-0.02250965,0.01280956,-0.08637881,0.07234984,0.31229869,-0.08899924,0.06786336,0.08356605,0.02122260,0.00346030,24.42669733,4.42164919,57.45670371,30.77372982,0.20521675,-0.44112090,1.24793183,0.20661131,-0.44322667,1.24404848,10.04807158,0.00000007
10.91000000,LOWER_LEG,-0.01317001,-0.02255872,0.01283565,-0.08639850,0.07236443,0.31230574,-0.08901724,0.06787691,0.08354072,0.02122081,0.00345851,24.40285024,4.43759560,57.48517476,30.75409574,0.20521711,-0.44095264,1.24763747,0.20658658,-0.44309371,1.24375129,10.05443884,0.00000001
10.92000000,LOWER_LEG,-0.01321777,-0.02260575,0.01286048,-0.08641743,0.07237842,0.31231251,-0.08903455,0.06788991,0.08351631,0.02121911,0.00345681,24.37994858,4.45265809,57.51192469,30.73612511,0.20521729,-0.44079103,1.24735555,0.20656297,-0.44296671,1.24346745,10.06049645,0.00000002
10.93000000,LOWER_LEG,-0.01326328,-0.02265074,0.01288405,-0.08643557,0.07239180,0.31231902,-0.08905115,0.06790235,0.08349284,0.02121750,0.00345520,24.35811637,4.46686237,57.53692125,30.71950022,0.20521731,-0.44063605,1.24708600,0.20654047,-0.44284563,1.24319685,10.06624024,0.00000010
10.94000000,LOWER_LEG,-0.01330652,-0.02269370,0.01290637,-0.08645292,0.07240457,0.31232528,-0.08906704,0.06791424,0.08347031,0.02121599,0.00345369,24.33827413,4.48023886,57.56025279,30.70341611,0.20521719,-0.44048769,1.24682872,0.20651907,-0.44273041,1.24293935,10.07167457,0.00000004
10.95000000,LOWER_LEG,-0.01334756,-0.02273459,0.01292745,-0.08646947,0.07241674,0.31233128,-0.08908220,0.06792557,0.08344875,0.02121456,0.00345226,24.31955688,4.49281892,57.58184594,30.68855392,0.20521691,-0.44034587,1.24658363,0.20649875,-0.44262099,1.24269482,10.07679552,0.00000006
10.96000000,LOWER_LEG,-0.01338639,-0.02277343,0.01294728,-0.08648520,0.07242832,0.31233703,-0.08909663,0.06793635,0.08342814,0.02121321,0.00345091,24.30229185,4.50462344,57.60176453,30.67465090,0.20521649,-0.44021056,1.24635062,0.20647951,-0.44251729,1.24246309,10.08160664,0.00000007
10.97000000,LOWER_LEG,-0.01342302,-0.02281024,0.01296588,-0.08650012,0.07243929,0.31234254,-0.08911032,0.06794658,0.08340851,0.02121195,0.00344964,24.28641986,4.51566376,57.62003631,30.66171371,0.20521597,-0.44008170,1.24612953,0.20646132,-0.44241924,1.24224400,10.08611038,0.00000004
10.98000000,LOWER_LEG,-0.01345748,-0.02284503,0.01298328,-0.08651423,0.07244968,0.31234782,-0.08912327,0.06795627,0.08338985,0.02121076,0.00344846,24.27190299,4.52595444,57.63669056,30.64973346,0.20521534,-0.43995922,1.24592023,0.20644417,-0.44232676,1.24203737,10.09031008,0.00000001
10.99000000,LOWER_LEG,-0.01348979,-0.02287783,0.01299948,-0.08652752,0.07245948,0.31235286,-0.08913547,0.06796542,0.08337216,0.02120965,0.00344735,24.25870447,4.53551294,57.65175767,30.63869709,0.20521462,-0.43984305,1.24572255,0.20642804,-0.44223976,1.24184300,10.09420982,0.00000008
11.00000000,LOWER_LEG,-0.01352001,-0.02290865,0.01301449,-0.08654000,0.07246870,0.31235767,-0.08914694,0.06797403,0.08335544,0.02120862,0.00344632,24.24648788,4.54437767,57.66522171,30.62880478,0.20521379,-0.43973308,1.24553635,0.20641292,-0.44215816,1.24166069,10.09781260,0.00000006
11.01000000,LOWER_LEG,-0.01354817,-0.02293749,0.01302833,-0.08655169,0.07247735,0.31236225,-0.08915768,0.06798212,0.08333966,0.02120766,0.00344536,24.23559037,4.55257381,57.67716977,30.61977721,0.20521288,-0.43962921,1.24536146,0.20639878,-0.44208185,1.24149019,10.10112674,0.00000006
11.02000000,LOWER_LEG,-0.01357431,-0.02296440,0.01304102,-0.08656257,0.07248544,0.31236661,-0.08916770,0.06798970,0.08332484,0.02120677,0.00344447,24.22594413,4.56011537,57.68765225,30.61161388,0.20521188,-0.43953134,1.24519767,0.20638561,-0.44201071,1.24133127,10.10415926,0.00000007
11.03000000,LOWER_LEG,-0.01359847,-0.02298940,0.01305259,-0.08657268,0.07249298,0.31237074,-0.08917700,0.06799676,0.08331095,0.02120596,0.00344365,24.21752698,4.56701724,57.69672617,30.60428502,0.20521082,-0.43943935,1.24504476,0.20637338,-0.44194464,1.24118366,10.10691814,0.00000009
11.04000000,LOWER_LEG,-0.01362070,-0.02301254,0.01306304,-0.08658202,0.07249998,0.31237466,-0.08918561,0.06800334,0.08329799,0.02120520,0.00344290,24.20967056,4.57328949,57.70442387,30.59840866,0.20520971,-0.43935313,1.24490252,0.20636206,-0.44188351,1.24104709,10.10941003,0.00000001
11.05000000,LOWER_LEG,-0.01364105,-0.02303386,0.01307243,-0.08659061,0.07250646,0.31237835,-0.08919352,0.06800942,0.08328592,0.02120452,0.00344221,24.20365624,4.57896052,57.71082731,30.59251296,0.20520854,-0.43927254,1.24477068,0.20635164,-0.44182719,1.24092129,10.11164555,0.00000004
11.06000000,LOWER_LEG,-0.01365958,-0.02305343,0.01308076,-0.08659846,0.07251243,0.31238184,-0.08920077,0.06801503,0.08327474,0.02120389,0.00344159,24.19870823,4.58404952,57.71600661,30.58748828,0.20520733,-0.43919746,1.24464900,0.20634208,-0.44177555,1.24080593,10.11363478,0.00000009
11.07000000,LOWER_LEG,-0.01367633,-0.02307127,0.01308808,-0.08660561,0.07251789,0.31238511,-0.08920737,0.06802019,0.08326442,0.02120333,0.00344103,24.19413476,4.58856760,57.71996980,30.58383992,0.20520609,-0.43912773,1.24453719,0.20633337,-0.44172843,1.24070068,10.11538333,0.00000003
11.08000000,LOWER_LEG,-0.01369137,-0.02308746,0.01309442,-0.08661206,0.07252288,0.31238817,-0.08921333,0.06802489,0.08325494,0.02120283,0.00344053,24.19056679,4.59255895,57.72283976,30.58101694,0.20520482,-0.43906321,1.24443498,0.20632546,-0.44168569,1.24060521,10.11690623,0.00000000
11.09000000,LOWER_LEG,-0.01370477,-0.02310204,0.01309981,-0.08661785,0.07252739,0.31239102,-0.08921868,0.06802916,0.08324627,0.02120239,0.00344008,24.18879066,4.59604019,57.72462597,30.57775871,0.20520352,-0.43900373,1.24434204,0.20631834,-0.44164716,1.24051914,10.11820887,0.00000007
11.10000000,LOWER_LEG,-0.01371657,-0.02311508,0.01310430,-0.08662299,0.07253145,0.31239368,-0.08922345,0.06803301,0.08323839,0.02120200,0.00343969,24.18706039,4.59904134,57.72541712,30.57613209,0.20520220,-0.43894913,1.24425804,0.20631196,-0.44161266,1.24044209,10.11930428,0.00000004
11.11000000,LOWER_LEG,-0.01372686,-0.02312665,0.01310791,-0.08662752,0.07253508,0.31239614,-0.08922765,0.06803646,0.08323127,0.02120166,0.00343935,24.18596853,4.60160547,57.72530073,30.57544194,0.20520087,-0.43889922,1.24418265,0.20630629,-0.44158202,1.24037364,10.12020512,0.00000000
11.12000000,LOWER_LEG,-0.01373570,-0.02313680,0.01311069,-0.08663146,0.07253828,0.31239841,-0.08923131,0.06803951,0.08322487,0.02120136,0.00343906,24.18662886,4.60376288,57.72429031,30.57404335,0.20519953,-0.43885381,1.24411550,0.20630130,-0.44155503,1.24031336,10.12091782,0.00000008
11.13000000,LOWER_LEG,-0.01374317,-0.02314561,0.01311269,-0.08663483,0.07254109,0.31240049,-0.08923445,0.06804220,0.08321918,0.02120112,0.00343882,24.18724045,4.60555486,57.72248393,30.57408440,0.20519817,-0.43881272,1.24405621,0.20629695,-0.44153150,1.24026080,10.12145669,0.00000006
11.14000000,LOWER_LEG,-0.01374935,-0.02315315,0.01311394,-0.08663768,0.07254351,0.31240240,-0.08923710,0.06804453,0.08321415,0.02120091,0.00343861,24.18856688,4.60702576,57.71995292,30.57455893,0.20519680,-0.43877573,1.24400437,0.20629320,-0.44151121,1.24021548,10.12183306,0.00000006
11.15000000,LOWER_LEG,-0.01375430,-0.02315949,0.01311450,-0.08664002,0.07254557,0.31240413,-0.08923929,0.06804652,0.08320975,0.02120074,0.00343844,24.19043253,4.60821725,57.71676029,30.57552087,0.20519543,-0.43874264,1.24395955,0.20629001,-0.44149394,1.24017691,10.12205809,0.00000006
11.16000000,LOWER_LEG,-0.01375812,-0.02316472,0.01311442,-0.08664189,0.07254729,0.31240571,-0.08924105,0.06804820,0.08320595,0.02120060,0.00343830,24.19277638,4.60917784,57.71297520,30.57691827,0.20519406,-0.43871322,1.24392132,0.20628734,-0.44147945,1.24014456,10.12214361,0.00000006
11.17000000,LOWER_LEG,-0.01376089,-0.02316891,0.01311374,-0.08664332,0.07254868,0.31240713,-0.08924240,0.06804957,0.08320272,0.02120048,0.00343818,24.19553245,4.60994986,57.70809370,30.57871203,0.20519269,-0.43868724,1.24388920,0.20628513,-0.44146751,1.24011789,10.12201884,0.00000009
11.18000000,LOWER_LEG,-0.01376270,-0.02317215,0.01311252,-0.08664433,0.07254978,0.31240840,-0.08924337,0.06805067,0.08320002,0.02120039,0.00343809,24.19863207,4.61060306,57.70360482,30.58082757,0.20519133,-0.43866446,1.24386271,0.20628335,-0.44145787,1.24009634,10.12189998,0.00000007
11.19000000,LOWER_LEG,-0.01376364,-0.02317451,0.01311082,-0.08664497,0.07255060,0.31240954,-0.08924399,0.06805150,0.08319781,0.02120032,0.00343801,24.20200562,4.61118692,57.69838327,30.58321749,0.20518997,-0.43864463,1.24384136,0.20628194,-0.44145024,1.24007931,10.12162690,0.00000008
11.20000000,LOWER_LEG,-0.01376381,-0.02317607,0.01310869,-0.08664526,0.07255117,0.31241056,-0.08924429,0.06805210,0.08319606,0.02120025,0.00343795,24.20557908,4.61177025,57.69324222,30.58580401,0.20518864,-0.43862749,1.24382460,0.20628085,-0.44144436,1.24006617,10.12131891,0.00000006
11.21000000,LOWER_LEG,-0.01376330,-0.02317694,0.01310619,-0.08664524,0.07255150,0.31241148,-0.08924430,0.06805248,0.08319473,0.02120019,0.00343789,24.20927872,4.61240688,57.68778095,30.58853506,0.20518732,-0.43861276,1.24381189,0.20628003,-0.44143993,1.24005629,10.12091981,0.00000006
11.22000000,LOWER_LEG,-0.01376220,-0.02317717,0.01310340,-0.08664494,0.07255164,0.31241230,-0.08924404,0.06805267,0.08319379,0.02120013,0.00343783,24.21303767,4.61345475,57.68158488,30.59131379,0.20518605,-0.43860017,1.24380272,0.20627943,-0.44143665,1.24004896,10.12036881,0.00000006
11.23000000,LOWER_LEG,-0.01376063,-0.02317688,0.01310037,-0.08664439,0.07255160,0.31241303,-0.08924356,0.06805269,0.08319318,0.02120006,0.00343775,24.21643358,4.61434107,57.67595662,30.59454318,0.20518480,-0.43858943,1.24379640,0.20627898,-0.44143421,1.24004352,10.11986784,0.00000003
11.24000000,LOWER_LEG,-0.01375872,-0.02317617,0.01309717,-0.08664363,0.07255140,0.31241371,-0.08924287,0.06805257,0.08319289,0.02119997,0.00343766,24.22052614,4.61549463,57.67043489,30.59678128,0.20518359,-0.43858020,1.24379228,0.20627863,-0.44143232,1.24003928,10.11934060,0.00000009
11.25000000,LOWER_LEG,-0.01375657,-0.02317513,0.01309388,-0.08664269,0.07255109,0.31241433,-0.08924201,0.06805233,0.08319287,0.02119985,0.00343755,24.22375442,4.61716886,57.66386678,30.59958154,0.20518242,-0.43857221,1.24378979,0.20627831,-0.44143062,1.24003549,10.11862287,0.00000005
11.26000000,VERIFY_CONTACT,-0.01375429,-0.02317388,0.01309056,-0.08664160,0.07255069,0.31241492,-0.08924102,0.06805199,0.08319307,0.02119971,0.00343741,24.22711945,4.61883584,57.65834934,30.60181418,0.20518130,-0.43856512,1.24378821,0.20627798,-0.44142884,1.24003151,10.11802483,0.00000009
11.27000000,VERIFY_CONTACT,-0.01375199,-0.02317249,0.01308728,-0.08664041,0.07255022,0.31241550,-0.08923991,0.06805160,0.08319346,0.02119954,0.00343724,24.22945221,4.62066366,57.65289382,30.60451066,0.20518027,-0.43855866,1.24378704,0.20627764,-0.44142697,1.24002735,10.11740351,0.00000001
11.28000000,VERIFY_CONTACT,-0.01374976,-0.02317104,0.01308411,-0.08663913,0.07254972,0.31241607,-0.08923873,0.06805116,0.08319399,0.02119935,0.00343705,24.23210803,4.62229229,57.64769440,30.60617292,0.20517933,-0.43855266,1.24378596,0.20627729,-0.44142510,1.24002316,10.11679181,0.00000002
11.29000000,VERIFY_CONTACT,-0.01374765,-0.02316957,0.01308111,-0.08663781,0.07254921,0.31241664,-0.08923749,0.06805072,0.08319463,0.02119918,0.00343688,24.23436114,4.62359580,57.64278407,30.60768185,0.20517853,-0.43854703,1.24378480,0.20627696,-0.44142328,1.24001909,10.11619889,0.00000002
11.30000000,VERIFY_CONTACT,-0.01374570,-0.02316813,0.01307832,-0.08663648,0.07254872,0.31241721,-0.08923624,0.06805028,0.08319535,0.02119903,0.00343672,24.23682006,4.62376087,57.63892182,30.60848549,0.20517787,-0.43854172,1.24378350,0.20627670,-0.44142188,1.24001597,10.11573858,0.00000010
11.31000000,VERIFY_CONTACT,-0.01374396,-0.02316670,0.01307576,-0.08663515,0.07254826,0.31241778,-0.08923499,0.06804987,0.08319611,0.02119891,0.00343661,24.23854145,4.62524693,57.63377747,30.60949292,0.20517736,-0.43853669,1.24378209,0.20627634,-0.44141992,1.24001159,10.11507695,0.00000004
11.32000000,VERIFY_CONTACT,-0.01374242,-0.02316533,0.01307348,-0.08663384,0.07254784,0.31241835,-0.08923375,0.06804949,0.08319691,0.02119883,0.00343653,24.24039174,4.62499715,57.63028408,30.61011555,0.20517702,-0.43853192,1.24378051,0.20627609,-0.44141857,1.24000858,10.11464422,0.00000007
11.33000000,VERIFY_CONTACT,-0.01374111,-0.02316402,0.01307146,-0.08663258,0.07254748,0.31241889,-0.08923256,0.06804916,0.08319770,0.02119879,0.00343649,24.24209664,4.62462428,57.62703889,30.61060330,0.20517682,-0.43852739,1.24377882,0.20627586,-0.44141734,1.24000584,10.11423610,0.00000008
11.34000000,VERIFY_CONTACT,-0.01374004,-0.02316278,0.01306971,-0.08663138,0.07254718,0.31241941,-0.08923142,0.06804888,0.08319848,0.02119878,0.00343648,24.24372744,4.62490244,57.62337911,30.61098064,0.20517673,-0.43852310,1.24377708,0.20627559,-0.44141589,1.24000259,10.11375869,0.00000005
11.35000000,VERIFY_CONTACT,-0.01373919,-0.02316158,0.01306820,-0.08663025,0.07254694,0.31241988,-0.08923034,0.06804866,0.08319923,0.02119881,0.00343650,24.24533571,4.62389242,57.62114353,30.61129759,0.20517674,-0.43851904,1.24377540,0.20627543,-0.44141504,1.24000069,10.11348622,0.00000006
11.36000000,VERIFY_CONTACT,-0.01373858,-0.02316043,0.01306692,-0.08662920,0.07254676,0.31242030,-0.08922934,0.06804850,0.08319993,0.02119885,0.00343655,24.24693484,4.62377216,57.61841674,30.61156731,0.20517683,-0.43851518,1.24377380,0.20627523,-0.44141393,1.23999821,10.11313528,0.00000008
11.37000000,VERIFY_CONTACT,-0.01373815,-0.02315936,0.01306585,-0.08662824,0.07254665,0.31242066,-0.08922841,0.06804839,0.08320058,0.02119891,0.00343661,24.24884397,4.62305796,57.61660164,30.61160996,0.20517700,-0.43851154,1.24377231,0.20627509,-0.44141315,1.23999648,10.11290909,0.00000007
11.38000000,VERIFY_CONTACT,-0.01373788,-0.02315840,0.01306497,-0.08662738,0.07254659,0.31242095,-0.08922758,0.06804833,0.08320116,0.02119899,0.00343668,24.25068114,4.62154494,57.61582921,30.61171495,0.20517722,-0.43850811,1.24377096,0.20627501,-0.44141276,1.23999559,10.11283357,0.00000007
11.39000000,VERIFY_CONTACT,-0.01373777,-0.02315756,0.01306425,-0.08662662,0.07254659,0.31242117,-0.08922685,0.06804833,0.08320167,0.02119907,0.00343677,24.25242733,4.62103756,57.61445014,30.61187702,0.20517747,-0.43850489,1.24376977,0.20627488,-0.44141207,1.23999405,10.11266462,0.00000006
11.40000000,VERIFY_CONTACT,-0.01373779,-0.02315685,0.01306365,-0.08662596,0.07254663,0.31242133,-0.08922621,0.06804836,0.08320209,0.02119917,0.00343686,24.25410563,4.61993549,57.61391034,30.61208561,0.20517773,-0.43850186,1.24376877,0.20627482,-0.44141172,1.23999328,10.11261820,0.00000006
11.41000000,VERIFY_CONTACT,-0.01373791,-0.02315628,0.01306315,-0.08662542,0.07254671,0.31242142,-0.08922568,0.06804843,0.08320242,0.02119927,0.00343697,24.25568895,4.61853376,57.61396208,30.61233375,0.20517797,-0.43849900,1.24376799,0.20627482,-0.44141172,1.23999328,10.11265562,0.00000009
11.42000000,VERIFY_CONTACT,-0.01373812,-0.02315585,0.01306273,-0.08662500,0.07254682,0.31242145,-0.08922526,0.06804853,0.08320265,0.02119937,0.00343707,24.25710667,4.61762927,57.61370633,30.61268033,0.20517816,-0.43849628,1.24376736,0.20627476,-0.44141138,1.23999252,10.11265414,0.00000006
11.43000000,VERIFY_CONTACT,-0.01373839,-0.02315557,0.01306235,-0.08662468,0.07254695,0.31242142,-0.08922494,0.06804866,0.08320279,0.02119949,0.00343718,24.25843352,4.61649717,57.61391240,30.61302606,0.20517831,-0.43849371,1.24376695,0.20627476,-0.44141138,1.23999252,10.11271773,0.00000004
11.44000000,VERIFY_CONTACT,-0.01373870,-0.02315543,0.01306200,-0.08662448,0.07254710,0.31242135,-0.08922473,0.06804880,0.08320284,0.02119960,0.00343730,24.25983230,4.61541896,57.61419965,30.61310845,0.20517838,-0.43849127,1.24376674,0.20627476,-0.44141138,1.23999252,10.11279921,0.00000001
11.45000000,VERIFY_CONTACT,-0.01373903,-0.02315545,0.01306167,-0.08662438,0.07254727,0.31242123,-0.08922462,0.06804895,0.08320279,0.02119972,0.00343742,24.26024526,4.61434937,57.61459955,30.61417665,0.20517839,-0.43848894,1.24376664,0.20627476,-0.44141138,1.23999252,10.11289943,0.00000005
11.46000000,VERIFY_CONTACT,-0.01373939,-0.02315560,0.01306133,-0.08662439,0.07254743,0.31242107,-0.08922461,0.06804911,0.08320264,0.02119983,0.00343753,24.26082495,4.61286668,57.61554493,30.61486939,0.20517829,-0.43848669,1.24376667,0.20627482,-0.44141173,1.23999329,10.11308203,0.00000009
11.47000000,VERIFY_CONTACT,-0.01373973,-0.02315587,0.01306099,-0.08662449,0.07254760,0.31242088,-0.08922469,0.06804926,0.08320241,0.02119996,0.00343766,24.26177932,4.61130640,57.61662112,30.61514343,0.20517813,-0.43848459,1.24376694,0.20627489,-0.44141209,1.23999410,10.11328751,0.00000000
11.48000000,VERIFY_CONTACT,-0.01374001,-0.02315629,0.01306065,-0.08662468,0.07254776,0.31242067,-0.08922485,0.06804942,0.08320211,0.02120008,0.00343778,24.26186993,4.61013161,57.61741626,30.61614157,0.20517791,-0.43848264,1.24376737,0.20627495,-0.44141243,1.23999487,10.11345172,0.00000002
11.49000000,VERIFY_CONTACT,-0.01374026,-0.02315681,0.01306029,-0.08662496,0.07254791,0.31242044,-0.08922509,0.06804956,0.08320173,0.02120021,0.00343791,24.26203840,4.60920503,57.61807103,30.61692210,0.20517761,-0.43848081,1.24376795,0.20627502,-0.44141278,1.23999565,10.11359924,0.00000006
11.50000000,VERIFY_CONTACT,-0.01374047,-0.02315743,0.01305993,-0.08662530,0.07254804,0.31242020,-0.08922541,0.06804969,0.08320128,0.02120033,0.00343803,24.26158877,4.60825019,57.61875117,30.61818380,0.20517722,-0.43847909,1.24376864,0.20627509,-0.44141315,1.23999648,10.11375759,0.00000003
11.51000000,VERIFY_CONTACT,-0.01374065,-0.02315810,0.01305955,-0.08662571,0.07254816,0.31241995,-0.08922578,0.06804980,0.08320078,0.02120045,0.00343815,24.26180202,4.60745211,57.61936626,30.61872315,0.20517674,-0.43847748,1.24376944,0.20627515,-0.44141350,1.23999726,10.11390935,0.00000008
11.52000000,VERIFY_CONTACT,-0.01374080,-0.02315882,0.01305917,-0.08662617,0.07254826,0.31241970,-0.08922620,0.06804990,0.08320025,0.02120056,0.00343826,24.26142559,4.60662887,57.61999957,30.61973146,0.20517619,-0.43847597,1.24377032,0.20627521,-0.44141385,1.23999803,10.11406934,0.00000008
11.53000000,VERIFY_CONTACT,-0.01374091,-0.02315958,0.01305879,-0.08662667,0.07254833,0.31241945,-0.08922666,0.06804997,0.08319968,0.02120067,0.00343836,24.26096751,4.60504649,57.62137632,30.62076027,0.20517559,-0.43847458,1.24377124,0.20627534,-0.44141456,1.23999961,10.11433988,0.00000006
11.54000000,VERIFY_CONTACT,-0.01374098,-0.02316037,0.01305841,-0.08662719,0.07254839,0.31241920,-0.08922715,0.06805003,0.08319908,0.02120076,0.00343846,24.26052853,4.60464694,57.62173731,30.62170197,0.20517495,-0.43847330,1.24377222,0.20627541,-0.44141491,1.24000039,10.11445801,0.00000006
11.55000000,VERIFY_CONTACT,-0.01374101,-0.02316117,0.01305806,-0.08662774,0.07254843,0.31241895,-0.08922765,0.06805008,0.08319848,0.02120085,0.00343855,24.26002703,4.60412107,57.62218499,30.62264959,0.20517427,-0.43847215,1.24377322,0.20627547,-0.44141525,1.24000116,10.11459137,0.00000007
11.56000000,VERIFY_CONTACT,-0.01374103,-0.02316198,0.01305772,-0.08662829,0.07254846,0.31241872,-0.08922817,0.06805010,0.08319788,0.02120093,0.00343863,24.25955457,4.60352063,57.62271557,30.62352590,0.20517358,-0.43847111,1.24377420,0.20627554,-0.44141563,1.24000202,10.11473641,0.00000008
11.57000000,VERIFY_CONTACT,-0.01374102,-0.02316277,0.01305742,-0.08662883,0.07254847,0.31241850,-0.08922869,0.06805012,0.08319729,0.02120100,0.00343870,24.25906664,4.60298227,57.62318413,30.62436663,0.20517287,-0.43847020,1.24377517,0.20627561,-0.44141600,1.24000284,10.11487138,0.00000010
11.58000000,VERIFY_CONTACT,-0.01374100,-0.02316354,0.01305714,-0.08662937,0.07254847,0.31241829,-0.08922919,0.06805012,0.08319671,0.02120106,0.00343876,24.25783925,4.60249770,57.62359070,30.62601919,0.20517217,-0.43846941,1.24377613,0.20627568,-0.44141636,1.24000363,10.11499654,0.00000008
11.59000000,VERIFY_CONTACT,-0.01374096,-0.02316427,0.01305691,-0.08662989,0.07254846,0.31241810,-0.08922968,0.06805011,0.08319615,0.02120112,0.00343882,24.25752830,4.60203235,57.62396476,30.62648564,0.20517147,-0.43846873,1.24377704,0.20627575,-0.44141673,1.24000447,10.11511499,0.00000007
11.60000000,VERIFY_CONTACT,-0.01374092,-0.02316496,0.01305672,-0.08663038,0.07254844,0.31241793,-0.08923015,0.06805009,0.08319563,0.02120117,0.00343887,24.25706515,4.60163391,57.62428241,30.62717745,0.20517080,-0.43846818,1.24377792,0.20627581,-0.44141708,1.24000525,10.11522146,0.00000007
11.61000000,VERIFY_CONTACT,-0.01374088,-0.02316560,0.01305658,-0.08663085,0.07254842,0.31241777,-0.08923059,0.06805007,0.08319514,0.02120121,0.00343891,24.25669305,4.60125963,57.62457177,30.62773215,0.20517015,-0.43846773,1.24377874,0.20627588,-0.44141744,1.24000604,10.11532054,0.00000005
11.62000000,VERIFY_CONTACT,-0.01374084,-0.02316618,0.01305648,-0.08663127,0.07254839,0.31241764,-0.08923100,0.06805005,0.08319469,0.02120125,0.00343895,24.25620661,4.60088685,57.62486982,30.62847906,0.20516954,-0.43846739,1.24377948,0.20627594,-0.44141778,1.24000682,10.11541612,0.00000003
11.63000000,VERIFY_CONTACT,-0.01374081,-0.02316669,0.01305642,-0.08663165,0.07254836,0.31241753,-0.08923137,0.06805002,0.08319428,0.02120128,0.00343897,24.25658902,4.60013737,57.62542243,30.62811543,0.20516895,-0.43846713,1.24378013,0.20627601,-0.44141814,1.24000761,10.11555054,0.00000008
11.64000000,VERIFY_CONTACT,-0.01374077,-0.02316714,0.01305640,-0.08663199,0.07254833,0.31241743,-0.08923169,0.06804999,0.08319392,0.02120130,0.00343900,24.25626717,4.60067163,57.62481628,30.62850724,0.20516841,-0.43846699,1.24378078,0.20627601,-0.44141814,1.24000761,10.11550619,0.00000006
11.65000000,VERIFY_CONTACT,-0.01374075,-0.02316753,0.01305643,-0.08663229,0.07254830,0.31241736,-0.08923198,0.06804996,0.08319361,0.02120132,0.00343902,24.25584279,4.60028765,57.62507128,30.62903036,0.20516791,-0.43846692,1.24378129,0.20627607,-0.44141849,1.24000839,10.11558266,0.00000002
11.66000000,VERIFY_CONTACT,-0.01374073,-0.02316783,0.01305649,-0.08663253,0.07254827,0.31241730,-0.08923222,0.06804994,0.08319335,0.02120134,0.00343903,24.25612125,4.60047568,57.62473748,30.62883617,0.20516745,-0.43846694,1.24378179,0.20627607,-0.44141849,1.24000839,10.11557169,0.00000006
11.67000000,VERIFY_CONTACT,-0.01374072,-0.02316810,0.01305658,-0.08663273,0.07254825,0.31241727,-0.08923241,0.06804991,0.08319313,0.02120134,0.00343904,24.25547239,4.60050925,57.62454863,30.62968039,0.20516703,-0.43846699,1.24378209,0.20627607,-0.44141849,1.24000839,10.11557537,0.00000010
11.68000000,VERIFY_CONTACT,-0.01374072,-0.02316827,0.01305670,-0.08663288,0.07254823,0.31241725,-0.08923256,0.06804989,0.08319297,0.02120135,0.00343905,24.25604660,4.60035277,57.62454654,30.62896504,0.20516665,-0.43846715,1.24378250,0.20627614,-0.44141883,1.24000917,10.11560184,0.00000003
11.69000000,VERIFY_CONTACT,-0.01374073,-0.02316837,0.01305683,-0.08663298,0.07254821,0.31241725,-0.08923267,0.06804987,0.08319285,0.02120135,0.00343905,24.25620856,4.60045171,57.62427522,30.62885293,0.20516632,-0.43846733,1.24378279,0.20627614,-0.44141883,1.24000917,10.11558617,0.00000004
11.70000000,VERIFY_CONTACT,-0.01374073,-0.02316843,0.01305699,-0.08663304,0.07254820,0.31241727,-0.08923273,0.06804986,0.08319278,0.02120135,0.00343904,24.25636074,4.60054987,57.62401206,30.62871820,0.20516602,-0.43846754,1.24378295,0.20627614,-0.44141883,1.24000917,10.11556569,0.00000005
11.71000000,VERIFY_CONTACT,-0.01374075,-0.02316845,0.01305715,-0.08663306,0.07254819,0.31241730,-0.08923275,0.06804985,0.08319275,0.02120134,0.00343903,24.25652320,4.60065471,57.62373511,30.62854956,0.20516576,-0.43846777,1.24378303,0.20627614,-0.44141883,1.24000917,10.11553852,0.00000006
11.72000000,VERIFY_CONTACT,-0.01374077,-0.02316842,0.01305731,-0.08663304,0.07254818,0.31241734,-0.08923274,0.06804984,0.08319276,0.02120132,0.00343902,24.25669963,4.60076723,57.62344276,30.62834742,0.20516553,-0.43846803,1.24378307,0.20627614,-0.44141883,1.24000917,10.11550546,0.00000005
11.73000000,VERIFY_CONTACT,-0.01374079,-0.02316834,0.01305748,-0.08663298,0.07254818,0.31241739,-0.08923270,0.06804984,0.08319280,0.02120131,0.00343901,24.25689143,4.60089010,57.62313756,30.62811665,0.20516533,-0.43846830,1.24378309,0.20627614,-0.44141883,1.24000917,10.11546750,0.00000005
11.74000000,VERIFY_CONTACT,-0.01374081,-0.02316820,0.01305764,-0.08663289,0.07254818,0.31241746,-0.08923262,0.06804984,0.08319287,0.02120130,0.00343900,24.25709829,4.60102544,57.62282401,30.62786437,0.20516516,-0.43846858,1.24378310,0.20627614,-0.44141883,1.24000917,10.11542566,0.00000003
11.75000000,VERIFY_CONTACT,-0.01374083,-0.02316801,0.01305778,-0.08663278,0.07254819,0.31241753,-0.08923251,0.06804984,0.08319298,0.02120129,0.00343898,24.25731844,4.60117388,57.62250710,30.62759822,0.20516501,-0.43846886,1.24378311,0.20627614,-0.44141883,1.24000917,10.11538090,0.00000002
11.76000000,VERIFY_CONTACT,-0.01374085,-0.02316777,0.01305791,-0.08663264,0.07254819,0.31241761,-0.08923239,0.06804985,0.08319310,0.02120127,0.00343897,24.25754907,4.60133447,57.62219142,30.62732530,0.20516489,-0.43846914,1.24378313,0.20627614,-0.44141883,1.24000917,10.11533405,0.00000006
11.77000000,VERIFY_CONTACT,-0.01374086,-0.02316749,0.01305803,-0.08663248,0.07254820,0.31241769,-0.08923224,0.06804986,0.08319325,0.02120126,0.00343895,24.25836015,4.60150715,57.62190538,30.62647055,0.20516479,-0.43846941,1.24378315,0.20627614,-0.44141883,1.24000917,10.11528750,0.00000007
11.78000000,VERIFY_CONTACT,-0.01374084,-0.02316722,0.01305815,-0.08663230,0.07254821,0.31241778,-0.08923207,0.06804986,0.08319342,0.02120124,0.00343893,24.25824675,4.60211700,57.62114144,30.62663141,0.20516473,-0.43846967,1.24378311,0.20627607,-0.44141848,1.24000838,10.11517032,0.00000004
11.79000000,VERIFY_CONTACT,-0.01374086,-0.02316696,0.01305824,-0.08663210,0.07254821,0.31241786,-0.08923189,0.06804987,0.08319361,0.02120121,0.00343890,24.25839890,4.60203115,57.62110012,30.62642324,0.20516465,-0.43846985,1.24378289,0.20627607,-0.44141848,1.24000838,10.11515663,0.00000008
11.80000000,VERIFY_CONTACT,-0.01374084,-0.02316670,0.01305833,-0.08663190,0.07254822,0.31241795,-0.08923170,0.06804988,0.08319380,0.02120118,0.00343888,24.25889283,4.60215018,57.62089269,30.62595785,0.20516461,-0.43847005,1.24378276,0.20627607,-0.44141848,1.24000838,10.11511129,0.00000009
11.81000000,VERIFY_CONTACT,-0.01374083,-0.02316645,0.01305839,-0.08663170,0.07254823,0.31241804,-0.08923151,0.06804988,0.08319399,0.02120116,0.00343886,24.25894237,4.60252915,57.62033252,30.62583215,0.20516457,-0.43847020,1.24378253,0.20627601,-0.44141813,1.24000760,10.11502281,0.00000006
11.82000000,VERIFY_CONTACT,-0.01374084,-0.02316620,0.01305843,-0.08663149,0.07254824,0.31241813,-0.08923132,0.06804989,0.08319419,0.02120114,0.00343883,24.25906952,4.60259338,57.62016028,30.62563371,0.20516453,-0.43847029,1.24378231,0.20627601,-0.44141813,1.24000760,10.11498545,0.00000010
11.83000000,VERIFY_CONTACT,-0.01374080,-0.02316595,0.01305846,-0.08663129,0.07254824,0.31241821,-0.08923113,0.06804990,0.08319438,0.02120112,0.00343882,24.25948675,4.60343959,57.61927619,30.62523266,0.20516453,-0.43847041,1.24378217,0.20627594,-0.44141779,1.24000684,10.11483939,0.00000002
11.84000000,VERIFY_CONTACT,-0.01374079,-0.02316573,0.01305848,-0.08663109,0.07254825,0.31241829,-0.08923094,0.06804991,0.08319457,0.02120110,0.00343879,24.25951662,4.60297405,57.61954709,30.62514371,0.20516450,-0.43847042,1.24378188,0.20627594,-0.44141779,1.24000684,10.11487200,0.00000006
11.85000000,VERIFY_CONTACT,-0.01374078,-0.02316551,0.01305846,-0.08663090,0.07254826,0.31241837,-0.08923076,0.06804991,0.08319475,0.02120108,0.00343878,24.25960721,4.60303643,57.61939481,30.62500519,0.20516449,-0.43847043,1.24378172,0.20627594,-0.44141779,1.24000684,10.11483809,0.00000009
11.86000000,VERIFY_CONTACT,-0.01374074,-0.02316529,0.01305844,-0.08663073,0.07254826,0.31241843,-0.08923060,0.06804992,0.08319492,0.02120107,0.00343877,24.26000162,4.60354406,57.61881674,30.62467386,0.20516450,-0.43847042,1.24378159,0.20627588,-0.44141745,1.24000607,10.11474216,0.00000001
11.87000000,VERIFY_CONTACT,-0.01374072,-0.02316512,0.01305841,-0.08663056,0.07254827,0.31241849,-0.08923044,0.06804992,0.08319508,0.02120105,0.00343875,24.25996906,4.60334657,57.61893800,30.62466598,0.20516449,-0.43847033,1.24378133,0.20627588,-0.44141745,1.24000607,10.11474953,0.00000004
11.88000000,VERIFY_CONTACT,-0.01374070,-0.02316496,0.01305836,-0.08663042,0.07254827,0.31241855,-0.08923030,0.06804993,0.08319522,0.02120104,0.00343874,24.26001148,4.60337172,57.61885829,30.62461056,0.20516449,-0.43847025,1.24378119,0.20627588,-0.44141745,1.24000607,10.11472784,0.00000006
11.89000000,VERIFY_CONTACT,-0.01374067,-0.02316479,0.01305830,-0.08663028,0.07254827,0.31241859,-0.08923017,0.06804993,0.08319534,0.02120104,0.00343873,24.26006222,4.60339777,57.61878592,30.62456860,0.20516449,-0.43847016,1.24378115,0.20627588,-0.44141745,1.24000607,10.11470986,0.00000009
11.90000000,VERIFY_CONTACT,-0.01374068,-0.02316465,0.01305824,-0.08663017,0.07254828,0.31241863,-0.08923006,0.06804993,0.08319545,0.02120102,0.00343872,24.26078446,4.60366596,57.61846807,30.62376456,0.20516447,-0.43846999,1.24378098,0.20627582,-0.44141710,1.24000530,10.11466078,0.00000001
11.91000000,VERIFY_CONTACT,-0.01374064,-0.02316457,0.01305817,-0.08663007,0.07254828,0.31241865,-0.08922996,0.06804994,0.08319555,0.02120101,0.00343871,24.26035754,4.60360403,57.61855953,30.62440300,0.20516449,-0.43846982,1.24378081,0.20627582,-0.44141710,1.24000530,10.11466092,0.00000003
11.92000000,VERIFY_CONTACT,-0.01374062,-0.02316452,0.01305811,-0.08662999,0.07254828,0.31241867,-0.08922988,0.06804994,0.08319563,0.02120101,0.00343871,24.26032587,4.60356610,57.61857346,30.62445409,0.20516450,-0.43846966,1.24378072,0.20627582,-0.44141710,1.24000530,10.11465642,0.00000004
11.93000000,VERIFY_CONTACT,-0.01374060,-0.02316447,0.01305804,-0.08662993,0.07254828,0.31241868,-0.08922982,0.06804994,0.08319569,0.02120101,0.00343871,24.26031285,4.60352699,57.61859425,30.62450438,0.20516450,-0.43846950,1.24378069,0.20627582,-0.44141710,1.24000530,10.11465593,0.00000005
11.94000000,VERIFY_CONTACT,-0.01374058,-0.02316443,0.01305796,-0.08662989,0.07254829,0.31241869,-0.08922978,0.06804995,0.08319573,0.02120102,0.00343871,24.26030015,4.60348789,57.61862839,30.62456598,0.20516450,-0.43846932,1.24378070,0.20627582,-0.44141710,1.24000530,10.11465937,0.00000006
11.95000000,VERIFY_CONTACT,-0.01374057,-0.02316441,0.01305789,-0.08662986,0.07254829,0.31241868,-0.08922975,0.06804995,0.08319575,0.02120102,0.00343872,24.26028382,4.60344712,57.61867869,30.62464164,0.20516449,-0.43846913,1.24378073,0.20627582,-0.44141710,1.24000530,10.11466647,0.00000007
11.96000000,VERIFY_CONTACT,-0.01374056,-0.02316440,0.01305782,-0.08662985,0.07254829,0.31241867,-0.08922974,0.06804995,0.08319576,0.02120103,0.00343872,24.26026137,4.60340171,57.61874502,30.62473080,0.20516448,-0.43846893,1.24378078,0.20627582,-0.44141710,1.24000530,10.11467682,0.00000007
11.97000000,VERIFY_CONTACT,-0.01374055,-0.02316442,0.01305775,-0.08662985,0.07254829,0.31241865,-0.08922974,0.06804995,0.08319576,0.02120103,0.00343873,24.26023139,4.60334913,57.61882545,30.62483095,0.20516447,-0.43846873,1.24378082,0.20627582,-0.44141710,1.24000530,10.11468994,0.00000007
11.98000000,VERIFY_CONTACT,-0.01374055,-0.02316445,0.01305769,-0.08662987,0.07254829,0.31241863,-0.08922975,0.06804995,0.08319574,0.02120103,0.00343873,24.26019338,4.60328787,57.61891719,30.62493880,0.20516445,-0.43846853,1.24378087,0.20627582,-0.44141710,1.24000530,10.11470535,0.00000006
11.99000000,VERIFY_CONTACT,-0.01374056,-0.02316451,0.01305763,-0.08662990,0.07254829,0.31241861,-0.08922978,0.06804995,0.08319571,0.02120104,0.00343874,24.26014766,4.60321757,57.61901732,30.62505105,0.20516442,-0.43846834,1.24378090,0.20627582,-0.44141710,1.24000530,10.11472261,0.00000005
12.00000000,VERIFY_CONTACT,-0.01374056,-0.02316460,0.01305758,-0.08662995,0.07254829,0.31241858,-0.08922982,0.06804995,0.08319567,0.02120105,0.00343875,24.26009511,4.60313883,57.61912316,30.62516490,0.20516440,-0.43846814,1.24378093,0.20627582,-0.44141710,1.24000530,10.11474132,0.00000004
12.01100000,STAND,-0.01374058,-0.02316471,0.01305753,-0.08663000,0.07254829,0.31241854,-0.08922987,0.06804996,0.08319562,0.02120106,0.00343875,24.25970789,4.60262924,57.61892476,30.62485450,0.20516436,-0.43846794,1.24378096,0.20627557,-0.44141751,1.24000565,10.11472306,0.00000000
12.02100000,STAND,-0.01374078,-0.02316491,0.01305751,-0.08663006,0.07254829,0.31241849,-0.08922992,0.06804995,0.08319557,0.02120110,0.00343880,24.25928008,4.59990627,57.61958889,30.62322222,0.20516405,-0.43846816,1.24378146,0.20627396,-0.44142100,1.24000964,10.11486872,0.00000000
12.03100000,STAND,-0.01374161,-0.02316546,0.01305756,-0.08663006,0.07254823,0.31241838,-0.08922995,0.06804991,0.08319560,0.02120131,0.00343901,24.25857248,4.59369901,57.62147479,30.61978966,0.20516276,-0.43847004,1.24378391,0.20626966,-0.44143055,1.24002071,10.11523575,0.00000000
12.04100000,STAND,-0.01374358,-0.02316668,0.01305777,-0.08662995,0.07254803,0.31241811,-0.08922989,0.06804976,0.08319578,0.02120181,0.00343950,24.25788981,4.58281996,57.62579936,30.61452427,0.20515956,-0.43847536,1.24379027,0.20626144,-0.44144926,1.24004270,10.11600901,0.00000000
12.05100000,STAND,-0.01374721,-0.02316894,0.01305824,-0.08662960,0.07254758,0.31241758,-0.08922965,0.06804939,0.08319624,0.02120272,0.00344041,24.25761710,4.56669654,57.63357534,30.60769318,0.20515328,-0.43848639,1.24380311,0.20624809,-0.44148016,1.24007942,10.11733912,0.00000000
12.06100000,STAND,-0.01375292,-0.02317254,0.01305909,-0.08662886,0.07254667,0.31241664,-0.08922912,0.06804863,0.08319711,0.02120413,0.00344182,24.25815668,4.54518308,57.64557467,30.59965600,0.20514272,-0.43850567,1.24382534,0.20622843,-0.44152614,1.24013444,10.11934653,0.00000000
12.07100000,STAND,-0.01376100,-0.02317771,0.01306041,-0.08662755,0.07254509,0.31241514,-0.08922812,0.06804729,0.08319857,0.02120608,0.00344378,24.25988279,4.51852094,57.66232913,30.59084469,0.20512660,-0.43853590,1.24386012,0.20620133,-0.44158990,1.24021098,10.12212211,0.00000000
12.08100000,STAND,-0.01377161,-0.02318460,0.01306227,-0.08662544,0.07254254,0.31241292,-0.08922648,0.06804511,0.08320083,0.02120858,0.00344628,24.26307624,4.48722354,57.68413490,30.58172379,0.20510364,-0.43857978,1.24391066,0.20616564,-0.44167395,1.24031195,10.12572564,0.00000000
12.09100000,STAND,-0.01378478,-0.02319328,0.01306472,-0.08662228,0.07253868,0.31240985,-0.08922396,0.06804177,0.08320411,0.02121160,0.00344929,24.26787406,4.45196188,57.71106717,30.57276048,0.20507255,-0.43864002,1.24398016,0.20612026,-0.44178062,1.24043993,10.13018539,0.00000000
12.10100000,STAND,-0.01380042,-0.02320377,0.01306777,-0.08661779,0.07253314,0.31240580,-0.08922032,0.06803693,0.08320868,0.02121506,0.00345275,24.27424315,4.41347189,57.74299759,30.56439987,0.20503205,-0.43871921,1.24407168,0.20606411,-0.44191206,1.24059723,10.13549873,0.00000000
12.11100000,STAND,-0.01381836,-0.02321607,0.01307138,-0.08661165,0.07252549,0.31240071,-0.08921529,0.06803021,0.08321482,0.02121889,0.00345659,24.28197962,4.37249135,57.77961327,30.55704489,0.20498087,-0.43881987,1.24418815,0.20599612,-0.44207029,1.24078591,10.14163368,0.00000000
12.12100000,STAND,-0.01383833,-0.02323017,0.01307549,-0.08660354,0.07251530,0.31239453,-0.08920856,0.06802121,0.08322285,0.02122303,0.00346073,24.29072979,4.32972523,57.82043770,30.55104151,0.20491777,-0.43894439,1.24433226,0.20591526,-0.44225717,1.24100781,10.14853133,0.00000000
12.13100000,STAND,-0.01385997,-0.02324600,0.01307998,-0.08659308,0.07250209,0.31238727,-0.08919981,0.06800949,0.08323312,0.02122740,0.00346509,24.30002656,4.28583333,57.86485486,30.54667004,0.20484155,-0.43909505,1.24450651,0.20582053,-0.44247447,1.24126460,10.15610903,0.00000000
12.14100000,STAND,-0.01388289,-0.02326352,0.01308471,-0.08657990,0.07248539,0.31237895,-0.08918869,0.06799460,0.08324600,0.02123191,0.00346961,24.30933401,4.24143266,57.91213623,30.54414211,0.20475103,-0.43927398,1.24471318,0.20571094,-0.44272379,1.24155772,10.16426421,0.00000000
12.15100000,STAND,-0.01390663,-0.02328261,0.01308950,-0.08656360,0.07246469,0.31236966,-0.08917483,0.06797610,0.08326187,0.02123651,0.00347421,24.31809372,4.19710722,57.96146999,30.54360219,0.20464509,-0.43948321,1.24495433,0.20558557,-0.44300667,1.24188849,10.17287858,0.00000000
12.16100000,STAND,-0.01393073,-0.02330317,0.01309415,-0.08654374,0.07243950,0.31235951,-0.08915786,0.06795351,0.08328115,0.02124114,0.00347884,24.32576791,4.15341936,58.01199076,30.54513217,0.20452267,-0.43972463,1.24523182,0.20544348,-0.44332450,1.24225803,10.18182239,0.00000001
12.17100000,STAND,-0.01395469,-0.02332501,0.01309845,-0.08651989,0.07240933,0.31234861,-0.08913735,0.06792638,0.08330430,0.02124573,0.00348342,24.33187595,4.11091891,58.06280841,30.54875732,0.20438275,-0.44000000,1.24554733,0.20528379,-0.44367858,1.24266733,10.19095863,0.00000001
12.18100000,STAND,-0.01397803,-0.02334793,0.01310216,-0.08649158,0.07237370,0.31233712,-0.08911288,0.06789426,0.08333177,0.02125022,0.00348791,24.33602232,4.07014790,58.11303413,30.55445245,0.20422439,-0.44031099,1.24590238,0.20510565,-0.44407013,1.24311724,10.20014689,0.00000001
12.19100000,STAND,-0.01400028,-0.02337168,0.01310506,-0.08645832,0.07233213,0.31232519,-0.08908401,0.06785671,0.08336405,0.02125456,0.00349225,24.33791532,4.03164049,58.16180295,30.56214758,0.20404674,-0.44065913,1.24629831,0.20490823,-0.44450024,1.24360848,10.20924676,0.00000001
12.20100000,STAND,-0.01402098,-0.02339595,0.01310693,-0.08641963,0.07228417,0.31231297,-0.08905028,0.06781332,0.08340165,0.02125869,0.00349638,24.33737678,3.99591858,58.20829193,30.57173281,0.20384902,-0.44104587,1.24673633,0.20469075,-0.44496995,1.24414167,10.21812072,0.00000001
12.21100000,STAND,-0.01403974,-0.02342042,0.01310755,-0.08637499,0.07222939,0.31230063,-0.08901123,0.06776366,0.08344507,0.02126255,0.00350025,24.33434377,3.96348460,58.25173391,30.58306244,0.20363052,-0.44147254,1.24721754,0.20445244,-0.44548021,1.24471734,10.22663643,0.00000001
12.22100000,STAND,-0.01405618,-0.02344471,0.01310674,-0.08632389,0.07216739,0.31228831,-0.08896638,0.06770738,0.08349485,0.02126610,0.00350380,24.32886346,3.93481270,58.29142700,30.59595882,0.20339064,-0.44194040,1.24774289,0.20419259,-0.44603191,1.24533592,10.23466852,0.00000001
12.23100000,STAND,-0.01406998,-0.02346843,0.01310435,-0.08626582,0.07209779,0.31227617,-0.08891524,0.06764410,0.08355152,0.02126928,0.00350698,24.32108277,3.91034015,58.32674024,30.61021610,0.20312885,-0.44245060,1.24831323,0.20391049,-0.44662586,1.24599779,10.24209979,0.00000001
12.24100000,STAND,-0.01408088,-0.02349114,0.01310023,-0.08620025,0.07202023,0.31226433,-0.08885733,0.06757349,0.08361560,0.02127204,0.00350974,24.31123413,3.89045988,58.35711597,30.62560432,0.20284471,-0.44300420,1.24892931,0.20360550,-0.44726283,1.24670328,10.24882207,0.00000001
12.25100000,STAND,-0.01408865,-0.02351242,0.01309428,-0.08612666,0.07193439,0.31225293,-0.08879217,0.06749526,0.08368763,0.02127434,0.00351204,24.29961900,3.87551503,58.38206958,30.64187406,0.20253785,-0.44360219,1.24959179,0.20327698,-0.44794352,1.24745265,10.25473662,0.00000001
12.26100000,STAND,-0.01409314,-0.02353182,0.01308643,-0.08604456,0.07183998,0.31224207,-0.08871929,0.06740911,0.08376812,0.02127613,0.00351383,24.28659014,3.86579610,58.40118730,30.65876164,0.20220797,-0.44424548,1.25030124,0.20292437,-0.44866860,1.24824615,10.25975423,0.00000001
12.27100000,STAND,-0.01409422,-0.02354891,0.01307663,-0.08595345,0.07173674,0.31223187,-0.08863822,0.06731481,0.08385757,0.02127740,0.00351509,24.27253393,3.86154044,58.41412245,30.67599497,0.20185484,-0.44493487,1.25105815,0.20254710,-0.44943868,1.24908399,10.26379517,0.00000001
12.28100000,STAND,-0.01409180,-0.02356325,0.01306484,-0.08585285,0.07162442,0.31222240,-0.08854852,0.06721212,0.08395648,0.02127810,0.00351579,24.25785339,3.86293409,58.42059079,30.69329968,0.20147828,-0.44567112,1.25186294,0.20214466,-0.45025433,1.24996633,10.26678886,0.00000001
12.29100000,STAND,-0.01408584,-0.02357442,0.01305107,-0.08574229,0.07150281,0.31221374,-0.08844975,0.06710084,0.08406531,0.02127821,0.00351591,24.24295272,3.87011542,58.42036528,30.71040555,0.20107814,-0.44645490,1.25271595,0.20171657,-0.45111609,1.25089334,10.26867349,0.00000001
12.30100000,STAND,-0.01407634,-0.02358203,0.01303531,-0.08562136,0.07137173,0.31220597,-0.08834150,0.06698079,0.08418450,0.02127773,0.00351542,24.22822367,3.88318006,58.41327068,30.72705273,0.20065433,-0.44728680,1.25361749,0.20126238,-0.45202443,1.25186515,10.26939554,0.00000001
12.31100000,STAND,-0.01406330,-0.02358571,0.01301759,-0.08548964,0.07123102,0.31219914,-0.08822338,0.06685182,0.08431446,0.02127663,0.00351433,24.21403406,3.90218661,58.39917809,30.74299768,0.20020675,-0.44816735,1.25456778,0.20078168,-0.45297981,1.25288184,10.26890928,0.00000001
12.32100000,STAND,-0.01404675,-0.02358511,0.01299794,-0.08534674,0.07108052,0.31219330,-0.08809504,0.06671379,0.08445558,0.02127492,0.00351261,24.20071861,3.92716258,58.37799980,30.75801845,0.19973536,-0.44909701,1.25556703,0.20027409,-0.45398263,1.25394350,10.26717626,0.00000001
12.33100000,STAND,-0.01402673,-0.02357993,0.01297637,-0.08519233,0.07092012,0.31218849,-0.08795614,0.06656657,0.08460820,0.02127258,0.00351028,24.18857206,3.95811016,58.34968441,30.77191926,0.19924008,-0.45007617,1.25661536,0.19973926,-0.45503326,1.25505018,10.26416479,0.00000002
12.34100000,STAND,-0.01400330,-0.02356989,0.01295290,-0.08502608,0.07074971,0.31218473,-0.08780638,0.06641006,0.08477263,0.02126963,0.00350733,24.17784451,3.99501152,58.31421240,30.78453398,0.19872088,-0.45110516,1.25771289,0.19917687,-0.45613201,1.25620188,10.25984946,0.00000002
12.35100000,STAND,-0.01397651,-0.02355477,0.01292754,-0.08484772,0.07056918,0.31218205,-0.08764549,0.06624417,0.08494917,0.02126607,0.00350377,24.16873886,4.03783334,58.27159215,30.79572876,0.19817769,-0.45218423,1.25885969,0.19858664,-0.45727918,1.25739860,10.25421067,0.00000002
12.36100000,STAND,-0.01394641,-0.02353435,0.01290030,-0.08465698,0.07037846,0.31218047,-0.08747322,0.06606881,0.08513806,0.02126190,0.00349960,24.16141005,4.08653053,58.22185634,30.80540353,0.19761046,-0.45331359,1.26005577,0.19796831,-0.45847500,1.25864028,10.24723424,0.00000002
12.37100000,STAND,-0.01391305,-0.02350847,0.01287118,-0.08445366,0.07017747,0.31217998,-0.08728937,0.06588392,0.08533951,0.02125713,0.00349483,24.15596597,4.14104904,58.16505894,30.81349241,0.19701913,-0.45449337,1.26130114,0.19732166,-0.45971966,1.25992682,10.23891099,0.00000002
12.38100000,STAND,-0.01387648,-0.02347701,0.01284015,-0.08423758,0.06996614,0.31218058,-0.08709375,0.06568943,0.08555370,0.02125177,0.00348947,24.15246982,4.20132778,58.10127239,30.81996331,0.19640363,-0.45572367,1.26259575,0.19664649,-0.46101331,1.26125811,10.22923638,0.00000002
12.39100000,STAND,-0.01383674,-0.02343989,0.01280718,-0.08400858,0.06974443,0.31218227,-0.08688623,0.06548529,0.08578077,0.02124582,0.00348352,24.15094343,4.26729977,58.03058533,30.82481658,0.19576388,-0.45700450,1.26393952,0.19594263,-0.46235606,1.26263396,10.21821019,0.00000002
12.40100000,STAND,-0.01379386,-0.02339703,0.01277223,-0.08376655,0.06951229,0.31218503,-0.08666668,0.06527146,0.08602083,0.02123930,0.00347700,24.15137163,4.33889257,57.95310045,30.82808292,0.19509980,-0.45833583,1.26533233,0.19520994,-0.46374797,1.26405418,10.20583616,0.00000002
12.41100000,STAND,-0.01374787,-0.02334842,0.01273525,-0.08351141,0.06926968,0.31218883,-0.08643502,0.06504789,0.08627396,0.02123222,0.00346992,24.15370716,4.41602815,57.86893266,30.82982079,0.19441130,-0.45971758,1.26677402,0.19444831,-0.46518906,1.26551851,10.19212168,0.00000002
12.42100000,STAND,-0.01369880,-0.02329406,0.01269618,-0.08324310,0.06901656,0.31219365,-0.08619120,0.06481455,0.08654022,0.02122457,0.00346227,24.15787595,4.49862232,57.77820747,30.83011335,0.19369829,-0.46114961,1.26826441,0.19365765,-0.46667930,1.26702666,10.17707754,0.00000002
12.43100000,STAND,-0.01364666,-0.02323398,0.01265495,-0.08296160,0.06875291,0.31219946,-0.08593516,0.06457141,0.08681961,0.02121638,0.00345407,24.16378271,4.58658389,57.68105937,30.82906515,0.19296068,-0.46263175,1.26980324,0.19283790,-0.46821862,1.26857828,10.16071751,0.00000002
12.44100000,STAND,-0.01359145,-0.02316822,0.01261149,-0.08266690,0.06847870,0.31220622,-0.08566693,0.06431846,0.08711213,0.02120763,0.00344533,24.17131643,4.67981358,57.57763038,30.82679863,0.19219839,-0.46416376,1.27139024,0.19198902,-0.46980692,1.27017300,10.14305814,0.00000002
12.45100000,STAND,-0.01353320,-0.02309688,0.01256574,-0.08235904,0.06819393,0.31221388,-0.08538650,0.06405568,0.08741775,0.02119834,0.00343604,24.18035587,4.77820289,57.46806859,30.82345078,0.19141133,-0.46574537,1.27302507,0.19111101,-0.47144403,1.27181038,10.12411833,0.00000002
12.46100000,STAND,-0.01347191,-0.02302002,0.01251763,-0.08203806,0.06789859,0.31222239,-0.08509391,0.06378306,0.08773642,0.02118850,0.00342620,24.19077465,4.88163286,57.35252668,30.81916977,0.19059943,-0.46737626,1.27470734,0.19020387,-0.47312974,1.27348995,10.10391906,0.00000002
12.47100000,STAND,-0.01340758,-0.02293777,0.01246708,-0.08170404,0.06759267,0.31223170,-0.08478924,0.06350059,0.08806806,0.02117811,0.00341581,24.20244617,4.98997287,57.23116035,30.81411195,0.18976261,-0.46905608,1.27643662,0.18926765,-0.47486383,1.27521120,10.08248299,0.00000002
12.48100000,STAND,-0.01334021,-0.02285023,0.01241404,-0.08135705,0.06727619,0.31224176,-0.08447255,0.06320829,0.08841257,0.02116717,0.00340487,24.21524801,5.10307943,57.10412673,30.80843912,0.18890083,-0.47078441,1.27821241,0.18830240,-0.47664599,1.27697354,10.05983408,0.00000003
12.49100000,STAND,-0.01326981,-0.02275752,0.01235846,-0.08099722,0.06694916,0.31225252,-0.08414393,0.06290616,0.08876983,0.02115567,0.00339337,24.22906594,5.22079484,56.97158262,30.80231625,0.18801403,-0.47256082,1.28003415,0.18730821,-0.47847589,1.27877637,10.03599723,0.00000003
12.50100000,STAND,-0.01319639,-0.02265978,0.01230027,-0.08062465,0.06661160,0.31226390,-0.08380350,0.06259422,0.08913974,0.02114359,0.00338129,24.24379755,5.34294575,56.83368266,30.79590964,0.18710220,-0.47438482,1.28190124,0.18628519,-0.48035316,1.28061903,10.01099782,0.00000003
12.51100000,STAND,-0.01311994,-0.02255712,0.01223945,-0.08023949,0.06626353,0.31227584,-0.08345137,0.06227249,0.08952214,0.02113092,0.00336861,24.25935544,5.46934132,56.69057723,30.78938567,0.18616531,-0.47625591,1.28381298,0.18523345,-0.48227737,1.28250078,9.98486132,0.00000003
12.52100000,STAND,-0.01304047,-0.02244969,0.01217596,-0.07984187,0.06590501,0.31228829,-0.08308766,0.06194101,0.08991689,0.02111762,0.00335532,24.27567025,5.59977086,56.54241033,30.78291016,0.18520337,-0.47817351,1.28576864,0.18415315,-0.48424805,1.28442085,9.95761279,0.00000003
12.53100000,STAND,-0.01295796,-0.02233759,0.01210976,-0.07943195,0.06553606,0.31230117,-0.08271252,0.06159980,0.09032382,0.02110367,0.00334136,24.29269338,5.73400058,56.38931706,30.77664833,0.18421640,-0.48013702,1.28776738,0.18304445,-0.48626469,1.28637842,9.92927641,0.00000003
12.54100000,STAND,-0.01287243,-0.02222094,0.01204085,-0.07900988,0.06515674,0.31231442,-0.08232609,0.06124892,0.09074278,0.02108902,0.00332671,24.31039986,5.87176895,56.23142098,30.77076560,0.18320444,-0.48214580,1.28980831,0.18190755,-0.48832672,1.28837259,9.89987501,0.00000003
12.55100000,STAND,-0.01278384,-0.02209985,0.01196919,-0.07857583,0.06476709,0.31232796,-0.08192851,0.06088841,0.09117360,0.02107361,0.00331131,24.32879144,6.01278007,56.06883100,30.76542925,0.18216753,-0.48419915,1.29189044,0.18074264,-0.49043354,1.29040241,9.86942948,0.00000003
12.56100000,STAND,-0.01269218,-0.02197440,0.01189477,-0.07812996,0.06436719,0.31234174,-0.08151994,0.06051832,0.09161610,0.02105739,0.00329509,24.34790027,6.15669407,55.90163789,30.76081113,0.18110575,-0.48629633,1.29401271,0.17954995,-0.49258446,1.29246684,9.83795823,0.00000003
12.57100000,STAND,-0.01259741,-0.02184465,0.01181758,-0.07767245,0.06395709,0.31235566,-0.08110051,0.06013870,0.09207011,0.02104025,0.00327795,24.36779364,6.30311308,55.72991002,30.75709172,0.18001918,-0.48843652,1.29617393,0.17832971,-0.49477878,1.29456479,9.80547648,0.00000003
12.58100000,STAND,-0.01249946,-0.02171066,0.01173759,-0.07720344,0.06353687,0.31236966,-0.08067039,0.05974963,0.09253546,0.02102209,0.00325979,24.38858044,6.45156072,55.55368823,30.75446593,0.17890791,-0.49061885,1.29837281,0.17708219,-0.49701572,1.29669505,9.77199553,0.00000003
12.59100000,STAND,-0.01239825,-0.02157242,0.01165478,-0.07672311,0.06310658,0.31238366,-0.08022971,0.05935115,0.09301199,0.02100277,0.00324047,24.41042023,6.60145161,55.37297913,30.75315123,0.17777205,-0.49284236,1.30060792,0.17580765,-0.49929441,1.29885634,9.73752181,0.00000003
12.60100000,STAND,-0.01229366,-0.02142992,0.01156910,-0.07623161,0.06266630,0.31239756,-0.07977862,0.05894333,0.09336707,0.02098212,0.00321981,24.43351007,6.75361594,55.18777352,30.75337846,0.17661172,-0.49510607,1.30287784,0.17450639,-0.50161396,1.30104726,9.70205895,0.00000003
12.61100000,STAND,-0.01218566,-0.02128317,0.01148050,-0.07572908,0.06221609,0.31241131,-0.07931724,0.05852623,0.09274583,0.02096011,0.00319781,24.45777971,6.91148165,54.99830219,30.75518241,0.17542708,-0.49740944,1.30518211,0.17317869,-0.50397347,1.30326648,9.66563676,0.00000003
12.62100000,STAND,-0.01207442,-0.02113233,0.01138899,-0.07521570,0.06175605,0.31242484,-0.07884574,0.05809992,0.09211169,0.02093689,0.00317458,24.48286157,7.07484461,54.80484937,30.75847428,0.17421836,-0.49975207,1.30752039,0.17182494,-0.50637217,1.30551302,9.62828327,0.00000003
12.63100000,STAND,-0.01196011,-0.02097765,0.01129462,-0.07469164,0.06128630,0.31243814,-0.07836425,0.05766451,0.09146487,0.02091257,0.00315027,24.50835326,7.24298880,54.60753534,30.76312929,0.17298587,-0.50213338,1.30989189,0.17044549,-0.50880933,1.30778601,9.59000664,0.00000003
12.64100000,STAND,-0.01184288,-0.02081939,0.01119747,-0.07415707,0.06080695,0.31245123,-0.07787295,0.05722012,0.09080559,0.02088730,0.00312500,24.53390695,7.41528480,54.40637599,30.76896179,0.17172995,-0.50455272,1.31229552,0.16904077,-0.51128420,1.31008455,9.55080741,0.00000003
12.65100000,STAND,-0.01172290,-0.02065777,0.01109767,-0.07361219,0.06031816,0.31246414,-0.07737200,0.05676687,0.09013407,0.02086119,0.00309889,24.55926870,7.59122502,54.20133898,30.77575195,0.17045097,-0.50700934,1.31473006,0.16761117,-0.51379596,1.31240767,9.51068434,0.00000003
12.66100000,STAND,-0.01160029,-0.02049297,0.01099535,-0.07305719,0.05982009,0.31247688,-0.07686157,0.05630490,0.08945057,0.02083435,0.00307204,24.58428691,7.77042304,53.99238617,30.78328004,0.16914933,-0.50950245,1.31719421,0.16615713,-0.51634376,1.31475433,9.46963762,0.00000003
12.67100000,STAND,-0.01147519,-0.02032513,0.01089065,-0.07249226,0.05931291,0.31248948,-0.07634184,0.05583438,0.08875533,0.02080685,0.00304455,24.60890385,7.95260167,53.77950038,30.79135122,0.16782542,-0.51203121,1.31968663,0.16467908,-0.51892668,1.31712339,9.42767060,0.00000003
12.68100000,STAND,-0.01134773,-0.02015434,0.01078373,-0.07191760,0.05879680,0.31250197,-0.07581298,0.05535546,0.08804858,0.02077878,0.00301648,24.63313948,8.13757598,53.56269796,30.79980753,0.16647963,-0.51459478,1.32220599,0.16317747,-0.52154376,1.31951367,9.38479047,0.00000003
12.69100000,STAND,-0.01121807,-0.01998069,0.01067472,-0.07133340,0.05827194,0.31251436,-0.07527516,0.05486832,0.08733058,0.02075018,0.00298788,24.65707269,8.32523447,53.34203068,30.80852937,0.16511238,-0.51719227,1.32475091,0.16165277,-0.52419401,1.32192396,9.34100811,0.00000003
12.70100000,STAND,-0.01108632,-0.01980423,0.01056379,-0.07073985,0.05773854,0.31252664,-0.07472856,0.05437313,0.08660157,0.02072110,0.00295880,24.68082241,8.51552018,53.11758110,30.81743057,0.16372408,-0.51982279,1.32732005,0.16010545,-0.52687641,1.32435299,9.29633756,0.00000003
12.71100000,STAND,-0.01095261,-0.01962502,0.01045106,-0.07013715,0.05719678,0.31253880,-0.07417335,0.05387006,0.08586181,0.02069156,0.00292926,24.70452992,8.70841289,52.88945486,30.82645067,0.16231514,-0.52248543,1.32991205,0.15853601,-0.52958989,1.32679947,9.25079523,0.00000003
12.72100000,STAND,-0.01081707,-0.01944310,0.01033665,-0.06952548,0.05664687,0.31255083,-0.07360970,0.05335930,0.08511154,0.02066158,0.00289928,24.72834319,8.90391322,52.65777238,30.83554694,0.16088600,-0.52517927,1.33252556,0.15694496,-0.53233338,1.32926209,9.20439908,0.00000003
12.73100000,STAND,-0.01067982,-0.01925852,0.01022069,-0.06890505,0.05608901,0.31256271,-0.07303780,0.05284104,0.08435103,0.02063117,0.00286886,24.75240384,9.10202932,52.42266143,30.84468770,0.15943709,-0.52790336,1.33515922,0.15533281,-0.53510578,1.33173954,9.15716793,0.00000003
12.74100000,STAND,-0.01054098,-0.01907132,0.01010328,-0.06827605,0.05552341,0.31257440,-0.07245781,0.05231547,0.08358054,0.02060033,0.00283803,24.77683707,9.30276656,52.18425120,30.85384730,0.15796887,-0.53065672,1.33781168,0.15370010,-0.53790597,1.33423049,9.10912088,0.00000004
12.75100000,STAND,-0.01040064,-0.01888158,0.00998451,-0.06763869,0.05495028,0.31258588,-0.07186992,0.05178279,0.08280034,0.02056907,0.00280677,24.80174482,9.50612024,51.94266804,30.86300292,0.15648179,-0.53343836,1.34048157,0.15204738,-0.54073280,1.33673360,9.06027694,0.00000004
12.76100000,STAND,-0.01025893,-0.01868933,0.00986444,-0.06699317,0.05436985,0.31259711,-0.07127433,0.05124318,0.08201070,0.02053740,0.00277509,24.82720200,9.71207140,51.69803299,30.87213296,0.15497631,-0.53624725,1.34316753,0.15037522,-0.54358512,1.33924754,9.01065480,0.00000004
12.77100000,STAND,-0.01011593,-0.01849466,0.00974316,-0.06633971,0.05378232,0.31260807,-0.07067121,0.05069686,0.08121190,0.02050530,0.00274300,24.85325555,9.92058510,51.45046055,30.88121644,0.15345292,-0.53908234,1.34586818,0.14868418,-0.54646177,1.34177098,8.96027280,0.00000004
12.78100000,STAND,-0.00997173,-0.01829763,0.00962072,-0.06567854,0.05318792,0.31261873,-0.07006079,0.05014403,0.08040423,0.02047279,0.00271049,24.87992573,10.13161074,51.20005871,30.89023335,0.15191209,-0.54194255,1.34858213,0.14697487,-0.54936156,1.34430260,8.90914899,0.00000004
12.79100000,STAND,-0.00982643,-0.01809834,0.00949717,-0.06500989,0.05258687,0.31262906,-0.06944326,0.04958488,0.07958799,0.02043987,0.00267757,24.90720915,10.34508392,50.94692976,30.89916540,0.15035432,-0.54482677,1.35130801,0.14524787,-0.55228331,1.34684106,8.85730130,0.00000004
12.80100000,STAND,-0.00968012,-0.01789688,0.00937255,-0.06433399,0.05197941,0.31263905,-0.06881884,0.04901964,0.07876347,0.02040655,0.00264424,24.93508288,10.56092892,50.69117180,30.90799692,0.14878010,-0.54773390,1.35404442,0.14350382,-0.55522580,1.34938507,8.80474776,0.00000004
12.81100000,STAND,-0.00953286,-0.01769335,0.00924690,-0.06365109,0.05136575,0.31264867,-0.06818774,0.04844851,0.07793098,0.02037283,0.00261053,24.96350897,10.77906166,50.43288046,30.91671583,0.14718995,-0.55066277,1.35678996,0.14174333,-0.55818784,1.35193332,8.75150680,0.00000004
12.82100000,STAND,-0.00938475,-0.01748785,0.00912027,-0.06296145,0.05074614,0.31265791,-0.06755021,0.04787170,0.07709084,0.02033873,0.00257643,24.99243906,10.99939231,50.17215083,30.92531434,0.14558438,-0.55361225,1.35954327,0.13996704,-0.56116819,1.35448453,8.69759744,0.00000004
12.83100000,STAND,-0.00923584,-0.01728049,0.00899268,-0.06226531,0.05012081,0.31266674,-0.06690648,0.04728944,0.07624335,0.02030426,0.00254196,25.02181851,11.22182765,49.90907929,30.93378949,0.14396392,-0.55658114,1.36230295,0.13817561,-0.56416564,1.35703741,8.64303961,0.00000004
12.84100000,STAND,-0.00908623,-0.01707139,0.00886417,-0.06156295,0.04948999,0.31267515,-0.06625678,0.04670194,0.07538885,0.02026943,0.00250713,25.05159008,11.44627274,49.64376518,30.94214325,0.14232911,-0.55956826,1.36506763,0.13636970,-0.56717896,1.35959070,8.58785429,0.00000004
12.85100000,STAND,-0.00893597,-0.01686067,0.00873478,-0.06085465,0.04885392,0.31268313,-0.06560137,0.04610942,0.07452767,0.02023426,0.00247196,25.08169667,11.67263199,49.37631211,30.95038238,0.14068050,-0.56257241,1.36783596,0.13454998,-0.57020690,1.36214316,8.53206368,0.00000004
12.86100000,STAND,-0.00878515,-0.01664844,0.00860454,-0.06014067,0.04821286,0.31269066,-0.06494050,0.04551211,0.07366013,0.02019876,0.00243645,25.11208341,11.90080963,49.10682897,30.95851799,0.13901863,-0.56559239,1.37060658,0.13271713,-0.57324822,1.36469356,8.47569133,0.00000004
12.87100000,STAND,-0.00863384,-0.01643484,0.00847350,-0.05942131,0.04756703,0.31269773,-0.06427443,0.04491023,0.07278658,0.02016294,0.00240064,25.14269901,12.13070974,48.83543054,30.96656485,0.13734409,-0.56862697,1.37337816,0.13087185,-0.57630168,1.36724068,8.41876217,0.00000004
12.88100000,STAND,-0.00848210,-0.01621997,0.00834170,-0.05869685,0.04691669,0.31270432,-0.06360343,0.04430401,0.07190737,0.02012682,0.00236452,25.17349641,12.36223587,48.56223774,30.97454057,0.13565745,-0.57167494,1.37614938,0.12901484,-0.57936603,1.36978332,8.36130248,0.00000004
12.89100000,STAND,-0.00833002,-0.01600397,0.00820918,-0.05796758,0.04626209,0.31271042,-0.06292776,0.04369368,0.07102283,0.02009042,0.00232812,25.20443301,12.59529051,48.28737761,30.98246466,0.13395930,-0.57473506,1.37891895,0.12714681,-0.58244002,1.37232033,8.30333993,0.00000004
12.90100000,STAND,-0.00817766,-0.01578697,0.00807600,-0.05723382,0.04560349,0.31271601,-0.06224770,0.04307948,0.07013334,0.02005375,0.00229145,25.23547039,12.82977440,48.01098290,30.99035766,0.13225024,-0.57780611,1.38168557,0.12526848,-0.58552239,1.37485053,8.24490337,0.00000004
12.91100000,STAND,-0.00802511,-0.01556909,0.00794220,-0.05649586,0.04494114,0.31272107,-0.06156353,0.04246164,0.06923924,0.02001683,0.00225453,25.26657395,13.06558601,47.73319159,30.99824023,0.13053089,-0.58088686,1.38444799,0.12338058,-0.58861189,1.37737280,8.18602286,0.00000004
12.92100000,STAND,-0.00787244,-0.01535045,0.00780784,-0.05575400,0.04427529,0.31272559,-0.06087554,0.04184041,0.06834089,0.01997967,0.00221736,25.29771227,13.30262103,47.45414611,31.00613240,0.12880188,-0.58397605,1.38720495,0.12148385,-0.59170729,1.37988604,8.12672943,0.00000004
12.93100000,STAND,-0.00771974,-0.01513118,0.00767299,-0.05500856,0.04360622,0.31272956,-0.06018400,0.04121602,0.06743867,0.01994228,0.00217998,25.32885651,13.54077213,47.17399261,31.01405291,0.12706383,-0.58707246,1.38995524,0.11957902,-0.59480731,1.38238915,8.06705497,0.00000004
12.94100000,STAND,-0.00756708,-0.01491142,0.00753769,-0.05425986,0.04293418,0.31273295,-0.05948921,0.04058873,0.06653295,0.01990469,0.00214239,25.35997982,13.77992885,46.89288000,31.02201877,0.12531739,-0.59017485,1.39269764,0.11766685,-0.59791073,1.38488109,8.00703211,0.00000004
12.95100000,STAND,-0.00741454,-0.01469129,0.00740201,-0.05350820,0.04225945,0.31273576,-0.05879145,0.03995877,0.06562409,0.01986691,0.00210461,25.39105681,14.01997781,46.61095917,31.03004489,0.12356322,-0.59328198,1.39543098,0.11574810,-0.60101630,1.38736081,7.94669401,0.00000004
12.96100000,STAND,-0.00726220,-0.01447091,0.00726602,-0.05275390,0.04158228,0.31273797,-0.05809103,0.03932641,0.06471246,0.01982896,0.00206666,25.42206316,14.26080296,46.32838204,31.03814386,0.12180197,-0.59639261,1.39815408,0.11382352,-0.60412278,1.38982731,7.88607425,0.00000004
12.97100000,STAND,-0.00711015,-0.01425041,0.00712978,-0.05199729,0.04090297,0.31273958,-0.05738824,0.03869189,0.06379846,0.01979086,0.00202856,25.45297529,14.50228616,46.04530086,31.04632593,0.12003432,-0.59950551,1.40086581,0.11189390,-0.60722892,1.39227961,7.82520667,0.00000004
12.98100000,STAND,-0.00695847,-0.01402991,0.00699335,-0.05123869,0.04022177,0.31274056,-0.05668337,0.03805546,0.06288245,0.01975262,0.00199032,25.48377018,14.74430769,45.76186736,31.05459898,0.11826094,-0.60261944,1.40356504,0.10995999,-0.61033351,1.39471674,7.76412522,0.00000004
12.99100000,STAND,-0.00680724,-0.01380955,0.00685682,-0.05047841,0.03953896,0.31274091,-0.05597673,0.03741739,0.06196481,0.01971426,0.00195196,25.51442528,14.98674699,45.47823216,31.06296866,0.11648252,-0.60573318,1.40625069,0.10802258,-0.61343532,1.39713778,7.70286388,0.00000004
13.00100000,STAND,-0.00665653,-0.01358943,0.00672023,-0.04971679,0.03885482,0.31274063,-0.05526862,0.03677793,0.06104594,0.01967581,0.00191351,25.54491845,15.22948327,45.19454411,31.07143852,0.11469976,-0.60884550,1.40892166,0.10608244,-0.61653312,1.39954181,7.64145648,0.00000003
13.01100000,STAND,-0.00650642,-0.01336969,0.00658367,-0.04895414,0.03816963,0.31273971,-0.05455933,0.03613733,0.06012620,0.01963728,0.00187497,25.57522803,15.47239626,44.91094986,31.08001020,0.11291334,-0.61195519,1.41157692,0.10414037,-0.61962570,1.40192795,7.57993666,0.00000003
13.02100000,STAND,-0.00635700,-0.01315043,0.00644720,-0.04819079,0.03748367,0.31273815,-0.05384916,0.03549587,0.05920598,0.01959868,0.00183638,25.60533287,15.71536670,44.62759335,31.08868362,0.11112398,-0.61506103,1.41421544,0.10219715,-0.62271186,1.40429535,7.51833773,0.00000003
13.03100000,STAND,-0.00620833,-0.01293177,0.00631088,-0.04742706,0.03679721,0.31273593,-0.05313843,0.03485380,0.05828566,0.01956005,0.00179775,25.63521246,15.95827698,44.34461553,31.09745718,0.10933237,-0.61816180,1.41683621,0.10025357,-0.62579039,1.40664317,7.45669261,0.00000003
13.04100000,STAND,-0.00606049,-0.01271383,0.00617478,-0.04666327,0.03611054,0.31273307,-0.05242742,0.03421138,0.05736562,0.01952139,0.00175909,25.66484700,16.20101149,44.06215407,31.10632789,0.10753923,-0.62125632,1.41943827,0.09831042,-0.62886009,1.40897061,7.39503380,0.00000003
13.05100000,STAND,-0.00591354,-0.01249671,0.00603897,-0.04589974,0.03542394,0.31272957,-0.05171643,0.03356887,0.05644624,0.01948273,0.00172043,25.69421750,16.44345699,43.78034314,31.11529160,0.10574529,-0.62434339,1.42202065,0.09636849,-0.63191980,1.41127688,7.33339324,0.00000003
13.06100000,STAND,-0.00576756,-0.01228051,0.00590350,-0.04513679,0.03473768,0.31272542,-0.05100577,0.03292654,0.05552789,0.01944408,0.00168178,25.72330588,16.68550283,43.49931331,31.12434306,0.10395125,-0.62742181,1.42458245,0.09442858,-0.63496832,1.41356121,7.27180236,0.00000003
13.07100000,STAND,-0.00562261,-0.01206535,0.00576845,-0.04437474,0.03405205,0.31272063,-0.05029573,0.03228464,0.05461096,0.01940547,0.00164317,25.75209508,16.92704107,43.21919149,31.13347607,0.10215783,-0.63049041,1.42712275,0.09249149,-0.63800448,1.41582289,7.21029197,0.00000003
13.08100000,STAND,-0.00547874,-0.01185130,0.00563388,-0.04361390,0.03336732,0.31271521,-0.04958660,0.03164344,0.05369582,0.01936691,0.00160461,25.78056905,17.16796652,42.94010090,31.14268353,0.10036577,-0.63354803,1.42964068,0.09055800,-0.64102714,1.41806119,7.14889229,0.00000003
13.09100000,STAND,-0.00533602,-0.01163848,0.00549984,-0.04285458,0.03268377,0.31270916,-0.04887868,0.03100321,0.05278283,0.01932842,0.00156612,25.80871289,17.40817670,42.66216114,31.15195755,0.09857580,-0.63659349,1.43213541,0.08862891,-0.64403514,1.42027544,7.08763292,0.00000003
13.10100000,STAND,-0.00519450,-0.01142697,0.00536640,-0.04209710,0.03200168,0.31270250,-0.04817225,0.03036419,0.05187237,0.01929001,0.00152771,25.83651287,17.64757174,42.38548831,31.16128948,0.09678863,-0.63962565,1.43460610,0.08670501,-0.64702734,1.42246498,7.02654282,0.00000003
13.11100000,STAND,-0.00505425,-0.01121685,0.00523360,-0.04134176,0.03132133,0.31269523,-0.04746761,0.02972665,0.05096480,0.01925171,0.00148940,25.86395643,17.88605422,42.11019508,31.17067000,0.09500501,-0.64264338,1.43705198,0.08478709,-0.65000263,1.42462917,6.96565035,0.00000003
13.12100000,STAND,-0.00491530,-0.01100821,0.00510152,-0.04058886,0.03064298,0.31268737,-0.04676505,0.02909084,0.05006048,0.01921352,0.00145122,25.89103225,18.12352897,41.83639092,31.18008913,0.09322566,-0.64564552,1.43947228,0.08287594,-0.65295988,1.42676740,6.90498324,0.00000003
13.13100000,STAND,-0.00477770,-0.01080114,0.00497019,-0.03983871,0.02996691,0.31267893,-0.04606484,0.02845703,0.04915979,0.01917547,0.00141316,25.91773025,18.35990290,41.56418229,31.18953629,0.09145133,-0.64863098,1.44186626,0.08097235,-0.65589800,1.42887910,6.84456862,0.00000003
13.14100000,STAND,-0.00464152,-0.01059569,0.00483968,-0.03909160,0.02929340,0.31266992,-0.04536726,0.02782546,0.04826307,0.01913756,0.00137526,25.94404158,18.59508470,41.29367284,31.19900041,0.08968273,-0.65159863,1.44423321,0.07907710,-0.65881591,1.43096370,6.78443306,0.00000003
13.15100000,STAND,-0.00450677,-0.01039195,0.00471004,-0.03834784,0.02862271,0.31266036,-0.04467261,0.02719640,0.04737067,0.01909982,0.00133752,25.96995864,18.82898468,41.02496365,31.20846993,0.08792061,-0.65454739,1.44657245,0.07719095,-0.66171252,1.43302068,6.72460258,0.00000003
13.16100000,STAND,-0.00437352,-0.01018999,0.00458131,-0.03760771,0.02795511,0.31265026,-0.04398114,0.02657010,0.04648295,0.01906226,0.00129996,25.99547505,19.06151448,40.75815344,31.21793294,0.08616569,-0.65747617,1.44888333,0.07531470,-0.66458679,1.43504953,6.66510266,0.00000003
13.17100000,STAND,-0.00424179,-0.00998987,0.00445355,-0.03687150,0.02729087,0.31263964,-0.04329314,0.02594679,0.04560026,0.01902490,0.00126259,26.02058562,19.29258691,40.49333886,31.22737721,0.08441872,-0.66038390,1.45116523,0.07344911,-0.66743768,1.43704978,6.60595830,0.00000003
13.18100000,STAND,-0.00411163,-0.00979166,0.00432680,-0.03613950,0.02663024,0.31262852,-0.04260887,0.02532675,0.04472294,0.01898774,0.00122544,26.04528633,19.52211570,40.23061466,31.23679034,0.08268041,-0.66326952,1.45341755,0.07159493,-0.67026416,1.43902098,6.54719403,0.00000003
13.19100000,STAND,-0.00398307,-0.00959541,0.00420111,-0.03541198,0.02597350,0.31261692,-0.04192860,0.02471020,0.04385133,0.01895080,0.00118850,26.06957423,19.75001538,39.97007392,31.24615985,0.08095150,-0.66613200,1.45563972,0.06975293,-0.67306523,1.44096271,6.48883391,0.00000003
13.20100000,STAND,-0.00385615,-0.00940118,0.00407652,-0.03468924,0.02532089,0.31260486,-0.04125260,0.02409740,0.04298576,0.01891410,0.00115180,26.09344742,19.97620105,39.71180824,31.25547327,0.07923272,-0.66897029,1.45783121,0.06792386,-0.67583990,1.44287456,6.43090163,0.00000003
13.21100000,STAND,-0.00373089,-0.00920903,0.00395308,-0.03397154,0.02467268,0.31259235,-0.04058112,0.02348859,0.04212657,0.01887766,0.00111535,26.11690497,20.20058828,39.45590789,31.26471827,0.07752478,-0.67178340,1.45999150,0.06610847,-0.67858721,1.44475616,6.37342045,0.00000003
13.22100000,STAND,-0.00360734,-0.00901901,0.00383084,-0.03325916,0.02402912,0.31257943,-0.03991443,0.02288401,0.04127408,0.01884147,0.00107917,26.13994677,20.42309302,39.20246200,31.27388279,0.07582840,-0.67457032,1.46212011,0.06430747,-0.68130620,1.44660719,6.31641327,0.00000003
13.23100000,STAND,-0.00348551,-0.00883117,0.00370983,-0.03255236,0.02339046,0.31256610,-0.03925277,0.02228390,0.04042862,0.01880556,0.00104326,26.16257353,20.64363148,38.95155864,31.28295514,0.07414429,-0.67733008,1.46421659,0.06252162,-0.68399595,1.44842731,6.25990261,0.00000003
13.24100000,STAND,-0.00336545,-0.00864556,0.00359009,-0.03185140,0.02275694,0.31255239,-0.03859640,0.02168848,0.03959051,0.01876995,0.00100764,26.18478659,20.86212006,38.70328489,31.29192413,0.07247318,-0.68006170,1.46628051,0.06075161,-0.68665555,1.45021625,6.20391066,0.00000003
13.25100000,STAND,-0.00324716,-0.00846223,0.00347166,-0.03115656,0.02212882,0.31253832,-0.03794557,0.02109800,0.03876006,0.01873463,0.00097233,26.20658783,21.07847536,38.45772695,31.30077914,0.07081575,-0.68276425,1.46831148,0.05899817,-0.68928412,1.45197373,6.14845927,0.00000003
13.26100000,STAND,-0.00313069,-0.00828122,0.00335459,-0.03046808,0.02150632,0.31252391,-0.03730052,0.02051268,0.03793758,0.01869964,0.00093734,26.22797960,21.29261412,38.21497014,31.30951027,0.06917271,-0.68543679,1.47030913,0.05726198,-0.69188079,1.45369952,6.09356995,0.00000003
13.27100000,STAND,-0.00301605,-0.00810257,0.00323891,-0.02978622,0.02088970,0.31250919,-0.03666150,0.01993275,0.03712338,0.01866497,0.00090267,26.24896457,21.50445324,37.97509893,31.31810838,0.06754474,-0.68807842,1.47227312,0.05554375,-0.69444472,1.45539341,6.03926387,0.00000003
13.28100000,STAND,-0.00290326,-0.00792633,0.00312465,-0.02911123,0.02027918,0.31249418,-0.03602873,0.01935843,0.03631775,0.01863066,0.00086835,26.26954564,21.71390980,37.73819689,31.32656522,0.06593252,-0.69068824,1.47420313,0.05384413,-0.69697510,1.45705521,5.98556185,0.00000003
13.29100000,STAND,-0.00279236,-0.00775254,0.00301186,-0.02844335,0.01967500,0.31247890,-0.03540246,0.01878995,0.03552100,0.01859670,0.00083439,26.28972584,21.92090115,37.50434666,31.33487342,0.06433674,-0.69326538,1.47609887,0.05216381,-0.69947113,1.45868477,5.93248438,0.00000003
13.30100000,STAND,-0.00268335,-0.00758123,0.00290056,-0.02778282,0.01907737,0.31246337,-0.03478291,0.01822750,0.03473342,0.01856311,0.00080080,26.30950824,22.12534488,37.27362992,31.34302663,0.06275805,-0.69580900,1.47796010,0.05050344,-0.70193204,1.46028194,5.88005159,0.00000003
13.31100000,STAND,-0.00257626,-0.00741245,0.00279080,-0.02712989,0.01848653,0.31244762,-0.03417031,0.01767132,0.03395528,0.01852990,0.00076760,26.32889589,22.32715901,37.04612730,31.35101946,0.06119711,-0.69831826,1.47978658,0.04886364,-0.70435709,1.46184662,5.82828322,0.00000002
13.32100000,STAND,-0.00247111,-0.00724623,0.00268260,-0.02648478,0.01790269,0.31243167,-0.03356489,0.01712160,0.03318687,0.01849710,0.00073479,26.34789176,22.52626198,36.82191825,31.35884757,0.05965456,-0.70079236,1.48157810,0.04724506,-0.70674556,1.46337871,5.77719864,0.00000002
13.33100000,STAND,-0.00236791,-0.00708261,0.00257599,-0.02584772,0.01732606,0.31241554,-0.03296685,0.01657855,0.03242846,0.01846470,0.00070240,26.36649866,22.72257281,36.60108102,31.36650766,0.05813104,-0.70323051,1.48333449,0.04564829,-0.70909675,1.46487816,5.72681679,0.00000002
13.34100000,STAND,-0.00226667,-0.00692161,0.00247101,-0.02521893,0.01675685,0.31239926,-0.03237643,0.01604237,0.03168031,0.01843273,0.00067043,26.38471926,22.91601119,36.38369248,31.37399742,0.05662716,-0.70563195,1.48505559,0.04407395,-0.71141000,1.46634492,5.67715622,0.00000002
13.35100000,STAND,-0.00216742,-0.00676328,0.00236769,-0.02459864,0.01619527,0.31238284,-0.03179382,0.01551325,0.03094270,0.01840119,0.00063889,26.40255603,23.10649760,36.16982805,31.38131555,0.05514353,-0.70799594,1.48674128,0.04252260,-0.71368466,1.46777898,5.62823499,0.00000002
13.36100000,STAND,-0.00207016,-0.00660765,0.00226604,-0.02398705,0.01564151,0.31236631,-0.03121922,0.01499139,0.03021587,0.01837011,0.00060781,26.42001125,23.29395342,35.95956156,31.38846169,0.05368075,-0.71032176,1.48839144,0.04099482,-0.71592013,1.46918033,5.58007073,0.00000002
13.37100000,STAND,-0.00197491,-0.00645475,0.00216611,-0.02338438,0.01509576,0.31234970,-0.03065285,0.01447696,0.02950006,0.01833949,0.00057719,26.43708704,23.47830108,35.75296514,31.39543641,0.05223940,-0.71260873,1.49000601,0.03949115,-0.71811581,1.47054899,5.53268056,0.00000002
13.38100000,STAND,-0.00188167,-0.00630460,0.00206791,-0.02279083,0.01455822,0.31233301,-0.03009490,0.01397015,0.02879553,0.01830934,0.00054704,26.45378535,23.65946415,35.55010913,31.40224110,0.05082004,-0.71485617,1.49158493,0.03801213,-0.72027115,1.47188502,5.48608109,0.00000002
13.39100000,STAND,-0.00179046,-0.00615725,0.00197147,-0.02220659,0.01402907,0.31231629,-0.02954555,0.01347114,0.02810249,0.01827969,0.00051738,26.47010802,23.83736748,35.35106192,31.40887793,0.04942322,-0.71706345,1.49312816,0.03655827,-0.72238561,1.47318847,5.44028840,0.00000002
13.40100000,STAND,-0.00170128,-0.00601271,0.00187681,-0.02163185,0.01350848,0.31229954,-0.02900499,0.01298010,0.02742119,0.01825053,0.00048823,26.48605682,24.01193733,35.15588986,31.41534978,0.04804949,-0.71922996,1.49463569,0.03513007,-0.72445870,1.47445943,5.39531802,0.00000002
13.41100000,STAND,-0.00161414,-0.00587101,0.00178396,-0.02106681,0.01299663,0.31228279,-0.02847341,0.01249718,0.02675183,0.01822189,0.00045958,26.50163346,24.18310150,34.96465717,31.42166012,0.04669934,-0.72135511,1.49610754,0.03372800,-0.72648993,1.47569800,5.35118490,0.00000002
13.42100000,STAND,-0.00152905,-0.00573218,0.00169294,-0.02051163,0.01249367,0.31226606,-0.02795096,0.01202255,0.02609463,0.01819377,0.00043147,26.51683968,24.35078942,34.77742583,31.42781299,0.04537329,-0.72343834,1.49754374,0.03235253,-0.72847887,1.47690429,5.30790341,0.00000002
13.43100000,STAND,-0.00144601,-0.00559624,0.00160376,-0.01996650,0.01199977,0.31224938,-0.02743783,0.01155636,0.02544978,0.01816618,0.00040388,26.53167732,24.51493227,34.59425546,31.43381284,0.04407181,-0.72547912,1.49894435,0.03100408,-0.73042511,1.47807846,5.26548729,0.00000002
13.44100000,STAND,-0.00136502,-0.00546322,0.00151645,-0.01943158,0.01151508,0.31223275,-0.02693418,0.01109875,0.02481749,0.01813915,0.00037685,26.54614831,24.67546313,34.41520328,31.43966449,0.04279538,-0.72747696,1.50030944,0.02968307,-0.73232824,1.47922064,5.22394967,0.00000002
13.45100000,STAND,-0.00128609,-0.00533313,0.00143102,-0.01890703,0.01103974,0.31221621,-0.02644015,0.01064988,0.02419793,0.01811267,0.00035037,26.56025477,24.83231703,34.24032403,31.44537303,0.04154442,-0.72943137,1.50163910,0.02838991,-0.73418794,1.48033101,5.18330304,0.00000002
13.46100000,STAND,-0.00120922,-0.00520600,0.00134748,-0.01839300,0.01057390,0.31219977,-0.02595589,0.01020986,0.02359128,0.01808677,0.00032446,26.57399906,24.98543108,34.06966984,31.45094375,0.04031936,-0.73134193,1.50293345,0.02712496,-0.73600386,1.48140976,5.14355924,0.00000002
13.47100000,STAND,-0.00113441,-0.00508185,0.00126586,-0.01788964,0.01011768,0.31218345,-0.02548156,0.00977884,0.02299771,0.01806144,0.00029914,26.58738380,25.13474458,33.90329025,31.45638204,0.03912061,-0.73320822,1.50419262,0.02588858,-0.73777571,1.48245709,5.10472945,0.00000002
13.48100000,STAND,-0.00106165,-0.00496069,0.00118617,-0.01739708,0.00967121,0.31216727,-0.02501728,0.00935693,0.02241738,0.01803671,0.00027440,26.60041193,25.28019907,33.74123209,31.46169335,0.03794855,-0.73502986,1.50541677,0.02468109,-0.73950325,1.48347322,5.06682417,0.00000002
13.49100000,STAND,-0.00099096,-0.00484254,0.00110841,-0.01691545,0.00923461,0.31215125,-0.02456318,0.00894424,0.02185042,0.01801257,0.00025027,26.61308672,25.42173847,33.58353947,31.46688309,0.03680354,-0.73680650,1.50660605,0.02350280,-0.74118623,1.48445837,5.02985322,0.00000002
13.50100000,STAND,-0.00092233,-0.00472741,0.00103260,-0.01644488,0.00880799,0.31213540,-0.02411938,0.00854089,0.02129698,0.01798905,0.00022675,26.62541183,25.55930912,33.43025371,31.47195661,0.03568590,-0.73853784,1.50776067,0.02235399,-0.74282447,1.48541280,4.99382576,0.00000002
13.51100000,STAND,-0.00085575,-0.00461532,0.00095876,-0.01598548,0.00839144,0.31211975,-0.02368599,0.00814697,0.02075719,0.01796614,0.00020384,26.63739128,25.69285987,33.28141335,31.47691911,0.03459596,-0.74022358,1.50888081,0.02123492,-0.74441779,1.48633676,4.95875023,0.00000002
13.52100000,STAND,-0.00079122,-0.00450628,0.00088688,-0.01553736,0.00798507,0.31210431,-0.02326312,0.00776258,0.02023117,0.01794387,0.00018156,26.64902950,25.82234218,33.13705407,31.48177563,0.03353401,-0.74186349,1.50996670,0.02014581,-0.74596608,1.48723053,4.92463442,0.00000002
13.53100000,STAND,-0.00072874,-0.00440030,0.00081697,-0.01510061,0.00758896,0.31208910,-0.02285087,0.00738780,0.01971901,0.01792223,0.00015992,26.66033128,25.94771013,32.99720870,31.48653102,0.03250030,-0.74345735,1.51101858,0.01908687,-0.74746922,1.48809439,4.89148539,0.00000002
13.54100000,STAND,-0.00066831,-0.00429739,0.00074905,-0.01467531,0.00720320,0.31207412,-0.02244932,0.00702272,0.01922082,0.01790123,0.00013893,26.67130184,26.06892058,32.86190719,31.49118988,0.03149509,-0.74500498,1.51203669,0.01805828,-0.74892717,1.48892864,4.85930953,0.00000001
13.55100000,STAND,-0.00060991,-0.00419755,0.00068311,-0.01426157,0.00682784,0.31205941,-0.02205855,0.00666740,0.01873667,0.01788089,0.00011858,26.68194671,26.18593314,32.73117661,31.49575659,0.03051857,-0.74650624,1.51302130,0.01706020,-0.75033989,1.48973359,4.82811256,0.00000001
13.56100000,STAND,-0.00055355,-0.00410079,0.00061917,-0.01385943,0.00646296,0.31204496,-0.02167864,0.00632190,0.01826665,0.01786120,0.00009890,26.69227181,26.29871030,32.60504112,31.50023524,0.02957095,-0.74796102,1.51397269,0.01609274,-0.75170739,1.49050956,4.79789949,0.00000001
13.57100000,STAND,-0.00049922,-0.00400711,0.00055721,-0.01346896,0.00610861,0.31203080,-0.02130964,0.00598628,0.01781081,0.01784219,0.00007988,26.70228333,26.40721743,32.48352198,31.50462971,0.02865238,-0.74936926,1.51489115,0.01515600,-0.75302971,1.49125690,4.76867466,0.00000001
13.58100000,STAND,-0.00044692,-0.00391652,0.00049725,-0.01309022,0.00576483,0.31201693,-0.02095162,0.00566059,0.01736921,0.01782384,0.00006154,26.71198778,26.51142291,32.36663754,31.50894359,0.02776299,-0.75073092,1.51577701,0.01425006,-0.75430693,1.49197594,4.74044173,0.00000001
13.59100000,STAND,-0.00039662,-0.00382902,0.00043929,-0.01272325,0.00543166,0.31200337,-0.02060461,0.00534487,0.01694188,0.01780617,0.00004387,26.72139185,26.61129810,32.25440324,31.51318023,0.02690290,-0.75204600,1.51663057,0.01337495,-0.75553916,1.49266706,4.71320371,0.00000001
13.60100000,STAND,-0.00034834,-0.00374460,0.00038332,-0.01236808,0.00510913,0.31199013,-0.02026866,0.00503914,0.01652885,0.01778919,0.00002689,26.73050248,26.70681747,32.14683159,31.51734276,0.02607217,-0.75331456,1.51745219,0.01253069,-0.75672657,1.49333060,4.68696294,0.00000001
13.61100000,STAND,-0.00030206,-0.00366327,0.00032934,-0.01202473,0.00479726,0.31197722,-0.01994378,0.00474342,0.01613013,0.01777289,0.00001059,26.73932670,26.79795859,32.04393220,31.52143408,0.02527085,-0.75453667,1.51824221,0.01171724,-0.75786933,1.49396698,4.66172108,0.00000001
13.62100000,STAND,-0.00025777,-0.00358501,0.00027735,-0.01169321,0.00449606,0.31196465,-0.01963000,0.00445774,0.01574572,0.01775729,-0.00000501,26.74787167,26.88470221,31.94571178,31.52545689,0.02449897,-0.75571246,1.51900100,0.01093457,-0.75896767,1.49457656,4.63747917,0.00000001
13.63100000,STAND,-0.00021546,-0.00350983,0.00022734,-0.01137354,0.00420552,0.31195242,-0.01932732,0.00418208,0.01537562,0.01774238,-0.00001992,26.75614458,26.96703230,31.85217409,31.52941371,0.02375650,-0.75684208,1.51972895,0.01018259,-0.76002187,1.49515978,4.61423760,0.00000001
13.64100000,STAND,-0.00017512,-0.00343772,0.00017931,-0.01106569,0.00392564,0.31194054,-0.01903574,0.00391646,0.01501980,0.01772818,-0.00003413,26.76415261,27.04493611,31.76331999,31.53330691,0.02304342,-0.75792575,1.52042644,0.00946118,-0.76103222,1.49571703,4.59199611,0.00000001
13.65100000,STAND,-0.00013675,-0.00336867,0.00013325,-0.01076966,0.00365641,0.31192903,-0.01875526,0.00366084,0.01467821,0.01771467,-0.00004763,26.77190289,27.11840418,31.67914744,31.53713873,0.02235963,-0.75896371,1.52109389,0.00877021,-0.76199907,1.49624876,4.57075382,0.00000001
13.66100000,STAND,-0.00010033,-0.00330267,0.00008916,-0.01048541,0.00339777,0.31191788,-0.01848583,0.00341522,0.01435082,0.01770187,-0.00006043,26.77940245,27.18743043,31.59965142,31.54091127,0.02170503,-0.75995624,1.52173173,0.00810949,-0.76292280,1.49675541,4.55050923,0.00000001
13.67100000,STAND,-0.00006586,-0.00323971,0.00004701,-0.01021290,0.00314971,0.31190710,-0.01822744,0.00317954,0.01403755,0.01768978,-0.00007252,26.78665816,27.25201216,31.52482402,31.54462657,0.02107949,-0.76090369,1.52234038,0.00747882,-0.76380385,1.49723743,4.53126021,0.00000001
13.68100000,STAND,-0.00003331,-0.00317978,0.00000681,-0.00995209,0.00291217,0.31189669,-0.01798004,0.00295378,0.01373833,0.01767840,-0.00008390,26.79367671,27.31215015,31.45465436,31.54828656,0.02048283,-0.76180641,1.52292032,0.00687795,-0.76464268,1.49769530,4.51300401,0.00000001
13.69100000,STAND,-0.00000269,-0.00312286,-0.00003146,-0.00970291,0.00268509,0.31188666,-0.01774357,0.00273788,0.01345307,0.01766772,-0.00009458,26.80046456,27.36784865,31.38912859,31.55189313,0.01991484,-0.76266483,1.52347200,0.00630660,-0.76543979,1.49812949,4.49573729,0.00000001
13.70100000,STAND,0.00002603,-0.00306895,-0.00006781,-0.00946529,0.00246840,0.31187700,-0.01751798,0.00253177,0.01318165,0.01765775,-0.00010455,26.80702788,27.41911546,31.32822989,31.55544813,0.01937529,-0.76347941,1.52399592,0.00576447,-0.76619575,1.49854051,4.47945608,0.00000001
13.71100000,STAND,0.00005286,-0.00301802,-0.00010226,-0.00923914,0.00226202,0.31186772,-0.01730318,0.00233538,0.01292397,0.01764850,-0.00011381,26.81337258,27.46596197,31.27193842,31.55895335,0.01886389,-0.76425066,1.52449256,0.00525120,-0.76691115,1.49892887,4.46415581,0.00000001
13.72100000,STAND,0.00007780,-0.00297006,-0.00013482,-0.00902437,0.00206586,0.31185881,-0.01709909,0.00214863,0.01267988,0.01763995,-0.00012236,26.81950421,27.50840318,31.22023133,31.56241060,0.01838033,-0.76497915,1.52496246,0.00476641,-0.76758662,1.49929509,4.44983129,0.00000001
13.73100000,STAND,0.00010088,-0.00292504,-0.00016551,-0.00882088,0.00187980,0.31185028,-0.01690561,0.00197143,0.01244923,0.01763210,-0.00013020,26.82542801,27.54645781,31.17308268,31.56582164,0.01792427,-0.76566546,1.52540615,0.00430968,-0.76822286,1.49963972,4.43647674,0.00000001
13.74100000,STAND,0.00012211,-0.00288295,-0.00019434,-0.00862853,0.00170375,0.31184212,-0.01672264,0.00180366,0.01223186,0.01762496,-0.00013734,26.83114883,27.58014827,31.13046345,31.56918822,0.01749533,-0.76631025,1.52582417,0.00388057,-0.76882060,1.49996331,4.42408577,0.00000001
13.75100000,STAND,0.00014150,-0.00284377,-0.00022135,-0.00844720,0.00153757,0.31183432,-0.01655005,0.00164521,0.01202760,0.01761852,-0.00014378,26.83667116,27.60950076,31.09234148,31.57251210,0.01709308,-0.76691422,1.52621710,0.00347857,-0.76938062,1.50026643,4.41265136,0.00000001
13.76100000,STAND,0.00015907,-0.00280748,-0.00024654,-0.00827675,0.00138112,0.31182689,-0.01638772,0.00149596,0.01183624,0.01761278,-0.00014953,26.84199910,27.63454533,31.05868143,31.57579501,0.01671707,-0.76747812,1.52658553,0.00310317,-0.76990374,1.50054968,4.40216590,0.00000001
13.77100000,STAND,0.00017484,-0.00277404,-0.00026993,-0.00811702,0.00123427,0.31181981,-0.01623549,0.00135577,0.01165757,0.01760773,-0.00015458,26.84713637,27.65531587,31.02944471,31.57903868,0.01636680,-0.76800274,1.52693006,0.00275378,-0.77039083,1.50081368,4.39262114,0.00000000
13.78100000,STAND,0.00018883,-0.00274343,-0.00029156,-0.00796784,0.00109683,0.31181308,-0.01609322,0.00122448,0.01149137,0.01760337,-0.00015893,26.85208629,27.67185022,31.00458950,31.58224481,0.01604174,-0.76848895,1.52725132,0.00242982,-0.77084282,1.50105904,4.39061702,0.00000000
13.79100000,STAND,0.00020104,-0.00271564,-0.00031145,-0.00782903,0.00096865,0.31180669,-0.01596073,0.00110195,0.01133740,0.01759969,-0.00016261,26.85685181,27.68419020,30.98407058,31.58541508,0.01574131,-0.76893764,1.52754997,0.00213063,-0.77126069,1.50128641,4.39053950,0.00000000
13.80100000,STAND,0.00021151,-0.00269062,-0.00032962,-0.00770040,0.00084954,0.31180062,-0.01583786,0.00098799,0.01119539,0.01759669,-0.00016561,26.86143551,27.69238164,30.96783939,31.58855116,0.01546491,-0.76934976,1.52782666,0.00185554,-0.77164545,1.50149647,4.39060770,0.00000000
13.81100000,STAND,0.00022025,-0.00266834,-0.00034609,-0.00758173,0.00073930,0.31179488,-0.01572440,0.00088243,0.01106507,0.01759437,-0.00016793,26.86583960,27.69647447,30.95584388,31.59165465,0.01521188,-0.76972633,1.52808211,0.00160383,-0.77199818,1.50168990,4.39082155,0.00000000
13.82100000,STAND,0.00022728,-0.00264878,-0.00036091,-0.00747281,0.00063771,0.31178945,-0.01562015,0.00078507,0.01094616,0.01759271,-0.00016959,26.87006593,27.69652276,30.94802849,31.59472712,0.01498154,-0.77006841,1.52831701,0.00137472,-0.77232000,1.50186742,4.39118075,0.00000000
13.83100000,STAND,0.00023263,-0.00263191,-0.00037409,-0.00737341,0.00054457,0.31178431,-0.01552490,0.00069570,0.01083833,0.01759170,-0.00017060,26.87411604,27.69258474,30.94433407,31.59777010,0.01477315,-0.77037712,1.52853212,0.00116743,-0.77261210,1.50202976,4.39168484,0.00000000
13.84100000,STAND,0.00023631,-0.00261768,-0.00038568,-0.00728327,0.00045963,0.31177946,-0.01543842,0.00061410,0.01074127,0.01759135,-0.00017095,26.87799114,27.68472290,30.94469778,31.60078503,0.01458593,-0.77065363,1.52872820,0.00098111,-0.77287571,1.50217767,4.39233313,0.00000000
13.85100000,STAND,0.00023835,-0.00260605,-0.00039569,-0.00720214,0.00038264,0.31177487,-0.01536046,0.00054004,0.01065463,0.01759163,-0.00017067,26.88169216,27.67300400,30.94905308,31.60377330,0.01441909,-0.77089918,1.52890604,0.00081487,-0.77311212,1.50231195,4.39312474,0.00000000
13.86100000,STAND,0.00023877,-0.00259700,-0.00040417,-0.00712974,0.00031334,0.31177053,-0.01529076,0.00047328,0.01057806,0.01759255,-0.00016975,26.88521977,27.65749913,30.95732959,31.60673622,0.01427176,-0.77111506,1.52906645,0.00066780,-0.77332267,1.50243340,4.39405860,0.00000000
13.87100000,STAND,0.00023760,-0.00259048,-0.00041116,-0.00706578,0.00025146,0.31176643,-0.01522907,0.00041356,0.01051116,0.01759408,-0.00016822,26.88857437,27.63828378,30.96945304,31.60967503,0.01414304,-0.77130262,1.52921030,0.00053892,-0.77350877,1.50254286,4.39513344,0.00000000
13.88100000,STAND,0.00023486,-0.00258645,-0.00041668,-0.00700996,0.00019670,0.31176255,-0.01517510,0.00036061,0.01045356,0.01759623,-0.00016608,26.89175616,27.61543784,30.98534519,31.61259086,0.01403200,-0.77146327,1.52933844,0.00042722,-0.77367187,1.50264119,4.39634778,0.00000000
13.89100000,STAND,0.00023058,-0.00258486,-0.00042078,-0.00696196,0.00014878,0.31175886,-0.01512854,0.00031415,0.01040483,0.01759897,-0.00016334,26.89476515,27.58904570,31.00492376,31.61548478,0.01393765,-0.77159848,1.52945180,0.00033166,-0.77381349,1.50272928,4.39769996,0.00000000
13.90100000,STAND,0.00022480,-0.00258567,-0.00042351,-0.00692144,0.00010736,0.31175536,-0.01508910,0.00027388,0.01036453,0.01760229,-0.00016001,26.89760116,27.55919624,31.02810231,31.61835777,0.01385897,-0.77170978,1.52955130,0.00025113,-0.77393521,1.50280807,4.39918812,0.00000000
13.91100000,STAND,0.00021753,-0.00258883,-0.00042489,-0.00688807,0.00007213,0.31175202,-0.01505644,0.00023950,0.01033223,0.01760618,-0.00015612,26.90026391,27.52598290,31.05479021,31.62121072,0.01379489,-0.77179876,1.52963792,0.00018451,-0.77403866,1.50287849,4.40081023,0.00000000
13.92100000,STAND,0.00020882,-0.00259428,-0.00042498,-0.00686147,0.00004273,0.31174881,-0.01503024,0.00021068,0.01030745,0.01761064,-0.00015167,26.90275296,27.48950374,31.08489251,31.62404443,0.01374429,-0.77186710,1.52971266,0.00013059,-0.77412555,1.50294155,4.40256404,0.00000000
13.93100000,STAND,0.00019869,-0.00260198,-0.00042383,-0.00684127,0.00001881,0.31174572,-0.01501013,0.00018709,0.01028969,0.01761563,-0.00014667,26.90506782,27.44986140,31.11830989,31.62685965,0.01370602,-0.77191650,1.52977656,0.00008817,-0.77419763,1.50299825,4.40444716,0.00000000
13.94100000,STAND,0.00018717,-0.00261188,-0.00042147,-0.00682708,0.00000000,0.31174273,-0.01499575,0.00016838,0.01027846,0.01762115,-0.00014115,26.90720792,27.40716324,31.15493855,31.62965705,0.01367888,-0.77194875,1.52983068,0.00005595,-0.77425672,1.50304965,4.40645698,0.00000000
13.95100000,STAND,0.00017431,-0.00262390,-0.00041796,-0.00681848,-0.00001409,0.31173981,-0.01498671,0.00015419,0.01027323,0.01762719,-0.00013512,26.90917267,27.36152126,31.19467016,31.63243724,0.01366162,-0.77196572,1.52987615,0.00003263,-0.77430472,1.50309683,4.40859075,0.00000000
13.96100000,STAND,0.00016013,-0.00263799,-0.00041335,-0.00681506,-0.00002387,0.31173693,-0.01498263,0.00014414,0.01027343,0.01763371,-0.00012859,26.91096145,27.31305223,31.23739174,31.63520079,0.01365295,-0.77196932,1.52991411,0.00001683,-0.77434357,1.50314091,4.41084555,0.00000000
13.97100000,STAND,0.00014468,-0.00265410,-0.00040769,-0.00681637,-0.00002974,0.31173407,-0.01498310,0.00013784,0.01027852,0.01764072,-0.00012158,26.91257369,27.26187765,31.28298562,31.63794823,0.01365152,-0.77196154,1.52994573,0.00000716,-0.77437529,1.50318306,4.41321828,0.00000000
13.98100000,STAND,0.00012799,-0.00267215,-0.00040104,-0.00682195,-0.00003215,0.31173121,-0.01498767,0.00013489,0.01028790,0.01764818,-0.00011412,26.91400882,27.20812380,31.33132930,31.64068010,0.01365596,-0.77194443,1.52997225,0.00000214,-0.77440196,1.50322446,4.41570571,0.00000000
13.99100000,STAND,0.00011012,-0.00269209,-0.00039345,-0.00683134,-0.00003153,0.31172832,-0.01499592,0.00013486,0.01030096,0.01765608,-0.00010622,26.91544934,27.15193451,31.38227460,31.64327492,0.01366485,-0.77192013,1.52999492,0.00000027,-0.77442573,1.50326634,4.41828301,0.00000005
14.00100000,STAND,0.00009110,-0.00271384,-0.00038498,-0.00684404,-0.00002836,0.31172537,-0.01500738,0.00013733,0.01031708,0.01766440,-0.00009790,26.91609782,27.09340400,31.43575488,31.64566397,0.01367669,-0.77189082,1.53001505,0.00000000,-0.77444882,1.50330998,4.42095071,0.00000009
