time_s,state,roll_rad,pitch_rad,yaw_rad,body_x_m,body_y_m,body_z_m,com_x_m,com_y_m,support_margin_m,fr_foot_z_m,fr_lift_m,fl_force_n,fr_force_n,hl_force_n,hr_force_n,fr_q0,fr_q1,fr_q2,fr_qd0,fr_qd1,fr_qd2,max_abs_tau_nm,ik_residual_m
0.00100000,STAND,-0.00000000,0.00000000,-0.00000000,-0.00000004,0.00000000,0.32207984,-0.00842045,0.00016080,0.00585067,0.02200000,0.00000000,1.41653174,1.41753142,1.41745844,1.41726896,0.00000017,-0.77300194,1.50054729,0.00000000,-0.77297953,1.50050035,0.00000000,0.00000000
0.01000000,STAND,-0.00000007,0.00009971,0.00000009,-0.00000957,0.00000001,0.32159653,-0.00843082,0.00016081,0.00587332,0.02177284,0.00000000,7.14526091,7.15199081,6.57793477,6.57712714,0.00011975,-0.77355391,1.50205470,0.00000000,-0.77297953,1.50050035,0.73863846,0.00000000
0.02000000,STAND,-0.00000043,0.00054182,0.00000084,-0.00005763,0.00000011,0.32036677,-0.00847994,0.00016087,0.00594382,0.02107199,0.00000000,18.40826680,18.41580868,15.73177259,15.73192539,0.00052767,-0.77473904,1.50592882,0.00000000,-0.77297953,1.50050035,1.95466580,0.00000000
0.03000000,STAND,-0.00000165,0.00150096,0.00000321,-0.00018467,0.00000043,0.31872199,-0.00860800,0.00016111,0.00606369,0.02021534,0.00000000,27.41861227,27.43025508,22.34811217,22.34677154,0.00119237,-0.77634216,1.51215165,0.00000000,-0.77297953,1.50050035,3.16239159,0.00000000
0.04000000,STAND,-0.00000480,0.00281065,0.00000799,-0.00041103,0.00000114,0.31694141,-0.00882946,0.00016166,0.00624196,0.01921484,0.00000000,33.79840881,33.80396471,26.90476688,26.90137882,0.00210850,-0.77734506,1.51861514,0.00000000,-0.77297953,1.50050035,4.04037928,0.00000000
0.05000000,STAND,-0.00001011,0.00411622,0.00001540,-0.00073710,0.00000236,0.31521160,-0.00914337,0.00016265,0.00647932,0.01820008,0.00000000,38.33915584,38.33344194,30.54447463,30.53782175,0.00319147,-0.77772359,1.52456243,0.00000000,-0.77297953,1.50050035,4.70991551,0.00000000
0.06000000,STAND,-0.00001741,0.00512848,0.00002525,-0.00115757,0.00000417,0.31366938,-0.00954403,0.00016417,0.00677333,0.01729060,0.00000000,41.00194729,40.98098251,33.26647986,33.25515119,0.00436337,-0.77757259,1.52954504,0.00000000,-0.77297953,1.50050035,5.15391278,0.00000000
0.07000000,STAND,-0.00002636,0.00566044,0.00003700,-0.00166353,0.00000657,0.31240367,-0.01002275,0.00016622,0.00711980,0.01656596,0.00000000,41.90324240,41.86423426,35.10191709,35.08440620,0.00555096,-0.77699185,1.53329486,0.00000000,-0.77297953,1.50050035,5.37692662,0.00000000
0.08000000,STAND,-0.00003652,0.00562861,0.00004990,-0.00224344,0.00000953,0.31145826,-0.01056873,0.00016879,0.00751270,0.01606719,0.00000000,41.30030818,41.24176672,36.13814702,36.11298349,0.00668829,-0.77607721,1.53571657,0.00000000,-0.77297953,1.50050035,5.40487045,0.00000000
0.09000000,STAND,-0.00004740,0.00503759,0.00006304,-0.00288376,0.00001293,0.31083780,-0.01116968,0.00017180,0.00794415,0.01580255,0.00000000,39.53514709,39.45687727,36.50749183,36.47339561,0.00772141,-0.77491935,1.53686346,0.00000000,-0.77297953,1.50050035,5.27740748,0.00000000
0.10000000,STAND,-0.00005847,0.00395698,0.00007555,-0.00356955,0.00001665,0.31051602,-0.01181225,0.00017514,0.00840469,0.01575491,0.00000000,36.98378272,36.88676141,36.37043763,36.32646540,0.00861188,-0.77360355,1.53690077,0.00000000,-0.77297953,1.50050035,5.04063489,0.00000000
0.11000000,STAND,-0.00006926,0.00249689,0.00008665,-0.00428508,0.00002053,0.31044502,-0.01248248,0.00017866,0.00888371,0.01588958,0.00000000,34.01465474,33.90082265,35.89725787,35.84291699,0.00933813,-0.77220891,1.53606474,0.00000000,-0.77297953,1.50050035,4.89696523,0.00000000
0.12000000,STAND,-0.00007932,0.00078577,0.00009576,-0.00501447,0.00002441,0.31056450,-0.01316629,0.00018224,0.00937013,0.01616170,0.00000000,30.95697829,30.82898177,35.25085674,35.18617169,0.00989468,-0.77080678,1.53462345,0.00000000,-0.77297953,1.50050035,4.85411382,0.00000000
0.13000000,STAND,-0.00008826,-0.00104759,0.00010251,-0.00574237,0.00002815,0.31081018,-0.01384996,0.00018572,0.00985304,0.01652283,0.00000000,28.07927364,27.94018978,34.57284874,34.49837466,0.01028980,-0.76945875,1.53284314,0.00000000,-0.77297953,1.50050035,4.80513854,0.00000000
0.14000000,STAND,-0.00009584,-0.00288708,0.00010677,-0.00645457,0.00003159,0.31112081,-0.01452070,0.00018897,0.01032236,0.01692629,0.00000000,25.57776197,25.43083600,33.97404288,33.89082935,0.01054203,-0.76821470,1.53096253,0.00000000,-0.77297953,1.50050035,4.76512587,0.00000000
0.15000000,STAND,-0.00010186,-0.00463746,0.00010865,-0.00713850,0.00003463,0.31144333,-0.01516703,0.00019188,0.01076930,0.01733118,0.00000000,23.57375304,23.42216980,33.52970767,33.43922151,0.01067644,-0.76711152,1.52917570,0.00000000,-0.77297953,1.50050035,4.74401917,0.00000000
0.16000000,STAND,-0.00010627,-0.00622832,0.00010843,-0.00778360,0.00003719,0.31173611,-0.01577914,0.00019437,0.01118673,0.01770488,0.00000000,22.11856846,21.96527162,33.27932954,33.18334877,0.01072103,-0.76617279,1.52762349,0.00000000,-0.77297953,1.50050035,4.74673811,0.00000000
0.17000000,STAND,-0.00010907,-0.00761451,0.00010652,-0.00838149,0.00003921,0.31197047,-0.01634908,0.00019637,0.01156927,0.01802436,0.00000000,21.20407718,21.05164210,33.23008418,33.13057628,0.01070366,-0.76540944,1.52639208,0.00000000,-0.77297953,1.50050035,4.77378273,0.00000000
0.18000000,STAND,-0.00011035,-0.00877400,0.00010339,-0.00892603,0.00004067,0.31213047,-0.01687082,0.00019787,0.01191334,0.01827618,0.00000000,20.77668036,20.62723990,33.36294126,33.26193793,0.01064975,-0.76482139,1.52551743,0.00000000,-0.77297953,1.50050035,4.82215472,0.00000000
0.19000000,STAND,-0.00011026,-0.00970415,0.00009956,-0.00941317,0.00004158,0.31221167,-0.01734017,0.00019884,0.01221690,0.01845565,0.00000000,20.75262049,20.60783798,33.64021872,33.53969758,0.01058075,-0.76439971,1.52499345,0.00000000,-0.77297953,1.50050035,4.88643141,0.00000000
0.20000000,STAND,-0.00010897,-0.01041705,0.00009548,-0.00984069,0.00004196,0.31221894,-0.01775462,0.00019932,0.01247927,0.01856533,0.00000000,21.03277687,20.89385727,34.01347262,33.91525413,0.01051337,-0.76412917,1.52478243,0.00000000,-0.77297953,1.50050035,4.95984886,0.00000000
0.21000000,STAND,-0.00010668,-0.01093474,0.00009154,-0.01020797,0.00004186,0.31216390,-0.01811311,0.00019933,0.01270083,0.01861315,0.00000000,21.51556440,21.38329353,34.43080622,34.33647134,0.01045940,-0.76399078,1.52482601,0.00000000,-0.77297953,1.50050035,5.03528292,0.00000000
0.22000000,STAND,-0.00010358,-0.01128476,0.00008807,-0.01051560,0.00004133,0.31206229,-0.01841575,0.00019893,0.01288270,0.01861045,0.00000000,22.10707427,21.98187573,34.84295224,34.75378407,0.01042600,-0.76396408,1.52505552,0.00000000,-0.77297953,1.50050035,5.10605363,0.00000000
0.23000000,STAND,-0.00009987,-0.01149634,0.00008523,-0.01076510,0.00004044,0.31193151,-0.01866357,0.00019817,0.01302653,0.01857016,0.00000000,22.72809254,22.61009305,35.20776862,35.12471903,0.01041632,-0.76402902,1.52540092,0.00000000,-0.77297953,1.50050035,5.16651419,0.00000000
0.24000000,STAND,-0.00009574,-0.01159744,0.00008314,-0.01095864,0.00003926,0.31178856,-0.01885827,0.00019712,0.01313424,0.01850524,0.00000000,23.31804583,23.20714156,35.49304794,35.41672809,0.01043036,-0.76416734,1.52579777,0.00000000,-0.77297953,1.50050035,5.21241621,0.00000000
0.25000000,STAND,-0.00009133,-0.01161269,0.00008178,-0.01109880,0.00003785,0.31164847,-0.01900200,0.00019583,0.01320792,0.01842742,0.00000000,23.83622270,23.73214072,35.67774463,35.60843679,0.01046584,-0.76436340,1.52619207,0.00000000,-0.77297953,1.50050035,5.24106617,0.00000000
0.26000000,STAND,-0.00008679,-0.01156222,0.00008109,-0.01118842,0.00003629,0.31152327,-0.01909726,0.00019438,0.01324968,0.01834647,0.00000000,24.26080220,24.16315344,35.75186374,35.68955058,0.01051911,-0.76460455,1.52654298,0.00000000,-0.77297953,1.50050035,5.25130506,0.00000000
0.27000000,STAND,-0.00008224,-0.01146121,0.00008093,-0.01123049,0.00003463,0.31142145,-0.01914673,0.00019282,0.01326165,0.01826971,0.00000000,24.58630223,24.49462401,35.71533026,35.65973691,0.01058592,-0.76488110,1.52682370,0.00000000,-0.77297953,1.50050035,5.24335170,0.00000000
0.28000000,STAND,-0.00007778,-0.01132012,0.00008116,-0.01122808,0.00003291,0.31134792,-0.01915325,0.00019121,0.01324592,0.01820194,0.00000000,24.82006081,24.73384848,35.57618059,35.52682469,0.01066205,-0.76518600,1.52702083,0.00000000,-0.77297953,1.50050035,5.21855410,0.00000000
0.29000000,STAND,-0.00007349,-0.01114528,0.00008159,-0.01118435,0.00003120,0.31130428,-0.01911977,0.00018958,0.01320458,0.01814560,0.00000000,24.97830674,24.89703532,35.34840001,35.30464501,0.01074383,-0.76551427,1.52713262,0.00000000,-0.77297953,1.50050035,5.17909168,0.00000000
0.30000000,STAND,-0.00006944,-0.01093985,0.00008209,-0.01110252,0.00002954,0.31128933,-0.01904934,0.00018799,0.01313974,0.01810112,0.00000000,25.08228339,25.00542062,35.04968619,35.01079375,0.01082839,-0.76586246,1.52716645,0.00000000,-0.77297953,1.50050035,5.12766603,0.00000000
0.31000000,STAND,-0.00006567,-0.01070479,0.00008251,-0.01098592,0.00002794,0.31129975,-0.01894514,0.00018646,0.01305356,0.01806740,0.00000000,25.15477744,25.08179048,34.69935983,34.66453800,0.01091382,-0.76622801,1.52713609,0.00000000,-0.77297953,1.50050035,5.06721081,0.00000000
0.32000000,STAND,-0.00006224,-0.01043995,0.00008277,-0.01083797,0.00002644,0.31133086,-0.01881045,0.00018503,0.01294827,0.01804231,0.00000000,25.21728809,25.14764581,34.31657922,34.28502397,0.01099915,-0.76660870,1.52705890,0.00000000,-0.77297953,1.50050035,5.00064285,0.00000000
0.33000000,STAND,-0.00005916,-0.01014491,0.00008279,-0.01066225,0.00002507,0.31137725,-0.01864870,0.00018370,0.01282618,0.01802316,0.00000000,25.28796038,25.22113350,33.91895244,33.88988128,0.01108423,-0.76700226,1.52695336,0.00000000,-0.77297953,1.50050035,4.93066782,0.00000000
0.34000000,STAND,-0.00005647,-0.00981975,0.00008255,-0.01046245,0.00002383,0.31143345,-0.01846342,0.00018251,0.01268969,0.01800715,0.00000000,25.38030894,25.31576962,33.52158401,33.49426106,0.01116955,-0.76740603,1.52683700,0.00000000,-0.77297953,1.50050035,4.85964602,0.00000000
0.35000000,STAND,-0.00005418,-0.00946553,0.00008206,-0.01024239,0.00002275,0.31149437,-0.01825825,0.00018146,0.01254129,0.01799172,0.00000000,25.50267906,25.43990129,33.13654512,33.11029813,0.01125605,-0.76781680,1.52672494,0.00000000,-0.77297953,1.50050035,4.78951667,0.00000000
0.36000000,STAND,-0.00005229,-0.00908459,0.00008135,-0.01000596,0.00002182,0.31155565,-0.01803693,0.00018056,0.01238351,0.01797475,0.00000000,25.65833463,25.59679623,32.77272060,32.74695062,0.01134483,-0.76823078,1.52662889,0.00000000,-0.77297953,1.50050035,4.72177444,0.00000000
0.37000000,STAND,-0.00005082,-0.00868059,0.00008049,-0.00975713,0.00002105,0.31161387,-0.01780322,0.00017981,0.01221894,0.01795475,0.00000000,25.84602775,25.78521434,32.43596123,32.41014630,0.01143700,-0.76864366,1.52655679,0.00000000,-0.77297953,1.50050035,4.65748803,0.00000000
0.38000000,STAND,-0.00004976,-0.00825847,0.00007953,-0.00949982,0.00002044,0.31166663,-0.01756087,0.00017922,0.01205012,0.01793090,0.00000000,26.06089090,26.00030179,32.12945783,32.10315204,0.01153352,-0.76905073,1.52651284,0.00000000,-0.77297953,1.50050035,4.59734925,0.00000000
0.39000000,STAND,-0.00004910,-0.00782419,0.00007854,-0.00923794,0.00002000,0.31171247,-0.01731359,0.00017878,0.01187957,0.01790299,0.00000000,26.29549706,26.23465274,31.85425125,31.82708064,0.01163501,-0.76944708,1.52649788,0.00000000,-0.77297953,1.50050035,4.54174070,0.00000000
0.40000000,STAND,-0.00004882,-0.00738439,0.00007760,-0.00897524,0.00001971,0.31175082,-0.01706495,0.00017849,0.01170971,0.01787138,0.00000000,26.54095104,26.47940162,31.60979901,31.58145564,0.01174177,-0.76982779,1.52650998,0.00000000,-0.77297953,1.50050035,4.49081120,0.00000000
0.41000000,STAND,-0.00004890,-0.00694611,0.00007675,-0.00871532,0.00001957,0.31178178,-0.01681839,0.00017834,0.01154281,0.01783684,0.00000000,26.78790270,26.72523664,31.39453196,31.36476723,0.01185367,-0.77018818,1.52654523,0.00000000,-0.77297953,1.50050035,4.44454992,0.00000000
0.42000000,STAND,-0.00004931,-0.00651635,0.00007605,-0.00846152,0.00001957,0.31180596,-0.01657709,0.00017832,0.01138100,0.01780043,0.00000000,27.02740406,26.96325657,31.20635045,31.17496853,0.01197023,-0.77052395,1.52659848,0.00000000,-0.77297953,1.50050035,4.40285239,0.00000000
0.43000000,STAND,-0.00005002,-0.00610183,0.00007553,-0.00821693,0.00001970,0.31182428,-0.01634400,0.00017843,0.01122620,0.01776337,0.00000000,27.25156465,27.18562498,31.04302706,31.00987900,0.01209062,-0.77083136,1.52666402,0.00000000,-0.77297953,1.50050035,4.36557403,0.00000000
0.44000000,STAND,-0.00005100,-0.00570868,0.00007519,-0.00798430,0.00001995,0.31183782,-0.01612177,0.00017864,0.01108011,0.01772689,0.00000000,27.45398808,27.38600525,30.90249957,30.86747843,0.01221375,-0.77110732,1.52673624,0.00000000,-0.77297953,1.50050035,4.33256905,0.00000000
0.45000000,STAND,-0.00005219,-0.00534223,0.00007504,-0.00776605,0.00002030,0.31184762,-0.01591274,0.00017896,0.01094418,0.01769216,0.00000000,27.62999731,27.55978391,30.78305245,30.74608949,0.01233835,-0.77134949,1.52681007,0.00000000,-0.77297953,1.50050035,4.30371464,0.00000000
0.46000000,STAND,-0.00005356,-0.00500689,0.00007507,-0.00756423,0.00002073,0.31185466,-0.01571890,0.00017936,0.01081965,0.01766017,0.00000000,27.77667382,27.70410768,30.68339645,30.64445836,0.01246305,-0.77155631,1.52688129,0.00000000,-0.77297953,1.50050035,4.27892166,0.00000000
0.47000000,STAND,-0.00005506,-0.00470607,0.00007526,-0.00738052,0.00002124,0.31185971,-0.01554190,0.00017983,0.01070748,0.01763169,0.00000000,27.89274756,27.81777116,30.60266358,30.56175042,0.01258642,-0.77172694,1.52694671,0.00000000,-0.77297953,1.50050035,4.25813417,0.00000000
0.48000000,STAND,-0.00005665,-0.00444220,0.00007559,-0.00721624,0.00002181,0.31186335,-0.01538304,0.00018035,0.01060840,0.01760730,0.00000000,27.97837975,27.90099764,30.54033926,30.49748297,0.01270713,-0.77186126,1.52700423,0.00000000,-0.77297953,1.50050035,4.24132091,0.00000000
0.49000000,STAND,-0.00005828,-0.00421673,0.00007600,-0.00707233,0.00002241,0.31186593,-0.01524327,0.00018092,0.01052288,0.01758730,0.00000000,28.03488132,27.95515562,30.49615455,30.45141752,0.01282392,-0.77195982,1.52705272,0.00000000,-0.77297953,1.50050035,4.22846161,0.00000000
0.50000000,STAND,-0.00005991,-0.00403025,0.00007649,-0.00694938,0.00002304,0.31186761,-0.01512322,0.00018150,0.01045120,0.01757181,0.00000000,28.06440566,27.98245002,30.46996000,30.42343365,0.01293565,-0.77202371,1.52709192,0.00000000,-0.77297953,1.50050035,4.21953107,0.00000000
0.51000000,STAND,-0.00006151,-0.00388257,0.00007700,-0.00684766,0.00002367,0.31186841,-0.01502320,0.00018210,0.01039341,0.01756075,0.00000000,28.06964802,27.98562052,30.46159984,30.41340275,0.01304140,-0.77205450,1.52712227,0.00000000,-0.77297953,1.50050035,4.21448359,0.00000000
0.52000000,STAND,-0.00006304,-0.00377283,0.00007753,-0.00676713,0.00002430,0.31186822,-0.01494322,0.00018269,0.01034934,0.01755390,0.00000000,28.05357618,27.96767133,30.47080078,30.42107632,0.01314038,-0.77205418,1.52714467,0.00000000,-0.77297953,1.50050035,4.21323946,0.00000000
0.53000000,STAND,-0.00006447,-0.00369963,0.00007803,-0.00670745,0.00002490,0.31186687,-0.01488304,0.00018326,0.01031868,0.01755093,0.00000000,28.01920805,27.93164850,30.49708522,30.44599857,0.01323200,-0.77202502,1.52716028,0.00000000,-0.77297953,1.50050035,4.21567499,0.00000000
0.54000000,STAND,-0.00006578,-0.00366114,0.00007849,-0.00666803,0.00002548,0.31186417,-0.01484213,0.00018381,0.01030095,0.01755145,0.00000000,27.96944433,27.88047250,30.53971411,30.48744869,0.01331586,-0.77196953,1.52717040,0.00000000,-0.77297953,1.50050035,4.22161666,0.00000000
0.55000000,STAND,-0.00006694,-0.00365520,0.00007889,-0.00664805,0.00002601,0.31185995,-0.01481977,0.00018432,0.01029551,0.01755504,0.00000000,27.90695718,27.81682719,30.59766080,30.54441407,0.01339168,-0.77189038,1.52717626,0.00000000,-0.77297953,1.50050035,4.23083950,0.00000000
0.56000000,STAND,-0.00006794,-0.00367941,0.00007924,-0.00664649,0.00002649,0.31185409,-0.01481502,0.00018478,0.01030164,0.01756127,0.00000000,27.83413036,27.74310053,30.66961355,30.61559247,0.01345934,-0.77179034,1.52717895,0.00000000,-0.77297953,1.50050035,4.24306941,0.00000000
0.57000000,STAND,-0.00006877,-0.00373119,0.00007951,-0.00666215,0.00002691,0.31184652,-0.01482679,0.00018518,0.01031847,0.01756973,0.00000000,27.75304294,27.66136893,30.75400267,30.69941880,0.01351886,-0.77167223,1.52717936,0.00000000,-0.77297953,1.50050035,4.25798883,0.00000000
0.58000000,STAND,-0.00006942,-0.00380785,0.00007972,-0.00669369,0.00002727,0.31183726,-0.01485384,0.00018553,0.01034508,0.01758003,0.00000000,27.66548578,27.57341463,30.84904612,30.79411070,0.01357032,-0.77153887,1.52717816,0.00000000,-0.77297953,1.50050035,4.27524489,0.00000000
0.59000000,STAND,-0.00006990,-0.00390663,0.00007986,-0.00673965,0.00002756,0.31182639,-0.01489480,0.00018582,0.01038049,0.01759184,0.00000000,27.57300025,27.48076529,30.95280737,30.89772650,0.01361392,-0.77139308,1.52717577,0.00000000,-0.77297953,1.50050035,4.29445918,0.00000000
0.60000000,STAND,-0.00007021,-0.00402475,0.00007995,-0.00679847,0.00002778,0.31181407,-0.01494822,0.00018604,0.01042365,0.01760485,0.00000000,27.47692833,27.38474505,31.06325907,31.00822917,0.01364990,-0.77123759,1.52717242,0.00000000,-0.77297953,1.50050035,4.31523822,0.00000000
0.61000000,STAND,-0.00007035,-0.00415940,0.00007998,-0.00686855,0.00002794,0.31180050,-0.01501259,0.00018621,0.01047348,0.01761879,0.00000000,27.37846533,27.28652821,31.17834708,31.12355084,0.01367857,-0.77107510,1.52716817,0.00000000,-0.77297953,1.50050035,4.33718393,0.00000000
0.62000000,STAND,-0.00007033,-0.00430778,0.00007997,-0.00694821,0.00002804,0.31178595,-0.01508633,0.00018631,0.01052891,0.01763342,0.00000000,27.27870806,27.18718819,31.29605021,31.24165304,0.01370030,-0.77090816,1.52716297,0.00000000,-0.77297953,1.50050035,4.35990334,0.00000000
0.63000000,STAND,-0.00007017,-0.00446716,0.00007992,-0.00703579,0.00002807,0.31177067,-0.01516786,0.00018635,0.01058884,0.01764855,0.00000000,27.17869366,27.08773722,31.41443230,31.36057960,0.01371546,-0.77073924,1.52715672,0.00000000,-0.77297953,1.50050035,4.38301724,0.00000000
0.64000000,STAND,-0.00006988,-0.00463480,0.00007984,-0.00712962,0.00002804,0.31175496,-0.01525560,0.00018633,0.01065220,0.01766397,0.00000000,27.07942629,26.98915380,31.53168472,31.47849978,0.01372449,-0.77057066,1.52714928,0.00000000,-0.77297953,1.50050035,4.40616733,0.00000000
0.65000000,STAND,-0.00006948,-0.00480809,0.00007974,-0.00722805,0.00002796,0.31173911,-0.01534800,0.00018626,0.01071792,0.01767951,0.00000000,26.98189121,26.89239737,31.64615833,31.59374100,0.01372783,-0.77040460,1.52714056,0.00000000,-0.77297953,1.50050035,4.42902182,0.00000000
0.66000000,STAND,-0.00006898,-0.00498448,0.00007963,-0.00732949,0.00002783,0.31172336,-0.01544352,0.00018615,0.01078501,0.01769500,0.00000000,26.88705687,26.79841099,31.75638491,31.70481105,0.01372597,-0.77024306,1.52713049,0.00000000,-0.77297953,1.50050035,4.45127945,0.00000000
0.67000000,STAND,-0.00006841,-0.00516151,0.00007950,-0.00743241,0.00002766,0.31170797,-0.01554070,0.00018600,0.01085249,0.01771029,0.00000000,26.79586705,26.70811403,31.86108914,31.81041068,0.01371941,-0.77008786,1.52711908,0.00000000,-0.77297953,1.50050035,4.47267206,0.00000000
0.68000000,STAND,-0.00006778,-0.00533688,0.00007937,-0.00753534,0.00002746,0.31169315,-0.01563815,0.00018582,0.01091945,0.01772522,0.00000000,26.70922585,26.62238746,31.95919225,31.90943798,0.01370864,-0.76994063,1.52710639,0.00000000,-0.77297953,1.50050035,4.49296596,0.00000000
0.69000000,STAND,-0.00006710,-0.00550842,0.00007923,-0.00763693,0.00002723,0.31167908,-0.01573458,0.00018560,0.01098504,0.01773965,0.00000000,26.62797823,26.54205479,32.04980925,32.00098602,0.01369421,-0.76980282,1.52709257,0.00000000,-0.77297953,1.50050035,4.51196210,0.00000000
0.70000000,STAND,-0.00006641,-0.00567415,0.00007910,-0.00773592,0.00002698,0.31166591,-0.01582876,0.00018537,0.01104849,0.01775342,0.00000000,26.55288912,26.46786147,32.13224120,32.08433568,0.01367664,-0.76967564,1.52707781,0.00000000,-0.77297953,1.50050035,4.52949561,0.00000000
0.71000000,STAND,-0.00006570,-0.00583225,0.00007897,-0.00783118,0.00002672,0.31165376,-0.01591960,0.00018513,0.01110910,0.01776642,0.00000000,26.48462355,26.40045518,32.20596438,32.15894506,0.01365647,-0.76956009,1.52706236,0.00000000,-0.77297953,1.50050035,4.54543462,0.00000000
0.72000000,STAND,-0.00006500,-0.00598114,0.00007884,-0.00792169,0.00002645,0.31164270,-0.01600613,0.00018487,0.01116627,0.01777852,0.00000000,26.42372974,26.34036911,32.27061759,32.22443711,0.01363422,-0.76945697,1.52704648,0.00000000,-0.77297953,1.50050035,4.55967873,0.00000000
0.73000000,STAND,-0.00006432,-0.00611941,0.00007873,-0.00800655,0.00002618,0.31163280,-0.01608746,0.00018461,0.01121946,0.01778961,0.00000000,26.37062658,26.28800947,32.32598874,32.28058631,0.01361041,-0.76936685,1.52703045,0.00000000,-0.77297953,1.50050035,4.57215730,0.00000000
0.74000000,STAND,-0.00006367,-0.00624591,0.00007862,-0.00808502,0.00002591,0.31162410,-0.01616287,0.00018436,0.01126822,0.01779960,0.00000000,26.32559613,26.24364812,32.37200163,32.32730556,0.01358555,-0.76929009,1.52701456,0.00000000,-0.77297953,1.50050035,4.58282752,0.00000000
0.75000000,STAND,-0.00006307,-0.00635972,0.00007852,-0.00815647,0.00002565,0.31161661,-0.01623175,0.00018411,0.01131222,0.01780843,0.00000000,26.28878152,26.20742042,32.40870324,32.36463343,0.01356013,-0.76922685,1.52699907,0.00000000,-0.77297953,1.50050035,4.59167257,0.00000000
0.76000000,STAND,-0.00006252,-0.00646011,0.00007844,-0.00822042,0.00002541,0.31161033,-0.01629361,0.00018388,0.01135117,0.01781604,0.00000000,26.26018982,26.17932803,32.43625195,32.39272236,0.01353459,-0.76917711,1.52698422,0.00000000,-0.77297953,1.50050035,4.59869963,0.00000000
0.77000000,STAND,-0.00006202,-0.00654663,0.00007837,-0.00827650,0.00002518,0.31160525,-0.01634808,0.00018366,0.01138489,0.01782239,0.00000000,26.23969924,26.15924605,32.45490659,32.41182755,0.01350936,-0.76914064,1.52697022,0.00000000,-0.77297953,1.50050035,4.60393810,0.00000000
0.78000000,STAND,-0.00006159,-0.00661902,0.00007831,-0.00832450,0.00002497,0.31160133,-0.01639494,0.00018346,0.01141328,0.01782749,0.00000000,26.22706997,26.14693375,32.46501626,32.42229663,0.01348483,-0.76911707,1.52695723,0.00000000,-0.77297953,1.50050035,4.60743766,0.00000000
0.79000000,STAND,-0.00006123,-0.00667722,0.00007826,-0.00836430,0.00002479,0.31159855,-0.01643405,0.00018329,0.01143631,0.01783133,0.00000000,26.22195747,26.14204765,32.46701066,32.42455988,0.01346134,-0.76910587,1.52694539,0.00000000,-0.77297953,1.50050035,4.60926642,0.00000000
0.80000000,STAND,-0.00006093,-0.00672139,0.00007823,-0.00839591,0.00002463,0.31159686,-0.01646542,0.00018313,0.01145402,0.01783395,0.00000000,26.22392741,26.14415632,32.46139085,32.41912064,0.01343920,-0.76910638,1.52693479,0.00000000,-0.77297953,1.50050035,4.60950907,0.00000000
0.81000000,STAND,-0.00006071,-0.00675185,0.00007822,-0.00841945,0.00002450,0.31159619,-0.01648912,0.00018300,0.01146655,0.01783539,0.00000000,26.23247134,26.15275579,32.44871989,32.40654587,0.01341869,-0.76911782,1.52692549,0.00000000,-0.77297953,1.50050035,4.60826492,0.00000000
0.82000000,STAND,-0.00006055,-0.00676911,0.00007822,-0.00843513,0.00002440,0.31159650,-0.01650535,0.00018290,0.01147404,0.01783570,0.00000000,26.24702218,26.16728486,32.42961359,32.38745657,0.01340001,-0.76913932,1.52691753,0.00000000,-0.77297953,1.50050035,4.60564593,0.00000000
0.83000000,STAND,-0.00006045,-0.00677380,0.00007823,-0.00844327,0.00002432,0.31159770,-0.01651438,0.00018282,0.01147675,0.01783496,0.00000000,26.26696920,26.18713983,32.40473093,32.36251805,0.01338334,-0.76916994,1.52691090,0.00000000,-0.77297953,1.50050035,4.60177468,0.00000000
0.84000000,STAND,-0.00006042,-0.00676669,0.00007826,-0.00844424,0.00002426,0.31159972,-0.01651656,0.00018276,0.01147494,0.01783325,0.00000000,26.29167187,26.21168806,32.37476425,32.33242982,0.01336882,-0.76920867,1.52690560,0.00000000,-0.77297953,1.50050035,4.59678234,0.00000000
0.85000000,STAND,-0.00006045,-0.00674865,0.00007829,-0.00843851,0.00002424,0.31160248,-0.01651232,0.00018273,0.01146893,0.01783066,0.00000000,26.32047235,26.24028025,32.34042931,32.29791550,0.01335654,-0.76925447,1.52690158,0.00000000,-0.77297953,1.50050035,4.59080647,0.00000000
0.86000000,STAND,-0.00006053,-0.00672064,0.00007834,-0.00842659,0.00002423,0.31160590,-0.01650212,0.00018272,0.01145909,0.01782728,0.00000000,26.35270658,26.27226133,32.30245516,32.25971244,0.01334656,-0.76930627,1.52689880,0.00000000,-0.77297953,1.50050035,4.58398900,0.00000000
0.87000000,STAND,-0.00006065,-0.00668368,0.00007840,-0.00840903,0.00002424,0.31160988,-0.01648649,0.00018273,0.01144578,0.01782322,0.00000000,26.38771397,26.30697982,32.26157415,32.21856150,0.01333888,-0.76936299,1.52689720,0.00000000,-0.77297953,1.50050035,4.57647406,0.00000000
0.88000000,STAND,-0.00006081,-0.00663886,0.00007846,-0.00838645,0.00002428,0.31161434,-0.01646600,0.00018275,0.01142942,0.01781856,0.00000000,26.42484568,26.34379600,32.21851209,32.17519710,0.01333350,-0.76942356,1.52689671,0.00000000,-0.77297953,1.50050035,4.56840600,0.00000000
0.89000000,STAND,-0.00006101,-0.00658729,0.00007853,-0.00835947,0.00002433,0.31161919,-0.01644123,0.00018280,0.01141041,0.01781342,0.00000000,26.46347177,26.38208880,32.17397885,32.13033761,0.01333037,-0.76948693,1.52689727,0.00000000,-0.77297953,1.50050035,4.55992740,0.00000000
0.90000000,STAND,-0.00006123,-0.00653009,0.00007860,-0.00832873,0.00002440,0.31162432,-0.01641278,0.00018286,0.01138919,0.01780789,0.00000000,26.50298729,26.42126174,32.12865961,32.08467642,0.01332940,-0.76955209,1.52689878,0.00000000,-0.77297953,1.50050035,4.55117726,0.00000000
0.91000000,STAND,-0.00006147,-0.00646840,0.00007867,-0.00829488,0.00002448,0.31162965,-0.01638128,0.00018293,0.01136617,0.01780207,0.00000000,26.54281741,26.46074794,32.08320686,32.03887385,0.01333050,-0.76961805,1.52690117,0.00000000,-0.77297953,1.50050035,4.54228933,0.00000000
0.92000000,STAND,-0.00006173,-0.00640331,0.00007874,-0.00825857,0.00002456,0.31163510,-0.01634735,0.00018301,0.01134179,0.01779606,0.00000000,26.58242196,26.50001446,32.03823325,31.99354987,0.01333353,-0.76968390,1.52690435,0.00000000,-0.77297953,1.50050035,4.53339058,0.00000000
0.93000000,STAND,-0.00006199,-0.00633592,0.00007881,-0.00822045,0.00002466,0.31164058,-0.01631158,0.00018310,0.01131644,0.01778995,0.00000000,26.62129917,26.53856604,31.99430557,31.94927795,0.01333836,-0.76974878,1.52690823,0.00000000,-0.77297953,1.50050035,4.52459989,0.00000000
0.94000000,STAND,-0.00006225,-0.00626726,0.00007887,-0.00818114,0.00002476,0.31164601,-0.01627457,0.00018319,0.01129054,0.01778383,0.00000000,26.65898896,26.57594822,31.95193973,31.90658003,0.01334482,-0.76981189,1.52691273,0.00000000,-0.77297953,1.50050035,4.51602696,0.00000000
0.95000000,STAND,-0.00006251,-0.00619832,0.00007893,-0.00814124,0.00002486,0.31165131,-0.01623689,0.00018328,0.01126445,0.01777776,0.00000000,26.69507564,26.61175011,31.91159688,31.86592251,0.01335275,-0.76987253,1.52691773,0.00000000,-0.77297953,1.50050035,4.50777138,0.00000000
0.96000000,STAND,-0.00006276,-0.00613004,0.00007899,-0.00810130,0.00002496,0.31165643,-0.01619909,0.00018338,0.01123854,0.01777184,0.00000000,26.72919015,26.64560649,31.87368063,31.82771347,0.01336197,-0.76993006,1.52692316,0.00000000,-0.77297953,1.50050035,4.49992197,0.00000000
0.97000000,STAND,-0.00006300,-0.00606328,0.00007903,-0.00806187,0.00002506,0.31166130,-0.01616167,0.00018347,0.01121314,0.01776613,0.00000000,26.76101172,26.67719956,31.83853534,31.79230093,0.01337228,-0.76998392,1.52692892,0.00000000,-0.77297953,1.50050035,4.49255626,0.00000000
0.98000000,STAND,-0.00006322,-0.00599881,0.00007907,-0.00802343,0.00002515,0.31166587,-0.01612511,0.00018356,0.01118855,0.01776069,0.00000000,26.79026908,26.70626012,31.80644542,31.75997216,0.01338350,-0.77003363,1.52693491,0.00000000,-0.77297953,1.50050035,4.48574020,0.00000000
0.99000000,STAND,-0.00006342,-0.00593735,0.00007910,-0.00798643,0.00002524,0.31167011,-0.01608982,0.00018365,0.01116504,0.01775557,0.00000000,26.81674101,26.73256817,31.77763556,31.73095390,0.01339543,-0.77007882,1.52694104,0.00000000,-0.77297953,1.50050035,4.47952808,0.00000000
1.00000000,STAND,-0.00006359,-0.00587951,0.00007912,-0.00795125,0.00002532,0.31167397,-0.01605620,0.00018373,0.01114286,0.01775081,0.00000000,26.84025634,26.75595296,31.75227181,31.70541349,0.01340788,-0.77011918,1.52694722,0.00000000,-0.77297953,1.50050035,4.47396258,0.00000000
1.01000000,STAND,-0.00006375,-0.00582582,0.00007913,-0.00791826,0.00002540,0.31167742,-0.01602458,0.00018380,0.01112220,0.01774647,0.00000000,26.86069339,26.77629250,31.73046335,31.68346069,0.01342068,-0.77015450,1.52695336,0.00000000,-0.77297953,1.50050035,4.46907496,0.00000000
1.02000000,STAND,-0.00006388,-0.00577672,0.00007914,-0.00788774,0.00002547,0.31168045,-0.01599525,0.00018387,0.01110325,0.01774257,0.00000000,26.87797869,26.79351236,31.71226501,31.66515021,0.01343365,-0.77018462,1.52695939,0.00000000,-0.77297953,1.50050035,4.46488547,0.00000000
1.03000000,STAND,-0.00006399,-0.00573256,0.00007913,-0.00785993,0.00002553,0.31168305,-0.01596845,0.00018393,0.01108615,0.01773912,0.00000000,26.89208527,26.80758402,31.69768026,31.65048480,0.01344660,-0.77020950,1.52696522,0.00000000,-0.77297953,1.50050035,4.46140378,0.00000000
1.04000000,STAND,-0.00006407,-0.00569361,0.00007912,-0.00783503,0.00002557,0.31168521,-0.01594436,0.00018397,0.01107100,0.01773616,0.00000000,26.90303024,26.81852255,31.68666467,31.63941876,0.01345939,-0.77022915,1.52697080,0.00000000,-0.77297953,1.50050035,4.45862957,0.00000000
1.05000000,STAND,-0.00006412,-0.00566004,0.00007910,-0.00781318,0.00002561,0.31168692,-0.01592314,0.00018401,0.01105787,0.01773368,0.00000000,26.91087201,26.82638391,31.67912975,31.63186188,0.01347186,-0.77024364,1.52697607,0.00000000,-0.77297953,1.50050035,4.45655324,0.00000000
1.06000000,STAND,-0.00006416,-0.00563195,0.00007908,-0.00779446,0.00002565,0.31168820,-0.01590487,0.00018405,0.01104681,0.01773170,0.00000000,26.91570691,26.83126168,31.67494708,31.62768363,0.01348389,-0.77025312,1.52698096,0.00000000,-0.77297953,1.50050035,4.45515661,0.00000000
1.07000000,STAND,-0.00006417,-0.00560935,0.00007905,-0.00777893,0.00002567,0.31168905,-0.01588960,0.00018407,0.01103783,0.01773019,0.00000000,26.91766560,26.83328353,31.67395270,31.62671758,0.01349535,-0.77025780,1.52698544,0.00000000,-0.77297953,1.50050035,4.45441376,0.00000000
1.08000000,STAND,-0.00006416,-0.00559218,0.00007902,-0.00776658,0.00002568,0.31168950,-0.01587735,0.00018408,0.01103092,0.01772916,0.00000000,26.91690906,26.83260730,31.67595153,31.62876600,0.01350613,-0.77025791,1.52698948,0.00000000,-0.77297953,1.50050035,4.45429183,0.00000000
1.09000000,STAND,-0.00006413,-0.00558033,0.00007898,-0.00775736,0.00002568,0.31168956,-0.01586807,0.00018409,0.01102602,0.01772858,0.00000000,26.91362447,26.82941697,31.68072202,31.63360449,0.01351614,-0.77025375,1.52699305,0.00000000,-0.77297953,1.50050035,4.45475198,0.00000000
1.10000000,STAND,-0.00006409,-0.00557359,0.00007894,-0.00775120,0.00002568,0.31168926,-0.01586170,0.00018409,0.01102307,0.01772844,0.00000000,26.90802088,26.82391840,31.68802069,31.64098666,0.01352531,-0.77024567,1.52699612,0.00000000,-0.77297953,1.50050035,4.45575021,0.00000000
1.11000000,STAND,-0.00006404,-0.00557172,0.00007890,-0.00774797,0.00002567,0.31168862,-0.01585813,0.00018408,0.01102200,0.01772871,0.00000000,26.90032492,26.81633510,31.69758676,31.65064878,0.01353359,-0.77023402,1.52699870,0.00000000,-0.77297953,1.50050035,4.45723830,0.00000000
1.12000000,STAND,-0.00006397,-0.00557443,0.00007886,-0.00774753,0.00002566,0.31168767,-0.01585722,0.00018407,0.01102267,0.01772935,0.00000000,26.89077650,26.80690398,31.70914664,31.66231432,0.01354091,-0.77021918,1.52700078,0.00000000,-0.77297953,1.50050035,4.45916475,0.00000000
1.13000000,STAND,-0.00006389,-0.00558139,0.00007882,-0.00774970,0.00002564,0.31168646,-0.01585882,0.00018405,0.01102499,0.01773034,0.00000000,26.87962459,26.79587121,31.72241828,31.67569843,0.01354726,-0.77020157,1.52700236,0.00000000,-0.77297953,1.50050035,4.46147559,0.00000000
1.14000000,STAND,-0.00006381,-0.00559223,0.00007878,-0.00775428,0.00002561,0.31168500,-0.01586273,0.00018403,0.01102880,0.01773163,0.00000000,26.86712323,26.78348824,31.73711540,31.69051212,0.01355263,-0.77018160,1.52700345,0.00000000,-0.77297953,1.50050035,4.46411530,0.00000000
1.15000000,STAND,-0.00006372,-0.00560655,0.00007874,-0.00776106,0.00002558,0.31168333,-0.01586876,0.00018400,0.01103396,0.01773320,0.00000000,26.85352770,26.77000802,31.75295148,31.70646638,0.01355700,-0.77015968,1.52700408,0.00000000,-0.77297953,1.50050035,4.46702764,0.00000000
1.16000000,STAND,-0.00006363,-0.00562393,0.00007870,-0.00776980,0.00002555,0.31168149,-0.01587669,0.00018397,0.01104032,0.01773500,0.00000000,26.83909094,26.75568146,31.76964354,31.72327590,0.01356039,-0.77013623,1.52700427,0.00000000,-0.77297953,1.50050035,4.47015639,0.00000000
1.17000000,STAND,-0.00006354,-0.00564394,0.00007867,-0.00778026,0.00002552,0.31167951,-0.01588629,0.00018394,0.01104771,0.01773700,0.00000000,26.82406034,26.74075418,31.78691555,31.74066260,0.01356283,-0.77011167,1.52700403,0.00000000,-0.77297953,1.50050035,4.47344614,0.00000000
1.18000000,STAND,-0.00006345,-0.00566615,0.00007864,-0.00779218,0.00002548,0.31167743,-0.01589732,0.00018391,0.01105596,0.01773915,0.00000000,26.80867470,26.72546356,31.80450170,31.75835884,0.01356435,-0.77008639,1.52700341,0.00000000,-0.77297953,1.50050035,4.47684290,0.00000000
1.19000000,STAND,-0.00006336,-0.00569012,0.00007861,-0.00780532,0.00002545,0.31167528,-0.01590955,0.00018388,0.01106492,0.01774141,0.00000000,26.79316170,26.71003612,31.82214916,31.77611024,0.01356499,-0.77006078,1.52700244,0.00000000,-0.77297953,1.50050035,4.48029482,0.00000000
1.20000000,STAND,-0.00006328,-0.00571542,0.00007859,-0.00781942,0.00002542,0.31167309,-0.01592273,0.00018385,0.01107441,0.01774375,0.00000000,26.77773551,26.69468522,31.83962063,31.79367822,0.01356481,-0.77003519,1.52700115,0.00000000,-0.77297953,1.50050035,4.48375264,0.00000000
1.21000000,STAND,-0.00006320,-0.00574162,0.00007857,-0.00783423,0.00002538,0.31167090,-0.01593662,0.00018382,0.01108428,0.01774614,0.00000000,26.76259496,26.67960914,31.85669645,31.81084208,0.01356386,-0.77000996,1.52699957,0.00000000,-0.77297953,1.50050035,4.48717024,0.00000000
1.22000000,STAND,-0.00006313,-0.00576833,0.00007855,-0.00784951,0.00002535,0.31166872,-0.01595101,0.00018379,0.01109437,0.01774853,0.00000000,26.74792184,26.66498941,31.87317641,31.82740087,0.01356222,-0.76998541,1.52699776,0.00000000,-0.77297953,1.50050035,4.49050499,0.00000000
1.23000000,STAND,-0.00006307,-0.00579514,0.00007854,-0.00786502,0.00002532,0.31166660,-0.01596565,0.00018376,0.01110453,0.01775090,0.00000000,26.73387971,26.65098957,31.88888112,31.84317466,0.01355995,-0.76996182,1.52699575,0.00000000,-0.77297953,1.50050035,4.49371815,0.00000000
1.24000000,STAND,-0.00006301,-0.00582171,0.00007854,-0.00788055,0.00002530,0.31166455,-0.01598035,0.00018373,0.01111463,0.01775322,0.00000000,26.72061293,26.63775421,31.90365306,31.85800566,0.01355713,-0.76993943,1.52699357,0.00000000,-0.77297953,1.50050035,4.49677511,0.00000000
1.25000000,STAND,-0.00006296,-0.00584770,0.00007853,-0.00789589,0.00002527,0.31166259,-0.01599491,0.00018371,0.01112454,0.01775545,0.00000000,26.70824605,26.62540831,31.91735729,31.87175887,0.01355383,-0.76991846,1.52699127,0.00000000,-0.77297953,1.50050035,4.49964556,0.00000000
1.26000000,STAND,-0.00006292,-0.00587280,0.00007854,-0.00791085,0.00002525,0.31166076,-0.01600913,0.00018369,0.01113413,0.01775758,0.00000000,26.69688353,26.61405691,31.92988172,31.88432234,0.01355013,-0.76989911,1.52698889,0.00000000,-0.77297953,1.50050035,4.50230362,0.00000000
1.27000000,STAND,-0.00006288,-0.00589673,0.00007854,-0.00792525,0.00002523,0.31165905,-0.01602287,0.00018367,0.01114330,0.01775958,0.00000000,26.68660965,26.60378503,31.94113723,31.89560722,0.01354610,-0.76988151,1.52698646,0.00000000,-0.77297953,1.50050035,4.50472795,0.00000000
1.28000000,STAND,-0.00006286,-0.00591927,0.00007855,-0.00793894,0.00002522,0.31165749,-0.01603596,0.00018366,0.01115196,0.01776144,0.00000000,26.67748878,26.59465792,31.95105725,31.90554743,0.01354183,-0.76986579,1.52698401,0.00000000,-0.77297953,1.50050035,4.50690164,0.00000000
1.29000000,STAND,-0.00006284,-0.00594019,0.00007856,-0.00795179,0.00002520,0.31165608,-0.01604827,0.00018364,0.01116002,0.01776313,0.00000000,26.66956584,26.58672143,31.95959728,31.91409902,0.01353739,-0.76985204,1.52698158,0.00000000,-0.77297953,1.50050035,4.50881225,0.00000000
1.30000000,STAND,-0.00006283,-0.00595933,0.00007857,-0.00796368,0.00002519,0.31165484,-0.01605969,0.00018363,0.01116742,0.01776466,0.00000000,26.66286701,26.58000275,31.96673399,31.92123935,0.01353285,-0.76984030,1.52697921,0.00000000,-0.77297953,1.50050035,4.51045162,0.00000000
1.31000000,STAND,-0.00006282,-0.00597655,0.00007859,-0.00797451,0.00002519,0.31165378,-0.01607014,0.00018362,0.01117411,0.01776600,0.00000000,26.65740060,26.57451121,31.97246419,31.92696598,0.01352828,-0.76983061,1.52697691,0.00000000,-0.77297953,1.50050035,4.51181569,0.00000000
1.32000000,STAND,-0.00006282,-0.00599175,0.00007860,-0.00798422,0.00002518,0.31165288,-0.01607952,0.00018362,0.01118003,0.01776716,0.00000000,26.65315813,26.57023939,31.97680355,31.93129538,0.01352374,-0.76982295,1.52697472,0.00000000,-0.77297953,1.50050035,4.51290436,0.00000000
1.33000000,STAND,-0.00006283,-0.00600486,0.00007862,-0.00799274,0.00002518,0.31165216,-0.01608780,0.00018361,0.01118517,0.01776812,0.00000000,26.65011555,26.56716424,31.97978515,31.93426149,0.01351929,-0.76981729,1.52697266,0.00000000,-0.77297953,1.50050035,4.51372115,0.00000000
1.34000000,STAND,-0.00006284,-0.00601584,0.00007864,-0.00800005,0.00002518,0.31165162,-0.01609493,0.00018361,0.01118950,0.01776890,0.00000000,26.64823455,26.56524846,31.98145792,31.93591409,0.01351499,-0.76981359,1.52697074,0.00000000,-0.77297953,1.50050035,4.51427296,0.00000000
1.35000000,STAND,-0.00006286,-0.00602469,0.00007866,-0.00800612,0.00002518,0.31165124,-0.01610090,0.00018361,0.01119302,0.01776949,0.00000000,26.64746402,26.56444185,31.98188498,31.93631714,0.01351088,-0.76981176,1.52696898,0.00000000,-0.77297953,1.50050035,4.51456977,0.00000000
1.36000000,STAND,-0.00006287,-0.00603143,0.00007868,-0.00801095,0.00002518,0.31165102,-0.01610569,0.00018362,0.01119574,0.01776989,0.00000000,26.64774155,26.56468289,31.98114183,31.93554697,0.01350701,-0.76981170,1.52696739,0.00000000,-0.77297953,1.50050035,4.51462427,0.00000000
1.37000000,STAND,-0.00006289,-0.00603610,0.00007870,-0.00801457,0.00002519,0.31165096,-0.01610932,0.00018362,0.01119768,0.01777012,0.00000000,26.64899499,26.56590019,31.97931457,31.93369047,0.01350341,-0.76981329,1.52696599,0.00000000,-0.77297953,1.50050035,4.51445153,0.00000000
1.38000000,STAND,-0.00006292,-0.00603878,0.00007872,-0.00801699,0.00002519,0.31165104,-0.01611183,0.00018363,0.01119885,0.01777018,0.00000000,26.65114403,26.56801414,31.97649804,31.93084324,0.01350012,-0.76981642,1.52696478,0.00000000,-0.77297953,1.50050035,4.51406866,0.00000000
1.39000000,STAND,-0.00006294,-0.00603957,0.00007873,-0.00801828,0.00002520,0.31165126,-0.01611325,0.00018363,0.01119929,0.01777008,0.00000000,26.65410179,26.57093847,31.97279404,31.92710776,0.01349715,-0.76982094,1.52696376,0.00000000,-0.77297953,1.50050035,4.51349443,0.00000000
1.40000000,STAND,-0.00006297,-0.00603857,0.00007875,-0.00801848,0.00002521,0.31165160,-0.01611363,0.00018364,0.01119905,0.01776983,0.00000000,26.65777638,26.57458180,31.96830946,31.92259155,0.01349454,-0.76982669,1.52696294,0.00000000,-0.77297953,1.50050035,4.51274892,0.00000000
1.41000000,STAND,-0.00006299,-0.00603592,0.00007876,-0.00801766,0.00002522,0.31165205,-0.01611304,0.00018365,0.01119817,0.01776945,0.00000000,26.66207245,26.57884918,31.96315458,31.91740546,0.01349229,-0.76983352,1.52696231,0.00000000,-0.77297953,1.50050035,4.51185317,0.00000000
1.42000000,STAND,-0.00006302,-0.00603176,0.00007878,-0.00801591,0.00002523,0.31165260,-0.01611154,0.00018366,0.01119671,0.01776895,0.00000000,26.66689268,26.58364359,31.95744137,31.91166192,0.01349040,-0.76984127,1.52696187,0.00000000,-0.77297953,1.50050035,4.51082884,0.00000000
1.43000000,STAND,-0.00006304,-0.00602624,0.00007879,-0.00801330,0.00002524,0.31165323,-0.01610922,0.00018366,0.01119472,0.01776834,0.00000000,26.67213916,26.58886735,31.95128188,31.90547342,0.01348888,-0.76984978,1.52696162,0.00000000,-0.77297953,1.50050035,4.50969788,0.00000000
1.44000000,STAND,-0.00006306,-0.00601953,0.00007880,-0.00800993,0.00002524,0.31165393,-0.01610616,0.00018367,0.01119227,0.01776765,0.00000000,26.67771473,26.59442343,31.94478677,31.89895095,0.01348773,-0.76985888,1.52696154,0.00000000,-0.77297953,1.50050035,4.50848220,0.00000000
1.45000000,STAND,-0.00006308,-0.00601179,0.00007881,-0.00800588,0.00002525,0.31165468,-0.01610245,0.00018368,0.01118941,0.01776687,0.00000000,26.68352423,26.60021671,31.93806392,31.89220267,0.01348694,-0.76986842,1.52696162,0.00000000,-0.77297953,1.50050035,4.50720344,0.00000000
1.46000000,STAND,-0.00006310,-0.00600319,0.00007881,-0.00800126,0.00002526,0.31165548,-0.01609818,0.00018369,0.01118621,0.01776604,0.00000000,26.68947560,26.60615511,31.93121720,31.88533265,0.01348649,-0.76987824,1.52696185,0.00000000,-0.77297953,1.50050035,4.50588262,0.00000000
1.47000000,STAND,-0.00006312,-0.00599390,0.00007882,-0.00799617,0.00002527,0.31165631,-0.01609344,0.00018370,0.01118274,0.01776516,0.00000000,26.69548091,26.61215060,31.92434533,31.87843975,0.01348637,-0.76988820,1.52696223,0.00000000,-0.77297953,1.50050035,4.50453999,0.00000000
1.48000000,STAND,-0.00006314,-0.00598408,0.00007882,-0.00799071,0.00002528,0.31165715,-0.01608833,0.00018370,0.01117905,0.01776425,0.00000000,26.70145724,26.61812011,31.91754094,31.87161668,0.01348657,-0.76989815,1.52696273,0.00000000,-0.77297953,1.50050035,4.50319474,0.00000000
1.49000000,STAND,-0.00006315,-0.00597392,0.00007882,-0.00798496,0.00002528,0.31165799,-0.01608294,0.00018371,0.01117522,0.01776333,0.00000000,26.70732746,26.62398631,31.91088971,31.86494916,0.01348705,-0.76990795,1.52696334,0.00000000,-0.77297953,1.50050035,4.50186484,0.00000000
1.50000000,STAND,-0.00006316,-0.00596355,0.00007882,-0.00797903,0.00002529,0.31165883,-0.01607736,0.00018371,0.01117130,0.01776239,0.00000000,26.71302084,26.62967824,31.90446970,31.85851523,0.01348779,-0.76991750,1.52696405,0.00000000,-0.77297953,1.50050035,4.50056689,0.00000000
1.51000000,STAND,-0.00006317,-0.00595313,0.00007882,-0.00797301,0.00002529,0.31165964,-0.01607167,0.00018372,0.01116735,0.01776147,-0.00000083,26.71847363,26.63513189,31.89835083,31.85238474,0.01348877,-0.76992668,1.52696483,0.00000000,-0.77297953,1.50050035,4.49931600,0.00000000
1.52000000,STAND,-0.00006318,-0.00594281,0.00007882,-0.00796697,0.00002530,0.31166043,-0.01606596,0.00018372,0.01116342,0.01776057,-0.00000173,26.72362940,26.64029052,31.89259445,31.84661897,0.01348996,-0.76993540,1.52696568,0.00000000,-0.77297953,1.50050035,4.49812566,0.00000000
1.53000000,STAND,-0.00006319,-0.00593271,0.00007881,-0.00796101,0.00002530,0.31166118,-0.01606031,0.00018373,0.01115957,0.01775970,-0.00000260,26.72843930,26.64510502,31.88725314,31.84127035,0.01349133,-0.76994356,1.52696658,0.00000000,-0.77297953,1.50050035,4.49700766,0.00000000
1.54000000,STAND,-0.00006319,-0.00592295,0.00007881,-0.00795520,0.00002531,0.31166189,-0.01605478,0.00018373,0.01115584,0.01775887,-0.00000343,26.73286226,26.64953401,31.88237054,31.83638239,0.01349285,-0.76995110,1.52696751,0.00000000,-0.77297953,1.50050035,4.49597210,0.00000000
1.55000000,STAND,-0.00006320,-0.00591363,0.00007880,-0.00794960,0.00002531,0.31166255,-0.01604944,0.00018374,0.01115227,0.01775809,-0.00000421,26.73686501,26.65354390,31.87798135,31.83198964,0.01349449,-0.76995796,1.52696846,0.00000000,-0.77297953,1.50050035,4.49502730,0.00000000
1.56000000,STAND,-0.00006320,-0.00590487,0.00007880,-0.00794427,0.00002531,0.31166315,-0.01604434,0.00018374,0.01114890,0.01775737,-0.00000493,26.74042199,26.65710886,31.87411151,31.82811787,0.01349623,-0.76996409,1.52696942,0.00000000,-0.77297953,1.50050035,4.49417984,0.00000000
1.57000000,STAND,-0.00006320,-0.00589672,0.00007879,-0.00793927,0.00002531,0.31166368,-0.01603955,0.00018374,0.01114576,0.01775671,-0.00000559,26.74351520,26.66021063,31.87077837,31.82478424,0.01349802,-0.76996946,1.52697036,0.00000000,-0.77297953,1.50050035,4.49343460,0.00000000
1.58000000,STAND,-0.00006320,-0.00588927,0.00007878,-0.00793464,0.00002531,0.31166416,-0.01603510,0.00018374,0.01114288,0.01775611,-0.00000619,26.74613396,26.66283827,31.86799106,31.82199772,0.01349986,-0.76997404,1.52697129,0.00000000,-0.77297953,1.50050035,4.49279478,0.00000000
1.59000000,STAND,-0.00006319,-0.00588256,0.00007878,-0.00793042,0.00002531,0.31166457,-0.01603104,0.00018374,0.01114028,0.01775559,-0.00000671,26.74827458,26.66498784,31.86575087,31.81975942,0.01350170,-0.76997783,1.52697218,0.00000000,-0.77297953,1.50050035,4.49226197,0.00000000
1.60000000,STAND,-0.00006319,-0.00587663,0.00007877,-0.00792663,0.00002531,0.31166491,-0.01602738,0.00018374,0.01113797,0.01775514,-0.00000717,26.74993990,26.66666200,31.86405179,31.81806316,0.01350352,-0.76998083,1.52697304,0.00000000,-0.77297953,1.50050035,4.49183623,0.00000000
1.61000000,STAND,-0.00006319,-0.00587152,0.00007876,-0.00792331,0.00002531,0.31166518,-0.01602415,0.00018374,0.01113596,0.01775476,-0.00000754,26.75113891,26.66786955,31.86288102,31.81689597,0.01350531,-0.76998305,1.52697384,0.00000000,-0.77297953,1.50050035,4.49151624,0.00000000
1.62000000,STAND,-0.00006318,-0.00586723,0.00007875,-0.00792046,0.00002531,0.31166539,-0.01602137,0.00018374,0.01113427,0.01775445,-0.00000785,26.75188615,26.66862488,31.86221961,31.81623876,0.01350704,-0.76998451,1.52697459,0.00000000,-0.77297953,1.50050035,4.49129931,0.00000000
1.63000000,STAND,-0.00006318,-0.00586377,0.00007875,-0.00791809,0.00002531,0.31166553,-0.01601904,0.00018374,0.01113290,0.01775422,-0.00000808,26.75220122,26.66894748,31.86204309,31.81606694,0.01350869,-0.76998525,1.52697527,0.00000000,-0.77297953,1.50050035,4.49118161,0.00000000
1.64000000,STAND,-0.00006318,-0.00586113,0.00007874,-0.00791620,0.00002531,0.31166561,-0.01601716,0.00018374,0.01113183,0.01775406,-0.00000824,26.75210814,26.66886128,31.86232220,31.81635108,0.01351024,-0.76998529,1.52697589,0.00000000,-0.77297953,1.50050035,4.49115823,0.00000000
1.65000000,STAND,-0.00006317,-0.00585930,0.00007873,-0.00791478,0.00002531,0.31166563,-0.01601574,0.00018374,0.01113108,0.01775397,-0.00000833,26.75163479,26.66839407,31.86302351,31.81705768,0.01351169,-0.76998469,1.52697643,0.00000000,-0.77297953,1.50050035,4.49122331,0.00000000
1.66000000,STAND,-0.00006317,-0.00585824,0.00007873,-0.00791383,0.00002531,0.31166560,-0.01601475,0.00018374,0.01113062,0.01775395,-0.00000835,26.75081225,26.66757690,31.86411022,31.81814982,0.01351301,-0.76998349,1.52697690,0.00000000,-0.77297953,1.50050035,4.49137022,0.00000000
1.67000000,STAND,-0.00006316,-0.00585791,0.00007872,-0.00791332,0.00002531,0.31166551,-0.01601419,0.00018374,0.01113044,0.01775399,-0.00000831,26.74967418,26.66644344,31.86554281,31.81958790,0.01351421,-0.76998175,1.52697729,0.00000000,-0.77297953,1.50050035,4.49159170,0.00000000
1.68000000,STAND,-0.00006316,-0.00585828,0.00007872,-0.00791323,0.00002531,0.31166538,-0.01601403,0.00018374,0.01113053,0.01775408,-0.00000822,26.74825625,26.66502933,31.86727976,31.82133033,0.01351527,-0.76997953,1.52697761,0.00000000,-0.77297953,1.50050035,4.49187993,0.00000000
1.69000000,STAND,-0.00006315,-0.00585930,0.00007871,-0.00791353,0.00002531,0.31166520,-0.01601425,0.00018373,0.01113086,0.01775423,-0.00000807,26.74659549,26.66337162,31.86927822,31.82333421,0.01351618,-0.76997689,1.52697785,0.00000000,-0.77297953,1.50050035,4.49222676,0.00000000
1.70000000,STAND,-0.00006315,-0.00586090,0.00007871,-0.00791421,0.00002530,0.31166499,-0.01601483,0.00018373,0.01113143,0.01775442,-0.00000788,26.74472973,26.66150819,31.87149469,31.82555597,0.01351695,-0.76997388,1.52697801,0.00000000,-0.77297953,1.50050035,4.49262376,0.00000000
1.71000000,STAND,-0.00006315,-0.00586303,0.00007871,-0.00791521,0.00002530,0.31166474,-0.01601572,0.00018373,0.01113220,0.01775466,-0.00000764,26.74269703,26.65947716,31.87388560,31.82795201,0.01351757,-0.76997058,1.52697811,0.00000000,-0.77297953,1.50050035,4.49306242,0.00000000
1.72000000,STAND,-0.00006314,-0.00586563,0.00007871,-0.00791651,0.00002530,0.31166447,-0.01601690,0.00018373,0.01113315,0.01775493,-0.00000737,26.74053519,26.65731637,31.87640792,31.83047928,0.01351805,-0.76996705,1.52697814,0.00000000,-0.77297953,1.50050035,4.49353420,0.00000000
1.73000000,STAND,-0.00006314,-0.00586863,0.00007871,-0.00791808,0.00002530,0.31166417,-0.01601834,0.00018373,0.01113426,0.01775523,-0.00000707,26.73828124,26.65506293,31.87901968,31.83309578,0.01351839,-0.76996335,1.52697810,0.00000000,-0.77297953,1.50050035,4.49403070,0.00000000
1.74000000,STAND,-0.00006314,-0.00587196,0.00007870,-0.00791987,0.00002530,0.31166386,-0.01601999,0.00018373,0.01113550,0.01775555,-0.00000675,26.73597102,26.65275275,31.88168047,31.83576109,0.01351859,-0.76995954,1.52697801,0.00000000,-0.77297953,1.50050035,4.49454373,0.00000000
1.75000000,STAND,-0.00006313,-0.00587557,0.00007870,-0.00792184,0.00002530,0.31166354,-0.01602183,0.00018373,0.01113685,0.01775590,-0.00000641,26.73363876,26.65042013,31.88435185,31.83843676,0.01351867,-0.76995567,1.52697786,0.00000000,-0.77297953,1.50050035,4.49506543,0.00000000
1.76000000,STAND,-0.00006313,-0.00587938,0.00007870,-0.00792396,0.00002530,0.31166321,-0.01602381,0.00018373,0.01113828,0.01775625,-0.00000605,26.73131676,26.64809744,31.88699778,31.84108672,0.01351862,-0.76995180,1.52697766,0.00000000,-0.77297953,1.50050035,4.49558831,0.00000000
1.77000000,STAND,-0.00006313,-0.00588332,0.00007871,-0.00792619,0.00002530,0.31166288,-0.01602590,0.00018372,0.01113977,0.01775661,-0.00000569,26.72903505,26.64581480,31.88958485,31.84367761,0.01351845,-0.76994799,1.52697743,0.00000000,-0.77297953,1.50050035,4.49610539,0.00000000
1.78000000,STAND,-0.00006313,-0.00588735,0.00007871,-0.00792850,0.00002529,0.31166256,-0.01602807,0.00018372,0.01114129,0.01775697,-0.00000533,26.72682120,26.64359984,31.89208267,31.84617898,0.01351818,-0.76994428,1.52697715,0.00000000,-0.77297953,1.50050035,4.49661019,0.00000000
1.79000000,STAND,-0.00006312,-0.00589140,0.00007871,-0.00793084,0.00002529,0.31166224,-0.01603028,0.00018372,0.01114283,0.01775733,-0.00000497,26.72470006,26.64147747,31.89446397,31.84856360,0.01351782,-0.76994071,1.52697684,0.00000000,-0.77297953,1.50050035,4.49709683,0.00000000
1.80000000,STAND,-0.00006312,-0.00589541,0.00007871,-0.00793318,0.00002529,0.31166193,-0.01603250,0.00018372,0.01114435,0.01775768,-0.00000462,26.72269364,26.63946976,31.89670481,31.85080752,0.01351738,-0.76993732,1.52697651,0.00000000,-0.77297953,1.50050035,4.49756005,0.00000000
1.81000000,STAND,-0.00006312,-0.00589934,0.00007871,-0.00793550,0.00002529,0.31166164,-0.01603470,0.00018372,0.01114585,0.01775802,-0.00000428,26.72082098,26.63759580,31.89878469,31.85289024,0.01351686,-0.76993414,1.52697616,0.00000000,-0.77297953,1.50050035,4.49799524,0.00000000
1.82000000,STAND,-0.00006312,-0.00590314,0.00007871,-0.00793776,0.00002529,0.31166136,-0.01603685,0.00018372,0.01114730,0.01775834,-0.00000396,26.71909812,26.63587169,31.90068656,31.85479472,0.01351628,-0.76993120,1.52697580,0.00000000,-0.77297953,1.50050035,4.49839848,0.00000000
1.83000000,STAND,-0.00006312,-0.00590676,0.00007872,-0.00793994,0.00002529,0.31166110,-0.01603892,0.00018372,0.01114869,0.01775865,-0.00000366,26.71753808,26.63431047,31.90239685,31.85650738,0.01351566,-0.76992853,1.52697543,0.00000000,-0.77297953,1.50050035,4.49876650,0.00000000
1.84000000,STAND,-0.00006312,-0.00591017,0.00007872,-0.00794201,0.00002529,0.31166087,-0.01604090,0.00018372,0.01115000,0.01775893,-0.00000337,26.71615086,26.63292218,31.90390540,31.85801808,0.01351500,-0.76992614,1.52697506,0.00000000,-0.77297953,1.50050035,4.49909673,0.00000000
1.85000000,STAND,-0.00006312,-0.00591334,0.00007872,-0.00794396,0.00002529,0.31166066,-0.01604277,0.00018372,0.01115123,0.01775919,-0.00000312,26.71494354,26.63171391,31.90520541,31.85931999,0.01351431,-0.76992405,1.52697469,0.00000000,-0.77297953,1.50050035,4.49938727,0.00000000
1.86000000,STAND,-0.00006312,-0.00591625,0.00007872,-0.00794576,0.00002529,0.31166047,-0.01604450,0.00018372,0.01115235,0.01775942,-0.00000288,26.71392034,26.63068990,31.90629325,31.86040951,0.01351361,-0.76992226,1.52697434,0.00000000,-0.77297953,1.50050035,4.49963686,0.00000000
1.87000000,STAND,-0.00006312,-0.00591886,0.00007873,-0.00794740,0.00002529,0.31166031,-0.01604609,0.00018372,0.01115336,0.01775962,-0.00000268,26.71308279,26.62985168,31.90716837,31.86128608,0.01351290,-0.76992078,1.52697399,0.00000000,-0.77297953,1.50050035,4.49984486,0.00000000
1.88000000,STAND,-0.00006311,-0.00592117,0.00007873,-0.00794888,0.00002529,0.31166018,-0.01604751,0.00018372,0.01115426,0.01775980,-0.00000250,26.71242985,26.62919822,31.90783307,31.86195198,0.01351220,-0.76991961,1.52697366,0.00000000,-0.77297953,1.50050035,4.50001123,0.00000000
1.89000000,STAND,-0.00006311,-0.00592317,0.00007873,-0.00795018,0.00002529,0.31166007,-0.01604877,0.00018372,0.01115504,0.01775995,-0.00000236,26.71195812,26.62872611,31.90829226,31.86241215,0.01351151,-0.76991874,1.52697335,0.00000000,-0.77297953,1.50050035,4.50013649,0.00000000
1.90000000,STAND,-0.00006311,-0.00592484,0.00007873,-0.00795129,0.00002529,0.31165999,-0.01604986,0.00018371,0.01115570,0.01776006,-0.00000224,26.71166201,26.62842976,31.90855327,31.86267390,0.01351085,-0.76991816,1.52697306,0.00000000,-0.77297953,1.50050035,4.50022167,0.00000000
1.91000000,STAND,-0.00006311,-0.00592620,0.00007873,-0.00795221,0.00002529,0.31165993,-0.01605077,0.00018371,0.01115624,0.01776015,-0.00000215,26.71153400,26.62830162,31.90862559,31.86274673,0.01351021,-0.76991787,1.52697279,0.00000000,-0.77297953,1.50050035,4.50026824,0.00000000
1.92000000,STAND,-0.00006311,-0.00592723,0.00007874,-0.00795295,0.00002529,0.31165990,-0.01605150,0.00018371,0.01115666,0.01776022,-0.00000209,26.71156481,26.62833240,31.90852057,31.86264198,0.01350961,-0.76991785,1.52697255,0.00000000,-0.77297953,1.50050035,4.50027811,0.00000000
1.93000000,STAND,-0.00006311,-0.00592795,0.00007874,-0.00795351,0.00002528,0.31165989,-0.01605206,0.00018371,0.01115695,0.01776025,-0.00000205,26.71174368,26.62851133,31.90825117,31.86237262,0.01350905,-0.76991808,1.52697234,0.00000000,-0.77297953,1.50050035,4.50025356,0.00000000
1.94000000,STAND,-0.00006311,-0.00592837,0.00007874,-0.00795389,0.00002528,0.31165990,-0.01605244,0.00018371,0.01115714,0.01776026,-0.00000204,26.71205860,26.62882636,31.90783169,31.86195296,0.01350854,-0.76991854,1.52697216,0.00000000,-0.77297953,1.50050035,4.50019713,0.00000000
1.95000000,STAND,-0.00006311,-0.00592851,0.00007874,-0.00795409,0.00002528,0.31165993,-0.01605267,0.00018371,0.01115721,0.01776025,-0.00000205,26.71249652,26.62926444,31.90727748,31.86139835,0.01350808,-0.76991921,1.52697201,0.00000000,-0.77297953,1.50050035,4.50011168,0.00000000
1.96000000,STAND,-0.00006311,-0.00592837,0.00007874,-0.00795413,0.00002528,0.31165998,-0.01605273,0.00018371,0.01115718,0.01776021,-0.00000209,26.71304363,26.62981174,31.90660467,31.86072493,0.01350767,-0.76992006,1.52697189,0.00000000,-0.77297953,1.50050035,4.50000021,0.00000000
1.97000000,STAND,-0.00006311,-0.00592798,0.00007874,-0.00795401,0.00002528,0.31166005,-0.01605265,0.00018371,0.01115705,0.01776015,-0.00000215,26.71368559,26.63045388,31.90582991,31.85994935,0.01350732,-0.76992109,1.52697179,0.00000000,-0.77297953,1.50050035,4.49986590,0.00000000
1.98000000,STAND,-0.00006311,-0.00592736,0.00007874,-0.00795375,0.00002528,0.31166013,-0.01605243,0.00018371,0.01115683,0.01776008,-0.00000222,26.71440772,26.63117618,31.90497011,31.85908855,0.01350702,-0.76992225,1.52697173,0.00000000,-0.77297953,1.50050035,4.49971203,0.00000000
1.99000000,STAND,-0.00006311,-0.00592654,0.00007874,-0.00795337,0.00002528,0.31166023,-0.01605209,0.00018371,0.01115653,0.01775999,-0.00000231,26.71519523,26.63196384,31.90404221,31.85815947,0.01350678,-0.76992353,1.52697169,0.00000000,-0.77297953,1.50050035,4.49954190,0.00000000
2.00000000,STAND,-0.00006311,-0.00592554,0.00007874,-0.00795286,0.00002528,0.31166033,-0.01605163,0.00018371,0.01115616,0.01775988,-0.00000242,26.71603346,26.63280217,31.90306295,31.85717885,0.01350660,-0.76992490,1.52697168,0.00000000,-0.77297953,1.50050035,4.49935884,0.00000000
2.01000000,SHIFT_WEIGHT,-0.00005499,-0.00536718,0.00007931,-0.00794711,0.00002492,0.31165587,-0.01604803,0.00018345,0.01116339,0.01786749,0.00010519,24.85727337,24.72938632,33.17720844,33.08948757,0.01344260,-0.77034805,1.52860365,0.00000008,-0.77606379,1.50639797,4.71651683,0.00000001
2.02000000,SHIFT_WEIGHT,-0.00004894,-0.00463687,0.00008027,-0.00791958,0.00002407,0.31163999,-0.01602661,0.00018271,0.01114407,0.01794587,0.00018357,25.89906164,25.78676812,32.47152096,32.39972964,0.01338214,-0.77069567,1.53015378,0.00000086,-0.77564316,1.50559524,4.66147653,0.00000001
2.03000000,SHIFT_WEIGHT,-0.00004471,-0.00409638,0.00008132,-0.00786900,0.00002300,0.31161955,-0.01598352,0.00018172,0.01110025,0.01793893,0.00017663,26.37009795,26.26930571,32.30890467,32.24880583,0.01334829,-0.77086992,1.53091904,0.00000307,-0.77532289,1.50498712,4.64272920,0.00000001
2.04000000,SHIFT_WEIGHT,-0.00004051,-0.00375363,0.00008224,-0.00779914,0.00002183,0.31160046,-0.01592136,0.00018063,0.01104331,0.01789742,0.00013512,26.63034228,26.54300444,32.29231680,32.24547512,0.01333276,-0.77101102,1.53120343,0.00000743,-0.77511210,1.50459240,4.62388242,0.00000000
2.05000000,SHIFT_WEIGHT,-0.00003567,-0.00355442,0.00008280,-0.00771506,0.00002070,0.31158704,-0.01584463,0.00017955,0.01097991,0.01785058,0.00008828,26.77026047,26.69886300,32.29444319,32.26280057,0.01333111,-0.77117198,1.53123752,0.00001464,-0.77498074,1.50435504,4.60156048,0.00000000
2.06000000,SHIFT_WEIGHT,-0.00002995,-0.00343598,0.00008278,-0.00762161,0.00001972,0.31158179,-0.01575797,0.00017859,0.01091395,0.01781027,0.00004797,26.84850050,26.79560154,32.25351572,32.23903221,0.01334036,-0.77135247,1.53115769,0.00002540,-0.77489219,1.50420631,4.57487080,0.00000000
2.07000000,SHIFT_WEIGHT,-0.00002326,-0.00334988,0.00008202,-0.00752279,0.00001905,0.31158547,-0.01566537,0.00017790,0.01084766,0.01777906,0.00001676,26.90005739,26.86810611,32.15356939,32.15811148,0.01335837,-0.77153411,1.53103331,0.00004038,-0.77481721,1.50409159,4.54432485,0.00000000
2.08000000,SHIFT_WEIGHT,-0.00001563,-0.00326778,0.00008041,-0.00742168,0.00001886,0.31159747,-0.01556992,0.00017764,0.01078233,0.01775556,-0.00000674,26.94202765,26.93324334,32.00480543,32.03007350,0.01338381,-0.77169905,1.53089324,0.00006023,-0.77473786,1.50397782,4.51275356,0.00000000
2.09000000,SHIFT_WEIGHT,-0.00000710,-0.00317814,0.00007794,-0.00732064,0.00001934,0.31161629,-0.01547404,0.00017799,0.01071889,0.01773746,-0.00002484,26.98089476,26.99717406,31.82743685,31.87490455,0.01341605,-0.77183643,1.53074608,0.00008559,-0.77464596,1.50385059,4.48155204,0.00000000
2.10000000,SHIFT_WEIGHT,0.00000225,-0.00307997,0.00007461,-0.00722152,0.00002072,0.31163996,-0.01537959,0.00017915,0.01065816,0.01772272,-0.00003958,27.01838743,27.06122907,31.64156706,31.71242617,0.01345495,-0.77194229,1.53059291,0.00011708,-0.77453965,1.50370752,4.45103614,0.00000000
2.11000000,SHIFT_WEIGHT,0.00001228,-0.00297708,0.00007051,-0.00712593,0.00002322,0.31166640,-0.01528815,0.00018133,0.01060108,0.01770996,-0.00005235,27.05492262,27.12536762,31.46256083,31.55767236,0.01350076,-0.77201704,1.53043385,0.00015529,-0.77442010,1.50355199,4.42235662,0.00000000
2.12000000,SHIFT_WEIGHT,0.00002286,-0.00287429,0.00006574,-0.00703532,0.00002708,0.31169367,-0.01520115,0.00018476,0.01054863,0.01769831,-0.00006399,27.09097689,27.18956577,31.30011105,31.41996622,0.01355392,-0.77206286,1.53027036,0.00020081,-0.77428924,1.50338879,4.39633678,0.00000000
2.13000000,SHIFT_WEIGHT,0.00003382,-0.00277557,0.00006044,-0.00695105,0.00003256,0.31172013,-0.01511991,0.00018967,0.01050185,0.01768729,-0.00007501,27.12719948,27.25394843,31.15917537,31.30386950,0.01361501,-0.77208193,1.53010521,0.00025420,-0.77414860,1.50322197,4.37349841,0.00000000
2.14000000,SHIFT_WEIGHT,0.00004498,-0.00268354,0.00005478,-0.00687442,0.00003990,0.31174449,-0.01504568,0.00019631,0.01046173,0.01767662,-0.00008569,27.16402821,27.31842513,31.04147107,31.21069203,0.01368466,-0.77207555,1.52994158,0.00031602,-0.77399902,1.50305414,4.35411714,0.00000000
2.15000000,SHIFT_WEIGHT,0.00005616,-0.00259965,0.00004893,-0.00680660,0.00004938,0.31176587,-0.01497960,0.00020491,0.01042923,0.01766613,-0.00009617,27.20130625,27.38232580,30.94681582,31.13984703,0.01376346,-0.77204405,1.52978222,0.00038680,-0.77384068,1.50288670,4.33828108,0.00000000
2.16000000,SHIFT_WEIGHT,0.00006716,-0.00252467,0.00004307,-0.00674865,0.00006125,0.31178375,-0.01492269,0.00021573,0.01040517,0.01765578,-0.00010652,27.23812237,27.44425792,30.87406140,31.08979810,0.01385196,-0.77198704,1.52962888,0.00046706,-0.77367337,1.50272022,4.32594129,0.00000000
2.17000000,SHIFT_WEIGHT,0.00007781,-0.00245906,0.00003737,-0.00670149,0.00007576,0.31179796,-0.01487586,0.00022899,0.01039027,0.01764564,-0.00011666,27.27289981,27.50220940,30.82163312,31.05860978,0.01395062,-0.77190374,1.52948215,0.00055729,-0.77349672,1.50255494,4.31695151,0.00000000
2.18000000,SHIFT_WEIGHT,0.00008794,-0.00240317,0.00003200,-0.00666585,0.00009317,0.31180862,-0.01483981,0.00024493,0.01038511,0.01763588,-0.00012643,27.30365735,27.55382000,30.78779286,31.04421938,0.01405979,-0.77179330,1.52934159,0.00065799,-0.77331030,1.50239098,4.31109861,0.00000000
2.19000000,SHIFT_WEIGHT,0.00009741,-0.00235735,0.00002712,-0.00664230,0.00011370,0.31181602,-0.01481513,0.00026378,0.01039017,0.01762673,-0.00013557,27.32833780,27.59671688,30.77075060,31.04455481,0.01417971,-0.77165506,1.52920601,0.00076961,-0.77311369,1.50222844,4.30812617,0.00000000
2.20000000,SHIFT_WEIGHT,0.00010609,-0.00232193,0.00002288,-0.00663122,0.00013759,0.31182062,-0.01480218,0.00028576,0.01040576,0.01761850,-0.00014380,27.34511614,27.62882627,30.76871354,31.05758765,0.01431053,-0.77148861,1.52907375,0.00089262,-0.77290648,1.50206737,4.30775294,0.00000000
2.21000000,SHIFT_WEIGHT,0.00011387,-0.00229709,0.00001938,-0.00663282,0.00016506,0.31182294,-0.01480119,0.00031106,0.01043209,0.01761150,-0.00015080,27.35263198,27.64860648,30.77991955,31.08136832,0.01445231,-0.77129387,1.52894296,0.00102745,-0.77268819,1.50190769,4.30968733,0.00000000
2.22000000,SHIFT_WEIGHT,0.00012066,-0.00228287,0.00001673,-0.00664711,0.00019631,0.31182351,-0.01481221,0.00033989,0.01046924,0.01760602,-0.00015628,27.35012444,27.65518057,30.80267024,31.11405899,0.01460507,-0.77107103,1.52881176,0.00117453,-0.77245825,1.50174913,4.31363828,0.00000000
2.23000000,SHIFT_WEIGHT,0.00012641,-0.00227906,0.00001501,-0.00667397,0.00023151,0.31182281,-0.01483514,0.00037241,0.01051717,0.01760230,-0.00016000,27.33747162,27.64837138,30.83536242,31.15396305,0.01476880,-0.77082057,1.52867842,0.00133425,-0.77221600,1.50159119,4.31932282,0.00000000
2.24000000,SHIFT_WEIGHT,0.00013108,-0.00228523,0.00001429,-0.00671312,0.00027086,0.31182131,-0.01486972,0.00040881,0.01057577,0.01760048,-0.00016182,27.31515197,27.62865660,30.87651132,31.19954498,0.01494348,-0.77054315,1.52854135,0.00150702,-0.77196063,1.50143308,4.32647066,0.00000000
2.25000000,SHIFT_WEIGHT,0.00013464,-0.00230070,0.00001459,-0.00676413,0.00031451,0.31181937,-0.01491558,0.00044922,0.01064481,0.01760063,-0.00016168,27.28415038,27.59706717,30.92476117,31.24943627,0.01512915,-0.77023961,1.52839918,0.00169320,-0.77169122,1.50127374,4.33482622,0.00000000
2.26000000,SHIFT_WEIGHT,0.00013710,-0.00232462,0.00001594,-0.00682649,0.00036260,0.31181727,-0.01497224,0.00049379,0.01072398,0.01760272,-0.00015958,27.24583253,27.55505307,30.97888233,31.30242703,0.01532585,-0.76991087,1.52825066,0.00189316,-0.77140676,1.50111192,4.34414880,0.00000000
2.27000000,SHIFT_WEIGHT,0.00013846,-0.00235598,0.00001835,-0.00689957,0.00041526,0.31181522,-0.01503913,0.00054266,0.01081293,0.01760664,-0.00015566,27.20180773,27.50433716,31.03775784,31.35744650,0.01553372,-0.76955790,1.52809473,0.00210724,-0.77110615,1.50094618,4.35421163,0.00000000
2.28000000,SHIFT_WEIGHT,0.00013875,-0.00239366,0.00002182,-0.00698268,0.00047263,0.31181337,-0.01511560,0.00059592,0.01091124,0.01761223,-0.00015007,27.15379627,27.44677349,31.10036441,31.41353757,0.01575296,-0.76918168,1.52793038,0.00233577,-0.77078825,1.50077497,4.36480038,0.00000000
2.29000000,SHIFT_WEIGHT,0.00013801,-0.00243651,0.00002634,-0.00707509,0.00053481,0.31181181,-0.01520097,0.00065370,0.01101849,0.01761926,-0.00014304,27.10351244,27.38422167,31.16575265,31.46983074,0.01598381,-0.76878315,1.52775668,0.00257908,-0.77045190,1.50059667,4.37571186,0.00000000
2.30000000,SHIFT_WEIGHT,0.00013626,-0.00248336,0.00003187,-0.00717604,0.00060189,0.31181061,-0.01529452,0.00071608,0.01113423,0.01762747,-0.00013483,27.05256996,27.31844429,31.23303105,31.52552198,0.01622660,-0.76836319,1.52757270,0.00283744,-0.77009597,1.50040965,4.38675320,0.00000000
2.31000000,SHIFT_WEIGHT,0.00013356,-0.00253306,0.00003840,-0.00728475,0.00067398,0.31180979,-0.01539552,0.00078316,0.01125799,0.01763660,-0.00012570,27.00241282,27.25103079,31.30135606,31.57985724,0.01648172,-0.76792255,1.52737752,0.00311116,-0.76971934,1.50021234,4.39774168,0.00000000
2.32000000,SHIFT_WEIGHT,0.00012995,-0.00258455,0.00004590,-0.00740049,0.00075116,0.31180939,-0.01550325,0.00085501,0.01138933,0.01764639,-0.00011591,26.95427172,27.18334791,31.36992933,31.63212492,0.01674960,-0.76746188,1.52717020,0.00340051,-0.76932095,1.50000321,4.40850546,0.00000001
2.33000000,SHIFT_WEIGHT,0.00012547,-0.00263683,0.00005435,-0.00752251,0.00083350,0.31180944,-0.01561704,0.00093172,0.01152785,0.01765660,-0.00010571,26.90914350,27.11651442,31.43800178,31.68165578,0.01703069,-0.76698168,1.52694977,0.00370572,-0.76889981,1.49978083,4.41888484,0.00000001
2.34000000,SHIFT_WEIGHT,0.00012016,-0.00268902,0.00006371,-0.00765015,0.00092108,0.31180997,-0.01573622,0.00101336,0.01167315,0.01766699,-0.00009531,26.86779016,27.05139667,31.50488304,31.72782928,0.01732550,-0.76648232,1.52671524,0.00402706,-0.76845500,1.49954392,4.42873419,0.00000001
2.35000000,SHIFT_WEIGHT,0.00011405,-0.00274035,0.00007396,-0.00778279,0.00101398,0.31181102,-0.01586020,0.00109999,0.01182488,0.01767739,-0.00008491,26.83075261,26.98862009,31.56995433,31.77008412,0.01763451,-0.76596400,1.52646564,0.00436473,-0.76798570,1.49929130,4.43792396,0.00000001
2.36000000,SHIFT_WEIGHT,0.00010717,-0.00279014,0.00008508,-0.00791987,0.00111227,0.31181267,-0.01598844,0.00119167,0.01198274,0.01768765,-0.00007465,26.79837451,26.92859193,31.63268271,31.80793112,0.01795825,-0.76542679,1.52619998,0.00471897,-0.76749116,1.49902195,4.44634282,0.00000001
2.37000000,SHIFT_WEIGHT,0.00009955,-0.00283787,0.00009707,-0.00806090,0.00121600,0.31181496,-0.01612046,0.00128848,0.01214649,0.01769764,-0.00006466,26.77083165,26.87153051,31.69263474,31.84096619,0.01829719,-0.76487065,1.52591732,0.00508995,-0.76697073,1.49873498,4.45389953,0.00000001
2.38000000,SHIFT_WEIGHT,0.00009119,-0.00288312,0.00010990,-0.00820549,0.00132524,0.31181798,-0.01625588,0.00139047,0.01231591,0.01770728,-0.00005502,26.74816303,26.81749708,31.74948774,31.86888174,0.01865183,-0.76429537,1.52561678,0.00547787,-0.76642383,1.49842965,4.46052440,0.00000001
2.39000000,SHIFT_WEIGHT,0.00008211,-0.00292557,0.00012358,-0.00835331,0.00144005,0.31182177,-0.01639436,0.00149770,0.01249087,0.01771651,-0.00004579,26.73030046,26.76642698,31.80303774,31.89147521,0.01902262,-0.76370065,1.52529753,0.00588290,-0.76585000,1.49810533,4.46617016,0.00000001
2.40000000,SHIFT_WEIGHT,0.00007231,-0.00296502,0.00013809,-0.00850411,0.00156050,0.31182640,-0.01653566,0.00161023,0.01267126,0.01772532,-0.00003699,26.71709481,26.71815786,31.85320305,31.90865389,0.01941000,-0.76308610,1.52495885,0.00630518,-0.76524882,1.49776156,4.47274383,0.00000001
2.41000000,SHIFT_WEIGHT,0.00006178,-0.00300136,0.00015345,-0.00865773,0.00168665,0.31183192,-0.01667961,0.00172811,0.01285705,0.01773368,-0.00002862,26.70833755,26.67245375,31.90002347,31.92043556,0.01981436,-0.76245123,1.52460011,0.00674488,-0.76461997,1.49739796,4.48208388,0.00000001
2.42000000,SHIFT_WEIGHT,0.00005052,-0.00303457,0.00016967,-0.00881409,0.00181854,0.31183837,-0.01682612,0.00185139,0.01304822,0.01774161,-0.00002069,26.70377722,26.62902419,31.94365512,31.92694508,0.02023608,-0.76179549,1.52422081,0.00720211,-0.76396320,1.49701428,4.49079090,0.00000001
2.43000000,SHIFT_WEIGHT,0.00003851,-0.00306471,0.00018674,-0.00897318,0.00195625,0.31184576,-0.01697516,0.00198014,0.01324485,0.01774915,-0.00001316,26.70313117,26.58753882,31.98436134,31.92840721,0.02067548,-0.76111825,1.52382054,0.00767700,-0.76327830,1.49661036,4.49891043,0.00000001
2.44000000,SHIFT_WEIGHT,0.00002573,-0.00309192,0.00020469,-0.00913506,0.00209982,0.31185410,-0.01712678,0.00211440,0.01344702,0.01775631,-0.00000599,26.70609325,26.54763783,32.02250045,31.92513632,0.02113286,-0.76041886,1.52339900,0.00816964,-0.76256517,1.49618613,4.50650636,0.00000001
2.45000000,SHIFT_WEIGHT,0.00001216,-0.00311641,0.00022354,-0.00929985,0.00224930,0.31186338,-0.01728107,0.00225423,0.01365486,0.01776316,0.00000085,26.71233835,26.50893925,32.05851119,31.91752363,0.02160848,-0.75969662,1.52295602,0.00868014,-0.76182371,1.49574161,4.51365835,0.00000001
2.46000000,SHIFT_WEIGHT,-0.00000222,-0.00313843,0.00024328,-0.00946773,0.00240475,0.31187356,-0.01743820,0.00239966,0.01386853,0.01776973,0.00000743,26.72152494,26.47104403,32.09289652,31.90602290,0.02210256,-0.75895082,1.52249150,0.00920857,-0.76105390,1.49527687,4.52045890,0.00000001
2.47000000,SHIFT_WEIGHT,-0.00001744,-0.00315828,0.00026396,-0.00963894,0.00256622,0.31188461,-0.01759839,0.00255074,0.01408823,0.01777610,0.00001379,26.73329663,26.43353986,32.12620690,31.89113532,0.02261527,-0.75818074,1.52200543,0.00975500,-0.76025576,1.49479207,4.52701041,0.00000001
2.48000000,SHIFT_WEIGHT,-0.00003351,-0.00317631,0.00028557,-0.00981375,0.00273374,0.31189647,-0.01776187,0.00270752,0.01431418,0.01778231,0.00002000,26.74728359,26.39600452,32.15902357,31.87339426,0.02314676,-0.75738566,1.52149789,0.01031949,-0.75942935,1.49428740,4.53342218,0.00000001
2.49000000,SHIFT_WEIGHT,-0.00005047,-0.00319291,0.00030813,-0.00999247,0.00290735,0.31190906,-0.01792895,0.00287003,0.01454661,0.01778843,0.00002612,26.76310437,26.35800953,32.19194260,31.85335056,0.02369713,-0.75656487,1.52096901,0.01090207,-0.75857476,1.49376310,4.53980758,0.00000001
2.50000000,SHIFT_WEIGHT,-0.00006834,-0.00320848,0.00033167,-0.01017544,0.00308710,0.31192233,-0.01809993,0.00303831,0.01478576,0.01779452,0.00003222,26.78036882,26.31912426,32.22556015,31.83155879,0.02426646,-0.75571768,1.52041895,0.01150280,-0.75769211,1.49321944,4.54628134,0.00000001
2.51000000,SHIFT_WEIGHT,-0.00008714,-0.00322345,0.00035619,-0.01036303,0.00327301,0.31193619,-0.01827516,0.00321238,0.01503190,0.01780066,0.00003836,26.79868194,26.27892085,32.26045929,31.80856488,0.02485476,-0.75484344,1.51984794,0.01212168,-0.75678154,1.49265671,4.55295706,0.00000001
2.52000000,SHIFT_WEIGHT,-0.00010689,-0.00323823,0.00038170,-0.01055559,0.00346511,0.31195057,-0.01845497,0.00339227,0.01528528,0.01780691,0.00004461,26.81764886,26.23697987,32.29719859,31.78489527,0.02546203,-0.75394154,1.51925620,0.01275873,-0.75584322,1.49207521,4.55994510,0.00000001
2.53000000,SHIFT_WEIGHT,-0.00012760,-0.00325327,0.00040821,-0.01075350,0.00366343,0.31196539,-0.01863972,0.00357801,0.01554615,0.01781334,0.00005104,26.83688068,26.19289648,32.33630255,31.76104769,0.02608824,-0.75301141,1.51864398,0.01341395,-0.75487732,1.49147527,4.56735060,0.00000001
2.54000000,SHIFT_WEIGHT,-0.00014930,-0.00326898,0.00043573,-0.01095715,0.00386798,0.31198058,-0.01882977,0.00376961,0.01581476,0.01782001,0.00005771,26.85600087,26.14628688,32.37825398,31.73748364,0.02673332,-0.75205253,1.51801154,0.01408733,-0.75388402,1.49085718,4.57527194,0.00000001
2.55000000,SHIFT_WEIGHT,-0.00017199,-0.00328578,0.00046427,-0.01116688,0.00407879,0.31199607,-0.01902545,0.00396709,0.01609135,0.01782698,0.00006468,26.87465179,26.09679467,32.42348803,31.71462241,0.02739716,-0.75106446,1.51735911,0.01477885,-0.75286353,1.49022125,4.58379939,0.00000001
2.56000000,SHIFT_WEIGHT,-0.00019570,-0.00330405,0.00049382,-0.01138305,0.00429585,0.31201179,-0.01922710,0.00417045,0.01637614,0.01783433,0.00007203,26.89250113,26.04409681,32.47238794,31.69283667,0.02807964,-0.75004681,1.51668694,0.01548848,-0.75181602,1.48956775,4.59301414,0.00000001
2.57000000,SHIFT_WEIGHT,-0.00022042,-0.00332416,0.00052440,-0.01160598,0.00451917,0.31202769,-0.01943504,0.00437970,0.01666934,0.01784210,0.00007980,26.90924770,25.98790878,32.52528232,31.67244930,0.02878062,-0.74899925,1.51599523,0.01621617,-0.75074170,1.48889695,4.60298749,0.00000001
2.58000000,SHIFT_WEIGHT,-0.00024616,-0.00334643,0.00055599,-0.01183597,0.00474876,0.31204370,-0.01964953,0.00459483,0.01697111,0.01785035,0.00008805,26.92462639,25.92798879,32.58244366,31.65373159,0.02949991,-0.74792154,1.51528419,0.01696187,-0.74964074,1.48820905,4.61378041,0.00000001
2.59000000,SHIFT_WEIGHT,-0.00027293,-0.00337116,0.00058861,-0.01207330,0.00498460,0.31205979,-0.01987086,0.00481586,0.01728163,0.01785912,0.00009682,26.93841216,25.86414085,32.64408807,31.63690242,0.03023733,-0.74681349,1.51455398,0.01772552,-0.74851333,1.48750426,4.62544319,0.00000001
2.60000000,SHIFT_WEIGHT,-0.00030074,-0.00339860,0.00062224,-0.01231820,0.00522670,0.31207591,-0.02009925,0.00504276,0.01760102,0.01786846,0.00010616,26.95042266,25.79621643,32.71037600,31.62212840,0.03099267,-0.74567501,1.51380474,0.01850705,-0.74735964,1.48678273,4.63801547,0.00000001
2.61000000,SHIFT_WEIGHT,-0.00032957,-0.00342897,0.00065689,-0.01257087,0.00547503,0.31209202,-0.02033488,0.00527552,0.01792940,0.01787840,0.00011610,26.96051974,25.72411500,32.78141384,31.60952494,0.03176572,-0.74450605,1.51303659,0.01930637,-0.74617981,1.48604457,4.65152628,0.00000001
2.62000000,SHIFT_WEIGHT,-0.00035944,-0.00346244,0.00069256,-0.01283148,0.00572959,0.31210811,-0.02057794,0.00551414,0.01826683,0.01788896,0.00012666,26.96860962,25.64778320,32.85725625,31.59915797,0.03255626,-0.74330664,1.51224961,0.02012340,-0.74497401,1.48528985,4.66599438,0.00000001
2.63000000,SHIFT_WEIGHT,-0.00039035,-0.00349913,0.00072923,-0.01310015,0.00599035,0.31212414,-0.02082853,0.00575858,0.01861338,0.01790018,0.00013787,26.97464189,25.56721293,32.93790914,31.59104637,0.03336405,-0.74207688,1.51144385,0.02095802,-0.74374237,1.48451861,4.68142869,0.00000001
2.64000000,SHIFT_WEIGHT,-0.00042228,-0.00353915,0.00076692,-0.01337698,0.00625728,0.31214011,-0.02108675,0.00600883,0.01896907,0.01791205,0.00014974,26.97860755,25.48243848,33.02333311,31.58516500,0.03418884,-0.74081692,1.51061932,0.02181013,-0.74248502,1.48373084,4.69782883,0.00000002
2.65000000,SHIFT_WEIGHT,-0.00045525,-0.00358252,0.00080562,-0.01366201,0.00653036,0.31215600,-0.02135266,0.00626486,0.01933389,0.01792458,0.00016228,26.98053607,25.39353287,33.11344747,31.58144816,0.03503042,-0.73952696,1.50977601,0.02267961,-0.74120207,1.48292650,4.71518587,0.00000002
2.66000000,SHIFT_WEIGHT,-0.00048925,-0.00362927,0.00084533,-0.01395526,0.00680955,0.31217180,-0.02162627,0.00652664,0.01970783,0.01793777,0.00017547,26.98049178,25.30060357,33.20813448,31.57979357,0.03588853,-0.73820728,1.50891388,0.02356632,-0.73989363,1.48210551,4.73348304,0.00000002
2.67000000,SHIFT_WEIGHT,-0.00052427,-0.00367937,0.00088606,-0.01425671,0.00709483,0.31218752,-0.02190756,0.00679413,0.02009083,0.01795162,0.00018932,26.97856979,25.20378787,33.30724397,31.58006665,0.03676294,-0.73685817,1.50803285,0.02447012,-0.73855980,1.48126776,4.75269663,0.00000002
2.68000000,SHIFT_WEIGHT,-0.00056032,-0.00373275,0.00092779,-0.01456630,0.00738616,0.31220316,-0.02219650,0.00706730,0.02048281,0.01796611,0.00020381,26.97489146,25.10324797,33.41059809,31.58210510,0.03765342,-0.73547998,1.50713284,0.02539087,-0.73720069,1.48041310,4.77279686,0.00000002
2.69000000,SHIFT_WEIGHT,-0.00059739,-0.00378933,0.00097055,-0.01488395,0.00768348,0.31221872,-0.02249300,0.00734612,0.02088368,0.01798122,0.00021892,26.96959976,24.99916605,33.51799623,31.58572372,0.03855972,-0.73407309,1.50621370,0.02632840,-0.73581637,1.47954138,4.79374886,0.00000002
2.70000000,SHIFT_WEIGHT,-0.00063549,-0.00384900,0.00101432,-0.01520956,0.00798677,0.31223422,-0.02279697,0.00763053,0.02129334,0.01799693,0.00023463,26.96285456,24.89173939,33.62921995,31.59071923,0.03948164,-0.73263790,1.50527531,0.02728255,-0.73440695,1.47865240,4.81551361,0.00000002
2.71000000,SHIFT_WEIGHT,-0.00067461,-0.00391161,0.00105913,-0.01554297,0.00829598,0.31224966,-0.02310827,0.00792050,0.02171165,0.01801321,0.00025091,26.95482794,24.78117571,33.74403787,31.59687526,0.04041894,-0.73117484,1.50431750,0.02825314,-0.73297252,1.47774597,4.83804892,0.00000002
2.72000000,SHIFT_WEIGHT,-0.00071475,-0.00397703,0.00110496,-0.01588405,0.00861105,0.31226508,-0.02342677,0.00821599,0.02213847,0.01803004,0.00026774,26.94569981,24.66768874,33.86221048,31.60396720,0.04137140,-0.72968437,1.50334010,0.02923998,-0.73151317,1.47682188,4.86131041,0.00000002
2.73000000,SHIFT_WEIGHT,-0.00075592,-0.00404509,0.00115183,-0.01623261,0.00893194,0.31228047,-0.02375229,0.00851693,0.02257365,0.01804738,0.00028507,26.93565358,24.55149416,33.98349466,31.61176686,0.04233881,-0.72816692,1.50234293,0.03024288,-0.73002899,1.47587990,4.88525239,0.00000002
2.74000000,SHIFT_WEIGHT,-0.00079811,-0.00411560,0.00119974,-0.01658847,0.00925860,0.31229588,-0.02408467,0.00882329,0.02301702,0.01806520,0.00030289,26.92487234,24.43280590,34.10764808,31.62004701,0.04332095,-0.72662297,1.50132579,0.03126165,-0.72852011,1.47491982,4.90982876,0.00000002
2.75000000,SHIFT_WEIGHT,-0.00084132,-0.00418840,0.00124870,-0.01695143,0.00959096,0.31231130,-0.02442372,0.00913500,0.02346841,0.01808346,0.00032116,26.91353526,24.31183284,34.23443312,31.62858556,0.04431762,-0.72505299,1.50028850,0.03229605,-0.72698663,1.47394142,4.93499382,0.00000002
2.76000000,SHIFT_WEIGHT,-0.00088556,-0.00426331,0.00129872,-0.01732128,0.00992897,0.31232677,-0.02476924,0.00945202,0.02392765,0.01810214,0.00033984,26.90181442,24.18877594,34.36362053,31.63716930,0.04532861,-0.72345743,1.49923086,0.03334589,-0.72542868,1.47294447,4.96070304,0.00000002
2.77000000,SHIFT_WEIGHT,-0.00093082,-0.00434014,0.00134979,-0.01769781,0.01027258,0.31234230,-0.02512103,0.00977429,0.02439456,0.01812120,0.00035890,26.88987205,24.06382576,34.49499262,31.64559735,0.04635371,-0.72183675,1.49815270,0.03441094,-0.72384639,1.47192879,4.98691372,0.00000002
2.78000000,SHIFT_WEIGHT,-0.00097710,-0.00441873,0.00140193,-0.01808081,0.01062171,0.31235792,-0.02547889,0.01010174,0.02486895,0.01814061,0.00037831,26.87785818,23.93716044,34.62834597,31.65368401,0.04739271,-0.72019141,1.49705383,0.03549095,-0.72223994,1.47089417,5.01358555,0.00000002
2.79000000,SHIFT_WEIGHT,-0.00102441,-0.00449890,0.00145514,-0.01847008,0.01097630,0.31237364,-0.02584262,0.01043431,0.02535064,0.01816034,0.00039804,26.86590866,23.80894404,34.76349372,31.66126125,0.04844540,-0.71852185,1.49593408,0.03658570,-0.72060947,1.46984044,5.04068113,0.00000002
2.80000000,SHIFT_WEIGHT,-0.00107275,-0.00458051,0.00150941,-0.01886539,0.01133629,0.31238949,-0.02621203,0.01077195,0.02583946,0.01818036,0.00041805,26.85414370,23.67932528,34.90026735,31.66818053,0.04951158,-0.71682850,1.49479332,0.03769493,-0.71895519,1.46876743,5.06816638,0.00000002
2.81000000,SHIFT_WEIGHT,-0.00112211,-0.00466340,0.00156475,-0.01926656,0.01170160,0.31240546,-0.02658691,0.01111458,0.02633523,0.01820064,0.00043833,26.84266669,23.54843666,35.03851795,31.67431425,0.05059103,-0.71511177,1.49363141,0.03881839,-0.71727729,1.46767503,5.09601082,0.00000002
2.82000000,SHIFT_WEIGHT,-0.00117249,-0.00474745,0.00162116,-0.01967338,0.01207217,0.31242159,-0.02696708,0.01146213,0.02683778,0.01822116,0.00045885,26.83156351,23.41639394,35.17811707,31.67955659,0.05168353,-0.71337208,1.49244823,0.03995582,-0.71557599,1.46656310,5.12418777,0.00000002
2.83000000,SHIFT_WEIGHT,-0.00122389,-0.00483254,0.00167863,-0.02008568,0.01244792,0.31243787,-0.02735237,0.01181454,0.02734694,0.01824189,0.00047959,26.82090216,23.28329596,35.31895706,31.68382392,0.05278886,-0.71160981,1.49124369,0.04110696,-0.71385153,1.46543156,5.15267453,0.00000002
2.84000000,SHIFT_WEIGHT,-0.00127631,-0.00491858,0.00173716,-0.02050327,0.01282876,0.31245432,-0.02774261,0.01217173,0.02786255,0.01826283,0.00050052,26.81073280,23.14922474,35.46095104,31.68705469,0.05390678,-0.70982534,1.49001773,0.04227152,-0.71210418,1.46428034,5.18145237,0.00000002
2.85000000,SHIFT_WEIGHT,-0.00132976,-0.00500547,0.00179675,-0.02092600,0.01321464,0.31247093,-0.02813763,0.01253363,0.02838446,0.01828394,0.00052164,26.80108805,23.01424590,35.60403240,31.68920900,0.05503707,-0.70801904,1.48877030,0.04344924,-0.71033420,1.46310940,5.21050648,0.00000002
2.86000000,SHIFT_WEIGHT,-0.00138421,-0.00509316,0.00185737,-0.02135371,0.01360545,0.31248772,-0.02853730,0.01290016,0.02891250,0.01830522,0.00054291,26.79198368,22.87840933,35.74815406,31.69026764,0.05617947,-0.70619126,1.48750138,0.04463982,-0.70854191,1.46191873,5.23982592,0.00000002
2.87000000,SHIFT_WEIGHT,-0.00143968,-0.00518159,0.00191903,-0.02178626,0.01400113,0.31250467,-0.02894147,0.01327124,0.02944655,0.01832665,0.00056435,26.78341950,22.74175012,35.89328728,31.69023094,0.05733373,-0.70434236,1.48621098,0.04584299,-0.70672761,1.46070835,5.26940337,0.00000002
2.88000000,SHIFT_WEIGHT,-0.00149616,-0.00527072,0.00198171,-0.02222352,0.01440158,0.31252179,-0.02935002,0.01364679,0.02998647,0.01834822,0.00058592,26.77538050,22.60428962,36.03942034,31.68911726,0.05849960,-0.70247267,1.48489913,0.04705843,-0.70489164,1.45947829,5.29923492,0.00000002
2.89000000,SHIFT_WEIGHT,-0.00155364,-0.00536055,0.00204540,-0.02266538,0.01480671,0.31253906,-0.02976284,0.01402673,0.03053211,0.01836994,0.00060764,26.76783823,22.46603678,36.18655689,31.68696124,0.05967679,-0.70058251,1.48356588,0.04828587,-0.70303435,1.45822861,5.32931982,0.00000003
2.90000000,SHIFT_WEIGHT,-0.00161212,-0.00545105,0.00211008,-0.02311172,0.01521644,0.31255648,-0.03017982,0.01441097,0.03108337,0.01839178,0.00062948,26.76075230,22.32698954,36.33471418,31.68381191,0.06086504,-0.69867223,1.48221132,0.04952498,-0.70115611,1.45695941,5.35966010,0.00000003
2.91000000,SHIFT_WEIGHT,-0.00167160,-0.00554224,0.00217573,-0.02356245,0.01563068,0.31257403,-0.03060088,0.01479943,0.03164012,0.01841376,0.00065146,26.75407200,22.18713632,36.48392116,31.67973066,0.06206406,-0.69674215,1.48083554,0.05077547,-0.69925731,1.45567080,5.39026026,0.00000003
2.92000000,SHIFT_WEIGHT,-0.00173207,-0.00563414,0.00224234,-0.02401749,0.01604933,0.31259170,-0.03102591,0.01519201,0.03220224,0.01843587,0.00067357,26.74773800,22.04645768,36.63421649,31.67478908,0.06327353,-0.69479258,1.47943869,0.05203702,-0.69733836,1.45436292,5.42112687,0.00000003
2.93000000,SHIFT_WEIGHT,-0.00179353,-0.00572678,0.00230989,-0.02447676,0.01647229,0.31260946,-0.03145486,0.01558863,0.03276963,0.01845810,0.00069580,26.74168412,21.90492789,36.78564650,31.66906691,0.06449317,-0.69282388,1.47802090,0.05330931,-0.69539967,1.45303593,5.45226822,0.00000003
2.94000000,SHIFT_WEIGHT,-0.00185596,-0.00582019,0.00237836,-0.02494017,0.01689947,0.31262731,-0.03188764,0.01598919,0.03334218,0.01848047,0.00071817,26.73583908,21.76251657,36.93826315,31.66264981,0.06572265,-0.69083636,1.47658234,0.05459203,-0.69344167,1.45168999,5.48369387,0.00000003
2.95000000,SHIFT_WEIGHT,-0.00191938,-0.00591443,0.00244773,-0.02540768,0.01733077,0.31264522,-0.03232420,0.01639361,0.03391977,0.01850297,0.00074067,26.73012817,21.61919029,37.09212207,31.65562732,0.06696165,-0.68883037,1.47512321,0.05588484,-0.69146480,1.45032532,5.51541432,0.00000003
2.96000000,SHIFT_WEIGHT,-0.00198377,-0.00600954,0.00251799,-0.02587921,0.01776609,0.31266317,-0.03276448,0.01680177,0.03450231,0.01852561,0.00076331,26.72447498,21.47491415,37.24728058,31.64809090,0.06820983,-0.68680625,1.47364371,0.05718742,-0.68946953,1.44894212,5.54744060,0.00000003
2.97000000,SHIFT_WEIGHT,-0.00204913,-0.00610558,0.00258910,-0.02635471,0.01820532,0.31268114,-0.03320841,0.01721360,0.03508970,0.01854840,0.00078610,26.71880290,21.32965318,37.40379589,31.64013201,0.06946686,-0.68476438,1.47214406,0.05849944,-0.68745632,1.44754062,5.57978390,0.00000003
2.98000000,SHIFT_WEIGHT,-0.00211544,-0.00620261,0.00266106,-0.02683413,0.01864836,0.31269910,-0.03365595,0.01762898,0.03568183,0.01857133,0.00080903,26.71303659,21.18337376,37.56172339,31.63184041,0.07073239,-0.68270512,1.47062451,0.05982056,-0.68542564,1.44612106,5.61245523,0.00000003
2.99000000,SHIFT_WEIGHT,-0.00218272,-0.00630069,0.00273384,-0.02731741,0.01909511,0.31271703,-0.03410705,0.01804782,0.03627860,0.01859442,0.00083212,26.70710327,21.03604480,37.72111511,31.62330263,0.07200606,-0.68062886,1.46908531,0.06115045,-0.68337799,1.44468370,5.64546513,0.00000003
3.00000000,SHIFT_WEIGHT,-0.00225095,-0.00639987,0.00280742,-0.02780448,0.01954545,0.31273491,-0.03456165,0.01847002,0.03687989,0.01861767,0.00085537,26.70093392,20.88763893,37.88201828,31.61460053,0.07328751,-0.67853600,1.46752671,0.06248876,-0.68131386,1.44322880,5.67882332,0.00000003
3.01000000,SHIFT_WEIGHT,-0.00232012,-0.00650021,0.00288179,-0.02829531,0.01999929,0.31275271,-0.03501970,0.01889547,0.03748562,0.01864108,0.00087878,26.69446426,20.73813336,38.04447416,31.60581021,0.07457638,-0.67642695,1.46594901,0.06383515,-0.67923374,1.44175664,5.71253853,0.00000003
3.02000000,SHIFT_WEIGHT,-0.00239024,-0.00660177,0.00295693,-0.02878982,0.02045650,0.31277041,-0.03548114,0.01932407,0.03809566,0.01866466,0.00090236,26.68763554,20.58751075,38.20851699,31.59700098,0.07587230,-0.67430215,1.46435247,0.06518928,-0.67713816,1.44026750,5.74661818,0.00000003
3.03000000,SHIFT_WEIGHT,-0.00246129,-0.00670459,0.00303281,-0.02928796,0.02091698,0.31278799,-0.03594591,0.01975572,0.03870991,0.01868841,0.00092611,26.68039529,20.43575986,38.37417313,31.58823462,0.07717489,-0.67216205,1.46273741,0.06655078,-0.67502761,1.43876167,5.78106827,0.00000003
3.04000000,SHIFT_WEIGHT,-0.00253328,-0.00680873,0.00310944,-0.02978966,0.02138062,0.31280543,-0.03641396,0.02019031,0.03932824,0.01871234,0.00095003,26.67269772,20.28287599,38.54146047,31.57956479,0.07848378,-0.67000710,1.46110412,0.06791932,-0.67290262,1.43723944,5.81589322,0.00000003
3.05000000,SHIFT_WEIGHT,-0.00260619,-0.00691422,0.00318678,-0.03029484,0.02184730,0.31282270,-0.03688521,0.02062773,0.03995054,0.01873644,0.00097414,26.66450410,20.12886137,38.71038793,31.57103673,0.07979858,-0.66783780,1.45945292,0.06929454,-0.67076371,1.43570113,5.85109570,0.00000003
3.06000000,SHIFT_WEIGHT,-0.00268002,-0.00702109,0.00326483,-0.03080344,0.02231691,0.31283979,-0.03735959,0.02106787,0.04057668,0.01876072,0.00099842,26.65578293,19.97372531,38.88095518,31.56268700,0.08111891,-0.66565464,1.45778411,0.07067608,-0.66861141,1.43414702,5.88667665,0.00000003
3.07000000,SHIFT_WEIGHT,-0.00275477,-0.00712938,0.00334357,-0.03131536,0.02278932,0.31285668,-0.03783703,0.02151063,0.04120653,0.01878518,0.00102287,26.64650993,19.81748424,39.05315263,31.55454358,0.08244439,-0.66345814,1.45609803,0.07206358,-0.66644625,1.43257744,5.92263516,0.00000003
3.08000000,SHIFT_WEIGHT,-0.00283043,-0.00723910,0.00342298,-0.03183051,0.02326444,0.31287336,-0.03831745,0.02195589,0.04183996,0.01880981,0.00104751,26.63666796,19.66016166,39.22696140,31.54662597,0.08377463,-0.66124883,1.45439501,0.07345668,-0.66426875,1.43099270,5.95896849,0.00000003
3.09000000,SHIFT_WEIGHT,-0.00290698,-0.00735027,0.00350307,-0.03234881,0.02374213,0.31288980,-0.03880074,0.02240355,0.04247682,0.01883462,0.00107232,26.62624678,19.50178789,39.40235365,31.53894556,0.08510925,-0.65902725,1.45267537,0.07485503,-0.66207946,1.42939311,5.99567213,0.00000003
3.10000000,SHIFT_WEIGHT,-0.00298443,-0.00746288,0.00358380,-0.03287014,0.02422228,0.31290599,-0.03928682,0.02285349,0.04311697,0.01885960,0.00109730,26.61524269,19.34239976,39.57929289,31.53150604,0.08644786,-0.65679395,1.45093946,0.07625825,-0.65987890,1.42777899,6.03273978,0.00000003
3.11000000,SHIFT_WEIGHT,-0.00306277,-0.00757695,0.00366518,-0.03339440,0.02470477,0.31292193,-0.03977558,0.02330559,0.04376027,0.01888475,0.00112245,26.60365810,19.18204019,39.75773450,31.52430400,0.08779008,-0.65454953,1.44918762,0.07766598,-0.65766763,1.42615068,6.07016350,0.00000003
3.12000000,SHIFT_WEIGHT,-0.00314198,-0.00769246,0.00374720,-0.03392147,0.02518947,0.31293760,-0.04026692,0.02375975,0.04440656,0.01891006,0.00114776,26.59150105,19.02075773,39.93762631,31.51732957,0.08913551,-0.65229454,1.44742020,0.07907785,-0.65544618,1.42450849,6.10793378,0.00000003
3.13000000,SHIFT_WEIGHT,-0.00322206,-0.00780940,0.00382983,-0.03445123,0.02567627,0.31295299,-0.04076072,0.02421585,0.04505568,0.01893553,0.00117322,26.57878458,18.85860595,40.11890932,31.51056712,0.09048379,-0.65002960,1.44563756,0.08049350,-0.65321510,1.42285276,6.14603964,0.00000003
3.14000000,SHIFT_WEIGHT,-0.00330300,-0.00792774,0.00391306,-0.03498355,0.02616505,0.31296809,-0.04125687,0.02467378,0.04570746,0.01896114,0.00119884,26.56552620,18.69564287,40.30151840,31.50399611,0.09183451,-0.64775530,1.44384005,0.08191256,-0.65097494,1.42118382,6.18446880,0.00000003
3.15000000,SHIFT_WEIGHT,-0.00338478,-0.00804747,0.00399690,-0.03551829,0.02665567,0.31298290,-0.04175523,0.02513341,0.04636175,0.01898689,0.00122459,26.55174716,18.53193031,40.48538316,31.49759183,0.09318731,-0.64547226,1.44202804,0.08333466,-0.64872623,1.41950202,6.22320781,0.00000003
3.16000000,SHIFT_WEIGHT,-0.00346741,-0.00816854,0.00408132,-0.03605533,0.02714803,0.31299742,-0.04225568,0.02559464,0.04701837,0.01901278,0.00125048,26.53747186,18.36753321,40.67042872,31.49132628,0.09454181,-0.64318109,1.44020191,0.08475943,-0.64646954,1.41780770,6.26224220,0.00000003
3.17000000,SHIFT_WEIGHT,-0.00355086,-0.00829093,0.00416632,-0.03659451,0.02764198,0.31301163,-0.04275808,0.02605734,0.04767716,0.01903879,0.00127648,26.52272716,18.20251895,40.85657662,31.48516898,0.09589762,-0.64088242,1.43836202,0.08618649,-0.64420542,1.41610120,6.30155666,0.00000003
3.18000000,SHIFT_WEIGHT,-0.00363511,-0.00841459,0.00425188,-0.03713569,0.02813742,0.31302554,-0.04326230,0.02652140,0.04833792,0.01906491,0.00130260,26.50754172,18.03695673,41.04374562,31.47908779,0.09725438,-0.63857688,1.43650878,0.08761548,-0.64193442,1.41438290,6.34113517,0.00000003
3.19000000,SHIFT_WEIGHT,-0.00372017,-0.00853948,0.00433798,-0.03767871,0.02863420,0.31303914,-0.04376820,0.02698670,0.04900049,0.01909113,0.00132883,26.49194544,17.87091686,41.23185255,31.47304967,0.09861172,-0.63626509,1.43464256,0.08904602,-0.63965710,1.41265314,6.38096118,0.00000003
3.20000000,SHIFT_WEIGHT,-0.00380601,-0.00866556,0.00442462,-0.03822343,0.02913222,0.31305243,-0.04427563,0.02745312,0.04966469,0.01911744,0.00135514,26.47596880,17.70447018,41.42081313,31.46702148,0.09996926,-0.63394771,1.43276377,0.09047774,-0.63737402,1.41091231,6.42101779,0.00000003
3.21000000,SHIFT_WEIGHT,-0.00389263,-0.00879277,0.00451179,-0.03876968,0.02963133,0.31306541,-0.04478444,0.02792054,0.05033033,0.01914383,0.00138153,26.45964235,17.53768747,41.61054269,31.46097057,0.10132664,-0.63162535,1.43087282,0.09191028,-0.63508575,1.40916078,6.46128783,0.00000003
3.22000000,SHIFT_WEIGHT,-0.00397999,-0.00892106,0.00459946,-0.03931731,0.03013141,0.31307808,-0.04529449,0.02838885,0.05099723,0.01917029,0.00140799,26.44299617,17.37063889,41.80095691,31.45486551,0.10268349,-0.62929866,1.42897012,0.09334325,-0.63279285,1.40739894,6.50175407,0.00000003
3.23000000,SHIFT_WEIGHT,-0.00406809,-0.00905040,0.00468761,-0.03986616,0.03063234,0.31309044,-0.04580563,0.02885792,0.05166521,0.01919681,0.00143451,26.42605949,17.20339349,41.99197244,31.44867654,0.10403946,-0.62696828,1.42705611,0.09477629,-0.63049589,1.40562718,6.54239934,0.00000003
3.24000000,SHIFT_WEIGHT,-0.00415691,-0.00918072,0.00477625,-0.04041607,0.03113398,0.31310248,-0.04631771,0.02932764,0.05233408,0.01922338,0.00146108,26.40886023,17.03601881,42.18350748,31.44237613,0.10539418,-0.62463483,1.42513122,0.09620903,-0.62819545,1.40384592,6.58320660,0.00000003
3.25000000,SHIFT_WEIGHT,-0.00424643,-0.00931197,0.00486533,-0.04096687,0.03163622,0.31311422,-0.04683058,0.02979788,0.05300367,0.01924998,0.00148768,26.39142468,16.86858048,42.37548229,31.43593937,0.10674730,-0.62229897,1.42319590,0.09764110,-0.62589210,1.40205557,6.62415910,0.00000004
3.26000000,SHIFT_WEIGHT,-0.00433664,-0.00944411,0.00495486,-0.04151841,0.03213891,0.31312565,-0.04734409,0.03026853,0.05367377,0.01927661,0.00151431,26.37377728,16.70114191,42.56781960,31.42934424,0.10809847,-0.61996132,1.42125060,0.09907212,-0.62358642,1.40025655,6.66524045,0.00000004
3.27000000,SHIFT_WEIGHT,-0.00442751,-0.00957708,0.00504480,-0.04207053,0.03264194,0.31313677,-0.04785808,0.03073946,0.05434422,0.01930325,0.00154095,26.35594032,16.53376405,42.76044495,31.42257194,0.10944734,-0.61762250,1.41929579,0.10050175,-0.62127900,1.39844931,6.70643470,0.00000004
3.28000000,SHIFT_WEIGHT,-0.00451903,-0.00971084,0.00513514,-0.04262307,0.03314517,0.31314757,-0.04837242,0.03121055,0.05501483,0.01932990,0.00156759,26.33793386,16.36650520,42.95328696,31.41560698,0.11079355,-0.61528316,1.41733196,0.10192960,-0.61897041,1.39663429,6.74772640,0.00000004
3.29000000,SHIFT_WEIGHT,-0.00461117,-0.00984533,0.00522586,-0.04317586,0.03364847,0.31315807,-0.04888695,0.03168168,0.05568542,0.01935654,0.00159423,26.31977560,16.19942088,43.14627751,31.40843735,0.11213677,-0.61294391,1.41535958,0.10335531,-0.61666126,1.39481196,6.78910062,0.00000004
3.30000000,SHIFT_WEIGHT,-0.00470391,-0.00998053,0.00531692,-0.04372877,0.03415173,0.31316825,-0.04940152,0.03215274,0.05635581,0.01938316,0.00162086,26.30148085,16.03256378,43.33935188,31.40105447,0.11347664,-0.61060538,1.41337917,0.10477852,-0.61435212,1.39298278,6.83054306,0.00000004
3.31000000,SHIFT_WEIGHT,-0.00479724,-0.01011637,0.00540832,-0.04428163,0.03465480,0.31317813,-0.04991601,0.03262360,0.05702581,0.01940976,0.00164746,26.28306251,15.86598373,43.53244871,31.39345322,0.11481284,-0.60826819,1.41139123,0.10619888,-0.61204360,1.39114723,6.87203999,0.00000004
3.32000000,SHIFT_WEIGHT,-0.00489114,-0.01025283,0.00550003,-0.04483428,0.03515756,0.31318769,-0.05043025,0.03309415,0.05769526,0.01943633,0.00167403,26.26453118,15.69972775,43.72551008,31.38563181,0.11614502,-0.60593294,1.40939629,0.10761601,-0.60973630,1.38930581,6.91357828,0.00000004
3.33000000,SHIFT_WEIGHT,-0.00498557,-0.01038986,0.00559202,-0.04538659,0.03565988,0.31319694,-0.05094413,0.03356426,0.05836397,0.01946286,0.00170056,26.24589517,15.53384012,43.91848131,31.37759163,0.11747284,-0.60360026,1.40739488,0.10902957,-0.60743080,1.38745902,6.95514543,0.00000004
3.34000000,SHIFT_WEIGHT,-0.00508053,-0.01052742,0.00568427,-0.04593840,0.03616163,0.31320588,-0.05145748,0.03403381,0.05903178,0.01948934,0.00172704,26.22716072,15.36836255,44.11131090,31.36933706,0.11879599,-0.60127076,1.40538754,0.11043920,-0.60512772,1.38560739,6.99672949,0.00000004
3.35000000,SHIFT_WEIGHT,-0.00517598,-0.01066549,0.00577676,-0.04648957,0.03666269,0.31321450,-0.05197019,0.03450268,0.05969850,0.01951577,0.00175346,26.20833207,15.20333427,44.30395028,31.36087524,0.12011412,-0.59894504,1.40337484,0.11184454,-0.60282766,1.38375142,7.03831908,0.00000004
3.36000000,SHIFT_WEIGHT,-0.00527190,-0.01080403,0.00586945,-0.04703995,0.03716293,0.31322280,-0.05248211,0.03497076,0.06036398,0.01954213,0.00177983,26.18941173,15.03879230,44.49635361,31.35221581,0.12142690,-0.59662370,1.40135734,0.11324526,-0.60053122,1.38189166,7.07990336,0.00000004
3.37000000,SHIFT_WEIGHT,-0.00536827,-0.01094300,0.00596232,-0.04758941,0.03766222,0.31323078,-0.05299313,0.03543793,0.06102803,0.01956842,0.00180612,26.17040060,14.87477158,44.68847751,31.34337058,0.12273403,-0.59430736,1.39933560,0.11464099,-0.59823901,1.38002866,7.12147195,0.00000004
3.38000000,SHIFT_WEIGHT,-0.00546508,-0.01108238,0.00605535,-0.04813780,0.03816044,0.31323843,-0.05350310,0.03590407,0.06169050,0.01959464,0.00183234,26.15129826,14.71130529,44.88028075,31.33435329,0.12403517,-0.59199660,1.39731023,0.11603140,-0.59595164,1.37816297,7.16301489,0.00000004
3.39000000,SHIFT_WEIGHT,-0.00556229,-0.01122214,0.00614851,-0.04868499,0.03865745,0.31324576,-0.05401190,0.03636906,0.06235122,0.01962078,0.00185848,26.13210313,14.54842502,45.07172396,31.32517925,0.12533001,-0.58969202,1.39528181,0.11741614,-0.59366972,1.37629515,7.20452263,0.00000004
3.40000000,SHIFT_WEIGHT,-0.00565987,-0.01136226,0.00624177,-0.04923085,0.03915314,0.31325276,-0.05451941,0.03683278,0.06301002,0.01964683,0.00188453,26.11281277,14.38616106,45.26276932,31.31586501,0.12661823,-0.58739422,1.39325095,0.11879488,-0.59139385,1.37442578,7.24598592,0.00000004
3.41000000,SHIFT_WEIGHT,-0.00575782,-0.01150270,0.00633511,-0.04977524,0.03964737,0.31325943,-0.05502550,0.03729512,0.06366675,0.01967279,0.00191049,26.09342403,14.22454264,45.45338019,31.30642810,0.12789952,-0.58510378,1.39121825,0.12016728,-0.58912465,1.37255543,7.28739580,0.00000004
3.42000000,SHIFT_WEIGHT,-0.00585609,-0.01164345,0.00642850,-0.05031803,0.04014003,0.31326576,-0.05553006,0.03775596,0.06432124,0.01969865,0.00193635,26.07393332,14.06359818,45.64352084,31.29688666,0.12917357,-0.58282131,1.38918435,0.12153301,-0.58686271,1.37068469,7.32874350,0.00000004
3.43000000,SHIFT_WEIGHT,-0.00595467,-0.01178448,0.00652191,-0.05085909,0.04063098,0.31327176,-0.05603296,0.03821518,0.06497333,0.01972441,0.00196211,26.05433685,13.90335552,45.83315614,31.28725918,0.13044008,-0.58054738,1.38714985,0.12289174,-0.58460866,1.36881416,7.37002041,0.00000004
3.44000000,SHIFT_WEIGHT,-0.00605354,-0.01192577,0.00661532,-0.05139830,0.04112011,0.31327741,-0.05653409,0.03867268,0.06562287,0.01975007,0.00198777,26.03463076,13.74384216,46.02225121,31.27756420,0.13169875,-0.57828258,1.38511539,0.12424315,-0.58236308,1.36694443,7.41121802,0.00000004
3.45000000,SHIFT_WEIGHT,-0.00615266,-0.01206729,0.00670871,-0.05193553,0.04160730,0.31328272,-0.05703332,0.03912834,0.06626970,0.01977562,0.00201331,26.01481138,13.58508546,46.21077121,31.26782007,0.13294927,-0.57602749,1.38308162,0.12558691,-0.58012660,1.36507612,7.45232787,0.00000004
3.46000000,SHIFT_WEIGHT,-0.00625201,-0.01220902,0.00680203,-0.05247065,0.04209241,0.31328768,-0.05753055,0.03958204,0.06691366,0.01980105,0.00203874,25.99487536,13.42711285,46.39868101,31.25804472,0.13419136,-0.57378271,1.38104918,0.12692270,-0.57789980,1.36320982,7.49334149,0.00000004
3.47000000,SHIFT_WEIGHT,-0.00635156,-0.01235093,0.00689528,-0.05300354,0.04257534,0.31329229,-0.05802567,0.04003367,0.06755461,0.01982636,0.00206406,25.97481983,13.26995199,46.58594504,31.24825541,0.13542472,-0.57154879,1.37901871,0.12825022,-0.57568329,1.36134615,7.53425039,0.00000004
3.48000000,SHIFT_WEIGHT,-0.00645129,-0.01249301,0.00698843,-0.05353407,0.04305596,0.31329655,-0.05851854,0.04048312,0.06819238,0.01985155,0.00208924,25.95464258,13.11363091,46.77252702,31.23846861,0.13664907,-0.56932633,1.37699086,0.12956915,-0.57347766,1.35948574,7.57504595,0.00000004
3.49000000,SHIFT_WEIGHT,-0.00655117,-0.01263522,0.00708144,-0.05406213,0.04353415,0.31330046,-0.05900907,0.04093028,0.06882683,0.01987661,0.00211430,25.93434209,12.95817819,46.95838983,31.22869977,0.13786413,-0.56711590,1.37496630,0.13087918,-0.57128350,1.35762919,7.61571948,0.00000004
3.50000000,SHIFT_WEIGHT,-0.00665117,-0.01277754,0.00717430,-0.05458759,0.04400979,0.31330402,-0.05949715,0.04137504,0.06945781,0.01990153,0.00213923,25.91391772,12.80362299,47.14349537,31.21896330,0.13906962,-0.56491806,1.37294567,0.13218001,-0.56910141,1.35577713,7.65626211,0.00000004
3.51000000,SHIFT_WEIGHT,-0.00675127,-0.01291995,0.00726697,-0.05511032,0.04448277,0.31330722,-0.05998265,0.04181730,0.07008517,0.01992632,0.00216402,25.89336971,12.64999519,47.32780441,31.20927235,0.14026526,-0.56273339,1.37092965,0.13347135,-0.56693197,1.35393019,7.69666480,0.00000003
3.52000000,SHIFT_WEIGHT,-0.00685143,-0.01306241,0.00735944,-0.05563022,0.04495297,0.31331007,-0.06046547,0.04225693,0.07070875,0.01995097,0.00218867,25.87269926,12.49732542,47.51127656,31.19963886,0.14145080,-0.56056246,1.36891888,0.13475289,-0.56477575,1.35208898,7.73691835,0.00000003
3.53000000,SHIFT_WEIGHT,-0.00695163,-0.01320490,0.00745169,-0.05614715,0.04542027,0.31331257,-0.06094550,0.04269384,0.07132842,0.01997548,0.00221317,25.85190858,12.34564510,47.69387022,31.19007343,0.14262597,-0.55840582,1.36691405,0.13602436,-0.56263334,1.35025413,7.77701333,0.00000003
3.54000000,SHIFT_WEIGHT,-0.00705184,-0.01334738,0.00754368,-0.05666101,0.04588457,0.31331471,-0.06142263,0.04312793,0.07194403,0.01999983,0.00223753,25.83100085,12.19498646,47.87554253,31.18058535,0.14379050,-0.55626403,1.36491580,0.13728545,-0.56050530,1.34842626,7.81694012,0.00000003
3.55000000,SHIFT_WEIGHT,-0.00715202,-0.01348982,0.00763539,-0.05717166,0.04634574,0.31331651,-0.06189675,0.04355907,0.07255542,0.02002402,0.00226172,25.80998030,12.04538251,48.05624942,31.17118261,0.14494416,-0.55413764,1.36292481,0.13853591,-0.55839219,1.34660600,7.85668889,0.00000003
3.56000000,SHIFT_WEIGHT,-0.00725216,-0.01363219,0.00772681,-0.05767899,0.04680368,0.31331795,-0.06236775,0.04398718,0.07316246,0.02004806,0.00228575,25.78885212,11.89686702,48.23594561,31.16187189,0.14608669,-0.55202722,1.36094173,0.13977544,-0.55629458,1.34479397,7.89624960,0.00000003
3.57000000,SHIFT_WEIGHT,-0.00735221,-0.01377446,0.00781790,-0.05818288,0.04725828,0.31331905,-0.06283552,0.04441215,0.07376500,0.02007192,0.00230962,25.76762246,11.74947450,48.41458474,31.15265864,0.14721784,-0.54993330,1.35896723,0.14100377,-0.55421301,1.34299079,7.93561204,0.00000003
3.58000000,SHIFT_WEIGHT,-0.00745215,-0.01391658,0.00790865,-0.05868321,0.04770942,0.31331981,-0.06329995,0.04483388,0.07436290,0.02009562,0.00233332,25.74629836,11.60324008,48.59211936,31.14354717,0.14833739,-0.54785641,1.35700196,0.14222065,-0.55214803,1.34119707,7.97476579,0.00000003
3.59000000,SHIFT_WEIGHT,-0.00755194,-0.01405852,0.00799902,-0.05917986,0.04815700,0.31332022,-0.06376094,0.04525227,0.07495602,0.02011914,0.00235684,25.72488773,11.45819951,48.76850112,31.13454064,0.14944511,-0.54579710,1.35504660,0.14342580,-0.55010018,1.33941343,8.01370030,0.00000003
3.60000000,SHIFT_WEIGHT,-0.00765155,-0.01420024,0.00808900,-0.05967272,0.04860092,0.31332031,-0.06421837,0.04566722,0.07554422,0.02014248,0.00238017,25.70339926,11.31438901,48.94368083,31.12564126,0.15054076,-0.54375589,1.35310178,0.14461897,-0.54806999,1.33764047,8.05240484,0.00000003
3.61000000,SHIFT_WEIGHT,-0.00775096,-0.01434170,0.00817857,-0.06016167,0.04904106,0.31332006,-0.06467215,0.04607863,0.07612736,0.02016563,0.00240332,25.68184233,11.17184521,49.11760860,31.11685030,0.15162413,-0.54173331,1.35116817,0.14579991,-0.54605799,1.33587882,8.09086860,0.00000003
3.62000000,SHIFT_WEIGHT,-0.00785012,-0.01448286,0.00826770,-0.06064659,0.04947733,0.31331950,-0.06512216,0.04648641,0.07670530,0.02018858,0.00242628,25.66022696,11.03060504,49.29023403,31.10816824,0.15269502,-0.53972986,1.34924641,0.14696837,-0.54406468,1.33412906,8.12908065,0.00000003
3.63000000,SHIFT_WEIGHT,-0.00794901,-0.01462367,0.00835636,-0.06112737,0.04990963,0.31331861,-0.06556830,0.04689046,0.07727792,0.02021134,0.00244903,25.63856373,10.89070563,49.46150626,31.09959487,0.15375320,-0.53774605,1.34733715,0.14812411,-0.54209058,1.33239180,8.16702999,0.00000003
3.64000000,SHIFT_WEIGHT,-0.00804759,-0.01476410,0.00844455,-0.06160390,0.05033784,0.31331742,-0.06601046,0.04729070,0.07784507,0.02023389,0.00247158,25.61686366,10.75218420,49.63137423,31.09112940,0.15479849,-0.53578237,1.34544102,0.14926689,-0.54013619,1.33066762,8.20470560,0.00000003
3.65000000,SHIFT_WEIGHT,-0.00814583,-0.01490409,0.00853222,-0.06207605,0.05076188,0.31331593,-0.06644855,0.04768702,0.07840663,0.02025622,0.00249392,25.59513817,10.61507792,49.79978673,31.08277058,0.15583068,-0.53383933,1.34355867,0.15039649,-0.53820199,1.32895713,8.24209642,0.00000003
3.66000000,SHIFT_WEIGHT,-0.00824369,-0.01504360,0.00861936,-0.06254372,0.05118165,0.31331413,-0.06688245,0.04807935,0.07896246,0.02027835,0.00251604,25.57339894,10.47942387,49.96669265,31.07451677,0.15684959,-0.53191740,1.34169072,0.15151268,-0.53628847,1.32726089,8.27919143,0.00000003
3.67000000,SHIFT_WEIGHT,-0.00834114,-0.01518259,0.00870595,-0.06300680,0.05159705,0.31331206,-0.06731207,0.04846758,0.07951243,0.02030025,0.00253794,25.55165788,10.34525886,50.13204104,31.06636609,0.15785504,-0.53001705,1.33983779,0.15261524,-0.53439611,1.32557948,8.31597965,0.00000003
3.68000000,SHIFT_WEIGHT,-0.00843815,-0.01532100,0.00879197,-0.06346517,0.05200799,0.31330970,-0.06773731,0.04885164,0.08005643,0.02032192,0.00255961,25.52992703,10.21261937,50.29578132,31.05831651,0.15884685,-0.52813874,1.33800050,0.15370396,-0.53252536,1.32391348,8.35245016,0.00000003
3.69000000,SHIFT_WEIGHT,-0.00853468,-0.01545879,0.00887738,-0.06391874,0.05241438,0.31330707,-0.06815807,0.04923145,0.08059433,0.02034335,0.00258105,25.50821847,10.08154146,50.45786336,31.05036589,0.15982486,-0.52628292,1.33617947,0.15477862,-0.53067668,1.32226343,8.38859215,0.00000003
3.70000000,SHIFT_WEIGHT,-0.00863070,-0.01559592,0.00896217,-0.06436738,0.05281612,0.31330419,-0.06857424,0.04960691,0.08112600,0.02036455,0.00260225,25.48654428,9.95206066,50.61823765,31.04251215,0.16078890,-0.52445005,1.33437529,0.15583903,-0.52885052,1.32062991,8.42439492,0.00000003
3.71000000,SHIFT_WEIGHT,-0.00872616,-0.01573232,0.00904632,-0.06481100,0.05321314,0.31330105,-0.06898575,0.04997795,0.08165134,0.02038550,0.00262320,25.46491646,9.82421186,50.77685542,31.03475327,0.16173881,-0.52264054,1.33258856,0.15688500,-0.52704730,1.31901344,8.45984795,0.00000003
3.72000000,SHIFT_WEIGHT,-0.00882105,-0.01586797,0.00912980,-0.06524950,0.05360534,0.31329767,-0.06939248,0.05034449,0.08217021,0.02040620,0.00264389,25.44334685,9.69802932,50.93366870,31.02708737,0.16267445,-0.52085481,1.33081987,0.15791633,-0.52526746,1.31741457,8.49494084,0.00000003
3.73000000,SHIFT_WEIGHT,-0.00891531,-0.01600280,0.00921258,-0.06568277,0.05399264,0.31329405,-0.06979436,0.05070645,0.08268251,0.02042664,0.00266433,25.42184712,9.57354650,51.08863047,31.01951280,0.16359568,-0.51909328,1.32906980,0.15893283,-0.52351140,1.31583382,8.52966343,0.00000003
3.74000000,SHIFT_WEIGHT,-0.00900893,-0.01613677,0.00929465,-0.06611072,0.05437496,0.31329022,-0.07019129,0.05106376,0.08318813,0.02044681,0.00268451,25.40042870,9.45079608,51.24169472,31.01202816,0.16450235,-0.51735635,1.32733891,0.15993434,-0.52177952,1.31427172,8.56400572,0.00000003
3.75000000,SHIFT_WEIGHT,-0.00910185,-0.01626983,0.00937598,-0.06653325,0.05475223,0.31328617,-0.07058318,0.05141634,0.08368696,0.02046672,0.00270442,25.37910277,9.32980988,51.39281651,31.00463232,0.16539434,-0.51564438,1.32562777,0.16092069,-0.52007223,1.31272877,8.59795796,0.00000003
3.76000000,SHIFT_WEIGHT,-0.00919406,-0.01640193,0.00945655,-0.06695026,0.05512435,0.31328192,-0.07096995,0.05176412,0.08417890,0.02048636,0.00272406,25.35788016,9.21061879,51.54195207,30.99732447,0.16627152,-0.51395777,1.32393692,0.16189170,-0.51838989,1.31120546,8.63151063,0.00000003
3.77000000,SHIFT_WEIGHT,-0.00928550,-0.01653302,0.00953634,-0.06736167,0.05549127,0.31327747,-0.07135151,0.05210703,0.08466384,0.02050572,0.00274342,25.33677144,9.09325279,51.68905881,30.99010413,0.16713379,-0.51229686,1.32226690,0.16284723,-0.51673287,1.30970229,8.66465446,0.00000003
3.78000000,SHIFT_WEIGHT,-0.00937616,-0.01666307,0.00961532,-0.06776738,0.05585290,0.31327285,-0.07172778,0.05244501,0.08514169,0.02052480,0.00276249,25.31578678,8.97774089,51.83409538,30.98297115,0.16798103,-0.51066201,1.32061825,0.16378713,-0.51510153,1.30821974,8.69738042,0.00000003
3.79000000,SHIFT_WEIGHT,-0.00946599,-0.01679202,0.00969347,-0.06816731,0.05620918,0.31326805,-0.07209869,0.05277799,0.08561234,0.02054358,0.00278128,25.29493604,8.86411110,51.97702169,30.97592570,0.16881313,-0.50905355,1.31899147,0.16471124,-0.51349620,1.30675826,8.72967975,0.00000003
3.80000000,SHIFT_WEIGHT,-0.00955496,-0.01691982,0.00977077,-0.06856138,0.05656004,0.31326310,-0.07246416,0.05310592,0.08607572,0.02056208,0.00279978,25.27422870,8.75239045,52.11779895,30.96896830,0.16963001,-0.50747179,1.31738707,0.16561944,-0.51191723,1.30531831,8.76154397,0.00000003
3.81000000,SHIFT_WEIGHT,-0.00964304,-0.01704642,0.00984719,-0.06894950,0.05690540,0.31325799,-0.07282412,0.05342871,0.08653172,0.02058028,0.00281798,25.25367390,8.64260499,52.25638964,30.96209976,0.17043157,-0.50591705,1.31580555,0.16651159,-0.51036492,1.30390032,8.79296485,0.00000003
3.82000000,SHIFT_WEIGHT,-0.00973019,-0.01717180,0.00992271,-0.06933160,0.05724522,0.31325274,-0.07317849,0.05374633,0.08698027,0.02059817,0.00283587,25.23328040,8.53477972,52.39275755,30.95532117,0.17121773,-0.50438962,1.31424737,0.16738758,-0.50883957,1.30250473,8.82393444,0.00000003
3.83000000,SHIFT_WEIGHT,-0.00981638,-0.01729589,0.00999732,-0.06970760,0.05757943,0.31324737,-0.07352720,0.05405872,0.08742129,0.02061577,0.00285346,25.21305664,8.42893867,52.52686774,30.94863390,0.17198842,-0.50288977,1.31271301,0.16824729,-0.50734149,1.30113194,8.85444506,0.00000003
3.84000000,SHIFT_WEIGHT,-0.00990158,-0.01741866,0.01007099,-0.07007743,0.05790797,0.31324187,-0.07387020,0.05436581,0.08785468,0.02063305,0.00287074,25.19301073,8.32510489,52.65868658,30.94203952,0.17274357,-0.50141777,1.31120292,0.16909061,-0.50587093,1.29978235,8.88448930,0.00000002
3.85000000,SHIFT_WEIGHT,-0.00998575,-0.01754006,0.01014369,-0.07044102,0.05823079,0.31323627,-0.07420741,0.05466757,0.08828039,0.02065001,0.00288771,25.17315045,8.22330044,52.78818167,30.93553982,0.17348312,-0.49997387,1.30971752,0.16991744,-0.50442817,1.29845635,8.91406002,0.00000002
3.86000000,SHIFT_WEIGHT,-0.01006887,-0.01766005,0.01021541,-0.07079831,0.05854783,0.31323057,-0.07453879,0.05496394,0.08869834,0.02066666,0.00290436,25.15348331,8.12354639,52.91532188,30.92913672,0.17420701,-0.49855830,1.30825725,0.17072770,-0.50301344,1.29715430,8.94315035,0.00000002
3.87000000,SHIFT_WEIGHT,-0.01015090,-0.01777859,0.01028613,-0.07114923,0.05885904,0.31322478,-0.07486426,0.05525487,0.08910847,0.02068299,0.00292069,25.13401651,8.02586290,53.04007730,30.92283227,0.17491519,-0.49717128,1.30682249,0.17152129,-0.50162698,1.29587654,8.97175366,0.00000002
3.88000000,SHIFT_WEIGHT,-0.01023181,-0.01789563,0.01035583,-0.07149372,0.05916439,0.31321892,-0.07518379,0.05554033,0.08951070,0.02069900,0.00293670,25.11475701,7.93026918,53.16241920,30.91662861,0.17560763,-0.49581302,1.30541365,0.17229815,-0.50026901,1.29462343,8.99986360,0.00000002
3.89000000,SHIFT_WEIGHT,-0.01031157,-0.01801114,0.01042448,-0.07183173,0.05946381,0.31321299,-0.07549731,0.05582027,0.08990499,0.02071468,0.00295238,25.09571154,7.83678350,53.28232006,30.91052788,0.17628430,-0.49448371,1.30403109,0.17305820,-0.49893971,1.29339526,9.02747405,0.00000002
3.90000000,SHIFT_WEIGHT,-0.01039015,-0.01812508,0.01049207,-0.07216320,0.05975728,0.31320700,-0.07580477,0.05609466,0.09029127,0.02073003,0.00296772,25.07688661,7.74542325,53.39975349,30.90453226,0.17694517,-0.49318351,1.30267517,0.17380139,-0.49763929,1.29219235,9.05457916,0.00000002
3.91000000,SHIFT_WEIGHT,-0.01046753,-0.01823741,0.01055859,-0.07248808,0.06004476,0.31320097,-0.07610615,0.05636346,0.09066950,0.02074504,0.00298274,25.05828854,7.65620492,53.51469423,30.89864388,0.17759022,-0.49191259,1.30134621,0.17452766,-0.49636789,1.29101497,9.08117330,0.00000002
3.92000000,SHIFT_WEIGHT,-0.01054367,-0.01834809,0.01062400,-0.07280633,0.06032620,0.31319490,-0.07640138,0.05662663,0.09103963,0.02075972,0.00299742,25.03992347,7.56914413,53.62711817,30.89286478,0.17821944,-0.49067108,1.30004454,0.17523696,-0.49512568,1.28986339,9.10725108,0.00000002
3.93000000,SHIFT_WEIGHT,-0.01061854,-0.01845708,0.01068830,-0.07311790,0.06060158,0.31318881,-0.07669044,0.05688415,0.09140161,0.02077406,0.00301175,25.02179741,7.48425564,53.73700224,30.88719690,0.17883282,-0.48945911,1.29877045,0.17592927,-0.49391278,1.28873785,9.13280734,0.00000002
3.94000000,SHIFT_WEIGHT,-0.01069212,-0.01856435,0.01075146,-0.07342276,0.06087087,0.31318270,-0.07697328,0.05713600,0.09175541,0.02078805,0.00302575,25.00391622,7.40155334,53.84432451,30.88164206,0.17943038,-0.48827679,1.29752422,0.17660455,-0.49272932,1.28763857,9.15783716,0.00000002
3.95000000,SHIFT_WEIGHT,-0.01076438,-0.01866986,0.01081348,-0.07372086,0.06113403,0.31317658,-0.07724987,0.05738214,0.09210100,0.02080171,0.00303941,24.98628563,7.32105026,53.94906408,30.87620189,0.18001213,-0.48712420,1.29630611,0.17726279,-0.49157539,1.28656577,9.18233584,0.00000002
3.96000000,SHIFT_WEIGHT,-0.01083529,-0.01877357,0.01087433,-0.07401218,0.06139106,0.31317047,-0.07752019,0.05762255,0.09243833,0.02081501,0.00305271,24.96891129,7.24275862,54.05120113,30.87087785,0.18057808,-0.48600142,1.29511636,0.17790397,-0.49045106,1.28551961,9.20629888,0.00000002
3.97000000,SHIFT_WEIGHT,-0.01090483,-0.01887546,0.01093400,-0.07429669,0.06164192,0.31316438,-0.07778421,0.05785722,0.09276740,0.02082797,0.00306567,24.95179876,7.16668975,54.15071691,30.86567118,0.18112826,-0.48490850,1.29395517,0.17852811,-0.48935641,1.28450028,9.22972204,0.00000002
3.98000000,SHIFT_WEIGHT,-0.01097298,-0.01897549,0.01099248,-0.07457435,0.06188661,0.31315831,-0.07804191,0.05808614,0.09308816,0.02084058,0.00307828,24.93495348,7.09285415,54.24759374,30.86058290,0.18166271,-0.48384549,1.29282275,0.17913520,-0.48829147,1.28350790,9.25260126,0.00000002
3.99000000,SHIFT_WEIGHT,-0.01103971,-0.01907363,0.01104974,-0.07484515,0.06212511,0.31315228,-0.07829325,0.05830929,0.09340062,0.02085284,0.00309054,24.91838087,7.02126145,54.34181500,30.85561378,0.18218147,-0.48281239,1.29171926,0.17972526,-0.48725627,1.28254260,9.27493271,0.00000002
4.00000000,SHIFT_WEIGHT,-0.01110499,-0.01916984,0.01110579,-0.07510907,0.06235740,0.31314629,-0.07853824,0.05852665,0.09370475,0.02086474,0.00310244,24.90208623,6.95192043,54.43336517,30.85076436,0.18268459,-0.48180922,1.29064486,0.18029831,-0.48625081,1.28160447,9.29671279,0.00000002
4.01000000,SHIFT_WEIGHT,-0.01116882,-0.01926410,0.01116061,-0.07536609,0.06258349,0.31314035,-0.07877685,0.05873824,0.09400055,0.02087629,0.00311399,24.88607483,6.88483897,54.52222984,30.84603490,0.18317214,-0.48083595,1.28959967,0.18085441,-0.48527508,1.28069359,9.31793810,0.00000002
4.02000000,SHIFT_WEIGHT,-0.01123115,-0.01935638,0.01121418,-0.07561620,0.06280337,0.31313448,-0.07900907,0.05894403,0.09418730,0.02088748,0.00312518,24.87035184,6.82002405,54.60839571,30.84142542,0.18364417,-0.47989255,1.28858380,0.18139358,-0.48432905,1.27981001,9.33860548,0.00000002
4.03000000,SHIFT_WEIGHT,-0.01129199,-0.01944665,0.01126649,-0.07585940,0.06301704,0.31312868,-0.07923490,0.05914404,0.09394512,0.02089831,0.00313601,24.85492238,6.75748173,54.69185064,30.83693569,0.18410077,-0.47897896,1.28759733,0.18191588,-0.48341265,1.27895376,9.35871198,0.00000002
4.04000000,SHIFT_WEIGHT,-0.01135129,-0.01953487,0.01131754,-0.07609568,0.06322450,0.31312296,-0.07945434,0.05933827,0.09370962,0.02090879,0.00314648,24.83979150,6.69721715,54.77258367,30.83256521,0.18454203,-0.47809511,1.28664030,0.18242138,-0.48252582,1.27812484,9.37825488,0.00000001
4.05000000,SHIFT_WEIGHT,-0.01140906,-0.01962104,0.01136732,-0.07632504,0.06342577,0.31311734,-0.07966739,0.05952672,0.09348082,0.02091890,0.00315660,24.82496415,6.63923445,54.85058505,30.82831323,0.18496802,-0.47724090,1.28571276,0.18291015,-0.48166846,1.27732323,9.39723169,0.00000001
4.06000000,SHIFT_WEIGHT,-0.01146526,-0.01970511,0.01141581,-0.07654748,0.06362085,0.31311181,-0.07987404,0.05970941,0.09325873,0.02092865,0.00316635,24.81044520,6.58353680,54.92584628,30.82417878,0.18537886,-0.47641622,1.28481471,0.18338228,-0.48084045,1.27654889,9.41564017,0.00000001
4.07000000,SHIFT_WEIGHT,-0.01151989,-0.01978707,0.01146302,-0.07676302,0.06380976,0.31310640,-0.08007431,0.05988635,0.09304334,0.02093804,0.00317574,24.79623943,6.53012635,54.99836015,30.82016066,0.18577465,-0.47562093,1.28394612,0.18383786,-0.48004165,1.27580175,9.43347831,0.00000001
4.08000000,SHIFT_WEIGHT,-0.01157293,-0.01986689,0.01150892,-0.07697167,0.06399252,0.31310110,-0.08026821,0.06005755,0.09283465,0.02094707,0.00318476,24.78235149,6.47900417,55.06812078,30.81625744,0.18615552,-0.47485488,1.28310696,0.18427699,-0.47927191,1.27508172,9.45074436,0.00000001
4.09000000,SHIFT_WEIGHT,-0.01162436,-0.01994455,0.01155352,-0.07717344,0.06416915,0.31309593,-0.08045576,0.06022305,0.09263265,0.02095573,0.00319343,24.76878592,6.43017026,55.13512367,30.81246751,0.18652158,-0.47411789,1.28229716,0.18469978,-0.47853104,1.27438867,9.46743681,0.00000001
4.10000000,SHIFT_WEIGHT,-0.01167418,-0.02002003,0.01159682,-0.07736835,0.06433968,0.31309090,-0.08063696,0.06038285,0.09243734,0.02096403,0.00320173,24.75554712,6.38362350,55.19936572,30.80878908,0.18687299,-0.47340977,1.28151662,0.18510637,-0.47781884,1.27372247,9.48355444,0.00000001
4.11000000,SHIFT_WEIGHT,-0.01172236,-0.02009331,0.01163880,-0.07755643,0.06450413,0.31308601,-0.08081186,0.06053700,0.09224869,0.02097197,0.00320967,24.74263933,6.33936161,55.26084531,30.80522017,0.18720987,-0.47273030,1.28076521,0.18549689,-0.47713509,1.27308293,9.49909627,0.00000001
4.12000000,SHIFT_WEIGHT,-0.01176891,-0.02016438,0.01167946,-0.07773771,0.06466255,0.31308127,-0.08098046,0.06068552,0.09206669,0.02097954,0.00321724,24.73006663,6.29738113,55.31956234,30.80175867,0.18753239,-0.47207924,1.28004278,0.18587148,-0.47647953,1.27246988,9.51406162,0.00000001
4.13000000,SHIFT_WEIGHT,-0.01181380,-0.02023322,0.01171881,-0.07791221,0.06481497,0.31307669,-0.08114282,0.06082845,0.09189131,0.02098676,0.00322445,24.71783291,6.25767734,55.37551824,30.79840234,0.18784072,-0.47145632,1.27934917,0.18623030,-0.47585191,1.27188307,9.52845010,0.00000001
4.14000000,SHIFT_WEIGHT,-0.01185704,-0.02029981,0.01175684,-0.07807999,0.06496144,0.31307228,-0.08129895,0.06096583,0.09172252,0.02099361,0.00323130,24.70594186,6.22024430,55.42871607,30.79514882,0.18813501,-0.47086127,1.27868417,0.18657352,-0.47525192,1.27132227,9.54226161,0.00000001
4.15000000,SHIFT_WEIGHT,-0.01189861,-0.02036414,0.01179355,-0.07824108,0.06510199,0.31306805,-0.08144889,0.06109770,0.09156029,0.02100009,0.00323779,24.69439695,6.18507473,55.47916054,30.79199566,0.18841546,-0.47029379,1.27804754,0.18690131,-0.47467925,1.27078720,9.55549635,0.00000001
4.16000000,SHIFT_WEIGHT,-0.01193851,-0.02042620,0.01182894,-0.07839553,0.06523669,0.31306399,-0.08159270,0.06122411,0.09140458,0.02100622,0.00324392,24.68320455,6.15199432,55.52685405,30.78894357,0.18868226,-0.46975353,1.27743901,0.18721388,-0.47413356,1.27027755,9.56815436,0.00000001
4.17000000,SHIFT_WEIGHT,-0.01197672,-0.02048596,0.01186300,-0.07854339,0.06536558,0.31306012,-0.08173042,0.06134510,0.09125535,0.02101196,0.00324966,24.67239497,6.12084085,55.57177682,30.78601091,0.18893559,-0.46924011,1.27685819,0.18751141,-0.47361447,1.26979298,9.58023325,0.00000001
4.18000000,SHIFT_WEIGHT,-0.01201322,-0.02054341,0.01189575,-0.07868472,0.06548873,0.31305644,-0.08186210,0.06146074,0.09111254,0.02101730,0.00325499,24.66200594,6.09177107,55.61391999,30.78321339,0.18917565,-0.46875315,1.27630473,0.18779412,-0.47312159,1.26933308,9.59173248,0.00000001
4.19000000,SHIFT_WEIGHT,-0.01204798,-0.02059852,0.01192716,-0.07881958,0.06560619,0.31305295,-0.08198779,0.06157108,0.09097612,0.02102221,0.00325991,24.65205990,6.06491818,55.65329691,30.78056056,0.18940263,-0.46829226,1.27577829,0.18806223,-0.47265448,1.26889744,9.60265384,0.00000001
4.20000000,SHIFT_WEIGHT,-0.01208100,-0.02065127,0.01195725,-0.07894802,0.06571803,0.31304966,-0.08210755,0.06167617,0.09084601,0.02102671,0.00326440,24.64256015,6.04036302,55.68993222,30.77805742,0.18961675,-0.46785703,1.27527852,0.18831597,-0.47221269,1.26848561,9.61300001,0.00000001
4.21000000,SHIFT_WEIGHT,-0.01211228,-0.02070166,0.01198599,-0.07907013,0.06582432,0.31304656,-0.08222145,0.06177609,0.09072217,0.02103078,0.00326848,24.63349340,6.01814047,55.72385415,30.77570242,0.18981826,-0.46744703,1.27480507,0.18855560,-0.47179577,1.26809716,9.62277393,0.00000001
4.22000000,SHIFT_WEIGHT,-0.01214184,-0.02074969,0.01201340,-0.07918597,0.06592514,0.31304366,-0.08232956,0.06187090,0.09060452,0.02103444,0.00327213,24.62483531,5.99824935,55.75509021,30.77348635,0.19000741,-0.46706182,1.27435753,0.18878138,-0.47140324,1.26773165,9.63197860,0.00000001
4.23000000,SHIFT_WEIGHT,-0.01216967,-0.02079538,0.01203949,-0.07929563,0.06602056,0.31304097,-0.08243194,0.06196068,0.09049299,0.02103770,0.00327539,24.61655652,5.98066281,55.78366577,30.77139303,0.19018448,-0.46670091,1.27393549,0.18899358,-0.47103460,1.26738859,9.64061713,0.00000001
4.24000000,SHIFT_WEIGHT,-0.01219581,-0.02083875,0.01206426,-0.07939920,0.06611068,0.31303849,-0.08252869,0.06204551,0.09038750,0.02104057,0.00327827,24.60862780,5.96533776,55.80960450,30.76940150,0.19034973,-0.46636380,1.27353848,0.18919248,-0.47068933,1.26706751,9.64869280,0.00000001
4.25000000,SHIFT_WEIGHT,-0.01222026,-0.02087981,0.01208773,-0.07949677,0.06619558,0.31303625,-0.08261988,0.06212547,0.09028795,0.02104308,0.00328078,24.60102382,5.95222268,55.83292982,30.76748872,0.19050348,-0.46604996,1.27316600,0.18937840,-0.47036689,1.26676789,9.65620925,0.00000001
4.26000000,SHIFT_WEIGHT,-0.01224306,-0.02091859,0.01210991,-0.07958843,0.06627537,0.31303423,-0.08270560,0.06220066,0.09019427,0.02104525,0.00328295,24.59372544,5.94126354,55.85366659,30.76563214,0.19064603,-0.46575884,1.27281753,0.18955165,-0.47006671,1.26648917,9.66317065,0.00000001
4.27000000,SHIFT_WEIGHT,-0.01226421,-0.02095510,0.01213082,-0.07967430,0.06635015,0.31303246,-0.08278596,0.06227116,0.09010634,0.02104709,0.00328479,24.58672062,5.93240772,55.87184250,30.76381167,0.19077771,-0.46548984,1.27249250,0.18971254,-0.46978819,1.26623079,9.66958175,0.00000000
4.28000000,SHIFT_WEIGHT,-0.01228376,-0.02098936,0.01215050,-0.07975449,0.06642002,0.31303094,-0.08286104,0.06233709,0.09002406,0.02104861,0.00328631,24.58000436,5.92560630,55.88748899,30.76201088,0.19089884,-0.46524236,1.27219032,0.18986143,-0.46953071,1.26599214,9.67544801,0.00000000
4.29000000,SHIFT_WEIGHT,-0.01230171,-0.02102139,0.01216895,-0.07982911,0.06648510,0.31302968,-0.08293097,0.06239853,0.08994733,0.02104984,0.00328753,24.57357772,5.92081485,55.90064168,30.76021752,0.19100976,-0.46501577,1.27191037,0.18999865,-0.46929361,1.26577258,9.68077556,0.00000000
4.30000000,SHIFT_WEIGHT,-0.01231810,-0.02105121,0.01218621,-0.07989829,0.06654551,0.31302868,-0.08299585,0.06245561,0.08987602,0.02105077,0.00328847,24.56744650,5.91799322,55.91134029,30.75842334,0.19111083,-0.46480940,1.27165201,0.19012459,-0.46907622,1.26557144,9.68557119,0.00000000
4.31000000,SHIFT_WEIGHT,-0.01233295,-0.02107884,0.01220230,-0.07996214,0.06660137,0.31302795,-0.08305580,0.06250843,0.08981002,0.02105144,0.00328914,24.56161958,5.91710461,55.91962824,30.75662370,0.19120241,-0.46462257,1.27141454,0.19023961,-0.46887784,1.26538802,9.68984226,0.00000000
4.32000000,SHIFT_WEIGHT,-0.01234629,-0.02110429,0.01221725,-0.08002082,0.06665281,0.31302748,-0.08311093,0.06255712,0.08974919,0.02105183,0.00328953,24.55610724,5.91811429,55.92555209,30.75481684,0.19128485,-0.46445457,1.27119727,0.19034412,-0.46869771,1.26522159,9.69359667,0.00000000
4.33000000,SHIFT_WEIGHT,-0.01235814,-0.02112760,0.01223108,-0.08007444,0.06669995,0.31302728,-0.08316137,0.06260179,0.08969341,0.02105197,0.00328967,24.55091974,5.92098817,55.92916091,30.75300315,0.19135855,-0.46430467,1.27099945,0.19043851,-0.46853509,1.26507140,9.69684273,0.00000000
4.34000000,SHIFT_WEIGHT,-0.01236853,-0.02114878,0.01224381,-0.08012316,0.06674294,0.31302735,-0.08320726,0.06264257,0.08964253,0.02105186,0.00328955,24.54606601,5.92569158,55.93050562,30.75118450,0.19142389,-0.46417209,1.27082032,0.19052320,-0.46838919,1.26493665,9.69958912,0.00000000
4.35000000,SHIFT_WEIGHT,-0.01237748,-0.02116786,0.01225548,-0.08016713,0.06678191,0.31302768,-0.08324874,0.06267960,0.08959641,0.02105149,0.00328919,24.54155283,5.93218820,55.92963848,30.74936367,0.19148127,-0.46405606,1.27065909,0.19059864,-0.46825918,1.26481651,9.70184482,0.00000000
4.36000000,SHIFT_WEIGHT,-0.01238502,-0.02118486,0.01226610,-0.08020650,0.06681702,0.31302828,-0.08328593,0.06271300,0.08955491,0.02105089,0.00328859,24.53738428,5.94043928,55.92661270,30.74754395,0.19153110,-0.46395575,1.27051491,0.19066526,-0.46814423,1.26471016,9.70361905,0.00000000
4.37000000,SHIFT_WEIGHT,-0.01239119,-0.02119982,0.01227571,-0.08024144,0.06684841,0.31302914,-0.08331900,0.06274291,0.08951785,0.02105005,0.00328775,24.53356150,5.95040327,55.92148216,30.74572877,0.19157381,-0.46387033,1.27038695,0.19072354,-0.46804347,1.26461669,9.70492127,0.00000000
4.38000000,SHIFT_WEIGHT,-0.01239600,-0.02121278,0.01228432,-0.08027211,0.06687625,0.31303027,-0.08334810,0.06276949,0.08948508,0.02104898,0.00328668,24.53008285,5.96203559,55.91430129,30.74392162,0.19160982,-0.46379893,1.27027429,0.19077394,-0.46795598,1.26453522,9.70576113,0.00000000
4.39000000,SHIFT_WEIGHT,-0.01239948,-0.02122375,0.01229196,-0.08029869,0.06690068,0.31303166,-0.08337338,0.06279288,0.08945643,0.02104768,0.00328538,24.52694416,5.97528869,55.90512507,30.74212592,0.19163958,-0.46374065,1.27017604,0.19081697,-0.46788085,1.26446479,9.70614852,0.00000000
4.40000000,SHIFT_WEIGHT,-0.01240166,-0.02123279,0.01229865,-0.08032135,0.06692189,0.31303330,-0.08339500,0.06281323,0.08943172,0.02104616,0.00328386,24.52413920,5.99011221,55.89400911,30.74034502,0.19166355,-0.46369457,1.27009122,0.19085312,-0.46781711,1.26440446,9.70609357,0.00000000
4.41000000,SHIFT_WEIGHT,-0.01240258,-0.02123994,0.01230442,-0.08034029,0.06694003,0.31303520,-0.08341315,0.06283071,0.08941077,0.02104442,0.00328211,24.52166021,6.00645325,55.88100987,30.73858226,0.19168218,-0.46365973,1.27001886,0.19088292,-0.46776379,1.26435321,9.70560666,0.00000000
4.42000000,SHIFT_WEIGHT,-0.01240226,-0.02124523,0.01230930,-0.08035569,0.06695529,0.31303736,-0.08342799,0.06284547,0.08939339,0.02104246,0.00328016,24.51949843,6.02425656,55.86618481,30.73684096,0.19169597,-0.46363517,1.26995794,0.19090691,-0.46771986,1.26431004,9.70469845,0.00000000
4.43000000,SHIFT_WEIGHT,-0.01240073,-0.02124872,0.01231331,-0.08036776,0.06696785,0.31303976,-0.08343971,0.06285769,0.08937939,0.02104029,0.00327799,24.51764466,6.04346483,55.84959263,30.73512448,0.19170540,-0.46361987,1.26990741,0.19092564,-0.46768429,1.26427389,9.70337994,0.00000000
4.44000000,SHIFT_WEIGHT,-0.01239802,-0.02125044,0.01231648,-0.08037670,0.06697790,0.31304242,-0.08344849,0.06286753,0.08936855,0.02103791,0.00327561,24.51608963,6.06401878,55.83129354,30.73343627,0.19171098,-0.46361280,1.26986619,0.19093968,-0.46765601,1.26424366,9.70166245,0.00000000
4.45000000,SHIFT_WEIGHT,-0.01239417,-0.02125044,0.01231883,-0.08038271,0.06698562,0.31304532,-0.08345453,0.06287518,0.08936068,0.02103533,0.00327303,24.51482444,6.08585727,55.81134945,30.73177983,0.19171323,-0.46361289,1.26983318,0.19094960,-0.46763391,1.26421827,9.69955770,0.00000000
4.46000000,SHIFT_WEIGHT,-0.01238921,-0.02124879,0.01232041,-0.08038603,0.06699122,0.31304847,-0.08345802,0.06288082,0.08935557,0.02103255,0.00327025,24.51384078,6.10891734,55.78982411,30.73015870,0.19171267,-0.46361907,1.26980722,0.19095602,-0.46761686,1.26419655,9.69707781,0.00000000
4.47000000,SHIFT_WEIGHT,-0.01238317,-0.02124551,0.01232124,-0.08038688,0.06699490,0.31305186,-0.08345918,0.06288463,0.08935298,0.02102957,0.00326727,24.51313115,6.13313408,55.76678335,30.72857648,0.19170986,-0.46363020,1.26978715,0.19095955,-0.46760371,1.26417734,9.69423530,0.00000000
4.48000000,SHIFT_WEIGHT,-0.01237609,-0.02124069,0.01232135,-0.08038547,0.06699687,0.31305550,-0.08345820,0.06288682,0.08935269,0.02102639,0.00326409,24.51266143,6.15842640,55.74233122,30.72653374,0.19170534,-0.46364515,1.26977175,0.19096081,-0.46759326,1.26415944,9.69104693,0.00000008
4.49000000,SHIFT_WEIGHT,-0.01236802,-0.02123436,0.01232078,-0.08038205,0.06699735,0.31305936,-0.08345532,0.06288758,0.08935448,0.02102303,0.00326073,24.51240413,6.18474287,55.71648006,30.72517963,0.19169970,-0.46366275,1.26975978,0.19096046,-0.46758429,1.26414163,9.68751922,0.00000007
4.50000000,SHIFT_WEIGHT,-0.01235896,-0.02122659,0.01231957,-0.08037687,0.06699656,0.31306347,-0.08345074,0.06288711,0.08935809,0.02101948,0.00325717,24.51296731,6.21202161,55.68928589,30.72395612,0.19169354,-0.46368178,1.26974998,0.19095916,-0.46757556,1.26412263,9.68366503,0.00000009
4.51000000,LIFT_LEG,-0.01234899,-0.02121743,0.01231775,-0.08037017,0.06699471,0.31306780,-0.08344470,0.06288563,0.08936329,0.02101574,0.00325344,24.51265950,6.23993302,55.66085613,30.72237763,0.19168744,-0.46370102,1.26974107,0.19095752,-0.46756599,1.26410143,9.67950508,0.00000007
4.52000000,LIFT_LEG,-0.01233819,-0.02120695,0.01231536,-0.08036220,0.06699205,0.31307235,-0.08343743,0.06288335,0.08936982,0.02101184,0.00324954,24.51346749,6.26718779,55.63135077,30.72050810,0.19168191,-0.46371941,1.26973201,0.19095576,-0.46755576,1.26407878,9.67508213,0.00000006
4.53000000,LIFT_LEG,-0.01232677,-0.02119529,0.01231246,-0.08035321,0.06698880,0.31307709,-0.08342916,0.06288047,0.08937747,0.02100786,0.00324556,24.51395708,6.29272566,55.60133378,30.71779961,0.19167731,-0.46373636,1.26972241,0.19095400,-0.46754551,1.26405607,9.67049003,0.00000004
4.54000000,LIFT_LEG,-0.01231502,-0.02118264,0.01230909,-0.08034342,0.06698514,0.31308196,-0.08342010,0.06287719,0.08938600,0.02100392,0.00324161,24.51465637,6.31579455,55.57139921,30.71391777,0.19167381,-0.46375167,1.26971243,0.19095235,-0.46753592,1.26403482,9.66582681,0.00000009
4.55000000,LIFT_LEG,-0.01230316,-0.02116919,0.01230534,-0.08033304,0.06698126,0.31308688,-0.08341045,0.06287367,0.08939521,0.02100011,0.00323781,24.51731898,6.33583107,55.54216258,30.70937173,0.19167151,-0.46376546,1.26970260,0.19095093,-0.46752766,1.26401651,9.66118491,0.00000000
4.56000000,LIFT_LEG,-0.01229143,-0.02115513,0.01230127,-0.08032228,0.06697731,0.31309175,-0.08340040,0.06287005,0.08940493,0.02099656,0.00323426,24.52031200,6.35260861,55.51419094,30.70482192,0.19167047,-0.46377804,1.26969371,0.19094985,-0.46752136,1.26400257,9.65665624,0.00000000
4.57000000,LIFT_LEG,-0.01228001,-0.02114063,0.01229695,-0.08031129,0.06697342,0.31309647,-0.08339012,0.06286647,0.08941496,0.02099336,0.00323106,24.52428062,6.36628309,55.48787643,30.70044198,0.19167065,-0.46378985,1.26968682,0.19094920,-0.46751763,1.26399430,9.65231192,0.00000005
4.58000000,LIFT_LEG,-0.01226902,-0.02112582,0.01229240,-0.08030026,0.06696967,0.31310092,-0.08337976,0.06286300,0.08942515,0.02099058,0.00322827,24.52998831,6.37645633,55.46360589,30.69586998,0.19167201,-0.46380139,1.26968298,0.19094908,-0.46751689,1.26399265,9.64822072,0.00000006
4.59000000,LIFT_LEG,-0.01225857,-0.02111079,0.01228768,-0.08028931,0.06696614,0.31310499,-0.08336947,0.06285973,0.08943535,0.02098825,0.00322595,24.53746333,6.38281661,55.44156799,30.69156198,0.19167447,-0.46381307,1.26968316,0.19094960,-0.46751992,1.26399937,9.64442512,0.00000007
4.60000000,LIFT_LEG,-0.01224862,-0.02109564,0.01228279,-0.08027858,0.06696287,0.31310858,-0.08335938,0.06285669,0.08944541,0.02098642,0.00322412,24.54671799,6.38626674,55.42188885,30.68791471,0.19167792,-0.46382551,1.26968859,0.19095079,-0.46752683,1.26401468,9.64095888,0.00000008
4.61000000,LIFT_LEG,-0.01223914,-0.02108041,0.01227773,-0.08026818,0.06695988,0.31311160,-0.08334958,0.06285390,0.08945524,0.02098511,0.00322281,24.55772877,6.38647115,55.40460395,30.68520492,0.19168225,-0.46383914,1.26970018,0.19095272,-0.46753809,1.26403962,9.63784064,0.00000009
4.62000000,LIFT_LEG,-0.01223002,-0.02106518,0.01227247,-0.08025821,0.06695715,0.31311397,-0.08334018,0.06285136,0.08946471,0.02098431,0.00322201,24.57040713,6.38358166,55.38964827,30.68369560,0.19168731,-0.46385444,1.26971884,0.19095546,-0.46755402,1.26407491,9.63507410,0.00000009
4.63000000,LIFT_LEG,-0.01222114,-0.02104999,0.01226696,-0.08024873,0.06695467,0.31311565,-0.08333125,0.06284906,0.08947377,0.02098401,0.00322171,24.58459868,6.37772254,55.37687810,30.68362539,0.19169292,-0.46387184,1.26974539,0.19095905,-0.46757489,1.26412114,9.63265021,0.00000009
4.64000000,LIFT_LEG,-0.01221230,-0.02103486,0.01226113,-0.08023981,0.06695239,0.31311658,-0.08332285,0.06284695,0.08948233,0.02098420,0.00322190,24.60010100,6.36902596,55.36608116,30.68520611,0.19169892,-0.46389176,1.26978058,0.19096353,-0.46760094,1.26417886,9.63054835,0.00000009
4.65000000,LIFT_LEG,-0.01220329,-0.02101983,0.01225490,-0.08023149,0.06695025,0.31311676,-0.08331502,0.06284498,0.08949037,0.02098487,0.00322257,24.61668275,6.35763295,55.35698935,30.68862058,0.19170511,-0.46391459,1.26982507,0.19096894,-0.46763238,1.26424851,9.62873806,0.00000009
4.66000000,LIFT_LEG,-0.01219390,-0.02100489,0.01224816,-0.08022380,0.06694818,0.31311619,-0.08330780,0.06284310,0.08949784,0.02098600,0.00322370,24.63410304,6.34369443,55.34929198,30.69402179,0.19171131,-0.46394069,1.26987946,0.19097530,-0.46766938,1.26433047,9.62718084,0.00000008
4.67000000,LIFT_LEG,-0.01218386,-0.02099004,0.01224080,-0.08021674,0.06694611,0.31311486,-0.08330118,0.06284122,0.08950474,0.02098757,0.00322527,24.65212935,6.32737173,55.34264877,30.70153292,0.19171733,-0.46397041,1.26994425,0.19098264,-0.46771208,1.26442505,9.62583198,0.00000007
4.68000000,LIFT_LEG,-0.01217294,-0.02097525,0.01223269,-0.08021031,0.06694395,0.31311281,-0.08329518,0.06283929,0.08951110,0.02098955,0.00322725,24.67055288,6.30883623,55.33670220,30.71124771,0.19172301,-0.46400407,1.27001991,0.19099099,-0.46776058,1.26453251,9.62464238,0.00000005
4.69000000,LIFT_LEG,-0.01216090,-0.02096044,0.01222372,-0.08020446,0.06694162,0.31311006,-0.08328975,0.06283721,0.08951692,0.02099192,0.00322961,24.68959175,6.28827214,55.33107324,30.72273563,0.19172815,-0.46404197,1.27010683,0.19100035,-0.46781499,1.26465305,9.62355923,0.00000000
4.70000000,LIFT_LEG,-0.01214748,-0.02094555,0.01221376,-0.08019917,0.06693904,0.31310666,-0.08328488,0.06283491,0.08952227,0.02099465,0.00323235,24.70812198,6.26586336,55.32543682,30.73729992,0.19173263,-0.46408441,1.27020534,0.19101074,-0.46787536,1.26478681,9.62253204,0.00000001
4.71000000,LIFT_LEG,-0.01213247,-0.02093049,0.01220271,-0.08019437,0.06693612,0.31310264,-0.08328049,0.06283232,0.08952721,0.02099772,0.00323541,24.72662414,6.24178753,55.31941438,30.75417336,0.19173632,-0.46413165,1.27031572,0.19102217,-0.46794176,1.26493392,9.62150498,0.00000005
4.72000000,LIFT_LEG,-0.01211563,-0.02091515,0.01219047,-0.08018998,0.06693278,0.31309805,-0.08327653,0.06282936,0.08953181,0.02100109,0.00323879,24.74539455,6.21621310,55.31274057,30.77316362,0.19173915,-0.46418398,1.27043822,0.19103465,-0.46801422,1.26509446,9.62042931,0.00000003
4.73000000,LIFT_LEG,-0.01209680,-0.02089939,0.01217695,-0.08018592,0.06692894,0.31309292,-0.08327292,0.06282596,0.08953616,0.02100474,0.00324244,24.76373509,6.18923079,55.30501169,30.79476774,0.19174099,-0.46424164,1.27057301,0.19104818,-0.46809278,1.26526851,9.61925031,0.00000000
4.74000000,LIFT_LEG,-0.01207581,-0.02088305,0.01216207,-0.08018210,0.06692455,0.31308732,-0.08326957,0.06282205,0.08954037,0.02100864,0.00324633,24.78244645,6.16097373,55.29597339,30.81829235,0.19174180,-0.46430482,1.27072023,0.19106277,-0.46817744,1.26545610,9.61792168,0.00000000
4.75000000,LIFT_LEG,-0.01205251,-0.02086594,0.01214579,-0.08017841,0.06691955,0.31308126,-0.08326639,0.06281760,0.08954454,0.02101273,0.00325043,24.80131645,6.13159200,55.28537186,30.84402057,0.19174155,-0.46437375,1.27087998,0.19107841,-0.46826820,1.26565721,9.61639798,0.00000000
4.76000000,LIFT_LEG,-0.01202679,-0.02084788,0.01212804,-0.08017474,0.06691389,0.31307480,-0.08326327,0.06281254,0.08954879,0.02101698,0.00325468,24.82088387,6.10125276,55.27294874,30.87133267,0.19174022,-0.46444862,1.27105234,0.19109511,-0.46836506,1.26587185,9.61463687,0.00000000
4.77000000,LIFT_LEG,-0.01199853,-0.02082868,0.01210882,-0.08017097,0.06690752,0.31306797,-0.08326010,0.06280684,0.08955325,0.02102136,0.00325906,24.84078308,6.07007471,55.25857405,30.90092586,0.19173784,-0.46452964,1.27123735,0.19111287,-0.46846802,1.26610001,9.61260430,0.00000000
4.78000000,LIFT_LEG,-0.01196767,-0.02080817,0.01208812,-0.08016697,0.06690041,0.31306078,-0.08325676,0.06280047,0.08955804,0.02102584,0.00326353,24.86141006,6.03816519,55.24206110,30.93235079,0.19173445,-0.46461701,1.27143505,0.19113169,-0.46857708,1.26634170,9.61026534,0.00000000
4.79000000,LIFT_LEG,-0.01193415,-0.02078617,0.01206595,-0.08016264,0.06689255,0.31305329,-0.08325316,0.06279340,0.08956327,0.02103038,0.00326807,24.88296918,6.00561435,55.22327195,30.96547291,0.19173010,-0.46471091,1.27164546,0.19115157,-0.46869224,1.26659691,9.60759017,0.00000000
4.80000000,LIFT_LEG,-0.01189796,-0.02076249,0.01204231,-0.08015785,0.06688391,0.31304551,-0.08324917,0.06278562,0.08956908,0.02103496,0.00327266,24.90565444,5.97248782,55.20209380,31.00015598,0.19172485,-0.46481151,1.27186859,0.19117251,-0.46881350,1.26686567,9.60455252,0.00000000
4.81000000,LIFT_LEG,-0.01185906,-0.02073696,0.01201724,-0.08015249,0.06687448,0.31303746,-0.08324469,0.06277712,0.08957558,0.02103958,0.00327728,24.92965168,5.93882777,55.17843827,31.03626229,0.19171878,-0.46491896,1.27210445,0.19119452,-0.46894087,1.26714797,9.60112971,0.00000000
4.82000000,LIFT_LEG,-0.01181748,-0.02070944,0.01199076,-0.08014645,0.06686427,0.31302917,-0.08323962,0.06276789,0.08958287,0.02104421,0.00328191,24.95513454,5.90465502,55.15223959,31.07365650,0.19171198,-0.46503340,1.27235303,0.19121759,-0.46907436,1.26744384,9.59730260,0.00000000
4.83000000,LIFT_LEG,-0.01177323,-0.02067976,0.01196292,-0.08013963,0.06685328,0.31302065,-0.08323386,0.06275794,0.08959106,0.02104885,0.00328655,24.98226130,5.86997197,55.12345246,31.11220921,0.19170452,-0.46515496,1.27261431,0.19124174,-0.46921396,1.26775330,9.59305541,0.00000000
4.84000000,LIFT_LEG,-0.01172633,-0.02064781,0.01193375,-0.08013194,0.06684151,0.31301193,-0.08322732,0.06274728,0.08960025,0.02105350,0.00329120,25.01117259,5.83476628,55.09205016,31.15180040,0.19169652,-0.46528374,1.27288827,0.19126696,-0.46935970,1.26807637,9.58837560,0.00000000
4.85000000,LIFT_LEG,-0.01167682,-0.02061346,0.01190328,-0.08012328,0.06682898,0.31300302,-0.08321992,0.06273591,0.08961051,0.02105815,0.00329585,25.04198988,5.79901454,55.05802266,31.19232244,0.19168804,-0.46541984,1.27317489,0.19129326,-0.46951158,1.26841307,9.58325367,0.00000000
4.86000000,LIFT_LEG,-0.01162472,-0.02057662,0.01187155,-0.08011360,0.06681570,0.31299393,-0.08321159,0.06272385,0.08962193,0.02106281,0.00330051,25.07481463,5.76268586,55.02137500,31.23368263,0.19167918,-0.46556331,1.27347415,0.19132064,-0.46966961,1.26876344,9.57768306,0.00000000
4.87000000,LIFT_LEG,-0.01157008,-0.02053720,0.01183859,-0.08010282,0.06680169,0.31298466,-0.08320228,0.06271112,0.08963456,0.02106748,0.00330518,25.10972775,5.72574497,54.98212566,31.27580510,0.19167002,-0.46571421,1.27378602,0.19134911,-0.46983381,1.26912749,9.57165990,0.00000000
4.88000000,LIFT_LEG,-0.01151293,-0.02049513,0.01180443,-0.08009089,0.06678696,0.31297524,-0.08319191,0.06269772,0.08964846,0.02107216,0.00330986,25.14678956,5.68815478,54.94030509,31.31863192,0.19166062,-0.46587258,1.27411049,0.19137866,-0.47000417,1.26950525,9.56518292,0.00000000
4.89000000,LIFT_LEG,-0.01145331,-0.02045037,0.01176906,-0.08007776,0.06677154,0.31296565,-0.08318046,0.06268367,0.08966367,0.02107686,0.00331456,25.18604009,5.64987834,54.89595426,31.36212360,0.19165105,-0.46603843,1.27444752,0.19140930,-0.47018071,1.26989672,9.55825316,0.00000000
4.90000000,LIFT_LEG,-0.01139125,-0.02040286,0.01173251,-0.08006342,0.06675543,0.31295590,-0.08316789,0.06266900,0.08968023,0.02108159,0.00331929,25.22749965,5.61088017,54.84912324,31.40625877,0.19164135,-0.46621175,1.27479712,0.19144104,-0.47036342,1.27030191,9.55087387,0.00000000
4.91000000,LIFT_LEG,-0.01132677,-0.02035260,0.01169478,-0.08004782,0.06673866,0.31294599,-0.08315418,0.06265371,0.08969816,0.02108635,0.00332405,25.27116981,5.57112697,54.79986988,31.45103332,0.19163157,-0.46639253,1.27515925,0.19147388,-0.47055230,1.27072082,9.54305022,0.00000000
4.92000000,LIFT_LEG,-0.01125990,-0.02029957,0.01165585,-0.08003096,0.06672123,0.31293591,-0.08313931,0.06263782,0.08971746,0.02109115,0.00332885,25.31703458,5.53058800,54.74825848,31.49645896,0.19162174,-0.46658073,1.27553390,0.19150781,-0.47074735,1.27115343,9.53478919,0.00000000
4.93000000,LIFT_LEG,-0.01119066,-0.02024378,0.01161572,-0.08001284,0.06670317,0.31292565,-0.08312329,0.06262133,0.08973814,0.02109599,0.00333368,25.36506193,5.48923505,54.69435862,31.54256144,0.19161187,-0.46677630,1.27592105,0.19154283,-0.47094855,1.27159974,9.52609929,0.00000000
4.94000000,LIFT_LEG,-0.01111908,-0.02018525,0.01157437,-0.07999347,0.06668447,0.31291521,-0.08310610,0.06260427,0.08976020,0.02110087,0.00333857,25.41520550,5.44704214,54.63824400,31.58937839,0.19160199,-0.46697918,1.27632069,0.19157896,-0.47115589,1.27205970,9.51699040,0.00000000
4.95000000,LIFT_LEG,-0.01104515,-0.02012401,0.01153177,-0.07997285,0.06666515,0.31290457,-0.08308778,0.06258663,0.08978362,0.02110580,0.00334350,25.46740658,5.40398524,54.57999144,31.63695711,0.19159210,-0.46718929,1.27673279,0.19161618,-0.47136935,1.27253328,9.50747359,0.00000000
4.96000000,LIFT_LEG,-0.01096890,-0.02006010,0.01148791,-0.07995102,0.06664522,0.31289373,-0.08306834,0.06256843,0.08980838,0.02111078,0.00334848,25.52159612,5.36004186,54.51967998,31.68535216,0.19158219,-0.46740655,1.27715734,0.19165450,-0.47158891,1.27302043,9.49756091,0.00000001
4.97000000,LIFT_LEG,-0.01089034,-0.01999357,0.01144276,-0.07992799,0.06662468,0.31288266,-0.08304779,0.06254967,0.08983445,0.02111582,0.00335352,25.57769693,5.31519074,54.45739004,31.73462304,0.19157226,-0.46763087,1.27759429,0.19169390,-0.47181454,1.27352111,9.48726523,0.00000001
4.98000000,LIFT_LEG,-0.01080948,-0.01992447,0.01139630,-0.07990381,0.06660353,0.31287135,-0.08302618,0.06253035,0.08986179,0.02112092,0.00335862,25.63562586,5.26941160,54.39320274,31.78483195,0.19156230,-0.46786215,1.27804360,0.19173440,-0.47204621,1.27403523,9.47660007,0.00000001
4.99000000,LIFT_LEG,-0.01072633,-0.01985287,0.01134850,-0.07987852,0.06658178,0.31285980,-0.08300354,0.06251048,0.08989038,0.02112608,0.00336378,25.69529586,5.22268510,54.32719928,31.83604169,0.19155230,-0.46810027,1.27850525,0.19177599,-0.47228389,1.27456272,9.46557943,0.00000001
5.00000000,LIFT_LEG,-0.01064090,-0.01977885,0.01129934,-0.07985215,0.06655944,0.31284797,-0.08297992,0.06249007,0.08992016,0.02113131,0.00336901,25.75661804,5.17499280,54.25946038,31.88831368,0.19154224,-0.46834515,1.27897916,0.19181866,-0.47252752,1.27510350,9.45421765,0.00000001
5.01000000,LIFT_LEG,-0.01055321,-0.01970246,0.01124881,-0.07982475,0.06653650,0.31283586,-0.08295534,0.06246910,0.08995108,0.02113660,0.00337430,25.81950346,5.12631734,54.19006582,31.94170631,0.19153210,-0.46859666,1.27946527,0.19186241,-0.47277708,1.27565747,9.44252927,0.00000001
5.02000000,LIFT_LEG,-0.01046327,-0.01962380,0.01119690,-0.07979638,0.06651296,0.31282346,-0.08292987,0.06244759,0.08998311,0.02114196,0.00337966,25.88386471,5.07664267,54.11909400,31.99627339,0.19152186,-0.46885470,1.27996352,0.19190722,-0.47303249,1.27622451,9.43052888,0.00000001
5.03000000,LIFT_LEG,-0.01037111,-0.01954294,0.01114359,-0.07976709,0.06648884,0.31281074,-0.08290354,0.06242555,0.09001619,0.02114740,0.00338510,25.94961733,5.02595437,54.04662157,32.05206297,0.19151151,-0.46911916,1.28047380,0.19195311,-0.47329372,1.27680453,9.41823100,0.00000001
5.04000000,LIFT_LEG,-0.01027673,-0.01945995,0.01108889,-0.07973692,0.06646413,0.31279771,-0.08287640,0.06240296,0.09005027,0.02115291,0.00339061,26.01668081,4.97424001,53.97272305,32.10911625,0.19150102,-0.46938992,1.28099602,0.19200005,-0.47356070,1.27739737,9.40564996,0.00000001
5.05000000,LIFT_LEG,-0.01018018,-0.01937492,0.01103280,-0.07970592,0.06643884,0.31278433,-0.08284851,0.06237983,0.09008530,0.02115850,0.00339620,26.08497947,4.92148955,53.89747053,32.16746690,0.19149038,-0.46966689,1.28153007,0.19204804,-0.47383337,1.27800290,9.39279978,0.00000001
5.06000000,LIFT_LEG,-0.01008148,-0.01928793,0.01097534,-0.07967416,0.06641296,0.31277062,-0.08281991,0.06235618,0.09012124,0.02116417,0.00340187,26.15444293,4.86769570,53.82093335,32.22714043,0.19147957,-0.46994994,1.28207583,0.19209707,-0.47411165,1.27862097,9.37969406,0.00000001
5.07000000,LIFT_LEG,-0.00998065,-0.01919904,0.01091651,-0.07964167,0.06638652,0.31275654,-0.08279065,0.06233200,0.09015802,0.02116992,0.00340762,26.22500646,4.81285425,53.74317784,32.28815389,0.19146859,-0.47023900,1.28263314,0.19214713,-0.47439546,1.27925141,9.36634592,0.00000001
5.08000000,LIFT_LEG,-0.00987774,-0.01910834,0.01085635,-0.07960850,0.06635951,0.31274211,-0.08276076,0.06230730,0.09019562,0.02117575,0.00341345,26.29661100,4.75696448,53.66426708,32.35051573,0.19145740,-0.47053394,1.28320187,0.19219821,-0.47468473,1.27989405,9.35276787,0.00000001
5.09000000,LIFT_LEG,-0.00977279,-0.01901590,0.01079487,-0.07957471,0.06633193,0.31272730,-0.08273030,0.06228208,0.09023397,0.02118168,0.00341937,26.36920306,4.70002934,53.58426069,32.41422585,0.19144602,-0.47083468,1.28378184,0.19225029,-0.47497937,1.28054869,9.33897179,0.00000001
5.10000000,LIFT_LEG,-0.00966584,-0.01892178,0.01073211,-0.07954033,0.06630381,0.31271212,-0.08269931,0.06225636,0.09027304,0.02118768,0.00342538,26.44273439,4.64205569,53.50321469,32.47927577,0.19143443,-0.47114112,1.28437287,0.19230337,-0.47527927,1.28121512,9.32496883,0.00000001
5.11000000,LIFT_LEG,-0.00955693,-0.01882605,0.01066810,-0.07950541,0.06627515,0.31269657,-0.08266782,0.06223013,0.09031279,0.02119378,0.00343148,26.51716163,4.58305450,53.42118137,32.54564900,0.19142261,-0.47145317,1.28497478,0.19235742,-0.47558436,1.28189313,9.31076941,0.00000001
5.12000000,LIFT_LEG,-0.00944611,-0.01872877,0.01060288,-0.07946997,0.06624595,0.31268064,-0.08263586,0.06220342,0.09035318,0.02119997,0.00343766,26.59244576,4.52304084,53.33820927,32.61332149,0.19141058,-0.47177073,1.28558736,0.19241244,-0.47589450,1.28258250,9.29638315,0.00000001
5.13000000,LIFT_LEG,-0.00933343,-0.01863000,0.01053649,-0.07943407,0.06621624,0.31266433,-0.08260348,0.06217623,0.09039418,0.02120624,0.00344394,26.66855156,4.46203399,53.25434320,32.68226216,0.19139833,-0.47209372,1.28621039,0.19246840,-0.47620961,1.28328298,9.28181892,0.00000001
5.14000000,LIFT_LEG,-0.00921895,-0.01852980,0.01046899,-0.07939771,0.06618602,0.31264764,-0.08257070,0.06214858,0.09043575,0.02121261,0.00345031,26.74544705,4.40005733,53.16962428,32.75243356,0.19138584,-0.47242204,1.28684364,0.19252530,-0.47652956,1.28399430,9.26708479,0.00000001
5.15000000,LIFT_LEG,-0.00910272,-0.01842822,0.01040040,-0.07936095,0.06615531,0.31263059,-0.08253755,0.06212047,0.09047787,0.02121907,0.00345676,26.82310289,4.33713825,53.08409013,32.82379254,0.19137314,-0.47275561,1.28748688,0.19258310,-0.47685422,1.28471622,9.25218808,0.00000001
5.16000000,LIFT_LEG,-0.00898480,-0.01832530,0.01033078,-0.07932380,0.06612412,0.31261317,-0.08250404,0.06209191,0.09052050,0.02122562,0.00346331,26.90149180,4.27330797,52.99777509,32.89629096,0.19136022,-0.47309433,1.28813984,0.19264179,-0.47718347,1.28544844,9.23713540,0.00000001
5.17000000,LIFT_LEG,-0.00886524,-0.01822110,0.01026017,-0.07928628,0.06609247,0.31259539,-0.08247021,0.06206293,0.09056363,0.02123226,0.00346995,26.98058804,4.20860132,52.91071046,32.96987641,0.19134707,-0.47343811,1.28880226,0.19270136,-0.47751718,1.28619067,9.22193269,0.00000001
5.18000000,LIFT_LEG,-0.00874410,-0.01811566,0.01018863,-0.07924841,0.06606037,0.31257726,-0.08243608,0.06203353,0.09060724,0.02123899,0.00347669,27.06036693,4.14305643,52.82292483,33.04449299,0.19133372,-0.47378686,1.28947388,0.19276177,-0.47785520,1.28694261,9.20658530,0.00000001
5.19000000,LIFT_LEG,-0.00862143,-0.01800902,0.01011619,-0.07921022,0.06602784,0.31255879,-0.08240165,0.06200374,0.09065130,0.02124581,0.00348351,27.14080440,4.07671444,52.73444451,33.12008197,0.19132016,-0.47414047,1.29015441,0.19282302,-0.47819740,1.28770394,9.19109802,0.00000001
5.20000000,LIFT_LEG,-0.00849731,-0.01790122,0.01004291,-0.07917171,0.06599489,0.31254000,-0.08236694,0.06197356,0.09069580,0.02125272,0.00349042,27.22187656,4.00961907,52.64529390,33.19658250,0.19130640,-0.47449884,1.29084356,0.19288506,-0.47854363,1.28847435,9.17547522,0.00000001
5.21000000,LIFT_LEG,-0.00837178,-0.01779230,0.00996882,-0.07913290,0.06596155,0.31252088,-0.08233197,0.06194301,0.09074073,0.02125972,0.00349742,27.30355944,3.94181630,52.55549595,33.27393226,0.19129246,-0.47486188,1.29154102,0.19294788,-0.47889373,1.28925349,9.15972088,0.00000001
5.22000000,LIFT_LEG,-0.00824492,-0.01768230,0.00989398,-0.07909380,0.06592782,0.31250147,-0.08229674,0.06191211,0.09078606,0.02126681,0.00350451,27.38582864,3.87335391,52.46507263,33.35206808,0.19127833,-0.47522945,1.29224649,0.19301146,-0.47924755,1.29004102,9.14383873,0.00000001
5.23000000,LIFT_LEG,-0.00811677,-0.01757126,0.00981842,-0.07905443,0.06589374,0.31248176,-0.08226127,0.06188088,0.09083179,0.02127398,0.00351168,27.46865914,3.80428105,52.37404537,33.43092647,0.19126403,-0.47560146,1.29295966,0.19307576,-0.47960492,1.29083659,9.12783230,0.00000001
5.24000000,LIFT_LEG,-0.00798741,-0.01745920,0.00974219,-0.07901479,0.06585930,0.31246177,-0.08222556,0.06184932,0.09087791,0.02128125,0.00351894,27.55202509,3.73464784,52.28243559,33.51044412,0.19124958,-0.47597778,1.29368020,0.19314077,-0.47996569,1.29163984,9.11170503,0.00000001
5.25000000,LIFT_LEG,-0.00785688,-0.01734618,0.00966532,-0.07897489,0.06582454,0.31244153,-0.08218962,0.06181746,0.09092440,0.02128859,0.00352629,27.63589967,3.66450494,52.19026507,33.59055834,0.19123498,-0.47635828,1.29440779,0.19320644,-0.48032969,1.29245040,9.09546037,0.00000001
5.26000000,LIFT_LEG,-0.00772526,-0.01723221,0.00958786,-0.07893474,0.06578947,0.31242103,-0.08215347,0.06178531,0.09097126,0.02129603,0.00353372,27.72025497,3.59390316,52.09755642,33.67120747,0.19122025,-0.47674283,1.29514209,0.19327277,-0.48069675,1.29326791,9.07910186,0.00000001
5.27000000,LIFT_LEG,-0.00759260,-0.01711735,0.00950984,-0.07889434,0.06575411,0.31240031,-0.08211710,0.06175289,0.09101847,0.02130354,0.00354124,27.80506191,3.52289306,52.00433348,33.75233113,0.19120540,-0.47713128,1.29588277,0.19333971,-0.48106670,1.29409199,9.06263317,0.00000001
5.28000000,LIFT_LEG,-0.00745897,-0.01700163,0.00943130,-0.07885371,0.06571847,0.31237937,-0.08208052,0.06172022,0.09106602,0.02131115,0.00354884,27.89029019,3.45152466,51.91062163,33.83387053,0.19119045,-0.47752350,1.29662948,0.19340724,-0.48143937,1.29492224,9.04605824,0.00000001
5.29000000,LIFT_LEG,-0.00732443,-0.01688509,0.00935227,-0.07881286,0.06568258,0.31235823,-0.08204374,0.06168731,0.09111390,0.02131883,0.00355653,27.97590821,3.37984711,51.81644813,33.91576868,0.19117541,-0.47791933,1.29738189,0.19347533,-0.48181458,1.29575830,9.02938130,0.00000001
5.30000000,LIFT_LEG,-0.00718905,-0.01676776,0.00927279,-0.07877179,0.06564646,0.31233690,-0.08200677,0.06165418,0.09116211,0.02132660,0.00356430,28.06188311,3.30790845,51.72184234,33.99797052,0.19116031,-0.47831862,1.29813964,0.19354395,-0.48219215,1.29659976,9.01260692,0.00000001
5.31000000,LIFT_LEG,-0.00705288,-0.01664969,0.00919289,-0.07873051,0.06561011,0.31231540,-0.08196962,0.06162084,0.09121063,0.02133445,0.00357215,28.14818072,3.23575537,51.62683594,34.08042301,0.19114514,-0.47872119,1.29890239,0.19361307,-0.48257192,1.29744624,8.99574008,0.00000001
5.32000000,LIFT_LEG,-0.00691598,-0.01653093,0.00911260,-0.07868903,0.06557357,0.31229374,-0.08193230,0.06158732,0.09125944,0.02134239,0.00358008,28.23476556,3.16343312,51.53146305,34.16307523,0.19112995,-0.47912689,1.29966979,0.19368266,-0.48295370,1.29829735,8.97878619,0.00000001
5.33000000,LIFT_LEG,-0.00677844,-0.01641152,0.00903195,-0.07864737,0.06553684,0.31227194,-0.08189481,0.06155364,0.09130853,0.02135041,0.00358810,28.32160086,3.09098530,51.43576035,34.24587834,0.19111474,-0.47953554,1.30044147,0.19375269,-0.48333731,1.29915269,8.96175112,0.00000001
5.34000000,LIFT_LEG,-0.00664030,-0.01629150,0.00895098,-0.07860554,0.06549995,0.31225001,-0.08185717,0.06151980,0.09135788,0.02135851,0.00359621,28.40864861,3.01845387,51.33976708,34.32878561,0.19109952,-0.47994695,1.30121710,0.19382312,-0.48372258,1.30001186,8.94464119,0.00000001
5.35000000,LIFT_LEG,-0.00650164,-0.01617092,0.00886971,-0.07856355,0.06546292,0.31222796,-0.08181939,0.06148582,0.09140749,0.02136670,0.00360440,28.49586955,2.94587910,51.24352500,34.41175231,0.19108433,-0.48036096,1.30199630,0.19389393,-0.48410933,1.30087448,8.92746323,0.00000001
5.36000000,LIFT_LEG,-0.00636252,-0.01604984,0.00878818,-0.07852141,0.06542576,0.31220581,-0.08178148,0.06145173,0.09145733,0.02137498,0.00361268,28.58322321,2.87329958,51.14707839,34.49473566,0.19106918,-0.48077736,1.30277874,0.19396509,-0.48449738,1.30174014,8.91022452,0.00000001
5.37000000,LIFT_LEG,-0.00622300,-0.01592830,0.00870640,-0.07847916,0.06538850,0.31218356,-0.08174346,0.06141754,0.09150738,0.02138335,0.00362105,28.67066797,2.80075227,51.05047386,34.57769471,0.19105408,-0.48119598,1.30356405,0.19403656,-0.48488655,1.30260846,8.89293281,0.00000001
5.38000000,LIFT_LEG,-0.00608317,-0.01580637,0.00862443,-0.07843679,0.06535114,0.31216123,-0.08170535,0.06138327,0.09155763,0.02139181,0.00362950,28.75816114,2.72827259,50.95376026,34.66059019,0.19103907,-0.48161660,1.30435188,0.19410831,-0.48527667,1.30347904,8.87559626,0.00000001
5.39000000,LIFT_LEG,-0.00594307,-0.01568410,0.00854227,-0.07839433,0.06531372,0.31213884,-0.08166716,0.06134894,0.09160804,0.02140035,0.00363805,28.84565894,2.65589454,50.85698847,34.74338439,0.19102415,-0.48203905,1.30514188,0.19418032,-0.48566756,1.30435148,8.85822348,0.00000001
5.40000000,LIFT_LEG,-0.00580279,-0.01556154,0.00845997,-0.07835181,0.06527625,0.31211638,-0.08162891,0.06131455,0.09165860,0.02140900,0.00364670,28.93311668,2.58365081,50.76021117,34.82604096,0.19100934,-0.48246311,1.30593369,0.19425254,-0.48605905,1.30522540,8.84082344,0.00000001
5.41000000,LIFT_LEG,-0.00566239,-0.01543876,0.00837755,-0.07830924,0.06523875,0.31209387,-0.08159061,0.06128014,0.09170928,0.02141774,0.00365544,29.02048876,2.51157294,50.66348266,34.90852477,0.19099467,-0.48288859,1.30672697,0.19432495,-0.48645095,1.30610041,8.82340545,0.00000001
5.42000000,LIFT_LEG,-0.00552194,-0.01531581,0.00829505,-0.07826665,0.06520124,0.31207133,-0.08155230,0.06124571,0.09176006,0.02142658,0.00366428,29.10772878,2.43969145,50.56685857,34.99080171,0.19098016,-0.48331528,1.30752136,0.19439752,-0.48684310,1.30697612,8.80597912,0.00000001
5.43000000,LIFT_LEG,-0.00538151,-0.01519277,0.00821249,-0.07822405,0.06516373,0.31204875,-0.08151399,0.06121129,0.09181091,0.02143553,0.00367323,29.19478965,2.36803605,50.47039560,35.07283855,0.19096581,-0.48374299,1.30831651,0.19447022,-0.48723533,1.30785214,8.78855433,0.00000001
5.44000000,LIFT_LEG,-0.00524117,-0.01506969,0.00812990,-0.07818149,0.06512625,0.31202616,-0.08147570,0.06117690,0.09186181,0.02144458,0.00368228,29.28162372,2.29663575,50.37415131,35.15460270,0.19095165,-0.48417150,1.30911209,0.19454300,-0.48762746,1.30872810,8.77114116,0.00000001
5.45000000,LIFT_LEG,-0.00510099,-0.01494665,0.00804732,-0.07813897,0.06508882,0.31200355,-0.08143746,0.06114254,0.09191272,0.02145374,0.00369144,29.36818282,2.22551905,50.27818383,35.23606210,0.19093770,-0.48460061,1.30990774,0.19461585,-0.48801932,1.30960360,8.75374984,0.00000001
5.46000000,LIFT_LEG,-0.00496103,-0.01482370,0.00796477,-0.07809653,0.06505145,0.31198094,-0.08139930,0.06110824,0.09196362,0.02146301,0.00370071,29.45441847,2.15471410,50.18255158,35.31718500,0.19092398,-0.48503013,1.31070312,0.19468873,-0.48841074,1.31047828,8.73639076,0.00000001
5.47000000,LIFT_LEG,-0.00482138,-0.01470091,0.00788229,-0.07805419,0.06501416,0.31195834,-0.08136123,0.06107402,0.09201448,0.02147240,0.00371010,29.54028194,2.08424883,50.08731308,35.39793987,0.19091049,-0.48545983,1.31149790,0.19476161,-0.48880155,1.31135175,8.71907436,0.00000001
5.48000000,LIFT_LEG,-0.00468210,-0.01457836,0.00779991,-0.07801199,0.06497697,0.31193575,-0.08132328,0.06103988,0.09206526,0.02148192,0.00371961,29.62572440,2.01415106,49.99252670,35.47829520,0.19089726,-0.48588953,1.31229172,0.19483445,-0.48919159,1.31222364,8.70181110,0.00000001
5.49000000,LIFT_LEG,-0.00454326,-0.01445611,0.00771766,-0.07796995,0.06493991,0.31191318,-0.08128547,0.06100586,0.09211594,0.02149155,0.00372925,29.71069704,1.94444866,49.89825042,35.55821938,0.19088430,-0.48631902,1.31308427,0.19490723,-0.48958069,1.31309358,8.68461145,0.00000001
5.50000000,LIFT_LEG,-0.00440493,-0.01433422,0.00763558,-0.07792809,0.06490298,0.31189065,-0.08124784,0.06097196,0.09216649,0.02150132,0.00373902,29.79515122,1.87517202,49.80454168,35.63768063,0.19087163,-0.48674809,1.31387520,0.19497991,-0.48996868,1.31396119,8.66748582,0.00000001
5.51000000,LIFT_LEG,-0.00426718,-0.01421277,0.00755370,-0.07788644,0.06486621,0.31186816,-0.08121040,0.06093821,0.09221688,0.02151123,0.00374892,29.87903234,1.80661674,49.71146530,35.71664084,0.19085926,-0.48717657,1.31466423,0.19505247,-0.49035541,1.31482613,8.65044553,0.00000001
5.52000000,LIFT_LEG,-0.00413011,-0.01409185,0.00747205,-0.07784504,0.06482962,0.31184573,-0.08117319,0.06090462,0.09226707,0.02152131,0.00375901,29.96225330,1.73893502,49.61911899,35.79504153,0.19084725,-0.48760428,1.31545117,0.19512487,-0.49074072,1.31568805,8.63350552,0.00000001
5.53000000,LIFT_LEG,-0.00399382,-0.01397153,0.00739068,-0.07780391,0.06479322,0.31182336,-0.08113622,0.06087121,0.09231704,0.02153161,0.00376931,30.04471988,1.67197116,49.52758651,35.87282979,0.19083563,-0.48803101,1.31623575,0.19519709,-0.49112449,1.31654665,8.61667852,0.00000001
5.54000000,LIFT_LEG,-0.00385840,-0.01385193,0.00730963,-0.07776309,0.06475704,0.31180107,-0.08109953,0.06083799,0.09236675,0.02154216,0.00377986,30.12635237,1.60561854,49.43692799,35.94995579,0.19082445,-0.48845656,1.31701768,0.19526910,-0.49150658,1.31740165,8.59997498,0.00000001
5.55000000,LIFT_LEG,-0.00372394,-0.01373313,0.00722896,-0.07772259,0.06472111,0.31177889,-0.08106315,0.06080500,0.09241616,0.02155299,0.00379068,30.20708992,1.53982253,49.34719160,36.02637097,0.19081376,-0.48888071,1.31779663,0.19534088,-0.49188685,1.31825273,8.58340463,0.00000001
5.56000000,LIFT_LEG,-0.00359051,-0.01361520,0.00714871,-0.07768246,0.06468544,0.31175682,-0.08102709,0.06077225,0.09246524,0.02156411,0.00380180,30.28688905,1.47456619,49.25842159,36.10203082,0.19080357,-0.48930326,1.31857228,0.19541239,-0.49226516,1.31909956,8.56697704,0.00000001
5.57000000,LIFT_LEG,-0.00345820,-0.01349821,0.00706894,-0.07764271,0.06465005,0.31173487,-0.08099139,0.06073975,0.09251397,0.02157553,0.00381323,30.36571940,1.40985761,49.17066262,36.17689696,0.19079391,-0.48972401,1.31934432,0.19548361,-0.49264136,1.31994181,8.55070180,0.00000001
5.58000000,LIFT_LEG,-0.00332707,-0.01338224,0.00698970,-0.07760338,0.06461497,0.31171306,-0.08095606,0.06070754,0.09256230,0.02158727,0.00382497,30.44355919,1.34572009,49.08396130,36.25093774,0.19078479,-0.49014274,1.32011243,0.19555450,-0.49301529,1.32077912,8.53458855,0.00000001
5.59000000,LIFT_LEG,-0.00319719,-0.01326732,0.00691103,-0.07756448,0.06458021,0.31169140,-0.08092113,0.06067562,0.09261022,0.02159934,0.00383703,30.52039126,1.28218487,48.99836561,36.32412723,0.19077622,-0.49055927,1.32087630,0.19562504,-0.49338681,1.32161117,8.51864677,0.00000001
5.60000000,LIFT_LEG,-0.00306863,-0.01315352,0.00683298,-0.07752604,0.06454580,0.31166990,-0.08088662,0.06064401,0.09265770,0.02161172,0.00384941,30.59620022,1.21928624,48.91392355,36.39644366,0.19076822,-0.49097339,1.32163563,0.19569520,-0.49375575,1.32243758,8.50288568,0.00000001
5.61000000,LIFT_LEG,-0.00294144,-0.01304089,0.00675560,-0.07748809,0.06451174,0.31164856,-0.08085256,0.06061273,0.09270471,0.02162442,0.00386211,30.67097050,1.15705826,48.83068141,36.46786768,0.19076079,-0.49138491,1.32239012,0.19576493,-0.49412197,1.32325803,8.48731402,0.00000001
5.62000000,LIFT_LEG,-0.00281569,-0.01292948,0.00667893,-0.07745063,0.06447806,0.31162739,-0.08081894,0.06058178,0.09275123,0.02163743,0.00387513,30.74468529,1.09553284,48.74868236,36.53838100,0.19075393,-0.49179365,1.32313947,0.19583422,-0.49448531,1.32407217,8.47193990,0.00000001
5.63000000,LIFT_LEG,-0.00269142,-0.01281933,0.00660300,-0.07741369,0.06444476,0.31160641,-0.08078580,0.06055120,0.09279723,0.02165076,0.00388846,30.81732602,1.03473881,48.66796534,36.60796553,0.19074764,-0.49219941,1.32388338,0.19590303,-0.49484562,1.32487965,8.45677076,0.00000001
5.64000000,LIFT_LEG,-0.00256870,-0.01271051,0.00652786,-0.07737728,0.06441187,0.31158560,-0.08075315,0.06052098,0.09284271,0.02166440,0.00390210,30.88887239,0.97470149,48.58856446,36.67660286,0.19074192,-0.49260201,1.32462155,0.19597133,-0.49520275,1.32568012,8.44181325,0.00000001
5.65000000,LIFT_LEG,-0.00244756,-0.01260304,0.00645354,-0.07734142,0.06437939,0.31156500,-0.08072099,0.06049114,0.09288764,0.02167833,0.00391603,30.95930277,0.91544277,48.51050875,36.74427427,0.19073677,-0.49300125,1.32535367,0.19603908,-0.49555655,1.32647326,8.42707324,0.00000001
5.66000000,LIFT_LEG,-0.00232807,-0.01249697,0.00638007,-0.07730612,0.06434734,0.31154459,-0.08068934,0.06046170,0.09293199,0.02169255,0.00393025,31.02859476,0.85698144,48.43382217,36.81096087,0.19073219,-0.49339695,1.32607945,0.19610626,-0.49590686,1.32725871,8.41255584,0.00000001
5.67000000,LIFT_LEG,-0.00221025,-0.01239234,0.00630748,-0.07727139,0.06431573,0.31152439,-0.08065822,0.06043265,0.09297577,0.02170706,0.00394475,31.09672601,0.79933359,48.35852386,36.87664387,0.19072816,-0.49378892,1.32679858,0.19617284,-0.49625354,1.32803616,8.39826539,0.00000001
5.68000000,LIFT_LEG,-0.00209414,-0.01228920,0.00623582,-0.07723725,0.06428457,0.31150441,-0.08062762,0.06040401,0.09301894,0.02172182,0.00395952,31.16367502,0.74251313,48.28462847,36.94130498,0.19072468,-0.49417698,1.32751077,0.19623878,-0.49659645,1.32880525,8.38420554,0.00000001
5.69000000,LIFT_LEG,-0.00197979,-0.01218757,0.00616509,-0.07720369,0.06425386,0.31148465,-0.08059757,0.06037580,0.09306150,0.02173684,0.00397454,31.22942192,0.68653224,48.21214653,37.00492675,0.19072173,-0.49456094,1.32821569,0.19630406,-0.49693543,1.32956565,8.37037930,0.00000001
5.70000000,LIFT_LEG,-0.00186721,-0.01208749,0.00609535,-0.07717073,0.06422362,0.31146513,-0.08056805,0.06034800,0.09310344,0.02175209,0.00398979,31.29394922,0.63140181,48.14108490,37.06749285,0.19071931,-0.49494064,1.32891307,0.19636864,-0.49727035,1.33031705,8.35678905,0.00000001
5.71000000,LIFT_LEG,-0.00175645,-0.01198898,0.00602660,-0.07713837,0.06419386,0.31144586,-0.08053908,0.06032065,0.09314474,0.02176756,0.00400526,31.35724239,0.57713176,48.07144712,37.12898834,0.19071739,-0.49531589,1.32960257,0.19643249,-0.49760105,1.33105911,8.34343663,0.00000001
5.72000000,LIFT_LEG,-0.00164752,-0.01189207,0.00595887,-0.07710662,0.06416457,0.31142683,-0.08051066,0.06029373,0.09318540,0.02178322,0.00402092,31.41929022,0.52373137,48.00323382,37.18939986,0.19071596,-0.49568652,1.33028391,0.19649558,-0.49792739,1.33179149,8.33032338,0.00000001
5.73000000,LIFT_LEG,-0.00154045,-0.01179678,0.00589219,-0.07707547,0.06413577,0.31140807,-0.08048280,0.06026725,0.09322540,0.02179906,0.00403675,31.48008507,0.47120948,47.93644304,37.24871572,0.19071500,-0.49605236,1.33095678,0.19655788,-0.49824923,1.33251389,8.31745020,0.00000001
5.74000000,LIFT_LEG,-0.00143525,-0.01170312,0.00582658,-0.07704494,0.06410746,0.31138957,-0.08045548,0.06024123,0.09326476,0.02181504,0.00405273,31.53962293,0.41957465,47.87107051,37.30692597,0.19071448,-0.49641325,1.33162088,0.19661936,-0.49856644,1.33322598,8.30481752,0.00000001
5.75000000,LIFT_LEG,-0.00133195,-0.01161111,0.00576207,-0.07701502,0.06407965,0.31137135,-0.08042872,0.06021565,0.09330344,0.02183113,0.00406883,31.59790328,0.36883534,47.80710994,37.36402238,0.19071439,-0.49676902,1.33227590,0.19667999,-0.49887887,1.33392745,8.29242543,0.00000001
5.76000000,LIFT_LEG,-0.00123055,-0.01152077,0.00569866,-0.07698570,0.06405233,0.31135341,-0.08040251,0.06019054,0.09334147,0.02184732,0.00408502,31.65492884,0.31900004,47.74455325,37.41999836,0.19071470,-0.49711951,1.33292154,0.19673974,-0.49918638,1.33461798,8.28027363,0.00000001
5.77000000,LIFT_LEG,-0.00113112,-0.01143211,0.00563638,-0.07695699,0.06402552,0.31133577,-0.08037685,0.06016588,0.09337883,0.02186363,0.00410133,31.71056847,0.27867391,47.68351735,37.47458849,0.19071547,-0.49746561,1.33355829,0.19679858,-0.49948887,1.33529733,8.26837874,0.00000001
5.78000000,LIFT_LEG,-0.00103425,-0.01134532,0.00557523,-0.07692892,0.06399924,0.31131848,-0.08035179,0.06014171,0.09341547,0.02188029,0.00411799,31.76422747,0.24333406,47.62426191,37.52619613,0.19071712,-0.49781114,1.33418719,0.19685656,-0.49978653,1.33596592,8.25678243,0.00000001
5.79000000,LIFT_LEG,-0.00094022,-0.01126054,0.00551514,-0.07690157,0.06397356,0.31130164,-0.08032739,0.06011807,0.09345132,0.02189728,0.00413498,31.81576990,0.20759394,47.56642478,37.57468037,0.19071987,-0.49815623,1.33480657,0.19691368,-0.50007947,1.33662402,8.24543933,0.00000001
5.80000000,LIFT_LEG,-0.00084899,-0.01117781,0.00545597,-0.07687499,0.06394851,0.31128530,-0.08030371,0.06009502,0.09348633,0.02191454,0.00415223,31.86515904,0.17157761,47.50987136,37.62023233,0.19072372,-0.49849987,1.33541539,0.19696992,-0.50036757,1.33727131,8.23433803,0.00000001
5.81000000,LIFT_LEG,-0.00076041,-0.01109711,0.00539757,-0.07684925,0.06392413,0.31126948,-0.08028082,0.06007257,0.09352046,0.02193201,0.00416971,31.91245872,0.13545676,47.45463767,37.66311329,0.19072856,-0.49884111,1.33601308,0.19702525,-0.50065064,1.33790738,8.22348684,0.00000001
5.82000000,LIFT_LEG,-0.00067436,-0.01101845,0.00533978,-0.07682440,0.06390045,0.31125418,-0.08025876,0.06005076,0.09355368,0.02194963,0.00418733,31.95780311,0.09939846,47.40085191,37.70364402,0.19073422,-0.49917909,1.33659929,0.19707961,-0.50092849,1.33853182,8.21290337,0.00000001
5.83000000,LIFT_LEG,-0.00059084,-0.01094191,0.00528245,-0.07680050,0.06387748,0.31123938,-0.08023757,0.06002961,0.09358598,0.02196760,0.00420530,32.00082110,0.07948315,47.34897833,37.74188358,0.19074043,-0.49951426,1.33717632,0.19713300,-0.50120104,1.33914442,8.20264069,0.00000001
5.84000000,LIFT_LEG,-0.00051096,-0.01086786,0.00522533,-0.07677762,0.06385524,0.31122510,-0.08021734,0.06000913,0.09361727,0.02198725,0.00422495,32.04249259,0.06345768,47.30119798,37.77495884,0.19075231,-0.49984745,1.33774598,0.19718551,-0.50146880,1.33974632,8.19299791,0.00000008
5.85000000,LIFT_LEG,-0.00043600,-0.01079640,0.00516800,-0.07675585,0.06383376,0.31121138,-0.08019822,0.05998930,0.09364737,0.02200558,0.00424328,32.08355872,0.00000000,47.25410570,37.80256196,0.19076994,-0.50019399,1.33828414,0.19723728,-0.50173254,1.34033927,8.18359755,0.00000001
5.86000000,LIFT_LEG,-0.00036236,-0.01072286,0.00510780,-0.07673547,0.06381294,0.31119799,-0.08018069,0.05997012,0.09367599,0.02201666,0.00425436,32.13101217,0.00000000,47.19612548,37.81383889,0.19078690,-0.50058249,1.33879981,0.19728756,-0.50198843,1.34091462,8.17332211,0.00000003
5.87000000,LIFT_LEG,-0.00029216,-0.01064953,0.00504314,-0.07671670,0.06379272,0.31118485,-0.08016456,0.05995150,0.09370365,0.02203354,0.00427124,32.17334072,0.00000000,47.15322079,37.83071494,0.19081112,-0.50093533,1.33932846,0.19733660,-0.50223774,1.34147527,8.16489397,0.00000001
5.88000000,LIFT_LEG,-0.00022732,-0.01058269,0.00497585,-0.07669944,0.06377314,0.31117211,-0.08014962,0.05993344,0.09373036,0.02205953,0.00429723,32.20334108,0.00000000,47.12656383,37.85780289,0.19084323,-0.50124047,1.33986891,0.19738517,-0.50248441,1.34203003,8.15805386,0.00000008
5.89000000,LIFT_LEG,-0.00016845,-0.01052595,0.00490842,-0.07668361,0.06375429,0.31116005,-0.08013580,0.05991601,0.09375573,0.02209435,0.00433204,32.22239056,0.00000000,47.11167625,37.88848893,0.19088199,-0.50151234,1.34041706,0.19743368,-0.50273055,1.34258367,8.15236568,0.00000006
5.90000000,LIFT_LEG,-0.00011573,-0.01047988,0.00484308,-0.07666919,0.06373631,0.31114899,-0.08012314,0.05989933,0.09377932,0.02213676,0.00437446,32.22930390,0.00000000,47.10335241,37.92040639,0.19092588,-0.50176617,1.34096940,0.19748221,-0.50297658,1.34313711,8.14746085,0.00000001
5.91000000,LIFT_LEG,-0.00006926,-0.01044310,0.00478154,-0.07665623,0.06371937,0.31113921,-0.08011173,0.05988355,0.09380085,0.02218548,0.00442318,32.22843914,0.00000000,47.09772614,37.94762666,0.19097349,-0.50201184,1.34152320,0.19753066,-0.50322188,1.34368899,8.14309552,0.00000001
5.92000000,LIFT_LEG,-0.00002897,-0.01041371,0.00472513,-0.07664475,0.06370361,0.31113088,-0.08010162,0.05986881,0.09382022,0.02223931,0.00447701,32.22132397,0.00000000,47.09257975,37.96890185,0.19102347,-0.50225432,1.34207604,0.19757881,-0.50346549,1.34423713,8.13912758,0.00000001
5.93000000,LIFT_LEG,0.00000528,-0.01038997,0.00467488,-0.07663477,0.06368917,0.31112409,-0.08009285,0.05985525,0.09383747,0.02229723,0.00453493,32.20982253,0.00000000,47.08713685,37.98372082,0.19107463,-0.50249539,1.34262573,0.19762649,-0.50370646,1.34477937,8.13550798,0.00000001
5.94000000,LIFT_LEG,0.00003369,-0.01037063,0.00463151,-0.07662624,0.06367618,0.31111882,-0.08008540,0.05984297,0.09385271,0.02235841,0.00459611,32.19533336,0.00000000,47.08160277,37.99258823,0.19112597,-0.50273516,1.34317035,0.19767354,-0.50394403,1.34531405,8.13225146,0.00000001
5.95000000,LIFT_LEG,0.00005648,-0.01035492,0.00459552,-0.07661908,0.06366473,0.31111499,-0.08007921,0.05983207,0.09386612,0.02242220,0.00465990,32.17884168,0.00000000,47.07671092,37.99661056,0.19117681,-0.50297299,1.34370836,0.19771986,-0.50417769,1.34583997,8.12940986,0.00000001
5.96000000,LIFT_LEG,0.00007386,-0.01034240,0.00456716,-0.07661322,0.06365489,0.31111245,-0.08007419,0.05982262,0.09387786,0.02248810,0.00472580,32.16142249,0.00000000,47.07328046,37.99635163,0.19122671,-0.50320808,1.34423853,0.19776538,-0.50440709,1.34635637,8.12704129,0.00000001
5.97000000,LIFT_LEG,0.00008601,-0.01033281,0.00454644,-0.07660853,0.06364670,0.31111102,-0.08007025,0.05981468,0.09388809,0.02255569,0.00479339,32.14433020,0.00000000,47.07209741,37.99215121,0.19127548,-0.50343966,1.34476002,0.19781005,-0.50463202,1.34686275,8.12520466,0.00000006
5.98000000,LIFT_LEG,0.00009313,-0.01032598,0.00453319,-0.07660491,0.06364018,0.31111050,-0.08006729,0.05980826,0.09389693,0.02262462,0.00486232,32.12709218,0.00000000,47.07373129,37.98589570,0.19132306,-0.50366716,1.34527215,0.19785383,-0.50485228,1.34735868,8.12393991,0.00000002
5.99000000,LIFT_LEG,0.00009541,-0.01032172,0.00452705,-0.07660226,0.06363533,0.31111072,-0.08006521,0.05980338,0.09390451,0.02269456,0.00493226,32.11104111,0.00000000,47.07832836,37.97697835,0.19136949,-0.50389012,1.34577439,0.19789669,-0.50506771,1.34784376,8.12323979,0.00000004
6.00000000,LIFT_LEG,0.00009314,-0.01031983,0.00452756,-0.07660048,0.06363212,0.31111150,-0.08006392,0.05980001,0.09391090,0.02276517,0.00500287,32.09697101,0.00000000,47.08594999,37.96537383,0.19141480,-0.50410828,1.34626622,0.19793858,-0.50527807,1.34831751,8.12309685,0.00000008
6.01000000,LIFT_LEG,0.00008663,-0.01032012,0.00453412,-0.07659948,0.06363052,0.31111268,-0.08006334,0.05979812,0.09391620,0.02283613,0.00507383,32.08416212,0.00000000,47.09782071,37.95233965,0.19145901,-0.50432137,1.34674714,0.19797945,-0.50548318,1.34877945,8.12367053,0.00000000
6.02000000,LIFT_LEG,0.00007628,-0.01032237,0.00454609,-0.07659920,0.06363044,0.31111414,-0.08006340,0.05979765,0.09392046,0.02290710,0.00514480,32.07298913,0.00000000,47.11195089,37.93762300,0.19150209,-0.50452919,1.34721662,0.19801926,-0.50568276,1.34922898,8.12466812,0.00000000
6.03000000,LIFT_LEG,0.00006248,-0.01032634,0.00456277,-0.07659957,0.06363180,0.31111579,-0.08006405,0.05979853,0.09392374,0.02297775,0.00521545,32.06358546,0.00000000,47.12881924,37.92126985,0.19154398,-0.50473153,1.34767409,0.19805794,-0.50587656,1.34966554,8.12616020,0.00000000
6.04000000,LIFT_LEG,0.00004565,-0.01033182,0.00458344,-0.07660054,0.06363449,0.31111754,-0.08006523,0.05980066,0.09392609,0.02304777,0.00528547,32.05566458,0.00000000,47.14801715,37.90364974,0.19158462,-0.50492817,1.34811897,0.19809545,-0.50606432,1.35008854,8.12808207,0.00000000
6.05000000,LIFT_LEG,0.00002627,-0.01033864,0.00460738,-0.07660206,0.06363840,0.31111934,-0.08006692,0.05980395,0.09392756,0.02311687,0.00535457,32.04895659,0.00000000,47.16916293,37.88503110,0.19162394,-0.50511893,1.34855067,0.19813173,-0.50624580,1.35049742,8.13037522,0.00000000
6.06000000,LIFT_LEG,0.00000478,-0.01034664,0.00463390,-0.07660410,0.06364339,0.31112116,-0.08006907,0.05980827,0.09392821,0.02318479,0.00542249,32.04315020,0.00000000,47.19186413,37.86569113,0.19166189,-0.50530359,1.34896864,0.19816673,-0.50642078,1.35089170,8.13297982,0.00000000
6.07000000,LIFT_LEG,-0.00001835,-0.01035569,0.00466234,-0.07660661,0.06364932,0.31112297,-0.08007165,0.05981349,0.09392807,0.02325130,0.00548900,32.03792085,0.00000000,47.21572630,37.84590853,0.19169843,-0.50548195,1.34937235,0.19820042,-0.50658906,1.35127090,8.13583598,0.00000000
6.08000000,LIFT_LEG,-0.00004270,-0.01036569,0.00469207,-0.07660957,0.06365604,0.31112476,-0.08007463,0.05981947,0.09392719,0.02331621,0.00555390,32.03295752,0.00000000,47.24036144,37.82595623,0.19173352,-0.50565380,1.34976133,0.19823275,-0.50675046,1.35163463,8.13888504,0.00000000
6.09000000,LIFT_LEG,-0.00006785,-0.01037651,0.00472254,-0.07661294,0.06366339,0.31112652,-0.08007799,0.05982609,0.09392563,0.02337931,0.00561701,32.02798367,0.00000000,47.26539508,37.80609649,0.19176716,-0.50581896,1.35013516,0.19826369,-0.50690483,1.35198255,8.14207061,0.00000000
6.10000000,LIFT_LEG,-0.00009340,-0.01038805,0.00475320,-0.07661669,0.06367124,0.31112827,-0.08008169,0.05983320,0.09392342,0.02344047,0.00567816,32.02277183,0.00000000,47.29047242,37.78657777,0.19179934,-0.50597728,1.35049346,0.19829322,-0.50705204,1.35231435,8.14533936,0.00000000
6.11000000,LIFT_LEG,-0.00011900,-0.01040020,0.00478361,-0.07662079,0.06367942,0.31112999,-0.08008570,0.05984066,0.09392063,0.02349951,0.00573721,32.01715250,0.00000000,47.31526376,37.76763273,0.19183005,-0.50612861,1.35083590,0.19832130,-0.50719198,1.35262977,8.14864164,0.00000000
6.12000000,LIFT_LEG,-0.00014431,-0.01041283,0.00481336,-0.07662520,0.06368780,0.31113169,-0.08009000,0.05984834,0.09391730,0.02355631,0.00579401,32.01101779,0.00000000,47.33946910,37.74947669,0.19185931,-0.50627283,1.35116219,0.19834792,-0.50732455,1.35292862,8.15193197,0.00000000
6.13000000,LIFT_LEG,-0.00016901,-0.01042581,0.00484208,-0.07662988,0.06369624,0.31113336,-0.08009455,0.05985611,0.09391350,0.02361073,0.00584843,32.00432073,0.00000000,47.36282178,37.73230602,0.19188712,-0.50640983,1.35147210,0.19837306,-0.50744968,1.35321071,8.15516935,0.00000000
6.14000000,LIFT_LEG,-0.00019283,-0.01043902,0.00486948,-0.07663480,0.06370462,0.31113500,-0.08009932,0.05986385,0.09390929,0.02366265,0.00590035,31.99707105,0.00000000,47.38509074,37.71629639,0.19191347,-0.50653953,1.35176543,0.19839671,-0.50756733,1.35347594,8.15831746,0.00000000
6.15000000,LIFT_LEG,-0.00021552,-0.01045229,0.00489531,-0.07663990,0.06371281,0.31113659,-0.08010426,0.05987146,0.09390473,0.02371194,0.00594963,31.98932809,0.00000000,47.40608169,37.70160091,0.19193835,-0.50666186,1.35204203,0.19841885,-0.50767745,1.35372423,8.16134471,0.00000000
6.16000000,LIFT_LEG,-0.00023687,-0.01046549,0.00491935,-0.07664515,0.06372073,0.31113814,-0.08010933,0.05987883,0.09389990,0.02375848,0.00599618,31.98119189,0.00000000,47.42563681,37.68834817,0.19196175,-0.50677677,1.35230180,0.19843949,-0.50778005,1.35395556,8.16422408,0.00000000
6.17000000,LIFT_LEG,-0.00025669,-0.01047847,0.00494144,-0.07665049,0.06372826,0.31113960,-0.08011450,0.05988587,0.09389485,0.02380219,0.00603989,31.97221853,0.00000000,47.44361925,37.67726095,0.19198367,-0.50688425,1.35254469,0.19845863,-0.50787514,1.35416998,8.16693238,0.00000010
6.18000000,LIFT_LEG,-0.00027484,-0.01049105,0.00496145,-0.07665588,0.06373534,0.31114098,-0.08011971,0.05989252,0.09388968,0.02384296,0.00608066,31.96394836,0.00000000,47.45996818,37.66692788,0.19200409,-0.50698428,1.35277071,0.19847627,-0.50796277,1.35436757,8.16945333,0.00000008
6.19000000,LIFT_LEG,-0.00029118,-0.01050314,0.00497929,-0.07666126,0.06374191,0.31114224,-0.08012491,0.05989871,0.09388444,0.02388072,0.00611842,31.95561171,0.00000000,47.47461617,37.65838379,0.19202302,-0.50707692,1.35297990,0.19849243,-0.50804300,1.35454851,8.17177020,0.00000006
6.20000000,LIFT_LEG,-0.00030563,-0.01051458,0.00499492,-0.07666659,0.06374790,0.31114337,-0.08013007,0.05990438,0.09387921,0.02391542,0.00615311,31.94754866,0.00000000,47.48751783,37.65142993,0.19204043,-0.50716219,1.35317239,0.19850713,-0.50811595,1.35471302,8.17387185,0.00000004
6.21000000,LIFT_LEG,-0.00031813,-0.01052526,0.00500829,-0.07667181,0.06375328,0.31114434,-0.08013514,0.05990949,0.09387405,0.02394700,0.00618470,31.93934349,0.00000000,47.49866326,37.64671063,0.19205634,-0.50724017,1.35334838,0.19852038,-0.50818175,1.35486141,8.17575001,0.00000009
6.22000000,LIFT_LEG,-0.00032864,-0.01053507,0.00501942,-0.07667688,0.06375802,0.31114515,-0.08014006,0.05991402,0.09386902,0.02397547,0.00621317,31.93276091,0.00000000,47.50806995,37.64234714,0.19207075,-0.50731098,1.35350812,0.19853224,-0.50824057,1.35499404,8.17739961,0.00000000
6.23000000,LIFT_LEG,-0.00033715,-0.01054394,0.00502833,-0.07668174,0.06376210,0.31114578,-0.08014480,0.05991795,0.09386420,0.02400082,0.00623852,31.92586894,0.00000000,47.51582375,37.64080949,0.19208369,-0.50737477,1.35365193,0.19854273,-0.50829259,1.35511137,8.17882055,0.00000004
6.24000000,LIFT_LEG,-0.00034367,-0.01055181,0.00503508,-0.07668636,0.06376551,0.31114622,-0.08014931,0.05992126,0.09385964,0.02402310,0.00626079,31.91927710,0.00000000,47.52187472,37.64112186,0.19209517,-0.50743170,1.35378021,0.19855189,-0.50833805,1.35521391,8.18000611,0.00000000
6.25000000,LIFT_LEG,-0.00034830,-0.01055859,0.00503973,-0.07669069,0.06376826,0.31114647,-0.08015355,0.05992396,0.09385538,0.02404235,0.00628004,31.91455344,0.00000000,47.52627559,37.64151700,0.19210522,-0.50748196,1.35389344,0.19855979,-0.50837722,1.35530226,8.18095855,0.00000007
6.26000000,LIFT_LEG,-0.00035109,-0.01056424,0.00504238,-0.07669470,0.06377036,0.31114653,-0.08015750,0.05992606,0.09385147,0.02405865,0.00629635,31.90957093,0.00000000,47.52913732,37.64454345,0.19211390,-0.50752579,1.35399216,0.19856648,-0.50841039,1.35537706,8.18168397,0.00000000
6.27000000,LIFT_LEG,-0.00035214,-0.01056875,0.00504312,-0.07669835,0.06377183,0.31114640,-0.08016111,0.05992757,0.09384795,0.02407212,0.00630982,31.90653574,0.00000000,47.53070268,37.64742043,0.19212127,-0.50756347,1.35407696,0.19857203,-0.50843787,1.35543904,8.18221517,0.00000005
6.28000000,LIFT_LEG,-0.00035154,-0.01057211,0.00504207,-0.07670162,0.06377269,0.31114609,-0.08016437,0.05992851,0.09384486,0.02408287,0.00632057,31.90393576,0.00000000,47.53004471,37.65185944,0.19212739,-0.50759530,1.35414854,0.19857650,-0.50846001,1.35548899,8.18240343,0.00000009
6.29000000,LIFT_LEG,-0.00034939,-0.01057433,0.00503939,-0.07670448,0.06377298,0.31114563,-0.08016724,0.05992892,0.09384222,0.02409106,0.00632876,31.90218413,0.00000000,47.52918980,37.65718564,0.19213234,-0.50762160,1.35420762,0.19857996,-0.50847719,1.35552774,8.18254326,0.00000007
6.30000000,LIFT_LEG,-0.00034582,-0.01057544,0.00503522,-0.07670692,0.06377273,0.31114502,-0.08016971,0.05992882,0.09384005,0.02409684,0.00633454,31.90125656,0.00000000,47.52680868,37.66318774,0.19213619,-0.50764271,1.35425500,0.19858251,-0.50848980,1.35555617,8.18243366,0.00000007
6.31000000,LIFT_LEG,-0.00034098,-0.01057548,0.00502973,-0.07670892,0.06377199,0.31114429,-0.08017177,0.05992826,0.09383837,0.02410040,0.00633809,31.90112231,0.00000000,47.52333165,37.66981473,0.19213900,-0.50765901,1.35429154,0.19858421,-0.50849826,1.35557525,8.18214231,0.00000008
6.32000000,LIFT_LEG,-0.00033500,-0.01057451,0.00502306,-0.07671046,0.06377079,0.31114346,-0.08017340,0.05992727,0.09383718,0.02410192,0.00633962,31.90172808,0.00000000,47.51808189,37.67688788,0.19214086,-0.50767091,1.35431815,0.19858517,-0.50850302,1.35558600,8.18156165,0.00000008
6.33000000,LIFT_LEG,-0.00032804,-0.01057259,0.00501540,-0.07671156,0.06376919,0.31114255,-0.08017460,0.05992589,0.09383650,0.02410162,0.00633932,31.90302052,0.00000000,47.51246787,37.68424397,0.19214189,-0.50767877,1.35433568,0.19858545,-0.50850441,1.35558913,8.18089150,0.00000008
6.34000000,LIFT_LEG,-0.00032024,-0.01056979,0.00500690,-0.07671221,0.06376723,0.31114159,-0.08017537,0.05992418,0.09383630,0.02409974,0.00633744,31.90494748,0.00000000,47.50596980,37.69177229,0.19214218,-0.50768318,1.35434554,0.19858529,-0.50850358,1.35558725,8.18005683,0.00000007
6.35000000,LIFT_LEG,-0.00031175,-0.01056615,0.00499775,-0.07671241,0.06376496,0.31114059,-0.08017572,0.05992216,0.09383659,0.02409648,0.00633418,31.90745420,0.00000000,47.49874550,37.69931651,0.19214187,-0.50768450,1.35434840,0.19858454,-0.50849987,1.35557889,8.17907982,0.00000007
6.36000000,LIFT_LEG,-0.00030271,-0.01056177,0.00498810,-0.07671217,0.06376242,0.31113959,-0.08017564,0.05991989,0.09383735,0.02409206,0.00632976,31.91047719,0.00000000,47.49088986,37.70678633,0.19214102,-0.50768320,1.35434544,0.19858348,-0.50849465,1.35556712,8.17797398,0.00000007
6.37000000,LIFT_LEG,-0.00029325,-0.01055671,0.00497812,-0.07671151,0.06375967,0.31113860,-0.08017517,0.05991741,0.09383857,0.02408671,0.00632441,31.91395688,0.00000000,47.48250804,37.71408263,0.19213975,-0.50767982,1.35433782,0.19858218,-0.50848821,1.35555258,8.17675450,0.00000006
6.38000000,HOLD_LEG,-0.00028351,-0.01055105,0.00496797,-0.07671044,0.06375676,0.31113764,-0.08017430,0.05991477,0.09384021,0.02408067,0.00631837,31.91783779,0.00000000,47.47370400,37.72112001,0.19213818,-0.50767484,1.35432668,0.19858074,-0.50848106,1.35553646,8.17543701,0.00000006
6.39000000,HOLD_LEG,-0.00027361,-0.01054487,0.00495778,-0.07670899,0.06375372,0.31113672,-0.08017306,0.05991200,0.09384226,0.02407416,0.00631185,31.92206509,0.00000000,47.46458523,37.72781903,0.19213640,-0.50766878,1.35431312,0.19857923,-0.50847358,1.35551958,8.17403802,0.00000005
6.40000000,HOLD_LEG,-0.00026368,-0.01053824,0.00494769,-0.07670718,0.06375060,0.31113586,-0.08017147,0.05990914,0.09384468,0.02406735,0.00630504,31.92683646,0.00000000,47.45527495,37.73384625,0.19213453,-0.50766199,1.35429792,0.19857767,-0.50846586,1.35550217,8.17257557,0.00000010
6.41000000,HOLD_LEG,-0.00025383,-0.01053126,0.00493783,-0.07670503,0.06374743,0.31113507,-0.08016956,0.05990624,0.09384745,0.02406038,0.00629808,31.93088723,0.00000000,47.44585878,37.74047539,0.19213263,-0.50765473,1.35428164,0.19857609,-0.50845800,1.35548444,8.17106535,0.00000000
6.42000000,HOLD_LEG,-0.00024417,-0.01052400,0.00492830,-0.07670258,0.06374427,0.31113437,-0.08016735,0.05990332,0.09385052,0.02405338,0.00629108,31.93616922,0.00000000,47.43642103,37.74531982,0.19213075,-0.50764716,1.35426467,0.19857449,-0.50845009,1.35546661,8.16952208,0.00000003
6.43000000,HOLD_LEG,-0.00023479,-0.01051653,0.00491918,-0.07669985,0.06374114,0.31113375,-0.08016487,0.05990043,0.09385386,0.02404642,0.00628412,31.94153550,0.00000000,47.42708440,37.74974035,0.19212892,-0.50763943,1.35424731,0.19857290,-0.50844221,1.35544883,8.16796320,0.00000008
6.44000000,HOLD_LEG,-0.00022575,-0.01050892,0.00491057,-0.07669688,0.06373807,0.31113322,-0.08016216,0.05989759,0.09385744,0.02403958,0.00627728,31.94667494,0.00000000,47.41790221,37.75393951,0.19212714,-0.50763162,1.35422980,0.19857133,-0.50843442,1.35543126,8.16640130,0.00000008
6.45000000,HOLD_LEG,-0.00021713,-0.01050126,0.00490252,-0.07669371,0.06373509,0.31113278,-0.08015924,0.05989482,0.09386120,0.02403293,0.00627062,31.95136738,0.00000000,47.40894670,37.75810396,0.19212543,-0.50762382,1.35421235,0.19856979,-0.50842679,1.35541405,8.16484964,0.00000001
6.46000000,HOLD_LEG,-0.00020896,-0.01049360,0.00489510,-0.07669037,0.06373223,0.31113243,-0.08015615,0.05989215,0.09386513,0.02402649,0.00626419,31.95698985,0.00000000,47.40031648,37.76072844,0.19212378,-0.50761610,1.35419513,0.19856829,-0.50841937,1.35539731,8.16332360,0.00000009
6.47000000,HOLD_LEG,-0.00020131,-0.01048599,0.00488833,-0.07668690,0.06372950,0.31113217,-0.08015293,0.05988960,0.09386916,0.02402033,0.00625802,31.96174869,0.00000000,47.39199514,37.76358582,0.19212217,-0.50760852,1.35417827,0.19856685,-0.50841221,1.35538116,8.16183076,0.00000000
6.48000000,HOLD_LEG,-0.00019421,-0.01047848,0.00488223,-0.07668333,0.06372693,0.31113199,-0.08014960,0.05988719,0.09387327,0.02401446,0.00625216,31.96661172,0.00000000,47.38411156,37.76579591,0.19212065,-0.50760115,1.35416191,0.19856547,-0.50840535,1.35536569,8.16038740,0.00000005
6.49000000,HOLD_LEG,-0.00018767,-0.01047112,0.00487682,-0.07667970,0.06372453,0.31113189,-0.08014620,0.05988494,0.09387741,0.02400891,0.00624661,31.97154960,0.00000000,47.37672042,37.76737369,0.19211921,-0.50759403,1.35414614,0.19856415,-0.50839882,1.35535097,8.15900381,0.00000006
6.50000000,HOLD_LEG,-0.00018170,-0.01046399,0.00487211,-0.07667604,0.06372230,0.31113185,-0.08014276,0.05988284,0.09388156,0.02400371,0.00624140,31.97668810,0.00000000,47.36985510,37.76810318,0.19211785,-0.50758721,1.35413106,0.19856291,-0.50839266,1.35533707,8.15768796,0.00000002
6.51000000,HOLD_LEG,-0.00017630,-0.01045714,0.00486808,-0.07667238,0.06372027,0.31113187,-0.08013932,0.05988092,0.09388567,0.02399886,0.00623656,31.98150749,0.00000000,47.36352893,37.76851388,0.19211656,-0.50758073,1.35411674,0.19856174,-0.50838689,1.35532406,8.15644683,0.00000000
6.52000000,HOLD_LEG,-0.00017149,-0.01045059,0.00486472,-0.07666877,0.06371842,0.31113195,-0.08013591,0.05987917,0.09388971,0.02399439,0.00623208,31.98560948,0.00000000,47.35780942,37.76923483,0.19211535,-0.50757460,1.35410326,0.19856066,-0.50838154,1.35531199,8.15529106,0.00000003
6.53000000,HOLD_LEG,-0.00016725,-0.01044438,0.00486201,-0.07666523,0.06371677,0.31113207,-0.08013255,0.05987760,0.09389364,0.02399029,0.00622799,31.98932033,0.00000000,47.35266465,37.76969750,0.19211423,-0.50756886,1.35409067,0.19855967,-0.50837662,1.35530088,8.15422228,0.00000009
6.54000000,HOLD_LEG,-0.00016359,-0.01043855,0.00485990,-0.07666179,0.06371531,0.31113222,-0.08012929,0.05987620,0.09389744,0.02398657,0.00622427,31.99358836,0.00000000,47.34814018,37.76895323,0.19211320,-0.50756352,1.35407901,0.19855877,-0.50837213,1.35529077,8.15324782,0.00000003
6.55000000,HOLD_LEG,-0.00016047,-0.01043312,0.00485836,-0.07665847,0.06371405,0.31113239,-0.08012613,0.05987499,0.09390108,0.02398323,0.00622093,31.99683110,0.00000000,47.34422827,37.76876513,0.19211227,-0.50755862,1.35406831,0.19855795,-0.50836809,1.35528166,8.15236966,0.00000007
6.56000000,HOLD_LEG,-0.00015789,-0.01042811,0.00485735,-0.07665532,0.06371296,0.31113258,-0.08012312,0.05987394,0.09390452,0.02398027,0.00621797,32.00060605,0.00000000,47.34092039,37.76733682,0.19211142,-0.50755415,1.35405860,0.19855723,-0.50836450,1.35527356,8.15158976,0.00000000
6.57000000,HOLD_LEG,-0.00015582,-0.01042354,0.00485682,-0.07665234,0.06371205,0.31113279,-0.08012026,0.05987306,0.09390776,0.02397769,0.00621538,32.00318031,0.00000000,47.33803083,37.76675048,0.19211068,-0.50755014,1.35404994,0.19855659,-0.50836135,1.35526646,8.15087918,0.00000004
6.58000000,HOLD_LEG,-0.00015423,-0.01041941,0.00485673,-0.07664956,0.06371132,0.31113300,-0.08011759,0.05987233,0.09391076,0.02397547,0.00621316,32.00544854,0.00000000,47.33587272,37.76592107,0.19211003,-0.50754661,1.35404231,0.19855604,-0.50835864,1.35526034,8.15029379,0.00000008
6.59000000,HOLD_LEG,-0.00015310,-0.01041576,0.00485701,-0.07664700,0.06371074,0.31113321,-0.08011512,0.05987176,0.09391352,0.02397358,0.00621128,32.00817818,0.00000000,47.33436688,37.76400236,0.19210947,-0.50754350,1.35403559,0.19855559,-0.50835636,1.35525520,8.14981873,0.00000000
6.60000000,HOLD_LEG,-0.00015241,-0.01041259,0.00485764,-0.07664466,0.06371032,0.31113341,-0.08011286,0.05987133,0.09391602,0.02397204,0.00620974,32.00962624,0.00000000,47.33344432,37.76309806,0.19210899,-0.50754082,1.35402982,0.19855521,-0.50835451,1.35525102,8.14944388,0.00000004
6.61000000,HOLD_LEG,-0.00015210,-0.01040989,0.00485854,-0.07664257,0.06371004,0.31113360,-0.08011083,0.05987104,0.09391825,0.02397082,0.00620852,32.01076074,0.00000000,47.33356036,37.76200281,0.19210860,-0.50753859,1.35402507,0.19855497,-0.50835332,1.35524835,8.14923846,0.00000008
6.62000000,HOLD_LEG,-0.00015216,-0.01040767,0.00485970,-0.07664073,0.06370989,0.31113377,-0.08010903,0.05987086,0.09392020,0.02396992,0.00620762,32.01227003,0.00000000,47.33344924,37.75997974,0.19210830,-0.50753677,1.35402120,0.19855475,-0.50835220,1.35524581,8.14901915,0.00000006
6.63000000,HOLD_LEG,-0.00015255,-0.01040592,0.00486105,-0.07663914,0.06370987,0.31113393,-0.08010747,0.05987081,0.09392187,0.02396931,0.00620701,32.01243189,0.00000000,47.33396955,37.75910766,0.19210807,-0.50753536,1.35401823,0.19855461,-0.50835151,1.35524425,8.14891203,0.00000006
6.64000000,HOLD_LEG,-0.00015325,-0.01040462,0.00486256,-0.07663782,0.06370995,0.31113407,-0.08010616,0.05987085,0.09392326,0.02396897,0.00620667,32.01317474,0.00000000,47.33490684,37.75707863,0.19210793,-0.50753435,1.35401612,0.19855454,-0.50835118,1.35524351,8.14888608,0.00000005
6.65000000,HOLD_LEG,-0.00015422,-0.01040378,0.00486419,-0.07663675,0.06371013,0.31113419,-0.08010509,0.05987099,0.09392437,0.02396891,0.00620661,32.01257356,0.00000000,47.33619320,37.75629416,0.19210786,-0.50753374,1.35401487,0.19855454,-0.50835118,1.35524351,8.14892947,0.00000005
6.66000000,HOLD_LEG,-0.00015545,-0.01040338,0.00486591,-0.07663595,0.06371040,0.31113428,-0.08010427,0.05987122,0.09392520,0.02396906,0.00620676,32.01200050,0.00000000,47.33752995,37.75510565,0.19210785,-0.50753340,1.35401417,0.19855454,-0.50835118,1.35524351,8.14900698,0.00000008
6.67000000,HOLD_LEG,-0.00015690,-0.01040340,0.00486769,-0.07663539,0.06371075,0.31113435,-0.08010368,0.05987152,0.09392577,0.02396945,0.00620715,32.01124887,0.00000000,47.33974541,37.75379769,0.19210790,-0.50753340,1.35401426,0.19855468,-0.50835185,1.35524502,8.14922574,0.00000007
6.68000000,HOLD_LEG,-0.00015853,-0.01040381,0.00486950,-0.07663508,0.06371117,0.31113439,-0.08010333,0.05987189,0.09392608,0.02397005,0.00620775,32.01033859,0.00000000,47.34279215,37.75240547,0.19210802,-0.50753375,1.35401513,0.19855491,-0.50835300,1.35524762,8.14958884,0.00000003
6.69000000,HOLD_LEG,-0.00016032,-0.01040457,0.00487132,-0.07663501,0.06371165,0.31113441,-0.08010321,0.05987231,0.09392613,0.02397086,0.00620856,32.00864978,0.00000000,47.34504497,37.75155543,0.19210820,-0.50753443,1.35401670,0.19855512,-0.50835404,1.35524997,8.14985498,0.00000009
6.70000000,HOLD_LEG,-0.00016225,-0.01040567,0.00487315,-0.07663517,0.06371218,0.31113441,-0.08010330,0.05987279,0.09392595,0.02397184,0.00620954,32.00756107,0.00000000,47.34761001,37.74990549,0.19210845,-0.50753538,1.35401884,0.19855537,-0.50835527,1.35525274,8.15018755,0.00000009
6.71000000,HOLD_LEG,-0.00016430,-0.01040707,0.00487495,-0.07663554,0.06371275,0.31113439,-0.08010360,0.05987331,0.09392556,0.02397298,0.00621068,32.00576991,0.00000000,47.35132450,37.74884243,0.19210874,-0.50753662,1.35402161,0.19855575,-0.50835716,1.35525701,8.15070682,0.00000001
6.72000000,HOLD_LEG,-0.00016644,-0.01040875,0.00487673,-0.07663610,0.06371336,0.31113435,-0.08010409,0.05987386,0.09392495,0.02397426,0.00621196,32.00327686,0.00000000,47.35452886,37.74838897,0.19210907,-0.50753809,1.35402485,0.19855610,-0.50835893,1.35526100,8.15117065,0.00000008
6.73000000,HOLD_LEG,-0.00016866,-0.01041069,0.00487847,-0.07663685,0.06371400,0.31113430,-0.08010475,0.05987444,0.09392416,0.02397566,0.00621336,32.00133854,0.00000000,47.35790027,37.74731306,0.19210945,-0.50753976,1.35402851,0.19855649,-0.50836086,1.35526534,8.15167265,0.00000002
6.74000000,HOLD_LEG,-0.00017093,-0.01041285,0.00488018,-0.07663776,0.06371466,0.31113423,-0.08010558,0.05987504,0.09392321,0.02397717,0.00621487,31.99893170,0.00000000,47.36131986,37.74656366,0.19210986,-0.50754160,1.35403253,0.19855691,-0.50836292,1.35526999,8.15219903,0.00000004
6.75000000,HOLD_LEG,-0.00017325,-0.01041520,0.00488183,-0.07663882,0.06371534,0.31113415,-0.08010654,0.05987566,0.09392210,0.02397877,0.00621647,31.99655113,0.00000000,47.36479452,37.74578084,0.19211029,-0.50754359,1.35403690,0.19855735,-0.50836509,1.35527488,8.15274712,0.00000004
6.76000000,HOLD_LEG,-0.00017558,-0.01041772,0.00488343,-0.07664001,0.06371603,0.31113407,-0.08010764,0.05987630,0.09392087,0.02398044,0.00621814,31.99415221,0.00000000,47.36829304,37.74501742,0.19211075,-0.50754571,1.35404154,0.19855780,-0.50836735,1.35527998,8.15331021,0.00000001
6.77000000,HOLD_LEG,-0.00017791,-0.01042037,0.00488499,-0.07664131,0.06371672,0.31113398,-0.08010884,0.05987694,0.09391953,0.02398218,0.00621988,31.99174380,0.00000000,47.37178533,37.74428399,0.19211123,-0.50754794,1.35404641,0.19855827,-0.50836967,1.35528522,8.15388237,0.00000003
6.78000000,HOLD_LEG,-0.00018021,-0.01042315,0.00488650,-0.07664270,0.06371742,0.31113388,-0.08011013,0.05987758,0.09391809,0.02398396,0.00622166,31.98861747,0.00000000,47.37523754,37.74440820,0.19211173,-0.50755025,1.35405146,0.19855875,-0.50837204,1.35529056,8.15445790,0.00000000
6.79000000,HOLD_LEG,-0.00018251,-0.01042598,0.00488795,-0.07664417,0.06371811,0.31113379,-0.08011150,0.05987822,0.09391658,0.02398578,0.00622348,31.98670205,0.00000000,47.37857915,37.74310493,0.19211222,-0.50755261,1.35405666,0.19855923,-0.50837444,1.35529597,8.15503027,0.00000008
6.80000000,HOLD_LEG,-0.00018479,-0.01042884,0.00488935,-0.07664569,0.06371880,0.31113369,-0.08011292,0.05987885,0.09391502,0.02398762,0.00622531,31.98412274,0.00000000,47.38182331,37.74264565,0.19211273,-0.50755502,1.35406195,0.19855972,-0.50837684,1.35530139,8.15559600,0.00000006
6.81000000,HOLD_LEG,-0.00018702,-0.01043171,0.00489070,-0.07664725,0.06371948,0.31113360,-0.08011438,0.05987948,0.09391343,0.02398945,0.00622715,31.98160373,0.00000000,47.38495308,37.74222686,0.19211325,-0.50755745,1.35406729,0.19856020,-0.50837923,1.35530677,8.15615061,0.00000005
6.82000000,HOLD_LEG,-0.00018920,-0.01043455,0.00489200,-0.07664882,0.06372014,0.31113352,-0.08011586,0.05988010,0.09391182,0.02399128,0.00622898,31.97920669,0.00000000,47.38795214,37.74181136,0.19211377,-0.50755988,1.35407262,0.19856067,-0.50838158,1.35531207,8.15669021,0.00000004
6.83000000,HOLD_LEG,-0.00019131,-0.01043735,0.00489324,-0.07665040,0.06372080,0.31113344,-0.08011735,0.05988070,0.09391022,0.02399309,0.00623079,31.97698294,0.00000000,47.39080258,37.74135583,0.19211428,-0.50756230,1.35407791,0.19856114,-0.50838388,1.35531727,8.15721094,0.00000004
6.84000000,HOLD_LEG,-0.00019335,-0.01044009,0.00489443,-0.07665196,0.06372143,0.31113337,-0.08011883,0.05988129,0.09390863,0.02399486,0.00623256,31.97487025,0.00000000,47.39348721,37.74093212,0.19211479,-0.50756468,1.35408312,0.19856159,-0.50838612,1.35532232,8.15770886,0.00000004
6.85000000,HOLD_LEG,-0.00019531,-0.01044274,0.00489557,-0.07665350,0.06372205,0.31113332,-0.08012028,0.05988187,0.09390707,0.02399659,0.00623429,31.97289117,0.00000000,47.39599188,37.74052917,0.19211528,-0.50756701,1.35408822,0.19856202,-0.50838828,1.35532719,8.15818087,0.00000004
6.86000000,HOLD_LEG,-0.00019717,-0.01044528,0.00489667,-0.07665499,0.06372264,0.31113327,-0.08012170,0.05988242,0.09390556,0.02399826,0.00623596,31.97105895,0.00000000,47.39830434,37.74014333,0.19211576,-0.50756926,1.35409316,0.19856244,-0.50839035,1.35533186,8.15862417,0.00000004
6.87000000,HOLD_LEG,-0.00019893,-0.01044770,0.00489771,-0.07665643,0.06372321,0.31113323,-0.08012307,0.05988295,0.09390410,0.02399987,0.00623757,31.96938410,0.00000000,47.40041445,37.73977200,0.19211621,-0.50757143,1.35409793,0.19856284,-0.50839232,1.35533629,8.15903631,0.00000004
6.88000000,HOLD_LEG,-0.00020058,-0.01044999,0.00489871,-0.07665780,0.06372375,0.31113321,-0.08012437,0.05988346,0.09390272,0.02400140,0.00623910,31.96778571,0.00000000,47.40231364,37.73950616,0.19211665,-0.50757351,1.35410248,0.19856321,-0.50839417,1.35534047,8.15941496,0.00000003
6.89000000,HOLD_LEG,-0.00020212,-0.01045213,0.00489965,-0.07665910,0.06372427,0.31113320,-0.08012561,0.05988394,0.09390141,0.02400286,0.00624056,31.96636136,0.00000000,47.40399921,37.73926341,0.19211706,-0.50757547,1.35410681,0.19856356,-0.50839590,1.35534437,8.15975904,0.00000002
6.90000000,HOLD_LEG,-0.00020354,-0.01045410,0.00490055,-0.07666031,0.06372475,0.31113320,-0.08012677,0.05988440,0.09390019,0.02400423,0.00624192,31.96493119,0.00000000,47.40479106,37.73932114,0.19211745,-0.50757730,1.35411083,0.19856382,-0.50839719,1.35534728,8.15996697,0.00000010
6.91000000,HOLD_LEG,-0.00020485,-0.01045590,0.00490139,-0.07666143,0.06372520,0.31113321,-0.08012785,0.05988482,0.09389907,0.02400549,0.00624319,31.96457163,0.00000000,47.40687030,37.73827998,0.19211780,-0.50757900,1.35411458,0.19856418,-0.50839896,1.35535129,8.16036175,0.00000008
6.92000000,HOLD_LEG,-0.00020602,-0.01045753,0.00490217,-0.07666245,0.06372563,0.31113324,-0.08012883,0.05988522,0.09389804,0.02400666,0.00624436,31.96360321,0.00000000,47.40752202,37.73809687,0.19211812,-0.50758056,1.35411805,0.19856442,-0.50840016,1.35535398,8.16053988,0.00000004
6.93000000,HOLD_LEG,-0.00020705,-0.01045897,0.00490290,-0.07666337,0.06372601,0.31113327,-0.08012972,0.05988558,0.09389712,0.02400773,0.00624543,31.96246086,0.00000000,47.40814026,37.73846798,0.19211843,-0.50758199,1.35412122,0.19856464,-0.50840123,1.35535640,8.16070587,0.00000007
6.94000000,HOLD_LEG,-0.00020796,-0.01046021,0.00490356,-0.07666419,0.06372636,0.31113332,-0.08013051,0.05988592,0.09389631,0.02400869,0.00624639,31.96255121,0.00000000,47.40881209,37.73751479,0.19211869,-0.50758327,1.35412407,0.19856485,-0.50840228,1.35535878,8.16087817,0.00000006
6.95000000,HOLD_LEG,-0.00020871,-0.01046128,0.00490416,-0.07666490,0.06372667,0.31113338,-0.08013120,0.05988621,0.09389560,0.02400953,0.00624723,31.96236252,0.00000000,47.40973151,37.73721176,0.19211893,-0.50758441,1.35412658,0.19856506,-0.50840334,1.35536116,8.16107628,0.00000010
6.96000000,HOLD_LEG,-0.00020935,-0.01046214,0.00490469,-0.07666550,0.06372695,0.31113345,-0.08013178,0.05988648,0.09389500,0.02401026,0.00624796,31.96200762,0.00000000,47.40992988,37.73716835,0.19211912,-0.50758537,1.35412875,0.19856521,-0.50840406,1.35536278,8.16116740,0.00000003
6.97000000,HOLD_LEG,-0.00020983,-0.01046281,0.00490515,-0.07666599,0.06372718,0.31113352,-0.08013227,0.05988670,0.09389451,0.02401088,0.00624857,31.96209887,0.00000000,47.40939636,37.73692188,0.19211930,-0.50758619,1.35413058,0.19856528,-0.50840441,1.35536357,8.16113846,0.00000007
6.98000000,HOLD_LEG,-0.00021017,-0.01046332,0.00490553,-0.07666638,0.06372738,0.31113360,-0.08013265,0.05988689,0.09389413,0.02401137,0.00624907,31.96227581,0.00000000,47.40914841,37.73677578,0.19211944,-0.50758685,1.35413204,0.19856535,-0.50840475,1.35536435,8.16114623,0.00000009
6.99000000,HOLD_LEG,-0.00021037,-0.01046364,0.00490585,-0.07666666,0.06372753,0.31113368,-0.08013294,0.05988705,0.09389385,0.02401175,0.00624945,31.96213042,0.00000000,47.40886943,37.73703407,0.19211953,-0.50758736,1.35413323,0.19856541,-0.50840509,1.35536510,8.16114467,0.00000006
7.00000000,HOLD_LEG,-0.00021047,-0.01046377,0.00490607,-0.07666684,0.06372764,0.31113376,-0.08013313,0.05988716,0.09389367,0.02401200,0.00624969,31.96272260,0.00000000,47.40901135,37.73682012,0.19211959,-0.50758767,1.35413396,0.19856548,-0.50840540,1.35536581,8.16120040,0.00000001
7.01000000,HOLD_LEG,-0.00021041,-0.01046370,0.00490621,-0.07666692,0.06372772,0.31113385,-0.08013323,0.05988724,0.09389359,0.02401217,0.00624986,31.96324898,0.00000000,47.40798118,37.73674510,0.19211965,-0.50758794,1.35413465,0.19856548,-0.50840540,1.35536581,8.16106926,0.00000001
7.02000000,HOLD_LEG,-0.00021022,-0.01046347,0.00490627,-0.07666691,0.06372776,0.31113394,-0.08013323,0.05988728,0.09389361,0.02401222,0.00624992,31.96385141,0.00000000,47.40732587,37.73675495,0.19211968,-0.50758810,1.35413504,0.19856548,-0.50840540,1.35536581,8.16099110,0.00000007
7.03000000,HOLD_LEG,-0.00020991,-0.01046310,0.00490625,-0.07666682,0.06372775,0.31113402,-0.08013316,0.05988729,0.09389371,0.02401215,0.00624985,31.96452656,0.00000000,47.40631626,37.73685039,0.19211967,-0.50758809,1.35413499,0.19856541,-0.50840506,1.35536505,8.16085849,0.00000006
7.04000000,HOLD_LEG,-0.00020948,-0.01046258,0.00490615,-0.07666664,0.06372771,0.31113411,-0.08013301,0.05988726,0.09389389,0.02401198,0.00624968,31.96526738,0.00000000,47.40540468,37.73699100,0.19211962,-0.50758792,1.35413462,0.19856535,-0.50840475,1.35536434,8.16073046,0.00000010
7.05000000,HOLD_LEG,-0.00020895,-0.01046195,0.00490596,-0.07666638,0.06372763,0.31113418,-0.08013278,0.05988720,0.09389416,0.02401169,0.00624939,31.96607086,0.00000000,47.40403563,37.73720727,0.19211954,-0.50758758,1.35413387,0.19856521,-0.50840408,1.35536282,8.16053202,0.00000005
7.06000000,HOLD_LEG,-0.00020832,-0.01046120,0.00490569,-0.07666605,0.06372752,0.31113426,-0.08013249,0.05988710,0.09389449,0.02401131,0.00624901,31.96692786,0.00000000,47.40271438,37.73745739,0.19211943,-0.50758712,1.35413287,0.19856507,-0.50840340,1.35536130,8.16033298,0.00000005
7.07000000,HOLD_LEG,-0.00020759,-0.01046034,0.00490533,-0.07666566,0.06372737,0.31113432,-0.08013213,0.05988697,0.09389489,0.02401085,0.00624855,31.96783247,0.00000000,47.40142747,37.73774727,0.19211930,-0.50758654,1.35413164,0.19856493,-0.50840269,1.35535969,8.16013343,0.00000007
7.08000000,HOLD_LEG,-0.00020678,-0.01045938,0.00490490,-0.07666522,0.06372719,0.31113438,-0.08013172,0.05988681,0.09389534,0.02401030,0.00624800,31.96877655,0.00000000,47.40027411,37.73807574,0.19211915,-0.50758587,1.35413019,0.19856479,-0.50840197,1.35535808,8.15994877,0.00000009
7.09000000,HOLD_LEG,-0.00020587,-0.01045837,0.00490439,-0.07666473,0.06372698,0.31113443,-0.08013127,0.05988663,0.09389585,0.02400968,0.00624737,31.97002972,0.00000000,47.39856873,37.73822557,0.19211899,-0.50758511,1.35412847,0.19856457,-0.50840092,1.35535570,8.15967396,0.00000003
7.10000000,HOLD_LEG,-0.00020489,-0.01045731,0.00490383,-0.07666419,0.06372674,0.31113447,-0.08013077,0.05988642,0.09389639,0.02400899,0.00624669,31.97092305,0.00000000,47.39755819,37.73869633,0.19211879,-0.50758427,1.35412665,0.19856442,-0.50840017,1.35535400,8.15949999,0.00000009
7.11000000,HOLD_LEG,-0.00020386,-0.01045618,0.00490320,-0.07666363,0.06372648,0.31113450,-0.08013025,0.05988618,0.09389697,0.02400824,0.00624594,31.97186275,0.00000000,47.39569385,37.73914922,0.19211858,-0.50758334,1.35412461,0.19856418,-0.50839897,1.35535131,8.15920012,0.00000004
7.12000000,HOLD_LEG,-0.00020279,-0.01045500,0.00490251,-0.07666303,0.06372620,0.31113452,-0.08012969,0.05988593,0.09389757,0.02400745,0.00624514,31.97281610,0.00000000,47.39430804,37.73962398,0.19211835,-0.50758234,1.35412244,0.19856397,-0.50839793,1.35534896,8.15896829,0.00000005
7.13000000,HOLD_LEG,-0.00020169,-0.01045378,0.00490176,-0.07666242,0.06372590,0.31113453,-0.08012912,0.05988565,0.09389820,0.02400661,0.00624430,31.97376671,0.00000000,47.39312232,37.74010726,0.19211811,-0.50758131,1.35412017,0.19856377,-0.50839696,1.35534678,8.15876207,0.00000007
7.14000000,HOLD_LEG,-0.00020058,-0.01045253,0.00490097,-0.07666179,0.06372558,0.31113453,-0.08012853,0.05988537,0.09389883,0.02400573,0.00624343,31.97469835,0.00000000,47.39116475,37.74059167,0.19211788,-0.50758023,1.35411779,0.19856351,-0.50839564,1.35534380,8.15844021,0.00000009
7.15000000,HOLD_LEG,-0.00019943,-0.01045129,0.00490015,-0.07666116,0.06372525,0.31113453,-0.08012794,0.05988507,0.09389948,0.02400484,0.00624253,31.97594495,0.00000000,47.39015003,37.74084066,0.19211765,-0.50757915,1.35411536,0.19856331,-0.50839464,1.35534153,8.15825151,0.00000004
7.16000000,HOLD_LEG,-0.00019826,-0.01045008,0.00489931,-0.07666053,0.06372492,0.31113451,-0.08012735,0.05988476,0.09390013,0.02400392,0.00624162,31.97668981,0.00000000,47.38906903,37.74146142,0.19211740,-0.50757806,1.35411290,0.19856310,-0.50839363,1.35533926,8.15805285,0.00000007
7.17000000,HOLD_LEG,-0.00019710,-0.01044888,0.00489845,-0.07665990,0.06372457,0.31113449,-0.08012676,0.05988444,0.09390077,0.02400301,0.00624071,31.97747291,0.00000000,47.38724799,37.74199795,0.19211714,-0.50757693,1.35411040,0.19856284,-0.50839231,1.35533628,8.15774584,0.00000002
7.18000000,HOLD_LEG,-0.00019597,-0.01044770,0.00489758,-0.07665929,0.06372422,0.31113446,-0.08012618,0.05988412,0.09390140,0.02400209,0.00623979,31.97822289,0.00000000,47.38634292,37.74252860,0.19211689,-0.50757580,1.35410793,0.19856264,-0.50839133,1.35533407,8.15757469,0.00000003
7.19000000,HOLD_LEG,-0.00019486,-0.01044655,0.00489671,-0.07665869,0.06372387,0.31113443,-0.08012561,0.05988379,0.09390202,0.02400119,0.00623889,31.97893200,0.00000000,47.38542654,37.74303761,0.19211664,-0.50757470,1.35410549,0.19856245,-0.50839038,1.35533192,8.15740083,0.00000007
7.20000000,HOLD_LEG,-0.00019380,-0.01044543,0.00489584,-0.07665811,0.06372353,0.31113439,-0.08012506,0.05988348,0.09390261,0.02400031,0.00623801,31.97958317,0.00000000,47.38405980,37.74351462,0.19211640,-0.50757363,1.35410311,0.19856222,-0.50838925,1.35532937,8.15716104,0.00000004
7.21000000,HOLD_LEG,-0.00019278,-0.01044436,0.00489499,-0.07665756,0.06372319,0.31113434,-0.08012454,0.05988316,0.09390319,0.02399946,0.00623715,31.98018849,0.00000000,47.38348517,37.74398266,0.19211618,-0.50757261,1.35410082,0.19856206,-0.50838845,1.35532758,8.15703796,0.00000009
7.22000000,HOLD_LEG,-0.00019181,-0.01044335,0.00489416,-0.07665703,0.06372286,0.31113429,-0.08012404,0.05988286,0.09390373,0.02399863,0.00623633,31.98072612,0.00000000,47.38217728,37.74442324,0.19211596,-0.50757160,1.35409854,0.19856183,-0.50838733,1.35532504,8.15680875,0.00000005
7.23000000,HOLD_LEG,-0.00019091,-0.01044241,0.00489336,-0.07665653,0.06372254,0.31113423,-0.08012357,0.05988256,0.09390425,0.02399784,0.00623554,31.98121214,0.00000000,47.38175073,37.74484230,0.19211575,-0.50757064,1.35409641,0.19856169,-0.50838662,1.35532344,8.15670820,0.00000008
7.24000000,HOLD_LEG,-0.00019007,-0.01044153,0.00489259,-0.07665607,0.06372224,0.31113418,-0.08012313,0.05988228,0.09390473,0.02399709,0.00623479,31.98162814,0.00000000,47.38068786,37.74522658,0.19211555,-0.50756973,1.35409434,0.19856149,-0.50838563,1.35532122,8.15651625,0.00000006
7.25000000,HOLD_LEG,-0.00018929,-0.01044073,0.00489187,-0.07665564,0.06372196,0.31113412,-0.08012272,0.05988201,0.09390518,0.02399640,0.00623410,31.98198388,0.00000000,47.38003166,37.74557173,0.19211537,-0.50756888,1.35409245,0.19856134,-0.50838488,1.35531953,8.15638431,0.00000007
7.26000000,HOLD_LEG,-0.00018860,-0.01044001,0.00489121,-0.07665525,0.06372169,0.31113406,-0.08012235,0.05988176,0.09390559,0.02399576,0.00623346,31.98227785,0.00000000,47.37953317,37.74588601,0.19211520,-0.50756810,1.35409069,0.19856120,-0.50838421,1.35531800,8.15627790,0.00000007
7.27000000,HOLD_LEG,-0.00018798,-0.01043937,0.00489060,-0.07665490,0.06372145,0.31113400,-0.08012201,0.05988153,0.09390596,0.02399518,0.00623288,31.98251250,0.00000000,47.37957804,37.74615592,0.19211504,-0.50756740,1.35408912,0.19856113,-0.50838383,1.35531716,8.15625159,0.00000009
7.28000000,HOLD_LEG,-0.00018744,-0.01043881,0.00489005,-0.07665459,0.06372123,0.31113395,-0.08012171,0.05988133,0.09390629,0.02399466,0.00623236,31.98268102,0.00000000,47.37904211,37.74639621,0.19211490,-0.50756674,1.35408763,0.19856099,-0.50838317,1.35531567,8.15614475,0.00000008
7.29000000,HOLD_LEG,-0.00018699,-0.01043833,0.00488956,-0.07665432,0.06372103,0.31113389,-0.08012145,0.05988114,0.09390659,0.02399420,0.00623190,31.98278932,0.00000000,47.37900058,37.74657584,0.19211478,-0.50756618,1.35408638,0.19856093,-0.50838284,1.35531492,8.15610986,0.00000008
7.30000000,HOLD_LEG,-0.00018663,-0.01043793,0.00488915,-0.07665409,0.06372086,0.31113384,-0.08012122,0.05988097,0.09390684,0.02399382,0.00623151,31.98283878,0.00000000,47.37889844,37.74671474,0.19211468,-0.50756569,1.35408529,0.19856086,-0.50838251,1.35531417,8.15606912,0.00000009
7.31000000,HOLD_LEG,-0.00018635,-0.01043762,0.00488880,-0.07665390,0.06372072,0.31113379,-0.08012103,0.05988083,0.09390705,0.02399349,0.00623119,31.98283337,0.00000000,47.37881468,37.74681742,0.19211459,-0.50756527,1.35408434,0.19856079,-0.50838219,1.35531345,8.15603434,0.00000009
7.32000000,HOLD_LEG,-0.00018616,-0.01043739,0.00488853,-0.07665374,0.06372060,0.31113374,-0.08012088,0.05988072,0.09390721,0.02399323,0.00623093,31.98347182,0.00000000,47.37871530,37.74609274,0.19211452,-0.50756492,1.35408353,0.19856073,-0.50838187,1.35531272,8.15600087,0.00000004
7.33000000,HOLD_LEG,-0.00018600,-0.01043727,0.00488834,-0.07665363,0.06372050,0.31113370,-0.08012077,0.05988062,0.09390734,0.02399305,0.00623074,31.98290673,0.00000000,47.37900549,37.74670734,0.19211449,-0.50756471,1.35408303,0.19856073,-0.50838187,1.35531272,8.15601752,0.00000009
7.34000000,HOLD_LEG,-0.00018594,-0.01043723,0.00488823,-0.07665356,0.06372043,0.31113367,-0.08012069,0.05988055,0.09390743,0.02399292,0.00623062,31.98268199,0.00000000,47.37883349,37.74675588,0.19211445,-0.50756452,1.35408256,0.19856067,-0.50838155,1.35531201,8.15598081,0.00000001
7.35000000,HOLD_LEG,-0.00018597,-0.01043728,0.00488818,-0.07665352,0.06372038,0.31113364,-0.08012065,0.05988050,0.09390748,0.02399284,0.00623054,31.98244020,0.00000000,47.37918208,37.74673266,0.19211441,-0.50756434,1.35408217,0.19856067,-0.50838155,1.35531201,8.15601886,0.00000001
7.36000000,HOLD_LEG,-0.00018609,-0.01043739,0.00488820,-0.07665352,0.06372036,0.31113361,-0.08012064,0.05988048,0.09390750,0.02399283,0.00623053,31.98217311,0.00000000,47.37943567,37.74666576,0.19211439,-0.50756423,1.35408196,0.19856067,-0.50838155,1.35531201,8.15604615,0.00000004
7.37000000,HOLD_LEG,-0.00018628,-0.01043757,0.00488827,-0.07665355,0.06372037,0.31113359,-0.08012066,0.05988047,0.09390748,0.02399288,0.00623057,31.98188472,0.00000000,47.37970106,37.74656590,0.19211440,-0.50756418,1.35408184,0.19856067,-0.50838155,1.35531201,8.15607883,0.00000009
7.38000000,MOVE_LEG_FORWARD,-0.00018653,-0.01043778,0.00488841,-0.07665361,0.06372040,0.31113357,-0.08012072,0.05988049,0.09390742,0.02399300,0.00623069,31.98157431,0.00000000,47.38026758,37.74639017,0.19211443,-0.50756426,1.35408208,0.19856073,-0.50838188,1.35531275,8.15615399,0.00000006
7.39000000,MOVE_LEG_FORWARD,-0.00018685,-0.01043805,0.00488860,-0.07665370,0.06372045,0.31113356,-0.08012080,0.05988054,0.09390733,0.02399316,0.00623086,31.98124683,0.00000000,47.38089332,37.74619236,0.19211447,-0.50756441,1.35408243,0.19856080,-0.50838221,1.35531350,8.15624275,0.00000004
7.40000000,MOVE_LEG_FORWARD,-0.00018723,-0.01043835,0.00488884,-0.07665382,0.06372052,0.31113354,-0.08012090,0.05988060,0.09390722,0.02399337,0.00623107,31.98090428,0.00000000,47.38147333,37.74597380,0.19211454,-0.50756463,1.35408291,0.19856086,-0.50838253,1.35531423,8.15632824,0.00000003
7.41000000,MOVE_LEG_FORWARD,-0.00018765,-0.01043869,0.00488912,-0.07665396,0.06372061,0.31113354,-0.08012103,0.05988068,0.09390708,0.02399362,0.00623132,31.98054813,0.00000000,47.38202957,37.74573459,0.19211461,-0.50756491,1.35408351,0.19856093,-0.50838287,1.35531500,8.15641235,0.00000003
7.42000000,MOVE_LEG_FORWARD,-0.00018812,-0.01043906,0.00488945,-0.07665413,0.06372072,0.31113354,-0.08012118,0.05988077,0.09390691,0.02399391,0.00623161,31.98018149,0.00000000,47.38252505,37.74547893,0.19211469,-0.50756523,1.35408422,0.19856100,-0.50838321,1.35531577,8.15648945,0.00000005
7.43000000,MOVE_LEG_FORWARD,-0.00018862,-0.01043947,0.00488981,-0.07665431,0.06372084,0.31113354,-0.08012135,0.05988088,0.09390673,0.02399423,0.00623193,31.97980890,0.00000000,47.38299015,37.74521643,0.19211478,-0.50756559,1.35408500,0.19856107,-0.50838354,1.35531650,8.15656469,0.00000008
7.44000000,MOVE_LEG_FORWARD,-0.00018916,-0.01043991,0.00489021,-0.07665451,0.06372098,0.31113354,-0.08012153,0.05988101,0.09390653,0.02399458,0.00623227,31.97943689,0.00000000,47.38407939,37.74493645,0.19211487,-0.50756600,1.35408592,0.19856120,-0.50838420,1.35531800,8.15673099,0.00000007
7.45000000,MOVE_LEG_FORWARD,-0.00018972,-0.01044036,0.00489063,-0.07665472,0.06372114,0.31113355,-0.08012173,0.05988115,0.09390631,0.02399495,0.00623265,31.97905530,0.00000000,47.38437561,37.74464044,0.19211497,-0.50756644,1.35408688,0.19856127,-0.50838453,1.35531873,8.15678330,0.00000009
7.46000000,MOVE_LEG_FORWARD,-0.00019029,-0.01044085,0.00489107,-0.07665495,0.06372130,0.31113356,-0.08012194,0.05988129,0.09390609,0.02399534,0.00623304,31.97926149,0.00000000,47.38561478,37.74377966,0.19211507,-0.50756689,1.35408789,0.19856141,-0.50838521,1.35532028,8.15697498,0.00000000
7.47000000,MOVE_LEG_FORWARD,-0.00019084,-0.01044138,0.00489155,-0.07665518,0.06372147,0.31113357,-0.08012215,0.05988145,0.09390585,0.02399576,0.00623346,31.97854248,0.00000000,47.38580582,37.74387927,0.19211519,-0.50756739,1.35408896,0.19856148,-0.50838556,1.35532107,8.15700787,0.00000005
7.48000000,MOVE_LEG_FORWARD,-0.00019140,-0.01044192,0.00489204,-0.07665542,0.06372164,0.31113359,-0.08012237,0.05988161,0.09390561,0.02399618,0.00623388,31.97811431,0.00000000,47.38618196,37.74363964,0.19211529,-0.50756787,1.35409001,0.19856155,-0.50838592,1.35532187,8.15707617,0.00000010
7.49000000,MOVE_LEG_FORWARD,-0.00019197,-0.01044247,0.00489253,-0.07665566,0.06372182,0.31113361,-0.08012260,0.05988177,0.09390535,0.02399662,0.00623432,31.97771666,0.00000000,47.38717293,37.74336251,0.19211539,-0.50756837,1.35409119,0.19856169,-0.50838665,1.35532351,8.15723348,0.00000003
7.50000000,MOVE_LEG_FORWARD,-0.00019253,-0.01044300,0.00489303,-0.07665591,0.06372200,0.31113364,-0.08012283,0.05988194,0.09390510,0.02399706,0.00623476,31.97733580,0.00000000,47.38744617,37.74309240,0.19211551,-0.50756887,1.35409232,0.19856177,-0.50838701,1.35532433,8.15728972,0.00000008
7.51000000,MOVE_LEG_FORWARD,-0.00019309,-0.01044352,0.00489352,-0.07665615,0.06372218,0.31113366,-0.08012306,0.05988210,0.09390484,0.02399750,0.00623519,31.97698275,0.00000000,47.38845920,37.74282560,0.19211562,-0.50756938,1.35409349,0.19856191,-0.50838772,1.35532594,8.15745417,0.00000002
7.52000000,MOVE_LEG_FORWARD,-0.00019363,-0.01044403,0.00489400,-0.07665640,0.06372235,0.31113369,-0.08012329,0.05988226,0.09390458,0.02399793,0.00623563,31.97664164,0.00000000,47.38861339,37.74255479,0.19211574,-0.50756989,1.35409463,0.19856198,-0.50838807,1.35532672,8.15749346,0.00000006
7.53000000,MOVE_LEG_FORWARD,-0.00019416,-0.01044451,0.00489446,-0.07665664,0.06372253,0.31113372,-0.08012352,0.05988243,0.09390433,0.02399834,0.00623604,31.97633364,0.00000000,47.38965239,37.74232274,0.19211586,-0.50757039,1.35409575,0.19856212,-0.50838874,1.35532822,8.15766449,0.00000003
7.54000000,MOVE_LEG_FORWARD,-0.00019466,-0.01044497,0.00489491,-0.07665687,0.06372270,0.31113375,-0.08012374,0.05988258,0.09390408,0.02399876,0.00623645,31.97604326,0.00000000,47.38966316,37.74207366,0.19211597,-0.50757089,1.35409686,0.19856218,-0.50838906,1.35532894,8.15768117,0.00000004
7.55000000,MOVE_LEG_FORWARD,-0.00019513,-0.01044542,0.00489533,-0.07665710,0.06372286,0.31113378,-0.08012395,0.05988273,0.09390385,0.02399914,0.00623684,31.97578281,0.00000000,47.38994870,37.74186742,0.19211608,-0.50757135,1.35409788,0.19856225,-0.50838941,1.35532973,8.15774047,0.00000007
7.56000000,MOVE_LEG_FORWARD,-0.00019556,-0.01044583,0.00489572,-0.07665731,0.06372301,0.31113380,-0.08012415,0.05988288,0.09390362,0.02399950,0.00623720,31.97555093,0.00000000,47.39023990,37.74168507,0.19211617,-0.50757179,1.35409884,0.19856232,-0.50838974,1.35533049,8.15780049,0.00000009
7.57000000,MOVE_LEG_FORWARD,-0.00019596,-0.01044622,0.00489609,-0.07665752,0.06372316,0.31113383,-0.08012435,0.05988301,0.09390340,0.02399984,0.00623754,31.97535017,0.00000000,47.39127883,37.74152701,0.19211627,-0.50757221,1.35409980,0.19856245,-0.50839039,1.35533195,8.15796950,0.00000005
7.58000000,MOVE_LEG_FORWARD,-0.00019633,-0.01044659,0.00489642,-0.07665771,0.06372329,0.31113385,-0.08012453,0.05988314,0.09390320,0.02400016,0.00623786,31.97517392,0.00000000,47.39160195,37.74138290,0.19211635,-0.50757260,1.35410066,0.19856252,-0.50839073,1.35533272,8.15803248,0.00000005
7.59000000,MOVE_LEG_FORWARD,-0.00019665,-0.01044692,0.00489672,-0.07665789,0.06372342,0.31113388,-0.08012470,0.05988326,0.09390301,0.02400045,0.00623815,31.97502171,0.00000000,47.39113390,37.74125289,0.19211643,-0.50757295,1.35410144,0.19856252,-0.50839073,1.35533272,8.15797849,0.00000010
7.60000000,MOVE_LEG_FORWARD,-0.00019692,-0.01044722,0.00489698,-0.07665805,0.06372353,0.31113390,-0.08012486,0.05988337,0.09390283,0.02400071,0.00623841,31.97489937,0.00000000,47.39142380,37.74114348,0.19211650,-0.50757329,1.35410221,0.19856259,-0.50839107,1.35533349,8.15803423,0.00000008
7.61000000,MOVE_LEG_FORWARD,-0.00019716,-0.01044748,0.00489721,-0.07665820,0.06372363,0.31113392,-0.08012500,0.05988346,0.09390267,0.02400095,0.00623865,31.97480278,0.00000000,47.39169871,37.74105439,0.19211656,-0.50757360,1.35410292,0.19856265,-0.50839139,1.35533421,8.15808685,0.00000005
7.62000000,MOVE_LEG_FORWARD,-0.00019736,-0.01044772,0.00489740,-0.07665834,0.06372372,0.31113393,-0.08012513,0.05988355,0.09390253,0.02400115,0.00623884,31.97473398,0.00000000,47.39214685,37.74099948,0.19211661,-0.50757386,1.35410348,0.19856272,-0.50839172,1.35533496,8.15816501,0.00000003
7.63000000,MOVE_LEG_FORWARD,-0.00019751,-0.01044792,0.00489756,-0.07665846,0.06372380,0.31113395,-0.08012525,0.05988362,0.09390240,0.02400132,0.00623902,31.97468487,0.00000000,47.39187730,37.74096666,0.19211666,-0.50757409,1.35410400,0.19856272,-0.50839172,1.35533496,8.15813881,0.00000006
7.64000000,MOVE_LEG_FORWARD,-0.00019762,-0.01044809,0.00489768,-0.07665856,0.06372386,0.31113396,-0.08012535,0.05988368,0.09390229,0.02400146,0.00623915,31.97466135,0.00000000,47.39231643,37.74094799,0.19211669,-0.50757428,1.35410441,0.19856278,-0.50839204,1.35533567,8.15821261,0.00000001
7.65000000,MOVE_LEG_FORWARD,-0.00019768,-0.01044822,0.00489777,-0.07665865,0.06372391,0.31113397,-0.08012543,0.05988373,0.09390219,0.02400158,0.00623928,31.97465459,0.00000000,47.39202830,37.74094618,0.19211673,-0.50757446,1.35410484,0.19856278,-0.50839204,1.35533567,8.15818096,0.00000004
7.66000000,MOVE_LEG_FORWARD,-0.00019771,-0.01044832,0.00489783,-0.07665872,0.06372395,0.31113398,-0.08012550,0.05988377,0.09390211,0.02400166,0.00623935,31.97466899,0.00000000,47.39194704,37.74097851,0.19211675,-0.50757458,1.35410508,0.19856278,-0.50839204,1.35533567,8.15817992,0.00000006
7.67000000,MOVE_LEG_FORWARD,-0.00019771,-0.01044840,0.00489785,-0.07665878,0.06372397,0.31113399,-0.08012556,0.05988379,0.09390205,0.02400170,0.00623940,31.97470243,0.00000000,47.39187372,37.74102881,0.19211676,-0.50757465,1.35410521,0.19856278,-0.50839204,1.35533567,8.15817743,0.00000007
7.68000000,MOVE_LEG_FORWARD,-0.00019767,-0.01044845,0.00489784,-0.07665882,0.06372398,0.31113400,-0.08012560,0.05988381,0.09390200,0.02400172,0.00623942,31.97475410,0.00000000,47.39179533,37.74109232,0.19211676,-0.50757468,1.35410529,0.19856278,-0.50839204,1.35533567,8.15817229,0.00000007
7.69000000,MOVE_LEG_FORWARD,-0.00019759,-0.01044847,0.00489780,-0.07665885,0.06372398,0.31113400,-0.08012563,0.05988381,0.09390197,0.02400172,0.00623942,31.97482212,0.00000000,47.39170714,37.74116493,0.19211676,-0.50757469,1.35410533,0.19856278,-0.50839204,1.35533567,8.15816441,0.00000006
7.70000000,MOVE_LEG_FORWARD,-0.00019748,-0.01044845,0.00489774,-0.07665886,0.06372397,0.31113400,-0.08012565,0.05988380,0.09390195,0.02400170,0.00623940,31.97490392,0.00000000,47.39160636,37.74124422,0.19211675,-0.50757469,1.35410536,0.19856278,-0.50839204,1.35533567,8.15815376,0.00000006
7.71000000,MOVE_LEG_FORWARD,-0.00019733,-0.01044841,0.00489765,-0.07665886,0.06372395,0.31113400,-0.08012565,0.05988378,0.09390195,0.02400166,0.00623936,31.97499649,0.00000000,47.39149161,37.74132910,0.19211675,-0.50757470,1.35410537,0.19856278,-0.50839204,1.35533567,8.15814037,0.00000008
7.72000000,MOVE_LEG_FORWARD,-0.00019715,-0.01044833,0.00489754,-0.07665885,0.06372391,0.31113400,-0.08012564,0.05988375,0.09390196,0.02400161,0.00623930,31.97509673,0.00000000,47.39136246,37.74141914,0.19211674,-0.50757470,1.35410538,0.19856278,-0.50839204,1.35533567,8.15812423,0.00000009
7.73000000,MOVE_LEG_FORWARD,-0.00019696,-0.01044821,0.00489741,-0.07665882,0.06372387,0.31113400,-0.08012562,0.05988372,0.09390198,0.02400154,0.00623923,31.97478048,0.00000000,47.39117575,37.74186958,0.19211673,-0.50757469,1.35410538,0.19856278,-0.50839204,1.35533567,8.15810274,0.00000007
7.74000000,MOVE_LEG_FORWARD,-0.00019678,-0.01044803,0.00489725,-0.07665879,0.06372382,0.31113400,-0.08012559,0.05988367,0.09390201,0.02400144,0.00623914,31.97509963,0.00000000,47.39059085,37.74180293,0.19211671,-0.50757462,1.35410523,0.19856272,-0.50839172,1.35533495,8.15802580,0.00000002
7.75000000,MOVE_LEG_FORWARD,-0.00019658,-0.01044785,0.00489708,-0.07665874,0.06372376,0.31113400,-0.08012555,0.05988362,0.09390206,0.02400131,0.00623901,31.97527555,0.00000000,47.39062818,37.74188759,0.19211669,-0.50757453,1.35410498,0.19856272,-0.50839172,1.35533495,8.15803094,0.00000007
7.76000000,MOVE_LEG_FORWARD,-0.00019636,-0.01044765,0.00489689,-0.07665868,0.06372370,0.31113400,-0.08012550,0.05988356,0.09390212,0.02400117,0.00623886,31.97544616,0.00000000,47.39016764,37.74202184,0.19211667,-0.50757439,1.35410461,0.19856265,-0.50839139,1.35533421,8.15796479,0.00000003
7.77000000,MOVE_LEG_FORWARD,-0.00019611,-0.01044746,0.00489669,-0.07665861,0.06372363,0.31113399,-0.08012543,0.05988350,0.09390220,0.02400102,0.00623871,31.97561443,0.00000000,47.39014847,37.74213283,0.19211663,-0.50757425,1.35410431,0.19856265,-0.50839139,1.35533421,8.15795560,0.00000010
7.78000000,MOVE_LEG_FORWARD,-0.00019587,-0.01044727,0.00489648,-0.07665853,0.06372356,0.31113399,-0.08012536,0.05988343,0.09390228,0.02400084,0.00623854,31.97578674,0.00000000,47.38977393,37.74228679,0.19211658,-0.50757404,1.35410381,0.19856259,-0.50839108,1.35533349,8.15789835,0.00000006
7.79000000,MOVE_LEG_FORWARD,-0.00019560,-0.01044707,0.00489626,-0.07665844,0.06372348,0.31113398,-0.08012528,0.05988337,0.09390237,0.02400066,0.00623836,31.97595876,0.00000000,47.38932565,37.74243265,0.19211654,-0.50757384,1.35410336,0.19856252,-0.50839076,1.35533278,8.15782884,0.00000003
7.80000000,MOVE_LEG_FORWARD,-0.00019533,-0.01044686,0.00489605,-0.07665835,0.06372340,0.31113397,-0.08012520,0.05988329,0.09390247,0.02400049,0.00623819,31.97612827,0.00000000,47.38934579,37.74254442,0.19211649,-0.50757365,1.35410298,0.19856252,-0.50839076,1.35533278,8.15782294,0.00000010
7.81000000,MOVE_LEG_FORWARD,-0.00019507,-0.01044666,0.00489583,-0.07665825,0.06372332,0.31113396,-0.08012511,0.05988322,0.09390257,0.02400030,0.00623800,31.97629853,0.00000000,47.38897007,37.74268811,0.19211643,-0.50757341,1.35410243,0.19856246,-0.50839043,1.35533204,8.15776397,0.00000006
7.82000000,MOVE_LEG_FORWARD,-0.00019481,-0.01044644,0.00489561,-0.07665815,0.06372324,0.31113395,-0.08012501,0.05988315,0.09390268,0.02400011,0.00623781,31.97646443,0.00000000,47.38850711,37.74281953,0.19211638,-0.50757319,1.35410194,0.19856239,-0.50839010,1.35533129,8.15769157,0.00000006
7.83000000,MOVE_LEG_FORWARD,-0.00019455,-0.01044623,0.00489540,-0.07665805,0.06372316,0.31113394,-0.08012492,0.05988307,0.09390279,0.02399993,0.00623763,31.97662338,0.00000000,47.38854124,37.74291387,0.19211633,-0.50757299,1.35410153,0.19856239,-0.50839010,1.35533129,8.15768697,0.00000010
7.84000000,MOVE_LEG_FORWARD,-0.00019430,-0.01044601,0.00489519,-0.07665794,0.06372308,0.31113393,-0.08012482,0.05988300,0.09390290,0.02399974,0.00623744,31.97677905,0.00000000,47.38817349,37.74304028,0.19211628,-0.50757274,1.35410096,0.19856232,-0.50838977,1.35533054,8.15762858,0.00000007
7.85000000,MOVE_LEG_FORWARD,-0.00019406,-0.01044580,0.00489499,-0.07665784,0.06372300,0.31113393,-0.08012472,0.05988292,0.09390301,0.02399956,0.00623726,31.97692679,0.00000000,47.38773639,37.74315305,0.19211623,-0.50757252,1.35410046,0.19856226,-0.50838944,1.35532981,8.15755921,0.00000008
7.86000000,MOVE_LEG_FORWARD,-0.00019383,-0.01044558,0.00489480,-0.07665773,0.06372292,0.31113392,-0.08012462,0.05988285,0.09390312,0.02399938,0.00623708,31.97706482,0.00000000,47.38778700,37.74322935,0.19211619,-0.50757232,1.35410004,0.19856226,-0.50838944,1.35532981,8.15755650,0.00000009
7.87000000,MOVE_LEG_FORWARD,-0.00019362,-0.01044538,0.00489462,-0.07665763,0.06372285,0.31113391,-0.08012452,0.05988278,0.09390324,0.02399920,0.00623690,31.97719696,0.00000000,47.38742888,37.74333625,0.19211614,-0.50757209,1.35409950,0.19856219,-0.50838911,1.35532906,8.15749936,0.00000008
7.88000000,MOVE_LEG_FORWARD,-0.00019341,-0.01044518,0.00489445,-0.07665753,0.06372278,0.31113390,-0.08012443,0.05988271,0.09390334,0.02399905,0.00623674,31.97731304,0.00000000,47.38680475,37.74340399,0.19211610,-0.50757190,1.35409909,0.19856212,-0.50838878,1.35532832,8.15739990,0.00000008
7.89000000,MOVE_LEG_FORWARD,-0.00019322,-0.01044499,0.00489429,-0.07665743,0.06372271,0.31113389,-0.08012433,0.05988265,0.09390345,0.02399888,0.00623658,31.97743065,0.00000000,47.38708811,37.74348681,0.19211605,-0.50757169,1.35409862,0.19856212,-0.50838878,1.35532832,8.15743413,0.00000008
7.90000000,MOVE_LEG_FORWARD,-0.00019305,-0.01044480,0.00489414,-0.07665733,0.06372265,0.31113389,-0.08012424,0.05988259,0.09390355,0.02399874,0.00623643,31.97753325,0.00000000,47.38664323,37.74355931,0.19211602,-0.50757151,1.35409820,0.19856206,-0.50838846,1.35532761,8.15736334,0.00000008
7.91000000,MOVE_LEG_FORWARD,-0.00019290,-0.01044464,0.00489401,-0.07665724,0.06372259,0.31113388,-0.08012416,0.05988254,0.09390365,0.02399859,0.00623629,31.97762632,0.00000000,47.38677919,37.74360611,0.19211597,-0.50757133,1.35409781,0.19856206,-0.50838846,1.35532761,8.15737403,0.00000008
7.92000000,MOVE_LEG_FORWARD,-0.00019276,-0.01044447,0.00489389,-0.07665716,0.06372253,0.31113387,-0.08012407,0.05988248,0.09390374,0.02399847,0.00623617,31.97770745,0.00000000,47.38627436,37.74365510,0.19211595,-0.50757118,1.35409747,0.19856200,-0.50838815,1.35532689,8.15729458,0.00000007
7.93000000,MOVE_LEG_FORWARD,-0.00019264,-0.01044433,0.00489378,-0.07665707,0.06372248,0.31113386,-0.08012400,0.05988244,0.09390383,0.02399835,0.00623605,31.97778199,0.00000000,47.38649084,37.74369470,0.19211591,-0.50757101,1.35409708,0.19856200,-0.50838815,1.35532689,8.15731873,0.00000007
7.94000000,MOVE_LEG_FORWARD,-0.00019254,-0.01044419,0.00489369,-0.07665700,0.06372244,0.31113386,-0.08012392,0.05988240,0.09390391,0.02399825,0.00623595,31.97784351,0.00000000,47.38649373,37.74370631,0.19211588,-0.50757090,1.35409687,0.19856200,-0.50838815,1.35532689,8.15731052,0.00000008
7.95000000,MOVE_LEG_FORWARD,-0.00019246,-0.01044407,0.00489361,-0.07665693,0.06372240,0.31113385,-0.08012386,0.05988236,0.09390398,0.02399816,0.00623585,31.97789621,0.00000000,47.38614916,37.74374754,0.19211586,-0.50757076,1.35409653,0.19856193,-0.50838783,1.35532618,8.15725802,0.00000006
7.96000000,MOVE_LEG_FORWARD,-0.00019240,-0.01044397,0.00489355,-0.07665687,0.06372237,0.31113385,-0.08012380,0.05988233,0.09390405,0.02399807,0.00623577,31.97793789,0.00000000,47.38625229,37.74375368,0.19211583,-0.50757063,1.35409624,0.19856193,-0.50838783,1.35532618,8.15726504,0.00000005
7.97000000,MOVE_LEG_FORWARD,-0.00019235,-0.01044387,0.00489350,-0.07665681,0.06372235,0.31113384,-0.08012374,0.05988231,0.09390411,0.02399801,0.00623571,31.97797016,0.00000000,47.38627456,37.74374640,0.19211581,-0.50757055,1.35409608,0.19856193,-0.50838783,1.35532618,8.15726115,0.00000006
7.98000000,MOVE_LEG_FORWARD,-0.00019231,-0.01044379,0.00489346,-0.07665676,0.06372233,0.31113384,-0.08012370,0.05988229,0.09390416,0.02399796,0.00623566,31.97799116,0.00000000,47.38628894,37.74372835,0.19211581,-0.50757050,1.35409599,0.19856193,-0.50838783,1.35532618,8.15725782,0.00000008
7.99000000,MOVE_LEG_FORWARD,-0.00019229,-0.01044371,0.00489344,-0.07665672,0.06372231,0.31113384,-0.08012365,0.05988227,0.09390420,0.02399793,0.00623563,31.97800028,0.00000000,47.38630225,37.74370324,0.19211580,-0.50757048,1.35409594,0.19856193,-0.50838783,1.35532618,8.15725553,0.00000009
8.00000000,MOVE_LEG_FORWARD,-0.00019230,-0.01044365,0.00489344,-0.07665668,0.06372230,0.31113384,-0.08012362,0.05988226,0.09390424,0.02399789,0.00623559,31.97800008,0.00000000,47.38590542,37.74370733,0.19211579,-0.50757042,1.35409576,0.19856187,-0.50838752,1.35532547,8.15719805,0.00000002
8.01000000,MOVE_LEG_FORWARD,-0.00019234,-0.01044363,0.00489344,-0.07665665,0.06372230,0.31113383,-0.08012359,0.05988226,0.09390428,0.02399785,0.00623555,31.97799428,0.00000000,47.38611884,37.74369820,0.19211577,-0.50757031,1.35409549,0.19856187,-0.50838752,1.35532547,8.15722459,0.00000001
8.02000000,MOVE_LEG_FORWARD,-0.00019238,-0.01044362,0.00489345,-0.07665663,0.06372230,0.31113383,-0.08012357,0.05988226,0.09390430,0.02399783,0.00623553,31.97798372,0.00000000,47.38618863,37.74367418,0.19211576,-0.50757023,1.35409535,0.19856187,-0.50838752,1.35532547,8.15722914,0.00000001
8.03000000,MOVE_LEG_FORWARD,-0.00019243,-0.01044362,0.00489347,-0.07665661,0.06372231,0.31113383,-0.08012355,0.05988226,0.09390432,0.02399783,0.00623553,31.97796858,0.00000000,47.38625074,37.74364047,0.19211575,-0.50757019,1.35409527,0.19856187,-0.50838752,1.35532547,8.15723405,0.00000001
8.04000000,MOVE_LEG_FORWARD,-0.00019250,-0.01044364,0.00489350,-0.07665660,0.06372232,0.31113383,-0.08012354,0.05988227,0.09390433,0.02399784,0.00623554,31.97794837,0.00000000,47.38631258,37.74359943,0.19211575,-0.50757016,1.35409523,0.19856187,-0.50838752,1.35532547,8.15724017,0.00000002
8.05000000,MOVE_LEG_FORWARD,-0.00019258,-0.01044366,0.00489354,-0.07665660,0.06372234,0.31113382,-0.08012353,0.05988229,0.09390434,0.02399786,0.00623555,31.97792282,0.00000000,47.38637655,37.74355407,0.19211575,-0.50757015,1.35409520,0.19856187,-0.50838752,1.35532547,8.15724749,0.00000004
8.06000000,MOVE_LEG_FORWARD,-0.00019267,-0.01044370,0.00489358,-0.07665660,0.06372236,0.31113382,-0.08012353,0.05988231,0.09390434,0.02399788,0.00623558,31.97789197,0.00000000,47.38644422,37.74350660,0.19211575,-0.50757014,1.35409519,0.19856187,-0.50838752,1.35532547,8.15725598,0.00000006
8.07000000,MOVE_LEG_FORWARD,-0.00019278,-0.01044374,0.00489364,-0.07665661,0.06372238,0.31113382,-0.08012354,0.05988233,0.09390433,0.02399791,0.00623561,31.97785619,0.00000000,47.38651647,37.74345834,0.19211575,-0.50757014,1.35409518,0.19856187,-0.50838752,1.35532547,8.15726561,0.00000008
8.08000000,MOVE_LEG_FORWARD,-0.00019288,-0.01044380,0.00489370,-0.07665663,0.06372241,0.31113381,-0.08012355,0.05988235,0.09390431,0.02399795,0.00623565,31.97781557,0.00000000,47.38707634,37.74338459,0.19211576,-0.50757018,1.35409529,0.19856193,-0.50838783,1.35532618,8.15734357,0.00000005
8.09000000,MOVE_LEG_FORWARD,-0.00019299,-0.01044384,0.00489377,-0.07665665,0.06372244,0.31113381,-0.08012357,0.05988238,0.09390429,0.02399803,0.00623572,31.97776334,0.00000000,47.38690258,37.74330673,0.19211578,-0.50757029,1.35409555,0.19856193,-0.50838783,1.35532618,8.15731853,0.00000006
8.10000000,MOVE_LEG_FORWARD,-0.00019311,-0.01044389,0.00489385,-0.07665667,0.06372248,0.31113381,-0.08012359,0.05988241,0.09390426,0.02399809,0.00623578,31.97770511,0.00000000,47.38694133,37.74324825,0.19211580,-0.50757037,1.35409569,0.19856193,-0.50838783,1.35532618,8.15732737,0.00000007
8.11000000,MOVE_LEG_FORWARD,-0.00019324,-0.01044397,0.00489393,-0.07665670,0.06372252,0.31113382,-0.08012362,0.05988245,0.09390423,0.02399814,0.00623584,31.97764154,0.00000000,47.38700016,37.74319791,0.19211581,-0.50757042,1.35409577,0.19856193,-0.50838783,1.35532618,8.15733824,0.00000008
8.12000000,MOVE_LEG_FORWARD,-0.00019336,-0.01044404,0.00489402,-0.07665673,0.06372255,0.31113382,-0.08012365,0.05988248,0.09390420,0.02399822,0.00623592,31.97757214,0.00000000,47.38743402,37.74311489,0.19211583,-0.50757051,1.35409600,0.19856200,-0.50838815,1.35532689,8.15739886,0.00000008
8.13000000,MOVE_LEG_FORWARD,-0.00019348,-0.01044412,0.00489412,-0.07665677,0.06372259,0.31113382,-0.08012368,0.05988252,0.09390416,0.02399830,0.00623600,31.97749915,0.00000000,47.38735967,37.74305493,0.19211586,-0.50757062,1.35409626,0.19856200,-0.50838815,1.35532689,8.15739156,0.00000009
8.14000000,MOVE_LEG_FORWARD,-0.00019361,-0.01044421,0.00489421,-0.07665681,0.06372263,0.31113382,-0.08012372,0.05988256,0.09390412,0.02399838,0.00623608,31.97742335,0.00000000,47.38739963,37.74300568,0.19211587,-0.50757070,1.35409640,0.19856200,-0.50838815,1.35532689,8.15740144,0.00000010
8.15000000,MOVE_LEG_FORWARD,-0.00019374,-0.01044431,0.00489431,-0.07665685,0.06372267,0.31113383,-0.08012376,0.05988259,0.09390407,0.02399846,0.00623616,31.97804395,0.00000000,47.38793971,37.74214495,0.19211589,-0.50757079,1.35409660,0.19856206,-0.50838846,1.35532761,8.15747955,0.00000001
8.16000000,MOVE_LEG_FORWARD,-0.00019381,-0.01044443,0.00489443,-0.07665689,0.06372271,0.31113383,-0.08012380,0.05988263,0.09390403,0.02399856,0.00623626,31.97750778,0.00000000,47.38779671,37.74269812,0.19211594,-0.50757093,1.35409691,0.19856206,-0.50838846,1.35532761,8.15745583,0.00000004
8.17000000,MOVE_LEG_FORWARD,-0.00019390,-0.01044458,0.00489454,-0.07665694,0.06372275,0.31113384,-0.08012384,0.05988266,0.09390398,0.02399864,0.00623634,31.97735854,0.00000000,47.38781257,37.74270539,0.19211594,-0.50757102,1.35409708,0.19856206,-0.50838846,1.35532761,8.15746220,0.00000007
8.18000000,MOVE_LEG_FORWARD,-0.00019399,-0.01044473,0.00489466,-0.07665699,0.06372278,0.31113385,-0.08012388,0.05988269,0.09390393,0.02399873,0.00623643,31.97723561,0.00000000,47.38831672,37.74267493,0.19211595,-0.50757110,1.35409729,0.19856212,-0.50838878,1.35532831,8.15753669,0.00000002
8.19000000,MOVE_LEG_FORWARD,-0.00019407,-0.01044485,0.00489477,-0.07665704,0.06372281,0.31113386,-0.08012393,0.05988272,0.09390387,0.02399883,0.00623653,31.97711890,0.00000000,47.38810003,37.74263593,0.19211598,-0.50757122,1.35409761,0.19856212,-0.50838878,1.35532831,8.15750951,0.00000004
8.20000000,MOVE_LEG_FORWARD,-0.00019416,-0.01044498,0.00489487,-0.07665709,0.06372284,0.31113387,-0.08012398,0.05988275,0.09390381,0.02399892,0.00623662,31.97701388,0.00000000,47.38809313,37.74261347,0.19211600,-0.50757130,1.35409779,0.19856212,-0.50838878,1.35532831,8.15751533,0.00000007
8.21000000,MOVE_LEG_FORWARD,-0.00019424,-0.01044510,0.00489497,-0.07665714,0.06372287,0.31113387,-0.08012403,0.05988278,0.09390376,0.02399899,0.00623669,31.97692375,0.00000000,47.38881692,37.74260086,0.19211602,-0.50757137,1.35409793,0.19856219,-0.50838909,1.35532902,8.15762669,0.00000004
8.22000000,MOVE_LEG_FORWARD,-0.00019430,-0.01044520,0.00489505,-0.07665719,0.06372289,0.31113388,-0.08012407,0.05988280,0.09390370,0.02399909,0.00623679,31.97683435,0.00000000,47.38837575,37.74253904,0.19211606,-0.50757150,1.35409828,0.19856219,-0.50838909,1.35532902,8.15756317,0.00000005
8.23000000,MOVE_LEG_FORWARD,-0.00019437,-0.01044530,0.00489513,-0.07665724,0.06372291,0.31113389,-0.08012412,0.05988282,0.09390365,0.02399917,0.00623687,31.97675948,0.00000000,47.38835573,37.74252504,0.19211608,-0.50757160,1.35409847,0.19856219,-0.50838909,1.35532902,8.15756712,0.00000005
8.24000000,MOVE_LEG_FORWARD,-0.00019443,-0.01044539,0.00489520,-0.07665729,0.06372293,0.31113389,-0.08012417,0.05988284,0.09390360,0.02399923,0.00623692,31.97669568,0.00000000,47.38836529,37.74252277,0.19211610,-0.50757167,1.35409858,0.19856219,-0.50838909,1.35532902,8.15757377,0.00000007
8.25000000,MOVE_LEG_FORWARD,-0.00019449,-0.01044549,0.00489525,-0.07665734,0.06372295,0.31113390,-0.08012421,0.05988285,0.09390355,0.02399927,0.00623697,31.97664449,0.00000000,47.38838712,37.74252987,0.19211611,-0.50757170,1.35409864,0.19856219,-0.50838909,1.35532902,8.15758086,0.00000010
8.26000000,MOVE_LEG_FORWARD,-0.00019451,-0.01044556,0.00489529,-0.07665739,0.06372297,0.31113390,-0.08012426,0.05988287,0.09390350,0.02399934,0.00623704,31.97660042,0.00000000,47.38867876,37.74249451,0.19211614,-0.50757182,1.35409897,0.19856225,-0.50838940,1.35532972,8.15762258,0.00000007
8.27000000,MOVE_LEG_FORWARD,-0.00019454,-0.01044563,0.00489533,-0.07665743,0.06372298,0.31113390,-0.08012430,0.05988288,0.09390345,0.02399940,0.00623709,31.97656548,0.00000000,47.38864173,37.74249753,0.19211616,-0.50757192,1.35409917,0.19856225,-0.50838940,1.35532972,8.15762300,0.00000008
8.28000000,MOVE_LEG_FORWARD,-0.00019456,-0.01044569,0.00489535,-0.07665747,0.06372299,0.31113390,-0.08012434,0.05988289,0.09390341,0.02399943,0.00623713,31.97653733,0.00000000,47.38864121,37.74250948,0.19211617,-0.50757198,1.35409928,0.19856225,-0.50838940,1.35532972,8.15762762,0.00000008
8.29000000,MOVE_LEG_FORWARD,-0.00019457,-0.01044575,0.00489537,-0.07665751,0.06372300,0.31113390,-0.08012437,0.05988290,0.09390337,0.02399946,0.00623715,31.97651674,0.00000000,47.38864862,37.74252915,0.19211617,-0.50757201,1.35409934,0.19856225,-0.50838940,1.35532972,8.15763217,0.00000009
8.30000000,MOVE_LEG_FORWARD,-0.00019458,-0.01044580,0.00489537,-0.07665754,0.06372300,0.31113390,-0.08012441,0.05988290,0.09390334,0.02399947,0.00623717,31.97650365,0.00000000,47.38865928,37.74255318,0.19211617,-0.50757203,1.35409938,0.19856225,-0.50838940,1.35532972,8.15763637,0.00000010
8.31000000,MOVE_LEG_FORWARD,-0.00019462,-0.01044583,0.00489536,-0.07665757,0.06372300,0.31113389,-0.08012443,0.05988291,0.09390331,0.02399949,0.00623718,31.97623163,0.00000000,47.38861927,37.74277363,0.19211616,-0.50757202,1.35409940,0.19856225,-0.50838940,1.35532972,8.15763835,0.00000007
8.32000000,MOVE_LEG_FORWARD,-0.00019465,-0.01044582,0.00489533,-0.07665760,0.06372301,0.31113389,-0.08012446,0.05988291,0.09390328,0.02399949,0.00623719,31.97631978,0.00000000,47.38863415,37.74273539,0.19211616,-0.50757202,1.35409942,0.19856225,-0.50838940,1.35532972,8.15764376,0.00000007
8.33000000,MOVE_LEG_FORWARD,-0.00019467,-0.01044582,0.00489529,-0.07665762,0.06372301,0.31113388,-0.08012448,0.05988291,0.09390326,0.02399949,0.00623718,31.97637659,0.00000000,47.38865223,37.74272765,0.19211617,-0.50757204,1.35409942,0.19856225,-0.50838940,1.35532972,8.15764804,0.00000007
8.34000000,MOVE_LEG_FORWARD,-0.00019468,-0.01044581,0.00489525,-0.07665763,0.06372302,0.31113387,-0.08012450,0.05988292,0.09390324,0.02399948,0.00623718,31.97642908,0.00000000,47.38867103,37.74273099,0.19211618,-0.50757205,1.35409942,0.19856225,-0.50838940,1.35532972,8.15765150,0.00000007
8.35000000,MOVE_LEG_FORWARD,-0.00019468,-0.01044580,0.00489520,-0.07665765,0.06372302,0.31113386,-0.08012451,0.05988292,0.09390323,0.02399947,0.00623717,31.97647773,0.00000000,47.38868683,37.74274038,0.19211618,-0.50757206,1.35409942,0.19856225,-0.50838940,1.35532972,8.15765400,0.00000007
8.36000000,MOVE_LEG_FORWARD,-0.00019467,-0.01044579,0.00489516,-0.07665766,0.06372302,0.31113385,-0.08012452,0.05988292,0.09390323,0.02399945,0.00623715,31.97652191,0.00000000,47.38869666,37.74275201,0.19211617,-0.50757206,1.35409942,0.19856225,-0.50838940,1.35532972,8.15765543,0.00000007
8.37000000,MOVE_LEG_FORWARD,-0.00019465,-0.01044578,0.00489512,-0.07665766,0.06372302,0.31113385,-0.08012453,0.05988292,0.09390322,0.02399944,0.00623714,31.97656112,0.00000000,47.38869870,37.74276330,0.19211616,-0.50757206,1.35409942,0.19856225,-0.50838940,1.35532972,8.15765569,0.00000007
8.38000000,RETURN_LEG,-0.00019463,-0.01044577,0.00489508,-0.07665766,0.06372302,0.31113384,-0.08012453,0.05988293,0.09390322,0.02399943,0.00623712,31.97659503,0.00000000,47.38869219,37.74277287,0.19211616,-0.50757206,1.35409942,0.19856225,-0.50838940,1.35532972,8.15765478,0.00000006
8.39000000,RETURN_LEG,-0.00019461,-0.01044575,0.00489505,-0.07665766,0.06372302,0.31113384,-0.08012453,0.05988292,0.09390322,0.02399941,0.00623711,31.97662359,0.00000000,47.38867719,37.74278016,0.19211615,-0.50757206,1.35409942,0.19856225,-0.50838940,1.35532972,8.15765271,0.00000006
8.40000000,RETURN_LEG,-0.00019459,-0.01044573,0.00489502,-0.07665766,0.06372302,0.31113383,-0.08012453,0.05988292,0.09390323,0.02399940,0.00623710,31.97664705,0.00000000,47.38865435,37.74278519,0.19211615,-0.50757206,1.35409941,0.19856225,-0.50838940,1.35532972,8.15764956,0.00000005
8.41000000,RETURN_LEG,-0.00019457,-0.01044571,0.00489500,-0.07665765,0.06372302,0.31113383,-0.08012452,0.05988292,0.09390323,0.02399939,0.00623709,31.97666595,0.00000000,47.38862467,37.74278829,0.19211614,-0.50757205,1.35409942,0.19856225,-0.50838940,1.35532972,8.15764542,0.00000004
8.42000000,RETURN_LEG,-0.00019454,-0.01044569,0.00489498,-0.07665764,0.06372301,0.31113384,-0.08012451,0.05988292,0.09390324,0.02399938,0.00623708,31.97668115,0.00000000,47.38858934,37.74278987,0.19211614,-0.50757205,1.35409942,0.19856225,-0.50838940,1.35532972,8.15764040,0.00000004
8.43000000,RETURN_LEG,-0.00019451,-0.01044566,0.00489497,-0.07665763,0.06372300,0.31113384,-0.08012450,0.05988291,0.09390325,0.02399937,0.00623707,31.97669366,0.00000000,47.38854958,37.74279039,0.19211614,-0.50757205,1.35409942,0.19856225,-0.50838940,1.35532972,8.15763466,0.00000003
8.44000000,RETURN_LEG,-0.00019448,-0.01044562,0.00489496,-0.07665762,0.06372300,0.31113385,-0.08012449,0.05988290,0.09390327,0.02399936,0.00623706,31.97670462,0.00000000,47.38850658,37.74279026,0.19211614,-0.50757205,1.35409942,0.19856225,-0.50838940,1.35532972,8.15762832,0.00000002
8.45000000,RETURN_LEG,-0.00019445,-0.01044559,0.00489495,-0.07665760,0.06372299,0.31113385,-0.08012448,0.05988290,0.09390328,0.02399935,0.00623705,31.97671513,0.00000000,47.38846143,37.74278985,0.19211615,-0.50757205,1.35409942,0.19856225,-0.50838940,1.35532972,8.15762153,0.00000001
8.46000000,RETURN_LEG,-0.00019442,-0.01044555,0.00489495,-0.07665758,0.06372298,0.31113386,-0.08012446,0.05988289,0.09390330,0.02399935,0.00623704,31.97672622,0.00000000,47.38841512,37.74278949,0.19211615,-0.50757205,1.35409942,0.19856225,-0.50838940,1.35532972,8.15761442,0.00000002
8.47000000,RETURN_LEG,-0.00019439,-0.01044551,0.00489495,-0.07665756,0.06372297,0.31113387,-0.08012444,0.05988288,0.09390332,0.02399934,0.00623703,31.97673875,0.00000000,47.38836847,37.74278945,0.19211615,-0.50757205,1.35409942,0.19856225,-0.50838940,1.35532972,8.15760710,0.00000002
8.48000000,RETURN_LEG,-0.00019435,-0.01044546,0.00489495,-0.07665754,0.06372296,0.31113388,-0.08012442,0.05988287,0.09390334,0.02399933,0.00623703,31.97675337,0.00000000,47.38832216,37.74279000,0.19211615,-0.50757205,1.35409942,0.19856225,-0.50838940,1.35532972,8.15759968,0.00000003
8.49000000,RETURN_LEG,-0.00019431,-0.01044541,0.00489495,-0.07665752,0.06372295,0.31113388,-0.08012440,0.05988286,0.09390336,0.02399932,0.00623701,31.97677052,0.00000000,47.38827674,37.74279135,0.19211615,-0.50757205,1.35409942,0.19856225,-0.50838940,1.35532972,8.15759224,0.00000004
8.50000000,RETURN_LEG,-0.00019427,-0.01044536,0.00489494,-0.07665750,0.06372294,0.31113389,-0.08012438,0.05988285,0.09390339,0.02399930,0.00623700,31.97679038,0.00000000,47.38823261,37.74279368,0.19211616,-0.50757204,1.35409942,0.19856225,-0.50838940,1.35532972,8.15758487,0.00000005
8.51000000,RETURN_LEG,-0.00019423,-0.01044531,0.00489494,-0.07665747,0.06372293,0.31113390,-0.08012435,0.05988284,0.09390341,0.02399929,0.00623699,31.97681293,0.00000000,47.38819002,37.74279711,0.19211616,-0.50757204,1.35409942,0.19856225,-0.50838940,1.35532972,8.15757759,0.00000007
8.52000000,RETURN_LEG,-0.00019418,-0.01044525,0.00489494,-0.07665744,0.06372291,0.31113391,-0.08012433,0.05988283,0.09390344,0.02399927,0.00623697,31.97683794,0.00000000,47.38814915,37.74280174,0.19211616,-0.50757204,1.35409942,0.19856225,-0.50838940,1.35532972,8.15757046,0.00000008
8.53000000,RETURN_LEG,-0.00019414,-0.01044519,0.00489493,-0.07665742,0.06372290,0.31113391,-0.08012430,0.05988281,0.09390347,0.02399926,0.00623696,31.97686505,0.00000000,47.38811002,37.74280760,0.19211616,-0.50757204,1.35409942,0.19856225,-0.50838940,1.35532972,8.15756349,0.00000010
8.54000000,RETURN_LEG,-0.00019411,-0.01044515,0.00489492,-0.07665739,0.06372289,0.31113392,-0.08012428,0.05988280,0.09390350,0.02399921,0.00623690,31.97689974,0.00000000,47.38780777,37.74286326,0.19211614,-0.50757194,1.35409913,0.19856219,-0.50838909,1.35532901,8.15752195,0.00000003
8.55000000,RETURN_LEG,-0.00019408,-0.01044511,0.00489490,-0.07665736,0.06372287,0.31113392,-0.08012425,0.05988279,0.09390353,0.02399917,0.00623686,31.97693886,0.00000000,47.38784302,37.74288431,0.19211612,-0.50757185,1.35409895,0.19856219,-0.50838909,1.35532901,8.15752238,0.00000003
8.56000000,RETURN_LEG,-0.00019404,-0.01044507,0.00489488,-0.07665733,0.06372286,0.31113392,-0.08012423,0.05988278,0.09390356,0.02399913,0.00623683,31.97698282,0.00000000,47.38784421,37.74289878,0.19211611,-0.50757178,1.35409885,0.19856219,-0.50838909,1.35532901,8.15751870,0.00000003
8.57000000,RETURN_LEG,-0.00019400,-0.01044502,0.00489485,-0.07665731,0.06372285,0.31113392,-0.08012420,0.05988277,0.09390358,0.02399911,0.00623680,31.97702829,0.00000000,47.38783805,37.74290707,0.19211610,-0.50757175,1.35409879,0.19856219,-0.50838909,1.35532901,8.15751504,0.00000004
8.58000000,RETURN_LEG,-0.00019396,-0.01044497,0.00489482,-0.07665728,0.06372284,0.31113392,-0.08012417,0.05988276,0.09390361,0.02399908,0.00623678,31.97707253,0.00000000,47.38782769,37.74291223,0.19211610,-0.50757173,1.35409876,0.19856219,-0.50838909,1.35532901,8.15751153,0.00000006
8.59000000,RETURN_LEG,-0.00019392,-0.01044491,0.00489479,-0.07665725,0.06372283,0.31113392,-0.08012415,0.05988275,0.09390363,0.02399905,0.00623675,31.97711322,0.00000000,47.38781496,37.74291682,0.19211609,-0.50757172,1.35409874,0.19856219,-0.50838909,1.35532901,8.15750813,0.00000007
8.60000000,RETURN_LEG,-0.00019388,-0.01044485,0.00489477,-0.07665723,0.06372282,0.31113391,-0.08012413,0.05988274,0.09390366,0.02399902,0.00623672,31.97714875,0.00000000,47.38780109,37.74292233,0.19211609,-0.50757172,1.35409873,0.19856219,-0.50838909,1.35532901,8.15750479,0.00000009
8.61000000,RETURN_LEG,-0.00019385,-0.01044479,0.00489474,-0.07665721,0.06372281,0.31113391,-0.08012411,0.05988273,0.09390368,0.02399899,0.00623669,31.97717492,0.00000000,47.38721896,37.74294087,0.19211609,-0.50757170,1.35409864,0.19856212,-0.50838877,1.35532831,8.15742054,0.00000004
8.62000000,RETURN_LEG,-0.00019383,-0.01044476,0.00489471,-0.07665719,0.06372280,0.31113391,-0.08012409,0.05988272,0.09390371,0.02399893,0.00623663,31.97720909,0.00000000,47.38754091,37.74299014,0.19211606,-0.50757159,1.35409836,0.19856212,-0.50838877,1.35532831,8.15746734,0.00000005
8.63000000,RETURN_LEG,-0.00019381,-0.01044473,0.00489467,-0.07665716,0.06372279,0.31113390,-0.08012407,0.05988271,0.09390373,0.02399889,0.00623659,31.97723660,0.00000000,47.38757690,37.74300980,0.19211604,-0.50757151,1.35409820,0.19856212,-0.50838877,1.35532831,8.15746822,0.00000005
8.64000000,RETURN_LEG,-0.00019378,-0.01044471,0.00489464,-0.07665715,0.06372278,0.31113390,-0.08012405,0.05988270,0.09390375,0.02399886,0.00623656,31.97726159,0.00000000,47.38759395,37.74302166,0.19211603,-0.50757146,1.35409812,0.19856212,-0.50838877,1.35532831,8.15746752,0.00000005
8.65000000,RETURN_LEG,-0.00019376,-0.01044468,0.00489461,-0.07665713,0.06372277,0.31113389,-0.08012403,0.05988269,0.09390376,0.02399884,0.00623654,31.97728230,0.00000000,47.38760350,37.74302700,0.19211602,-0.50757143,1.35409807,0.19856212,-0.50838877,1.35532831,8.15746680,0.00000005
8.66000000,RETURN_LEG,-0.00019374,-0.01044465,0.00489458,-0.07665711,0.06372276,0.31113389,-0.08012402,0.05988269,0.09390378,0.02399882,0.00623652,31.97729747,0.00000000,47.38760829,37.74302865,0.19211602,-0.50757141,1.35409804,0.19856212,-0.50838877,1.35532831,8.15746611,0.00000005
8.67000000,RETURN_LEG,-0.00019372,-0.01044462,0.00489456,-0.07665710,0.06372276,0.31113388,-0.08012400,0.05988268,0.09390379,0.02399880,0.00623650,31.97730638,0.00000000,47.38761031,37.74302877,0.19211602,-0.50757141,1.35409803,0.19856212,-0.50838877,1.35532831,8.15746546,0.00000005
8.68000000,RETURN_LEG,-0.00019370,-0.01044460,0.00489454,-0.07665709,0.06372275,0.31113388,-0.08012399,0.05988268,0.09390380,0.02399879,0.00623648,31.97730892,0.00000000,47.38761099,37.74302862,0.19211601,-0.50757141,1.35409802,0.19856212,-0.50838877,1.35532831,8.15746486,0.00000005
8.69000000,RETURN_LEG,-0.00019369,-0.01044457,0.00489452,-0.07665708,0.06372275,0.31113388,-0.08012399,0.05988267,0.09390381,0.02399878,0.00623647,31.97730550,0.00000000,47.38761128,37.74302865,0.19211601,-0.50757141,1.35409801,0.19856212,-0.50838877,1.35532831,8.15746433,0.00000006
8.70000000,RETURN_LEG,-0.00019368,-0.01044456,0.00489451,-0.07665708,0.06372274,0.31113388,-0.08012398,0.05988267,0.09390382,0.02399877,0.00623647,31.97729690,0.00000000,47.38761176,37.74302884,0.19211601,-0.50757141,1.35409801,0.19856212,-0.50838877,1.35532831,8.15746390,0.00000006
8.71000000,RETURN_LEG,-0.00019368,-0.01044455,0.00489451,-0.07665707,0.06372274,0.31113388,-0.08012397,0.05988266,0.09390382,0.02399876,0.00623646,31.97728411,0.00000000,47.38761278,37.74302892,0.19211601,-0.50757141,1.35409801,0.19856212,-0.50838877,1.35532831,8.15746360,0.00000006
8.72000000,RETURN_LEG,-0.00019367,-0.01044454,0.00489450,-0.07665707,0.06372274,0.31113388,-0.08012397,0.05988266,0.09390382,0.02399876,0.00623646,31.97726821,0.00000000,47.38761456,37.74302857,0.19211601,-0.50757141,1.35409800,0.19856212,-0.50838877,1.35532831,8.15746346,0.00000007
8.73000000,RETURN_LEG,-0.00019367,-0.01044454,0.00489450,-0.07665707,0.06372273,0.31113388,-0.08012397,0.05988266,0.09390383,0.02399876,0.00623646,31.97725026,0.00000000,47.38761732,37.74302753,0.19211601,-0.50757141,1.35409800,0.19856212,-0.50838877,1.35532831,8.15746351,0.00000007
8.74000000,RETURN_LEG,-0.00019367,-0.01044454,0.00489451,-0.07665706,0.06372273,0.31113388,-0.08012397,0.05988266,0.09390383,0.02399876,0.00623646,31.97723126,0.00000000,47.38762123,37.74302566,0.19211602,-0.50757141,1.35409800,0.19856212,-0.50838877,1.35532831,8.15746380,0.00000007
8.75000000,RETURN_LEG,-0.00019368,-0.01044455,0.00489451,-0.07665707,0.06372273,0.31113388,-0.08012397,0.05988266,0.09390383,0.02399876,0.00623646,31.97721206,0.00000000,47.38762649,37.74302294,0.19211602,-0.50757141,1.35409800,0.19856212,-0.50838877,1.35532831,8.15746436,0.00000006
8.76000000,RETURN_LEG,-0.00019369,-0.01044456,0.00489452,-0.07665707,0.06372273,0.31113388,-0.08012397,0.05988266,0.09390383,0.02399877,0.00623647,31.97719338,0.00000000,47.38763328,37.74301942,0.19211602,-0.50757141,1.35409800,0.19856212,-0.50838877,1.35532831,8.15746521,0.00000006
8.77000000,RETURN_LEG,-0.00019370,-0.01044457,0.00489453,-0.07665707,0.06372273,0.31113388,-0.08012397,0.05988266,0.09390382,0.02399878,0.00623647,31.97717575,0.00000000,47.38764174,37.74301521,0.19211602,-0.50757141,1.35409801,0.19856212,-0.50838877,1.35532831,8.15746637,0.00000006
8.78000000,RETURN_LEG,-0.00019371,-0.01044459,0.00489454,-0.07665707,0.06372273,0.31113388,-0.08012398,0.05988266,0.09390382,0.02399878,0.00623648,31.97715953,0.00000000,47.38765196,37.74301045,0.19211602,-0.50757141,1.35409801,0.19856212,-0.50838877,1.35532831,8.15746785,0.00000005
8.79000000,RETURN_LEG,-0.00019373,-0.01044461,0.00489455,-0.07665708,0.06372274,0.31113388,-0.08012398,0.05988266,0.09390381,0.02399879,0.00623649,31.97714494,0.00000000,47.38766399,37.74300527,0.19211602,-0.50757141,1.35409801,0.19856212,-0.50838877,1.35532831,8.15746965,0.00000005
8.80000000,RETURN_LEG,-0.00019375,-0.01044463,0.00489456,-0.07665709,0.06372274,0.31113388,-0.08012399,0.05988266,0.09390381,0.02399880,0.00623650,31.97713204,0.00000000,47.38767779,37.74299978,0.19211602,-0.50757141,1.35409801,0.19856212,-0.50838877,1.35532831,8.15747176,0.00000005
8.81000000,RETURN_LEG,-0.00019377,-0.01044465,0.00489457,-0.07665709,0.06372274,0.31113388,-0.08012399,0.05988267,0.09390380,0.02399881,0.00623651,31.97712076,0.00000000,47.38769327,37.74299407,0.19211602,-0.50757141,1.35409801,0.19856212,-0.50838877,1.35532831,8.15747417,0.00000005
8.82000000,RETURN_LEG,-0.00019379,-0.01044467,0.00489458,-0.07665710,0.06372275,0.31113388,-0.08012400,0.05988267,0.09390379,0.02399882,0.00623652,31.97711095,0.00000000,47.38771028,37.74298818,0.19211603,-0.50757141,1.35409801,0.19856212,-0.50838877,1.35532831,8.15747684,0.00000005
8.83000000,RETURN_LEG,-0.00019381,-0.01044469,0.00489459,-0.07665711,0.06372276,0.31113388,-0.08012401,0.05988268,0.09390379,0.02399883,0.00623653,31.97710237,0.00000000,47.38772861,37.74298214,0.19211603,-0.50757141,1.35409801,0.19856212,-0.50838877,1.35532831,8.15747975,0.00000005
8.84000000,RETURN_LEG,-0.00019383,-0.01044471,0.00489460,-0.07665712,0.06372276,0.31113388,-0.08012402,0.05988268,0.09390378,0.02399884,0.00623653,31.97709475,0.00000000,47.38774804,37.74297595,0.19211603,-0.50757141,1.35409801,0.19856212,-0.50838877,1.35532831,8.15748287,0.00000005
8.85000000,RETURN_LEG,-0.00019386,-0.01044474,0.00489461,-0.07665713,0.06372277,0.31113388,-0.08012402,0.05988269,0.09390377,0.02399885,0.00623654,31.97708780,0.00000000,47.38776831,37.74296959,0.19211603,-0.50757141,1.35409801,0.19856212,-0.50838877,1.35532831,8.15748614,0.00000005
8.86000000,RETURN_LEG,-0.00019389,-0.01044476,0.00489462,-0.07665714,0.06372278,0.31113387,-0.08012403,0.05988269,0.09390376,0.02399886,0.00623655,31.97708123,0.00000000,47.38778916,37.74296304,0.19211603,-0.50757141,1.35409801,0.19856212,-0.50838877,1.35532831,8.15748954,0.00000005
8.87000000,RETURN_LEG,-0.00019392,-0.01044479,0.00489463,-0.07665715,0.06372278,0.31113387,-0.08012404,0.05988270,0.09390375,0.02399887,0.00623656,31.97707477,0.00000000,47.38781036,37.74295627,0.19211603,-0.50757141,1.35409801,0.19856212,-0.50838877,1.35532831,8.15749303,0.00000005
8.88000000,RETURN_LEG,-0.00019394,-0.01044481,0.00489465,-0.07665716,0.06372279,0.31113387,-0.08012405,0.05988271,0.09390374,0.02399888,0.00623657,31.97706819,0.00000000,47.38783167,37.74294926,0.19211602,-0.50757141,1.35409801,0.19856212,-0.50838877,1.35532831,8.15749657,0.00000005
8.89000000,RETURN_LEG,-0.00019397,-0.01044484,0.00489466,-0.07665717,0.06372280,0.31113387,-0.08012406,0.05988272,0.09390373,0.02399889,0.00623658,31.97706132,0.00000000,47.38785288,37.74294201,0.19211602,-0.50757141,1.35409801,0.19856212,-0.50838877,1.35532831,8.15750013,0.00000005
8.90000000,RETURN_LEG,-0.00019401,-0.01044487,0.00489467,-0.07665718,0.06372281,0.31113386,-0.08012407,0.05988273,0.09390371,0.02399890,0.00623659,31.97705403,0.00000000,47.38787382,37.74293450,0.19211602,-0.50757141,1.35409801,0.19856212,-0.50838877,1.35532831,8.15750368,0.00000006
8.91000000,RETURN_LEG,-0.00019404,-0.01044490,0.00489468,-0.07665719,0.06372282,0.31113386,-0.08012409,0.05988274,0.09390370,0.02399891,0.00623661,31.97704626,0.00000000,47.38789434,37.74292676,0.19211602,-0.50757141,1.35409801,0.19856212,-0.50838877,1.35532831,8.15750721,0.00000006
8.92000000,RETURN_LEG,-0.00019407,-0.01044492,0.00489469,-0.07665720,0.06372283,0.31113386,-0.08012410,0.05988274,0.09390369,0.02399892,0.00623662,31.97703798,0.00000000,47.38791433,37.74291880,0.19211602,-0.50757141,1.35409801,0.19856212,-0.50838877,1.35532831,8.15751068,0.00000006
8.93000000,RETURN_LEG,-0.00019410,-0.01044495,0.00489470,-0.07665722,0.06372284,0.31113386,-0.08012411,0.05988275,0.09390368,0.02399893,0.00623663,31.97702923,0.00000000,47.38793371,37.74291067,0.19211602,-0.50757141,1.35409801,0.19856212,-0.50838877,1.35532831,8.15751409,0.00000006
8.94000000,RETURN_LEG,-0.00019413,-0.01044498,0.00489471,-0.07665723,0.06372285,0.31113385,-0.08012412,0.05988276,0.09390367,0.02399894,0.00623664,31.97702009,0.00000000,47.38795242,37.74290240,0.19211602,-0.50757141,1.35409801,0.19856212,-0.50838877,1.35532831,8.15751743,0.00000007
8.95000000,RETURN_LEG,-0.00019416,-0.01044501,0.00489473,-0.07665724,0.06372286,0.31113385,-0.08012413,0.05988277,0.09390366,0.02399895,0.00623665,31.97701064,0.00000000,47.38797042,37.74289406,0.19211602,-0.50757141,1.35409801,0.19856212,-0.50838877,1.35532831,8.15752069,0.00000008
8.96000000,RETURN_LEG,-0.00019420,-0.01044504,0.00489474,-0.07665725,0.06372287,0.31113385,-0.08012414,0.05988278,0.09390364,0.02399897,0.00623666,31.97700102,0.00000000,47.38798772,37.74288571,0.19211602,-0.50757141,1.35409801,0.19856212,-0.50838877,1.35532831,8.15752387,0.00000009
8.97000000,RETURN_LEG,-0.00019423,-0.01044507,0.00489475,-0.07665726,0.06372288,0.31113385,-0.08012415,0.05988279,0.09390363,0.02399898,0.00623668,31.97699136,0.00000000,47.38800430,37.74287741,0.19211602,-0.50757141,1.35409801,0.19856212,-0.50838877,1.35532831,8.15752695,0.00000010
8.98000000,RETURN_LEG,-0.00019424,-0.01044509,0.00489476,-0.07665728,0.06372289,0.31113385,-0.08012416,0.05988280,0.09390362,0.02399902,0.00623672,31.97697696,0.00000000,47.38831980,37.74282470,0.19211604,-0.50757150,1.35409825,0.19856219,-0.50838909,1.35532901,8.15756938,0.00000006
8.99000000,RETURN_LEG,-0.00019425,-0.01044509,0.00489479,-0.07665729,0.06372290,0.31113385,-0.08012418,0.05988281,0.09390360,0.02399905,0.00623675,31.97695949,0.00000000,47.38823706,37.74280222,0.19211606,-0.50757159,1.35409845,0.19856219,-0.50838909,1.35532901,8.15756105,0.00000006
9.00000000,RETURN_LEG,-0.00019427,-0.01044510,0.00489481,-0.07665730,0.06372291,0.31113385,-0.08012419,0.05988282,0.09390359,0.02399908,0.00623677,31.97693740,0.00000000,47.38821356,37.74278770,0.19211607,-0.50757166,1.35409856,0.19856219,-0.50838909,1.35532901,8.15756094,0.00000006
9.01000000,RETURN_LEG,-0.00019429,-0.01044511,0.00489484,-0.07665731,0.06372291,0.31113386,-0.08012420,0.05988282,0.09390358,0.02399910,0.00623679,31.97691359,0.00000000,47.38819942,37.74278107,0.19211608,-0.50757170,1.35409862,0.19856219,-0.50838909,1.35532901,8.15756102,0.00000006
9.02000000,RETURN_LEG,-0.00019431,-0.01044512,0.00489486,-0.07665732,0.06372292,0.31113386,-0.08012421,0.05988283,0.09390357,0.02399911,0.00623681,31.97689041,0.00000000,47.38819047,37.74277937,0.19211608,-0.50757172,1.35409866,0.19856219,-0.50838909,1.35532901,8.15756099,0.00000006
9.03000000,RETURN_LEG,-0.00019432,-0.01044514,0.00489488,-0.07665733,0.06372292,0.31113387,-0.08012422,0.05988283,0.09390356,0.02399913,0.00623683,31.97686978,0.00000000,47.38818459,37.74277977,0.19211609,-0.50757173,1.35409868,0.19856219,-0.50838909,1.35532901,8.15756089,0.00000006
9.04000000,RETURN_LEG,-0.00019433,-0.01044516,0.00489490,-0.07665734,0.06372293,0.31113387,-0.08012422,0.05988284,0.09390355,0.02399914,0.00623684,31.97685308,0.00000000,47.38818032,37.74278047,0.19211609,-0.50757173,1.35409869,0.19856219,-0.50838909,1.35532901,8.15756074,0.00000006
9.05000000,RETURN_LEG,-0.00019434,-0.01044518,0.00489492,-0.07665734,0.06372293,0.31113387,-0.08012423,0.05988284,0.09390354,0.02399915,0.00623685,31.97684106,0.00000000,47.38817677,37.74278067,0.19211609,-0.50757173,1.35409870,0.19856219,-0.50838909,1.35532901,8.15756058,0.00000006
9.06000000,RETURN_LEG,-0.00019435,-0.01044520,0.00489493,-0.07665735,0.06372294,0.31113388,-0.08012423,0.05988284,0.09390354,0.02399916,0.00623686,31.97683395,0.00000000,47.38817355,37.74278030,0.19211609,-0.50757173,1.35409871,0.19856219,-0.50838909,1.35532901,8.15756043,0.00000006
9.07000000,RETURN_LEG,-0.00019436,-0.01044521,0.00489494,-0.07665735,0.06372294,0.31113388,-0.08012424,0.05988285,0.09390353,0.02399917,0.00623687,31.97683156,0.00000000,47.38817052,37.74277969,0.19211609,-0.50757173,1.35409871,0.19856219,-0.50838909,1.35532901,8.15756030,0.00000006
9.08000000,RETURN_LEG,-0.00019436,-0.01044522,0.00489495,-0.07665736,0.06372294,0.31113388,-0.08012424,0.05988285,0.09390353,0.02399918,0.00623688,31.97683344,0.00000000,47.38816768,37.74277931,0.19211610,-0.50757173,1.35409871,0.19856219,-0.50838909,1.35532901,8.15756020,0.00000006
9.09000000,RETURN_LEG,-0.00019437,-0.01044523,0.00489496,-0.07665736,0.06372294,0.31113388,-0.08012424,0.05988285,0.09390353,0.02399918,0.00623688,31.97683893,0.00000000,47.38816505,37.74277959,0.19211610,-0.50757172,1.35409871,0.19856219,-0.50838909,1.35532901,8.15756011,0.00000006
9.10000000,RETURN_LEG,-0.00019437,-0.01044523,0.00489496,-0.07665736,0.06372294,0.31113388,-0.08012424,0.05988285,0.09390353,0.02399919,0.00623688,31.97684730,0.00000000,47.38816258,37.74278084,0.19211610,-0.50757172,1.35409871,0.19856219,-0.50838909,1.35532901,8.15756002,0.00000005
9.11000000,RETURN_LEG,-0.00019436,-0.01044523,0.00489496,-0.07665736,0.06372294,0.31113388,-0.08012425,0.05988285,0.09390352,0.02399919,0.00623688,31.97685777,0.00000000,47.38816015,37.74278319,0.19211610,-0.50757173,1.35409871,0.19856219,-0.50838909,1.35532901,8.15755990,0.00000005
9.12000000,RETURN_LEG,-0.00019436,-0.01044523,0.00489495,-0.07665736,0.06372294,0.31113388,-0.08012425,0.05988285,0.09390352,0.02399918,0.00623688,31.97686957,0.00000000,47.38815757,37.74278665,0.19211610,-0.50757173,1.35409871,0.19856219,-0.50838909,1.35532901,8.15755971,0.00000005
9.13000000,RETURN_LEG,-0.00019435,-0.01044523,0.00489495,-0.07665736,0.06372294,0.31113388,-0.08012425,0.05988285,0.09390352,0.02399918,0.00623688,31.97688199,0.00000000,47.38815464,37.74279112,0.19211610,-0.50757173,1.35409871,0.19856219,-0.50838909,1.35532901,8.15755943,0.00000005
9.14000000,RETURN_LEG,-0.00019434,-0.01044522,0.00489494,-0.07665736,0.06372294,0.31113388,-0.08012424,0.05988285,0.09390353,0.02399917,0.00623687,31.97689442,0.00000000,47.38815110,37.74279642,0.19211609,-0.50757173,1.35409871,0.19856219,-0.50838909,1.35532901,8.15755902,0.00000005
9.15000000,RETURN_LEG,-0.00019433,-0.01044521,0.00489493,-0.07665736,0.06372294,0.31113388,-0.08012424,0.05988285,0.09390353,0.02399917,0.00623687,31.97690633,0.00000000,47.38814675,37.74280235,0.19211609,-0.50757173,1.35409871,0.19856219,-0.50838909,1.35532901,8.15755845,0.00000005
9.16000000,RETURN_LEG,-0.00019432,-0.01044520,0.00489492,-0.07665736,0.06372294,0.31113388,-0.08012424,0.05988285,0.09390353,0.02399916,0.00623686,31.97691734,0.00000000,47.38814140,37.74280869,0.19211609,-0.50757173,1.35409871,0.19856219,-0.50838909,1.35532901,8.15755770,0.00000005
9.17000000,RETURN_LEG,-0.00019431,-0.01044519,0.00489491,-0.07665735,0.06372293,0.31113388,-0.08012424,0.05988284,0.09390353,0.02399916,0.00623685,31.97692717,0.00000000,47.38813494,37.74281527,0.19211609,-0.50757173,1.35409871,0.19856219,-0.50838909,1.35532901,8.15755676,0.00000005
9.18000000,RETURN_LEG,-0.00019429,-0.01044517,0.00489490,-0.07665735,0.06372293,0.31113388,-0.08012424,0.05988284,0.09390353,0.02399915,0.00623685,31.97693568,0.00000000,47.38812730,37.74282191,0.19211609,-0.50757173,1.35409871,0.19856219,-0.50838909,1.35532901,8.15755561,0.00000005
9.19000000,RETURN_LEG,-0.00019428,-0.01044516,0.00489489,-0.07665735,0.06372293,0.31113388,-0.08012423,0.05988284,0.09390354,0.02399914,0.00623684,31.97694283,0.00000000,47.38811849,37.74282851,0.19211609,-0.50757173,1.35409871,0.19856219,-0.50838909,1.35532901,8.15755427,0.00000005
9.20000000,RETURN_LEG,-0.00019426,-0.01044515,0.00489488,-0.07665734,0.06372292,0.31113388,-0.08012423,0.05988283,0.09390354,0.02399913,0.00623683,31.97694868,0.00000000,47.38810857,37.74283498,0.19211609,-0.50757173,1.35409871,0.19856219,-0.50838909,1.35532901,8.15755274,0.00000005
9.21000000,RETURN_LEG,-0.00019424,-0.01044513,0.00489487,-0.07665734,0.06372292,0.31113388,-0.08012422,0.05988283,0.09390355,0.02399913,0.00623682,31.97695336,0.00000000,47.38809764,37.74284126,0.19211609,-0.50757173,1.35409871,0.19856219,-0.50838909,1.35532901,8.15755103,0.00000005
9.22000000,RETURN_LEG,-0.00019422,-0.01044512,0.00489486,-0.07665733,0.06372291,0.31113388,-0.08012422,0.05988282,0.09390355,0.02399912,0.00623682,31.97695709,0.00000000,47.38808585,37.74284735,0.19211609,-0.50757173,1.35409871,0.19856219,-0.50838909,1.35532901,8.15754918,0.00000005
9.23000000,RETURN_LEG,-0.00019420,-0.01044510,0.00489485,-0.07665733,0.06372291,0.31113388,-0.08012422,0.05988282,0.09390356,0.02399911,0.00623681,31.97696007,0.00000000,47.38807336,37.74285323,0.19211609,-0.50757173,1.35409871,0.19856219,-0.50838909,1.35532901,8.15754719,0.00000005
9.24000000,RETURN_LEG,-0.00019418,-0.01044509,0.00489484,-0.07665732,0.06372290,0.31113388,-0.08012421,0.05988281,0.09390356,0.02399910,0.00623680,31.97696258,0.00000000,47.38806035,37.74285892,0.19211609,-0.50757173,1.35409871,0.19856219,-0.50838909,1.35532901,8.15754511,0.00000005
9.25000000,RETURN_LEG,-0.00019416,-0.01044507,0.00489483,-0.07665732,0.06372290,0.31113388,-0.08012421,0.05988281,0.09390357,0.02399910,0.00623680,31.97696484,0.00000000,47.38804701,37.74286446,0.19211609,-0.50757173,1.35409871,0.19856219,-0.50838909,1.35532901,8.15754295,0.00000005
9.26000000,RETURN_LEG,-0.00019414,-0.01044506,0.00489482,-0.07665731,0.06372289,0.31113388,-0.08012420,0.05988280,0.09390357,0.02399909,0.00623679,31.97696708,0.00000000,47.38803351,37.74286986,0.19211609,-0.50757173,1.35409871,0.19856219,-0.50838909,1.35532901,8.15754075,0.00000005
9.27000000,RETURN_LEG,-0.00019412,-0.01044504,0.00489482,-0.07665730,0.06372288,0.31113388,-0.08012419,0.05988280,0.09390358,0.02399908,0.00623678,31.97696949,0.00000000,47.38802002,37.74287515,0.19211609,-0.50757173,1.35409871,0.19856219,-0.50838909,1.35532901,8.15753852,0.00000005
9.28000000,RETURN_LEG,-0.00019410,-0.01044503,0.00489481,-0.07665730,0.06372288,0.31113388,-0.08012419,0.05988279,0.09390359,0.02399908,0.00623678,31.97697224,0.00000000,47.38800668,37.74288037,0.19211609,-0.50757173,1.35409871,0.19856219,-0.50838909,1.35532901,8.15753629,0.00000005
9.29000000,RETURN_LEG,-0.00019408,-0.01044501,0.00489480,-0.07665729,0.06372287,0.31113389,-0.08012418,0.05988278,0.09390359,0.02399907,0.00623677,31.97697542,0.00000000,47.38799361,37.74288552,0.19211609,-0.50757173,1.35409871,0.19856219,-0.50838909,1.35532901,8.15753408,0.00000004
9.30000000,RETURN_LEG,-0.00019406,-0.01044499,0.00489479,-0.07665728,0.06372286,0.31113389,-0.08012418,0.05988278,0.09390360,0.02399906,0.00623676,31.97697910,0.00000000,47.38798092,37.74289060,0.19211609,-0.50757173,1.35409871,0.19856219,-0.50838909,1.35532901,8.15753190,0.00000004
9.31000000,RETURN_LEG,-0.00019404,-0.01044498,0.00489478,-0.07665728,0.06372286,0.31113389,-0.08012417,0.05988277,0.09390361,0.02399906,0.00623675,31.97698332,0.00000000,47.38796868,37.74289563,0.19211609,-0.50757173,1.35409871,0.19856219,-0.50838909,1.35532901,8.15752977,0.00000005
9.32000000,RETURN_LEG,-0.00019402,-0.01044496,0.00489478,-0.07665727,0.06372285,0.31113389,-0.08012416,0.05988277,0.09390361,0.02399905,0.00623675,31.97698803,0.00000000,47.38795695,37.74290059,0.19211609,-0.50757173,1.35409871,0.19856219,-0.50838909,1.35532901,8.15752769,0.00000005
9.33000000,RETURN_LEG,-0.00019400,-0.01044494,0.00489477,-0.07665726,0.06372284,0.31113389,-0.08012416,0.05988276,0.09390362,0.02399904,0.00623674,31.97699321,0.00000000,47.38794575,37.74290546,0.19211609,-0.50757173,1.35409871,0.19856219,-0.50838909,1.35532901,8.15752568,0.00000006
9.34000000,RETURN_LEG,-0.00019398,-0.01044492,0.00489476,-0.07665726,0.06372284,0.31113389,-0.08012415,0.05988275,0.09390363,0.02399903,0.00623673,31.97699875,0.00000000,47.38793510,37.74291023,0.19211609,-0.50757173,1.35409871,0.19856219,-0.50838909,1.35532901,8.15752373,0.00000006
9.35000000,RETURN_LEG,-0.00019396,-0.01044491,0.00489475,-0.07665725,0.06372283,0.31113389,-0.08012414,0.05988275,0.09390364,0.02399903,0.00623673,31.97700458,0.00000000,47.38792501,37.74291485,0.19211609,-0.50757173,1.35409871,0.19856219,-0.50838909,1.35532901,8.15752185,0.00000007
9.36000000,RETURN_LEG,-0.00019394,-0.01044489,0.00489475,-0.07665724,0.06372282,0.31113389,-0.08012414,0.05988274,0.09390364,0.02399902,0.00623672,31.97701058,0.00000000,47.38791546,37.74291930,0.19211609,-0.50757173,1.35409871,0.19856219,-0.50838909,1.35532901,8.15752004,0.00000007
9.37000000,RETURN_LEG,-0.00019392,-0.01044487,0.00489474,-0.07665724,0.06372282,0.31113389,-0.08012413,0.05988274,0.09390365,0.02399901,0.00623671,31.97701664,0.00000000,47.38790643,37.74292356,0.19211609,-0.50757173,1.35409871,0.19856219,-0.50838909,1.35532901,8.15751830,0.00000008
9.38000000,LOWER_LEG,-0.00019390,-0.01044485,0.00489473,-0.07665723,0.06372281,0.31113390,-0.08012412,0.05988273,0.09390366,0.02399901,0.00623670,31.97702266,0.00000000,47.38789791,37.74292759,0.19211609,-0.50757173,1.35409871,0.19856219,-0.50838909,1.35532901,8.15751663,0.00000009
9.39000000,LOWER_LEG,-0.00019389,-0.01044484,0.00489473,-0.07665722,0.06372280,0.31113390,-0.08012412,0.05988272,0.09390367,0.02399897,0.00623667,31.97702482,0.00000000,47.38789400,37.74291708,0.19211609,-0.50757165,1.35409849,0.19856212,-0.50838876,1.35532828,8.15751565,0.00000009
9.40000000,LOWER_LEG,-0.00019390,-0.01044483,0.00489472,-0.07665722,0.06372280,0.31113390,-0.08012411,0.05988272,0.09390367,0.02399889,0.00623659,31.97701743,0.00000000,47.38789316,37.74290007,0.19211607,-0.50757137,1.35409780,0.19856192,-0.50838778,1.35532607,8.15751475,0.00000009
9.41000000,LOWER_LEG,-0.00019392,-0.01044482,0.00489471,-0.07665721,0.06372280,0.31113390,-0.08012410,0.05988271,0.09390368,0.02399867,0.00623637,31.97699193,0.00000000,47.38790320,37.74284279,0.19211599,-0.50757064,1.35409601,0.19856160,-0.50838617,1.35532243,8.15751584,0.00000009
9.42000000,LOWER_LEG,-0.00019399,-0.01044483,0.00489470,-0.07665721,0.06372279,0.31113391,-0.08012410,0.05988271,0.09390369,0.02399821,0.00623591,31.97694222,0.00000000,47.38791575,37.74276078,0.19211581,-0.50756909,1.35409226,0.19856088,-0.50838263,1.35531445,8.15751645,0.00000008
9.43000000,LOWER_LEG,-0.00019409,-0.01044486,0.00489468,-0.07665721,0.06372279,0.31113392,-0.08012409,0.05988271,0.09390369,0.02399740,0.00623509,31.97686084,0.00000000,47.38793053,37.74265326,0.19211543,-0.50756635,1.35408580,0.19855985,-0.50837751,1.35530290,8.15751710,0.00000007
9.44000000,LOWER_LEG,-0.00019423,-0.01044492,0.00489466,-0.07665721,0.06372280,0.31113394,-0.08012409,0.05988271,0.09390370,0.02399612,0.00623382,31.97674639,0.00000000,47.38794946,37.74251932,0.19211477,-0.50756206,1.35407582,0.19855837,-0.50837017,1.35528635,8.15751788,0.00000008
9.45000000,LOWER_LEG,-0.00019440,-0.01044500,0.00489463,-0.07665722,0.06372281,0.31113396,-0.08012408,0.05988272,0.09390370,0.02399425,0.00623195,31.97660039,0.00000000,47.38797142,37.74236153,0.19211373,-0.50755583,1.35406145,0.19855637,-0.50836025,1.35526397,8.15751873,0.00000009
9.46000000,LOWER_LEG,-0.00019458,-0.01044513,0.00489461,-0.07665724,0.06372282,0.31113399,-0.08012407,0.05988273,0.09390371,0.02399167,0.00622937,31.97676201,0.00000000,47.38804662,37.74192659,0.19211226,-0.50754731,1.35404186,0.19855377,-0.50834739,1.35523496,8.15752245,0.00000005
9.47000000,LOWER_LEG,-0.00019477,-0.01044531,0.00489459,-0.07665727,0.06372284,0.31113402,-0.08012407,0.05988275,0.09390371,0.02398827,0.00622596,31.97642564,0.00000000,47.38866417,37.74182035,0.19211023,-0.50753610,1.35401622,0.19855052,-0.50833124,1.35519853,8.15760589,0.00000001
9.48000000,LOWER_LEG,-0.00019497,-0.01044551,0.00489458,-0.07665730,0.06372287,0.31113406,-0.08012406,0.05988277,0.09390371,0.02398391,0.00622161,31.97614844,0.00000000,47.38834138,37.74160686,0.19210759,-0.50752184,1.35398375,0.19854653,-0.50831145,1.35515392,8.15755516,0.00000006
9.49000000,LOWER_LEG,-0.00019520,-0.01044571,0.00489458,-0.07665734,0.06372290,0.31113411,-0.08012406,0.05988279,0.09390370,0.02397850,0.00621620,31.97586385,0.00000000,47.38869911,37.74135091,0.19210425,-0.50750419,1.35394365,0.19854174,-0.50828773,1.35510040,8.15760496,0.00000003
9.50000000,LOWER_LEG,-0.00019545,-0.01044591,0.00489459,-0.07665740,0.06372294,0.31113417,-0.08012406,0.05988282,0.09390370,0.02397192,0.00620962,31.97558047,0.00000000,47.38854974,37.74112524,0.19210016,-0.50748284,1.35389519,0.19853610,-0.50825974,1.35503728,8.15758742,0.00000009
9.51000000,LOWER_LEG,-0.00019572,-0.01044612,0.00489461,-0.07665746,0.06372298,0.31113422,-0.08012405,0.05988286,0.09390369,0.02396406,0.00620176,31.97529273,0.00000000,47.38879367,37.74084273,0.19209525,-0.50745748,1.35383765,0.19852954,-0.50822720,1.35496390,8.15762412,0.00000006
9.52000000,LOWER_LEG,-0.00019601,-0.01044633,0.00489465,-0.07665753,0.06372303,0.31113428,-0.08012404,0.05988290,0.09390369,0.02395484,0.00619253,31.97501159,0.00000000,47.38909102,37.74056432,0.19208946,-0.50742779,1.35377034,0.19852201,-0.50818983,1.35487962,8.15767001,0.00000004
9.53000000,LOWER_LEG,-0.00019631,-0.01044656,0.00489470,-0.07665761,0.06372309,0.31113434,-0.08012403,0.05988295,0.09390370,0.02394414,0.00618184,31.97474411,0.00000000,47.38961318,37.74031804,0.19208272,-0.50739349,1.35369262,0.19851345,-0.50814736,1.35478385,8.15775209,0.00000005
9.54000000,LOWER_LEG,-0.00019663,-0.01044678,0.00489476,-0.07665770,0.06372315,0.31113440,-0.08012402,0.05988300,0.09390370,0.02393188,0.00616958,31.97448942,0.00000000,47.38926901,37.74006716,0.19207499,-0.50735429,1.35360386,0.19850381,-0.50809954,1.35467598,8.15770762,0.00000009
9.55000000,LOWER_LEG,-0.00019696,-0.01044700,0.00489483,-0.07665780,0.06372322,0.31113445,-0.08012399,0.05988306,0.09390372,0.02391798,0.00615568,31.97424843,0.00000000,47.38956213,37.73980159,0.19206621,-0.50730993,1.35350347,0.19849305,-0.50804610,1.35455549,8.15775490,0.00000008
9.56000000,LOWER_LEG,-0.00019730,-0.01044723,0.00489491,-0.07665790,0.06372329,0.31113451,-0.08012397,0.05988312,0.09390374,0.02390236,0.00614005,31.97402514,0.00000000,47.38986129,37.73954666,0.19205633,-0.50726016,1.35339086,0.19848111,-0.50798684,1.35442184,8.15780425,0.00000009
9.57000000,LOWER_LEG,-0.00019763,-0.01044748,0.00489501,-0.07665801,0.06372337,0.31113456,-0.08012393,0.05988319,0.09390378,0.02388492,0.00612262,31.97415910,0.00000000,47.39025986,37.73904102,0.19204532,-0.50720475,1.35326550,0.19846796,-0.50792151,1.35427453,8.15786427,0.00000003
9.58000000,LOWER_LEG,-0.00019794,-0.01044776,0.00489512,-0.07665812,0.06372346,0.31113461,-0.08012388,0.05988326,0.09390382,0.02386561,0.00610331,31.97383299,0.00000000,47.39067859,37.73892406,0.19203309,-0.50714345,1.35312686,0.19845354,-0.50784992,1.35411309,8.15793135,0.00000002
9.59000000,LOWER_LEG,-0.00019827,-0.01044804,0.00489524,-0.07665824,0.06372354,0.31113465,-0.08012383,0.05988334,0.09390387,0.02384435,0.00608204,31.97361055,0.00000000,47.39123232,37.73876494,0.19201961,-0.50707603,1.35297447,0.19843783,-0.50777185,1.35393707,8.15802269,0.00000002
9.60000000,LOWER_LEG,-0.00019860,-0.01044831,0.00489536,-0.07665837,0.06372363,0.31113469,-0.08012376,0.05988341,0.09390394,0.02382107,0.00605877,31.97340720,0.00000000,47.39077761,37.73855044,0.19200487,-0.50700229,1.35280785,0.19842079,-0.50768713,1.35374604,8.15796505,0.00000009
9.61000000,LOWER_LEG,-0.00019894,-0.01044856,0.00489548,-0.07665850,0.06372372,0.31113473,-0.08012369,0.05988349,0.09390401,0.02379571,0.00603341,31.97322496,0.00000000,47.39109432,37.73833578,0.19198882,-0.50692206,1.35262656,0.19840238,-0.50759557,1.35353960,8.15802104,0.00000007
9.62000000,LOWER_LEG,-0.00019928,-0.01044880,0.00489559,-0.07665864,0.06372381,0.31113477,-0.08012360,0.05988357,0.09390410,0.02376821,0.00600590,31.97306090,0.00000000,47.39142329,37.73812411,0.19197142,-0.50683514,1.35243017,0.19838256,-0.50749700,1.35331737,8.15807967,0.00000005
9.63000000,LOWER_LEG,-0.00019962,-0.01044903,0.00489570,-0.07665878,0.06372391,0.31113480,-0.08012349,0.05988365,0.09390420,0.02373850,0.00597620,31.97291340,0.00000000,47.39177476,37.73792132,0.19195264,-0.50674136,1.35221829,0.19836131,-0.50739126,1.35307900,8.15814237,0.00000007
9.64000000,LOWER_LEG,-0.00019996,-0.01044925,0.00489579,-0.07665892,0.06372400,0.31113483,-0.08012338,0.05988373,0.09390433,0.02370655,0.00594425,31.97278189,0.00000000,47.39216997,37.73773550,0.19193244,-0.50664054,1.35199055,0.19833861,-0.50727822,1.35282416,8.15821251,0.00000009
9.65000000,LOWER_LEG,-0.00020027,-0.01044947,0.00489588,-0.07665907,0.06372409,0.31113485,-0.08012324,0.05988381,0.09390447,0.02367230,0.00591000,31.97315373,0.00000000,47.39200709,37.73713467,0.19191080,-0.50653255,1.35174660,0.19831441,-0.50715772,1.35255254,8.15820023,0.00000010
9.66000000,LOWER_LEG,-0.00020054,-0.01044971,0.00489597,-0.07665921,0.06372418,0.31113488,-0.08012309,0.05988388,0.09390463,0.02363570,0.00587340,31.97278134,0.00000000,47.39232900,37.73723112,0.19188769,-0.50641724,1.35148613,0.19828872,-0.50702965,1.35226386,8.15825417,0.00000007
9.67000000,LOWER_LEG,-0.00020080,-0.01044995,0.00489604,-0.07665936,0.06372427,0.31113490,-0.08012292,0.05988396,0.09390481,0.02359673,0.00583442,31.97262526,0.00000000,47.39269078,37.73709750,0.19186306,-0.50629445,1.35120885,0.19826149,-0.50689390,1.35195788,8.15831660,0.00000004
9.68000000,LOWER_LEG,-0.00020106,-0.01045017,0.00489610,-0.07665950,0.06372436,0.31113492,-0.08012273,0.05988403,0.09390501,0.02355533,0.00579302,31.97250079,0.00000000,47.39319459,37.73698443,0.19183691,-0.50616406,1.35091448,0.19823271,-0.50675035,1.35163436,8.15840375,0.00000002
9.69000000,LOWER_LEG,-0.00020130,-0.01045037,0.00489614,-0.07665965,0.06372444,0.31113494,-0.08012252,0.05988409,0.09390523,0.02351147,0.00574916,31.97239445,0.00000000,47.39286773,37.73685742,0.19180924,-0.50602598,1.35060276,0.19820238,-0.50659890,1.35129305,8.15836940,0.00000007
9.70000000,LOWER_LEG,-0.00020153,-0.01045055,0.00489616,-0.07665979,0.06372451,0.31113496,-0.08012229,0.05988415,0.09390548,0.02346512,0.00570281,31.97230555,0.00000000,47.39320413,37.73671216,0.19178001,-0.50588010,1.35027346,0.19817046,-0.50643946,1.35093378,8.15842951,0.00000003
9.71000000,LOWER_LEG,-0.00020174,-0.01045070,0.00489617,-0.07665993,0.06372459,0.31113497,-0.08012204,0.05988421,0.09390575,0.02341625,0.00565394,31.97224084,0.00000000,47.39309483,37.73662404,0.19174921,-0.50572633,1.34992636,0.19813695,-0.50627197,1.35055637,8.15842952,0.00000009
9.72000000,LOWER_LEG,-0.00020193,-0.01045084,0.00489615,-0.07666007,0.06372465,0.31113499,-0.08012177,0.05988426,0.09390605,0.02336483,0.00560252,31.97219066,0.00000000,47.39336997,37.73649081,0.19171682,-0.50556457,1.34956128,0.19810183,-0.50609634,1.35016065,8.15847968,0.00000005
9.73000000,LOWER_LEG,-0.00020211,-0.01045095,0.00489612,-0.07666020,0.06372471,0.31113500,-0.08012147,0.05988431,0.09390638,0.02331084,0.00554853,31.97216544,0.00000000,47.39329181,37.73642180,0.19168283,-0.50539476,1.34917805,0.19806510,-0.50591251,1.34974652,8.15848329,0.00000008
9.74000000,LOWER_LEG,-0.00020226,-0.01045104,0.00489606,-0.07666032,0.06372477,0.31113501,-0.08012114,0.05988435,0.09390674,0.02325426,0.00549196,31.97215872,0.00000000,47.39369614,37.73631875,0.19164723,-0.50521682,1.34877652,0.19802676,-0.50572044,1.34931385,8.15855112,0.00000006
9.75000000,LOWER_LEG,-0.00020237,-0.01045110,0.00489598,-0.07666044,0.06372482,0.31113502,-0.08012078,0.05988439,0.09390713,0.02319507,0.00543277,31.97217536,0.00000000,47.39347877,37.73625634,0.19161002,-0.50503069,1.34835657,0.19798679,-0.50552007,1.34886252,8.15853180,0.00000007
9.76000000,LOWER_LEG,-0.00020247,-0.01045113,0.00489589,-0.07666055,0.06372487,0.31113502,-0.08012040,0.05988442,0.09390754,0.02313326,0.00537096,31.97221488,0.00000000,47.39341830,37.73621618,0.19157117,-0.50483633,1.34791808,0.19794520,-0.50531139,1.34839251,8.15853544,0.00000008
9.77000000,LOWER_LEG,-0.00020255,-0.01045115,0.00489577,-0.07666065,0.06372490,0.31113502,-0.08011999,0.05988444,0.09390800,0.02306883,0.00530653,31.97227974,0.00000000,47.39336735,37.73618780,0.19153070,-0.50463370,1.34746098,0.19790197,-0.50509435,1.34790374,8.15853850,0.00000009
9.78000000,LOWER_LEG,-0.00020260,-0.01045114,0.00489564,-0.07666074,0.06372494,0.31113502,-0.08011955,0.05988446,0.09390848,0.02300176,0.00523945,31.97306948,0.00000000,47.39331712,37.73537001,0.19148859,-0.50442276,1.34698519,0.19785713,-0.50486895,1.34739618,8.15853978,0.00000008
9.79000000,LOWER_LEG,-0.00020258,-0.01045115,0.00489549,-0.07666082,0.06372496,0.31113502,-0.08011908,0.05988447,0.09390900,0.02293204,0.00516974,31.97272547,0.00000000,47.39330272,37.73597959,0.19144487,-0.50420350,1.34649067,0.19781065,-0.50463516,1.34686980,8.15854016,0.00000008
9.80000000,LOWER_LEG,-0.00020255,-0.01045113,0.00489534,-0.07666089,0.06372497,0.31113501,-0.08011858,0.05988447,0.09390956,0.02285969,0.00509739,31.97279088,0.00000000,47.39322109,37.73602434,0.19139950,-0.50397588,1.34597740,0.19776256,-0.50439300,1.34632463,8.15853479,0.00000007
9.81000000,LOWER_LEG,-0.00020249,-0.01045107,0.00489516,-0.07666095,0.06372498,0.31113501,-0.08011805,0.05988446,0.09391014,0.02278469,0.00502239,31.97290105,0.00000000,47.39311778,37.73605238,0.19135250,-0.50373989,1.34544536,0.19771285,-0.50414247,1.34576066,8.15852703,0.00000005
9.82000000,LOWER_LEG,-0.00020240,-0.01045096,0.00489497,-0.07666100,0.06372498,0.31113500,-0.08011749,0.05988444,0.09391075,0.02270705,0.00494475,31.97303871,0.00000000,47.39299281,37.73607482,0.19130389,-0.50349555,1.34489454,0.19766154,-0.50388356,1.34517792,8.15851643,0.00000003
9.83000000,LOWER_LEG,-0.00020229,-0.01045081,0.00489477,-0.07666105,0.06372497,0.31113500,-0.08011690,0.05988442,0.09391140,0.02262678,0.00486447,31.97320105,0.00000000,47.39284796,37.73609701,0.19125366,-0.50324286,1.34432498,0.19760862,-0.50361631,1.34457647,8.15850282,0.00000001
9.84000000,LOWER_LEG,-0.00020215,-0.01045061,0.00489455,-0.07666108,0.06372495,0.31113499,-0.08011627,0.05988439,0.09391209,0.02254387,0.00478157,31.97338611,0.00000000,47.39268470,37.73612314,0.19120182,-0.50298185,1.34373669,0.19755412,-0.50334073,1.34395637,8.15848608,0.00000006
9.85000000,LOWER_LEG,-0.00020199,-0.01045037,0.00489431,-0.07666109,0.06372492,0.31113498,-0.08011562,0.05988434,0.09391281,0.02245835,0.00469605,31.97359867,0.00000000,47.39207841,37.73620380,0.19114838,-0.50271252,1.34312975,0.19749804,-0.50305687,1.34331772,8.15840792,0.00000002
9.86000000,LOWER_LEG,-0.00020181,-0.01045010,0.00489406,-0.07666110,0.06372488,0.31113497,-0.08011493,0.05988429,0.09391357,0.02237023,0.00460793,31.97383471,0.00000000,47.39208106,37.73626334,0.19109336,-0.50243492,1.34250423,0.19744041,-0.50276479,1.34266065,8.15841224,0.00000009
9.87000000,LOWER_LEG,-0.00020160,-0.01044981,0.00489378,-0.07666109,0.06372484,0.31113496,-0.08011420,0.05988424,0.09391437,0.02227952,0.00451722,31.97410403,0.00000000,47.39160841,37.73638074,0.19103675,-0.50214908,1.34186024,0.19738123,-0.50246452,1.34198526,8.15834929,0.00000005
9.88000000,LOWER_LEG,-0.00020137,-0.01044948,0.00489349,-0.07666106,0.06372479,0.31113494,-0.08011344,0.05988417,0.09391521,0.02218625,0.00442395,31.97440197,0.00000000,47.39112155,37.73649749,0.19097859,-0.50185504,1.34119789,0.19732052,-0.50215612,1.34129169,8.15828100,0.00000006
9.89000000,LOWER_LEG,-0.00020111,-0.01044913,0.00489317,-0.07666102,0.06372473,0.31113492,-0.08011265,0.05988410,0.09391609,0.02209044,0.00432814,31.97472782,0.00000000,47.39057417,37.73661123,0.19091889,-0.50155286,1.34051730,0.19725830,-0.50183967,1.34058010,8.15820134,0.00000008
9.90000000,LOWER_LEG,-0.00020080,-0.01044872,0.00489282,-0.07666097,0.06372467,0.31113490,-0.08011183,0.05988402,0.09391700,0.02199212,0.00422981,31.97517776,0.22500513,47.38992789,37.73661781,0.19085847,-0.50124571,1.33982718,0.19719459,-0.50151522,1.33985065,8.15812229,0.00000009
9.91000000,LOWER_LEG,-0.00022073,-0.01045875,0.00489390,-0.07666163,0.06372536,0.31113651,-0.08011151,0.05988440,0.09391732,0.02192492,0.00416261,31.93655383,0.56201920,47.43743428,37.70246467,0.19082477,-0.50097626,1.33928610,0.19713173,-0.50119466,1.33913005,8.16372691,0.00000001
9.92000000,LOWER_LEG,-0.00026779,-0.01049193,0.00490218,-0.07666412,0.06372842,0.31114246,-0.08011261,0.05988665,0.09391527,0.02187659,0.00411429,31.86620135,0.63182444,47.49375854,37.65955371,0.19081196,-0.50068902,1.33872360,0.19707226,-0.50089104,1.33844762,8.16949291,0.00000001
9.93000000,LOWER_LEG,-0.00032798,-0.01054291,0.00491972,-0.07666887,0.06373440,0.31115301,-0.08011559,0.05989146,0.09390992,0.02183908,0.00407678,31.77736749,0.68531759,47.54472524,37.60314441,0.19081189,-0.50039713,1.33813865,0.19701437,-0.50059514,1.33778263,8.17477183,0.00000001
9.94000000,LOWER_LEG,-0.00039733,-0.01060542,0.00494688,-0.07667606,0.06374352,0.31116785,-0.08012074,0.05989909,0.09390115,0.02181008,0.00404778,31.67907862,0.72850076,47.59126486,37.53181861,0.19082015,-0.50010400,1.33754001,0.19695707,-0.50030188,1.33712368,8.18012709,0.00000001
9.95000000,LOWER_LEG,-0.00047496,-0.01067482,0.00498351,-0.07668572,0.06375577,0.31118629,-0.08012811,0.05990959,0.09388923,0.02178774,0.00402544,31.57840569,0.76507039,47.63599412,37.44814816,0.19083381,-0.49980933,1.33693160,0.19689983,-0.50000861,1.33646478,8.18592898,0.00000001
9.96000000,LOWER_LEG,-0.00056047,-0.01074819,0.00502925,-0.07669770,0.06377107,0.31120745,-0.08013763,0.05992289,0.09387453,0.02177038,0.00400808,31.48022261,0.79820295,47.68205402,37.35608143,0.19085085,-0.49951245,1.33631504,0.19684236,-0.49971378,1.33580249,8.19248453,0.00000001
9.97000000,LOWER_LEG,-0.00065337,-0.01082391,0.00508348,-0.07671184,0.06378925,0.31123037,-0.08014917,0.05993886,0.09385743,0.02175648,0.00399418,31.38764857,0.83060958,47.73224561,37.25951012,0.19086991,-0.49921300,1.33569114,0.19678447,-0.49941649,1.33513474,8.20003575,0.00000001
9.98000000,LOWER_LEG,-0.00075298,-0.01090118,0.00514543,-0.07672792,0.06381009,0.31125417,-0.08016254,0.05995729,0.09383823,0.02174475,0.00398245,31.30242741,0.86447352,47.78861339,37.16158191,0.19089008,-0.49891076,1.33506048,0.19672606,-0.49911614,1.33446021,8.20874738,0.00000001
9.99000000,LOWER_LEG,-0.00085853,-0.01097968,0.00521413,-0.07674576,0.06383334,0.31127806,-0.08017757,0.05997798,0.09381716,0.02173413,0.00397183,31.22519166,0.90139795,47.85234887,37.06450830,0.19091073,-0.49860554,1.33442365,0.19666704,-0.49881232,1.33377800,8.21870395,0.00000001
10.00000000,LOWER_LEG,-0.00096921,-0.01105935,0.00528845,-0.07676521,0.06385872,0.31130143,-0.08019414,0.06000068,0.09379434,0.02172383,0.00396153,31.15565974,0.94240037,47.92387651,36.96963971,0.19093138,-0.49829703,1.33378116,0.19660737,-0.49850475,1.33308745,8.22991656,0.00000001
10.01000000,LOWER_LEG,-0.00108424,-0.01114027,0.00536724,-0.07678619,0.06388598,0.31132385,-0.08021215,0.06002515,0.09376985,0.02171328,0.00395098,31.09281615,0.98795690,48.00301647,36.87764620,0.19095165,-0.49798481,1.33313347,0.19654701,-0.49819323,1.33238815,8.24233572,0.00000001
10.02000000,LOWER_LEG,-0.00120288,-0.01122264,0.00544935,-0.07680864,0.06391484,0.31134507,-0.08023156,0.06005115,0.09374368,0.02170214,0.00393983,31.03510154,1.03808570,48.08915916,36.78871158,0.19097125,-0.49766840,1.33248086,0.19648593,-0.49787765,1.33167982,8.25586643,0.00000001
10.03000000,LOWER_LEG,-0.00132447,-0.01130673,0.00553368,-0.07683257,0.06394508,0.31136502,-0.08025234,0.06007846,0.09371581,0.02169023,0.00392793,30.98061635,1.09245327,48.18142000,36.70269983,0.19098994,-0.49734733,1.33182346,0.19642414,-0.49755797,1.33096240,8.27038328,0.00000001
10.04000000,LOWER_LEG,-0.00144843,-0.01139290,0.00561928,-0.07685799,0.06397644,0.31138374,-0.08027452,0.06010686,0.09368619,0.02167756,0.00391525,30.92732682,1.15048793,48.27876480,36.61928369,0.19100751,-0.49702120,1.33116124,0.19636164,-0.49723423,1.33023597,8.28574398,0.00000001
10.05000000,LOWER_LEG,-0.00157426,-0.01148150,0.00570534,-0.07688492,0.06400874,0.31140141,-0.08029811,0.06013617,0.09365477,0.02166422,0.00390192,30.87325623,1.21148797,48.38010691,36.53803903,0.19102381,-0.49668973,1.33049407,0.19629846,-0.49690652,1.32950076,8.30180092,0.00000001
10.06000000,LOWER_LEG,-0.00170153,-0.01157291,0.00579122,-0.07691342,0.06404177,0.31141826,-0.08032315,0.06016621,0.09362149,0.02165041,0.00388811,30.81664553,1.27471681,48.48438115,36.45851258,0.19103873,-0.49635275,1.32982177,0.19623463,-0.49657498,1.32875706,8.31841041,0.00000001
10.07000000,LOWER_LEG,-0.00182989,-0.01166743,0.00587644,-0.07694350,0.06407537,0.31143454,-0.08034967,0.06019682,0.09358633,0.02163634,0.00387403,30.75607185,1.33948118,48.59059901,36.38026950,0.19105220,-0.49601024,1.32914409,0.19617017,-0.49623976,1.32800521,8.33543977,0.00000001
10.08000000,LOWER_LEG,-0.00195904,-0.01176529,0.00596070,-0.07697518,0.06410941,0.31145054,-0.08037768,0.06022787,0.09354927,0.02162222,0.00385992,30.69051990,1.40519091,48.69788855,36.30292494,0.19106419,-0.49566226,1.32846082,0.19610511,-0.49590101,1.32724556,8.35277229,0.00000001
10.09000000,LOWER_LEG,-0.00208879,-0.01186659,0.00604384,-0.07700846,0.06414377,0.31146649,-0.08040718,0.06025925,0.09351033,0.02160826,0.00384596,30.61940664,1.47139967,48.80552071,36.22616201,0.19107471,-0.49530897,1.32777173,0.19603950,-0.49555885,1.32647840,8.37031020,0.00000001
10.10000000,LOWER_LEG,-0.00221895,-0.01197134,0.00612582,-0.07704330,0.06417834,0.31148263,-0.08043814,0.06029086,0.09346958,0.02159461,0.00383231,30.54256458,1.53782668,48.91292325,36.14973771,0.19108382,-0.49495058,1.32707665,0.19597334,-0.49521341,1.32570398,8.38797592,0.00000001
10.11000000,LOWER_LEG,-0.00234942,-0.01207944,0.00620670,-0.07707964,0.06421305,0.31149911,-0.08047049,0.06032262,0.09342708,0.02158138,0.00381907,30.46019192,1.60435912,49.01968322,36.07347861,0.19109159,-0.49458736,1.32637548,0.19590666,-0.49486476,1.32492251,8.40571174,0.00000001
10.12000000,LOWER_LEG,-0.00248013,-0.01219068,0.00628663,-0.07711740,0.06424783,0.31151605,-0.08050418,0.06035447,0.09338295,0.02156861,0.00380630,30.37277992,1.67103664,49.12553919,35.99726857,0.19109816,-0.49421959,1.32566813,0.19583947,-0.49451297,1.32413411,8.42347829,0.00000001
10.13000000,LOWER_LEG,-0.00261106,-0.01230478,0.00636579,-0.07715646,0.06428265,0.31153353,-0.08053910,0.06038637,0.09333733,0.02155631,0.00379401,30.28102806,1.73802060,49.23036500,35.92103135,0.19110367,-0.49384757,1.32495462,0.19577179,-0.49415809,1.32333892,8.44125208,0.00000001
10.14000000,LOWER_LEG,-0.00274222,-0.01242141,0.00644440,-0.07719670,0.06431747,0.31155157,-0.08057514,0.06041829,0.09329036,0.02154447,0.00378217,30.18575718,1.80555272,49.33414717,35.84471124,0.19110832,-0.49347160,1.32423501,0.19570362,-0.49380017,1.32253704,8.45902243,0.00000001
10.15000000,LOWER_LEG,-0.00287366,-0.01254021,0.00652272,-0.07723799,0.06435229,0.31157016,-0.08061217,0.06045020,0.09324220,0.02153303,0.00377073,30.08782885,1.87390891,49.43695855,35.76825482,0.19111230,-0.49309200,1.32350943,0.19563498,-0.49343925,1.32172859,8.47678821,0.00000001
10.16000000,LOWER_LEG,-0.00300546,-0.01266084,0.00660095,-0.07728017,0.06438711,0.31158927,-0.08065006,0.06048212,0.09319302,0.02152194,0.00375963,29.98807755,1.94335457,49.53893084,35.69159614,0.19111582,-0.49270907,1.32277804,0.19556588,-0.49307542,1.32091373,8.49455451,0.00000001
10.17000000,LOWER_LEG,-0.00313771,-0.01278296,0.00667933,-0.07732311,0.06442194,0.31160885,-0.08068868,0.06051404,0.09314298,0.02151113,0.00374883,29.88725916,2.01410649,49.64022830,35.61464729,0.19111912,-0.49232312,1.32204107,0.19549635,-0.49270876,1.32009267,8.51232977,0.00000001
10.18000000,LOWER_LEG,-0.00327053,-0.01290627,0.00675806,-0.07736666,0.06445680,0.31162886,-0.08072788,0.06054598,0.09309222,0.02150058,0.00373827,29.78601737,2.08630533,49.74102483,35.53729486,0.19112240,-0.49193446,1.32129877,0.19542640,-0.49233938,1.31926568,8.53012330,0.00000001
10.19000000,LOWER_LEG,-0.00340403,-0.01303051,0.00683730,-0.07741069,0.06449173,0.31164924,-0.08076755,0.06057798,0.09304090,0.02149023,0.00372793,29.68487226,2.15972934,49.84148017,35.45940714,0.19112588,-0.49154334,1.32055137,0.19535607,-0.49196744,1.31843308,8.54794280,0.00000001
10.20000000,LOWER_LEG,-0.00353831,-0.01315545,0.00691720,-0.07745508,0.06452676,0.31166994,-0.08080757,0.06061006,0.09298913,0.02148005,0.00371775,29.58425848,2.23393005,49.94169292,35.38087320,0.19112973,-0.49114994,1.31979898,0.19528539,-0.49159309,1.31759522,8.56578926,0.00000001
10.21000000,LOWER_LEG,-0.00367343,-0.01328089,0.00699786,-0.07749971,0.06456193,0.31169093,-0.08084783,0.06064227,0.09293702,0.02147000,0.00370770,29.48451735,2.30893949,50.04173605,35.30158562,0.19113407,-0.49075444,1.31904174,0.19521438,-0.49121646,1.31675242,8.58366212,0.00000001
10.22000000,LOWER_LEG,-0.00380945,-0.01340665,0.00707934,-0.07754450,0.06459728,0.31171217,-0.08088825,0.06067463,0.09288469,0.02146004,0.00369773,29.38587755,2.38473933,50.14167768,35.22144014,0.19113901,-0.49035701,1.31827988,0.19514309,-0.49083773,1.31590504,8.60156072,0.00000001
10.23000000,LOWER_LEG,-0.00394639,-0.01353258,0.00716167,-0.07758935,0.06463285,0.31173363,-0.08092873,0.06070718,0.09283221,0.02145016,0.00368785,29.28846465,2.46123502,50.24156949,35.14035006,0.19114463,-0.48995783,1.31751365,0.19507153,-0.49045706,1.31505347,8.61948264,0.00000001
10.24000000,LOWER_LEG,-0.00408428,-0.01365860,0.00724485,-0.07763419,0.06466866,0.31175529,-0.08096922,0.06073994,0.09277964,0.02144036,0.00367806,29.19231922,2.53828069,50.34144035,35.05825257,0.19115096,-0.48955705,1.31674333,0.19499975,-0.49007464,1.31419813,8.63742329,0.00000001
10.25000000,LOWER_LEG,-0.00422312,-0.01378461,0.00732885,-0.07767897,0.06470473,0.31177714,-0.08100966,0.06077295,0.09272706,0.02143066,0.00366835,29.09741862,2.61570541,50.44129515,34.97511273,0.19115804,-0.48915483,1.31596922,0.19492779,-0.48969066,1.31333945,8.65537616,0.00000001
10.26000000,LOWER_LEG,-0.00436289,-0.01391058,0.00741361,-0.07772364,0.06474109,0.31179918,-0.08105000,0.06080622,0.09267449,0.02142106,0.00365875,29.00369809,2.69333633,50.54111748,34.89092645,0.19116587,-0.48875130,1.31519161,0.19485568,-0.48930531,1.31247784,8.67333337,0.00000001
10.27000000,LOWER_LEG,-0.00450354,-0.01403645,0.00749907,-0.07776818,0.06477774,0.31182139,-0.08109021,0.06083975,0.09262198,0.02141158,0.00364927,28.91106853,2.77101642,50.64087471,34.80572234,0.19117441,-0.48834658,1.31441081,0.19478346,-0.48891878,1.31161375,8.69128627,0.00000001
10.28000000,LOWER_LEG,-0.00464500,-0.01416222,0.00758513,-0.07781255,0.06481470,0.31184379,-0.08113027,0.06087357,0.09256954,0.02140223,0.00363992,28.81943016,2.84861578,50.74052392,34.71956191,0.19118363,-0.48794080,1.31362714,0.19471116,-0.48853126,1.31074759,8.70922614,0.00000001
10.29000000,LOWER_LEG,-0.00478718,-0.01428784,0.00767169,-0.07785674,0.06485194,0.31186635,-0.08117016,0.06090766,0.09251719,0.02139301,0.00363071,28.72868190,2.92603685,50.84001742,34.63253772,0.19119348,-0.48753406,1.31284093,0.19463882,-0.48814292,1.30987976,8.72714463,0.00000001
10.30000000,LOWER_LEG,-0.00493000,-0.01441330,0.00775865,-0.07790075,0.06488947,0.31188908,-0.08120988,0.06094201,0.09246495,0.02138394,0.00362164,28.63872723,3.00321425,50.93930723,34.54476964,0.19120389,-0.48712645,1.31205254,0.19456648,-0.48775395,1.30901066,8.74503422,0.00000001
10.31000000,LOWER_LEG,-0.00507333,-0.01453858,0.00784589,-0.07794458,0.06492726,0.31191195,-0.08124942,0.06097661,0.09241281,0.02137501,0.00361271,28.54947725,3.08011051,51.03834815,34.45639953,0.19121479,-0.48671807,1.31126234,0.19449415,-0.48736451,1.30814067,8.76288838,0.00000001
10.32000000,LOWER_LEG,-0.00521706,-0.01466367,0.00793328,-0.07798822,0.06496529,0.31193497,-0.08128879,0.06101144,0.09236077,0.02136622,0.00360392,28.46085191,3.15670936,51.13709949,34.36758491,0.19122610,-0.48630902,1.31047070,0.19442189,-0.48697479,1.30727017,8.78070170,0.00000001
10.33000000,LOWER_LEG,-0.00536106,-0.01478854,0.00802071,-0.07803169,0.06500352,0.31195810,-0.08132800,0.06104647,0.09230884,0.02135757,0.00359527,28.37278006,3.23300785,51.23552575,34.27849239,0.19123776,-0.48589941,1.30967803,0.19434970,-0.48658493,1.30639954,8.79846981,0.00000001
10.34000000,LOWER_LEG,-0.00550522,-0.01491319,0.00810807,-0.07807499,0.06504193,0.31198133,-0.08136704,0.06108168,0.09225700,0.02134904,0.00358673,28.28519920,3.30900855,51.33359643,34.18929140,0.19124970,-0.48548932,1.30888473,0.19427764,-0.48619512,1.30552916,8.81618932,0.00000001
10.35000000,LOWER_LEG,-0.00564940,-0.01503760,0.00819524,-0.07811814,0.06508047,0.31200464,-0.08140595,0.06111702,0.09220526,0.02134062,0.00357832,28.19805502,3.38471273,51.43128547,34.10014856,0.19126185,-0.48507887,1.30809120,0.19420573,-0.48580553,1.30465941,8.83385763,0.00000001
10.36000000,LOWER_LEG,-0.00579348,-0.01516175,0.00828212,-0.07816116,0.06511912,0.31202799,-0.08144473,0.06115247,0.09215359,0.02133232,0.00357002,28.11130134,3.46011512,51.52857040,34.01122319,0.19127415,-0.48466816,1.30729786,0.19413400,-0.48541632,1.30379068,8.85147281,0.00000001
10.37000000,LOWER_LEG,-0.00593737,-0.01528565,0.00836862,-0.07820406,0.06515783,0.31205137,-0.08148339,0.06118798,0.09210200,0.02132412,0.00356182,28.02490016,3.53520043,51.62543148,33.92266387,0.19128655,-0.48425732,1.30650513,0.19406248,-0.48502769,1.30292336,8.86903336,0.00000001
10.38000000,LOWER_LEG,-0.00608094,-0.01540927,0.00845465,-0.07824685,0.06519656,0.31207474,-0.08152196,0.06122354,0.09205047,0.02131602,0.00355372,27.93882217,3.60994171,51.72185095,33.83460625,0.19129901,-0.48384646,1.30571339,0.19399120,-0.48463979,1.30205785,8.88653812,0.00000001
10.39000000,LOWER_LEG,-0.00622411,-0.01553260,0.00854014,-0.07828956,0.06523529,0.31209808,-0.08156045,0.06125910,0.09199899,0.02130801,0.00354571,27.85304729,3.68430022,51.81781235,33.74717176,0.19131148,-0.48343571,1.30492307,0.19392020,-0.48425283,1.30119455,8.90398609,0.00000001
10.40000000,LOWER_LEG,-0.00636677,-0.01565564,0.00862502,-0.07833219,0.06527398,0.31212137,-0.08159887,0.06129463,0.09194755,0.02130010,0.00353780,27.76756526,3.75822659,51.91329997,33.66046730,0.19132394,-0.48302522,1.30413456,0.19384952,-0.48386698,1.30033389,8.92137631,0.00000001
10.41000000,LOWER_LEG,-0.00650884,-0.01577836,0.00870924,-0.07837477,0.06531259,0.31214458,-0.08163724,0.06133011,0.09189615,0.02129227,0.00352997,27.68237618,3.83166284,52.00829842,33.57458552,0.19133636,-0.48261512,1.30334824,0.19377918,-0.48348243,1.29947626,8.93870774,0.00000001
10.42000000,LOWER_LEG,-0.00665025,-0.01590074,0.00879274,-0.07841730,0.06535110,0.31216769,-0.08167558,0.06136550,0.09184478,0.02128454,0.00352224,27.59749064,3.90454486,52.10279216,33.48960563,0.19134872,-0.48220558,1.30256449,0.19370921,-0.48309937,1.29862210,8.95597916,0.00000001
10.43000000,LOWER_LEG,-0.00679092,-0.01602277,0.00887550,-0.07845980,0.06538948,0.31219067,-0.08171388,0.06140078,0.09179344,0.02127690,0.00351460,27.51292961,3.97680504,52.19676515,33.40559445,0.19136100,-0.48179675,1.30178371,0.19363965,-0.48271798,1.29777181,8.97318904,0.00000001
10.44000000,LOWER_LEG,-0.00693079,-0.01614442,0.00895747,-0.07850226,0.06542770,0.31221351,-0.08175217,0.06143592,0.09174212,0.02126935,0.00350705,27.42872396,4.04837478,52.29020035,33.32260772,0.19137319,-0.48138880,1.30100624,0.19357054,-0.48233846,1.29692582,8.99033548,0.00000001
10.45000000,LOWER_LEG,-0.00706979,-0.01626566,0.00903864,-0.07854471,0.06546575,0.31223619,-0.08179045,0.06147092,0.09169083,0.02126190,0.00349960,27.34491354,4.11918668,52.38307929,33.24069131,0.19138527,-0.48098190,1.30023247,0.19350190,-0.48196099,1.29608454,9.00741611,0.00000001
10.46000000,LOWER_LEG,-0.00720788,-0.01638645,0.00911899,-0.07858713,0.06550360,0.31225868,-0.08182871,0.06150574,0.09163957,0.02125455,0.00349224,27.26154604,4.18917638,52.47538160,33.15988261,0.19139725,-0.48057625,1.29946274,0.19343377,-0.48158576,1.29524838,9.02442794,0.00000001
10.47000000,LOWER_LEG,-0.00734500,-0.01650675,0.00919849,-0.07862953,0.06554123,0.31228097,-0.08186697,0.06154037,0.09158835,0.02124729,0.00348499,27.17867555,4.25828385,52.56708441,33.08021160,0.19140911,-0.48017203,1.29869742,0.19336617,-0.48121294,1.29441774,9.04136737,0.00000001
10.48000000,LOWER_LEG,-0.00748109,-0.01662652,0.00927715,-0.07867190,0.06557864,0.31230305,-0.08190520,0.06157479,0.09153718,0.02124013,0.00347783,27.09636101,4.32645439,52.65816194,33.00170210,0.19142086,-0.47976944,1.29793685,0.19329914,-0.48084273,1.29359304,9.05823003,0.00000001
10.49000000,LOWER_LEG,-0.00761611,-0.01674571,0.00935494,-0.07871423,0.06561579,0.31232490,-0.08194342,0.06160899,0.09148607,0.02123307,0.00347077,27.01466468,4.39363909,52.74858500,32.92437265,0.19143247,-0.47936867,1.29718137,0.19323272,-0.48047530,1.29277466,9.07501077,0.00000001
10.50000000,LOWER_LEG,-0.00775001,-0.01686427,0.00943186,-0.07875651,0.06565269,0.31234650,-0.08198160,0.06164295,0.09143505,0.02122612,0.00346382,26.93365052,4.45979517,52.83832066,32.84823752,0.19144396,-0.47896993,1.29643133,0.19316691,-0.48011083,1.29196298,9.09170360,0.00000001
10.51000000,LOWER_LEG,-0.00788274,-0.01698215,0.00950791,-0.07879872,0.06568930,0.31236785,-0.08201973,0.06167667,0.09138414,0.02121927,0.00345696,26.85338288,4.52488592,52.92733196,32.77330745,0.19145532,-0.47857343,1.29568706,0.19310177,-0.47974947,1.29115838,9.10830168,0.00000001
10.52000000,LOWER_LEG,-0.00801426,-0.01709929,0.00958306,-0.07884084,0.06572563,0.31238894,-0.08205780,0.06171012,0.09133335,0.02121252,0.00345021,26.77392525,4.58888054,53.01557781,32.69959046,0.19146655,-0.47817937,1.29494889,0.19303730,-0.47939141,1.29036122,9.12479733,0.00000001
10.53000000,LOWER_LEG,-0.00814451,-0.01721562,0.00965732,-0.07888286,0.06576166,0.31240976,-0.08209579,0.06174330,0.09128271,0.02120587,0.00344357,26.69533927,4.65175388,53.10301302,32.62709242,0.19147763,-0.47778796,1.29421715,0.19297355,-0.47903679,1.28957187,9.14118201,0.00000001
10.54000000,LOWER_LEG,-0.00827345,-0.01733109,0.00973067,-0.07892474,0.06579736,0.31243029,-0.08213367,0.06177620,0.09123225,0.02119933,0.00343702,26.61768398,4.71348604,53.18958845,32.55581772,0.19148857,-0.47739941,1.29349214,0.19291053,-0.47868579,1.28879067,9.15744645,0.00000001
10.55000000,LOWER_LEG,-0.00840103,-0.01744564,0.00980309,-0.07896647,0.06583274,0.31245054,-0.08217143,0.06180879,0.09118201,0.02119288,0.00343058,26.54101529,4.77406200,53.27525136,32.48576970,0.19149936,-0.47701392,1.29277420,0.19284827,-0.47833854,1.28801795,9.17358063,0.00000001
10.56000000,LOWER_LEG,-0.00852720,-0.01755919,0.00987458,-0.07900800,0.06586777,0.31247050,-0.08220902,0.06184108,0.09113201,0.02118654,0.00342424,26.46538568,4.83347113,53.35994582,32.41695117,0.19150999,-0.47663169,1.29206362,0.19278679,-0.47799520,1.28725403,9.18957395,0.00000001
10.57000000,LOWER_LEG,-0.00865190,-0.01767168,0.00994511,-0.07904932,0.06590245,0.31249016,-0.08224644,0.06187304,0.09108229,0.02118030,0.00341799,26.39084408,4.89170674,53.44361332,32.34936473,0.19152046,-0.47625293,1.29136070,0.19272612,-0.47765592,1.28649925,9.20541528,0.00000001
10.58000000,LOWER_LEG,-0.00877508,-0.01778305,0.01001466,-0.07909039,0.06593675,0.31250952,-0.08228364,0.06190466,0.09103288,0.02117415,0.00341185,26.31743589,4.94876557,53.52619338,32.28301308,0.19153076,-0.47587783,1.29066575,0.19266628,-0.47732083,1.28575389,9.22109312,0.00000001
10.59000000,LOWER_LEG,-0.00889668,-0.01789323,0.01008323,-0.07913118,0.06597067,0.31252858,-0.08232061,0.06193593,0.09098382,0.02116810,0.00340580,26.24520313,5.00464732,53.60762426,32.21789930,0.19154089,-0.47550658,1.28997904,0.19260728,-0.47699006,1.28501827,9.23659568,0.00000001
10.60000000,LOWER_LEG,-0.00901666,-0.01800215,0.01015077,-0.07917165,0.06600418,0.31254734,-0.08235730,0.06196683,0.09093515,0.02116215,0.00339985,26.17418466,5.05935407,53.68784372,32.15402695,0.19155084,-0.47513936,1.28930085,0.19254915,-0.47666375,1.28429265,9.25191104,0.00000001
10.61000000,LOWER_LEG,-0.00913496,-0.01810975,0.01021727,-0.07921176,0.06603727,0.31256580,-0.08239368,0.06199735,0.09088689,0.02115629,0.00339398,26.10441647,5.11288980,53.76678976,32.09140026,0.19156059,-0.47477637,1.28863147,0.19249191,-0.47634202,1.28357732,9.26702730,0.00000001
10.62000000,LOWER_LEG,-0.00925151,-0.01821597,0.01028271,-0.07925150,0.06606993,0.31258396,-0.08242973,0.06202748,0.09083910,0.02115052,0.00338821,26.03593197,5.16525985,53.84440134,32.03002415,0.19157015,-0.47441776,1.28797116,0.19243558,-0.47602500,1.28287254,9.28193265,0.00000001
10.63000000,LOWER_LEG,-0.00936628,-0.01832073,0.01034705,-0.07929081,0.06610214,0.31260181,-0.08246541,0.06205720,0.09079180,0.02114484,0.00338253,25.96876229,5.21647043,53.92061906,31.96990422,0.19157951,-0.47406372,1.28732018,0.19238017,-0.47571280,1.28217858,9.29661553,0.00000001
10.64000000,LOWER_LEG,-0.00947920,-0.01842399,0.01041028,-0.07932967,0.06613389,0.31261937,-0.08250069,0.06208650,0.09074504,0.02113924,0.00337694,25.90293654,5.26652814,53.99538584,31.91104680,0.19158866,-0.47371440,1.28667878,0.19232570,-0.47540553,1.28149567,9.31106473,0.00000001
10.65000000,LOWER_LEG,-0.00959022,-0.01852567,0.01047236,-0.07936804,0.06616516,0.31263662,-0.08253553,0.06211536,0.09069884,0.02113374,0.00337143,25.83848205,5.31543950,54.06864744,31.85345880,0.19159760,-0.47336995,1.28604722,0.19227219,-0.47510331,1.28082408,9.32526950,0.00000001
10.66000000,LOWER_LEG,-0.00969929,-0.01862573,0.01053326,-0.07940589,0.06619593,0.31265357,-0.08256992,0.06214378,0.09065325,0.02112832,0.00336601,25.77542455,5.36321063,54.14035296,31.79714774,0.19160631,-0.47303054,1.28542572,0.19221966,-0.47480625,1.28016401,9.33921961,0.00000001
10.67000000,LOWER_LEG,-0.00980636,-0.01872411,0.01059297,-0.07944319,0.06622619,0.31267021,-0.08260382,0.06217172,0.09060829,0.02112298,0.00336068,25.71378834,5.40984686,54.21045528,31.74212156,0.19161481,-0.47269631,1.28481452,0.19216811,-0.47451445,1.27951572,9.35290546,0.00000001
10.68000000,LOWER_LEG,-0.00991140,-0.01882074,0.01065145,-0.07947991,0.06625593,0.31268656,-0.08263720,0.06219919,0.09056401,0.02111772,0.00335542,25.65359634,5.45535254,54.27891131,31.68838861,0.19162308,-0.47236739,1.28421385,0.19211756,-0.47422800,1.27887940,9.36631810,0.00000001
10.69000000,LOWER_LEG,-0.01001434,-0.01891559,0.01070868,-0.07951602,0.06628512,0.31270261,-0.08267004,0.06222617,0.09052042,0.02111255,0.00335025,25.59487017,5.49973080,54.34568231,31.63595749,0.19163112,-0.47204391,1.28362393,0.19206803,-0.47394701,1.27825527,9.37944933,0.00000001
10.70000000,LOWER_LEG,-0.01011515,-0.01900860,0.01076464,-0.07955150,0.06631377,0.31271835,-0.08270230,0.06225264,0.09047756,0.02110746,0.00334516,25.53763015,5.54298347,54.41073393,31.58483698,0.19163893,-0.47172600,1.28304496,0.19201953,-0.47367157,1.27764354,9.39229166,0.00000001
10.71000000,LOWER_LEG,-0.01021380,-0.01909973,0.01081931,-0.07958631,0.06634186,0.31273379,-0.08273397,0.06227860,0.09043546,0.02110245,0.00334015,25.48189521,5.58511108,54.47403639,31.53503595,0.19164652,-0.47141379,1.28247714,0.19197208,-0.47340177,1.27704440,9.40483841,0.00000001
10.72000000,LOWER_LEG,-0.01031024,-0.01918894,0.01087265,-0.07962044,0.06636936,0.31274893,-0.08276503,0.06230403,0.09039415,0.02109752,0.00333522,25.42768291,5.62611280,54.53556437,31.48656323,0.19165387,-0.47110737,1.28192068,0.19192568,-0.47313769,1.27645804,9.41708364,0.00000001
10.73000000,LOWER_LEG,-0.01040444,-0.01927619,0.01092467,-0.07965387,0.06639628,0.31276376,-0.08279545,0.06232893,0.09035364,0.02109268,0.00333037,25.37500927,5.66598662,54.59529700,31.43942757,0.19166099,-0.47080687,1.28137576,0.19188034,-0.47287942,1.27588464,9.42902219,0.00000001
10.74000000,LOWER_LEG,-0.01049638,-0.01936144,0.01097532,-0.07968656,0.06642261,0.31277827,-0.08282522,0.06235328,0.09031396,0.02108791,0.00332561,25.32328962,5.70472974,54.65320354,31.39428160,0.19166788,-0.47051238,1.28084256,0.19183608,-0.47262703,1.27532436,9.44064909,0.00000010
10.75000000,LOWER_LEG,-0.01058603,-0.01944464,0.01102460,-0.07971852,0.06644833,0.31279248,-0.08285431,0.06237708,0.09027513,0.02108323,0.00332093,25.27388689,5.74235331,54.70929688,31.34969598,0.19167454,-0.47022399,1.28032125,0.19179291,-0.47238061,1.27477737,9.45196246,0.00000010
10.76000000,LOWER_LEG,-0.01067335,-0.01952578,0.01107250,-0.07974971,0.06647343,0.31280637,-0.08288272,0.06240032,0.09023717,0.02107863,0.00331633,25.22596005,5.77882605,54.76356594,31.30657993,0.19168098,-0.46994181,1.27981199,0.19175083,-0.47214022,1.27424383,9.46295804,0.00000009
10.77000000,LOWER_LEG,-0.01075833,-0.01960485,0.01111901,-0.07978013,0.06649792,0.31281995,-0.08291043,0.06242298,0.09020010,0.02107412,0.00331182,25.17960627,5.81414730,54.81600138,31.26484249,0.19168720,-0.46966591,1.27931493,0.19170986,-0.47190592,1.27372387,9.47363382,0.00000009
10.78000000,LOWER_LEG,-0.01084095,-0.01968182,0.01116410,-0.07980976,0.06652177,0.31283320,-0.08293743,0.06244507,0.09016392,0.02106970,0.00330740,25.13483875,5.84831464,54.86659833,31.22448482,0.19169321,-0.46939639,1.27883020,0.19167000,-0.47167780,1.27321764,9.48398798,0.00000008
10.79000000,LOWER_LEG,-0.01092119,-0.01975667,0.01120779,-0.07983860,0.06654499,0.31284613,-0.08296371,0.06246658,0.09012866,0.02106537,0.00330307,25.09166430,5.88132549,54.91535611,31.18551059,0.19169899,-0.46913331,1.27835796,0.19163126,-0.47145589,1.27272527,9.49401927,0.00000008
10.80000000,LOWER_LEG,-0.01099904,-0.01982938,0.01125004,-0.07986663,0.06656757,0.31285873,-0.08298925,0.06248751,0.09009431,0.02106113,0.00329883,25.05008657,5.91317700,54.96227824,31.14792429,0.19170457,-0.46887674,1.27789832,0.19159365,-0.47124026,1.27224686,9.50372710,0.00000008
10.81000000,LOWER_LEG,-0.01107448,-0.01989994,0.01129087,-0.07989385,0.06658950,0.31287100,-0.08301407,0.06250784,0.09006090,0.02105698,0.00329468,25.01010634,5.94386621,55.00737177,31.11173052,0.19170992,-0.46862674,1.27745140,0.19155717,-0.47103095,1.27178251,9.51311142,0.00000007
10.82000000,LOWER_LEG,-0.01114751,-0.01996833,0.01133025,-0.07992026,0.06661078,0.31288293,-0.08303815,0.06252757,0.09002842,0.02105293,0.00329063,24.97172169,5.97339047,55.05064654,31.07693331,0.19171506,-0.46838336,1.27701731,0.19152183,-0.47082800,1.27133231,9.52217268,0.00000007
10.83000000,LOWER_LEG,-0.01121812,-0.02003455,0.01136820,-0.07994585,0.06663142,0.31289452,-0.08306148,0.06254671,0.08999688,0.02104898,0.00328668,24.93492823,6.00174781,55.09211455,31.04353563,0.19172000,-0.46814667,1.27659614,0.19148763,-0.47063144,1.27089633,9.53091175,0.00000006
10.84000000,LOWER_LEG,-0.01128632,-0.02009860,0.01140470,-0.07997061,0.06665139,0.31290578,-0.08308407,0.06256524,0.08996629,0.02104514,0.00328283,24.89971932,6.02893738,55.13178960,31.01153911,0.19172472,-0.46791670,1.27618796,0.19145457,-0.47044132,1.27047465,9.53932986,0.00000006
10.85000000,LOWER_LEG,-0.01135209,-0.02016048,0.01143976,-0.07999456,0.06667071,0.31291668,-0.08310591,0.06258318,0.08993665,0.02104139,0.00327909,24.86608617,6.05495972,55.16968699,30.98094383,0.19172922,-0.46769349,1.27579285,0.19142265,-0.47025764,1.27006731,9.54742859,0.00000006
10.86000000,LOWER_LEG,-0.01141544,-0.02022019,0.01147338,-0.08001768,0.06668937,0.31292725,-0.08312701,0.06260050,0.08990795,0.02103776,0.00327546,24.83401797,6.07981694,55.20582334,30.95174828,0.19173353,-0.46747708,1.27541087,0.19139188,-0.47008044,1.26967435,9.55520981,0.00000005
10.87000000,LOWER_LEG,-0.01147637,-0.02027772,0.01150556,-0.08003998,0.06670738,0.31293746,-0.08314737,0.06261723,0.08988021,0.02103423,0.00327193,24.80350194,6.10351291,55.24021651,30.92394923,0.19173762,-0.46726750,1.27504206,0.19136226,-0.46990971,1.26929578,9.56267566,0.00000005
10.88000000,LOWER_LEG,-0.01153490,-0.02033309,0.01153630,-0.08006147,0.06672472,0.31294732,-0.08316698,0.06263335,0.08985341,0.02103082,0.00326852,24.77431413,6.12605934,55.27287381,30.89775759,0.19174149,-0.46706476,1.27468646,0.19133378,-0.46974547,1.26893162,9.56982824,0.00000009
10.89000000,LOWER_LEG,-0.01159102,-0.02038631,0.01156562,-0.08008215,0.06674141,0.31295682,-0.08318586,0.06264886,0.08982756,0.02102753,0.00326523,24.74754433,6.14745480,55.30383480,30.87192877,0.19174517,-0.46686889,1.27434407,0.19130644,-0.46958771,1.26858184,9.57667031,0.00000000
10.90000000,LOWER_LEG,-0.01164475,-0.02043738,0.01159352,-0.08010201,0.06675744,0.31296598,-0.08320400,0.06266377,0.08980265,0.02102435,0.00326205,24.72123170,6.16770917,55.33313067,30.84874006,0.19174864,-0.46667989,1.27401490,0.19128023,-0.46943642,1.26824643,9.58320655,0.00000004
10.91000000,LOWER_LEG,-0.01169609,-0.02048634,0.01162000,-0.08012107,0.06677282,0.31297478,-0.08322141,0.06267809,0.08977868,0.02102129,0.00325899,24.69651815,6.18683221,55.36075329,30.82673113,0.19175190,-0.46649776,1.27369894,0.19125516,-0.46929158,1.26792535,9.58943724,0.00000007
10.92000000,LOWER_LEG,-0.01174508,-0.02053318,0.01164509,-0.08013934,0.06678755,0.31298322,-0.08323811,0.06269180,0.08975564,0.02101836,0.00325606,24.67356912,6.20484524,55.38673643,30.80573068,0.19175496,-0.46632251,1.27339616,0.19123121,-0.46915317,1.26761852,9.59536668,0.00000006
10.93000000,LOWER_LEG,-0.01179173,-0.02057792,0.01166880,-0.08015681,0.06680163,0.31299132,-0.08325408,0.06270491,0.08973352,0.02101556,0.00325325,24.65249746,6.22176184,55.41109606,30.78553393,0.19175781,-0.46615411,1.27310653,0.19120838,-0.46902115,1.26732588,9.60099734,0.00000000
10.94000000,LOWER_LEG,-0.01183605,-0.02062059,0.01169113,-0.08017350,0.06681507,0.31299906,-0.08326934,0.06271744,0.08971233,0.02101288,0.00325057,24.63212624,6.23760043,55.43388239,30.76754496,0.19176046,-0.46599256,1.27282998,0.19118666,-0.46889547,1.26704732,9.60633525,0.00000002
10.95000000,LOWER_LEG,-0.01187806,-0.02066120,0.01171211,-0.08018942,0.06682786,0.31300645,-0.08328390,0.06272937,0.08969205,0.02101033,0.00324802,24.61335609,6.25237811,55.45509881,30.75059122,0.19176291,-0.46583781,1.27256643,0.19116604,-0.46877609,1.26678273,9.61138189,0.00000002
10.96000000,LOWER_LEG,-0.01191781,-0.02069978,0.01173175,-0.08020457,0.06684003,0.31301349,-0.08329776,0.06274072,0.08967267,0.02100790,0.00324560,24.59552285,6.26611467,55.47476484,30.73535736,0.19176516,-0.46568985,1.27231580,0.19114650,-0.46866294,1.26653196,9.61614094,0.00000008
10.97000000,LOWER_LEG,-0.01195530,-0.02073636,0.01175008,-0.08021896,0.06685156,0.31302019,-0.08331094,0.06275149,0.08965419,0.02100562,0.00324331,24.57978978,6.27884410,55.49294267,30.72058779,0.19176721,-0.46554862,1.27207798,0.19112803,-0.46855596,1.26629488,9.62061896,0.00000003
10.98000000,LOWER_LEG,-0.01199058,-0.02077095,0.01176711,-0.08023260,0.06686247,0.31302655,-0.08332343,0.06276169,0.08963659,0.02100346,0.00324116,24.56498251,6.29058389,55.50962615,30.70744002,0.19176906,-0.46541408,1.27185284,0.19111063,-0.46845507,1.26607130,9.62481773,0.00000003
10.99000000,LOWER_LEG,-0.01202367,-0.02080359,0.01178287,-0.08024550,0.06687277,0.31303258,-0.08333526,0.06277133,0.08961987,0.02100143,0.00323913,24.55187073,6.30136488,55.52482988,30.69491110,0.19177072,-0.46528616,1.27164024,0.19109426,-0.46836019,1.26586104,9.62874073,0.00000000
11.00000000,LOWER_LEG,-0.01205461,-0.02083432,0.01179738,-0.08025768,0.06688247,0.31303827,-0.08334642,0.06278040,0.08960402,0.02099954,0.00323724,24.53912617,6.31120796,55.53866095,30.68471613,0.19177220,-0.46516481,1.27144000,0.19107892,-0.46827120,1.26566386,9.63239736,0.00000003
11.01000000,LOWER_LEG,-0.01208345,-0.02086315,0.01181067,-0.08026913,0.06689157,0.31304364,-0.08335693,0.06278893,0.08958902,0.02099778,0.00323548,24.52808342,6.32018416,55.55107597,30.67501536,0.19177348,-0.46504993,1.27125196,0.19106458,-0.46818803,1.26547956,9.63578851,0.00000004
11.02000000,LOWER_LEG,-0.01211021,-0.02089013,0.01182277,-0.08027988,0.06690008,0.31304869,-0.08336680,0.06279691,0.08957487,0.02099615,0.00323385,24.51830836,6.32832210,55.56215178,30.66634937,0.19177458,-0.46494146,1.27107593,0.19105123,-0.46811053,1.26530785,9.63892138,0.00000001
11.03000000,LOWER_LEG,-0.01213494,-0.02091531,0.01183371,-0.08028994,0.06690801,0.31305343,-0.08337604,0.06280436,0.08956154,0.02099465,0.00323235,24.50972767,6.33563136,55.57192716,30.65870368,0.19177553,-0.46483930,1.27091167,0.19103884,-0.46803861,1.26514848,9.64180128,0.00000005
11.04000000,LOWER_LEG,-0.01215769,-0.02093872,0.01184353,-0.08029931,0.06691538,0.31305787,-0.08338466,0.06281128,0.08954903,0.02099329,0.00323099,24.50187674,6.34213992,55.58038916,30.65237139,0.19177630,-0.46474334,1.27075895,0.19102739,-0.46797211,1.26500116,9.64443118,0.00000004
11.05000000,LOWER_LEG,-0.01217853,-0.02096038,0.01185224,-0.08030801,0.06692219,0.31306200,-0.08339267,0.06281769,0.08953733,0.02099206,0.00322976,24.49527578,6.34790616,55.58760900,30.64685797,0.19177689,-0.46465346,1.27061754,0.19101685,-0.46791091,1.26486556,9.64681998,0.00000005
11.06000000,LOWER_LEG,-0.01219751,-0.02098034,0.01185989,-0.08031606,0.06692846,0.31306586,-0.08340009,0.06282361,0.08952640,0.02099095,0.00322865,24.48984713,6.35295710,55.59363296,30.64215340,0.19177732,-0.46456953,1.27048713,0.19100720,-0.46785484,1.26474133,9.64897380,0.00000009
11.07000000,LOWER_LEG,-0.01221467,-0.02099864,0.01186650,-0.08032347,0.06693421,0.31306943,-0.08340692,0.06282903,0.08951626,0.02098996,0.00322766,24.48486837,6.35731874,55.59847189,30.63885298,0.19177759,-0.46449140,1.27036743,0.19099841,-0.46780373,1.26462810,9.65089680,0.00000004
11.08000000,LOWER_LEG,-0.01223008,-0.02101533,0.01187213,-0.08033025,0.06693944,0.31307273,-0.08341318,0.06283399,0.08950687,0.02098909,0.00322679,24.48080439,6.36104642,55.60222931,30.63656360,0.19177772,-0.46441894,1.27025811,0.19099044,-0.46775742,1.26452550,9.65260070,0.00000000
11.09000000,LOWER_LEG,-0.01224380,-0.02103045,0.01187681,-0.08033642,0.06694419,0.31307577,-0.08341888,0.06283848,0.08949822,0.02098834,0.00322603,24.47803455,6.36417599,55.60489934,30.63454164,0.19177770,-0.46435199,1.27015883,0.19098327,-0.46771571,1.26443311,9.65408847,0.00000000
11.10000000,LOWER_LEG,-0.01225589,-0.02104407,0.01188058,-0.08034200,0.06694845,0.31307856,-0.08342404,0.06284253,0.08949029,0.02098768,0.00322538,24.47605692,6.36675667,55.60656022,30.63337395,0.19177756,-0.46429037,1.27006923,0.19097685,-0.46767842,1.26435049,9.65536999,0.00000000
11.11000000,LOWER_LEG,-0.01226642,-0.02105622,0.01188348,-0.08034699,0.06695225,0.31308110,-0.08342868,0.06284615,0.08948306,0.02098712,0.00322482,24.47488213,6.36883878,55.60725493,30.63291688,0.19177729,-0.46423391,1.26998891,0.19097116,-0.46764534,1.26427720,9.65645279,0.00000000
11.12000000,LOWER_LEG,-0.01227546,-0.02106698,0.01188556,-0.08035143,0.06695560,0.31308342,-0.08343280,0.06284936,0.08947652,0.02098666,0.00322436,24.47498965,6.37047816,55.60701557,30.63244355,0.19177690,-0.46418242,1.26991749,0.19096616,-0.46761624,1.26421275,9.65734382,0.00000005
11.13000000,LOWER_LEG,-0.01228308,-0.02107638,0.01188687,-0.08035532,0.06695854,0.31308552,-0.08343642,0.06285218,0.08947063,0.02098627,0.00322397,24.47485675,6.37172932,55.60594610,30.63377148,0.19177640,-0.46413570,1.26985454,0.19096180,-0.46759091,1.26415664,9.65805562,0.00000000
11.14000000,LOWER_LEG,-0.01228936,-0.02108451,0.01188745,-0.08035868,0.06696106,0.31308741,-0.08343957,0.06285461,0.08946539,0.02098596,0.00322366,24.47627393,6.37264349,55.60405417,30.63452424,0.19177580,-0.46409353,1.26979960,0.19095805,-0.46756911,1.26410833,9.65859305,0.00000006
11.15000000,LOWER_LEG,-0.01229438,-0.02109142,0.01188735,-0.08036155,0.06696320,0.31308911,-0.08344226,0.06285669,0.08946076,0.02098572,0.00322342,24.47734498,6.37328260,55.60144147,30.63692905,0.19177511,-0.46405569,1.26975221,0.19095487,-0.46755058,1.26406729,9.65896953,0.00000000
11.16000000,LOWER_LEG,-0.01229822,-0.02109718,0.01188663,-0.08036394,0.06696497,0.31309062,-0.08344450,0.06285843,0.08945673,0.02098553,0.00322323,24.47989797,6.37370247,55.59812589,30.63857853,0.19177433,-0.46402194,1.26971189,0.19095220,-0.46753507,1.26403293,9.65919103,0.00000006
11.17000000,LOWER_LEG,-0.01230097,-0.02110185,0.01188533,-0.08036587,0.06696641,0.31309197,-0.08344633,0.06285984,0.08945326,0.02098539,0.00322309,24.48194982,6.37396770,55.59421647,30.64179520,0.19177348,-0.46399203,1.26967813,0.19095001,-0.46752231,1.26400466,9.65927204,0.00000000
11.18000000,LOWER_LEG,-0.01230273,-0.02110553,0.01188350,-0.08036736,0.06696752,0.31309316,-0.08344775,0.06286096,0.08945033,0.02098529,0.00322299,24.48537285,6.37411844,55.58996137,30.64414450,0.19177255,-0.46396572,1.26965038,0.19094824,-0.46751202,1.26398187,9.65925397,0.00000006
11.19000000,LOWER_LEG,-0.01230357,-0.02110828,0.01188121,-0.08036845,0.06696834,0.31309422,-0.08344880,0.06286180,0.08944790,0.02098522,0.00322292,24.48815670,6.37426683,55.58431449,30.64788631,0.19177156,-0.46394271,1.26962811,0.19094685,-0.46750390,1.26396390,9.65897785,0.00000009
11.20000000,LOWER_LEG,-0.01230361,-0.02111018,0.01187851,-0.08036916,0.06696889,0.31309514,-0.08344950,0.06286239,0.08944596,0.02098517,0.00322287,24.49215244,6.37444258,55.57932636,30.65062673,0.19177053,-0.46392272,1.26961073,0.19094577,-0.46749766,1.26395007,9.65875094,0.00000006
11.21000000,LOWER_LEG,-0.01230295,-0.02111131,0.01187547,-0.08036951,0.06696919,0.31309596,-0.08344987,0.06286274,0.08944445,0.02098513,0.00322283,24.49540357,6.37472531,55.57374546,30.65461325,0.19176947,-0.46390547,1.26959764,0.19094497,-0.46749298,1.26393970,9.65838827,0.00000003
11.22000000,LOWER_LEG,-0.01230167,-0.02111176,0.01187215,-0.08036954,0.06696928,0.31309669,-0.08344994,0.06286289,0.08944336,0.02098509,0.00322279,24.49966428,6.37468684,55.56828642,30.65748180,0.19176839,-0.46389065,1.26958828,0.19094442,-0.46748982,1.26393270,9.65799652,0.00000009
11.23000000,LOWER_LEG,-0.01229989,-0.02111160,0.01186861,-0.08036928,0.06696918,0.31309735,-0.08344973,0.06286286,0.08944265,0.02098504,0.00322274,24.50360741,6.37557660,55.56146516,30.66075318,0.19176730,-0.46387794,1.26958196,0.19094397,-0.46748717,1.26392682,9.65736385,0.00000007
11.24000000,LOWER_LEG,-0.01229774,-0.02111097,0.01186493,-0.08036875,0.06696891,0.31309794,-0.08344928,0.06286268,0.08944228,0.02098497,0.00322267,24.50734484,6.37663700,55.55568650,30.66408239,0.19176620,-0.46386697,1.26957793,0.19094362,-0.46748511,1.26392227,9.65684194,0.00000007
11.25000000,LOWER_LEG,-0.01229534,-0.02110996,0.01186117,-0.08036800,0.06696852,0.31309850,-0.08344861,0.06286237,0.08944221,0.02098486,0.00322255,24.51093866,6.37802378,55.54960196,30.66719579,0.19176511,-0.46385743,1.26957554,0.19094330,-0.46748329,1.26391823,9.65623239,0.00000006
11.26000000,VERIFY_CONTACT,-0.01229280,-0.02110867,0.01185740,-0.08036706,0.06696803,0.31309904,-0.08344776,0.06286196,0.08944241,0.02098470,0.00322240,24.51415268,6.37975301,55.54356483,30.67018913,0.19176404,-0.46384897,1.26957411,0.19094297,-0.46748137,1.26391398,9.65558861,0.00000006
11.27000000,VERIFY_CONTACT,-0.01229022,-0.02110718,0.01185370,-0.08036595,0.06696747,0.31309957,-0.08344675,0.06286148,0.08944283,0.02098450,0.00322220,24.51761521,6.38154184,55.53766448,30.67231532,0.19176303,-0.46384128,1.26957305,0.19094262,-0.46747932,1.26390944,9.65492664,0.00000010
11.28000000,VERIFY_CONTACT,-0.01228770,-0.02110559,0.01185012,-0.08036473,0.06696688,0.31310012,-0.08344562,0.06286096,0.08944344,0.02098427,0.00322196,24.51988721,6.38316581,55.53192015,30.67500244,0.19176209,-0.46383418,1.26957201,0.19094226,-0.46747723,1.26390480,9.65425699,0.00000006
11.29000000,VERIFY_CONTACT,-0.01228531,-0.02110392,0.01184673,-0.08036341,0.06696628,0.31310067,-0.08344440,0.06286043,0.08944419,0.02098402,0.00322172,24.52258410,6.38452851,55.52640976,30.67654885,0.19176127,-0.46382753,1.26957081,0.19094190,-0.46747515,1.26390020,9.65359367,0.00000006
11.30000000,VERIFY_CONTACT,-0.01228307,-0.02110224,0.01184358,-0.08036203,0.06696569,0.31310125,-0.08344312,0.06285991,0.08944504,0.02098379,0.00322149,24.52465929,6.38557321,55.52120749,30.67831902,0.19176059,-0.46382129,1.26956939,0.19094156,-0.46747314,1.26389575,9.65294956,0.00000006
11.31000000,VERIFY_CONTACT,-0.01228106,-0.02110055,0.01184068,-0.08036063,0.06696514,0.31310184,-0.08344181,0.06285942,0.08944598,0.02098358,0.00322128,24.52745230,6.38629656,55.51628222,30.67860432,0.19176005,-0.46381540,1.26956777,0.19094123,-0.46747123,1.26389152,9.65232956,0.00000005
11.32000000,VERIFY_CONTACT,-0.01227926,-0.02109889,0.01183807,-0.08035921,0.06696464,0.31310243,-0.08344048,0.06285896,0.08944697,0.02098341,0.00322111,24.52962822,6.38669613,55.51175255,30.67926784,0.19175969,-0.46380986,1.26956595,0.19094092,-0.46746944,1.26388756,9.65174734,0.00000007
11.33000000,VERIFY_CONTACT,-0.01227770,-0.02109726,0.01183576,-0.08035781,0.06696419,0.31310302,-0.08343916,0.06285856,0.08944798,0.02098328,0.00322098,24.53165905,6.38739935,55.50709067,30.67973693,0.19175950,-0.46380465,1.26956406,0.19094061,-0.46746764,1.26388356,9.65113119,0.00000007
11.34000000,VERIFY_CONTACT,-0.01227641,-0.02109566,0.01183373,-0.08035645,0.06696382,0.31310359,-0.08343787,0.06285821,0.08944900,0.02098320,0.00322090,24.53359870,6.38683716,55.50377102,30.68008611,0.19175943,-0.46379973,1.26956211,0.19094038,-0.46746629,1.26388058,9.65070526,0.00000004
11.35000000,VERIFY_CONTACT,-0.01227540,-0.02109410,0.01183197,-0.08035513,0.06696352,0.31310413,-0.08343662,0.06285794,0.08945000,0.02098316,0.00322085,24.53549733,6.38625905,55.50074872,30.68031753,0.19175949,-0.46379506,1.26956015,0.19094017,-0.46746508,1.26387789,9.65031298,0.00000007
11.36000000,VERIFY_CONTACT,-0.01227462,-0.02109261,0.01183047,-0.08035388,0.06696329,0.31310463,-0.08343543,0.06285772,0.08945097,0.02098315,0.00322085,24.53773296,6.38563270,55.49812675,30.68020528,0.19175967,-0.46379066,1.26955825,0.19093999,-0.46746399,1.26387548,9.64996693,0.00000010
11.37000000,VERIFY_CONTACT,-0.01227405,-0.02109120,0.01182921,-0.08035271,0.06696314,0.31310507,-0.08343432,0.06285758,0.08945189,0.02098318,0.00322088,24.53979586,6.38553029,55.49531993,30.68018811,0.19175996,-0.46378652,1.26955646,0.19093977,-0.46746273,1.26387268,9.64958763,0.00000008
11.38000000,VERIFY_CONTACT,-0.01227369,-0.02108992,0.01182816,-0.08035163,0.06696305,0.31310545,-0.08343328,0.06285749,0.08945275,0.02098324,0.00322093,24.54256199,6.38442372,55.49379264,30.67932079,0.19176032,-0.46378262,1.26955480,0.19093965,-0.46746202,1.26387111,9.64938956,0.00000007
11.39000000,VERIFY_CONTACT,-0.01227349,-0.02108876,0.01182729,-0.08035065,0.06696302,0.31310577,-0.08343234,0.06285747,0.08945353,0.02098332,0.00322102,24.54417563,6.38365346,55.49230945,30.67985144,0.19176075,-0.46377895,1.26955331,0.19093952,-0.46746127,1.26386945,9.64919256,0.00000006
11.40000000,VERIFY_CONTACT,-0.01227345,-0.02108773,0.01182656,-0.08034978,0.06696305,0.31310602,-0.08343150,0.06285749,0.08945422,0.02098343,0.00322112,24.54593109,6.38334401,55.49069829,30.68002197,0.19176119,-0.46377549,1.26955204,0.19093939,-0.46746052,1.26386779,9.64897568,0.00000009
11.41000000,VERIFY_CONTACT,-0.01227354,-0.02108685,0.01182595,-0.08034902,0.06696313,0.31310621,-0.08343077,0.06285756,0.08945481,0.02098355,0.00322125,24.54813856,6.38197178,55.49035403,30.67974136,0.19176164,-0.46377220,1.26955097,0.19093933,-0.46746017,1.26386702,9.64894627,0.00000003
11.42000000,VERIFY_CONTACT,-0.01227372,-0.02108612,0.01182543,-0.08034839,0.06696324,0.31310633,-0.08343015,0.06285766,0.08945530,0.02098369,0.00322139,24.54969035,6.38133552,55.48962054,30.68003069,0.19176207,-0.46376908,1.26955016,0.19093927,-0.46745981,1.26386622,9.64885720,0.00000005
11.43000000,VERIFY_CONTACT,-0.01227399,-0.02108556,0.01182497,-0.08034787,0.06696338,0.31310639,-0.08342965,0.06285780,0.08945568,0.02098384,0.00322154,24.55109978,6.37957980,55.49010274,30.68037066,0.19176244,-0.46376608,1.26954951,0.19093927,-0.46745981,1.26386622,9.64895343,0.00000007
11.44000000,VERIFY_CONTACT,-0.01227430,-0.02108514,0.01182454,-0.08034749,0.06696355,0.31310640,-0.08342926,0.06285795,0.08945595,0.02098400,0.00322170,24.55243186,6.37842373,55.49026501,30.68068637,0.19176277,-0.46376324,1.26954916,0.19093927,-0.46745981,1.26386622,9.64900217,0.00000007
11.45000000,VERIFY_CONTACT,-0.01227463,-0.02108489,0.01182414,-0.08034722,0.06696373,0.31310636,-0.08342899,0.06285812,0.08945611,0.02098418,0.00322187,24.55359538,6.37731873,55.49054486,30.68107477,0.19176303,-0.46376052,1.26954902,0.19093927,-0.46745981,1.26386622,9.64907346,0.00000006
11.46000000,VERIFY_CONTACT,-0.01227499,-0.02108480,0.01182373,-0.08034707,0.06696392,0.31310627,-0.08342883,0.06285830,0.08945617,0.02098435,0.00322205,24.55466791,6.37624884,55.49093848,30.68145016,0.19176319,-0.46375789,1.26954902,0.19093927,-0.46745981,1.26386622,9.64916592,0.00000002
11.47000000,VERIFY_CONTACT,-0.01227536,-0.02108489,0.01182332,-0.08034704,0.06696410,0.31310615,-0.08342878,0.06285848,0.08945612,0.02098453,0.00322223,24.55507559,6.37519347,55.49138580,30.68229080,0.19176325,-0.46375532,1.26954910,0.19093927,-0.46745981,1.26386622,9.64927233,0.00000007
11.48000000,VERIFY_CONTACT,-0.01227573,-0.02108513,0.01182289,-0.08034711,0.06696429,0.31310599,-0.08342883,0.06285865,0.08945597,0.02098470,0.00322240,24.55547106,6.37375699,55.49233509,30.68303497,0.19176320,-0.46375283,1.26954932,0.19093933,-0.46746017,1.26386703,9.64945238,0.00000009
11.49000000,VERIFY_CONTACT,-0.01227605,-0.02108548,0.01182245,-0.08034728,0.06696447,0.31310581,-0.08342897,0.06285882,0.08945573,0.02098489,0.00322259,24.55574896,6.37246764,55.49322285,30.68380534,0.19176308,-0.46375049,1.26954978,0.19093939,-0.46746054,1.26386784,9.64962901,0.00000009
11.50000000,VERIFY_CONTACT,-0.01227633,-0.02108594,0.01182199,-0.08034755,0.06696463,0.31310561,-0.08342920,0.06285898,0.08945542,0.02098508,0.00322278,24.55590190,6.37132010,55.49405643,30.68460946,0.19176288,-0.46374827,1.26955043,0.19093946,-0.46746091,1.26386866,9.64980155,0.00000006
11.51000000,VERIFY_CONTACT,-0.01227656,-0.02108652,0.01182152,-0.08034789,0.06696477,0.31310539,-0.08342951,0.06285912,0.08945503,0.02098527,0.00322297,24.55593411,6.37033578,55.49479885,30.68544869,0.19176261,-0.46374618,1.26955122,0.19093952,-0.46746127,1.26386945,9.64996367,0.00000004
11.52000000,VERIFY_CONTACT,-0.01227672,-0.02108720,0.01182106,-0.08034830,0.06696490,0.31310516,-0.08342989,0.06285924,0.08945457,0.02098545,0.00322315,24.55584925,6.36935458,55.49557760,30.68632458,0.19176228,-0.46374421,1.26955208,0.19093958,-0.46746165,1.26387029,9.65013410,0.00000006
11.53000000,VERIFY_CONTACT,-0.01227685,-0.02108796,0.01182060,-0.08034877,0.06696500,0.31310492,-0.08343032,0.06285934,0.08945407,0.02098563,0.00322333,24.55529429,6.36849211,55.49622805,30.68750443,0.19176187,-0.46374237,1.26955304,0.19093964,-0.46746200,1.26387107,9.65029382,0.00000008
11.54000000,VERIFY_CONTACT,-0.01227694,-0.02108875,0.01182014,-0.08034929,0.06696508,0.31310469,-0.08343079,0.06285942,0.08945353,0.02098580,0.00322350,24.55474228,6.36684538,55.49764540,30.68864385,0.19176137,-0.46374064,1.26955406,0.19093977,-0.46746272,1.26387266,9.65056927,0.00000004
11.55000000,VERIFY_CONTACT,-0.01227700,-0.02108957,0.01181969,-0.08034984,0.06696514,0.31310445,-0.08343130,0.06285949,0.08945295,0.02098597,0.00322366,24.55420546,6.36639635,55.49801298,30.68969150,0.19176083,-0.46373903,1.26955515,0.19093983,-0.46746307,1.26387345,9.65068986,0.00000005
11.56000000,VERIFY_CONTACT,-0.01227702,-0.02109039,0.01181926,-0.08035041,0.06696518,0.31310422,-0.08343184,0.06285953,0.08945237,0.02098612,0.00322382,24.55370204,6.36583944,55.49847622,30.69066897,0.19176024,-0.46373754,1.26955626,0.19093989,-0.46746342,1.26387423,9.65082738,0.00000006
11.57000000,VERIFY_CONTACT,-0.01227702,-0.02109121,0.01181886,-0.08035099,0.06696520,0.31310400,-0.08343239,0.06285955,0.08945177,0.02098626,0.00322395,24.55316210,6.36526779,55.49895596,30.69164272,0.19175963,-0.46373617,1.26955736,0.19093995,-0.46746377,1.26387499,9.65096769,0.00000007
11.58000000,VERIFY_CONTACT,-0.01227700,-0.02109203,0.01181849,-0.08035157,0.06696521,0.31310379,-0.08343293,0.06285956,0.08945118,0.02098638,0.00322408,24.55261671,6.36467802,55.49946089,30.69257966,0.19175899,-0.46373493,1.26955844,0.19094001,-0.46746414,1.26387581,9.65110997,0.00000009
11.59000000,VERIFY_CONTACT,-0.01227696,-0.02109281,0.01181815,-0.08035215,0.06696520,0.31310359,-0.08343348,0.06285956,0.08945061,0.02098650,0.00322420,24.55208418,6.36415148,55.49990365,30.69346524,0.19175835,-0.46373381,1.26955950,0.19094007,-0.46746450,1.26387661,9.65124151,0.00000010
11.60000000,VERIFY_CONTACT,-0.01227691,-0.02109357,0.01181786,-0.08035270,0.06696518,0.31310340,-0.08343400,0.06285954,0.08945005,0.02098660,0.00322430,24.55082169,6.36368179,55.50028103,30.69514609,0.19175771,-0.46373283,1.26956051,0.19094013,-0.46746484,1.26387737,9.65136183,0.00000009
11.61000000,VERIFY_CONTACT,-0.01227686,-0.02109427,0.01181761,-0.08035323,0.06696515,0.31310323,-0.08343450,0.06285952,0.08944953,0.02098669,0.00322439,24.55052239,6.36323771,55.50061176,30.69562734,0.19175708,-0.46373198,1.26956148,0.19094019,-0.46746520,1.26387816,9.65147272,0.00000009
11.62000000,VERIFY_CONTACT,-0.01227680,-0.02109492,0.01181742,-0.08035373,0.06696512,0.31310308,-0.08343498,0.06285949,0.08944904,0.02098678,0.00322447,24.55008874,6.36282308,55.50092447,30.69630844,0.19175648,-0.46373126,1.26956239,0.19094026,-0.46746556,1.26387896,9.65157583,0.00000007
11.63000000,VERIFY_CONTACT,-0.01227674,-0.02109551,0.01181726,-0.08035418,0.06696509,0.31310294,-0.08343541,0.06285946,0.08944859,0.02098685,0.00322455,24.54957010,6.36243226,55.50122061,30.69713228,0.19175590,-0.46373066,1.26956323,0.19094032,-0.46746592,1.26387976,9.65167148,0.00000005
11.64000000,VERIFY_CONTACT,-0.01227670,-0.02109604,0.01181716,-0.08035459,0.06696505,0.31310283,-0.08343581,0.06285942,0.08944819,0.02098691,0.00322461,24.54997823,6.36189272,55.50161036,30.69679432,0.19175534,-0.46373016,1.26956396,0.19094038,-0.46746628,1.26388056,9.65177910,0.00000009
11.65000000,VERIFY_CONTACT,-0.01227666,-0.02109649,0.01181710,-0.08035496,0.06696501,0.31310273,-0.08343616,0.06285939,0.08944784,0.02098696,0.00322466,24.54967530,6.36209625,55.50125942,30.69724154,0.19175482,-0.46372978,1.26956465,0.19094038,-0.46746628,1.26388056,9.65177659,0.00000008
11.66000000,VERIFY_CONTACT,-0.01227662,-0.02109689,0.01181708,-0.08035527,0.06696498,0.31310266,-0.08343647,0.06285936,0.08944753,0.02098700,0.00322470,24.54928706,6.36173957,55.50144632,30.69774357,0.19175435,-0.46372950,1.26956524,0.19094044,-0.46746664,1.26388135,9.65184280,0.00000002
11.67000000,VERIFY_CONTACT,-0.01227660,-0.02109719,0.01181710,-0.08035554,0.06696495,0.31310260,-0.08343672,0.06285932,0.08944728,0.02098704,0.00322474,24.54952168,6.36182310,55.50120692,30.69767022,0.19175390,-0.46372932,1.26956576,0.19094044,-0.46746664,1.26388135,9.65184586,0.00000007
11.68000000,VERIFY_CONTACT,-0.01227658,-0.02109745,0.01181716,-0.08035575,0.06696492,0.31310257,-0.08343693,0.06285930,0.08944708,0.02098706,0.00322476,24.54911109,6.36121196,55.50157821,30.69815650,0.19175349,-0.46372920,1.26956612,0.19094050,-0.46746699,1.26388212,9.65193079,0.00000001
11.69000000,VERIFY_CONTACT,-0.01227657,-0.02109760,0.01181724,-0.08035591,0.06696490,0.31310255,-0.08343709,0.06285927,0.08944693,0.02098709,0.00322479,24.54949918,6.36164004,55.50100716,30.69784054,0.19175313,-0.46372920,1.26956657,0.19094050,-0.46746699,1.26388212,9.65187407,0.00000003
11.70000000,VERIFY_CONTACT,-0.01227657,-0.02109769,0.01181735,-0.08035601,0.06696488,0.31310255,-0.08343720,0.06285925,0.08944683,0.02098710,0.00322480,24.54967445,6.36170919,55.50074271,30.69774947,0.19175280,-0.46372924,1.26956686,0.19094050,-0.46746699,1.26388212,9.65185806,0.00000005
11.71000000,VERIFY_CONTACT,-0.01227657,-0.02109773,0.01181747,-0.08035607,0.06696486,0.31310257,-0.08343726,0.06285924,0.08944678,0.02098710,0.00322480,24.54985257,6.36177498,55.50047008,30.69762397,0.19175251,-0.46372932,1.26956704,0.19094050,-0.46746699,1.26388212,9.65183481,0.00000005
11.72000000,VERIFY_CONTACT,-0.01227658,-0.02109772,0.01181761,-0.08035609,0.06696485,0.31310260,-0.08343728,0.06285923,0.08944677,0.02098710,0.00322480,24.55004668,6.36185203,55.50017676,30.69745758,0.19175225,-0.46372944,1.26956714,0.19094050,-0.46746699,1.26388212,9.65180394,0.00000005
11.73000000,VERIFY_CONTACT,-0.01227659,-0.02109766,0.01181776,-0.08035606,0.06696485,0.31310264,-0.08343726,0.06285922,0.08944681,0.02098709,0.00322479,24.55025940,6.36194566,55.49986300,30.69725236,0.19175202,-0.46372961,1.26956719,0.19094050,-0.46746699,1.26388212,9.65176643,0.00000004
11.74000000,VERIFY_CONTACT,-0.01227661,-0.02109753,0.01181790,-0.08035599,0.06696484,0.31310270,-0.08343721,0.06285922,0.08944688,0.02098708,0.00322478,24.55049089,6.36205837,55.49953257,30.69701447,0.19175182,-0.46372980,1.26956723,0.19094050,-0.46746699,1.26388212,9.65172339,0.00000002
11.75000000,VERIFY_CONTACT,-0.01227662,-0.02109734,0.01181804,-0.08035588,0.06696484,0.31310277,-0.08343711,0.06285922,0.08944698,0.02098707,0.00322477,24.55073960,6.36219042,55.49919067,30.69675190,0.19175164,-0.46373001,1.26956725,0.19094050,-0.46746699,1.26388212,9.65167587,0.00000001
11.76000000,VERIFY_CONTACT,-0.01227663,-0.02109709,0.01181816,-0.08035575,0.06696485,0.31310285,-0.08343699,0.06285922,0.08944712,0.02098705,0.00322475,24.55100273,6.36234047,55.49884269,30.69647288,0.19175149,-0.46373023,1.26956728,0.19094050,-0.46746699,1.26388212,9.65162486,0.00000005
11.77000000,VERIFY_CONTACT,-0.01227664,-0.02109679,0.01181828,-0.08035558,0.06696485,0.31310293,-0.08343684,0.06285922,0.08944728,0.02098703,0.00322473,24.55127669,6.36250603,55.49849352,30.69618493,0.19175135,-0.46373046,1.26956732,0.19094050,-0.46746699,1.26388212,9.65157125,0.00000009
11.78000000,VERIFY_CONTACT,-0.01227664,-0.02109650,0.01181839,-0.08035539,0.06696486,0.31310302,-0.08343667,0.06285923,0.08944747,0.02098700,0.00322470,24.55180481,6.36295908,55.49787615,30.69572745,0.19175126,-0.46373067,1.26956721,0.19094044,-0.46746664,1.26388134,9.65147472,0.00000003
11.79000000,VERIFY_CONTACT,-0.01227664,-0.02109620,0.01181848,-0.08035519,0.06696486,0.31310311,-0.08343648,0.06285923,0.08944768,0.02098697,0.00322466,24.55198808,6.36300723,55.49764314,30.69549480,0.19175116,-0.46373085,1.26956702,0.19094044,-0.46746664,1.26388134,9.65142957,0.00000008
11.80000000,VERIFY_CONTACT,-0.01227663,-0.02109589,0.01181857,-0.08035496,0.06696487,0.31310320,-0.08343627,0.06285924,0.08944790,0.02098694,0.00322463,24.55255009,6.36362045,55.49689290,30.69498592,0.19175109,-0.46373103,1.26956686,0.19094038,-0.46746628,1.26388056,9.65130771,0.00000002
11.81000000,VERIFY_CONTACT,-0.01227662,-0.02109561,0.01181863,-0.08035473,0.06696488,0.31310330,-0.08343606,0.06285925,0.08944813,0.02098690,0.00322459,24.55262916,6.36347001,55.49683700,30.69483752,0.19175102,-0.46373116,1.26956656,0.19094038,-0.46746628,1.26388056,9.65128627,0.00000006
11.82000000,VERIFY_CONTACT,-0.01227660,-0.02109529,0.01181867,-0.08035450,0.06696489,0.31310339,-0.08343584,0.06285925,0.08944836,0.02098686,0.00322456,24.55340333,6.36437080,55.49585361,30.69400172,0.19175098,-0.46373129,1.26956638,0.19094032,-0.46746594,1.26387979,9.65112736,0.00000000
11.83000000,VERIFY_CONTACT,-0.01227658,-0.02109502,0.01181871,-0.08035427,0.06696489,0.31310348,-0.08343562,0.06285926,0.08944859,0.02098683,0.00322452,24.55321387,6.36390118,55.49609375,30.69422722,0.19175094,-0.46373135,1.26956605,0.19094032,-0.46746594,1.26387979,9.65114945,0.00000005
11.84000000,VERIFY_CONTACT,-0.01227655,-0.02109472,0.01181871,-0.08035404,0.06696490,0.31310357,-0.08343540,0.06285927,0.08944882,0.02098680,0.00322449,24.55334362,6.36398421,55.49586628,30.69404365,0.19175090,-0.46373142,1.26956586,0.19094032,-0.46746594,1.26387979,9.65110179,0.00000009
11.85000000,VERIFY_CONTACT,-0.01227653,-0.02109444,0.01181870,-0.08035381,0.06696490,0.31310366,-0.08343519,0.06285927,0.08944904,0.02098676,0.00322446,24.55380708,6.36431575,55.49542698,30.69363707,0.19175087,-0.46373141,1.26956557,0.19094026,-0.46746559,1.26387902,9.65102435,0.00000003
11.86000000,VERIFY_CONTACT,-0.01227649,-0.02109419,0.01181868,-0.08035360,0.06696491,0.31310373,-0.08343498,0.06285928,0.08944925,0.02098673,0.00322443,24.55381497,6.36434451,55.49527562,30.69357854,0.19175086,-0.46373140,1.26956535,0.19094026,-0.46746559,1.26387902,9.65098656,0.00000008
11.87000000,VERIFY_CONTACT,-0.01227647,-0.02109394,0.01181864,-0.08035340,0.06696491,0.31310380,-0.08343479,0.06285928,0.08944945,0.02098670,0.00322440,24.55388081,6.36471571,55.49478814,30.69350086,0.19175083,-0.46373133,1.26956513,0.19094020,-0.46746524,1.26387825,9.65090760,0.00000008
11.88000000,VERIFY_CONTACT,-0.01227644,-0.02109373,0.01181859,-0.08035321,0.06696491,0.31310387,-0.08343462,0.06285928,0.08944964,0.02098667,0.00322437,24.55430169,6.36466718,55.49479689,30.69315335,0.19175082,-0.46373123,1.26956489,0.19094020,-0.46746524,1.26387825,9.65089144,0.00000006
11.89000000,VERIFY_CONTACT,-0.01227638,-0.02109353,0.01181853,-0.08035304,0.06696491,0.31310392,-0.08343445,0.06285929,0.08944981,0.02098666,0.00322435,24.55426817,6.36468763,55.49469957,30.69317353,0.19175083,-0.46373115,1.26956477,0.19094020,-0.46746524,1.26387825,9.65086476,0.00000009
11.90000000,VERIFY_CONTACT,-0.01227637,-0.02109336,0.01181845,-0.08035289,0.06696491,0.31310397,-0.08343431,0.06285929,0.08944996,0.02098663,0.00322433,24.55427298,6.36495394,55.49435912,30.69318553,0.19175080,-0.46373098,1.26956454,0.19094014,-0.46746490,1.26387749,9.65080968,0.00000006
11.91000000,VERIFY_CONTACT,-0.01227635,-0.02109322,0.01181837,-0.08035276,0.06696492,0.31310400,-0.08343418,0.06285929,0.08945009,0.02098661,0.00322431,24.55430484,6.36492567,55.49435164,30.69317324,0.19175078,-0.46373079,1.26956438,0.19094014,-0.46746490,1.26387749,9.65079869,0.00000008
11.92000000,VERIFY_CONTACT,-0.01227634,-0.02109307,0.01181828,-0.08035265,0.06696492,0.31310403,-0.08343408,0.06285929,0.08945020,0.02098660,0.00322430,24.55434073,6.36492151,55.49433530,30.69317455,0.19175077,-0.46373061,1.26956432,0.19094014,-0.46746490,1.26387749,9.65078912,0.00000009
11.93000000,VERIFY_CONTACT,-0.01227629,-0.02109297,0.01181820,-0.08035256,0.06696492,0.31310405,-0.08343399,0.06285930,0.08945029,0.02098660,0.00322430,24.55468961,6.36489743,55.49439010,30.69298569,0.19175079,-0.46373044,1.26956431,0.19094014,-0.46746490,1.26387749,9.65078687,0.00000009
11.94000000,VERIFY_CONTACT,-0.01227627,-0.02109292,0.01181813,-0.08035249,0.06696492,0.31310406,-0.08343392,0.06285930,0.08945036,0.02098659,0.00322429,24.55457364,6.36512732,55.49412470,30.69312598,0.19175078,-0.46373022,1.26956417,0.19094008,-0.46746456,1.26387674,9.65074706,0.00000001
11.95000000,VERIFY_CONTACT,-0.01227627,-0.02109291,0.01181805,-0.08035244,0.06696492,0.31310406,-0.08343387,0.06285930,0.08945042,0.02098658,0.00322428,24.55452431,6.36500080,55.49424498,30.69321337,0.19175076,-0.46372995,1.26956400,0.19094008,-0.46746456,1.26387674,9.65075891,0.00000001
11.96000000,VERIFY_CONTACT,-0.01227627,-0.02109292,0.01181797,-0.08035241,0.06696492,0.31310406,-0.08343384,0.06285930,0.08945045,0.02098658,0.00322428,24.55448340,6.36492225,55.49432035,30.69329766,0.19175075,-0.46372971,1.26956392,0.19094008,-0.46746456,1.26387674,9.65076692,0.00000001
11.97000000,VERIFY_CONTACT,-0.01227627,-0.02109295,0.01181789,-0.08035240,0.06696493,0.31310405,-0.08343382,0.06285931,0.08945046,0.02098658,0.00322428,24.55444221,6.36484472,55.49440416,30.69338772,0.19175073,-0.46372946,1.26956389,0.19094008,-0.46746456,1.26387674,9.65077860,0.00000001
11.98000000,VERIFY_CONTACT,-0.01227628,-0.02109299,0.01181781,-0.08035241,0.06696493,0.31310403,-0.08343383,0.06285931,0.08945046,0.02098659,0.00322429,24.55439821,6.36476414,55.49450098,30.69348727,0.19175071,-0.46372921,1.26956390,0.19094008,-0.46746456,1.26387674,9.65079382,0.00000001
11.99000000,VERIFY_CONTACT,-0.01227629,-0.02109304,0.01181774,-0.08035244,0.06696494,0.31310401,-0.08343385,0.06285932,0.08945044,0.02098660,0.00322430,24.55434979,6.36467845,55.49461108,30.69359681,0.19175069,-0.46372896,1.26956392,0.19094008,-0.46746456,1.26387674,9.65081212,0.00000002
12.00000000,VERIFY_CONTACT,-0.01227631,-0.02109312,0.01181768,-0.08035248,0.06696494,0.31310398,-0.08343388,0.06285932,0.08945040,0.02098661,0.00322431,24.55429616,6.36458669,55.49473280,30.69371467,0.19175067,-0.46372872,1.26956394,0.19094008,-0.46746456,1.26387674,9.65083298,0.00000003
12.01100000,STAND,-0.01227633,-0.02109323,0.01181762,-0.08035254,0.06696495,0.31310395,-0.08343394,0.06285933,0.08945035,0.02098663,0.00322433,24.55388359,6.36356136,55.49509510,30.69352667,0.19175064,-0.46372846,1.26956398,0.19093989,-0.46746516,1.26387757,9.65089711,0.00000000
12.02100000,STAND,-0.01227651,-0.02109340,0.01181758,-0.08035259,0.06696495,0.31310390,-0.08343399,0.06285933,0.08945031,0.02098668,0.00322438,24.55356002,6.36134234,55.49536049,30.69189631,0.19175038,-0.46372862,1.26956456,0.19093839,-0.46746834,1.26388110,9.65098225,0.00000000
12.03100000,STAND,-0.01227727,-0.02109388,0.01181761,-0.08035261,0.06696490,0.31310379,-0.08343403,0.06285929,0.08945032,0.02098688,0.00322458,24.55301294,6.35574676,55.49721281,30.68886717,0.19174923,-0.46373024,1.26956681,0.19093438,-0.46747705,1.26389094,9.65134462,0.00000000
12.04100000,STAND,-0.01227911,-0.02109501,0.01181779,-0.08035252,0.06696472,0.31310354,-0.08343399,0.06285915,0.08945047,0.02098736,0.00322506,24.55247055,6.34594391,55.50137381,30.68407037,0.19174632,-0.46373494,1.26957252,0.19092670,-0.46749415,1.26391060,9.65208945,0.00000000
12.05100000,STAND,-0.01228253,-0.02109713,0.01181821,-0.08035223,0.06696431,0.31310305,-0.08343379,0.06285882,0.08945087,0.02098827,0.00322597,24.55227506,6.33154607,55.50882363,30.67779250,0.19174064,-0.46374480,1.26958404,0.19091423,-0.46752243,1.26394350,9.65336206,0.00000000
12.06100000,STAND,-0.01228792,-0.02110054,0.01181900,-0.08035159,0.06696349,0.31310220,-0.08343332,0.06285814,0.08945165,0.02098971,0.00322741,24.55274796,6.31242799,55.52029543,30.67032595,0.19173111,-0.46376214,1.26960409,0.19089588,-0.46756455,1.26399289,9.65527564,0.00000000
12.07100000,STAND,-0.01229560,-0.02110549,0.01182025,-0.08035043,0.06696205,0.31310085,-0.08343244,0.06285692,0.08945296,0.02099179,0.00322949,24.55418034,6.28875135,55.53629148,30.66202964,0.19171660,-0.46378945,1.26963553,0.19087058,-0.46762302,1.26406174,9.65791506,0.00000000
12.08100000,STAND,-0.01230574,-0.02111213,0.01182206,-0.08034856,0.06695974,0.31309886,-0.08343098,0.06285493,0.08945498,0.02099453,0.00323223,24.55678640,6.26088322,55.55708478,30.65329746,0.19169596,-0.46382919,1.26968130,0.19083728,-0.46770015,1.26415269,9.66133525,0.00000000
12.09100000,STAND,-0.01231839,-0.02112056,0.01182448,-0.08034575,0.06695624,0.31309613,-0.08342874,0.06285190,0.08945792,0.02099795,0.00323565,24.56066674,6.22932054,55.58273328,30.64453505,0.19166805,-0.46388381,1.26974427,0.19079495,-0.46779810,1.26426810,9.66556100,0.00000000
12.10100000,STAND,-0.01233350,-0.02113081,0.01182756,-0.08034174,0.06695122,0.31309254,-0.08342548,0.06284750,0.08946203,0.02100201,0.00323971,24.56578888,6.19461634,55.61309912,30.63614083,0.19163171,-0.46395569,1.26982718,0.19074257,-0.46791884,1.26441006,9.67058778,0.00000000
12.11100000,STAND,-0.01235089,-0.02114288,0.01183128,-0.08033624,0.06694428,0.31308803,-0.08342095,0.06284139,0.08946756,0.02100665,0.00324434,24.57199309,6.15720403,55.64786301,30.62849528,0.19158579,-0.46404708,1.26993258,0.19067918,-0.46806422,1.26458039,9.67638264,0.00000000
12.12100000,STAND,-0.01237030,-0.02115673,0.01183559,-0.08032894,0.06693501,0.31308256,-0.08341488,0.06283319,0.08947482,0.02101178,0.00324948,24.57901861,6.11761232,55.68654176,30.62195266,0.19152914,-0.46416011,1.27006280,0.19060379,-0.46823592,1.26478068,9.68288623,0.00000000
12.13100000,STAND,-0.01239138,-0.02117226,0.01184039,-0.08031951,0.06692298,0.31307610,-0.08340696,0.06282249,0.08948412,0.02101730,0.00325500,24.58651973,6.07645380,55.72852792,30.61682315,0.19146061,-0.46429681,1.27021996,0.19051548,-0.46843550,1.26501231,9.69001766,0.00000000
12.14100000,STAND,-0.01241371,-0.02118937,0.01184554,-0.08030758,0.06690772,0.31306870,-0.08339686,0.06280887,0.08949581,0.02102310,0.00326080,24.59409074,6.03436108,55.77311769,30.61336612,0.19137910,-0.46445908,1.27040601,0.19041332,-0.46866441,1.26527647,9.69767793,0.00000000
12.15100000,STAND,-0.01243682,-0.02120793,0.01185084,-0.08029276,0.06688878,0.31306038,-0.08338423,0.06279191,0.08951028,0.02102908,0.00326677,24.60129543,5.99197837,55.81953671,30.61178485,0.19128350,-0.46464872,1.27062274,0.19029644,-0.46892397,1.26557418,9.70575348,0.00000000
12.16100000,STAND,-0.01246025,-0.02122776,0.01185610,-0.08027466,0.06686567,0.31305124,-0.08336870,0.06277115,0.08952792,0.02103511,0.00327280,24.60769720,5.94995403,55.86696531,30.61222281,0.19117277,-0.46486746,1.27087177,0.19016398,-0.46921541,1.26590633,9.71412004,0.00000000
12.17100000,STAND,-0.01248348,-0.02124866,0.01186106,-0.08025284,0.06683792,0.31304136,-0.08334988,0.06274616,0.08954915,0.02104109,0.00327878,24.61288701,5.90893175,55.91456236,30.61476202,0.19104590,-0.46511689,1.27115455,0.19001510,-0.46953987,1.26627368,9.72264627,0.00000000
12.18100000,STAND,-0.01250603,-0.02127043,0.01186548,-0.08022685,0.06680508,0.31303085,-0.08332735,0.06271652,0.08957442,0.02104692,0.00328462,24.61650754,5.86954059,55.96148731,30.61942350,0.19090196,-0.46539855,1.27147242,0.18984902,-0.46989842,1.26667687,9.73119727,0.00000001
12.19100000,STAND,-0.01252743,-0.02129279,0.01186911,-0.08019625,0.06676669,0.31301985,-0.08330070,0.06268179,0.08960419,0.02105253,0.00329022,24.61827220,5.83238456,56.00691970,30.62616944,0.19074007,-0.46571385,1.27182659,0.18966496,-0.47029204,1.26711648,9.73963779,0.00000001
12.20100000,STAND,-0.01254725,-0.02131547,0.01187170,-0.08016055,0.06672231,0.31300849,-0.08326949,0.06264158,0.08963893,0.02105782,0.00329551,24.61797871,5.79803287,56.05007577,30.63490694,0.19055944,-0.46606415,1.27221813,0.18946219,-0.47072164,1.26759300,9.74783504,0.00000001
12.21100000,STAND,-0.01256509,-0.02133816,0.01187304,-0.08011929,0.06667155,0.31299689,-0.08323327,0.06259550,0.08967912,0.02106272,0.00330042,24.61551677,5.76701117,56.09022209,30.64549286,0.19035936,-0.46645073,1.27264801,0.18924001,-0.47118809,1.26810685,9.75566107,0.00000001
12.22100000,STAND,-0.01258060,-0.02136053,0.01187293,-0.08007197,0.06661400,0.31298521,-0.08319160,0.06254319,0.08972525,0.02106718,0.00330488,24.61087036,5.73979469,56.12668578,30.65773982,0.19013920,-0.46687476,1.27311710,0.18899775,-0.47169220,1.26865841,9.76299470,0.00000001
12.23100000,STAND,-0.01259348,-0.02138223,0.01187120,-0.08001810,0.06654933,0.31297357,-0.08314402,0.06248431,0.08977782,0.02107115,0.00330885,24.60411493,5.71680320,56.15886191,30.67142285,0.18989843,-0.46733737,1.27362616,0.18873477,-0.47223472,1.26924802,9.76972304,0.00000001
12.24100000,STAND,-0.01260350,-0.02140288,0.01186772,-0.07995721,0.06647719,0.31296209,-0.08309008,0.06241855,0.08983730,0.02107457,0.00331227,24.59541026,5.69839811,56.18621772,30.68628676,0.18963657,-0.46783961,1.27417587,0.18845048,-0.47281635,1.26987597,9.77574248,0.00000001
12.25100000,STAND,-0.01261048,-0.02142210,0.01186239,-0.07988882,0.06639730,0.31295091,-0.08302933,0.06234564,0.08990420,0.02107742,0.00331512,24.58498996,5.68488152,56.20829447,30.70205389,0.18935325,-0.46838243,1.27476681,0.18814429,-0.47343777,1.27054255,9.78095944,0.00000001
12.26100000,STAND,-0.01261428,-0.02143952,0.01185516,-0.07981245,0.06630938,0.31294011,-0.08296134,0.06226532,0.08997897,0.02107966,0.00331736,24.57314823,5.67649703,56.22470678,30.71843213,0.18904816,-0.46896675,1.27539950,0.18781569,-0.47409961,1.27124802,9.78529059,0.00000001
12.27100000,STAND,-0.01261482,-0.02145474,0.01184600,-0.07972766,0.06621321,0.31292980,-0.08288567,0.06217736,0.09006207,0.02108128,0.00331897,24.56022517,5.67343211,56.23514027,30.73512300,0.18872105,-0.46959339,1.27607439,0.18746416,-0.47480245,1.27199259,9.78866290,0.00000001
12.28100000,STAND,-0.01261205,-0.02146739,0.01183490,-0.07963400,0.06610857,0.31292007,-0.08280192,0.06208156,0.09015396,0.02108225,0.00331994,24.54659126,5.67582163,56.23934747,30.75182955,0.18837171,-0.47026311,1.27679185,0.18708923,-0.47554685,1.27277649,9.79101341,0.00000001
12.29100000,STAND,-0.01260598,-0.02147710,0.01182189,-0.07953106,0.06599528,0.31291098,-0.08270969,0.06197776,0.09025504,0.02108256,0.00332025,24.53263198,5.68375239,56.23714276,30.76826396,0.18800002,-0.47097660,1.27755221,0.18669046,-0.47633331,1.27359992,9.79228874,0.00000001
12.30100000,STAND,-0.01259662,-0.02148352,0.01180701,-0.07941845,0.06587318,0.31290260,-0.08260861,0.06186579,0.09036571,0.02108220,0.00331990,24.51873332,5.69726821,56.22839640,30.78415456,0.18760586,-0.47173449,1.27835573,0.18626746,-0.47716233,1.27446305,9.79244453,0.00000001
12.31100000,STAND,-0.01258403,-0.02148633,0.01179030,-0.07929579,0.06574214,0.31289497,-0.08249834,0.06174553,0.09048634,0.02108117,0.00331887,24.50526858,5.71637530,56.21302818,30.79925221,0.18718914,-0.47253731,1.27920263,0.18581983,-0.47803434,1.27536603,9.79144477,0.00000001
12.32100000,STAND,-0.01256827,-0.02148522,0.01177182,-0.07916275,0.06560204,0.31288814,-0.08237854,0.06161686,0.09061727,0.02107947,0.00331717,24.49258712,5.74104773,56.19100090,30.81333578,0.18674980,-0.47338556,1.28009311,0.18534725,-0.47894974,1.27630899,9.78926104,0.00000001
12.33100000,STAND,-0.01254942,-0.02147992,0.01175161,-0.07901902,0.06545278,0.31288212,-0.08224892,0.06147969,0.09075881,0.02107709,0.00331479,24.48100518,5.77123263,56.16231395,30.82621675,0.18628780,-0.47427963,1.28102728,0.18484938,-0.47990890,1.27729204,9.78587177,0.00000001
12.34100000,STAND,-0.01252754,-0.02147020,0.01172973,-0.07886432,0.06529427,0.31287693,-0.08210921,0.06133392,0.09091123,0.02107403,0.00331172,24.47079900,5.80685499,56.12699711,30.83774271,0.18580309,-0.47521987,1.28200526,0.18432595,-0.48091214,1.27831525,9.78126150,0.00000001
12.35100000,STAND,-0.01250273,-0.02145583,0.01170621,-0.07869839,0.06512644,0.31287259,-0.08195918,0.06117950,0.09107478,0.02107029,0.00330798,24.46220027,5.84782177,56.08510482,30.84779991,0.18529563,-0.47620655,1.28302711,0.18377669,-0.48195974,1.27937866,9.77542014,0.00000001
12.36100000,STAND,-0.01247504,-0.02143665,0.01168107,-0.07852103,0.06494922,0.31286909,-0.08179862,0.06101636,0.09124968,0.02106586,0.00330356,24.45539384,5.89402539,56.03671096,30.85631465,0.18476537,-0.47723986,1.28409285,0.18320138,-0.48305194,1.28048226,9.76834227,0.00000002
12.37100000,STAND,-0.01244453,-0.02141251,0.01165430,-0.07833205,0.06476257,0.31286642,-0.08162734,0.06084444,0.09143609,0.02106075,0.00329845,24.45051752,5.94534619,55.98190411,30.86325369,0.18421225,-0.47831995,1.28520249,0.18259980,-0.48418894,1.28162602,9.76002657,0.00000002
12.38100000,STAND,-0.01241125,-0.02138331,0.01162590,-0.07813129,0.06456642,0.31286457,-0.08144520,0.06066370,0.09163418,0.02105494,0.00329264,24.44766379,6.00165403,55.92078343,30.86862384,0.18363622,-0.47944686,1.28635597,0.18197179,-0.48537090,1.28280984,9.75047517,0.00000002
12.39100000,STAND,-0.01237523,-0.02134896,0.01159583,-0.07791864,0.06436074,0.31286351,-0.08125208,0.06047409,0.09184405,0.02104842,0.00328612,24.44688318,6.06280889,55.85345498,30.87247055,0.18303721,-0.48062061,1.28755321,0.18131718,-0.48659792,1.28403361,9.73969315,0.00000002
12.40100000,STAND,-0.01233649,-0.02130940,0.01156403,-0.07769400,0.06414548,0.31286321,-0.08104788,0.06027557,0.09206580,0.02104119,0.00327889,24.44818905,6.12866029,55.78002855,30.87487602,0.18241513,-0.48184112,1.28879407,0.18063585,-0.48787005,1.28529714,9.72768800,0.00000002
12.41100000,STAND,-0.01229503,-0.02126462,0.01153045,-0.07745731,0.06392061,0.31286363,-0.08083254,0.06006811,0.09229948,0.02103321,0.00327091,24.45156356,6.19904565,55.70061479,30.87595673,0.18176991,-0.48310826,1.29007839,0.17992769,-0.48918732,1.28660019,9.71446920,0.00000002
12.42100000,STAND,-0.01225082,-0.02121461,0.01149500,-0.07720854,0.06368609,0.31286474,-0.08060601,0.05985166,0.09254513,0.02102446,0.00326216,24.45696450,6.27378735,55.61532263,30.87586077,0.18110144,-0.48442185,1.29140594,0.17919262,-0.49054968,1.28794247,9.70004770,0.00000002
12.43100000,STAND,-0.01220384,-0.02115937,0.01145758,-0.07694765,0.06344188,0.31286649,-0.08036828,0.05962621,0.09280276,0.02101490,0.00325260,24.46433299,6.35268826,55.52425676,30.87476507,0.18040964,-0.48578163,1.29277643,0.17843059,-0.49195706,1.28932365,9.68443552,0.00000002
12.44100000,STAND,-0.01215402,-0.02109893,0.01141809,-0.07667468,0.06318797,0.31286882,-0.08011934,0.05939172,0.09307236,0.02100450,0.00324219,24.47360175,6.43552559,55.42751514,30.87287290,0.17969440,-0.48718729,1.29418951,0.17764155,-0.49340932,1.29074331,9.66764522,0.00000002
12.45100000,STAND,-0.01210131,-0.02103334,0.01137642,-0.07638963,0.06292431,0.31287169,-0.07985922,0.05914816,0.09335390,0.02099318,0.00323088,24.48470244,6.52223414,55.32518797,30.87041054,0.17895563,-0.48863846,1.29564477,0.17682549,-0.49490627,1.29220098,9.64968963,0.00000002
12.46100000,STAND,-0.01204564,-0.02096263,0.01133245,-0.07609257,0.06265088,0.31287502,-0.07958795,0.05889551,0.09361284,0.02098093,0.00321862,24.49751014,6.61381884,55.21741983,30.86757483,0.17819323,-0.49013483,1.29714199,0.17598243,-0.49644769,1.29369615,9.63058897,0.00000002
12.47100000,STAND,-0.01198700,-0.02088691,0.01128606,-0.07578355,0.06236767,0.31287877,-0.07930559,0.05863374,0.09322080,0.02096776,0.00320546,24.51178494,6.71039097,55.10441661,30.86451220,0.17740717,-0.49167613,1.29868111,0.17511238,-0.49803337,1.29522838,9.61036966,0.00000002
12.48100000,STAND,-0.01192543,-0.02080635,0.01123718,-0.07546266,0.06207466,0.31288290,-0.07901221,0.05836284,0.09281501,0.02095374,0.00319144,24.52725628,6.81168225,54.98634101,30.86136195,0.17659744,-0.49326204,1.30026188,0.17421543,-0.49966309,1.29679727,9.58905283,0.00000002
12.49100000,STAND,-0.01186093,-0.02072111,0.01118574,-0.07512999,0.06177185,0.31288736,-0.07870791,0.05808282,0.09239555,0.02093889,0.00317659,24.54366415,6.91743176,54.86331896,30.85824166,0.17576404,-0.49489216,1.30188391,0.17329166,-0.50133659,1.29840238,9.56665732,0.00000002
12.50100000,STAND,-0.01179353,-0.02063136,0.01113169,-0.07478567,0.06145926,0.31289212,-0.07839277,0.05779368,0.09196253,0.02092328,0.00316097,24.56077894,7.02740839,54.73545615,30.85524864,0.17490701,-0.49656605,1.30354675,0.17234117,-0.50305358,1.30004323,9.54320152,0.00000002
12.51100000,STAND,-0.01172324,-0.02053729,0.01107501,-0.07442982,0.06113691,0.31289715,-0.07806691,0.05749544,0.09151605,0.02090692,0.00314462,24.57841003,7.14141386,54.60285117,30.85246736,0.17402641,-0.49828326,1.30524988,0.17136410,-0.50481372,1.30171929,9.51870431,0.00000002
12.52100000,STAND,-0.01165010,-0.02043903,0.01101568,-0.07406258,0.06080484,0.31290241,-0.07773047,0.05718811,0.09105625,0.02088988,0.00312757,24.59640709,7.25928137,54.46560426,30.84997579,0.17312231,-0.50004329,1.30699273,0.17036059,-0.50661663,1.30342997,9.49318544,0.00000002
12.53100000,STAND,-0.01157413,-0.02033674,0.01095372,-0.07368409,0.06046307,0.31290789,-0.07738355,0.05687175,0.09058326,0.02087216,0.00310986,24.61465773,7.38087195,54.32382182,30.84784850,0.17219479,-0.50184564,1.30877468,0.16933079,-0.50846189,1.30517465,9.46666555,0.00000003
12.54100000,STAND,-0.01149538,-0.02023056,0.01088914,-0.07329449,0.06011166,0.31291353,-0.07702630,0.05654638,0.09009720,0.02085382,0.00309152,24.63308310,7.50607001,54.17761719,30.84615687,0.17124396,-0.50368976,1.31059507,0.16827491,-0.51034903,1.30695263,9.43916602,0.00000003
12.55100000,STAND,-0.01141389,-0.02012059,0.01082198,-0.07289395,0.05975067,0.31291931,-0.07665885,0.05621206,0.08959824,0.02083486,0.00307256,24.65163271,7.63477868,54.02710924,30.84496731,0.17026994,-0.50557512,1.31245321,0.16719313,-0.51227755,1.30876320,9.41070861,0.00000003
12.56100000,STAND,-0.01132971,-0.02000698,0.01075228,-0.07248260,0.05938016,0.31292519,-0.07628135,0.05586884,0.08908652,0.02081532,0.00305301,24.67027895,7.76691521,53.87241955,30.84433881,0.16927286,-0.50750116,1.31434836,0.16608567,-0.51424691,1.31060560,9.38131502,0.00000003
12.57100000,STAND,-0.01124291,-0.01988981,0.01068009,-0.07206060,0.05900021,0.31293113,-0.07589392,0.05551680,0.08856221,0.02079520,0.00303290,24.68901171,7.90240690,53.71366938,30.84432051,0.16825290,-0.50946730,1.31627973,0.16495279,-0.51625654,1.31247902,9.35100647,0.00000003
12.58100000,STAND,-0.01115353,-0.01976921,0.01060547,-0.07162812,0.05861090,0.31293710,-0.07549671,0.05515600,0.08802546,0.02077453,0.00301222,24.70783339,8.04118765,53.55097670,30.84494992,0.16721020,-0.51147295,1.31824652,0.16379472,-0.51830582,1.31438262,9.31980333,0.00000003
12.59100000,STAND,-0.01106166,-0.01964527,0.01052849,-0.07118531,0.05821233,0.31294305,-0.07508987,0.05478653,0.08747645,0.02075331,0.00299101,24.72675454,8.18319523,53.38445373,30.84625182,0.16614498,-0.51351750,1.32024787,0.16261174,-0.52039411,1.31631553,9.28772478,0.00000003
12.60100000,STAND,-0.01096736,-0.01951809,0.01044922,-0.07073233,0.05780459,0.31294896,-0.07467354,0.05440848,0.08691535,0.02073157,0.00296926,24.74579027,8.32836945,53.21420512,30.84823807,0.16505744,-0.51560033,1.32228289,0.16140415,-0.52252073,1.31827684,9.25478860,0.00000003
12.61100000,STAND,-0.01087069,-0.01938775,0.01036772,-0.07026933,0.05738779,0.31295479,-0.07424786,0.05402193,0.08634234,0.02070930,0.00294700,24.76495754,8.47665112,53.04032675,30.85090799,0.16394779,-0.51772080,1.32435064,0.16017224,-0.52468498,1.32026561,9.22101099,0.00000003
12.62100000,STAND,-0.01077174,-0.01925433,0.01028406,-0.06979647,0.05696205,0.31296052,-0.07381297,0.05362700,0.08575761,0.02068652,0.00292422,24.78427325,8.62798161,52.86290509,30.85424936,0.16281628,-0.51987823,1.32645015,0.15891634,-0.52688611,1.32228087,9.18640652,0.00000003
12.63100000,STAND,-0.01067056,-0.01911792,0.01019833,-0.06931392,0.05652748,0.31296611,-0.07336901,0.05322379,0.08516135,0.02066325,0.00290094,24.80375313,8.78230309,52.68201716,30.85823976,0.16166316,-0.52207195,1.32858043,0.15763679,-0.52912334,1.32432161,9.15098816,0.00000003
12.64100000,STAND,-0.01056725,-0.01897859,0.01011058,-0.06882184,0.05608422,0.31297155,-0.07291614,0.05281242,0.08455374,0.02063948,0.00287718,24.82341120,8.93955894,52.49773091,30.86284816,0.16048871,-0.52430124,1.33074042,0.15633394,-0.53139589,1.32638682,9.11476735,0.00000003
12.65100000,STAND,-0.01046186,-0.01883642,0.01002090,-0.06832038,0.05563239,0.31297680,-0.07245449,0.05239301,0.08393499,0.02061523,0.00285293,24.84325973,9.09969445,52.31010595,30.86803659,0.15929319,-0.52656538,1.33292907,0.15500816,-0.53370291,1.32847542,9.07775414,0.00000003
12.66100000,STAND,-0.01035447,-0.01869147,0.00992934,-0.06780970,0.05517214,0.31298187,-0.07198422,0.05196569,0.08330529,0.02059051,0.00282821,24.86330949,9.26265741,52.11919461,30.87376180,0.15807690,-0.52886362,1.33514526,0.15365984,-0.53604355,1.33058634,9.03995736,0.00000003
12.67100000,STAND,-0.01024515,-0.01854381,0.00983597,-0.06728998,0.05470362,0.31298672,-0.07150546,0.05153059,0.08266486,0.02056533,0.00280303,24.88357015,9.42839860,51.92504317,30.87997687,0.15684016,-0.53119518,1.33738786,0.15228938,-0.53841692,1.33271847,9.00138487,0.00000003
12.68100000,STAND,-0.01013397,-0.01839349,0.00974086,-0.06676137,0.05422697,0.31299135,-0.07101837,0.05108784,0.08201389,0.02053969,0.00277739,24.90405073,9.59687202,51.72769324,30.88663269,0.15558328,-0.53355927,1.33965574,0.15089718,-0.54082212,1.33487069,8.96204375,0.00000003
12.69100000,STAND,-0.01002100,-0.01824059,0.00964407,-0.06622404,0.05374236,0.31299575,-0.07052309,0.05063759,0.08135260,0.02051360,0.00275130,24.92475994,9.76803486,51.52718319,30.89367915,0.15430660,-0.53595509,1.34194770,0.14948368,-0.54325820,1.33704185,8.92194060,0.00000003
12.70100000,STAND,-0.00990629,-0.01808516,0.00954565,-0.06567816,0.05324993,0.31299990,-0.07001979,0.05017999,0.08068120,0.02048708,0.00272477,24.94570654,9.94184716,51.32354961,30.90106630,0.15301046,-0.53838178,1.34426256,0.14804932,-0.54572422,1.33923079,8.88108173,0.00000003
12.71100000,STAND,-0.00978993,-0.01792725,0.00944566,-0.06512389,0.05274986,0.31300380,-0.06950860,0.04971519,0.07999992,0.02046012,0.00269781,24.96689944,10.11827127,51.11682865,30.90874517,0.15169523,-0.54083849,1.34659910,0.14659456,-0.54821919,1.34143634,8.83947348,0.00000003
12.72100000,STAND,-0.00967197,-0.01776691,0.00934416,-0.06456143,0.05224233,0.31300745,-0.06898968,0.04924333,0.07930899,0.02043273,0.00267043,24.98834771,10.29727105,50.90705743,30.91666853,0.15036127,-0.54332434,1.34895611,0.14511987,-0.55074211,1.34365730,8.79712238,0.00000003
12.73100000,STAND,-0.00955249,-0.01760422,0.00924120,-0.06399093,0.05172749,0.31301082,-0.06846321,0.04876459,0.07860863,0.02040492,0.00264262,25.01006051,10.47881095,50.69427517,30.92479136,0.14900899,-0.54583843,1.35133233,0.14362573,-0.55329196,1.34589249,8.75403542,0.00000003
12.74100000,STAND,-0.00943153,-0.01743921,0.00913682,-0.06341259,0.05120554,0.31301393,-0.06792933,0.04827913,0.07789907,0.02037670,0.00261440,25.03204687,10.66285501,50.47852433,30.93307128,0.14763876,-0.54837984,1.35372653,0.14211264,-0.55586772,1.34814070,8.71022024,0.00000003
12.75100000,STAND,-0.00930917,-0.01727195,0.00903108,-0.06282658,0.05067665,0.31301675,-0.06738822,0.04778711,0.07718057,0.02034807,0.00258577,25.05431539,10.84936586,50.25985153,30.94146884,0.14625101,-0.55094762,1.35613744,0.14058111,-0.55846832,1.35040073,8.66568532,0.00000003
12.76100000,STAND,-0.00918548,-0.01710249,0.00892402,-0.06223310,0.05014102,0.31301929,-0.06684004,0.04728871,0.07645336,0.02031904,0.00255674,25.07687397,11.03830372,50.03830842,30.94994772,0.14484617,-0.55354082,1.35856381,0.13903166,-0.56109271,1.35267136,8.62044012,0.00000003
12.77100000,STAND,-0.00906052,-0.01693089,0.00881570,-0.06163234,0.04959884,0.31302153,-0.06628498,0.04678411,0.07571769,0.02028961,0.00252731,25.09972944,11.22962554,49.81395232,30.95847482,0.14342467,-0.55615846,1.36100437,0.13746483,-0.56373981,1.35495140,8.57449525,0.00000003
12.78100000,STAND,-0.00893435,-0.01675721,0.00870615,-0.06102451,0.04905030,0.31302346,-0.06572321,0.04627348,0.07497383,0.02025979,0.00249749,25.12288724,11.42328427,49.58684675,30.96702040,0.14198696,-0.55879954,1.36345786,0.13588116,-0.56640851,1.35723965,8.52786259,0.00000003
12.79100000,STAND,-0.00880706,-0.01658153,0.00859544,-0.06040981,0.04849561,0.31302509,-0.06515492,0.04575701,0.07422204,0.02022959,0.00246728,25.14635115,11.61922816,49.35706184,30.97555810,0.14053351,-0.56146305,1.36592301,0.13428122,-0.56909774,1.35953490,8.48055533,0.00000003
12.80100000,STAND,-0.00867869,-0.01640390,0.00848359,-0.05978845,0.04793496,0.31302639,-0.06458031,0.04523488,0.07346260,0.02019901,0.00243670,25.17012301,11.81740043,49.12467460,30.98406497,0.13906479,-0.56414795,1.36839856,0.13266558,-0.57180637,1.36183598,8.43258810,0.00000003
12.81100000,STAND,-0.00854934,-0.01622440,0.00837067,-0.05916065,0.04736857,0.31302736,-0.06399956,0.04470730,0.07269577,0.02016806,0.00240575,25.19420252,12.01773885,48.88976902,30.99252146,0.13758130,-0.56685320,1.37088324,0.13103481,-0.57453329,1.36414171,8.38397700,0.00000003
12.82100000,STAND,-0.00841906,-0.01604311,0.00825672,-0.05852663,0.04679665,0.31302798,-0.06341289,0.04417445,0.07192184,0.02013675,0.00237445,25.21858704,12.22017568,48.65243609,31.00091140,0.13608352,-0.56957774,1.37337581,0.12938951,-0.57727738,1.36645092,8.33473960,0.00000003
12.83100000,STAND,-0.00828793,-0.01586011,0.00814178,-0.05788662,0.04621942,0.31302826,-0.06282050,0.04363653,0.07114110,0.02010509,0.00234279,25.24327153,12.42463764,48.41277369,31.00922198,0.13457198,-0.57232049,1.37587502,0.12773030,-0.58003750,1.36876246,8.28489494,0.00000003
12.84100000,STAND,-0.00815604,-0.01567547,0.00802590,-0.05724087,0.04563710,0.31302817,-0.06222261,0.04309376,0.07035384,0.02007309,0.00231079,25.26824842,12.63104600,48.17088636,31.01744363,0.13304719,-0.57508038,1.37837963,0.12605777,-0.58281253,1.37107520,8.23446357,0.00000003
12.85100000,STAND,-0.00802344,-0.01548930,0.00790914,-0.05658961,0.04504991,0.31302770,-0.06161945,0.04254633,0.06956038,0.02004076,0.00227846,25.29350765,12.83931688,47.92688498,31.02556996,0.13150969,-0.57785629,1.38088841,0.12437256,-0.58560132,1.37338801,8.18346741,0.00000003
12.86100000,STAND,-0.00789022,-0.01530168,0.00779155,-0.05593310,0.04445808,0.31302684,-0.06101122,0.04199445,0.06876101,0.02000811,0.00224581,25.31903659,13.04936146,47.68088634,31.03359765,0.12996001,-0.58064714,1.38340015,0.12267529,-0.58840274,1.37569979,8.13192979,0.00000003
12.87100000,STAND,-0.00775646,-0.01511271,0.00767317,-0.05527159,0.04386183,0.31302559,-0.06039819,0.04143834,0.06795605,0.01997516,0.00221286,25.34482018,13.26108645,47.43301269,31.04152625,0.12839871,-0.58345180,1.38591364,0.12096662,-0.59121563,1.37800945,8.07987531,0.00000003
12.88100000,STAND,-0.00762223,-0.01492248,0.00755406,-0.05460533,0.04326141,0.31302392,-0.05978057,0.04087821,0.06714581,0.01994192,0.00217962,25.37084097,13.47439449,47.18339114,31.04935801,0.12682635,-0.58626914,1.38842770,0.11924720,-0.59403886,1.38031592,8.02732976,0.00000003
12.89100000,STAND,-0.00748761,-0.01473111,0.00743427,-0.05393460,0.04265705,0.31302182,-0.05915861,0.04031429,0.06633063,0.01990841,0.00214610,25.39707923,13.68918460,46.93215310,31.05709767,0.12524350,-0.58909805,1.39094114,0.11751767,-0.59687127,1.38261815,7.97432004,0.00000003
12.90100000,STAND,-0.00735269,-0.01453870,0.00731386,-0.05325967,0.04204898,0.31301929,-0.05853257,0.03974679,0.06551082,0.01987463,0.00211233,25.42351309,13.90535271,46.67943358,31.06475219,0.12365073,-0.59193737,1.39345281,0.11577872,-0.59971172,1.38491512,7.92087404,0.00000003
12.91100000,STAND,-0.00721753,-0.01434536,0.00719288,-0.05258082,0.04143746,0.31301630,-0.05790270,0.03917593,0.06468672,0.01984060,0.00207830,25.45011876,14.12279212,46.42537061,31.07233051,0.12204863,-0.59478598,1.39596156,0.11403102,-0.60255906,1.38720579,7.86702051,0.00000003
12.92100000,STAND,-0.00708221,-0.01415120,0.00707137,-0.05189832,0.04082271,0.31301286,-0.05726925,0.03860195,0.06385868,0.01980635,0.00204405,25.47687064,14.34139403,46.17010449,31.07984319,0.12043779,-0.59764272,1.39846627,0.11227525,-0.60541215,1.38948920,7.81278895,0.00000003
12.93100000,STAND,-0.00694682,-0.01395633,0.00694941,-0.05121246,0.04020500,0.31300894,-0.05663250,0.03802507,0.06302702,0.01977188,0.00200958,25.50374163,14.56104802,45.91377714,31.08730216,0.11881882,-0.60050645,1.40096582,0.11051209,-0.60826983,1.39176435,7.75820948,0.00000003
12.94100000,STAND,-0.00681142,-0.01376088,0.00682705,-0.05052353,0.03958456,0.31300454,-0.05599270,0.03744552,0.06219208,0.01973722,0.00197492,25.53070329,14.78164251,45.65653145,31.09472036,0.11719231,-0.60337602,1.40345914,0.10874225,-0.61113096,1.39403030,7.70331269,0.00000003
12.95100000,STAND,-0.00667610,-0.01356494,0.00670434,-0.04983181,0.03896165,0.31299965,-0.05535012,0.03686353,0.06135423,0.01970238,0.00194008,25.55772619,15.00306524,45.39851067,31.10211138,0.11555888,-0.60625028,1.40594513,0.10696642,-0.61399440,1.39628611,7.64812956,0.00000003
12.96100000,STAND,-0.00654092,-0.01336865,0.00658134,-0.04913761,0.03833652,0.31299425,-0.05470504,0.03627934,0.06051379,0.01966738,0.00190508,25.58478008,15.22520367,45.13985777,31.10948920,0.11391915,-0.60912809,1.40842275,0.10518532,-0.61685901,1.39853088,7.59269131,0.00000003
12.97100000,STAND,-0.00640596,-0.01317211,0.00645810,-0.04844123,0.03770941,0.31298835,-0.05405773,0.03569318,0.05967113,0.01963224,0.00186993,25.61183429,15.44794540,44.88071491,31.11686776,0.11227374,-0.61200828,1.41089096,0.10339964,-0.61972365,1.40076370,7.53702925,0.00000003
12.98100000,STAND,-0.00627129,-0.01297544,0.00633469,-0.04774295,0.03708059,0.31298193,-0.05340847,0.03510528,0.05882659,0.01959696,0.00183466,25.63885792,15.67117850,44.62122296,31.12426075,0.11062329,-0.61488972,1.41334875,0.10161011,-0.62258719,1.40298372,7.48117476,0.00000003
12.99100000,STAND,-0.00613698,-0.01277876,0.00621116,-0.04704307,0.03645030,0.31297499,-0.05275753,0.03451589,0.05798053,0.01956159,0.00179928,25.66582021,15.89479182,44.36152101,31.13168122,0.10896842,-0.61777127,1.41579513,0.09981744,-0.62544848,1.40519007,7.42515909,0.00000003
13.00100000,STAND,-0.00600309,-0.01258218,0.00608757,-0.04634191,0.03581880,0.31296753,-0.05210520,0.03392524,0.05713330,0.01952612,0.00176382,25.69269081,16.11867532,44.10174601,31.13914137,0.10730978,-0.62065177,1.41822911,0.09802236,-0.62830642,1.40738192,7.36901334,0.00000003
13.01100000,STAND,-0.00586970,-0.01238581,0.00596398,-0.04563975,0.03518635,0.31295954,-0.05145176,0.03333357,0.05628524,0.01949058,0.00172827,25.71944004,16.34272029,43.84203244,31.14665227,0.10564802,-0.62353009,1.42064975,0.09622559,-0.63115987,1.40955847,7.31276831,0.00000003
13.02100000,STAND,-0.00573685,-0.01218976,0.00584044,-0.04493690,0.03455321,0.31295102,-0.05079747,0.03274112,0.05543672,0.01945498,0.00169268,25.74603919,16.56681954,43.58251200,31.15422361,0.10398378,-0.62640511,1.42305610,0.09442786,-0.63400772,1.41171892,7.25645449,0.00000003
13.03100000,STAND,-0.00560463,-0.01199413,0.00571701,-0.04423366,0.03391962,0.31294197,-0.05014263,0.03214812,0.05458808,0.01941935,0.00165704,25.77246075,16.79086756,43.32331346,31.16186358,0.10231771,-0.62927569,1.42544727,0.09262990,-0.63684885,1.41386251,7.20010196,0.00000003
13.04100000,STAND,-0.00547308,-0.01179903,0.00559374,-0.04353032,0.03328585,0.31293239,-0.04948751,0.03155483,0.05373968,0.01938369,0.00162139,25.79867864,17.01476068,43.06456245,31.16957866,0.10065048,-0.63214071,1.42782234,0.09083244,-0.63968217,1.41598849,7.14374034,0.00000003
13.05100000,STAND,-0.00534226,-0.01160457,0.00547070,-0.04282719,0.03265215,0.31292229,-0.04883239,0.03096147,0.05289187,0.01934804,0.00158573,25.82466841,17.23839711,42.80638139,31.17737355,0.09898274,-0.63499906,1.43018047,0.08903621,-0.64250657,1.41809613,7.08739875,0.00000003
13.06100000,STAND,-0.00521223,-0.01141083,0.00534794,-0.04212456,0.03201878,0.31291167,-0.04817755,0.03036829,0.05204499,0.01931239,0.00155009,25.85040741,17.46167703,42.54888941,31.18525105,0.09731515,-0.63784963,1.43252079,0.08724194,-0.64532097,1.42018473,7.03110576,0.00000003
13.07100000,STAND,-0.00508305,-0.01121792,0.00522551,-0.04142272,0.03138599,0.31290054,-0.04752326,0.02977553,0.05119939,0.01927678,0.00151447,25.87587490,17.68450258,42.29220236,31.19321204,0.09564839,-0.64069133,1.43484248,0.08545037,-0.64812428,1.42225360,6.97488941,0.00000003
13.08100000,STAND,-0.00495476,-0.01102592,0.00510346,-0.04072197,0.03075404,0.31288889,-0.04686980,0.02918343,0.05035542,0.01924121,0.00147891,25.90105216,17.90677786,42.03643287,31.20125549,0.09398313,-0.64352306,1.43714474,0.08366223,-0.65091544,1.42430209,6.91877713,0.00000003
13.09100000,STAND,-0.00482742,-0.01083493,0.00498186,-0.04002260,0.03012319,0.31287675,-0.04621744,0.02859222,0.04951343,0.01920570,0.00144340,25.92592256,18.12840890,41.78169037,31.20937849,0.09232002,-0.64634373,1.43942678,0.08187826,-0.65369336,1.42632954,6.86279577,0.00000003
13.10100000,STAND,-0.00470108,-0.01064502,0.00486075,-0.03932490,0.02949368,0.31286411,-0.04556645,0.02800214,0.04867374,0.01917027,0.00140797,25.95047156,18.34930357,41.52808122,31.21757627,0.09065976,-0.64915229,1.44168785,0.08009918,-0.65645701,1.42833535,6.80697161,0.00000003
13.11100000,STAND,-0.00457578,-0.01045628,0.00474018,-0.03862915,0.02886578,0.31285100,-0.04491709,0.02741344,0.04783671,0.01913493,0.00137263,25.97468673,18.56937156,41.27570884,31.22584238,0.08900301,-0.65194766,1.44392722,0.07832572,-0.65920534,1.43031891,6.75133033,0.00000003
13.12100000,STAND,-0.00445157,-0.01026878,0.00462021,-0.03793562,0.02823973,0.31283742,-0.04426963,0.02682635,0.04700267,0.01909970,0.00133740,25.99855768,18.78852419,41.02467384,31.23416875,0.08735045,-0.65472879,1.44614416,0.07655860,-0.66193731,1.43227966,6.69589704,0.00000003
13.13100000,STAND,-0.00432849,-0.01008259,0.00450089,-0.03724461,0.02761579,0.31282339,-0.04362434,0.02624111,0.04617195,0.01906459,0.00130229,26.02207600,19.00667440,40.77507420,31.24254586,0.08570275,-0.65749464,1.44833799,0.07479857,-0.66465192,1.43421704,6.64069629,0.00000003
13.14100000,STAND,-0.00420659,-0.00989780,0.00438226,-0.03655639,0.02699420,0.31280891,-0.04298147,0.02565795,0.04534487,0.01902961,0.00126731,26.04523517,19.22373654,40.52700545,31.25096292,0.08406061,-0.66024418,1.45050805,0.07304632,-0.66734813,1.43613053,6.58575209,0.00000003
13.15100000,STAND,-0.00408590,-0.00971446,0.00426438,-0.03587123,0.02637521,0.31279402,-0.04234129,0.02507710,0.04452178,0.01899479,0.00123249,26.06803043,19.43962633,40.28056081,31.25940804,0.08242468,-0.66297640,1.45265369,0.07130259,-0.67002498,1.43801961,6.53108794,0.00000003
13.16100000,STAND,-0.00396647,-0.00953263,0.00414729,-0.03518940,0.02575907,0.31277871,-0.04170404,0.02449881,0.04370299,0.01896013,0.00119782,26.09045864,19.65426067,40.03583141,31.26786845,0.08079565,-0.66569027,1.45477430,0.06956808,-0.67268147,1.43988381,6.47672684,0.00000003
13.17100000,STAND,-0.00384833,-0.00935239,0.00403104,-0.03451117,0.02514603,0.31276301,-0.04106998,0.02392329,0.04288882,0.01892564,0.00116334,26.11251812,19.86755754,39.79290646,31.27633069,0.07917419,-0.66838481,1.45686928,0.06784350,-0.67531663,1.44172267,6.42269129,0.00000003
13.18100000,STAND,-0.00373153,-0.00917378,0.00391567,-0.03383680,0.02453633,0.31274693,-0.04043936,0.02335078,0.04207959,0.01889135,0.00112905,26.13420850,20.07943589,39.55187341,31.28478084,0.07756098,-0.67105904,1.45893807,0.06612956,-0.67792953,1.44353576,6.36900339,0.00000003
13.19100000,STAND,-0.00361608,-0.00899686,0.00380122,-0.03316655,0.02393020,0.31273050,-0.03981242,0.02278152,0.04127561,0.01885726,0.00109496,26.15553052,20.28981549,39.31281813,31.29320469,0.07595669,-0.67371199,1.46098013,0.06442695,-0.68051922,1.44532265,6.31568480,0.00000003
13.20100000,STAND,-0.00350204,-0.00882169,0.00368775,-0.03250068,0.02332790,0.31271374,-0.03918940,0.02221571,0.04047720,0.01882339,0.00106109,26.17648588,20.49861687,39.07582505,31.30158803,0.07436199,-0.67634270,1.46299493,0.06273637,-0.68308478,1.44708297,6.26275676,0.00000003
13.21100000,STAND,-0.00338943,-0.00864831,0.00357529,-0.03183944,0.02272965,0.31269665,-0.03857055,0.02165360,0.03968466,0.01878975,0.00102744,26.19707706,20.70576116,38.84097731,31.30991675,0.07277755,-0.67895022,1.46498199,0.06105849,-0.68562532,1.44881635,6.21024017,0.00000003
13.22100000,STAND,-0.00327828,-0.00847677,0.00346389,-0.03118308,0.02213569,0.31267927,-0.03795611,0.02109539,0.03889829,0.01875635,0.00099405,26.21730713,20.91117006,38.60835685,31.31817710,0.07120402,-0.68153365,1.46694083,0.05939400,-0.68813995,1.45052244,6.15815554,0.00000003
13.23100000,STAND,-0.00316862,-0.00830713,0.00335358,-0.03053185,0.02154625,0.31266160,-0.03734630,0.02054131,0.03811840,0.01872320,0.00096090,26.23717961,21.11476572,38.37804459,31.32635583,0.06964207,-0.68409205,1.46887102,0.05774357,-0.69062781,1.45220094,6.10652307,0.00000003
13.24100000,STAND,-0.00306049,-0.00813942,0.00324441,-0.02988599,0.02096156,0.31264368,-0.03674136,0.01999158,0.03734527,0.01869033,0.00092803,26.25669832,21.31647072,38.15012042,31.33444039,0.06809234,-0.68662455,1.47077213,0.05610785,-0.69308804,1.45385154,6.05536261,0.00000003
13.25100000,STAND,-0.00295390,-0.00797369,0.00313641,-0.02924574,0.02038185,0.31262552,-0.03614151,0.01944642,0.03657920,0.01865773,0.00089543,26.27586721,21.51620797,37.92466335,31.34241901,0.06655549,-0.68913025,1.47264378,0.05448751,-0.69551984,1.45547398,6.00469374,0.00000003
13.26100000,STAND,-0.00284888,-0.00780997,0.00302962,-0.02861134,0.01980733,0.31260715,-0.03554698,0.01890602,0.03582047,0.01862543,0.00086313,26.29469027,21.71390071,37.70175151,31.35028085,0.06503215,-0.69160829,1.47448559,0.05288318,-0.69792238,1.45706800,5.95453569,0.00000002
13.27100000,STAND,-0.00274546,-0.00764832,0.00292407,-0.02798302,0.01923824,0.31258858,-0.03495800,0.01837061,0.03506937,0.01859344,0.00083114,26.31317141,21.90947249,37.48146222,31.35801613,0.06352297,-0.69405783,1.47629722,0.05129549,-0.70029488,1.45863338,5.90490743,0.00000002
13.28100000,STAND,-0.00264366,-0.00748877,0.00281980,-0.02736101,0.01867478,0.31256984,-0.03437478,0.01784038,0.03432617,0.01856176,0.00079946,26.33131436,22.10284717,37.26387196,31.36561614,0.06202856,-0.69647804,1.47807836,0.04972507,-0.70263659,1.46016993,5.85582762,0.00000002
13.29100000,STAND,-0.00254350,-0.00733136,0.00271685,-0.02674553,0.01811716,0.31255094,-0.03379753,0.01731554,0.03359114,0.01853041,0.00076811,26.34912260,22.29394888,37.04905639,31.37307337,0.06054954,-0.69886810,1.47982871,0.04817254,-0.70494674,1.46167745,5.80731462,0.00000002
13.30100000,STAND,-0.00244501,-0.00717612,0.00261524,-0.02613682,0.01756560,0.31253191,-0.03322647,0.01679629,0.03286456,0.01849941,0.00073711,26.36659931,22.48270212,36.83709032,31.38038149,0.05908653,-0.70122723,1.48154800,0.04663848,-0.70722464,1.46315580,5.75938651,0.00000002
13.31100000,STAND,-0.00234819,-0.00702309,0.00251501,-0.02553507,0.01702031,0.31251277,-0.03266181,0.01628283,0.03214668,0.01846876,0.00070646,26.38374734,22.66903174,36.62804768,31.38753538,0.05764012,-0.70355464,1.48323599,0.04512350,-0.70946957,1.46460483,5.71206106,0.00000002
13.32100000,STAND,-0.00225308,-0.00687231,0.00241619,-0.02494052,0.01648147,0.31249354,-0.03210374,0.01577534,0.03143776,0.01843847,0.00067617,26.40056915,22.85286300,36.42200146,31.39453113,0.05621091,-0.70584960,1.48489246,0.04362816,-0.71168086,1.46602444,5.66535570,0.00000002
13.33100000,STAND,-0.00215968,-0.00672381,0.00231881,-0.02435337,0.01594929,0.31247424,-0.03155248,0.01527401,0.03073806,0.01840857,0.00064627,26.41706685,23.03412165,36.21902363,31.40136601,0.05479947,-0.70811135,1.48651721,0.04215303,-0.71385787,1.46741453,5.61928758,0.00000002
13.34100000,STAND,-0.00206802,-0.00657763,0.00222289,-0.02377382,0.01542397,0.31245490,-0.03100822,0.01477903,0.03004782,0.01837906,0.00061675,26.43324219,23.21273398,36.01918509,31.40803845,0.05340637,-0.71033920,1.48811006,0.04069866,-0.71599996,1.46877502,5.57387346,0.00000002
13.35100000,STAND,-0.00197810,-0.00643380,0.00212846,-0.02320208,0.01490567,0.31243553,-0.03047115,0.01429058,0.02936728,0.01834995,0.00058764,26.44909657,23.38862694,35.82255555,31.41454794,0.05203218,-0.71253244,1.48967087,0.03926558,-0.71810653,1.47010586,5.52912977,0.00000002
13.36100000,STAND,-0.00188994,-0.00629234,0.00203555,-0.02263834,0.01439461,0.31241615,-0.02994145,0.01380882,0.02869667,0.01832125,0.00055895,26.46463108,23.56172817,35.62920347,31.42089501,0.05067742,-0.71469042,1.49119951,0.03785431,-0.72017701,1.47140703,5.48507255,0.00000002
13.37100000,STAND,-0.00180356,-0.00615330,0.00194419,-0.02208280,0.01389093,0.31239678,-0.02941933,0.01333394,0.02803623,0.01829298,0.00053068,26.47984654,23.73196615,35.43919593,31.42708111,0.04934264,-0.71681247,1.49269587,0.03646536,-0.72221083,1.47267851,5.44171746,0.00000002
13.38100000,STAND,-0.00171896,-0.00601670,0.00185439,-0.02153565,0.01339484,0.31237745,-0.02890495,0.01286610,0.02738617,0.01826515,0.00050285,26.49474359,23.89927030,35.25259852,31.43310857,0.04802836,-0.71889799,1.49415986,0.03509921,-0.72420748,1.47392030,5.39907973,0.00000002
13.39100000,STAND,-0.00163615,-0.00588258,0.00176618,-0.02099706,0.01290648,0.31235818,-0.02839849,0.01240546,0.02674672,0.01823777,0.00047547,26.50932266,24.06357107,35.06947528,31.43898045,0.04673506,-0.72094636,1.49559142,0.03375635,-0.72616645,1.47513243,5.35717416,0.00000002
13.40100000,STAND,-0.00155515,-0.00575095,0.00167959,-0.02046722,0.01242602,0.31233897,-0.02790012,0.01195217,0.02611808,0.01821085,0.00044855,26.52358411,24.22480007,34.88988851,31.44470048,0.04546325,-0.72295702,1.49699052,0.03243721,-0.72808727,1.47631494,5.31601507,0.00000002
13.41100000,STAND,-0.00147596,-0.00562185,0.00159463,-0.01994629,0.01195363,0.31231986,-0.02741002,0.01150639,0.02550044,0.01818440,0.00042210,26.53752827,24.38289019,34.71389872,31.45027298,0.04421339,-0.72492942,1.49835712,0.03114225,-0.72996948,1.47746790,5.27561634,0.00000002
13.42100000,STAND,-0.00139859,-0.00549531,0.00151133,-0.01943444,0.01148944,0.31230086,-0.02692833,0.01106826,0.02489402,0.01815844,0.00039614,26.55115548,24.53777570,34.54156451,31.45570268,0.04298595,-0.72686302,1.49969122,0.02987189,-0.73181268,1.47859138,5.23599131,0.00000002
13.43100000,STAND,-0.00132305,-0.00537135,0.00142969,-0.01893184,0.01103362,0.31228200,-0.02645521,0.01063792,0.02429898,0.01813297,0.00037067,26.56446616,24.68939240,34.37294244,31.46099473,0.04178135,-0.72875734,1.50099284,0.02862651,-0.73361646,1.47968546,5.19715283,0.00000002
13.44100000,STAND,-0.00124934,-0.00525000,0.00134975,-0.01843863,0.01058629,0.31226328,-0.02599082,0.01021552,0.02371552,0.01810800,0.00034570,26.57746090,24.83767771,34.20808698,31.46615450,0.04060002,-0.73061189,1.50226202,0.02740652,-0.73538046,1.48075027,5.15911320,0.00000002
13.45100000,STAND,-0.00117746,-0.00513127,0.00127151,-0.01795496,0.01014759,0.31224473,-0.02553530,0.00980117,0.02314380,0.01808355,0.00032125,26.59014047,24.98257082,34.04705034,31.47118758,0.03944237,-0.73242625,1.50349880,0.02621226,-0.73710434,1.48178593,5.12188415,0.00000002
13.46100000,STAND,-0.00110743,-0.00501519,0.00119499,-0.01748099,0.00971766,0.31222636,-0.02508878,0.00939501,0.02258399,0.01805963,0.00029733,26.60250590,25.12401277,33.88988245,31.47609962,0.03830878,-0.73419998,1.50470327,0.02504409,-0.73878779,1.48279258,5.08547687,0.00000002
13.47100000,STAND,-0.00103923,-0.00490179,0.00112021,-0.01701683,0.00929660,0.31220820,-0.02465140,0.00899715,0.02203623,0.01803624,0.00027394,26.61455851,25.26194658,33.73663084,31.48089631,0.03719962,-0.73593271,1.50587551,0.02390232,-0.74043054,1.48377037,5.04990192,0.00000002
13.48100000,STAND,-0.00097289,-0.00479108,0.00104718,-0.01656263,0.00888454,0.31219025,-0.02422328,0.00860770,0.02150068,0.01801340,0.00025109,26.62629996,25.39631735,33.58734058,31.48558327,0.03611523,-0.73762408,1.50701563,0.02278726,-0.74203233,1.48471948,5.01516929,0.00000002
13.49100000,STAND,-0.00090839,-0.00468308,0.00097591,-0.01611850,0.00848159,0.31217254,-0.02380454,0.00822676,0.02097747,0.01799111,0.00022880,26.63773226,25.52707237,33.44205421,31.49016601,0.03505594,-0.73927376,1.50812375,0.02169918,-0.74359294,1.48564008,4.98128836,0.00000002
13.50100000,STAND,-0.00084574,-0.00457780,0.00090641,-0.01568455,0.00808785,0.31215507,-0.02339530,0.00785445,0.02046673,0.01796938,0.00020708,26.64885780,25.65416123,33.30081165,31.49464987,0.03402205,-0.74088144,1.50920001,0.02063835,-0.74511218,1.48653238,4.94826786,0.00000002
13.51100000,STAND,-0.00078494,-0.00447526,0.00083870,-0.01526089,0.00770340,0.31213788,-0.02299565,0.00749084,0.01996858,0.01794823,0.00018592,26.65967938,25.77753587,33.16365022,31.49903998,0.03301386,-0.74244687,1.51024457,0.01960499,-0.74658990,1.48739658,4.91611593,0.00000001
13.52100000,STAND,-0.00072599,-0.00437548,0.00077277,-0.01484762,0.00732835,0.31212096,-0.02260569,0.00713603,0.01948312,0.01792765,0.00016535,26.67020018,25.89715070,33.03060453,31.50334123,0.03203161,-0.74396981,1.51125760,0.01859932,-0.74802595,1.48823292,4.88484005,0.00000001
13.53100000,STAND,-0.00066889,-0.00427847,0.00070865,-0.01444483,0.00696276,0.31210433,-0.02222552,0.00679009,0.01901046,0.01790767,0.00014536,26.68042380,26.01296267,32.90170647,31.50755821,0.03107556,-0.74545006,1.51223928,0.01762153,-0.74942025,1.48904162,4.85444706,0.00000001
13.54100000,STAND,-0.00061363,-0.00418424,0.00064633,-0.01405260,0.00660672,0.31208802,-0.02185521,0.00645310,0.01855069,0.01788828,0.00012597,26.69035422,26.12493134,32.77698519,31.51169523,0.03014591,-0.74688744,1.51318983,0.01667178,-0.75077272,1.48982294,4.82494317,0.00000001
13.55100000,STAND,-0.00056021,-0.00409279,0.00058582,-0.01367101,0.00626028,0.31207202,-0.02149484,0.00612512,0.01810387,0.01786949,0.00010718,26.69999580,26.23301895,32.65646705,31.51575629,0.02924287,-0.74828182,1.51410945,0.01575022,-0.75208334,1.49057713,4.79633397,0.00000001
13.56100000,STAND,-0.00050864,-0.00400414,0.00052713,-0.01330013,0.00592352,0.31205636,-0.02114448,0.00580621,0.01767008,0.01785131,0.00008901,26.70935324,26.33719049,32.54017566,31.51974508,0.02836659,-0.74963309,1.51499837,0.01485694,-0.75335209,1.49130448,4.76862436,0.00000001
13.57100000,STAND,-0.00045891,-0.00391829,0.00047026,-0.01294000,0.00559647,0.31204103,-0.02080419,0.00549643,0.01724939,0.01783375,0.00007144,26.71843157,26.43741373,32.42813180,31.52366498,0.02751723,-0.75094119,1.51585685,0.01399204,-0.75457902,1.49200527,4.74181865,0.00000001
13.58100000,STAND,-0.00041101,-0.00383525,0.00041521,-0.01259068,0.00527918,0.31202607,-0.02047401,0.00519580,0.01684182,0.01781680,0.00005450,26.72723612,26.53365931,32.32035347,31.52751908,0.02669489,-0.75220607,1.51668515,0.01315559,-0.75576419,1.49267979,4.71592050,0.00000001
13.59100000,STAND,-0.00036494,-0.00375501,0.00036199,-0.01225222,0.00497168,0.31201146,-0.02015399,0.00490438,0.01644743,0.01780049,0.00003819,26.73577244,26.62590074,32.21685586,31.53131016,0.02589968,-0.75342775,1.51748354,0.01234762,-0.75690769,1.49332836,4.69093294,0.00000001
13.60100000,STAND,-0.00032069,-0.00367759,0.00031058,-0.01192463,0.00467400,0.31199723,-0.01984416,0.00462218,0.01606623,0.01778481,0.00002250,26.74404633,26.71411448,32.11765138,31.53504075,0.02513167,-0.75460625,1.51825230,0.01156813,-0.75800966,1.49395130,4.66685837,0.00000001
13.61100000,STAND,-0.00027827,-0.00360298,0.00026100,-0.01160794,0.00438615,0.31198338,-0.01954455,0.00434923,0.01569824,0.01776976,0.00000746,26.75206371,26.79827996,32.02274963,31.53871312,0.02439088,-0.75574166,1.51899175,0.01081711,-0.75907026,1.49454895,4.64369859,0.00000001
13.62100000,STAND,-0.00023766,-0.00353118,0.00021324,-0.01130217,0.00410815,0.31196992,-0.01925517,0.00408554,0.01534346,0.01775535,-0.00000695,26.75983066,26.87837964,31.93215744,31.54232933,0.02367733,-0.75683407,1.51970220,0.01009450,-0.76008971,1.49512164,4.62145477,0.00000001
13.63100000,STAND,-0.00019885,-0.00346218,0.00016729,-0.01100732,0.00384000,0.31195685,-0.01897603,0.00383110,0.01500188,0.01774159,-0.00002071,26.76735331,26.95439901,31.84587884,31.54589121,0.02299101,-0.75788364,1.52038398,0.00940024,-0.76106823,1.49566973,4.60012751,0.00000001
13.64100000,STAND,-0.00016184,-0.00339599,0.00012315,-0.01072337,0.00358168,0.31194419,-0.01870713,0.00358592,0.01467347,0.01772848,-0.00003383,26.77463783,27.02632664,31.76391509,31.54940044,0.02233187,-0.75889055,1.52103744,0.00873422,-0.76200611,1.49619361,4.57971676,0.00000001
13.65100000,STAND,-0.00012663,-0.00333260,0.00008082,-0.01045032,0.00333318,0.31193193,-0.01844845,0.00334999,0.01435821,0.01771601,-0.00004629,26.78169034,27.09415421,31.68626472,31.55285854,0.02169984,-0.75985503,1.52166293,0.00809630,-0.76290367,1.49669365,4.56022193,0.00000001
13.66100000,STAND,-0.00009320,-0.00327200,0.00004029,-0.01018813,0.00309447,0.31192008,-0.01819997,0.00312327,0.01405604,0.01770420,-0.00005811,26.78851693,27.15787652,31.61292343,31.55626690,0.02109481,-0.76077735,1.52226084,0.00748632,-0.76376124,1.49717025,4.54164182,0.00000001
13.67100000,STAND,-0.00006155,-0.00321418,0.00000155,-0.00993678,0.00286552,0.31190864,-0.01796167,0.00290574,0.01376691,0.01769303,-0.00006927,26.79512355,27.21749157,31.54388423,31.55962682,0.02051666,-0.76165780,1.52283155,0.00690408,-0.76457922,1.49762381,4.52397466,0.00000001
13.68100000,STAND,-0.00003166,-0.00315913,-0.00003541,-0.00969621,0.00264628,0.31189762,-0.01773351,0.00269736,0.01349074,0.01768253,-0.00007978,26.80151602,27.27300054,31.47913730,31.56293951,0.01996522,-0.76249673,1.52337547,0.00634936,-0.76535805,1.49805476,4.50721809,0.00000001
13.69100000,STAND,-0.00000353,-0.00310684,-0.00007060,-0.00946637,0.00243669,0.31188701,-0.01751543,0.00249808,0.01322746,0.01767267,-0.00008963,26.80769997,27.32440783,31.41867010,31.56620612,0.01944029,-0.76329452,1.52389302,0.00582190,-0.76609817,1.49846354,4.49136921,0.00000001
13.70100000,STAND,0.00002285,-0.00305731,-0.00010403,-0.00924719,0.00223669,0.31187682,-0.01730737,0.00230784,0.01297695,0.01766348,-0.00009883,26.81368078,27.37172113,31.36246728,31.56942780,0.01894165,-0.76405161,1.52438463,0.00532141,-0.76680012,1.49885059,4.47642452,0.00000001
13.71100000,STAND,0.00004750,-0.00301051,-0.00013571,-0.00903859,0.00204620,0.31186705,-0.01710927,0.00212658,0.01273912,0.01765493,-0.00010737,26.81946360,27.41495139,31.31051072,31.57260562,0.01846904,-0.76476847,1.52485076,0.00484758,-0.76746443,1.49921638,4.46237999,0.00000001
13.72100000,STAND,0.00007043,-0.00296643,-0.00016565,-0.00884049,0.00186515,0.31185769,-0.01692105,0.00195421,0.01251383,0.01764704,-0.00011526,26.82505331,27.45411291,31.26277948,31.57574070,0.01802217,-0.76544560,1.52529188,0.00440003,-0.76809169,1.49956140,4.44923100,0.00000001
13.73100000,STAND,0.00009164,-0.00292506,-0.00019388,-0.00865278,0.00169343,0.31184873,-0.01674262,0.00179064,0.01230094,0.01763981,-0.00012250,26.83045445,27.48922336,31.21924977,31.57883411,0.01760072,-0.76608358,1.52570846,0.00397840,-0.76868254,1.49988613,4.43697238,0.00000001
13.74100000,STAND,0.00011116,-0.00288637,-0.00022040,-0.00847536,0.00153093,0.31184018,-0.01657387,0.00163579,0.01210032,0.01763322,-0.00012908,26.83567125,27.52030379,31.17989497,31.58188698,0.01720434,-0.76668299,1.52610103,0.00358226,-0.76923765,1.50019109,4.42559840,0.00000001
13.75100000,STAND,0.00012899,-0.00285035,-0.00024524,-0.00830810,0.00137755,0.31183204,-0.01641470,0.00148954,0.01191178,0.01762728,-0.00013502,26.84070763,27.54737873,31.14468556,31.58490043,0.01683262,-0.76724449,1.52647008,0.00321116,-0.76975774,1.50047681,4.41510277,0.00000001
13.76100000,STAND,0.00014515,-0.00281698,-0.00026842,-0.00815087,0.00123316,0.31182429,-0.01626498,0.00135179,0.01173516,0.01762198,-0.00014032,26.84556712,27.57047616,31.11358907,31.58787560,0.01648515,-0.76776877,1.52681618,0.00286461,-0.77024358,1.50074382,4.40547861,0.00000001
13.77100000,STAND,0.00015965,-0.00278623,-0.00028994,-0.00800353,0.00109761,0.31181692,-0.01612459,0.00122239,0.01157024,0.01761732,-0.00014498,26.85025293,27.58962763,31.08657006,31.59081366,0.01616147,-0.76825658,1.52713987,0.00254208,-0.77069598,1.50099271,4.39671848,0.00000000
13.78100000,STAND,0.00017250,-0.00275809,-0.00030984,-0.00786592,0.00097076,0.31180994,-0.01599337,0.00110121,0.01141684,0.01761331,-0.00014900,26.85476791,27.60486823,31.06359010,31.59371580,0.01586108,-0.76870870,1.52744174,0.00224301,-0.77111578,1.50122404,4.39503607,0.00000000
13.79100000,STAND,0.00018374,-0.00273253,-0.00032814,-0.00773787,0.00085245,0.31180332,-0.01587119,0.00098812,0.01127471,0.01760992,-0.00015239,26.85911453,27.61623671,31.04460765,31.59658321,0.01558346,-0.76912597,1.52772237,0.00196683,-0.77150388,1.50143843,4.39497205,0.00000000
13.80100000,STAND,0.00019336,-0.00270952,-0.00034485,-0.00761921,0.00074251,0.31179707,-0.01575786,0.00088293,0.01114363,0.01760715,-0.00015515,26.86329495,27.62377546,31.02957807,31.59941711,0.01532803,-0.76950927,1.52798241,0.00171288,-0.77186125,1.50163649,4.39504132,0.00000000
13.81100000,STAND,0.00020139,-0.00268904,-0.00036001,-0.00750974,0.00064076,0.31179117,-0.01565321,0.00078550,0.01102334,0.01760501,-0.00015729,26.86731098,27.62753062,31.01845352,31.60221871,0.01509420,-0.76985955,1.52822248,0.00148051,-0.77218886,1.50181886,4.39524372,0.00000000
13.82100000,STAND,0.00020785,-0.00267105,-0.00037364,-0.00740927,0.00054700,0.31178560,-0.01555707,0.00069564,0.01091357,0.01760348,-0.00015882,26.87116410,27.62755207,31.01118290,31.60498922,0.01488132,-0.77017779,1.52844326,0.00126902,-0.77248778,1.50198621,4.39557894,0.00000000
13.83100000,STAND,0.00021276,-0.00265553,-0.00038576,-0.00731756,0.00046103,0.31178035,-0.01546921,0.00061315,0.01081404,0.01760256,-0.00015974,26.87485548,27.62389354,31.00771183,31.60772985,0.01468872,-0.77046503,1.52864543,0.00107767,-0.77275908,1.50213923,4.39604651,0.00000000
13.84100000,STAND,0.00021613,-0.00264245,-0.00039641,-0.00723441,0.00038262,0.31177541,-0.01538944,0.00053783,0.01072444,0.01760224,-0.00016006,26.87838601,27.61661262,31.00798252,31.61044176,0.01451569,-0.77072236,1.52882971,0.00090567,-0.77300392,1.50227862,4.39664577,0.00000000
13.85100000,STAND,0.00021799,-0.00263176,-0.00040562,-0.00715956,0.00031156,0.31177077,-0.01531754,0.00046948,0.01064446,0.01760251,-0.00015980,26.88175631,27.60577081,31.01193373,31.61312612,0.01436147,-0.77095093,1.52899684,0.00075221,-0.77322349,1.50240513,4.39737589,0.00000000
13.86100000,STAND,0.00021836,-0.00262345,-0.00041342,-0.00709277,0.00024760,0.31176641,-0.01525325,0.00040786,0.01057376,0.01760336,-0.00015895,26.88496673,27.59143359,31.01950070,31.61578403,0.01422527,-0.77115193,1.52914758,0.00061645,-0.77341904,1.50251950,4.39823590,0.00000000
13.87100000,STAND,0.00021726,-0.00261746,-0.00041983,-0.00703376,0.00019049,0.31176230,-0.01519634,0.00035274,0.01051200,0.01760478,-0.00015753,26.88801741,27.57367045,31.03061505,31.61841656,0.01410627,-0.77132662,1.52928273,0.00049748,-0.77359187,1.50262253,4.39922461,0.00000000
13.88100000,STAND,0.00021472,-0.00261377,-0.00042490,-0.00698225,0.00013995,0.31175844,-0.01514655,0.00030387,0.01045881,0.01760676,-0.00015554,26.89090829,27.55255496,31.04520474,31.62102474,0.01400359,-0.77147630,1.52940310,0.00039437,-0.77374333,1.50271503,4.40034070,0.00000000
13.89100000,STAND,0.00021076,-0.00261232,-0.00042866,-0.00693796,0.00009572,0.31175480,-0.01510361,0.00026098,0.01041381,0.01760929,-0.00015301,26.89363912,27.52816478,31.06319397,31.62360952,0.01391634,-0.77160235,1.52950955,0.00030616,-0.77387484,1.50279783,4.40158267,0.00000000
13.90100000,STAND,0.00020540,-0.00261309,-0.00043115,-0.00690057,0.00005749,0.31175136,-0.01506722,0.00022382,0.01037660,0.01761236,-0.00014994,26.89620952,27.50058172,31.08450310,31.62617182,0.01384355,-0.77170619,1.52960295,0.00023182,-0.77398786,1.50287181,4.40294883,0.00000000
13.91100000,STAND,0.00019868,-0.00261602,-0.00043240,-0.00686977,0.00002497,0.31174810,-0.01503709,0.00019208,0.01034676,0.01761596,-0.00014634,26.89861895,27.46989181,31.10904860,31.62871248,0.01378425,-0.77178930,1.52968422,0.00017032,-0.77408390,1.50293786,4.40443736,0.00000000
13.92100000,STAND,0.00019062,-0.00262106,-0.00043246,-0.00684522,-0.00000216,0.31174501,-0.01501290,0.00016549,0.01032386,0.01762008,-0.00014222,26.90086681,27.43618528,31.13674293,31.63123227,0.01373740,-0.77185321,1.52975430,0.00012055,-0.77416454,1.50299690,4.40604624,0.00000000
13.93100000,STAND,0.00018126,-0.00262818,-0.00043137,-0.00682657,-0.00002423,0.31174205,-0.01499434,0.00014372,0.01030745,0.01762469,-0.00013761,26.90295240,27.39955666,31.16749448,31.63373192,0.01370194,-0.77189953,1.52981417,0.00008139,-0.77423142,1.50304991,4.40777331,0.00000000
13.94100000,STAND,0.00017062,-0.00263731,-0.00042918,-0.00681346,-0.00004159,0.31173921,-0.01498107,0.00012645,0.01029706,0.01762980,-0.00013251,26.90487499,27.36010477,31.20120752,31.63621211,0.01367676,-0.77192992,1.52986482,0.00005165,-0.77428624,1.50309786,4.40961625,0.00000000
13.95100000,STAND,0.00015873,-0.00264841,-0.00042592,-0.00680552,-0.00005460,0.31173645,-0.01497272,0.00011335,0.01029220,0.01763537,-0.00012693,26.90663382,27.31793277,31.23778208,31.63867343,0.01366070,-0.77194610,1.52990731,0.00003012,-0.77433074,1.50314178,4.41157258,0.00000000
13.96100000,STAND,0.00014563,-0.00266142,-0.00042164,-0.00680234,-0.00006362,0.31173376,-0.01496894,0.00010408,0.01029237,0.01764140,-0.00012090,26.90822813,27.27314819,31.27711388,31.64111646,0.01365258,-0.77194985,1.52994271,0.00001554,-0.77436673,1.50318272,4.41363966,0.00000000
13.97100000,STAND,0.00013136,-0.00267629,-0.00041640,-0.00680353,-0.00006904,0.31173111,-0.01496936,0.00009827,0.01029704,0.01764787,-0.00011443,26.90965721,27.22586297,31.31909430,31.64354174,0.01365115,-0.77194302,1.52997214,0.00000661,-0.77439609,1.50322178,4.41581471,0.00000000
13.98100000,STAND,0.00011594,-0.00269295,-0.00041024,-0.00680867,-0.00007125,0.31172847,-0.01497356,0.00009554,0.01030567,0.01765477,-0.00010753,26.91092036,27.17619348,31.36361024,31.64594977,0.01365514,-0.77192752,1.52999674,0.00000197,-0.77442075,1.50326008,4.41809482,0.00000000
13.99100000,STAND,0.00009944,-0.00271134,-0.00040323,-0.00681731,-0.00007068,0.31172581,-0.01498115,0.00009552,0.01031770,0.01766207,-0.00010023,26.91218310,27.12427569,31.41052411,31.64814652,0.01366324,-0.77190532,1.53001771,0.00000025,-0.77444271,1.50329877,4.42044072,0.00000010
14.00100000,STAND,0.00008188,-0.00273141,-0.00039540,-0.00682900,-0.00006775,0.31172311,-0.01499171,0.00009780,0.01033254,0.01766976,-0.00009254,26.91333758,27.07018975,31.45978893,31.65094586,0.01367407,-0.77187847,1.53003625,0.00000000,-0.77446403,1.50333906,4.42299177,0.00000008
