time_s,state,roll_rad,pitch_rad,yaw_rad,body_x_m,body_y_m,body_z_m,com_x_m,com_y_m,support_margin_m,fr_foot_z_m,fr_lift_m,fl_force_n,fr_force_n,hl_force_n,hr_force_n,fr_q0,fr_q1,fr_q2,fr_qd0,fr_qd1,fr_qd2,max_abs_tau_nm,ik_residual_m
0.00100000,STAND,-0.00000000,0.00000000,-0.00000000,-0.00000004,0.00000000,0.32207984,-0.00842045,0.00016080,0.00585067,0.02200000,0.00000000,1.41653174,1.41753142,1.41745844,1.41726896,0.00000017,-0.77300194,1.50054729,0.00000000,-0.77297953,1.50050035,0.00000000,0.00000000
0.01000000,STAND,-0.00000011,0.00010585,0.00000012,-0.00001032,0.00000002,0.32160455,-0.00843058,0.00016081,0.00587349,0.02175033,0.00000000,7.72199611,7.72952869,7.06122346,7.06015264,0.00013355,-0.77340964,1.50180251,0.00000000,-0.77297953,1.50050035,0.82907487,0.00000000
0.02000000,STAND,-0.00000069,0.00052382,0.00000095,-0.00005936,0.00000013,0.32041151,-0.00847845,0.00016089,0.00594351,0.02100670,0.00000000,20.37831989,20.38795428,17.39567434,17.39481474,0.00055064,-0.77429420,1.50506621,0.00000000,-0.77297953,1.50050035,2.24543718,0.00000000
0.03000000,STAND,-0.00000245,0.00137868,0.00000352,-0.00018631,0.00000052,0.31886175,-0.00860249,0.00016117,0.00606347,0.02008582,0.00000000,28.77890454,28.79053191,23.76182781,23.75799313,0.00122750,-0.77532235,1.51001832,0.00000000,-0.77297953,1.50050035,3.39565106,0.00000000
0.04000000,STAND,-0.00000617,0.00242980,0.00000839,-0.00040274,0.00000133,0.31722381,-0.00881092,0.00016181,0.00623596,0.01905143,0.00000000,34.53366323,34.53698963,28.34810496,28.34052943,0.00211353,-0.77583238,1.51496994,0.00000000,-0.77297953,1.50050035,4.21066791,0.00000000
0.05000000,STAND,-0.00001189,0.00336067,0.00001554,-0.00070455,0.00000266,0.31567185,-0.00909895,0.00016291,0.00645868,0.01805133,0.00000000,38.33623031,38.32649080,31.90483503,31.89190060,0.00311673,-0.77590627,1.51939766,0.00000000,-0.77297953,1.50050035,4.79143642,0.00000000
0.06000000,STAND,-0.00001935,0.00395790,0.00002452,-0.00108435,0.00000456,0.31432793,-0.00945902,0.00016452,0.00672830,0.01719712,0.00000000,40.23691966,40.21067858,34.41188028,34.39190696,0.00416116,-0.77563602,1.52298553,0.00000000,-0.77297953,1.50050035,5.13498401,0.00000000
0.07000000,STAND,-0.00002814,0.00411116,0.00003466,-0.00153227,0.00000699,0.31326390,-0.00988162,0.00016662,0.00703974,0.01655459,0.00000000,40.45976227,40.41498650,35.93904381,35.91047167,0.00517945,-0.77510027,1.52557425,0.00000000,-0.77297953,1.50050035,5.26307511,0.00000000
0.08000000,STAND,-0.00003779,0.00379739,0.00004514,-0.00203641,0.00000987,0.31250665,-0.01035575,0.00016916,0.00738607,0.01614915,0.00000000,39.34380691,39.27988195,36.62882594,36.59039643,0.00611580,-0.77436875,1.52714273,0.00000000,-0.77297953,1.50050035,5.21458737,0.00000000
0.09000000,STAND,-0.00004779,0.00305830,0.00005517,-0.00258337,0.00001308,0.31204639,-0.01086927,0.00017204,0.00775867,0.01597426,0.00000000,37.28050666,37.19811080,36.66815137,36.61906271,0.00692950,-0.77350535,1.52777793,0.00000000,-0.77297953,1.50050035,5.03696177,0.00000000
0.10000000,STAND,-0.00005765,0.00197727,0.00006408,-0.00315882,0.00001648,0.31184663,-0.01140934,0.00017513,0.00814781,0.01600054,0.00000000,34.66251129,34.56338751,36.26017054,36.20018023,0.00759653,-0.77256922,1.52763990,0.00000000,-0.77297953,1.50050035,4.91242083,0.00000000
0.11000000,STAND,-0.00006691,0.00065858,0.00007135,-0.00374817,0.00001992,0.31185436,-0.01196290,0.00017829,0.00854328,0.01618472,0.00000000,31.84525333,31.73192366,35.60008614,35.52954792,0.00810898,-0.77161414,1.52692747,0.00000000,-0.77297953,1.50050035,4.86869164,0.00000000
0.12000000,STAND,-0.00007520,-0.00078924,0.00007671,-0.00433726,0.00002324,0.31200939,-0.01251720,0.00018139,0.00893509,0.01647756,0.00000000,29.12138446,28.99684809,34.85707235,34.77690820,0.00847276,-0.77068699,1.52584837,0.00000000,-0.77297953,1.50050035,4.81142376,0.00000000
0.13000000,STAND,-0.00008225,-0.00226571,0.00008009,-0.00491298,0.00002632,0.31225220,-0.01306035,0.00018430,0.00931402,0.01683027,0.00000000,26.70727711,26.57472600,34.16298382,34.07460152,0.00870414,-0.76982622,1.52459587,0.00000000,-0.77297953,1.50050035,4.75823526,0.00000000
0.14000000,STAND,-0.00008788,-0.00368636,0.00008162,-0.00546375,0.00002905,0.31252977,-0.01358174,0.00018692,0.00967217,0.01719929,0.00000000,24.74008550,24.60266114,33.60756132,33.51273414,0.00882601,-0.76906067,1.52333269,0.00000000,-0.77297953,1.50050035,4.72088371,0.00000000
0.15000000,STAND,-0.00009202,-0.00498690,0.00008155,-0.00597989,0.00003135,0.31279932,-0.01407235,0.00018915,0.01000316,0.01754935,0.00000000,23.28327569,23.14388060,33.23917639,33.13990295,0.00886428,-0.76840933,1.52218208,0.00000000,-0.77297953,1.50050035,4.70547820,0.00000000
0.16000000,STAND,-0.00009467,-0.00612419,0.00008026,-0.00645381,0.00003317,0.31303017,-0.01452495,0.00019096,0.01030230,0.01785499,0.00000000,22.33816633,22.19933450,33.06976869,32.96812977,0.00884483,-0.76788177,1.52122530,0.00000000,-0.77297953,1.50050035,4.71323661,0.00000000
0.17000000,STAND,-0.00009593,-0.00707494,0.00007814,-0.00687998,0.00003449,0.31320384,-0.01493415,0.00019230,0.01056648,0.01810067,0.00000000,21.85893201,21.72275570,33.08247937,32.98050517,0.00879126,-0.76747934,1.52050393,0.00000000,-0.77297953,1.50050035,4.74157601,0.00000000
0.18000000,STAND,-0.00009593,-0.00783280,0.00007558,-0.00725486,0.00003531,0.31331289,-0.01529630,0.00019318,0.01079411,0.01827995,0.00000000,21.76871368,21.63681871,33.24053111,33.14008872,0.00872341,-0.76719682,1.52002576,0.00000000,-0.77297953,1.50050035,4.78533996,0.00000000
0.19000000,STAND,-0.00009483,-0.00840458,0.00007293,-0.00757666,0.00003567,0.31335895,-0.01560935,0.00019361,0.01098479,0.01839389,0.00000000,21.97489883,21.84845825,33.49610595,33.39881291,0.00865664,-0.76702422,1.51977256,0.00000000,-0.77297953,1.50050035,4.83800014,0.00000000
0.20000000,STAND,-0.00009283,-0.00880623,0.00007045,-0.00784506,0.00003560,0.31335028,-0.01587263,0.00019364,0.01113910,0.01844910,0.00000000,22.38218438,22.26195912,33.79826921,33.70543554,0.00860173,-0.76694864,1.51970850,0.00000000,-0.77297953,1.50050035,4.89271296,0.00000000
0.21000000,STAND,-0.00009010,-0.00905913,0.00006833,-0.00806093,0.00003516,0.31329927,-0.01608659,0.00019330,0.01125837,0.01845575,0.00000000,22.90261663,22.78901254,34.09932393,34.01192238,0.00856518,-0.76695588,1.51978826,0.00000000,-0.77297953,1.50050035,4.94315761,0.00000000
0.22000000,STAND,-0.00008685,-0.00918678,0.00006668,-0.00822604,0.00003441,0.31322014,-0.01625259,0.00019265,0.01134440,0.01842572,0.00000000,23.46233130,23.35546327,34.35930501,34.27796689,0.00854985,-0.76703173,1.51996395,0.00000000,-0.77297953,1.50050035,4.98412272,0.00000000
0.23000000,STAND,-0.00008322,-0.00921230,0.00006552,-0.00834282,0.00003341,0.31312697,-0.01637262,0.00019176,0.01139930,0.01837094,0.00000000,24.00513951,23.90489542,34.54859739,34.47363002,0.00855581,-0.76716298,1.52019064,0.00000000,-0.77297953,1.50050035,5.01184340,0.00000000
0.24000000,STAND,-0.00007939,-0.00915664,0.00006482,-0.00841414,0.00003222,0.31303231,-0.01644918,0.00019067,0.01142537,0.01830232,0.00000000,24.49339968,24.39949890,34.64886775,34.58028831,0.00858113,-0.76733793,1.52043008,0.00000000,-0.77297953,1.50050035,5.02411500,0.00000000
0.25000000,STAND,-0.00007546,-0.00903759,0.00006449,-0.00844317,0.00003091,0.31294621,-0.01648510,0.00018945,0.01142498,0.01822889,0.00000000,24.90678231,24.81882574,34.65262902,34.59020967,0.00862270,-0.76754675,1.52065292,0.00000000,-0.77297953,1.50050035,5.02022566,0.00000000
0.26000000,STAND,-0.00007156,-0.00886935,0.00006444,-0.00843326,0.00002952,0.31287577,-0.01648344,0.00018815,0.01140053,0.01815744,0.00000000,25.23959292,25.15710306,34.56181779,34.50513656,0.00867694,-0.76778140,1.52083939,0.00000000,-0.77297953,1.50050035,5.00075774,0.00000000
0.27000000,STAND,-0.00006778,-0.00866262,0.00006454,-0.00838787,0.00002811,0.31282514,-0.01644740,0.00018682,0.01135443,0.01809248,0.00000000,25.49729243,25.41974367,34.38576893,34.33426177,0.00874031,-0.76803550,1.52097889,0.00000000,-0.77297953,1.50050035,4.96730845,0.00000000
0.28000000,STAND,-0.00006419,-0.00842509,0.00006470,-0.00831053,0.00002672,0.31279569,-0.01638029,0.00018550,0.01128909,0.01803638,0.00000000,25.69277082,25.61961091,34.13893520,34.09194537,0.00880974,-0.76830401,1.52106877,0.00000000,-0.77297953,1.50050035,4.92217613,0.00000000
0.29000000,STAND,-0.00006086,-0.00816207,0.00006481,-0.00820484,0.00002537,0.31278660,-0.01628553,0.00018421,0.01120689,0.01798973,0.00000000,25.84281317,25.77347769,33.83863793,33.79545993,0.00888278,-0.76858290,1.52111257,0.00000000,-0.77297953,1.50050035,4.86805071,0.00000000
0.30000000,STAND,-0.00005781,-0.00787725,0.00006483,-0.00807443,0.00002410,0.31279534,-0.01616655,0.00018299,0.01111024,0.01795182,0.00000000,25.96506770,25.89898927,33.50306039,33.46297663,0.00895776,-0.76886877,1.52111807,0.00000000,-0.77297953,1.50050035,4.80773695,0.00000000
0.31000000,STAND,-0.00005510,-0.00757336,0.00006471,-0.00792296,0.00002292,0.31281836,-0.01602685,0.00018187,0.01100153,0.01792108,0.00000000,26.07569774,26.01231203,33.14961942,33.11192901,0.00903368,-0.76915862,1.52109545,0.00000000,-0.77297953,1.50050035,4.74392934,0.00000000
0.32000000,STAND,-0.00005275,-0.00725285,0.00006443,-0.00775410,0.00002187,0.31285161,-0.01586994,0.00018085,0.01088316,0.01789549,0.00000000,26.18778691,26.12653698,32.79378065,32.75782040,0.00911016,-0.76944957,1.52105557,0.00000000,-0.77297953,1.50050035,4.67904758,0.00000000
0.33000000,STAND,-0.00005076,-0.00691829,0.00006401,-0.00757152,0.00002094,0.31289105,-0.01569936,0.00017995,0.01075751,0.01787298,0.00000000,26.31047425,26.25081448,32.44832353,32.41348181,0.00918725,-0.76973874,1.52100871,0.00000000,-0.77297953,1.50050035,4.61513357,0.00000000
0.34000000,STAND,-0.00004916,-0.00657272,0.00006348,-0.00737886,0.00002014,0.31293298,-0.01551856,0.00017918,0.01062694,0.01785171,0.00000000,26.44872882,26.39012929,32.12301683,32.08874158,0.00926526,-0.77002315,1.52096355,0.00000000,-0.77297953,1.50050035,4.55380457,0.00000000
0.35000000,STAND,-0.00004793,-0.00621974,0.00006287,-0.00717969,0.00001949,0.31297435,-0.01533099,0.00017855,0.01049373,0.01783022,0.00000000,26.60363117,26.54558286,31.82463505,31.79043714,0.00934461,-0.77029977,1.52092671,0.00000000,-0.77297953,1.50050035,4.49625297,0.00000000
0.36000000,STAND,-0.00004707,-0.00586357,0.00006222,-0.00697746,0.00001898,0.31301280,-0.01513993,0.00017804,0.01036007,0.01780755,0.00000000,26.77301028,26.71503113,31.55722960,31.52268293,0.00942568,-0.77056550,1.52090247,0.00000000,-0.77297953,1.50050035,4.44328081,0.00000000
0.37000000,STAND,-0.00004656,-0.00550890,0.00006159,-0.00677547,0.00001860,0.31304678,-0.01494856,0.00017767,0.01022806,0.01778325,0.00000000,26.95228559,26.89392723,31.32256499,31.28730453,0.00950869,-0.77081732,1.52089291,0.00000000,-0.77297953,1.50050035,4.39535697,0.00000000
0.38000000,STAND,-0.00004640,-0.00516072,0.00006100,-0.00657682,0.00001837,0.31307541,-0.01475985,0.00017743,0.01009963,0.01775734,0.00000000,27.13537935,27.07623402,31.12063614,31.08435488,0.00959364,-0.77105236,1.52089816,0.00000000,-0.77297953,1.50050035,4.35268545,0.00000000
0.39000000,STAND,-0.00004654,-0.00482408,0.00006050,-0.00638435,0.00001825,0.31309844,-0.01457653,0.00017731,0.00997653,0.01773021,0.00000000,27.31559029,27.25529750,30.95019602,30.91264152,0.00968032,-0.77126798,1.52091684,0.00000000,-0.77297953,1.50050035,4.31527536,0.00000000
0.40000000,STAND,-0.00004697,-0.00450391,0.00006010,-0.00620064,0.00001826,0.31311609,-0.01440109,0.00017730,0.00986034,0.01770252,0.00000000,27.48634944,27.42460179,30.80923947,30.77021062,0.00976824,-0.77146194,1.52094651,0.00000000,-0.77297953,1.50050035,4.28300536,0.00000000
0.41000000,STAND,-0.00004764,-0.00420474,0.00005982,-0.00602795,0.00001838,0.31312889,-0.01423570,0.00017739,0.00975239,0.01767509,0.00000000,27.64181007,27.57835784,30.69540760,30.65475166,0.00985673,-0.77163242,1.52098413,0.00000000,-0.77297953,1.50050035,4.25567766,0.00000000
0.42000000,STAND,-0.00004853,-0.00393053,0.00005966,-0.00586820,0.00001859,0.31313756,-0.01408225,0.00017758,0.00965380,0.01764879,0.00000000,27.77725175,27.71190586,30.60629388,30.56390397,0.00994494,-0.77177808,1.52102649,0.00000000,-0.77297953,1.50050035,4.23305934,0.00000000
0.43000000,STAND,-0.00004958,-0.00368460,0.00005962,-0.00572297,0.00001888,0.31314287,-0.01394228,0.00017785,0.00956545,0.01762445,0.00000000,27.88930149,27.82193465,30.53964859,30.49546145,0.01003193,-0.77189814,1.52107056,0.00000000,-0.77297953,1.50050035,4.21491031,0.00000000
0.44000000,STAND,-0.00005076,-0.00346943,0.00005968,-0.00559349,0.00001925,0.31314559,-0.01381700,0.00017818,0.00948800,0.01760277,0.00000000,27.97599251,27.90653850,30.49348896,30.44748285,0.01011670,-0.77199232,1.52111366,0.00000000,-0.77297953,1.50050035,4.20099911,0.00000000
0.45000000,STAND,-0.00005203,-0.00328671,0.00005983,-0.00548064,0.00001966,0.31314637,-0.01370730,0.00017856,0.00942187,0.01758432,0.00000000,28.03669195,27.96514299,30.46613076,30.41832332,0.01019830,-0.77206084,1.52115370,0.00000000,-0.77297953,1.50050035,4.19110848,0.00000000
0.46000000,STAND,-0.00005334,-0.00313733,0.00006004,-0.00538495,0.00002012,0.31314574,-0.01361375,0.00017899,0.00936725,0.01756946,0.00000000,28.07193393,27.99833643,30.45616100,30.40660671,0.01027580,-0.77210443,1.52118917,0.00000000,-0.77297953,1.50050035,4.18503343,0.00000000
0.47000000,STAND,-0.00005467,-0.00302139,0.00006030,-0.00530666,0.00002060,0.31314407,-0.01353661,0.00017944,0.00932415,0.01755840,0.00000000,28.08319492,28.00764388,30.46237241,30.41115972,0.01034843,-0.77212421,1.52121916,0.00000000,-0.77297953,1.50050035,4.18257440,0.00000000
0.48000000,STAND,-0.00005598,-0.00293829,0.00006060,-0.00524567,0.00002109,0.31314163,-0.01347585,0.00017990,0.00929236,0.01755113,0.00000000,28.07264492,27.99527713,30.48367945,30.43092728,0.01041550,-0.77212166,1.52124330,0.00000000,-0.77297953,1.50050035,4.18352828,0.00000000
0.49000000,STAND,-0.00005723,-0.00288685,0.00006089,-0.00520163,0.00002158,0.31313853,-0.01343119,0.00018036,0.00927153,0.01754755,0.00000000,28.04290192,27.96388852,30.51903209,30.46488577,0.01047650,-0.77209855,1.52126166,0.00000000,-0.77297953,1.50050035,4.18767919,0.00000000
0.50000000,STAND,-0.00005840,-0.00286535,0.00006119,-0.00517394,0.00002206,0.31313483,-0.01340210,0.00018081,0.00926114,0.01754739,0.00000000,27.99681034,27.91634899,30.56734005,30.51196672,0.01053106,-0.77205688,1.52127463,0.00000000,-0.77297953,1.50050035,4.19479084,0.00000000
0.51000000,STAND,-0.00005946,-0.00287168,0.00006146,-0.00516179,0.00002251,0.31313050,-0.01338785,0.00018124,0.00926055,0.01755033,0.00000000,27.93725662,27.85556357,30.62741560,30.57099920,0.01057899,-0.77199881,1.52128282,0.00000000,-0.77297953,1.50050035,4.20460144,0.00000000
0.52000000,STAND,-0.00006040,-0.00290343,0.00006171,-0.00516417,0.00002292,0.31312551,-0.01338753,0.00018164,0.00926903,0.01755597,0.00000000,27.86702827,27.78433073,30.69793925,30.64067516,0.01062019,-0.77192658,1.52128694,0.00000000,-0.77297953,1.50050035,4.21682163,0.00000000
0.53000000,STAND,-0.00006121,-0.00295796,0.00006192,-0.00517992,0.00002330,0.31311980,-0.01340007,0.00018200,0.00928573,0.01756392,0.00000000,27.78871722,27.70524613,30.77744875,30.71953838,0.01065473,-0.77184249,1.52128772,0.00000000,-0.77297953,1.50050035,4.23113562,0.00000000
0.54000000,STAND,-0.00006187,-0.00303248,0.00006210,-0.00520779,0.00002363,0.31311336,-0.01342430,0.00018232,0.00930977,0.01757374,0.00000000,27.70466352,27.62064708,30.86434949,30.80599485,0.01068278,-0.77174885,1.52128585,0.00000000,-0.77297953,1.50050035,4.24720494,0.00000000
0.55000000,STAND,-0.00006239,-0.00312417,0.00006224,-0.00524640,0.00002390,0.31310619,-0.01345894,0.00018259,0.00934020,0.01758504,0.00000000,27.61693299,27.53259092,30.95694213,30.89834081,0.01070458,-0.77164790,1.52128194,0.00000000,-0.77297953,1.50050035,4.26467458,0.00000000
0.56000000,STAND,-0.00006276,-0.00323016,0.00006235,-0.00529433,0.00002413,0.31309834,-0.01350265,0.00018281,0.00937606,0.01759746,0.00000000,27.52732068,27.44285936,31.05346269,30.99480313,0.01072048,-0.77154182,1.52127648,0.00000000,-0.77297953,1.50050035,4.28318052,0.00000000
0.57000000,STAND,-0.00006298,-0.00334764,0.00006242,-0.00535011,0.00002430,0.31308989,-0.01355406,0.00018298,0.00941637,0.01761064,0.00000000,27.43737158,27.35298016,31.15212959,31.09358693,0.01073084,-0.77143268,1.52126987,0.00000000,-0.77297953,1.50050035,4.30235808,0.00000000
0.58000000,STAND,-0.00006307,-0.00347387,0.00006245,-0.00541228,0.00002441,0.31308095,-0.01361177,0.00018310,0.00946017,0.01762430,0.00000000,27.34841105,27.26425840,31.25119271,31.19292542,0.01073611,-0.77132242,1.52126237,0.00000000,-0.77297953,1.50050035,4.32185036,0.00000000
0.59000000,STAND,-0.00006303,-0.00360620,0.00006247,-0.00547937,0.00002448,0.31307166,-0.01367440,0.00018317,0.00950650,0.01763816,0.00000000,27.26157809,27.17781067,31.34898044,31.29112755,0.01073673,-0.77121286,1.52125419,0.00000000,-0.77297953,1.50050035,4.34131621,0.00000000
0.60000000,STAND,-0.00006287,-0.00374215,0.00006246,-0.00554997,0.00002449,0.31306220,-0.01374061,0.00018319,0.00955446,0.01765200,0.00000000,27.17785683,27.09459737,31.44394104,31.38662026,0.01073319,-0.77110564,1.52124545,0.00000000,-0.77297953,1.50050035,4.36043719,0.00000000
0.61000000,STAND,-0.00006262,-0.00387935,0.00006243,-0.00562271,0.00002446,0.31305273,-0.01380909,0.00018317,0.00960318,0.01766561,0.00000000,27.09810267,27.01544959,31.53467655,31.47798305,0.01072597,-0.77100224,1.52123624,0.00000000,-0.77297953,1.50050035,4.37892334,0.00000000
0.62000000,STAND,-0.00006227,-0.00401561,0.00006238,-0.00569630,0.00002439,0.31304343,-0.01387859,0.00018311,0.00965184,0.01767884,0.00000000,27.02306158,26.94108908,31.61996779,31.56397377,0.01071556,-0.77090397,1.52122663,0.00000000,-0.77297953,1.50050035,4.39651756,0.00000000
0.63000000,STAND,-0.00006186,-0.00414894,0.00006232,-0.00576952,0.00002428,0.31303444,-0.01394796,0.00018301,0.00969970,0.01769151,0.00000000,26.95338218,26.87214090,31.69879027,31.64354520,0.01070246,-0.77081195,1.52121667,0.00000000,-0.77297953,1.50050035,4.41299853,0.00000000
0.64000000,STAND,-0.00006139,-0.00427752,0.00006226,-0.00584126,0.00002415,0.31302591,-0.01401613,0.00018289,0.00974606,0.01770352,0.00000000,26.88962118,26.80913938,31.77032164,31.71585304,0.01068713,-0.77072713,1.52120644,0.00000000,-0.77297953,1.50050035,4.42818226,0.00000000
0.65000000,STAND,-0.00006088,-0.00439975,0.00006219,-0.00591052,0.00002399,0.31301797,-0.01408213,0.00018274,0.00979033,0.01771474,0.00000000,26.83224378,26.75252887,31.83394141,31.78025624,0.01067006,-0.77065029,1.52119601,0.00000000,-0.77297953,1.50050035,4.44192242,0.00000000
0.66000000,STAND,-0.00006035,-0.00451423,0.00006212,-0.00597640,0.00002381,0.31301072,-0.01414508,0.00018257,0.00983197,0.01772509,0.00000000,26.78162050,26.70266096,31.88922455,31.83631084,0.01065168,-0.77058199,1.52118550,0.00000000,-0.77297953,1.50050035,4.45410969,0.00000000
0.67000000,STAND,-0.00005980,-0.00461979,0.00006204,-0.00603813,0.00002362,0.31300424,-0.01420425,0.00018239,0.00987054,0.01773447,0.00000000,26.73802253,26.65979001,31.93593014,31.88375910,0.01063244,-0.77052267,1.52117501,0.00000000,-0.77297953,1.50050035,4.46467019,0.00000000
0.68000000,STAND,-0.00005926,-0.00471546,0.00006197,-0.00609507,0.00002342,0.31299857,-0.01425899,0.00018221,0.00990566,0.01774284,0.00000000,26.70161701,26.62406864,31.97398669,31.92251495,0.01061275,-0.77047256,1.52116469,0.00000000,-0.77297953,1.50050035,4.47356338,0.00000000
0.69000000,STAND,-0.00005874,-0.00480050,0.00006189,-0.00614668,0.00002322,0.31299375,-0.01430879,0.00018202,0.00993706,0.01775014,0.00000000,26.67246370,26.59554451,32.00347532,31.95264731,0.01059298,-0.77043174,1.52115466,0.00000000,-0.77297953,1.50050035,4.48077945,0.00000000
0.70000000,STAND,-0.00005824,-0.00487439,0.00006183,-0.00619258,0.00002302,0.31298979,-0.01435324,0.00018183,0.00996453,0.01775634,0.00000000,26.65051406,26.57415940,32.02461191,31.97436231,0.01057349,-0.77040016,1.52114508,0.00000000,-0.77297953,1.50050035,4.48633645,0.00000000
0.71000000,STAND,-0.00005778,-0.00493680,0.00006176,-0.00623246,0.00002283,0.31298667,-0.01439205,0.00018165,0.00998793,0.01776142,0.00000000,26.63561316,26.55975112,32.03772902,31.98798520,0.01055461,-0.77037760,1.52113606,0.00000000,-0.77297953,1.50050035,4.49027734,0.00000000
0.72000000,STAND,-0.00005735,-0.00498763,0.00006171,-0.00626618,0.00002265,0.31298438,-0.01442505,0.00018147,0.01000721,0.01776540,0.00000000,26.62750471,26.55205851,32.04325826,31.99394261,0.01053660,-0.77036374,1.52112774,0.00000000,-0.77297953,1.50050035,4.49266689,0.00000000
0.73000000,STAND,-0.00005698,-0.00502694,0.00006166,-0.00629366,0.00002248,0.31298288,-0.01445216,0.00018131,0.01002239,0.01776827,0.00000000,26.62583898,26.55072917,32.04171342,31.99274560,0.01051973,-0.77035814,1.52112021,0.00000000,-0.77297953,1.50050035,4.49358872,0.00000000
0.74000000,STAND,-0.00005666,-0.00505498,0.00006162,-0.00631495,0.00002233,0.31298212,-0.01447340,0.00018117,0.01003353,0.01777008,0.00000000,26.63018324,26.55532986,32.03367462,31.98497367,0.01050420,-0.77036026,1.52111355,0.00000000,-0.77297953,1.50050035,4.49314230,0.00000000
0.75000000,STAND,-0.00005640,-0.00507216,0.00006159,-0.00633018,0.00002220,0.31298205,-0.01448889,0.00018104,0.01004076,0.01777087,0.00000000,26.64003419,26.56535861,32.01977359,31.97125973,0.01049018,-0.77036948,1.52110782,0.00000000,-0.77297953,1.50050035,4.49144013,0.00000000
0.76000000,STAND,-0.00005619,-0.00507902,0.00006157,-0.00633958,0.00002209,0.31298261,-0.01449882,0.00018093,0.01004428,0.01777071,0.00000000,26.65483162,26.58025828,32.00067992,31.95227630,0.01047780,-0.77038513,1.52110306,0.00000000,-0.77297953,1.50050035,4.48860504,0.00000000
0.77000000,STAND,-0.00005603,-0.00507623,0.00006156,-0.00634345,0.00002199,0.31298374,-0.01450345,0.00018084,0.01004430,0.01776966,0.00000000,26.67397277,26.59943064,31.97708837,31.92872247,0.01046717,-0.77040647,1.52109928,0.00000000,-0.77297953,1.50050035,4.48476749,0.00000000
0.78000000,STAND,-0.00005593,-0.00506457,0.00006155,-0.00634213,0.00002192,0.31298536,-0.01450312,0.00018077,0.01004110,0.01776781,0.00000000,26.69682669,26.62225052,31.94970712,31.90131199,0.01045834,-0.77043273,1.52109647,0.00000000,-0.77297953,1.50050035,4.48006319,0.00000000
0.79000000,STAND,-0.00005589,-0.00504489,0.00006156,-0.00633605,0.00002187,0.31298742,-0.01449821,0.00018072,0.01003496,0.01776524,0.00000000,26.72274814,26.64807943,31.91924682,31.87076203,0.01045132,-0.77046314,1.52109461,0.00000000,-0.77297953,1.50050035,4.47463066,0.00000000
0.80000000,STAND,-0.00005589,-0.00501809,0.00006157,-0.00632566,0.00002184,0.31298985,-0.01448913,0.00018068,0.01002621,0.01776205,0.00000000,26.75109058,26.67627829,31.88641044,31.83778281,0.01044612,-0.77049690,1.52109364,0.00000000,-0.77297953,1.50050035,4.46860906,0.00000000
0.81000000,STAND,-0.00005593,-0.00498515,0.00006159,-0.00631144,0.00002183,0.31299257,-0.01447635,0.00018067,0.01001518,0.01775834,0.00000000,26.78121789,26.70621897,31.85188391,31.80306806,0.01044270,-0.77053324,1.52109352,0.00000000,-0.77297953,1.50050035,4.46213606,0.00000000
0.82000000,STAND,-0.00005602,-0.00494704,0.00006162,-0.00629391,0.00002184,0.31299553,-0.01446035,0.00018067,0.01000221,0.01775420,0.00000000,26.81251478,26.73729439,31.81632756,31.76728615,0.01044098,-0.77057139,1.52109418,0.00000000,-0.77297953,1.50050035,4.45534597,0.00000000
0.83000000,STAND,-0.00005614,-0.00490475,0.00006165,-0.00627360,0.00002186,0.31299865,-0.01444161,0.00018069,0.00998765,0.01774973,0.00000000,26.84439562,26.76892721,31.78036836,31.73107222,0.01044089,-0.77061061,1.52109554,0.00000000,-0.77297953,1.50050035,4.44836795,0.00000000
0.84000000,STAND,-0.00005628,-0.00485926,0.00006168,-0.00625103,0.00002189,0.31300188,-0.01442065,0.00018072,0.00997185,0.01774503,0.00000000,26.87631182,26.80057695,31.74459304,31.69502106,0.01044230,-0.77065021,1.52109753,0.00000000,-0.77297953,1.50050035,4.44132443,0.00000000
0.85000000,STAND,-0.00005645,-0.00481153,0.00006172,-0.00622673,0.00002194,0.31300516,-0.01439795,0.00018076,0.00995516,0.01774019,0.00000000,26.90775772,26.83174574,31.70954217,31.65968105,0.01044511,-0.77068956,1.52110006,0.00000000,-0.77297953,1.50050035,4.43432978,0.00000000
0.86000000,STAND,-0.00005664,-0.00476247,0.00006176,-0.00620120,0.00002199,0.31300843,-0.01437400,0.00018081,0.00993789,0.01773530,0.00000000,26.93827514,26.86198268,31.67570526,31.62554905,0.01044916,-0.77072804,1.52110305,0.00000000,-0.77297953,1.50050035,4.42748908,0.00000000
0.87000000,STAND,-0.00005684,-0.00471295,0.00006180,-0.00617493,0.00002206,0.31301164,-0.01434927,0.00018087,0.00992037,0.01773043,0.00000000,26.96745661,26.89088703,31.64351681,31.59306645,0.01045431,-0.77076513,1.52110642,0.00000000,-0.77297953,1.50050035,4.42089719,0.00000000
0.88000000,STAND,-0.00005704,-0.00466377,0.00006184,-0.00614840,0.00002213,0.31301474,-0.01432421,0.00018093,0.00990288,0.01772567,0.00000000,26.99494757,26.91811020,31.61335356,31.56261618,0.01046041,-0.77080036,1.52111007,0.00000000,-0.77297953,1.50050035,4.41463802,0.00000000
0.89000000,STAND,-0.00005724,-0.00461569,0.00006187,-0.00612204,0.00002220,0.31301770,-0.01429923,0.00018100,0.00988570,0.01772107,0.00000000,27.02044744,26.94335683,31.58553272,31.53452096,0.01046729,-0.77083331,1.52111395,0.00000000,-0.77297953,1.50050035,4.40878404,0.00000000
0.90000000,STAND,-0.00005744,-0.00456937,0.00006191,-0.00609624,0.00002228,0.31302048,-0.01427471,0.00018107,0.00986906,0.01771670,0.00000000,27.04370988,26.96638496,31.56031131,31.50904255,0.01047480,-0.77086365,1.52111796,0.00000000,-0.77297953,1.50050035,4.40339594,0.00000000
0.91000000,STAND,-0.00005763,-0.00452539,0.00006194,-0.00607137,0.00002235,0.31302305,-0.01425100,0.00018114,0.00985320,0.01771261,0.00000000,27.06454219,26.98700543,31.53788652,31.48638205,0.01048278,-0.77089110,1.52112204,0.00000000,-0.77297953,1.50050035,4.39852256,0.00000000
0.92000000,STAND,-0.00005781,-0.00448427,0.00006196,-0.00604774,0.00002242,0.31302538,-0.01422842,0.00018121,0.00983829,0.01770883,0.00000000,27.08280404,27.00508061,31.51839695,31.46668119,0.01049108,-0.77091545,1.52112611,0.00000000,-0.77297953,1.50050035,4.39420104,0.00000000
0.93000000,STAND,-0.00005798,-0.00444644,0.00006198,-0.00602563,0.00002249,0.31302746,-0.01420722,0.00018128,0.00982449,0.01770542,0.00000000,27.09840557,27.02052249,31.50192484,31.45002450,0.01049954,-0.77093655,1.52113013,0.00000000,-0.77297953,1.50050035,4.39045706,0.00000000
0.94000000,STAND,-0.00005813,-0.00441222,0.00006200,-0.00600527,0.00002256,0.31302926,-0.01418764,0.00018134,0.00981195,0.01770238,0.00000000,27.11130487,27.03329024,31.48849894,31.43644224,0.01050803,-0.77095433,1.52113402,0.00000000,-0.77297953,1.50050035,4.38730531,0.00000000
0.95000000,STAND,-0.00005826,-0.00438189,0.00006201,-0.00598684,0.00002262,0.31303079,-0.01416986,0.00018140,0.00980075,0.01769974,0.00000000,27.12150506,27.04338729,31.47809810,31.42591405,0.01051642,-0.77096875,1.52113775,0.00000000,-0.77297953,1.50050035,4.38475014,0.00000000
0.96000000,STAND,-0.00005837,-0.00435562,0.00006202,-0.00597049,0.00002267,0.31303204,-0.01415401,0.00018145,0.00979098,0.01769752,0.00000000,27.12905090,27.05085806,31.47065542,31.41837310,0.01052459,-0.77097985,1.52114126,0.00000000,-0.77297953,1.50050035,4.38278620,0.00000000
0.97000000,STAND,-0.00005847,-0.00433352,0.00006202,-0.00595631,0.00002272,0.31303301,-0.01414021,0.00018150,0.00978267,0.01769570,0.00000000,27.13402501,27.05578421,31.46606279,31.41371070,0.01053243,-0.77098770,1.52114452,0.00000000,-0.77297953,1.50050035,4.38139932,0.00000000
0.98000000,STAND,-0.00005854,-0.00431560,0.00006202,-0.00594436,0.00002276,0.31303370,-0.01412850,0.00018154,0.00977585,0.01769430,0.00000000,27.13654382,27.05828070,31.46417572,31.41178126,0.01053985,-0.77099243,1.52114749,0.00000000,-0.77297953,1.50050035,4.38056737,0.00000000
0.99000000,STAND,-0.00005859,-0.00430184,0.00006201,-0.00593466,0.00002280,0.31303413,-0.01411892,0.00018157,0.00977050,0.01769330,0.00000000,27.13675334,27.05849161,31.46481845,31.41240742,0.01054677,-0.77099419,1.52115015,0.00000000,-0.77297953,1.50050035,4.38026126,0.00000000
1.00000000,STAND,-0.00005862,-0.00429214,0.00006200,-0.00592718,0.00002282,0.31303431,-0.01411145,0.00018160,0.00976661,0.01769268,0.00000000,27.13482469,27.05658581,31.46778908,31.41538527,0.01055312,-0.77099319,1.52115249,0.00000000,-0.77297953,1.50050035,4.38044587,0.00000000
1.01000000,STAND,-0.00005864,-0.00428634,0.00006199,-0.00592189,0.00002284,0.31303426,-0.01410606,0.00018162,0.00976412,0.01769244,0.00000000,27.13094961,27.05275249,31.47286476,31.42048963,0.01055886,-0.77098964,1.52115449,0.00000000,-0.77297953,1.50050035,4.38108111,0.00000000
1.02000000,STAND,-0.00005863,-0.00428423,0.00006197,-0.00591868,0.00002285,0.31303399,-0.01410266,0.00018163,0.00976296,0.01769253,0.00000000,27.12533592,27.04719676,31.47980675,31.42747920,0.01056393,-0.77098380,1.52115614,0.00000000,-0.77297953,1.50050035,4.38212290,0.00000000
1.03000000,STAND,-0.00005862,-0.00428557,0.00006196,-0.00591747,0.00002285,0.31303353,-0.01410115,0.00018164,0.00976305,0.01769295,0.00000000,27.11820310,27.04013527,31.48836539,31.43610160,0.01056832,-0.77097593,1.52115745,0.00000000,-0.77297953,1.50050035,4.38352418,0.00000000
1.04000000,STAND,-0.00005859,-0.00429007,0.00006194,-0.00591811,0.00002285,0.31303289,-0.01410143,0.00018163,0.00976430,0.01769364,0.00000000,27.10977793,27.03179198,31.49828481,31.44609813,0.01057200,-0.77096631,1.52115842,0.00000000,-0.77297953,1.50050035,4.38523584,0.00000000
1.05000000,STAND,-0.00005854,-0.00429743,0.00006191,-0.00592045,0.00002285,0.31303210,-0.01410335,0.00018163,0.00976660,0.01769460,0.00000000,27.10029039,27.02239402,31.50930738,31.45720834,0.01057499,-0.77095522,1.52115906,0.00000000,-0.77297953,1.50050035,4.38720767,0.00000000
1.06000000,STAND,-0.00005849,-0.00430732,0.00006189,-0.00592433,0.00002283,0.31303118,-0.01410675,0.00018162,0.00976983,0.01769577,0.00000000,27.08996975,27.01216797,31.52117783,31.46917417,0.01057728,-0.77094294,1.52115938,0.00000000,-0.77297953,1.50050035,4.38938922,0.00000000
1.07000000,STAND,-0.00005843,-0.00431938,0.00006187,-0.00592957,0.00002282,0.31303016,-0.01411147,0.00018161,0.00977387,0.01769712,0.00000000,27.07904100,27.00133627,31.53364704,31.48174381,0.01057889,-0.77092976,1.52115941,0.00000000,-0.77297953,1.50050035,4.39173057,0.00000000
1.08000000,STAND,-0.00005836,-0.00433327,0.00006185,-0.00593599,0.00002280,0.31302906,-0.01411734,0.00018159,0.00977860,0.01769863,0.00000000,27.06772161,26.99011400,31.54647545,31.49467517,0.01057985,-0.77091595,1.52115916,0.00000000,-0.77297953,1.50050035,4.39418312,0.00000000
1.09000000,STAND,-0.00005829,-0.00434863,0.00006183,-0.00594339,0.00002278,0.31302790,-0.01412417,0.00018157,0.00978389,0.01770024,0.00000000,27.05621865,26.97870610,31.55943599,31.50773884,0.01058021,-0.77090177,1.52115867,0.00000000,-0.77297953,1.50050035,4.39670020,0.00000000
1.10000000,STAND,-0.00005822,-0.00436510,0.00006181,-0.00595159,0.00002275,0.31302671,-0.01413179,0.00018154,0.00978962,0.01770194,0.00000000,27.04472629,26.96730486,31.57231674,31.52072076,0.01057999,-0.77088747,1.52115795,0.00000000,-0.77297953,1.50050035,4.39923767,0.00000000
1.11000000,STAND,-0.00005815,-0.00438236,0.00006179,-0.00596040,0.00002273,0.31302550,-0.01414002,0.00018152,0.00979566,0.01770369,0.00000000,27.03342373,26.95608786,31.58492299,31.53342434,0.01057926,-0.77087329,1.52115703,0.00000000,-0.77297953,1.50050035,4.40175440,0.00000000
1.12000000,STAND,-0.00005808,-0.00440006,0.00006178,-0.00596964,0.00002270,0.31302430,-0.01414869,0.00018150,0.00980190,0.01770546,0.00000000,27.02247350,26.94521631,31.59707901,31.54567223,0.01057805,-0.77085944,1.52115595,0.00000000,-0.77297953,1.50050035,4.40421270,0.00000000
1.13000000,STAND,-0.00005801,-0.00441790,0.00006176,-0.00597912,0.00002267,0.31302313,-0.01415762,0.00018147,0.00980822,0.01770721,0.00000000,27.01202018,26.93483373,31.60862934,31.55730763,0.01057643,-0.77084610,1.52115474,0.00000000,-0.77297953,1.50050035,4.40657864,0.00000000
1.14000000,STAND,-0.00005795,-0.00443559,0.00006175,-0.00598868,0.00002265,0.31302199,-0.01416665,0.00018145,0.00981452,0.01770892,0.00000000,27.00218953,26.92506510,31.61943967,31.56819515,0.01057446,-0.77083345,1.52115341,0.00000000,-0.77297953,1.50050035,4.40882229,0.00000000
1.15000000,STAND,-0.00005789,-0.00445286,0.00006174,-0.00599817,0.00002262,0.31302091,-0.01417565,0.00018142,0.00982070,0.01771058,0.00000000,26.99308789,26.91601628,31.62939735,31.57822134,0.01057218,-0.77082164,1.52115201,0.00000000,-0.77297953,1.50050035,4.41091790,0.00000000
1.16000000,STAND,-0.00005783,-0.00446948,0.00006173,-0.00600744,0.00002260,0.31301989,-0.01418446,0.00018140,0.00982668,0.01771215,0.00000000,26.98480210,26.90777385,31.63841153,31.58729478,0.01056967,-0.77081078,1.52115056,0.00000000,-0.77297953,1.50050035,4.41284394,0.00000000
1.17000000,STAND,-0.00005779,-0.00448523,0.00006173,-0.00601636,0.00002258,0.31301896,-0.01419297,0.00018138,0.00983237,0.01771361,0.00000000,26.97739957,26.90040521,31.64641288,31.59534585,0.01056698,-0.77080097,1.52114908,0.00000000,-0.77297953,1.50050035,4.41458319,0.00000000
1.18000000,STAND,-0.00005774,-0.00449994,0.00006173,-0.00602483,0.00002256,0.31301811,-0.01420107,0.00018136,0.00983772,0.01771496,0.00000000,26.97092876,26.89395901,31.65335314,31.60232620,0.01056417,-0.77079228,1.52114760,0.00000000,-0.77297953,1.50050035,4.41612264,0.00000000
1.19000000,STAND,-0.00005771,-0.00451346,0.00006173,-0.00603274,0.00002254,0.31301735,-0.01420865,0.00018135,0.00984266,0.01771619,0.00000000,26.96541985,26.88846582,31.65920420,31.60820786,0.01056128,-0.77078478,1.52114615,0.00000000,-0.77297953,1.50050035,4.41745335,0.00000000
1.20000000,STAND,-0.00005768,-0.00452566,0.00006173,-0.00604002,0.00002253,0.31301669,-0.01421565,0.00018133,0.00984714,0.01771727,0.00000000,26.96088573,26.88393906,31.66395709,31.61298217,0.01055838,-0.77077847,1.52114474,0.00000000,-0.77297953,1.50050035,4.41857035,0.00000000
1.21000000,STAND,-0.00005766,-0.00453645,0.00006173,-0.00604659,0.00002251,0.31301614,-0.01422200,0.00018132,0.00985113,0.01771821,0.00000000,26.95732306,26.88037606,31.66762065,31.61665844,0.01055551,-0.77077338,1.52114339,0.00000000,-0.77297953,1.50050035,4.41947237,0.00000000
1.22000000,STAND,-0.00005764,-0.00454578,0.00006174,-0.00605241,0.00002250,0.31301568,-0.01422764,0.00018131,0.00985462,0.01771900,0.00000000,26.95471361,26.87775937,31.67022006,31.61926245,0.01055270,-0.77076949,1.52114213,0.00000000,-0.77297953,1.50050035,4.42016159,0.00000000
1.23000000,STAND,-0.00005764,-0.00455360,0.00006174,-0.00605744,0.00002250,0.31301533,-0.01423254,0.00018130,0.00985757,0.01771964,0.00000000,26.95302567,26.87605811,31.67179521,31.62083479,0.01055001,-0.77076676,1.52114095,0.00000000,-0.77297953,1.50050035,4.42064334,0.00000000
1.24000000,STAND,-0.00005763,-0.00455991,0.00006175,-0.00606167,0.00002249,0.31301508,-0.01423669,0.00018129,0.00985998,0.01772014,0.00000000,26.95221557,26.87522951,31.67239896,31.62142912,0.01054746,-0.77076516,1.52113988,0.00000000,-0.77297953,1.50050035,4.42092580,0.00000000
1.25000000,STAND,-0.00005763,-0.00456473,0.00006176,-0.00606509,0.00002249,0.31301492,-0.01424007,0.00018129,0.00986186,0.01772049,0.00000000,26.95222928,26.87522046,31.67209537,31.62111032,0.01054509,-0.77076462,1.52113892,0.00000000,-0.77297953,1.50050035,4.42101964,0.00000000
1.26000000,STAND,-0.00005764,-0.00456809,0.00006177,-0.00606771,0.00002249,0.31301485,-0.01424268,0.00018129,0.00986322,0.01772070,0.00000000,26.95300404,26.87596912,31.67095780,31.61995266,0.01054291,-0.77076506,1.52113809,0.00000000,-0.77297953,1.50050035,4.42093767,0.00000000
1.27000000,STAND,-0.00005765,-0.00457005,0.00006178,-0.00606954,0.00002249,0.31301487,-0.01424456,0.00018129,0.00986408,0.01772077,0.00000000,26.95446999,26.87740651,31.66906711,31.61803786,0.01054096,-0.77076642,1.52113737,0.00000000,-0.77297953,1.50050035,4.42069447,0.00000000
1.28000000,STAND,-0.00005767,-0.00457069,0.00006179,-0.00607063,0.00002249,0.31301497,-0.01424572,0.00018129,0.00986445,0.01772073,0.00000000,26.95655181,26.87945817,31.66650979,31.61545330,0.01053923,-0.77076860,1.52113678,0.00000000,-0.77297953,1.50050035,4.42030603,0.00000000
1.29000000,STAND,-0.00005768,-0.00457009,0.00006180,-0.00607100,0.00002249,0.31301513,-0.01424620,0.00018129,0.00986438,0.01772057,0.00000000,26.95917027,26.88204570,31.66337621,31.61229019,0.01053774,-0.77077149,1.52113632,0.00000000,-0.77297953,1.50050035,4.41978943,0.00000000
1.30000000,STAND,-0.00005770,-0.00456836,0.00006181,-0.00607071,0.00002250,0.31301536,-0.01424604,0.00018130,0.00986390,0.01772031,0.00000000,26.96224382,26.88508826,31.65975889,31.60864187,0.01053650,-0.77077501,1.52113598,0.00000000,-0.77297953,1.50050035,4.41916241,0.00000000
1.31000000,STAND,-0.00005772,-0.00456562,0.00006182,-0.00606981,0.00002250,0.31301565,-0.01424529,0.00018130,0.00986304,0.01771996,0.00000000,26.96568997,26.88850404,31.65575091,31.60460217,0.01053551,-0.77077905,1.52113576,0.00000000,-0.77297953,1.50050035,4.41844312,0.00000000
1.32000000,STAND,-0.00005775,-0.00456197,0.00006183,-0.00606836,0.00002251,0.31301598,-0.01424402,0.00018131,0.00986185,0.01771953,0.00000000,26.96942668,26.89221158,31.65144440,31.60026392,0.01053476,-0.77078351,1.52113565,0.00000000,-0.77297953,1.50050035,4.41764978,0.00000000
1.33000000,STAND,-0.00005777,-0.00455756,0.00006183,-0.00606643,0.00002252,0.31301635,-0.01424228,0.00018132,0.00986036,0.01771904,0.00000000,26.97337361,26.89613102,31.64692919,31.59571757,0.01053425,-0.77078828,1.52113565,0.00000000,-0.77297953,1.50050035,4.41680037,0.00000000
1.34000000,STAND,-0.00005779,-0.00455250,0.00006184,-0.00606408,0.00002253,0.31301674,-0.01424012,0.00018132,0.00985864,0.01771849,0.00000000,26.97745321,26.90018524,31.64229155,31.59104992,0.01053396,-0.77079328,1.52113575,0.00000000,-0.77297953,1.50050035,4.41591240,0.00000000
1.35000000,STAND,-0.00005781,-0.00454692,0.00006185,-0.00606138,0.00002253,0.31301716,-0.01423763,0.00018133,0.00985671,0.01771791,0.00000000,26.98159173,26.90430081,31.63761313,31.58634311,0.01053389,-0.77079839,1.52113594,0.00000000,-0.77297953,1.50050035,4.41500264,0.00000000
1.36000000,STAND,-0.00005783,-0.00454095,0.00006185,-0.00605840,0.00002254,0.31301759,-0.01423486,0.00018134,0.00985464,0.01771729,0.00000000,26.98572011,26.90840889,31.63297006,31.58167363,0.01053402,-0.77080354,1.52113621,0.00000000,-0.77297953,1.50050035,4.41408695,0.00000000
1.37000000,STAND,-0.00005785,-0.00453471,0.00006186,-0.00605521,0.00002255,0.31301802,-0.01423188,0.00018135,0.00985245,0.01771666,0.00000000,26.98977467,26.91244594,31.62843213,31.57711159,0.01053434,-0.77080864,1.52113655,0.00000000,-0.77297953,1.50050035,4.41318005,0.00000000
1.38000000,STAND,-0.00005787,-0.00452831,0.00006186,-0.00605187,0.00002256,0.31301845,-0.01422874,0.00018135,0.00985020,0.01771603,0.00000000,26.99369769,26.91635435,31.62406220,31.57272007,0.01053481,-0.77081362,1.52113695,0.00000000,-0.77297953,1.50050035,4.41229546,0.00000000
1.39000000,STAND,-0.00005789,-0.00452188,0.00006187,-0.00604844,0.00002256,0.31301887,-0.01422552,0.00018136,0.00984791,0.01771539,0.00000000,26.99743789,26.92008281,31.61991578,31.56855472,0.01053544,-0.77081840,1.52113739,0.00000000,-0.77297953,1.50050035,4.41144527,0.00000000
1.40000000,STAND,-0.00005790,-0.00451552,0.00006187,-0.00604500,0.00002257,0.31301928,-0.01422226,0.00018137,0.00984564,0.01771478,0.00000000,27.00095073,26.92358675,31.61604066,31.56466343,0.01053618,-0.77082293,1.52113788,0.00000000,-0.77297953,1.50050035,4.41064016,0.00000000
1.41000000,STAND,-0.00005791,-0.00450931,0.00006187,-0.00604158,0.00002258,0.31301967,-0.01421902,0.00018137,0.00984342,0.01771418,0.00000000,27.00419859,26.92682842,31.61247679,31.56108616,0.01053703,-0.77082715,1.52113839,0.00000000,-0.77297953,1.50050035,4.40988927,0.00000000
1.42000000,STAND,-0.00005793,-0.00450334,0.00006187,-0.00603825,0.00002258,0.31302003,-0.01421585,0.00018138,0.00984127,0.01771362,0.00000000,27.00715084,26.92977703,31.60925623,31.55785494,0.01053796,-0.77083103,1.52113892,0.00000000,-0.77297953,1.50050035,4.40920023,0.00000000
1.43000000,STAND,-0.00005793,-0.00449770,0.00006187,-0.00603505,0.00002259,0.31302036,-0.01421280,0.00018138,0.00983923,0.01771309,0.00000000,27.00978379,26.93240869,31.60640327,31.55499397,0.01053895,-0.77083453,1.52113946,0.00000000,-0.77297953,1.50050035,4.40857910,0.00000000
1.44000000,STAND,-0.00005794,-0.00449243,0.00006187,-0.00603201,0.00002259,0.31302066,-0.01420989,0.00018139,0.00983731,0.01771261,0.00000000,27.01208053,26.93470627,31.60393461,31.55251981,0.01053999,-0.77083762,1.52114000,0.00000000,-0.77297953,1.50050035,4.40803044,0.00000000
1.45000000,STAND,-0.00005795,-0.00448760,0.00006186,-0.00602918,0.00002259,0.31302093,-0.01420718,0.00018139,0.00983554,0.01771217,0.00000000,27.01403067,26.93665914,31.60185971,31.55044176,0.01054104,-0.77084028,1.52114053,0.00000000,-0.77297953,1.50050035,4.40755732,0.00000000
1.46000000,STAND,-0.00005795,-0.00448325,0.00006186,-0.00602658,0.00002260,0.31302116,-0.01420468,0.00018139,0.00983394,0.01771179,0.00000000,27.01563006,26.93826287,31.60018114,31.54876221,0.01054210,-0.77084251,1.52114104,0.00000000,-0.77297953,1.50050035,4.40716140,0.00000000
1.47000000,STAND,-0.00005795,-0.00447941,0.00006186,-0.00602424,0.00002260,0.31302135,-0.01420241,0.00018139,0.00983252,0.01771145,0.00000000,27.01688030,26.93951881,31.59889511,31.54747714,0.01054315,-0.77084430,1.52114153,0.00000000,-0.77297953,1.50050035,4.40684303,0.00000000
1.48000000,STAND,-0.00005795,-0.00447610,0.00006185,-0.00602216,0.00002260,0.31302151,-0.01420040,0.00018140,0.00983128,0.01771117,0.00000000,27.01778835,26.94043364,31.59799198,31.54657669,0.01054417,-0.77084567,1.52114198,0.00000000,-0.77297953,1.50050035,4.40660131,0.00000000
1.49000000,STAND,-0.00005795,-0.00447333,0.00006185,-0.00602038,0.00002260,0.31302164,-0.01419866,0.00018140,0.00983023,0.01771094,0.00000000,27.01836599,26.94101888,31.59745689,31.54604576,0.01054514,-0.77084661,1.52114241,0.00000000,-0.77297953,1.50050035,4.40643419,0.00000000
1.50000000,STAND,-0.00005795,-0.00447110,0.00006185,-0.00601888,0.00002260,0.31302172,-0.01419719,0.00018140,0.00982938,0.01771077,0.00000000,27.01862924,26.94129031,31.59727032,31.54586460,0.01054607,-0.77084715,1.52114279,0.00000000,-0.77297953,1.50050035,4.40633864,0.00000000
1.51000000,STAND,-0.00005795,-0.00446941,0.00006184,-0.00601767,0.00002260,0.31302177,-0.01419600,0.00018140,0.00982872,0.01771065,-0.00000011,27.01859785,26.94126743,31.59740881,31.54600951,0.01054693,-0.77084731,1.52114314,0.00000000,-0.77297953,1.50050035,4.40631074,0.00000000
1.52000000,STAND,-0.00005794,-0.00446825,0.00006184,-0.00601676,0.00002260,0.31302179,-0.01419508,0.00018140,0.00982825,0.01771058,-0.00000018,27.01829465,26.94097288,31.59784560,31.54645351,0.01054771,-0.77084711,1.52114344,0.00000000,-0.77297953,1.50050035,4.40634579,0.00000000
1.53000000,STAND,-0.00005794,-0.00446759,0.00006183,-0.00601612,0.00002260,0.31302178,-0.01419443,0.00018140,0.00982795,0.01771055,-0.00000020,27.01774500,26.94043180,31.59855131,31.54716698,0.01054842,-0.77084659,1.52114369,0.00000000,-0.77297953,1.50050035,4.40643849,0.00000000
1.54000000,STAND,-0.00005793,-0.00446740,0.00006183,-0.00601576,0.00002260,0.31302175,-0.01419404,0.00018139,0.00982783,0.01771057,-0.00000018,27.01697617,26.93967131,31.59949455,31.54811835,0.01054904,-0.77084578,1.52114390,0.00000000,-0.77297953,1.50050035,4.40658302,0.00000000
1.55000000,STAND,-0.00005793,-0.00446766,0.00006183,-0.00601564,0.00002260,0.31302168,-0.01419389,0.00018139,0.00982787,0.01771063,-0.00000012,27.01601680,26.93871989,31.60064264,31.54927474,0.01054958,-0.77084471,1.52114406,0.00000000,-0.77297953,1.50050035,4.40677320,0.00000000
1.56000000,STAND,-0.00005792,-0.00446831,0.00006182,-0.00601577,0.00002259,0.31302160,-0.01419396,0.00018139,0.00982806,0.01771073,-0.00000002,27.01489632,26.93760686,31.60196214,31.55060255,0.01055003,-0.77084342,1.52114418,0.00000000,-0.77297953,1.50050035,4.40700261,0.00000000
1.57000000,STAND,-0.00005791,-0.00446934,0.00006182,-0.00601611,0.00002259,0.31302149,-0.01419425,0.00018139,0.00982838,0.01771086,0.00000010,27.01364445,26.93636183,31.60341948,31.55206806,0.01055038,-0.77084195,1.52114425,0.00000000,-0.77297953,1.50050035,4.40726468,0.00000000
1.58000000,STAND,-0.00005791,-0.00447068,0.00006182,-0.00601665,0.00002259,0.31302137,-0.01419473,0.00018139,0.00982883,0.01771102,0.00000026,27.01229069,26.93501425,31.60498148,31.55363796,0.01055065,-0.77084033,1.52114429,0.00000000,-0.77297953,1.50050035,4.40755287,0.00000000
1.59000000,STAND,-0.00005790,-0.00447229,0.00006182,-0.00601737,0.00002259,0.31302124,-0.01419537,0.00018139,0.00982937,0.01771120,0.00000044,27.01086391,26.93359292,31.60661583,31.55527982,0.01055083,-0.77083860,1.52114428,0.00000000,-0.77297953,1.50050035,4.40786068,0.00000000
1.60000000,STAND,-0.00005790,-0.00447414,0.00006181,-0.00601822,0.00002259,0.31302109,-0.01419616,0.00018138,0.00983000,0.01771140,0.00000064,27.00939193,26.93212564,31.60829153,31.55696256,0.01055094,-0.77083679,1.52114424,0.00000000,-0.77297953,1.50050035,4.40818183,0.00000000
1.61000000,STAND,-0.00005789,-0.00447616,0.00006181,-0.00601921,0.00002258,0.31302094,-0.01419707,0.00018138,0.00983070,0.01771161,0.00000085,27.00790114,26.93063880,31.60997928,31.55865682,0.01055096,-0.77083495,1.52114417,0.00000000,-0.77297953,1.50050035,4.40851030,0.00000000
1.62000000,STAND,-0.00005789,-0.00447832,0.00006181,-0.00602029,0.00002258,0.31302079,-0.01419807,0.00018138,0.00983145,0.01771183,0.00000108,27.00641625,26.92915711,31.61165183,31.56033528,0.01055091,-0.77083309,1.52114407,0.00000000,-0.77297953,1.50050035,4.40884039,0.00000000
1.63000000,STAND,-0.00005788,-0.00448058,0.00006181,-0.00602145,0.00002258,0.31302063,-0.01419915,0.00018138,0.00983224,0.01771206,0.00000130,27.00495999,26.92770333,31.61328421,31.56197293,0.01055080,-0.77083125,1.52114394,0.00000000,-0.77297953,1.50050035,4.40916684,0.00000000
1.64000000,STAND,-0.00005788,-0.00448289,0.00006181,-0.00602265,0.00002258,0.31302048,-0.01420029,0.00018138,0.00983306,0.01771229,0.00000153,27.00355292,26.92629804,31.61485396,31.56354731,0.01055062,-0.77082946,1.52114380,0.00000000,-0.77297953,1.50050035,4.40948481,0.00000000
1.65000000,STAND,-0.00005787,-0.00448520,0.00006181,-0.00602389,0.00002258,0.31302033,-0.01420145,0.00018137,0.00983388,0.01771252,0.00000176,27.00221326,26.92495952,31.61634131,31.56503865,0.01055040,-0.77082775,1.52114363,0.00000000,-0.77297953,1.50050035,4.40978999,0.00000000
1.66000000,STAND,-0.00005787,-0.00448749,0.00006181,-0.00602513,0.00002258,0.31302018,-0.01420263,0.00018137,0.00983470,0.01771274,0.00000198,27.00095681,26.92370362,31.61772927,31.56642995,0.01055013,-0.77082612,1.52114346,0.00000000,-0.77297953,1.50050035,4.41007858,0.00000000
1.67000000,STAND,-0.00005787,-0.00448972,0.00006181,-0.00602636,0.00002257,0.31302004,-0.01420379,0.00018137,0.00983550,0.01771295,0.00000220,26.99979687,26.92254371,31.61900369,31.56770708,0.01054982,-0.77082461,1.52114327,0.00000000,-0.77297953,1.50050035,4.41034733,0.00000000
1.68000000,STAND,-0.00005787,-0.00449186,0.00006181,-0.00602756,0.00002257,0.31301991,-0.01420493,0.00018137,0.00983627,0.01771316,0.00000240,26.99874422,26.92149063,31.62015327,31.56885876,0.01054949,-0.77082322,1.52114308,0.00000000,-0.77297953,1.50050035,4.41059354,0.00000000
1.69000000,STAND,-0.00005787,-0.00449389,0.00006181,-0.00602871,0.00002257,0.31301979,-0.01420603,0.00018137,0.00983701,0.01771334,0.00000259,26.99780715,26.92055274,31.62116950,31.56987652,0.01054913,-0.77082198,1.52114288,0.00000000,-0.77297953,1.50050035,4.41081508,0.00000000
1.70000000,STAND,-0.00005786,-0.00449577,0.00006181,-0.00602979,0.00002257,0.31301968,-0.01420707,0.00018137,0.00983769,0.01771352,0.00000276,26.99699153,26.91973596,31.62204660,31.57075463,0.01054876,-0.77082088,1.52114269,0.00000000,-0.77297953,1.50050035,4.41101035,0.00000000
1.71000000,STAND,-0.00005786,-0.00449750,0.00006181,-0.00603081,0.00002257,0.31301959,-0.01420804,0.00018137,0.00983832,0.01771367,0.00000292,26.99630087,26.91904387,31.62278141,31.57148997,0.01054838,-0.77081993,1.52114250,0.00000000,-0.77297953,1.50050035,4.41117829,0.00000000
1.72000000,STAND,-0.00005786,-0.00449905,0.00006182,-0.00603174,0.00002257,0.31301951,-0.01420893,0.00018137,0.00983889,0.01771381,0.00000305,26.99573647,26.91847785,31.62337322,31.57208187,0.01054800,-0.77081914,1.52114232,0.00000000,-0.77297953,1.50050035,4.41131835,0.00000000
1.73000000,STAND,-0.00005786,-0.00450041,0.00006182,-0.00603257,0.00002257,0.31301944,-0.01420974,0.00018137,0.00983940,0.01771393,0.00000317,26.99529757,26.91803719,31.62382363,31.57253197,0.01054763,-0.77081851,1.52114214,0.00000000,-0.77297953,1.50050035,4.41143046,0.00000000
1.74000000,STAND,-0.00005786,-0.00450159,0.00006182,-0.00603331,0.00002257,0.31301938,-0.01421046,0.00018137,0.00983984,0.01771403,0.00000327,26.99498151,26.91771927,31.62413630,31.57284400,0.01054726,-0.77081803,1.52114198,0.00000000,-0.77297953,1.50050035,4.41151498,0.00000000
1.75000000,STAND,-0.00005786,-0.00450257,0.00006182,-0.00603394,0.00002257,0.31301934,-0.01421108,0.00018137,0.00984021,0.01771411,0.00000335,26.99478390,26.91751976,31.62431678,31.57302354,0.01054691,-0.77081771,1.52114183,0.00000000,-0.77297953,1.50050035,4.41157268,0.00000000
1.76000000,STAND,-0.00005786,-0.00450335,0.00006182,-0.00603447,0.00002257,0.31301931,-0.01421160,0.00018137,0.00984051,0.01771417,0.00000341,26.99469885,26.91743282,31.62437226,31.57307784,0.01054658,-0.77081753,1.52114169,0.00000000,-0.77297953,1.50050035,4.41160468,0.00000000
1.77000000,STAND,-0.00005787,-0.00450394,0.00006182,-0.00603490,0.00002257,0.31301929,-0.01421202,0.00018137,0.00984074,0.01771421,0.00000346,26.99471916,26.91745127,31.62431134,31.57301554,0.01054628,-0.77081748,1.52114157,0.00000000,-0.77297953,1.50050035,4.41161244,0.00000000
1.78000000,STAND,-0.00005787,-0.00450434,0.00006182,-0.00603522,0.00002257,0.31301928,-0.01421234,0.00018137,0.00984091,0.01771424,0.00000348,26.99483653,26.91756686,31.62414379,31.57284644,0.01054600,-0.77081756,1.52114146,0.00000000,-0.77297953,1.50050035,4.41159768,0.00000000
1.79000000,STAND,-0.00005787,-0.00450457,0.00006182,-0.00603544,0.00002257,0.31301929,-0.01421256,0.00018137,0.00984101,0.01771424,0.00000349,26.99504176,26.91777040,31.62388029,31.57258129,0.01054574,-0.77081776,1.52114137,0.00000000,-0.77297953,1.50050035,4.41156232,0.00000000
1.80000000,STAND,-0.00005787,-0.00450462,0.00006183,-0.00603556,0.00002257,0.31301930,-0.01421270,0.00018137,0.00984105,0.01771423,0.00000348,26.99532500,26.91805207,31.62353224,31.57223149,0.01054552,-0.77081806,1.52114130,0.00000000,-0.77297953,1.50050035,4.41150847,0.00000000
1.81000000,STAND,-0.00005787,-0.00450451,0.00006183,-0.00603559,0.00002257,0.31301933,-0.01421274,0.00018137,0.00984103,0.01771421,0.00000345,26.99567592,26.91840155,31.62311147,31.57180893,0.01054533,-0.77081845,1.52114124,0.00000000,-0.77297953,1.50050035,4.41143839,0.00000000
1.82000000,STAND,-0.00005787,-0.00450426,0.00006183,-0.00603554,0.00002257,0.31301936,-0.01421271,0.00018137,0.00984095,0.01771417,0.00000342,26.99608392,26.91880825,31.62263006,31.57132571,0.01054518,-0.77081893,1.52114120,0.00000000,-0.77297953,1.50050035,4.41135439,0.00000000
1.83000000,STAND,-0.00005787,-0.00450388,0.00006183,-0.00603541,0.00002257,0.31301940,-0.01421260,0.00018137,0.00984083,0.01771413,0.00000337,26.99653829,26.91926147,31.62210012,31.57079397,0.01054505,-0.77081946,1.52114118,0.00000000,-0.77297953,1.50050035,4.41125885,0.00000000
1.84000000,STAND,-0.00005787,-0.00450339,0.00006183,-0.00603521,0.00002257,0.31301944,-0.01421242,0.00018137,0.00984067,0.01771407,0.00000331,26.99702845,26.91975063,31.62153361,31.57022569,0.01054496,-0.77082005,1.52114117,0.00000000,-0.77297953,1.50050035,4.41115412,0.00000000
1.85000000,STAND,-0.00005787,-0.00450280,0.00006183,-0.00603495,0.00002257,0.31301949,-0.01421218,0.00018137,0.00984047,0.01771400,0.00000325,26.99754403,26.92026534,31.62094214,31.56963251,0.01054489,-0.77082068,1.52114117,0.00000000,-0.77297953,1.50050035,4.41104253,0.00000000
1.86000000,STAND,-0.00005788,-0.00450213,0.00006183,-0.00603463,0.00002257,0.31301954,-0.01421189,0.00018137,0.00984024,0.01771393,0.00000317,26.99807506,26.92079565,31.62033685,31.56902557,0.01054486,-0.77082133,1.52114119,0.00000000,-0.77297953,1.50050035,4.41092636,0.00000000
1.87000000,STAND,-0.00005788,-0.00450139,0.00006183,-0.00603427,0.00002257,0.31301960,-0.01421156,0.00018137,0.00983999,0.01771385,0.00000310,26.99861208,26.92133208,31.61972822,31.56841538,0.01054486,-0.77082200,1.52114121,0.00000000,-0.77297953,1.50050035,4.41080776,0.00000000
1.88000000,STAND,-0.00005788,-0.00450061,0.00006183,-0.00603388,0.00002257,0.31301965,-0.01421120,0.00018137,0.00983971,0.01771377,0.00000302,26.99914626,26.92186580,31.61912603,31.56781172,0.01054488,-0.77082267,1.52114125,0.00000000,-0.77297953,1.50050035,4.41068876,0.00000000
1.89000000,STAND,-0.00005788,-0.00449979,0.00006183,-0.00603346,0.00002257,0.31301971,-0.01421081,0.00018137,0.00983943,0.01771369,0.00000293,26.99966948,26.92238867,31.61853919,31.56722351,0.01054492,-0.77082333,1.52114130,0.00000000,-0.77297953,1.50050035,4.41057126,0.00000000
1.90000000,STAND,-0.00005788,-0.00449896,0.00006183,-0.00603303,0.00002257,0.31301976,-0.01421040,0.00018137,0.00983913,0.01771361,0.00000285,27.00017440,26.92289335,31.61797570,31.56665876,0.01054498,-0.77082397,1.52114135,0.00000000,-0.77297953,1.50050035,4.41045698,0.00000000
1.91000000,STAND,-0.00005788,-0.00449812,0.00006183,-0.00603258,0.00002258,0.31301982,-0.01420998,0.00018137,0.00983883,0.01771353,0.00000277,27.00065454,26.92337333,31.61744260,31.56612451,0.01054507,-0.77082458,1.52114141,0.00000000,-0.77297953,1.50050035,4.41034745,0.00000000
1.92000000,STAND,-0.00005788,-0.00449730,0.00006183,-0.00603213,0.00002258,0.31301987,-0.01420955,0.00018137,0.00983854,0.01771345,0.00000269,27.00110427,26.92382299,31.61694590,31.56562679,0.01054516,-0.77082517,1.52114148,0.00000000,-0.77297953,1.50050035,4.41024404,0.00000000
1.93000000,STAND,-0.00005788,-0.00449650,0.00006183,-0.00603169,0.00002258,0.31301992,-0.01420913,0.00018137,0.00983825,0.01771337,0.00000261,27.00151889,26.92423759,31.61649061,31.56517059,0.01054528,-0.77082571,1.52114154,0.00000000,-0.77297953,1.50050035,4.41014788,0.00000000
1.94000000,STAND,-0.00005788,-0.00449573,0.00006183,-0.00603126,0.00002258,0.31301997,-0.01420872,0.00018137,0.00983798,0.01771330,0.00000254,27.00189457,26.92461333,31.61608070,31.56475990,0.01054540,-0.77082620,1.52114161,0.00000000,-0.77297953,1.50050035,4.41005993,0.00000000
1.95000000,STAND,-0.00005788,-0.00449501,0.00006183,-0.00603085,0.00002258,0.31302001,-0.01420833,0.00018137,0.00983771,0.01771323,0.00000247,27.00222841,26.92494726,31.61571914,31.56439766,0.01054553,-0.77082665,1.52114168,0.00000000,-0.77297953,1.50050035,4.40998095,0.00000000
1.96000000,STAND,-0.00005788,-0.00449433,0.00006183,-0.00603046,0.00002258,0.31302005,-0.01420796,0.00018137,0.00983747,0.01771317,0.00000241,27.00251837,26.92523736,31.61540791,31.56408587,0.01054566,-0.77082704,1.52114175,0.00000000,-0.77297953,1.50050035,4.40991148,0.00000000
1.97000000,STAND,-0.00005788,-0.00449372,0.00006183,-0.00603010,0.00002258,0.31302008,-0.01420761,0.00018137,0.00983724,0.01771311,0.00000236,27.00276324,26.92548240,31.61514805,31.56382557,0.01054580,-0.77082737,1.52114182,0.00000000,-0.77297953,1.50050035,4.40985189,0.00000000
1.98000000,STAND,-0.00005788,-0.00449316,0.00006183,-0.00602976,0.00002258,0.31302011,-0.01420729,0.00018137,0.00983704,0.01771306,0.00000231,27.00296263,26.92568197,31.61493973,31.56361692,0.01054594,-0.77082765,1.52114189,0.00000000,-0.77297953,1.50050035,4.40980237,0.00000000
1.99000000,STAND,-0.00005788,-0.00449268,0.00006183,-0.00602947,0.00002258,0.31302013,-0.01420700,0.00018137,0.00983686,0.01771302,0.00000226,27.00311685,26.92583639,31.61478231,31.56345927,0.01054607,-0.77082787,1.52114195,0.00000000,-0.77297953,1.50050035,4.40976292,0.00000000
2.00000000,STAND,-0.00005788,-0.00449226,0.00006183,-0.00602920,0.00002258,0.31302015,-0.01420675,0.00018137,0.00983670,0.01771299,0.00000223,27.00322693,26.92594669,31.61467438,31.56335120,0.01054620,-0.77082804,1.52114201,0.00000000,-0.77297953,1.50050035,4.40973340,0.00000000
2.01000000,SHIFT_WEIGHT,-0.00005100,-0.00405451,0.00006242,-0.00602312,0.00002220,0.31301558,-0.01420301,0.00018110,0.00984046,0.01780277,0.00009202,25.72149254,25.60204687,32.54457574,32.45418057,0.01049262,-0.77119988,1.52246942,0.00000009,-0.77531363,1.50496373,4.59254389,0.00000001
2.02000000,SHIFT_WEIGHT,-0.00004594,-0.00355391,0.00006333,-0.00599717,0.00002140,0.31300329,-0.01418245,0.00018040,0.00981953,0.01785910,0.00014834,26.32657868,26.22099783,32.21865772,32.14206320,0.01044797,-0.77149896,1.52356171,0.00000094,-0.77502275,1.50440918,4.56670829,0.00000000
2.03000000,SHIFT_WEIGHT,-0.00004159,-0.00318246,0.00006419,-0.00595256,0.00002039,0.31298950,-0.01414398,0.00017947,0.00978120,0.01785497,0.00014422,26.65110708,26.55831167,32.09050481,32.02650381,0.01042344,-0.77166885,1.52409378,0.00000332,-0.77480125,1.50399021,4.54353535,0.00000000
2.04000000,SHIFT_WEIGHT,-0.00003703,-0.00292863,0.00006480,-0.00589308,0.00001930,0.31297794,-0.01409063,0.00017845,0.00973380,0.01782620,0.00011545,26.86254809,26.78480717,32.01349346,31.96391468,0.01041311,-0.77179838,1.52429921,0.00000804,-0.77464373,1.50369804,4.51706032,0.00000000
2.05000000,SHIFT_WEIGHT,-0.00003187,-0.00275693,0.00006498,-0.00582306,0.00001826,0.31297107,-0.01402639,0.00017745,0.00968190,0.01779169,0.00008093,27.00254168,26.94242696,31.93263154,31.89956444,0.01041431,-0.77192041,1.52433039,0.00001585,-0.77452949,1.50349454,4.48807395,0.00000000
2.06000000,SHIFT_WEIGHT,-0.00002592,-0.00263246,0.00006457,-0.00574644,0.00001740,0.31297007,-0.01395509,0.00017661,0.00962835,0.01775953,0.00004878,27.09981625,27.05994985,31.82597012,31.81158059,0.01042516,-0.77203852,1.52427516,0.00002751,-0.77443739,1.50334073,4.45736468,0.00000000
2.07000000,SHIFT_WEIGHT,-0.00001907,-0.00253038,0.00006349,-0.00566651,0.00001691,0.31297503,-0.01387997,0.00017608,0.00957503,0.01773217,0.00002142,27.17203555,27.15492675,31.69246152,31.69886662,0.01044422,-0.77214637,1.52417927,0.00004373,-0.77435174,1.50320797,4.42578829,0.00000000
2.08000000,SHIFT_WEIGHT,-0.00001132,-0.00243672,0.00006172,-0.00558592,0.00001696,0.31298522,-0.01380369,0.00017604,0.00952328,0.01770954,-0.00000121,27.22904327,27.23695063,31.54119293,31.57034702,0.01047060,-0.77223695,1.52406411,0.00006523,-0.77426311,1.50307959,4.39645682,0.00000000
2.09000000,SHIFT_WEIGHT,-0.00000271,-0.00234581,0.00005927,-0.00550681,0.00001778,0.31299944,-0.01372838,0.00017668,0.00947422,0.01769076,-0.00002000,27.27613904,27.31095639,31.38401200,31.43760613,0.01050386,-0.77230572,1.52393892,0.00009269,-0.77416693,1.50294819,4.36911517,0.00000000
2.10000000,SHIFT_WEIGHT,0.00000667,-0.00225683,0.00005620,-0.00543096,0.00001959,0.31301626,-0.01365580,0.00017823,0.00942889,0.01767484,-0.00003591,27.31633345,27.37950033,31.23153277,31.31091064,0.01054393,-0.77235069,1.52380778,0.00012678,-0.77406162,1.50281202,4.34378873,0.00000000
2.11000000,SHIFT_WEIGHT,0.00001669,-0.00217115,0.00005261,-0.00535992,0.00002265,0.31303427,-0.01358748,0.00018092,0.00938828,0.01766100,-0.00004976,27.35152448,27.44396206,31.09159548,31.19768882,0.01059102,-0.77237148,1.52367317,0.00016816,-0.77394700,1.50267196,4.32111000,0.00000000
2.12000000,SHIFT_WEIGHT,0.00002719,-0.00209071,0.00004861,-0.00529503,0.00002722,0.31305220,-0.01352473,0.00018498,0.00935335,0.01764865,-0.00006211,27.38293808,27.50501086,30.96914188,31.10242680,0.01064550,-0.77236841,1.52353717,0.00021745,-0.77382330,1.50252968,4.30152979,0.00000000
2.13000000,SHIFT_WEIGHT,0.00003799,-0.00201721,0.00004432,-0.00523747,0.00003355,0.31306903,-0.01346871,0.00019066,0.00932498,0.01763739,-0.00007337,27.41121548,27.56271818,30.86671358,31.02718827,0.01070781,-0.77234187,1.52340172,0.00027528,-0.77369068,1.50238666,4.28531351,0.00000000
2.14000000,SHIFT_WEIGHT,0.00004891,-0.00195185,0.00003989,-0.00518828,0.00004194,0.31308401,-0.01342043,0.00019823,0.00930396,0.01762699,-0.00008377,27.43641840,27.61658600,30.78509759,30.97228027,0.01077844,-0.77229205,1.52326839,0.00034223,-0.77354910,1.50224392,4.27255653,0.00000000
2.15000000,SHIFT_WEIGHT,0.00005976,-0.00189542,0.00003546,-0.00514831,0.00005264,0.31309669,-0.01338072,0.00020794,0.00929098,0.01761734,-0.00009342,27.45808670,27.66562476,30.72389701,30.93684196,0.01085785,-0.77221894,1.52313821,0.00041889,-0.77339824,1.50210203,4.26321043,0.00000000
2.16000000,SHIFT_WEIGHT,0.00007035,-0.00184835,0.00003116,-0.00511826,0.00006594,0.31310688,-0.01335029,0.00022005,0.00928660,0.01760844,-0.00010231,27.47538020,27.70851170,30.68196172,30.91929043,0.01094650,-0.77212235,1.52301154,0.00050580,-0.77323766,1.50196115,4.25711387,0.00000000
2.17000000,SHIFT_WEIGHT,0.00008051,-0.00181084,0.00002712,-0.00509863,0.00008209,0.31311459,-0.01332964,0.00023481,0.00929126,0.01760038,-0.00011038,27.48727858,27.74380334,30.65768936,30.91763369,0.01104474,-0.77200210,1.52288810,0.00060353,-0.77306678,1.50182122,4.25402323,0.00000000
2.18000000,SHIFT_WEIGHT,0.00009008,-0.00178293,0.00002348,-0.00508977,0.00010137,0.31312002,-0.01331911,0.00025246,0.00930526,0.01759330,-0.00011746,27.49279484,27.77015725,30.64923084,30.92968462,0.01115293,-0.77185805,1.52276712,0.00071259,-0.77288493,1.50168198,4.25364046,0.00000000
2.19000000,SHIFT_WEIGHT,0.00009893,-0.00176448,0.00002034,-0.00509183,0.00012401,0.31312347,-0.01331890,0.00027323,0.00932880,0.01758736,-0.00012340,27.49116122,27.78652244,30.65463194,30.95320782,0.01127135,-0.77169015,1.52264745,0.00083349,-0.77269137,1.50154297,4.25563652,0.00000000
2.20000000,SHIFT_WEIGHT,0.00010695,-0.00175522,0.00001779,-0.00510482,0.00015025,0.31312533,-0.01332902,0.00029736,0.00936196,0.01758275,-0.00012801,27.48196151,27.79227242,30.67193307,30.98602149,0.01140025,-0.77149853,1.52252770,0.00096672,-0.77248528,1.50140358,4.25966998,0.00000000
2.21000000,SHIFT_WEIGHT,0.00011404,-0.00175470,0.00001591,-0.00512861,0.00018032,0.31312599,-0.01334937,0.00032505,0.00940471,0.01757960,-0.00013115,27.46519935,27.78727116,30.69923936,31.02606691,0.01153988,-0.77128343,1.52240639,0.00111276,-0.77226578,1.50126300,4.26540094,0.00000000
2.22000000,SHIFT_WEIGHT,0.00012014,-0.00176231,0.00001479,-0.00516291,0.00021442,0.31312581,-0.01337970,0.00035651,0.00945695,0.01757802,-0.00013274,27.44130536,27.77187509,30.73476770,31.07145245,0.01169048,-0.77104517,1.52228199,0.00127205,-0.77203188,1.50112022,4.27250068,0.00000000
2.23000000,SHIFT_WEIGHT,0.00012521,-0.00177730,0.00001445,-0.00520734,0.00025274,0.31312516,-0.01341967,0.00039191,0.00951847,0.01757804,-0.00013271,27.41109396,27.74688280,30.77687459,31.12047661,0.01185232,-0.77078418,1.52215302,0.00144505,-0.77178254,1.50097409,4.28065795,0.00000000
2.24000000,SHIFT_WEIGHT,0.00012922,-0.00179878,0.00001495,-0.00526142,0.00029547,0.31312431,-0.01346883,0.00043142,0.00958902,0.01757964,-0.00013112,27.37568521,27.71344823,30.82406854,31.17163405,0.01202568,-0.77050092,1.52201804,0.00163217,-0.77151665,1.50082327,4.28958250,0.00000000
2.25000000,SHIFT_WEIGHT,0.00013217,-0.00182578,0.00001631,-0.00532460,0.00034276,0.31312350,-0.01352667,0.00047522,0.00966832,0.01758273,-0.00012803,27.33640716,27.67297342,30.87501092,31.22360915,0.01221090,-0.77019583,1.52187571,0.00183382,-0.77123305,1.50066633,4.29900680,0.00000000
2.26000000,SHIFT_WEIGHT,0.00013406,-0.00185726,0.00001855,-0.00539628,0.00039478,0.31312292,-0.01359263,0.00052343,0.00975602,0.01758716,-0.00012360,27.29469304,27.62699579,30.92850927,31.27526151,0.01240836,-0.76986936,1.52172471,0.00205039,-0.77093056,1.50050177,4.30868655,0.00000000
2.27000000,SHIFT_WEIGHT,0.00013492,-0.00189217,0.00002167,-0.00547584,0.00045166,0.31312270,-0.01366613,0.00057619,0.00985178,0.01759275,-0.00011801,27.25198437,27.57708133,30.98350720,31.32560793,0.01261846,-0.76952186,1.52156384,0.00228225,-0.77060802,1.50032804,4.31840058,0.00000000
2.28000000,SHIFT_WEIGHT,0.00013478,-0.00192947,0.00002567,-0.00556265,0.00051352,0.31312294,-0.01374657,0.00063364,0.00995525,0.01759929,-0.00011146,27.20964799,27.52473244,31.03907392,31.37380430,0.01284168,-0.76915364,1.52139191,0.00252976,-0.77026428,1.50014364,4.32795057,0.00000000
2.29000000,SHIFT_WEIGHT,0.00013367,-0.00196818,0.00003055,-0.00565610,0.00058050,0.31312370,-0.01383336,0.00069587,0.01006609,0.01760656,-0.00010419,27.16891153,27.47131489,31.09439576,31.41913000,0.01307851,-0.76876489,1.52120780,0.00279325,-0.76989824,1.49994709,4.33716087,0.00000000
2.30000000,SHIFT_WEIGHT,0.00013163,-0.00200738,0.00003629,-0.00575559,0.00065269,0.31312502,-0.01392594,0.00076300,0.01018398,0.01761434,-0.00009641,27.13081915,27.41800638,31.14877079,31.46097622,0.01332946,-0.76835571,1.52101042,0.00307306,-0.76950886,1.49973701,4.34587845,0.00000000
2.31000000,SHIFT_WEIGHT,0.00012870,-0.00204627,0.00004289,-0.00586060,0.00073020,0.31312693,-0.01402380,0.00083513,0.01030865,0.01762242,-0.00008833,27.09620686,27.36576575,31.20160661,31.49883856,0.01359507,-0.76792608,1.52079875,0.00336947,-0.76909516,1.49951214,4.35397311,0.00000001
2.32000000,SHIFT_WEIGHT,0.00012491,-0.00208414,0.00005032,-0.00597062,0.00081313,0.31312947,-0.01412645,0.00091234,0.01043984,0.01763061,-0.00008014,27.06569515,27.31532113,31.25242096,31.53231327,0.01387589,-0.76747588,1.52057180,0.00368280,-0.76865628,1.49927132,4.36133778,0.00000001
2.33000000,SHIFT_WEIGHT,0.00012031,-0.00212041,0.00005858,-0.00608525,0.00090157,0.31313265,-0.01423349,0.00099473,0.01057736,0.01763875,-0.00007200,27.03969570,27.26717338,31.30084396,31.56109639,0.01417244,-0.76700487,1.52032863,0.00401331,-0.76819141,1.49901357,4.36788886,0.00000001
2.34000000,SHIFT_WEIGHT,0.00011492,-0.00215463,0.00006764,-0.00620413,0.00099561,0.31313650,-0.01434458,0.00108238,0.01072105,0.01764672,-0.00006404,27.01842847,27.22161126,31.34662063,31.58498421,0.01448526,-0.76651271,1.52006839,0.00436126,-0.76769987,1.49873802,4.37356637,0.00000001
2.35000000,SHIFT_WEIGHT,0.00010877,-0.00218648,0.00007751,-0.00632699,0.00109533,0.31314103,-0.01445944,0.00117536,0.01087080,0.01765441,-0.00005634,27.00194534,27.17873440,31.38961271,31.60387401,0.01481484,-0.76599897,1.51979028,0.00472689,-0.76718104,1.49844398,4.37833387,0.00000001
2.36000000,SHIFT_WEIGHT,0.00010186,-0.00221573,0.00008818,-0.00645363,0.00120081,0.31314628,-0.01457787,0.00127376,0.01102657,0.01766177,-0.00004898,26.99015713,27.13848075,31.42979844,31.61776363,0.01516167,-0.76546315,1.51949359,0.00511043,-0.76663440,1.49813087,4.38217795,0.00000001
2.37000000,SHIFT_WEIGHT,0.00009422,-0.00224229,0.00009963,-0.00658393,0.00131214,0.31315225,-0.01469974,0.00137765,0.01118835,0.01766876,-0.00004199,26.98286123,27.10065540,31.46726980,31.62674927,0.01552619,-0.76490467,1.51917772,0.00551211,-0.76605953,1.49779827,4.38510731,0.00000001
2.38000000,SHIFT_WEIGHT,0.00008584,-0.00226615,0.00011187,-0.00671785,0.00142938,0.31315896,-0.01482500,0.00148710,0.01135618,0.01767537,-0.00003538,26.97976777,27.06495873,31.50222662,31.63102084,0.01590879,-0.76432290,1.51884213,0.00593210,-0.76545608,1.49744588,4.38715137,0.00000001
2.39000000,SHIFT_WEIGHT,0.00007671,-0.00228741,0.00012489,-0.00685541,0.00155262,0.31316641,-0.01495365,0.00160218,0.01153015,0.01768162,-0.00002914,26.98052305,27.03101236,31.53496764,31.63085463,0.01630986,-0.76371719,1.51848641,0.00637061,-0.76482377,1.49707350,4.38835835,0.00000001
2.40000000,SHIFT_WEIGHT,0.00006685,-0.00230624,0.00013870,-0.00699670,0.00168192,0.31317461,-0.01508576,0.00172297,0.01171039,0.01768753,-0.00002322,26.98472954,26.99838194,31.56587873,31.62660347,0.01672972,-0.76308685,1.51811022,0.00682780,-0.76416239,1.49668103,4.39003877,0.00000001
2.41000000,SHIFT_WEIGHT,0.00005622,-0.00232288,0.00015331,-0.00714186,0.00181735,0.31318355,-0.01522146,0.00184952,0.01189705,0.01769317,-0.00001759,26.99196234,26.96659655,31.59541873,31.61868479,0.01716865,-0.76243117,1.51771332,0.00730382,-0.76347179,1.49626847,4.39585652,0.00000001
2.42000000,SHIFT_WEIGHT,0.00004482,-0.00233761,0.00016872,-0.00729110,0.00195899,0.31319320,-0.01536093,0.00198190,0.01209032,0.01769858,-0.00001218,27.00178222,26.93516479,31.62410362,31.60756699,0.01762690,-0.76174944,1.51729557,0.00779882,-0.76275187,1.49583588,4.40146219,0.00000001
2.43000000,SHIFT_WEIGHT,0.00003262,-0.00235077,0.00018495,-0.00744464,0.00210689,0.31320355,-0.01550438,0.00212017,0.01229041,0.01770383,-0.00000693,27.01374582,26.90358786,31.65248969,31.59375478,0.01810468,-0.76104099,1.51685689,0.00831293,-0.76200257,1.49538337,4.40696219,0.00000001
2.44000000,SHIFT_WEIGHT,0.00001961,-0.00236272,0.00020199,-0.00760277,0.00226112,0.31321454,-0.01565207,0.00226438,0.01249755,0.01770899,-0.00000176,27.02741362,26.87137019,31.68115650,31.57777424,0.01860214,-0.76030513,1.51639727,0.00884625,-0.76122389,1.49491111,4.41246841,0.00000001
2.45000000,SHIFT_WEIGHT,0.00000576,-0.00237387,0.00021987,-0.00776579,0.00242174,0.31322615,-0.01580428,0.00241461,0.01271199,0.01771415,0.00000339,27.04235613,26.83802806,31.71069032,31.56015815,0.01911942,-0.75954122,1.51591677,0.00939890,-0.76041582,1.49441929,4.41809505,0.00000001
2.46000000,SHIFT_WEIGHT,-0.00000895,-0.00238460,0.00023860,-0.00793401,0.00258880,0.31323832,-0.01596131,0.00257088,0.01293396,0.01771937,0.00000861,27.05815907,26.80309683,31.74166865,31.54143213,0.01965661,-0.75874867,1.51541546,0.00997095,-0.75957840,1.49390813,4.42395566,0.00000001
2.47000000,SHIFT_WEIGHT,-0.00002454,-0.00239531,0.00025818,-0.00810777,0.00276235,0.31325100,-0.01612346,0.00273326,0.01316372,0.01772473,0.00001397,27.07442776,26.76613703,31.77464627,31.52210214,0.02021378,-0.75792690,1.51489348,0.01056249,-0.75871170,1.49337784,4.43016054,0.00000001
2.48000000,SHIFT_WEIGHT,-0.00004104,-0.00240642,0.00027863,-0.00828739,0.00294244,0.31326414,-0.01629104,0.00290179,0.01340151,0.01773030,0.00001955,27.09079114,26.72673965,31.81014322,31.50264351,0.02079093,-0.75707541,1.51435095,0.01117358,-0.75781578,1.49282866,4.43681431,0.00000001
2.49000000,SHIFT_WEIGHT,-0.00005847,-0.00241828,0.00029996,-0.00847322,0.00312911,0.31327769,-0.01646438,0.00307650,0.01364755,0.01773616,0.00002541,27.10690548,26.68453078,31.84863488,31.48349190,0.02138808,-0.75619373,1.51378804,0.01180426,-0.75689071,1.49226080,4.44401403,0.00000001
2.50000000,SHIFT_WEIGHT,-0.00007684,-0.00243128,0.00032219,-0.00866555,0.00332240,0.31329159,-0.01664376,0.00325744,0.01390209,0.01774237,0.00003162,27.12245794,26.63917571,31.89054427,31.46503617,0.02200520,-0.75528148,1.51320488,0.01245457,-0.75593657,1.49167445,4.45184755,0.00000001
2.51000000,SHIFT_WEIGHT,-0.00009617,-0.00244573,0.00034531,-0.00886470,0.00352233,0.31330581,-0.01682948,0.00344462,0.01416531,0.01774899,0.00003824,27.13716976,26.59038230,31.93623661,31.44761321,0.02264223,-0.75433829,1.51260162,0.01312454,-0.75495344,1.49106977,4.46039235,0.00000001
2.52000000,SHIFT_WEIGHT,-0.00011647,-0.00246195,0.00036933,-0.00907094,0.00372894,0.31332029,-0.01702180,0.00363808,0.01443740,0.01775608,0.00004532,27.15079907,26.53790369,31.98601585,31.43150458,0.02329910,-0.75336390,1.51197837,0.01381418,-0.75394141,1.49044692,4.46971468,0.00000001
2.53000000,SHIFT_WEIGHT,-0.00013776,-0.00248021,0.00039428,-0.00928453,0.00394225,0.31333499,-0.01722097,0.00383784,0.01471853,0.01776368,0.00005292,27.16314317,26.48154021,32.04012327,31.41693500,0.02397573,-0.75235808,1.51133524,0.01452349,-0.75290054,1.48980600,4.47986914,0.00000001
2.54000000,SHIFT_WEIGHT,-0.00016005,-0.00250072,0.00042014,-0.00950569,0.00416228,0.31334989,-0.01742720,0.00404392,0.01500884,0.01777184,0.00006108,27.17404011,26.42114030,32.09873775,31.40407229,0.02467199,-0.75132065,1.51067230,0.01525246,-0.75183090,1.48914707,4.49089850,0.00000001
2.55000000,SHIFT_WEIGHT,-0.00018333,-0.00252369,0.00044694,-0.00973462,0.00438904,0.31336495,-0.01764068,0.00425633,0.01530845,0.01778059,0.00006983,27.18336943,26.35660057,32.16197755,31.39302878,0.02538778,-0.75025153,1.50998959,0.01600106,-0.75073254,1.48847017,4.50283386,0.00000001
2.56000000,SHIFT_WEIGHT,-0.00020763,-0.00254925,0.00047466,-0.00997147,0.00462253,0.31338016,-0.01786157,0.00447506,0.01561744,0.01778996,0.00007920,27.19105200,26.28786474,32.22990333,31.38386377,0.02612296,-0.74915064,1.50928711,0.01676926,-0.74960551,1.48777530,4.51569506,0.00000001
2.57000000,SHIFT_WEIGHT,-0.00023294,-0.00257753,0.00050332,-0.01021637,0.00486277,0.31339549,-0.01808998,0.00470014,0.01593589,0.01779997,0.00008921,27.19704905,26.21492164,32.30252222,31.37658709,0.02687740,-0.74801800,1.50856485,0.01755701,-0.74844986,1.48706239,4.52949125,0.00000001
2.58000000,SHIFT_WEIGHT,-0.00025926,-0.00260859,0.00053292,-0.01046941,0.00510975,0.31341093,-0.01832602,0.00493155,0.01626383,0.01781063,0.00009988,27.20136011,26.13780230,32.37979271,31.37116329,0.02765094,-0.74685365,1.50782275,0.01836424,-0.74726561,1.48633137,4.54422176,0.00000001
2.59000000,SHIFT_WEIGHT,-0.00028659,-0.00264246,0.00056347,-0.01073066,0.00536346,0.31342647,-0.01856974,0.00516930,0.01660127,0.01782195,0.00011120,27.20402031,26.05657620,32.46163002,31.36751650,0.02844344,-0.74565767,1.50706072,0.01919090,-0.74605280,1.48558210,4.55987693,0.00000001
2.60000000,SHIFT_WEIGHT,-0.00031494,-0.00267914,0.00059497,-0.01100013,0.00562389,0.31344212,-0.01882117,0.00541336,0.01694821,0.01783393,0.00012318,27.20509683,25.97134686,32.54791198,31.36553567,0.02925474,-0.74443022,1.50627865,0.02003690,-0.74481144,1.48481444,4.57643925,0.00000002
2.61000000,SHIFT_WEIGHT,-0.00034431,-0.00271859,0.00062741,-0.01127783,0.00589103,0.31345786,-0.01908031,0.00566374,0.01730462,0.01784656,0.00013580,27.20468482,25.88224693,32.63848509,31.36508008,0.03008468,-0.74317143,1.50547639,0.02090214,-0.74354154,1.48402819,4.59388439,0.00000002
2.62000000,SHIFT_WEIGHT,-0.00037468,-0.00276076,0.00066082,-0.01156372,0.00616487,0.31347371,-0.01934713,0.00592040,0.01767046,0.01785982,0.00014907,27.20290287,25.78943293,32.73317057,31.36598496,0.03093312,-0.74188152,1.50465376,0.02178652,-0.74224313,1.48322315,4.61218236,0.00000002
2.63000000,SHIFT_WEIGHT,-0.00040607,-0.00280554,0.00069518,-0.01185774,0.00644538,0.31348968,-0.01962158,0.00618333,0.01804564,0.01787371,0.00016295,27.19988823,25.69307990,32.83177047,31.36806718,0.03179989,-0.74056070,1.50381058,0.02268993,-0.74091621,1.48239909,4.63129869,0.00000002
2.64000000,SHIFT_WEIGHT,-0.00043847,-0.00285284,0.00073051,-0.01215982,0.00673253,0.31350576,-0.01990359,0.00645251,0.01843010,0.01788819,0.00017743,27.19579192,25.59337599,32.93407350,31.37113073,0.03268483,-0.73920922,1.50294664,0.02361223,-0.73956081,1.48155574,4.65119556,0.00000002
2.65000000,SHIFT_WEIGHT,-0.00047187,-0.00290253,0.00076680,-0.01246984,0.00702630,0.31352197,-0.02019306,0.00672790,0.01882372,0.01790325,0.00019249,27.19077391,25.49051733,33.03986059,31.37497208,0.03358779,-0.73782733,1.50206172,0.02455330,-0.73817694,1.48069286,4.67183290,0.00000002
2.66000000,SHIFT_WEIGHT,-0.00050627,-0.00295447,0.00080406,-0.01278769,0.00732665,0.31353833,-0.02048988,0.00700949,0.01922641,0.01791884,0.00020809,27.18499843,25.38470313,33.14891013,31.37938522,0.03450860,-0.73641531,1.50115557,0.02551298,-0.73676464,1.47981018,4.69316943,0.00000002
2.67000000,SHIFT_WEIGHT,-0.00054168,-0.00300852,0.00084230,-0.01311325,0.00763355,0.31355484,-0.02079393,0.00729722,0.01963805,0.01793496,0.00022420,27.17862963,25.27613120,33.26100273,31.38416632,0.03544712,-0.73497343,1.50022796,0.02649112,-0.73532395,1.47890743,4.71516368,0.00000002
2.68000000,SHIFT_WEIGHT,-0.00057809,-0.00306453,0.00088152,-0.01344636,0.00794696,0.31357153,-0.02110507,0.00759107,0.02005850,0.01795156,0.00024080,27.17182763,25.16499403,33.37592545,31.38911798,0.03640317,-0.73350197,1.49927864,0.02748755,-0.73385491,1.47798434,4.73777484,0.00000002
2.69000000,SHIFT_WEIGHT,-0.00061550,-0.00312236,0.00092171,-0.01378689,0.00826684,0.31358839,-0.02142317,0.00789100,0.02048764,0.01796861,0.00025786,27.16474499,25.05147537,33.49347556,31.39405297,0.03737660,-0.73200124,1.49830737,0.02850210,-0.73235760,1.47704064,4.76096356,0.00000002
2.70000000,SHIFT_WEIGHT,-0.00065391,-0.00318185,0.00096289,-0.01413466,0.00859315,0.31360544,-0.02174807,0.00819696,0.02092533,0.01798609,0.00027533,27.15752377,24.93574738,33.61346368,31.39879746,0.03836725,-0.73047152,1.49731391,0.02953457,-0.73083208,1.47607611,4.78469264,0.00000002
2.71000000,SHIFT_WEIGHT,-0.00069332,-0.00324286,0.00100506,-0.01448954,0.00892583,0.31362271,-0.02207962,0.00850890,0.02137144,0.01800396,0.00029321,27.15029299,24.81796841,33.73571635,31.40319372,0.03937493,-0.72891309,1.49629803,0.03058477,-0.72927847,1.47509048,4.80892759,0.00000002
2.72000000,SHIFT_WEIGHT,-0.00073372,-0.00330527,0.00104821,-0.01485135,0.00926484,0.31364018,-0.02241768,0.00882679,0.02182582,0.01802221,0.00031145,27.14316681,24.69828135,33.86007798,31.40710214,0.04039948,-0.72732625,1.49525952,0.03165250,-0.72769686,1.47408356,4.83363713,0.00000002
2.73000000,SHIFT_WEIGHT,-0.00077513,-0.00336896,0.00109235,-0.01521996,0.00961012,0.31365788,-0.02276210,0.00915057,0.02228835,0.01804079,0.00033004,27.13624304,24.57681247,33.98641229,31.41040285,0.04144072,-0.72571127,1.49419817,0.03273755,-0.72608740,1.47305512,4.85879346,0.00000002
2.74000000,SHIFT_WEIGHT,-0.00081753,-0.00343381,0.00113748,-0.01559520,0.00996161,0.31367581,-0.02311274,0.00948018,0.02275888,0.01805970,0.00034894,27.12960236,24.45367088,34.11460307,31.41299660,0.04249846,-0.72406844,1.49311379,0.03383968,-0.72445023,1.47200501,4.88437254,0.00000002
2.75000000,SHIFT_WEIGHT,-0.00086092,-0.00349973,0.00118359,-0.01597694,0.01031927,0.31369398,-0.02346945,0.00981557,0.02323728,0.01807890,0.00036814,27.12330787,24.32894839,34.24455453,31.41480521,0.04357251,-0.72239803,1.49200621,0.03495868,-0.72278554,1.47093305,4.91035423,0.00000002
2.76000000,SHIFT_WEIGHT,-0.00090532,-0.00356665,0.00123069,-0.01636504,0.01068302,0.31371238,-0.02383210,0.01015668,0.02372343,0.01809838,0.00038762,27.11740519,24.20271979,34.37619106,31.41577147,0.04466267,-0.72070032,1.49087529,0.03609430,-0.72109351,1.46983912,4.93672224,0.00000002
2.77000000,SHIFT_WEIGHT,-0.00095070,-0.00363448,0.00127876,-0.01675936,0.01105281,0.31373103,-0.02420058,0.01050346,0.02421719,0.01811812,0.00040737,27.11192285,24.07504355,34.50945658,31.41585858,0.04576871,-0.71897557,1.48972089,0.03724630,-0.71937435,1.46872310,4.96346413,0.00000002
2.78000000,SHIFT_WEIGHT,-0.00099709,-0.00370320,0.00132781,-0.01715979,0.01142856,0.31374991,-0.02457475,0.01085582,0.02471845,0.01813812,0.00042736,27.10687315,23.94596278,34.64431351,31.41504919,0.04689043,-0.71722406,1.48854291,0.03841441,-0.71762831,1.46758491,4.99057112,0.00000002
2.79000000,SHIFT_WEIGHT,-0.00104446,-0.00377274,0.00137783,-0.01756622,0.01181021,0.31376903,-0.02495451,0.01121372,0.02522709,0.01815835,0.00044760,27.10225320,23.81550645,34.78074141,31.41334402,0.04802759,-0.71544605,1.48734126,0.03959839,-0.71585563,1.46642448,5.01803787,0.00000002
2.80000000,SHIFT_WEIGHT,-0.00109283,-0.00384311,0.00142881,-0.01797853,0.01219768,0.31378837,-0.02533977,0.01157708,0.02574300,0.01817882,0.00046806,27.09804631,23.68369089,34.91873525,31.41076027,0.04917994,-0.71364181,1.48611588,0.04079796,-0.71405659,1.46524178,5.04586220,0.00000002
2.81000000,SHIFT_WEIGHT,-0.00114219,-0.00391427,0.00148075,-0.01839663,0.01259089,0.31380794,-0.02573041,0.01194583,0.02626606,0.01819951,0.00048875,27.09422348,23.55052133,35.05830363,31.40732972,0.05034725,-0.71181162,1.48486674,0.04201284,-0.71223149,1.46403679,5.07404475,0.00000002
2.82000000,SHIFT_WEIGHT,-0.00119254,-0.00398624,0.00153362,-0.01882043,0.01298978,0.31382772,-0.02612636,0.01231989,0.02679616,0.01822042,0.00050966,27.09074511,23.41599361,35.19946667,31.40309672,0.05152923,-0.70995574,1.48359382,0.04324276,-0.71038062,1.46280952,5.10258862,0.00000002
2.83000000,SHIFT_WEIGHT,-0.00124387,-0.00405902,0.00158744,-0.01924985,0.01339426,0.31384769,-0.02652753,0.01269919,0.02733321,0.01824155,0.00053080,27.08756272,23.28009593,35.34225397,31.39811599,0.05272562,-0.70807446,1.48229712,0.04448742,-0.70850433,1.46156000,5.13149894,0.00000003
2.84000000,SHIFT_WEIGHT,-0.00129619,-0.00413265,0.00164217,-0.01968481,0.01380425,0.31386785,-0.02693386,0.01308365,0.02787710,0.01826290,0.00055215,27.08462081,23.14281065,35.48670237,31.39245047,0.05393614,-0.70616807,1.48097667,0.04574653,-0.70660296,1.46028826,5.16078251,0.00000003
2.85000000,SHIFT_WEIGHT,-0.00134950,-0.00420714,0.00169782,-0.02012523,0.01421966,0.31388818,-0.02734526,0.01347319,0.02842773,0.01828447,0.00057371,27.08185863,23.00411599,35.63285389,31.38616911,0.05516048,-0.70423687,1.47963250,0.04701979,-0.70467686,1.45899439,5.19044733,0.00000003
2.86000000,SHIFT_WEIGHT,-0.00140378,-0.00428253,0.00175437,-0.02057106,0.01464040,0.31390866,-0.02776167,0.01386773,0.02898500,0.01830626,0.00059550,27.07921196,22.86398773,35.78075358,31.37934473,0.05639834,-0.70228117,1.47826469,0.04830689,-0.70272642,1.45767845,5.22050224,0.00000003
2.87000000,SHIFT_WEIGHT,-0.00145904,-0.00435887,0.00181181,-0.02102222,0.01506639,0.31392928,-0.02818303,0.01426718,0.02954881,0.01832828,0.00061752,27.07661481,22.72240082,35.93044756,31.37205199,0.05764941,-0.70030127,1.47687332,0.04960752,-0.70075201,1.45634055,5.25095648,0.00000003
2.88000000,SHIFT_WEIGHT,-0.00151527,-0.00443619,0.00187013,-0.02147865,0.01549753,0.31395001,-0.02860928,0.01467145,0.03011906,0.01835052,0.00063976,27.07400098,22.57933081,36.08198120,31.36436551,0.05891337,-0.69829752,1.47545847,0.05092135,-0.69875404,1.45498080,5.28181936,0.00000003
2.89000000,SHIFT_WEIGHT,-0.00157248,-0.00451454,0.00192931,-0.02194029,0.01593373,0.31397085,-0.02904036,0.01508045,0.03069564,0.01837299,0.00066223,27.07130554,22.43475526,36.23539738,31.35635815,0.06018987,-0.69627026,1.47402027,0.05224807,-0.69673293,1.45359932,5.31309987,0.00000003
2.90000000,SHIFT_WEIGHT,-0.00163065,-0.00459396,0.00198935,-0.02240707,0.01637489,0.31399177,-0.02947620,0.01549410,0.03127846,0.01839570,0.00068494,27.06846613,22.28865486,36.39073506,31.34809949,0.06147857,-0.69421985,1.47255882,0.05358735,-0.69468909,1.45219624,5.34480641,0.00000003
2.91000000,SHIFT_WEIGHT,-0.00168978,-0.00467451,0.00205022,-0.02287894,0.01682091,0.31401275,-0.02991675,0.01591229,0.03186740,0.01841864,0.00070788,27.06542402,22.14101450,36.54802794,31.33965453,0.06277914,-0.69214666,1.47107428,0.05493884,-0.69262295,1.45077172,5.37694649,0.00000003
2.92000000,SHIFT_WEIGHT,-0.00174987,-0.00475622,0.00211192,-0.02335582,0.01727170,0.31403378,-0.03036194,0.01633494,0.03246237,0.01844182,0.00073107,27.06212514,21.99182408,36.70730340,31.33108259,0.06409120,-0.69005109,1.46956678,0.05630222,-0.69053497,1.44932590,5.40952649,0.00000003
2.93000000,SHIFT_WEIGHT,-0.00181092,-0.00483913,0.00217444,-0.02383765,0.01772714,0.31405483,-0.03081171,0.01676193,0.03306324,0.01846525,0.00075450,27.05852077,21.84107918,36.86858166,31.32243650,0.06541441,-0.68793355,1.46803648,0.05767713,-0.68842560,1.44785894,5.44255149,0.00000003
2.94000000,SHIFT_WEIGHT,-0.00187292,-0.00492328,0.00223776,-0.02432436,0.01818713,0.31407589,-0.03126599,0.01719319,0.03366990,0.01848892,0.00077817,27.05456813,21.68878159,37.03187510,31.31376194,0.06674839,-0.68579445,1.46648355,0.05906323,-0.68629528,1.44637102,5.47602510,0.00000003
2.95000000,SHIFT_WEIGHT,-0.00193586,-0.00500870,0.00230187,-0.02481586,0.01865158,0.31409694,-0.03172470,0.01762860,0.03428223,0.01851284,0.00080209,27.05023078,21.53493958,37.19718786,31.30509708,0.06809276,-0.68363423,1.46490816,0.06046016,-0.68414448,1.44486231,5.50994933,0.00000003
2.96000000,SHIFT_WEIGHT,-0.00199974,-0.00509540,0.00236676,-0.02531207,0.01912035,0.31411796,-0.03218777,0.01806805,0.03490011,0.01853701,0.00082625,27.04547879,21.37956808,37.36451562,31.29647237,0.06944715,-0.68145336,1.46331050,0.06186758,-0.68197369,1.44333300,5.54432456,0.00000003
2.97000000,SHIFT_WEIGHT,-0.00206457,-0.00518343,0.00243243,-0.02581291,0.01959336,0.31413895,-0.03265511,0.01851146,0.03552340,0.01856141,0.00085066,27.04028881,21.22268866,37.53384556,31.28791055,0.07081119,-0.67925230,1.46169076,0.06328511,-0.67978337,1.44178326,5.57914948,0.00000003
2.98000000,SHIFT_WEIGHT,-0.00213032,-0.00527278,0.00249886,-0.02631828,0.02007048,0.31415987,-0.03312665,0.01895870,0.03615198,0.01858606,0.00087531,27.03464394,21.06432942,37.70515646,31.27942684,0.07218447,-0.67703153,1.46004913,0.06471239,-0.67757401,1.44021330,5.61442111,0.00000003
2.99000000,SHIFT_WEIGHT,-0.00219699,-0.00536347,0.00256604,-0.02682809,0.02055161,0.31418072,-0.03360227,0.01940968,0.03678570,0.01861095,0.00090020,27.02853351,20.90452471,37.87841909,31.27102930,0.07356662,-0.67479156,1.45838582,0.06614906,-0.67534611,1.43862332,5.65013482,0.00000003
3.00000000,SHIFT_WEIGHT,-0.00226459,-0.00545549,0.00263396,-0.02734224,0.02103662,0.31420149,-0.03408190,0.01986428,0.03742442,0.01863608,0.00092532,27.02195270,20.74331473,38.05359653,31.26271931,0.07495725,-0.67253290,1.45670104,0.06759473,-0.67310016,1.43701351,5.68628439,0.00000003
3.01000000,SHIFT_WEIGHT,-0.00233310,-0.00554886,0.00270261,-0.02786060,0.02152540,0.31422217,-0.03456541,0.02032240,0.03806800,0.01866143,0.00095068,27.01490209,20.58074511,38.23064482,31.25449213,0.07635596,-0.67025608,1.45499501,0.06904904,-0.67083666,1.43538409,5.72286212,0.00000003
3.02000000,SHIFT_WEIGHT,-0.00240252,-0.00564355,0.00277199,-0.02838307,0.02201784,0.31424273,-0.03505272,0.02078391,0.03871628,0.01868702,0.00097626,27.00738713,20.41686633,38.40951354,31.24633763,0.07776236,-0.66796164,1.45326797,0.07051161,-0.66855612,1.43373528,5.75985892,0.00000003
3.03000000,SHIFT_WEIGHT,-0.00247283,-0.00573955,0.00284207,-0.02890953,0.02251380,0.31426318,-0.03554369,0.02124872,0.03936910,0.01871281,0.00100206,26.99941756,20.25173317,38.59014654,31.23824101,0.07917606,-0.66565011,1.45152013,0.07198205,-0.66625906,1.43206731,5.79726446,0.00000003
3.04000000,SHIFT_WEIGHT,-0.00254404,-0.00583685,0.00291287,-0.02943984,0.02301318,0.31428350,-0.03603822,0.02171669,0.04002630,0.01873882,0.00102807,26.99100673,20.08540403,38.77248273,31.23018357,0.08059665,-0.66332208,1.44975175,0.07345997,-0.66394600,1.43038039,5.83506727,0.00000003
3.05000000,SHIFT_WEIGHT,-0.00261613,-0.00593543,0.00298435,-0.02997389,0.02351584,0.31430368,-0.03653618,0.02218773,0.04068773,0.01876503,0.00105428,26.98217103,19.91794032,38.95645684,31.22214356,0.08202375,-0.66097809,1.44796307,0.07494500,-0.66161745,1.42867478,5.87325494,0.00000003
3.06000000,SHIFT_WEIGHT,-0.00268909,-0.00603525,0.00305652,-0.03051153,0.02402167,0.31432371,-0.03703745,0.02266171,0.04135321,0.01879144,0.00108068,26.97292918,19.74940580,39.14200025,31.21409695,0.08345695,-0.65861874,1.44615436,0.07643675,-0.65927396,1.42695072,5.91181423,0.00000003
3.07000000,SHIFT_WEIGHT,-0.00276292,-0.00613630,0.00312936,-0.03105263,0.02453054,0.31434360,-0.03754188,0.02313851,0.04202257,0.01881803,0.00110727,26.96330161,19.57986590,39.32904178,31.20601824,0.08489586,-0.65624460,1.44432588,0.07793481,-0.65691605,1.42520846,5.95073124,0.00000003
3.08000000,SHIFT_WEIGHT,-0.00283761,-0.00623853,0.00320286,-0.03159704,0.02504232,0.31436332,-0.03804936,0.02361801,0.04269564,0.01884479,0.00113403,26.95330983,19.40938716,39.51750845,31.19788119,0.08634008,-0.65385627,1.44247791,0.07943880,-0.65454428,1.42344828,5.98999154,0.00000003
3.09000000,SHIFT_WEIGHT,-0.00291314,-0.00634191,0.00327702,-0.03214461,0.02555689,0.31438288,-0.03855975,0.02410010,0.04337224,0.01887171,0.00116096,26.94297590,19.23803659,39.70732626,31.18965956,0.08778920,-0.65145435,1.44061075,0.08094831,-0.65215918,1.42167045,6.02958036,0.00000004
3.10000000,SHIFT_WEIGHT,-0.00298951,-0.00644642,0.00335181,-0.03269521,0.02607411,0.31440226,-0.03907290,0.02458465,0.04405220,0.01889879,0.00118804,26.93232186,19.06588115,39.89842081,31.18132772,0.08924285,-0.64903944,1.43872469,0.08246297,-0.64976133,1.41987527,6.06948270,0.00000004
3.11000000,SHIFT_WEIGHT,-0.00306670,-0.00655200,0.00342723,-0.03324869,0.02659387,0.31442147,-0.03958867,0.02507155,0.04473534,0.01892601,0.00121526,26.92136926,18.89298726,40.09071798,31.17286122,0.09070061,-0.64661214,1.43682004,0.08398235,-0.64735127,1.41806302,6.10968344,0.00000004
3.12000000,SHIFT_WEIGHT,-0.00314471,-0.00665864,0.00350326,-0.03380488,0.02711602,0.31444050,-0.04010693,0.02556066,0.04542147,0.01895337,0.00124261,26.91013878,18.71942037,40.28414447,31.16423733,0.09216209,-0.64417308,1.43489713,0.08550607,-0.64492957,1.41623402,6.15016748,0.00000004
3.13000000,SHIFT_WEIGHT,-0.00322351,-0.00676628,0.00357989,-0.03436364,0.02764044,0.31445933,-0.04062752,0.02605187,0.04611042,0.01898084,0.00127009,26.89864985,18.54524456,40.47862824,31.15543541,0.09362689,-0.64172286,1.43295629,0.08703373,-0.64249682,1.41438860,6.19091986,0.00000004
3.14000000,SHIFT_WEIGHT,-0.00330311,-0.00687489,0.00365711,-0.03492481,0.02816699,0.31447797,-0.04115031,0.02654505,0.04680200,0.01900843,0.00129768,26.88692036,18.37052228,40.67409899,31.14643727,0.09509461,-0.63926211,1.43099788,0.08856491,-0.64005359,1.41252709,6.23192579,0.00000004
3.15000000,SHIFT_WEIGHT,-0.00338347,-0.00698444,0.00373490,-0.03548825,0.02869554,0.31449641,-0.04167515,0.02704007,0.04749603,0.01903612,0.00132536,26.87496649,18.19531405,40.87048840,31.13722741,0.09656486,-0.63679145,1.42902226,0.09009923,-0.63760046,1.41064984,6.27317078,0.00000004
3.16000000,SHIFT_WEIGHT,-0.00346460,-0.00709489,0.00381323,-0.03605379,0.02922597,0.31451465,-0.04220189,0.02753681,0.04819232,0.01906390,0.00135314,26.86280251,18.01967835,41.06773043,31.12779320,0.09803725,-0.63431150,1.42702980,0.09163627,-0.63513804,1.40875723,6.31464067,0.00000004
3.17000000,SHIFT_WEIGHT,-0.00354648,-0.00720621,0.00389211,-0.03662128,0.02975812,0.31453268,-0.04273040,0.02803515,0.04889070,0.01909176,0.00138101,26.85044070,17.84367142,41.26576146,31.11812498,0.09951138,-0.63182289,1.42502089,0.09317563,-0.63266691,1.40684962,6.35632168,0.00000004
3.18000000,SHIFT_WEIGHT,-0.00362908,-0.00731836,0.00397150,-0.03719057,0.03029187,0.31455049,-0.04326053,0.02853496,0.04959098,0.01911969,0.00140894,26.83789136,17.66734726,41.46452039,31.10821606,0.10098684,-0.62932625,1.42299594,0.09471692,-0.63018770,1.40492742,6.39820043,0.00000004
3.19000000,SHIFT_WEIGHT,-0.00371241,-0.00743132,0.00405140,-0.03776152,0.03082709,0.31456807,-0.04379213,0.02903610,0.05029297,0.01914769,0.00143693,26.82516273,17.49075762,41.66394863,31.09806270,0.10246326,-0.62682221,1.42095537,0.09625973,-0.62770100,1.40299102,6.44026397,0.00000004
3.20000000,SHIFT_WEIGHT,-0.00379644,-0.00754505,0.00413178,-0.03833395,0.03136363,0.31458543,-0.04432506,0.02953846,0.05099650,0.01917574,0.00146498,26.81226117,17.31395200,41.86399012,31.08766400,0.10394023,-0.62431141,1.41889961,0.09780364,-0.62520743,1.40104085,6.48249979,0.00000004
3.21000000,SHIFT_WEIGHT,-0.00388115,-0.00765953,0.00421263,-0.03890773,0.03190137,0.31460256,-0.04485918,0.03004190,0.05170137,0.01920384,0.00149308,26.79919118,17.13697781,42.06459116,31.07702173,0.10541736,-0.62179449,1.41682910,0.09934828,-0.62270762,1.39907735,6.52489577,0.00000004
3.22000000,SHIFT_WEIGHT,-0.00396653,-0.00777473,0.00429391,-0.03948271,0.03244015,0.31461945,-0.04539435,0.03054629,0.05240742,0.01923197,0.00152121,26.78595557,16.95988041,42.26570032,31.06614017,0.10689427,-0.61927207,1.41474432,0.10089322,-0.62020220,1.39710097,6.56744020,0.00000004
3.23000000,SHIFT_WEIGHT,-0.00405257,-0.00789063,0.00437563,-0.04005872,0.03297985,0.31463609,-0.04593043,0.03105151,0.05311445,0.01926013,0.00154938,26.77255566,16.78270333,42.46726820,31.05502584,0.10837056,-0.61674480,1.41264573,0.10243808,-0.61769180,1.39511216,6.61012176,0.00000004
3.24000000,SHIFT_WEIGHT,-0.00413924,-0.00800720,0.00445775,-0.04063564,0.03352033,0.31465247,-0.04646728,0.03155743,0.05382229,0.01928832,0.00157756,26.75899140,16.60548845,42.66924724,31.04368726,0.10984583,-0.61421332,1.41053382,0.10398244,-0.61517705,1.39311141,6.65292944,0.00000004
3.25000000,SHIFT_WEIGHT,-0.00422653,-0.00812442,0.00454025,-0.04121330,0.03406145,0.31466860,-0.04700476,0.03206392,0.05453075,0.01931652,0.00160576,26.74526164,16.42827615,42.87159147,31.03213470,0.11131972,-0.61167827,1.40840911,0.10552592,-0.61265860,1.39109921,6.69585253,0.00000004
3.26000000,SHIFT_WEIGHT,-0.00431443,-0.00824227,0.00462311,-0.04179157,0.03460307,0.31468446,-0.04754274,0.03257084,0.05523967,0.01934473,0.00163397,26.73136430,16.25110558,43.07425622,31.02037984,0.11279182,-0.60914031,1.40627210,0.10706812,-0.61013709,1.38907606,6.73888059,0.00000004
3.27000000,SHIFT_WEIGHT,-0.00440291,-0.00836072,0.00470632,-0.04237030,0.03514505,0.31470005,-0.04808109,0.03307807,0.05594885,0.01937294,0.00166218,26.71729661,16.07401482,43.27719787,31.00843554,0.11426175,-0.60660007,1.40412333,0.10860864,-0.60761318,1.38704248,6.78200334,0.00000004
3.28000000,SHIFT_WEIGHT,-0.00449195,-0.00847977,0.00478984,-0.04294934,0.03568725,0.31471536,-0.04861966,0.03358548,0.05665812,0.01940115,0.00169039,26.70305531,15.89704117,43.48037354,30.99631550,0.11572913,-0.60405821,1.40196334,0.11014708,-0.60508752,1.38499900,6.82521071,0.00000004
3.29000000,SHIFT_WEIGHT,-0.00458154,-0.00859938,0.00487367,-0.04352855,0.03622954,0.31473039,-0.04915832,0.03409295,0.05736730,0.01942934,0.00171859,26.68863685,15.72022129,43.68374086,30.98403405,0.11719358,-0.60151538,1.39979268,0.11168306,-0.60256076,1.38294617,6.86849268,0.00000004
3.30000000,SHIFT_WEIGHT,-0.00467166,-0.00871955,0.00495777,-0.04410779,0.03677178,0.31474512,-0.04969695,0.03460033,0.05807622,0.01945752,0.00174677,26.67403764,15.54359147,43.88725767,30.97160581,0.11865472,-0.59897223,1.39761193,0.11321618,-0.60003356,1.38088452,6.91183933,0.00000004
3.31000000,SHIFT_WEIGHT,-0.00476229,-0.00884024,0.00504213,-0.04468691,0.03731383,0.31475955,-0.05023540,0.03510750,0.05878469,0.01948568,0.00177492,26.65925415,15.36718778,44.09088178,30.95904552,0.12011217,-0.59642941,1.39542167,0.11474606,-0.59750658,1.37881464,6.95524072,0.00000004
3.32000000,SHIFT_WEIGHT,-0.00485341,-0.00896145,0.00512672,-0.04526577,0.03785555,0.31477368,-0.05077355,0.03561434,0.05949255,0.01951381,0.00180305,26.64428313,15.19104626,44.29457075,30.94636776,0.12156556,-0.59388758,1.39322248,0.11627231,-0.59498049,1.37673708,6.99868690,0.00000004
3.33000000,SHIFT_WEIGHT,-0.00494500,-0.00908316,0.00521153,-0.04584424,0.03839680,0.31478749,-0.05131126,0.03612071,0.06019961,0.01954190,0.00183115,26.62912175,15.01520309,44.49828168,30.93358682,0.12301451,-0.59134741,1.39101497,0.11779455,-0.59245595,1.37465245,7.04216782,0.00000004
3.34000000,SHIFT_WEIGHT,-0.00503703,-0.00920533,0.00529652,-0.04642216,0.03893745,0.31480099,-0.05184841,0.03662648,0.06090570,0.01956996,0.00185920,26.61376773,14.83969470,44.70197104,30.92071646,0.12445867,-0.58880954,1.38879975,0.11931240,-0.58993363,1.37256133,7.08567336,0.00000004
3.35000000,SHIFT_WEIGHT,-0.00512950,-0.00932796,0.00538169,-0.04699941,0.03947735,0.31481416,-0.05238486,0.03713153,0.06161065,0.01959796,0.00188721,26.59821943,14.66455792,44.90559448,30.90776984,0.12589766,-0.58627465,1.38657745,0.12082547,-0.58741420,1.37046433,7.12919324,0.00000004
3.36000000,SHIFT_WEIGHT,-0.00522237,-0.00945103,0.00546700,-0.04757583,0.04001637,0.31482701,-0.05292048,0.03763573,0.06231427,0.01962592,0.00191516,26.58247594,14.48983006,45.10910677,30.89475933,0.12733112,-0.58374338,1.38434870,0.12233340,-0.58489831,1.36836206,7.17271702,0.00000004
3.37000000,SHIFT_WEIGHT,-0.00531562,-0.00957450,0.00555245,-0.04815130,0.04055438,0.31483953,-0.05345515,0.03813894,0.06301640,0.01965382,0.00194306,26.56653717,14.31554896,45.31246165,30.88169651,0.12875869,-0.58121641,1.38211414,0.12383580,-0.58238664,1.36625514,7.21623411,0.00000004
3.38000000,SHIFT_WEIGHT,-0.00540923,-0.00969837,0.00563799,-0.04872566,0.04109123,0.31485170,-0.05398873,0.03864105,0.06371686,0.01968165,0.00197090,26.55040383,14.14175308,45.51561182,30.86859204,0.13018001,-0.57869439,1.37987443,0.12533231,-0.57987985,1.36414421,7.25973370,0.00000004
3.39000000,SHIFT_WEIGHT,-0.00550319,-0.00982260,0.00572362,-0.04929877,0.04162679,0.31486354,-0.05452109,0.03914192,0.06441548,0.01970942,0.00199866,26.53407755,13.96848149,45.71850887,30.85545567,0.13159475,-0.57617799,1.37763021,0.12682257,-0.57737862,1.36202989,7.30320478,0.00000004
3.40000000,SHIFT_WEIGHT,-0.00559745,-0.00994717,0.00580932,-0.04987051,0.04216093,0.31487503,-0.05505211,0.03964144,0.06511208,0.01973711,0.00202635,26.51756078,13.79577388,45.92110326,30.84229623,0.13300253,-0.57366787,1.37538216,0.12830621,-0.57488360,1.35991284,7.34663617,0.00000004
3.41000000,SHIFT_WEIGHT,-0.00569201,-0.01007205,0.00589505,-0.05044071,0.04269350,0.31488618,-0.05558165,0.04013946,0.06580649,0.01976471,0.00205396,26.50085688,13.62367058,46.12334440,30.82912160,0.13440304,-0.57116469,1.37313096,0.12978286,-0.57239546,1.35779370,7.39001646,0.00000004
3.42000000,SHIFT_WEIGHT,-0.00578684,-0.01019722,0.00598081,-0.05100926,0.04322438,0.31489697,-0.05610959,0.04063588,0.06649854,0.01979223,0.00208148,26.48397000,13.45221249,46.32518065,30.81593879,0.13579592,-0.56866911,1.37087728,0.13125218,-0.56991487,1.35567314,7.43333406,0.00000004
3.43000000,SHIFT_WEIGHT,-0.00588191,-0.01032265,0.00606656,-0.05157600,0.04375343,0.31490741,-0.05663579,0.04113056,0.06718805,0.01981966,0.00210890,26.46690511,13.28144105,46.52655936,30.80275398,0.13718083,-0.56618179,1.36862182,0.13271381,-0.56744247,1.35355181,7.47657721,0.00000004
3.44000000,SHIFT_WEIGHT,-0.00597720,-0.01044831,0.00615229,-0.05214080,0.04428052,0.31491750,-0.05716013,0.04162338,0.06787486,0.01984698,0.00213622,26.44966794,13.11139817,46.72742701,30.78957255,0.13855746,-0.56370339,1.36636527,0.13416740,-0.56497895,1.35143039,7.51973396,0.00000004
3.45000000,SHIFT_WEIGHT,-0.00607268,-0.01057417,0.00623798,-0.05270351,0.04480551,0.31492724,-0.05768247,0.04211421,0.06855880,0.01987420,0.00216344,26.43226489,12.94212621,46.92772927,30.77639919,0.13992547,-0.56123457,1.36410833,0.13561261,-0.56252494,1.34930955,7.56279225,0.00000004
3.46000000,SHIFT_WEIGHT,-0.00616832,-0.01070020,0.00632360,-0.05326400,0.04532828,0.31493661,-0.05820270,0.04260295,0.06923968,0.01990130,0.00219054,26.41470299,12.77366784,47.12741111,30.76323795,0.14128455,-0.55877597,1.36185170,0.13704909,-0.56008110,1.34718996,7.60573984,0.00000004
3.47000000,SHIFT_WEIGHT,-0.00626410,-0.01082636,0.00640913,-0.05382212,0.04584869,0.31494564,-0.05872068,0.04308945,0.06991736,0.01992828,0.00221753,26.39698983,12.60606597,47.32641691,30.75009235,0.14263437,-0.55632825,1.35959611,0.13847650,-0.55764809,1.34507231,7.64856444,0.00000004
3.48000000,SHIFT_WEIGHT,-0.00636000,-0.01095263,0.00649456,-0.05437775,0.04636661,0.31495430,-0.05923628,0.04357361,0.07059165,0.01995514,0.00224438,26.37913348,12.43936369,47.52469062,30.73696546,0.14397463,-0.55389206,1.35734225,0.13989452,-0.55522656,1.34295729,7.69125365,0.00000004
3.49000000,SHIFT_WEIGHT,-0.00645597,-0.01107896,0.00657985,-0.05493073,0.04688192,0.31496261,-0.05974937,0.04405530,0.07126239,0.01998186,0.00227110,26.36114243,12.27360418,47.72217583,30.72385998,0.14530502,-0.55146803,1.35509087,0.14130282,-0.55281713,1.34084559,7.73379502,0.00000004
3.50000000,SHIFT_WEIGHT,-0.00655201,-0.01120532,0.00666499,-0.05548093,0.04739448,0.31497057,-0.06025984,0.04453440,0.07192941,0.02000843,0.00229768,26.34302550,12.10883056,47.91881594,30.71077834,0.14662524,-0.54905682,1.35284267,0.14270107,-0.55042047,1.33873789,7.77617608,0.00000004
3.51000000,SHIFT_WEIGHT,-0.00664807,-0.01133168,0.00674996,-0.05602822,0.04790417,0.31497818,-0.06076755,0.04501080,0.07259255,0.02003486,0.00232411,26.32479177,11.94508587,48.11455427,30.69772279,0.14793499,-0.54665905,1.35059839,0.14408894,-0.54803719,1.33663491,7.81838433,0.00000004
3.52000000,SHIFT_WEIGHT,-0.00674412,-0.01145800,0.00683473,-0.05657246,0.04841087,0.31498543,-0.06127238,0.04548438,0.07325165,0.02006114,0.00235039,26.30645054,11.78241298,48.30933419,30.68469545,0.14923400,-0.54427536,1.34835876,0.14546614,-0.54566794,1.33453733,7.86040732,0.00000004
3.53000000,SHIFT_WEIGHT,-0.00684015,-0.01158424,0.00691928,-0.05711351,0.04891445,0.31499234,-0.06177420,0.04595503,0.07390654,0.02008726,0.00237650,26.28801120,11.62085443,48.50309923,30.67169844,0.15052196,-0.54190637,1.34612451,0.14683234,-0.54331335,1.33244586,7.90223263,0.00000004
3.54000000,SHIFT_WEIGHT,-0.00693612,-0.01171037,0.00700359,-0.05765124,0.04941478,0.31499890,-0.06227290,0.04642263,0.07455706,0.02011320,0.00240245,26.26948327,11.46045247,48.69579316,30.65873387,0.15179861,-0.53955271,1.34389637,0.14818724,-0.54097403,1.33036120,7.94384792,0.00000004
3.55000000,SHIFT_WEIGHT,-0.00703199,-0.01183634,0.00708763,-0.05818551,0.04991175,0.31500511,-0.06276835,0.04688706,0.07520306,0.02013897,0.00242822,26.25087624,11.30124890,48.88736016,30.64580399,0.15306367,-0.53721498,1.34167509,0.14953055,-0.53865060,1.32828405,7.98524092,0.00000004
3.56000000,SHIFT_WEIGHT,-0.00712775,-0.01196212,0.00717139,-0.05871620,0.05040523,0.31501099,-0.06326042,0.04734822,0.07584438,0.02016456,0.00245381,26.23219959,11.14328505,49.07774484,30.63291115,0.15431687,-0.53489380,1.33946141,0.15086195,-0.53634367,1.32621513,8.02639950,0.00000004
3.57000000,SHIFT_WEIGHT,-0.00722335,-0.01208766,0.00725484,-0.05924317,0.05089510,0.31501653,-0.06374901,0.04780600,0.07648085,0.02018997,0.00247921,26.21346274,10.98660171,49.26689236,30.62005791,0.15555795,-0.53258977,1.33725605,0.15218118,-0.53405385,1.32415512,8.06731163,0.00000004
3.58000000,SHIFT_WEIGHT,-0.00731878,-0.01221294,0.00733796,-0.05976629,0.05138125,0.31502174,-0.06423399,0.04826028,0.07711233,0.02021517,0.00250442,26.19467499,10.83123909,49.45474850,30.60724702,0.15678666,-0.53030349,1.33505977,0.15348794,-0.53178174,1.32210475,8.10796544,0.00000004
3.59000000,SHIFT_WEIGHT,-0.00741398,-0.01233791,0.00742072,-0.06028544,0.05186357,0.31502662,-0.06471524,0.04871096,0.07773867,0.02024018,0.00252942,26.17584551,10.67723678,49.64125969,30.59448150,0.15800275,-0.52803554,1.33287331,0.15478195,-0.52952794,1.32006470,8.14834922,0.00000004
3.60000000,SHIFT_WEIGHT,-0.00750895,-0.01246252,0.00750310,-0.06080049,0.05234192,0.31503118,-0.06519265,0.04915793,0.07835972,0.02026497,0.00255422,26.15698332,10.52463371,49.82637309,30.58176458,0.15920597,-0.52578651,1.33069739,0.15606293,-0.52729303,1.31803569,8.18845142,0.00000004
3.61000000,SHIFT_WEIGHT,-0.00760364,-0.01258675,0.00758508,-0.06131131,0.05281622,0.31503542,-0.06566610,0.04960110,0.07897533,0.02028956,0.00257880,26.13809726,10.37346814,50.01003665,30.56909978,0.16039609,-0.52355697,1.32853276,0.15733063,-0.52507758,1.31601842,8.22826068,0.00000004
3.62000000,SHIFT_WEIGHT,-0.00769802,-0.01271055,0.00766664,-0.06181779,0.05328633,0.31503934,-0.06613549,0.05004034,0.07958534,0.02031392,0.00260316,26.11919598,10.22377764,50.19219906,30.55649087,0.16157288,-0.52134749,1.32638016,0.15858478,-0.52288218,1.31401357,8.26776582,0.00000004
3.63000000,SHIFT_WEIGHT,-0.00779206,-0.01283388,0.00774775,-0.06231980,0.05375215,0.31504296,-0.06660070,0.05047557,0.08018963,0.02033806,0.00262730,26.10028797,10.07559905,50.37280987,30.54394186,0.16273610,-0.51915862,1.32424031,0.15982512,-0.52070738,1.31202186,8.30695588,0.00000004
3.64000000,SHIFT_WEIGHT,-0.00788573,-0.01295671,0.00782838,-0.06281721,0.05421358,0.31504627,-0.06706162,0.05090669,0.08078806,0.02036196,0.00265120,26.08138149,9.92896850,50.55181942,30.53145699,0.16388555,-0.51699092,1.32211396,0.16105141,-0.51855375,1.31004397,8.34582008,0.00000004
3.65000000,SHIFT_WEIGHT,-0.00797899,-0.01307899,0.00790853,-0.06330993,0.05467050,0.31504928,-0.06751815,0.05133358,0.08138047,0.02038563,0.00267487,26.06248465,9.78392144,50.72917891,30.51904071,0.16502101,-0.51484492,1.32000183,0.16226340,-0.51642183,1.30808059,8.38434785,0.00000004
3.66000000,SHIFT_WEIGHT,-0.00807182,-0.01320069,0.00798816,-0.06379782,0.05512282,0.31505200,-0.06797018,0.05175617,0.08196674,0.02040905,0.00269829,26.04360537,9.64049255,50.90484035,30.50669768,0.16614226,-0.51272117,1.31790463,0.16346084,-0.51431216,1.30613240,8.42252881,0.00000004
3.67000000,SHIFT_WEIGHT,-0.00816418,-0.01332176,0.00806724,-0.06428078,0.05557043,0.31505443,-0.06841762,0.05217435,0.08254674,0.02043222,0.00272146,26.02475138,9.49871586,51.07875659,30.49443269,0.16724912,-0.51062017,1.31582309,0.16464352,-0.51222527,1.30420008,8.46035282,0.00000004
3.68000000,SHIFT_WEIGHT,-0.00825605,-0.01344216,0.00814577,-0.06475869,0.05601322,0.31505659,-0.06886035,0.05258804,0.08312033,0.02045514,0.00274438,26.00593030,9.35862468,51.25088130,30.48225068,0.16834140,-0.50854244,1.31375793,0.16581120,-0.51016169,1.30228430,8.49780991,0.00000003
3.69000000,SHIFT_WEIGHT,-0.00834737,-0.01356187,0.00822370,-0.06523145,0.05645111,0.31505847,-0.06929828,0.05299713,0.08368739,0.02047779,0.00276704,25.98714957,9.22025162,51.42116894,30.47015667,0.16941889,-0.50648849,1.31170985,0.16696367,-0.50812192,1.30038573,8.53489034,0.00000003
3.70000000,SHIFT_WEIGHT,-0.00843814,-0.01368083,0.00830103,-0.06569895,0.05688400,0.31506008,-0.06973131,0.05340155,0.08424778,0.02050018,0.00278943,25.96841651,9.08362865,51.58957479,30.45815576,0.17048143,-0.50445881,1.30967955,0.16810071,-0.50610646,1.29850503,8.57158455,0.00000003
3.71000000,SHIFT_WEIGHT,-0.00852831,-0.01379902,0.00837773,-0.06616108,0.05731178,0.31506143,-0.07015935,0.05380120,0.08480140,0.02052230,0.00281154,25.94973836,8.94878706,51.75605488,30.44625305,0.17152883,-0.50245388,1.30766772,0.16922212,-0.50411581,1.29664284,8.60788321,0.00000003
3.72000000,SHIFT_WEIGHT,-0.00861784,-0.01391638,0.00845378,-0.06661775,0.05773438,0.31506253,-0.07058230,0.05419600,0.08534812,0.02054414,0.00283339,25.93112224,8.81575751,51.92056601,30.43445367,0.17256094,-0.50047417,1.30567506,0.17032770,-0.50215045,1.29479982,8.64377715,0.00000003
3.73000000,SHIFT_WEIGHT,-0.00870672,-0.01403289,0.00852915,-0.06706885,0.05815169,0.31506337,-0.07100008,0.05458586,0.08588783,0.02056570,0.00285495,25.91257519,8.68457001,52.08306573,30.42276268,0.17357759,-0.49852014,1.30370223,0.17141725,-0.50021083,1.29297659,8.67925743,0.00000003
3.74000000,SHIFT_WEIGHT,-0.00879490,-0.01414851,0.00860382,-0.06751428,0.05856364,0.31506398,-0.07141259,0.05497072,0.08642041,0.02058698,0.00287622,25.89410422,8.55525395,52.24351234,30.41118509,0.17457863,-0.49659224,1.30174991,0.17249060,-0.49829743,1.29117377,8.71431526,0.00000003
3.75000000,SHIFT_WEIGHT,-0.00888236,-0.01426320,0.00867777,-0.06795396,0.05897013,0.31506436,-0.07181976,0.05535048,0.08694575,0.02060796,0.00289721,25.87571627,8.42783812,52.40186483,30.39972579,0.17556391,-0.49469091,1.29981876,0.17354757,-0.49641068,1.28939198,8.74894207,0.00000003
3.76000000,SHIFT_WEIGHT,-0.00896906,-0.01437691,0.00875098,-0.06838779,0.05937108,0.31506451,-0.07222149,0.05572507,0.08746374,0.02062865,0.00291790,25.85741825,8.30235068,52.55808293,30.38838958,0.17653329,-0.49281657,1.29790942,0.17458798,-0.49455101,1.28763182,8.78312946,0.00000003
3.77000000,SHIFT_WEIGHT,-0.00905498,-0.01448962,0.00882343,-0.06881567,0.05976642,0.31506445,-0.07261771,0.05609442,0.08797429,0.02064904,0.00293828,25.83921705,8.17881922,52.71212709,30.37718106,0.17748664,-0.49096962,1.29602253,0.17561167,-0.49271885,1.28589388,8.81686922,0.00000003
3.78000000,SHIFT_WEIGHT,-0.00914007,-0.01460128,0.00889509,-0.06923753,0.06015606,0.31506417,-0.07300833,0.05645845,0.08847729,0.02066912,0.00295837,25.82111956,8.05727069,52.86395845,30.36610471,0.17842384,-0.48915049,1.29415871,0.17661849,-0.49091460,1.28417874,8.85015332,0.00000003
3.79000000,SHIFT_WEIGHT,-0.00922431,-0.01471186,0.00896595,-0.06965327,0.06053993,0.31506369,-0.07339328,0.05681709,0.08897264,0.02068890,0.00297814,25.80313266,7.93773146,53.01353888,30.35516478,0.17934477,-0.48735953,1.29231858,0.17760828,-0.48913865,1.28248695,8.88297390,0.00000003
3.80000000,SHIFT_WEIGHT,-0.00930766,-0.01482133,0.00903599,-0.07006282,0.06091796,0.31506303,-0.07377249,0.05717029,0.08946025,0.02070836,0.00299760,25.78526323,7.82022730,53.16083096,30.34436534,0.18024932,-0.48559714,1.29050273,0.17858091,-0.48739138,1.28081907,8.91532329,0.00000003
3.81000000,SHIFT_WEIGHT,-0.00939011,-0.01492964,0.00910518,-0.07046609,0.06129007,0.31506217,-0.07414588,0.05751797,0.08994003,0.02072750,0.00301675,25.76751817,7.70478334,53.30579801,30.33371024,0.18113737,-0.48386367,1.28871175,0.17953624,-0.48567315,1.27917564,8.94719399,0.00000003
3.82000000,SHIFT_WEIGHT,-0.00947161,-0.01503675,0.00917351,-0.07086301,0.06165620,0.31506114,-0.07451338,0.05786007,0.09041190,0.02074632,0.00303557,25.74990436,7.59142411,53.44840408,30.32320310,0.18200885,-0.48215946,1.28694621,0.18047414,-0.48398431,1.27755717,8.97857869,0.00000003
3.83000000,SHIFT_WEIGHT,-0.00955214,-0.01514264,0.00924096,-0.07125350,0.06201629,0.31505994,-0.07487493,0.05819653,0.09087576,0.02076482,0.00305406,25.73242873,7.48017350,53.58861401,30.31284730,0.18286365,-0.48048484,1.28520667,0.18139451,-0.48232520,1.27596417,9.00947026,0.00000003
3.84000000,SHIFT_WEIGHT,-0.00963166,-0.01524727,0.00930750,-0.07163750,0.06237026,0.31505858,-0.07523047,0.05852729,0.09133155,0.02078299,0.00307223,25.71509818,7.37105472,53.72639341,30.30264601,0.18370170,-0.47884014,1.28349366,0.18229722,-0.48069613,1.27439712,9.03986174,0.00000003
3.85000000,SHIFT_WEIGHT,-0.00971015,-0.01535059,0.00937312,-0.07201493,0.06271807,0.31505708,-0.07557992,0.05885230,0.09177918,0.02080082,0.00309006,25.69791965,7.26409036,53.86170871,30.29260214,0.18452291,-0.47722564,1.28180771,0.18318218,-0.47909741,1.27285650,9.06974638,0.00000003
3.86000000,SHIFT_WEIGHT,-0.00978757,-0.01545258,0.00943781,-0.07238573,0.06305966,0.31505543,-0.07592324,0.05917151,0.09221858,0.02081831,0.00310756,25.68090003,7.15930228,53.99452717,30.28271838,0.18532724,-0.47564163,1.28014931,0.18404929,-0.47752932,1.27134276,9.09911758,0.00000003
3.87000000,SHIFT_WEIGHT,-0.00986391,-0.01555321,0.00950153,-0.07274984,0.06339496,0.31505365,-0.07626037,0.05948487,0.09264968,0.02083547,0.00312471,25.66404626,7.05671163,54.12481694,30.27299718,0.18611461,-0.47408838,1.27851897,0.18489847,-0.47599212,1.26985633,9.12796897,0.00000003
3.88000000,SHIFT_WEIGHT,-0.00993913,-0.01565242,0.00956429,-0.07310720,0.06372394,0.31505174,-0.07659125,0.05979233,0.09307243,0.02085228,0.00314152,25.64736520,6.95633884,54.25254707,30.26344079,0.18688498,-0.47256615,1.27691714,0.18572963,-0.47448608,1.26839763,9.15629436,0.00000003
3.89000000,SHIFT_WEIGHT,-0.01001320,-0.01575021,0.00962605,-0.07345775,0.06404655,0.31504972,-0.07691583,0.06009385,0.09348675,0.02086874,0.00315799,25.63086373,6.85820356,54.37768755,30.25405121,0.18763831,-0.47107516,1.27534427,0.18654272,-0.47301143,1.26696704,9.18408775,0.00000003
3.90000000,SHIFT_WEIGHT,-0.01008610,-0.01584652,0.00968680,-0.07380144,0.06436274,0.31504760,-0.07723407,0.06038939,0.09389260,0.02088485,0.00317410,25.61454867,6.76232465,54.50020936,30.24483026,0.18837455,-0.46961564,1.27380080,0.18733767,-0.47156838,1.26556496,9.21134337,0.00000002
3.91000000,SHIFT_WEIGHT,-0.01015779,-0.01594132,0.00974653,-0.07413821,0.06467246,0.31504538,-0.07754592,0.06067890,0.09428991,0.02090061,0.00318986,25.59842680,6.66872015,54.62008451,30.23577954,0.18909369,-0.46818779,1.27228714,0.18811443,-0.47015713,1.26419173,9.23805564,0.00000002
3.92000000,SHIFT_WEIGHT,-0.01022826,-0.01603459,0.00980522,-0.07446803,0.06497569,0.31504307,-0.07785134,0.06096236,0.09467865,0.02091601,0.00320526,25.58250484,6.57740727,54.73728607,30.22690047,0.18979569,-0.46679179,1.27080367,0.18887295,-0.46877786,1.26284768,9.26421921,0.00000002
3.93000000,SHIFT_WEIGHT,-0.01029748,-0.01612629,0.00986286,-0.07479085,0.06527238,0.31504069,-0.07815029,0.06123974,0.09505877,0.02093106,0.00322030,25.56678941,6.48840231,54.85178820,30.21819429,0.19048056,-0.46542781,1.26935076,0.18961321,-0.46743074,1.26153313,9.28982895,0.00000002
3.94000000,SHIFT_WEIGHT,-0.01036542,-0.01621640,0.00991943,-0.07510663,0.06556251,0.31503824,-0.07844274,0.06151099,0.09543022,0.02094573,0.00323498,25.55128708,6.40172068,54.96356624,30.20966207,0.19114829,-0.46409598,1.26792875,0.19033517,-0.46611590,1.26024836,9.31487993,0.00000002
3.95000000,SHIFT_WEIGHT,-0.01043206,-0.01630487,0.00997492,-0.07541534,0.06584605,0.31503573,-0.07872865,0.06177611,0.09527543,0.02096005,0.00324929,25.53600429,6.31737684,55.07259669,30.20130472,0.19179888,-0.46279645,1.26653797,0.19103883,-0.46483347,1.25899364,9.33936750,0.00000002
3.96000000,SHIFT_WEIGHT,-0.01049738,-0.01639168,0.01002931,-0.07571693,0.06612296,0.31503317,-0.07900800,0.06203506,0.09498587,0.02097399,0.00326324,25.52094739,6.23538428,55.17885731,30.19312302,0.19243234,-0.46152932,1.26517871,0.19172418,-0.46358355,1.25776921,9.36328722,0.00000002
3.97000000,SHIFT_WEIGHT,-0.01056135,-0.01647681,0.01008259,-0.07601139,0.06639325,0.31503057,-0.07928076,0.06228783,0.09470309,0.02098757,0.00327681,25.50612259,6.15575551,55.28232711,30.18511759,0.19304871,-0.46029468,1.26385125,0.19239121,-0.46236622,1.25657528,9.38663489,0.00000002
3.98000000,SHIFT_WEIGHT,-0.01062395,-0.01656022,0.01013475,-0.07629869,0.06665687,0.31502794,-0.07954690,0.06253439,0.09442712,0.02100077,0.00329001,25.49153597,6.07850062,55.38298644,30.17728893,0.19364801,-0.45909260,1.26255584,0.19303994,-0.46118154,1.25541206,9.40940659,0.00000002
3.99000000,SHIFT_WEIGHT,-0.01068515,-0.01664188,0.01018578,-0.07657881,0.06691383,0.31502529,-0.07980641,0.06277475,0.09415798,0.02101359,0.00330283,25.47721907,6.00275829,55.48078752,30.16966113,0.19423026,-0.45792310,1.26129261,0.19367040,-0.46002956,1.25427970,9.43159512,0.00000002
4.00000000,SHIFT_WEIGHT,-0.01074487,-0.01672173,0.01023566,-0.07685172,0.06716410,0.31502262,-0.08005927,0.06300888,0.09389570,0.02102593,0.00331517,25.46334763,5.92793245,55.57557213,30.16235025,0.19479544,-0.45678610,1.26006142,0.19428261,-0.45891023,1.25317822,9.45318176,0.00000002
4.01000000,SHIFT_WEIGHT,-0.01080297,-0.01679965,0.01028435,-0.07711740,0.06740767,0.31501991,-0.08030546,0.06323677,0.09364032,0.02103769,0.00332693,25.45009261,5.85482013,55.66725454,30.15545613,0.19534348,-0.45568160,1.25886225,0.19487658,-0.45782347,1.25210754,9.47415765,0.00000002
4.02000000,SHIFT_WEIGHT,-0.01085938,-0.01687554,0.01033180,-0.07737584,0.06764453,0.31501717,-0.08054497,0.06345841,0.09339186,0.02104879,0.00333803,25.43753249,5.78408154,55.75582169,30.14905132,0.19587438,-0.45460958,1.25769524,0.19545237,-0.45676915,1.25106755,9.49451912,0.00000002
4.03000000,SHIFT_WEIGHT,-0.01091401,-0.01694933,0.01037797,-0.07762702,0.06787465,0.31501438,-0.08077778,0.06367378,0.09315035,0.02105918,0.00334843,25.42565649,5.71615425,55.84129106,30.14317317,0.19638813,-0.45357004,1.25656056,0.19601001,-0.45574720,1.25005822,9.51426356,0.00000002
4.04000000,SHIFT_WEIGHT,-0.01096686,-0.01702099,0.01042282,-0.07787092,0.06809804,0.31501154,-0.08100388,0.06388288,0.09291581,0.02106885,0.00335810,25.41438490,5.65126842,55.92368586,30.13781611,0.19688482,-0.45256299,1.25545837,0.19654959,-0.45475752,1.24907954,9.53338845,0.00000002
4.05000000,SHIFT_WEIGHT,-0.01101792,-0.01709052,0.01046634,-0.07810755,0.06831470,0.31500866,-0.08122327,0.06408572,0.09268825,0.02107783,0.00336707,25.40359772,5.58948606,56.00302217,30.13293384,0.19736454,-0.45158837,1.25438883,0.19707118,-0.45380005,1.24813158,9.55189115,0.00000002
4.06000000,SHIFT_WEIGHT,-0.01106720,-0.01715795,0.01050852,-0.07833691,0.06852463,0.31500576,-0.08143596,0.06428229,0.09246768,0.02108614,0.00337538,25.39316309,5.53075009,56.07930575,30.12844976,0.19782743,-0.45064614,1.25335204,0.19757489,-0.45287471,1.24721439,9.56976919,0.00000002
4.07000000,SHIFT_WEIGHT,-0.01111475,-0.01722333,0.01054935,-0.07855902,0.06872787,0.31500286,-0.08164195,0.06447262,0.09225408,0.02109384,0.00338308,25.38296017,5.47493352,56.15253505,30.12427122,0.19827365,-0.44973620,1.25234809,0.19806083,-0.45198141,1.24632804,9.58702072,0.00000002
4.08000000,SHIFT_WEIGHT,-0.01116059,-0.01728667,0.01058886,-0.07877390,0.06892443,0.31499998,-0.08184127,0.06465674,0.09204744,0.02110099,0.00339023,25.37289460,5.42188156,56.22270693,30.12030356,0.19870337,-0.44885843,1.25137698,0.19852912,-0.45112004,1.24547256,9.60364497,0.00000001
4.09000000,SHIFT_WEIGHT,-0.01120477,-0.01734803,0.01062707,-0.07898157,0.06911435,0.31499716,-0.08203394,0.06483468,0.09184773,0.02110764,0.00339688,25.36290617,5.37144313,56.28982247,30.11646146,0.19911679,-0.44801266,1.25043873,0.19897990,-0.45029047,1.24464796,9.61964259,0.00000001
4.10000000,SHIFT_WEIGHT,-0.01124731,-0.01740740,0.01066400,-0.07918207,0.06929768,0.31499443,-0.08222000,0.06500647,0.09165493,0.02111385,0.00340309,25.35296996,5.32349061,56.35389130,30.11267621,0.19951410,-0.44719872,1.24953327,0.19941331,-0.44949252,1.24385419,9.63501589,0.00000001
4.11000000,SHIFT_WEIGHT,-0.01128826,-0.01746482,0.01069968,-0.07937543,0.06947445,0.31499179,-0.08239947,0.06517215,0.09146901,0.02111966,0.00340890,25.34309239,5.27792906,56.41493375,30.10889889,0.19989550,-0.44641639,1.24866055,0.19982951,-0.44872599,1.24309118,9.64976874,0.00000001
4.12000000,SHIFT_WEIGHT,-0.01132764,-0.01752027,0.01073414,-0.07956171,0.06964473,0.31498927,-0.08257241,0.06533178,0.09128993,0.02112510,0.00341435,25.33330420,5.23469723,56.47298087,30.10510028,0.20026118,-0.44566544,1.24782044,0.20022866,-0.44799066,1.24235878,9.66390643,0.00000001
4.13000000,SHIFT_WEIGHT,-0.01136549,-0.01757376,0.01076739,-0.07974094,0.06980855,0.31498688,-0.08273884,0.06548540,0.09111765,0.02113021,0.00341946,25.32365196,5.19376291,56.52807285,30.10126839,0.20061137,-0.44494560,1.24701282,0.20061093,-0.44728626,1.24165682,9.67743535,0.00000001
4.14000000,SHIFT_WEIGHT,-0.01140183,-0.01762528,0.01079948,-0.07991318,0.06996599,0.31498463,-0.08289881,0.06563306,0.09095213,0.02113501,0.00342425,25.31418957,5.15511543,56.58025628,30.09740475,0.20094626,-0.44425658,1.24623752,0.20097651,-0.44661250,1.24098508,9.69036256,0.00000001
4.15000000,SHIFT_WEIGHT,-0.01143666,-0.01767483,0.01083041,-0.08007847,0.07011709,0.31498252,-0.08305238,0.06577482,0.09079332,0.02113950,0.00342874,25.30497080,5.11875733,56.62958103,30.09352035,0.20126607,-0.44359807,1.24549435,0.20132560,-0.44596905,1.24034330,9.70269549,0.00000001
4.16000000,SHIFT_WEIGHT,-0.01147002,-0.01772239,0.01086019,-0.08023688,0.07026193,0.31498056,-0.08319960,0.06591074,0.09064117,0.02114370,0.00343294,25.29604344,5.08469679,56.67609723,30.08963185,0.20157103,-0.44296973,1.24478307,0.20165841,-0.44535556,1.23973118,9.71444150,0.00000001
4.17000000,SHIFT_WEIGHT,-0.01150192,-0.01776797,0.01088885,-0.08038847,0.07040056,0.31497873,-0.08334052,0.06604087,0.09049562,0.02114762,0.00343686,25.28744539,5.05294165,56.71985274,30.08575850,0.20186135,-0.44237119,1.24410344,0.20197516,-0.44477165,1.23914839,9.72560764,0.00000001
4.18000000,SHIFT_WEIGHT,-0.01153235,-0.01781156,0.01091639,-0.08053331,0.07053305,0.31497704,-0.08347521,0.06616529,0.09035662,0.02115126,0.00344050,25.27920261,5.02349546,56.76089117,30.08191991,0.20213728,-0.44180207,1.24345517,0.20227607,-0.44421691,1.23859457,9.73620046,0.00000001
4.19000000,SHIFT_WEIGHT,-0.01156134,-0.01785316,0.01094281,-0.08067146,0.07065949,0.31497550,-0.08360373,0.06628405,0.09022409,0.02115462,0.00344387,25.27132877,4.99635548,56.79925085,30.07813455,0.20239906,-0.44126194,1.24283791,0.20256139,-0.44369091,1.23806930,9.74622587,0.00000001
4.20000000,SHIFT_WEIGHT,-0.01158889,-0.01789279,0.01096811,-0.08080300,0.07077993,0.31497408,-0.08372615,0.06639723,0.09009796,0.02115772,0.00344697,25.26382615,4.97151225,56.83496435,30.07441913,0.20264692,-0.44075035,1.24225132,0.20283138,-0.44319318,1.23757216,9.75568912,0.00000001
4.21000000,SHIFT_WEIGHT,-0.01161500,-0.01793044,0.01099230,-0.08092803,0.07089446,0.31497281,-0.08384255,0.06650489,0.08997816,0.02116056,0.00344981,25.25668745,4.94895035,56.86805873,30.07078825,0.20288114,-0.44026683,1.24169498,0.20308632,-0.44272323,1.23710268,9.76459487,0.00000001
4.22000000,SHIFT_WEIGHT,-0.01163968,-0.01796613,0.01101538,-0.08104661,0.07100317,0.31497167,-0.08395300,0.06660712,0.08986460,0.02116314,0.00345238,25.24989806,4.92864976,56.89855620,30.06725458,0.20310198,-0.43981088,1.24116847,0.20332647,-0.44228053,1.23666036,9.77294722,0.00000001
4.23000000,SHIFT_WEIGHT,-0.01166292,-0.01799988,0.01103734,-0.08115886,0.07110614,0.31497068,-0.08405760,0.06670400,0.08975720,0.02116546,0.00345471,25.24343850,4.91058752,56.92647514,30.06382907,0.20330970,-0.43938198,1.24067131,0.20355214,-0.44186455,1.23624465,9.78074988,0.00000001
4.24000000,SHIFT_WEIGHT,-0.01168473,-0.01803170,0.01105819,-0.08126486,0.07120345,0.31496983,-0.08415642,0.06679560,0.08965585,0.02116754,0.00345678,25.23728666,4.89473918,56.95183123,30.06052118,0.20350460,-0.43897956,1.24020297,0.20376364,-0.44147470,1.23585499,9.78800630,0.00000001
4.25000000,SHIFT_WEIGHT,-0.01170511,-0.01806159,0.01107793,-0.08136471,0.07129521,0.31496912,-0.08424957,0.06688202,0.08956046,0.02116937,0.00345861,25.23141989,4.88108000,56.97463870,30.05733913,0.20368698,-0.43860306,1.23976292,0.20396128,-0.44111037,1.23549077,9.79471979,0.00000001
4.26000000,SHIFT_WEIGHT,-0.01172406,-0.01808959,0.01109656,-0.08145853,0.07138152,0.31496857,-0.08433714,0.06696335,0.08947093,0.02117096,0.00346021,25.22581652,4.86958564,56.99491142,30.05428992,0.20385712,-0.43825186,1.23935057,0.20414540,-0.44077093,1.23515135,9.80089368,0.00000001
4.27000000,SHIFT_WEIGHT,-0.01174157,-0.01811571,0.01111409,-0.08154643,0.07146247,0.31496817,-0.08441924,0.06703968,0.08938715,0.02117232,0.00346156,25.22045703,4.86023245,57.01266399,30.05137936,0.20401535,-0.43792534,1.23896530,0.20431635,-0.44045571,1.23483604,9.80653143,0.00000001
4.28000000,SHIFT_WEIGHT,-0.01175767,-0.01813996,0.01113053,-0.08162853,0.07153818,0.31496794,-0.08449596,0.06711111,0.08930900,0.02117344,0.00346268,25.21532481,4.85299738,57.02791259,30.04861193,0.20416200,-0.43762282,1.23860644,0.20447450,-0.44016402,1.23454415,9.81163675,0.00000000
4.29000000,SHIFT_WEIGHT,-0.01177234,-0.01816236,0.01114587,-0.08170494,0.07160876,0.31496787,-0.08456743,0.06717775,0.08923637,0.02117433,0.00346358,25.21040650,4.84785751,57.04067567,30.04599065,0.20429741,-0.43734364,1.23827331,0.20462021,-0.43989513,1.23427493,9.81621368,0.00000000
4.30000000,SHIFT_WEIGHT,-0.01178560,-0.01818294,0.01116014,-0.08177579,0.07167433,0.31496797,-0.08463376,0.06723972,0.08916913,0.02117500,0.00346425,25.20569212,4.84478949,57.05097454,30.04351692,0.20442192,-0.43708708,1.23796517,0.20475388,-0.43964829,1.23402759,9.82026669,0.00000000
4.31000000,SHIFT_WEIGHT,-0.01179746,-0.01820170,0.01117335,-0.08184123,0.07173501,0.31496824,-0.08469507,0.06729711,0.08910715,0.02117545,0.00346469,25.20117484,4.84376887,57.05883370,30.04119037,0.20453591,-0.43685241,1.23768126,0.20487591,-0.43942271,1.23380132,9.82380069,0.00000000
4.32000000,SHIFT_WEIGHT,-0.01180792,-0.01821866,0.01118551,-0.08190138,0.07179094,0.31496870,-0.08475148,0.06735006,0.08905031,0.02117568,0.00346492,25.19685074,4.84476945,57.06428117,30.03900879,0.20463975,-0.43663885,1.23742078,0.20498673,-0.43921758,1.23359529,9.82682111,0.00000000
4.33000000,SHIFT_WEIGHT,-0.01181701,-0.01823386,0.01119665,-0.08195638,0.07184225,0.31496933,-0.08480313,0.06739869,0.08899845,0.02117569,0.00346494,25.19271837,4.84776266,57.06734861,30.03696818,0.20473382,-0.43644562,1.23718290,0.20508676,-0.43903206,1.23340860,9.82933393,0.00000000
4.34000000,SHIFT_WEIGHT,-0.01182473,-0.01824730,0.01120677,-0.08200640,0.07188909,0.31497016,-0.08485016,0.06744313,0.08895144,0.02117549,0.00346474,25.18877832,4.85271719,57.06807147,30.03506279,0.20481854,-0.43627190,1.23696674,0.20517645,-0.43886527,1.23324036,9.83134570,0.00000000
4.35000000,SHIFT_WEIGHT,-0.01183112,-0.01825901,0.01121592,-0.08205158,0.07193159,0.31497117,-0.08489269,0.06748352,0.08890912,0.02117508,0.00346433,25.18503276,4.85959857,57.06648891,30.03328531,0.20489433,-0.43611685,1.23677140,0.20525628,-0.43871631,1.23308962,9.83286355,0.00000000
4.36000000,SHIFT_WEIGHT,-0.01183619,-0.01826902,0.01122410,-0.08209209,0.07196992,0.31497238,-0.08493088,0.06752000,0.08887133,0.02117447,0.00346371,25.18148499,4.86836909,57.06264391,30.03162709,0.20496161,-0.43597958,1.23659594,0.20532671,-0.43858426,1.23295541,9.83389522,0.00000000
4.37000000,SHIFT_WEIGHT,-0.01183997,-0.01827734,0.01123135,-0.08212808,0.07200424,0.31497378,-0.08496489,0.06755271,0.08883793,0.02117365,0.00346289,25.17813903,4.87898765,57.05658312,30.03007846,0.20502083,-0.43585920,1.23643939,0.20538825,-0.43846814,1.23283672,9.83444904,0.00000000
4.38000000,SHIFT_WEIGHT,-0.01184248,-0.01828401,0.01123770,-0.08215974,0.07203471,0.31497538,-0.08499486,0.06758182,0.08880872,0.02117264,0.00346188,25.17499922,4.89140984,57.04835684,30.02862900,0.20507246,-0.43575478,1.23630074,0.20544140,-0.43836697,1.23273251,9.83453397,0.00000000
4.39000000,SHIFT_WEIGHT,-0.01184375,-0.01828906,0.01124317,-0.08218724,0.07206151,0.31497718,-0.08502097,0.06760747,0.08878355,0.02117143,0.00346067,25.17206993,4.90558802,57.03801892,30.02726791,0.20511695,-0.43566534,1.23617894,0.20548670,-0.43827972,1.23264171,9.83415957,0.00000000
4.40000000,SHIFT_WEIGHT,-0.01184383,-0.01829251,0.01124780,-0.08221076,0.07208481,0.31497918,-0.08504337,0.06762985,0.08876222,0.02117003,0.00345927,25.16935524,4.92147145,57.02562664,30.02598430,0.20515481,-0.43558991,1.23607292,0.20552468,-0.43820534,1.23256323,9.83333601,0.00000000
4.41000000,SHIFT_WEIGHT,-0.01184273,-0.01829440,0.01125161,-0.08223051,0.07210480,0.31498139,-0.08506225,0.06764911,0.08874456,0.02116845,0.00345769,25.16685867,4.93900645,57.01124067,30.02476751,0.20518653,-0.43552746,1.23598157,0.20555590,-0.43814274,1.23249593,9.83207409,0.00000000
4.42000000,SHIFT_WEIGHT,-0.01184050,-0.01829476,0.01125465,-0.08224668,0.07212168,0.31498379,-0.08507778,0.06766543,0.08873035,0.02116669,0.00345593,25.16458304,4.95813654,56.99492488,30.02360733,0.20521262,-0.43547694,1.23590373,0.20558094,-0.43809082,1.23243864,9.83038520,0.00000000
4.43000000,SHIFT_WEIGHT,-0.01183718,-0.01829364,0.01125695,-0.08225947,0.07213563,0.31498640,-0.08509016,0.06767900,0.08871941,0.02116475,0.00345400,25.16253025,4.97880258,56.97674628,30.02249430,0.20523361,-0.43543726,1.23583824,0.20560039,-0.43804841,1.23239016,9.82828134,0.00000000
4.44000000,SHIFT_WEIGHT,-0.01183280,-0.01829107,0.01125853,-0.08226909,0.07214687,0.31498922,-0.08509958,0.06769001,0.08871152,0.02116265,0.00345189,25.16070120,5.00094292,56.95677491,30.02141980,0.20525006,-0.43540732,1.23578387,0.20561485,-0.43801436,1.23234927,9.82577509,0.00000000
4.45000000,SHIFT_WEIGHT,-0.01182739,-0.01828709,0.01125944,-0.08227578,0.07215560,0.31499224,-0.08510623,0.06769865,0.08870647,0.02116038,0.00344963,25.15909567,5.02449344,56.93508371,30.02037621,0.20526251,-0.43538597,1.23573938,0.20562496,-0.43798744,1.23231470,9.82287962,0.00000000
4.46000000,SHIFT_WEIGHT,-0.01182102,-0.01828176,0.01125972,-0.08227975,0.07216204,0.31499546,-0.08511033,0.06770511,0.08870403,0.02115796,0.00344720,25.15771233,5.04938764,56.91174843,30.01935701,0.20527153,-0.43537203,1.23570349,0.20563136,-0.43796641,1.23228515,9.81960869,0.00000000
4.47000000,SHIFT_WEIGHT,-0.01181370,-0.01827511,0.01125939,-0.08228123,0.07216642,0.31499889,-0.08511209,0.06770962,0.08870398,0.02115538,0.00344462,25.15654867,5.07555674,56.88684753,30.01835679,0.20527772,-0.43536431,1.23567487,0.20563470,-0.43795000,1.23225929,9.81597661,0.00000000
4.48000000,SHIFT_WEIGHT,-0.01180550,-0.01826721,0.01125850,-0.08228048,0.07216895,0.31500252,-0.08511173,0.06771236,0.08870607,0.02115266,0.00344190,25.15548658,5.10291944,56.86049988,30.01693306,0.20528166,-0.43536155,1.23565217,0.20563566,-0.43793690,1.23223577,9.81200191,0.00000008
4.49000000,SHIFT_WEIGHT,-0.01179645,-0.01825810,0.01125709,-0.08227773,0.07216989,0.31500635,-0.08510947,0.06771358,0.08871006,0.02114980,0.00343904,25.15477098,5.13141905,56.83271334,30.01626111,0.20528399,-0.43536249,1.23563401,0.20563494,-0.43792578,1.23221318,9.80769281,0.00000005
4.50000000,SHIFT_WEIGHT,-0.01178661,-0.01824782,0.01125519,-0.08227324,0.07216946,0.31501039,-0.08510554,0.06771348,0.08871571,0.02114680,0.00343605,25.15408492,5.16098913,56.80358939,30.01562969,0.20528532,-0.43536582,1.23561897,0.20563324,-0.43791526,1.23219008,9.80306788,0.00000006
4.51000000,LIFT_LEG,-0.01177601,-0.01823643,0.01125285,-0.08226728,0.07216792,0.31501462,-0.08510020,0.06771230,0.08872275,0.02114368,0.00343292,25.15369392,5.19125579,56.77322274,30.01457320,0.20528631,-0.43537020,1.23560561,0.20563122,-0.43790415,1.23216530,9.79814471,0.00000006
4.52000000,LIFT_LEG,-0.01176475,-0.01822403,0.01125010,-0.08226012,0.07216551,0.31501904,-0.08509368,0.06771026,0.08873092,0.02114047,0.00342971,25.15382640,5.22081010,56.74190265,30.01189798,0.20528752,-0.43537454,1.23559279,0.20562910,-0.43789256,1.23213946,9.79298739,0.00000002
4.53000000,LIFT_LEG,-0.01175309,-0.01821079,0.01124701,-0.08225199,0.07216247,0.31502363,-0.08508621,0.06770760,0.08873999,0.02113725,0.00342649,25.15370610,5.24850829,56.71032016,30.00917856,0.20528927,-0.43537819,1.23558004,0.20562702,-0.43788110,1.23211391,9.78771183,0.00000003
4.54000000,LIFT_LEG,-0.01174129,-0.01819690,0.01124365,-0.08224315,0.07215902,0.31502831,-0.08507803,0.06770451,0.08874973,0.02113413,0.00342338,25.15433878,5.27343800,56.67919348,30.00671465,0.20529175,-0.43538095,1.23556741,0.20562507,-0.43787042,1.23209010,9.78243335,0.00000007
4.55000000,LIFT_LEG,-0.01172964,-0.01818257,0.01124007,-0.08223381,0.07215534,0.31503302,-0.08506935,0.06770117,0.08875992,0.02113124,0.00342048,25.15498343,5.29490134,56.64910073,30.00165836,0.20529505,-0.43538290,1.23555535,0.20562338,-0.43786116,1.23206944,9.77724636,0.00000004
4.56000000,LIFT_LEG,-0.01171836,-0.01816799,0.01123633,-0.08222418,0.07215160,0.31503765,-0.08506035,0.06769775,0.08877037,0.02112864,0.00341789,25.15765147,5.31261302,56.62072016,29.99725696,0.20529917,-0.43538428,1.23554457,0.20562206,-0.43785390,1.23205325,9.77226307,0.00000000
4.57000000,LIFT_LEG,-0.01170760,-0.01815330,0.01123248,-0.08221444,0.07214793,0.31504210,-0.08505122,0.06769436,0.08878092,0.02112642,0.00341566,25.16120075,5.32637988,56.59445779,29.99253890,0.20530408,-0.43538547,1.23553590,0.20562120,-0.43784917,1.23204270,9.76755654,0.00000000
4.58000000,LIFT_LEG,-0.01169747,-0.01813861,0.01122854,-0.08220473,0.07214442,0.31504625,-0.08504211,0.06769111,0.08879139,0.02112460,0.00341384,25.16650672,5.33582298,56.57066347,29.98804832,0.20530971,-0.43538696,1.23553041,0.20562094,-0.43784774,1.23203951,9.76319404,0.00000009
4.59000000,LIFT_LEG,-0.01168802,-0.01812402,0.01122451,-0.08219521,0.07214114,0.31504999,-0.08503314,0.06768806,0.08880165,0.02112320,0.00341244,25.17353276,5.34317485,56.54964715,29.98407628,0.20531593,-0.43538909,1.23552880,0.20562112,-0.43784876,1.23204179,9.75923288,0.00000010
4.60000000,LIFT_LEG,-0.01167920,-0.01810961,0.01122039,-0.08218599,0.07213814,0.31505322,-0.08502445,0.06768525,0.08881158,0.02112221,0.00341145,25.18242720,5.34483775,56.53139797,29.98102967,0.20532265,-0.43539238,1.23553212,0.20562217,-0.43785451,1.23205460,9.75568962,0.00000000
4.61000000,LIFT_LEG,-0.01167094,-0.01809543,0.01121614,-0.08217716,0.07213541,0.31505586,-0.08501612,0.06768270,0.08882108,0.02112164,0.00341088,25.19308265,5.34387113,56.51594295,29.97918104,0.20532974,-0.43539731,1.23554130,0.20562389,-0.43786397,1.23207571,9.75258043,0.00000000
4.62000000,LIFT_LEG,-0.01166310,-0.01808151,0.01121171,-0.08216881,0.07213295,0.31505785,-0.08500824,0.06768041,0.08883008,0.02112146,0.00341071,25.20536818,5.33965124,56.50313487,29.97880859,0.20533705,-0.43540428,1.23555711,0.20562640,-0.43787774,1.23210641,9.74989670,0.00000000
4.63000000,LIFT_LEG,-0.01165553,-0.01806789,0.01120705,-0.08216100,0.07213073,0.31505915,-0.08500086,0.06767834,0.08883851,0.02112167,0.00341091,25.21907557,5.33236460,56.49274196,29.98014344,0.20534443,-0.43541371,1.23558026,0.20562974,-0.43789603,1.23214720,9.74761570,0.00000000
4.64000000,LIFT_LEG,-0.01164802,-0.01805457,0.01120208,-0.08215377,0.07212870,0.31505973,-0.08499403,0.06767645,0.08884633,0.02112223,0.00341148,25.23395773,5.32219261,56.48445297,29.98337552,0.20535174,-0.43542597,1.23561139,0.20563393,-0.43791902,1.23219848,9.74570139,0.00000000
4.65000000,LIFT_LEG,-0.01164035,-0.01804157,0.01119671,-0.08214713,0.07212679,0.31505959,-0.08498778,0.06767470,0.08885353,0.02112314,0.00341238,25.24975364,5.30931872,56.47789625,29.98865404,0.20535882,-0.43544141,1.23565105,0.20563900,-0.43794687,1.23226057,9.74410699,0.00000000
4.66000000,LIFT_LEG,-0.01163228,-0.01802884,0.01119088,-0.08214110,0.07212495,0.31505875,-0.08498210,0.06767301,0.08886011,0.02112436,0.00341360,25.26621150,5.29393298,56.47265854,29.99608956,0.20536555,-0.43546035,1.23569971,0.20564498,-0.43797967,1.23233373,9.74277760,0.00000000
4.67000000,LIFT_LEG,-0.01162356,-0.01801634,0.01118448,-0.08213565,0.07212308,0.31505724,-0.08497700,0.06767132,0.08886609,0.02112588,0.00341512,25.28310777,5.27623474,56.46830299,30.00575665,0.20537179,-0.43548311,1.23575777,0.20565189,-0.43801753,1.23241817,9.74165269,0.00000000
4.68000000,LIFT_LEG,-0.01161397,-0.01800399,0.01117742,-0.08213076,0.07212111,0.31505508,-0.08497245,0.06766955,0.08887150,0.02112767,0.00341692,25.30001737,5.25644359,56.46439010,30.01802691,0.20537742,-0.43550994,1.23582557,0.20565972,-0.43806051,1.23251402,9.74066968,0.00000004
4.69000000,LIFT_LEG,-0.01160326,-0.01799170,0.01116964,-0.08212638,0.07211896,0.31505234,-0.08496839,0.06766763,0.08887641,0.02112972,0.00341896,25.31706274,5.23475096,56.46044899,30.03242735,0.20538236,-0.43554110,1.23590338,0.20566850,-0.43810866,1.23262139,9.73975932,0.00000008
4.70000000,LIFT_LEG,-0.01159120,-0.01797936,0.01116105,-0.08212244,0.07211655,0.31504906,-0.08496479,0.06766548,0.08888088,0.02113198,0.00342123,25.33483681,5.21139543,56.45612273,30.04843069,0.20538652,-0.43557685,1.23599144,0.20567823,-0.43816199,1.23274034,9.73886237,0.00000003
4.71000000,LIFT_LEG,-0.01157759,-0.01796683,0.01115160,-0.08211886,0.07211380,0.31504528,-0.08496156,0.06766304,0.08888502,0.02113445,0.00342369,25.35203325,5.18656696,56.45103377,30.06751900,0.20538986,-0.43561741,1.23608992,0.20568891,-0.43822054,1.23287091,9.73791620,0.00000000
4.72000000,LIFT_LEG,-0.01156225,-0.01795397,0.01114124,-0.08211557,0.07211063,0.31504106,-0.08495862,0.06766023,0.08888891,0.02113709,0.00342633,25.36954149,5.16049606,56.44470502,30.08822672,0.20539234,-0.43566298,1.23619897,0.20570055,-0.43828430,1.23301314,9.73685474,0.00000000
4.73000000,LIFT_LEG,-0.01154505,-0.01794058,0.01112992,-0.08211246,0.07210700,0.31503644,-0.08495590,0.06765699,0.08889265,0.02113987,0.00342912,25.38797851,5.13337395,56.43686965,30.11005035,0.20539394,-0.43571374,1.23631874,0.20571314,-0.43835329,1.23316702,9.73562626,0.00000006
4.74000000,LIFT_LEG,-0.01152584,-0.01792650,0.01111760,-0.08210942,0.07210283,0.31503148,-0.08495329,0.06765327,0.08889638,0.02114278,0.00343203,25.40607699,5.10536692,56.42729381,30.13466743,0.20539467,-0.43576987,1.23644931,0.20572669,-0.43842750,1.23333254,9.73418326,0.00000008
4.75000000,LIFT_LEG,-0.01150452,-0.01791154,0.01110429,-0.08210635,0.07209809,0.31502621,-0.08495069,0.06764903,0.08890020,0.02114580,0.00343504,25.42367259,5.07661217,56.41570854,30.16219826,0.20539458,-0.43583153,1.23659074,0.20574120,-0.43850694,1.23350972,9.73247808,0.00000000
4.76000000,LIFT_LEG,-0.01148104,-0.01789551,0.01108997,-0.08210315,0.07209274,0.31502067,-0.08494799,0.06764424,0.08890423,0.02114889,0.00343814,25.44294248,5.04724967,56.40192125,30.19022379,0.20539369,-0.43589887,1.23674309,0.20575667,-0.43859160,1.23369857,9.73047197,0.00000000
4.77000000,LIFT_LEG,-0.01145532,-0.01787825,0.01107465,-0.08209969,0.07208676,0.31501489,-0.08494511,0.06763886,0.08890859,0.02115206,0.00344130,25.46277726,5.01732567,56.38578960,30.22009680,0.20539211,-0.43597204,1.23690641,0.20577310,-0.43868149,1.23389910,9.72812872,0.00000000
4.78000000,LIFT_LEG,-0.01142733,-0.01785959,0.01105835,-0.08209587,0.07208011,0.31500891,-0.08494192,0.06763288,0.08891340,0.02115528,0.00344452,25.48359799,4.98690933,56.36718294,30.25141147,0.20538988,-0.43605116,1.23708071,0.20579049,-0.43877663,1.23411135,9.72541928,0.00000000
4.79000000,LIFT_LEG,-0.01139705,-0.01783937,0.01104107,-0.08209159,0.07207280,0.31500274,-0.08493835,0.06762628,0.08891876,0.02115854,0.00344779,25.50560242,4.95603413,56.34601208,30.28403056,0.20538710,-0.43613635,1.23726603,0.20580886,-0.43887704,1.23433535,9.72231935,0.00000000
4.80000000,LIFT_LEG,-0.01136450,-0.01781744,0.01102284,-0.08208675,0.07206481,0.31499641,-0.08493429,0.06761906,0.08892477,0.02116185,0.00345110,25.52897723,4.92471111,56.32221899,30.31782562,0.20538385,-0.43622771,1.23746238,0.20582819,-0.43898272,1.23457113,9.71880946,0.00000000
4.81000000,LIFT_LEG,-0.01132968,-0.01779366,0.01100368,-0.08208127,0.07205615,0.31498993,-0.08492966,0.06761122,0.08893154,0.02116520,0.00345445,25.55389559,4.89293152,56.29577403,30.35268019,0.20538022,-0.43632530,1.23766980,0.20584851,-0.43909371,1.23481876,9.71487479,0.00000000
4.82000000,LIFT_LEG,-0.01129261,-0.01776792,0.01098360,-0.08207506,0.07204682,0.31498331,-0.08492439,0.06760276,0.08893912,0.02116859,0.00345783,25.58051295,4.86067023,56.26667230,30.38849255,0.20537630,-0.43642922,1.23788830,0.20586981,-0.43921003,1.23507829,9.71050484,0.00000000
4.83000000,LIFT_LEG,-0.01125332,-0.01774010,0.01096262,-0.08206805,0.07203683,0.31497656,-0.08491840,0.06759369,0.08894761,0.02117202,0.00346126,25.60896382,4.82788930,56.23493002,30.42517791,0.20537215,-0.43653949,1.23811790,0.20589210,-0.43933170,1.23534978,9.70569305,0.00000000
4.84000000,LIFT_LEG,-0.01121184,-0.01771012,0.01094075,-0.08206018,0.07202620,0.31496969,-0.08491163,0.06758402,0.08895707,0.02117549,0.00346474,25.63935976,4.79454150,56.20058104,30.46266991,0.20536786,-0.43665618,1.23835864,0.20591539,-0.43945875,1.23563329,9.70043640,0.00000000
4.85000000,LIFT_LEG,-0.01116821,-0.01767792,0.01091799,-0.08205140,0.07201494,0.31496269,-0.08490405,0.06757376,0.08896754,0.02117902,0.00346826,25.67178822,4.76057348,56.16367366,30.50092138,0.20536349,-0.43677929,1.23861054,0.20593968,-0.43959120,1.23592888,9.69473508,0.00000000
4.86000000,LIFT_LEG,-0.01112244,-0.01764344,0.01089434,-0.08204166,0.07200306,0.31495557,-0.08489560,0.06756294,0.08897906,0.02118259,0.00347184,25.70631221,4.72592852,56.12426776,30.53990450,0.20535909,-0.43690886,1.23887363,0.20596499,-0.43972910,1.23623663,9.68859208,0.00000000
4.87000000,LIFT_LEG,-0.01107458,-0.01760664,0.01086980,-0.08203095,0.07199058,0.31494831,-0.08488626,0.06755155,0.08899167,0.02118623,0.00347547,25.74297075,4.69054871,56.08243212,30.57961016,0.20535472,-0.43704487,1.23914794,0.20599130,-0.43987246,1.23655659,9.68201279,0.00000000
4.88000000,LIFT_LEG,-0.01102465,-0.01756751,0.01084436,-0.08201923,0.07197751,0.31494092,-0.08487601,0.06753963,0.08900538,0.02118993,0.00347918,25.78177999,4.65437675,56.03824218,30.62004683,0.20535041,-0.43718733,1.23943351,0.20601865,-0.44002130,1.23688881,9.67500471,0.00000000
4.89000000,LIFT_LEG,-0.01097266,-0.01752604,0.01081799,-0.08200651,0.07196386,0.31493337,-0.08486483,0.06752717,0.08902020,0.02119371,0.00348296,25.82273488,4.61735725,55.99177790,30.66123886,0.20534619,-0.43733621,1.23973038,0.20604702,-0.44017565,1.23723334,9.66757709,0.00000000
4.90000000,LIFT_LEG,-0.01091864,-0.01748223,0.01079068,-0.08199277,0.07194965,0.31492566,-0.08485273,0.06751419,0.08903612,0.02119757,0.00348681,25.86581126,4.57943767,55.94312209,30.70322431,0.20534207,-0.43749149,1.24003858,0.20607642,-0.44033553,1.23759024,9.65974060,0.00000000
4.91000000,LIFT_LEG,-0.01086260,-0.01743612,0.01076240,-0.08197803,0.07193489,0.31491777,-0.08483970,0.06750070,0.08905316,0.02120151,0.00349075,25.91096834,4.54056896,55.89235886,30.74605263,0.20533807,-0.43765312,1.24035815,0.20610686,-0.44050094,1.23795952,9.65150707,0.00000000
4.92000000,LIFT_LEG,-0.01080456,-0.01738773,0.01073314,-0.08196230,0.07191959,0.31490970,-0.08482577,0.06748671,0.08907127,0.02120554,0.00349479,25.95815136,4.50070597,55.83957235,30.78978200,0.20533419,-0.43782108,1.24068910,0.20613835,-0.44067191,1.23834122,9.64288919,0.00000000
4.93000000,LIFT_LEG,-0.01074452,-0.01733710,0.01070287,-0.08194560,0.07190375,0.31490143,-0.08481095,0.06747222,0.08909045,0.02120967,0.00349891,26.00729431,4.45980774,55.78484576,30.83447672,0.20533043,-0.43799530,1.24103147,0.20617087,-0.44084842,1.23873535,9.63390030,0.00000000
4.94000000,LIFT_LEG,-0.01068248,-0.01728429,0.01067155,-0.08192795,0.07188737,0.31489293,-0.08479526,0.06745724,0.08911067,0.02121390,0.00350315,26.05832279,4.41783758,55.72826047,30.88020459,0.20532677,-0.43817574,1.24138528,0.20620445,-0.44103049,1.23914191,9.62455412,0.00000000
4.95000000,LIFT_LEG,-0.01061847,-0.01722934,0.01063918,-0.08190940,0.07187047,0.31488421,-0.08477873,0.06744178,0.08913189,0.02121824,0.00350748,26.11115659,4.37476317,55.66989541,30.92703438,0.20532320,-0.43836235,1.24175053,0.20623907,-0.44121811,1.23956089,9.61486462,0.00000000
4.96000000,LIFT_LEG,-0.01055248,-0.01717231,0.01060572,-0.08188997,0.07185305,0.31487523,-0.08476140,0.06742584,0.08915408,0.02122269,0.00351193,26.16571225,4.33055655,55.60982658,30.97503354,0.20531971,-0.43855506,1.24212723,0.20627474,-0.44141127,1.23999227,9.60484576,0.00000000
4.97000000,LIFT_LEG,-0.01048451,-0.01711328,0.01057116,-0.08186970,0.07183510,0.31486600,-0.08474330,0.06740942,0.08917720,0.02122725,0.00351649,26.22190533,4.28519414,55.54812664,31.02426611,0.20531628,-0.43875381,1.24251536,0.20631146,-0.44160994,1.24043603,9.59451136,0.00000000
4.98000000,LIFT_LEG,-0.01041458,-0.01705229,0.01053548,-0.08184863,0.07181663,0.31485649,-0.08472446,0.06739251,0.08920121,0.02123193,0.00352117,26.27965234,4.23865674,55.48486467,31.07479089,0.20531289,-0.43895855,1.24291492,0.20634923,-0.44181412,1.24089211,9.58387498,0.00000000
4.99000000,LIFT_LEG,-0.01034268,-0.01698943,0.01049868,-0.08182680,0.07179764,0.31484670,-0.08470493,0.06737513,0.08922607,0.02123673,0.00352598,26.33887243,4.19092949,55.42010597,31.12665993,0.20530952,-0.43916921,1.24332585,0.20638804,-0.44202377,1.24136045,9.57294975,0.00000001
5.00000000,LIFT_LEG,-0.01026885,-0.01692475,0.01046075,-0.08180426,0.07177813,0.31483660,-0.08468475,0.06735727,0.08925174,0.02124166,0.00353090,26.39948877,4.14200189,55.35391193,31.17991736,0.20530614,-0.43938575,1.24374814,0.20642789,-0.44223886,1.24184099,9.56174831,0.00000001
5.01000000,LIFT_LEG,-0.01019307,-0.01685831,0.01042169,-0.08178104,0.07175811,0.31482620,-0.08466394,0.06733894,0.08927817,0.02124671,0.00353596,26.46142946,4.09186778,55.28634000,31.23459846,0.20530274,-0.43960808,1.24418170,0.20646877,-0.44245935,1.24233364,9.55028266,0.00000001
5.02000000,LIFT_LEG,-0.01011538,-0.01679019,0.01038151,-0.08175718,0.07173756,0.31481548,-0.08464255,0.06732014,0.08930534,0.02125190,0.00354114,26.52462830,4.04052537,55.21744366,31.29072908,0.20529931,-0.43983617,1.24462649,0.20651068,-0.44268519,1.24283830,9.53856416,0.00000001
5.03000000,LIFT_LEG,-0.01003578,-0.01672043,0.01034021,-0.08173273,0.07171651,0.31480444,-0.08462062,0.06730086,0.08933320,0.02125721,0.00354645,26.58902513,3.98797717,55.14727244,31.34832536,0.20529581,-0.44006994,1.24508240,0.20655362,-0.44291633,1.24335486,9.52660339,0.00000001
5.04000000,LIFT_LEG,-0.00995431,-0.01664910,0.01029780,-0.08170771,0.07169494,0.31479307,-0.08459818,0.06728111,0.08936172,0.02126266,0.00355190,26.65456597,3.93422998,55.07587200,31.40739364,0.20529225,-0.44030935,1.24554935,0.20659757,-0.44315271,1.24388318,9.51441021,0.00000001
5.05000000,LIFT_LEG,-0.00987098,-0.01657625,0.01025431,-0.08168216,0.07167287,0.31478137,-0.08457525,0.06726090,0.08939087,0.02126824,0.00355749,26.72120286,3.87929484,55.00328427,31.46793072,0.20528860,-0.44055434,1.24602722,0.20664252,-0.44339428,1.24442315,9.50199364,0.00000001
5.06000000,LIFT_LEG,-0.00978582,-0.01650192,0.01020976,-0.08165612,0.07165030,0.31476933,-0.08455188,0.06724022,0.08942061,0.02127397,0.00356321,26.78889362,3.82318696,54.92954757,31.52992419,0.20528486,-0.44080485,1.24651589,0.20668847,-0.44364095,1.24497459,9.48936192,0.00000001
5.07000000,LIFT_LEG,-0.00969887,-0.01642617,0.01016416,-0.08162960,0.07162723,0.31475696,-0.08452808,0.06721909,0.08945091,0.02127983,0.00356907,26.85760133,3.76592557,54.85469682,31.59335301,0.20528102,-0.44106082,1.24701522,0.20673540,-0.44389265,1.24553734,9.47652251,0.00000001
5.08000000,LIFT_LEG,-0.00961016,-0.01634904,0.01011755,-0.08160265,0.07160368,0.31474425,-0.08450388,0.06719751,0.08948176,0.02128582,0.00357507,26.92729378,3.70753380,54.77876377,31.65818823,0.20527707,-0.44132219,1.24752505,0.20678330,-0.44414931,1.24611123,9.46348208,0.00000001
5.09000000,LIFT_LEG,-0.00951972,-0.01627057,0.01006996,-0.08157527,0.07157964,0.31473120,-0.08447931,0.06717549,0.08951313,0.02129196,0.00358121,26.99794279,3.64803851,54.70177730,31.72439378,0.20527301,-0.44158891,1.24804523,0.20683216,-0.44441083,1.24669606,9.45024662,0.00000001
5.10000000,LIFT_LEG,-0.00942759,-0.01619078,0.01002141,-0.08154749,0.07155514,0.31471783,-0.08445437,0.06715304,0.08954500,0.02129824,0.00358749,27.06952351,3.58747003,54.62376371,31.79192732,0.20526884,-0.44186091,1.24857558,0.20688196,-0.44467712,1.24729163,9.43682141,0.00000001
5.11000000,LIFT_LEG,-0.00933382,-0.01610973,0.00997195,-0.08151933,0.07153018,0.31470413,-0.08442910,0.06713015,0.08957735,0.02130466,0.00359391,27.14201372,3.52586195,54.54474711,31.86074115,0.20526455,-0.44213813,1.24911590,0.20693269,-0.44494808,1.24789772,9.42321118,0.00000001
5.12000000,LIFT_LEG,-0.00923844,-0.01602744,0.00992159,-0.08149081,0.07150476,0.31469012,-0.08440351,0.06710686,0.08961016,0.02131123,0.00360047,27.21539308,3.46325081,54.46474979,31.93078316,0.20526016,-0.44242050,1.24966601,0.20698433,-0.44522361,1.24851410,9.40942009,0.00000001
5.13000000,LIFT_LEG,-0.00914151,-0.01594393,0.00987037,-0.08146193,0.07147891,0.31467579,-0.08437760,0.06708316,0.08964343,0.02131793,0.00360718,27.28964250,3.39967577,54.38379261,32.00199767,0.20525565,-0.44270795,1.25022569,0.20703686,-0.44550360,1.24914053,9.39545189,0.00000001
5.14000000,LIFT_LEG,-0.00904305,-0.01585925,0.00981833,-0.08143271,0.07145263,0.31466116,-0.08435139,0.06705906,0.08967714,0.02132478,0.00361403,27.36474347,3.33517831,54.30189549,32.07432638,0.20525105,-0.44300040,1.25079473,0.20709027,-0.44578794,1.24977676,9.38130999,0.00000001
5.15000000,LIFT_LEG,-0.00894313,-0.01577340,0.00976549,-0.08140316,0.07142594,0.31464624,-0.08432488,0.06703459,0.08971129,0.02133178,0.00362102,27.44067749,3.26980188,54.21907783,32.14770909,0.20524634,-0.44329777,1.25137288,0.20714453,-0.44607650,1.25042254,9.36699752,0.00000001
5.16000000,LIFT_LEG,-0.00884179,-0.01568643,0.00971190,-0.08137328,0.07139885,0.31463104,-0.08429810,0.06700974,0.08974585,0.02133892,0.00362816,27.51742558,3.20359148,54.13535892,32.22208456,0.20524156,-0.44359998,1.25195993,0.20719963,-0.44636917,1.25107760,9.35251750,0.00000001
5.17000000,LIFT_LEG,-0.00873908,-0.01559836,0.00965758,-0.08134309,0.07137138,0.31461556,-0.08427103,0.06698454,0.08978083,0.02134620,0.00363544,27.59496782,3.13659337,54.05075847,32.29739107,0.20523669,-0.44390692,1.25255562,0.20725554,-0.44666582,1.25174165,9.33787284,0.00000001
5.18000000,LIFT_LEG,-0.00863505,-0.01550920,0.00960255,-0.08131260,0.07134354,0.31459982,-0.08424370,0.06695900,0.08981622,0.02135363,0.00364287,27.67328302,3.06885466,53.96529696,32.37356712,0.20523175,-0.44421851,1.25315970,0.20731224,-0.44696632,1.25241442,9.32306654,0.00000001
5.19000000,LIFT_LEG,-0.00852974,-0.01541900,0.00954685,-0.08128180,0.07131534,0.31458384,-0.08421609,0.06693313,0.08985201,0.02136120,0.00365045,27.75234838,3.00042301,53.87899610,32.45055183,0.20522675,-0.44453465,1.25377191,0.20736971,-0.44727055,1.25309561,9.30810169,0.00000001
5.20000000,LIFT_LEG,-0.00842321,-0.01532777,0.00949051,-0.08125070,0.07128679,0.31456761,-0.08418823,0.06690694,0.08988819,0.02136892,0.00365817,27.83213926,2.93134627,53.79187915,32.52828545,0.20522170,-0.44485521,1.25439200,0.20742794,-0.44757836,1.25378492,9.29298160,0.00000001
5.21000000,LIFT_LEG,-0.00831552,-0.01523555,0.00943355,-0.08121932,0.07125793,0.31455116,-0.08416012,0.06688045,0.08992476,0.02137680,0.00366604,27.91262907,2.86167225,53.70397133,32.60670962,0.20521662,-0.44518010,1.25501968,0.20748688,-0.44788961,1.25448205,9.27770988,0.00000001
5.22000000,LIFT_LEG,-0.00820670,-0.01514236,0.00937600,-0.08118766,0.07122875,0.31453449,-0.08413175,0.06685367,0.08996171,0.02138482,0.00367406,27.99378906,2.79144838,53.61530003,32.68576764,0.20521151,-0.44550918,1.25565469,0.20754652,-0.44820418,1.25518670,9.26229048,0.00000001
5.23000000,LIFT_LEG,-0.00809682,-0.01504823,0.00931789,-0.08115572,0.07119928,0.31451762,-0.08410315,0.06682662,0.08999902,0.02139299,0.00368224,28.07558835,2.72072157,53.52589513,32.76540463,0.20520640,-0.44584233,1.25629675,0.20760684,-0.44852192,1.25589854,9.24672778,0.00000001
5.24000000,LIFT_LEG,-0.00798593,-0.01495321,0.00925923,-0.08112351,0.07116953,0.31450056,-0.08407430,0.06679932,0.09003670,0.02140132,0.00369057,28.15799381,2.64953801,53.43578913,32.84556763,0.20520128,-0.44617941,1.25694558,0.20766782,-0.44884268,1.25661727,9.23102659,0.00000001
5.25000000,LIFT_LEG,-0.00787408,-0.01485732,0.00920005,-0.08109105,0.07113952,0.31448332,-0.08404523,0.06677177,0.09007473,0.02140981,0.00369905,28.24097015,2.57794299,53.34501733,32.92620558,0.20519619,-0.44652030,1.25760089,0.20772941,-0.44916633,1.25734256,9.21519226,0.00000001
5.26000000,LIFT_LEG,-0.00776133,-0.01476060,0.00914038,-0.08105834,0.07110927,0.31446591,-0.08401595,0.06674399,0.09011310,0.02141846,0.00370770,28.32447991,2.50598089,53.25361786,33.00726935,0.20519112,-0.44686485,1.25826239,0.20779161,-0.44949271,1.25807409,9.19923062,0.00000001
5.27000000,LIFT_LEG,-0.00764774,-0.01466309,0.00908023,-0.08102539,0.07107878,0.31444834,-0.08398645,0.06671600,0.09015179,0.02142727,0.00371651,28.40848355,2.43369508,53.16163179,33.08871158,0.20518610,-0.44721292,1.25892980,0.20785438,-0.44982168,1.25881154,9.18314808,0.00000001
5.28000000,LIFT_LEG,-0.00753336,-0.01456483,0.00901963,-0.08099222,0.07104808,0.31443063,-0.08395675,0.06668781,0.09019080,0.02143625,0.00372549,28.49293950,2.36112792,53.06910304,33.17048661,0.20518115,-0.44756434,1.25960283,0.20791770,-0.45015310,1.25955458,9.16695156,0.00000001
5.29000000,LIFT_LEG,-0.00741825,-0.01446587,0.00895860,-0.08095883,0.07101718,0.31441277,-0.08392687,0.06665944,0.09023010,0.02144540,0.00373464,28.57780429,2.28832082,52.97607835,33.25255025,0.20517627,-0.44791898,1.26028118,0.20798155,-0.45048681,1.26030288,9.15064855,0.00000001
5.30000000,LIFT_LEG,-0.00730246,-0.01436626,0.00889716,-0.08092525,0.07098611,0.31439479,-0.08389682,0.06663091,0.09026968,0.02145473,0.00374397,28.66303263,2.21531427,52.88260716,33.33485965,0.20517148,-0.44827666,1.26096456,0.20804589,-0.45082268,1.26105612,9.13424704,0.00000001
5.31000000,LIFT_LEG,-0.00718607,-0.01426604,0.00883533,-0.08089149,0.07095487,0.31437670,-0.08386661,0.06660222,0.09030953,0.02146424,0.00375348,28.74857751,2.14214801,52.78874147,33.41737302,0.20516679,-0.44863724,1.26165268,0.20811070,-0.45116055,1.26181397,9.11775555,0.00000001
5.32000000,LIFT_LEG,-0.00706913,-0.01416527,0.00877315,-0.08085757,0.07092349,0.31435849,-0.08383625,0.06657340,0.09034962,0.02147394,0.00376318,28.83439036,2.06886108,52.69453570,33.50004944,0.20516223,-0.44900055,1.26234524,0.20817595,-0.45150027,1.26257611,9.10118306,0.00000001
5.33000000,LIFT_LEG,-0.00695170,-0.01406399,0.00871062,-0.08082351,0.07089197,0.31434019,-0.08380577,0.06654446,0.09038994,0.02148384,0.00377308,28.92042110,1.99549202,52.60004642,33.58284860,0.20515781,-0.44936642,1.26304195,0.20824162,-0.45184171,1.26334219,9.08453901,0.00000001
5.34000000,LIFT_LEG,-0.00683384,-0.01396227,0.00864777,-0.08078932,0.07086035,0.31432180,-0.08377518,0.06651541,0.09043046,0.02149393,0.00378318,29.00661832,1.92207903,52.50533221,33.66573059,0.20515354,-0.44973469,1.26374252,0.20830768,-0.45218471,1.26411191,9.06783326,0.00000001
5.35000000,LIFT_LEG,-0.00671562,-0.01386016,0.00858464,-0.08075503,0.07082864,0.31430332,-0.08374450,0.06648628,0.09047115,0.02150424,0.00379349,29.09292915,1.84869716,52.41045363,33.74865539,0.20514944,-0.45010519,1.26444665,0.20837410,-0.45252912,1.26488492,9.05107603,0.00000001
5.36000000,LIFT_LEG,-0.00659712,-0.01375772,0.00852123,-0.08072065,0.07079685,0.31428478,-0.08371375,0.06645708,0.09051200,0.02151478,0.00380403,29.17927532,1.77580560,52.31549786,33.83156420,0.20514555,-0.45047777,1.26515413,0.20844086,-0.45287481,1.26566092,9.03428086,0.00000001
5.37000000,LIFT_LEG,-0.00647842,-0.01365504,0.00845759,-0.08068623,0.07076500,0.31426617,-0.08368295,0.06642783,0.09055298,0.02152560,0.00381484,29.26553615,1.70339487,52.22057697,33.91437955,0.20514190,-0.45085228,1.26586476,0.20850794,-0.45322165,1.26643963,9.01746355,0.00000001
5.38000000,LIFT_LEG,-0.00635964,-0.01355221,0.00839375,-0.08065177,0.07073312,0.31424752,-0.08365213,0.06639855,0.09059406,0.02153674,0.00382599,29.35160492,1.63129925,52.12577566,33.99703134,0.20513856,-0.45122854,1.26657833,0.20857530,-0.45356954,1.26722081,9.00063695,0.00000001
5.39000000,LIFT_LEG,-0.00624087,-0.01344932,0.00832975,-0.08061731,0.07070123,0.31422885,-0.08362131,0.06636926,0.09063521,0.02154825,0.00383750,29.43739723,1.55942073,52.03116378,34.07945296,0.20513558,-0.45160637,1.26729457,0.20864294,-0.45391835,1.26800419,8.98381334,0.00000001
5.40000000,LIFT_LEG,-0.00612220,-0.01334647,0.00826563,-0.08058288,0.07066936,0.31421016,-0.08359052,0.06633997,0.09067639,0.02156016,0.00384941,29.52284941,1.48771668,51.93680637,34.16158426,0.20513299,-0.45198559,1.26801319,0.20871084,-0.45426797,1.26878951,8.96700521,0.00000001
5.41000000,LIFT_LEG,-0.00600371,-0.01324372,0.00820145,-0.08054850,0.07063753,0.31419147,-0.08355978,0.06631073,0.09071757,0.02157250,0.00386175,29.60791377,1.41618326,51.84276933,34.24337370,0.20513082,-0.45236603,1.26873392,0.20877895,-0.45461825,1.26957646,8.95022536,0.00000001
5.42000000,LIFT_LEG,-0.00588548,-0.01314115,0.00813725,-0.08051421,0.07060576,0.31417279,-0.08352912,0.06628153,0.09075872,0.02158529,0.00387454,29.69255305,1.34484104,51.74912145,34.32477852,0.20512911,-0.45274750,1.26945650,0.20884727,-0.45496908,1.27036475,8.93348690,0.00000001
5.43000000,LIFT_LEG,-0.00576758,-0.01303881,0.00807306,-0.08048003,0.07057407,0.31415413,-0.08349857,0.06625241,0.09079981,0.02159855,0.00388780,29.77673564,1.27372400,51.65593416,34.40576332,0.20512785,-0.45312983,1.27018064,0.20891575,-0.45532030,1.27115405,8.91680299,0.00000001
5.44000000,LIFT_LEG,-0.00565010,-0.01293678,0.00800894,-0.08044598,0.07054248,0.31413551,-0.08346814,0.06622339,0.09084081,0.02161229,0.00390153,29.86043184,1.20287178,51.56327985,34.48629799,0.20512708,-0.45351284,1.27090607,0.20898438,-0.45567177,1.27194406,8.90018670,0.00000001
5.45000000,LIFT_LEG,-0.00553310,-0.01283511,0.00794491,-0.08041211,0.07051102,0.31411692,-0.08343787,0.06619447,0.09088169,0.02162652,0.00391576,29.94361145,1.13232454,51.47122991,34.56635557,0.20512681,-0.45389634,1.27163250,0.20905313,-0.45602336,1.27273443,8.88365072,0.00000001
5.46000000,LIFT_LEG,-0.00541665,-0.01273387,0.00788102,-0.08037841,0.07047970,0.31409837,-0.08340777,0.06616569,0.09092242,0.02164125,0.00393049,30.02624246,1.06211995,51.37985289,34.64591061,0.20512704,-0.45428016,1.27235968,0.20912197,-0.45637490,1.27352485,8.86720723,0.00000001
5.47000000,LIFT_LEG,-0.00530082,-0.01263311,0.00781731,-0.08034494,0.07044855,0.31407987,-0.08337787,0.06613706,0.09096298,0.02165648,0.00394572,30.10829048,0.99229143,51.28921301,34.72493806,0.20512778,-0.45466411,1.27308729,0.20919087,-0.45672626,1.27431499,8.85086774,0.00000001
5.48000000,LIFT_LEG,-0.00518567,-0.01253290,0.00775380,-0.08031169,0.07041758,0.31406143,-0.08334818,0.06610859,0.09100333,0.02167222,0.00396147,30.18971901,0.92286750,51.19936917,34.80341277,0.20512904,-0.45504801,1.27381508,0.20925980,-0.45707730,1.27510452,8.83464297,0.00000001
5.49000000,LIFT_LEG,-0.00507125,-0.01243329,0.00769055,-0.08027870,0.07038680,0.31404305,-0.08331873,0.06608030,0.09104346,0.02168848,0.00397773,30.27049007,0.85387163,51.11037441,34.88130942,0.20513083,-0.45543166,1.27454273,0.20932873,-0.45742785,1.27589309,8.81854279,0.00000001
5.50000000,LIFT_LEG,-0.00495764,-0.01233433,0.00762758,-0.08024599,0.07035623,0.31402474,-0.08328953,0.06605220,0.09108334,0.02170526,0.00399450,30.35056525,0.78532243,51.02227560,34.95860282,0.20513315,-0.45581490,1.27526996,0.20939763,-0.45777777,1.27668038,8.80257621,0.00000001
5.51000000,LIFT_LEG,-0.00484488,-0.01223608,0.00756492,-0.08021357,0.07032589,0.31400651,-0.08326060,0.06602430,0.09112295,0.02172254,0.00401179,30.42990688,0.71723403,50.93511350,35.03526837,0.20513599,-0.45619753,1.27599645,0.20946648,-0.45812691,1.27746603,8.78675130,0.00000001
5.52000000,LIFT_LEG,-0.00473301,-0.01213859,0.00750261,-0.08018147,0.07029579,0.31398835,-0.08323196,0.06599663,0.09116226,0.02174034,0.00402958,30.50847932,0.64961645,50.84892279,35.11128265,0.20513936,-0.45657935,1.27672191,0.20953523,-0.45847511,1.27824971,8.77107529,0.00000001
5.53000000,LIFT_LEG,-0.00462210,-0.01204190,0.00744067,-0.08014969,0.07026594,0.31397029,-0.08320363,0.06596919,0.09120125,0.02175863,0.00404788,30.58625018,0.58247595,50.76373232,35.18662401,0.20514325,-0.45696018,1.27744601,0.20960387,-0.45882222,1.27903106,8.75555449,0.00000001
5.54000000,LIFT_LEG,-0.00451217,-0.01194607,0.00737914,-0.08011826,0.07023636,0.31395233,-0.08317561,0.06594199,0.09123991,0.02177742,0.00406666,30.66319144,0.51581535,50.67956528,35.26127321,0.20514765,-0.45733984,1.27816843,0.20967235,-0.45916808,1.27980972,8.74019435,0.00000001
5.55000000,LIFT_LEG,-0.00440327,-0.01185112,0.00731805,-0.08008718,0.07020705,0.31393447,-0.08314791,0.06591504,0.09127822,0.02179668,0.00408592,30.73928035,0.44963425,50.59643937,35.33521394,0.20515254,-0.45771812,1.27888884,0.20974065,-0.45951253,1.28058533,8.72499945,0.00000001
5.56000000,LIFT_LEG,-0.00429542,-0.01175709,0.00725743,-0.08005647,0.07017802,0.31391672,-0.08312055,0.06588836,0.09131616,0.02181640,0.00410564,30.81450018,0.38392930,50.51436695,35.40843330,0.20515791,-0.45809483,1.27960689,0.20980873,-0.45985541,1.28135751,8.70997352,0.00000001
5.57000000,LIFT_LEG,-0.00418866,-0.01166400,0.00719729,-0.08002614,0.07014929,0.31389910,-0.08309354,0.06586194,0.09135372,0.02183655,0.00412579,30.88884064,0.31869443,50.43335515,35.48092217,0.20516374,-0.45846978,1.28032223,0.20987655,-0.46019654,1.28212589,8.69511942,0.00000001
5.58000000,LIFT_LEG,-0.00408302,-0.01157189,0.00713767,-0.07999619,0.07012085,0.31388160,-0.08306687,0.06583579,0.09139089,0.02185711,0.00414636,30.96223049,0.26029559,50.35346822,35.55258942,0.20517002,-0.45884313,1.28103479,0.20994409,-0.46053576,1.28289010,8.68044689,0.00000001
5.59000000,LIFT_LEG,-0.00397908,-0.01148096,0.00707857,-0.07996666,0.07009275,0.31386429,-0.08304061,0.06580994,0.09142761,0.02187833,0.00416758,31.03360845,0.21473999,50.27510077,35.62096757,0.20517729,-0.45921904,1.28174593,0.21001136,-0.46087321,1.28365044,8.66602407,0.00000001
5.60000000,LIFT_LEG,-0.00387743,-0.01139141,0.00701987,-0.07993767,0.07006506,0.31384728,-0.08301486,0.06578447,0.09146378,0.02190028,0.00418952,31.10281505,0.16783539,50.19772075,35.68540475,0.20518600,-0.45959908,1.28245415,0.21007842,-0.46120913,1.28440746,8.65179224,0.00000001
5.61000000,LIFT_LEG,-0.00377808,-0.01130330,0.00696133,-0.07990931,0.07003786,0.31383066,-0.08298971,0.06575943,0.09149931,0.02192293,0.00421218,31.16984009,0.11983225,50.12131369,35.74629588,0.20519616,-0.45998227,1.28315832,0.21014524,-0.46154341,1.28516088,8.63775496,0.00000001
5.62000000,LIFT_LEG,-0.00368101,-0.01121684,0.00690276,-0.07988171,0.07001122,0.31381449,-0.08296529,0.06573489,0.09153414,0.02194641,0.00423565,31.23325828,0.08537566,50.04640676,35.80423281,0.20520641,-0.46036833,1.28386003,0.21021179,-0.46187589,1.28591039,8.62395837,0.00000001
5.63000000,LIFT_LEG,-0.00358609,-0.01113264,0.00684433,-0.07985499,0.06998525,0.31379886,-0.08294170,0.06571099,0.09156816,0.02197107,0.00426031,31.29187987,0.06165777,49.97294761,35.85915276,0.20521591,-0.46075670,1.28456122,0.21027809,-0.46220664,1.28665612,8.61036817,0.00000001
5.64000000,LIFT_LEG,-0.00349536,-0.01105102,0.00678559,-0.07982932,0.06996005,0.31378384,-0.08291909,0.06568776,0.09160122,0.02199871,0.00428795,31.34917585,0.03988264,49.90539131,35.90542983,0.20523417,-0.46114766,1.28526055,0.21034429,-0.46253648,1.28739990,8.59769073,0.00000001
5.65000000,LIFT_LEG,-0.00340939,-0.01097070,0.00672520,-0.07980490,0.06993562,0.31376939,-0.08289781,0.06566522,0.09163301,0.02202472,0.00431396,31.40992792,0.00000000,49.83224148,35.93720085,0.20525901,-0.46156719,1.28593760,0.21041037,-0.46286531,1.28814152,8.58466948,0.00000001
5.66000000,LIFT_LEG,-0.00332864,-0.01089179,0.00666113,-0.07978203,0.06991195,0.31375548,-0.08287795,0.06564336,0.09166368,0.02205670,0.00434594,31.46328796,0.00000000,49.77479372,35.97012634,0.20529395,-0.46197318,1.28663156,0.21047623,-0.46319263,1.28887985,8.57360184,0.00000001
5.67000000,LIFT_LEG,-0.00325528,-0.01082014,0.00659515,-0.07976071,0.06988915,0.31374234,-0.08285937,0.06562225,0.09169315,0.02209960,0.00438884,31.50214119,0.00000000,49.73435493,36.00791691,0.20533994,-0.46234721,1.28734409,0.21054264,-0.46352220,1.28962337,8.56412717,0.00000001
5.68000000,LIFT_LEG,-0.00318978,-0.01075902,0.00652977,-0.07974094,0.06986741,0.31373032,-0.08284205,0.06560205,0.09172094,0.02215333,0.00444258,31.52729206,0.00000000,49.70511141,36.04463113,0.20539491,-0.46270019,1.28807239,0.21060996,-0.46385587,1.29037627,8.55577497,0.00000008
5.69000000,LIFT_LEG,-0.00313214,-0.01070882,0.00646719,-0.07972279,0.06984694,0.31371972,-0.08282609,0.06558295,0.09174658,0.02221687,0.00450612,31.53828841,0.00000000,49.68258468,36.07919831,0.20545657,-0.46304289,1.28881405,0.21067823,-0.46419377,1.29113883,8.54833642,0.00000001
5.70000000,LIFT_LEG,-0.00308220,-0.01066835,0.00640910,-0.07970635,0.06982795,0.31371076,-0.08281161,0.06556516,0.09176982,0.02228901,0.00457825,31.53982868,0.00000000,49.66390516,36.10654040,0.20552290,-0.46338205,1.28956694,0.21074729,-0.46453514,1.29190934,8.54169510,0.00000001
5.71000000,LIFT_LEG,-0.00303981,-0.01063599,0.00635682,-0.07969166,0.06981062,0.31370353,-0.08279869,0.06554884,0.09179056,0.02236857,0.00465781,31.53379331,0.00000000,49.64770562,36.12631044,0.20559228,-0.46372116,1.29032892,0.21081694,-0.46487895,1.29268550,8.53580426,0.00000001
5.72000000,LIFT_LEG,-0.00300479,-0.01061027,0.00631128,-0.07967876,0.06979510,0.31369802,-0.08278736,0.06553415,0.09180882,0.02245452,0.00474376,31.52240641,0.00000000,49.63375763,36.13853146,0.20566351,-0.46406163,1.29109783,0.21088698,-0.46522423,1.29346511,8.53066959,0.00000001
5.73000000,LIFT_LEG,-0.00297694,-0.01059002,0.00627314,-0.07966761,0.06978152,0.31369412,-0.08277764,0.06552120,0.09182473,0.02254594,0.00483519,31.50751027,0.00000000,49.62248905,36.14385254,0.20573575,-0.46440372,1.29187166,0.21095726,-0.46557016,1.29424631,8.52632737,0.00000001
5.74000000,LIFT_LEG,-0.00295603,-0.01057447,0.00624274,-0.07965816,0.06976996,0.31369166,-0.08276947,0.06551009,0.09183843,0.02264208,0.00493133,31.49027614,0.00000000,49.61461530,36.14362029,0.20580846,-0.46474713,1.29264860,0.21102763,-0.46591609,1.29502765,8.52282550,0.00000001
5.75000000,LIFT_LEG,-0.00294181,-0.01056306,0.00622015,-0.07965034,0.06976047,0.31369042,-0.08276279,0.06550087,0.09185004,0.02274226,0.00503151,31.47338581,0.00000000,49.61077961,36.13691113,0.20588130,-0.46509126,1.29342711,0.21109800,-0.46626149,1.29580790,8.52020578,0.00000010
5.76000000,LIFT_LEG,-0.00293399,-0.01055539,0.00620520,-0.07964404,0.06975306,0.31369018,-0.08275753,0.06549356,0.09185972,0.02284589,0.00513514,31.45518463,0.00000000,49.61150242,36.12758376,0.20595406,-0.46543551,1.29420582,0.21116825,-0.46660587,1.29658599,8.51849458,0.00000004
5.77000000,LIFT_LEG,-0.00293221,-0.01055113,0.00619754,-0.07963918,0.06974772,0.31369070,-0.08275359,0.06548815,0.09186757,0.02295242,0.00524166,31.43811027,0.00000000,49.61727930,36.11428914,0.20602660,-0.46577924,1.29498354,0.21123830,-0.46694878,1.29736089,8.51773121,0.00000005
5.78000000,LIFT_LEG,-0.00293604,-0.01055002,0.00619666,-0.07963567,0.06974438,0.31369179,-0.08275089,0.06548460,0.09187370,0.02306130,0.00535055,31.42219899,0.00000000,49.62680150,36.09825597,0.20609884,-0.46612195,1.29575910,0.21130805,-0.46728975,1.29813154,8.51769456,0.00000009
5.79000000,LIFT_LEG,-0.00294499,-0.01055184,0.00620193,-0.07963342,0.06974298,0.31369325,-0.08274936,0.06548285,0.09187820,0.02317206,0.00546130,31.40865109,0.00000000,49.64281190,36.07868722,0.20617067,-0.46646308,1.29653141,0.21137741,-0.46762833,1.29889692,8.51875983,0.00000001
5.80000000,LIFT_LEG,-0.00295854,-0.01055632,0.00621263,-0.07963236,0.06974340,0.31369494,-0.08274893,0.06548282,0.09188115,0.02328419,0.00557344,31.39585285,0.00000000,49.66248832,36.05792264,0.20624197,-0.46680215,1.29729937,0.21144627,-0.46796403,1.29965590,8.52051693,0.00000001
5.81000000,LIFT_LEG,-0.00297616,-0.01056321,0.00622800,-0.07963242,0.06974552,0.31369674,-0.08274953,0.06548437,0.09188263,0.02339726,0.00568650,31.38440727,0.00000000,49.68614635,36.03558782,0.20631266,-0.46713868,1.29806188,0.21151453,-0.46829637,1.30040740,8.52300321,0.00000001
5.82000000,LIFT_LEG,-0.00299727,-0.01057228,0.00624729,-0.07963353,0.06974919,0.31369856,-0.08275111,0.06548740,0.09188272,0.02351082,0.00580006,31.37402368,0.00000000,49.71324582,36.01209541,0.20638262,-0.46747222,1.29881781,0.21158209,-0.46862485,1.30115031,8.52613481,0.00000001
5.83000000,LIFT_LEG,-0.00302130,-0.01058332,0.00626972,-0.07963564,0.06975425,0.31370036,-0.08275361,0.06549175,0.09188148,0.02362449,0.00591373,31.36437510,0.00000000,49.74320579,35.98782513,0.20645177,-0.46780230,1.29956607,0.21164885,-0.46894901,1.30188356,8.52982283,0.00000001
5.84000000,LIFT_LEG,-0.00304769,-0.01059614,0.00629455,-0.07963867,0.06976051,0.31370209,-0.08275698,0.06549726,0.09187899,0.02373790,0.00602715,31.35510317,0.00000000,49.77542185,35.96314057,0.20652001,-0.46812847,1.30030558,0.21171470,-0.46926838,1.30260610,8.53397532,0.00000001
5.85000000,LIFT_LEG,-0.00307587,-0.01061055,0.00632111,-0.07964258,0.06976781,0.31370375,-0.08276116,0.06550376,0.09187535,0.02385072,0.00613997,31.34585605,0.00000000,49.80928708,35.93838698,0.20658728,-0.46845030,1.30103527,0.21177957,-0.46958254,1.30331694,8.53850007,0.00000001
5.86000000,LIFT_LEG,-0.00310531,-0.01062637,0.00634876,-0.07964730,0.06977595,0.31370532,-0.08276610,0.06551110,0.09187062,0.02396265,0.00625190,31.33631977,0.00000000,49.84420911,35.91388875,0.20665351,-0.46876734,1.30175414,0.21184335,-0.46989105,1.30401513,8.54330690,0.00000001
5.87000000,LIFT_LEG,-0.00313552,-0.01064343,0.00637692,-0.07965277,0.06978475,0.31370682,-0.08277173,0.06551908,0.09186490,0.02407340,0.00636264,31.32624143,0.00000000,49.87962381,35.88994705,0.20671862,-0.46907916,1.30246120,0.21190596,-0.47019353,1.30469977,8.54830942,0.00000001
5.88000000,LIFT_LEG,-0.00316602,-0.01066153,0.00640509,-0.07965891,0.06979402,0.31370826,-0.08277800,0.06552756,0.09185829,0.02418270,0.00647194,31.31544391,0.00000000,49.91500606,35.86683801,0.20678256,-0.46938538,1.30315552,0.21196732,-0.47048960,1.30536998,8.55342648,0.00000001
5.89000000,LIFT_LEG,-0.00319639,-0.01068049,0.00643282,-0.07966565,0.06980361,0.31370966,-0.08278484,0.06553637,0.09185089,0.02429029,0.00657953,31.30383261,0.00000000,49.94987764,35.84481097,0.20684527,-0.46968559,1.30383620,0.21202735,-0.47077889,1.30602496,8.55858304,0.00000001
5.90000000,LIFT_LEG,-0.00322623,-0.01070009,0.00645973,-0.07967292,0.06981333,0.31371101,-0.08279218,0.06554534,0.09184281,0.02439593,0.00668518,31.29139504,0.00000000,49.98381270,35.82408707,0.20690669,-0.46997942,1.30450240,0.21208597,-0.47106108,1.30666394,8.56371089,0.00000001
5.91000000,LIFT_LEG,-0.00325519,-0.01072012,0.00648551,-0.07968064,0.06982305,0.31371232,-0.08279995,0.06555435,0.09183415,0.02449939,0.00678864,31.27819481,0.00000000,50.01644072,35.80485769,0.20696676,-0.47026652,1.30515331,0.21214311,-0.47133584,1.30728619,8.56874890,0.00000001
5.92000000,LIFT_LEG,-0.00328297,-0.01074037,0.00650989,-0.07968871,0.06983261,0.31371361,-0.08280805,0.06556325,0.09182504,0.02460043,0.00688968,31.26436111,0.00000000,50.04744733,35.78728306,0.20702542,-0.47054655,1.30578818,0.21219871,-0.47160288,1.30789105,8.57364309,0.00000001
5.93000000,LIFT_LEG,-0.00330931,-0.01076059,0.00653266,-0.07969705,0.06984190,0.31371485,-0.08281642,0.06557193,0.09181559,0.02469884,0.00698808,31.25044212,0.00000000,50.07654408,35.77097642,0.20708260,-0.47081921,1.30640629,0.21225270,-0.47186194,1.30847790,8.57834562,0.00000001
5.94000000,LIFT_LEG,-0.00333397,-0.01078058,0.00655366,-0.07970557,0.06985082,0.31371605,-0.08282496,0.06558028,0.09180591,0.02479440,0.00708364,31.23587826,0.00000000,50.10359489,35.75715993,0.20713825,-0.47108421,1.30700700,0.21230503,-0.47211278,1.30904619,8.58281916,0.00000001
5.95000000,LIFT_LEG,-0.00335677,-0.01080011,0.00657278,-0.07971418,0.06985926,0.31371720,-0.08283359,0.06558822,0.09179614,0.02488692,0.00717616,31.22095992,0.00000000,50.12840230,35.74571763,0.20719228,-0.47134127,1.30758971,0.21235566,-0.47235518,1.30959544,8.58702810,0.00000004
5.96000000,LIFT_LEG,-0.00337756,-0.01081898,0.00658993,-0.07972277,0.06986715,0.31371827,-0.08284223,0.06559567,0.09178638,0.02497622,0.00726547,31.20690884,0.00000000,50.15084640,35.73548991,0.20724465,-0.47159017,1.30815388,0.21240453,-0.47258896,1.31012522,8.59094372,0.00000002
5.97000000,LIFT_LEG,-0.00339623,-0.01083699,0.00660508,-0.07973127,0.06987442,0.31371925,-0.08285078,0.06560257,0.09177674,0.02506215,0.00735139,31.19300667,0.00000000,50.17085319,35.72759346,0.20729528,-0.47183068,1.30869905,0.21245161,-0.47281398,1.31063520,8.59454324,0.00000004
5.98000000,LIFT_LEG,-0.00341271,-0.01085398,0.00661821,-0.07973959,0.06988104,0.31372013,-0.08285916,0.06560886,0.09176734,0.02514456,0.00743381,31.18035145,0.00000000,50.18841236,35.72108868,0.20734414,-0.47206264,1.30922480,0.21249687,-0.47303011,1.31112509,8.59781126,0.00000002
5.99000000,LIFT_LEG,-0.00342696,-0.01086981,0.00662934,-0.07974763,0.06988696,0.31372090,-0.08286730,0.06561453,0.09175827,0.02522336,0.00751260,31.16798554,0.00000000,50.20346891,35.71704276,0.20739117,-0.47228590,1.30973082,0.21254029,-0.47323727,1.31159470,8.60072966,0.00000003
6.00000000,LIFT_LEG,-0.00343898,-0.01088430,0.00663850,-0.07975534,0.06989217,0.31372154,-0.08287512,0.06561953,0.09174961,0.02529844,0.00758768,31.15705582,0.00000000,50.21606582,35.71441420,0.20743633,-0.47250031,1.31021685,0.21258186,-0.47343541,1.31204391,8.60329577,0.00000004
6.01000000,LIFT_LEG,-0.00344881,-0.01089736,0.00664574,-0.07976262,0.06989665,0.31372205,-0.08288256,0.06562387,0.09174146,0.02536975,0.00765899,31.14679249,0.00000000,50.22625070,35.71412266,0.20747960,-0.47270583,1.31068269,0.21262156,-0.47362451,1.31247266,8.60550288,0.00000000
6.02000000,LIFT_LEG,-0.00345650,-0.01090889,0.00665115,-0.07976943,0.06990041,0.31372242,-0.08288954,0.06562754,0.09173388,0.02543725,0.00772650,31.13837805,0.00000000,50.23407849,35.71473509,0.20752097,-0.47290238,1.31112825,0.21265940,-0.47380458,1.31288098,8.60734934,0.00000000
6.03000000,LIFT_LEG,-0.00346211,-0.01091885,0.00665481,-0.07977570,0.06990347,0.31372266,-0.08289602,0.06563055,0.09172695,0.02550094,0.00779019,31.13128523,0.00000000,50.23963413,35.71677884,0.20756043,-0.47308997,1.31155348,0.21269537,-0.47397567,1.31326896,8.60883601,0.00000000
6.04000000,LIFT_LEG,-0.00346575,-0.01092720,0.00665683,-0.07978139,0.06990583,0.31372276,-0.08290195,0.06563292,0.09172069,0.02556084,0.00785008,31.12562216,0.00000000,50.24301419,35.72002082,0.20759796,-0.47326859,1.31195840,0.21272949,-0.47413784,1.31363675,8.60996869,0.00000000
6.05000000,LIFT_LEG,-0.00346751,-0.01093394,0.00665734,-0.07978645,0.06990754,0.31372274,-0.08290729,0.06563467,0.09171517,0.02561697,0.00790622,31.12138864,0.00000000,50.24432632,35.72429505,0.20763359,-0.47343828,1.31234313,0.21276177,-0.47429120,1.31398458,8.61075547,0.00000000
6.06000000,LIFT_LEG,-0.00346753,-0.01093909,0.00665644,-0.07979086,0.06990861,0.31372261,-0.08291201,0.06563584,0.09171041,0.02566942,0.00795866,31.11855788,0.00000000,50.24333620,35.72944437,0.20766731,-0.47359912,1.31270782,0.21279225,-0.47443587,1.31431274,8.61115622,0.00000006
6.07000000,LIFT_LEG,-0.00346594,-0.01094267,0.00665428,-0.07979460,0.06990910,0.31372237,-0.08291608,0.06563644,0.09170641,0.02571826,0.00800750,31.11708189,0.00000000,50.24118736,35.73528412,0.20769916,-0.47375121,1.31305272,0.21282094,-0.47457200,1.31462155,8.61133010,0.00000003
6.08000000,LIFT_LEG,-0.00346288,-0.01094472,0.00665100,-0.07979766,0.06990904,0.31372206,-0.08291950,0.06563654,0.09170320,0.02576358,0.00805282,31.11688587,0.00000000,50.23772942,35.74162211,0.20772918,-0.47389466,1.31337808,0.21284789,-0.47469975,1.31491137,8.61125103,0.00000007
6.09000000,LIFT_LEG,-0.00345851,-0.01094531,0.00664674,-0.07980002,0.06990848,0.31372168,-0.08292225,0.06563615,0.09170077,0.02580549,0.00809473,31.11788501,0.00000000,50.23116487,35.74836782,0.20775739,-0.47402962,1.31368423,0.21287311,-0.47481930,1.31518259,8.61066039,0.00000000
6.10000000,LIFT_LEG,-0.00345297,-0.01094453,0.00664164,-0.07980171,0.06990746,0.31372126,-0.08292435,0.06563534,0.09169911,0.02584412,0.00813336,31.11998721,0.00000000,50.22418467,35.75539882,0.20778383,-0.47415625,1.31397155,0.21289666,-0.47493085,1.31543569,8.60994478,0.00000000
6.11000000,LIFT_LEG,-0.00344643,-0.01094247,0.00663583,-0.07980272,0.06990604,0.31372081,-0.08292579,0.06563414,0.09169819,0.02587959,0.00816884,31.12308762,0.00000000,50.21601754,35.76252665,0.20780854,-0.47427474,1.31424045,0.21291858,-0.47503464,1.31567118,8.60898772,0.00000000
6.12000000,LIFT_LEG,-0.00343904,-0.01093922,0.00662946,-0.07980308,0.06990427,0.31372034,-0.08292660,0.06563260,0.09169800,0.02591206,0.00820130,31.12709217,0.00000000,50.20663933,35.76965426,0.20783158,-0.47438529,1.31449140,0.21293891,-0.47513088,1.31588955,8.60778675,0.00000000
6.13000000,LIFT_LEG,-0.00343093,-0.01093489,0.00662265,-0.07980282,0.06990219,0.31371987,-0.08292679,0.06563076,0.09169850,0.02594165,0.00823089,31.13189498,0.00000000,50.19634245,35.77667981,0.20785300,-0.47448810,1.31472486,0.21295770,-0.47521980,1.31609133,8.60638682,0.00000000
6.14000000,LIFT_LEG,-0.00342226,-0.01092959,0.00661552,-0.07980196,0.06989985,0.31371942,-0.08292641,0.06562867,0.09169965,0.02596850,0.00825774,31.13778962,0.00000000,50.18528596,35.78301870,0.20787284,-0.47458341,1.31494135,0.21297501,-0.47530165,1.31627707,8.60481251,0.00000005
6.15000000,LIFT_LEG,-0.00341316,-0.01092343,0.00660820,-0.07980055,0.06989729,0.31371899,-0.08292547,0.06562637,0.09170139,0.02599276,0.00828200,31.14413072,0.00000000,50.17363941,35.78931009,0.20789116,-0.47467144,1.31514140,0.21299088,-0.47537668,1.31644734,8.60309117,0.00000008
6.16000000,LIFT_LEG,-0.00340376,-0.01091651,0.00660079,-0.07979863,0.06989458,0.31371858,-0.08292403,0.06562391,0.09170369,0.02601457,0.00830381,31.14985912,0.00000000,50.16155676,35.79661913,0.20790801,-0.47475245,1.31532555,0.21300537,-0.47544515,1.31660274,8.60124953,0.00000000
6.17000000,LIFT_LEG,-0.00339417,-0.01090896,0.00659338,-0.07979624,0.06989173,0.31371822,-0.08292212,0.06562132,0.09170648,0.02603406,0.00832331,31.15758925,0.00000000,50.14917443,35.80161151,0.20792345,-0.47482668,1.31549437,0.21301852,-0.47550732,1.31674385,8.59931034,0.00000009
6.18000000,LIFT_LEG,-0.00338452,-0.01090088,0.00658606,-0.07979343,0.06988880,0.31371790,-0.08291978,0.06561865,0.09170971,0.02605138,0.00834062,31.16391374,0.00000000,50.13666717,35.80829413,0.20793753,-0.47489439,1.31564846,0.21303041,-0.47556347,1.31687128,8.59730311,0.00000000
6.19000000,LIFT_LEG,-0.00337490,-0.01089238,0.00657891,-0.07979025,0.06988583,0.31371762,-0.08291707,0.06561592,0.09171332,0.02606666,0.00835590,31.17206950,0.00000000,50.12412218,35.81250809,0.20795030,-0.47495585,1.31578839,0.21304108,-0.47561387,1.31698566,8.59524745,0.00000006
6.20000000,LIFT_LEG,-0.00336541,-0.01088358,0.00657198,-0.07978675,0.06988284,0.31371738,-0.08291404,0.06561317,0.09171726,0.02608002,0.00836927,31.17964222,0.00000000,50.11173961,35.81725559,0.20796182,-0.47501132,1.31591478,0.21305059,-0.47565878,1.31708762,8.59317363,0.00000007
6.21000000,LIFT_LEG,-0.00335612,-0.01087458,0.00656534,-0.07978300,0.06987988,0.31371717,-0.08291073,0.06561043,0.09172146,0.02609160,0.00838085,31.18694679,0.00000000,50.09956672,35.82178098,0.20797215,-0.47506109,1.31602825,0.21305900,-0.47569851,1.31717779,8.59109862,0.00000002
6.22000000,LIFT_LEG,-0.00334713,-0.01086546,0.00655903,-0.07977904,0.06987696,0.31371701,-0.08290719,0.06560772,0.09172586,0.02610153,0.00839078,31.19447916,0.00000000,50.08779111,35.82570452,0.20798135,-0.47510543,1.31612943,0.21306638,-0.47573332,1.31725681,8.58905029,0.00000000
6.23000000,LIFT_LEG,-0.00333849,-0.01085633,0.00655307,-0.07977492,0.06987411,0.31371688,-0.08290349,0.06560508,0.09173040,0.02610992,0.00839917,31.20170651,0.00000000,50.07644930,35.82933740,0.20798947,-0.47514462,1.31621895,0.21307277,-0.47576352,1.31732535,8.58704384,0.00000007
6.24000000,LIFT_LEG,-0.00333026,-0.01084727,0.00654750,-0.07977070,0.06987136,0.31371677,-0.08289966,0.06560252,0.09173503,0.02611689,0.00840614,31.20899344,0.00000000,50.06570134,35.83239889,0.20799659,-0.47517896,1.31629745,0.21307825,-0.47578938,1.31738405,8.58510108,0.00000008
6.25000000,LIFT_LEG,-0.00332246,-0.01083839,0.00654233,-0.07976643,0.06986873,0.31371669,-0.08289576,0.06560006,0.09173970,0.02612257,0.00841181,31.21657244,0.00000000,50.05560655,35.83450893,0.20800274,-0.47520874,1.31636559,0.21308288,-0.47581121,1.31743361,8.58323759,0.00000002
6.26000000,LIFT_LEG,-0.00331515,-0.01082977,0.00653758,-0.07976216,0.06986622,0.31371662,-0.08289184,0.06559772,0.09174434,0.02612706,0.00841631,31.22265483,0.00000000,50.04616597,35.83743939,0.20800799,-0.47523424,1.31642404,0.21308671,-0.47582932,1.31747470,8.58146302,0.00000010
6.27000000,LIFT_LEG,-0.00330834,-0.01082148,0.00653326,-0.07975793,0.06986386,0.31371656,-0.08288793,0.06559550,0.09174892,0.02613049,0.00841973,31.22905353,0.00000000,50.03751196,35.83936189,0.20801240,-0.47525576,1.31647348,0.21308983,-0.47584399,1.31750802,8.57979689,0.00000009
6.28000000,LIFT_LEG,-0.00330207,-0.01081358,0.00652936,-0.07975379,0.06986165,0.31371652,-0.08288409,0.06559343,0.09175337,0.02613295,0.00842220,31.23495555,0.00000000,50.02964012,35.84101546,0.20801604,-0.47527362,1.31651458,0.21309228,-0.47585555,1.31753426,8.57824667,0.00000010
6.29000000,LIFT_LEG,-0.00329635,-0.01080612,0.00652587,-0.07974979,0.06985961,0.31371648,-0.08288035,0.06559150,0.09175767,0.02613458,0.00842382,31.24096792,0.00000000,50.02262022,35.84180171,0.20801897,-0.47528811,1.31654803,0.21309413,-0.47586431,1.31755415,8.57682365,0.00000003
6.30000000,LIFT_LEG,-0.00329120,-0.01079916,0.00652279,-0.07974595,0.06985774,0.31371644,-0.08287675,0.06558973,0.09176176,0.02613547,0.00842471,31.24548956,0.00000000,50.01640425,35.84331479,0.20802125,-0.47529955,1.31657455,0.21309546,-0.47587059,1.31756839,8.57553017,0.00000008
6.31000000,LIFT_LEG,-0.00328662,-0.01079274,0.00652010,-0.07974231,0.06985603,0.31371639,-0.08287332,0.06558812,0.09176563,0.02613573,0.00842497,31.25039615,0.00000000,50.01107185,35.84362444,0.20802296,-0.47530826,1.31659484,0.21309633,-0.47587470,1.31757773,8.57437663,0.00000003
6.32000000,LIFT_LEG,-0.00328261,-0.01078689,0.00651779,-0.07973890,0.06985451,0.31371634,-0.08287009,0.06558666,0.09176924,0.02613545,0.00842469,31.25383044,0.00000000,50.00657699,35.84464585,0.20802415,-0.47531451,1.31660955,0.21309682,-0.47587698,1.31758291,8.57336367,0.00000008
6.33000000,LIFT_LEG,-0.00327917,-0.01078163,0.00651585,-0.07973574,0.06985315,0.31371629,-0.08286709,0.06558537,0.09177256,0.02613476,0.00842401,31.25763142,0.00000000,50.00294210,35.84452418,0.20802490,-0.47531867,1.31661949,0.21309697,-0.47587772,1.31758457,8.57249249,0.00000003
6.34000000,LIFT_LEG,-0.00327627,-0.01077699,0.00651424,-0.07973286,0.06985198,0.31371622,-0.08286434,0.06558424,0.09177558,0.02613379,0.00842304,31.25996532,0.00000000,50.00011173,35.84515605,0.20802529,-0.47532116,1.31662561,0.21309690,-0.47587740,1.31758385,8.57176204,0.00000008
6.35000000,LIFT_LEG,-0.00327392,-0.01077297,0.00651297,-0.07973027,0.06985097,0.31371615,-0.08286185,0.06558327,0.09177828,0.02613262,0.00842187,31.26304622,0.00000000,49.99773285,35.84396167,0.20802539,-0.47532224,1.31662851,0.21309665,-0.47587622,1.31758117,8.57112050,0.00000000
6.36000000,LIFT_LEG,-0.00327210,-0.01076957,0.00651201,-0.07972799,0.06985013,0.31371606,-0.08285964,0.06558246,0.09178065,0.02613134,0.00842059,31.26466839,0.00000000,49.99655562,35.84381090,0.20802525,-0.47532223,1.31662889,0.21309635,-0.47587476,1.31757785,8.57068210,0.00000005
6.37000000,LIFT_LEG,-0.00327079,-0.01076682,0.00651134,-0.07972601,0.06984946,0.31371597,-0.08285772,0.06558179,0.09178268,0.02613007,0.00841931,31.26571387,0.00000000,49.99614256,35.84357302,0.20802495,-0.47532146,1.31662751,0.21309598,-0.47587303,1.31757394,8.57037991,0.00000005
6.38000000,HOLD_LEG,-0.00326996,-0.01076468,0.00651094,-0.07972434,0.06984894,0.31371587,-0.08285609,0.06558128,0.09178437,0.02612892,0.00841816,31.26535916,0.00000000,49.99707064,35.84423234,0.20802457,-0.47532032,1.31662529,0.21309567,-0.47587156,1.31757059,8.57030028,0.00000010
6.39000000,HOLD_LEG,-0.00326960,-0.01076315,0.00651080,-0.07972299,0.06984858,0.31371575,-0.08285475,0.06558091,0.09178573,0.02612798,0.00841723,31.26568960,0.00000000,49.99771481,35.84349907,0.20802420,-0.47531915,1.31662294,0.21309544,-0.47587049,1.31756817,8.57020577,0.00000005
6.40000000,HOLD_LEG,-0.00326968,-0.01076219,0.00651090,-0.07972195,0.06984836,0.31371563,-0.08285370,0.06558067,0.09178676,0.02612733,0.00841657,31.26505349,0.00000000,49.99933099,35.84294260,0.20802388,-0.47531817,1.31662098,0.21309537,-0.47587016,1.31756742,8.57028390,0.00000009
6.41000000,HOLD_LEG,-0.00327019,-0.01076182,0.00651122,-0.07972121,0.06984828,0.31371551,-0.08285294,0.06558056,0.09178747,0.02612700,0.00841625,31.26482439,0.00000000,50.00089899,35.84158385,0.20802365,-0.47531752,1.31661969,0.21309537,-0.47587016,1.31756742,8.57038389,0.00000003
6.42000000,HOLD_LEG,-0.00327112,-0.01076199,0.00651174,-0.07972076,0.06984833,0.31371538,-0.08285245,0.06558058,0.09178786,0.02612698,0.00841623,31.26337868,0.00000000,50.00339660,35.84089304,0.20802354,-0.47531717,1.31661899,0.21309545,-0.47587053,1.31756826,8.57064308,0.00000006
6.43000000,HOLD_LEG,-0.00327242,-0.01076267,0.00651244,-0.07972059,0.06984850,0.31371525,-0.08285224,0.06558071,0.09178796,0.02612732,0.00841656,31.26194670,0.00000000,50.00718206,35.83967889,0.20802354,-0.47531722,1.31661920,0.21309562,-0.47587132,1.31757004,8.57111687,0.00000003
6.44000000,HOLD_LEG,-0.00327406,-0.01076382,0.00651333,-0.07972069,0.06984879,0.31371513,-0.08285227,0.06558095,0.09178778,0.02612797,0.00841722,31.25931117,0.00000000,50.01002353,35.83910943,0.20802366,-0.47531773,1.31662038,0.21309585,-0.47587241,1.31757253,8.57147970,0.00000009
6.45000000,HOLD_LEG,-0.00327599,-0.01076541,0.00651437,-0.07972104,0.06984919,0.31371501,-0.08285255,0.06558129,0.09178734,0.02612894,0.00841819,31.25716683,0.00000000,50.01368707,35.83778717,0.20802389,-0.47531868,1.31662253,0.21309625,-0.47587432,1.31757687,8.57198454,0.00000006
6.46000000,HOLD_LEG,-0.00327822,-0.01076737,0.00651557,-0.07972163,0.06984968,0.31371490,-0.08285305,0.06558172,0.09178665,0.02613020,0.00841944,31.25447065,0.00000000,50.01765764,35.83660180,0.20802421,-0.47531999,1.31662547,0.21309666,-0.47587627,1.31758128,8.57256364,0.00000007
6.47000000,HOLD_LEG,-0.00328069,-0.01076968,0.00651689,-0.07972242,0.06985027,0.31371481,-0.08285375,0.06558224,0.09178574,0.02613172,0.00842096,31.25255849,0.00000000,50.02189808,35.83423935,0.20802462,-0.47532164,1.31662917,0.21309714,-0.47587849,1.31758632,8.57320289,0.00000007
6.48000000,HOLD_LEG,-0.00328333,-0.01077232,0.00651835,-0.07972341,0.06985093,0.31371472,-0.08285464,0.06558283,0.09178464,0.02613346,0.00842271,31.24894039,0.00000000,50.02636275,35.83372722,0.20802511,-0.47532363,1.31663353,0.21309766,-0.47588095,1.31759192,8.57388798,0.00000008
6.49000000,HOLD_LEG,-0.00328614,-0.01077523,0.00651992,-0.07972456,0.06985166,0.31371465,-0.08285569,0.06558349,0.09178337,0.02613542,0.00842466,31.24584454,0.00000000,50.03091274,35.83231929,0.20802564,-0.47532586,1.31663852,0.21309823,-0.47588363,1.31759800,8.57460883,0.00000009
6.50000000,HOLD_LEG,-0.00328909,-0.01077836,0.00652159,-0.07972586,0.06985245,0.31371460,-0.08285688,0.06558421,0.09178195,0.02613755,0.00842679,31.24270747,0.00000000,50.03553696,35.83085548,0.20802623,-0.47532834,1.31664405,0.21309883,-0.47588648,1.31760447,8.57535725,0.00000009
6.51000000,HOLD_LEG,-0.00329214,-0.01078167,0.00652335,-0.07972729,0.06985329,0.31371456,-0.08285819,0.06558497,0.09178040,0.02613983,0.00842907,31.23955416,0.00000000,50.04018454,35.82935907,0.20802686,-0.47533102,1.31665003,0.21309946,-0.47588946,1.31761123,8.57612376,0.00000010
6.52000000,HOLD_LEG,-0.00329527,-0.01078509,0.00652517,-0.07972881,0.06985417,0.31371453,-0.08285960,0.06558578,0.09177876,0.02614223,0.00843147,31.23604481,0.00000000,50.04474937,35.82811179,0.20802753,-0.47533386,1.31665639,0.21310011,-0.47589254,1.31761822,8.57689709,0.00000010
6.53000000,HOLD_LEG,-0.00329844,-0.01078857,0.00652704,-0.07973041,0.06985508,0.31371452,-0.08286109,0.06558661,0.09177704,0.02614471,0.00843395,31.23312371,0.00000000,50.05036406,35.82654024,0.20802823,-0.47533684,1.31666304,0.21310078,-0.47589567,1.31762533,8.57783047,0.00000006
6.54000000,HOLD_LEG,-0.00330161,-0.01079209,0.00652895,-0.07973207,0.06985601,0.31371452,-0.08286264,0.06558747,0.09177527,0.02614726,0.00843651,31.22961910,0.00000000,50.05434337,35.82542832,0.20802896,-0.47533995,1.31667000,0.21310145,-0.47589882,1.31763248,8.57853535,0.00000001
6.55000000,HOLD_LEG,-0.00330478,-0.01079559,0.00653087,-0.07973376,0.06985696,0.31371454,-0.08286422,0.06558834,0.09177347,0.02614982,0.00843906,31.22706226,0.00000000,50.05899046,35.82371210,0.20802969,-0.47534310,1.31667700,0.21310211,-0.47590196,1.31763961,8.57934799,0.00000006
6.56000000,HOLD_LEG,-0.00330789,-0.01079908,0.00653279,-0.07973546,0.06985791,0.31371457,-0.08286581,0.06558921,0.09177166,0.02615238,0.00844162,31.22382577,0.00000000,50.06311379,35.82267982,0.20803041,-0.47534622,1.31668396,0.21310277,-0.47590507,1.31764667,8.58008655,0.00000001
6.57000000,HOLD_LEG,-0.00331093,-0.01080247,0.00653470,-0.07973715,0.06985885,0.31371461,-0.08286741,0.06559009,0.09176987,0.02615491,0.00844415,31.22158937,0.00000000,50.06702018,35.82102754,0.20803114,-0.47534933,1.31669093,0.21310342,-0.47590811,1.31765357,8.58079398,0.00000006
6.58000000,HOLD_LEG,-0.00331386,-0.01080577,0.00653658,-0.07973882,0.06985978,0.31371466,-0.08286898,0.06559095,0.09176811,0.02615739,0.00844664,31.21880519,0.00000000,50.07060882,35.81999398,0.20803184,-0.47535241,1.31669782,0.21310404,-0.47591106,1.31766025,8.58146020,0.00000002
6.59000000,HOLD_LEG,-0.00331666,-0.01080892,0.00653841,-0.07974044,0.06986069,0.31371472,-0.08287051,0.06559180,0.09176640,0.02615981,0.00844905,31.21685370,0.00000000,50.07399431,35.81856967,0.20803253,-0.47535542,1.31670456,0.21310464,-0.47591388,1.31766666,8.58209315,0.00000007
6.60000000,HOLD_LEG,-0.00331932,-0.01081192,0.00654018,-0.07974201,0.06986157,0.31371478,-0.08287200,0.06559262,0.09176475,0.02616213,0.00845137,31.21454673,0.00000000,50.07702024,35.81761312,0.20803319,-0.47535834,1.31671109,0.21310521,-0.47591656,1.31767274,8.58267656,0.00000002
6.61000000,HOLD_LEG,-0.00332181,-0.01081473,0.00654188,-0.07974351,0.06986242,0.31371486,-0.08287342,0.06559342,0.09176318,0.02616434,0.00845358,31.21294426,0.00000000,50.07980240,35.81640724,0.20803382,-0.47536113,1.31671736,0.21310574,-0.47591907,1.31767844,8.58321709,0.00000007
6.62000000,HOLD_LEG,-0.00332411,-0.01081735,0.00654349,-0.07974493,0.06986323,0.31371494,-0.08287477,0.06559417,0.09176170,0.02616642,0.00845567,31.21099073,0.00000000,50.08219659,35.81568986,0.20803441,-0.47536379,1.31672330,0.21310623,-0.47592140,1.31768374,8.58370126,0.00000001
6.63000000,HOLD_LEG,-0.00332623,-0.01081974,0.00654500,-0.07974625,0.06986398,0.31371503,-0.08287603,0.06559488,0.09176032,0.02616837,0.00845761,31.20987883,0.00000000,50.08432954,35.81462290,0.20803497,-0.47536627,1.31672888,0.21310669,-0.47592355,1.31768860,8.58413859,0.00000005
6.64000000,HOLD_LEG,-0.00332811,-0.01082191,0.00654640,-0.07974747,0.06986469,0.31371512,-0.08287720,0.06559555,0.09175905,0.02617016,0.00845940,31.20879582,0.00000000,50.08611941,35.81378815,0.20803549,-0.47536859,1.31673406,0.21310710,-0.47592548,1.31769299,8.58451802,0.00000010
6.65000000,HOLD_LEG,-0.00332980,-0.01082383,0.00654769,-0.07974859,0.06986533,0.31371522,-0.08287827,0.06559616,0.09175789,0.02617178,0.00846103,31.20765371,0.00000000,50.08752431,35.81326681,0.20803595,-0.47537069,1.31673881,0.21310746,-0.47592720,1.31769691,8.58484132,0.00000003
6.66000000,HOLD_LEG,-0.00333126,-0.01082552,0.00654884,-0.07974959,0.06986592,0.31371532,-0.08287923,0.06559671,0.09175685,0.02617323,0.00846247,31.20701299,0.00000000,50.08791277,35.81264036,0.20803637,-0.47537258,1.31674300,0.21310772,-0.47592842,1.31769967,8.58500250,0.00000009
6.67000000,HOLD_LEG,-0.00333247,-0.01082697,0.00654987,-0.07975047,0.06986644,0.31371541,-0.08288009,0.06559721,0.09175594,0.02617450,0.00846375,31.20564524,0.00000000,50.08963468,35.81322995,0.20803674,-0.47537427,1.31674682,0.21310805,-0.47592998,1.31770321,8.58534934,0.00000000
6.68000000,HOLD_LEG,-0.00333348,-0.01082815,0.00655074,-0.07975124,0.06986689,0.31371551,-0.08288083,0.06559764,0.09175516,0.02617559,0.00846484,31.20603271,0.00000000,50.09018540,35.81199986,0.20803705,-0.47537572,1.31675012,0.21310828,-0.47593103,1.31770560,8.58552327,0.00000003
6.69000000,HOLD_LEG,-0.00333425,-0.01082909,0.00655148,-0.07975188,0.06986727,0.31371561,-0.08288146,0.06559801,0.09175450,0.02617650,0.00846575,31.20597406,0.00000000,50.08976046,35.81168830,0.20803732,-0.47537696,1.31675290,0.21310842,-0.47593171,1.31770714,8.58553743,0.00000005
6.70000000,HOLD_LEG,-0.00333477,-0.01082979,0.00655207,-0.07975241,0.06986759,0.31371570,-0.08288198,0.06559832,0.09175397,0.02617722,0.00846647,31.20608783,0.00000000,50.09004595,35.81155934,0.20803753,-0.47537798,1.31675517,0.21310857,-0.47593241,1.31770873,8.58564676,0.00000008
6.71000000,HOLD_LEG,-0.00333508,-0.01083026,0.00655251,-0.07975281,0.06986783,0.31371579,-0.08288238,0.06559857,0.09175356,0.02617776,0.00846700,31.20581234,0.00000000,50.08943339,35.81193991,0.20803769,-0.47537876,1.31675697,0.21310864,-0.47593275,1.31770951,8.58561952,0.00000003
6.72000000,HOLD_LEG,-0.00333519,-0.01083048,0.00655280,-0.07975310,0.06986801,0.31371588,-0.08288268,0.06559875,0.09175328,0.02617811,0.00846736,31.20652051,0.00000000,50.08863817,35.81181030,0.20803779,-0.47537930,1.31675819,0.21310864,-0.47593275,1.31770951,8.58555752,0.00000009
6.73000000,HOLD_LEG,-0.00333509,-0.01083050,0.00655295,-0.07975328,0.06986812,0.31371595,-0.08288287,0.06559886,0.09175311,0.02617828,0.00846753,31.20711545,0.00000000,50.08794809,35.81197413,0.20803785,-0.47537962,1.31675891,0.21310864,-0.47593275,1.31770951,8.58549526,0.00000008
6.74000000,HOLD_LEG,-0.00333477,-0.01083030,0.00655296,-0.07975335,0.06986816,0.31371602,-0.08288296,0.06559892,0.09175306,0.02617831,0.00846755,31.20782247,0.00000000,50.08719428,35.81221954,0.20803787,-0.47537980,1.31675935,0.21310864,-0.47593275,1.31770951,8.58541189,0.00000005
6.75000000,HOLD_LEG,-0.00333425,-0.01082989,0.00655284,-0.07975332,0.06986814,0.31371609,-0.08288295,0.06559892,0.09175311,0.02617819,0.00846744,31.20861857,0.00000000,50.08564758,35.81255256,0.20803786,-0.47537986,1.31675952,0.21310857,-0.47593241,1.31770873,8.58520686,0.00000007
6.76000000,HOLD_LEG,-0.00333356,-0.01082932,0.00655261,-0.07975320,0.06986806,0.31371614,-0.08288286,0.06559885,0.09175326,0.02617791,0.00846716,31.20951223,0.00000000,50.08485520,35.81299711,0.20803780,-0.47537972,1.31675918,0.21310850,-0.47593209,1.31770800,8.58510462,0.00000010
6.77000000,HOLD_LEG,-0.00333273,-0.01082857,0.00655225,-0.07975299,0.06986792,0.31371619,-0.08288267,0.06559874,0.09175350,0.02617749,0.00846673,31.21011153,0.00000000,50.08322485,35.81379829,0.20803769,-0.47537934,1.31675834,0.21310834,-0.47593136,1.31770634,8.58487807,0.00000010
6.78000000,HOLD_LEG,-0.00333178,-0.01082767,0.00655177,-0.07975269,0.06986773,0.31371623,-0.08288242,0.06559857,0.09175383,0.02617693,0.00846617,31.21129044,0.00000000,50.08102981,35.81431690,0.20803755,-0.47537876,1.31675705,0.21310812,-0.47593028,1.31770390,8.58455720,0.00000003
6.79000000,HOLD_LEG,-0.00333070,-0.01082663,0.00655119,-0.07975233,0.06986748,0.31371626,-0.08288209,0.06559836,0.09175423,0.02617625,0.00846549,31.21243110,0.00000000,50.07977420,35.81495332,0.20803737,-0.47537806,1.31675547,0.21310795,-0.47592951,1.31770216,8.58436097,0.00000010
6.80000000,HOLD_LEG,-0.00332951,-0.01082550,0.00655051,-0.07975189,0.06986720,0.31371628,-0.08288169,0.06559811,0.09175471,0.02617546,0.00846470,31.21359666,0.00000000,50.07703659,35.81564928,0.20803716,-0.47537718,1.31675348,0.21310766,-0.47592812,1.31769900,8.58394188,0.00000003
6.81000000,HOLD_LEG,-0.00332822,-0.01082428,0.00654976,-0.07975140,0.06986688,0.31371629,-0.08288124,0.06559782,0.09175525,0.02617458,0.00846382,31.21479177,0.00000000,50.07560011,35.81640732,0.20803692,-0.47537620,1.31675129,0.21310744,-0.47592707,1.31769661,8.58370626,0.00000004
6.82000000,HOLD_LEG,-0.00332686,-0.01082299,0.00654894,-0.07975086,0.06986652,0.31371629,-0.08288074,0.06559750,0.09175584,0.02617362,0.00846287,31.21600790,0.00000000,50.07401504,35.81718981,0.20803666,-0.47537512,1.31674888,0.21310720,-0.47592596,1.31769409,8.58344161,0.00000008
6.83000000,HOLD_LEG,-0.00332545,-0.01082164,0.00654806,-0.07975028,0.06986614,0.31371628,-0.08288021,0.06559715,0.09175646,0.02617261,0.00846185,31.21720481,0.00000000,50.07121962,35.81796382,0.20803638,-0.47537395,1.31674623,0.21310687,-0.47592441,1.31769057,8.58299564,0.00000006
6.84000000,HOLD_LEG,-0.00332399,-0.01082026,0.00654713,-0.07974966,0.06986573,0.31371627,-0.08287964,0.06559678,0.09175713,0.02617153,0.00846078,31.21839762,0.00000000,50.06982691,35.81878494,0.20803608,-0.47537272,1.31674348,0.21310662,-0.47592321,1.31768785,8.58275195,0.00000007
6.85000000,HOLD_LEG,-0.00332252,-0.01081884,0.00654617,-0.07974903,0.06986530,0.31371624,-0.08287905,0.06559639,0.09175781,0.02617043,0.00845968,31.21957540,0.00000000,50.06829818,35.81959815,0.20803578,-0.47537143,1.31674060,0.21310636,-0.47592199,1.31768508,8.58248279,0.00000009
6.86000000,HOLD_LEG,-0.00332105,-0.01081742,0.00654519,-0.07974838,0.06986486,0.31371621,-0.08287844,0.06559598,0.09175851,0.02616931,0.00845855,31.22069806,0.00000000,50.06554603,35.82037299,0.20803547,-0.47537010,1.31673759,0.21310601,-0.47592035,1.31768136,8.58203230,0.00000008
6.87000000,HOLD_LEG,-0.00331959,-0.01081600,0.00654420,-0.07974772,0.06986442,0.31371617,-0.08287782,0.06559557,0.09175922,0.02616817,0.00845741,31.22178576,0.00000000,50.06431640,35.82116998,0.20803515,-0.47536876,1.31673459,0.21310575,-0.47591913,1.31767859,8.58180336,0.00000009
6.88000000,HOLD_LEG,-0.00331816,-0.01081460,0.00654321,-0.07974706,0.06986397,0.31371613,-0.08287721,0.06559516,0.09175993,0.02616704,0.00845628,31.22282969,0.00000000,50.06297299,35.82193285,0.20803483,-0.47536741,1.31673157,0.21310550,-0.47591793,1.31767585,8.58155395,0.00000009
6.89000000,HOLD_LEG,-0.00331678,-0.01081324,0.00654224,-0.07974640,0.06986352,0.31371608,-0.08287659,0.06559475,0.09176063,0.02616592,0.00845516,31.22379368,0.00000000,50.06050477,35.82263445,0.20803452,-0.47536606,1.31672851,0.21310516,-0.47591636,1.31767230,8.58113939,0.00000010
6.90000000,HOLD_LEG,-0.00331545,-0.01081192,0.00654128,-0.07974576,0.06986309,0.31371603,-0.08287599,0.06559434,0.09176131,0.02616482,0.00845407,31.22470039,0.00000000,50.05952514,35.82333373,0.20803422,-0.47536474,1.31672556,0.21310493,-0.47591523,1.31766973,8.58094309,0.00000010
6.91000000,HOLD_LEG,-0.00331418,-0.01081065,0.00654036,-0.07974514,0.06986266,0.31371598,-0.08287540,0.06559394,0.09176198,0.02616377,0.00845301,31.22554344,0.00000000,50.05846015,35.82397850,0.20803392,-0.47536346,1.31672268,0.21310470,-0.47591415,1.31766727,8.58073237,0.00000010
6.92000000,HOLD_LEG,-0.00331300,-0.01080946,0.00653947,-0.07974454,0.06986225,0.31371592,-0.08287483,0.06559356,0.09176262,0.02616276,0.00845200,31.22629307,0.00000000,50.05645492,35.82454714,0.20803364,-0.47536221,1.31671986,0.21310441,-0.47591279,1.31766418,8.58038514,0.00000010
6.93000000,HOLD_LEG,-0.00331190,-0.01080833,0.00653864,-0.07974397,0.06986186,0.31371587,-0.08287429,0.06559320,0.09176323,0.02616181,0.00845105,31.22697080,0.00000000,50.05522106,35.82506593,0.20803337,-0.47536103,1.31671722,0.21310418,-0.47591173,1.31766179,8.58015081,0.00000009
6.94000000,HOLD_LEG,-0.00331090,-0.01080729,0.00653785,-0.07974343,0.06986150,0.31371581,-0.08287378,0.06559285,0.09176381,0.02616091,0.00845016,31.22757528,0.00000000,50.05497243,35.82556937,0.20803312,-0.47535994,1.31671475,0.21310402,-0.47591095,1.31766001,8.58006456,0.00000009
6.95000000,HOLD_LEG,-0.00331000,-0.01080633,0.00653714,-0.07974293,0.06986116,0.31371575,-0.08287330,0.06559253,0.09176434,0.02616009,0.00844933,31.22807913,0.00000000,50.05345169,35.82595389,0.20803289,-0.47535890,1.31671241,0.21310379,-0.47590988,1.31765758,8.57979208,0.00000008
6.96000000,HOLD_LEG,-0.00330921,-0.01080547,0.00653648,-0.07974246,0.06986084,0.31371570,-0.08287286,0.06559224,0.09176484,0.02615934,0.00844858,31.22850358,0.00000000,50.05307433,35.82630881,0.20803267,-0.47535795,1.31671028,0.21310364,-0.47590916,1.31765595,8.57969062,0.00000007
6.97000000,HOLD_LEG,-0.00330852,-0.01080471,0.00653590,-0.07974204,0.06986056,0.31371565,-0.08287245,0.06559197,0.09176529,0.02615866,0.00844791,31.22884973,0.00000000,50.05251300,35.82659305,0.20803248,-0.47535709,1.31670834,0.21310349,-0.47590846,1.31765436,8.57956413,0.00000006
6.98000000,HOLD_LEG,-0.00330795,-0.01080404,0.00653539,-0.07974166,0.06986031,0.31371560,-0.08287209,0.06559173,0.09176569,0.02615807,0.00844732,31.22911933,0.00000000,50.05261531,35.82680008,0.20803232,-0.47535633,1.31670664,0.21310341,-0.47590809,1.31765351,8.57953568,0.00000009
6.99000000,HOLD_LEG,-0.00330750,-0.01080347,0.00653496,-0.07974133,0.06986010,0.31371555,-0.08287176,0.06559152,0.09176605,0.02615756,0.00844681,31.22930727,0.00000000,50.05190582,35.82697531,0.20803217,-0.47535565,1.31670508,0.21310326,-0.47590740,1.31765195,8.57939490,0.00000003
7.00000000,HOLD_LEG,-0.00330715,-0.01080300,0.00653460,-0.07974104,0.06985992,0.31371551,-0.08287148,0.06559135,0.09176635,0.02615714,0.00844638,31.22941459,0.00000000,50.05192146,35.82705783,0.20803205,-0.47535507,1.31670378,0.21310319,-0.47590706,1.31765118,8.57936168,0.00000005
7.01000000,HOLD_LEG,-0.00330692,-0.01080263,0.00653433,-0.07974079,0.06985977,0.31371547,-0.08287124,0.06559121,0.09176661,0.02615680,0.00844604,31.22945056,0.00000000,50.05180953,35.82708816,0.20803195,-0.47535459,1.31670270,0.21310312,-0.47590672,1.31765042,8.57931392,0.00000003
7.02000000,HOLD_LEG,-0.00330678,-0.01080235,0.00653413,-0.07974059,0.06985966,0.31371543,-0.08287105,0.06559109,0.09176682,0.02615655,0.00844579,31.22941478,0.00000000,50.05212113,35.82702020,0.20803187,-0.47535424,1.31670194,0.21310312,-0.47590672,1.31765042,8.57932842,0.00000010
7.03000000,HOLD_LEG,-0.00330677,-0.01080217,0.00653400,-0.07974044,0.06985958,0.31371540,-0.08287089,0.06559101,0.09176698,0.02615636,0.00844560,31.22931982,0.00000000,50.05208487,35.82696257,0.20803181,-0.47535391,1.31670117,0.21310305,-0.47590640,1.31764969,8.57930132,0.00000006
7.04000000,HOLD_LEG,-0.00330685,-0.01080208,0.00653394,-0.07974032,0.06985954,0.31371537,-0.08287078,0.06559097,0.09176710,0.02615626,0.00844550,31.22916665,0.00000000,50.05237658,35.82682145,0.20803178,-0.47535371,1.31670073,0.21310305,-0.47590640,1.31764969,8.57932206,0.00000008
7.05000000,HOLD_LEG,-0.00330700,-0.01080209,0.00653396,-0.07974025,0.06985953,0.31371535,-0.08287070,0.06559095,0.09176717,0.02615623,0.00844547,31.22932605,0.00000000,50.05274180,35.82638447,0.20803177,-0.47535361,1.31670046,0.21310305,-0.47590640,1.31764969,8.57935282,0.00000001
7.06000000,HOLD_LEG,-0.00330723,-0.01080222,0.00653406,-0.07974022,0.06985954,0.31371533,-0.08287067,0.06559096,0.09176719,0.02615627,0.00844551,31.22891293,0.00000000,50.05306021,35.82627538,0.20803177,-0.47535355,1.31670031,0.21310305,-0.47590640,1.31764969,8.57938521,0.00000004
7.07000000,HOLD_LEG,-0.00330755,-0.01080244,0.00653421,-0.07974024,0.06985959,0.31371532,-0.08287067,0.06559099,0.09176718,0.02615637,0.00844562,31.22856614,0.00000000,50.05394435,35.82602970,0.20803177,-0.47535355,1.31670034,0.21310312,-0.47590673,1.31765042,8.57950182,0.00000004
7.08000000,HOLD_LEG,-0.00330794,-0.01080270,0.00653441,-0.07974028,0.06985966,0.31371531,-0.08287070,0.06559105,0.09176712,0.02615655,0.00844580,31.22820287,0.00000000,50.05472172,35.82576916,0.20803180,-0.47535365,1.31670062,0.21310319,-0.47590705,1.31765116,8.57960926,0.00000006
7.09000000,HOLD_LEG,-0.00330839,-0.01080302,0.00653467,-0.07974037,0.06985976,0.31371530,-0.08287077,0.06559113,0.09176702,0.02615679,0.00844604,31.22779269,0.00000000,50.05519688,35.82543178,0.20803186,-0.47535387,1.31670112,0.21310326,-0.47590737,1.31765188,8.57967672,0.00000008
7.10000000,HOLD_LEG,-0.00330891,-0.01080339,0.00653497,-0.07974048,0.06985987,0.31371530,-0.08287088,0.06559124,0.09176689,0.02615709,0.00844633,31.22736953,0.00000000,50.05567226,35.82509423,0.20803194,-0.47535415,1.31670177,0.21310332,-0.47590768,1.31765259,8.57974890,0.00000010
7.11000000,HOLD_LEG,-0.00330944,-0.01080384,0.00653532,-0.07974063,0.06986001,0.31371531,-0.08287100,0.06559136,0.09176673,0.02615742,0.00844666,31.22718724,0.00000000,50.05632118,35.82455475,0.20803204,-0.47535451,1.31670252,0.21310340,-0.47590803,1.31765338,8.57984303,0.00000009
7.12000000,HOLD_LEG,-0.00331000,-0.01080433,0.00653571,-0.07974080,0.06986016,0.31371531,-0.08287116,0.06559150,0.09176654,0.02615780,0.00844705,31.22665155,0.00000000,50.05747229,35.82420230,0.20803214,-0.47535492,1.31670347,0.21310354,-0.47590870,1.31765490,8.58001675,0.00000003
7.13000000,HOLD_LEG,-0.00331060,-0.01080486,0.00653612,-0.07974100,0.06986033,0.31371532,-0.08287134,0.06559165,0.09176632,0.02615821,0.00844746,31.22613837,0.00000000,50.05791130,35.82387015,0.20803224,-0.47535536,1.31670445,0.21310362,-0.47590906,1.31765572,8.58009298,0.00000008
7.14000000,HOLD_LEG,-0.00331122,-0.01080540,0.00653656,-0.07974121,0.06986050,0.31371534,-0.08287154,0.06559181,0.09176608,0.02615866,0.00844790,31.22562349,0.00000000,50.05888162,35.82349206,0.20803236,-0.47535585,1.31670559,0.21310375,-0.47590971,1.31765720,8.58024750,0.00000005
7.15000000,HOLD_LEG,-0.00331186,-0.01080597,0.00653700,-0.07974145,0.06986069,0.31371536,-0.08287175,0.06559197,0.09176582,0.02615912,0.00844837,31.22512235,0.00000000,50.06004460,35.82313444,0.20803249,-0.47535637,1.31670677,0.21310390,-0.47591038,1.31765873,8.58043341,0.00000005
7.16000000,HOLD_LEG,-0.00331251,-0.01080654,0.00653745,-0.07974169,0.06986088,0.31371537,-0.08287198,0.06559215,0.09176555,0.02615959,0.00844884,31.22461929,0.00000000,50.06026075,35.82278002,0.20803262,-0.47535691,1.31670796,0.21310397,-0.47591073,1.31765951,8.58048437,0.00000009
7.17000000,HOLD_LEG,-0.00331315,-0.01080712,0.00653790,-0.07974195,0.06986107,0.31371539,-0.08287221,0.06559233,0.09176527,0.02616008,0.00844932,31.22413858,0.00000000,50.06123907,35.82241288,0.20803275,-0.47535748,1.31670924,0.21310412,-0.47591142,1.31766108,8.58064518,0.00000007
7.18000000,HOLD_LEG,-0.00331378,-0.01080770,0.00653835,-0.07974221,0.06986127,0.31371541,-0.08287246,0.06559251,0.09176499,0.02616056,0.00844981,31.22368471,0.00000000,50.06236449,35.82208418,0.20803289,-0.47535804,1.31671052,0.21310426,-0.47591211,1.31766264,8.58082967,0.00000008
7.19000000,HOLD_LEG,-0.00331440,-0.01080827,0.00653879,-0.07974247,0.06986146,0.31371544,-0.08287271,0.06559269,0.09176470,0.02616104,0.00845029,31.22323993,0.00000000,50.06252230,35.82177004,0.20803302,-0.47535861,1.31671177,0.21310433,-0.47591245,1.31766341,8.58087531,0.00000009
7.20000000,HOLD_LEG,-0.00331499,-0.01080884,0.00653921,-0.07974274,0.06986166,0.31371546,-0.08287296,0.06559287,0.09176441,0.02616152,0.00845076,31.22282693,0.00000000,50.06341347,35.82145378,0.20803316,-0.47535918,1.31671308,0.21310448,-0.47591311,1.31766491,8.58102596,0.00000009
7.21000000,HOLD_LEG,-0.00331556,-0.01080938,0.00653962,-0.07974300,0.06986185,0.31371548,-0.08287320,0.06559304,0.09176412,0.02616198,0.00845122,31.22244780,0.00000000,50.06440482,35.82118277,0.20803328,-0.47535974,1.31671433,0.21310461,-0.47591375,1.31766636,8.58119281,0.00000010
7.22000000,HOLD_LEG,-0.00331609,-0.01080991,0.00654001,-0.07974326,0.06986203,0.31371550,-0.08287345,0.06559321,0.09176385,0.02616242,0.00845166,31.22208333,0.00000000,50.06459106,35.82092263,0.20803341,-0.47536028,1.31671553,0.21310469,-0.47591410,1.31766717,8.58124301,0.00000010
7.23000000,HOLD_LEG,-0.00331659,-0.01081042,0.00654037,-0.07974351,0.06986220,0.31371552,-0.08287368,0.06559338,0.09176358,0.02616283,0.00845208,31.22176519,0.00000000,50.06591024,35.82071960,0.20803352,-0.47536080,1.31671671,0.21310483,-0.47591478,1.31766870,8.58145911,0.00000010
7.24000000,HOLD_LEG,-0.00331705,-0.01081089,0.00654071,-0.07974375,0.06986237,0.31371554,-0.08287391,0.06559353,0.09176332,0.02616323,0.00845248,31.22146172,0.00000000,50.06592795,35.82047849,0.20803363,-0.47536129,1.31671782,0.21310490,-0.47591514,1.31766951,8.58148205,0.00000009
7.25000000,HOLD_LEG,-0.00331747,-0.01081134,0.00654103,-0.07974398,0.06986252,0.31371556,-0.08287413,0.06559368,0.09176307,0.02616361,0.00845285,31.22120028,0.00000000,50.06613844,35.82030813,0.20803374,-0.47536176,1.31671887,0.21310498,-0.47591547,1.31767028,8.58153480,0.00000009
7.26000000,HOLD_LEG,-0.00331784,-0.01081175,0.00654131,-0.07974420,0.06986267,0.31371557,-0.08287434,0.06559381,0.09176283,0.02616395,0.00845319,31.22097110,0.00000000,50.06647755,35.82016372,0.20803384,-0.47536219,1.31671984,0.21310505,-0.47591582,1.31767107,8.58160573,0.00000008
7.27000000,HOLD_LEG,-0.00331816,-0.01081213,0.00654157,-0.07974440,0.06986279,0.31371559,-0.08287453,0.06559394,0.09176262,0.02616426,0.00845350,31.22077173,0.00000000,50.06677174,35.82004369,0.20803392,-0.47536260,1.31672075,0.21310512,-0.47591614,1.31767180,8.58166952,0.00000008
7.28000000,HOLD_LEG,-0.00331844,-0.01081247,0.00654179,-0.07974459,0.06986291,0.31371561,-0.08287471,0.06559405,0.09176242,0.02616454,0.00845378,31.22060397,0.00000000,50.06706756,35.81994480,0.20803400,-0.47536297,1.31672158,0.21310519,-0.47591646,1.31767252,8.58173206,0.00000007
7.29000000,HOLD_LEG,-0.00331866,-0.01081277,0.00654198,-0.07974476,0.06986301,0.31371562,-0.08287487,0.06559414,0.09176224,0.02616479,0.00845403,31.22046650,0.00000000,50.06741362,35.81986346,0.20803407,-0.47536330,1.31672232,0.21310526,-0.47591679,1.31767327,8.58180007,0.00000006
7.30000000,HOLD_LEG,-0.00331885,-0.01081304,0.00654215,-0.07974491,0.06986310,0.31371564,-0.08287502,0.06559423,0.09176207,0.02616499,0.00845424,31.22036450,0.00000000,50.06729231,35.81985719,0.20803413,-0.47536356,1.31672288,0.21310526,-0.47591679,1.31767327,8.58180255,0.00000010
7.31000000,HOLD_LEG,-0.00331898,-0.01081326,0.00654228,-0.07974505,0.06986317,0.31371565,-0.08287515,0.06559430,0.09176193,0.02616518,0.00845442,31.22028866,0.00000000,50.06753876,35.81981715,0.20803419,-0.47536384,1.31672353,0.21310533,-0.47591712,1.31767402,8.58185240,0.00000005
7.32000000,HOLD_LEG,-0.00331907,-0.01081345,0.00654238,-0.07974517,0.06986323,0.31371566,-0.08287526,0.06559435,0.09176181,0.02616531,0.00845456,31.22024423,0.00000000,50.06746938,35.81984376,0.20803423,-0.47536402,1.31672390,0.21310533,-0.47591712,1.31767402,8.58185858,0.00000009
7.33000000,HOLD_LEG,-0.00331911,-0.01081359,0.00654244,-0.07974527,0.06986327,0.31371568,-0.08287536,0.06559440,0.09176170,0.02616544,0.00845468,31.22022688,0.00000000,50.06768817,35.81984145,0.20803427,-0.47536421,1.31672438,0.21310539,-0.47591744,1.31767474,8.58190017,0.00000002
7.34000000,HOLD_LEG,-0.00331910,-0.01081369,0.00654249,-0.07974535,0.06986330,0.31371569,-0.08287544,0.06559443,0.09176162,0.02616552,0.00845476,31.22023468,0.00000000,50.06755638,35.81989743,0.20803429,-0.47536436,1.31672470,0.21310539,-0.47591744,1.31767474,8.58189443,0.00000003
7.35000000,HOLD_LEG,-0.00331906,-0.01081375,0.00654250,-0.07974541,0.06986331,0.31371569,-0.08287551,0.06559444,0.09176155,0.02616556,0.00845481,31.22026765,0.00000000,50.06744386,35.81997045,0.20803431,-0.47536445,1.31672490,0.21310539,-0.47591744,1.31767474,8.58188851,0.00000004
7.36000000,HOLD_LEG,-0.00331898,-0.01081378,0.00654248,-0.07974546,0.06986331,0.31371570,-0.08287555,0.06559444,0.09176151,0.02616558,0.00845482,31.22032497,0.00000000,50.06732208,35.82005871,0.20803432,-0.47536450,1.31672501,0.21310539,-0.47591744,1.31767474,8.58187880,0.00000005
7.37000000,HOLD_LEG,-0.00331886,-0.01081378,0.00654244,-0.07974548,0.06986330,0.31371571,-0.08287558,0.06559444,0.09176148,0.02616557,0.00845481,31.22040422,0.00000000,50.06718756,35.82015751,0.20803432,-0.47536453,1.31672508,0.21310539,-0.47591744,1.31767474,8.58186542,0.00000007
7.38000000,MOVE_LEG_FORWARD,-0.00331871,-0.01081374,0.00654238,-0.07974550,0.06986328,0.31371571,-0.08287560,0.06559442,0.09176148,0.02616554,0.00845478,31.22050203,0.00000000,50.06703854,35.82026393,0.20803432,-0.47536454,1.31672512,0.21310539,-0.47591744,1.31767474,8.58184851,0.00000008
7.39000000,MOVE_LEG_FORWARD,-0.00331852,-0.01081366,0.00654229,-0.07974549,0.06986324,0.31371572,-0.08287560,0.06559439,0.09176148,0.02616548,0.00845473,31.22061457,0.00000000,50.06687416,35.82037622,0.20803431,-0.47536455,1.31672514,0.21310539,-0.47591744,1.31767474,8.58182817,0.00000010
7.40000000,MOVE_LEG_FORWARD,-0.00331834,-0.01081351,0.00654218,-0.07974547,0.06986319,0.31371572,-0.08287558,0.06559435,0.09176150,0.02616541,0.00845466,31.22049049,0.00000000,50.06571144,35.82067362,0.20803430,-0.47536452,1.31672510,0.21310532,-0.47591712,1.31767401,8.58166876,0.00000000
7.41000000,MOVE_LEG_FORWARD,-0.00331815,-0.01081334,0.00654205,-0.07974544,0.06986314,0.31371572,-0.08287555,0.06559430,0.09176155,0.02616529,0.00845453,31.22070275,0.00000000,50.06620964,35.82080818,0.20803428,-0.47536442,1.31672484,0.21310532,-0.47591712,1.31767401,8.58174527,0.00000005
7.42000000,MOVE_LEG_FORWARD,-0.00331793,-0.01081315,0.00654190,-0.07974539,0.06986308,0.31371572,-0.08287551,0.06559424,0.09176161,0.02616516,0.00845440,31.22090764,0.00000000,50.06553515,35.82096242,0.20803425,-0.47536431,1.31672455,0.21310526,-0.47591679,1.31767328,8.58164711,0.00000001
7.43000000,MOVE_LEG_FORWARD,-0.00331769,-0.01081295,0.00654173,-0.07974532,0.06986302,0.31371572,-0.08287545,0.06559419,0.09176168,0.02616500,0.00845425,31.22111374,0.00000000,50.06564465,35.82108055,0.20803422,-0.47536416,1.31672421,0.21310526,-0.47591679,1.31767328,8.58165754,0.00000008
7.44000000,MOVE_LEG_FORWARD,-0.00331744,-0.01081274,0.00654156,-0.07974525,0.06986295,0.31371572,-0.08287539,0.06559412,0.09176177,0.02616483,0.00845407,31.22132924,0.00000000,50.06518304,35.82125242,0.20803417,-0.47536397,1.31672376,0.21310519,-0.47591646,1.31767253,8.58158712,0.00000004
7.45000000,MOVE_LEG_FORWARD,-0.00331717,-0.01081251,0.00654138,-0.07974516,0.06986287,0.31371571,-0.08287531,0.06559405,0.09176186,0.02616465,0.00845390,31.22153884,0.00000000,50.06438923,35.82139572,0.20803412,-0.47536378,1.31672335,0.21310511,-0.47591613,1.31767176,8.58146502,0.00000003
7.46000000,MOVE_LEG_FORWARD,-0.00331690,-0.01081229,0.00654120,-0.07974507,0.06986279,0.31371571,-0.08287522,0.06559398,0.09176197,0.02616446,0.00845371,31.22176324,0.00000000,50.06466838,35.82153807,0.20803407,-0.47536356,1.31672288,0.21310511,-0.47591613,1.31767176,8.58149724,0.00000008
7.47000000,MOVE_LEG_FORWARD,-0.00331664,-0.01081205,0.00654101,-0.07974497,0.06986271,0.31371570,-0.08287513,0.06559391,0.09176208,0.02616426,0.00845351,31.22197950,0.00000000,50.06423986,35.82169931,0.20803401,-0.47536333,1.31672233,0.21310505,-0.47591580,1.31767102,8.58142855,0.00000005
7.48000000,MOVE_LEG_FORWARD,-0.00331637,-0.01081181,0.00654083,-0.07974486,0.06986263,0.31371569,-0.08287503,0.06559383,0.09176220,0.02616407,0.00845331,31.22219067,0.00000000,50.06369555,35.82185439,0.20803395,-0.47536310,1.31672182,0.21310497,-0.47591546,1.31767026,8.58134224,0.00000005
7.49000000,MOVE_LEG_FORWARD,-0.00331610,-0.01081156,0.00654065,-0.07974475,0.06986255,0.31371568,-0.08287493,0.06559376,0.09176232,0.02616387,0.00845312,31.22239397,0.00000000,50.06373793,35.82195268,0.20803390,-0.47536288,1.31672136,0.21310497,-0.47591546,1.31767026,8.58133679,0.00000010
7.50000000,MOVE_LEG_FORWARD,-0.00331585,-0.01081132,0.00654047,-0.07974464,0.06986247,0.31371568,-0.08287482,0.06559368,0.09176244,0.02616367,0.00845291,31.22259071,0.00000000,50.06333549,35.82209399,0.20803384,-0.47536262,1.31672077,0.21310490,-0.47591513,1.31766950,8.58127051,0.00000007
7.51000000,MOVE_LEG_FORWARD,-0.00331561,-0.01081108,0.00654030,-0.07974453,0.06986239,0.31371567,-0.08287472,0.06559361,0.09176256,0.02616347,0.00845271,31.22277752,0.00000000,50.06290092,35.82222858,0.20803379,-0.47536238,1.31672021,0.21310483,-0.47591480,1.31766876,8.58119937,0.00000005
7.52000000,MOVE_LEG_FORWARD,-0.00331537,-0.01081084,0.00654013,-0.07974441,0.06986231,0.31371566,-0.08287461,0.06559354,0.09176269,0.02616328,0.00845252,31.22294577,0.00000000,50.06221758,35.82232586,0.20803373,-0.47536215,1.31671972,0.21310477,-0.47591449,1.31766804,8.58108971,0.00000005
7.53000000,MOVE_LEG_FORWARD,-0.00331515,-0.01081061,0.00653998,-0.07974430,0.06986224,0.31371565,-0.08287451,0.06559347,0.09176281,0.02616309,0.00845234,31.22311563,0.00000000,50.06252211,35.82241773,0.20803368,-0.47536192,1.31671921,0.21310477,-0.47591449,1.31766804,8.58112291,0.00000007
7.54000000,MOVE_LEG_FORWARD,-0.00331495,-0.01081039,0.00653983,-0.07974419,0.06986216,0.31371565,-0.08287440,0.06559340,0.09176293,0.02616291,0.00845215,31.22326756,0.00000000,50.06214346,35.82252567,0.20803363,-0.47536169,1.31671867,0.21310470,-0.47591417,1.31766732,8.58105972,0.00000005
7.55000000,MOVE_LEG_FORWARD,-0.00331475,-0.01081017,0.00653969,-0.07974409,0.06986210,0.31371564,-0.08287430,0.06559334,0.09176304,0.02616275,0.00845200,31.22340342,0.00000000,50.06212208,35.82257464,0.20803359,-0.47536151,1.31671830,0.21310470,-0.47591417,1.31766732,8.58104422,0.00000010
7.56000000,MOVE_LEG_FORWARD,-0.00331459,-0.01080998,0.00653957,-0.07974398,0.06986203,0.31371563,-0.08287421,0.06559328,0.09176315,0.02616259,0.00845183,31.22352837,0.00000000,50.06178468,35.82266486,0.20803354,-0.47536128,1.31671776,0.21310463,-0.47591384,1.31766658,8.58098748,0.00000005
7.57000000,MOVE_LEG_FORWARD,-0.00331443,-0.01080979,0.00653945,-0.07974389,0.06986198,0.31371563,-0.08287411,0.06559322,0.09176325,0.02616245,0.00845169,31.22363249,0.00000000,50.06082815,35.82269548,0.20803350,-0.47536112,1.31671739,0.21310456,-0.47591352,1.31766585,8.58083690,0.00000003
7.58000000,MOVE_LEG_FORWARD,-0.00331430,-0.01080962,0.00653935,-0.07974379,0.06986192,0.31371562,-0.08287403,0.06559317,0.09176335,0.02616230,0.00845155,31.22373499,0.00000000,50.06145355,35.82277047,0.20803346,-0.47536092,1.31671694,0.21310456,-0.47591352,1.31766585,8.58092073,0.00000004
7.59000000,MOVE_LEG_FORWARD,-0.00331418,-0.01080946,0.00653926,-0.07974371,0.06986188,0.31371561,-0.08287394,0.06559313,0.09176344,0.02616219,0.00845144,31.22381688,0.00000000,50.06144246,35.82278776,0.20803343,-0.47536079,1.31671667,0.21310456,-0.47591352,1.31766585,8.58090862,0.00000009
7.60000000,MOVE_LEG_FORWARD,-0.00331409,-0.01080932,0.00653918,-0.07974363,0.06986183,0.31371561,-0.08287387,0.06559309,0.09176353,0.02616208,0.00845132,31.22388590,0.00000000,50.06111705,35.82284343,0.20803339,-0.47536063,1.31671627,0.21310449,-0.47591320,1.31766512,8.58085631,0.00000002
7.61000000,MOVE_LEG_FORWARD,-0.00331402,-0.01080921,0.00653911,-0.07974356,0.06986180,0.31371560,-0.08287380,0.06559305,0.09176360,0.02616198,0.00845123,31.22394145,0.00000000,50.06117094,35.82284574,0.20803336,-0.47536049,1.31671598,0.21310449,-0.47591320,1.31766512,8.58085408,0.00000005
7.62000000,MOVE_LEG_FORWARD,-0.00331396,-0.01080910,0.00653906,-0.07974350,0.06986177,0.31371560,-0.08287374,0.06559302,0.09176367,0.02616191,0.00845116,31.22398301,0.00000000,50.06118121,35.82283871,0.20803334,-0.47536040,1.31671580,0.21310449,-0.47591320,1.31766512,8.58084752,0.00000007
7.63000000,MOVE_LEG_FORWARD,-0.00331391,-0.01080900,0.00653902,-0.07974344,0.06986175,0.31371560,-0.08287368,0.06559300,0.09176373,0.02616186,0.00845110,31.22400817,0.00000000,50.06118995,35.82282069,0.20803333,-0.47536035,1.31671569,0.21310449,-0.47591320,1.31766512,8.58084250,0.00000010
7.64000000,MOVE_LEG_FORWARD,-0.00331391,-0.01080893,0.00653899,-0.07974339,0.06986173,0.31371559,-0.08287364,0.06559298,0.09176378,0.02616179,0.00845103,31.22402376,0.00000000,50.06093774,35.82284781,0.20803331,-0.47536022,1.31671535,0.21310443,-0.47591288,1.31766440,8.58080328,0.00000002
7.65000000,MOVE_LEG_FORWARD,-0.00331391,-0.01080888,0.00653897,-0.07974335,0.06986172,0.31371559,-0.08287360,0.06559297,0.09176382,0.02616174,0.00845099,31.22403063,0.00000000,50.06100780,35.82282917,0.20803329,-0.47536012,1.31671514,0.21310443,-0.47591288,1.31766440,8.58080595,0.00000002
7.66000000,MOVE_LEG_FORWARD,-0.00331393,-0.01080885,0.00653896,-0.07974332,0.06986171,0.31371558,-0.08287356,0.06559297,0.09176385,0.02616172,0.00845096,31.22402813,0.00000000,50.06106121,35.82280131,0.20803328,-0.47536005,1.31671501,0.21310443,-0.47591288,1.31766440,8.58080800,0.00000003
7.67000000,MOVE_LEG_FORWARD,-0.00331396,-0.01080883,0.00653896,-0.07974329,0.06986171,0.31371558,-0.08287354,0.06559296,0.09176388,0.02616170,0.00845095,31.22401526,0.00000000,50.06111645,35.82276505,0.20803327,-0.47536002,1.31671494,0.21310443,-0.47591288,1.31766440,8.58081183,0.00000004
7.68000000,MOVE_LEG_FORWARD,-0.00331401,-0.01080883,0.00653898,-0.07974328,0.06986172,0.31371558,-0.08287352,0.06559297,0.09176389,0.02616170,0.00845095,31.22399201,0.00000000,50.06117573,35.82272371,0.20803327,-0.47536000,1.31671489,0.21310443,-0.47591288,1.31766440,8.58081733,0.00000005
7.69000000,MOVE_LEG_FORWARD,-0.00331407,-0.01080884,0.00653900,-0.07974327,0.06986173,0.31371557,-0.08287351,0.06559298,0.09176390,0.02616171,0.00845095,31.22395910,0.00000000,50.06124027,35.82267931,0.20803327,-0.47535999,1.31671486,0.21310443,-0.47591288,1.31766440,8.58082438,0.00000005
7.70000000,MOVE_LEG_FORWARD,-0.00331415,-0.01080886,0.00653903,-0.07974326,0.06986174,0.31371557,-0.08287351,0.06559299,0.09176390,0.02616173,0.00845097,31.22391776,0.00000000,50.06131071,35.82263295,0.20803327,-0.47535998,1.31671485,0.21310443,-0.47591288,1.31766440,8.58083289,0.00000006
7.71000000,MOVE_LEG_FORWARD,-0.00331424,-0.01080890,0.00653907,-0.07974327,0.06986176,0.31371557,-0.08287351,0.06559301,0.09176390,0.02616175,0.00845100,31.22386949,0.00000000,50.06138728,35.82258518,0.20803327,-0.47535998,1.31671484,0.21310443,-0.47591288,1.31766440,8.58084280,0.00000007
7.72000000,MOVE_LEG_FORWARD,-0.00331434,-0.01080896,0.00653911,-0.07974328,0.06986179,0.31371556,-0.08287352,0.06559303,0.09176388,0.02616179,0.00845103,31.22381586,0.00000000,50.06146994,35.82253628,0.20803327,-0.47535998,1.31671483,0.21310443,-0.47591288,1.31766440,8.58085407,0.00000008
7.73000000,MOVE_LEG_FORWARD,-0.00331445,-0.01080903,0.00653916,-0.07974330,0.06986181,0.31371556,-0.08287353,0.06559305,0.09176386,0.02616182,0.00845107,31.22375835,0.00000000,50.06155845,35.82248649,0.20803327,-0.47535998,1.31671483,0.21310443,-0.47591288,1.31766440,8.58086664,0.00000009
7.74000000,MOVE_LEG_FORWARD,-0.00331456,-0.01080910,0.00653921,-0.07974332,0.06986185,0.31371556,-0.08287355,0.06559308,0.09176384,0.02616189,0.00845113,31.22369384,0.00000000,50.06196977,35.82238540,0.20803329,-0.47536005,1.31671503,0.21310449,-0.47591320,1.31766511,8.58092317,0.00000009
7.75000000,MOVE_LEG_FORWARD,-0.00331468,-0.01080917,0.00653928,-0.07974335,0.06986188,0.31371556,-0.08287358,0.06559311,0.09176380,0.02616196,0.00845120,31.22362100,0.00000000,50.06197048,35.82232580,0.20803331,-0.47536015,1.31671524,0.21310449,-0.47591320,1.31766511,8.58092706,0.00000010
7.76000000,MOVE_LEG_FORWARD,-0.00331479,-0.01080926,0.00653935,-0.07974338,0.06986191,0.31371556,-0.08287361,0.06559314,0.09176377,0.02616203,0.00845127,31.22406467,0.00000000,50.06209823,35.82185032,0.20803333,-0.47536022,1.31671535,0.21310449,-0.47591320,1.31766511,8.58094425,0.00000007
7.77000000,MOVE_LEG_FORWARD,-0.00331488,-0.01080940,0.00653943,-0.07974342,0.06986195,0.31371556,-0.08287364,0.06559318,0.09176373,0.02616210,0.00845134,31.22368433,0.00000000,50.06283264,35.82202497,0.20803335,-0.47536029,1.31671550,0.21310456,-0.47591352,1.31766585,8.58104832,0.00000001
7.78000000,MOVE_LEG_FORWARD,-0.00331497,-0.01080954,0.00653953,-0.07974346,0.06986198,0.31371556,-0.08287368,0.06559321,0.09176368,0.02616220,0.00845144,31.22353316,0.00000000,50.06248467,35.82198295,0.20803337,-0.47536042,1.31671582,0.21310456,-0.47591352,1.31766585,8.58100050,0.00000004
7.79000000,MOVE_LEG_FORWARD,-0.00331507,-0.01080968,0.00653962,-0.07974351,0.06986202,0.31371556,-0.08287373,0.06559324,0.09176362,0.02616228,0.00845153,31.22339488,0.00000000,50.06251912,35.82195265,0.20803339,-0.47536050,1.31671600,0.21310456,-0.47591352,1.31766585,8.58101141,0.00000007
7.80000000,MOVE_LEG_FORWARD,-0.00331516,-0.01080982,0.00653971,-0.07974356,0.06986205,0.31371557,-0.08287377,0.06559327,0.09176357,0.02616237,0.00845162,31.22325987,0.00000000,50.06308048,35.82187759,0.20803341,-0.47536059,1.31671623,0.21310463,-0.47591384,1.31766657,8.58109526,0.00000003
7.81000000,MOVE_LEG_FORWARD,-0.00331526,-0.01080994,0.00653980,-0.07974361,0.06986208,0.31371558,-0.08287382,0.06559330,0.09176350,0.02616248,0.00845172,31.22313505,0.00000000,50.06285747,35.82184357,0.20803344,-0.47536072,1.31671654,0.21310463,-0.47591384,1.31766657,8.58106942,0.00000004
7.82000000,MOVE_LEG_FORWARD,-0.00331535,-0.01081007,0.00653989,-0.07974367,0.06986211,0.31371558,-0.08287387,0.06559333,0.09176344,0.02616256,0.00845181,31.22301542,0.00000000,50.06288274,35.82181257,0.20803347,-0.47536081,1.31671672,0.21310463,-0.47591384,1.31766657,8.58108020,0.00000007
7.83000000,MOVE_LEG_FORWARD,-0.00331544,-0.01081020,0.00653996,-0.07974372,0.06986214,0.31371559,-0.08287392,0.06559335,0.09176338,0.02616265,0.00845190,31.22290373,0.00000000,50.06343567,35.82174540,0.20803349,-0.47536090,1.31671695,0.21310470,-0.47591415,1.31766728,8.58116318,0.00000004
7.84000000,MOVE_LEG_FORWARD,-0.00331552,-0.01081031,0.00654004,-0.07974378,0.06986216,0.31371559,-0.08287398,0.06559338,0.09176332,0.02616275,0.00845199,31.22280580,0.00000000,50.06321045,35.82172353,0.20803352,-0.47536104,1.31671726,0.21310470,-0.47591415,1.31766728,8.58113688,0.00000005
7.85000000,MOVE_LEG_FORWARD,-0.00331560,-0.01081042,0.00654010,-0.07974384,0.06986219,0.31371560,-0.08287403,0.06559340,0.09176326,0.02616283,0.00845207,31.22271534,0.00000000,50.06323185,35.82170668,0.20803355,-0.47536113,1.31671744,0.21310470,-0.47591415,1.31766728,8.58114675,0.00000006
7.86000000,MOVE_LEG_FORWARD,-0.00331568,-0.01081054,0.00654016,-0.07974389,0.06986221,0.31371560,-0.08287408,0.06559342,0.09176321,0.02616289,0.00845213,31.22263855,0.00000000,50.06326761,35.82170088,0.20803356,-0.47536119,1.31671755,0.21310470,-0.47591415,1.31766728,8.58115716,0.00000009
7.87000000,MOVE_LEG_FORWARD,-0.00331573,-0.01081064,0.00654021,-0.07974394,0.06986223,0.31371560,-0.08287413,0.06559344,0.09176315,0.02616297,0.00845221,31.22257119,0.00000000,50.06361148,35.82164955,0.20803359,-0.47536130,1.31671785,0.21310476,-0.47591447,1.31766801,8.58120811,0.00000007
7.88000000,MOVE_LEG_FORWARD,-0.00331578,-0.01081073,0.00654025,-0.07974399,0.06986225,0.31371560,-0.08287418,0.06559346,0.09176310,0.02616304,0.00845228,31.22251252,0.00000000,50.06357941,35.82164561,0.20803361,-0.47536142,1.31671809,0.21310476,-0.47591447,1.31766801,8.58121044,0.00000007
7.89000000,MOVE_LEG_FORWARD,-0.00331582,-0.01081081,0.00654029,-0.07974404,0.06986227,0.31371561,-0.08287423,0.06559348,0.09176305,0.02616309,0.00845234,31.22246227,0.00000000,50.06359474,35.82164708,0.20803363,-0.47536149,1.31671823,0.21310476,-0.47591447,1.31766801,8.58121832,0.00000008
7.90000000,MOVE_LEG_FORWARD,-0.00331587,-0.01081090,0.00654032,-0.07974409,0.06986229,0.31371561,-0.08287427,0.06559349,0.09176300,0.02616313,0.00845238,31.22242271,0.00000000,50.06361590,35.82165660,0.20803364,-0.47536153,1.31671831,0.21310476,-0.47591447,1.31766801,8.58122576,0.00000008
7.91000000,MOVE_LEG_FORWARD,-0.00331590,-0.01081098,0.00654034,-0.07974413,0.06986230,0.31371560,-0.08287431,0.06559350,0.09176296,0.02616317,0.00845241,31.22239419,0.00000000,50.06363921,35.82167040,0.20803364,-0.47536155,1.31671836,0.21310476,-0.47591447,1.31766801,8.58123270,0.00000009
7.92000000,MOVE_LEG_FORWARD,-0.00331592,-0.01081105,0.00654035,-0.07974417,0.06986231,0.31371560,-0.08287435,0.06559352,0.09176292,0.02616321,0.00845245,31.22237340,0.00000000,50.06407987,35.82163744,0.20803365,-0.47536161,1.31671854,0.21310483,-0.47591479,1.31766873,8.58129627,0.00000010
7.93000000,MOVE_LEG_FORWARD,-0.00331596,-0.01081106,0.00654035,-0.07974420,0.06986232,0.31371560,-0.08287438,0.06559352,0.09176288,0.02616326,0.00845250,31.22209931,0.00000000,50.06386336,35.82183460,0.20803366,-0.47536171,1.31671880,0.21310483,-0.47591479,1.31766873,8.58127738,0.00000001
7.94000000,MOVE_LEG_FORWARD,-0.00331600,-0.01081105,0.00654035,-0.07974423,0.06986233,0.31371560,-0.08287441,0.06559353,0.09176285,0.02616329,0.00845253,31.22215670,0.00000000,50.06385578,35.82179517,0.20803369,-0.47536179,1.31671895,0.21310483,-0.47591479,1.31766873,8.58128232,0.00000002
7.95000000,MOVE_LEG_FORWARD,-0.00331603,-0.01081104,0.00654034,-0.07974426,0.06986234,0.31371560,-0.08287443,0.06559354,0.09176282,0.02616330,0.00845255,31.22219345,0.00000000,50.06385486,35.82178083,0.20803370,-0.47536184,1.31671903,0.21310483,-0.47591479,1.31766873,8.58128554,0.00000002
7.96000000,MOVE_LEG_FORWARD,-0.00331605,-0.01081104,0.00654033,-0.07974427,0.06986235,0.31371559,-0.08287445,0.06559355,0.09176281,0.02616331,0.00845255,31.22222954,0.00000000,50.06385691,35.82177861,0.20803371,-0.47536188,1.31671908,0.21310483,-0.47591479,1.31766873,8.58128744,0.00000002
7.97000000,MOVE_LEG_FORWARD,-0.00331606,-0.01081103,0.00654032,-0.07974429,0.06986235,0.31371559,-0.08287447,0.06559356,0.09176280,0.02616331,0.00845256,31.22226565,0.00000000,50.06385696,35.82178158,0.20803371,-0.47536190,1.31671911,0.21310483,-0.47591479,1.31766873,8.58128810,0.00000002
7.98000000,MOVE_LEG_FORWARD,-0.00331607,-0.01081103,0.00654030,-0.07974430,0.06986236,0.31371559,-0.08287447,0.06559356,0.09176279,0.02616331,0.00845256,31.22230174,0.00000000,50.06385173,35.82178550,0.20803371,-0.47536190,1.31671913,0.21310483,-0.47591479,1.31766873,8.58128755,0.00000003
7.99000000,MOVE_LEG_FORWARD,-0.00331607,-0.01081102,0.00654029,-0.07974430,0.06986236,0.31371559,-0.08287448,0.06559357,0.09176279,0.02616331,0.00845255,31.22233750,0.00000000,50.06383951,35.82178821,0.20803370,-0.47536191,1.31671914,0.21310483,-0.47591479,1.31766873,8.58128582,0.00000003
8.00000000,MOVE_LEG_FORWARD,-0.00331606,-0.01081100,0.00654028,-0.07974430,0.06986237,0.31371559,-0.08287448,0.06559357,0.09176279,0.02616331,0.00845255,31.22237257,0.00000000,50.06381980,35.82178900,0.20803370,-0.47536191,1.31671915,0.21310483,-0.47591479,1.31766873,8.58128298,0.00000003
8.01000000,MOVE_LEG_FORWARD,-0.00331605,-0.01081099,0.00654028,-0.07974430,0.06986237,0.31371559,-0.08287448,0.06559357,0.09176280,0.02616330,0.00845254,31.22240667,0.00000000,50.06379293,35.82178801,0.20803370,-0.47536191,1.31671915,0.21310483,-0.47591479,1.31766873,8.58127907,0.00000003
8.02000000,MOVE_LEG_FORWARD,-0.00331604,-0.01081096,0.00654027,-0.07974429,0.06986237,0.31371559,-0.08287447,0.06559357,0.09176281,0.02616329,0.00845254,31.22243964,0.00000000,50.06375968,35.82178579,0.20803370,-0.47536190,1.31671915,0.21310483,-0.47591479,1.31766873,8.58127419,0.00000003
8.03000000,MOVE_LEG_FORWARD,-0.00331602,-0.01081093,0.00654026,-0.07974428,0.06986237,0.31371560,-0.08287446,0.06559357,0.09176282,0.02616329,0.00845253,31.22247151,0.00000000,50.06372107,35.82178301,0.20803370,-0.47536190,1.31671915,0.21310483,-0.47591479,1.31766873,8.58126844,0.00000003
8.04000000,MOVE_LEG_FORWARD,-0.00331600,-0.01081089,0.00654026,-0.07974426,0.06986236,0.31371560,-0.08287445,0.06559357,0.09176283,0.02616328,0.00845252,31.22250247,0.00000000,50.06367812,35.82178030,0.20803370,-0.47536190,1.31671916,0.21310483,-0.47591479,1.31766873,8.58126191,0.00000004
8.05000000,MOVE_LEG_FORWARD,-0.00331597,-0.01081085,0.00654026,-0.07974425,0.06986236,0.31371561,-0.08287443,0.06559357,0.09176285,0.02616327,0.00845251,31.22253277,0.00000000,50.06363184,35.82177820,0.20803370,-0.47536190,1.31671916,0.21310483,-0.47591479,1.31766873,8.58125474,0.00000004
8.06000000,MOVE_LEG_FORWARD,-0.00331594,-0.01081080,0.00654025,-0.07974423,0.06986235,0.31371561,-0.08287442,0.06559356,0.09176287,0.02616325,0.00845250,31.22256274,0.00000000,50.06358310,35.82177714,0.20803370,-0.47536190,1.31671916,0.21310483,-0.47591479,1.31766873,8.58124702,0.00000004
8.07000000,MOVE_LEG_FORWARD,-0.00331591,-0.01081075,0.00654025,-0.07974421,0.06986235,0.31371562,-0.08287440,0.06559355,0.09176289,0.02616324,0.00845248,31.22259266,0.00000000,50.06353267,35.82177743,0.20803370,-0.47536190,1.31671916,0.21310483,-0.47591479,1.31766873,8.58123887,0.00000004
8.08000000,MOVE_LEG_FORWARD,-0.00331587,-0.01081069,0.00654025,-0.07974418,0.06986234,0.31371562,-0.08287438,0.06559355,0.09176291,0.02616323,0.00845247,31.22262279,0.00000000,50.06348118,35.82177931,0.20803370,-0.47536190,1.31671916,0.21310483,-0.47591479,1.31766873,8.58123039,0.00000006
8.09000000,MOVE_LEG_FORWARD,-0.00331583,-0.01081063,0.00654024,-0.07974416,0.06986233,0.31371563,-0.08287435,0.06559354,0.09176294,0.02616321,0.00845245,31.22265331,0.00000000,50.06342916,35.82178295,0.20803370,-0.47536190,1.31671916,0.21310483,-0.47591479,1.31766873,8.58122165,0.00000007
8.10000000,MOVE_LEG_FORWARD,-0.00331578,-0.01081057,0.00654024,-0.07974413,0.06986232,0.31371564,-0.08287433,0.06559353,0.09176297,0.02616319,0.00845243,31.22268429,0.00000000,50.06337706,35.82178846,0.20803370,-0.47536190,1.31671916,0.21310483,-0.47591479,1.31766873,8.58121275,0.00000009
8.11000000,MOVE_LEG_FORWARD,-0.00331574,-0.01081051,0.00654023,-0.07974411,0.06986231,0.31371564,-0.08287430,0.06559352,0.09176299,0.02616316,0.00845241,31.22272064,0.00000000,50.06281217,35.82184289,0.20803369,-0.47536186,1.31671904,0.21310476,-0.47591448,1.31766802,8.58113221,0.00000005
8.12000000,MOVE_LEG_FORWARD,-0.00331571,-0.01081047,0.00654021,-0.07974408,0.06986229,0.31371565,-0.08287428,0.06559351,0.09176303,0.02616311,0.00845236,31.22275911,0.00000000,50.06303926,35.82186157,0.20803367,-0.47536175,1.31671880,0.21310476,-0.47591448,1.31766802,8.58116180,0.00000006
8.13000000,MOVE_LEG_FORWARD,-0.00331567,-0.01081042,0.00654019,-0.07974405,0.06986228,0.31371565,-0.08287425,0.06559349,0.09176306,0.02616307,0.00845232,31.22280686,0.00000000,50.06302753,35.82188230,0.20803366,-0.47536168,1.31671865,0.21310476,-0.47591448,1.31766802,8.58115567,0.00000006
8.14000000,MOVE_LEG_FORWARD,-0.00331562,-0.01081037,0.00654017,-0.07974402,0.06986227,0.31371565,-0.08287422,0.06559348,0.09176309,0.02616304,0.00845228,31.22285693,0.00000000,50.06300786,35.82189747,0.20803365,-0.47536163,1.31671857,0.21310476,-0.47591448,1.31766802,8.58114958,0.00000006
8.15000000,MOVE_LEG_FORWARD,-0.00331557,-0.01081031,0.00654014,-0.07974399,0.06986225,0.31371565,-0.08287419,0.06559347,0.09176312,0.02616301,0.00845225,31.22290600,0.00000000,50.06298515,35.82190998,0.20803364,-0.47536160,1.31671852,0.21310476,-0.47591448,1.31766802,8.58114386,0.00000006
8.16000000,MOVE_LEG_FORWARD,-0.00331552,-0.01081024,0.00654011,-0.07974396,0.06986224,0.31371565,-0.08287417,0.06559346,0.09176315,0.02616297,0.00845222,31.22295150,0.00000000,50.06296072,35.82192219,0.20803363,-0.47536159,1.31671849,0.21310476,-0.47591448,1.31766802,8.58113835,0.00000007
8.17000000,MOVE_LEG_FORWARD,-0.00331547,-0.01081018,0.00654009,-0.07974393,0.06986223,0.31371565,-0.08287414,0.06559344,0.09176317,0.02616294,0.00845219,31.22299172,0.00000000,50.06293533,35.82193521,0.20803363,-0.47536158,1.31671847,0.21310476,-0.47591448,1.31766802,8.58113293,0.00000009
8.18000000,MOVE_LEG_FORWARD,-0.00331544,-0.01081012,0.00654006,-0.07974391,0.06986221,0.31371565,-0.08287412,0.06559343,0.09176320,0.02616289,0.00845214,31.22303017,0.00000000,50.06259009,35.82200023,0.20803362,-0.47536151,1.31671825,0.21310470,-0.47591416,1.31766730,8.58108455,0.00000007
8.19000000,MOVE_LEG_FORWARD,-0.00331541,-0.01081008,0.00654003,-0.07974388,0.06986220,0.31371565,-0.08287409,0.06559342,0.09176323,0.02616284,0.00845209,31.22306899,0.00000000,50.06266285,35.82202386,0.20803359,-0.47536141,1.31671804,0.21310470,-0.47591416,1.31766730,8.58109030,0.00000007
8.20000000,MOVE_LEG_FORWARD,-0.00331537,-0.01081004,0.00653999,-0.07974386,0.06986219,0.31371564,-0.08287407,0.06559341,0.09176325,0.02616280,0.00845205,31.22310685,0.00000000,50.06267087,35.82204611,0.20803358,-0.47536134,1.31671791,0.21310470,-0.47591416,1.31766730,8.58108754,0.00000007
8.21000000,MOVE_LEG_FORWARD,-0.00331533,-0.01081000,0.00653996,-0.07974384,0.06986218,0.31371564,-0.08287405,0.06559340,0.09176328,0.02616277,0.00845201,31.22314023,0.00000000,50.06267264,35.82206147,0.20803357,-0.47536130,1.31671784,0.21310470,-0.47591416,1.31766730,8.58108505,0.00000007
8.22000000,MOVE_LEG_FORWARD,-0.00331529,-0.01080996,0.00653993,-0.07974382,0.06986216,0.31371563,-0.08287403,0.06559339,0.09176330,0.02616274,0.00845198,31.22316703,0.00000000,50.06267081,35.82207283,0.20803356,-0.47536128,1.31671779,0.21310470,-0.47591416,1.31766730,8.58108284,0.00000007
8.23000000,MOVE_LEG_FORWARD,-0.00331526,-0.01080992,0.00653990,-0.07974380,0.06986215,0.31371563,-0.08287401,0.06559338,0.09176331,0.02616271,0.00845196,31.22318610,0.00000000,50.06266669,35.82208207,0.20803356,-0.47536127,1.31671776,0.21310470,-0.47591416,1.31766730,8.58108077,0.00000007
8.24000000,MOVE_LEG_FORWARD,-0.00331523,-0.01080988,0.00653988,-0.07974378,0.06986214,0.31371563,-0.08287400,0.06559337,0.09176333,0.02616269,0.00845193,31.22319718,0.00000000,50.06266120,35.82209009,0.20803355,-0.47536126,1.31671775,0.21310470,-0.47591416,1.31766730,8.58107877,0.00000007
8.25000000,MOVE_LEG_FORWARD,-0.00331520,-0.01080985,0.00653986,-0.07974377,0.06986213,0.31371563,-0.08287398,0.06559336,0.09176334,0.02616267,0.00845192,31.22320072,0.00000000,50.06265501,35.82209713,0.20803355,-0.47536126,1.31671774,0.21310470,-0.47591416,1.31766730,8.58107682,0.00000008
8.26000000,MOVE_LEG_FORWARD,-0.00331518,-0.01080982,0.00653984,-0.07974376,0.06986212,0.31371562,-0.08287397,0.06559335,0.09176336,0.02616266,0.00845190,31.22319762,0.00000000,50.06264860,35.82210314,0.20803355,-0.47536126,1.31671773,0.21310470,-0.47591416,1.31766730,8.58107493,0.00000009
8.27000000,MOVE_LEG_FORWARD,-0.00331516,-0.01080980,0.00653983,-0.07974375,0.06986212,0.31371562,-0.08287396,0.06559334,0.09176337,0.02616264,0.00845189,31.22318906,0.00000000,50.06264238,35.82210795,0.20803355,-0.47536126,1.31671773,0.21310470,-0.47591416,1.31766730,8.58107315,0.00000010
8.28000000,MOVE_LEG_FORWARD,-0.00331515,-0.01080979,0.00653981,-0.07974374,0.06986211,0.31371562,-0.08287395,0.06559333,0.09176338,0.02616261,0.00845186,31.22318078,0.00000000,50.06231858,35.82216222,0.20803354,-0.47536119,1.31671752,0.21310463,-0.47591385,1.31766658,8.58102872,0.00000007
8.29000000,MOVE_LEG_FORWARD,-0.00331515,-0.01080980,0.00653980,-0.07974373,0.06986210,0.31371562,-0.08287394,0.06559333,0.09176339,0.02616258,0.00845183,31.22317654,0.00000000,50.06241258,35.82217314,0.20803352,-0.47536109,1.31671731,0.21310463,-0.47591385,1.31766658,8.58103847,0.00000007
8.30000000,MOVE_LEG_FORWARD,-0.00331515,-0.01080982,0.00653978,-0.07974372,0.06986210,0.31371562,-0.08287394,0.06559332,0.09176339,0.02616257,0.00845181,31.22317609,0.00000000,50.06244369,35.82218111,0.20803350,-0.47536103,1.31671719,0.21310463,-0.47591385,1.31766658,8.58104004,0.00000007
8.31000000,MOVE_LEG_FORWARD,-0.00331516,-0.01080983,0.00653977,-0.07974372,0.06986210,0.31371561,-0.08287394,0.06559332,0.09176340,0.02616256,0.00845180,31.22317647,0.00000000,50.06247044,35.82218128,0.20803350,-0.47536099,1.31671712,0.21310463,-0.47591385,1.31766658,8.58104224,0.00000007
8.32000000,MOVE_LEG_FORWARD,-0.00331516,-0.01080984,0.00653976,-0.07974372,0.06986210,0.31371561,-0.08287393,0.06559332,0.09176340,0.02616255,0.00845179,31.22317576,0.00000000,50.06249560,35.82217708,0.20803349,-0.47536097,1.31671707,0.21310463,-0.47591385,1.31766658,8.58104505,0.00000007
8.33000000,MOVE_LEG_FORWARD,-0.00331518,-0.01080985,0.00653975,-0.07974372,0.06986210,0.31371560,-0.08287394,0.06559332,0.09176340,0.02616255,0.00845179,31.22317260,0.00000000,50.06252043,35.82217080,0.20803349,-0.47536095,1.31671705,0.21310463,-0.47591385,1.31766658,8.58104833,0.00000007
8.34000000,MOVE_LEG_FORWARD,-0.00331519,-0.01080987,0.00653974,-0.07974373,0.06986210,0.31371560,-0.08287394,0.06559332,0.09176339,0.02616255,0.00845179,31.22316627,0.00000000,50.06254569,35.82216360,0.20803349,-0.47536095,1.31671703,0.21310463,-0.47591385,1.31766658,8.58105195,0.00000007
8.35000000,MOVE_LEG_FORWARD,-0.00331521,-0.01080988,0.00653974,-0.07974373,0.06986210,0.31371560,-0.08287394,0.06559333,0.09176339,0.02616255,0.00845179,31.22315655,0.00000000,50.06257170,35.82215587,0.20803349,-0.47536095,1.31671702,0.21310463,-0.47591385,1.31766658,8.58105585,0.00000007
8.36000000,MOVE_LEG_FORWARD,-0.00331524,-0.01080990,0.00653974,-0.07974374,0.06986211,0.31371559,-0.08287395,0.06559333,0.09176338,0.02616256,0.00845180,31.22314358,0.00000000,50.06259852,35.82214754,0.20803349,-0.47536095,1.31671702,0.21310463,-0.47591385,1.31766658,8.58105996,0.00000007
8.37000000,MOVE_LEG_FORWARD,-0.00331526,-0.01080992,0.00653975,-0.07974375,0.06986212,0.31371559,-0.08287396,0.06559334,0.09176337,0.02616256,0.00845181,31.22312770,0.00000000,50.06262605,35.82213839,0.20803349,-0.47536095,1.31671701,0.21310463,-0.47591385,1.31766658,8.58106426,0.00000007
8.38000000,RETURN_LEG,-0.00331529,-0.01080995,0.00653976,-0.07974376,0.06986212,0.31371559,-0.08287397,0.06559334,0.09176336,0.02616257,0.00845182,31.22310944,0.00000000,50.06265419,35.82212821,0.20803349,-0.47536095,1.31671701,0.21310463,-0.47591385,1.31766658,8.58106872,0.00000007
8.39000000,RETURN_LEG,-0.00331533,-0.01080998,0.00653977,-0.07974377,0.06986213,0.31371558,-0.08287398,0.06559335,0.09176335,0.02616258,0.00845183,31.22308936,0.00000000,50.06268281,35.82211685,0.20803349,-0.47536095,1.31671701,0.21310463,-0.47591385,1.31766658,8.58107333,0.00000007
8.40000000,RETURN_LEG,-0.00331537,-0.01081002,0.00653978,-0.07974378,0.06986214,0.31371558,-0.08287399,0.06559336,0.09176334,0.02616260,0.00845184,31.22306806,0.00000000,50.06271185,35.82210428,0.20803349,-0.47536095,1.31671701,0.21310463,-0.47591385,1.31766658,8.58107808,0.00000007
8.41000000,RETURN_LEG,-0.00331540,-0.01081005,0.00653979,-0.07974379,0.06986215,0.31371558,-0.08287400,0.06559337,0.09176332,0.02616261,0.00845186,31.22304610,0.00000000,50.06274128,35.82209059,0.20803349,-0.47536095,1.31671701,0.21310463,-0.47591385,1.31766658,8.58108297,0.00000008
8.42000000,RETURN_LEG,-0.00331545,-0.01081009,0.00653981,-0.07974381,0.06986216,0.31371558,-0.08287401,0.06559338,0.09176331,0.02616263,0.00845187,31.22302400,0.00000000,50.06277110,35.82207593,0.20803349,-0.47536095,1.31671701,0.21310463,-0.47591385,1.31766658,8.58108799,0.00000009
8.43000000,RETURN_LEG,-0.00331549,-0.01081013,0.00653983,-0.07974382,0.06986217,0.31371557,-0.08287403,0.06559339,0.09176329,0.02616266,0.00845190,31.22300725,0.00000000,50.06345783,35.82203712,0.20803349,-0.47536097,1.31671709,0.21310470,-0.47591416,1.31766730,8.58118630,0.00000007
8.44000000,RETURN_LEG,-0.00331551,-0.01081015,0.00653985,-0.07974384,0.06986219,0.31371557,-0.08287404,0.06559340,0.09176327,0.02616270,0.00845195,31.22297082,0.00000000,50.06307186,35.82198950,0.20803352,-0.47536108,1.31671735,0.21310470,-0.47591416,1.31766730,8.58113178,0.00000007
8.45000000,RETURN_LEG,-0.00331555,-0.01081017,0.00653988,-0.07974385,0.06986220,0.31371558,-0.08287406,0.06559341,0.09176325,0.02616274,0.00845198,31.22293524,0.00000000,50.06306175,35.82196309,0.20803353,-0.47536116,1.31671750,0.21310470,-0.47591416,1.31766730,8.58113407,0.00000008
8.46000000,RETURN_LEG,-0.00331558,-0.01081020,0.00653991,-0.07974387,0.06986221,0.31371558,-0.08287407,0.06559342,0.09176324,0.02616277,0.00845201,31.22289807,0.00000000,50.06306248,35.82194399,0.20803355,-0.47536121,1.31671759,0.21310470,-0.47591416,1.31766730,8.58113671,0.00000008
8.47000000,RETURN_LEG,-0.00331562,-0.01081023,0.00653994,-0.07974389,0.06986222,0.31371558,-0.08287409,0.06559343,0.09176322,0.02616280,0.00845204,31.22286246,0.00000000,50.06306762,35.82192962,0.20803355,-0.47536124,1.31671764,0.21310470,-0.47591416,1.31766730,8.58113911,0.00000008
8.48000000,RETURN_LEG,-0.00331566,-0.01081026,0.00653997,-0.07974390,0.06986223,0.31371559,-0.08287410,0.06559344,0.09176320,0.02616282,0.00845207,31.22283080,0.00000000,50.06307574,35.82191750,0.20803356,-0.47536125,1.31671768,0.21310470,-0.47591416,1.31766730,8.58114143,0.00000008
8.49000000,RETURN_LEG,-0.00331569,-0.01081030,0.00654000,-0.07974392,0.06986224,0.31371559,-0.08287411,0.06559345,0.09176319,0.02616285,0.00845209,31.22280455,0.00000000,50.06308592,35.82190634,0.20803356,-0.47536126,1.31671770,0.21310470,-0.47591416,1.31766730,8.58114382,0.00000008
8.50000000,RETURN_LEG,-0.00331573,-0.01081034,0.00654002,-0.07974393,0.06986225,0.31371559,-0.08287413,0.06559346,0.09176318,0.02616287,0.00845211,31.22278435,0.00000000,50.06309759,35.82189574,0.20803356,-0.47536126,1.31671771,0.21310470,-0.47591416,1.31766730,8.58114632,0.00000008
8.51000000,RETURN_LEG,-0.00331576,-0.01081038,0.00654004,-0.07974394,0.06986226,0.31371559,-0.08287414,0.06559347,0.09176316,0.02616289,0.00845213,31.22277023,0.00000000,50.06311042,35.82188580,0.20803357,-0.47536126,1.31671772,0.21310470,-0.47591416,1.31766730,8.58114898,0.00000008
8.52000000,RETURN_LEG,-0.00331579,-0.01081041,0.00654006,-0.07974395,0.06986227,0.31371560,-0.08287415,0.06559348,0.09176315,0.02616291,0.00845215,31.22276173,0.00000000,50.06312417,35.82187681,0.20803357,-0.47536126,1.31671772,0.21310470,-0.47591416,1.31766730,8.58115177,0.00000009
8.53000000,RETURN_LEG,-0.00331582,-0.01081044,0.00654008,-0.07974397,0.06986228,0.31371560,-0.08287416,0.06559349,0.09176314,0.02616292,0.00845217,31.22275811,0.00000000,50.06313859,35.82186905,0.20803357,-0.47536126,1.31671772,0.21310470,-0.47591416,1.31766730,8.58115466,0.00000010
8.54000000,RETURN_LEG,-0.00331583,-0.01081045,0.00654010,-0.07974398,0.06986229,0.31371560,-0.08287417,0.06559350,0.09176313,0.02616296,0.00845220,31.22275289,0.00000000,50.06344667,35.82181132,0.20803358,-0.47536134,1.31671796,0.21310476,-0.47591448,1.31766802,8.58119707,0.00000008
8.55000000,RETURN_LEG,-0.00331584,-0.01081045,0.00654012,-0.07974399,0.06986230,0.31371560,-0.08287418,0.06559351,0.09176311,0.02616299,0.00845223,31.22274441,0.00000000,50.06338371,35.82179725,0.20803360,-0.47536144,1.31671815,0.21310476,-0.47591448,1.31766802,8.58119194,0.00000008
8.56000000,RETURN_LEG,-0.00331585,-0.01081045,0.00654013,-0.07974400,0.06986231,0.31371560,-0.08287419,0.06559351,0.09176310,0.02616301,0.00845226,31.22273259,0.00000000,50.06336469,35.82178749,0.20803362,-0.47536150,1.31671827,0.21310476,-0.47591448,1.31766802,8.58119212,0.00000008
8.57000000,RETURN_LEG,-0.00331586,-0.01081045,0.00654015,-0.07974400,0.06986231,0.31371561,-0.08287420,0.06559352,0.09176309,0.02616303,0.00845227,31.22272069,0.00000000,50.06335049,35.82178532,0.20803362,-0.47536154,1.31671834,0.21310476,-0.47591448,1.31766802,8.58119185,0.00000008
8.58000000,RETURN_LEG,-0.00331586,-0.01081046,0.00654017,-0.07974401,0.06986231,0.31371561,-0.08287420,0.06559352,0.09176309,0.02616304,0.00845228,31.22271067,0.00000000,50.06333863,35.82178732,0.20803363,-0.47536156,1.31671838,0.21310476,-0.47591448,1.31766802,8.58119117,0.00000008
8.59000000,RETURN_LEG,-0.00331587,-0.01081046,0.00654018,-0.07974401,0.06986232,0.31371561,-0.08287421,0.06559352,0.09176308,0.02616305,0.00845229,31.22270379,0.00000000,50.06332777,35.82179128,0.20803363,-0.47536157,1.31671840,0.21310476,-0.47591448,1.31766802,8.58119020,0.00000008
8.60000000,RETURN_LEG,-0.00331587,-0.01081047,0.00654019,-0.07974402,0.06986232,0.31371562,-0.08287421,0.06559353,0.09176308,0.02616305,0.00845230,31.22270068,0.00000000,50.06331708,35.82179608,0.20803363,-0.47536157,1.31671842,0.21310476,-0.47591448,1.31766802,8.58118904,0.00000008
8.61000000,RETURN_LEG,-0.00331586,-0.01081047,0.00654019,-0.07974402,0.06986232,0.31371562,-0.08287421,0.06559353,0.09176308,0.02616306,0.00845230,31.22270143,0.00000000,50.06330613,35.82180136,0.20803363,-0.47536158,1.31671843,0.21310476,-0.47591448,1.31766802,8.58118773,0.00000008
8.62000000,RETURN_LEG,-0.00331585,-0.01081047,0.00654020,-0.07974402,0.06986232,0.31371562,-0.08287422,0.06559353,0.09176308,0.02616306,0.00845230,31.22270580,0.00000000,50.06329474,35.82180713,0.20803363,-0.47536158,1.31671843,0.21310476,-0.47591448,1.31766802,8.58118629,0.00000008
8.63000000,RETURN_LEG,-0.00331584,-0.01081047,0.00654020,-0.07974402,0.06986232,0.31371562,-0.08287422,0.06559352,0.09176308,0.02616306,0.00845230,31.22271331,0.00000000,50.06328283,35.82181357,0.20803363,-0.47536158,1.31671844,0.21310476,-0.47591448,1.31766802,8.58118473,0.00000008
8.64000000,RETURN_LEG,-0.00331583,-0.01081046,0.00654019,-0.07974402,0.06986231,0.31371562,-0.08287421,0.06559352,0.09176308,0.02616306,0.00845230,31.22272336,0.00000000,50.06327041,35.82182086,0.20803363,-0.47536158,1.31671844,0.21310476,-0.47591448,1.31766802,8.58118306,0.00000008
8.65000000,RETURN_LEG,-0.00331581,-0.01081045,0.00654019,-0.07974402,0.06986231,0.31371562,-0.08287421,0.06559352,0.09176308,0.02616305,0.00845230,31.22273531,0.00000000,50.06325743,35.82182909,0.20803363,-0.47536158,1.31671844,0.21310476,-0.47591448,1.31766802,8.58118124,0.00000007
8.66000000,RETURN_LEG,-0.00331579,-0.01081044,0.00654018,-0.07974401,0.06986231,0.31371562,-0.08287421,0.06559352,0.09176309,0.02616305,0.00845229,31.22274851,0.00000000,50.06324385,35.82183825,0.20803363,-0.47536158,1.31671844,0.21310476,-0.47591448,1.31766802,8.58117928,0.00000007
8.67000000,RETURN_LEG,-0.00331577,-0.01081042,0.00654017,-0.07974401,0.06986230,0.31371562,-0.08287420,0.06559351,0.09176309,0.02616304,0.00845228,31.22276238,0.00000000,50.06322959,35.82184825,0.20803363,-0.47536158,1.31671844,0.21310476,-0.47591448,1.31766802,8.58117716,0.00000007
8.68000000,RETURN_LEG,-0.00331575,-0.01081041,0.00654016,-0.07974400,0.06986230,0.31371563,-0.08287420,0.06559351,0.09176310,0.02616303,0.00845227,31.22277639,0.00000000,50.06321456,35.82185891,0.20803363,-0.47536158,1.31671844,0.21310476,-0.47591448,1.31766802,8.58117486,0.00000007
8.69000000,RETURN_LEG,-0.00331573,-0.01081039,0.00654015,-0.07974400,0.06986229,0.31371563,-0.08287419,0.06559350,0.09176310,0.02616302,0.00845226,31.22279015,0.00000000,50.06319870,35.82187005,0.20803363,-0.47536158,1.31671844,0.21310476,-0.47591448,1.31766802,8.58117238,0.00000007
8.70000000,RETURN_LEG,-0.00331570,-0.01081036,0.00654014,-0.07974399,0.06986228,0.31371563,-0.08287419,0.06559349,0.09176311,0.02616301,0.00845225,31.22280333,0.00000000,50.06318195,35.82188147,0.20803363,-0.47536158,1.31671844,0.21310476,-0.47591448,1.31766802,8.58116971,0.00000007
8.71000000,RETURN_LEG,-0.00331567,-0.01081034,0.00654012,-0.07974398,0.06986227,0.31371563,-0.08287418,0.06559349,0.09176312,0.02616300,0.00845224,31.22281573,0.00000000,50.06316432,35.82189297,0.20803363,-0.47536158,1.31671844,0.21310476,-0.47591448,1.31766802,8.58116685,0.00000007
8.72000000,RETURN_LEG,-0.00331564,-0.01081032,0.00654011,-0.07974397,0.06986227,0.31371563,-0.08287417,0.06559348,0.09176312,0.02616298,0.00845223,31.22282724,0.00000000,50.06314584,35.82190439,0.20803363,-0.47536158,1.31671844,0.21310476,-0.47591448,1.31766802,8.58116382,0.00000007
8.73000000,RETURN_LEG,-0.00331561,-0.01081029,0.00654010,-0.07974397,0.06986226,0.31371563,-0.08287417,0.06559347,0.09176313,0.02616297,0.00845222,31.22283783,0.00000000,50.06312659,35.82191561,0.20803363,-0.47536158,1.31671844,0.21310476,-0.47591448,1.31766802,8.58116063,0.00000007
8.74000000,RETURN_LEG,-0.00331558,-0.01081027,0.00654008,-0.07974396,0.06986225,0.31371563,-0.08287416,0.06559346,0.09176314,0.02616296,0.00845220,31.22284755,0.00000000,50.06310669,35.82192653,0.20803363,-0.47536158,1.31671844,0.21310476,-0.47591448,1.31766802,8.58115730,0.00000007
8.75000000,RETURN_LEG,-0.00331555,-0.01081024,0.00654007,-0.07974395,0.06986224,0.31371563,-0.08287415,0.06559346,0.09176315,0.02616295,0.00845219,31.22285650,0.00000000,50.06308630,35.82193710,0.20803363,-0.47536158,1.31671844,0.21310476,-0.47591448,1.31766802,8.58115385,0.00000007
8.76000000,RETURN_LEG,-0.00331552,-0.01081021,0.00654006,-0.07974394,0.06986223,0.31371563,-0.08287414,0.06559345,0.09176316,0.02616293,0.00845218,31.22286481,0.00000000,50.06306558,35.82194727,0.20803363,-0.47536158,1.31671844,0.21310476,-0.47591448,1.31766802,8.58115032,0.00000008
8.77000000,RETURN_LEG,-0.00331548,-0.01081019,0.00654004,-0.07974393,0.06986222,0.31371563,-0.08287413,0.06559344,0.09176317,0.02616292,0.00845217,31.22287264,0.00000000,50.06304473,35.82195702,0.20803363,-0.47536158,1.31671844,0.21310476,-0.47591448,1.31766802,8.58114673,0.00000009
8.78000000,RETURN_LEG,-0.00331545,-0.01081016,0.00654003,-0.07974392,0.06986221,0.31371563,-0.08287412,0.06559343,0.09176318,0.02616291,0.00845215,31.22288013,0.00000000,50.06302392,35.82196637,0.20803363,-0.47536158,1.31671844,0.21310476,-0.47591448,1.31766802,8.58114311,0.00000010
8.79000000,RETURN_LEG,-0.00331544,-0.01081016,0.00654002,-0.07974391,0.06986220,0.31371563,-0.08287411,0.06559342,0.09176320,0.02616287,0.00845211,31.22289435,0.00000000,50.06274107,35.82202712,0.20803361,-0.47536148,1.31671816,0.21310470,-0.47591416,1.31766730,8.58110392,0.00000006
8.80000000,RETURN_LEG,-0.00331543,-0.01081015,0.00654000,-0.07974390,0.06986219,0.31371563,-0.08287410,0.06559341,0.09176321,0.02616284,0.00845208,31.22291511,0.00000000,50.06277531,35.82204637,0.20803359,-0.47536139,1.31671799,0.21310470,-0.47591416,1.31766730,8.58110508,0.00000006
8.81000000,RETURN_LEG,-0.00331541,-0.01081015,0.00653997,-0.07974389,0.06986219,0.31371563,-0.08287409,0.06559340,0.09176322,0.02616282,0.00845206,31.22293985,0.00000000,50.06278770,35.82205933,0.20803358,-0.47536133,1.31671788,0.21310470,-0.47591416,1.31766730,8.58110427,0.00000006
8.82000000,RETURN_LEG,-0.00331539,-0.01081014,0.00653995,-0.07974388,0.06986218,0.31371563,-0.08287408,0.06559340,0.09176323,0.02616280,0.00845204,31.22296517,0.00000000,50.06279590,35.82206627,0.20803357,-0.47536130,1.31671782,0.21310470,-0.47591416,1.31766730,8.58110388,0.00000006
8.83000000,RETURN_LEG,-0.00331537,-0.01081012,0.00653993,-0.07974387,0.06986217,0.31371562,-0.08287408,0.06559339,0.09176324,0.02616278,0.00845202,31.22298851,0.00000000,50.06280167,35.82207020,0.20803356,-0.47536128,1.31671778,0.21310470,-0.47591416,1.31766730,8.58110376,0.00000006
8.84000000,RETURN_LEG,-0.00331536,-0.01081010,0.00653991,-0.07974386,0.06986217,0.31371562,-0.08287407,0.06559339,0.09176325,0.02616277,0.00845201,31.22300812,0.00000000,50.06280599,35.82207284,0.20803356,-0.47536127,1.31671776,0.21310470,-0.47591416,1.31766730,8.58110376,0.00000006
8.85000000,RETURN_LEG,-0.00331535,-0.01081009,0.00653990,-0.07974386,0.06986216,0.31371561,-0.08287406,0.06559338,0.09176325,0.02616275,0.00845200,31.22302305,0.00000000,50.06280940,35.82207489,0.20803356,-0.47536127,1.31671775,0.21310470,-0.47591416,1.31766730,8.58110378,0.00000006
8.86000000,RETURN_LEG,-0.00331534,-0.01081007,0.00653989,-0.07974385,0.06986216,0.31371561,-0.08287406,0.06559338,0.09176326,0.02616274,0.00845199,31.22303294,0.00000000,50.06281216,35.82207643,0.20803356,-0.47536127,1.31671774,0.21310470,-0.47591416,1.31766730,8.58110376,0.00000006
8.87000000,RETURN_LEG,-0.00331533,-0.01081005,0.00653988,-0.07974385,0.06986216,0.31371561,-0.08287405,0.06559338,0.09176326,0.02616273,0.00845198,31.22303793,0.00000000,50.06281435,35.82207725,0.20803356,-0.47536127,1.31671773,0.21310470,-0.47591416,1.31766730,8.58110367,0.00000006
8.88000000,RETURN_LEG,-0.00331532,-0.01081004,0.00653987,-0.07974384,0.06986215,0.31371561,-0.08287405,0.06559337,0.09176327,0.02616273,0.00845197,31.22303848,0.00000000,50.06281605,35.82207705,0.20803356,-0.47536127,1.31671773,0.21310470,-0.47591416,1.31766730,8.58110353,0.00000006
8.89000000,RETURN_LEG,-0.00331532,-0.01081003,0.00653986,-0.07974384,0.06986215,0.31371561,-0.08287405,0.06559337,0.09176327,0.02616272,0.00845196,31.22303527,0.00000000,50.06281733,35.82207563,0.20803356,-0.47536127,1.31671773,0.21310470,-0.47591416,1.31766730,8.58110335,0.00000006
8.90000000,RETURN_LEG,-0.00331532,-0.01081003,0.00653986,-0.07974384,0.06986215,0.31371561,-0.08287404,0.06559337,0.09176327,0.02616272,0.00845196,31.22302909,0.00000000,50.06281836,35.82207289,0.20803355,-0.47536127,1.31671773,0.21310470,-0.47591416,1.31766730,8.58110315,0.00000006
8.91000000,RETURN_LEG,-0.00331532,-0.01081003,0.00653986,-0.07974383,0.06986215,0.31371561,-0.08287404,0.06559337,0.09176328,0.02616272,0.00845196,31.22302078,0.00000000,50.06281934,35.82206888,0.20803355,-0.47536126,1.31671773,0.21310470,-0.47591416,1.31766730,8.58110299,0.00000006
8.92000000,RETURN_LEG,-0.00331532,-0.01081003,0.00653987,-0.07974383,0.06986215,0.31371561,-0.08287404,0.06559337,0.09176328,0.02616272,0.00845196,31.22301115,0.00000000,50.06282055,35.82206375,0.20803356,-0.47536126,1.31671773,0.21310470,-0.47591416,1.31766730,8.58110290,0.00000006
8.93000000,RETURN_LEG,-0.00331533,-0.01081003,0.00653987,-0.07974383,0.06986215,0.31371561,-0.08287404,0.06559337,0.09176328,0.02616272,0.00845197,31.22300093,0.00000000,50.06282225,35.82205772,0.20803356,-0.47536126,1.31671773,0.21310470,-0.47591416,1.31766730,8.58110292,0.00000007
8.94000000,RETURN_LEG,-0.00331534,-0.01081003,0.00653988,-0.07974383,0.06986215,0.31371561,-0.08287404,0.06559337,0.09176328,0.02616273,0.00845197,31.22299076,0.00000000,50.06282471,35.82205105,0.20803356,-0.47536126,1.31671773,0.21310470,-0.47591416,1.31766730,8.58110310,0.00000007
8.95000000,RETURN_LEG,-0.00331534,-0.01081004,0.00653988,-0.07974383,0.06986215,0.31371561,-0.08287404,0.06559337,0.09176328,0.02616273,0.00845197,31.22298113,0.00000000,50.06282814,35.82204399,0.20803356,-0.47536126,1.31671773,0.21310470,-0.47591416,1.31766730,8.58110346,0.00000007
8.96000000,RETURN_LEG,-0.00331535,-0.01081005,0.00653989,-0.07974383,0.06986215,0.31371561,-0.08287404,0.06559337,0.09176328,0.02616273,0.00845198,31.22297240,0.00000000,50.06283270,35.82203677,0.20803356,-0.47536126,1.31671773,0.21310470,-0.47591416,1.31766730,8.58110402,0.00000007
8.97000000,RETURN_LEG,-0.00331536,-0.01081005,0.00653990,-0.07974383,0.06986216,0.31371561,-0.08287404,0.06559337,0.09176328,0.02616274,0.00845198,31.22296478,0.00000000,50.06283849,35.82202959,0.20803356,-0.47536126,1.31671773,0.21310470,-0.47591416,1.31766730,8.58110480,0.00000007
8.98000000,RETURN_LEG,-0.00331538,-0.01081006,0.00653990,-0.07974384,0.06986216,0.31371561,-0.08287404,0.06559338,0.09176327,0.02616275,0.00845199,31.22295838,0.00000000,50.06284552,35.82202260,0.20803356,-0.47536126,1.31671773,0.21310470,-0.47591416,1.31766730,8.58110580,0.00000007
8.99000000,RETURN_LEG,-0.00331539,-0.01081007,0.00653991,-0.07974384,0.06986216,0.31371561,-0.08287404,0.06559338,0.09176327,0.02616275,0.00845200,31.22295315,0.00000000,50.06285375,35.82201588,0.20803356,-0.47536126,1.31671773,0.21310470,-0.47591416,1.31766730,8.58110701,0.00000007
9.00000000,RETURN_LEG,-0.00331541,-0.01081008,0.00653992,-0.07974384,0.06986217,0.31371561,-0.08287405,0.06559338,0.09176327,0.02616276,0.00845200,31.22294900,0.00000000,50.06286309,35.82200949,0.20803356,-0.47536126,1.31671773,0.21310470,-0.47591416,1.31766730,8.58110841,0.00000007
9.01000000,RETURN_LEG,-0.00331542,-0.01081009,0.00653993,-0.07974384,0.06986217,0.31371561,-0.08287405,0.06559339,0.09176327,0.02616276,0.00845201,31.22294572,0.00000000,50.06287339,35.82200346,0.20803356,-0.47536126,1.31671773,0.21310470,-0.47591416,1.31766730,8.58110998,0.00000007
9.02000000,RETURN_LEG,-0.00331544,-0.01081010,0.00653993,-0.07974385,0.06986217,0.31371561,-0.08287405,0.06559339,0.09176326,0.02616277,0.00845201,31.22294311,0.00000000,50.06288448,35.82199777,0.20803356,-0.47536126,1.31671773,0.21310470,-0.47591416,1.31766730,8.58111170,0.00000007
9.03000000,RETURN_LEG,-0.00331545,-0.01081011,0.00653994,-0.07974385,0.06986218,0.31371561,-0.08287406,0.06559339,0.09176326,0.02616278,0.00845202,31.22294092,0.00000000,50.06289618,35.82199239,0.20803356,-0.47536126,1.31671773,0.21310470,-0.47591416,1.31766730,8.58111355,0.00000007
9.04000000,RETURN_LEG,-0.00331547,-0.01081012,0.00653995,-0.07974385,0.06986218,0.31371561,-0.08287406,0.06559340,0.09176325,0.02616278,0.00845203,31.22293891,0.00000000,50.06290829,35.82198727,0.20803356,-0.47536126,1.31671773,0.21310470,-0.47591416,1.31766730,8.58111548,0.00000007
9.05000000,RETURN_LEG,-0.00331548,-0.01081014,0.00653995,-0.07974386,0.06986219,0.31371561,-0.08287406,0.06559340,0.09176325,0.02616279,0.00845203,31.22293687,0.00000000,50.06292063,35.82198236,0.20803356,-0.47536126,1.31671773,0.21310470,-0.47591416,1.31766730,8.58111747,0.00000007
9.06000000,RETURN_LEG,-0.00331550,-0.01081015,0.00653996,-0.07974386,0.06986219,0.31371561,-0.08287407,0.06559341,0.09176325,0.02616279,0.00845204,31.22293461,0.00000000,50.06293303,35.82197763,0.20803356,-0.47536126,1.31671773,0.21310470,-0.47591416,1.31766730,8.58111951,0.00000007
9.07000000,RETURN_LEG,-0.00331552,-0.01081016,0.00653997,-0.07974387,0.06986220,0.31371561,-0.08287407,0.06559341,0.09176324,0.02616280,0.00845204,31.22293198,0.00000000,50.06294533,35.82197303,0.20803356,-0.47536126,1.31671773,0.21310470,-0.47591416,1.31766730,8.58112155,0.00000007
9.08000000,RETURN_LEG,-0.00331554,-0.01081017,0.00653997,-0.07974387,0.06986220,0.31371561,-0.08287408,0.06559342,0.09176323,0.02616280,0.00845205,31.22292890,0.00000000,50.06295739,35.82196854,0.20803356,-0.47536126,1.31671773,0.21310470,-0.47591416,1.31766730,8.58112359,0.00000007
9.09000000,RETURN_LEG,-0.00331555,-0.01081019,0.00653998,-0.07974388,0.06986221,0.31371561,-0.08287408,0.06559342,0.09176323,0.02616281,0.00845205,31.22292530,0.00000000,50.06296913,35.82196413,0.20803356,-0.47536126,1.31671773,0.21310470,-0.47591416,1.31766730,8.58112560,0.00000007
9.10000000,RETURN_LEG,-0.00331557,-0.01081020,0.00653998,-0.07974388,0.06986221,0.31371560,-0.08287409,0.06559343,0.09176322,0.02616282,0.00845206,31.22292119,0.00000000,50.06298046,35.82195980,0.20803356,-0.47536126,1.31671773,0.21310470,-0.47591416,1.31766730,8.58112757,0.00000008
9.11000000,RETURN_LEG,-0.00331559,-0.01081022,0.00653999,-0.07974389,0.06986222,0.31371560,-0.08287409,0.06559343,0.09176322,0.02616282,0.00845207,31.22291660,0.00000000,50.06299132,35.82195556,0.20803356,-0.47536126,1.31671773,0.21310470,-0.47591416,1.31766730,8.58112950,0.00000008
9.12000000,RETURN_LEG,-0.00331560,-0.01081023,0.00653999,-0.07974389,0.06986223,0.31371560,-0.08287410,0.06559344,0.09176321,0.02616283,0.00845207,31.22291159,0.00000000,50.06300167,35.82195141,0.20803356,-0.47536126,1.31671773,0.21310470,-0.47591416,1.31766730,8.58113137,0.00000008
9.13000000,RETURN_LEG,-0.00331562,-0.01081024,0.00654000,-0.07974390,0.06986223,0.31371560,-0.08287410,0.06559344,0.09176321,0.02616283,0.00845208,31.22290625,0.00000000,50.06301152,35.82194738,0.20803356,-0.47536126,1.31671773,0.21310470,-0.47591416,1.31766730,8.58113318,0.00000008
9.14000000,RETURN_LEG,-0.00331563,-0.01081026,0.00654000,-0.07974391,0.06986224,0.31371560,-0.08287411,0.06559345,0.09176320,0.02616284,0.00845208,31.22290067,0.00000000,50.06302084,35.82194350,0.20803356,-0.47536126,1.31671773,0.21310470,-0.47591416,1.31766730,8.58113493,0.00000008
9.15000000,RETURN_LEG,-0.00331565,-0.01081027,0.00654001,-0.07974391,0.06986224,0.31371560,-0.08287411,0.06559345,0.09176319,0.02616285,0.00845209,31.22289498,0.00000000,50.06302965,35.82193978,0.20803356,-0.47536126,1.31671773,0.21310470,-0.47591416,1.31766730,8.58113661,0.00000008
9.16000000,RETURN_LEG,-0.00331566,-0.01081029,0.00654001,-0.07974392,0.06986225,0.31371560,-0.08287412,0.06559346,0.09176319,0.02616285,0.00845210,31.22288928,0.00000000,50.06303797,35.82193626,0.20803356,-0.47536126,1.31671773,0.21310470,-0.47591416,1.31766730,8.58113823,0.00000008
9.17000000,RETURN_LEG,-0.00331568,-0.01081030,0.00654002,-0.07974392,0.06986225,0.31371560,-0.08287412,0.06559346,0.09176318,0.02616286,0.00845210,31.22288366,0.00000000,50.06304580,35.82193296,0.20803356,-0.47536126,1.31671773,0.21310470,-0.47591416,1.31766730,8.58113979,0.00000008
9.18000000,RETURN_LEG,-0.00331569,-0.01081032,0.00654002,-0.07974393,0.06986226,0.31371560,-0.08287413,0.06559347,0.09176318,0.02616286,0.00845211,31.22287823,0.00000000,50.06305318,35.82192991,0.20803356,-0.47536126,1.31671773,0.21310470,-0.47591416,1.31766730,8.58114128,0.00000008
9.19000000,RETURN_LEG,-0.00331570,-0.01081033,0.00654002,-0.07974393,0.06986226,0.31371560,-0.08287413,0.06559347,0.09176317,0.02616287,0.00845211,31.22287306,0.00000000,50.06306010,35.82192711,0.20803356,-0.47536126,1.31671773,0.21310470,-0.47591416,1.31766730,8.58114271,0.00000008
9.20000000,RETURN_LEG,-0.00331572,-0.01081034,0.00654003,-0.07974394,0.06986226,0.31371560,-0.08287414,0.06559348,0.09176317,0.02616287,0.00845212,31.22286820,0.00000000,50.06306660,35.82192457,0.20803356,-0.47536126,1.31671773,0.21310470,-0.47591416,1.31766730,8.58114407,0.00000008
9.21000000,RETURN_LEG,-0.00331573,-0.01081036,0.00654003,-0.07974394,0.06986227,0.31371559,-0.08287414,0.06559348,0.09176316,0.02616288,0.00845212,31.22286371,0.00000000,50.06307266,35.82192231,0.20803356,-0.47536126,1.31671773,0.21310470,-0.47591416,1.31766730,8.58114536,0.00000008
9.22000000,RETURN_LEG,-0.00331574,-0.01081037,0.00654003,-0.07974395,0.06986227,0.31371559,-0.08287415,0.06559348,0.09176315,0.02616288,0.00845213,31.22285960,0.00000000,50.06307831,35.82192032,0.20803356,-0.47536126,1.31671773,0.21310470,-0.47591416,1.31766730,8.58114659,0.00000008
9.23000000,RETURN_LEG,-0.00331575,-0.01081038,0.00654004,-0.07974395,0.06986228,0.31371559,-0.08287415,0.06559349,0.09176315,0.02616289,0.00845213,31.22285590,0.00000000,50.06308352,35.82191860,0.20803356,-0.47536126,1.31671773,0.21310470,-0.47591416,1.31766730,8.58114775,0.00000008
9.24000000,RETURN_LEG,-0.00331576,-0.01081039,0.00654004,-0.07974396,0.06986228,0.31371559,-0.08287416,0.06559349,0.09176314,0.02616289,0.00845214,31.22285260,0.00000000,50.06308831,35.82191713,0.20803356,-0.47536126,1.31671773,0.21310470,-0.47591416,1.31766730,8.58114883,0.00000008
9.25000000,RETURN_LEG,-0.00331577,-0.01081040,0.00654004,-0.07974396,0.06986228,0.31371559,-0.08287416,0.06559349,0.09176314,0.02616290,0.00845214,31.22284969,0.00000000,50.06309267,35.82191590,0.20803356,-0.47536126,1.31671773,0.21310470,-0.47591416,1.31766730,8.58114983,0.00000008
9.26000000,RETURN_LEG,-0.00331578,-0.01081041,0.00654005,-0.07974397,0.06986229,0.31371559,-0.08287417,0.06559350,0.09176314,0.02616290,0.00845214,31.22284716,0.00000000,50.06309658,35.82191490,0.20803356,-0.47536126,1.31671773,0.21310470,-0.47591416,1.31766730,8.58115076,0.00000009
9.27000000,RETURN_LEG,-0.00331578,-0.01081042,0.00654005,-0.07974397,0.06986229,0.31371559,-0.08287417,0.06559350,0.09176313,0.02616290,0.00845215,31.22284498,0.00000000,50.06310004,35.82191412,0.20803356,-0.47536126,1.31671773,0.21310470,-0.47591416,1.31766730,8.58115161,0.00000009
9.28000000,RETURN_LEG,-0.00331579,-0.01081043,0.00654005,-0.07974398,0.06986229,0.31371559,-0.08287417,0.06559350,0.09176313,0.02616291,0.00845215,31.22284313,0.00000000,50.06310303,35.82191352,0.20803356,-0.47536126,1.31671773,0.21310470,-0.47591416,1.31766730,8.58115237,0.00000009
9.29000000,RETURN_LEG,-0.00331580,-0.01081044,0.00654005,-0.07974398,0.06986229,0.31371559,-0.08287418,0.06559350,0.09176312,0.02616291,0.00845215,31.22284159,0.00000000,50.06310557,35.82191311,0.20803356,-0.47536126,1.31671773,0.21310470,-0.47591416,1.31766730,8.58115304,0.00000009
9.30000000,RETURN_LEG,-0.00331580,-0.01081044,0.00654005,-0.07974398,0.06986230,0.31371559,-0.08287418,0.06559350,0.09176312,0.02616291,0.00845216,31.22284032,0.00000000,50.06310763,35.82191286,0.20803356,-0.47536127,1.31671773,0.21310470,-0.47591416,1.31766730,8.58115363,0.00000010
9.31000000,RETURN_LEG,-0.00331581,-0.01081045,0.00654005,-0.07974399,0.06986230,0.31371559,-0.08287418,0.06559351,0.09176312,0.02616291,0.00845216,31.22283932,0.00000000,50.06310922,35.82191276,0.20803356,-0.47536127,1.31671773,0.21310470,-0.47591416,1.31766730,8.58115413,0.00000010
9.32000000,RETURN_LEG,-0.00331581,-0.01081045,0.00654006,-0.07974399,0.06986230,0.31371559,-0.08287419,0.06559351,0.09176312,0.02616292,0.00845216,31.22283856,0.00000000,50.06311034,35.82191280,0.20803356,-0.47536127,1.31671773,0.21310470,-0.47591416,1.31766730,8.58115455,0.00000010
9.33000000,RETURN_LEG,-0.00331581,-0.01081046,0.00654006,-0.07974399,0.06986230,0.31371559,-0.08287419,0.06559351,0.09176311,0.02616292,0.00845216,31.22283802,0.00000000,50.06311101,35.82191296,0.20803356,-0.47536127,1.31671773,0.21310470,-0.47591416,1.31766730,8.58115487,0.00000010
9.34000000,RETURN_LEG,-0.00331580,-0.01081046,0.00654006,-0.07974399,0.06986230,0.31371559,-0.08287419,0.06559351,0.09176311,0.02616293,0.00845218,31.22283493,0.00000000,50.06352394,35.82186515,0.20803357,-0.47536131,1.31671787,0.21310476,-0.47591448,1.31766802,8.58121159,0.00000007
9.35000000,RETURN_LEG,-0.00331579,-0.01081043,0.00654007,-0.07974400,0.06986230,0.31371559,-0.08287419,0.06559351,0.09176310,0.02616296,0.00845220,31.22282475,0.00000000,50.06333868,35.82185657,0.20803359,-0.47536142,1.31671811,0.21310476,-0.47591448,1.31766802,8.58118752,0.00000007
9.36000000,RETURN_LEG,-0.00331578,-0.01081041,0.00654008,-0.07974400,0.06986230,0.31371560,-0.08287419,0.06559351,0.09176310,0.02616298,0.00845222,31.22280878,0.00000000,50.06330125,35.82184838,0.20803361,-0.47536149,1.31671824,0.21310476,-0.47591448,1.31766802,8.58118483,0.00000007
9.37000000,RETURN_LEG,-0.00331576,-0.01081040,0.00654009,-0.07974400,0.06986230,0.31371560,-0.08287419,0.06559351,0.09176310,0.02616299,0.00845223,31.22279100,0.00000000,50.06327095,35.82184748,0.20803362,-0.47536153,1.31671832,0.21310476,-0.47591448,1.31766802,8.58118193,0.00000008
9.38000000,LOWER_LEG,-0.00331575,-0.01081038,0.00654010,-0.07974400,0.06986229,0.31371561,-0.08287419,0.06559350,0.09176310,0.02616299,0.00845224,31.22277432,0.00000000,50.06324414,35.82185067,0.20803362,-0.47536156,1.31671837,0.21310476,-0.47591448,1.31766802,8.58117868,0.00000008
9.39000000,LOWER_LEG,-0.00331574,-0.01081037,0.00654011,-0.07974399,0.06986229,0.31371561,-0.08287419,0.06559350,0.09176310,0.02616300,0.00845224,31.22276091,0.00000000,50.06321968,35.82185560,0.20803363,-0.47536157,1.31671839,0.21310476,-0.47591448,1.31766802,8.58117527,0.00000008
9.40000000,LOWER_LEG,-0.00331573,-0.01081037,0.00654011,-0.07974399,0.06986229,0.31371562,-0.08287419,0.06559350,0.09176311,0.02616295,0.00845219,31.22273958,0.00000000,50.06320534,35.82182769,0.20803362,-0.47536140,1.31671795,0.21310462,-0.47591379,1.31766646,8.58117324,0.00000009
9.41000000,LOWER_LEG,-0.00331575,-0.01081037,0.00654012,-0.07974399,0.06986228,0.31371563,-0.08287419,0.06559349,0.09176311,0.02616278,0.00845203,31.22270629,0.00000000,50.06319113,35.82178812,0.20803355,-0.47536078,1.31671643,0.21310421,-0.47591185,1.31766206,8.58117013,0.00000008
9.42000000,LOWER_LEG,-0.00331579,-0.01081038,0.00654011,-0.07974399,0.06986228,0.31371564,-0.08287418,0.06559349,0.09176312,0.02616241,0.00845165,31.22264779,0.00000000,50.06319052,35.82170537,0.20803337,-0.47535948,1.31671333,0.21310359,-0.47590894,1.31765546,8.58116941,0.00000008
9.43000000,LOWER_LEG,-0.00331586,-0.01081041,0.00654010,-0.07974399,0.06986228,0.31371565,-0.08287418,0.06559349,0.09176312,0.02616172,0.00845096,31.22256321,0.00000000,50.06318979,35.82160705,0.20803299,-0.47535713,1.31670782,0.21310263,-0.47590442,1.31764518,8.58116812,0.00000009
9.44000000,LOWER_LEG,-0.00331595,-0.01081045,0.00654008,-0.07974399,0.06986228,0.31371566,-0.08287417,0.06559349,0.09176313,0.02616063,0.00844987,31.22245979,0.00000000,50.06319020,35.82149114,0.20803235,-0.47535344,1.31669927,0.21310126,-0.47589793,1.31763046,8.58116643,0.00000009
9.45000000,LOWER_LEG,-0.00331605,-0.01081052,0.00654006,-0.07974400,0.06986228,0.31371568,-0.08287416,0.06559349,0.09176313,0.02615904,0.00844828,31.22285510,0.00000000,50.06325308,35.82093951,0.20803137,-0.47534810,1.31668692,0.21309940,-0.47588916,1.31761055,8.58116892,0.00000004
9.46000000,LOWER_LEG,-0.00331615,-0.01081064,0.00654004,-0.07974401,0.06986229,0.31371571,-0.08287416,0.06559349,0.09176314,0.02615683,0.00844607,31.22240881,0.00000000,50.06325104,35.82103471,0.20802996,-0.47534077,1.31667003,0.21309699,-0.47587779,1.31758475,8.58116368,0.00000007
9.47000000,LOWER_LEG,-0.00331627,-0.01081078,0.00654002,-0.07974403,0.06986230,0.31371574,-0.08287415,0.06559350,0.09176314,0.02615391,0.00844316,31.22218723,0.00000000,50.06368125,35.82083733,0.20802807,-0.47533110,1.31664789,0.21309396,-0.47586352,1.31755235,8.58122065,0.00000001
9.48000000,LOWER_LEG,-0.00331640,-0.01081092,0.00654000,-0.07974406,0.06986232,0.31371577,-0.08287414,0.06559351,0.09176314,0.02615018,0.00843942,31.22196170,0.00000000,50.06350092,35.82068705,0.20802562,-0.47531880,1.31661977,0.21309026,-0.47584604,1.31751267,8.58119607,0.00000005
9.49000000,LOWER_LEG,-0.00331656,-0.01081107,0.00653999,-0.07974410,0.06986234,0.31371580,-0.08287414,0.06559353,0.09176314,0.02614553,0.00843477,31.22173332,0.00000000,50.06348616,35.82051589,0.20802254,-0.47530358,1.31658500,0.21308582,-0.47582509,1.31746511,8.58119657,0.00000010
9.50000000,LOWER_LEG,-0.00331673,-0.01081121,0.00653998,-0.07974414,0.06986236,0.31371584,-0.08287413,0.06559355,0.09176314,0.02613986,0.00842911,31.22149581,0.00000000,50.06375420,35.82027626,0.20801878,-0.47528513,1.31654290,0.21308058,-0.47580038,1.31740901,8.58123551,0.00000004
9.51000000,LOWER_LEG,-0.00331693,-0.01081137,0.00653997,-0.07974419,0.06986239,0.31371588,-0.08287412,0.06559357,0.09176315,0.02613310,0.00842234,31.22126775,0.00000000,50.06373634,35.82009619,0.20801427,-0.47526319,1.31649285,0.21307449,-0.47577166,1.31734381,8.58123792,0.00000009
9.52000000,LOWER_LEG,-0.00331713,-0.01081153,0.00653997,-0.07974425,0.06986243,0.31371592,-0.08287411,0.06559360,0.09176315,0.02612515,0.00841439,31.22103919,0.00000000,50.06401414,35.81985641,0.20800896,-0.47523747,1.31643425,0.21306751,-0.47573867,1.31726894,8.58127999,0.00000005
9.53000000,LOWER_LEG,-0.00331734,-0.01081170,0.00653997,-0.07974431,0.06986247,0.31371596,-0.08287409,0.06559363,0.09176316,0.02611593,0.00840517,31.22082233,0.00000000,50.06468402,35.81963679,0.20800278,-0.47520773,1.31636649,0.21305957,-0.47570119,1.31718387,8.58138141,0.00000002
9.54000000,LOWER_LEG,-0.00331757,-0.01081186,0.00653997,-0.07974438,0.06986251,0.31371600,-0.08287407,0.06559367,0.09176318,0.02610536,0.00839460,31.22061756,0.00000000,50.06430798,35.81944734,0.20799569,-0.47517372,1.31628903,0.21305063,-0.47565899,1.31708808,8.58133219,0.00000006
9.55000000,LOWER_LEG,-0.00331781,-0.01081204,0.00653998,-0.07974446,0.06986256,0.31371604,-0.08287405,0.06559371,0.09176320,0.02609336,0.00838260,31.22042183,0.00000000,50.06471432,35.81921014,0.20798765,-0.47513519,1.31620134,0.21304064,-0.47561185,1.31698108,8.58139466,0.00000003
9.56000000,LOWER_LEG,-0.00331806,-0.01081222,0.00654000,-0.07974454,0.06986262,0.31371607,-0.08287401,0.06559376,0.09176323,0.02607986,0.00836910,31.22024402,0.00000000,50.06465075,35.81905241,0.20797858,-0.47509193,1.31610290,0.21302957,-0.47555956,1.31686240,8.58139397,0.00000009
9.57000000,LOWER_LEG,-0.00331831,-0.01081240,0.00654002,-0.07974463,0.06986268,0.31371611,-0.08287397,0.06559381,0.09176327,0.02606479,0.00835403,31.22007235,0.00000000,50.06498459,35.81882916,0.20796847,-0.47504372,1.31599322,0.21301738,-0.47550193,1.31673160,8.58144744,0.00000006
9.58000000,LOWER_LEG,-0.00331857,-0.01081258,0.00654004,-0.07974472,0.06986274,0.31371614,-0.08287392,0.06559386,0.09176332,0.02604809,0.00833733,31.21991243,0.00000000,50.06556442,35.81860879,0.20795726,-0.47499036,1.31587184,0.21300401,-0.47543877,1.31658827,8.58153797,0.00000007
9.59000000,LOWER_LEG,-0.00331884,-0.01081276,0.00654006,-0.07974482,0.06986281,0.31371616,-0.08287386,0.06559391,0.09176338,0.02602969,0.00831894,31.21976870,0.00000000,50.06535822,35.81845688,0.20794491,-0.47493165,1.31573833,0.21298944,-0.47536991,1.31643198,8.58151767,0.00000008
9.60000000,LOWER_LEG,-0.00331910,-0.01081293,0.00654009,-0.07974492,0.06986288,0.31371619,-0.08287379,0.06559397,0.09176346,0.02600954,0.00829878,31.21962897,0.00000000,50.06570603,35.81824431,0.20793139,-0.47486740,1.31559225,0.21297364,-0.47529518,1.31626239,8.58157497,0.00000009
9.61000000,LOWER_LEG,-0.00331935,-0.01081313,0.00654012,-0.07974502,0.06986295,0.31371621,-0.08287371,0.06559403,0.09176354,0.02598758,0.00827682,31.21982526,0.00000000,50.06650689,35.81782373,0.20791667,-0.47479747,1.31543322,0.21295656,-0.47521442,1.31607912,8.58169380,0.00000001
9.62000000,LOWER_LEG,-0.00331958,-0.01081335,0.00654016,-0.07974513,0.06986302,0.31371623,-0.08287362,0.06559409,0.09176364,0.02596375,0.00825300,31.21958011,0.00000000,50.06612387,35.81773773,0.20790069,-0.47472166,1.31526087,0.21293819,-0.47512749,1.31588186,8.58164654,0.00000007
9.63000000,LOWER_LEG,-0.00331981,-0.01081356,0.00654020,-0.07974524,0.06986309,0.31371626,-0.08287351,0.06559415,0.09176375,0.02593802,0.00822726,31.21941198,0.00000000,50.06646865,35.81756736,0.20788343,-0.47463980,1.31507485,0.21291849,-0.47503425,1.31567028,8.58170462,0.00000004
9.64000000,LOWER_LEG,-0.00332005,-0.01081376,0.00654023,-0.07974535,0.06986316,0.31371628,-0.08287340,0.06559421,0.09176388,0.02591033,0.00819957,31.21926545,0.00000000,50.06741644,35.81746138,0.20786486,-0.47455178,1.31487482,0.21289744,-0.47493457,1.31544411,8.58185537,0.00000001
9.65000000,LOWER_LEG,-0.00332027,-0.01081395,0.00654026,-0.07974547,0.06986323,0.31371630,-0.08287326,0.06559426,0.09176402,0.02588064,0.00816988,31.21912176,0.00000000,50.06676443,35.81728134,0.20784497,-0.47445745,1.31466048,0.21287501,-0.47482832,1.31520304,8.58177066,0.00000006
9.66000000,LOWER_LEG,-0.00332050,-0.01081412,0.00654027,-0.07974558,0.06986330,0.31371632,-0.08287312,0.06559432,0.09176418,0.02584890,0.00813814,31.21899491,0.00000000,50.06722314,35.81710066,0.20782373,-0.47435669,1.31443153,0.21285118,-0.47471540,1.31494685,8.58184710,0.00000002
9.67000000,LOWER_LEG,-0.00332071,-0.01081428,0.00654028,-0.07974570,0.06986337,0.31371634,-0.08287295,0.06559437,0.09176435,0.02581508,0.00810433,31.21888826,0.00000000,50.06706756,35.81700187,0.20780110,-0.47424938,1.31418770,0.21282593,-0.47459570,1.31467529,8.58183827,0.00000007
9.68000000,LOWER_LEG,-0.00332091,-0.01081443,0.00654027,-0.07974581,0.06986343,0.31371635,-0.08287277,0.06559442,0.09176455,0.02577915,0.00806840,31.21879291,0.00000000,50.06741026,35.81683725,0.20777707,-0.47413539,1.31392875,0.21279925,-0.47446913,1.31438817,8.58189711,0.00000004
9.69000000,LOWER_LEG,-0.00332110,-0.01081456,0.00654026,-0.07974592,0.06986349,0.31371637,-0.08287257,0.06559446,0.09176478,0.02574107,0.00803032,31.21871868,0.00000000,50.06734462,35.81675112,0.20775161,-0.47401465,1.31365444,0.21277111,-0.47433560,1.31408528,8.58190094,0.00000007
9.70000000,LOWER_LEG,-0.00332127,-0.01081468,0.00654023,-0.07974603,0.06986355,0.31371638,-0.08287234,0.06559451,0.09176502,0.02570082,0.00799006,31.21865890,0.00000000,50.06771906,35.81660094,0.20772472,-0.47388703,1.31336458,0.21274151,-0.47419503,1.31376646,8.58196324,0.00000006
9.71000000,LOWER_LEG,-0.00332142,-0.01081477,0.00654019,-0.07974614,0.06986361,0.31371640,-0.08287210,0.06559454,0.09176529,0.02565836,0.00794760,31.21862074,0.00000000,50.06760240,35.81653217,0.20769637,-0.47375247,1.31305897,0.21271044,-0.47404736,1.31343154,8.58195870,0.00000007
9.72000000,LOWER_LEG,-0.00332157,-0.01081486,0.00654014,-0.07974624,0.06986366,0.31371641,-0.08287183,0.06559458,0.09176558,0.02561368,0.00790292,31.21860507,0.00000000,50.06759113,35.81646526,0.20766654,-0.47361090,1.31273744,0.21267787,-0.47389253,1.31308041,8.58196793,0.00000009
9.73000000,LOWER_LEG,-0.00332169,-0.01081492,0.00654007,-0.07974633,0.06986371,0.31371642,-0.08287154,0.06559461,0.09176590,0.02556675,0.00785600,31.21860343,0.00000000,50.06788837,35.81634217,0.20763525,-0.47346222,1.31239984,0.21264381,-0.47373048,1.31271293,8.58201710,0.00000008
9.74000000,LOWER_LEG,-0.00332179,-0.01081496,0.00653999,-0.07974642,0.06986375,0.31371642,-0.08287123,0.06559464,0.09176625,0.02551756,0.00780681,31.21862250,0.00000000,50.06780190,35.81629243,0.20760245,-0.47330640,1.31204604,0.21260824,-0.47356117,1.31232901,8.58201569,0.00000009
9.75000000,LOWER_LEG,-0.00332186,-0.01081499,0.00653990,-0.07974650,0.06986379,0.31371643,-0.08287089,0.06559466,0.09176662,0.02546609,0.00775534,31.21933258,0.00000000,50.06780217,35.81562180,0.20756816,-0.47314339,1.31167592,0.21257117,-0.47338455,1.31192857,8.58202192,0.00000005
9.76000000,LOWER_LEG,-0.00332189,-0.01081503,0.00653982,-0.07974658,0.06986382,0.31371643,-0.08287053,0.06559467,0.09176702,0.02541234,0.00770158,31.21895199,0.00000000,50.06775966,35.81604040,0.20753236,-0.47297314,1.31128939,0.21253259,-0.47320061,1.31151156,8.58201955,0.00000006
9.77000000,LOWER_LEG,-0.00332190,-0.01081506,0.00653971,-0.07974665,0.06986384,0.31371644,-0.08287014,0.06559468,0.09176745,0.02535629,0.00764553,31.21897816,0.00000000,50.06769766,35.81605314,0.20749505,-0.47279558,1.31088638,0.21249250,-0.47300932,1.31107794,8.58201715,0.00000007
9.78000000,LOWER_LEG,-0.00332190,-0.01081506,0.00653960,-0.07974671,0.06986386,0.31371644,-0.08286973,0.06559468,0.09176791,0.02529794,0.00758718,31.21903639,0.00000000,50.06762154,35.81605896,0.20745622,-0.47261072,1.31046683,0.21245090,-0.47281066,1.31062766,8.58201306,0.00000007
9.79000000,LOWER_LEG,-0.00332188,-0.01081502,0.00653947,-0.07974676,0.06986387,0.31371644,-0.08286929,0.06559467,0.09176839,0.02523727,0.00752652,31.21912009,0.00000000,50.06753113,35.81606345,0.20741589,-0.47241853,1.31003068,0.21240778,-0.47260463,1.31016070,8.58200691,0.00000006
9.80000000,LOWER_LEG,-0.00332184,-0.01081495,0.00653932,-0.07974681,0.06986387,0.31371644,-0.08286883,0.06559466,0.09176890,0.02517430,0.00746354,31.21922790,0.00000000,50.06742761,35.81607046,0.20737405,-0.47221899,1.30957791,0.21236317,-0.47239121,1.30967706,8.58199854,0.00000005
9.81000000,LOWER_LEG,-0.00332177,-0.01081485,0.00653917,-0.07974685,0.06986387,0.31371644,-0.08286834,0.06559464,0.09176945,0.02510900,0.00739825,31.21935836,0.00000000,50.06731142,35.81608262,0.20733070,-0.47201210,1.30910849,0.21231705,-0.47217042,1.30917677,8.58198776,0.00000002
9.82000000,LOWER_LEG,-0.00332169,-0.01081471,0.00653900,-0.07974688,0.06986386,0.31371644,-0.08286782,0.06559461,0.09177002,0.02504140,0.00733064,31.21950999,0.00000000,50.06718221,35.81610137,0.20728584,-0.47179786,1.30862244,0.21226943,-0.47194227,1.30865984,8.58197438,0.00000001
9.83000000,LOWER_LEG,-0.00332158,-0.01081453,0.00653881,-0.07974690,0.06986385,0.31371644,-0.08286727,0.06559458,0.09177062,0.02497149,0.00726073,31.21968137,0.00000000,50.06703902,35.81612726,0.20723948,-0.47157626,1.30811977,0.21222033,-0.47170677,1.30812634,8.58195817,0.00000005
9.84000000,LOWER_LEG,-0.00332144,-0.01081432,0.00653862,-0.07974691,0.06986383,0.31371643,-0.08286670,0.06559454,0.09177126,0.02489927,0.00718852,31.21986985,0.00000000,50.06592918,35.81615739,0.20719162,-0.47134733,1.30760052,0.21216975,-0.47146395,1.30757632,8.58180093,0.00000004
9.85000000,LOWER_LEG,-0.00332129,-0.01081410,0.00653841,-0.07974691,0.06986380,0.31371643,-0.08286609,0.06559449,0.09177193,0.02482477,0.00711402,31.22009476,0.00000000,50.06644961,35.81626623,0.20714226,-0.47111109,1.30706473,0.21211771,-0.47121386,1.30700990,8.58188121,0.00000005
9.86000000,LOWER_LEG,-0.00332112,-0.01081385,0.00653819,-0.07974690,0.06986376,0.31371642,-0.08286546,0.06559444,0.09177263,0.02474800,0.00703724,31.22034239,0.00000000,50.06576336,35.81638205,0.20709144,-0.47086755,1.30651250,0.21206422,-0.47095652,1.30642715,8.58178383,0.00000006
9.87000000,LOWER_LEG,-0.00332093,-0.01081358,0.00653796,-0.07974687,0.06986372,0.31371641,-0.08286480,0.06559438,0.09177336,0.02466897,0.00695821,31.22061029,0.00000000,50.06587717,35.81643681,0.20703915,-0.47061677,1.30594390,0.21200929,-0.47069200,1.30582820,8.58179807,0.00000008
9.88000000,LOWER_LEG,-0.00332073,-0.01081329,0.00653771,-0.07974684,0.06986368,0.31371640,-0.08286411,0.06559431,0.09177413,0.02458769,0.00687694,31.22090882,0.00000000,50.06542828,35.81656091,0.20698541,-0.47035877,1.30535903,0.21195294,-0.47042034,1.30521316,8.58173265,0.00000008
9.89000000,LOWER_LEG,-0.00332051,-0.01081297,0.00653745,-0.07974679,0.06986362,0.31371638,-0.08286339,0.06559424,0.09177492,0.02450419,0.00679343,31.22123178,0.00000000,50.06493499,35.81668820,0.20693024,-0.47009361,1.30475799,0.21189518,-0.47014159,1.30458216,8.58165911,0.00000010
9.90000000,LOWER_LEG,-0.00332024,-0.01081265,0.00653719,-0.07974674,0.06986357,0.31371637,-0.08286264,0.06559417,0.09177575,0.02441848,0.00670773,31.22183497,0.00000000,50.06440225,35.81661661,0.20687366,-0.46982135,1.30414091,0.21183604,-0.46985581,1.30393535,8.58157088,0.00000002
9.91000000,LOWER_LEG,-0.00331995,-0.01081232,0.00653692,-0.07974667,0.06986350,0.31371635,-0.08286186,0.06559408,0.09177661,0.02433059,0.00661984,31.22211701,0.00000000,50.06348634,35.81672649,0.20681566,-0.46954201,1.30350794,0.21177553,-0.46956309,1.30327290,8.58143000,0.00000001
9.92000000,LOWER_LEG,-0.00331965,-0.01081197,0.00653664,-0.07974660,0.06986343,0.31371633,-0.08286106,0.06559399,0.09177749,0.02424055,0.00652979,31.22245259,0.00000000,50.06401156,35.81689316,0.20675627,-0.46925568,1.30285922,0.21171367,-0.46926349,1.30259500,8.58150168,0.00000010
9.93000000,LOWER_LEG,-0.00331935,-0.01081158,0.00653635,-0.07974652,0.06986336,0.31371631,-0.08286023,0.06559390,0.09177841,0.02414837,0.00643762,31.22280938,0.00000000,50.06353871,35.81704861,0.20669552,-0.46896244,1.30219492,0.21165049,-0.46895709,1.30190181,8.58142812,0.00000009
9.94000000,LOWER_LEG,-0.00331904,-0.01081117,0.00653605,-0.07974643,0.06986328,0.31371629,-0.08285938,0.06559380,0.09177935,0.02405409,0.00634333,31.22318730,0.00000000,50.06307825,35.81719845,0.20663342,-0.46866235,1.30151521,0.21158600,-0.46864397,1.30119354,8.58135530,0.00000010
9.95000000,LOWER_LEG,-0.00331872,-0.01081072,0.00653574,-0.07974633,0.06986320,0.31371626,-0.08285850,0.06559370,0.09178031,0.02395773,0.00624698,31.22358382,0.00000000,50.06166053,35.81734846,0.20657000,-0.46835549,1.30082027,0.21152023,-0.46832424,1.30047040,8.58114285,0.00000006
9.96000000,LOWER_LEG,-0.00331839,-0.01081025,0.00653542,-0.07974622,0.06986311,0.31371623,-0.08285759,0.06559359,0.09178131,0.02385933,0.00614857,31.22400667,0.00000000,50.06143512,35.81754744,0.20650528,-0.46804196,1.30011032,0.21145321,-0.46799797,1.29973261,8.58110380,0.00000008
9.97000000,LOWER_LEG,-0.00331803,-0.01080977,0.00653510,-0.07974610,0.06986302,0.31371621,-0.08285666,0.06559348,0.09178233,0.02375892,0.00604816,31.22487081,0.00000000,50.06117158,35.81740964,0.20643930,-0.46772185,1.29938556,0.21138495,-0.46766528,1.29898042,8.58105180,0.00000003
9.98000000,LOWER_LEG,-0.00331765,-0.01080931,0.00653478,-0.07974598,0.06986293,0.31371618,-0.08285571,0.06559336,0.09178338,0.02365653,0.00594577,31.22510359,0.00000000,50.06088291,35.81771551,0.20637204,-0.46739525,1.29864623,0.21131550,-0.46732628,1.29821408,8.58099755,0.00000005
9.99000000,LOWER_LEG,-0.00331726,-0.01080882,0.00653446,-0.07974585,0.06986283,0.31371615,-0.08285473,0.06559324,0.09178446,0.02355221,0.00584145,31.22551296,0.00000000,50.06048294,35.81790020,0.20630356,-0.46706224,1.29789256,0.21124487,-0.46698107,1.29743384,8.58092741,0.00000008
10.00000000,LOWER_LEG,-0.00331687,-0.01080831,0.00653413,-0.07974571,0.06986273,0.31371612,-0.08285373,0.06559312,0.09178555,0.02344599,0.00573523,31.22594171,0.00000000,50.05905004,35.81807140,0.20623388,-0.46672295,1.29712480,0.21117310,-0.46662977,1.29663997,8.58070750,0.00000005
10.01000000,LOWER_LEG,-0.00331648,-0.01080777,0.00653380,-0.07974557,0.06986262,0.31371608,-0.08285271,0.06559299,0.09178667,0.02333790,0.00562715,31.22639822,0.00000000,50.05899758,35.81831157,0.20616303,-0.46637750,1.29634321,0.21110021,-0.46627250,1.29583275,8.58069076,0.00000007
10.02000000,LOWER_LEG,-0.00331609,-0.01080722,0.00653346,-0.07974542,0.06986252,0.31371605,-0.08285166,0.06559286,0.09178782,0.02322800,0.00551724,31.22686256,0.00000000,50.05867345,35.81848612,0.20609105,-0.46602599,1.29554806,0.21102624,-0.46590939,1.29501247,8.58063163,0.00000010
10.03000000,LOWER_LEG,-0.00331566,-0.01080667,0.00653313,-0.07974527,0.06986241,0.31371602,-0.08285060,0.06559273,0.09178898,0.02311632,0.00540556,31.22759589,0.00000000,50.05742814,35.81844568,0.20601796,-0.46566857,1.29473962,0.21095121,-0.46554056,1.29417941,8.58042958,0.00000001
10.04000000,LOWER_LEG,-0.00331523,-0.01080613,0.00653279,-0.07974511,0.06986230,0.31371598,-0.08284951,0.06559259,0.09179017,0.02300291,0.00529215,31.22802253,0.00000000,50.05748268,35.81872072,0.20594378,-0.46530532,1.29391820,0.21087517,-0.46516615,1.29333392,8.58042477,0.00000004
10.05000000,LOWER_LEG,-0.00331481,-0.01080556,0.00653246,-0.07974494,0.06986218,0.31371594,-0.08284841,0.06559245,0.09179137,0.02288781,0.00517705,31.22847756,0.00000000,50.05713888,35.81890388,0.20586854,-0.46493638,1.29308408,0.21079813,-0.46478630,1.29247628,8.58035950,0.00000009
10.06000000,LOWER_LEG,-0.00331438,-0.01080497,0.00653212,-0.07974478,0.06986207,0.31371591,-0.08284729,0.06559231,0.09179260,0.02277106,0.00506031,31.22895717,0.00000000,50.05615261,35.81914243,0.20579229,-0.46456191,1.29223759,0.21072014,-0.46440114,1.29160684,8.58020383,0.00000008
10.07000000,LOWER_LEG,-0.00331396,-0.01080437,0.00653178,-0.07974460,0.06986195,0.31371587,-0.08284615,0.06559217,0.09179384,0.02265273,0.00494197,31.23036699,0.00000000,50.05588651,35.81824799,0.20571507,-0.46418203,1.29137903,0.21064122,-0.46401083,1.29072592,8.58014918,0.00000008
10.08000000,LOWER_LEG,-0.00331349,-0.01080378,0.00653145,-0.07974443,0.06986183,0.31371583,-0.08284499,0.06559202,0.09179511,0.02253284,0.00482208,31.23019282,0.00000000,50.05477528,35.81934676,0.20563689,-0.46379691,1.29050873,0.21056142,-0.46361551,1.28983386,8.57996664,0.00000002
10.09000000,LOWER_LEG,-0.00331304,-0.01080318,0.00653112,-0.07974425,0.06986171,0.31371579,-0.08284382,0.06559187,0.09179639,0.02241146,0.00470070,31.23064901,0.00000000,50.05463395,35.81957932,0.20555779,-0.46340665,1.28962703,0.21048077,-0.46321534,1.28893103,8.57992993,0.00000006
10.10000000,LOWER_LEG,-0.00331259,-0.01080257,0.00653079,-0.07974407,0.06986158,0.31371575,-0.08284262,0.06559172,0.09179769,0.02228863,0.00457787,31.23112717,0.00000000,50.05321138,35.81976236,0.20547780,-0.46301141,1.28873428,0.21039931,-0.46281047,1.28801779,8.57970606,0.00000006
10.11000000,LOWER_LEG,-0.00331215,-0.01080194,0.00653046,-0.07974388,0.06986146,0.31371571,-0.08284142,0.06559157,0.09179900,0.02216440,0.00445365,31.23163405,0.00000000,50.05329019,35.82001995,0.20539697,-0.46261137,1.28783083,0.21031707,-0.46240107,1.28709449,8.57970361,0.00000009
10.12000000,LOWER_LEG,-0.00331167,-0.01080131,0.00653013,-0.07974369,0.06986134,0.31371566,-0.08284019,0.06559142,0.09180033,0.02203884,0.00432808,31.23242164,0.00000000,50.05299137,35.81999123,0.20531535,-0.46220669,1.28691704,0.21023408,-0.46198730,1.28616152,8.57963556,0.00000010
10.13000000,LOWER_LEG,-0.00332232,-0.01080609,0.00653043,-0.07974387,0.06986160,0.31371644,-0.08283921,0.06559146,0.09180140,0.02193069,0.00421994,31.19475101,0.70202330,50.09411129,35.78772842,0.20525201,-0.46182909,1.28610916,0.21015153,-0.46157500,1.28523205,8.58457164,0.00000001
10.14000000,LOWER_LEG,-0.00337069,-0.01083904,0.00653829,-0.07974620,0.06986457,0.31372209,-0.08283981,0.06559353,0.09179984,0.02185918,0.00414842,31.09691076,0.79888268,50.16541337,35.72879598,0.20522702,-0.46144667,1.28535156,0.21007463,-0.46119028,1.28436493,8.59164140,0.00000001
10.15000000,LOWER_LEG,-0.00343940,-0.01089617,0.00655710,-0.07975136,0.06987131,0.31373341,-0.08284279,0.06559886,0.09179391,0.02180603,0.00409528,30.97769504,0.87093971,50.22970601,35.64907100,0.20521969,-0.46106548,1.28458606,0.21000162,-0.46082450,1.28354065,8.59812175,0.00000001
10.16000000,LOWER_LEG,-0.00352144,-0.01096887,0.00658696,-0.07975970,0.06988210,0.31374993,-0.08284858,0.06560785,0.09178340,0.02176652,0.00405577,30.84750120,0.92712058,50.29044374,35.54882818,0.20522190,-0.46069165,1.28382196,0.20993092,-0.46046981,1.28274148,8.60518213,0.00000001
10.17000000,LOWER_LEG,-0.00361440,-0.01105074,0.00662731,-0.07977123,0.06989696,0.31377069,-0.08285729,0.06562057,0.09176869,0.02173750,0.00402675,30.71563329,0.97208319,50.35116720,35.43316522,0.20522978,-0.46032424,1.28306279,0.20986167,-0.46012187,1.28195766,8.61326831,0.00000001
10.18000000,LOWER_LEG,-0.00371689,-0.01113771,0.00667730,-0.07978581,0.06991570,0.31379450,-0.08286884,0.06563689,0.09175031,0.02171625,0.00400550,30.58864018,1.01018641,50.41567880,35.30818002,0.20524092,-0.45996154,1.28230913,0.20979335,-0.45977812,1.28118341,8.62268942,0.00000001
10.19000000,LOWER_LEG,-0.00382767,-0.01122744,0.00673584,-0.07980317,0.06993802,0.31382008,-0.08288303,0.06565655,0.09172879,0.02170041,0.00398966,30.47070332,1.04551242,50.48712395,35.17940065,0.20525373,-0.45960220,1.28156060,0.20972563,-0.45943695,1.28041508,8.63366252,0.00000001
10.20000000,LOWER_LEG,-0.00394546,-0.01131866,0.00680170,-0.07982301,0.06996355,0.31384627,-0.08289959,0.06567924,0.09170459,0.02168799,0.00397723,30.36400723,1.08150462,50.56758452,35.05113059,0.20526706,-0.45924521,1.28081676,0.20965829,-0.45909726,1.27965022,8.64630809,0.00000001
10.21000000,LOWER_LEG,-0.00406895,-0.01141078,0.00687346,-0.07984507,0.06999188,0.31387208,-0.08291829,0.06570458,0.09167802,0.02167740,0.00396664,30.26906489,1.12069640,50.65803012,34.92632766,0.20528016,-0.45888976,1.28007731,0.20959119,-0.45875830,1.27888712,8.66064842,0.00000001
10.22000000,LOWER_LEG,-0.00419690,-0.01150358,0.00694969,-0.07986913,0.07002258,0.31389677,-0.08293890,0.06573219,0.09164931,0.02166746,0.00395671,30.18504039,1.16463533,50.75845905,34.80674778,0.20529246,-0.45853510,1.27934209,0.20952423,-0.45841955,1.27812462,8.67661607,0.00000001
10.23000000,LOWER_LEG,-0.00432820,-0.01159714,0.00702898,-0.07989501,0.07005524,0.31391984,-0.08296127,0.06576169,0.09161861,0.02165740,0.00394664,30.11009021,1.21396876,50.86811589,34.69318929,0.20530361,-0.45818055,1.27861098,0.20945733,-0.45808067,1.27736195,8.69407020,0.00000001
10.24000000,LOWER_LEG,-0.00446183,-0.01169166,0.00711002,-0.07992260,0.07008946,0.31394107,-0.08298529,0.06579272,0.09158598,0.02164673,0.00393597,30.04171866,1.26862132,50.98572085,34.58575037,0.20531335,-0.45782552,1.27788379,0.20939045,-0.45774148,1.27659868,8.71281678,0.00000001
10.25000000,LOWER_LEG,-0.00459695,-0.01178750,0.00719166,-0.07995184,0.07012487,0.31396042,-0.08301088,0.06582493,0.09155147,0.02163528,0.00392453,29.97712674,1.32800428,51.10967968,34.48406040,0.20532154,-0.45746952,1.27716028,0.20932360,-0.45740190,1.27583468,8.73262953,0.00000001
10.26000000,LOWER_LEG,-0.00473283,-0.01188504,0.00727298,-0.07998269,0.07016115,0.31397806,-0.08303800,0.06585802,0.09151508,0.02162308,0.00391232,29.91352857,1.39121826,51.23826124,34.38747187,0.20532811,-0.45711220,1.27644012,0.20925676,-0.45706197,1.27507000,8.75326922,0.00000001
10.27000000,LOWER_LEG,-0.00486886,-0.01198464,0.00735326,-0.08001511,0.07019802,0.31399424,-0.08306662,0.06589171,0.09147684,0.02161028,0.00389952,29.84841291,1.45723066,51.36974001,34.29521130,0.20533302,-0.45675336,1.27572294,0.20918996,-0.45672177,1.27430485,8.77450001,0.00000001
10.28000000,LOWER_LEG,-0.00500456,-0.01208661,0.00743199,-0.08004909,0.07023521,0.31400932,-0.08309671,0.06592578,0.09143676,0.02159714,0.00388638,29.77973430,1.52502121,51.50250432,34.20649141,0.20533628,-0.45639296,1.27500833,0.20912322,-0.45638143,1.27353949,8.79610217,0.00000001
10.29000000,LOWER_LEG,-0.00513953,-0.01219116,0.00750887,-0.08008457,0.07027253,0.31402365,-0.08312824,0.06596002,0.09139490,0.02158391,0.00387315,29.70602751,1.59369493,51.63513317,34.12058799,0.20533795,-0.45603103,1.27429589,0.20905657,-0.45604105,1.27277417,8.81788095,0.00000001
10.30000000,LOWER_LEG,-0.00527346,-0.01229835,0.00758376,-0.08012150,0.07030980,0.31403757,-0.08316114,0.06599426,0.09135136,0.02157085,0.00386009,29.62644735,1.66256231,51.76644453,34.03688518,0.20533809,-0.45566773,1.27358525,0.20899001,-0.45570073,1.27200911,8.83967191,0.00000001
10.31000000,LOWER_LEG,-0.00540613,-0.01240810,0.00765666,-0.08015978,0.07034687,0.31405141,-0.08319532,0.06602836,0.09130625,0.02155813,0.00384738,29.54074268,1.73118574,51.89551873,33.95489342,0.20533681,-0.45530324,1.27287604,0.20892357,-0.45536053,1.27124443,8.86134315,0.00000001
10.32000000,LOWER_LEG,-0.00553736,-0.01252020,0.00772768,-0.08019930,0.07038362,0.31406539,-0.08323069,0.06606220,0.09125975,0.02154590,0.00383514,29.44917913,1.79939105,52.02170019,33.87424525,0.20533421,-0.45493779,1.27216798,0.20885725,-0.45502047,1.27048021,8.88279479,0.00000001
10.33000000,LOWER_LEG,-0.00566705,-0.01263433,0.00779698,-0.08023989,0.07041997,0.31407970,-0.08326710,0.06609570,0.09121203,0.02153419,0.00382343,29.35242746,1.86724518,52.14458146,33.79467519,0.20533045,-0.45457161,1.27146083,0.20879105,-0.45468057,1.26971643,8.90395654,0.00000001
10.34000000,LOWER_LEG,-0.00579515,-0.01275008,0.00786480,-0.08028138,0.07045586,0.31409447,-0.08330439,0.06612879,0.09116333,0.02152301,0.00381226,29.25143552,1.93500512,52.26397366,33.71599025,0.20532570,-0.45420497,1.27075444,0.20872496,-0.45434079,1.26895306,8.92478376,0.00000001
10.35000000,LOWER_LEG,-0.00592167,-0.01286700,0.00793137,-0.08032359,0.07049124,0.31410973,-0.08334239,0.06616142,0.09111387,0.02151232,0.00380156,29.14730032,2.00304744,52.37986788,33.63803793,0.20532015,-0.45383811,1.27004873,0.20865898,-0.45400113,1.26819009,8.94525280,0.00000001
10.36000000,LOWER_LEG,-0.00604667,-0.01298460,0.00799694,-0.08036631,0.07052610,0.31412550,-0.08338091,0.06619358,0.09106389,0.02150203,0.00379128,29.04115318,2.07179048,52.49239202,33.56067702,0.20531403,-0.45347128,1.26934371,0.20859312,-0.45366159,1.26742750,8.96535609,0.00000001
10.37000000,LOWER_LEG,-0.00617027,-0.01310243,0.00806175,-0.08040934,0.07056044,0.31414176,-0.08341975,0.06622526,0.09101361,0.02149207,0.00378132,28.93442544,2.14143827,52.60173709,33.48327392,0.20530754,-0.45310470,1.26863945,0.20852737,-0.45332221,1.26666538,8.98509609,0.00000001
10.38000000,LOWER_LEG,-0.00629255,-0.01322008,0.00812601,-0.08045248,0.07059427,0.31415847,-0.08345874,0.06625646,0.09096325,0.02148235,0.00377159,28.82737797,2.21181370,52.70819973,33.40673939,0.20530094,-0.45273860,1.26793596,0.20846175,-0.45298303,1.26590384,9.00448139,0.00000001
10.39000000,LOWER_LEG,-0.00641364,-0.01333716,0.00818992,-0.08049554,0.07062762,0.31417554,-0.08349770,0.06628721,0.09091302,0.02147276,0.00376200,28.72128381,2.28323822,52.81200176,33.33033469,0.20529442,-0.45237314,1.26723332,0.20839628,-0.45264414,1.26514306,9.02352182,0.00000001
10.40000000,LOWER_LEG,-0.00653369,-0.01345335,0.00825360,-0.08053836,0.07066054,0.31419294,-0.08353646,0.06631756,0.09086310,0.02146323,0.00375247,28.61682231,2.35590404,52.91341901,33.25388853,0.20528817,-0.45200853,1.26653172,0.20833097,-0.45230564,1.26438329,9.04223237,0.00000001
10.41000000,LOWER_LEG,-0.00665284,-0.01356839,0.00831718,-0.08058078,0.07069307,0.31421058,-0.08357488,0.06634753,0.09081364,0.02145373,0.00374297,28.51447145,2.42982178,53.01271433,33.17722345,0.20528237,-0.45164496,1.26583138,0.20826585,-0.45196769,1.26362486,9.06062784,0.00000001
10.42000000,LOWER_LEG,-0.00677124,-0.01368209,0.00838075,-0.08062268,0.07072526,0.31422843,-0.08361284,0.06637718,0.09076475,0.02144423,0.00373347,28.41453264,2.50484819,53.11012024,33.10016617,0.20527716,-0.45128261,1.26513257,0.20820095,-0.45163046,1.26286817,9.07872162,0.00000001
10.43000000,LOWER_LEG,-0.00688902,-0.01379431,0.00844434,-0.08066396,0.07075717,0.31424645,-0.08365025,0.06640656,0.09071655,0.02143474,0.00372399,28.31716116,2.58072851,53.20583055,33.02256122,0.20527267,-0.45092166,1.26443557,0.20813633,-0.45129417,1.26211368,9.09652532,0.00000001
10.44000000,LOWER_LEG,-0.00700629,-0.01390500,0.00850800,-0.08070454,0.07078885,0.31426460,-0.08368702,0.06643572,0.09066910,0.02142530,0.00371454,28.22215386,2.65714591,53.30003739,32.94472567,0.20526901,-0.45056227,1.26374067,0.20807200,-0.45095902,1.26136190,9.11405173,0.00000001
10.45000000,LOWER_LEG,-0.00712312,-0.01401411,0.00857172,-0.08074437,0.07082037,0.31428286,-0.08372310,0.06646471,0.09062245,0.02141592,0.00370516,28.12970591,2.73373496,53.39278713,32.86596661,0.20526622,-0.45020461,1.26304814,0.20800803,-0.45062526,1.26061332,9.13130243,0.00000001
10.46000000,LOWER_LEG,-0.00723959,-0.01412163,0.00863548,-0.08078341,0.07085174,0.31430122,-0.08375846,0.06649357,0.09057662,0.02140664,0.00369588,28.03988703,2.81020000,53.48420469,32.78630063,0.20526433,-0.44984879,1.26235833,0.20794445,-0.45029309,1.25986845,9.14829087,0.00000001
10.47000000,LOWER_LEG,-0.00735570,-0.01422756,0.00869923,-0.08082165,0.07088303,0.31431966,-0.08379307,0.06652234,0.09053162,0.02139750,0.00368674,27.95243257,2.88624624,53.57436158,32.70589339,0.20526332,-0.44949495,1.26167154,0.20788130,-0.44996275,1.25912777,9.16502399,0.00000001
10.48000000,LOWER_LEG,-0.00747146,-0.01433194,0.00876290,-0.08085908,0.07091425,0.31433817,-0.08382694,0.06655104,0.09048745,0.02138852,0.00367776,27.86720470,2.96163959,53.66331864,32.62483321,0.20526317,-0.44914317,1.26098812,0.20781862,-0.44963443,1.25839175,9.18151017,0.00000001
10.49000000,LOWER_LEG,-0.00758682,-0.01443478,0.00882642,-0.08089573,0.07094541,0.31435674,-0.08386008,0.06657970,0.09044408,0.02137972,0.00366897,27.78406080,3.03620361,53.75112801,32.54325808,0.20526382,-0.44879358,1.26030841,0.20775644,-0.44930834,1.25766081,9.19775833,0.00000001
10.50000000,LOWER_LEG,-0.00770172,-0.01453612,0.00888970,-0.08093161,0.07097653,0.31437534,-0.08389250,0.06660832,0.09040151,0.02137112,0.00366036,27.70285710,3.10981678,53.83783572,32.46134703,0.20526519,-0.44844626,1.25963278,0.20769480,-0.44898465,1.25693538,9.21377788,0.00000001
10.51000000,LOWER_LEG,-0.00781609,-0.01463602,0.00895264,-0.08096675,0.07100761,0.31439395,-0.08392424,0.06663690,0.09035968,0.02136272,0.00365196,27.62345167,3.18240403,53.92348342,32.37930956,0.20526721,-0.44810130,1.25896159,0.20763373,-0.44866355,1.25621585,9.22957854,0.00000001
10.52000000,LOWER_LEG,-0.00792983,-0.01473452,0.00901515,-0.08100120,0.07103862,0.31441254,-0.08395533,0.06666543,0.09031856,0.02135451,0.00364376,27.54570588,3.25392525,54.00810880,32.29737419,0.20526979,-0.44775879,1.25829524,0.20757326,-0.44834520,1.25550259,9.24517019,0.00000001
10.53000000,LOWER_LEG,-0.00804285,-0.01483167,0.00907711,-0.08103500,0.07106956,0.31443108,-0.08398581,0.06669389,0.09027812,0.02134651,0.00363575,27.46948527,3.32436306,54.09174529,32.21577748,0.20527284,-0.44741881,1.25763411,0.20751342,-0.44802977,1.25479596,9.26056256,0.00000001
10.54000000,LOWER_LEG,-0.00815503,-0.01492751,0.00913843,-0.08106819,0.07110038,0.31444955,-0.08401572,0.06672227,0.09023830,0.02133870,0.00362794,27.39466061,3.39371157,54.17442134,32.13475416,0.20527628,-0.44708146,1.25697858,0.20745423,-0.44771741,1.25409632,9.27576498,0.00000001
10.55000000,LOWER_LEG,-0.00826627,-0.01502209,0.00919902,-0.08110081,0.07113108,0.31446791,-0.08404512,0.06675054,0.09019906,0.02133107,0.00362031,27.32110944,3.46196743,54.25615969,32.05452887,0.20528002,-0.44674682,1.25632905,0.20739573,-0.44740828,1.25340401,9.29078609,0.00000001
10.56000000,LOWER_LEG,-0.00837646,-0.01511546,0.00925879,-0.08113293,0.07116161,0.31448613,-0.08407403,0.06677866,0.09016037,0.02132362,0.00361286,27.24871805,3.52912356,54.33697678,31.97530994,0.20528399,-0.44641499,1.25568589,0.20733794,-0.44710253,1.25271936,9.30563368,0.00000001
10.57000000,LOWER_LEG,-0.00848550,-0.01520768,0.00931766,-0.08116458,0.07119193,0.31450417,-0.08410252,0.06680661,0.09012216,0.02131634,0.00360558,27.17738381,3.59516551,54.41688246,31.89728494,0.20528812,-0.44608607,1.25504946,0.20728088,-0.44680031,1.25204271,9.32031447,0.00000001
10.58000000,LOWER_LEG,-0.00859329,-0.01529877,0.00937557,-0.08119581,0.07122202,0.31452201,-0.08413061,0.06683436,0.09008442,0.02130922,0.00359847,27.10701758,3.66007033,54.49588011,31.82061805,0.20529235,-0.44576017,1.25442013,0.20722459,-0.44650177,1.25137438,9.33483405,0.00000001
10.59000000,LOWER_LEG,-0.00869976,-0.01538878,0.00943245,-0.08122666,0.07125184,0.31453963,-0.08415836,0.06686186,0.09004709,0.02130227,0.00359151,27.03754589,3.72380719,54.57396687,31.74544887,0.20529663,-0.44543738,1.25379824,0.20716908,-0.44620704,1.25071469,9.34919680,0.00000001
10.60000000,LOWER_LEG,-0.00880481,-0.01547773,0.00948827,-0.08125716,0.07128136,0.31455699,-0.08418581,0.06688910,0.09001014,0.02129547,0.00358472,26.96891258,3.78633917,54.65113416,31.67189247,0.20530091,-0.44511785,1.25318411,0.20711437,-0.44591629,1.25006396,9.36340580,0.00000001
10.61000000,LOWER_LEG,-0.00890837,-0.01556566,0.00954299,-0.08128737,0.07131055,0.31457408,-0.08421297,0.06691605,0.08997356,0.02128884,0.00357808,26.90107980,3.84762580,54.72736817,31.60004020,0.20530515,-0.44480168,1.25257805,0.20706051,-0.44562963,1.24942250,9.37746290,0.00000001
10.62000000,LOWER_LEG,-0.00901039,-0.01565256,0.00959659,-0.08131729,0.07133938,0.31459088,-0.08423989,0.06694267,0.08993730,0.02128236,0.00357160,26.83402825,3.90762564,54.80265041,31.52996118,0.20530932,-0.44448902,1.25198036,0.20700749,-0.44534722,1.24879061,9.39136862,0.00000001
10.63000000,LOWER_LEG,-0.00911081,-0.01573846,0.00964905,-0.08134696,0.07136782,0.31460737,-0.08426658,0.06696894,0.08990136,0.02127603,0.00356527,26.76775661,3.96629871,54.87695811,31.46170415,0.20531339,-0.44418001,1.25139133,0.20695536,-0.44506917,1.24816856,9.40512225,0.00000001
10.64000000,LOWER_LEG,-0.00920957,-0.01582333,0.00970037,-0.08137639,0.07139586,0.31462354,-0.08429306,0.06699485,0.08986573,0.02126986,0.00355911,26.70228025,4.02360851,54.95026455,31.39529952,0.20531735,-0.44387479,1.25081121,0.20690412,-0.44479562,1.24755664,9.41872180,0.00000001
10.65000000,LOWER_LEG,-0.00930664,-0.01590719,0.00975054,-0.08140559,0.07142347,0.31463938,-0.08431935,0.06702037,0.08983039,0.02126385,0.00355309,26.63762936,4.07952348,55.02253932,31.33076152,0.20532118,-0.44357350,1.25024027,0.20685380,-0.44452668,1.24695512,9.43216403,0.00000001
10.66000000,LOWER_LEG,-0.00940198,-0.01598999,0.00979958,-0.08143458,0.07145063,0.31465488,-0.08434544,0.06704548,0.08979535,0.02125799,0.00354724,26.57384668,4.13401795,55.09374842,31.26809041,0.20532488,-0.44327631,1.24967873,0.20680441,-0.44426246,1.24636423,9.44544450,0.00000001
10.67000000,LOWER_LEG,-0.00949556,-0.01607171,0.00984750,-0.08146333,0.07147734,0.31467003,-0.08437135,0.06707018,0.08976062,0.02125229,0.00354154,26.51098494,4.18707264,55.16385436,31.20727454,0.20532843,-0.44298337,1.24912684,0.20675598,-0.44400308,1.24578423,9.45855758,0.00000001
10.68000000,LOWER_LEG,-0.00958736,-0.01615232,0.00989430,-0.08149186,0.07150357,0.31468483,-0.08439707,0.06709445,0.08972621,0.02124675,0.00353599,26.44910421,4.23867475,55.23281628,31.14829251,0.20533183,-0.44269484,1.24858480,0.20670852,-0.44374864,1.24521533,9.47149655,0.00000001
10.69000000,LOWER_LEG,-0.00967735,-0.01623178,0.00994001,-0.08152015,0.07152932,0.31469927,-0.08442258,0.06711828,0.08969212,0.02124135,0.00353060,26.38826935,4.28881777,55.30059007,31.09111508,0.20533509,-0.44241088,1.24805281,0.20666204,-0.44349923,1.24465774,9.48425361,0.00000001
10.70000000,LOWER_LEG,-0.00976550,-0.01631004,0.00998465,-0.08154818,0.07155459,0.31471336,-0.08444788,0.06714166,0.08965839,0.02123612,0.00352536,26.32854759,4.33750109,55.36712858,31.03570705,0.20533820,-0.44213163,1.24753106,0.20661656,-0.44325493,1.24411165,9.49682004,0.00000001
10.71000000,LOWER_LEG,-0.00985181,-0.01638705,0.01002822,-0.08157593,0.07157935,0.31472709,-0.08447294,0.06716458,0.08962504,0.02123103,0.00352027,26.27000637,4.38472950,55.43238197,30.98202901,0.20534117,-0.44185726,1.24701972,0.20657210,-0.44301584,1.24357725,9.50918626,0.00000001
10.72000000,LOWER_LEG,-0.00993624,-0.01646276,0.01007074,-0.08160338,0.07160360,0.31474046,-0.08449774,0.06718703,0.08959209,0.02122609,0.00351534,26.21271155,4.43051265,55.49629815,30.93003894,0.20534400,-0.44158790,1.24651897,0.20652865,-0.44278202,1.24305469,9.52134203,0.00000001
10.73000000,LOWER_LEG,-0.01001879,-0.01653711,0.01011223,-0.08163050,0.07162735,0.31475348,-0.08452226,0.06720902,0.08955957,0.02122130,0.00351055,26.15672589,4.47486440,55.55882331,30.87969363,0.20534670,-0.44132370,1.24602895,0.20648623,-0.44255355,1.24254412,9.53327652,0.00000001
10.74000000,LOWER_LEG,-0.01009944,-0.01661005,0.01015269,-0.08165726,0.07165057,0.31476616,-0.08454647,0.06723053,0.08952751,0.02121666,0.00350590,26.10210792,4.51780224,55.61990264,30.83094995,0.20534927,-0.44106480,1.24554980,0.20644485,-0.44233048,1.24204568,9.54497854,0.00000001
10.75000000,LOWER_LEG,-0.01017816,-0.01668152,0.01019214,-0.08168364,0.07167327,0.31477849,-0.08457035,0.06725155,0.08949595,0.02121215,0.00350140,26.04891106,4.55934670,55.67948102,30.78376595,0.20535172,-0.44081131,1.24508166,0.20640452,-0.44211287,1.24155949,9.55643670,0.00000001
10.76000000,LOWER_LEG,-0.01025495,-0.01675147,0.01023059,-0.08170959,0.07169545,0.31479048,-0.08459386,0.06727210,0.08946492,0.02120779,0.00349703,25.99718315,4.59952068,55.73750393,30.73810169,0.20535406,-0.44056337,1.24462465,0.20636525,-0.44190078,1.24108566,9.56763960,0.00000001
10.77000000,LOWER_LEG,-0.01032979,-0.01681983,0.01026802,-0.08173509,0.07171709,0.31480214,-0.08461697,0.06729215,0.08943446,0.02120356,0.00349281,25.94737305,4.63836256,55.79388659,30.69335463,0.20535628,-0.44032106,1.24417888,0.20632703,-0.44169423,1.24062428,9.57857487,0.00000001
10.78000000,LOWER_LEG,-0.01040265,-0.01688656,0.01030445,-0.08176010,0.07173819,0.31481348,-0.08463966,0.06731171,0.08940460,0.02119947,0.00348871,25.89871527,4.67587407,55.84864923,30.65063079,0.20535840,-0.44008450,1.24374444,0.20628988,-0.44149328,1.24017543,9.58923453,0.00000000
10.79000000,LOWER_LEG,-0.01047352,-0.01695161,0.01033988,-0.08178460,0.07175876,0.31482450,-0.08466189,0.06733078,0.08937536,0.02119550,0.00348475,25.85162397,4.71208682,55.90170656,30.60932933,0.20536043,-0.43985378,1.24332141,0.20625380,-0.44129795,1.23973917,9.59960631,0.00000000
10.80000000,LOWER_LEG,-0.01054238,-0.01701495,0.01037430,-0.08180855,0.07177877,0.31483520,-0.08468364,0.06734934,0.08934679,0.02119167,0.00348091,25.80613011,4.74702898,55.95301249,30.56941985,0.20536238,-0.43962897,1.24290989,0.20621879,-0.44110827,1.23931558,9.60968048,0.00000000
10.81000000,LOWER_LEG,-0.01060920,-0.01707653,0.01040771,-0.08183192,0.07179824,0.31484561,-0.08470487,0.06736739,0.08931890,0.02118796,0.00347720,25.76225368,4.78072892,56.00252583,30.53087812,0.20536423,-0.43941016,1.24250993,0.20618484,-0.44092427,1.23890469,9.61944804,0.00000000
10.82000000,LOWER_LEG,-0.01067399,-0.01713631,0.01044010,-0.08185469,0.07181715,0.31485571,-0.08472556,0.06738494,0.08929174,0.02118437,0.00347361,25.72000893,4.81321379,56.05021162,30.49368474,0.20536601,-0.43919740,1.24212161,0.20615198,-0.44074596,1.23850654,9.62890092,0.00000000
10.83000000,LOWER_LEG,-0.01073671,-0.01719425,0.01047147,-0.08187682,0.07183550,0.31486553,-0.08474570,0.06740196,0.08926532,0.02118090,0.00347015,25.67940494,4.84450881,56.09604121,30.45782429,0.20536771,-0.43899073,1.24174496,0.20612018,-0.44057335,1.23812115,9.63803212,0.00000000
10.84000000,LOWER_LEG,-0.01079736,-0.01725033,0.01050179,-0.08189831,0.07185328,0.31487505,-0.08476524,0.06741847,0.08923967,0.02117755,0.00346680,25.64044612,4.87463699,56.13999223,30.42328464,0.20536933,-0.43879019,1.24138004,0.20608946,-0.44040645,1.23774854,9.64683574,0.00000000
10.85000000,LOWER_LEG,-0.01085593,-0.01730452,0.01053107,-0.08191912,0.07187050,0.31488430,-0.08478419,0.06743446,0.08921480,0.02117432,0.00346356,25.60313285,4.90361902,56.18204866,30.39005630,0.20537088,-0.43859582,1.24102688,0.20605980,-0.44024526,1.23738871,9.65530705,0.00000000
10.86000000,LOWER_LEG,-0.01091240,-0.01735680,0.01055930,-0.08193924,0.07188714,0.31489327,-0.08480251,0.06744992,0.08919074,0.02117120,0.00346044,25.56746184,4.93147329,56.22220078,30.35813195,0.20537237,-0.43840764,1.24068549,0.20603122,-0.44008978,1.23704165,9.66344250,0.00000000
10.87000000,LOWER_LEG,-0.01096678,-0.01740715,0.01058646,-0.08195866,0.07190321,0.31490196,-0.08482020,0.06746485,0.08916749,0.02116819,0.00345743,25.53342655,4.95821596,56.26044517,30.32750598,0.20537379,-0.43822566,1.24035590,0.20600370,-0.43994001,1.23670735,9.67123971,0.00000000
10.88000000,LOWER_LEG,-0.01101906,-0.01745557,0.01061256,-0.08197736,0.07191870,0.31491038,-0.08483724,0.06747925,0.08914508,0.02116529,0.00345453,25.50101748,4.98386112,56.29678459,30.29817405,0.20537515,-0.43804989,1.24003809,0.20597724,-0.43979594,1.23638579,9.67869749,0.00000000
10.89000000,LOWER_LEG,-0.01106923,-0.01750205,0.01063758,-0.08199534,0.07193362,0.31491853,-0.08485363,0.06749312,0.08912351,0.02116250,0.00345174,25.47022240,5.00842090,56.33122782,30.27013278,0.20537646,-0.43788032,1.23973208,0.20595184,-0.43965755,1.23607692,9.68581578,0.00000000
10.90000000,LOWER_LEG,-0.01111731,-0.01754659,0.01066153,-0.08201258,0.07194795,0.31492641,-0.08486935,0.06750646,0.08910278,0.02115982,0.00344906,25.44102651,5.03190580,56.36378936,30.24337925,0.20537771,-0.43771695,1.23943783,0.20592750,-0.43952482,1.23578072,9.69259563,0.00000000
10.91000000,LOWER_LEG,-0.01116329,-0.01758919,0.01068439,-0.08202909,0.07196171,0.31493402,-0.08488441,0.06751927,0.08908291,0.02115724,0.00344649,25.41341261,5.05432493,56.39448912,30.21791070,0.20537892,-0.43755976,1.23915533,0.20590419,-0.43939772,1.23549711,9.69903909,0.00000000
10.92000000,LOWER_LEG,-0.01120719,-0.01762986,0.01070617,-0.08204486,0.07197489,0.31494137,-0.08489880,0.06753154,0.08906388,0.02115477,0.00344402,25.38700848,5.07569859,56.42335789,30.19419110,0.20538007,-0.43740872,1.23888453,0.20588193,-0.43927624,1.23522603,9.70515073,0.00000005
10.93000000,LOWER_LEG,-0.01124902,-0.01766860,0.01072687,-0.08205989,0.07198750,0.31494845,-0.08491252,0.06754329,0.08904570,0.02115241,0.00344166,25.36214220,5.09600678,56.45040677,30.17166785,0.20538119,-0.43726381,1.23862539,0.20586070,-0.43916033,1.23496740,9.71093101,0.00000009
10.94000000,LOWER_LEG,-0.01128879,-0.01770545,0.01074650,-0.08207419,0.07199954,0.31495526,-0.08492558,0.06755450,0.08902837,0.02115016,0.00343940,25.34008962,5.11527278,56.47567848,30.14887170,0.20538226,-0.43712499,1.23837784,0.20584049,-0.43904996,1.23472113,9.71638581,0.00000000
10.95000000,LOWER_LEG,-0.01132652,-0.01774041,0.01076506,-0.08208776,0.07201100,0.31496180,-0.08493797,0.06756520,0.08901187,0.02114801,0.00343725,25.31809237,5.13350675,56.49924945,30.12918773,0.20538330,-0.43699222,1.23814181,0.20582130,-0.43894507,1.23448712,9.72152486,0.00000004
10.96000000,LOWER_LEG,-0.01136223,-0.01777352,0.01078255,-0.08210062,0.07202190,0.31496807,-0.08494972,0.06757537,0.08899620,0.02114597,0.00343521,25.29774797,5.15070355,56.52109187,30.11040612,0.20538430,-0.43686545,1.23791721,0.20580310,-0.43884562,1.23426525,9.72634794,0.00000008
10.97000000,LOWER_LEG,-0.01139595,-0.01780479,0.01079899,-0.08211277,0.07203224,0.31497407,-0.08496082,0.06758502,0.08898136,0.02114403,0.00343328,25.27992797,5.16688480,56.54127516,30.09157709,0.20538526,-0.43674462,1.23770395,0.20578590,-0.43875155,1.23405539,9.73086369,0.00000000
10.98000000,LOWER_LEG,-0.01142769,-0.01783426,0.01081439,-0.08212422,0.07204202,0.31497981,-0.08497128,0.06759416,0.08896731,0.02114220,0.00343145,25.26231140,5.18206306,56.55987746,30.07552655,0.20538619,-0.43662967,1.23750191,0.20576967,-0.43866279,1.23385737,9.73508268,0.00000003
10.99000000,LOWER_LEG,-0.01145751,-0.01786195,0.01082876,-0.08213498,0.07205126,0.31498527,-0.08498113,0.06760280,0.08895406,0.02114048,0.00342972,25.24607504,5.19624228,56.57687684,30.06053729,0.20538707,-0.43652053,1.23731097,0.20575441,-0.43857926,1.23367105,9.73900668,0.00000009
11.00000000,LOWER_LEG,-0.01148542,-0.01788791,0.01084212,-0.08214508,0.07205996,0.31499047,-0.08499036,0.06761094,0.08894159,0.02113886,0.00342810,25.23211802,5.20944834,56.59239728,30.04578861,0.20538793,-0.43641713,1.23713099,0.20574009,-0.43850090,1.23349624,9.74264853,0.00000003
11.01000000,LOWER_LEG,-0.01151145,-0.01791216,0.01085448,-0.08215452,0.07206813,0.31499539,-0.08499900,0.06761859,0.08892988,0.02113734,0.00342659,25.21848515,5.22167496,56.60642082,30.03323829,0.20538874,-0.43631939,1.23696180,0.20572670,-0.43842760,1.23333275,9.74601145,0.00000008
11.02000000,LOWER_LEG,-0.01153566,-0.01793475,0.01086586,-0.08216332,0.07207577,0.31500005,-0.08500706,0.06762575,0.08891891,0.02113593,0.00342518,25.20647835,5.23296435,56.61902863,30.02144723,0.20538952,-0.43622721,1.23680325,0.20571423,-0.43835927,1.23318035,9.74910654,0.00000009
11.03000000,LOWER_LEG,-0.01155807,-0.01795571,0.01087629,-0.08217150,0.07208290,0.31500445,-0.08501455,0.06763244,0.08890867,0.02113462,0.00342387,25.19581604,5.24332924,56.63028279,30.01069908,0.20539027,-0.43614051,1.23665513,0.20570265,-0.43829582,1.23303881,9.75194229,0.00000008
11.04000000,LOWER_LEG,-0.01157873,-0.01797510,0.01088579,-0.08217907,0.07208953,0.31500857,-0.08502149,0.06763867,0.08889914,0.02113341,0.00342266,25.18646105,5.25279945,56.64023078,30.00096269,0.20539097,-0.43605918,1.23651725,0.20569193,-0.43823711,1.23290788,9.75452738,0.00000005
11.05000000,LOWER_LEG,-0.01159768,-0.01799295,0.01089437,-0.08218606,0.07209566,0.31501244,-0.08502789,0.06764443,0.08889030,0.02113230,0.00342154,25.17878750,5.26139903,56.64886559,29.99147958,0.20539163,-0.43598312,1.23638939,0.20568207,-0.43818305,1.23278730,9.75686570,0.00000000
11.06000000,LOWER_LEG,-0.01161497,-0.01800931,0.01090208,-0.08219247,0.07210131,0.31501606,-0.08503378,0.06764976,0.08888212,0.02113128,0.00342053,25.17079716,5.26915470,56.65635217,29.98495594,0.20539226,-0.43591220,1.23627130,0.20567303,-0.43813348,1.23267676,9.75897448,0.00000004
11.07000000,LOWER_LEG,-0.01163066,-0.01802423,0.01090893,-0.08219834,0.07210650,0.31501942,-0.08503917,0.06765465,0.08887460,0.02113036,0.00341960,25.16438667,5.27610528,56.66262677,29.97862108,0.20539284,-0.43584631,1.23616273,0.20566478,-0.43808828,1.23257595,9.76085360,0.00000005
11.08000000,LOWER_LEG,-0.01164478,-0.01803776,0.01091495,-0.08220367,0.07211123,0.31502253,-0.08504407,0.06765912,0.08886770,0.02112953,0.00341877,25.15914483,5.28229448,56.66780558,29.97312677,0.20539338,-0.43578530,1.23606341,0.20565731,-0.43804730,1.23248455,9.76251688,0.00000004
11.09000000,LOWER_LEG,-0.01165741,-0.01804994,0.01092017,-0.08220850,0.07211552,0.31502540,-0.08504850,0.06766317,0.08886141,0.02112878,0.00341802,25.15507243,5.28777138,56.67193268,29.96835440,0.20539387,-0.43572905,1.23597304,0.20565058,-0.43801037,1.23240219,9.76397306,0.00000001
11.10000000,LOWER_LEG,-0.01166858,-0.01806083,0.01092464,-0.08221283,0.07211938,0.31502804,-0.08505249,0.06766683,0.08885570,0.02112812,0.00341736,25.15123275,5.29254384,56.67501005,29.96502286,0.20539432,-0.43567740,1.23589131,0.20564455,-0.43797733,1.23232851,9.76522515,0.00000005
11.11000000,LOWER_LEG,-0.01167838,-0.01807048,0.01092837,-0.08221668,0.07212283,0.31503046,-0.08505605,0.06767011,0.08885056,0.02112753,0.00341677,25.14854387,5.29670558,56.67714851,29.96227483,0.20539471,-0.43563018,1.23581789,0.20563921,-0.43794801,1.23226311,9.76628942,0.00000008
11.12000000,LOWER_LEG,-0.01168686,-0.01807893,0.01093141,-0.08222008,0.07212588,0.31503265,-0.08505919,0.06767302,0.08884597,0.02112702,0.00341626,25.14669915,5.30028210,56.67839995,29.96026798,0.20539506,-0.43558724,1.23575244,0.20563450,-0.43792220,1.23220556,9.76717264,0.00000009
11.13000000,LOWER_LEG,-0.01169407,-0.01808627,0.01093380,-0.08222304,0.07212856,0.31503464,-0.08506193,0.06767558,0.08884189,0.02112657,0.00341581,25.14562431,5.30332075,56.67882086,29.95895920,0.20539537,-0.43554840,1.23569456,0.20563041,-0.43789972,1.23215544,9.76788391,0.00000007
11.14000000,LOWER_LEG,-0.01170009,-0.01809254,0.01093558,-0.08222559,0.07213087,0.31503642,-0.08506430,0.06767780,0.08883832,0.02112619,0.00341543,25.14524801,5.30587486,56.67846578,29.95829907,0.20539564,-0.43551349,1.23564388,0.20562688,-0.43788037,1.23211227,9.76843247,0.00000003
11.15000000,LOWER_LEG,-0.01170497,-0.01809783,0.01093678,-0.08222775,0.07213283,0.31503803,-0.08506630,0.06767969,0.08883522,0.02112586,0.00341510,25.14549811,5.30800364,56.67738874,29.95823434,0.20539588,-0.43548231,1.23559998,0.20562388,-0.43786392,1.23207559,9.76882772,0.00000003
11.16000000,LOWER_LEG,-0.01170878,-0.01810219,0.01093745,-0.08222953,0.07213447,0.31503945,-0.08506797,0.06768128,0.08883256,0.02112559,0.00341483,25.14534758,5.30976974,56.67563926,29.95981049,0.20539609,-0.43545466,1.23556243,0.20562138,-0.43785015,1.23204489,9.76907933,0.00000000
11.17000000,LOWER_LEG,-0.01171165,-0.01810565,0.01093763,-0.08223096,0.07213580,0.31504071,-0.08506931,0.06768259,0.08883034,0.02112536,0.00341460,25.14733139,5.31125896,56.67359850,29.95990880,0.20539622,-0.43543029,1.23553081,0.20561931,-0.43783883,1.23201965,9.76925095,0.00000009
11.18000000,LOWER_LEG,-0.01171363,-0.01810830,0.01093734,-0.08223207,0.07213685,0.31504182,-0.08507035,0.06768362,0.08882852,0.02112516,0.00341441,25.14878915,5.31256427,56.67058978,29.96145335,0.20539632,-0.43540899,1.23550464,0.20561765,-0.43782971,1.23199930,9.76923565,0.00000008
11.19000000,LOWER_LEG,-0.01171480,-0.01811018,0.01093665,-0.08223286,0.07213762,0.31504279,-0.08507111,0.06768441,0.08882707,0.02112500,0.00341424,25.15065764,5.31370516,56.66728482,29.96333416,0.20539638,-0.43539052,1.23548344,0.20561634,-0.43782251,1.23198326,9.76913611,0.00000008
11.20000000,LOWER_LEG,-0.01171525,-0.01811137,0.01093560,-0.08223337,0.07213816,0.31504363,-0.08507160,0.06768496,0.08882598,0.02112486,0.00341410,25.15278900,5.31478407,56.66280637,29.96545390,0.20539641,-0.43537463,1.23546669,0.20561533,-0.43781699,1.23197095,9.76882365,0.00000009
11.21000000,LOWER_LEG,-0.01171507,-0.01811196,0.01093425,-0.08223361,0.07213848,0.31504436,-0.08507185,0.06768532,0.08882521,0.02112473,0.00341397,25.15423779,5.31583300,56.65888251,29.96884627,0.20539641,-0.43536107,1.23545384,0.20561458,-0.43781287,1.23196175,9.76855298,0.00000004
11.22000000,LOWER_LEG,-0.01171435,-0.01811200,0.01093264,-0.08223362,0.07213861,0.31504500,-0.08507188,0.06768548,0.08882474,0.02112461,0.00341386,25.15698425,5.31643670,56.65493271,29.97082044,0.20539641,-0.43534961,1.23544446,0.20561408,-0.43781011,1.23195559,9.76824117,0.00000008
11.23000000,LOWER_LEG,-0.01171319,-0.01811158,0.01093083,-0.08223341,0.07213857,0.31504555,-0.08507171,0.06768549,0.08882453,0.02112449,0.00341373,25.15967831,5.31784477,56.65025389,29.97309100,0.20539638,-0.43533991,1.23543781,0.20561366,-0.43780782,1.23195050,9.76778845,0.00000006
11.24000000,LOWER_LEG,-0.01171170,-0.01811079,0.01092888,-0.08223301,0.07213838,0.31504605,-0.08507136,0.06768536,0.08882457,0.02112435,0.00341360,25.16213702,5.31909116,56.64543800,29.97557753,0.20539635,-0.43533169,1.23543334,0.20561338,-0.43780624,1.23194698,9.76728011,0.00000009
11.25000000,LOWER_LEG,-0.01170997,-0.01810972,0.01092684,-0.08223245,0.07213808,0.31504649,-0.08507086,0.06768512,0.08882481,0.02112420,0.00341345,25.16451050,5.32194235,56.64118226,29.97789667,0.20539631,-0.43532468,1.23543045,0.20561305,-0.43780443,1.23194293,9.76681752,0.00000009
11.26000000,VERIFY_CONTACT,-0.01170812,-0.01810846,0.01092476,-0.08223176,0.07213770,0.31504690,-0.08507023,0.06768479,0.08882523,0.02112403,0.00341327,25.16618094,5.32333681,56.63567458,29.98070088,0.20539628,-0.43531855,1.23542851,0.20561279,-0.43780301,1.23193976,9.76613898,0.00000005
11.27000000,VERIFY_CONTACT,-0.01170624,-0.01810708,0.01092270,-0.08223096,0.07213725,0.31504730,-0.08506950,0.06768441,0.08882579,0.02112382,0.00341307,25.16901628,5.32490635,56.63180433,29.98150728,0.20539626,-0.43531305,1.23542702,0.20561252,-0.43780152,1.23193644,9.76567527,0.00000010
11.28000000,VERIFY_CONTACT,-0.01170441,-0.01810564,0.01092072,-0.08223008,0.07213678,0.31504770,-0.08506869,0.06768399,0.08882646,0.02112360,0.00341285,25.17057655,5.32792502,56.62792253,29.98313101,0.20539627,-0.43530800,1.23542565,0.20561215,-0.43779951,1.23193196,9.76518399,0.00000010
11.29000000,VERIFY_CONTACT,-0.01170268,-0.01810421,0.01091885,-0.08222915,0.07213630,0.31504810,-0.08506783,0.06768356,0.08882722,0.02112339,0.00341264,25.17224146,5.32876191,56.62289651,29.98416289,0.20539635,-0.43530333,1.23542427,0.20561188,-0.43779804,1.23192868,9.76450232,0.00000008
11.30000000,VERIFY_CONTACT,-0.01170110,-0.01810279,0.01091713,-0.08222819,0.07213584,0.31504850,-0.08506693,0.06768314,0.08882802,0.02112320,0.00341244,25.17323126,5.32952928,56.61964968,29.98535113,0.20539649,-0.43529898,1.23542282,0.20561163,-0.43779664,1.23192556,9.76406990,0.00000009
11.31000000,VERIFY_CONTACT,-0.01169972,-0.01810140,0.01091557,-0.08222723,0.07213540,0.31504891,-0.08506603,0.06768274,0.08882885,0.02112304,0.00341229,25.17469655,5.33138443,56.61653700,29.98582027,0.20539670,-0.43529488,1.23542130,0.20561131,-0.43779490,1.23192169,9.76363924,0.00000008
11.32000000,VERIFY_CONTACT,-0.01169853,-0.01810006,0.01091418,-0.08222627,0.07213501,0.31504931,-0.08506513,0.06768238,0.08882969,0.02112292,0.00341216,25.17588946,5.33131097,56.61259084,29.98615642,0.20539698,-0.43529105,1.23541972,0.20561110,-0.43779372,1.23191905,9.76307812,0.00000004
11.33000000,VERIFY_CONTACT,-0.01169754,-0.01809877,0.01091297,-0.08222534,0.07213468,0.31504970,-0.08506425,0.06768207,0.08883053,0.02112284,0.00341208,25.17704914,5.33121665,56.61027628,29.98641262,0.20539733,-0.43528746,1.23541811,0.20561090,-0.43779264,1.23191664,9.76274778,0.00000007
11.34000000,VERIFY_CONTACT,-0.01169674,-0.01809754,0.01091193,-0.08222445,0.07213440,0.31505007,-0.08506340,0.06768181,0.08883134,0.02112279,0.00341203,25.17863948,5.33212941,56.60834162,29.98621219,0.20539776,-0.43528412,1.23541656,0.20561067,-0.43779137,1.23191380,9.76245984,0.00000009
11.35000000,VERIFY_CONTACT,-0.01169614,-0.01809640,0.01091106,-0.08222360,0.07213418,0.31505041,-0.08506260,0.06768160,0.08883211,0.02112277,0.00341201,25.17958321,5.33111187,56.60584699,29.98639053,0.20539821,-0.43528099,1.23541503,0.20561053,-0.43779063,1.23191216,9.76209357,0.00000010
11.36000000,VERIFY_CONTACT,-0.01169570,-0.01809534,0.01091034,-0.08222282,0.07213402,0.31505070,-0.08506185,0.06768145,0.08883284,0.02112278,0.00341202,25.18099932,5.33081101,56.60421930,29.98621522,0.20539872,-0.43527810,1.23541361,0.20561039,-0.43778982,1.23191036,9.76184363,0.00000008
11.37000000,VERIFY_CONTACT,-0.01169542,-0.01809438,0.01090975,-0.08222210,0.07213391,0.31505095,-0.08506116,0.06768135,0.08883351,0.02112281,0.00341205,25.18237814,5.33064578,56.60265381,29.98602791,0.20539924,-0.43527540,1.23541230,0.20561025,-0.43778909,1.23190872,9.76160058,0.00000008
11.38000000,VERIFY_CONTACT,-0.01169527,-0.01809352,0.01090926,-0.08222145,0.07213386,0.31505115,-0.08506054,0.06768129,0.08883411,0.02112285,0.00341210,25.18373202,5.32958450,56.60244618,29.98596587,0.20539976,-0.43527289,1.23541114,0.20561018,-0.43778870,1.23190785,9.76155828,0.00000009
11.39000000,VERIFY_CONTACT,-0.01169525,-0.01809277,0.01090885,-0.08222088,0.07213385,0.31505131,-0.08505999,0.06768127,0.08883464,0.02112291,0.00341216,25.18505473,5.32888108,56.60202120,29.98587997,0.20540026,-0.43527055,1.23541015,0.20561011,-0.43778832,1.23190702,9.76148293,0.00000009
11.40000000,VERIFY_CONTACT,-0.01169531,-0.01809213,0.01090851,-0.08222040,0.07213387,0.31505141,-0.08505952,0.06768130,0.08883509,0.02112298,0.00341223,25.18630481,5.32823420,56.60170725,29.98585778,0.20540073,-0.43526837,1.23540933,0.20561005,-0.43778795,1.23190620,9.76142633,0.00000008
11.41000000,VERIFY_CONTACT,-0.01169544,-0.01809161,0.01090822,-0.08222000,0.07213393,0.31505147,-0.08505912,0.06768135,0.08883546,0.02112306,0.00341231,25.18745651,5.32781422,56.60099120,29.98583866,0.20540117,-0.43526635,1.23540871,0.20560998,-0.43778761,1.23190543,9.76131175,0.00000008
11.42000000,VERIFY_CONTACT,-0.01169564,-0.01809122,0.01090796,-0.08221968,0.07213402,0.31505148,-0.08505881,0.06768142,0.08883575,0.02112314,0.00341239,25.18854301,5.32668609,56.60191512,29.98598077,0.20540154,-0.43526444,1.23540818,0.20560998,-0.43778761,1.23190543,9.76144216,0.00000006
11.43000000,VERIFY_CONTACT,-0.01169587,-0.01809095,0.01090772,-0.08221945,0.07213412,0.31505145,-0.08505857,0.06768152,0.08883596,0.02112323,0.00341248,25.18952742,5.32583190,56.60232117,29.98611712,0.20540187,-0.43526269,1.23540790,0.20560998,-0.43778761,1.23190543,9.76149930,0.00000005
11.44000000,VERIFY_CONTACT,-0.01169612,-0.01809079,0.01090748,-0.08221930,0.07213423,0.31505139,-0.08505842,0.06768162,0.08883608,0.02112333,0.00341257,25.19000598,5.32502034,56.60274281,29.98657424,0.20540211,-0.43526104,1.23540777,0.20560998,-0.43778761,1.23190543,9.76156976,0.00000010
11.45000000,VERIFY_CONTACT,-0.01169637,-0.01809076,0.01090724,-0.08221922,0.07213435,0.31505130,-0.08505833,0.06768173,0.08883614,0.02112343,0.00341267,25.19071373,5.32420646,56.60329348,29.98683589,0.20540230,-0.43525949,1.23540772,0.20560998,-0.43778761,1.23190543,9.76165699,0.00000004
11.46000000,VERIFY_CONTACT,-0.01169663,-0.01809084,0.01090700,-0.08221922,0.07213447,0.31505119,-0.08505832,0.06768185,0.08883612,0.02112352,0.00341276,25.19098706,5.32344001,56.60383189,29.98736363,0.20540239,-0.43525801,1.23540773,0.20560998,-0.43778761,1.23190543,9.76175281,0.00000007
11.47000000,VERIFY_CONTACT,-0.01169689,-0.01809102,0.01090676,-0.08221929,0.07213459,0.31505107,-0.08505837,0.06768196,0.08883603,0.02112361,0.00341285,25.19118277,5.32204849,56.60491841,29.98786606,0.20540242,-0.43525660,1.23540781,0.20561005,-0.43778796,1.23190620,9.76192900,0.00000008
11.48000000,VERIFY_CONTACT,-0.01169711,-0.01809127,0.01090650,-0.08221942,0.07213471,0.31505093,-0.08505848,0.06768207,0.08883589,0.02112371,0.00341295,25.19129399,5.32175449,56.60522823,29.98843712,0.20540239,-0.43525533,1.23540811,0.20561005,-0.43778796,1.23190620,9.76200109,0.00000008
11.49000000,VERIFY_CONTACT,-0.01169729,-0.01809159,0.01090625,-0.08221960,0.07213481,0.31505078,-0.08505864,0.06768217,0.08883569,0.02112381,0.00341305,25.19133164,5.32082412,56.60606258,29.98898633,0.20540232,-0.43525417,1.23540852,0.20561011,-0.43778832,1.23190702,9.76214966,0.00000006
11.50000000,VERIFY_CONTACT,-0.01169744,-0.01809197,0.01090600,-0.08221982,0.07213490,0.31505062,-0.08505884,0.06768226,0.08883546,0.02112390,0.00341315,25.19127752,5.31988318,56.60689676,29.98955854,0.20540219,-0.43525312,1.23540898,0.20561017,-0.43778866,1.23190778,9.76230179,0.00000003
11.51000000,VERIFY_CONTACT,-0.01169754,-0.01809241,0.01090576,-0.08222008,0.07213498,0.31505047,-0.08505908,0.06768234,0.08883519,0.02112400,0.00341324,25.19112247,5.31843579,56.60797831,29.99013898,0.20540201,-0.43525216,1.23540947,0.20561024,-0.43778902,1.23190857,9.76249443,0.00000003
11.52000000,VERIFY_CONTACT,-0.01169758,-0.01809290,0.01090553,-0.08222037,0.07213504,0.31505031,-0.08505935,0.06768240,0.08883489,0.02112409,0.00341333,25.19093920,5.31872592,56.60797322,29.99077321,0.20540181,-0.43525131,1.23541004,0.20561024,-0.43778902,1.23190857,9.76253127,0.00000009
11.53000000,VERIFY_CONTACT,-0.01169761,-0.01809338,0.01090531,-0.08222068,0.07213508,0.31505017,-0.08505964,0.06768244,0.08883458,0.02112417,0.00341341,25.19042479,5.31807998,56.60855982,29.99156170,0.20540154,-0.43525054,1.23541065,0.20561030,-0.43778938,1.23190937,9.76266041,0.00000006
11.54000000,VERIFY_CONTACT,-0.01169761,-0.01809388,0.01090510,-0.08222100,0.07213511,0.31505003,-0.08505994,0.06768247,0.08883426,0.02112424,0.00341348,25.18974600,5.31737109,56.60916738,29.99242443,0.20540125,-0.43524984,1.23541123,0.20561037,-0.43778974,1.23191018,9.76279209,0.00000003
11.55000000,VERIFY_CONTACT,-0.01169759,-0.01809436,0.01090490,-0.08222133,0.07213512,0.31504989,-0.08506024,0.06768248,0.08883393,0.02112430,0.00341354,25.18966078,5.31722661,56.60934601,29.99285226,0.20540093,-0.43524922,1.23541182,0.20561037,-0.43778974,1.23191018,9.76286118,0.00000010
11.56000000,VERIFY_CONTACT,-0.01169754,-0.01809481,0.01090472,-0.08222165,0.07213512,0.31504977,-0.08506055,0.06768248,0.08883362,0.02112435,0.00341360,25.18915243,5.31677257,56.60977197,29.99352447,0.20540060,-0.43524868,1.23541245,0.20561044,-0.43779009,1.23191097,9.76296668,0.00000007
11.57000000,VERIFY_CONTACT,-0.01169749,-0.01809524,0.01090457,-0.08222196,0.07213511,0.31504966,-0.08506084,0.06768248,0.08883332,0.02112440,0.00341364,25.18857993,5.31596995,56.61037122,29.99417468,0.20540026,-0.43524819,1.23541297,0.20561050,-0.43779044,1.23191173,9.76309520,0.00000004
11.58000000,VERIFY_CONTACT,-0.01169741,-0.01809564,0.01090444,-0.08222225,0.07213509,0.31504956,-0.08506112,0.06768246,0.08883303,0.02112444,0.00341368,25.18779021,5.31624122,56.61019718,29.99515757,0.20539994,-0.43524782,1.23541354,0.20561050,-0.43779044,1.23191173,9.76311027,0.00000006
11.59000000,VERIFY_CONTACT,-0.01169735,-0.01809601,0.01090433,-0.08222253,0.07213506,0.31504948,-0.08506138,0.06768243,0.08883277,0.02112446,0.00341371,25.18799769,5.31619054,56.61093007,29.99502350,0.20539961,-0.43524745,1.23541395,0.20561050,-0.43779044,1.23191173,9.76325060,0.00000010
11.60000000,VERIFY_CONTACT,-0.01169726,-0.01809632,0.01090425,-0.08222278,0.07213503,0.31504941,-0.08506162,0.06768240,0.08883253,0.02112449,0.00341374,25.18754089,5.31587558,56.61046402,29.99554435,0.20539931,-0.43524722,1.23541447,0.20561056,-0.43779079,1.23191252,9.76321967,0.00000004
11.61000000,VERIFY_CONTACT,-0.01169718,-0.01809660,0.01090420,-0.08222300,0.07213499,0.31504935,-0.08506184,0.06768237,0.08883233,0.02112451,0.00341375,25.18750396,5.31584990,56.61044411,29.99571671,0.20539902,-0.43524701,1.23541485,0.20561056,-0.43779079,1.23191252,9.76324526,0.00000008
11.62000000,VERIFY_CONTACT,-0.01169713,-0.01809684,0.01090418,-0.08222319,0.07213496,0.31504930,-0.08506202,0.06768234,0.08883215,0.02112452,0.00341376,25.18710108,5.31585814,56.61033199,29.99609199,0.20539874,-0.43524683,1.23541510,0.20561056,-0.43779079,1.23191252,9.76325863,0.00000010
11.63000000,VERIFY_CONTACT,-0.01169705,-0.01809701,0.01090418,-0.08222335,0.07213492,0.31504927,-0.08506218,0.06768231,0.08883201,0.02112453,0.00341377,25.18715173,5.31558984,56.61049775,29.99611235,0.20539852,-0.43524674,1.23541543,0.20561062,-0.43779113,1.23191328,9.76330116,0.00000006
11.64000000,VERIFY_CONTACT,-0.01169697,-0.01809714,0.01090420,-0.08222348,0.07213489,0.31504925,-0.08506231,0.06768227,0.08883190,0.02112454,0.00341378,25.18714691,5.31566576,56.61035605,29.99615151,0.20539832,-0.43524673,1.23541575,0.20561062,-0.43779113,1.23191328,9.76329987,0.00000009
11.65000000,VERIFY_CONTACT,-0.01169693,-0.01809721,0.01090424,-0.08222358,0.07213486,0.31504925,-0.08506240,0.06768224,0.08883182,0.02112454,0.00341379,25.18687203,5.31575191,56.61014131,29.99636556,0.20539812,-0.43524672,1.23541597,0.20561062,-0.43779113,1.23191328,9.76329007,0.00000003
11.66000000,VERIFY_CONTACT,-0.01169690,-0.01809724,0.01090429,-0.08222364,0.07213483,0.31504925,-0.08506247,0.06768222,0.08883177,0.02112454,0.00341378,25.18698125,5.31583140,56.60997333,29.99628884,0.20539795,-0.43524674,1.23541612,0.20561062,-0.43779113,1.23191328,9.76327723,0.00000003
11.67000000,VERIFY_CONTACT,-0.01169687,-0.01809722,0.01090436,-0.08222368,0.07213480,0.31504926,-0.08506251,0.06768219,0.08883175,0.02112453,0.00341377,25.18707832,5.31591651,56.60978632,29.99618898,0.20539781,-0.43524678,1.23541622,0.20561062,-0.43779113,1.23191328,9.76325761,0.00000002
11.68000000,VERIFY_CONTACT,-0.01169684,-0.01809717,0.01090444,-0.08222368,0.07213478,0.31504928,-0.08506252,0.06768217,0.08883177,0.02112452,0.00341376,25.18719254,5.31600703,56.60958510,29.99605933,0.20539770,-0.43524685,1.23541628,0.20561062,-0.43779113,1.23191328,9.76323286,0.00000002
11.69000000,VERIFY_CONTACT,-0.01169683,-0.01809709,0.01090453,-0.08222366,0.07213477,0.31504932,-0.08506250,0.06768216,0.08883180,0.02112451,0.00341375,25.18732390,5.31610431,56.60937182,29.99590331,0.20539761,-0.43524695,1.23541633,0.20561062,-0.43779113,1.23191328,9.76320387,0.00000001
11.70000000,VERIFY_CONTACT,-0.01169681,-0.01809696,0.01090461,-0.08222361,0.07213475,0.31504935,-0.08506246,0.06768214,0.08883186,0.02112450,0.00341374,25.18747097,5.31620947,56.60914997,29.99572619,0.20539754,-0.43524706,1.23541636,0.20561062,-0.43779113,1.23191328,9.76317148,0.00000003
11.71000000,VERIFY_CONTACT,-0.01169681,-0.01809680,0.01090470,-0.08222355,0.07213475,0.31504940,-0.08506240,0.06768213,0.08883194,0.02112449,0.00341373,25.18763149,5.31632273,56.60892350,29.99553383,0.20539748,-0.43524718,1.23541639,0.20561062,-0.43779113,1.23191328,9.76313646,0.00000006
11.72000000,VERIFY_CONTACT,-0.01169680,-0.01809661,0.01090478,-0.08222346,0.07213474,0.31504944,-0.08506232,0.06768213,0.08883204,0.02112448,0.00341372,25.18780261,5.31644339,56.60869619,29.99533184,0.20539745,-0.43524730,1.23541642,0.20561062,-0.43779113,1.23191328,9.76309952,0.00000009
11.73000000,VERIFY_CONTACT,-0.01169682,-0.01809641,0.01090486,-0.08222336,0.07213474,0.31504949,-0.08506223,0.06768212,0.08883215,0.02112445,0.00341370,25.18793306,5.31680651,56.60806214,29.99516739,0.20539741,-0.43524736,1.23541628,0.20561056,-0.43779079,1.23191252,9.76300443,0.00000009
11.74000000,VERIFY_CONTACT,-0.01169683,-0.01809623,0.01090493,-0.08222324,0.07213474,0.31504955,-0.08506212,0.06768212,0.08883228,0.02112443,0.00341367,25.18838292,5.31686104,56.60807564,29.99473709,0.20539740,-0.43524743,1.23541609,0.20561056,-0.43779079,1.23191252,9.76299000,0.00000004
11.75000000,VERIFY_CONTACT,-0.01169683,-0.01809605,0.01090500,-0.08222312,0.07213474,0.31504960,-0.08506201,0.06768213,0.08883241,0.02112441,0.00341366,25.18848761,5.31694344,56.60787916,29.99455846,0.20539741,-0.43524752,1.23541597,0.20561056,-0.43779079,1.23191252,9.76295057,0.00000007
11.76000000,VERIFY_CONTACT,-0.01169683,-0.01809584,0.01090506,-0.08222299,0.07213475,0.31504966,-0.08506189,0.06768213,0.08883254,0.02112440,0.00341365,25.18863006,5.31703284,56.60768738,29.99437165,0.20539742,-0.43524761,1.23541591,0.20561056,-0.43779079,1.23191252,9.76291311,0.00000010
11.77000000,VERIFY_CONTACT,-0.01169685,-0.01809564,0.01090510,-0.08222286,0.07213475,0.31504971,-0.08506177,0.06768214,0.08883268,0.02112438,0.00341362,25.18915786,5.31733656,56.60727583,29.99391619,0.20539742,-0.43524761,1.23541565,0.20561050,-0.43779044,1.23191174,9.76284071,0.00000002
11.78000000,VERIFY_CONTACT,-0.01169685,-0.01809548,0.01090513,-0.08222273,0.07213476,0.31504976,-0.08506164,0.06768214,0.08883282,0.02112436,0.00341361,25.18908869,5.31737970,56.60716141,29.99387055,0.20539745,-0.43524763,1.23541545,0.20561050,-0.43779044,1.23191174,9.76281009,0.00000005
11.79000000,VERIFY_CONTACT,-0.01169685,-0.01809530,0.01090515,-0.08222260,0.07213477,0.31504981,-0.08506152,0.06768215,0.08883295,0.02112435,0.00341360,25.18918311,5.31743754,56.60702505,29.99373870,0.20539747,-0.43524766,1.23541534,0.20561050,-0.43779044,1.23191174,9.76277931,0.00000007
11.80000000,VERIFY_CONTACT,-0.01169685,-0.01809511,0.01090516,-0.08222248,0.07213477,0.31504986,-0.08506141,0.06768216,0.08883307,0.02112435,0.00341359,25.18925872,5.31816929,56.60692445,29.99359891,0.20539749,-0.43524766,1.23541526,0.20561044,-0.43779010,1.23191097,9.76275493,0.00000009
11.81000000,VERIFY_CONTACT,-0.01169686,-0.01809497,0.01090516,-0.08222236,0.07213478,0.31504990,-0.08506129,0.06768216,0.08883319,0.02112432,0.00341357,25.18965750,5.31775095,56.60658269,29.99332236,0.20539751,-0.43524759,1.23541500,0.20561044,-0.43779010,1.23191097,9.76269252,0.00000002
11.82000000,VERIFY_CONTACT,-0.01169685,-0.01809486,0.01090515,-0.08222225,0.07213479,0.31504994,-0.08506119,0.06768217,0.08883331,0.02112431,0.00341356,25.18962684,5.31776942,56.60653541,29.99329023,0.20539754,-0.43524754,1.23541484,0.20561044,-0.43779010,1.23191097,9.76267371,0.00000004
11.83000000,VERIFY_CONTACT,-0.01169684,-0.01809474,0.01090512,-0.08222215,0.07213479,0.31504997,-0.08506110,0.06768218,0.08883340,0.02112431,0.00341355,25.18966576,5.31778886,56.60648065,29.99324692,0.20539757,-0.43524750,1.23541476,0.20561044,-0.43779010,1.23191097,9.76265687,0.00000006
11.84000000,VERIFY_CONTACT,-0.01169683,-0.01809462,0.01090509,-0.08222207,0.07213480,0.31505000,-0.08506101,0.06768218,0.08883349,0.02112430,0.00341355,25.18970514,5.31781017,56.60643987,29.99321913,0.20539759,-0.43524745,1.23541473,0.20561044,-0.43779010,1.23191097,9.76264406,0.00000008
11.85000000,VERIFY_CONTACT,-0.01169682,-0.01809451,0.01090505,-0.08222199,0.07213480,0.31505002,-0.08506094,0.06768219,0.08883356,0.02112430,0.00341355,25.18974021,5.31783135,56.60641594,29.99321002,0.20539760,-0.43524738,1.23541473,0.20561044,-0.43779010,1.23191097,9.76263498,0.00000010
11.86000000,VERIFY_CONTACT,-0.01169683,-0.01809443,0.01090501,-0.08222193,0.07213481,0.31505003,-0.08506088,0.06768219,0.08883362,0.02112429,0.00341353,25.18970824,5.31806189,56.60575094,29.99323347,0.20539760,-0.43524720,1.23541453,0.20561037,-0.43778975,1.23191021,9.76253458,0.00000009
11.87000000,VERIFY_CONTACT,-0.01169685,-0.01809438,0.01090496,-0.08222188,0.07213481,0.31505004,-0.08506083,0.06768220,0.08883368,0.02112428,0.00341352,25.18971283,5.31803555,56.60617911,29.99326042,0.20539760,-0.43524705,1.23541438,0.20561037,-0.43778975,1.23191021,9.76259218,0.00000010
11.88000000,VERIFY_CONTACT,-0.01169684,-0.01809437,0.01090492,-0.08222184,0.07213482,0.31505005,-0.08506079,0.06768220,0.08883372,0.02112427,0.00341352,25.19002218,5.31796791,56.60628911,29.99306743,0.20539762,-0.43524694,1.23541429,0.20561037,-0.43778975,1.23191021,9.76259615,0.00000002
11.89000000,VERIFY_CONTACT,-0.01169683,-0.01809439,0.01090488,-0.08222181,0.07213482,0.31505005,-0.08506076,0.06768221,0.08883375,0.02112428,0.00341352,25.18993750,5.31791070,56.60633301,29.99314746,0.20539764,-0.43524684,1.23541423,0.20561037,-0.43778975,1.23191021,9.76259830,0.00000002
11.90000000,VERIFY_CONTACT,-0.01169682,-0.01809442,0.01090484,-0.08222180,0.07213483,0.31505005,-0.08506075,0.06768221,0.08883376,0.02112428,0.00341353,25.18989616,5.31785706,56.60638661,29.99321698,0.20539765,-0.43524674,1.23541421,0.20561037,-0.43778975,1.23191021,9.76260457,0.00000001
11.91000000,VERIFY_CONTACT,-0.01169681,-0.01809445,0.01090479,-0.08222180,0.07213483,0.31505004,-0.08506074,0.06768221,0.08883376,0.02112429,0.00341354,25.18985385,5.31780615,56.60644691,29.99329271,0.20539766,-0.43524663,1.23541420,0.20561037,-0.43778975,1.23191021,9.76261351,0.00000002
11.92000000,VERIFY_CONTACT,-0.01169680,-0.01809450,0.01090475,-0.08222181,0.07213483,0.31505003,-0.08506075,0.06768221,0.08883375,0.02112430,0.00341354,25.18980854,5.31775608,56.60651503,29.99337584,0.20539765,-0.43524651,1.23541420,0.20561037,-0.43778975,1.23191021,9.76262466,0.00000003
11.93000000,VERIFY_CONTACT,-0.01169680,-0.01809455,0.01090471,-0.08222182,0.07213483,0.31505001,-0.08506077,0.06768222,0.08883373,0.02112430,0.00341355,25.18975958,5.31770486,56.60659037,29.99346533,0.20539764,-0.43524639,1.23541422,0.20561037,-0.43778975,1.23191021,9.76263758,0.00000004
11.94000000,VERIFY_CONTACT,-0.01169679,-0.01809461,0.01090467,-0.08222185,0.07213483,0.31504999,-0.08506079,0.06768222,0.08883371,0.02112431,0.00341355,25.18970691,5.31765112,56.60667130,29.99355904,0.20539763,-0.43524627,1.23541423,0.20561037,-0.43778975,1.23191021,9.76265187,0.00000005
11.95000000,VERIFY_CONTACT,-0.01169679,-0.01809469,0.01090463,-0.08222189,0.07213483,0.31504998,-0.08506082,0.06768222,0.08883367,0.02112431,0.00341356,25.18965099,5.31759425,56.60675577,29.99365451,0.20539761,-0.43524615,1.23541425,0.20561037,-0.43778975,1.23191021,9.76266713,0.00000006
11.96000000,VERIFY_CONTACT,-0.01169679,-0.01809478,0.01090460,-0.08222193,0.07213483,0.31504995,-0.08506086,0.06768222,0.08883363,0.02112432,0.00341356,25.18959262,5.31753434,56.60684178,29.99374948,0.20539759,-0.43524604,1.23541426,0.20561037,-0.43778975,1.23191021,9.76268305,0.00000007
11.97000000,VERIFY_CONTACT,-0.01169679,-0.01809487,0.01090457,-0.08222198,0.07213483,0.31504993,-0.08506090,0.06768221,0.08883359,0.02112433,0.00341357,25.18953284,5.31747198,56.60692762,29.99384206,0.20539757,-0.43524593,1.23541427,0.20561037,-0.43778975,1.23191021,9.76269933,0.00000008
11.98000000,VERIFY_CONTACT,-0.01169679,-0.01809498,0.01090454,-0.08222203,0.07213483,0.31504991,-0.08506095,0.06768221,0.08883354,0.02112433,0.00341358,25.18947277,5.31740811,56.60701189,29.99393079,0.20539754,-0.43524583,1.23541427,0.20561037,-0.43778975,1.23191021,9.76271572,0.00000010
11.99000000,VERIFY_CONTACT,-0.01169683,-0.01809505,0.01090451,-0.08222208,0.07213483,0.31504989,-0.08506100,0.06768221,0.08883348,0.02112434,0.00341358,25.18915644,5.31737705,56.60704339,29.99420904,0.20539749,-0.43524571,1.23541430,0.20561037,-0.43778975,1.23191021,9.76273160,0.00000009
12.00000000,VERIFY_CONTACT,-0.01169686,-0.01809511,0.01090449,-0.08222214,0.07213483,0.31504986,-0.08506105,0.06768222,0.08883343,0.02112435,0.00341359,25.18914846,5.31734572,56.60749618,29.99418458,0.20539746,-0.43524560,1.23541432,0.20561037,-0.43778975,1.23191021,9.76279848,0.00000010
12.01100000,STAND,-0.01169687,-0.01809516,0.01090448,-0.08222220,0.07213484,0.31504984,-0.08506111,0.06768222,0.08883337,0.02112436,0.00341361,25.18880989,5.31621178,56.60736384,29.99364532,0.20539744,-0.43524558,1.23541453,0.20561020,-0.43779059,1.23191152,9.76279685,0.00000000
12.02100000,STAND,-0.01169707,-0.01809529,0.01090449,-0.08222224,0.07213483,0.31504980,-0.08506115,0.06768222,0.08883334,0.02112443,0.00341367,25.18855638,5.31358124,56.60801720,29.99201722,0.20539714,-0.43524605,1.23541530,0.20560859,-0.43779405,1.23191544,9.76295050,0.00000000
12.03100000,STAND,-0.01169791,-0.01809578,0.01090458,-0.08222221,0.07213476,0.31504970,-0.08506115,0.06768217,0.08883339,0.02112465,0.00341389,25.18799029,5.30698955,56.61031850,29.98855080,0.20539583,-0.43524824,1.23541802,0.20560430,-0.43780358,1.23192648,9.76339482,0.00000000
12.04100000,STAND,-0.01169988,-0.01809695,0.01090482,-0.08222206,0.07213455,0.31504945,-0.08506106,0.06768200,0.08883362,0.02112517,0.00341441,25.18751694,5.29553931,56.61543919,29.98334778,0.20539259,-0.43525397,1.23542478,0.20559610,-0.43782229,1.23194850,9.76430907,0.00000000
12.05100000,STAND,-0.01170348,-0.01809915,0.01090529,-0.08222164,0.07213407,0.31504894,-0.08506077,0.06768161,0.08883413,0.02112612,0.00341537,25.18752416,5.27868360,56.62441304,29.97667421,0.20538630,-0.43526553,1.23543823,0.20558277,-0.43785319,1.23198526,9.76584953,0.00000000
12.06100000,STAND,-0.01170909,-0.01810269,0.01090609,-0.08222082,0.07213312,0.31504803,-0.08506015,0.06768082,0.08883509,0.02112761,0.00341686,25.18839696,5.25628933,56.63802593,29.96889195,0.20537575,-0.43528547,1.23546134,0.20556315,-0.43789916,1.23204031,9.76814102,0.00000000
12.07100000,STAND,-0.01171699,-0.01810778,0.01090726,-0.08221939,0.07213146,0.31504659,-0.08505905,0.06767942,0.08883667,0.02112969,0.00341894,25.19046742,5.22859567,56.65680055,29.96043847,0.20535970,-0.43531645,1.23549725,0.20553610,-0.43796289,1.23211686,9.77127435,0.00000000
12.08100000,STAND,-0.01172730,-0.01811457,0.01090886,-0.08221712,0.07212881,0.31504447,-0.08505726,0.06767714,0.08883909,0.02113236,0.00342161,25.19395421,5.19610609,56.68099229,29.95178350,0.20533687,-0.43536117,1.23554912,0.20550047,-0.43804688,1.23221778,9.77530335,0.00000000
12.09100000,STAND,-0.01174001,-0.01812314,0.01091090,-0.08221375,0.07212481,0.31504156,-0.08505455,0.06767368,0.08884260,0.02113559,0.00342484,25.19892385,5.15948698,56.71060016,29.94339406,0.20530599,-0.43542226,1.23562006,0.20545516,-0.43815343,1.23234562,9.78024427,0.00000000
12.10100000,STAND,-0.01175500,-0.01813350,0.01091333,-0.08220897,0.07211908,0.31503775,-0.08505064,0.06766868,0.08884749,0.02113932,0.00342856,25.20527727,5.11948745,56.74538640,29.93570649,0.20526581,-0.43550229,1.23571304,0.20539908,-0.43828468,1.23250265,9.78607693,0.00000000
12.11100000,STAND,-0.01177205,-0.01814563,0.01091612,-0.08220245,0.07211120,0.31503298,-0.08504525,0.06766176,0.08885406,0.02114346,0.00343270,25.21275992,5.07688418,56.78490229,29.92910546,0.20521507,-0.43560372,1.23583085,0.20533118,-0.43844261,1.23269087,9.79274744,0.00000000
12.12100000,STAND,-0.01179086,-0.01815949,0.01091916,-0.08219383,0.07210070,0.31502724,-0.08503806,0.06765249,0.08886267,0.02114793,0.00343718,25.22099014,5.03244840,56.82851892,29.92391023,0.20515258,-0.43572888,1.23597607,0.20525041,-0.43862906,1.23291205,9.80017209,0.00000000
12.13100000,STAND,-0.01181103,-0.01817497,0.01092234,-0.08218274,0.07208713,0.31502052,-0.08502871,0.06764045,0.08887367,0.02115265,0.00344189,25.22949894,4.98692964,56.87546190,29.92036750,0.20507715,-0.43587999,1.23615108,0.20515576,-0.43884575,1.23316776,9.80824206,0.00000000
12.14100000,STAND,-0.01183216,-0.01819195,0.01092550,-0.08216875,0.07206998,0.31501287,-0.08501684,0.06762517,0.08888748,0.02115752,0.00344676,25.23777480,4.94105035,56.92484817,29.91864994,0.20498765,-0.43605915,1.23635802,0.20504626,-0.43909426,1.23345939,9.81682868,0.00000000
12.15100000,STAND,-0.01185379,-0.01821029,0.01092850,-0.08215144,0.07204876,0.31500438,-0.08500205,0.06760621,0.08890452,0.02116246,0.00345170,25.24530768,4.89550598,56.97572346,29.91885867,0.20488301,-0.43626831,1.23659887,0.20492095,-0.43937607,1.23378815,9.82578878,0.00000000
12.16100000,STAND,-0.01187544,-0.01822979,0.01093115,-0.08213036,0.07202297,0.31499515,-0.08498392,0.06758309,0.08892523,0.02116739,0.00345663,25.25162821,4.85096674,57.02709825,29.92102843,0.20476222,-0.43650934,1.23687540,0.20477893,-0.43969255,1.23415511,9.83496995,0.00000001
12.17100000,STAND,-0.01189666,-0.01825022,0.01093328,-0.08210503,0.07199214,0.31498529,-0.08496203,0.06755536,0.08895009,0.02117223,0.00346147,25.25633910,4.80807831,57.07798077,29.92513392,0.20462432,-0.43678395,1.23718920,0.20461929,-0.44004498,1.23456122,9.84421547,0.00000001
12.18100000,STAND,-0.01191700,-0.01827131,0.01093472,-0.08207498,0.07195576,0.31497494,-0.08493593,0.06752258,0.08897957,0.02117692,0.00346616,25.25913752,4.76746028,57.12740581,29.93109661,0.20446844,-0.43709377,1.23754172,0.20444119,-0.44043455,1.23500730,9.85336864,0.00000001
12.19100000,STAND,-0.01193603,-0.01829278,0.01093531,-0.08203971,0.07191340,0.31496424,-0.08490518,0.06748432,0.08901418,0.02118138,0.00347062,25.25982808,4.72970205,57.17445850,29.93879147,0.20429378,-0.43744030,1.23793425,0.20424381,-0.44086238,1.23549409,9.86227654,0.00000001
12.20100000,STAND,-0.01195338,-0.01831428,0.01093488,-0.08199871,0.07186460,0.31495333,-0.08486929,0.06744015,0.08905441,0.02118556,0.00347480,25.25832705,4.69535669,57.21829272,29.94805348,0.20409961,-0.43782497,1.23836797,0.20402636,-0.44132951,1.23602223,9.87079310,0.00000001
12.21100000,STAND,-0.01196871,-0.01833547,0.01093332,-0.08195149,0.07180895,0.31494234,-0.08482780,0.06738970,0.08910080,0.02118939,0.00347864,25.25465905,4.66493385,57.25814432,29.95868396,0.20388529,-0.43824907,1.23884393,0.20378809,-0.44183691,1.23659230,9.87878144,0.00000001
12.22100000,STAND,-0.01198173,-0.01835596,0.01093051,-0.08189754,0.07174606,0.31493140,-0.08478025,0.06733259,0.08915383,0.02119283,0.00348208,25.24894748,4.63889255,57.29333926,29.97045690,0.20365025,-0.43871383,1.23936308,0.20352829,-0.44238551,1.23720483,9.88611559,0.00000001
12.23100000,STAND,-0.01199220,-0.01837538,0.01092635,-0.08183636,0.07167557,0.31492063,-0.08472616,0.06726848,0.08921402,0.02119582,0.00348507,25.24140069,4.61763519,57.32329750,29.98312546,0.20339398,-0.43922039,1.23992628,0.20324627,-0.44297616,1.23786031,9.89268161,0.00000001
12.24100000,STAND,-0.01199995,-0.01839334,0.01092078,-0.08176745,0.07159715,0.31491013,-0.08466508,0.06719706,0.08928187,0.02119833,0.00348757,25.23229511,4.60150330,57.34753310,29.99642871,0.20311606,-0.43976979,1.24053432,0.20294140,-0.44360969,1.23855917,9.89837818,0.00000001
12.25100000,STAND,-0.01200483,-0.01840945,0.01091375,-0.08169034,0.07151050,0.31490000,-0.08459656,0.06711805,0.08935785,0.02120031,0.00348955,25.22195708,4.59077551,57.36565140,30.01009865,0.20281610,-0.44036300,1.24118789,0.20261306,-0.44428686,1.23930186,9.90311674,0.00000001
12.26100000,STAND,-0.01200675,-0.01842333,0.01090522,-0.08160456,0.07141534,0.31489032,-0.08452017,0.06703119,0.08944243,0.02120173,0.00349098,25.21074444,4.58566798,57.37734390,30.02386732,0.20249380,-0.44100092,1.24188763,0.20226069,-0.44500842,1.24008876,9.90682131,0.00000001
12.27100000,STAND,-0.01200566,-0.01843464,0.01089517,-0.08150968,0.07131144,0.31488115,-0.08443549,0.06693623,0.08953605,0.02120258,0.00349183,25.19902896,4.58633697,57.38238153,30.03747394,0.20214886,-0.44168436,1.24263413,0.20188375,-0.44577504,1.24092025,9.90942801,0.00000001
12.28100000,STAND,-0.01200155,-0.01844303,0.01088360,-0.08140529,0.07119857,0.31487255,-0.08434213,0.06683299,0.08963910,0.02120283,0.00349208,25.18718043,4.59288325,57.38060694,30.05067178,0.20178106,-0.44241405,1.24342791,0.20148174,-0.44658739,1.24179669,9.91088442,0.00000001
12.29100000,STAND,-0.01199444,-0.01844819,0.01087050,-0.08129099,0.07107654,0.31486456,-0.08423973,0.06672126,0.08975199,0.02120248,0.00349172,25.17555273,4.60535787,57.37192619,30.06323443,0.20139017,-0.44319069,1.24426945,0.20105421,-0.44744607,1.24271843,9.91114875,0.00000001
12.30100000,STAND,-0.01198434,-0.01844986,0.01085586,-0.08116643,0.07094517,0.31485721,-0.08412794,0.06660088,0.08987505,0.02120151,0.00349075,25.16447245,4.62376878,57.35630040,30.07496142,0.20097601,-0.44401487,1.24515917,0.20060071,-0.44835166,1.24368578,9.91018898,0.00000001
12.31100000,STAND,-0.01197131,-0.01844779,0.01083970,-0.08103128,0.07080433,0.31485052,-0.08400645,0.06647171,0.09000861,0.02119992,0.00348916,25.15423004,4.64808777,57.33373755,30.08568277,0.20053839,-0.44488712,1.24609745,0.20012085,-0.44930468,1.24469902,9.90798194,0.00000001
12.32100000,STAND,-0.01195541,-0.01844178,0.01082199,-0.08088523,0.07065386,0.31484451,-0.08387498,0.06633363,0.09015295,0.02119772,0.00348696,25.14507349,4.67825727,57.30428464,30.09526249,0.20007714,-0.44580794,1.24708466,0.19961427,-0.45030562,1.24575842,9.90451239,0.00000001
12.33100000,STAND,-0.01193670,-0.01843165,0.01080274,-0.08072804,0.07049366,0.31483917,-0.08373328,0.06618651,0.09030832,0.02119491,0.00348415,25.13720453,4.71419675,57.26802048,30.10360083,0.19959211,-0.44677773,1.24812108,0.19908063,-0.45135493,1.24686419,9.89977208,0.00000002
12.34100000,STAND,-0.01191525,-0.01841728,0.01078193,-0.08055947,0.07032362,0.31483450,-0.08358113,0.06603025,0.09047493,0.02119149,0.00348074,25.13077703,4.75580841,57.22504916,30.11063529,0.19908312,-0.44779684,1.24920697,0.19851964,-0.45245300,1.24801653,9.89375892,0.00000002
12.35100000,STAND,-0.01189111,-0.01839855,0.01075953,-0.08037933,0.07014364,0.31483049,-0.08341833,0.06586478,0.09065297,0.02118749,0.00347673,25.12589740,4.80298201,57.17549416,30.11634045,0.19855002,-0.44886558,1.25034257,0.19793101,-0.45360018,1.24921557,9.88647613,0.00000002
12.36100000,STAND,-0.01186434,-0.01837541,0.01073551,-0.08018744,0.06995364,0.31482712,-0.08324473,0.06568999,0.09084259,0.02118289,0.00347214,25.12262667,4.85559883,57.11949321,30.12072668,0.19799264,-0.44998418,1.25152803,0.19731451,-0.45479678,1.25046141,9.87793149,0.00000002
12.37100000,STAND,-0.01183499,-0.01834782,0.01070983,-0.07998367,0.06975356,0.31482437,-0.08306019,0.06550583,0.09104389,0.02117772,0.00346697,25.12098404,4.91353469,57.05719382,30.12383791,0.19741081,-0.45115282,1.25276350,0.19666993,-0.45604305,1.25175410,9.86813658,0.00000002
12.38100000,STAND,-0.01180308,-0.01831578,0.01068245,-0.07976793,0.06954331,0.31482221,-0.08286461,0.06531223,0.09125698,0.02117198,0.00346123,25.12095139,4.97666209,56.98874947,30.12574857,0.19680438,-0.45237163,1.25404905,0.19599707,-0.45733920,1.25309363,9.85710613,0.00000002
12.39100000,STAND,-0.01176866,-0.01827929,0.01065332,-0.07954013,0.06932284,0.31482060,-0.08265791,0.06510914,0.09148190,0.02116568,0.00345492,25.12247868,5.04485160,56.91431634,30.12655992,0.19617317,-0.45364070,1.25538472,0.19529577,-0.45868539,1.25447994,9.84485741,0.00000002
12.40100000,STAND,-0.01173174,-0.01823842,0.01062237,-0.07930022,0.06909210,0.31481950,-0.08244003,0.06489649,0.09171870,0.02115882,0.00344806,25.12548979,5.11797257,56.83405053,30.12639602,0.19551702,-0.45496004,1.25677048,0.19456590,-0.46008171,1.25591291,9.83140962,0.00000002
12.41100000,STAND,-0.01169234,-0.01819320,0.01058955,-0.07904818,0.06885104,0.31481889,-0.08221096,0.06467425,0.09196738,0.02115140,0.00344065,25.12988868,5.19589321,56.74810577,30.12539940,0.19483578,-0.45632964,1.25820627,0.19380736,-0.46152821,1.25739236,9.81678339,0.00000002
12.42100000,STAND,-0.01165045,-0.01814372,0.01055480,-0.07878400,0.06859962,0.31481872,-0.08197066,0.06444237,0.09222794,0.02114344,0.00343268,25.13556556,5.27848021,56.65663138,30.12372679,0.19412930,-0.45774942,1.25969193,0.19302005,-0.46302491,1.25891805,9.80100027,0.00000002
12.43100000,STAND,-0.01160607,-0.01809007,0.01051806,-0.07850770,0.06833780,0.31481894,-0.08171917,0.06420081,0.09250034,0.02113491,0.00342416,25.14240292,5.36559794,56.55977062,30.12154498,0.19339743,-0.45921928,1.26122728,0.19220392,-0.46457174,1.26048968,9.78408224,0.00000002
12.44100000,STAND,-0.01155920,-0.01803233,0.01047928,-0.07821931,0.06806556,0.31481951,-0.08145649,0.06394956,0.09278454,0.02112582,0.00341507,25.15028138,5.45710723,56.45765911,30.11902695,0.19264004,-0.46073904,1.26281206,0.19135894,-0.46616860,1.26210689,9.76605129,0.00000002
12.45100000,STAND,-0.01150981,-0.01797062,0.01043841,-0.07791887,0.06778286,0.31482039,-0.08118266,0.06368857,0.09308048,0.02111617,0.00340541,25.15908507,5.55286376,56.35042349,30.11634853,0.19185702,-0.46230851,1.26444593,0.19048508,-0.46781532,1.26376924,9.74692901,0.00000002
12.46100000,STAND,-0.01145789,-0.01790502,0.01039539,-0.07760645,0.06748970,0.31482153,-0.08089775,0.06341784,0.09338809,0.02110592,0.00339516,25.16870672,5.65271610,56.23818010,30.11368555,0.19104825,-0.46392743,1.26612850,0.18958236,-0.46951172,1.26547623,9.72673615,0.00000002
12.47100000,STAND,-0.01140342,-0.01783564,0.01035019,-0.07728212,0.06718605,0.31482288,-0.08060181,0.06313735,0.09370728,0.02109507,0.00338431,25.17905227,5.75650313,56.12103365,30.11121181,0.19021364,-0.46559551,1.26785930,0.18865081,-0.47125750,1.26722731,9.70549228,0.00000002
12.48100000,STAND,-0.01134636,-0.01776256,0.01030277,-0.07694595,0.06687192,0.31482439,-0.08029490,0.06284710,0.09403796,0.02108358,0.00337283,25.19004511,5.86405082,55.99907586,30.10909766,0.18935312,-0.46731241,1.26963778,0.18769049,-0.47305237,1.26902183,9.68321537,0.00000003
12.49100000,STAND,-0.01128668,-0.01768589,0.01025310,-0.07659804,0.06654730,0.31482602,-0.07997712,0.06254708,0.09438003,0.02107143,0.00336067,25.20163017,5.97516802,55.87238393,30.10750961,0.18846664,-0.46907775,1.27146331,0.18670146,-0.47489594,1.27085909,9.65992142,0.00000003
12.50100000,STAND,-0.01122435,-0.01760568,0.01020115,-0.07623848,0.06621221,0.31482772,-0.07964854,0.06223729,0.09473340,0.02105857,0.00334781,25.21377774,6.08964085,55.74101880,30.10661086,0.18755414,-0.47089110,1.27333518,0.18568382,-0.47678780,1.27273832,9.63562408,0.00000003
12.51100000,STAND,-0.01115931,-0.01752201,0.01014691,-0.07586737,0.06586666,0.31482945,-0.07930924,0.06191775,0.09494647,0.02104494,0.00333419,25.22648756,6.20722523,55.60502305,30.10656299,0.18661561,-0.47275199,1.27525260,0.18463769,-0.47872745,1.27465865,9.61033420,0.00000003
12.52100000,STAND,-0.01109151,-0.01743492,0.01009034,-0.07548480,0.06551066,0.31483115,-0.07895931,0.06158847,0.09446093,0.02103048,0.00331973,25.23979330,6.32763645,55.46441829,30.10752893,0.18565103,-0.47465987,1.27721466,0.18356320,-0.48071436,1.27661916,9.58405942,0.00000003
12.53100000,STAND,-0.01102089,-0.01734442,0.01003143,-0.07509086,0.06514425,0.31483277,-0.07859884,0.06124947,0.09396171,0.02101511,0.00330435,25.25376801,6.45053471,55.31920179,30.10967761,0.18466041,-0.47661416,1.27922037,0.18246049,-0.48274792,1.27861881,9.55680364,0.00000003
12.54100000,STAND,-0.01094734,-0.01725051,0.00997015,-0.07468567,0.06476745,0.31483427,-0.07822791,0.06090078,0.09344891,0.02099870,0.00328795,25.26853109,6.57550908,55.16934211,30.11319049,0.18364377,-0.47861422,1.28126861,0.18132973,-0.48482748,1.28065650,9.52856633,0.00000003
12.55100000,STAND,-0.01087079,-0.01715317,0.00990647,-0.07426930,0.06438029,0.31483558,-0.07784661,0.06054241,0.09292262,0.02098116,0.00327041,25.28419106,6.70407082,55.01483430,30.11822099,0.18260114,-0.48065939,1.28335835,0.18017111,-0.48695231,1.28273101,9.49934889,0.00000003
12.56100000,STAND,-0.01079123,-0.01705243,0.00984039,-0.07384186,0.06398281,0.31483667,-0.07745502,0.06017442,0.09238294,0.02096250,0.00325174,25.30053304,6.83818556,54.85587363,30.12471558,0.18153263,-0.48274929,1.28548908,0.17898485,-0.48912171,1.28484127,9.46917119,0.00000003
12.57100000,STAND,-0.01070877,-0.01694842,0.00977192,-0.07340345,0.06357508,0.31483752,-0.07705323,0.05979684,0.09183001,0.02094279,0.00323204,25.31723608,6.97734584,54.69257522,30.13255498,0.18043843,-0.48488346,1.28766014,0.17777119,-0.49133506,1.28698637,9.43803876,0.00000003
12.58100000,STAND,-0.01062354,-0.01684129,0.00970113,-0.07295419,0.06315717,0.31483814,-0.07664135,0.05940975,0.09126398,0.02092213,0.00321138,25.33402894,7.12100497,54.52496622,30.14157288,0.17931878,-0.48706139,1.28987063,0.17653041,-0.49359173,1.28916543,9.40595070,0.00000003
12.59100000,STAND,-0.01053564,-0.01673120,0.00962809,-0.07249420,0.06272920,0.31483854,-0.07621948,0.05901324,0.09068501,0.02090061,0.00318986,25.35071405,7.26871412,54.35303604,30.15157373,0.17817393,-0.48928248,1.29211953,0.17526281,-0.49589105,1.29137753,9.37290569,0.00000003
12.60100000,STAND,-0.01044519,-0.01661827,0.00955289,-0.07202361,0.06229126,0.31483874,-0.07578773,0.05860740,0.09009327,0.02087832,0.00316757,25.36717584,7.42012819,54.17676854,30.16236098,0.17700417,-0.49154611,1.29440575,0.17396869,-0.49823228,1.29362170,9.33890395,0.00000003
12.61100000,STAND,-0.01035229,-0.01650261,0.00947565,-0.07154255,0.06184349,0.31483876,-0.07534623,0.05819234,0.08948894,0.02085533,0.00314458,25.38337501,7.57499717,53.99616257,30.17375739,0.17580979,-0.49385159,1.29672813,0.17264837,-0.50061465,1.29589686,9.30394823,0.00000003
12.62100000,STAND,-0.01025706,-0.01638428,0.00939646,-0.07105117,0.06138602,0.31483863,-0.07489509,0.05776820,0.08887220,0.02083171,0.00312095,25.39933559,7.73315162,53.81124177,30.18561512,0.17459108,-0.49619821,1.29908549,0.17130221,-0.50303736,1.29820191,9.26804412,0.00000003
12.63100000,STAND,-0.01015960,-0.01626332,0.00931544,-0.07054959,0.06091899,0.31483835,-0.07443444,0.05733508,0.08824324,0.02080748,0.00309673,25.41512900,7.89448578,53.62205630,30.19781764,0.17334835,-0.49858522,1.30147661,0.16993055,-0.50549953,1.30053567,9.23119990,0.00000003
12.64100000,STAND,-0.01006001,-0.01613977,0.00923266,-0.07003797,0.06044255,0.31483792,-0.07396439,0.05689314,0.08760225,0.02078271,0.00307195,25.43085784,8.05894070,53.42867952,30.21027667,0.17208191,-0.50101184,1.30390026,0.16853377,-0.50800026,1.30289692,9.19342617,0.00000003
12.65100000,STAND,-0.00995840,-0.01601367,0.00914824,-0.06951643,0.05995686,0.31483734,-0.07348509,0.05644251,0.08694944,0.02075740,0.00304664,25.44664067,8.22648838,53.23120232,30.22292680,0.17079210,-0.50347725,1.30635518,0.16711225,-0.51053862,1.30528440,9.15473530,0.00000003
12.66100000,STAND,-0.00985485,-0.01588504,0.00906225,-0.06898515,0.05946208,0.31483660,-0.07299666,0.05598335,0.08628500,0.02073157,0.00302081,25.46259887,8.39711800,53.02972682,30.23571967,0.16947925,-0.50598063,1.30884008,0.16566639,-0.51311365,1.30769685,9.11514090,0.00000003
12.67100000,STAND,-0.00974946,-0.01575390,0.00897476,-0.06844425,0.05895838,0.31483569,-0.07249923,0.05551579,0.08560915,0.02070524,0.00299448,25.47884599,8.57082480,52.82436071,30.24861883,0.16814372,-0.50852110,1.31135368,0.16419663,-0.51572435,1.31013295,9.07465726,0.00000003
12.68100000,STAND,-0.00964232,-0.01562029,0.00888585,-0.06789391,0.05844592,0.31483458,-0.07199295,0.05503999,0.08492209,0.02067841,0.00296765,25.49548002,8.74760167,52.61521273,30.26159577,0.16678586,-0.51109776,1.31389465,0.16270339,-0.51836971,1.31259138,9.03329905,0.00000003
12.69100000,STAND,-0.00953351,-0.01548423,0.00879558,-0.06733428,0.05792489,0.31483326,-0.07147795,0.05455613,0.08422406,0.02065108,0.00294033,25.51257840,8.92743356,52.40238953,30.27462722,0.16540605,-0.51370969,1.31646167,0.16118712,-0.52104867,1.31507080,8.99108100,0.00000003
12.70100000,STAND,-0.00942311,-0.01534578,0.00870399,-0.06676554,0.05739546,0.31483170,-0.07095440,0.05406436,0.08351527,0.02062327,0.00291251,25.53019580,9.11029442,52.18599378,30.28769354,0.16400468,-0.51635593,1.31905338,0.15964830,-0.52376019,1.31756987,8.94801783,0.00000003
12.71100000,STAND,-0.00931119,-0.01520498,0.00861114,-0.06618786,0.05685782,0.31482989,-0.07042244,0.05356484,0.08279598,0.02059496,0.00288421,25.54836401,9.29614609,51.96612356,30.30077801,0.16258214,-0.51903549,1.32166843,0.15808741,-0.52650317,1.32008722,8.90412423,0.00000003
12.72100000,STAND,-0.00919782,-0.01506188,0.00851705,-0.06560144,0.05631215,0.31482781,-0.06988226,0.05305776,0.08206641,0.02056617,0.00285542,25.56709358,9.48493880,51.74287259,30.31386666,0.16113884,-0.52174737,1.32430543,0.15650494,-0.52927651,1.32262150,8.85941493,0.00000003
12.73100000,STAND,-0.00908308,-0.01491655,0.00842177,-0.06500645,0.05575866,0.31482544,-0.06933401,0.05254329,0.08132684,0.02053691,0.00282615,25.58637668,9.67661259,51.51633110,30.32694854,0.15967520,-0.52449051,1.32696298,0.15490142,-0.53207910,1.32517135,8.81390491,0.00000003
12.74100000,STAND,-0.00896702,-0.01476905,0.00832534,-0.06440311,0.05519753,0.31482276,-0.06877788,0.05202160,0.08057750,0.02050717,0.00279641,25.60619062,9.87109920,51.28658724,30.34001597,0.15819165,-0.52726386,1.32963970,0.15327736,-0.53490981,1.32773539,8.76760953,0.00000003
12.75100000,STAND,-0.00884972,-0.01461947,0.00822778,-0.06379163,0.05462896,0.31481976,-0.06821406,0.05149289,0.07981868,0.02047697,0.00276621,25.62650160,10.06832416,51.05372857,30.35306491,0.15668863,-0.53006633,1.33233416,0.15163332,-0.53776747,1.33031226,8.72054478,0.00000004
12.76100000,STAND,-0.00873122,-0.01446788,0.00812912,-0.06317222,0.05405316,0.31481643,-0.06764274,0.05095733,0.07905064,0.02044632,0.00273556,25.64726826,10.26820856,50.81784366,30.36609504,0.15516660,-0.53289683,1.33504496,0.14996984,-0.54065092,1.33290060,8.67272745,0.00000004
12.77100000,STAND,-0.00861160,-0.01431436,0.00802939,-0.06254510,0.05347033,0.31481275,-0.06706412,0.05041512,0.07827367,0.02041522,0.00270446,25.66844496,10.47067055,50.57902347,30.37910977,0.15362602,-0.53575422,1.33777068,0.14828751,-0.54355900,1.33549905,8.62417530,0.00000004
12.78100000,STAND,-0.00849091,-0.01415900,0.00792863,-0.06191051,0.05288069,0.31480871,-0.06647842,0.04986645,0.07748804,0.02038370,0.00267294,25.68998444,10.67562631,50.33736261,30.39211590,0.15206737,-0.53863737,1.34050990,0.14658689,-0.54649050,1.33810626,8.57490719,0.00000004
12.79100000,STAND,-0.00836921,-0.01400190,0.00782687,-0.06126869,0.05228444,0.31480430,-0.06588585,0.04931151,0.07669406,0.02035175,0.00264100,25.71183991,10.88299073,50.09296019,30.40512318,0.15049115,-0.54154512,1.34326121,0.14486860,-0.54944423,1.34072087,8.52494319,0.00000004
12.80100000,STAND,-0.00824657,-0.01384315,0.00772414,-0.06061988,0.05168181,0.31479951,-0.06528663,0.04875051,0.07589202,0.02031940,0.00260865,25.73396654,11.09267752,49.84592045,30.41814366,0.14889785,-0.54447631,1.34602319,0.14313323,-0.55241897,1.34334154,8.47430457,0.00000004
12.81100000,STAND,-0.00812303,-0.01368283,0.00762048,-0.05996432,0.05107302,0.31479432,-0.06468099,0.04818365,0.07508223,0.02028666,0.00257591,25.75632240,11.30459917,49.59635301,30.43119096,0.14728799,-0.54742977,1.34879444,0.14138142,-0.55541352,1.34596696,8.42301386,0.00000004
12.82100000,STAND,-0.00799867,-0.01352106,0.00751593,-0.05930228,0.05045829,0.31478873,-0.06406915,0.04761114,0.07426500,0.02025355,0.00254279,25.77886896,11.51866674,49.34437289,30.44427949,0.14566210,-0.55040429,1.35157356,0.13961379,-0.55842663,1.34859580,8.37109479,0.00000004
12.83100000,STAND,-0.00787354,-0.01335792,0.00741052,-0.05863402,0.04983785,0.31478272,-0.06345137,0.04703319,0.07344064,0.02022006,0.00250931,25.80157122,11.73478943,49.09010022,30.45742370,0.14402071,-0.55339868,1.35435916,0.13783099,-0.56145707,1.35122676,8.31857222,0.00000004
12.84100000,STAND,-0.00774771,-0.01319351,0.00730431,-0.05795980,0.04921194,0.31477628,-0.06282787,0.04645001,0.07260949,0.02018623,0.00247547,25.82439758,11.95287436,48.83365983,30.47063737,0.14236439,-0.55641174,1.35714986,0.13603367,-0.56450360,1.35385854,8.26547203,0.00000004
12.85100000,STAND,-0.00762126,-0.01302794,0.00719734,-0.05727989,0.04858080,0.31476940,-0.06219891,0.04586183,0.07177185,0.02015206,0.00244130,25.84731953,12.17282625,48.57518064,30.48393301,0.14069370,-0.55944224,1.35994429,0.13422251,-0.56756498,1.35648987,8.21182108,0.00000004
12.86100000,STAND,-0.00749424,-0.01286130,0.00708965,-0.05659457,0.04794466,0.31476207,-0.06156474,0.04526886,0.07092807,0.02011757,0.00240681,25.87031126,12.39454733,48.31479497,30.49732141,0.13900921,-0.56248897,1.36274108,0.13239817,-0.57063995,1.35911949,8.15764698,0.00000004
12.87100000,STAND,-0.00736673,-0.01269370,0.00698130,-0.05590411,0.04730377,0.31475428,-0.06092561,0.04467133,0.07007849,0.02008277,0.00237201,25.89334929,12.61793738,48.05263780,30.51081127,0.13731151,-0.56555071,1.36553889,0.13056136,-0.57372725,1.36174617,8.10297808,0.00000004
12.88100000,STAND,-0.00723879,-0.01252522,0.00687233,-0.05520880,0.04665838,0.31474601,-0.06028177,0.04406947,0.06922343,0.02004768,0.00233692,25.91641198,12.84289384,47.78884604,30.52440902,0.13560121,-0.56862621,1.36833639,0.12871276,-0.57682564,1.36436867,8.04784324,0.00000004
12.89100000,STAND,-0.00711050,-0.01235599,0.00676280,-0.05450892,0.04600873,0.31473726,-0.05963350,0.04346352,0.06836325,0.02001231,0.00230155,25.93947924,13.06931215,47.52355777,30.53811871,0.13387891,-0.57171424,1.37113225,0.12685307,-0.57993384,1.36698579,7.99227176,0.00000004
12.90100000,STAND,-0.00698192,-0.01218608,0.00665276,-0.05380476,0.04535510,0.31472802,-0.05898106,0.04285371,0.06749829,0.01997668,0.00226593,25.96253218,13.29708613,47.25691157,30.55194203,0.13214524,-0.57481357,1.37392519,0.12498302,-0.58305059,1.36959635,7.93629326,0.00000004
12.91100000,STAND,-0.00685314,-0.01201561,0.00654226,-0.05309660,0.04469772,0.31471829,-0.05832470,0.04224027,0.06662891,0.01994081,0.00223006,25.98555290,13.52610842,46.98904590,30.56587841,0.13040082,-0.57792295,1.37671390,0.12310333,-0.58617464,1.37219919,7.87993756,0.00000004
12.92100000,STAND,-0.00672423,-0.01184466,0.00643136,-0.05238474,0.04403687,0.31470805,-0.05766470,0.04162345,0.06575545,0.01990472,0.00219396,26.00852428,13.75627098,46.72009855,30.57992520,0.12864630,-0.58104115,1.37949713,0.12121473,-0.58930471,1.37479315,7.82323454,0.00000004
12.93100000,STAND,-0.00659524,-0.01167334,0.00632012,-0.05166948,0.04337281,0.31469729,-0.05700134,0.04100350,0.06487826,0.01986841,0.00215765,26.03142984,13.98746560,46.45020613,30.59407784,0.12688233,-0.58416692,1.38227362,0.11931795,-0.59243954,1.37737711,7.76621414,0.00000004
12.94100000,STAND,-0.00646627,-0.01150174,0.00620860,-0.05095110,0.04270579,0.31468603,-0.05633487,0.04038065,0.06399772,0.01983191,0.00212115,26.05425371,14.21958434,46.17950370,30.60833012,0.12510956,-0.58729901,1.38504214,0.11741374,-0.59557787,1.37994998,7.70890620,0.00000004
12.95100000,STAND,-0.00633737,-0.01132995,0.00609683,-0.05022990,0.04203610,0.31467425,-0.05566558,0.03975517,0.06311416,0.01979523,0.00208447,26.07698052,14.45251995,45.90812446,30.62267438,0.12332867,-0.59043619,1.38780147,0.11550286,-0.59871844,1.38251066,7.65134042,0.00000004
12.96100000,STAND,-0.00620861,-0.01115807,0.00598489,-0.04950619,0.04136399,0.31466195,-0.05499374,0.03912728,0.06222797,0.01975840,0.00204764,26.09959539,14.68616624,45.63619951,30.63710178,0.12154033,-0.59357721,1.39055043,0.11358605,-0.60185998,1.38505811,7.59354633,0.00000004
12.97100000,STAND,-0.00608007,-0.01098618,0.00587283,-0.04878025,0.04068974,0.31464914,-0.05431963,0.03849726,0.06133948,0.01972142,0.00201066,26.12208397,14.92041829,45.36385767,30.65160244,0.11974522,-0.59672083,1.39328785,0.11166409,-0.60500124,1.38759128,7.53555321,0.00000004
12.98100000,STAND,-0.00595180,-0.01081437,0.00576070,-0.04805239,0.04001362,0.31463580,-0.05364352,0.03786535,0.06044907,0.01968432,0.00197356,26.14443236,15.15517269,45.09122541,30.66616572,0.11794403,-0.59986581,1.39601258,0.10973773,-0.60814096,1.39010916,7.47739009,0.00000003
12.99100000,STAND,-0.00582387,-0.01064273,0.00564855,-0.04732290,0.03933591,0.31462196,-0.05296568,0.03723180,0.05955709,0.01964710,0.00193635,26.16662721,15.39032764,44.81842679,30.68078028,0.11613745,-0.60301091,1.39872349,0.10780776,-0.61127790,1.39261076,7.41908571,0.00000003
13.00100000,STAND,-0.00569635,-0.01047133,0.00553643,-0.04659208,0.03865687,0.31460760,-0.05228640,0.03659688,0.05866392,0.01960980,0.00189905,26.18865569,15.62578296,44.54558351,30.69543434,0.11432620,-0.60615491,1.40141949,0.10587494,-0.61441081,1.39509512,7.36066850,0.00000003
13.01100000,STAND,-0.00556930,-0.01030027,0.00542441,-0.04586024,0.03797678,0.31459274,-0.05160595,0.03596083,0.05776990,0.01957242,0.00186167,26.21050554,15.86144008,44.27281498,30.71011569,0.11251097,-0.60929656,1.40409949,0.10394006,-0.61753844,1.39756129,7.30216660,0.00000003
13.02100000,STAND,-0.00544276,-0.01012961,0.00531253,-0.04512766,0.03729591,0.31457738,-0.05092461,0.03532391,0.05687540,0.01953498,0.00182423,26.23216505,16.09720192,44.00023838,30.72481185,0.11069249,-0.61243465,1.40676245,0.10200391,-0.62065957,1.40000836,7.24360786,0.00000003
13.03100000,STAND,-0.00531681,-0.00995944,0.00520084,-0.04439464,0.03661455,0.31456153,-0.05024266,0.03468638,0.05598078,0.01949750,0.00178675,26.25362314,16.33297282,43.72796886,30.73951016,0.10887147,-0.61556795,1.40940733,0.10006726,-0.62377296,1.40243543,7.18501979,0.00000003
13.04100000,STAND,-0.00519148,-0.00978983,0.00508939,-0.04366149,0.03593296,0.31454519,-0.04956036,0.03404850,0.05508640,0.01945999,0.00174924,26.27486932,16.56865833,43.45611966,30.75419781,0.10704864,-0.61869525,1.41203314,0.09813090,-0.62687741,1.40484164,7.12642967,0.00000003
13.05100000,STAND,-0.00506685,-0.00962085,0.00497823,-0.04292849,0.03525143,0.31452838,-0.04887801,0.03341053,0.05419262,0.01942247,0.00171172,26.29589376,16.80416506,43.18480230,30.76886196,0.10522473,-0.62181534,1.41463889,0.09619563,-0.62997169,1.40722615,7.06786448,0.00000003
13.06100000,STAND,-0.00494296,-0.00945257,0.00486740,-0.04219594,0.03457022,0.31451111,-0.04819586,0.03277271,0.05329980,0.01938495,0.00167420,26.31668725,17.03940047,42.91412678,30.78348974,0.10340047,-0.62492701,1.41722365,0.09426224,-0.63305460,1.40958816,7.00935096,0.00000003
13.07100000,STAND,-0.00481985,-0.00928506,0.00475696,-0.04146414,0.03388961,0.31449338,-0.04751421,0.03213532,0.05240829,0.01934745,0.00163669,26.33724125,17.27427270,42.64420174,30.79806835,0.10157660,-0.62802907,1.41978650,0.09233151,-0.63612496,1.41192687,6.95091563,0.00000003
13.08100000,STAND,-0.00469758,-0.00911838,0.00464694,-0.04073338,0.03320987,0.31447520,-0.04683331,0.03149860,0.05151846,0.01930998,0.00159922,26.35754786,17.50869038,42.37513462,30.81258510,0.09975385,-0.63112032,1.42232653,0.09040424,-0.63918159,1.41424153,6.89258477,0.00000003
13.09100000,STAND,-0.00457619,-0.00895260,0.00453739,-0.04000394,0.03253129,0.31445660,-0.04615345,0.03086281,0.05063065,0.01927256,0.00156180,26.37759983,17.74256247,42.10703188,30.82702745,0.09793298,-0.63419959,1.42484289,0.08848122,-0.64222331,1.41653142,6.83438447,0.00000003
13.10100000,STAND,-0.00445574,-0.00878778,0.00442837,-0.03927613,0.03185412,0.31443759,-0.04547489,0.03022822,0.04974522,0.01923520,0.00152444,26.39739053,17.97579809,41.83999911,30.84138311,0.09611472,-0.63726571,1.42733475,0.08656324,-0.64524898,1.41879583,6.77634067,0.00000003
13.11100000,STAND,-0.00433625,-0.00862398,0.00431990,-0.03855023,0.03117864,0.31441817,-0.04479791,0.02959506,0.04886252,0.01919791,0.00148716,26.41691397,18.20830642,41.57414114,30.85564005,0.09429983,-0.64031751,1.42980129,0.08465109,-0.64825744,1.42103410,6.71847908,0.00000003
13.12100000,STAND,-0.00421778,-0.00846127,0.00421203,-0.03782652,0.03050513,0.31439836,-0.04412278,0.02896361,0.04798291,0.01916072,0.00144996,26.43616469,18.43999657,41.30956220,30.86978658,0.09248905,-0.64335384,1.43224174,0.08274556,-0.65124758,1.42324558,6.66082529,0.00000003
13.13100000,STAND,-0.00410036,-0.00829968,0.00410481,-0.03710530,0.02983386,0.31437818,-0.04344977,0.02833411,0.04710672,0.01912363,0.00141287,26.45513780,18.67077754,41.04636594,30.88381139,0.09068314,-0.64637356,1.43465535,0.08084744,-0.65421827,1.42542967,6.60340472,0.00000003
13.14100000,STAND,-0.00398404,-0.00813930,0.00399827,-0.03638684,0.02916508,0.31435764,-0.04277913,0.02770681,0.04623431,0.01908666,0.00137591,26.47382892,18.90055812,40.78465549,30.89770364,0.08888284,-0.64937554,1.43704141,0.07895749,-0.65716841,1.42758578,6.54624263,0.00000003
13.15100000,STAND,-0.00386886,-0.00798015,0.00389245,-0.03567144,0.02849907,0.31433677,-0.04211115,0.02708197,0.04536602,0.01904983,0.00133907,26.49223410,19.12924688,40.52453352,30.91145299,0.08708890,-0.65235866,1.43939924,0.07707651,-0.66009694,1.42971336,6.48936411,0.00000003
13.16100000,STAND,-0.00375485,-0.00782232,0.00378740,-0.03495936,0.02783609,0.31431557,-0.04144608,0.02645984,0.04450219,0.01901315,0.00130239,26.51034982,19.35675218,40.26610219,30.92504964,0.08530207,-0.65532183,1.44172817,0.07520527,-0.66300277,1.43181189,6.43279408,0.00000003
13.17100000,STAND,-0.00364204,-0.00766583,0.00368315,-0.03425090,0.02717641,0.31429406,-0.04078419,0.02584066,0.04364315,0.01897663,0.00126587,26.52817289,19.58298215,40.00946314,30.93848439,0.08352311,-0.65826394,1.44402758,0.07334454,-0.66588487,1.43388088,6.37655730,0.00000003
13.18100000,STAND,-0.00353048,-0.00751075,0.00357974,-0.03354632,0.02652029,0.31427227,-0.04012574,0.02522468,0.04278926,0.01894029,0.00122953,26.54570044,19.80784480,39.75471746,30.95174867,0.08175275,-0.66118392,1.44629688,0.07149507,-0.66874220,1.43591986,6.32067832,0.00000003
13.19100000,STAND,-0.00342020,-0.00735713,0.00347720,-0.03284591,0.02586799,0.31425021,-0.03947099,0.02461215,0.04194083,0.01890414,0.00119338,26.56292988,20.03124796,39.50196558,30.96483459,0.07999174,-0.66408071,1.44853550,0.06965764,-0.67157375,1.43792840,6.26518145,0.00000003
13.20100000,STAND,-0.00331123,-0.00720501,0.00337558,-0.03214993,0.02521976,0.31422790,-0.03882019,0.02400331,0.04109820,0.01886820,0.00115744,26.57985883,20.25309947,39.25130721,30.97773493,0.07824082,-0.66695326,1.45074291,0.06783298,-0.67437854,1.43990610,6.21009080,0.00000003
13.21100000,STAND,-0.00320360,-0.00705444,0.00327491,-0.03145865,0.02457586,0.31420535,-0.03817361,0.02339841,0.04026170,0.01883248,0.00112173,26.59648510,20.47330717,39.00284124,30.99044318,0.07650072,-0.66980054,1.45291860,0.06602185,-0.67715558,1.44185258,6.15543019,0.00000003
13.22100000,STAND,-0.00309734,-0.00690547,0.00317522,-0.03077234,0.02393653,0.31418259,-0.03753148,0.02279767,0.03943165,0.01879700,0.00108625,26.61280667,20.69177908,38.75666562,31.00295353,0.07477218,-0.67262155,1.45506211,0.06422499,-0.67990392,1.44376749,6.10122319,0.00000003
13.23100000,STAND,-0.00299248,-0.00675815,0.00307655,-0.03009127,0.02330204,0.31415964,-0.03689408,0.02220134,0.03860837,0.01876178,0.00105102,26.62882167,20.90842340,38.51287724,31.01526088,0.07305592,-0.67541528,1.45717297,0.06244312,-0.68262264,1.44565051,6.04749301,0.00000003
13.24100000,STAND,-0.00288906,-0.00661251,0.00297893,-0.02941570,0.02267263,0.31413651,-0.03626163,0.02160964,0.03779217,0.01872682,0.00101606,26.64452835,21.12314871,38.27157182,31.02736082,0.07135266,-0.67818075,1.45925079,0.06067696,-0.68531083,1.44750136,5.99426256,0.00000003
13.25100000,STAND,-0.00278709,-0.00646861,0.00288240,-0.02874588,0.02204853,0.31411323,-0.03563440,0.02102282,0.03698336,0.01869214,0.00098138,26.65992512,21.33586403,38.03284379,31.03924961,0.06966311,-0.68091701,1.46129518,0.05892723,-0.68796759,1.44931976,5.94155436,0.00000003
13.26100000,STAND,-0.00268660,-0.00632648,0.00278698,-0.02808206,0.02142999,0.31408982,-0.03501261,0.02044109,0.03618226,0.01865776,0.00094700,26.67501051,21.54647896,37.79678613,31.05092417,0.06798799,-0.68362311,1.46330578,0.05719462,-0.69059206,1.45110548,5.88939053,0.00000003
13.27100000,STAND,-0.00258763,-0.00618617,0.00269271,-0.02742451,0.02081725,0.31406629,-0.03439652,0.01986469,0.03538916,0.01862368,0.00091293,26.68978323,21.75490375,37.56349030,31.06238202,0.06632799,-0.68629814,1.46528226,0.05547983,-0.69318341,1.45285832,5.83779277,0.00000003
13.28100000,STAND,-0.00249018,-0.00604771,0.00259961,-0.02677347,0.02021053,0.31404267,-0.03378634,0.01929383,0.03460437,0.01858994,0.00087918,26.70424216,21.96104946,37.33304611,31.07362128,0.06468379,-0.68894120,1.46722433,0.05378354,-0.69574081,1.45457807,5.78678235,0.00000003
13.29100000,STAND,-0.00239428,-0.00591115,0.00250773,-0.02612918,0.01961008,0.31401898,-0.03318233,0.01872874,0.03382816,0.01855653,0.00084578,26.71838636,22.16482803,37.10554160,31.08464058,0.06305609,-0.69155140,1.46913171,0.05210640,-0.69826346,1.45626459,5.73638002,0.00000003
13.30100000,STAND,-0.00229996,-0.00577653,0.00241707,-0.02549188,0.01901610,0.31399524,-0.03258470,0.01816961,0.03306084,0.01852348,0.00081273,26.73221518,22.36615240,36.88106293,31.09543904,0.06144556,-0.69412790,1.47100416,0.05044909,-0.70075060,1.45791774,5.68660608,0.00000003
13.31100000,STAND,-0.00220723,-0.00564387,0.00232768,-0.02486180,0.01842882,0.31397146,-0.03199369,0.01761668,0.03230269,0.01849080,0.00078004,26.74572818,22.56493662,36.65969434,31.10601625,0.05985285,-0.69666986,1.47284146,0.04881224,-0.70320147,1.45953742,5.63748027,0.00000002
13.32100000,STAND,-0.00211611,-0.00551322,0.00223958,-0.02423918,0.01784846,0.31394768,-0.03140951,0.01707014,0.03155397,0.01845850,0.00074774,26.75892526,22.76109590,36.44151802,31.11637215,0.05827862,-0.69917646,1.47464342,0.04719648,-0.70561537,1.46112352,5.58902180,0.00000002
13.33100000,STAND,-0.00202662,-0.00538461,0.00215280,-0.02362424,0.01727523,0.31392391,-0.03083237,0.01653019,0.03081496,0.01842659,0.00071584,26.77180665,22.95454675,36.22661404,31.12650708,0.05672351,-0.70164692,1.47640988,0.04560242,-0.70799159,1.46267599,5.54124933,0.00000002
13.34100000,STAND,-0.00193877,-0.00525807,0.00206735,-0.02301721,0.01670933,0.31390017,-0.03026249,0.01599703,0.03008592,0.01839510,0.00068434,26.78437294,23.14520700,36.01506032,31.13642163,0.05518813,-0.70408047,1.47814070,0.04403067,-0.71032946,1.46419479,5.49418094,0.00000002
13.35100000,STAND,-0.00185258,-0.00513364,0.00198326,-0.02241830,0.01615098,0.31387649,-0.02970009,0.01547086,0.02936711,0.01836403,0.00065327,26.79662512,23.33299594,35.80693254,31.14611669,0.05367312,-0.70647638,1.47983577,0.04248180,-0.71262834,1.46567991,5.44783411,0.00000002
13.36100000,STAND,-0.00176807,-0.00501134,0.00190056,-0.02182772,0.01560036,0.31385288,-0.02914535,0.01495187,0.02865877,0.01833340,0.00062264,26.80856460,23.51783435,35.60230411,31.15559333,0.05217906,-0.70883393,1.48149499,0.04095640,-0.71488761,1.46713133,5.40222572,0.00000002
13.37100000,STAND,-0.00168524,-0.00489120,0.00181927,-0.02124567,0.01505767,0.31382937,-0.02859848,0.01444023,0.02796116,0.01830321,0.00059246,26.82019324,23.69964457,35.40124612,31.16485284,0.05070654,-0.71115244,1.48311830,0.03945500,-0.71710669,1.46854909,5.35737205,0.00000002
13.38100000,STAND,-0.00160412,-0.00477325,0.00173941,-0.02067236,0.01452309,0.31380597,-0.02805967,0.01393613,0.02727451,0.01827349,0.00056273,26.83151334,23.87835058,35.20382733,31.17389664,0.04925614,-0.71343123,1.48470565,0.03797814,-0.71928501,1.46993323,5.31328875,0.00000002
13.39100000,STAND,-0.00152470,-0.00465752,0.00166099,-0.02010798,0.01399680,0.31378270,-0.02752911,0.01343975,0.02659904,0.01824424,0.00053349,26.84252767,24.05387804,35.01011412,31.18272628,0.04782840,-0.71566968,1.48625703,0.03652635,-0.72142205,1.47128382,5.26999086,0.00000002
13.40100000,STAND,-0.00144700,-0.00454403,0.00158404,-0.01955271,0.01347899,0.31375960,-0.02700697,0.01295124,0.02593498,0.01821549,0.00050473,26.85323947,24.22615434,34.82017049,31.19134340,0.04642388,-0.71786718,1.48777244,0.03510012,-0.72351729,1.47260093,5.22749276,0.00000002
13.41100000,STAND,-0.00137103,-0.00443281,0.00150858,-0.01900674,0.01296982,0.31373667,-0.02649344,0.01247078,0.02528254,0.01818723,0.00047647,26.86365244,24.39510868,34.63405804,31.19974976,0.04504308,-0.72002314,1.48925190,0.03369992,-0.72557026,1.47388467,5.18580823,0.00000002
13.42100000,STAND,-0.00129680,-0.00432387,0.00143462,-0.01847025,0.01246945,0.31371393,-0.02598868,0.01199852,0.02464192,0.01815948,0.00044872,26.87377071,24.56067208,34.45183594,31.20794715,0.04368653,-0.72213702,1.49069546,0.03232623,-0.72758051,1.47513517,5.14495041,0.00000002
13.43100000,STAND,-0.00122431,-0.00421724,0.00136218,-0.01794340,0.01197804,0.31369141,-0.02549285,0.01153461,0.02401333,0.01813226,0.00042150,26.88359887,24.72277747,34.27356095,31.21593748,0.04235470,-0.72420829,1.49210318,0.03097948,-0.72954763,1.47635255,5.10493178,0.00000002
13.44100000,STAND,-0.00115357,-0.00411294,0.00129127,-0.01742635,0.01149575,0.31366913,-0.02500613,0.01107921,0.02339695,0.01810557,0.00039481,26.89314188,24.88135970,34.09928741,31.22372268,0.04104806,-0.72623646,1.49347515,0.02966008,-0.73147123,1.47753697,5.06576421,0.00000002
13.45100000,STAND,-0.00108460,-0.00401098,0.00122190,-0.01691926,0.01102271,0.31364710,-0.02452864,0.01063244,0.02279296,0.01807942,0.00036866,26.90240512,25.03635564,33.92906721,31.23130478,0.03976707,-0.72822106,1.49481146,0.02836845,-0.73335095,1.47868861,5.02745895,0.00000002
13.46100000,STAND,-0.00101739,-0.00391139,0.00115410,-0.01642228,0.01055907,0.31362534,-0.02406055,0.01019445,0.02220153,0.01805383,0.00034308,26.91139429,25.18770415,33.76294983,31.23868585,0.03851215,-0.73016167,1.49611226,0.02710495,-0.73518648,1.47980765,4.99002660,0.00000002
13.47100000,STAND,-0.00095194,-0.00381418,0.00108787,-0.01593554,0.01010496,0.31360386,-0.02360198,0.00976536,0.02162283,0.01802881,0.00031805,26.92011541,25.33534621,33.60098230,31.24586807,0.03728371,-0.73205787,1.49737767,0.02586993,-0.73697751,1.48089430,4.95347714,0.00000002
13.48100000,STAND,-0.00088827,-0.00371935,0.00102322,-0.01545919,0.00966050,0.31358270,-0.02315307,0.00934529,0.02105701,0.01800436,0.00029361,26.92857476,25.47922491,33.44320921,31.25285367,0.03608214,-0.73390930,1.49860786,0.02466374,-0.73872378,1.48194877,4.91781993,0.00000002
13.49100000,STAND,-0.00082637,-0.00362694,0.00096017,-0.01499335,0.00922581,0.31356185,-0.02271393,0.00893436,0.02050420,0.01798050,0.00026974,26.93677888,25.61928554,33.28967271,31.25964500,0.03490780,-0.73571562,1.49980301,0.02348668,-0.74042507,1.48297131,4.88306374,0.00000002
13.50100000,STAND,-0.00076626,-0.00353694,0.00089871,-0.01453813,0.00880100,0.31354135,-0.02228470,0.00853267,0.01996456,0.01795723,0.00024648,26.94473446,25.75547560,33.14041251,31.26624450,0.03376105,-0.73747651,1.50096331,0.02233902,-0.74208117,1.48396215,4.84921668,0.00000002
13.51100000,STAND,-0.00070792,-0.00344938,0.00083887,-0.01409365,0.00838617,0.31352119,-0.02186547,0.00814033,0.01943819,0.01793457,0.00022382,26.95244837,25.88774490,32.99546586,31.27265472,0.03264219,-0.73919172,1.50208898,0.02122103,-0.74369193,1.48492157,4.81628629,0.00000002
13.52100000,STAND,-0.00065136,-0.00336426,0.00078064,-0.01366000,0.00798142,0.31350141,-0.02145635,0.00775743,0.01892521,0.01791252,0.00020177,26.95992755,26.01604558,32.85486754,31.27887832,0.03155152,-0.74086099,1.50318023,0.02013295,-0.74525721,1.48584983,4.78427949,0.00000002
13.53100000,STAND,-0.00059659,-0.00328158,0.00072404,-0.01323729,0.00758684,0.31348201,-0.02105743,0.00738405,0.01842572,0.01789109,0.00018034,26.96717904,26.14033218,32.71864987,31.28491811,0.03048933,-0.74248412,1.50423732,0.01907498,-0.74677691,1.48674723,4.75320262,0.00000001
13.54100000,STAND,-0.00054360,-0.00320136,0.00066907,-0.01282559,0.00720250,0.31346300,-0.02066880,0.00702027,0.01793983,0.01787029,0.00015954,26.97420988,26.26056170,32.58684268,31.29077700,0.02945584,-0.74406093,1.50526051,0.01804730,-0.74825098,1.48761408,4.72306140,0.00000001
13.55100000,STAND,-0.00049240,-0.00312361,0.00061573,-0.01242500,0.00682848,0.31344441,-0.02029053,0.00666617,0.01746760,0.01785013,0.00013937,26.98102708,26.37669366,32.45947330,31.29645806,0.02845129,-0.74559130,1.50625006,0.01705007,-0.74967938,1.48845068,4.69386098,0.00000001
13.56100000,STAND,-0.00044297,-0.00304832,0.00056403,-0.01203557,0.00646483,0.31342623,-0.01992269,0.00632181,0.01700912,0.01783061,0.00011985,26.98763763,26.48869013,32.33656653,31.30196447,0.02747587,-0.74707511,1.50720628,0.01608341,-0.75106212,1.48925737,4.66560591,0.00000001
13.57100000,STAND,-0.00039533,-0.00297551,0.00051396,-0.01165736,0.00611163,0.31340849,-0.01956535,0.00598724,0.01656444,0.01781174,0.00010098,26.99404840,26.59651586,32.21814463,31.30729955,0.02652975,-0.74851231,1.50812946,0.01514742,-0.75239925,1.49003449,4.63830017,0.00000001
13.58100000,STAND,-0.00034946,-0.00290518,0.00046553,-0.01129043,0.00576890,0.31339119,-0.01921857,0.00566251,0.01613361,0.01779353,0.00008277,27.00026616,26.70013828,32.10422732,31.31246675,0.02561306,-0.74990286,1.50901992,0.01424218,-0.75369085,1.49078239,4.61194715,0.00000001
13.59100000,STAND,-0.00030537,-0.00283732,0.00041874,-0.01093481,0.00543669,0.31337434,-0.01888237,0.00534766,0.01571666,0.01777598,0.00006522,27.00629753,26.79952760,31.99483170,31.31746963,0.02472592,-0.75124677,1.50987801,0.01336773,-0.75493703,1.49150144,4.58654965,0.00000001
13.60100000,STAND,-0.00026305,-0.00277195,0.00037359,-0.01059055,0.00511503,0.31335795,-0.01855680,0.00504272,0.01531363,0.01775909,0.00004834,27.01214897,26.89465685,31.88997227,31.32231186,0.02386842,-0.75254410,1.51070405,0.01252407,-0.75613794,1.49219202,4.56210992,0.00000001
13.61100000,STAND,-0.00022250,-0.00270906,0.00033008,-0.01025767,0.00480394,0.31334203,-0.01824189,0.00474772,0.01492453,0.01774288,0.00003213,27.01782675,26.98550199,31.78966085,31.32699721,0.02304061,-0.75379491,1.51149843,0.01171119,-0.75729378,1.49285452,4.53862961,0.00000001
13.62100000,STAND,-0.00018372,-0.00264866,0.00028820,-0.00993617,0.00450342,0.31332658,-0.01793765,0.00446266,0.01454936,0.01772735,0.00001659,27.02333691,27.07204194,31.69390662,31.33152954,0.02224250,-0.75499934,1.51226151,0.01092905,-0.75840478,1.49348934,4.51610979,0.00000001
13.63100000,STAND,-0.00014669,-0.00259073,0.00024795,-0.00962606,0.00421348,0.31331162,-0.01764410,0.00418755,0.01418810,0.01771250,0.00000174,27.02868529,27.15425867,31.60271599,31.33591276,0.02147411,-0.75615756,1.51299368,0.01017756,-0.75947120,1.49409690,4.49455098,0.00000001
13.64100000,STAND,-0.00011142,-0.00253528,0.00020932,-0.00932734,0.00393411,0.31329714,-0.01736122,0.00392238,0.01384073,0.01769833,-0.00001243,27.03387748,27.23213726,31.51609265,31.34015083,0.02073538,-0.75726976,1.51369535,0.00945661,-0.76049336,1.49467763,4.47395309,0.00000001
13.65100000,STAND,-0.00007790,-0.00248231,0.00017232,-0.00903999,0.00366530,0.31328316,-0.01708902,0.00366715,0.01350723,0.01768485,-0.00002590,27.03891882,27.30566599,31.43403745,31.34424774,0.02002625,-0.75833618,1.51436694,0.00876607,-0.76147159,1.49523196,4.45431548,0.00000001
13.66100000,STAND,-0.00004612,-0.00243180,0.00013692,-0.00876398,0.00340701,0.31326966,-0.01682746,0.00342182,0.01318753,0.01767206,-0.00003869,27.04381441,27.37483638,31.35654843,31.34820751,0.01934663,-0.75935712,1.51500887,0.00810574,-0.76240629,1.49576035,4.43563691,0.00000001
13.67100000,STAND,-0.00001607,-0.00238376,0.00010313,-0.00849928,0.00315920,0.31325667,-0.01657653,0.00318637,0.01288157,0.01765997,-0.00005079,27.04856907,27.43964328,31.28362072,31.35203413,0.01869637,-0.76033291,1.51562160,0.00747543,-0.76329789,1.49626327,4.41791556,0.00000001
13.68100000,STAND,0.00001225,-0.00233817,0.00007093,-0.00824584,0.00292183,0.31324417,-0.01633617,0.00296076,0.01258929,0.01764857,-0.00006219,27.05318738,27.50008495,31.21524651,31.35573156,0.01807531,-0.76126391,1.51620558,0.00687490,-0.76414686,1.49674120,4.40114903,0.00000001
13.69100000,STAND,0.00003886,-0.00229503,0.00004032,-0.00800360,0.00269484,0.31323216,-0.01610634,0.00274493,0.01231058,0.01763786,-0.00007289,27.05767362,27.55616310,31.15141503,31.35930371,0.01748325,-0.76215055,1.51676130,0.00630386,-0.76495372,1.49719462,4.38533432,0.00000001
13.70100000,STAND,0.00006376,-0.00225433,0.00001128,-0.00777249,0.00247816,0.31322065,-0.01588698,0.00253882,0.01204535,0.01762785,-0.00008290,27.06203184,27.60788298,31.09211246,31.36275444,0.01691996,-0.76299327,1.51728924,0.00576201,-0.76571900,1.49762404,4.37046784,0.00000001
13.71100000,STAND,0.00008695,-0.00221606,-0.00001620,-0.00755243,0.00227171,0.31320964,-0.01567801,0.00234235,0.01179347,0.01761854,-0.00009222,27.06626578,27.65525346,31.03732190,31.36608750,0.01638516,-0.76379259,1.51778990,0.00524900,-0.76644333,1.49802999,4.35654540,0.00000001
13.72100000,STAND,0.00010846,-0.00218020,-0.00004214,-0.00734334,0.00207541,0.31319912,-0.01547936,0.00215546,0.01155482,0.01760992,-0.00010083,27.07037896,27.69828705,30.98702330,31.36930654,0.01587856,-0.76454905,1.51826383,0.00476445,-0.76712734,1.49841301,4.34356221,0.00000001
13.73100000,STAND,0.00012829,-0.00214675,-0.00006653,-0.00714510,0.00188913,0.31318908,-0.01529093,0.00197803,0.01132925,0.01760200,-0.00010876,27.07437459,27.73700003,30.94119346,31.37241511,0.01539981,-0.76526326,1.51871154,0.00430795,-0.76777173,1.49877363,4.33151287,0.00000001
13.74100000,STAND,0.00014646,-0.00211569,-0.00008941,-0.00695760,0.00171279,0.31317953,-0.01511261,0.00180998,0.01111660,0.01759477,-0.00011599,27.07825565,27.77141246,30.89980591,31.37541661,0.01494854,-0.76593585,1.51913360,0.00387903,-0.76837722,1.49911244,4.32039135,0.00000001
13.75100000,STAND,0.00016297,-0.00208699,-0.00011079,-0.00678072,0.00154625,0.31317046,-0.01494430,0.00165118,0.01091669,0.01758823,-0.00012253,27.08202485,27.80154825,30.86283089,31.37831430,0.01452433,-0.76656752,1.51953058,0.00347722,-0.76894461,1.49943002,4.31833083,0.00000001
13.76100000,STAND,0.00017784,-0.00206066,-0.00013069,-0.00661431,0.00138937,0.31316185,-0.01478586,0.00150151,0.01072933,0.01758238,-0.00012838,27.08568464,27.82743525,30.83023529,31.38111128,0.01412673,-0.76715902,1.51990307,0.00310198,-0.76947471,1.49972696,4.31798582,0.00000001
13.77100000,STAND,0.00019109,-0.00203666,-0.00014912,-0.00645823,0.00124201,0.31315371,-0.01463716,0.00136084,0.01055431,0.01757721,-0.00013355,27.08923723,27.84910528,30.80198260,31.38381051,0.01375526,-0.76771112,1.52025168,0.00275274,-0.76996841,1.50000388,4.31777216,0.00000000
13.78100000,STAND,0.00020273,-0.00201498,-0.00016610,-0.00631231,0.00110401,0.31314601,-0.01449804,0.00122902,0.01039141,0.01757272,-0.00013804,27.09268456,27.86659419,30.77803286,31.38641475,0.01340939,-0.76822468,1.52057703,0.00242892,-0.77042664,1.50026143,4.31769040,0.00000000
13.79100000,STAND,0.00021277,-0.00199559,-0.00018166,-0.00617638,0.00097521,0.31313876,-0.01436834,0.00110589,0.01024039,0.01756890,-0.00014185,27.09602836,27.87994192,30.75834256,31.38892662,0.01308855,-0.76870059,1.52087979,0.00212985,-0.77085037,1.50050026,4.31774088,0.00000000
13.80100000,STAND,0.00022123,-0.00197848,-0.00019582,-0.00605025,0.00085540,0.31313194,-0.01424790,0.00099128,0.01010100,0.01756576,-0.00014500,27.09927010,27.88919254,30.74286465,31.39134856,0.01279215,-0.76913979,1.52116061,0.00185487,-0.77124062,1.50072105,4.31792371,0.00000000
13.81100000,STAND,0.00022813,-0.00196362,-0.00020860,-0.00593371,0.00074441,0.31312554,-0.01413652,0.00088501,0.00997297,0.01756328,-0.00014748,27.10241101,27.89439432,30.73154843,31.39368284,0.01251953,-0.76954328,1.52142020,0.00160325,-0.77159849,1.50092449,4.31823876,0.00000000
13.82100000,STAND,0.00023348,-0.00195098,-0.00022003,-0.00582656,0.00064203,0.31311954,-0.01403400,0.00078689,0.00985600,0.01756145,-0.00014930,27.10545213,27.89559974,30.72433952,31.39593157,0.01227002,-0.76991211,1.52165925,0.00137424,-0.77192509,1.50111132,4.31868572,0.00000000
13.83100000,STAND,0.00023731,-0.00194053,-0.00023013,-0.00572856,0.00054802,0.31311393,-0.01394014,0.00069670,0.00974981,0.01756028,-0.00015048,27.10839423,27.89286557,30.72117977,31.39809669,0.01204290,-0.77024739,1.52187852,0.00116702,-0.77222161,1.50128226,4.31926401,0.00000000
13.84100000,STAND,0.00023963,-0.00193225,-0.00023893,-0.00563947,0.00046217,0.31310869,-0.01385472,0.00061424,0.00965406,0.01755974,-0.00015102,27.11123791,27.88625289,30.72200726,31.40018000,0.01183739,-0.77055029,1.52207875,0.00098077,-0.77248929,1.50143810,4.31997288,0.00000000
13.85100000,STAND,0.00024047,-0.00192611,-0.00024646,-0.00555904,0.00038422,0.31310382,-0.01377748,0.00053928,0.00956841,0.01755984,-0.00015092,27.11398352,27.87582714,30.72675617,31.40218316,0.01165270,-0.77082201,1.52226075,0.00081459,-0.77272943,1.50157962,4.32081134,0.00000000
13.86100000,STAND,0.00023985,-0.00192207,-0.00025274,-0.00548701,0.00031392,0.31309928,-0.01370819,0.00047157,0.00949252,0.01756056,-0.00015020,27.11663125,27.86165815,30.73535676,31.40410770,0.01148797,-0.77106384,1.52242531,0.00066757,-0.77294336,1.50170765,4.32177820,0.00000000
13.87100000,STAND,0.00023778,-0.00192010,-0.00025782,-0.00542308,0.00025099,0.31309507,-0.01364658,0.00041086,0.00942601,0.01756189,-0.00014887,27.11918106,27.84382016,30.74773530,31.40595502,0.01134233,-0.77127711,1.52257329,0.00053874,-0.77313251,1.50182302,4.32287206,0.00000000
13.88100000,STAND,0.00023431,-0.00192016,-0.00026171,-0.00536696,0.00019515,0.31309116,-0.01359238,0.00035688,0.00936850,0.01756382,-0.00014694,27.12163277,27.82239189,30.76381402,31.40772643,0.01121484,-0.77146321,1.52270555,0.00042708,-0.77329832,1.50192661,4.32409133,0.00000000
13.89100000,STAND,0.00022944,-0.00192221,-0.00026447,-0.00531834,0.00014609,0.31308753,-0.01354530,0.00030936,0.00931956,0.01756634,-0.00014441,27.12398598,27.79745654,30.78351103,31.40942317,0.01110452,-0.77162361,1.52282298,0.00033155,-0.77344232,1.50201933,4.32543422,0.00000000
13.90100000,STAND,0.00022321,-0.00192622,-0.00026611,-0.00527690,0.00010351,0.31308416,-0.01350503,0.00026800,0.00927879,0.01756944,-0.00014131,27.12624015,27.76910183,30.80674024,31.41104638,0.01101037,-0.77175980,1.52292652,0.00025105,-0.77356610,1.50210210,4.32689875,0.00000000
13.91100000,STAND,0.00021564,-0.00193214,-0.00026668,-0.00524229,0.00006708,0.31308103,-0.01347126,0.00023249,0.00924572,0.01757311,-0.00013765,27.12839460,27.73742002,30.83341136,31.41259717,0.01093132,-0.77187337,1.52301713,0.00018445,-0.77367129,1.50217589,4.32848277,0.00000000
13.92100000,STAND,0.00020676,-0.00193994,-0.00026621,-0.00521416,0.00003646,0.31307811,-0.01344365,0.00020252,0.00921991,0.01757733,-0.00013343,27.13044847,27.70250795,30.86342976,31.41407662,0.01086626,-0.77196595,1.52309580,0.00013055,-0.77375960,1.50224170,4.33018392,0.00000000
13.93100000,STAND,0.00019661,-0.00194955,-0.00026476,-0.00519214,0.00001129,0.31307539,-0.01342187,0.00017775,0.00920086,0.01758208,-0.00012867,27.13240082,27.66446705,30.89669644,31.41548579,0.01081406,-0.77203926,1.52316355,0.00008814,-0.77383278,1.50230055,4.33199973,0.00000000
13.94100000,STAND,0.00018521,-0.00196095,-0.00026235,-0.00517585,-0.00000880,0.31307282,-0.01340555,0.00015785,0.00918808,0.01758736,-0.00012340,27.13425057,27.62340338,30.93310797,31.41682574,0.01077352,-0.77209504,1.52322145,0.00005593,-0.77389268,1.50235350,4.33392750,0.00000000
13.95100000,STAND,0.00017259,-0.00197406,-0.00025902,-0.00516489,-0.00002419,0.31307040,-0.01339432,0.00014244,0.00918104,0.01759314,-0.00011762,27.13599652,27.57942762,30.97255640,31.41809759,0.01074340,-0.77213514,1.52327058,0.00003262,-0.77394118,1.50240166,4.33596444,0.00000000
13.96100000,STAND,0.00015880,-0.00198886,-0.00025484,-0.00515883,-0.00003528,0.31306809,-0.01338780,0.00013115,0.00917922,0.01759941,-0.00011135,27.13763743,27.53265515,31.01492919,31.41930247,0.01072242,-0.77216145,1.52331210,0.00001683,-0.77398024,1.50244615,4.33810756,0.00000000
13.97100000,STAND,0.00014387,-0.00200528,-0.00024983,-0.00515726,-0.00004248,0.31306586,-0.01338557,0.00012361,0.00918204,0.01760615,-0.00010461,27.13917195,27.48320600,31.06010916,31.42044160,0.01070925,-0.77217593,1.52334715,0.00000715,-0.77401187,1.50248815,4.34035376,0.00000000
13.98100000,STAND,0.00012782,-0.00202326,-0.00024406,-0.00515972,-0.00004622,0.31306369,-0.01338723,0.00011940,0.00918894,0.01761334,-0.00009741,27.14059871,27.43120494,31.10797442,31.42151630,0.01070252,-0.77218062,1.52337696,0.00000214,-0.77403818,1.50252885,4.34269979,0.00000000
13.99100000,STAND,0.00011072,-0.00204275,-0.00023756,-0.00516575,-0.00004695,0.31306154,-0.01339234,0.00011812,0.00919931,0.01762097,-0.00008979,27.14177926,27.37679380,31.15837289,31.42235561,0.01070082,-0.77217761,1.52340277,0.00000027,-0.77406130,1.50256949,4.34511277,0.00000005
14.00100000,STAND,0.00009260,-0.00206369,-0.00023039,-0.00517487,-0.00004512,0.31305939,-0.01340045,0.00011933,0.00921253,0.01762901,-0.00008174,27.14327395,27.32006325,31.21126074,31.42292588,0.01070267,-0.77216907,1.52342586,0.00000000,-0.77408347,1.50261138,4.34760135,0.00000009
