time_s,state,roll_rad,pitch_rad,yaw_rad,body_x_m,body_y_m,body_z_m,com_x_m,com_y_m,support_margin_m,fr_foot_z_m,fr_lift_m,fl_force_n,fr_force_n,hl_force_n,hr_force_n,fr_q0,fr_q1,fr_q2,fr_qd0,fr_qd1,fr_qd2,max_abs_tau_nm,ik_residual_m
0.00100000,STAND,-0.00000000,0.00000000,-0.00000000,-0.00000005,0.00000000,0.32207985,-0.00842045,0.00016080,0.00585067,0.02200000,0.00000000,1.90699794,1.90758955,1.90754335,1.90743021,0.00000017,-0.77301031,1.50056170,0.00000000,-0.77297953,1.50050035,0.00000000,0.00000000
0.01000000,STAND,0.00000005,0.00015846,0.00000017,-0.00001551,0.00000002,0.32162406,-0.00843827,0.00016081,0.00587473,0.02189973,0.00000000,12.19541201,12.20051815,10.64643239,10.64705630,0.00013307,-0.77400519,1.50303475,0.00000000,-0.77297953,1.50050035,1.24395651,0.00000000
0.02000000,STAND,-0.00000031,0.00081291,0.00000136,-0.00009322,0.00000016,0.32055919,-0.00851811,0.00016091,0.00596017,0.02153459,0.00000000,23.10630876,23.10540232,18.30899822,18.31139541,0.00065247,-0.77562206,1.50834715,0.00000000,-0.77297953,1.50050035,2.52760097,0.00000000
0.03000000,STAND,-0.00000161,0.00186152,0.00000460,-0.00026879,0.00000059,0.31922778,-0.00869307,0.00016123,0.00610641,0.02112317,0.00000000,35.41958725,35.40367205,26.33822300,26.34406134,0.00137999,-0.77761299,1.51575755,0.00000000,-0.77297953,1.50050035,4.01964962,0.00000000
0.04000000,STAND,-0.00000449,0.00305609,0.00001068,-0.00057411,0.00000148,0.31795979,-0.00899092,0.00016194,0.00631682,0.02081584,0.00000000,41.88454200,41.85683631,30.72135673,30.72652698,0.00219538,-0.77925333,1.52351641,0.00000000,-0.77297953,1.50050035,4.96370486,0.00000000
0.05000000,STAND,-0.00000928,0.00404077,0.00001966,-0.00101226,0.00000292,0.31694254,-0.00940992,0.00016314,0.00659873,0.02056440,0.00000000,43.45967837,43.41025616,32.25264650,32.25499130,0.00308529,-0.77974494,1.52954339,0.00000000,-0.77297953,1.50050035,5.31535888,0.00000000
0.06000000,STAND,-0.00001550,0.00449759,0.00003089,-0.00156491,0.00000490,0.31622873,-0.00993210,0.00016484,0.00694822,0.02038505,0.00000000,42.14950067,42.07522347,32.82171837,32.82003769,0.00396745,-0.77919403,1.53328633,0.00000000,-0.77297953,1.50050035,5.29986793,0.00000000
0.07000000,STAND,-0.00002247,0.00432360,0.00004330,-0.00220804,0.00000734,0.31580172,-0.01053601,0.00016697,0.00735382,0.02029543,0.00000000,39.12820483,39.02943911,32.91706374,32.90974164,0.00477469,-0.77789745,1.53490384,0.00000000,-0.77297953,1.50050035,5.05850984,0.00000000
0.08000000,STAND,-0.00002957,0.00359317,0.00005570,-0.00291639,0.00001007,0.31560761,-0.01119949,0.00016940,0.00780130,0.02029187,0.00000000,35.33693544,35.21607224,32.76780924,32.75331659,0.00546828,-0.77613517,1.53485911,0.00000000,-0.77297953,1.50050035,4.70777352,0.00000000
0.09000000,STAND,-0.00003632,0.00246922,0.00006700,-0.00366496,0.00001292,0.31557602,-0.01190071,0.00017197,0.00827519,0.02035573,0.00000000,31.50788196,31.36859762,32.56396706,32.54116787,0.00603386,-0.77414452,1.53372065,0.00000000,-0.77297953,1.50050035,4.39803825,0.00000000
0.10000000,STAND,-0.00004237,0.00113459,0.00007642,-0.00443021,0.00001570,0.31563597,-0.01261895,0.00017452,0.00875999,0.02046212,0.00000000,28.14104723,27.98770945,32.45354655,32.42191544,0.00647576,-0.77211562,1.53203431,0.00000000,-0.77297953,1.50050035,4.44208265,0.00000000
0.11000000,STAND,-0.00004748,-0.00025002,0.00008349,-0.00519105,0.00001826,0.31572686,-0.01333537,0.00017689,0.00924148,0.02058655,0.00000000,25.50842570,25.34557721,32.52685724,32.48658191,0.00681067,-0.77018964,1.53024508,0.00000000,-0.77297953,1.50050035,4.50873129,0.00000000
0.12000000,STAND,-0.00005151,-0.00156592,0.00008808,-0.00592947,0.00002048,0.31580453,-0.01403356,0.00017899,0.00970749,0.02070903,0.00000000,23.68777892,23.51972829,32.81293441,32.76490494,0.00706137,-0.76845985,1.52866157,0.00000000,-0.77297953,1.50050035,4.60167634,0.00000000
0.13000000,STAND,-0.00005441,-0.00274032,0.00009036,-0.00663088,0.00002228,0.31584284,-0.01469984,0.00018072,0.01014838,0.02081585,0.00000000,22.61488993,22.44543255,33.28856723,33.23427263,0.00725164,-0.76697651,1.52745383,0.00000000,-0.77297953,1.50050035,4.71692403,0.00000000
0.14000000,STAND,-0.00005622,-0.00374060,0.00009070,-0.00728399,0.00002362,0.31583194,-0.01532329,0.00018204,0.01055701,0.02089975,0.00000000,22.14123349,21.97350176,33.89513036,33.83649128,0.00740271,-0.76575502,1.52667398,0.00000000,-0.77297953,1.50050035,4.84557647,0.00000000
0.15000000,STAND,-0.00005699,-0.00456392,0.00008958,-0.00788053,0.00002450,0.31577457,-0.01589558,0.00018294,0.01092845,0.02095894,0.00000000,22.08609101,21.92251298,34.55759854,34.49676798,0.00753132,-0.76478605,1.52628856,0.00000000,-0.77297953,1.50050035,4.97665645,0.00000000
0.16000000,STAND,-0.00005686,-0.00522599,0.00008750,-0.00841470,0.00002494,0.31568156,-0.01641066,0.00018342,0.01125957,0.02099555,0.00000000,22.27622870,22.11856379,35.20127493,35.14043649,0.00764916,-0.76404561,1.52621329,0.00000000,-0.77297953,1.50050035,5.09945403,0.00000000
0.17000000,STAND,-0.00005595,-0.00575112,0.00008494,-0.00888273,0.00002497,0.31556751,-0.01686430,0.00018351,0.01154858,0.02101397,0.00000000,22.57059669,22.41895666,35.76366392,35.70488378,0.00776332,-0.76350377,1.52634389,0.00000000,-0.77297953,1.50050035,5.20513307,0.00000000
0.18000000,STAND,-0.00005435,-0.00616474,0.00008226,-0.00928236,0.00002464,0.31544732,-0.01725384,0.00018327,0.01179463,0.02101931,0.00000000,22.87105039,22.72578641,36.20079152,36.14597534,0.00787722,-0.76313089,1.52657915,0.00000000,-0.77297953,1.50050035,5.28756691,0.00000000
0.19000000,STAND,-0.00005221,-0.00648875,0.00007972,-0.00961257,0.00002401,0.31533371,-0.01757782,0.00018272,0.01199750,0.02101662,0.00000000,23.12480181,22.98784058,36.48918168,36.43963455,0.00799174,-0.76290218,1.52683752,0.00000000,-0.77297953,1.50050035,5.34354531,0.00000000
0.20000000,STAND,-0.00004974,-0.00673947,0.00007748,-0.00987328,0.00002313,0.31523602,-0.01783585,0.00018194,0.01215755,0.02101006,0.00000000,23.31286108,23.18518345,36.62331998,36.57982871,0.00810637,-0.76279862,1.52706226,0.00000000,-0.77297953,1.50050035,5.37241843,0.00000000
0.21000000,STAND,-0.00004711,-0.00692717,0.00007562,-0.01006534,0.00002208,0.31515979,-0.01802845,0.00018098,0.01227550,0.02100245,0.00000000,23.44175935,23.32322710,36.61146498,36.57440698,0.00822024,-0.76280640,1.52722115,0.00000000,-0.77297953,1.50050035,5.37554846,0.00000000
0.22000000,STAND,-0.00004443,-0.00705682,0.00007417,-0.01019036,0.00002092,0.31510704,-0.01815701,0.00017990,0.01235252,0.02099530,0.00000000,23.53512129,23.42439374,36.47121950,36.44064724,0.00833268,-0.76291594,1.52730365,0.00000000,-0.77297953,1.50050035,5.35568085,0.00000000
0.23000000,STAND,-0.00004175,-0.00712975,0.00007307,-0.01025081,0.00001971,0.31507701,-0.01822374,0.00017876,0.01239019,0.02098911,0.00000000,23.62209424,23.51816788,36.22519521,36.20083988,0.00844358,-0.76312057,1.52731590,0.00000000,-0.77297953,1.50050035,5.31631790,0.00000000
0.24000000,STAND,-0.00003915,-0.00714549,0.00007224,-0.01024993,0.00001849,0.31506703,-0.01823166,0.00017761,0.01239054,0.02098369,0.00000000,23.72960276,23.63168158,35.89723919,35.87850249,0.00855340,-0.76341473,1.52727422,0.00000000,-0.77297953,1.50050035,5.26118888,0.00000000
0.25000000,STAND,-0.00003670,-0.00710337,0.00007159,-0.01019179,0.00001732,0.31507342,-0.01818456,0.00017649,0.01235608,0.02097848,0.00000000,23.87796366,23.78521540,35.50970860,35.49576729,0.00866316,-0.76379243,1.52719894,0.00000000,-0.77297953,1.50050035,5.19387111,0.00000000
0.26000000,STAND,-0.00003447,-0.00700367,0.00007105,-0.01008118,0.00001622,0.31509222,-0.01808695,0.00017544,0.01228975,0.02097273,0.00000000,24.07885171,23.99039379,35.08198050,35.07187904,0.00877428,-0.76424630,1.52710987,0.00000000,-0.77297953,1.50050035,5.11757392,0.00000000
0.27000000,STAND,-0.00003250,-0.00684838,0.00007055,-0.00992358,0.00001523,0.31511972,-0.01794399,0.00017448,0.01219492,0.02096579,0.00000000,24.33523335,24.25015127,34.62990883,34.62263525,0.00888827,-0.76476708,1.52702339,0.00000000,-0.77297953,1.50050035,5.03505076,0.00000000
0.28000000,STAND,-0.00003083,-0.00664144,0.00007005,-0.00972500,0.00001437,0.31515274,-0.01776133,0.00017365,0.01207531,0.02095719,0.00000000,24.64267266,24.56004394,34.16596062,34.16050950,0.00900663,-0.76534370,1.52695101,0.00000000,-0.77297953,1.50050035,4.94860486,0.00000000
0.29000000,STAND,-0.00002949,-0.00638866,0.00006953,-0.00949188,0.00001365,0.31518878,-0.01754505,0.00017295,0.01193487,0.02094671,0.00000000,24.99137551,24.91029519,33.69976270,33.69518523,0.00913057,-0.76596354,1.52689918,0.00000000,-0.77297953,1.50050035,4.86015207,0.00000000
0.30000000,STAND,-0.00002847,-0.00609736,0.00006900,-0.00923092,0.00001309,0.31522602,-0.01730147,0.00017240,0.01177775,0.02093438,0.00000000,25.36842845,25.28803429,33.23881826,33.23425931,0.00926096,-0.76661300,1.52686989,0.00000000,-0.77297953,1.50050035,4.77130769,0.00000000
0.31000000,STAND,-0.00002777,-0.00577592,0.00006846,-0.00894893,0.00001268,0.31526317,-0.01703704,0.00017199,0.01160814,0.02092043,0.00000000,25.75983631,25.67933251,32.78920891,32.78393181,0.00939824,-0.76727808,1.52686177,0.00000000,-0.77297953,1.50050035,4.68347240,0.00000000
0.32000000,STAND,-0.00002739,-0.00543325,0.00006795,-0.00865267,0.00001243,0.31529941,-0.01675815,0.00017173,0.01143019,0.02090525,0.00000000,26.15212463,26.07080262,32.35616446,32.34956471,0.00954245,-0.76794497,1.52687135,0.00000000,-0.77297953,1.50050035,4.59790098,0.00000000
0.33000000,STAND,-0.00002728,-0.00507831,0.00006749,-0.00834873,0.00001232,0.31533415,-0.01647106,0.00017161,0.01124796,0.02088931,0.00000000,26.53341649,26.45067154,31.94444542,31.93605521,0.00969322,-0.76860061,1.52689414,0.00000000,-0.77297953,1.50050035,4.51574664,0.00000000
0.34000000,STAND,-0.00002743,-0.00471970,0.00006710,-0.00804336,0.00001234,0.31536699,-0.01618175,0.00017161,0.01106528,0.02087311,0.00000000,26.89400352,26.80934662,31.55853443,31.54801978,0.00984987,-0.76923302,1.52692562,0.00000000,-0.77297953,1.50050035,4.43808037,0.00000000
0.35000000,STAND,-0.00002780,-0.00436542,0.00006681,-0.00774244,0.00001247,0.31539757,-0.01589582,0.00017172,0.01088572,0.02085709,0.00000000,27.22650059,27.13956482,31.20266654,31.18981906,0.01001146,-0.76983163,1.52696177,0.00000000,-0.77297953,1.50050035,4.36588964,0.00000000
0.36000000,STAND,-0.00002835,-0.00402259,0.00006662,-0.00745133,0.00001271,0.31542557,-0.01561842,0.00017193,0.01071256,0.02084169,0.00000000,27.52570528,27.43624696,30.88074667,30.86547152,0.01017687,-0.77038743,1.52699944,0.00000000,-0.77297953,1.50050035,4.30006290,0.00000000
0.37000000,STAND,-0.00002903,-0.00369743,0.00006653,-0.00717483,0.00001302,0.31545064,-0.01535419,0.00017222,0.01054870,0.02082724,0.00000000,27.78828617,27.69618097,30.59620632,30.57850792,0.01034488,-0.77089301,1.52703643,0.00000000,-0.77297953,1.50050035,4.24136713,0.00000000
0.38000000,STAND,-0.00002980,-0.00339515,0.00006655,-0.00691713,0.00001339,0.31547244,-0.01510718,0.00017256,0.01039666,0.02081400,0.00000000,28.01240595,27.91764064,30.35184616,30.33181278,0.01051421,-0.77134257,1.52707141,0.00000000,-0.77297953,1.50050035,4.19042476,0.00000000
0.39000000,STAND,-0.00003063,-0.00312001,0.00006667,-0.00668178,0.00001379,0.31549065,-0.01488084,0.00017293,0.01025855,0.02080215,0.00000000,28.19735746,28.10001808,30.14969960,30.12748774,0.01068355,-0.77173188,1.52710372,0.00000000,-0.77297953,1.50050035,4.14769461,0.00000000
0.40000000,STAND,-0.00003147,-0.00287535,0.00006687,-0.00647165,0.00001422,0.31550498,-0.01467801,0.00017333,0.01013609,0.02079184,0.00000000,28.34326031,28.24351770,29.99093923,29.96675846,0.01085165,-0.77205816,1.52713318,0.00000000,-0.77297953,1.50050035,4.11345978,0.00000000
0.41000000,STAND,-0.00003230,-0.00266365,0.00006712,-0.00628897,0.00001465,0.31551521,-0.01450087,0.00017374,0.01003056,0.02078312,0.00000000,28.45083822,28.34893187,29.87583556,29.84993421,0.01101728,-0.77232002,1.52715985,0.00000000,-0.77297953,1.50050035,4.08782377,0.00000000
0.42000000,STAND,-0.00003307,-0.00248657,0.00006742,-0.00613528,0.00001506,0.31552121,-0.01435100,0.00017413,0.00994286,0.02077603,0.00000000,28.52127627,28.41749727,29.80376740,29.77641947,0.01117929,-0.77251732,1.52718391,0.00000000,-0.77297953,1.50050035,4.07071452,0.00000000
0.43000000,STAND,-0.00003378,-0.00234504,0.00006774,-0.00601149,0.00001545,0.31552292,-0.01422936,0.00017450,0.00987347,0.02077057,0.00000000,28.55614338,28.45081743,29.77327645,29.74476983,0.01133663,-0.77265108,1.52720550,0.00000000,-0.77297953,1.50050035,4.06189534,0.00000000
0.44000000,STAND,-0.00003439,-0.00223927,0.00006805,-0.00591790,0.00001580,0.31552041,-0.01413632,0.00017484,0.00982251,0.02076670,0.00000000,28.55735921,28.45083029,29.78215507,29.75278115,0.01148832,-0.77272339,1.52722470,0.00000000,-0.77297953,1.50050035,4.06098106,0.00000000
0.45000000,STAND,-0.00003490,-0.00216885,0.00006835,-0.00585422,0.00001611,0.31551380,-0.01407168,0.00017513,0.00978976,0.02076437,0.00000000,28.52718364,28.41979895,29.82755524,29.79759989,0.01163350,-0.77273727,1.52724147,0.00000000,-0.77297953,1.50050035,4.06745763,0.00000000
0.46000000,STAND,-0.00003530,-0.00213279,0.00006862,-0.00581964,0.00001636,0.31550333,-0.01403476,0.00017538,0.00977465,0.02076351,0.00000000,28.46821021,28.36030679,29.90610772,29.87584370,0.01177143,-0.77269658,1.52725572,0.00000000,-0.77297953,1.50050035,4.08070355,0.00000000
0.47000000,STAND,-0.00003558,-0.00212955,0.00006885,-0.00581286,0.00001657,0.31548928,-0.01402438,0.00017557,0.00977634,0.02076404,0.00000000,28.38335053,28.27524388,30.01404265,29.98372331,0.01190146,-0.77260590,1.52726728,0.00000000,-0.77297953,1.50050035,4.10001192,0.00000000
0.48000000,STAND,-0.00003576,-0.00215712,0.00006903,-0.00583215,0.00001671,0.31547202,-0.01403898,0.00017572,0.00979374,0.02076583,0.00000000,28.27580210,28.16777699,30.14730533,30.11715953,0.01202310,-0.77247041,1.52727601,0.00000000,-0.77297953,1.50050035,4.12461188,0.00000000
0.49000000,STAND,-0.00003582,-0.00221304,0.00006916,-0.00587542,0.00001680,0.31545193,-0.01407661,0.00017581,0.00982551,0.02076879,0.00000000,28.14899790,28.04130143,30.30166330,30.27189164,0.01213598,-0.77229576,1.52728176,0.00000000,-0.77297953,1.50050035,4.15368906,0.00000000
0.50000000,STAND,-0.00003579,-0.00229454,0.00006925,-0.00594027,0.00001684,0.31542943,-0.01413505,0.00017586,0.00987017,0.02077278,0.00000000,28.00653973,27.89937665,30.47280325,30.44357536,0.01223985,-0.77208794,1.52728449,0.00000000,-0.77297953,1.50050035,4.18640453,0.00000000
0.51000000,STAND,-0.00003566,-0.00239853,0.00006929,-0.00602409,0.00001684,0.31540496,-0.01421185,0.00017586,0.00992609,0.02077765,0.00000000,27.85212028,27.74565039,30.65641722,30.62787019,0.01233459,-0.77185316,1.52728417,0.00000000,-0.77297953,1.50050035,4.22191217,0.00000000
0.52000000,STAND,-0.00003546,-0.00252173,0.00006929,-0.00612406,0.00001679,0.31537898,-0.01430437,0.00017582,0.00999153,0.02078326,0.00000000,27.68943980,27.58377742,30.84827885,30.82051665,0.01242022,-0.77159770,1.52728090,0.00000000,-0.77297953,1.50050035,4.25937443,0.00000000
0.53000000,STAND,-0.00003521,-0.00266070,0.00006927,-0.00623728,0.00001671,0.31535192,-0.01440986,0.00017574,0.01006469,0.02078946,0.00000000,27.52212344,27.41733862,31.04431061,31.01740444,0.01249688,-0.77132782,1.52727484,0.00000000,-0.77297953,1.50050035,4.29797651,0.00000000
0.54000000,STAND,-0.00003490,-0.00281196,0.00006922,-0.00636079,0.00001659,0.31532423,-0.01452552,0.00017564,0.01014378,0.02079609,0.00000000,27.35364440,27.24976560,31.24064279,31.21463234,0.01256480,-0.77104960,1.52726621,0.00000000,-0.77297953,1.50050035,4.33693905,0.00000000
0.55000000,STAND,-0.00003457,-0.00297201,0.00006916,-0.00649165,0.00001646,0.31529633,-0.01464857,0.00017552,0.01022697,0.02080299,0.00000000,27.18725655,27.08427458,31.43366511,31.40856052,0.01262434,-0.77076888,1.52725528,0.00000000,-0.77297953,1.50050035,4.37552933,0.00000000
0.56000000,STAND,-0.00003421,-0.00313742,0.00006909,-0.00662697,0.00001631,0.31526863,-0.01477627,0.00017538,0.01031253,0.02081002,0.00000000,27.02593898,26.92381192,31.62007114,31.59585570,0.01267593,-0.77049113,1.52724236,0.00000000,-0.77297953,1.50050035,4.41307101,0.00000000
0.57000000,STAND,-0.00003385,-0.00330490,0.00006903,-0.00676399,0.00001615,0.31524152,-0.01490596,0.00017523,0.01039876,0.02081705,0.00000000,26.87235347,26.77101216,31.79689571,31.77352897,0.01272009,-0.77022138,1.52722778,0.00000000,-0.77297953,1.50050035,4.44895233,0.00000000
0.58000000,STAND,-0.00003350,-0.00347134,0.00006898,-0.00690011,0.00001599,0.31521535,-0.01503517,0.00017507,0.01048410,0.02082393,0.00000000,26.72881462,26.62816856,31.96154502,31.93896642,0.01275740,-0.76996417,1.52721189,0.00000000,-0.77297953,1.50050035,4.48263282,0.00000000
0.59000000,STAND,-0.00003317,-0.00363385,0.00006894,-0.00703292,0.00001583,0.31519043,-0.01516157,0.00017492,0.01056707,0.02083055,0.00000000,26.59727187,26.49721523,32.11181929,32.08995196,0.01278848,-0.76972348,1.52719502,0.00000000,-0.77297953,1.50050035,4.51364842,0.00000000
0.60000000,STAND,-0.00003286,-0.00378982,0.00006892,-0.00716022,0.00001567,0.31516707,-0.01528306,0.00017477,0.01064638,0.02083681,0.00000000,26.47930193,26.37971939,32.24592752,32.22468230,0.01281399,-0.76950271,1.52717749,0.00000000,-0.77297953,1.50050035,4.54161489,0.00000000
0.61000000,STAND,-0.00003259,-0.00393692,0.00006891,-0.00728009,0.00001553,0.31514549,-0.01539778,0.00017464,0.01072085,0.02084261,0.00000000,26.37611011,26.27688235,32.36249446,32.34177384,0.01283461,-0.76930463,1.52715961,0.00000000,-0.77297953,1.50050035,4.56622974,0.00000000
0.62000000,STAND,-0.00003235,-0.00407314,0.00006893,-0.00739085,0.00001541,0.31512590,-0.01550410,0.00017451,0.01078950,0.02084789,0.00000000,26.28853892,26.18954766,32.46055955,32.44026151,0.01285105,-0.76913140,1.52714169,0.00000000,-0.77297953,1.50050035,4.58727246,0.00000000
0.63000000,STAND,-0.00003216,-0.00419682,0.00006897,-0.00749113,0.00001530,0.31510845,-0.01560068,0.00017440,0.01085151,0.02085258,0.00000000,26.21708257,26.11821491,32.53956826,32.51958988,0.01286399,-0.76898458,1.52712398,0.00000000,-0.77297953,1.50050035,4.60460320,0.00000000
0.64000000,STAND,-0.00003200,-0.00430663,0.00006903,-0.00757983,0.00001521,0.31509326,-0.01568643,0.00017431,0.01090623,0.02085663,0.00000000,26.16190620,26.06305826,32.59935618,32.57959687,0.01287409,-0.76886511,1.52710675,0.00000000,-0.77297953,1.50050035,4.61816007,0.00000000
0.65000000,STAND,-0.00003188,-0.00440159,0.00006910,-0.00765615,0.00001513,0.31508038,-0.01576054,0.00017424,0.01095321,0.02086003,0.00000000,26.12286876,26.02394853,32.64012658,32.62049098,0.01288202,-0.76877337,1.52709020,0.00000000,-0.77297953,1.50050035,4.62795508,0.00000000
0.66000000,STAND,-0.00003181,-0.00448104,0.00006919,-0.00771955,0.00001508,0.31506983,-0.01582249,0.00017418,0.01099214,0.02086275,0.00000000,26.09954881,26.00047823,32.66242226,32.64282252,0.01288840,-0.76870919,1.52707456,0.00000000,-0.77297953,1.50050035,4.63406899,0.00000000
0.67000000,STAND,-0.00003176,-0.00454466,0.00006928,-0.00776978,0.00001504,0.31506160,-0.01587198,0.00017414,0.01102290,0.02086479,0.00000000,26.09127269,25.99198893,32.66709254,32.64745025,0.01289378,-0.76867192,1.52705998,0.00000000,-0.77297953,1.50050035,4.63664511,0.00000000
0.68000000,STAND,-0.00003175,-0.00459244,0.00006938,-0.00780684,0.00001502,0.31505560,-0.01590899,0.00017412,0.01104551,0.02086616,0.00000000,26.09714432,25.99760038,32.65525653,32.63550402,0.01289871,-0.76866045,1.52704663,0.00000000,-0.77297953,1.50050035,4.63588236,0.00000000
0.69000000,STAND,-0.00003177,-0.00462466,0.00006948,-0.00783100,0.00001502,0.31505175,-0.01593372,0.00017411,0.01106016,0.02086689,0.00000000,26.11607644,26.01624100,32.62826361,32.60834481,0.01290367,-0.76867326,1.52703461,0.00000000,-0.77297953,1.50050035,4.63202776,0.00000000
0.70000000,STAND,-0.00003181,-0.00464186,0.00006958,-0.00784270,0.00001502,0.31504991,-0.01594657,0.00017411,0.01106716,0.02086700,0.00000000,26.14682259,26.04667938,32.58765219,32.56752296,0.01290906,-0.76870850,1.52702403,0.00000000,-0.77297953,1.50050035,4.62536851,0.00000000
0.71000000,STAND,-0.00003186,-0.00464482,0.00006968,-0.00784261,0.00001504,0.31504991,-0.01594815,0.00017412,0.01106692,0.02086653,0.00000000,26.18800963,26.08755621,32.53510772,32.51473576,0.01291526,-0.76876404,1.52701495,0.00000000,-0.77297953,1.50050035,4.61622381,0.00000000
0.72000000,STAND,-0.00003193,-0.00463452,0.00006976,-0.00783156,0.00001507,0.31505159,-0.01593923,0.00017415,0.01105998,0.02086554,0.00000000,26.23817008,26.13741635,32.47242083,32.45178522,0.01292256,-0.76883752,1.52700740,0.00000000,-0.77297953,1.50050035,4.60493677,0.00000000
0.73000000,STAND,-0.00003200,-0.00461213,0.00006983,-0.00781053,0.00001510,0.31505473,-0.01592070,0.00017417,0.01104696,0.02086408,0.00000000,26.29577423,26.19474056,32.40144650,32.38053688,0.01293121,-0.76892640,1.52700139,0.00000000,-0.77297953,1.50050035,4.59186629,0.00000000
0.74000000,STAND,-0.00003208,-0.00457893,0.00006989,-0.00778061,0.00001514,0.31505912,-0.01589358,0.00017421,0.01102854,0.02086220,0.00000000,26.35926107,26.25797633,32.32406491,32.30288044,0.01294138,-0.76902805,1.52699691,0.00000000,-0.77297953,1.50050035,4.57737936,0.00000000
0.75000000,STAND,-0.00003215,-0.00453635,0.00006994,-0.00774297,0.00001518,0.31506455,-0.01585898,0.00017424,0.01100545,0.02085997,0.00000000,26.42706812,26.32556756,32.24214460,32.22069274,0.01295319,-0.76913977,1.52699390,0.00000000,-0.77297953,1.50050035,4.56184369,0.00000000
0.76000000,STAND,-0.00003222,-0.00448587,0.00006996,-0.00769887,0.00001522,0.31507080,-0.01581807,0.00017428,0.01097847,0.02085745,0.00000000,26.49765931,26.39598249,32.15750860,32.13580372,0.01296672,-0.76925887,1.52699229,0.00000000,-0.77297953,1.50050035,4.54562081,0.00000000
0.77000000,STAND,-0.00003229,-0.00442901,0.00006997,-0.00764956,0.00001526,0.31507764,-0.01577205,0.00017432,0.01094837,0.02085471,0.00000000,26.56955083,26.46773965,32.07190374,32.04996574,0.01298198,-0.76938271,1.52699200,0.00000000,-0.77297953,1.50050035,4.52905988,0.00000000
0.78000000,STAND,-0.00003234,-0.00436732,0.00006997,-0.00759633,0.00001530,0.31508487,-0.01572212,0.00017435,0.01091596,0.02085182,0.00000000,26.64133447,26.53943125,31.98697369,31.96482661,0.01299893,-0.76950874,1.52699292,0.00000000,-0.77297953,1.50050035,4.51249206,0.00000000
0.79000000,STAND,-0.00003238,-0.00430230,0.00006995,-0.00754045,0.00001533,0.31509228,-0.01566950,0.00017438,0.01088201,0.02084883,0.00000000,26.71169819,26.60974407,31.90423577,31.88190642,0.01301750,-0.76963452,1.52699491,0.00000000,-0.77297953,1.50050035,4.49622568,0.00000000
0.80000000,STAND,-0.00003241,-0.00423543,0.00006991,-0.00748313,0.00001536,0.31509969,-0.01561535,0.00017441,0.01084727,0.02084581,0.00000000,26.77944373,26.67747723,31.82506183,31.80257857,0.01303756,-0.76975782,1.52699784,0.00000000,-0.77297953,1.50050035,4.48054216,0.00000000
0.81000000,STAND,-0.00003243,-0.00416813,0.00006986,-0.00742555,0.00001538,0.31510691,-0.01556079,0.00017443,0.01081246,0.02084281,0.00000000,26.84350107,26.74155693,31.75066316,31.72805477,0.01305896,-0.76987657,1.52700158,0.00000000,-0.77297953,1.50050035,4.46569270,0.00000000
0.82000000,STAND,-0.00003244,-0.00410170,0.00006980,-0.00736881,0.00001540,0.31511381,-0.01550685,0.00017445,0.01077824,0.02083989,0.00000000,26.90293972,26.80104802,31.68207941,31.65937410,0.01308153,-0.76998895,1.52700596,0.00000000,-0.77297953,1.50050035,4.45189574,0.00000000
0.83000000,STAND,-0.00003244,-0.00403735,0.00006973,-0.00731389,0.00001541,0.31512023,-0.01545451,0.00017447,0.01074522,0.02083710,0.00000000,26.95697663,26.85516218,31.62017145,31.59739610,0.01310507,-0.77009336,1.52701084,0.00000000,-0.77297953,1.50050035,4.43933524,0.00000000
0.84000000,STAND,-0.00003243,-0.00397617,0.00006966,-0.00726170,0.00001542,0.31512606,-0.01540464,0.00017448,0.01071395,0.02083448,0.00000000,27.00498104,26.90326303,31.56561807,31.54279756,0.01312935,-0.77018846,1.52701606,0.00000000,-0.77297953,1.50050035,4.42815968,0.00000000
0.85000000,STAND,-0.00003240,-0.00391911,0.00006958,-0.00721303,0.00001542,0.31513121,-0.01535798,0.00017448,0.01068491,0.02083207,0.00000000,27.04647608,26.94486798,31.51891614,31.49607291,0.01315415,-0.77027319,1.52702148,0.00000000,-0.77297953,1.50050035,4.41848182,0.00000000
0.86000000,STAND,-0.00003237,-0.00386697,0.00006950,-0.00716854,0.00001542,0.31513560,-0.01531520,0.00017448,0.01065848,0.02082990,0.00000000,27.08113743,26.97964712,31.48038419,31.45753790,0.01317924,-0.77034671,1.52702695,0.00000000,-0.77297953,1.50050035,4.41037906,0.00000000
0.87000000,STAND,-0.00003234,-0.00382041,0.00006942,-0.00712878,0.00001542,0.31513918,-0.01527682,0.00017448,0.01063500,0.02082798,0.00000000,27.10878923,27.00741935,31.45016889,31.42733627,0.01320437,-0.77040848,1.52703236,0.00000000,-0.77297953,1.50050035,4.40389447,0.00000000
0.88000000,STAND,-0.00003230,-0.00377995,0.00006934,-0.00709417,0.00001541,0.31514190,-0.01524327,0.00017448,0.01061472,0.02082635,0.00000000,27.12939746,27.02814581,31.42825426,31.40544909,0.01322933,-0.77045820,1.52703758,0.00000000,-0.77297953,1.50050035,4.39903841,0.00000000
0.89000000,STAND,-0.00003226,-0.00374594,0.00006926,-0.00706501,0.00001540,0.31514377,-0.01521484,0.00017447,0.01059780,0.02082500,0.00000000,27.14306100,27.04192124,31.41447319,31.39170636,0.01325389,-0.77049581,1.52704250,0.00000000,-0.77297953,1.50050035,4.39579052,0.00000000
0.90000000,STAND,-0.00003222,-0.00371860,0.00006919,-0.00704146,0.00001539,0.31514476,-0.01519171,0.00017446,0.01058434,0.02082396,0.00000000,27.15000089,27.04896316,31.40852087,31.38580054,0.01327783,-0.77052146,1.52704703,0.00000000,-0.77297953,1.50050035,4.39410227,0.00000000
0.91000000,STAND,-0.00003218,-0.00369802,0.00006913,-0.00702358,0.00001538,0.31514491,-0.01517396,0.00017445,0.01057436,0.02082320,0.00000000,27.15054789,27.04959956,31.40996984,31.38730168,0.01330098,-0.77053555,1.52705109,0.00000000,-0.77297953,1.50050035,4.39389972,0.00000000
0.92000000,STAND,-0.00003214,-0.00368412,0.00006907,-0.00701134,0.00001537,0.31514425,-0.01516155,0.00017444,0.01056783,0.02082274,0.00000000,27.14512878,27.04425525,31.41828618,31.39567368,0.01332315,-0.77053862,1.52705463,0.00000000,-0.77297953,1.50050035,4.39508669,0.00000000
0.93000000,STAND,-0.00003210,-0.00367675,0.00006903,-0.00700457,0.00001536,0.31514283,-0.01515435,0.00017443,0.01056464,0.02082255,0.00000000,27.13425186,27.03343725,31.43284660,31.41029132,0.01334419,-0.77053139,1.52705759,0.00000000,-0.77297953,1.50050035,4.39754798,0.00000000
0.94000000,STAND,-0.00003206,-0.00367562,0.00006899,-0.00700304,0.00001535,0.31514070,-0.01515216,0.00017442,0.01056464,0.02082263,0.00000000,27.11849178,27.01771971,31.45295589,31.43045784,0.01336398,-0.77051475,1.52705994,0.00000000,-0.77297953,1.50050035,4.40115282,0.00000000
0.95000000,STAND,-0.00003203,-0.00368035,0.00006896,-0.00700642,0.00001534,0.31513792,-0.01515467,0.00017441,0.01056761,0.02082295,0.00000000,27.09847424,26.99772842,31.47786454,31.45542247,0.01338240,-0.77048965,1.52706166,0.00000000,-0.77297953,1.50050035,4.40575832,0.00000000
0.96000000,STAND,-0.00003200,-0.00369047,0.00006895,-0.00701432,0.00001532,0.31513459,-0.01516152,0.00017440,0.01057332,0.02082349,0.00000000,27.07486072,26.97412556,31.50678618,31.48439790,0.01339939,-0.77045717,1.52706276,0.00000000,-0.77297953,1.50050035,4.41121292,0.00000000
0.97000000,STAND,-0.00003198,-0.00370546,0.00006894,-0.00702630,0.00001532,0.31513077,-0.01517230,0.00017439,0.01058147,0.02082423,0.00000000,27.04833365,26.94759477,31.53891445,31.51657709,0.01341487,-0.77041844,1.52706323,0.00000000,-0.77297953,1.50050035,4.41735976,0.00000000
0.98000000,STAND,-0.00003196,-0.00372473,0.00006894,-0.00704186,0.00001531,0.31512655,-0.01518655,0.00017438,0.01059177,0.02082513,0.00000000,27.01958219,26.91882678,31.57343913,31.55114941,0.01342883,-0.77037462,1.52706310,0.00000000,-0.77297953,1.50050035,4.42403993,0.00000000
0.99000000,STAND,-0.00003195,-0.00374766,0.00006895,-0.00706049,0.00001530,0.31512203,-0.01520378,0.00017437,0.01060388,0.02082618,0.00000000,26.98928895,26.88850607,31.60956125,31.58731568,0.01344126,-0.77032689,1.52706239,0.00000000,-0.77297953,1.50050035,4.43109554,0.00000000
1.00000000,STAND,-0.00003194,-0.00377359,0.00006897,-0.00708162,0.00001530,0.31511728,-0.01522346,0.00017437,0.01061747,0.02082734,0.00000000,26.95811771,26.85729851,31.64650701,31.62430205,0.01345216,-0.77027642,1.52706115,0.00000000,-0.77297953,1.50050035,4.43837250,0.00000000
1.01000000,STAND,-0.00003193,-0.00380187,0.00006899,-0.00710472,0.00001529,0.31511239,-0.01524509,0.00017437,0.01063220,0.02082858,0.00000000,26.92670244,26.82584023,31.68354021,31.66137244,0.01346159,-0.77022435,1.52705943,0.00000000,-0.77297953,1.50050035,4.44572318,0.00000000
1.02000000,STAND,-0.00003193,-0.00383184,0.00006902,-0.00712922,0.00001529,0.31510745,-0.01526812,0.00017436,0.01064773,0.02082987,0.00000000,26.89563759,26.79472786,31.71997330,31.69783946,0.01346958,-0.77017176,1.52705727,0.00000000,-0.77297953,1.50050035,4.45300861,0.00000000
1.03000000,STAND,-0.00003192,-0.00386285,0.00006906,-0.00715459,0.00001529,0.31510254,-0.01529206,0.00017436,0.01066372,0.02083119,0.00000000,26.86546993,26.76451030,31.75517664,31.73307374,0.01347623,-0.77011969,1.52705474,0.00000000,-0.77297953,1.50050035,4.46010047,0.00000000
1.04000000,STAND,-0.00003192,-0.00389427,0.00006909,-0.00718031,0.00001529,0.31509774,-0.01531639,0.00017436,0.01067986,0.02083251,0.00000000,26.83669175,26.73568179,31.78858622,31.76651151,0.01348160,-0.77006908,1.52705189,0.00000000,-0.77297953,1.50050035,4.46688276,0.00000000
1.05000000,STAND,-0.00003192,-0.00392553,0.00006913,-0.00720588,0.00001528,0.31509310,-0.01534066,0.00017436,0.01069585,0.02083380,0.00000000,26.80973561,26.70867670,31.81970953,31.79766055,0.01348581,-0.77002077,1.52704879,0.00000000,-0.77297953,1.50050035,4.47325305,0.00000000
1.06000000,STAND,-0.00003193,-0.00395607,0.00006917,-0.00723085,0.00001528,0.31508870,-0.01536443,0.00017435,0.01071141,0.02083505,0.00000000,26.78497059,26.68386566,31.84812982,31.82610436,0.01348896,-0.76997552,1.52704550,0.00000000,-0.77297953,1.50050035,4.47912349,0.00000000
1.07000000,STAND,-0.00003193,-0.00398541,0.00006921,-0.00725481,0.00001528,0.31508458,-0.01538729,0.00017435,0.01072630,0.02083623,0.00000000,26.76269995,26.66155324,31.87350860,31.85150465,0.01349117,-0.76993397,1.52704208,0.00000000,-0.77297953,1.50050035,4.48442138,0.00000000
1.08000000,STAND,-0.00003193,-0.00401309,0.00006925,-0.00727739,0.00001528,0.31508080,-0.01540890,0.00017435,0.01074028,0.02083733,0.00000000,26.74316018,26.64197691,31.89558657,31.87360228,0.01349256,-0.76989664,1.52703859,0.00000000,-0.77297953,1.50050035,4.48908952,0.00000000
1.09000000,STAND,-0.00003193,-0.00403875,0.00006929,-0.00729828,0.00001528,0.31507738,-0.01542895,0.00017435,0.01075318,0.02083833,0.00000000,26.72652131,26.62530746,31.91418300,31.89221663,0.01349326,-0.76986394,1.52703510,0.00000000,-0.77297953,1.50050035,4.49308620,0.00000000
1.10000000,STAND,-0.00003193,-0.00406206,0.00006933,-0.00731721,0.00001528,0.31507436,-0.01544718,0.00017435,0.01076484,0.02083923,0.00000000,26.71288845,26.61165044,31.92919372,31.90724359,0.01349339,-0.76983619,1.52703165,0.00000000,-0.77297953,1.50050035,4.49638491,0.00000000
1.11000000,STAND,-0.00003193,-0.00408277,0.00006936,-0.00733397,0.00001528,0.31507175,-0.01546338,0.00017435,0.01077514,0.02084000,0.00000000,26.70230439,26.60104881,31.94058780,31.91865224,0.01349307,-0.76981356,1.52702830,0.00000000,-0.77297953,1.50050035,4.49897376,0.00000000
1.12000000,STAND,-0.00003193,-0.00410070,0.00006939,-0.00734842,0.00001528,0.31506956,-0.01547741,0.00017435,0.01078398,0.02084065,0.00000000,26.69475314,26.59348654,31.94840315,31.92648044,0.01349242,-0.76979613,1.52702509,0.00000000,-0.77297953,1.50050035,4.50085475,0.00000000
1.13000000,STAND,-0.00003192,-0.00411571,0.00006941,-0.00736044,0.00001528,0.31506781,-0.01548915,0.00017434,0.01079130,0.02084117,0.00000000,26.69016427,26.58889292,31.95274105,31.93082941,0.01349155,-0.76978388,1.52702206,0.00000000,-0.77297953,1.50050035,4.50204275,0.00000000
1.14000000,STAND,-0.00003192,-0.00412775,0.00006943,-0.00736999,0.00001527,0.31506647,-0.01549855,0.00017434,0.01079709,0.02084157,0.00000000,26.68841798,26.58714769,31.95376001,31.93185754,0.01349058,-0.76977669,1.52701925,0.00000000,-0.77297953,1.50050035,4.50256434,0.00000000
1.15000000,STAND,-0.00003191,-0.00413681,0.00006945,-0.00737706,0.00001527,0.31506555,-0.01550561,0.00017434,0.01080135,0.02084183,0.00000000,26.68935068,26.58808666,31.95166886,31.92977357,0.01348959,-0.76977437,1.52701669,0.00000000,-0.77297953,1.50050035,4.50245654,0.00000000
1.16000000,STAND,-0.00003191,-0.00414294,0.00006946,-0.00738171,0.00001527,0.31506501,-0.01551036,0.00017433,0.01080411,0.02084198,0.00000000,26.69276097,26.59150772,31.94671946,31.92482926,0.01348868,-0.76977663,1.52701439,0.00000000,-0.77297953,1.50050035,4.50176540,0.00000000
1.17000000,STAND,-0.00003190,-0.00414624,0.00006947,-0.00738400,0.00001527,0.31506484,-0.01551287,0.00017433,0.01080542,0.02084200,0.00000000,26.69841590,26.59717713,31.93919910,31.91731179,0.01348792,-0.76978313,1.52701237,0.00000000,-0.77297953,1.50050035,4.50054452,0.00000000
1.18000000,STAND,-0.00003189,-0.00414686,0.00006947,-0.00738408,0.00001526,0.31506501,-0.01551325,0.00017433,0.01080537,0.02084192,0.00000000,26.70605737,26.60483598,31.92942275,31.90753606,0.01348739,-0.76979347,1.52701064,0.00000000,-0.77297953,1.50050035,4.49885357,0.00000000
1.19000000,STAND,-0.00003188,-0.00414498,0.00006947,-0.00738208,0.00001526,0.31506548,-0.01551165,0.00017432,0.01080406,0.02084174,0.00000000,26.71540860,26.61420663,31.91772532,31.89583696,0.01348713,-0.76980721,1.52700922,0.00000000,-0.77297953,1.50050035,4.49675675,0.00000000
1.20000000,STAND,-0.00003187,-0.00414081,0.00006947,-0.00737820,0.00001525,0.31506621,-0.01550824,0.00017432,0.01080160,0.02084146,0.00000000,26.72618037,26.62499907,31.90445414,31.88256181,0.01348719,-0.76982387,1.52700809,0.00000000,-0.77297953,1.50050035,4.49432129,0.00000000
1.21000000,STAND,-0.00003186,-0.00413461,0.00006946,-0.00737263,0.00001525,0.31506718,-0.01550320,0.00017432,0.01079811,0.02084111,0.00000000,26.73807721,26.63691705,31.88996166,31.86806310,0.01348760,-0.76984296,1.52700724,0.00000000,-0.77297953,1.50050035,4.49161604,0.00000000
1.22000000,STAND,-0.00003185,-0.00412663,0.00006945,-0.00736561,0.00001525,0.31506833,-0.01549674,0.00017431,0.01079375,0.02084069,0.00000000,26.75080319,26.64966395,31.87459862,31.85269168,0.01348839,-0.76986398,1.52700668,0.00000000,-0.77297953,1.50050035,4.48871005,0.00000000
1.23000000,STAND,-0.00003184,-0.00411715,0.00006944,-0.00735735,0.00001524,0.31506964,-0.01548909,0.00017431,0.01078864,0.02084022,0.00000000,26.76406736,26.66294822,31.85870768,31.83679035,0.01348956,-0.76988640,1.52700638,0.00000000,-0.77297953,1.50050035,4.48567129,0.00000000
1.24000000,STAND,-0.00003183,-0.00410647,0.00006942,-0.00734811,0.00001524,0.31507105,-0.01548046,0.00017431,0.01078295,0.02083970,0.00000000,26.77758876,26.67648835,31.84261766,31.82068811,0.01349112,-0.76990974,1.52700632,0.00000000,-0.77297953,1.50050035,4.48256551,0.00000000
1.25000000,STAND,-0.00003182,-0.00409486,0.00006941,-0.00733812,0.00001524,0.31507253,-0.01547109,0.00017431,0.01077682,0.02083916,0.00000000,26.79110085,26.69001739,31.82663843,31.80469509,0.01349305,-0.76993351,1.52700649,0.00000000,-0.77297953,1.50050035,4.47945515,0.00000000
1.26000000,STAND,-0.00003182,-0.00408261,0.00006939,-0.00732762,0.00001524,0.31507404,-0.01546120,0.00017430,0.01077039,0.02083859,0.00000000,26.80435544,26.70328684,31.81105653,31.78909808,0.01349534,-0.76995726,1.52700685,0.00000000,-0.77297953,1.50050035,4.47639839,0.00000000
1.27000000,STAND,-0.00003181,-0.00407001,0.00006938,-0.00731683,0.00001524,0.31507555,-0.01545102,0.00017430,0.01076382,0.02083802,0.00000000,26.81712598,26.71606993,31.79613148,31.77415690,0.01349797,-0.76998055,1.52700739,0.00000000,-0.77297953,1.50050035,4.47344845,0.00000000
1.28000000,STAND,-0.00003180,-0.00405732,0.00006936,-0.00730599,0.00001523,0.31507703,-0.01544074,0.00017430,0.01075722,0.02083746,0.00000000,26.82921028,26.72816436,31.78209285,31.76010148,0.01350091,-0.77000300,1.52700807,0.00000000,-0.77297953,1.50050035,4.47065290,0.00000000
1.29000000,STAND,-0.00003180,-0.00404477,0.00006934,-0.00729530,0.00001523,0.31507844,-0.01543058,0.00017430,0.01075074,0.02083691,0.00000000,26.84043256,26.73939432,31.76913813,31.74712963,0.01350412,-0.77002426,1.52700887,0.00000000,-0.77297953,1.50050035,4.46805315,0.00000000
1.30000000,STAND,-0.00003180,-0.00403261,0.00006933,-0.00728494,0.00001523,0.31507976,-0.01542071,0.00017430,0.01074447,0.02083638,0.00000000,26.85064487,26.74961191,31.75743130,31.73540567,0.01350755,-0.77004404,1.52700976,0.00000000,-0.77297953,1.50050035,4.46568419,0.00000000
1.31000000,STAND,-0.00003179,-0.00402104,0.00006931,-0.00727509,0.00001523,0.31508097,-0.01541130,0.00017430,0.01073854,0.02083588,0.00000000,26.85972797,26.75869802,31.74710209,31.72505969,0.01351118,-0.77006207,1.52701071,0.00000000,-0.77297953,1.50050035,4.46357432,0.00000000
1.32000000,STAND,-0.00003179,-0.00401024,0.00006930,-0.00726589,0.00001523,0.31508205,-0.01540248,0.00017430,0.01073302,0.02083543,0.00000000,26.86759154,26.76656251,31.73824598,31.71618751,0.01351494,-0.77007815,1.52701169,0.00000000,-0.77297953,1.50050035,4.46174512,0.00000000
1.33000000,STAND,-0.00003179,-0.00400035,0.00006929,-0.00725748,0.00001523,0.31508298,-0.01539439,0.00017430,0.01072799,0.02083502,0.00000000,26.87417389,26.77314392,31.73092482,31.70885128,0.01351880,-0.77009213,1.52701269,0.00000000,-0.77297953,1.50050035,4.46021151,0.00000000
1.34000000,STAND,-0.00003179,-0.00399151,0.00006927,-0.00724995,0.00001524,0.31508376,-0.01538712,0.00017430,0.01072352,0.02083466,0.00000000,26.87944117,26.77840864,31.72516797,31.70308062,0.01352271,-0.77010390,1.52701367,0.00000000,-0.77297953,1.50050035,4.45898192,0.00000000
1.35000000,STAND,-0.00003179,-0.00398381,0.00006926,-0.00724338,0.00001524,0.31508437,-0.01538076,0.00017430,0.01071965,0.02083435,0.00000000,26.88338605,26.78234963,31.72097399,31.69887436,0.01352662,-0.77011340,1.52701462,0.00000000,-0.77297953,1.50050035,4.45805860,0.00000000
1.36000000,STAND,-0.00003179,-0.00397733,0.00006925,-0.00723784,0.00001524,0.31508482,-0.01537536,0.00017431,0.01071640,0.02083409,0.00000000,26.88602612,26.78498477,31.71831283,31.69620263,0.01353050,-0.77012063,1.52701551,0.00000000,-0.77297953,1.50050035,4.45743802,0.00000000
1.37000000,STAND,-0.00003179,-0.00397210,0.00006925,-0.00723335,0.00001524,0.31508510,-0.01537095,0.00017431,0.01071382,0.02083389,0.00000000,26.88740180,26.78635475,31.71712829,31.69500942,0.01353429,-0.77012560,1.52701633,0.00000000,-0.77297953,1.50050035,4.45711129,0.00000000
1.38000000,STAND,-0.00003179,-0.00396814,0.00006924,-0.00722993,0.00001524,0.31508521,-0.01536756,0.00017431,0.01071188,0.02083375,0.00000000,26.88757407,26.78652084,31.71734091,31.69521534,0.01353797,-0.77012839,1.52701707,0.00000000,-0.77297953,1.50050035,4.45706469,0.00000000
1.39000000,STAND,-0.00003179,-0.00396544,0.00006924,-0.00722757,0.00001524,0.31508517,-0.01536517,0.00017431,0.01071060,0.02083366,0.00000000,26.88662192,26.78556227,31.71885096,31.69672075,0.01354149,-0.77012911,1.52701771,0.00000000,-0.77297953,1.50050035,4.45728033,0.00000000
1.40000000,STAND,-0.00003179,-0.00396397,0.00006923,-0.00722624,0.00001524,0.31508498,-0.01536376,0.00017431,0.01070995,0.02083363,0.00000000,26.88463969,26.78357360,31.72154171,31.69940892,0.01354483,-0.77012788,1.52701824,0.00000000,-0.77297953,1.50050035,4.45773665,0.00000000
1.41000000,STAND,-0.00003179,-0.00396368,0.00006923,-0.00722590,0.00001524,0.31508466,-0.01536330,0.00017431,0.01070990,0.02083364,0.00000000,26.88173424,26.78066190,31.72528273,31.70314938,0.01354796,-0.77012487,1.52701866,0.00000000,-0.77297953,1.50050035,4.45840917,0.00000000
1.42000000,STAND,-0.00003179,-0.00396449,0.00006923,-0.00722648,0.00001525,0.31508420,-0.01536372,0.00017431,0.01071041,0.02083370,0.00000000,26.87802212,26.77694389,31.72993322,31.70780126,0.01355086,-0.77012027,1.52701897,0.00000000,-0.77297953,1.50050035,4.45927109,0.00000000
1.43000000,STAND,-0.00003179,-0.00396633,0.00006923,-0.00722792,0.00001525,0.31508364,-0.01536497,0.00017431,0.01071144,0.02083380,0.00000000,26.87362678,26.77254316,31.73534530,31.71321656,0.01355351,-0.77011427,1.52701916,0.00000000,-0.77297953,1.50050035,4.46029394,0.00000000
1.44000000,STAND,-0.00003179,-0.00396909,0.00006923,-0.00723013,0.00001525,0.31508299,-0.01536695,0.00017431,0.01071293,0.02083393,0.00000000,26.86867580,26.76758737,31.74136722,31.71924338,0.01355590,-0.77010708,1.52701924,0.00000000,-0.77297953,1.50050035,4.46144825,0.00000000
1.45000000,STAND,-0.00003179,-0.00397266,0.00006923,-0.00723302,0.00001525,0.31508225,-0.01536960,0.00017431,0.01071483,0.02083410,0.00000000,26.86329824,26.76220567,31.74784645,31.72572898,0.01355803,-0.77009892,1.52701920,0.00000000,-0.77297953,1.50050035,4.46270411,0.00000000
1.46000000,STAND,-0.00003179,-0.00397693,0.00006924,-0.00723649,0.00001525,0.31508145,-0.01537281,0.00017431,0.01071708,0.02083430,0.00000000,26.85762219,26.75652618,31.75463245,31.73252264,0.01355990,-0.77009002,1.52701906,0.00000000,-0.77297953,1.50050035,4.46403182,0.00000000
1.47000000,STAND,-0.00003179,-0.00398176,0.00006924,-0.00724044,0.00001525,0.31508061,-0.01537648,0.00017431,0.01071961,0.02083451,0.00000000,26.85177242,26.75067368,31.76157939,31.73947830,0.01356149,-0.77008058,1.52701882,0.00000000,-0.77297953,1.50050035,4.46540234,0.00000000
1.48000000,STAND,-0.00003178,-0.00398705,0.00006925,-0.00724477,0.00001525,0.31507974,-0.01538053,0.00017431,0.01072235,0.02083475,0.00000000,26.84586837,26.74476760,31.76854846,31.74645690,0.01356283,-0.77007084,1.52701849,0.00000000,-0.77297953,1.50050035,4.46678787,0.00000000
1.49000000,STAND,-0.00003178,-0.00399267,0.00006925,-0.00724936,0.00001525,0.31507886,-0.01538485,0.00017431,0.01072525,0.02083499,0.00000000,26.84002225,26.73892013,31.77540995,31.75332850,0.01356392,-0.77006099,1.52701808,0.00000000,-0.77297953,1.50050035,4.46816218,0.00000000
1.50000000,STAND,-0.00003178,-0.00399848,0.00006926,-0.00725412,0.00001524,0.31507798,-0.01538934,0.00017431,0.01072824,0.02083523,0.00000000,26.83433753,26.73323467,31.78204504,31.75997402,0.01356477,-0.77005122,1.52701759,0.00000000,-0.77297953,1.50050035,4.46950108,0.00000000
1.51000000,STAND,-0.00003178,-0.00400438,0.00006926,-0.00725895,0.00001524,0.31507711,-0.01539391,0.00017431,0.01073126,0.02083548,0.00000022,26.82890758,26.72780455,31.78834718,31.76628669,0.01356539,-0.77004172,1.52701705,0.00000000,-0.77297953,1.50050035,4.47078265,0.00000000
1.52000000,STAND,-0.00003178,-0.00401026,0.00006927,-0.00726377,0.00001524,0.31507628,-0.01539848,0.00017431,0.01073426,0.02083573,0.00000047,26.82381470,26.72271198,31.79422326,31.77217319,0.01356582,-0.77003264,1.52701646,0.00000000,-0.77297953,1.50050035,4.47198751,0.00000000
1.53000000,STAND,-0.00003177,-0.00401600,0.00006927,-0.00726847,0.00001524,0.31507549,-0.01540295,0.00017431,0.01073718,0.02083596,0.00000070,26.81912931,26.71802732,31.79959442,31.77755442,0.01356605,-0.77002413,1.52701583,0.00000000,-0.77297953,1.50050035,4.47309906,0.00000000
1.54000000,STAND,-0.00003177,-0.00402153,0.00006928,-0.00727298,0.00001524,0.31507475,-0.01540726,0.00017431,0.01073997,0.02083618,0.00000092,26.81490953,26.71380861,31.80439644,31.78236601,0.01356613,-0.77001631,1.52701518,0.00000000,-0.77297953,1.50050035,4.47410348,0.00000000
1.55000000,STAND,-0.00003177,-0.00402675,0.00006928,-0.00727724,0.00001524,0.31507407,-0.01541134,0.00017431,0.01074260,0.02083639,0.00000113,26.81120089,26.71010131,31.80858001,31.78655846,0.01356607,-0.77000927,1.52701452,0.00000000,-0.77297953,1.50050035,4.47498991,0.00000000
1.56000000,STAND,-0.00003177,-0.00403159,0.00006929,-0.00728119,0.00001524,0.31507346,-0.01541512,0.00017430,0.01074503,0.02083658,0.00000132,26.80803643,26.70693838,31.81211056,31.79009708,0.01356588,-0.77000310,1.52701385,0.00000000,-0.77297953,1.50050035,4.47575039,0.00000000
1.57000000,STAND,-0.00003176,-0.00403599,0.00006929,-0.00728477,0.00001524,0.31507292,-0.01541857,0.00017430,0.01074722,0.02083675,0.00000149,26.80543689,26.70434051,31.81496793,31.79296158,0.01356561,-0.76999786,1.52701320,0.00000000,-0.77297953,1.50050035,4.47637979,0.00000000
1.58000000,STAND,-0.00003176,-0.00403991,0.00006930,-0.00728794,0.00001523,0.31507246,-0.01542164,0.00017430,0.01074916,0.02083690,0.00000164,26.80341122,26.70231657,31.81714571,31.79514547,0.01356526,-0.76999357,1.52701256,0.00000000,-0.77297953,1.50050035,4.47687575,0.00000000
1.59000000,STAND,-0.00003176,-0.00404330,0.00006930,-0.00729068,0.00001523,0.31507208,-0.01542429,0.00017430,0.01075083,0.02083702,0.00000176,26.80195718,26.70086428,31.81865043,31.79665525,0.01356486,-0.76999027,1.52701194,0.00000000,-0.77297953,1.50050035,4.47723854,0.00000000
1.60000000,STAND,-0.00003176,-0.00404615,0.00006930,-0.00729297,0.00001523,0.31507177,-0.01542653,0.00017430,0.01075221,0.02083712,0.00000186,26.80106221,26.69997103,31.81950058,31.79750934,0.01356443,-0.76998793,1.52701136,0.00000000,-0.77297953,1.50050035,4.47747082,0.00000000
1.61000000,STAND,-0.00003175,-0.00404844,0.00006931,-0.00729479,0.00001523,0.31507155,-0.01542832,0.00017430,0.01075331,0.02083719,0.00000193,26.80070430,26.69961479,31.81972541,31.79773702,0.01356399,-0.76998655,1.52701082,0.00000000,-0.77297953,1.50050035,4.47757749,0.00000000
1.62000000,STAND,-0.00003175,-0.00405017,0.00006931,-0.00729614,0.00001523,0.31507140,-0.01542967,0.00017430,0.01075412,0.02083725,0.00000199,26.80085310,26.69976518,31.81936368,31.79737705,0.01356356,-0.76998609,1.52701033,0.00000000,-0.77297953,1.50050035,4.47756541,0.00000000
1.63000000,STAND,-0.00003175,-0.00405135,0.00006931,-0.00729704,0.00001523,0.31507132,-0.01543058,0.00017430,0.01075464,0.02083727,0.00000201,26.80147101,26.70038457,31.81846229,31.79647638,0.01356315,-0.76998649,1.52700988,0.00000000,-0.77297953,1.50050035,4.47744313,0.00000000
1.64000000,STAND,-0.00003175,-0.00405199,0.00006931,-0.00729749,0.00001523,0.31507131,-0.01543108,0.00017429,0.01075490,0.02083728,0.00000202,26.80251441,26.70142934,31.81707484,31.79508867,0.01356278,-0.76998769,1.52700949,0.00000000,-0.77297953,1.50050035,4.47722068,0.00000000
1.65000000,STAND,-0.00003175,-0.00405213,0.00006931,-0.00729753,0.00001523,0.31507136,-0.01543117,0.00017429,0.01075489,0.02083727,0.00000201,26.80393483,26.70285101,31.81526023,31.79327288,0.01356247,-0.76998961,1.52700916,0.00000000,-0.77297953,1.50050035,4.47690918,0.00000000
1.66000000,STAND,-0.00003174,-0.00405180,0.00006931,-0.00729717,0.00001523,0.31507147,-0.01543089,0.00017429,0.01075465,0.02083723,0.00000197,26.80568020,26.70459750,31.81308114,31.79109180,0.01356221,-0.76999218,1.52700888,0.00000000,-0.77297953,1.50050035,4.47652068,0.00000000
1.67000000,STAND,-0.00003174,-0.00405103,0.00006931,-0.00729646,0.00001522,0.31507162,-0.01543026,0.00017429,0.01075419,0.02083718,0.00000192,26.80769603,26.70661434,31.81060268,31.78861064,0.01356202,-0.76999531,1.52700865,0.00000000,-0.77297953,1.50050035,4.47606777,0.00000000
1.68000000,STAND,-0.00003174,-0.00404988,0.00006931,-0.00729543,0.00001522,0.31507182,-0.01542933,0.00017429,0.01075354,0.02083712,0.00000186,26.80992662,26.70884583,31.80789102,31.78589565,0.01356191,-0.76999889,1.52700848,0.00000000,-0.77297953,1.50050035,4.47556337,0.00000000
1.69000000,STAND,-0.00003174,-0.00404840,0.00006931,-0.00729412,0.00001522,0.31507206,-0.01542813,0.00017429,0.01075272,0.02083704,0.00000178,26.81231613,26.71123613,31.80501205,31.78301287,0.01356187,-0.77000284,1.52700836,0.00000000,-0.77297953,1.50050035,4.47502047,0.00000000
1.70000000,STAND,-0.00003174,-0.00404662,0.00006931,-0.00729258,0.00001522,0.31507232,-0.01542670,0.00017429,0.01075176,0.02083695,0.00000169,26.81480961,26.71373032,31.80203024,31.78002686,0.01356192,-0.77000706,1.52700830,0.00000000,-0.77297953,1.50050035,4.47445186,0.00000000
1.71000000,STAND,-0.00003174,-0.00404462,0.00006931,-0.00729085,0.00001522,0.31507260,-0.01542509,0.00017429,0.01075069,0.02083685,0.00000159,26.81735398,26.71627532,31.79900752,31.77699966,0.01356204,-0.77001146,1.52700827,0.00000000,-0.77297953,1.50050035,4.47386992,0.00000000
1.72000000,STAND,-0.00003174,-0.00404245,0.00006931,-0.00728898,0.00001522,0.31507290,-0.01542333,0.00017429,0.01074954,0.02083675,0.00000149,26.81989887,26.71882076,31.79600234,31.77398984,0.01356225,-0.77001595,1.52700830,0.00000000,-0.77297953,1.50050035,4.47328641,0.00000000
1.73000000,STAND,-0.00003174,-0.00404015,0.00006930,-0.00728701,0.00001522,0.31507320,-0.01542147,0.00017429,0.01074833,0.02083664,0.00000138,26.82239733,26.72131972,31.79306879,31.77105160,0.01356252,-0.77002043,1.52700835,0.00000000,-0.77297953,1.50050035,4.47271234,0.00000000
1.74000000,STAND,-0.00003174,-0.00403778,0.00006930,-0.00728498,0.00001522,0.31507350,-0.01541956,0.00017429,0.01074709,0.02083654,0.00000128,26.82480651,26.72372934,31.79025596,31.76823411,0.01356287,-0.77002483,1.52700845,0.00000000,-0.77297953,1.50050035,4.47215776,0.00000000
1.75000000,STAND,-0.00003174,-0.00403539,0.00006930,-0.00728294,0.00001522,0.31507379,-0.01541763,0.00017429,0.01074584,0.02083643,0.00000117,26.82708812,26.72601135,31.78760735,31.76558097,0.01356328,-0.77002908,1.52700857,0.00000000,-0.77297953,1.50050035,4.47163167,0.00000000
1.76000000,STAND,-0.00003174,-0.00403302,0.00006930,-0.00728093,0.00001522,0.31507407,-0.01541572,0.00017429,0.01074462,0.02083633,0.00000107,26.82920885,26.72813244,31.78516043,31.76312972,0.01356375,-0.77003310,1.52700871,0.00000000,-0.77297953,1.50050035,4.47114194,0.00000000
1.77000000,STAND,-0.00003174,-0.00403073,0.00006929,-0.00727898,0.00001522,0.31507434,-0.01541386,0.00017429,0.01074343,0.02083623,0.00000097,26.83114064,26.73006456,31.78294641,31.76091166,0.01356427,-0.77003685,1.52700887,0.00000000,-0.77297953,1.50050035,4.47069522,0.00000000
1.78000000,STAND,-0.00003174,-0.00402855,0.00006929,-0.00727712,0.00001522,0.31507458,-0.01541208,0.00017429,0.01074231,0.02083613,0.00000087,26.83286083,26.73178504,31.78099008,31.75895161,0.01356483,-0.77004027,1.52700904,0.00000000,-0.77297953,1.50050035,4.47029689,0.00000000
1.79000000,STAND,-0.00003174,-0.00402651,0.00006929,-0.00727538,0.00001523,0.31507480,-0.01541042,0.00017429,0.01074126,0.02083605,0.00000079,26.83435220,26.73327667,31.77930977,31.75726797,0.01356542,-0.77004333,1.52700922,0.00000000,-0.77297953,1.50050035,4.46995109,0.00000000
1.80000000,STAND,-0.00003174,-0.00402463,0.00006929,-0.00727379,0.00001523,0.31507499,-0.01540889,0.00017429,0.01074031,0.02083597,0.00000071,26.83560294,26.73452763,31.77791749,31.75587277,0.01356603,-0.77004599,1.52700940,0.00000000,-0.77297953,1.50050035,4.46966070,0.00000000
1.81000000,STAND,-0.00003174,-0.00402296,0.00006928,-0.00727236,0.00001523,0.31507515,-0.01540751,0.00017429,0.01073946,0.02083590,0.00000064,26.83660647,26.73553135,31.77681912,31.75477192,0.01356666,-0.77004824,1.52700958,0.00000000,-0.77297953,1.50050035,4.46942739,0.00000000
1.82000000,STAND,-0.00003174,-0.00402150,0.00006928,-0.00727112,0.00001523,0.31507528,-0.01540630,0.00017429,0.01073872,0.02083584,0.00000058,26.83736120,26.73628624,31.77601473,31.75396550,0.01356730,-0.77005006,1.52700975,0.00000000,-0.77297953,1.50050035,4.46925162,0.00000000
1.83000000,STAND,-0.00003174,-0.00402027,0.00006928,-0.00727007,0.00001523,0.31507537,-0.01540528,0.00017429,0.01073810,0.02083579,0.00000054,26.83787026,26.73679543,31.77549899,31.75344819,0.01356793,-0.77005146,1.52700991,0.00000000,-0.77297953,1.50050035,4.46913282,0.00000000
1.84000000,STAND,-0.00003174,-0.00401927,0.00006928,-0.00726921,0.00001523,0.31507544,-0.01540444,0.00017429,0.01073761,0.02083576,0.00000050,26.83814106,26.73706632,31.77526161,31.75320969,0.01356855,-0.77005243,1.52701006,0.00000000,-0.77297953,1.50050035,4.46906935,0.00000000
1.85000000,STAND,-0.00003174,-0.00401851,0.00006928,-0.00726856,0.00001523,0.31507547,-0.01540379,0.00017429,0.01073723,0.02083573,0.00000047,26.83818492,26.73711023,31.77528788,31.75323528,0.01356915,-0.77005298,1.52701020,0.00000000,-0.77297953,1.50050035,4.46905870,0.00000000
1.86000000,STAND,-0.00003174,-0.00401799,0.00006928,-0.00726810,0.00001523,0.31507547,-0.01540333,0.00017429,0.01073698,0.02083571,0.00000045,26.83801654,26.73694186,31.77555927,31.75350640,0.01356973,-0.77005315,1.52701032,0.00000000,-0.77297953,1.50050035,4.46909753,0.00000000
1.87000000,STAND,-0.00003174,-0.00401770,0.00006927,-0.00726784,0.00001523,0.31507545,-0.01540306,0.00017429,0.01073685,0.02083570,0.00000044,26.83765352,26.73657882,31.77605399,31.75400124,0.01357028,-0.77005295,1.52701041,0.00000000,-0.77297953,1.50050035,4.46918183,0.00000000
1.88000000,STAND,-0.00003174,-0.00401763,0.00006927,-0.00726777,0.00001523,0.31507540,-0.01540296,0.00017429,0.01073683,0.02083571,0.00000045,26.83711584,26.73604108,31.77674764,31.75469538,0.01357079,-0.77005241,1.52701049,0.00000000,-0.77297953,1.50050035,4.46930704,0.00000000
1.89000000,STAND,-0.00003174,-0.00401778,0.00006927,-0.00726787,0.00001523,0.31507532,-0.01540303,0.00017429,0.01073692,0.02083572,0.00000046,26.83642534,26.73535049,31.77761385,31.75556238,0.01357126,-0.77005157,1.52701055,0.00000000,-0.77297953,1.50050035,4.46946812,0.00000000
1.90000000,STAND,-0.00003174,-0.00401811,0.00006927,-0.00726813,0.00001523,0.31507522,-0.01540326,0.00017429,0.01073711,0.02083574,0.00000048,26.83560517,26.73453019,31.77862485,31.75657446,0.01357169,-0.77005046,1.52701058,0.00000000,-0.77297953,1.50050035,4.46965975,0.00000000
1.91000000,STAND,-0.00003173,-0.00401862,0.00006927,-0.00726854,0.00001523,0.31507511,-0.01540362,0.00017429,0.01073738,0.02083576,0.00000050,26.83467926,26.73360412,31.77975213,31.75770306,0.01357207,-0.77004913,1.52701059,0.00000000,-0.77297953,1.50050035,4.46987638,0.00000000
1.92000000,STAND,-0.00003173,-0.00401928,0.00006927,-0.00726908,0.00001523,0.31507498,-0.01540412,0.00017429,0.01073773,0.02083579,0.00000053,26.83367187,26.73259656,31.78096701,31.75891945,0.01357241,-0.77004761,1.52701058,0.00000000,-0.77297953,1.50050035,4.47011239,0.00000000
1.93000000,STAND,-0.00003173,-0.00402008,0.00006927,-0.00726973,0.00001523,0.31507484,-0.01540471,0.00017429,0.01073815,0.02083583,0.00000057,26.83260710,26.73153158,31.78224112,31.76019523,0.01357270,-0.77004595,1.52701055,0.00000000,-0.77297953,1.50050035,4.47036220,0.00000000
1.94000000,STAND,-0.00003173,-0.00402098,0.00006927,-0.00727046,0.00001523,0.31507469,-0.01540540,0.00017429,0.01073862,0.02083587,0.00000061,26.83150842,26.73043269,31.78354699,31.76150287,0.01357294,-0.77004419,1.52701051,0.00000000,-0.77297953,1.50050035,4.47062034,0.00000000
1.95000000,STAND,-0.00003173,-0.00402198,0.00006928,-0.00727127,0.00001523,0.31507453,-0.01540616,0.00017429,0.01073913,0.02083591,0.00000065,26.83039836,26.72932241,31.78485842,31.76281613,0.01357314,-0.77004237,1.52701044,0.00000000,-0.77297953,1.50050035,4.47088156,0.00000000
1.96000000,STAND,-0.00003173,-0.00402303,0.00006928,-0.00727214,0.00001523,0.31507437,-0.01540697,0.00017429,0.01073968,0.02083596,0.00000070,26.82929808,26.72822191,31.78615091,31.76411049,0.01357329,-0.77004052,1.52701036,0.00000000,-0.77297953,1.50050035,4.47114091,0.00000000
1.97000000,STAND,-0.00003173,-0.00402412,0.00006928,-0.00727303,0.00001523,0.31507421,-0.01540781,0.00017429,0.01074024,0.02083600,0.00000074,26.82822713,26.72715074,31.78740200,31.76536343,0.01357340,-0.77003869,1.52701027,0.00000000,-0.77297953,1.50050035,4.47139382,0.00000000
1.98000000,STAND,-0.00003173,-0.00402523,0.00006928,-0.00727394,0.00001523,0.31507405,-0.01540867,0.00017429,0.01074080,0.02083605,0.00000079,26.82720317,26.72612658,31.78859151,31.76655475,0.01357347,-0.77003691,1.52701016,0.00000000,-0.77297953,1.50050035,4.47163614,0.00000000
1.99000000,STAND,-0.00003173,-0.00402634,0.00006928,-0.00727484,0.00001523,0.31507390,-0.01540953,0.00017429,0.01074136,0.02083610,0.00000084,26.82624178,26.72516500,31.78970178,31.76766677,0.01357350,-0.77003520,1.52701005,0.00000000,-0.77297953,1.50050035,4.47186421,0.00000000
2.00000000,STAND,-0.00003173,-0.00402742,0.00006928,-0.00727573,0.00001522,0.31507376,-0.01541037,0.00017429,0.01074191,0.02083614,0.00000088,26.82535634,26.72427940,31.79071784,31.76868446,0.01357350,-0.77003360,1.52700993,0.00000000,-0.77297953,1.50050035,4.47207487,0.00000000
2.01000000,SHIFT_WEIGHT,-0.00002654,-0.00356646,0.00006957,-0.00727233,0.00001498,0.31506917,-0.01540851,0.00017411,0.01074594,0.02086315,0.00002789,24.83151497,24.69747667,32.92335176,32.86997028,0.01353873,-0.77009687,1.52786056,0.00000042,-0.77503369,1.50442910,4.68202164,0.00000001
2.02000000,SHIFT_WEIGHT,-0.00002231,-0.00292292,0.00007017,-0.00724883,0.00001439,0.31505011,-0.01538991,0.00017358,0.01073108,0.02088440,0.00004914,26.37280754,26.25872098,31.93571153,31.90349904,0.01350113,-0.77020944,1.52895401,0.00000399,-0.77465720,1.50371605,4.58465635,0.00000001
2.03000000,SHIFT_WEIGHT,-0.00001894,-0.00251781,0.00007079,-0.00720488,0.00001374,0.31502604,-0.01535189,0.00017297,0.01069721,0.02087803,0.00004277,26.94333407,26.85396134,31.96407947,31.95683666,0.01348678,-0.77035879,1.52958863,0.00001405,-0.77439882,1.50324124,4.57222531,0.00000000
2.04000000,SHIFT_WEIGHT,-0.00001409,-0.00233054,0.00007103,-0.00714672,0.00001332,0.31500775,-0.01529938,0.00017253,0.01065508,0.02086173,0.00002647,27.08580958,27.03592870,32.12210842,32.15274327,0.01348982,-0.77054021,1.52984504,0.00003382,-0.77425224,1.50299877,4.56887640,0.00000000
2.05000000,SHIFT_WEIGHT,-0.00000659,-0.00226158,0.00007032,-0.00708026,0.00001349,0.31500089,-0.01523789,0.00017259,0.01061082,0.02084675,0.00001149,27.05758556,27.06464118,32.15903187,32.24228296,0.01350463,-0.77072692,1.52988353,0.00006640,-0.77415712,1.50287918,4.55729882,0.00000000
2.06000000,SHIFT_WEIGHT,0.00000410,-0.00223274,0.00006803,-0.00700969,0.00001475,0.31500633,-0.01517162,0.00017361,0.01056719,0.02083636,0.00000110,26.98469561,27.06663413,32.04832072,32.19879861,0.01352916,-0.77089330,1.52981500,0.00011473,-0.77406287,1.50279136,4.53478523,0.00000000
2.07000000,SHIFT_WEIGHT,0.00001818,-0.00220396,0.00006360,-0.00693775,0.00001775,0.31502201,-0.01510342,0.00017619,0.01052556,0.02082989,-0.00000537,26.91923261,27.09313294,31.84000033,32.07107608,0.01356414,-0.77102525,1.52969684,0.00018162,-0.77394074,1.50268573,4.50571570,0.00000000
2.08000000,SHIFT_WEIGHT,0.00003560,-0.00216237,0.00005654,-0.00686644,0.00002328,0.31504466,-0.01503534,0.00018107,0.01048704,0.02082565,-0.00000961,26.87747053,27.15840228,31.59055420,31.91351121,0.01361204,-0.77111840,1.52955369,0.00026976,-0.77377844,1.50254391,4.47471383,0.00000000
2.09000000,SHIFT_WEIGHT,0.00005607,-0.00210822,0.00004653,-0.00679755,0.00003225,0.31507102,-0.01496919,0.00018908,0.01045304,0.02082212,-0.00001314,26.86181522,27.26189440,31.33835573,31.76176024,0.01367623,-0.77117259,1.52939508,0.00038170,-0.77357200,1.50236319,4.44489022,0.00000000
2.10000000,SHIFT_WEIGHT,0.00007917,-0.00204553,0.00003346,-0.00673294,0.00004569,0.31509845,-0.01490677,0.00020117,0.01042526,0.02081833,-0.00001693,26.87020818,27.39789446,31.10248040,31.63178886,0.01376047,-0.77118765,1.52922471,0.00051985,-0.77332027,1.50214598,4.41776974,0.00000000
2.11000000,SHIFT_WEIGHT,0.00010429,-0.00197815,0.00001741,-0.00667460,0.00006466,0.31512512,-0.01484997,0.00021836,0.01040567,0.02081377,-0.00002149,26.89883521,27.55850042,30.88934048,31.52674396,0.01386860,-0.77116144,1.52904375,0.00068652,-0.77302236,1.50189493,4.39380016,0.00000000
2.12000000,SHIFT_WEIGHT,0.00013075,-0.00190882,-0.00000130,-0.00662464,0.00009031,0.31515002,-0.01480079,0.00024171,0.01039634,0.02080828,-0.00002698,26.94260713,27.73437567,30.69928526,31.44376561,0.01400435,-0.77108968,1.52885139,0.00088386,-0.77267699,1.50161179,4.37287628,0.00000000
2.13000000,SHIFT_WEIGHT,0.00015785,-0.00183952,-0.00002216,-0.00658521,0.00012378,0.31517277,-0.01476126,0.00027229,0.01039935,0.02080195,-0.00003331,26.99554031,27.91537815,30.53075922,31.37831621,0.01417120,-0.77096658,1.52864494,0.00111393,-0.77228266,1.50129753,4.35469390,0.00000000
2.14000000,SHIFT_WEIGHT,0.00018484,-0.00177192,-0.00004448,-0.00655839,0.00016620,0.31519346,-0.01473335,0.00031117,0.01041674,0.02079500,-0.00004026,27.05150362,28.09151790,30.38222120,31.32622409,0.01437234,-0.77078575,1.52842019,0.00137864,-0.77183781,1.50095285,4.33893638,0.00000001
2.15000000,SHIFT_WEIGHT,0.00021106,-0.00170753,-0.00006743,-0.00654614,0.00021866,0.31521240,-0.01471892,0.00035938,0.01045041,0.02078776,-0.00004750,27.10508452,28.25398819,30.25272691,31.28434522,0.01461061,-0.77054094,1.52817211,0.00167980,-0.77134096,1.50057835,4.32535143,0.00000001
2.16000000,SHIFT_WEIGHT,0.00023588,-0.00164777,-0.00009011,-0.00655028,0.00028221,0.31523005,-0.01471971,0.00041791,0.01050209,0.02078058,-0.00005468,27.15224169,28.39593513,30.14192423,31.25059723,0.01488852,-0.77022648,1.52789560,0.00201910,-0.77079070,1.50017450,4.31377012,0.00000001
2.17000000,SHIFT_WEIGHT,0.00025879,-0.00159385,-0.00011158,-0.00657241,0.00035779,0.31524682,-0.01473723,0.00048765,0.01057334,0.02077378,-0.00006148,27.19057706,28.51279936,30.04987244,31.22378341,0.01520819,-0.76983763,1.52758609,0.00239809,-0.77018560,1.49974158,4.30409969,0.00000001
2.18000000,SHIFT_WEIGHT,0.00027936,-0.00154669,-0.00013095,-0.00661392,0.00044629,0.31526305,-0.01477284,0.00056945,0.01066550,0.02076765,-0.00006761,27.21924133,28.60224662,29.97684643,31.20337452,0.01557146,-0.76937057,1.52723991,0.00281824,-0.76952418,1.49927949,4.29630528,0.00000001
2.19000000,SHIFT_WEIGHT,0.00029729,-0.00150687,-0.00014738,-0.00667596,0.00054848,0.31527899,-0.01482763,0.00066403,0.01077973,0.02076240,-0.00007286,27.23859189,28.66381108,29.92316560,31.18929491,0.01597987,-0.76882247,1.52685436,0.00328089,-0.76880488,1.49878775,4.29038751,0.00000001
2.20000000,SHIFT_WEIGHT,0.00031238,-0.00147471,-0.00016018,-0.00675946,0.00066503,0.31529476,-0.01490252,0.00077205,0.01091693,0.02075818,-0.00007708,27.24974761,28.69840203,29.88905087,31.18172284,0.01643466,-0.76819130,1.52642758,0.00378726,-0.76802603,1.49826552,4.28635989,0.00000001
2.21000000,SHIFT_WEIGHT,0.00032454,-0.00145026,-0.00016878,-0.00686511,0.00079653,0.31531041,-0.01499819,0.00089406,0.01107786,0.02075504,-0.00008022,27.25416015,28.70780080,29.87451208,31.18091317,0.01693688,-0.76747575,1.52595840,0.00433848,-0.76718593,1.49771162,4.28422848,0.00000001
2.22000000,SHIFT_WEIGHT,0.00033376,-0.00143339,-0.00017277,-0.00699342,0.00094345,0.31532594,-0.01511516,0.00103053,0.01126303,0.02075301,-0.00008225,27.25327659,28.69423058,29.87927183,31.18705355,0.01748731,-0.76667506,1.52544607,0.00493556,-0.76628287,1.49712465,4.28397623,0.00000001
2.23000000,SHIFT_WEIGHT,0.00034013,-0.00142385,-0.00017191,-0.00714470,0.00110619,0.31534132,-0.01525371,0.00118184,0.01147285,0.02075205,-0.00008321,27.24832392,28.66003747,29.90273090,31.20016365,0.01808655,-0.76578889,1.52489002,0.00557941,-0.76531513,1.49650302,4.28555294,0.00000001
2.24000000,SHIFT_WEIGHT,0.00034378,-0.00142131,-0.00016611,-0.00731907,0.00128508,0.31535654,-0.01541402,0.00134829,0.01170751,0.02075209,-0.00008317,27.24021263,28.60748724,29.94397530,31.22004047,0.01873503,-0.76481721,1.52428972,0.00627083,-0.76428106,1.49584505,4.28887094,0.00000001
2.25000000,SHIFT_WEIGHT,0.00034489,-0.00142538,-0.00015543,-0.00751652,0.00148035,0.31537160,-0.01559607,0.00153013,0.01196713,0.02075306,-0.00008220,27.22953599,28.53866067,30.00181842,31.24624573,0.01943302,-0.76376021,1.52364457,0.00701051,-0.76317911,1.49514900,4.29380594,0.00000001
2.26000000,SHIFT_WEIGHT,0.00034369,-0.00143566,-0.00014004,-0.00773690,0.00169219,0.31538655,-0.01579974,0.00172753,0.01225169,0.02075487,-0.00008039,27.21663282,28.45542059,30.07486753,31.27812594,0.02018064,-0.76261824,1.52295381,0.00779906,-0.76200779,1.49441312,4.30020155,0.00000001
2.27000000,SHIFT_WEIGHT,0.00034038,-0.00145172,-0.00012021,-0.00797994,0.00192074,0.31540144,-0.01602479,0.00194065,0.01256106,0.02075745,-0.00007781,27.20168151,28.35942243,30.16160246,31.31485345,0.02097793,-0.76139177,1.52221652,0.00863697,-0.76076576,1.49363568,4.30787617,0.00000001
2.28000000,SHIFT_WEIGHT,0.00033519,-0.00147313,-0.00009626,-0.00824529,0.00216609,0.31541640,-0.01627089,0.00216957,0.01289508,0.02076070,-0.00007456,27.18479848,28.25214387,30.26045508,31.35547755,0.02182482,-0.76008135,1.52143166,0.00952465,-0.75945177,1.49281498,4.31663082,0.00000002
2.29000000,SHIFT_WEIGHT,0.00032833,-0.00149944,-0.00006855,-0.00853251,0.00242832,0.31543153,-0.01653762,0.00241436,0.01325348,0.02076457,-0.00007069,27.16612196,28.13491646,30.36988118,31.39897646,0.02272120,-0.75868763,1.52059806,0.01046238,-0.75806471,1.49194939,4.32625698,0.00000002
2.30000000,SHIFT_WEIGHT,0.00031997,-0.00153020,-0.00003744,-0.00884110,0.00270746,0.31544699,-0.01682453,0.00267507,0.01363599,0.02076897,-0.00006629,27.14587064,28.00894872,30.48841945,31.44430459,0.02366693,-0.75721130,1.51971449,0.01145040,-0.75660360,1.49103732,4.33654370,0.00000002
2.31000000,SHIFT_WEIGHT,0.00031027,-0.00156496,-0.00000328,-0.00917054,0.00300354,0.31546291,-0.01713110,0.00295172,0.01404227,0.02077385,-0.00006141,27.12437379,27.87533716,30.61473526,31.49043174,0.02466182,-0.75565310,1.51877967,0.01248880,-0.75506760,1.49007728,4.34728375,0.00000002
2.32000000,SHIFT_WEIGHT,0.00029934,-0.00160329,0.00003365,-0.00952026,0.00331658,0.31547944,-0.01745680,0.00324434,0.01447199,0.02077915,-0.00005611,27.10207495,27.73506595,30.74764954,31.53637358,0.02570572,-0.75401381,1.51779233,0.01357763,-0.75345600,1.48906786,4.35827853,0.00000002
2.33000000,SHIFT_WEIGHT,0.00028724,-0.00164474,0.00007309,-0.00988969,0.00364657,0.31549670,-0.01780108,0.00355291,0.01492479,0.02078482,-0.00005044,27.07951478,27.58899879,30.88615452,31.58121429,0.02679843,-0.75229424,1.51675121,0.01471681,-0.75176825,1.48800773,4.36934212,0.00000002
2.34000000,SHIFT_WEIGHT,0.00027403,-0.00168890,0.00011487,-0.01027826,0.00399352,0.31551480,-0.01816340,0.00387744,0.01540032,0.02079082,-0.00004444,27.05729977,27.43786779,31.02941876,31.62412262,0.02793979,-0.75049519,1.51565509,0.01590621,-0.75000393,1.48689569,4.38030432,0.00000002
2.35000000,SHIFT_WEIGHT,0.00025970,-0.00173540,0.00015886,-0.01068542,0.00435742,0.31553385,-0.01854322,0.00421792,0.01589823,0.02079709,-0.00003817,27.03606410,27.28226363,31.17678444,31.66436328,0.02912963,-0.74861748,1.51450280,0.01714558,-0.74816276,1.48573065,4.39101311,0.00000002
2.36000000,SHIFT_WEIGHT,0.00024422,-0.00178390,0.00020504,-0.01111065,0.00473824,0.31555393,-0.01894004,0.00457432,0.01641819,0.02080362,-0.00003164,27.01643021,27.12263031,31.32775922,31.70130499,0.03036777,-0.74666190,1.51329322,0.01843463,-0.74624463,1.48451164,4.40133648,0.00000002
2.37000000,SHIFT_WEIGHT,0.00022754,-0.00183408,0.00025340,-0.01155346,0.00513596,0.31557511,-0.01935338,0.00494662,0.01695987,0.02081037,-0.00002489,26.99897277,26.95926637,31.48200469,31.73442622,0.03165402,-0.74462922,1.51202530,0.01977296,-0.74424956,1.48323779,4.41116386,0.00000003
2.38000000,SHIFT_WEIGHT,0.00020958,-0.00188572,0.00030402,-0.01201339,0.00555053,0.31559742,-0.01978280,0.00533478,0.01752297,0.02081732,-0.00001794,26.98418876,26.79233285,31.63932299,31.76331924,0.03298814,-0.74252017,1.51069806,0.02116010,-0.74217771,1.48190837,4.42564985,0.00000003
2.39000000,SHIFT_WEIGHT,0.00019025,-0.00193861,0.00035700,-0.01249004,0.00598191,0.31562091,-0.02022791,0.00573874,0.01810720,0.02082445,-0.00001081,26.97247510,26.62186744,31.79964236,31.78769242,0.03436987,-0.74033546,1.50931060,0.02259550,-0.74002939,1.48052278,4.45492987,0.00000003
2.40000000,SHIFT_WEIGHT,0.00016947,-0.00199260,0.00041249,-0.01298305,0.00643002,0.31564558,-0.02068835,0.00615844,0.01871229,0.02083175,-0.00000351,26.96411411,26.44780308,31.96300242,31.80737084,0.03579889,-0.73807574,1.50786213,0.02407856,-0.73780504,1.47908053,4.48477958,0.00000003
2.41000000,SHIFT_WEIGHT,0.00014712,-0.00204763,0.00047064,-0.01349212,0.00689478,0.31567143,-0.02116383,0.00659378,0.01933799,0.02083922,0.00000396,26.95926620,26.26998932,32.12953917,31.82229471,0.03727481,-0.73574167,1.50635191,0.02560859,-0.73550524,1.47758121,4.51522103,0.00000003
2.42000000,SHIFT_WEIGHT,0.00012311,-0.00210366,0.00053161,-0.01401698,0.00737606,0.31569845,-0.02165408,0.00704466,0.01998407,0.02084685,0.00001159,26.95796907,26.08821441,32.29947019,31.83251551,0.03879713,-0.73333383,1.50477937,0.02718484,-0.73313068,1.47602458,4.54629394,0.00000003
2.43000000,SHIFT_WEIGHT,0.00009735,-0.00216070,0.00059556,-0.01455744,0.00787373,0.31572660,-0.02215889,0.00751095,0.02065028,0.02085466,0.00001940,26.96014210,25.90222659,32.47307986,31.83818952,0.04036530,-0.73085284,1.50314399,0.02880648,-0.73068218,1.47441043,4.57805293,0.00000003
2.44000000,SHIFT_WEIGHT,0.00006976,-0.00221881,0.00066263,-0.01511330,0.00838764,0.31575584,-0.02267808,0.00799249,0.02133642,0.02086264,0.00002738,26.96559497,25.71175336,32.65070481,31.83956884,0.04197865,-0.72829929,1.50144542,0.03047264,-0.72816068,1.47273870,4.61056458,0.00000003
2.45000000,SHIFT_WEIGHT,0.00004028,-0.00227811,0.00073294,-0.01568443,0.00891758,0.31578611,-0.02321151,0.00848910,0.02204227,0.02087081,0.00003555,26.97403948,25.51651796,32.83271971,31.83699000,0.04363641,-0.72567378,1.49968341,0.03218238,-0.72556720,1.47100939,4.64390469,0.00000004
2.46000000,SHIFT_WEIGHT,0.00000885,-0.00233873,0.00080659,-0.01627073,0.00946335,0.31581735,-0.02375908,0.00900058,0.02276760,0.02087917,0.00004391,26.98510367,25.31625270,33.01952358,31.83086059,0.04533771,-0.72297694,1.49785782,0.03393470,-0.72290289,1.46922257,4.67815539,0.00000004
2.47000000,SHIFT_WEIGHT,-0.00002457,-0.00240083,0.00088363,-0.01687211,0.01002470,0.31584948,-0.02432069,0.00952669,0.02351220,0.02088774,0.00005248,26.99834757,25.11070926,33.21152676,31.82164420,0.04708156,-0.72020943,1.49596865,0.03572855,-0.72016898,1.46737842,4.71340254,0.00000004
2.48000000,SHIFT_WEIGHT,-0.00006000,-0.00246461,0.00096410,-0.01748850,0.01060136,0.31588241,-0.02489627,0.01006718,0.02427583,0.02089652,0.00006126,27.01327987,24.89966615,33.40913865,31.80984454,0.04886688,-0.71737199,1.49401601,0.03756282,-0.71736680,1.46547716,4.74973315,0.00000004
2.49000000,SHIFT_WEIGHT,-0.00009746,-0.00253026,0.00104800,-0.01811984,0.01119301,0.31591604,-0.02548576,0.01062175,0.02505824,0.02090553,0.00007027,27.02937503,24.68293386,33.61275661,31.79598900,0.05069251,-0.71446540,1.49200013,0.03943634,-0.71449777,1.46351911,4.78723303,0.00000004
2.50000000,SHIFT_WEIGHT,-0.00013695,-0.00259802,0.00113531,-0.01876607,0.01179935,0.31595028,-0.02608909,0.01119011,0.02585918,0.02091477,0.00007951,27.04609021,24.46035808,33.82275587,31.78061249,0.05255716,-0.71149053,1.48992131,0.04134792,-0.71156337,1.46150462,4.82598468,0.00000004
2.51000000,SHIFT_WEIGHT,-0.00017846,-0.00266808,0.00122596,-0.01942711,0.01242002,0.31598503,-0.02670619,0.01177192,0.02667835,0.02092426,0.00008900,27.06288165,24.23182159,34.03948079,31.76424202,0.05445948,-0.70844837,1.48777999,0.04329629,-0.70856518,1.45943414,4.86606533,0.00000004
2.52000000,SHIFT_WEIGHT,-0.00022198,-0.00274069,0.00131989,-0.02010288,0.01305465,0.31602017,-0.02733699,0.01236683,0.02751546,0.02093400,0.00009874,27.07921993,23.99724514,34.26323733,31.74738245,0.05639805,-0.70533998,1.48557667,0.04528017,-0.70550486,1.45730815,4.90754534,0.00000004
2.53000000,SHIFT_WEIGHT,-0.00026750,-0.00281604,0.00141701,-0.02079327,0.01370284,0.31605561,-0.02798137,0.01297446,0.02837018,0.02094400,0.00010874,27.09460378,23.75658778,34.49428682,31.73050392,0.05837138,-0.70216656,1.48331194,0.04729820,-0.70238413,1.45512722,4.95048672,0.00000005
2.54000000,SHIFT_WEIGHT,-0.00031499,-0.00289434,0.00151722,-0.02149816,0.01436419,0.31609125,-0.02863922,0.01359444,0.02924213,0.02095425,0.00011899,27.10857207,23.50984670,34.73284104,31.71403112,0.06037790,-0.69892944,1.48098645,0.04934902,-0.69920477,1.45289195,4.99494207,0.00000005
2.55000000,SHIFT_WEIGHT,-0.00036443,-0.00297577,0.00162041,-0.02221737,0.01503827,0.31612697,-0.02931037,0.01422636,0.03013093,0.02096476,0.00012950,27.12071365,23.25705694,34.97905851,31.69833471,0.06241602,-0.69563008,1.47860095,0.05143121,-0.69596865,1.45060303,5.04095359,0.00000005
2.56000000,SHIFT_WEIGHT,-0.00041581,-0.00306050,0.00172646,-0.02295071,0.01572463,0.31616268,-0.02999464,0.01486979,0.03103615,0.02097554,0.00014028,27.13067491,22.99829094,35.23304186,31.68372485,0.06448409,-0.69227006,1.47615622,0.05354330,-0.69267768,1.44826119,5.08855247,0.00000005
2.57000000,SHIFT_WEIGHT,-0.00046911,-0.00314867,0.00183529,-0.02369792,0.01642282,0.31619829,-0.03069180,0.01552430,0.03195733,0.02098658,0.00015132,27.13816500,22.73365794,35.49483640,31.67044709,0.06658044,-0.68885114,1.47365311,0.05568383,-0.68933384,1.44586721,5.13775844,0.00000005
2.58000000,SHIFT_WEIGHT,-0.00052431,-0.00324041,0.00194678,-0.02445872,0.01713238,0.31623371,-0.03140158,0.01618946,0.03289399,0.02099787,0.00016261,27.14295857,22.46330329,35.76442960,31.65868025,0.06870334,-0.68537519,1.47109252,0.05785127,-0.68593917,1.44342195,5.18857957,0.00000005
2.59000000,SHIFT_WEIGHT,-0.00058141,-0.00333580,0.00206084,-0.02523278,0.01785281,0.31626886,-0.03212367,0.01686481,0.03384559,0.02100941,0.00017416,27.14490177,22.18693047,36.04174216,31.64854240,0.07085109,-0.68184422,1.46847537,0.06004408,-0.68249576,1.44092632,5.24101136,0.00000005
2.60000000,SHIFT_WEIGHT,-0.00064036,-0.00343489,0.00217739,-0.02601971,0.01858364,0.31630366,-0.03285771,0.01754989,0.03481157,0.02102112,0.00018586,27.14403151,21.90325423,36.32648495,31.64018170,0.07302190,-0.67826016,1.46580220,0.06226070,-0.67900572,1.43838122,5.29502299,0.00000005
2.61000000,SHIFT_WEIGHT,-0.00070105,-0.00353763,0.00229632,-0.02681908,0.01932436,0.31633802,-0.03360330,0.01824421,0.03579132,0.02103286,0.00019760,27.14063934,21.61284102,36.61825527,31.63377214,0.07521399,-0.67462506,1.46307356,0.06449951,-0.67547114,1.43578746,5.35056730,0.00000006
2.62000000,SHIFT_WEIGHT,-0.00076335,-0.00364390,0.00241752,-0.02763042,0.02007444,0.31637187,-0.03435998,0.01894729,0.03678420,0.02104450,0.00020924,27.13503730,21.31684206,36.91676000,31.62942084,0.07742548,-0.67094127,1.46029046,0.06675891,-0.67189414,1.43314590,5.40760038,0.00000006
2.63000000,SHIFT_WEIGHT,-0.00082723,-0.00375363,0.00254087,-0.02845318,0.02083336,0.31640510,-0.03512728,0.01965863,0.03778952,0.02105598,0.00022072,27.12741558,21.01631031,37.22175475,31.62714479,0.07965450,-0.66721141,1.45745415,0.06903724,-0.66827693,1.43045750,5.46607500,0.00000006
2.64000000,SHIFT_WEIGHT,-0.00089263,-0.00386673,0.00266626,-0.02928681,0.02160057,0.31643766,-0.03590464,0.02037772,0.03880658,0.02106725,0.00023199,27.11782308,20.71208232,37.53296534,31.62684823,0.08189912,-0.66343829,1.45456608,0.07133285,-0.66462179,1.42772340,5.52593447,0.00000006
2.65000000,SHIFT_WEIGHT,-0.00095956,-0.00398314,0.00279358,-0.03013070,0.02237553,0.31646950,-0.03669152,0.02110404,0.03983465,0.02107829,0.00024303,27.10620734,20.40478601,37.85005254,31.62831803,0.08415746,-0.65962482,1.45162776,0.07364408,-0.66093110,1.42494484,5.58711120,0.00000006
2.66000000,SHIFT_WEIGHT,-0.00102803,-0.00410282,0.00292274,-0.03098421,0.02315770,0.31650061,-0.03748730,0.02183709,0.04087297,0.02108910,0.00025384,27.09247266,20.09488872,38.17261229,31.63124197,0.08642764,-0.65577404,1.44864071,0.07596923,-0.65720728,1.42212322,5.64952831,0.00000006
2.67000000,SHIFT_WEIGHT,-0.00109805,-0.00422572,0.00305368,-0.03184668,0.02394653,0.31653096,-0.03829138,0.02257634,0.04192079,0.02109969,0.00026443,27.07653414,19.78275568,38.50019488,31.63524007,0.08870780,-0.65188903,1.44560647,0.07830662,-0.65345283,1.41926000,5.71310272,0.00000006
2.68000000,SHIFT_WEIGHT,-0.00116966,-0.00435177,0.00318637,-0.03271742,0.02474149,0.31656058,-0.03910311,0.02332130,0.04297732,0.02111009,0.00027483,27.05835670,19.46870369,38.83232948,31.63989807,0.09099611,-0.64797290,1.44252661,0.08065455,-0.64967027,1.41635677,5.77774839,0.00000006
2.69000000,SHIFT_WEIGHT,-0.00124289,-0.00448091,0.00332077,-0.03359573,0.02554203,0.31658947,-0.03992181,0.02407143,0.04404177,0.02112031,0.00028505,27.03797598,19.15304156,39.16854584,31.64479583,0.09329077,-0.64402885,1.43940275,0.08301132,-0.64586220,1.41341516,5.84337916,0.00000006
2.70000000,SHIFT_WEIGHT,-0.00131779,-0.00461303,0.00345690,-0.03448089,0.02634761,0.31661766,-0.04074683,0.02482625,0.04511334,0.02113037,0.00029511,27.01550178,18.83609455,39.50838952,31.64952764,0.09559000,-0.64006007,1.43623655,0.08537521,-0.64203121,1.41043692,5.90991065,0.00000006
2.71000000,SHIFT_WEIGHT,-0.00139440,-0.00474804,0.00359477,-0.03537217,0.02715769,0.31664516,-0.04157748,0.02558524,0.04619124,0.02114029,0.00030503,26.99110800,18.51821358,39.85143040,31.65371483,0.09789205,-0.63606981,1.43302978,0.08774452,-0.63817996,1.40742384,5.97726150,0.00000006
2.72000000,SHIFT_WEIGHT,-0.00147276,-0.00488580,0.00373440,-0.03626882,0.02797173,0.31667200,-0.04241304,0.02634788,0.04727463,0.02115008,0.00031482,26.96501371,18.19977298,40.19726559,31.65701229,0.10019517,-0.63206133,1.42978427,0.09011753,-0.63431112,1.40437781,6.04535382,0.00000006
2.73000000,SHIFT_WEIGHT,-0.00155293,-0.00502621,0.00387583,-0.03717011,0.02878918,0.31669819,-0.04325284,0.02711367,0.04836270,0.02115975,0.00032449,26.93746049,17.88116104,40.54551863,31.65911115,0.10249766,-0.62803792,1.42650196,0.09249253,-0.63042739,1.40130077,6.11411339,0.00000006
2.74000000,SHIFT_WEIGHT,-0.00163493,-0.00516911,0.00401909,-0.03807527,0.02960951,0.31672374,-0.04409617,0.02788210,0.04945463,0.02116931,0.00033405,26.90869015,17.56276780,40.89583683,31.65973936,0.10479780,-0.62400287,1.42318490,0.09486783,-0.62653151,1.39819476,6.18346947,0.00000007
2.75000000,SHIFT_WEIGHT,-0.00171882,-0.00531439,0.00416422,-0.03898359,0.03043216,0.31674866,-0.04494233,0.02865266,0.05054960,0.02117876,0.00034351,26.87892584,17.24497350,41.24788799,31.65866168,0.10709391,-0.61995944,1.41983523,0.09724171,-0.62262624,1.39506189,6.25335467,0.00000007
2.76000000,SHIFT_WEIGHT,-0.00180461,-0.00546190,0.00431123,-0.03989431,0.03125659,0.31677295,-0.04579064,0.02942483,0.05164679,0.02118812,0.00035286,26.84835827,16.92813973,41.60135755,31.65567973,0.10938432,-0.61591092,1.41645517,0.09961249,-0.61871435,1.39190435,6.32370475,0.00000007
2.77000000,SHIFT_WEIGHT,-0.00189234,-0.00561154,0.00446013,-0.04080672,0.03208225,0.31679661,-0.04664043,0.03019809,0.05274538,0.02119738,0.00036212,26.81713729,16.61260415,41.95594665,31.65063235,0.11166737,-0.61186053,1.41304706,0.10197849,-0.61479866,1.38872442,6.39445856,0.00000007
2.78000000,SHIFT_WEIGHT,-0.00198201,-0.00576318,0.00461093,-0.04172011,0.03290858,0.31681965,-0.04749101,0.03097193,0.05384458,0.02120654,0.00037128,26.78536861,16.29867851,42.31137105,31.64339620,0.11394140,-0.60781150,1.40961330,0.10433803,-0.61088199,1.38552445,6.46555802,0.00000007
2.79000000,SHIFT_WEIGHT,-0.00207363,-0.00591672,0.00476359,-0.04263377,0.03373503,0.31684207,-0.04834175,0.03174582,0.05494357,0.02121562,0.00038036,26.75311457,15.98664930,42.66736087,31.63388620,0.11620480,-0.60376699,1.40615639,0.10668946,-0.60696719,1.38230686,6.53694815,0.00000007
2.80000000,SHIFT_WEIGHT,-0.00216720,-0.00607208,0.00491809,-0.04354703,0.03456103,0.31686385,-0.04919201,0.03251925,0.05604156,0.02122460,0.00038934,26.72039769,15.67677986,43.02366085,31.62205555,0.11845592,-0.59973014,1.40267893,0.10903115,-0.60305710,1.37907417,6.60857717,0.00000007
2.81000000,SHIFT_WEIGHT,-0.00226271,-0.00622916,0.00507437,-0.04445922,0.03538603,0.31688500,-0.05004116,0.03329169,0.05713777,0.02123350,0.00039824,26.68720609,15.36931308,43.38003065,31.60789501,0.12069316,-0.59570403,1.39918357,0.11136147,-0.59915459,1.37582893,6.68039645,0.00000007
2.82000000,SHIFT_WEIGHT,-0.00236012,-0.00638790,0.00523237,-0.04536970,0.03620946,0.31690551,-0.05088860,0.03406261,0.05823142,0.02124232,0.00040706,26.65349966,15.06447392,43.73624510,31.59143117,0.12291492,-0.59169171,1.39567306,0.11367881,-0.59526254,1.37257379,6.75236057,0.00000007
2.83000000,SHIFT_WEIGHT,-0.00245941,-0.00654823,0.00539199,-0.04627783,0.03703076,0.31692535,-0.05173375,0.03483150,0.05932174,0.02125106,0.00041580,26.61921643,14.76247134,44.09209406,31.57272382,0.12511964,-0.58769618,1.39215021,0.11598159,-0.59138383,1.36931146,6.82442721,0.00000007
2.84000000,SHIFT_WEIGHT,-0.00256053,-0.00671009,0.00555313,-0.04718300,0.03784937,0.31694453,-0.05257603,0.03559782,0.06040799,0.02125971,0.00042445,26.58427858,14.46349953,44.44738180,31.55186251,0.12730575,-0.58372039,1.38861792,0.11826825,-0.58752134,1.36604470,6.89655691,0.00000007
2.85000000,SHIFT_WEIGHT,-0.00266344,-0.00687344,0.00571570,-0.04808461,0.03866473,0.31696301,-0.05341490,0.03636105,0.06148942,0.02126829,0.00043303,26.54859811,14.16773858,44.80192587,31.52896233,0.12947172,-0.57976725,1.38507915,0.12053726,-0.58367794,1.36277633,6.96871289,0.00000007
2.86000000,SHIFT_WEIGHT,-0.00276809,-0.00703822,0.00587955,-0.04898209,0.03947627,0.31698080,-0.05424981,0.03712067,0.06256529,0.02127680,0.00044154,26.51208179,13.87535481,45.15555554,31.50415933,0.13161605,-0.57583964,1.38153690,0.12278709,-0.57985649,1.35950922,7.04086065,0.00000007
2.87000000,SHIFT_WEIGHT,-0.00287440,-0.00720441,0.00604456,-0.04987486,0.04028344,0.31699785,-0.05508025,0.03787617,0.06363488,0.02128523,0.00044997,26.47463558,13.58650099,45.50810978,31.47760575,0.13373726,-0.57194037,1.37799426,0.12501627,-0.57605987,1.35624629,7.11296760,0.00000007
2.88000000,SHIFT_WEIGHT,-0.00298232,-0.00737195,0.00621060,-0.05076238,0.04108569,0.31701416,-0.05590569,0.03862702,0.06469749,0.02129358,0.00045832,26.43616856,13.30131678,45.85943497,31.44946534,0.13583390,-0.56807224,1.37445434,0.12722334,-0.57229090,1.35299049,7.18500259,0.00000007
2.89000000,SHIFT_WEIGHT,-0.00309178,-0.00754082,0.00637752,-0.05164410,0.04188246,0.31702969,-0.05672564,0.03937272,0.06575241,0.02130187,0.00046661,26.39659619,13.01992944,46.20938248,31.41990879,0.13790457,-0.56423800,1.37092030,0.12940687,-0.56855242,1.34974482,7.25693546,0.00000007
2.90000000,SHIFT_WEIGHT,-0.00320271,-0.00771098,0.00654518,-0.05251949,0.04267322,0.31704443,-0.05753962,0.04011277,0.06679895,0.02131008,0.00047482,26.35584311,12.74245496,46.55780605,31.38910972,0.13994790,-0.56044034,1.36739533,0.13156546,-0.56484723,1.34651231,7.32873653,0.00000006
2.91000000,SHIFT_WEIGHT,-0.00331502,-0.00788238,0.00671343,-0.05338803,0.04345743,0.31705835,-0.05834715,0.04084666,0.06783644,0.02131823,0.00048297,26.31384546,12.46899956,46.90455928,31.35724101,0.14196256,-0.55668195,1.36388264,0.13369774,-0.56117811,1.34329599,7.40037615,0.00000006
2.92000000,SHIFT_WEIGHT,-0.00342865,-0.00805498,0.00688213,-0.05424922,0.04423455,0.31707143,-0.05914775,0.04157391,0.06886421,0.02132630,0.00049104,26.27055259,12.19966151,47.24949307,31.32447171,0.14394726,-0.55296545,1.36038548,0.13580240,-0.55754779,1.34009892,7.47182415,0.00000006
2.93000000,SHIFT_WEIGHT,-0.00354352,-0.00822875,0.00705113,-0.05510255,0.04500408,0.31708365,-0.05994098,0.04229403,0.06988161,0.02133430,0.00049904,26.22592834,11.93453308,47.59245331,31.29096453,0.14590075,-0.54929344,1.35690709,0.13787812,-0.55395900,1.33692417,7.54304950,0.00000006
2.94000000,SHIFT_WEIGHT,-0.00365953,-0.00840362,0.00722030,-0.05594752,0.04576549,0.31709499,-0.06072637,0.04300654,0.07088798,0.02134224,0.00050698,26.17995180,11.67370268,47.93327872,31.25687378,0.14782183,-0.54566849,1.35345072,0.13992365,-0.55041439,1.33377481,7.61401982,0.00000006
2.95000000,SHIFT_WEIGHT,-0.00377661,-0.00857953,0.00738949,-0.05678364,0.04651829,0.31710543,-0.06150347,0.04371099,0.07188269,0.02135011,0.00051485,26.13261757,11.41725678,48.27179887,31.22234391,0.14970936,-0.54209310,1.35001960,0.14193776,-0.54691660,1.33065389,7.68470103,0.00000006
2.96000000,SHIFT_WEIGHT,-0.00389466,-0.00875643,0.00755857,-0.05761043,0.04726198,0.31711496,-0.06227185,0.04440691,0.07286511,0.02135790,0.00052264,26.08393574,11.16528182,48.60783258,31.18750847,0.15156223,-0.53856975,1.34661699,0.14391927,-0.54346819,1.32756446,7.75505707,0.00000006
2.97000000,SHIFT_WEIGHT,-0.00401360,-0.00893423,0.00772740,-0.05842740,0.04799608,0.31712356,-0.06303106,0.04509385,0.07383463,0.02136563,0.00053037,26.03393142,10.91786578,48.94118660,31.15248958,0.15337938,-0.53510087,1.34324608,0.14586703,-0.54007169,1.32450954,7.82504962,0.00000006
2.98000000,SHIFT_WEIGHT,-0.00413332,-0.00911285,0.00789585,-0.05923408,0.04872012,0.31713124,-0.06378067,0.04577138,0.07479065,0.02137328,0.00053802,25.98264404,10.67509946,49.27165454,31.11739766,0.15515980,-0.53168885,1.33991008,0.14777993,-0.53672955,1.32149212,7.89463794,0.00000006
2.99000000,SHIFT_WEIGHT,-0.00425372,-0.00929220,0.00806378,-0.06002999,0.04943363,0.31713798,-0.06452025,0.04643907,0.07573256,0.02138087,0.00054561,25.93012647,10.43707747,49.59901631,31.08233162,0.15690254,-0.52833602,1.33661215,0.14965691,-0.53344417,1.31851514,7.96377869,0.00000006
3.00000000,SHIFT_WEIGHT,-0.00437471,-0.00947217,0.00823107,-0.06081466,0.05013617,0.31714379,-0.06524937,0.04709650,0.07665978,0.02138837,0.00055311,25.87644403,10.20389888,49.92303778,31.04737931,0.15860669,-0.52504465,1.33335540,0.15149694,-0.53021788,1.31558150,8.03242592,0.00000006
3.01000000,SHIFT_WEIGHT,-0.00449616,-0.00965265,0.00839757,-0.06158763,0.05082730,0.31714868,-0.06596760,0.04774327,0.07757174,0.02139580,0.00056054,25.82167336,9.97566750,50.24347089,31.01261816,0.16027140,-0.52181697,1.33014291,0.15329905,-0.52705293,1.31269405,8.10053107,0.00000006
3.02000000,SHIFT_WEIGHT,-0.00461797,-0.00983352,0.00856317,-0.06234844,0.05150658,0.31715265,-0.06667453,0.04837898,0.07846787,0.02140315,0.00056789,25.76590131,9.75249188,50.56005402,30.97811603,0.16189588,-0.51865512,1.32697770,0.15506229,-0.52395150,1.30985556,8.16804301,0.00000005
3.03000000,SHIFT_WEIGHT,-0.00474002,-0.01001464,0.00872773,-0.06309662,0.05217362,0.31715572,-0.06736975,0.04900326,0.07934763,0.02141041,0.00057515,25.70922389,9.53448506,50.87251272,30.94393230,0.16347937,-0.51556119,1.32386272,0.15678579,-0.52091568,1.30706874,8.23490820,0.00000005
3.04000000,SHIFT_WEIGHT,-0.00486216,-0.01019586,0.00889112,-0.06383174,0.05282801,0.31715791,-0.06805283,0.04961572,0.08021049,0.02141758,0.00058232,25.65174514,9.32176406,51.18056077,30.91011888,0.16502119,-0.51253718,1.32080088,0.15846868,-0.51794748,1.30433621,8.30107082,0.00000005
3.05000000,SHIFT_WEIGHT,-0.00498429,-0.01037705,0.00905319,-0.06455334,0.05346936,0.31715923,-0.06872339,0.05021602,0.08105592,0.02142466,0.00058940,25.59357614,9.11444916,51.48390136,30.87672142,0.16652070,-0.50958501,1.31779498,0.16011019,-0.51504882,1.30166052,8.36647305,0.00000005
3.06000000,SHIFT_WEIGHT,-0.00510624,-0.01055802,0.00921381,-0.06526099,0.05409729,0.31715973,-0.06938101,0.05080380,0.08188341,0.02143164,0.00059638,25.53483407,8.91266310,51.78222859,30.84378044,0.16797732,-0.50670651,1.31484776,0.16170956,-0.51222150,1.29904411,8.43105525,0.00000005
3.07000000,SHIFT_WEIGHT,-0.00522789,-0.01073861,0.00937285,-0.06595426,0.05471146,0.31715943,-0.07002532,0.05137874,0.08269247,0.02143852,0.00060326,25.47564123,8.71653013,52.07522909,30.81133254,0.16939053,-0.50390343,1.31196186,0.16326609,-0.50946726,1.29648931,8.49475632,0.00000005
3.08000000,SHIFT_WEIGHT,-0.00534908,-0.01091864,0.00953015,-0.06663274,0.05531152,0.31715837,-0.07065593,0.05194052,0.08348264,0.02144528,0.00061002,25.41612417,8.52617502,52.36258372,30.77941142,0.17075986,-0.50117739,1.30913982,0.16477914,-0.50678771,1.29399835,8.55751394,0.00000005
3.09000000,SHIFT_WEIGHT,-0.00546966,-0.01109793,0.00968557,-0.06729602,0.05589714,0.31715658,-0.07127246,0.05248884,0.08425346,0.02145192,0.00061666,25.35641290,8.34172207,52.64396942,30.74804893,0.17208492,-0.49852994,1.30638408,0.16624811,-0.50418434,1.29157335,8.61926495,0.00000005
3.10000000,SHIFT_WEIGHT,-0.00558947,-0.01127627,0.00983897,-0.06794369,0.05646801,0.31715411,-0.07187457,0.05302341,0.08500449,0.02145844,0.00062318,25.29663996,8.16329412,52.91906096,30.71727599,0.17336535,-0.49596249,1.30369697,0.16767247,-0.50165857,1.28921630,8.67994561,0.00000004
3.11000000,SHIFT_WEIGHT,-0.00570835,-0.01145347,0.00999018,-0.06857539,0.05702384,0.31715100,-0.07246190,0.05354395,0.08573533,0.02146482,0.00062956,25.23693972,7.99101169,53.18753286,30.68712332,0.17460086,-0.49347635,1.30108069,0.16905173,-0.49921165,1.28692905,8.73949199,0.00000004
3.12000000,SHIFT_WEIGHT,-0.00582613,-0.01162933,0.01013907,-0.06919074,0.05756434,0.31714730,-0.07303412,0.05405021,0.08644558,0.02147106,0.00063580,25.17744750,7.82499211,53.44906109,30.65762218,0.17579124,-0.49107270,1.29853732,0.17038546,-0.49684476,1.28471333,8.79784022,0.00000004
3.13000000,SHIFT_WEIGHT,-0.00594263,-0.01180363,0.01028547,-0.06978940,0.05808926,0.31714306,-0.07359090,0.05454195,0.08713487,0.02147715,0.00064189,25.11829883,7.66534878,53.70332484,30.62880479,0.17693631,-0.48875259,1.29606882,0.17167328,-0.49455891,1.28257071,8.85492684,0.00000004
3.14000000,SHIFT_WEIGHT,-0.00605770,-0.01197616,0.01042923,-0.07037102,0.05859837,0.31713832,-0.07413194,0.05501896,0.08780287,0.02148308,0.00064782,25.05962864,7.51219064,53.95000811,30.60070476,0.17803598,-0.48651694,1.29367699,0.17291490,-0.49235501,1.28050262,8.91068908,0.00000004
3.15000000,SHIFT_WEIGHT,-0.00617114,-0.01214671,0.01057019,-0.07093531,0.05909143,0.31713316,-0.07465696,0.05548101,0.08844926,0.02148884,0.00065358,25.00157055,7.36562162,54.18880127,30.57335729,0.17909020,-0.48436654,1.29136349,0.17411004,-0.49023384,1.27851035,8.96506513,0.00000004
3.16000000,SHIFT_WEIGHT,-0.00628279,-0.01231505,0.01070819,-0.07148196,0.05956825,0.31712760,-0.07516568,0.05592793,0.08907376,0.02149442,0.00065916,24.94425606,7.22574030,54.41940250,30.54679923,0.18009900,-0.48230205,1.28912984,0.17525853,-0.48819602,1.27659500,9.01799441,0.00000004
3.17000000,SHIFT_WEIGHT,-0.00639247,-0.01248097,0.01084308,-0.07201070,0.06002864,0.31712173,-0.07565786,0.05635956,0.08967610,0.02149981,0.00066455,24.88781390,7.09263969,54.64151903,30.52106901,0.18106246,-0.48032396,1.28697739,0.17636023,-0.48624205,1.27475753,9.06941774,0.00000003
3.18000000,SHIFT_WEIGHT,-0.00650000,-0.01264425,0.01097470,-0.07252128,0.06047246,0.31711557,-0.07613326,0.05677574,0.09025605,0.02150501,0.00066975,24.83236943,6.96646519,54.85487023,30.49620467,0.18198072,-0.47843264,1.28490733,0.17741509,-0.48437228,1.27299870,9.11927787,0.00000003
3.19000000,SHIFT_WEIGHT,-0.00660521,-0.01280468,0.01110290,-0.07301349,0.06089956,0.31710921,-0.07659168,0.05717635,0.09081342,0.02151001,0.00067475,24.77803651,6.84734272,55.05920902,30.47223456,0.18285403,-0.47662829,1.28292073,0.17842310,-0.48258692,1.27131915,9.16752188,0.00000003
3.20000000,SHIFT_WEIGHT,-0.00670794,-0.01296204,0.01122752,-0.07348711,0.06130984,0.31710269,-0.07703293,0.05756128,0.09134805,0.02151483,0.00067957,24.72491695,6.73523307,55.25429811,30.44919337,0.18368269,-0.47491095,1.28101845,0.17938433,-0.48088603,1.26971930,9.21409851,0.00000003
3.21000000,SHIFT_WEIGHT,-0.00680803,-0.01311613,0.01134842,-0.07394197,0.06170320,0.31709606,-0.07745685,0.05793045,0.09185981,0.02151945,0.00068419,24.67311818,6.63013658,55.43988754,30.42712466,0.18446705,-0.47328051,1.27920114,0.18029893,-0.47926952,1.26819942,9.25895589,0.00000003
3.22000000,SHIFT_WEIGHT,-0.00690530,-0.01326673,0.01146546,-0.07437793,0.06207958,0.31708940,-0.07786331,0.05828381,0.09234860,0.02152386,0.00068860,24.62275499,6.53210363,55.61573072,30.40607528,0.18520752,-0.47173670,1.27746926,0.18116711,-0.47773713,1.26675956,9.30204338,0.00000003
3.23000000,SHIFT_WEIGHT,-0.00699958,-0.01341364,0.01157850,-0.07479488,0.06243894,0.31708274,-0.07825219,0.05862130,0.09281436,0.02152806,0.00069280,24.57394234,6.44120857,55.78159625,30.38609398,0.18590458,-0.47027912,1.27582309,0.18198915,-0.47628844,1.26539955,9.34331281,0.00000003
3.24000000,SHIFT_WEIGHT,-0.00709071,-0.01355664,0.01168741,-0.07519271,0.06278127,0.31707616,-0.07862341,0.05894293,0.09325706,0.02153203,0.00069677,24.52678787,6.35753095,55.93727173,30.36722980,0.18655874,-0.46890718,1.27426273,0.18276541,-0.47492286,1.26411906,9.38271885,0.00000002
3.25000000,SHIFT_WEIGHT,-0.00717852,-0.01369553,0.01179207,-0.07557137,0.06310659,0.31706969,-0.07897691,0.05924870,0.09367673,0.02153576,0.00070050,24.48138742,6.28114574,56.08256346,30.34952924,0.18717060,-0.46762019,1.27278809,0.18349631,-0.47363964,1.26291753,9.42021892,0.00000002
3.26000000,SHIFT_WEIGHT,-0.00726286,-0.01383013,0.01189234,-0.07593084,0.06341493,0.31706340,-0.07931266,0.05953865,0.09407341,0.02153923,0.00070397,24.43782345,6.21211922,56.21729535,30.33303370,0.18774081,-0.46641724,1.27139885,0.18418238,-0.47243784,1.26179422,9.45577325,0.00000002
3.27000000,SHIFT_WEIGHT,-0.00734358,-0.01396023,0.01198812,-0.07627111,0.06370636,0.31705734,-0.07963066,0.05981284,0.09444721,0.02154242,0.00070716,24.39616560,6.15050814,56.34130821,30.31777766,0.18827009,-0.46529730,1.27009452,0.18482419,-0.47131639,1.26074816,9.48934478,0.00000002
3.28000000,SHIFT_WEIGHT,-0.00742054,-0.01408567,0.01207931,-0.07659223,0.06398099,0.31705156,-0.07993094,0.06007136,0.09457163,0.02154533,0.00071007,24.35647219,6.09636017,56.45445992,30.30378777,0.18875923,-0.46425917,1.26887438,0.18542242,-0.47027400,1.25977820,9.52089931,0.00000002
3.29000000,SHIFT_WEIGHT,-0.00749362,-0.01420628,0.01216580,-0.07689427,0.06423895,0.31704611,-0.08021357,0.06031434,0.09426575,0.02154794,0.00071268,24.31879214,6.04971472,56.55662619,30.29108264,0.18920908,-0.46330147,1.26773752,0.18597784,-0.46930923,1.25888298,9.55040563,0.00000002
3.30000000,SHIFT_WEIGHT,-0.00756268,-0.01432189,0.01224751,-0.07717734,0.06448040,0.31704104,-0.08047863,0.06054192,0.09397764,0.02155023,0.00071497,24.28316673,6.01060383,56.64770157,30.27967301,0.18962056,-0.46242266,1.26668280,0.18649126,-0.46842045,1.25806091,9.57783568,0.00000002
3.31000000,SHIFT_WEIGHT,-0.00762761,-0.01443235,0.01232438,-0.07744157,0.06470554,0.31703641,-0.08072626,0.06075428,0.09370722,0.02155221,0.00071695,24.24963105,5.97905265,56.72760049,30.26956195,0.18999468,-0.46162103,1.26570886,0.18696364,-0.46760585,1.25731022,9.60316473,0.00000001
3.32000000,SHIFT_WEIGHT,-0.00768833,-0.01453753,0.01239635,-0.07768717,0.06491459,0.31703226,-0.08095662,0.06095163,0.09345436,0.02155386,0.00071860,24.21821499,5.95507969,56.79625816,30.26074512,0.19033249,-0.46089470,1.26481413,0.18739597,-0.46686344,1.25662891,9.62637149,0.00000001
3.33000000,SHIFT_WEIGHT,-0.00774473,-0.01463730,0.01246336,-0.07791433,0.06510782,0.31702864,-0.08116991,0.06113421,0.09321890,0.02155517,0.00071991,24.18894377,5.93869676,56.85363123,30.25321101,0.19063516,-0.46024163,1.26399682,0.18778937,-0.46619104,1.25601477,9.64743829,0.00000001
3.34000000,SHIFT_WEIGHT,-0.00779675,-0.01473154,0.01252539,-0.07812333,0.06528554,0.31702559,-0.08136634,0.06130230,0.09300062,0.02155613,0.00072087,24.16183815,5.92990869,56.89969834,30.24694108,0.19090389,-0.45965958,1.26325492,0.18814505,-0.46558626,1.25546538,9.66635110,0.00000001
3.35000000,SHIFT_WEIGHT,-0.00784432,-0.01482015,0.01258242,-0.07831447,0.06544807,0.31702317,-0.08154620,0.06145620,0.09279928,0.02155674,0.00072149,24.13691427,5.92871297,56.93446039,30.24190997,0.19113999,-0.45914615,1.26258619,0.18846429,-0.46504655,1.25497809,9.68309967,0.00000001
3.36000000,SHIFT_WEIGHT,-0.00788740,-0.01490303,0.01263445,-0.07848808,0.06559579,0.31702142,-0.08170980,0.06159626,0.09261462,0.02155701,0.00072175,24.11418332,5.93509923,56.95794073,30.23808575,0.19134484,-0.45869876,1.26198818,0.18874850,-0.46456914,1.25455005,9.69767752,0.00000001
3.37000000,SHIFT_WEIGHT,-0.00792594,-0.01498009,0.01268150,-0.07864454,0.06572911,0.31702038,-0.08185746,0.06172285,0.09244629,0.02155691,0.00072165,24.09365110,5.94904882,56.97018528,30.23543019,0.19151990,-0.45831464,1.26145820,0.18899915,-0.46415108,1.25417819,9.71008205,0.00000001
3.38000000,SHIFT_WEIGHT,-0.00795992,-0.01505129,0.01272358,-0.07878429,0.06584847,0.31702008,-0.08198959,0.06183638,0.09229394,0.02155647,0.00072121,24.07531752,5.97053429,56.97126251,30.23389916,0.19166671,-0.45799084,1.26099334,0.18921786,-0.46378921,1.25385923,9.72031453,0.00000001
3.39000000,SHIFT_WEIGHT,-0.00798934,-0.01511655,0.01276075,-0.07890779,0.06595436,0.31702057,-0.08210659,0.06193730,0.09215716,0.02155566,0.00072040,24.05917620,5.99951896,56.96126349,30.23344309,0.19178691,-0.45772422,1.26059047,0.18940632,-0.46348018,1.25358967,9.72838012,0.00000001
3.40000000,SHIFT_WEIGHT,-0.00801420,-0.01517585,0.01279307,-0.07901555,0.06604732,0.31702189,-0.08220894,0.06202610,0.09203550,0.02155451,0.00071925,24.04521404,6.03595645,56.94030181,30.23400744,0.19188220,-0.45751147,1.26024623,0.18956632,-0.46322041,1.25336579,9.73428798,0.00000000
3.41000000,SHIFT_WEIGHT,-0.00803451,-0.01522915,0.01282061,-0.07910814,0.06612790,0.31702408,-0.08229715,0.06210330,0.09192845,0.02155300,0.00071774,24.03341101,6.07979026,56.90851363,30.23553327,0.19195440,-0.45734906,1.25995703,0.18969979,-0.46300614,1.25318364,9.73805121,0.00000000
3.42000000,SHIFT_WEIGHT,-0.00805031,-0.01527645,0.01284345,-0.07918616,0.06619671,0.31702716,-0.08237175,0.06216945,0.09183548,0.02155116,0.00071590,24.02373998,6.13095327,56.86605756,30.23795786,0.19200539,-0.45723329,1.25971905,0.18980874,-0.46283339,1.25303909,9.73968694,0.00000000
3.43000000,SHIFT_WEIGHT,-0.00806164,-0.01531776,0.01286170,-0.07925027,0.06625440,0.31703118,-0.08243334,0.06222515,0.09175601,0.02154898,0.00071372,24.01616664,6.18936724,56.81311471,30.24121530,0.19203716,-0.45716024,1.25952825,0.18989530,-0.46269798,1.25292777,9.73921635,0.00000000
3.44000000,SHIFT_WEIGHT,-0.00806855,-0.01535309,0.01287548,-0.07930115,0.06630167,0.31703615,-0.08248256,0.06227104,0.09168939,0.02154648,0.00071122,24.01064967,6.25494218,56.74988863,30.24523708,0.19205180,-0.45712581,1.25938034,0.18996172,-0.46259550,1.25284507,9.73666469,0.00000000
3.45000000,SHIFT_WEIGHT,-0.00807112,-0.01538248,0.01288491,-0.07933957,0.06633924,0.31704213,-0.08252009,0.06230779,0.09163494,0.02154366,0.00070840,24.00714085,6.32757577,56.67660525,30.24995275,0.19205148,-0.45712568,1.25927083,0.19001035,-0.46252134,1.25278620,9.73206134,0.00000000
3.46000000,SHIFT_WEIGHT,-0.00806942,-0.01540599,0.01289014,-0.07936633,0.06636789,0.31704913,-0.08254665,0.06233613,0.09159193,0.02154055,0.00070529,24.00558540,6.40715258,56.59351287,30.25529045,0.19203846,-0.45715533,1.25919498,0.19004369,-0.46247066,1.25274613,9.72543984,0.00000000
3.47000000,SHIFT_WEIGHT,-0.00806355,-0.01542368,0.01289132,-0.07938226,0.06638845,0.31705718,-0.08256302,0.06235680,0.09155958,0.02153714,0.00070188,24.00592234,6.49354328,56.50088208,30.26117754,0.19201514,-0.45721004,1.25914781,0.19006431,-0.46243840,1.25271961,9.71683787,0.00000000
3.48000000,SHIFT_WEIGHT,-0.00805361,-0.01543564,0.01288862,-0.07938829,0.06640177,0.31706631,-0.08257002,0.06237060,0.09153705,0.02153347,0.00069821,24.00808498,6.58660383,56.39900565,30.26754113,0.19198398,-0.45728485,1.25912412,0.19007495,-0.46241928,1.25270116,9.70629736,0.00000000
3.49000000,SHIFT_WEIGHT,-0.00803972,-0.01544197,0.01288222,-0.07938534,0.06640877,0.31707655,-0.08256851,0.06237838,0.09152347,0.02152953,0.00069427,24.01200140,6.68617453,56.28819840,30.27430865,0.19194755,-0.45737460,1.25911847,0.19007844,-0.46240779,1.25268509,9.69386443,0.00000000
3.50000000,SHIFT_WEIGHT,-0.00802200,-0.01544279,0.01287230,-0.07937444,0.06641040,0.31708792,-0.08255941,0.06238102,0.09151790,0.02152536,0.00069010,24.01759509,6.79207915,56.16879709,30.28140834,0.19190856,-0.45747391,1.25912518,0.19007774,-0.46239820,1.25266547,9.67958947,0.00000000
3.51000000,LIFT_LEG,-0.00800060,-0.01543823,0.01285908,-0.07935664,0.06640767,0.31710045,-0.08254368,0.06237944,0.09151936,0.02152097,0.00068571,24.02456830,6.90273736,56.04105353,30.28793851,0.19186977,-0.45757721,1.25913837,0.19007561,-0.46238555,1.25263749,9.66352590,0.00000000
3.52000000,LIFT_LEG,-0.00797586,-0.01542857,0.01284278,-0.07933303,0.06640159,0.31711413,-0.08252233,0.06237459,0.09152683,0.02151644,0.00068118,24.03227624,7.01104964,55.90609764,30.29052645,0.19183365,-0.45767953,1.25915294,0.19007303,-0.46237027,1.25260373,9.64590041,0.00000000
3.53000000,LIFT_LEG,-0.00794852,-0.01541434,0.01282373,-0.07930466,0.06639314,0.31712881,-0.08249634,0.06236739,0.09153936,0.02151196,0.00067670,24.04147097,7.11084856,55.76736428,30.28786194,0.19180182,-0.45777768,1.25916599,0.19007044,-0.46235488,1.25256970,9.62724178,0.00000000
3.54000000,LIFT_LEG,-0.00791949,-0.01539620,0.01280231,-0.07927255,0.06638322,0.31714424,-0.08246666,0.06235869,0.09155603,0.02150775,0.00067249,24.05400003,7.19792859,55.62880763,30.28014439,0.19177520,-0.45787018,1.25917682,0.19006826,-0.46234194,1.25254108,9.60814661,0.00000000
3.55000000,LIFT_LEG,-0.00788966,-0.01537474,0.01277893,-0.07923764,0.06637259,0.31716001,-0.08243421,0.06234921,0.09157596,0.02150402,0.00066876,24.07222382,7.26977912,55.49397524,30.26832740,0.19175422,-0.45795672,1.25918646,0.19006690,-0.46233388,1.25252327,9.58917116,0.00000000
3.56000000,LIFT_LEG,-0.00785970,-0.01535041,0.01275402,-0.07920083,0.06636188,0.31717566,-0.08239983,0.06233958,0.09159832,0.02150089,0.00066563,24.09831036,7.32538240,55.36574940,30.25415041,0.19173903,-0.45803785,1.25919724,0.19006673,-0.46233288,1.25252107,9.57079291,0.00000000
3.57000000,LIFT_LEG,-0.00783017,-0.01532354,0.01272795,-0.07916292,0.06635157,0.31719067,-0.08236432,0.06233023,0.09162236,0.02149842,0.00066316,24.13506338,7.36413814,55.24619726,30.23788029,0.19172945,-0.45811449,1.25921213,0.19006808,-0.46234087,1.25253873,9.55339291,0.00000009
3.58000000,LIFT_LEG,-0.00780132,-0.01529435,0.01270105,-0.07912468,0.06634198,0.31720454,-0.08232839,0.06232152,0.09164736,0.02149661,0.00066135,24.18127196,7.38667692,55.13665001,30.22410949,0.19172512,-0.45818790,1.25923471,0.19007122,-0.46235949,1.25257989,9.53724801,0.00000003
3.59000000,LIFT_LEG,-0.00777324,-0.01526308,0.01267352,-0.07908679,0.06633330,0.31721681,-0.08229271,0.06231362,0.09167265,0.02149546,0.00066020,24.23986104,7.39351620,55.03780923,30.21150296,0.19172549,-0.45825949,1.25926862,0.19007639,-0.46239018,1.25264775,9.52254052,0.00000000
3.60000000,LIFT_LEG,-0.00774571,-0.01523002,0.01264547,-0.07904986,0.06632559,0.31722712,-0.08225789,0.06230661,0.09169765,0.02149492,0.00065966,24.30838605,7.38523729,54.94979774,30.20389205,0.19172987,-0.45833074,1.25931739,0.19008381,-0.46243419,1.25274503,9.50936147,0.00000000
3.61000000,LIFT_LEG,-0.00771838,-0.01519549,0.01261685,-0.07901445,0.06631878,0.31723516,-0.08222446,0.06230044,0.09172184,0.02149498,0.00065972,24.38550727,7.36251487,54.87211869,30.20279946,0.19173741,-0.45840312,1.25938435,0.19009366,-0.46249259,1.25287413,9.49771090,0.00000000
3.62000000,LIFT_LEG,-0.00769077,-0.01515981,0.01258748,-0.07898101,0.06631271,0.31724075,-0.08219288,0.06229499,0.09174475,0.02149561,0.00066035,24.46964188,7.32610656,54.80370762,30.20899727,0.19174707,-0.45847804,1.25947257,0.19010609,-0.46256629,1.25303706,9.48750821,0.00000000
3.63000000,LIFT_LEG,-0.00766224,-0.01512324,0.01255701,-0.07894994,0.06630717,0.31724376,-0.08216352,0.06229006,0.09176603,0.02149677,0.00066151,24.55864294,7.27690989,54.74331356,30.22388793,0.19175776,-0.45855686,1.25958487,0.19012123,-0.46265603,1.25323547,9.47862468,0.00000000
3.64000000,LIFT_LEG,-0.00763206,-0.01508605,0.01252497,-0.07892153,0.06630188,0.31724416,-0.08213669,0.06228540,0.09178539,0.02149844,0.00066318,24.65046542,7.21591733,54.68945033,30.24835370,0.19176838,-0.45864089,1.25972376,0.19013918,-0.46276240,1.25347065,9.47088834,0.00000000
3.65000000,LIFT_LEG,-0.00759948,-0.01504841,0.01249080,-0.07889596,0.06629652,0.31724197,-0.08211257,0.06228073,0.09180263,0.02150059,0.00066533,24.74316924,7.14427882,54.64058758,30.28335621,0.19177779,-0.45873139,1.25989148,0.19016003,-0.46288584,1.25374359,9.46410377,0.00000000
3.66000000,LIFT_LEG,-0.00756368,-0.01501048,0.01245386,-0.07887335,0.06629076,0.31723724,-0.08209129,0.06227575,0.09181767,0.02150319,0.00066793,24.83488755,7.06319580,54.59516963,30.32970831,0.19178495,-0.45882961,1.26008997,0.19018382,-0.46302668,1.25405498,9.45805950,0.00000001
3.67000000,LIFT_LEG,-0.00752389,-0.01497230,0.01241350,-0.07885369,0.06628430,0.31723009,-0.08207287,0.06227016,0.09183049,0.02150619,0.00067093,24.92492128,6.97393510,54.55171556,30.38719431,0.19178891,-0.45893676,1.26032093,0.19021060,-0.46318511,1.25440532,9.45254005,0.00000005
3.68000000,LIFT_LEG,-0.00747944,-0.01493384,0.01236907,-0.07883690,0.06627682,0.31722063,-0.08205724,0.06226369,0.09184119,0.02150957,0.00067431,25.01137135,6.87771371,54.50866513,30.45680164,0.19178880,-0.45905404,1.26058579,0.19024039,-0.46336126,1.25479487,9.44732134,0.00000000
3.69000000,LIFT_LEG,-0.00742978,-0.01489491,0.01231994,-0.07882281,0.06626805,0.31720901,-0.08204425,0.06225609,0.09184990,0.02151329,0.00067803,25.09528248,6.77575720,54.46472150,30.53689351,0.19178390,-0.45918255,1.26088575,0.19027322,-0.46355518,1.25522373,9.44219558,0.00000000
3.70000000,LIFT_LEG,-0.00737436,-0.01485531,0.01226560,-0.07881117,0.06625779,0.31719537,-0.08203368,0.06224715,0.09185688,0.02151730,0.00068204,25.17598910,6.66902406,54.41879962,30.62798684,0.19177376,-0.45932344,1.26122164,0.19030906,-0.46376681,1.25569181,9.43697156,0.00000001
3.71000000,LIFT_LEG,-0.00731280,-0.01481477,0.01220563,-0.07880166,0.06624584,0.31717988,-0.08202525,0.06223669,0.09186242,0.02152159,0.00068633,25.25392551,6.55835331,54.36985045,30.72933454,0.19175805,-0.45947780,1.26159403,0.19034793,-0.46399609,1.25619897,9.43146482,0.00000001
3.72000000,LIFT_LEG,-0.00724483,-0.01477295,0.01213976,-0.07879392,0.06623207,0.31716269,-0.08201861,0.06222459,0.09186685,0.02152613,0.00069087,25.32977756,6.44443246,54.31696660,30.84014091,0.19173662,-0.45964670,1.26200319,0.19038981,-0.46424289,1.25674494,9.42550581,0.00000001
3.73000000,LIFT_LEG,-0.00717029,-0.01472945,0.01206781,-0.07878752,0.06621642,0.31714396,-0.08201339,0.06221078,0.09187057,0.02153089,0.00069563,25.40445489,6.32778959,54.25936583,30.95948649,0.19170952,-0.45983115,1.26244916,0.19043468,-0.46450706,1.25732939,9.41894001,0.00000001
3.74000000,LIFT_LEG,-0.00708913,-0.01468386,0.01198976,-0.07878203,0.06619883,0.31712386,-0.08200918,0.06219522,0.09187399,0.02153585,0.00070059,25.47902637,6.20880792,54.19638230,31.08635999,0.19167690,-0.46003210,1.26293171,0.19048252,-0.46478841,1.25795190,9.41162817,0.00000001
3.75000000,LIFT_LEG,-0.00700137,-0.01463573,0.01190572,-0.07877697,0.06617933,0.31710255,-0.08200552,0.06217790,0.09187752,0.02154101,0.00070575,25.55465225,6.08774887,54.12745554,31.21969708,0.19163908,-0.46025046,1.26345042,0.19053329,-0.46508671,1.25861200,9.40344598,0.00000001
3.76000000,LIFT_LEG,-0.00690712,-0.01458461,0.01181588,-0.07877189,0.06615795,0.31708018,-0.08200200,0.06215887,0.09188161,0.02154636,0.00071110,25.63251974,5.96477956,54.05211933,31.35841896,0.19159645,-0.46048706,1.26400468,0.19058697,-0.46540171,1.25930916,9.39428354,0.00000001
3.77000000,LIFT_LEG,-0.00680655,-0.01453007,0.01172055,-0.07876631,0.06613476,0.31705689,-0.08199816,0.06213818,0.09188668,0.02155190,0.00071664,25.71378483,5.84000132,53.96999164,31.50146841,0.19154947,-0.46074264,1.26459375,0.19064352,-0.46573315,1.26004278,9.38404479,0.00000001
3.78000000,LIFT_LEG,-0.00669986,-0.01447168,0.01162008,-0.07875978,0.06610986,0.31703283,-0.08199358,0.06211592,0.09189315,0.02155762,0.00072236,25.79952199,5.71347627,53.88076633,31.64784196,0.19149864,-0.46101784,1.26521676,0.19070290,-0.46608071,1.26081220,9.37264701,0.00000001
3.79000000,LIFT_LEG,-0.00658728,-0.01440905,0.01151486,-0.07875188,0.06608334,0.31700813,-0.08198785,0.06209218,0.09190141,0.02156353,0.00072827,25.89068322,5.58525007,53.78420663,31.79661692,0.19144447,-0.46131321,1.26587278,0.19076506,-0.46644407,1.26161670,9.36002037,0.00000001
3.80000000,LIFT_LEG,-0.00646905,-0.01434182,0.01140530,-0.07874221,0.06605532,0.31698292,-0.08198060,0.06206705,0.09191181,0.02156964,0.00073438,25.98806710,5.45536980,53.68014034,31.94697251,0.19138749,-0.46162916,1.26656082,0.19082995,-0.46682287,1.26245551,9.34610759,0.00000001
3.81000000,LIFT_LEG,-0.00634542,-0.01426969,0.01129182,-0.07873042,0.06602590,0.31695731,-0.08197147,0.06204065,0.09192468,0.02157594,0.00074068,26.09229821,5.32389647,53.56845673,32.09820475,0.19132815,-0.46196597,1.26727987,0.19089752,-0.46721671,1.26332777,9.33086381,0.00000001
3.82000000,LIFT_LEG,-0.00621662,-0.01419240,0.01117478,-0.07871619,0.06599519,0.31693140,-0.08196018,0.06201305,0.09194031,0.02158245,0.00074719,26.20381654,5.19091241,53.44910473,32.24973522,0.19126689,-0.46232379,1.26802890,0.19096771,-0.46762518,1.26423258,9.31425648,0.00000001
3.83000000,LIFT_LEG,-0.00608285,-0.01410976,0.01105452,-0.07869926,0.06596327,0.31690527,-0.08194646,0.06198436,0.09195894,0.02158916,0.00075390,26.32287614,5.05652391,53.32209225,32.40111408,0.19120411,-0.46270263,1.26880689,0.19104045,-0.46804784,1.26516897,9.29626534,0.00000001
3.84000000,LIFT_LEG,-0.00594433,-0.01402163,0.01093133,-0.07867942,0.06593025,0.31687901,-0.08193011,0.06195464,0.09198076,0.02159609,0.00076083,26.44955191,4.92085995,53.18748615,32.55201772,0.19114011,-0.46310234,1.26961283,0.19111567,-0.46848422,1.26613591,9.27688254,0.00000001
3.85000000,LIFT_LEG,-0.00580122,-0.01392792,0.01080542,-0.07865651,0.06589618,0.31685268,-0.08191096,0.06192398,0.09200591,0.02160322,0.00076796,26.58375299,4.78406787,53.04541271,32.70224211,0.19107518,-0.46352262,1.27044575,0.19119331,-0.46893381,1.26713232,9.25611265,0.00000001
3.86000000,LIFT_LEG,-0.00565367,-0.01382862,0.01067696,-0.07863043,0.06586114,0.31682631,-0.08188891,0.06189242,0.09203449,0.02161057,0.00077531,26.72524130,4.64630694,52.89605792,32.85169233,0.19100952,-0.46396306,1.27130468,0.19127327,-0.46939610,1.26815707,9.23397268,0.00000001
3.87000000,LIFT_LEG,-0.00550184,-0.01372376,0.01054606,-0.07860112,0.06582515,0.31679995,-0.08186390,0.06186001,0.09206656,0.02161812,0.00078286,26.87365343,4.50774081,52.73966751,33.00036930,0.19094328,-0.46442307,1.27218865,0.19135549,-0.46987055,1.26920898,9.21049201,0.00000001
3.88000000,LIFT_LEG,-0.00534583,-0.01361343,0.01041277,-0.07856857,0.06578827,0.31677360,-0.08183591,0.06182678,0.09210211,0.02162589,0.00079063,27.02852444,4.36852966,52.57654625,33.14835453,0.19087659,-0.46490199,1.27309675,0.19143987,-0.47035662,1.27028685,9.18571211,0.00000001
3.89000000,LIFT_LEG,-0.00518577,-0.01349776,0.01027712,-0.07853284,0.06575052,0.31674729,-0.08180497,0.06179277,0.09214110,0.02163386,0.00079860,27.18931205,4.22882276,52.40705626,33.29579369,0.19080951,-0.46539900,1.27402802,0.19152633,-0.47085374,1.27138944,9.15968620,0.00000001
3.90000000,LIFT_LEG,-0.00502178,-0.01337694,0.01013909,-0.07849401,0.06571192,0.31672100,-0.08177116,0.06175799,0.09218346,0.02164204,0.00080678,27.35542003,4.08875216,52.23161432,33.44287982,0.19074210,-0.46591322,1.27498154,0.19161479,-0.47136132,1.27251547,9.13247862,0.00000001
3.91000000,LIFT_LEG,-0.00485399,-0.01325118,0.00999864,-0.07845220,0.06567249,0.31669471,-0.08173459,0.06172245,0.09222907,0.02165042,0.00081516,27.52621979,3.94842785,52.05068792,33.58983674,0.19067439,-0.46644368,1.27595637,0.19170514,-0.47187878,1.27366366,9.10416402,0.00000001
3.92000000,LIFT_LEG,-0.00468252,-0.01312075,0.00985574,-0.07840759,0.06563224,0.31666841,-0.08169540,0.06168618,0.09227778,0.02165900,0.00082374,27.70106943,3.80793458,51.86479019,33.73690340,0.19060639,-0.46698935,1.27695154,0.19179730,-0.47240552,1.27483270,9.07482637,0.00000001
3.93000000,LIFT_LEG,-0.00450752,-0.01298593,0.00971035,-0.07836036,0.06559119,0.31664204,-0.08165377,0.06164919,0.09232941,0.02166778,0.00083252,27.87932991,3.66733073,51.67447363,33.88431950,0.19053812,-0.46754916,1.27796608,0.19189117,-0.47294095,1.27602129,9.04455775,0.00000001
3.94000000,LIFT_LEG,-0.00432915,-0.01284703,0.00956244,-0.07831073,0.06554936,0.31661558,-0.08160990,0.06161149,0.09238376,0.02167676,0.00084150,28.06037794,3.52664882,51.48032305,34.03231281,0.19046958,-0.46812200,1.27899899,0.19198665,-0.47348448,1.27722810,9.01345701,0.00000001
3.95000000,LIFT_LEG,-0.00414761,-0.01270438,0.00941203,-0.07825893,0.06550677,0.31658897,-0.08156401,0.06157310,0.09244061,0.02168594,0.00085068,28.24361580,3.38589790,51.28294760,34.18108843,0.19040080,-0.46870678,1.28004922,0.19208365,-0.47403548,1.27845180,8.98162827,0.00000001
3.96000000,LIFT_LEG,-0.00396309,-0.01255831,0.00925915,-0.07820523,0.06546345,0.31656218,-0.08151632,0.06153404,0.09249973,0.02169531,0.00086005,28.42847814,3.24506720,51.08297242,34.33082013,0.19033181,-0.46930237,1.28111571,0.19218207,-0.47459335,1.27969105,8.94917937,0.00000001
3.97000000,LIFT_LEG,-0.00377583,-0.01240919,0.00910386,-0.07814989,0.06541944,0.31653514,-0.08146709,0.06149436,0.09256087,0.02170488,0.00086963,28.61443619,3.10413109,50.88103000,34.48164372,0.19026265,-0.46990769,1.28219734,0.19228181,-0.47515749,1.28094450,8.91622025,0.00000001
3.98000000,LIFT_LEG,-0.00358608,-0.01225736,0.00894629,-0.07809317,0.06537477,0.31650783,-0.08141656,0.06145407,0.09262377,0.02171466,0.00087940,28.80099962,2.96305469,50.67775150,34.63365252,0.19019335,-0.47052168,1.28329297,0.19238277,-0.47572728,1.28221081,8.88286134,0.00000001
3.99000000,LIFT_LEG,-0.00339410,-0.01210319,0.00878656,-0.07803533,0.06532949,0.31648018,-0.08136498,0.06141323,0.09268819,0.02172465,0.00088939,28.98771665,2.82179999,50.47375845,34.78689480,0.19012400,-0.47114329,1.28440141,0.19248485,-0.47630210,1.28348861,8.84921203,0.00000001
4.00000000,LIFT_LEG,-0.00320018,-0.01194702,0.00862487,-0.07797666,0.06528366,0.31645216,-0.08131259,0.06137187,0.09275388,0.02173485,0.00089959,29.17417278,2.68033199,50.26965485,34.94137285,0.19005464,-0.47177155,1.28552144,0.19258794,-0.47688133,1.28477652,8.81537917,0.00000001
4.01000000,LIFT_LEG,-0.00300462,-0.01178922,0.00846143,-0.07791740,0.06523733,0.31642374,-0.08125965,0.06133007,0.09282058,0.02174527,0.00091001,29.35998861,2.53862459,50.06602007,35.09704364,0.18998537,-0.47240549,1.28665181,0.19269193,-0.47746434,1.28607315,8.78146577,0.00000001
4.02000000,LIFT_LEG,-0.00280774,-0.01163013,0.00829650,-0.07785780,0.06519058,0.31639488,-0.08120638,0.06128786,0.09288806,0.02175590,0.00092064,29.54481707,2.39666598,49.86340251,35.25382082,0.18991627,-0.47304422,1.28779124,0.19279672,-0.47805050,1.28737710,8.74756977,0.00000001
4.03000000,LIFT_LEG,-0.00260984,-0.01147008,0.00813036,-0.07779810,0.06514348,0.31636558,-0.08115300,0.06124532,0.09295609,0.02176676,0.00093150,29.72834045,2.25446318,49.66231437,35.41157765,0.18984742,-0.47368687,1.28893839,0.19290220,-0.47863915,1.28868693,8.71378309,0.00000001
4.04000000,LIFT_LEG,-0.00241124,-0.01130938,0.00796329,-0.07773851,0.06509610,0.31633581,-0.08109971,0.06120251,0.09302446,0.02177783,0.00094258,29.91026748,2.11204576,49.46322741,35.57015079,0.18977892,-0.47433262,1.29009193,0.19300825,-0.47922965,1.29000120,8.68019073,0.00000001
4.05000000,LIFT_LEG,-0.00221228,-0.01114836,0.00779561,-0.07767925,0.06504851,0.31630558,-0.08104671,0.06115951,0.09309297,0.02178914,0.00095388,30.09033063,1.96946846,49.26656984,35.72934459,0.18971085,-0.47498069,1.29125049,0.19311475,-0.47982134,1.29131844,8.64687024,0.00000001
4.06000000,LIFT_LEG,-0.00201326,-0.01098730,0.00762763,-0.07762049,0.06500079,0.31627489,-0.08099418,0.06111637,0.09316143,0.02180065,0.00096539,30.26828371,1.82681280,49.07272434,35.88893575,0.18964329,-0.47563033,1.29241268,0.19322159,-0.48041354,1.29263715,8.61389126,0.00000001
4.07000000,LIFT_LEG,-0.00181455,-0.01082650,0.00745970,-0.07756239,0.06495302,0.31624376,-0.08094225,0.06107317,0.09322967,0.02181245,0.00097719,30.44371242,1.69782359,48.88220459,36.04844182,0.18957640,-0.47628191,1.29357800,0.19332865,-0.48100558,1.29395584,8.58133503,0.00000001
4.08000000,LIFT_LEG,-0.00161754,-0.01066665,0.00729217,-0.07750517,0.06490534,0.31621233,-0.08089117,0.06103002,0.09329746,0.02182523,0.00098997,30.61380328,1.58875958,48.69684647,36.20306445,0.18951076,-0.47694349,1.29475013,0.19343592,-0.48159743,1.29527445,8.54945090,0.00000001
4.09000000,LIFT_LEG,-0.00142340,-0.01050858,0.00712542,-0.07744911,0.06485796,0.31618082,-0.08084119,0.06098711,0.09336449,0.02183916,0.00100391,30.77678504,1.47611901,48.51622194,36.35107735,0.18944700,-0.47761651,1.29592499,0.19354342,-0.48218920,1.29659319,8.51820569,0.00000001
4.10000000,LIFT_LEG,-0.00123222,-0.01035266,0.00695971,-0.07739448,0.06481107,0.31614941,-0.08079258,0.06094461,0.09343053,0.02185407,0.00101881,30.93283301,1.36027439,48.33969809,36.49298463,0.18938557,-0.47829893,1.29709825,0.19365103,-0.48278020,1.29791056,8.48755945,0.00000001
4.11000000,LIFT_LEG,-0.00104397,-0.01019901,0.00679519,-0.07734151,0.06476481,0.31611815,-0.08074555,0.06090269,0.09349535,0.02186976,0.00103450,31.08285807,1.24235644,48.16744711,36.62935710,0.18932662,-0.47898863,1.29826721,0.19375857,-0.48336950,1.29922448,8.45757040,0.00000001
4.12000000,LIFT_LEG,-0.00085864,-0.01004764,0.00663191,-0.07729039,0.06471931,0.31608700,-0.08070027,0.06086143,0.09355880,0.02188603,0.00105078,31.22795898,1.12339357,48.00007217,36.76096626,0.18927008,-0.47968359,1.29942998,0.19386588,-0.48395617,1.30053287,8.42833872,0.00000001
4.13000000,LIFT_LEG,-0.00067627,-0.00989855,0.00646985,-0.07724126,0.06467462,0.31605590,-0.08065689,0.06082091,0.09362077,0.02190272,0.00106746,31.36909746,1.00425743,47.83828054,36.88866891,0.18921583,-0.48038189,1.30058515,0.19397279,-0.48453930,1.30183369,8.39996901,0.00000001
4.14000000,LIFT_LEG,-0.00049693,-0.00975181,0.00630894,-0.07719425,0.06463081,0.31602474,-0.08061553,0.06078119,0.09368113,0.02191967,0.00108441,31.50675893,0.89475075,47.68283103,37.01328169,0.18916348,-0.48108205,1.30173224,0.19407913,-0.48511802,1.30312498,8.37256324,0.00000001
4.15000000,LIFT_LEG,-0.00032120,-0.00960823,0.00614952,-0.07714952,0.06458796,0.31599357,-0.08057633,0.06074236,0.09373976,0.02193753,0.00110227,31.63531072,0.81517392,47.53561121,37.13496848,0.18910826,-0.48178752,1.30287968,0.19418483,-0.48569202,1.30440609,8.34630707,0.00000001
4.16000000,LIFT_LEG,-0.00014912,-0.00946906,0.00599247,-0.07710728,0.06454634,0.31596261,-0.08053947,0.06070467,0.09379644,0.02195632,0.00112106,31.75174419,0.73408358,47.39513080,37.25402668,0.18904787,-0.48249580,1.30402495,0.19428987,-0.48626113,1.30567659,8.32102458,0.00000001
4.17000000,LIFT_LEG,0.00001929,-0.00933467,0.00583863,-0.07706772,0.06450619,0.31593197,-0.08050511,0.06066833,0.09385098,0.02197577,0.00114051,31.85783647,0.65170908,47.26069774,37.36933373,0.18898281,-0.48320387,1.30516309,0.19439412,-0.48682468,1.30693498,8.29671370,0.00000001
4.18000000,LIFT_LEG,0.00018369,-0.00920500,0.00568878,-0.07703096,0.06446771,0.31590171,-0.08047338,0.06063354,0.09390325,0.02199569,0.00116043,31.95593111,0.56835949,47.13247190,37.48007843,0.18891374,-0.48390978,1.30629086,0.19449743,-0.48738196,1.30817969,8.27345354,0.00000001
4.19000000,LIFT_LEG,0.00034988,-0.00907484,0.00554259,-0.07699708,0.06443098,0.31587146,-0.08044477,0.06060048,0.09395279,0.02199762,0.00116236,32.06588451,0.50126859,46.97086395,37.57072883,0.18882290,-0.48468151,1.30734634,0.19459882,-0.48792773,1.30939897,8.24703799,0.00000001
4.20000000,LIFT_LEG,0.00051582,-0.00894060,0.00539567,-0.07696643,0.06439588,0.31584055,-0.08041930,0.06056899,0.09400010,0.02199728,0.00116202,32.18605046,0.41496137,46.82748776,37.65552323,0.18873611,-0.48544793,1.30839704,0.19469768,-0.48845875,1.31058558,8.22326250,0.00000001
4.21000000,LIFT_LEG,0.00067381,-0.00880925,0.00524780,-0.07693891,0.06436229,0.31580879,-0.08039677,0.06053885,0.09404546,0.02199690,0.00116164,32.31176588,0.30587891,46.71447382,37.74807522,0.18866701,-0.48619422,1.30940158,0.19479531,-0.48898207,1.31175527,8.20330393,0.00000001
4.22000000,LIFT_LEG,0.00082310,-0.00868026,0.00509665,-0.07691470,0.06432997,0.31577607,-0.08037749,0.06050984,0.09408838,0.02199983,0.00116457,32.44347137,0.27490564,46.61458790,37.81564364,0.18862316,-0.48694919,1.31040833,0.19489154,-0.48949685,1.31290613,8.18516591,0.00000001
4.23000000,LIFT_LEG,0.00096426,-0.00855362,0.00493993,-0.07689406,0.06429861,0.31574249,-0.08036176,0.06048169,0.09412851,0.02200017,0.00116491,32.57617870,0.00000000,46.52837025,37.87343774,0.18859796,-0.48772157,1.31135406,0.19498626,-0.49000249,1.31403681,8.16905040,0.00000001
4.24000000,LIFT_LEG,0.00109996,-0.00843022,0.00477546,-0.07687731,0.06426790,0.31570818,-0.08034978,0.06045414,0.09416570,0.02200167,0.00116641,32.69946029,0.00000000,46.45457511,37.92729644,0.18858808,-0.48849073,1.31230476,0.19507915,-0.49049743,1.31514381,8.15468432,0.00000001
4.25000000,LIFT_LEG,0.00122874,-0.00831521,0.00460327,-0.07686465,0.06423761,0.31567360,-0.08034141,0.06042696,0.09420003,0.02201680,0.00118154,32.79537589,0.00000000,46.41368902,37.99460654,0.18859791,-0.48920083,1.31328446,0.19517054,-0.49098348,1.31623117,8.14399653,0.00000001
4.26000000,LIFT_LEG,0.00134512,-0.00821767,0.00442760,-0.07685600,0.06420778,0.31563975,-0.08033627,0.06040008,0.09423148,0.02205599,0.00122073,32.84597058,0.00000000,46.42039325,38.08295190,0.18863401,-0.48981293,1.31430686,0.19526166,-0.49146710,1.31731331,8.13860202,0.00000001
4.27000000,LIFT_LEG,0.00144641,-0.00814182,0.00425476,-0.07685113,0.06417867,0.31560789,-0.08033417,0.06037369,0.09425952,0.02211892,0.00128366,32.84991734,0.00000000,46.45526168,38.17445326,0.18869391,-0.49035173,1.31536015,0.19535309,-0.49195149,1.31839741,8.13656352,0.00000001
4.28000000,LIFT_LEG,0.00153226,-0.00808609,0.00409073,-0.07684981,0.06415069,0.31557917,-0.08033506,0.06034814,0.09428368,0.02220182,0.00136656,32.81465585,0.00000000,46.49824096,38.25246118,0.18877257,-0.49085053,1.31643188,0.19544468,-0.49243577,1.31948151,8.13593712,0.00000001
4.29000000,LIFT_LEG,0.00160343,-0.00804636,0.00394051,-0.07685177,0.06412426,0.31555436,-0.08033879,0.06032383,0.09430390,0.02230033,0.00146507,32.75029214,0.00000000,46.53748085,38.30976159,0.18886428,-0.49133226,1.31751093,0.19553589,-0.49291713,1.32055930,8.13556243,0.00000001
4.30000000,LIFT_LEG,0.00166117,-0.00801845,0.00380801,-0.07685661,0.06409980,0.31553378,-0.08034510,0.06030116,0.09432047,0.02241047,0.00157521,32.66673144,0.00000000,46.56901470,38.34677483,0.18896363,-0.49180799,1.31858792,0.19562612,-0.49339245,1.32162380,8.13502259,0.00000001
4.31000000,LIFT_LEG,0.00170673,-0.00799914,0.00369609,-0.07686383,0.06407770,0.31551734,-0.08035356,0.06028051,0.09433395,0.02252899,0.00169373,32.57285489,0.00000000,46.59384386,38.36750285,0.18906609,-0.49228066,1.31965524,0.19571486,-0.49385905,1.32266899,8.13437878,0.00000001
4.32000000,LIFT_LEG,0.00174121,-0.00798614,0.00360656,-0.07687286,0.06405828,0.31550466,-0.08036366,0.06026219,0.09434499,0.02265332,0.00181806,32.47638818,0.00000000,46.61510529,38.37636606,0.18916835,-0.49274892,1.32070686,0.19580171,-0.49431487,1.32369024,8.13390593,0.00000001
4.33000000,LIFT_LEG,0.00176546,-0.00797785,0.00354024,-0.07688310,0.06404180,0.31549520,-0.08037483,0.06024647,0.09435425,0.02278142,0.00194616,32.38379651,0.00000000,46.63617975,38.37665492,0.18926827,-0.49320992,1.32173804,0.19588635,-0.49475833,1.32468401,8.13390719,0.00000001
4.34000000,LIFT_LEG,0.00178017,-0.00797304,0.00349710,-0.07689397,0.06402846,0.31548836,-0.08038653,0.06023355,0.09436232,0.02291162,0.00207636,32.30008740,0.00000000,46.65973993,38.37023054,0.18936469,-0.49366074,1.32274499,0.19596855,-0.49518820,1.32564752,8.13461311,0.00000001
4.35000000,LIFT_LEG,0.00178600,-0.00797071,0.00347632,-0.07690495,0.06401837,0.31548357,-0.08039825,0.06022356,0.09436970,0.02304256,0.00220730,32.22912082,0.00000000,46.68795635,38.35734588,0.18945708,-0.49409905,1.32372453,0.19604807,-0.49560344,1.32657839,8.13620702,0.00000008
4.36000000,LIFT_LEG,0.00178360,-0.00797003,0.00347647,-0.07691559,0.06401157,0.31548038,-0.08040958,0.06021657,0.09437682,0.02317303,0.00233777,32.17102185,0.00000000,46.71996177,38.33973746,0.18954523,-0.49452310,1.32467391,0.19612474,-0.49600311,1.32747454,8.13851126,0.00000001
4.37000000,LIFT_LEG,0.00177371,-0.00797030,0.00349564,-0.07692550,0.06400802,0.31547841,-0.08042014,0.06021256,0.09438399,0.02330201,0.00246675,32.12778010,0.00000000,46.75737738,38.31574591,0.18962910,-0.49493169,1.32559069,0.19619838,-0.49638639,1.32833409,8.14165525,0.00000001
4.38000000,LIFT_LEG,0.00175728,-0.00797108,0.00353162,-0.07693441,0.06400761,0.31547739,-0.08042967,0.06021144,0.09439146,0.02342864,0.00259338,32.09763384,0.00000000,46.79900576,38.28599514,0.18970871,-0.49532396,1.32647267,0.19626883,-0.49675252,1.32915532,8.14543233,0.00000001
4.39000000,LIFT_LEG,0.00173524,-0.00797205,0.00358198,-0.07694210,0.06401012,0.31547718,-0.08043797,0.06021305,0.09439939,0.02355219,0.00271693,32.07881737,0.00000000,46.84395522,38.25065683,0.18978403,-0.49569919,1.32731791,0.19633594,-0.49710085,1.32993676,8.14967904,0.00000001
4.40000000,LIFT_LEG,0.00170860,-0.00797303,0.00364422,-0.07694844,0.06401529,0.31547769,-0.08044490,0.06021715,0.09440790,0.02367210,0.00283684,32.06907448,0.00000000,46.89110264,38.21014846,0.18985511,-0.49605681,1.32812474,0.19639961,-0.49743084,1.33067716,8.15421101,0.00000001
4.41000000,LIFT_LEG,0.00167837,-0.00797394,0.00371582,-0.07695335,0.06402279,0.31547889,-0.08045039,0.06022347,0.09441703,0.02378788,0.00295262,32.06606230,0.00000000,46.93924389,38.16509006,0.18992200,-0.49639631,1.32889173,0.19645973,-0.49774203,1.33137549,8.15884311,0.00000001
4.42000000,LIFT_LEG,0.00164556,-0.00797472,0.00379434,-0.07695679,0.06403225,0.31548075,-0.08045440,0.06023166,0.09442680,0.02389914,0.00306388,32.06760329,0.00000000,46.98716540,38.11629652,0.18998482,-0.49671728,1.32961768,0.19651621,-0.49803406,1.33203091,8.16339845,0.00000001
4.43000000,LIFT_LEG,0.00161114,-0.00797533,0.00387748,-0.07695877,0.06404327,0.31548329,-0.08045695,0.06024137,0.09443722,0.02400554,0.00317028,32.07185399,0.00000000,47.03369667,38.06475243,0.19004372,-0.49701937,1.33030160,0.19656899,-0.49830663,1.33264273,8.16771442,0.00000001
4.44000000,LIFT_LEG,0.00157607,-0.00797568,0.00396308,-0.07695933,0.06405541,0.31548648,-0.08045807,0.06025221,0.09444825,0.02410674,0.00327148,32.07739388,0.00000000,47.07774920,38.01157904,0.19009883,-0.49730227,1.33094268,0.19661801,-0.49855950,1.33321041,8.17164645,0.00000001
4.45000000,LIFT_LEG,0.00154126,-0.00797565,0.00404918,-0.07695852,0.06406826,0.31549027,-0.08045782,0.06026379,0.09445986,0.02420240,0.00336714,32.08324809,0.00000000,47.11834625,37.95799290,0.19015028,-0.49756576,1.33154025,0.19666322,-0.49879250,1.33373354,8.17507013,0.00000000
4.46000000,LIFT_LEG,0.00150759,-0.00797506,0.00413400,-0.07695641,0.06408140,0.31549460,-0.08045627,0.06027572,0.09447200,0.02429215,0.00345689,32.08886013,0.00000000,47.15464567,37.90525683,0.19019815,-0.49780966,1.33209381,0.19670458,-0.49900551,1.33421183,8.17788237,0.00000000
4.47000000,LIFT_LEG,0.00147588,-0.00797366,0.00421596,-0.07695308,0.06409443,0.31549937,-0.08045350,0.06028763,0.09448465,0.02437560,0.00354034,32.09403074,0.00000000,47.18595635,37.85462587,0.19024247,-0.49803383,1.33260296,0.19674209,-0.49919848,1.33464516,8.18000177,0.00000000
4.48000000,LIFT_LEG,0.00144690,-0.00797121,0.00429366,-0.07694860,0.06410698,0.31550444,-0.08044959,0.06029917,0.09449775,0.02445237,0.00361711,32.09883713,0.00000000,47.21174833,37.80729256,0.19028323,-0.49823821,1.33306747,0.19677573,-0.49937144,1.33503358,8.18136843,0.00000000
4.49000000,LIFT_LEG,0.00142133,-0.00796743,0.00436589,-0.07694306,0.06411871,0.31550966,-0.08044464,0.06031003,0.09451128,0.02452206,0.00368680,32.10354473,0.00000000,47.23165623,37.76433617,0.19032038,-0.49842281,1.33348729,0.19680552,-0.49952451,1.33537737,8.18194317,0.00000000
4.50000000,LIFT_LEG,0.00139977,-0.00796205,0.00443161,-0.07693655,0.06412933,0.31551489,-0.08043872,0.06031992,0.09452520,0.02458432,0.00374906,32.10852126,0.00000000,47.24547640,37.72667995,0.19035383,-0.49858770,1.33386255,0.19683150,-0.49965793,1.33567706,8.18170631,0.00000000
4.51000000,LIFT_LEG,0.00138273,-0.00795482,0.00448995,-0.07692915,0.06413858,0.31551994,-0.08043193,0.06032861,0.09453948,0.02463883,0.00380357,32.11416059,0.00000000,47.25315816,37.69505925,0.19038353,-0.49873308,1.33419363,0.19685374,-0.49977209,1.33593347,8.18065613,0.00000000
4.52000000,LIFT_LEG,0.00137059,-0.00794556,0.00454018,-0.07692095,0.06414626,0.31552466,-0.08042437,0.06033589,0.09455408,0.02468537,0.00385011,32.12082743,0.00000000,47.25476336,37.67004407,0.19040940,-0.49885926,1.33448118,0.19687233,-0.49986749,1.33614778,8.17880280,0.00000002
4.53000000,LIFT_LEG,0.00136364,-0.00793409,0.00458176,-0.07691204,0.06415220,0.31552890,-0.08041611,0.06034161,0.09456899,0.02472381,0.00388855,32.12878330,0.00000000,47.25051055,37.65178217,0.19043145,-0.49896664,1.33472617,0.19688740,-0.49994481,1.33632147,8.17617758,0.00000000
4.54000000,LIFT_LEG,0.00136201,-0.00792035,0.00461431,-0.07690250,0.06415631,0.31553255,-0.08040725,0.06034567,0.09458416,0.02475410,0.00391884,32.13822197,0.00000000,47.24084852,37.64060387,0.19044965,-0.49905585,1.33492987,0.19689912,-0.50000489,1.33645644,8.17283726,0.00000000
4.55000000,LIFT_LEG,0.00136573,-0.00790432,0.00463758,-0.07689243,0.06415852,0.31553550,-0.08039788,0.06034800,0.09459956,0.02477636,0.00394110,32.14918717,0.00000000,47.22601379,37.63628709,0.19046411,-0.49912760,1.33509394,0.19690768,-0.50004874,1.33655496,8.16881065,0.00000000
4.56000000,LIFT_LEG,0.00137473,-0.00788604,0.00465151,-0.07688191,0.06415882,0.31553767,-0.08038809,0.06034857,0.09461514,0.02479080,0.00395554,32.16163188,0.00000000,47.20652623,37.63857480,0.19047495,-0.49918279,1.33522041,0.19691330,-0.50007756,1.33661970,8.16416425,0.00000000
4.57000000,LIFT_LEG,0.00138878,-0.00786562,0.00465618,-0.07687104,0.06415722,0.31553903,-0.08037796,0.06034741,0.09463088,0.02479777,0.00396251,32.17488270,0.00000000,47.18288107,37.64758960,0.19048235,-0.49922249,1.33531168,0.19691625,-0.50009268,1.33665368,8.15896343,0.00000008
4.58000000,LIFT_LEG,0.00140759,-0.00784323,0.00465185,-0.07685989,0.06415379,0.31553955,-0.08036759,0.06034457,0.09464671,0.02479774,0.00396248,32.19055146,0.00000000,47.15568290,37.66076583,0.19048658,-0.49924795,1.33537054,0.19691688,-0.50009592,1.33666096,8.15328281,0.00000010
4.59000000,LIFT_LEG,0.00143079,-0.00781908,0.00463893,-0.07684857,0.06414864,0.31553926,-0.08035704,0.06034012,0.09466260,0.02479129,0.00395603,32.20583718,0.00000000,47.12552285,37.68038212,0.19048792,-0.49926054,1.33540007,0.19691534,-0.50008804,1.33664325,8.14719952,0.00000006
4.60000000,LIFT_LEG,0.00145793,-0.00779345,0.00461797,-0.07683714,0.06414189,0.31553818,-0.08034640,0.06033420,0.09467848,0.02477909,0.00394383,32.22233745,0.00000000,47.09304246,37.70368551,0.19048672,-0.49926182,1.33540382,0.19691216,-0.50007175,1.33660666,8.14079459,0.00000000
4.61000000,LIFT_LEG,0.00148849,-0.00776663,0.00458967,-0.07682569,0.06413369,0.31553637,-0.08033576,0.06032692,0.09469431,0.02476192,0.00392666,32.23917866,0.00000000,47.05866072,37.73005434,0.19048332,-0.49925347,1.33538560,0.19690767,-0.50004871,1.33655489,8.13413663,0.00000007
4.62000000,LIFT_LEG,0.00152186,-0.00773888,0.00455482,-0.07681431,0.06412422,0.31553391,-0.08032518,0.06031845,0.09471003,0.02474065,0.00390539,32.25567206,0.00000000,47.02303650,37.75956627,0.19047815,-0.49923730,1.33534960,0.19690226,-0.50002099,1.33649260,8.12731293,0.00000009
4.63000000,HOLD_LEG,0.00155742,-0.00771048,0.00451433,-0.07680305,0.06411369,0.31553088,-0.08031473,0.06030897,0.09472558,0.02471617,0.00388091,32.27109793,0.00000000,46.98670026,37.79186604,0.19047164,-0.49921528,1.33530025,0.19689636,-0.49999075,1.33642467,8.12040191,0.00000000
4.64000000,HOLD_LEG,0.00159455,-0.00768172,0.00446918,-0.07679199,0.06410228,0.31552736,-0.08030446,0.06029866,0.09474092,0.02468941,0.00385415,32.28674186,0.00000000,46.95031265,37.82460209,0.19046430,-0.49918937,1.33524189,0.19689026,-0.49995948,1.33635442,8.11349128,0.00000000
4.65000000,HOLD_LEG,0.00163260,-0.00765293,0.00442041,-0.07678118,0.06409023,0.31552345,-0.08029445,0.06028772,0.09475599,0.02466118,0.00382592,32.30161264,0.00000000,46.91444983,37.85778727,0.19045653,-0.49916109,1.33517775,0.19688407,-0.49992771,1.33628305,8.10666473,0.00000000
4.66000000,HOLD_LEG,0.00167092,-0.00762442,0.00436909,-0.07677069,0.06407774,0.31551927,-0.08028474,0.06027634,0.09477074,0.02463215,0.00379689,32.31554805,0.00000000,46.87963605,37.89063951,0.19044867,-0.49913146,1.33511012,0.19687786,-0.49989590,1.33621160,8.09999985,0.00000000
4.67000000,HOLD_LEG,0.00170888,-0.00759648,0.00431630,-0.07676056,0.06406502,0.31551490,-0.08027536,0.06026473,0.09478512,0.02460288,0.00376762,32.32838478,0.00000000,46.84632924,37.92252114,0.19044092,-0.49910123,1.33504075,0.19687174,-0.49986448,1.33614103,8.09356575,0.00000000
4.68000000,HOLD_LEG,0.00174592,-0.00756936,0.00426311,-0.07675084,0.06405230,0.31551045,-0.08026638,0.06025306,0.09479910,0.02457388,0.00373862,32.33999701,0.00000000,46.81492107,37.95288823,0.19043343,-0.49907095,1.33497104,0.19686577,-0.49983386,1.33607224,8.08742353,0.00000000
4.69000000,HOLD_LEG,0.00178152,-0.00754331,0.00421054,-0.07674157,0.06403977,0.31550602,-0.08025780,0.06024154,0.09481261,0.02454557,0.00371031,32.35031404,0.00000000,46.78574860,37.98127177,0.19042628,-0.49904110,1.33490216,0.19686003,-0.49980439,1.33600604,8.08162747,0.00000000
4.70000000,HOLD_LEG,0.00181523,-0.00751852,0.00415957,-0.07673279,0.06402763,0.31550168,-0.08024968,0.06023034,0.09482564,0.02451831,0.00368305,32.35932116,0.00000000,46.75910439,38.00727032,0.19041951,-0.49901205,1.33483509,0.19685457,-0.49977639,1.33594314,8.07622581,0.00000000
4.71000000,HOLD_LEG,0.00184666,-0.00749517,0.00411109,-0.07672452,0.06401603,0.31549751,-0.08024202,0.06021961,0.09483814,0.02449244,0.00365718,32.36704875,0.00000000,46.73524099,38.03054923,0.19041316,-0.49898415,1.33477067,0.19684945,-0.49975014,1.33588417,8.07126088,0.00000000
4.72000000,HOLD_LEG,0.00187545,-0.00747338,0.00406588,-0.07671679,0.06400514,0.31549357,-0.08023485,0.06020950,0.09485007,0.02446823,0.00363297,32.37434147,0.00000000,46.71437375,38.04992728,0.19040727,-0.49895769,1.33470963,0.19684472,-0.49972586,1.33582964,8.06676858,0.00000010
4.73000000,HOLD_LEG,0.00190134,-0.00745330,0.00402466,-0.07670961,0.06399508,0.31548992,-0.08022819,0.06020013,0.09486143,0.02444589,0.00361063,32.37934041,0.00000000,46.69669452,38.06750895,0.19040188,-0.49893293,1.33465258,0.19684042,-0.49970376,1.33577998,8.06277939,0.00000008
4.74000000,HOLD_LEG,0.00192408,-0.00743498,0.00398796,-0.07670300,0.06398598,0.31548659,-0.08022203,0.06019161,0.09487217,0.02442562,0.00359036,32.38341389,0.00000000,46.68223506,38.08149243,0.19039698,-0.49891006,1.33460003,0.19683656,-0.49968397,1.33573554,8.05930885,0.00000006
4.75000000,HOLD_LEG,0.00194353,-0.00741846,0.00395624,-0.07669696,0.06397792,0.31548362,-0.08021640,0.06018403,0.09488229,0.02440756,0.00357230,32.38645670,0.00000000,46.67112479,38.09218097,0.19039263,-0.49888927,1.33455239,0.19683318,-0.49966661,1.33569654,8.05637420,0.00000004
4.76000000,HOLD_LEG,0.00195960,-0.00740379,0.00392982,-0.07669150,0.06397096,0.31548103,-0.08021128,0.06017744,0.09489177,0.02439179,0.00355653,32.38898563,0.00000000,46.66335631,38.09897769,0.19038886,-0.49887070,1.33450996,0.19683028,-0.49965173,1.33566312,8.05397828,0.00000007
4.77000000,HOLD_LEG,0.00197229,-0.00739100,0.00390888,-0.07668661,0.06396514,0.31547884,-0.08020668,0.06017190,0.09490059,0.02437837,0.00354311,32.39019293,0.00000000,46.65893430,38.10304086,0.19038566,-0.49885444,1.33447293,0.19682787,-0.49963935,1.33563531,8.05212015,0.00000007
4.78000000,HOLD_LEG,0.00198157,-0.00738002,0.00389349,-0.07668230,0.06396050,0.31547704,-0.08020260,0.06016742,0.09490875,0.02436731,0.00353205,32.39026142,0.00000000,46.65754150,38.10385687,0.19038300,-0.49884048,1.33444144,0.19682595,-0.49962946,1.33561310,8.05077448,0.00000003
4.79000000,HOLD_LEG,0.00198755,-0.00737080,0.00388358,-0.07667856,0.06395702,0.31547563,-0.08019903,0.06016401,0.09491625,0.02435858,0.00352332,32.39051339,0.00000000,46.65931043,38.10080689,0.19038094,-0.49882890,1.33441548,0.19682449,-0.49962199,1.33559632,8.04994060,0.00000000
4.80000000,HOLD_LEG,0.00199044,-0.00736334,0.00387903,-0.07667537,0.06395467,0.31547461,-0.08019596,0.06016164,0.09492309,0.02435212,0.00351686,32.38947974,0.00000000,46.66399437,38.09555894,0.19037945,-0.49881969,1.33439498,0.19682349,-0.49961684,1.33558475,8.04958749,0.00000000
4.81000000,HOLD_LEG,0.00199041,-0.00735757,0.00387959,-0.07667272,0.06395343,0.31547395,-0.08019338,0.06016028,0.09492927,0.02434785,0.00351259,32.38765668,0.00000000,46.67114418,38.08769741,0.19037848,-0.49881278,1.33437986,0.19682291,-0.49961390,1.33557814,8.04965896,0.00000000
4.82000000,HOLD_LEG,0.00198770,-0.00735339,0.00388491,-0.07667059,0.06395321,0.31547365,-0.08019128,0.06015988,0.09493479,0.02434562,0.00351036,32.38487133,0.00000000,46.68129996,38.07798492,0.19037802,-0.49880805,1.33436985,0.19682278,-0.49961320,1.33557658,8.05021841,0.00000006
4.83000000,HOLD_LEG,0.00198256,-0.00735073,0.00389461,-0.07666897,0.06395395,0.31547367,-0.08018963,0.06016037,0.09493968,0.02434526,0.00351000,32.38139357,0.00000000,46.69282762,38.06628635,0.19037799,-0.49880531,1.33436440,0.19682293,-0.49961400,1.33557836,8.05105543,0.00000000
4.84000000,HOLD_LEG,0.00197526,-0.00734943,0.00390819,-0.07666783,0.06395556,0.31547397,-0.08018843,0.06016167,0.09494395,0.02434664,0.00351138,32.37730802,0.00000000,46.70646147,38.05289147,0.19037837,-0.49880446,1.33436342,0.19682346,-0.49961669,1.33558442,8.05225679,0.00000000
4.85000000,HOLD_LEG,0.00196615,-0.00734932,0.00392515,-0.07666715,0.06395794,0.31547453,-0.08018764,0.06016369,0.09494762,0.02434957,0.00351431,32.37264917,0.00000000,46.72137019,38.03818468,0.19037917,-0.49880540,1.33436664,0.19682427,-0.49962085,1.33559376,8.05371396,0.00000000
4.86000000,HOLD_LEG,0.00195551,-0.00735028,0.00394495,-0.07666689,0.06396098,0.31547530,-0.08018726,0.06016633,0.09495072,0.02435382,0.00351856,32.36748626,0.00000000,46.73749703,38.02262880,0.19038032,-0.49880793,1.33437343,0.19682532,-0.49962625,1.33560589,8.05541153,0.00000000
4.87000000,HOLD_LEG,0.00194371,-0.00735214,0.00396702,-0.07666703,0.06396457,0.31547624,-0.08018724,0.06016950,0.09495327,0.02435917,0.00352392,32.36187811,0.00000000,46.75446304,38.00658136,0.19038176,-0.49881183,1.33438332,0.19682657,-0.49963267,1.33562031,8.05729298,0.00000000
4.88000000,HOLD_LEG,0.00193105,-0.00735478,0.00399079,-0.07666753,0.06396859,0.31547732,-0.08018756,0.06017308,0.09495532,0.02436542,0.00353016,32.35590262,0.00000000,46.77194337,37.99039078,0.19038343,-0.49881690,1.33439582,0.19682798,-0.49963988,1.33563651,8.05930930,0.00000000
4.89000000,HOLD_LEG,0.00191788,-0.00735802,0.00401569,-0.07666835,0.06397293,0.31547848,-0.08018818,0.06017698,0.09495691,0.02437232,0.00353706,32.34964737,0.00000000,46.78962663,37.97438276,0.19038529,-0.49882292,1.33441043,0.19682949,-0.49964765,1.33565396,8.06141304,0.00000000
4.90000000,HOLD_LEG,0.00190450,-0.00736173,0.00404116,-0.07666946,0.06397747,0.31547969,-0.08018908,0.06018108,0.09495807,0.02437967,0.00354441,32.34320477,0.00000000,46.80721637,37.95885771,0.19038727,-0.49882966,1.33442663,0.19683107,-0.49965576,1.33567218,8.06355847,0.00000000
4.91000000,HOLD_LEG,0.00189121,-0.00736574,0.00406667,-0.07667081,0.06398211,0.31548092,-0.08019022,0.06018530,0.09495884,0.02438725,0.00355199,32.33666818,0.00000000,46.82443534,37.94408792,0.19038932,-0.49883692,1.33444393,0.19683267,-0.49966400,1.33569067,8.06570215,0.00000000
4.92000000,HOLD_LEG,0.00187827,-0.00736991,0.00409174,-0.07667237,0.06398674,0.31548211,-0.08019156,0.06018952,0.09495929,0.02439487,0.00355961,32.33012910,0.00000000,46.84102909,37.93031421,0.19039139,-0.49884448,1.33446183,0.19683426,-0.49967216,1.33570900,8.06780344,0.00000000
4.93000000,HOLD_LEG,0.00186594,-0.00737412,0.00411590,-0.07667410,0.06399127,0.31548325,-0.08019307,0.06019366,0.09495944,0.02440232,0.00356706,32.32367522,0.00000000,46.85676861,37.91774276,0.19039343,-0.49885216,1.33447989,0.19683580,-0.49968006,1.33572675,8.06982499,0.00000000
4.94000000,HOLD_LEG,0.00185444,-0.00737822,0.00413874,-0.07667594,0.06399559,0.31548429,-0.08019470,0.06019763,0.09495936,0.02440946,0.00357420,32.31738918,0.00000000,46.87145238,37.90654256,0.19039539,-0.49885976,1.33449766,0.19683726,-0.49968754,1.33574355,8.07173313,0.00000000
4.95000000,HOLD_LEG,0.00184394,-0.00738210,0.00415991,-0.07667786,0.06399965,0.31548523,-0.08019643,0.06020138,0.09495909,0.02441611,0.00358085,32.31071495,0.00000000,46.88487473,37.89751300,0.19039724,-0.49886710,1.33451475,0.19683861,-0.49969445,1.33575907,8.07349629,0.00000010
4.96000000,HOLD_LEG,0.00183459,-0.00738565,0.00417911,-0.07667982,0.06400336,0.31548602,-0.08019820,0.06020482,0.09495868,0.02442216,0.00358690,32.30522267,0.00000000,46.89695834,37.88916849,0.19039896,-0.49887405,1.33453081,0.19683982,-0.49970066,1.33577303,8.07509308,0.00000008
4.97000000,HOLD_LEG,0.00182655,-0.00738881,0.00419610,-0.07668178,0.06400667,0.31548667,-0.08019999,0.06020791,0.09495818,0.02442749,0.00359223,32.30001307,0.00000000,46.90758301,37.88259896,0.19040050,-0.49888047,1.33454553,0.19684087,-0.49970608,1.33578520,8.07650127,0.00000007
4.98000000,HOLD_LEG,0.00181990,-0.00739151,0.00421069,-0.07668369,0.06400955,0.31548716,-0.08020176,0.06021061,0.09495764,0.02443202,0.00359676,32.29519286,0.00000000,46.91664305,37.87772427,0.19040185,-0.49888624,1.33455864,0.19684176,-0.49971062,1.33579539,8.07770237,0.00000005
4.99000000,HOLD_LEG,0.00181468,-0.00739367,0.00422276,-0.07668553,0.06401194,0.31548749,-0.08020347,0.06021287,0.09495710,0.02443568,0.00360042,32.29090732,0.00000000,46.92406148,37.87437323,0.19040296,-0.49889125,1.33456994,0.19684246,-0.49971423,1.33580350,8.07868250,0.00000004
5.00000000,HOLD_LEG,0.00181091,-0.00739526,0.00423224,-0.07668725,0.06401384,0.31548764,-0.08020509,0.06021469,0.09495660,0.02443843,0.00360317,32.28713496,0.00000000,46.93005634,37.87270503,0.19040384,-0.49889538,1.33457915,0.19684297,-0.49971688,1.33580945,8.07946203,0.00000003
5.01000000,HOLD_LEG,0.00180860,-0.00739624,0.00423911,-0.07668883,0.06401524,0.31548763,-0.08020659,0.06021604,0.09495618,0.02444025,0.00360499,32.28373416,0.00000000,46.93391434,37.87273489,0.19040449,-0.49889866,1.33458635,0.19684327,-0.49971841,1.33581290,8.07994509,0.00000004
5.02000000,HOLD_LEG,0.00180773,-0.00739658,0.00424342,-0.07669024,0.06401612,0.31548747,-0.08020795,0.06021693,0.09495587,0.02444115,0.00360589,32.28102606,0.00000000,46.93655148,37.87402608,0.19040491,-0.49890104,1.33459141,0.19684341,-0.49971911,1.33581448,8.08024694,0.00000003
5.03000000,HOLD_LEG,0.00180824,-0.00739628,0.00424525,-0.07669144,0.06401650,0.31548715,-0.08020913,0.06021737,0.09495572,0.02444115,0.00360589,32.27892098,0.00000000,46.93814293,37.87653967,0.19040511,-0.49890254,1.33459444,0.19684341,-0.49971911,1.33581448,8.08038642,0.00000006
5.04000000,HOLD_LEG,0.00181009,-0.00739535,0.00424475,-0.07669243,0.06401641,0.31548671,-0.08021012,0.06021736,0.09495574,0.02444027,0.00360501,32.27711533,0.00000000,46.93778727,37.88059729,0.19040510,-0.49890318,1.33459539,0.19684320,-0.49971801,1.33581200,8.08024448,0.00000010
5.05000000,HOLD_LEG,0.00181311,-0.00739382,0.00424207,-0.07669319,0.06401585,0.31548615,-0.08021089,0.06021692,0.09495595,0.02443856,0.00360330,32.27576962,0.00000000,46.93568874,37.88572774,0.19040483,-0.49890286,1.33459411,0.19684277,-0.49971585,1.33580715,8.07984979,0.00000008
5.06000000,HOLD_LEG,0.00181719,-0.00739169,0.00423740,-0.07669369,0.06401488,0.31548549,-0.08021144,0.06021610,0.09495639,0.02443608,0.00360082,32.27582363,0.00000000,46.93180614,37.89065904,0.19040436,-0.49890164,1.33459081,0.19684217,-0.49971272,1.33580012,8.07919465,0.00000006
5.07000000,HOLD_LEG,0.00182220,-0.00738900,0.00423095,-0.07669393,0.06401352,0.31548475,-0.08021175,0.06021492,0.09495706,0.02443288,0.00359762,32.27605062,0.00000000,46.92764780,37.89688871,0.19040370,-0.49889956,1.33458552,0.19684146,-0.49970913,1.33579204,8.07846859,0.00000007
5.08000000,HOLD_LEG,0.00182803,-0.00738579,0.00422296,-0.07669390,0.06401183,0.31548394,-0.08021182,0.06021343,0.09495797,0.02442908,0.00359382,32.27614266,0.00000000,46.92237501,37.90444461,0.19040289,-0.49889673,1.33457856,0.19684064,-0.49970488,1.33578251,8.07756502,0.00000000
5.09000000,HOLD_LEG,0.00183454,-0.00738210,0.00421369,-0.07669359,0.06400985,0.31548308,-0.08021163,0.06021167,0.09495913,0.02442475,0.00358949,32.27775455,0.00000000,46.91619437,37.91111089,0.19040194,-0.49889322,1.33457008,0.19683970,-0.49970008,1.33577173,8.07651352,0.00000004
5.10000000,HOLD_LEG,0.00184159,-0.00737800,0.00420338,-0.07669303,0.06400764,0.31548220,-0.08021119,0.06020968,0.09496053,0.02441997,0.00358471,32.27985575,0.00000000,46.90929129,37.91799705,0.19040087,-0.49888911,1.33456024,0.19683868,-0.49969482,1.33575991,8.07533799,0.00000009
5.11000000,HOLD_LEG,0.00184903,-0.00737354,0.00419231,-0.07669219,0.06400523,0.31548131,-0.08021050,0.06020751,0.09496218,0.02441485,0.00357959,32.28132259,0.00000000,46.90180975,37.92620425,0.19039969,-0.49888448,1.33454924,0.19683758,-0.49968919,1.33574725,8.07405970,0.00000000
5.12000000,HOLD_LEG,0.00185672,-0.00736877,0.00418073,-0.07669111,0.06400269,0.31548043,-0.08020957,0.06020521,0.09496407,0.02440947,0.00357421,32.28433882,0.00000000,46.89387518,37.93288848,0.19039842,-0.49887940,1.33453729,0.19683643,-0.49968328,1.33573399,8.07269805,0.00000004
5.13000000,HOLD_LEG,0.00186451,-0.00736377,0.00416890,-0.07668978,0.06400007,0.31547958,-0.08020842,0.06020282,0.09496617,0.02440393,0.00356867,32.28765452,0.00000000,46.88566586,37.93943793,0.19039710,-0.49887398,1.33452460,0.19683524,-0.49967720,1.33572033,8.07127706,0.00000008
5.14000000,HOLD_LEG,0.00187229,-0.00735858,0.00415704,-0.07668823,0.06399740,0.31547877,-0.08020705,0.06020038,0.09496849,0.02439831,0.00356305,32.29029975,0.00000000,46.87731319,37.94678725,0.19039574,-0.49886829,1.33451138,0.19683404,-0.49967104,1.33570648,8.06981763,0.00000000
5.15000000,HOLD_LEG,0.00187994,-0.00735329,0.00414538,-0.07668648,0.06399475,0.31547802,-0.08020548,0.06019795,0.09497099,0.02439270,0.00355744,32.29419427,0.00000000,46.86892986,37.95244549,0.19039436,-0.49886243,1.33449783,0.19683284,-0.49966487,1.33569264,8.06833836,0.00000003
5.16000000,HOLD_LEG,0.00188734,-0.00734794,0.00413412,-0.07668455,0.06399214,0.31547734,-0.08020373,0.06019555,0.09497365,0.02438717,0.00355191,32.29834956,0.00000000,46.86068386,37.95754736,0.19039299,-0.49885649,1.33448416,0.19683166,-0.49965879,1.33567898,8.06686173,0.00000009
5.17000000,HOLD_LEG,0.00189440,-0.00734259,0.00412344,-0.07668245,0.06398962,0.31547673,-0.08020182,0.06019323,0.09497646,0.02438181,0.00354655,32.30176369,0.00000000,46.85263193,37.96299444,0.19039164,-0.49885054,1.33447055,0.19683050,-0.49965287,1.33566567,8.06540286,0.00000002
5.18000000,HOLD_LEG,0.00190103,-0.00733731,0.00411349,-0.07668023,0.06398722,0.31547621,-0.08019978,0.06019102,0.09497938,0.02437667,0.00354141,32.30547725,0.00000000,46.84494167,37.96762709,0.19039034,-0.49884466,1.33445718,0.19682940,-0.49964717,1.33565287,8.06398261,0.00000000
5.19000000,HOLD_LEG,0.00190717,-0.00733214,0.00410439,-0.07667790,0.06398498,0.31547578,-0.08019763,0.06018893,0.09498239,0.02437181,0.00353655,32.30987324,0.00000000,46.83761518,37.97062610,0.19038909,-0.49883892,1.33444420,0.19682834,-0.49964175,1.33564071,8.06261052,0.00000004
5.20000000,HOLD_LEG,0.00191275,-0.00732711,0.00409626,-0.07667549,0.06398291,0.31547544,-0.08019540,0.06018700,0.09498545,0.02436728,0.00353202,32.31380425,0.00000000,46.83080048,37.97348937,0.19038792,-0.49883339,1.33443177,0.19682735,-0.49963667,1.33562929,8.06130537,0.00000003
5.21000000,HOLD_LEG,0.00191774,-0.00732228,0.00408916,-0.07667303,0.06398103,0.31547519,-0.08019311,0.06018525,0.09498855,0.02436310,0.00352784,32.31790823,0.00000000,46.82457664,37.97543386,0.19038683,-0.49882812,1.33441999,0.19682643,-0.49963196,1.33561871,8.06007997,0.00000006
5.22000000,HOLD_LEG,0.00192212,-0.00731769,0.00408314,-0.07667055,0.06397937,0.31547503,-0.08019079,0.06018369,0.09499165,0.02435932,0.00352406,32.32147468,0.00000000,46.81894091,37.97706171,0.19038582,-0.49882317,1.33440897,0.19682559,-0.49962765,1.33560903,8.05894071,0.00000003
5.23000000,HOLD_LEG,0.00192582,-0.00731334,0.00407823,-0.07666807,0.06397792,0.31547495,-0.08018846,0.06018232,0.09499472,0.02435594,0.00352068,32.32466311,0.00000000,46.81389620,37.97814321,0.19038490,-0.49881854,1.33439881,0.19682484,-0.49962377,1.33560031,8.05789431,0.00000006
5.24000000,HOLD_LEG,0.00192887,-0.00730924,0.00407441,-0.07666563,0.06397670,0.31547495,-0.08018616,0.06018116,0.09499774,0.02435298,0.00351772,32.32808347,0.00000000,46.80958197,37.97823642,0.19038409,-0.49881431,1.33438956,0.19682417,-0.49962033,1.33559258,8.05695468,0.00000010
5.25000000,HOLD_LEG,0.00193132,-0.00730546,0.00407169,-0.07666324,0.06397570,0.31547503,-0.08018390,0.06018021,0.09500068,0.02435045,0.00351519,32.33157867,0.00000000,46.80656173,37.97743217,0.19038341,-0.49881055,1.33438139,0.19682363,-0.49961759,1.33558644,8.05619503,0.00000009
5.26000000,HOLD_LEG,0.00193318,-0.00730202,0.00407003,-0.07666094,0.06397493,0.31547517,-0.08018171,0.06017946,0.09500352,0.02434832,0.00351306,32.33441061,0.00000000,46.80354666,37.97652215,0.19038282,-0.49880719,1.33437409,0.19682313,-0.49961498,1.33558058,8.05545673,0.00000007
5.27000000,HOLD_LEG,0.00193445,-0.00729892,0.00406936,-0.07665874,0.06397436,0.31547537,-0.08017961,0.06017890,0.09500624,0.02434659,0.00351133,32.33761417,0.00000000,46.80126619,37.97432427,0.19038231,-0.49880422,1.33436773,0.19682270,-0.49961282,1.33557572,8.05483439,0.00000006
5.28000000,HOLD_LEG,0.00193518,-0.00729619,0.00406961,-0.07665667,0.06397400,0.31547561,-0.08017763,0.06017853,0.09500881,0.02434526,0.00351000,32.33931326,0.00000000,46.79922210,37.97313022,0.19038189,-0.49880166,1.33436235,0.19682234,-0.49961093,1.33557148,8.05426502,0.00000006
5.29000000,HOLD_LEG,0.00193540,-0.00729378,0.00407071,-0.07665475,0.06397383,0.31547590,-0.08017577,0.06017834,0.09501121,0.02434429,0.00350904,32.34176333,0.00000000,46.79864337,37.97022840,0.19038157,-0.49879952,1.33435796,0.19682211,-0.49960975,1.33556883,8.05391216,0.00000003
5.30000000,HOLD_LEG,0.00193517,-0.00729172,0.00407255,-0.07665298,0.06397383,0.31547621,-0.08017406,0.06017831,0.09501343,0.02434367,0.00350841,32.34291605,0.00000000,46.79808176,37.96829321,0.19038134,-0.49879780,1.33435448,0.19682191,-0.49960873,1.33556654,8.05358421,0.00000003
5.31000000,HOLD_LEG,0.00193454,-0.00728999,0.00407503,-0.07665138,0.06397398,0.31547654,-0.08017251,0.06017842,0.09501547,0.02434335,0.00350809,32.34378107,0.00000000,46.79901101,37.96601270,0.19038119,-0.49879647,1.33435189,0.19682185,-0.49960841,1.33556582,8.05347670,0.00000007
5.32000000,HOLD_LEG,0.00193355,-0.00728857,0.00407805,-0.07664997,0.06397427,0.31547687,-0.08017112,0.06017866,0.09501730,0.02434331,0.00350805,32.34518426,0.00000000,46.79961486,37.96254296,0.19038113,-0.49879549,1.33435008,0.19682178,-0.49960807,1.33556506,8.05335444,0.00000004
5.33000000,HOLD_LEG,0.00193227,-0.00728745,0.00408151,-0.07664874,0.06397468,0.31547720,-0.08016992,0.06017900,0.09501893,0.02434352,0.00350826,32.34532107,0.00000000,46.80081045,37.96014145,0.19038113,-0.49879487,1.33434904,0.19682178,-0.49960807,1.33556506,8.05333378,0.00000004
5.34000000,HOLD_LEG,0.00193072,-0.00728663,0.00408528,-0.07664771,0.06397519,0.31547752,-0.08016889,0.06017944,0.09502036,0.02434391,0.00350865,32.34517370,0.00000000,46.80207687,37.95774101,0.19038118,-0.49879449,1.33434848,0.19682178,-0.49960807,1.33556506,8.05334818,0.00000007
5.35000000,HOLD_LEG,0.00192900,-0.00728608,0.00408927,-0.07664688,0.06397577,0.31547782,-0.08016805,0.06017996,0.09502157,0.02434447,0.00350921,32.34555304,0.00000000,46.80463018,37.95435228,0.19038128,-0.49879441,1.33434862,0.19682191,-0.49960873,1.33556653,8.05355139,0.00000004
5.36000000,HOLD_LEG,0.00192714,-0.00728576,0.00409338,-0.07664624,0.06397641,0.31547809,-0.08016739,0.06018053,0.09502258,0.02434518,0.00350992,32.34456751,0.00000000,46.80706154,37.95231465,0.19038143,-0.49879459,1.33434935,0.19682204,-0.49960941,1.33556807,8.05376513,0.00000006
5.37000000,HOLD_LEG,0.00192521,-0.00728564,0.00409751,-0.07664579,0.06397709,0.31547833,-0.08016692,0.06018114,0.09502338,0.02434600,0.00351074,32.34436325,0.00000000,46.80952454,37.94914241,0.19038163,-0.49879501,1.33435055,0.19682219,-0.49961015,1.33556973,8.05400695,0.00000008
5.38000000,HOLD_LEG,0.00192324,-0.00728572,0.00410159,-0.07664552,0.06397779,0.31547853,-0.08016662,0.06018178,0.09502399,0.02434688,0.00351162,32.34283272,0.00000000,46.81289452,37.94751745,0.19038185,-0.49879565,1.33435218,0.19682241,-0.49961129,1.33557227,8.05438550,0.00000005
5.39000000,HOLD_LEG,0.00192129,-0.00728597,0.00410554,-0.07664543,0.06397849,0.31547869,-0.08016649,0.06018242,0.09502441,0.02434780,0.00351254,32.34121542,0.00000000,46.81623489,37.94583481,0.19038208,-0.49879644,1.33435410,0.19682263,-0.49961243,1.33557484,8.05478230,0.00000010
5.40000000,HOLD_LEG,0.00191938,-0.00728636,0.00410930,-0.07664550,0.06397919,0.31547881,-0.08016652,0.06018305,0.09502465,0.02434874,0.00351348,32.33982555,0.00000000,46.81903490,37.94391709,0.19038233,-0.49879737,1.33435627,0.19682282,-0.49961341,1.33557704,8.05512718,0.00000009
5.41000000,HOLD_LEG,0.00191755,-0.00728688,0.00411281,-0.07664573,0.06397986,0.31547888,-0.08016670,0.06018366,0.09502474,0.02434967,0.00351441,32.33822683,0.00000000,46.82195163,37.94231594,0.19038258,-0.49879837,1.33435857,0.19682301,-0.49961441,1.33557929,8.05550300,0.00000008
5.42000000,HOLD_LEG,0.00191583,-0.00728749,0.00411603,-0.07664609,0.06398049,0.31547891,-0.08016701,0.06018425,0.09502468,0.02435057,0.00351531,32.33676028,0.00000000,46.82573832,37.94068540,0.19038284,-0.49879944,1.33436099,0.19682328,-0.49961575,1.33558230,8.05600481,0.00000003
5.43000000,HOLD_LEG,0.00191424,-0.00728819,0.00411892,-0.07664658,0.06398108,0.31547890,-0.08016745,0.06018479,0.09502449,0.02435142,0.00351616,32.33457137,0.00000000,46.82855615,37.93998372,0.19038308,-0.49880054,1.33436343,0.19682347,-0.49961673,1.33558451,8.05639475,0.00000006
5.44000000,HOLD_LEG,0.00191278,-0.00728894,0.00412144,-0.07664718,0.06398162,0.31547884,-0.08016799,0.06018529,0.09502419,0.02435220,0.00351694,32.33252952,0.00000000,46.83164476,37.93930284,0.19038332,-0.49880164,1.33436583,0.19682367,-0.49961779,1.33558688,8.05682976,0.00000007
5.45000000,HOLD_LEG,0.00191149,-0.00728972,0.00412360,-0.07664787,0.06398209,0.31547875,-0.08016862,0.06018573,0.09502379,0.02435291,0.00351765,32.33068734,0.00000000,46.83414512,37.93863495,0.19038355,-0.49880271,1.33436814,0.19682383,-0.49961860,1.33558870,8.05719574,0.00000009
5.46000000,HOLD_LEG,0.00191036,-0.00729051,0.00412537,-0.07664862,0.06398251,0.31547862,-0.08016932,0.06018612,0.09502331,0.02435354,0.00351828,32.32838093,0.00000000,46.83735132,37.93858992,0.19038375,-0.49880376,1.33437042,0.19682405,-0.49961972,1.33559122,8.05766232,0.00000010
5.47000000,HOLD_LEG,0.00190943,-0.00729131,0.00412677,-0.07664944,0.06398286,0.31547846,-0.08017008,0.06018645,0.09502277,0.02435407,0.00351881,32.32674057,0.00000000,46.83959972,37.93825320,0.19038397,-0.49880477,1.33437252,0.19682418,-0.49962040,1.33559275,8.05800290,0.00000008
5.48000000,HOLD_LEG,0.00190867,-0.00729209,0.00412781,-0.07665029,0.06398315,0.31547827,-0.08017089,0.06018672,0.09502219,0.02435451,0.00351925,32.32471280,0.00000000,46.84187829,37.93846059,0.19038413,-0.49880571,1.33437444,0.19682432,-0.49962110,1.33559432,8.05835354,0.00000009
5.49000000,HOLD_LEG,0.00190809,-0.00729284,0.00412849,-0.07665116,0.06398336,0.31547806,-0.08017171,0.06018693,0.09502158,0.02435486,0.00351960,32.32288993,0.00000000,46.84411006,37.93872290,0.19038428,-0.49880657,1.33437621,0.19682445,-0.49962178,1.33559585,8.05869787,0.00000008
5.50000000,HOLD_LEG,0.00190769,-0.00729355,0.00412885,-0.07665204,0.06398352,0.31547783,-0.08017255,0.06018708,0.09502096,0.02435511,0.00351985,32.32122665,0.00000000,46.84638747,37.93910662,0.19038441,-0.49880736,1.33437778,0.19682458,-0.49962247,1.33559740,8.05904526,0.00000005
5.51000000,HOLD_LEG,0.00190745,-0.00729422,0.00412892,-0.07665291,0.06398361,0.31547760,-0.08017338,0.06018718,0.09502035,0.02435526,0.00352000,32.31904145,0.00000000,46.84777574,37.94024625,0.19038452,-0.49880803,1.33437909,0.19682465,-0.49962280,1.33559814,8.05927794,0.00000006
5.52000000,HOLD_LEG,0.00190734,-0.00729479,0.00412871,-0.07665375,0.06398365,0.31547735,-0.08017419,0.06018722,0.09501975,0.02435534,0.00352008,32.31796623,0.00000000,46.84913533,37.94042101,0.19038459,-0.49880860,1.33438019,0.19682471,-0.49962312,1.33559886,8.05950350,0.00000008
5.53000000,HOLD_LEG,0.00190736,-0.00729527,0.00412826,-0.07665456,0.06398363,0.31547711,-0.08017496,0.06018721,0.09501918,0.02435533,0.00352007,32.31637675,0.00000000,46.85044230,37.94134551,0.19038465,-0.49880908,1.33438110,0.19682478,-0.49962345,1.33559959,8.05971883,0.00000005
5.54000000,HOLD_LEG,0.00190750,-0.00729567,0.00412761,-0.07665531,0.06398357,0.31547687,-0.08017569,0.06018716,0.09501866,0.02435523,0.00351997,32.31499166,0.00000000,46.85112653,37.94238549,0.19038469,-0.49880943,1.33438166,0.19682478,-0.49962345,1.33559959,8.05984675,0.00000008
5.55000000,HOLD_LEG,0.00190774,-0.00729598,0.00412679,-0.07665600,0.06398347,0.31547663,-0.08017636,0.06018708,0.09501820,0.02435506,0.00351980,32.31369148,0.00000000,46.85184268,37.94365745,0.19038471,-0.49880966,1.33438197,0.19682478,-0.49962345,1.33559959,8.05996810,0.00000010
5.56000000,HOLD_LEG,0.00190808,-0.00729620,0.00412582,-0.07665662,0.06398334,0.31547640,-0.08017697,0.06018696,0.09501779,0.02435483,0.00351957,32.31350135,0.00000000,46.85242568,37.94378750,0.19038471,-0.49880981,1.33438213,0.19682478,-0.49962345,1.33559959,8.06006504,0.00000009
5.57000000,HOLD_LEG,0.00190850,-0.00729631,0.00412476,-0.07665716,0.06398317,0.31547619,-0.08017750,0.06018681,0.09501746,0.02435456,0.00351930,32.31268938,0.00000000,46.85282641,37.94471264,0.19038470,-0.49880990,1.33438222,0.19682478,-0.49962345,1.33559959,8.06013335,0.00000006
5.58000000,HOLD_LEG,0.00190901,-0.00729631,0.00412364,-0.07665761,0.06398299,0.31547600,-0.08017795,0.06018665,0.09501720,0.02435426,0.00351900,32.31202556,0.00000000,46.85307015,37.94561564,0.19038468,-0.49880997,1.33438226,0.19682478,-0.49962345,1.33559959,8.06017387,0.00000004
5.59000000,HOLD_LEG,0.00190959,-0.00729620,0.00412250,-0.07665798,0.06398278,0.31547583,-0.08017833,0.06018646,0.09501701,0.02435392,0.00351866,32.31127492,0.00000000,46.85258148,37.94696796,0.19038467,-0.49880998,1.33438210,0.19682471,-0.49962311,1.33559883,8.06010955,0.00000003
5.60000000,HOLD_LEG,0.00191018,-0.00729600,0.00412136,-0.07665826,0.06398256,0.31547569,-0.08017861,0.06018626,0.09501692,0.02435353,0.00351827,32.31177332,0.00000000,46.85219388,37.94685184,0.19038460,-0.49880985,1.33438165,0.19682465,-0.49962279,1.33559812,8.06005253,0.00000006
5.61000000,HOLD_LEG,0.00191080,-0.00729574,0.00412025,-0.07665844,0.06398233,0.31547557,-0.08017880,0.06018606,0.09501690,0.02435312,0.00351786,32.31144067,0.00000000,46.85169791,37.94788782,0.19038452,-0.49880963,1.33438102,0.19682458,-0.49962243,1.33559731,8.05996960,0.00000007
5.62000000,HOLD_LEG,0.00191143,-0.00729539,0.00411917,-0.07665852,0.06398210,0.31547548,-0.08017891,0.06018585,0.09501697,0.02435270,0.00351744,32.31200408,0.00000000,46.85036960,37.94805533,0.19038443,-0.49880930,1.33438022,0.19682445,-0.49962176,1.33559580,8.05976984,0.00000006
5.63000000,MOVE_LEG_FORWARD,0.00191208,-0.00729500,0.00411817,-0.07665852,0.06398187,0.31547541,-0.08017892,0.06018563,0.09501713,0.02435226,0.00351700,32.31249441,0.00000000,46.85001525,37.94847960,0.19038435,-0.49880891,1.33437927,0.19682438,-0.49962142,1.33559503,8.05968455,0.00000010
5.64000000,MOVE_LEG_FORWARD,0.00191270,-0.00729451,0.00411722,-0.07665843,0.06398165,0.31547537,-0.08017885,0.06018543,0.09501735,0.02435183,0.00351657,32.31261471,0.00000000,46.84931474,37.94911841,0.19038424,-0.49880845,1.33437831,0.19682431,-0.49962106,1.33559423,8.05955474,0.00000010
5.65000000,MOVE_LEG_FORWARD,0.00191331,-0.00729395,0.00411636,-0.07665825,0.06398143,0.31547535,-0.08017870,0.06018523,0.09501766,0.02435139,0.00351613,32.31336478,0.00000000,46.84795082,37.94932948,0.19038414,-0.49880794,1.33437715,0.19682417,-0.49962036,1.33559265,8.05932815,0.00000005
5.66000000,MOVE_LEG_FORWARD,0.00191391,-0.00729334,0.00411559,-0.07665800,0.06398122,0.31547536,-0.08017848,0.06018503,0.09501803,0.02435095,0.00351569,32.31411751,0.00000000,46.84652167,37.94952731,0.19038405,-0.49880740,1.33437597,0.19682404,-0.49961967,1.33559111,8.05908612,0.00000003
5.67000000,MOVE_LEG_FORWARD,0.00191450,-0.00729268,0.00411491,-0.07665767,0.06398102,0.31547538,-0.08017818,0.06018485,0.09501847,0.02435052,0.00351526,32.31492211,0.00000000,46.84590158,37.94969667,0.19038394,-0.49880685,1.33437476,0.19682397,-0.49961932,1.33559031,8.05894293,0.00000009
5.68000000,MOVE_LEG_FORWARD,0.00191506,-0.00729197,0.00411433,-0.07665727,0.06398084,0.31547543,-0.08017782,0.06018468,0.09501896,0.02435010,0.00351484,32.31576628,0.00000000,46.84439597,37.94981513,0.19038382,-0.49880624,1.33437345,0.19682383,-0.49961860,1.33558870,8.05868245,0.00000006
5.69000000,MOVE_LEG_FORWARD,0.00191558,-0.00729121,0.00411384,-0.07665682,0.06398067,0.31547549,-0.08017740,0.06018452,0.09501950,0.02434969,0.00351443,32.31664951,0.00000000,46.84278002,37.94985818,0.19038371,-0.49880562,1.33437214,0.19682369,-0.49961787,1.33558705,8.05840468,0.00000004
5.70000000,MOVE_LEG_FORWARD,0.00191607,-0.00729040,0.00411343,-0.07665632,0.06398052,0.31547557,-0.08017694,0.06018438,0.09502008,0.02434928,0.00351402,32.31758406,0.00000000,46.84208014,37.94986836,0.19038359,-0.49880500,1.33437085,0.19682362,-0.49961750,1.33558623,8.05824197,0.00000010
5.71000000,MOVE_LEG_FORWARD,0.00191655,-0.00728959,0.00411312,-0.07665578,0.06398037,0.31547566,-0.08017643,0.06018425,0.09502070,0.02434889,0.00351363,32.31901426,0.00000000,46.84062619,37.94949813,0.19038349,-0.49880437,1.33436946,0.19682347,-0.49961676,1.33558457,8.05797376,0.00000006
5.72000000,MOVE_LEG_FORWARD,0.00191700,-0.00728877,0.00411288,-0.07665521,0.06398024,0.31547576,-0.08017589,0.06018413,0.09502134,0.02434850,0.00351324,32.31979291,0.00000000,46.83903909,37.94958367,0.19038337,-0.49880373,1.33436810,0.19682333,-0.49961603,1.33558293,8.05769203,0.00000009
5.73000000,MOVE_LEG_FORWARD,0.00191744,-0.00728796,0.00411272,-0.07665461,0.06398013,0.31547586,-0.08017533,0.06018402,0.09502200,0.02434813,0.00351287,32.32114830,0.00000000,46.83847476,37.94919483,0.19038326,-0.49880310,1.33436678,0.19682326,-0.49961567,1.33558212,8.05753623,0.00000009
5.74000000,MOVE_LEG_FORWARD,0.00191784,-0.00728715,0.00411262,-0.07665400,0.06398002,0.31547597,-0.08017475,0.06018392,0.09502266,0.02434778,0.00351252,32.32185395,0.00000000,46.83701269,37.94927191,0.19038313,-0.49880244,1.33436542,0.19682312,-0.49961497,1.33558054,8.05727146,0.00000010
5.75000000,MOVE_LEG_FORWARD,0.00191824,-0.00728637,0.00411257,-0.07665338,0.06397993,0.31547608,-0.08017416,0.06018383,0.09502333,0.02434744,0.00351218,32.32306209,0.00000000,46.83564761,37.94889965,0.19038302,-0.49880182,1.33436411,0.19682299,-0.49961429,1.33557901,8.05701472,0.00000005
5.76000000,MOVE_LEG_FORWARD,0.00191859,-0.00728558,0.00411256,-0.07665277,0.06397984,0.31547619,-0.08017358,0.06018375,0.09502399,0.02434711,0.00351185,32.32440187,0.00000000,46.83513212,37.94824065,0.19038290,-0.49880120,1.33436287,0.19682293,-0.49961396,1.33557828,8.05687217,0.00000008
5.77000000,MOVE_LEG_FORWARD,0.00191893,-0.00728483,0.00411259,-0.07665216,0.06397976,0.31547630,-0.08017301,0.06018367,0.09502464,0.02434679,0.00351153,32.32477815,0.00000000,46.83375677,37.94859191,0.19038280,-0.49880060,1.33436161,0.19682279,-0.49961327,1.33557672,8.05662181,0.00000007
5.78000000,MOVE_LEG_FORWARD,0.00191925,-0.00728409,0.00411264,-0.07665158,0.06397968,0.31547640,-0.08017245,0.06018360,0.09502526,0.02434649,0.00351123,32.32583435,0.00000000,46.83324162,37.94820345,0.19038270,-0.49880004,1.33436045,0.19682272,-0.49961291,1.33557592,8.05648294,0.00000008
5.79000000,MOVE_LEG_FORWARD,0.00191954,-0.00728339,0.00411270,-0.07665101,0.06397961,0.31547650,-0.08017191,0.06018353,0.09502586,0.02434620,0.00351094,32.32622647,0.00000000,46.83188273,37.94831292,0.19038260,-0.49879948,1.33435928,0.19682259,-0.49961223,1.33557439,8.05624392,0.00000010
5.80000000,MOVE_LEG_FORWARD,0.00191983,-0.00728273,0.00411276,-0.07665048,0.06397954,0.31547658,-0.08017140,0.06018347,0.09502643,0.02434591,0.00351065,32.32713155,0.00000000,46.83158034,37.94802230,0.19038251,-0.49879896,1.33435818,0.19682253,-0.49961191,1.33557367,8.05613846,0.00000006
5.81000000,MOVE_LEG_FORWARD,0.00192009,-0.00728210,0.00411281,-0.07664998,0.06397948,0.31547666,-0.08017092,0.06018341,0.09502697,0.02434564,0.00351038,32.32817383,0.00000000,46.83107972,37.94732256,0.19038242,-0.49879846,1.33435717,0.19682246,-0.49961156,1.33557288,8.05601619,0.00000008
5.82000000,MOVE_LEG_FORWARD,0.00192035,-0.00728153,0.00411285,-0.07664952,0.06397942,0.31547672,-0.08017047,0.06018336,0.09502747,0.02434537,0.00351011,32.32816758,0.00000000,46.82989690,37.94784792,0.19038234,-0.49879800,1.33435617,0.19682233,-0.49961090,1.33557141,8.05580788,0.00000005
5.83000000,MOVE_LEG_FORWARD,0.00192057,-0.00728098,0.00411287,-0.07664911,0.06397936,0.31547677,-0.08017007,0.06018330,0.09502792,0.02434511,0.00350985,32.32917686,0.00000000,46.82955762,37.94700271,0.19038225,-0.49879755,1.33435524,0.19682227,-0.49961057,1.33557067,8.05571746,0.00000001
5.84000000,MOVE_LEG_FORWARD,0.00192081,-0.00728050,0.00411288,-0.07664873,0.06397930,0.31547681,-0.08016971,0.06018325,0.09502833,0.02434486,0.00350960,32.32897522,0.00000000,46.82925488,37.94772671,0.19038219,-0.49879716,1.33435438,0.19682220,-0.49961022,1.33556989,8.05563020,0.00000004
5.85000000,MOVE_LEG_FORWARD,0.00192101,-0.00728006,0.00411286,-0.07664841,0.06397925,0.31547683,-0.08016940,0.06018320,0.09502870,0.02434463,0.00350937,32.32901903,0.00000000,46.82882791,37.94786667,0.19038211,-0.49879679,1.33435360,0.19682213,-0.49960988,1.33556912,8.05553744,0.00000007
5.86000000,MOVE_LEG_FORWARD,0.00192118,-0.00727966,0.00411281,-0.07664813,0.06397920,0.31547684,-0.08016913,0.06018315,0.09502901,0.02434440,0.00350914,32.32968790,0.00000000,46.82946401,37.94742927,0.19038204,-0.49879645,1.33435288,0.19682213,-0.49960988,1.33556912,8.05558314,0.00000009
5.87000000,MOVE_LEG_FORWARD,0.00192137,-0.00727934,0.00411274,-0.07664790,0.06397915,0.31547683,-0.08016890,0.06018310,0.09502929,0.02434418,0.00350892,32.32944686,0.00000000,46.82928387,37.94787558,0.19038198,-0.49879615,1.33435216,0.19682207,-0.49960955,1.33556838,8.05552870,0.00000006
5.88000000,MOVE_LEG_FORWARD,0.00192152,-0.00727906,0.00411265,-0.07664772,0.06397910,0.31547682,-0.08016873,0.06018306,0.09502951,0.02434398,0.00350872,32.32931108,0.00000000,46.82902475,37.94804446,0.19038192,-0.49879587,1.33435155,0.19682201,-0.49960923,1.33556765,8.05547241,0.00000005
5.89000000,MOVE_LEG_FORWARD,0.00192164,-0.00727881,0.00411254,-0.07664759,0.06397905,0.31547679,-0.08016859,0.06018301,0.09502969,0.02434379,0.00350853,32.32916939,0.00000000,46.82946740,37.94815337,0.19038186,-0.49879564,1.33435108,0.19682201,-0.49960923,1.33556765,8.05551069,0.00000008
5.90000000,MOVE_LEG_FORWARD,0.00192173,-0.00727861,0.00411241,-0.07664750,0.06397901,0.31547675,-0.08016850,0.06018297,0.09502983,0.02434362,0.00350836,32.32900127,0.00000000,46.82931382,37.94829987,0.19038182,-0.49879542,1.33435057,0.19682194,-0.49960891,1.33556694,8.05547771,0.00000008
5.91000000,MOVE_LEG_FORWARD,0.00192180,-0.00727845,0.00411226,-0.07664746,0.06397897,0.31547671,-0.08016846,0.06018294,0.09502993,0.02434346,0.00350820,32.32879642,0.00000000,46.82979169,37.94840232,0.19038178,-0.49879527,1.33435021,0.19682194,-0.49960891,1.33556694,8.05552840,0.00000010
5.92000000,MOVE_LEG_FORWARD,0.00192190,-0.00727837,0.00411213,-0.07664746,0.06397894,0.31547665,-0.08016845,0.06018290,0.09502998,0.02434333,0.00350807,32.32894728,0.00000000,46.83029679,37.94820898,0.19038179,-0.49879521,1.33435000,0.19682194,-0.49960891,1.33556694,8.05557991,0.00000009
5.93000000,MOVE_LEG_FORWARD,0.00192198,-0.00727836,0.00411200,-0.07664749,0.06397891,0.31547659,-0.08016848,0.06018288,0.09503000,0.02434321,0.00350795,32.32848828,0.00000000,46.83008682,37.94847037,0.19038176,-0.49879513,1.33434972,0.19682188,-0.49960859,1.33556622,8.05554975,0.00000001
5.94000000,MOVE_LEG_FORWARD,0.00192200,-0.00727841,0.00411188,-0.07664756,0.06397888,0.31547653,-0.08016854,0.06018285,0.09502999,0.02434310,0.00350784,32.32806073,0.00000000,46.83070799,37.94868284,0.19038170,-0.49879501,1.33434940,0.19682188,-0.49960859,1.33556622,8.05562826,0.00000002
5.95000000,MOVE_LEG_FORWARD,0.00192200,-0.00727849,0.00411177,-0.07664767,0.06397886,0.31547646,-0.08016864,0.06018283,0.09502995,0.02434303,0.00350777,32.32762768,0.00000000,46.83117141,37.94881035,0.19038167,-0.49879492,1.33434922,0.19682188,-0.49960859,1.33556622,8.05569047,0.00000004
5.96000000,MOVE_LEG_FORWARD,0.00192197,-0.00727861,0.00411166,-0.07664780,0.06397885,0.31547639,-0.08016876,0.06018281,0.09502987,0.02434298,0.00350772,32.32718692,0.00000000,46.83161189,37.94890898,0.19038166,-0.49879488,1.33434913,0.19682188,-0.49960859,1.33556622,8.05575326,0.00000005
5.97000000,MOVE_LEG_FORWARD,0.00192190,-0.00727875,0.00411158,-0.07664796,0.06397884,0.31547632,-0.08016891,0.06018281,0.09502978,0.02434294,0.00350768,32.32673976,0.00000000,46.83205320,37.94899425,0.19038166,-0.49879486,1.33434907,0.19682188,-0.49960859,1.33556622,8.05581859,0.00000006
5.98000000,MOVE_LEG_FORWARD,0.00192181,-0.00727892,0.00411152,-0.07664814,0.06397884,0.31547625,-0.08016908,0.06018281,0.09502966,0.02434293,0.00350767,32.32629392,0.00000000,46.83320659,37.94905646,0.19038167,-0.49879490,1.33434911,0.19682194,-0.49960891,1.33556693,8.05597688,0.00000007
5.99000000,MOVE_LEG_FORWARD,0.00192172,-0.00727909,0.00411148,-0.07664833,0.06397885,0.31547618,-0.08016926,0.06018281,0.09502952,0.02434296,0.00350771,32.32582324,0.00000000,46.83330915,37.94901936,0.19038170,-0.49879502,1.33434937,0.19682194,-0.49960891,1.33556693,8.05600419,0.00000008
6.00000000,MOVE_LEG_FORWARD,0.00192158,-0.00727929,0.00411148,-0.07664854,0.06397887,0.31547612,-0.08016946,0.06018283,0.09502937,0.02434299,0.00350773,32.32536193,0.00000000,46.83366162,37.94906348,0.19038172,-0.49879512,1.33434951,0.19682194,-0.49960891,1.33556693,8.05606440,0.00000009
6.01000000,MOVE_LEG_FORWARD,0.00192143,-0.00727948,0.00411151,-0.07664876,0.06397889,0.31547606,-0.08016966,0.06018285,0.09502921,0.02434306,0.00350780,32.32434334,0.00000000,46.83440649,37.94947885,0.19038174,-0.49879528,1.33434989,0.19682201,-0.49960923,1.33556766,8.05618088,0.00000004
6.02000000,MOVE_LEG_FORWARD,0.00192120,-0.00727965,0.00411156,-0.07664898,0.06397892,0.31547600,-0.08016987,0.06018288,0.09502905,0.02434312,0.00350786,32.32414487,0.00000000,46.83465531,37.94921564,0.19038177,-0.49879540,1.33435012,0.19682201,-0.49960923,1.33556766,8.05623295,0.00000010
6.03000000,MOVE_LEG_FORWARD,0.00192098,-0.00727981,0.00411164,-0.07664920,0.06397897,0.31547595,-0.08017008,0.06018291,0.09502889,0.02434322,0.00350796,32.32383397,0.00000000,46.83545114,37.94905845,0.19038183,-0.49879563,1.33435058,0.19682207,-0.49960957,1.33556842,8.05635207,0.00000005
6.04000000,MOVE_LEG_FORWARD,0.00192076,-0.00728000,0.00411176,-0.07664941,0.06397902,0.31547590,-0.08017028,0.06018296,0.09502873,0.02434331,0.00350805,32.32351409,0.00000000,46.83638112,37.94898591,0.19038187,-0.49879583,1.33435095,0.19682213,-0.49960989,1.33556914,8.05648665,0.00000002
6.05000000,MOVE_LEG_FORWARD,0.00192053,-0.00728020,0.00411191,-0.07664962,0.06397908,0.31547586,-0.08017048,0.06018301,0.09502857,0.02434343,0.00350817,32.32318839,0.00000000,46.83642912,37.94888381,0.19038192,-0.49879604,1.33435135,0.19682213,-0.49960989,1.33556914,8.05650811,0.00000007
6.06000000,MOVE_LEG_FORWARD,0.00192030,-0.00728040,0.00411209,-0.07664981,0.06397914,0.31547582,-0.08017067,0.06018307,0.09502843,0.02434355,0.00350829,32.32287602,0.00000000,46.83715750,37.94875524,0.19038196,-0.49879626,1.33435182,0.19682220,-0.49961021,1.33556986,8.05661546,0.00000004
6.07000000,MOVE_LEG_FORWARD,0.00192006,-0.00728060,0.00411231,-0.07665000,0.06397921,0.31547580,-0.08017085,0.06018313,0.09502829,0.02434367,0.00350841,32.32258985,0.00000000,46.83810473,37.94867307,0.19038199,-0.49879645,1.33435220,0.19682226,-0.49961054,1.33557061,8.05675090,0.00000004
6.08000000,MOVE_LEG_FORWARD,0.00191983,-0.00728079,0.00411255,-0.07665017,0.06397928,0.31547578,-0.08017101,0.06018320,0.09502816,0.02434383,0.00350857,32.32231266,0.00000000,46.83786550,37.94848514,0.19038203,-0.49879667,1.33435270,0.19682226,-0.49961054,1.33557061,8.05673301,0.00000006
6.09000000,MOVE_LEG_FORWARD,0.00191959,-0.00728098,0.00411282,-0.07665033,0.06397935,0.31547577,-0.08017116,0.06018326,0.09502804,0.02434397,0.00350871,32.32207144,0.00000000,46.83851697,37.94832014,0.19038207,-0.49879687,1.33435317,0.19682233,-0.49961087,1.33557134,8.05682807,0.00000005
6.10000000,MOVE_LEG_FORWARD,0.00191935,-0.00728114,0.00411310,-0.07665046,0.06397943,0.31547577,-0.08017129,0.06018333,0.09502794,0.02434412,0.00350886,32.32186240,0.00000000,46.83843724,37.94816971,0.19038211,-0.49879706,1.33435357,0.19682233,-0.49961087,1.33557134,8.05682903,0.00000008
6.11000000,MOVE_LEG_FORWARD,0.00191912,-0.00728128,0.00411340,-0.07665058,0.06397951,0.31547577,-0.08017141,0.06018340,0.09502786,0.02434428,0.00350902,32.32168691,0.00000000,46.83895300,37.94796501,0.19038216,-0.49879727,1.33435407,0.19682239,-0.49961120,1.33557208,8.05690424,0.00000008
6.12000000,MOVE_LEG_FORWARD,0.00191889,-0.00728140,0.00411370,-0.07665068,0.06397958,0.31547578,-0.08017150,0.06018347,0.09502779,0.02434442,0.00350916,32.32155513,0.00000000,46.83888801,37.94782884,0.19038220,-0.49879743,1.33435440,0.19682239,-0.49961120,1.33557208,8.05690373,0.00000009
6.13000000,MOVE_LEG_FORWARD,0.00191870,-0.00728151,0.00411401,-0.07665076,0.06397965,0.31547580,-0.08017158,0.06018354,0.09502773,0.02434457,0.00350931,32.32202220,0.00000000,46.83940542,37.94713857,0.19038227,-0.49879764,1.33435488,0.19682245,-0.49961152,1.33557280,8.05697076,0.00000003
6.14000000,MOVE_LEG_FORWARD,0.00191856,-0.00728164,0.00411432,-0.07665082,0.06397972,0.31547582,-0.08017164,0.06018360,0.09502770,0.02434470,0.00350944,32.32171775,0.00000000,46.83932802,37.94729041,0.19038231,-0.49879779,1.33435517,0.19682245,-0.49961152,1.33557280,8.05696170,0.00000008
6.15000000,MOVE_LEG_FORWARD,0.00191843,-0.00728175,0.00411463,-0.07665086,0.06397978,0.31547585,-0.08017168,0.06018365,0.09502768,0.02434483,0.00350957,32.32157756,0.00000000,46.83979488,37.94719111,0.19038232,-0.49879792,1.33435553,0.19682251,-0.49961184,1.33557352,8.05702280,0.00000001
6.16000000,MOVE_LEG_FORWARD,0.00191831,-0.00728181,0.00411492,-0.07665089,0.06397983,0.31547588,-0.08017170,0.06018370,0.09502767,0.02434495,0.00350969,32.32151068,0.00000000,46.83950183,37.94706370,0.19038235,-0.49879804,1.33435586,0.19682251,-0.49961184,1.33557352,8.05698793,0.00000004
6.17000000,MOVE_LEG_FORWARD,0.00191820,-0.00728183,0.00411519,-0.07665089,0.06397987,0.31547592,-0.08017171,0.06018374,0.09502768,0.02434505,0.00350979,32.32150884,0.00000000,46.83934362,37.94697856,0.19038237,-0.49879812,1.33435605,0.19682251,-0.49961184,1.33557352,8.05696798,0.00000006
6.18000000,MOVE_LEG_FORWARD,0.00191810,-0.00728183,0.00411542,-0.07665088,0.06397991,0.31547595,-0.08017170,0.06018378,0.09502770,0.02434512,0.00350986,32.32156580,0.00000000,46.83921800,37.94690754,0.19038239,-0.49879816,1.33435616,0.19682251,-0.49961184,1.33557352,8.05694946,0.00000008
6.19000000,MOVE_LEG_FORWARD,0.00191802,-0.00728179,0.00411561,-0.07665085,0.06397994,0.31547598,-0.08017167,0.06018381,0.09502775,0.02434517,0.00350991,32.32167480,0.00000000,46.83910387,37.94684515,0.19038241,-0.49879818,1.33435622,0.19682251,-0.49961184,1.33557352,8.05693018,0.00000008
6.20000000,MOVE_LEG_FORWARD,0.00191797,-0.00728173,0.00411576,-0.07665080,0.06397997,0.31547601,-0.08017163,0.06018383,0.09502780,0.02434521,0.00350995,32.32182703,0.00000000,46.83899068,37.94678951,0.19038242,-0.49879818,1.33435626,0.19682251,-0.49961184,1.33557352,8.05690927,0.00000008
6.21000000,MOVE_LEG_FORWARD,0.00191796,-0.00728163,0.00411587,-0.07665074,0.06397999,0.31547604,-0.08017157,0.06018385,0.09502787,0.02434522,0.00350996,32.32201249,0.00000000,46.83887142,37.94674108,0.19038243,-0.49879818,1.33435628,0.19682251,-0.49961184,1.33557352,8.05688624,0.00000010
6.22000000,MOVE_LEG_FORWARD,0.00191802,-0.00728153,0.00411595,-0.07665066,0.06398000,0.31547606,-0.08017150,0.06018386,0.09502795,0.02434522,0.00350996,32.32267651,0.00000000,46.83884298,37.94637177,0.19038246,-0.49879820,1.33435629,0.19682251,-0.49961184,1.33557352,8.05686696,0.00000005
6.23000000,MOVE_LEG_FORWARD,0.00191813,-0.00728144,0.00411600,-0.07665058,0.06397999,0.31547609,-0.08017142,0.06018386,0.09502804,0.02434520,0.00350994,32.32270413,0.00000000,46.83869611,37.94651203,0.19038245,-0.49879820,1.33435629,0.19682251,-0.49961184,1.33557352,8.05683650,0.00000002
6.24000000,MOVE_LEG_FORWARD,0.00191826,-0.00728132,0.00411601,-0.07665048,0.06397998,0.31547612,-0.08017133,0.06018385,0.09502813,0.02434517,0.00350991,32.32281241,0.00000000,46.83849651,37.94655326,0.19038242,-0.49879818,1.33435630,0.19682251,-0.49961184,1.33557352,8.05680109,0.00000002
6.25000000,MOVE_LEG_FORWARD,0.00191840,-0.00728116,0.00411599,-0.07665038,0.06397996,0.31547614,-0.08017124,0.06018383,0.09502823,0.02434512,0.00350986,32.32294825,0.00000000,46.83827377,37.94658061,0.19038240,-0.49879816,1.33435631,0.19682251,-0.49961184,1.33557352,8.05676323,0.00000007
6.26000000,MOVE_LEG_FORWARD,0.00191856,-0.00728098,0.00411594,-0.07665028,0.06397992,0.31547617,-0.08017114,0.06018380,0.09502833,0.02434505,0.00350979,32.32310171,0.00000000,46.83745240,37.94666840,0.19038239,-0.49879810,1.33435615,0.19682245,-0.49961152,1.33557280,8.05664834,0.00000001
6.27000000,MOVE_LEG_FORWARD,0.00191872,-0.00728080,0.00411585,-0.07665017,0.06397988,0.31547619,-0.08017103,0.06018376,0.09502844,0.02434496,0.00350970,32.32327722,0.00000000,46.83747517,37.94679107,0.19038235,-0.49879799,1.33435590,0.19682245,-0.49961152,1.33557280,8.05663830,0.00000006
6.28000000,MOVE_LEG_FORWARD,0.00191889,-0.00728060,0.00411572,-0.07665005,0.06397983,0.31547620,-0.08017093,0.06018372,0.09502856,0.02434486,0.00350960,32.32346205,0.00000000,46.83672435,37.94691900,0.19038234,-0.49879786,1.33435561,0.19682239,-0.49961119,1.33557205,8.05652906,0.00000002
6.29000000,MOVE_LEG_FORWARD,0.00191908,-0.00728042,0.00411556,-0.07664993,0.06397977,0.31547622,-0.08017082,0.06018367,0.09502868,0.02434473,0.00350947,32.32366151,0.00000000,46.83680677,37.94706228,0.19038230,-0.49879771,1.33435527,0.19682239,-0.49961119,1.33557205,8.05652447,0.00000007
6.30000000,MOVE_LEG_FORWARD,0.00191928,-0.00728022,0.00411536,-0.07664981,0.06397971,0.31547622,-0.08017070,0.06018361,0.09502880,0.02434460,0.00350934,32.32386531,0.00000000,46.83619255,37.94722411,0.19038228,-0.49879753,1.33435487,0.19682232,-0.49961086,1.33557133,8.05643115,0.00000003
6.31000000,MOVE_LEG_FORWARD,0.00191950,-0.00728003,0.00411513,-0.07664970,0.06397964,0.31547623,-0.08017059,0.06018355,0.09502891,0.02434446,0.00350920,32.32406791,0.00000000,46.83623412,37.94734532,0.19038224,-0.49879737,1.33435454,0.19682232,-0.49961086,1.33557133,8.05642095,0.00000009
6.32000000,MOVE_LEG_FORWARD,0.00191971,-0.00727984,0.00411488,-0.07664958,0.06397958,0.31547623,-0.08017048,0.06018349,0.09502903,0.02434430,0.00350904,32.32427059,0.00000000,46.83571487,37.94752878,0.19038220,-0.49879716,1.33435405,0.19682226,-0.49961054,1.33557059,8.05633936,0.00000005
6.33000000,MOVE_LEG_FORWARD,0.00191994,-0.00727964,0.00411462,-0.07664947,0.06397951,0.31547622,-0.08017038,0.06018343,0.09502915,0.02434415,0.00350889,32.32445303,0.00000000,46.83497121,37.94764219,0.19038216,-0.49879698,1.33435367,0.19682220,-0.49961020,1.33556984,8.05622945,0.00000001
6.34000000,MOVE_LEG_FORWARD,0.00192016,-0.00727946,0.00411434,-0.07664936,0.06397944,0.31547621,-0.08017027,0.06018336,0.09502926,0.02434399,0.00350873,32.32463944,0.00000000,46.83524960,37.94782318,0.19038211,-0.49879678,1.33435321,0.19682220,-0.49961020,1.33556984,8.05625038,0.00000007
6.35000000,MOVE_LEG_FORWARD,0.00192039,-0.00727929,0.00411405,-0.07664926,0.06397936,0.31547620,-0.08017018,0.06018330,0.09502936,0.02434382,0.00350856,32.32480026,0.00000000,46.83468000,37.94797623,0.19038207,-0.49879658,1.33435277,0.19682213,-0.49960987,1.33556910,8.05616401,0.00000002
6.36000000,MOVE_LEG_FORWARD,0.00192060,-0.00727912,0.00411376,-0.07664916,0.06397929,0.31547619,-0.08017009,0.06018323,0.09502947,0.02434367,0.00350841,32.32494247,0.00000000,46.83482975,37.94810365,0.19038202,-0.49879640,1.33435238,0.19682213,-0.49960987,1.33556910,8.05616959,0.00000008
6.37000000,MOVE_LEG_FORWARD,0.00192080,-0.00727896,0.00411348,-0.07664907,0.06397923,0.31547618,-0.08017000,0.06018317,0.09502956,0.02434351,0.00350825,32.32506467,0.00000000,46.83433367,37.94826517,0.19038198,-0.49879621,1.33435191,0.19682207,-0.49960955,1.33556837,8.05609412,0.00000003
6.38000000,MOVE_LEG_FORWARD,0.00192099,-0.00727882,0.00411321,-0.07664899,0.06397916,0.31547616,-0.08016993,0.06018311,0.09502964,0.02434337,0.00350811,32.32516182,0.00000000,46.83444688,37.94836465,0.19038194,-0.49879605,1.33435157,0.19682207,-0.49960955,1.33556837,8.05609695,0.00000008
6.39000000,MOVE_LEG_FORWARD,0.00192117,-0.00727869,0.00411296,-0.07664892,0.06397910,0.31547615,-0.08016986,0.06018305,0.09502972,0.02434322,0.00350796,32.32523887,0.00000000,46.83397188,37.94851187,0.19038190,-0.49879587,1.33435114,0.19682200,-0.49960922,1.33556764,8.05602627,0.00000004
6.40000000,MOVE_LEG_FORWARD,0.00192132,-0.00727858,0.00411272,-0.07664886,0.06397904,0.31547613,-0.08016980,0.06018300,0.09502979,0.02434310,0.00350784,32.32529230,0.00000000,46.83410725,37.94859961,0.19038186,-0.49879572,1.33435082,0.19682200,-0.49960922,1.33556764,8.05603388,0.00000007
6.41000000,MOVE_LEG_FORWARD,0.00192147,-0.00727847,0.00411250,-0.07664881,0.06397899,0.31547612,-0.08016975,0.06018295,0.09502985,0.02434299,0.00350773,32.32531426,0.00000000,46.83341575,37.94865797,0.19038184,-0.49879560,1.33435056,0.19682194,-0.49960890,1.33556692,8.05593820,0.00000006
6.42000000,MOVE_LEG_FORWARD,0.00192157,-0.00727840,0.00411231,-0.07664876,0.06397894,0.31547610,-0.08016971,0.06018290,0.09502991,0.02434288,0.00350762,32.32533565,0.00000000,46.83376773,37.94879594,0.19038180,-0.49879545,1.33435017,0.19682194,-0.49960890,1.33556692,8.05597585,0.00000006
6.43000000,MOVE_LEG_FORWARD,0.00192167,-0.00727833,0.00411215,-0.07664873,0.06397890,0.31547609,-0.08016967,0.06018286,0.09502995,0.02434279,0.00350753,32.32532980,0.00000000,46.83386259,37.94883744,0.19038178,-0.49879534,1.33434996,0.19682194,-0.49960890,1.33556692,8.05598193,0.00000007
6.44000000,MOVE_LEG_FORWARD,0.00192175,-0.00727827,0.00411201,-0.07664870,0.06397887,0.31547607,-0.08016965,0.06018283,0.09502999,0.02434273,0.00350747,32.32530317,0.00000000,46.83390950,37.94885304,0.19038177,-0.49879528,1.33434984,0.19682194,-0.49960890,1.33556692,8.05598420,0.00000008
6.45000000,MOVE_LEG_FORWARD,0.00192182,-0.00727822,0.00411191,-0.07664869,0.06397884,0.31547606,-0.08016963,0.06018280,0.09503001,0.02434268,0.00350742,32.32525631,0.00000000,46.83394344,37.94885867,0.19038176,-0.49879525,1.33434977,0.19682194,-0.49960890,1.33556692,8.05598649,0.00000010
6.46000000,MOVE_LEG_FORWARD,0.00192183,-0.00727820,0.00411184,-0.07664868,0.06397882,0.31547605,-0.08016963,0.06018278,0.09503003,0.02434262,0.00350736,32.32520343,0.00000000,46.83351264,37.94895192,0.19038174,-0.49879516,1.33434948,0.19682188,-0.49960858,1.33556620,8.05592931,0.00000007
6.47000000,MOVE_LEG_FORWARD,0.00192183,-0.00727820,0.00411179,-0.07664868,0.06397880,0.31547604,-0.08016962,0.06018277,0.09503005,0.02434257,0.00350731,32.32514775,0.00000000,46.83373200,37.94899359,0.19038172,-0.49879506,1.33434925,0.19682188,-0.49960858,1.33556620,8.05595392,0.00000007
6.48000000,MOVE_LEG_FORWARD,0.00192180,-0.00727822,0.00411177,-0.07664869,0.06397880,0.31547602,-0.08016963,0.06018276,0.09503005,0.02434255,0.00350729,32.32508809,0.00000000,46.83386412,37.94898528,0.19038171,-0.49879499,1.33434913,0.19682188,-0.49960858,1.33556620,8.05596905,0.00000007
6.49000000,MOVE_LEG_FORWARD,0.00192176,-0.00727825,0.00411177,-0.07664870,0.06397880,0.31547601,-0.08016964,0.06018276,0.09503005,0.02434254,0.00350728,32.32502304,0.00000000,46.83397767,37.94895330,0.19038171,-0.49879495,1.33434906,0.19682188,-0.49960858,1.33556620,8.05598343,0.00000007
6.50000000,MOVE_LEG_FORWARD,0.00192170,-0.00727828,0.00411179,-0.07664872,0.06397881,0.31547600,-0.08016966,0.06018277,0.09503004,0.02434255,0.00350729,32.32495235,0.00000000,46.83408842,37.94890807,0.19038171,-0.49879492,1.33434902,0.19682188,-0.49960858,1.33556620,8.05599858,0.00000006
6.51000000,MOVE_LEG_FORWARD,0.00192162,-0.00727832,0.00411184,-0.07664875,0.06397882,0.31547599,-0.08016969,0.06018278,0.09503003,0.02434256,0.00350730,32.32487682,0.00000000,46.83420331,37.94885542,0.19038171,-0.49879492,1.33434899,0.19682188,-0.49960858,1.33556620,8.05601499,0.00000006
6.52000000,MOVE_LEG_FORWARD,0.00192152,-0.00727838,0.00411190,-0.07664878,0.06397884,0.31547598,-0.08016971,0.06018280,0.09503001,0.02434258,0.00350732,32.32479785,0.00000000,46.83432549,37.94879782,0.19038171,-0.49879492,1.33434898,0.19682188,-0.49960858,1.33556620,8.05603282,0.00000007
6.53000000,MOVE_LEG_FORWARD,0.00192141,-0.00727844,0.00411199,-0.07664881,0.06397887,0.31547597,-0.08016975,0.06018283,0.09502999,0.02434261,0.00350735,32.32471712,0.00000000,46.83445580,37.94873568,0.19038171,-0.49879492,1.33434897,0.19682188,-0.49960858,1.33556620,8.05605203,0.00000010
6.54000000,MOVE_LEG_FORWARD,0.00192130,-0.00727849,0.00411209,-0.07664886,0.06397891,0.31547597,-0.08016979,0.06018286,0.09502996,0.02434268,0.00350742,32.32462104,0.00000000,46.83500780,37.94856137,0.19038174,-0.49879502,1.33434927,0.19682194,-0.49960890,1.33556692,8.05612726,0.00000003
6.55000000,MOVE_LEG_FORWARD,0.00192118,-0.00727854,0.00411222,-0.07664890,0.06397895,0.31547596,-0.08016983,0.06018289,0.09502992,0.02434274,0.00350748,32.32451849,0.00000000,46.83500740,37.94846154,0.19038176,-0.49879512,1.33434945,0.19682194,-0.49960890,1.33556692,8.05613337,0.00000004
6.56000000,MOVE_LEG_FORWARD,0.00192104,-0.00727860,0.00411237,-0.07664894,0.06397899,0.31547596,-0.08016987,0.06018293,0.09502989,0.02434280,0.00350754,32.32441476,0.00000000,46.83508505,37.94839360,0.19038177,-0.49879518,1.33434955,0.19682194,-0.49960890,1.33556692,8.05614837,0.00000007
6.57000000,MOVE_LEG_FORWARD,0.00192089,-0.00727867,0.00411252,-0.07664899,0.06397903,0.31547596,-0.08016991,0.06018297,0.09502985,0.02434287,0.00350761,32.32431509,0.00000000,46.83583077,37.94829887,0.19038178,-0.49879526,1.33434973,0.19682200,-0.49960922,1.33556764,8.05624809,0.00000001
6.58000000,MOVE_LEG_FORWARD,0.00192076,-0.00727873,0.00411269,-0.07664904,0.06397908,0.31547596,-0.08016996,0.06018301,0.09502981,0.02434296,0.00350770,32.32420436,0.00000000,46.83565114,37.94815178,0.19038181,-0.49879538,1.33435003,0.19682200,-0.49960922,1.33556764,8.05623154,0.00000003
6.59000000,MOVE_LEG_FORWARD,0.00192061,-0.00727880,0.00411287,-0.07664909,0.06397912,0.31547597,-0.08017000,0.06018305,0.09502977,0.02434303,0.00350777,32.32410237,0.00000000,46.83567927,37.94807807,0.19038183,-0.49879547,1.33435019,0.19682200,-0.49960922,1.33556764,8.05624104,0.00000007
6.60000000,MOVE_LEG_FORWARD,0.00192045,-0.00727888,0.00411305,-0.07664913,0.06397917,0.31547597,-0.08017004,0.06018310,0.09502974,0.02434310,0.00350784,32.32401501,0.00000000,46.83657097,37.94802417,0.19038184,-0.49879553,1.33435033,0.19682207,-0.49960955,1.33556837,8.05636015,0.00000003
6.61000000,MOVE_LEG_FORWARD,0.00192032,-0.00727894,0.00411323,-0.07664918,0.06397922,0.31547597,-0.08017009,0.06018314,0.09502970,0.02434321,0.00350795,32.32391664,0.00000000,46.83622618,37.94784925,0.19038188,-0.49879567,1.33435069,0.19682207,-0.49960955,1.33556837,8.05632151,0.00000004
6.62000000,MOVE_LEG_FORWARD,0.00192018,-0.00727900,0.00411341,-0.07664922,0.06397927,0.31547598,-0.08017013,0.06018318,0.09502966,0.02434329,0.00350803,32.32383364,0.00000000,46.83620771,37.94777560,0.19038190,-0.49879577,1.33435088,0.19682207,-0.49960955,1.33556837,8.05632503,0.00000006
6.63000000,RETURN_LEG,0.00192004,-0.00727906,0.00411358,-0.07664926,0.06397931,0.31547599,-0.08017016,0.06018323,0.09502963,0.02434335,0.00350809,32.32376466,0.00000000,46.83624835,37.94772722,0.19038192,-0.49879583,1.33435099,0.19682207,-0.49960955,1.33556837,8.05633443,0.00000009
6.64000000,RETURN_LEG,0.00191993,-0.00727912,0.00411374,-0.07664929,0.06397935,0.31547599,-0.08017020,0.06018327,0.09502959,0.02434344,0.00350818,32.32370191,0.00000000,46.83678071,37.94759448,0.19038194,-0.49879595,1.33435131,0.19682213,-0.49960987,1.33556910,8.05640663,0.00000008
6.65000000,RETURN_LEG,0.00191982,-0.00727916,0.00411390,-0.07664933,0.06397939,0.31547600,-0.08017023,0.06018330,0.09502956,0.02434352,0.00350826,32.32364698,0.00000000,46.83667155,37.94751158,0.19038197,-0.49879606,1.33435155,0.19682213,-0.49960987,1.33556910,8.05639812,0.00000009
6.66000000,RETURN_LEG,0.00191972,-0.00727920,0.00411405,-0.07664936,0.06397943,0.31547601,-0.08017026,0.06018334,0.09502954,0.02434358,0.00350832,32.32360431,0.00000000,46.83666226,37.94747274,0.19038199,-0.49879613,1.33435169,0.19682213,-0.49960987,1.33556910,8.05640077,0.00000010
6.67000000,RETURN_LEG,0.00191965,-0.00727926,0.00411418,-0.07664938,0.06397947,0.31547602,-0.08017028,0.06018337,0.09502952,0.02434363,0.00350837,32.32409552,0.00000000,46.83676904,37.94703619,0.19038201,-0.49879619,1.33435176,0.19682213,-0.49960987,1.33556910,8.05641100,0.00000008
6.68000000,RETURN_LEG,0.00191962,-0.00727937,0.00411431,-0.07664940,0.06397949,0.31547602,-0.08017030,0.06018340,0.09502950,0.02434367,0.00350841,32.32385629,0.00000000,46.83681170,37.94725173,0.19038201,-0.49879622,1.33435180,0.19682213,-0.49960987,1.33556910,8.05641490,0.00000010
6.69000000,RETURN_LEG,0.00191962,-0.00727944,0.00411443,-0.07664942,0.06397951,0.31547603,-0.08017032,0.06018342,0.09502948,0.02434375,0.00350849,32.32371785,0.00000000,46.83719046,37.94718793,0.19038202,-0.49879633,1.33435215,0.19682219,-0.49961019,1.33556981,8.05646631,0.00000002
6.70000000,RETURN_LEG,0.00191961,-0.00727949,0.00411454,-0.07664944,0.06397953,0.31547605,-0.08017033,0.06018343,0.09502946,0.02434380,0.00350854,32.32362035,0.00000000,46.83703773,37.94717806,0.19038203,-0.49879640,1.33435235,0.19682219,-0.49961019,1.33556981,8.05645145,0.00000003
6.71000000,RETURN_LEG,0.00191960,-0.00727952,0.00411463,-0.07664946,0.06397953,0.31547606,-0.08017035,0.06018344,0.09502944,0.02434384,0.00350858,32.32355269,0.00000000,46.83694442,37.94718953,0.19038204,-0.49879645,1.33435245,0.19682219,-0.49961019,1.33556981,8.05644305,0.00000003
6.72000000,RETURN_LEG,0.00191960,-0.00727954,0.00411469,-0.07664947,0.06397954,0.31547607,-0.08017036,0.06018344,0.09502943,0.02434387,0.00350861,32.32351314,0.00000000,46.83687703,37.94721469,0.19038205,-0.49879648,1.33435251,0.19682219,-0.49961019,1.33556981,8.05643663,0.00000004
6.73000000,RETURN_LEG,0.00191961,-0.00727955,0.00411473,-0.07664947,0.06397953,0.31547608,-0.08017037,0.06018344,0.09502943,0.02434388,0.00350862,32.32349934,0.00000000,46.83682543,37.94724921,0.19038206,-0.49879649,1.33435255,0.19682219,-0.49961019,1.33556981,8.05643114,0.00000004
6.74000000,RETURN_LEG,0.00191963,-0.00727955,0.00411474,-0.07664948,0.06397953,0.31547608,-0.08017037,0.06018343,0.09502942,0.02434389,0.00350863,32.32350799,0.00000000,46.83678282,37.94728955,0.19038207,-0.49879650,1.33435257,0.19682219,-0.49961019,1.33556981,8.05642597,0.00000004
6.75000000,RETURN_LEG,0.00191967,-0.00727954,0.00411473,-0.07664947,0.06397951,0.31547609,-0.08017037,0.06018342,0.09502942,0.02434388,0.00350862,32.32353497,0.00000000,46.83674402,37.94733351,0.19038208,-0.49879651,1.33435258,0.19682219,-0.49961019,1.33556981,8.05642067,0.00000005
6.76000000,RETURN_LEG,0.00191972,-0.00727952,0.00411470,-0.07664947,0.06397950,0.31547609,-0.08017036,0.06018341,0.09502943,0.02434387,0.00350861,32.32357565,0.00000000,46.83670526,37.94738003,0.19038208,-0.49879651,1.33435259,0.19682219,-0.49961019,1.33556981,8.05641490,0.00000005
6.77000000,RETURN_LEG,0.00191979,-0.00727948,0.00411464,-0.07664946,0.06397948,0.31547609,-0.08017036,0.06018339,0.09502943,0.02434385,0.00350859,32.32362530,0.00000000,46.83666387,37.94742885,0.19038208,-0.49879651,1.33435259,0.19682219,-0.49961019,1.33556981,8.05640843,0.00000006
6.78000000,RETURN_LEG,0.00191988,-0.00727944,0.00411457,-0.07664945,0.06397946,0.31547608,-0.08017035,0.06018337,0.09502944,0.02434382,0.00350856,32.32367946,0.00000000,46.83661798,37.94747997,0.19038208,-0.49879651,1.33435259,0.19682219,-0.49961019,1.33556981,8.05640108,0.00000006
6.79000000,RETURN_LEG,0.00191997,-0.00727939,0.00411449,-0.07664944,0.06397943,0.31547608,-0.08017034,0.06018335,0.09502946,0.02434378,0.00350852,32.32373428,0.00000000,46.83656631,37.94753342,0.19038207,-0.49879651,1.33435259,0.19682219,-0.49961019,1.33556981,8.05639274,0.00000007
6.80000000,RETURN_LEG,0.00192007,-0.00727933,0.00411439,-0.07664942,0.06397940,0.31547608,-0.08017032,0.06018332,0.09502947,0.02434374,0.00350848,32.32378673,0.00000000,46.83650805,37.94758910,0.19038207,-0.49879651,1.33435259,0.19682219,-0.49961019,1.33556981,8.05638332,0.00000008
6.81000000,RETURN_LEG,0.00192019,-0.00727927,0.00411429,-0.07664940,0.06397937,0.31547608,-0.08017030,0.06018329,0.09502949,0.02434370,0.00350844,32.32383473,0.00000000,46.83644285,37.94764669,0.19038206,-0.49879652,1.33435259,0.19682219,-0.49961019,1.33556981,8.05637283,0.00000010
6.82000000,RETURN_LEG,0.00192027,-0.00727923,0.00411417,-0.07664938,0.06397934,0.31547607,-0.08017028,0.06018326,0.09502951,0.02434362,0.00350836,32.32389420,0.00000000,46.83598190,37.94781793,0.19038203,-0.49879641,1.33435226,0.19682213,-0.49960987,1.33556909,8.05630940,0.00000009
6.83000000,RETURN_LEG,0.00192037,-0.00727919,0.00411404,-0.07664936,0.06397931,0.31547607,-0.08017026,0.06018323,0.09502954,0.02434356,0.00350830,32.32395419,0.00000000,46.83603404,37.94789919,0.19038200,-0.49879632,1.33435209,0.19682213,-0.49960987,1.33556909,8.05631058,0.00000010
6.84000000,RETURN_LEG,0.00192043,-0.00727910,0.00411390,-0.07664933,0.06397927,0.31547606,-0.08017024,0.06018320,0.09502956,0.02434350,0.00350824,32.32360962,0.00000000,46.83591015,37.94821904,0.19038197,-0.49879623,1.33435200,0.19682213,-0.49960987,1.33556909,8.05629794,0.00000006
6.85000000,RETURN_LEG,0.00192048,-0.00727898,0.00411374,-0.07664930,0.06397924,0.31547605,-0.08017021,0.06018318,0.09502959,0.02434345,0.00350819,32.32382819,0.00000000,46.83588030,37.94812774,0.19038198,-0.49879619,1.33435195,0.19682213,-0.49960987,1.33556909,8.05629210,0.00000008
6.86000000,RETURN_LEG,0.00192054,-0.00727887,0.00411360,-0.07664927,0.06397922,0.31547604,-0.08017019,0.06018315,0.09502962,0.02434338,0.00350812,32.32398558,0.00000000,46.83531867,37.94818155,0.19038199,-0.49879614,1.33435172,0.19682207,-0.49960955,1.33556837,8.05621616,0.00000002
6.87000000,RETURN_LEG,0.00192060,-0.00727880,0.00411345,-0.07664924,0.06397919,0.31547603,-0.08017016,0.06018313,0.09502965,0.02434330,0.00350804,32.32411927,0.00000000,46.83552524,37.94825332,0.19038196,-0.49879605,1.33435146,0.19682207,-0.49960955,1.33556837,8.05623522,0.00000003
6.88000000,RETURN_LEG,0.00192066,-0.00727873,0.00411330,-0.07664921,0.06397917,0.31547602,-0.08017013,0.06018311,0.09502969,0.02434323,0.00350797,32.32422802,0.00000000,46.83558256,37.94827555,0.19038195,-0.49879598,1.33435131,0.19682207,-0.49960955,1.33556837,8.05623593,0.00000005
6.89000000,RETURN_LEG,0.00192074,-0.00727866,0.00411318,-0.07664917,0.06397915,0.31547602,-0.08017009,0.06018309,0.09502972,0.02434318,0.00350792,32.32431195,0.00000000,46.83559067,37.94827901,0.19038193,-0.49879594,1.33435124,0.19682207,-0.49960955,1.33556837,8.05623180,0.00000007
6.90000000,RETURN_LEG,0.00192081,-0.00727859,0.00411307,-0.07664914,0.06397914,0.31547601,-0.08017006,0.06018308,0.09502976,0.02434314,0.00350788,32.32437131,0.00000000,46.83556982,37.94827324,0.19038192,-0.49879591,1.33435119,0.19682207,-0.49960955,1.33556837,8.05622512,0.00000009
6.91000000,RETURN_LEG,0.00192085,-0.00727854,0.00411298,-0.07664911,0.06397912,0.31547601,-0.08017003,0.06018306,0.09502979,0.02434308,0.00350782,32.32441733,0.00000000,46.83503582,37.94834493,0.19038189,-0.49879583,1.33435094,0.19682201,-0.49960923,1.33556765,8.05615277,0.00000002
6.92000000,RETURN_LEG,0.00192088,-0.00727852,0.00411290,-0.07664908,0.06397911,0.31547601,-0.08017000,0.06018305,0.09502982,0.02434303,0.00350777,32.32445604,0.00000000,46.83518505,37.94838701,0.19038186,-0.49879572,1.33435071,0.19682201,-0.49960923,1.33556765,8.05616593,0.00000002
6.93000000,RETURN_LEG,0.00192090,-0.00727850,0.00411284,-0.07664905,0.06397910,0.31547600,-0.08016998,0.06018304,0.09502985,0.02434300,0.00350774,32.32448490,0.00000000,46.83521486,37.94837849,0.19038184,-0.49879565,1.33435058,0.19682201,-0.49960923,1.33556765,8.05616518,0.00000002
6.94000000,RETURN_LEG,0.00192092,-0.00727847,0.00411280,-0.07664902,0.06397909,0.31547600,-0.08016995,0.06018304,0.09502988,0.02434298,0.00350772,32.32450318,0.00000000,46.83521091,37.94835192,0.19038184,-0.49879560,1.33435051,0.19682201,-0.49960923,1.33556765,8.05616159,0.00000003
6.95000000,RETURN_LEG,0.00192093,-0.00727844,0.00411278,-0.07664900,0.06397909,0.31547601,-0.08016993,0.06018303,0.09502991,0.02434297,0.00350771,32.32451133,0.00000000,46.83519342,37.94831952,0.19038184,-0.49879558,1.33435047,0.19682201,-0.49960923,1.33556765,8.05615725,0.00000003
6.96000000,RETURN_LEG,0.00192093,-0.00727841,0.00411277,-0.07664898,0.06397909,0.31547601,-0.08016991,0.06018303,0.09502993,0.02434296,0.00350770,32.32451111,0.00000000,46.83517248,37.94828794,0.19038184,-0.49879557,1.33435045,0.19682201,-0.49960923,1.33556765,8.05615308,0.00000004
6.97000000,RETURN_LEG,0.00192092,-0.00727839,0.00411278,-0.07664896,0.06397909,0.31547602,-0.08016989,0.06018303,0.09502995,0.02434296,0.00350770,32.32450490,0.00000000,46.83515399,37.94825971,0.19038184,-0.49879556,1.33435044,0.19682201,-0.49960923,1.33556765,8.05614958,0.00000004
6.98000000,RETURN_LEG,0.00192091,-0.00727837,0.00411281,-0.07664894,0.06397909,0.31547602,-0.08016987,0.06018303,0.09502997,0.02434296,0.00350770,32.32449518,0.00000000,46.83514119,37.94823475,0.19038185,-0.49879556,1.33435043,0.19682201,-0.49960923,1.33556765,8.05614704,0.00000004
6.99000000,RETURN_LEG,0.00192088,-0.00727835,0.00411284,-0.07664893,0.06397909,0.31547603,-0.08016986,0.06018304,0.09502998,0.02434297,0.00350771,32.32448413,0.00000000,46.83513562,37.94821179,0.19038185,-0.49879556,1.33435043,0.19682201,-0.49960923,1.33556765,8.05614559,0.00000005
7.00000000,RETURN_LEG,0.00192085,-0.00727834,0.00411289,-0.07664891,0.06397910,0.31547603,-0.08016985,0.06018304,0.09502999,0.02434298,0.00350772,32.32447334,0.00000000,46.83513785,37.94818930,0.19038185,-0.49879556,1.33435042,0.19682201,-0.49960923,1.33556765,8.05614530,0.00000006
7.01000000,RETURN_LEG,0.00192082,-0.00727833,0.00411294,-0.07664890,0.06397911,0.31547604,-0.08016984,0.06018305,0.09503000,0.02434299,0.00350773,32.32446378,0.00000000,46.83514789,37.94816609,0.19038185,-0.49879556,1.33435042,0.19682201,-0.49960923,1.33556765,8.05614615,0.00000006
7.02000000,RETURN_LEG,0.00192078,-0.00727833,0.00411300,-0.07664890,0.06397912,0.31547604,-0.08016983,0.06018306,0.09503001,0.02434300,0.00350774,32.32445585,0.00000000,46.83516547,37.94814143,0.19038186,-0.49879556,1.33435042,0.19682201,-0.49960923,1.33556765,8.05614810,0.00000007
7.03000000,RETURN_LEG,0.00192073,-0.00727833,0.00411306,-0.07664889,0.06397913,0.31547604,-0.08016983,0.06018307,0.09503002,0.02434301,0.00350775,32.32444942,0.00000000,46.83519009,37.94811508,0.19038186,-0.49879556,1.33435042,0.19682201,-0.49960923,1.33556765,8.05615110,0.00000007
7.04000000,RETURN_LEG,0.00192068,-0.00727834,0.00411312,-0.07664889,0.06397915,0.31547605,-0.08016982,0.06018308,0.09503002,0.02434303,0.00350777,32.32444408,0.00000000,46.83522110,37.94808717,0.19038186,-0.49879555,1.33435043,0.19682201,-0.49960923,1.33556765,8.05615504,0.00000008
7.05000000,RETURN_LEG,0.00192063,-0.00727835,0.00411318,-0.07664889,0.06397916,0.31547605,-0.08016982,0.06018309,0.09503003,0.02434304,0.00350778,32.32443915,0.00000000,46.83525774,37.94805805,0.19038186,-0.49879555,1.33435043,0.19682201,-0.49960923,1.33556765,8.05615983,0.00000009
7.06000000,RETURN_LEG,0.00192058,-0.00727836,0.00411324,-0.07664889,0.06397918,0.31547605,-0.08016982,0.06018311,0.09503003,0.02434306,0.00350780,32.32443390,0.00000000,46.83529910,37.94802822,0.19038186,-0.49879555,1.33435043,0.19682201,-0.49960923,1.33556765,8.05616535,0.00000009
7.07000000,RETURN_LEG,0.00192052,-0.00727838,0.00411329,-0.07664889,0.06397920,0.31547605,-0.08016982,0.06018313,0.09503002,0.02434308,0.00350782,32.32442760,0.00000000,46.83534424,37.94799826,0.19038186,-0.49879555,1.33435043,0.19682201,-0.49960923,1.33556765,8.05617148,0.00000010
7.08000000,RETURN_LEG,0.00192052,-0.00727843,0.00411336,-0.07664890,0.06397921,0.31547605,-0.08016983,0.06018314,0.09503002,0.02434309,0.00350783,32.32484456,0.00000000,46.83549649,37.94767238,0.19038188,-0.49879558,1.33435042,0.19682201,-0.49960923,1.33556765,8.05618431,0.00000003
7.09000000,RETURN_LEG,0.00192051,-0.00727852,0.00411343,-0.07664891,0.06397923,0.31547605,-0.08016984,0.06018315,0.09503001,0.02434311,0.00350785,32.32465562,0.00000000,46.83553628,37.94778736,0.19038187,-0.49879558,1.33435042,0.19682201,-0.49960923,1.33556765,8.05618841,0.00000004
7.10000000,RETURN_LEG,0.00192050,-0.00727860,0.00411349,-0.07664892,0.06397924,0.31547605,-0.08016985,0.06018316,0.09503000,0.02434313,0.00350787,32.32453073,0.00000000,46.83554553,37.94781047,0.19038185,-0.49879556,1.33435042,0.19682201,-0.49960923,1.33556765,8.05619097,0.00000005
7.11000000,RETURN_LEG,0.00192048,-0.00727867,0.00411355,-0.07664894,0.06397925,0.31547605,-0.08016986,0.06018317,0.09502999,0.02434316,0.00350790,32.32443247,0.00000000,46.83554986,37.94780918,0.19038184,-0.49879554,1.33435043,0.19682201,-0.49960923,1.33556765,8.05619399,0.00000007
7.12000000,RETURN_LEG,0.00192044,-0.00727873,0.00411361,-0.07664896,0.06397926,0.31547605,-0.08016988,0.06018318,0.09502997,0.02434318,0.00350792,32.32435321,0.00000000,46.83555945,37.94780118,0.19038184,-0.49879553,1.33435043,0.19682201,-0.49960923,1.33556765,8.05619809,0.00000008
7.13000000,RETURN_LEG,0.00192041,-0.00727879,0.00411365,-0.07664898,0.06397926,0.31547605,-0.08016990,0.06018319,0.09502995,0.02434320,0.00350794,32.32428964,0.00000000,46.83557885,37.94779504,0.19038185,-0.49879553,1.33435043,0.19682201,-0.49960923,1.33556765,8.05620346,0.00000010
7.14000000,RETURN_LEG,0.00192039,-0.00727882,0.00411369,-0.07664901,0.06397927,0.31547605,-0.08016993,0.06018320,0.09502992,0.02434325,0.00350799,32.32422814,0.00000000,46.83607234,37.94770349,0.19038188,-0.49879562,1.33435068,0.19682207,-0.49960955,1.33556837,8.05627047,0.00000005
7.15000000,RETURN_LEG,0.00192038,-0.00727882,0.00411373,-0.07664903,0.06397927,0.31547605,-0.08016995,0.06018320,0.09502989,0.02434329,0.00350803,32.32416755,0.00000000,46.83593466,37.94766694,0.19038191,-0.49879572,1.33435089,0.19682207,-0.49960955,1.33556837,8.05625865,0.00000005
7.16000000,RETURN_LEG,0.00192037,-0.00727883,0.00411377,-0.07664906,0.06397928,0.31547606,-0.08016997,0.06018320,0.09502987,0.02434331,0.00350805,32.32411146,0.00000000,46.83590140,37.94768118,0.19038192,-0.49879579,1.33435100,0.19682207,-0.49960955,1.33556837,8.05625887,0.00000005
7.17000000,RETURN_LEG,0.00192037,-0.00727885,0.00411379,-0.07664908,0.06397928,0.31547605,-0.08017000,0.06018320,0.09502985,0.02434332,0.00350806,32.32406343,0.00000000,46.83590276,37.94771589,0.19038193,-0.49879584,1.33435106,0.19682207,-0.49960955,1.33556837,8.05626218,0.00000005
7.18000000,RETURN_LEG,0.00192036,-0.00727887,0.00411381,-0.07664911,0.06397928,0.31547605,-0.08017002,0.06018320,0.09502982,0.02434333,0.00350807,32.32402519,0.00000000,46.83592071,37.94775696,0.19038193,-0.49879587,1.33435109,0.19682207,-0.49960955,1.33556837,8.05626674,0.00000005
7.19000000,RETURN_LEG,0.00192036,-0.00727890,0.00411382,-0.07664913,0.06397928,0.31547605,-0.08017004,0.06018320,0.09502980,0.02434333,0.00350807,32.32399673,0.00000000,46.83594582,37.94779597,0.19038193,-0.49879588,1.33435111,0.19682207,-0.49960955,1.33556837,8.05627172,0.00000005
7.20000000,RETURN_LEG,0.00192036,-0.00727893,0.00411382,-0.07664915,0.06397927,0.31547604,-0.08017007,0.06018320,0.09502978,0.02434333,0.00350807,32.32397681,0.00000000,46.83597254,37.94782915,0.19038193,-0.49879588,1.33435113,0.19682207,-0.49960955,1.33556837,8.05627664,0.00000006
7.21000000,RETURN_LEG,0.00192037,-0.00727895,0.00411381,-0.07664917,0.06397927,0.31547604,-0.08017009,0.06018320,0.09502976,0.02434334,0.00350808,32.32396362,0.00000000,46.83599780,37.94785582,0.19038193,-0.49879588,1.33435113,0.19682207,-0.49960955,1.33556837,8.05628119,0.00000006
7.22000000,RETURN_LEG,0.00192037,-0.00727898,0.00411380,-0.07664919,0.06397927,0.31547603,-0.08017010,0.06018319,0.09502975,0.02434333,0.00350807,32.32395517,0.00000000,46.83602009,37.94787694,0.19038193,-0.49879588,1.33435114,0.19682207,-0.49960955,1.33556837,8.05628522,0.00000007
7.23000000,RETURN_LEG,0.00192039,-0.00727900,0.00411378,-0.07664921,0.06397926,0.31547602,-0.08017012,0.06018319,0.09502973,0.02434333,0.00350807,32.32394970,0.00000000,46.83603865,37.94789399,0.19038193,-0.49879588,1.33435114,0.19682207,-0.49960955,1.33556837,8.05628863,0.00000007
7.24000000,RETURN_LEG,0.00192040,-0.00727901,0.00411375,-0.07664923,0.06397926,0.31547602,-0.08017014,0.06018318,0.09502972,0.02434333,0.00350807,32.32394585,0.00000000,46.83605310,37.94790835,0.19038193,-0.49879588,1.33435114,0.19682207,-0.49960955,1.33556837,8.05629138,0.00000008
7.25000000,RETURN_LEG,0.00192041,-0.00727903,0.00411372,-0.07664924,0.06397925,0.31547601,-0.08017015,0.06018318,0.09502970,0.02434332,0.00350806,32.32394267,0.00000000,46.83606321,37.94792103,0.19038192,-0.49879588,1.33435114,0.19682207,-0.49960955,1.33556837,8.05629343,0.00000008
7.26000000,RETURN_LEG,0.00192043,-0.00727904,0.00411368,-0.07664926,0.06397925,0.31547601,-0.08017016,0.06018318,0.09502969,0.02434331,0.00350805,32.32393968,0.00000000,46.83606885,37.94793268,0.19038192,-0.49879588,1.33435114,0.19682207,-0.49960955,1.33556837,8.05629477,0.00000009
7.27000000,RETURN_LEG,0.00192045,-0.00727905,0.00411365,-0.07664927,0.06397924,0.31547600,-0.08017017,0.06018317,0.09502968,0.02434331,0.00350805,32.32393672,0.00000000,46.83606998,37.94794364,0.19038192,-0.49879588,1.33435114,0.19682207,-0.49960955,1.33556837,8.05629540,0.00000009
7.28000000,RETURN_LEG,0.00192047,-0.00727906,0.00411362,-0.07664927,0.06397924,0.31547600,-0.08017018,0.06018317,0.09502967,0.02434330,0.00350804,32.32393391,0.00000000,46.83606669,37.94795400,0.19038192,-0.49879588,1.33435114,0.19682207,-0.49960955,1.33556837,8.05629534,0.00000009
7.29000000,RETURN_LEG,0.00192049,-0.00727906,0.00411359,-0.07664928,0.06397923,0.31547600,-0.08017019,0.06018316,0.09502967,0.02434330,0.00350804,32.32393158,0.00000000,46.83605922,37.94796375,0.19038192,-0.49879589,1.33435114,0.19682207,-0.49960955,1.33556837,8.05629463,0.00000010
7.30000000,RETURN_LEG,0.00192049,-0.00727905,0.00411356,-0.07664929,0.06397923,0.31547600,-0.08017020,0.06018315,0.09502966,0.02434329,0.00350803,32.32332970,0.00000000,46.83598224,37.94851660,0.19038191,-0.49879588,1.33435114,0.19682207,-0.49960955,1.33556837,8.05628917,0.00000002
7.31000000,RETURN_LEG,0.00192045,-0.00727900,0.00411351,-0.07664929,0.06397922,0.31547599,-0.08017020,0.06018315,0.09502966,0.02434328,0.00350802,32.32360887,0.00000000,46.83592666,37.94818261,0.19038190,-0.49879586,1.33435115,0.19682207,-0.49960955,1.33556837,8.05628619,0.00000002
7.32000000,RETURN_LEG,0.00192042,-0.00727893,0.00411347,-0.07664929,0.06397922,0.31547599,-0.08017020,0.06018315,0.09502966,0.02434327,0.00350802,32.32374628,0.00000000,46.83594055,37.94811086,0.19038192,-0.49879587,1.33435115,0.19682207,-0.49960955,1.33556837,8.05628815,0.00000003
7.33000000,RETURN_LEG,0.00192040,-0.00727888,0.00411343,-0.07664928,0.06397922,0.31547599,-0.08017019,0.06018315,0.09502967,0.02434326,0.00350800,32.32384596,0.00000000,46.83596659,37.94808312,0.19038194,-0.49879589,1.33435114,0.19682207,-0.49960955,1.33556837,8.05629009,0.00000004
7.34000000,RETURN_LEG,0.00192039,-0.00727883,0.00411339,-0.07664927,0.06397923,0.31547598,-0.08017019,0.06018316,0.09502968,0.02434325,0.00350799,32.32392361,0.00000000,46.83598965,37.94807006,0.19038194,-0.49879590,1.33435114,0.19682207,-0.49960955,1.33556837,8.05629099,0.00000005
7.35000000,RETURN_LEG,0.00192039,-0.00727880,0.00411337,-0.07664926,0.06397923,0.31547598,-0.08017018,0.06018316,0.09502969,0.02434324,0.00350798,32.32398404,0.00000000,46.83600259,37.94805971,0.19038194,-0.49879591,1.33435113,0.19682207,-0.49960955,1.33556837,8.05629043,0.00000006
7.36000000,RETURN_LEG,0.00192039,-0.00727877,0.00411335,-0.07664925,0.06397924,0.31547598,-0.08017016,0.06018317,0.09502970,0.02434323,0.00350797,32.32403020,0.00000000,46.83600289,37.94804652,0.19038193,-0.49879591,1.33435113,0.19682207,-0.49960955,1.33556837,8.05628835,0.00000006
7.37000000,RETURN_LEG,0.00192040,-0.00727875,0.00411334,-0.07664923,0.06397924,0.31547598,-0.08017015,0.06018317,0.09502972,0.02434322,0.00350796,32.32406453,0.00000000,46.83599102,37.94802895,0.19038192,-0.49879590,1.33435113,0.19682207,-0.49960955,1.33556837,8.05628491,0.00000006
7.38000000,RETURN_LEG,0.00192039,-0.00727872,0.00411335,-0.07664922,0.06397925,0.31547599,-0.08017013,0.06018318,0.09502973,0.02434322,0.00350796,32.32408934,0.00000000,46.83596908,37.94800766,0.19038191,-0.49879590,1.33435113,0.19682207,-0.49960955,1.33556837,8.05628036,0.00000007
7.39000000,RETURN_LEG,0.00192039,-0.00727870,0.00411336,-0.07664920,0.06397925,0.31547599,-0.08017012,0.06018318,0.09502975,0.02434322,0.00350796,32.32410696,0.00000000,46.83593980,37.94798417,0.19038191,-0.49879589,1.33435113,0.19682207,-0.49960955,1.33556837,8.05627501,0.00000007
7.40000000,RETURN_LEG,0.00192038,-0.00727868,0.00411338,-0.07664918,0.06397926,0.31547600,-0.08017010,0.06018319,0.09502977,0.02434323,0.00350797,32.32411981,0.00000000,46.83590587,37.94796005,0.19038190,-0.49879589,1.33435113,0.19682207,-0.49960955,1.33556837,8.05626915,0.00000007
7.41000000,RETURN_LEG,0.00192037,-0.00727866,0.00411340,-0.07664916,0.06397926,0.31547601,-0.08017008,0.06018319,0.09502978,0.02434323,0.00350797,32.32413021,0.00000000,46.83586973,37.94793652,0.19038191,-0.49879589,1.33435114,0.19682207,-0.49960955,1.33556837,8.05626306,0.00000008
7.42000000,RETURN_LEG,0.00192036,-0.00727865,0.00411343,-0.07664914,0.06397927,0.31547602,-0.08017006,0.06018319,0.09502980,0.02434324,0.00350798,32.32414027,0.00000000,46.83583336,37.94791441,0.19038191,-0.49879588,1.33435114,0.19682207,-0.49960955,1.33556837,8.05625697,0.00000008
7.43000000,RETURN_LEG,0.00192035,-0.00727863,0.00411346,-0.07664912,0.06397927,0.31547602,-0.08017004,0.06018320,0.09502982,0.02434325,0.00350799,32.32415164,0.00000000,46.83579830,37.94789420,0.19038192,-0.49879588,1.33435114,0.19682207,-0.49960955,1.33556837,8.05625107,0.00000009
7.44000000,RETURN_LEG,0.00192033,-0.00727861,0.00411349,-0.07664910,0.06397928,0.31547603,-0.08017002,0.06018320,0.09502984,0.02434326,0.00350800,32.32416545,0.00000000,46.83576570,37.94787614,0.19038192,-0.49879588,1.33435114,0.19682207,-0.49960955,1.33556837,8.05624550,0.00000009
7.45000000,RETURN_LEG,0.00192032,-0.00727858,0.00411352,-0.07664908,0.06397928,0.31547604,-0.08017000,0.06018321,0.09502986,0.02434326,0.00350800,32.32418221,0.00000000,46.83573630,37.94786033,0.19038192,-0.49879588,1.33435114,0.19682207,-0.49960955,1.33556837,8.05624036,0.00000010
7.46000000,RETURN_LEG,0.00192034,-0.00727858,0.00411356,-0.07664906,0.06397928,0.31547605,-0.08016999,0.06018321,0.09502988,0.02434327,0.00350801,32.32471809,0.00000000,46.83579853,37.94743551,0.19038194,-0.49879589,1.33435114,0.19682207,-0.49960955,1.33556837,8.05624126,0.00000002
7.47000000,RETURN_LEG,0.00192039,-0.00727862,0.00411361,-0.07664904,0.06397928,0.31547606,-0.08016997,0.06018321,0.09502989,0.02434327,0.00350801,32.32451289,0.00000000,46.83579132,37.94765676,0.19038194,-0.49879590,1.33435113,0.19682207,-0.49960955,1.33556837,8.05623616,0.00000003
7.48000000,RETURN_LEG,0.00192043,-0.00727866,0.00411366,-0.07664903,0.06397928,0.31547607,-0.08016995,0.06018320,0.09502990,0.02434328,0.00350802,32.32441148,0.00000000,46.83573657,37.94771307,0.19038192,-0.49879589,1.33435114,0.19682207,-0.49960955,1.33556837,8.05622804,0.00000003
7.49000000,RETURN_LEG,0.00192046,-0.00727868,0.00411370,-0.07664902,0.06397927,0.31547608,-0.08016994,0.06018320,0.09502991,0.02434329,0.00350803,32.32434506,0.00000000,46.83567503,37.94773582,0.19038191,-0.49879587,1.33435114,0.19682207,-0.49960955,1.33556837,8.05622035,0.00000004
7.50000000,RETURN_LEG,0.00192049,-0.00727870,0.00411374,-0.07664901,0.06397926,0.31547608,-0.08016993,0.06018319,0.09502992,0.02434330,0.00350804,32.32430111,0.00000000,46.83561972,37.94774805,0.19038191,-0.49879585,1.33435115,0.19682207,-0.49960955,1.33556837,8.05621395,0.00000004
7.51000000,RETURN_LEG,0.00192051,-0.00727870,0.00411376,-0.07664900,0.06397925,0.31547609,-0.08016993,0.06018318,0.09502993,0.02434330,0.00350804,32.32427447,0.00000000,46.83557678,37.94776008,0.19038191,-0.49879585,1.33435115,0.19682207,-0.49960955,1.33556837,8.05620919,0.00000005
7.52000000,RETURN_LEG,0.00192052,-0.00727869,0.00411378,-0.07664900,0.06397924,0.31547610,-0.08016992,0.06018317,0.09502993,0.02434330,0.00350804,32.32426139,0.00000000,46.83554800,37.94777642,0.19038192,-0.49879585,1.33435115,0.19682207,-0.49960955,1.33556837,8.05620608,0.00000005
7.53000000,RETURN_LEG,0.00192055,-0.00727868,0.00411378,-0.07664899,0.06397923,0.31547610,-0.08016992,0.06018316,0.09502993,0.02434330,0.00350804,32.32425864,0.00000000,46.83553243,37.94779796,0.19038193,-0.49879585,1.33435115,0.19682207,-0.49960955,1.33556837,8.05620445,0.00000005
7.54000000,RETURN_LEG,0.00192057,-0.00727867,0.00411377,-0.07664899,0.06397922,0.31547610,-0.08016991,0.06018315,0.09502993,0.02434329,0.00350803,32.32426322,0.00000000,46.83552771,37.94782377,0.19038194,-0.49879586,1.33435115,0.19682207,-0.49960955,1.33556837,8.05620404,0.00000005
7.55000000,RETURN_LEG,0.00192060,-0.00727865,0.00411375,-0.07664899,0.06397921,0.31547609,-0.08016991,0.06018314,0.09502993,0.02434328,0.00350802,32.32427223,0.00000000,46.83553102,37.94785224,0.19038194,-0.49879586,1.33435115,0.19682207,-0.49960955,1.33556837,8.05620453,0.00000005
7.56000000,RETURN_LEG,0.00192063,-0.00727864,0.00411372,-0.07664899,0.06397920,0.31547609,-0.08016991,0.06018313,0.09502993,0.02434326,0.00350800,32.32428292,0.00000000,46.83553966,37.94788186,0.19038194,-0.49879586,1.33435115,0.19682207,-0.49960955,1.33556837,8.05620564,0.00000006
7.57000000,RETURN_LEG,0.00192067,-0.00727863,0.00411369,-0.07664899,0.06397919,0.31547609,-0.08016992,0.06018312,0.09502993,0.02434325,0.00350799,32.32429280,0.00000000,46.83555127,37.94791147,0.19038194,-0.49879587,1.33435115,0.19682207,-0.49960955,1.33556837,8.05620713,0.00000007
7.58000000,RETURN_LEG,0.00192071,-0.00727861,0.00411365,-0.07664900,0.06397917,0.31547608,-0.08016992,0.06018311,0.09502993,0.02434323,0.00350797,32.32429981,0.00000000,46.83556396,37.94794033,0.19038193,-0.49879587,1.33435115,0.19682207,-0.49960955,1.33556837,8.05620878,0.00000007
7.59000000,RETURN_LEG,0.00192075,-0.00727860,0.00411360,-0.07664900,0.06397916,0.31547607,-0.08016992,0.06018310,0.09502993,0.02434321,0.00350795,32.32430247,0.00000000,46.83557631,37.94796800,0.19038193,-0.49879587,1.33435114,0.19682207,-0.49960955,1.33556837,8.05621042,0.00000008
7.60000000,RETURN_LEG,0.00192079,-0.00727859,0.00411355,-0.07664900,0.06397915,0.31547607,-0.08016993,0.06018309,0.09502992,0.02434319,0.00350793,32.32429995,0.00000000,46.83558733,37.94799423,0.19038192,-0.49879587,1.33435114,0.19682207,-0.49960955,1.33556837,8.05621194,0.00000009
7.61000000,RETURN_LEG,0.00192082,-0.00727858,0.00411351,-0.07664901,0.06397914,0.31547606,-0.08016993,0.06018308,0.09502992,0.02434317,0.00350791,32.32429206,0.00000000,46.83559642,37.94801890,0.19038192,-0.49879587,1.33435114,0.19682207,-0.49960955,1.33556837,8.05621327,0.00000010
7.62000000,RETURN_LEG,0.00192085,-0.00727859,0.00411346,-0.07664902,0.06397913,0.31547605,-0.08016994,0.06018306,0.09502991,0.02434314,0.00350788,32.32428370,0.00000000,46.83502169,37.94809562,0.19038191,-0.49879583,1.33435098,0.19682201,-0.49960923,1.33556765,8.05613959,0.00000008
7.63000000,LOWER_LEG,0.00192085,-0.00727862,0.00411340,-0.07664902,0.06397912,0.31547604,-0.08016994,0.06018306,0.09502991,0.02434310,0.00350784,32.32428774,0.00000000,46.83528647,37.94818979,0.19038188,-0.49879573,1.33435073,0.19682201,-0.49960923,1.33556765,8.05617062,0.00000009
7.64000000,LOWER_LEG,0.00192085,-0.00727866,0.00411334,-0.07664903,0.06397911,0.31547604,-0.08016995,0.06018305,0.09502991,0.02434306,0.00350780,32.32428303,0.00000000,46.83539671,37.94819125,0.19038187,-0.49879556,1.33435036,0.19682185,-0.49960842,1.33556583,8.05618222,0.00000009
7.65000000,LOWER_LEG,0.00192080,-0.00727870,0.00411328,-0.07664904,0.06397910,0.31547603,-0.08016996,0.06018304,0.09502990,0.02434280,0.00350754,32.32422021,0.00000000,46.83551229,37.94802151,0.19038183,-0.49879462,1.33434793,0.19682121,-0.49960513,1.33555844,8.05619633,0.00000009
7.66000000,LOWER_LEG,0.00192064,-0.00727877,0.00411322,-0.07664906,0.06397911,0.31547603,-0.08016997,0.06018304,0.09502989,0.02434198,0.00350672,32.32404930,0.00000000,46.83564196,37.94770880,0.19038161,-0.49879178,1.33434091,0.19681976,-0.49959769,1.33554174,8.05621235,0.00000008
7.67000000,LOWER_LEG,0.00192035,-0.00727889,0.00411315,-0.07664908,0.06397911,0.31547605,-0.08016998,0.06018304,0.09502989,0.02434023,0.00350497,32.32372112,0.00000000,46.83655986,37.94722441,0.19038095,-0.49878572,1.33432635,0.19681720,-0.49958455,1.33551221,8.05632868,0.00000005
7.68000000,LOWER_LEG,0.00191995,-0.00727904,0.00411309,-0.07664912,0.06397913,0.31547608,-0.08016999,0.06018305,0.09502987,0.02433710,0.00350184,32.32319682,0.00000000,46.83636137,37.94653572,0.19037956,-0.49877496,1.33430106,0.19681323,-0.49956418,1.33546647,8.05630353,0.00000009
7.69000000,LOWER_LEG,0.00191944,-0.00727925,0.00411305,-0.07664918,0.06397916,0.31547614,-0.08017000,0.06018307,0.09502986,0.02433214,0.00349688,32.32248289,0.00000000,46.83689306,37.94573524,0.19037709,-0.49875804,1.33426181,0.19680759,-0.49953520,1.33540138,8.05637259,0.00000009
7.70000000,LOWER_LEG,0.00191886,-0.00727953,0.00411304,-0.07664925,0.06397920,0.31547622,-0.08017000,0.06018310,0.09502984,0.02432488,0.00348962,32.32161013,0.00000000,46.83817702,37.94487331,0.19037320,-0.49873353,1.33420547,0.19680001,-0.49949628,1.33531396,8.05653956,0.00000007
7.71000000,LOWER_LEG,0.00191824,-0.00727987,0.00411308,-0.07664934,0.06397926,0.31547632,-0.08017001,0.06018315,0.09502983,0.02431490,0.00347964,32.32117359,0.00000000,46.83852828,37.94345241,0.19036759,-0.49870008,1.33412900,0.19679026,-0.49944617,1.33520142,8.05658392,0.00000003
7.72000000,LOWER_LEG,0.00191761,-0.00728031,0.00411318,-0.07664945,0.06397933,0.31547644,-0.08017000,0.06018320,0.09502983,0.02430177,0.00346651,32.31986934,0.00000000,46.83874946,37.94279203,0.19035995,-0.49865638,1.33402955,0.19677811,-0.49938373,1.33506118,8.05661637,0.00000008
7.73000000,LOWER_LEG,0.00191693,-0.00728079,0.00411335,-0.07664958,0.06397941,0.31547657,-0.08016998,0.06018327,0.09502983,0.02428511,0.00344985,32.31867583,0.00000000,46.83967677,37.94190954,0.19035002,-0.49860120,1.33390444,0.19676335,-0.49930789,1.33489085,8.05674607,0.00000007
7.74000000,LOWER_LEG,0.00191623,-0.00728129,0.00411359,-0.07664973,0.06397951,0.31547671,-0.08016995,0.06018335,0.09502984,0.02426455,0.00342929,32.31828059,0.00000000,46.84063623,37.94027443,0.19033759,-0.49853345,1.33375115,0.19674580,-0.49921765,1.33468820,8.05688345,0.00000000
7.75000000,LOWER_LEG,0.00191554,-0.00728184,0.00411391,-0.07664990,0.06397963,0.31547686,-0.08016991,0.06018345,0.09502987,0.02423974,0.00340448,32.31689380,0.00000000,46.84065847,37.93990919,0.19032248,-0.49845211,1.33356731,0.19672528,-0.49911211,1.33445118,8.05690101,0.00000007
7.76000000,LOWER_LEG,0.00191483,-0.00728238,0.00411430,-0.07665009,0.06397975,0.31547700,-0.08016984,0.06018355,0.09502993,0.02421039,0.00337513,32.31583686,0.00000000,46.84155752,37.93916590,0.19030444,-0.49835618,1.33335080,0.19670164,-0.49899045,1.33417798,8.05704009,0.00000005
7.77000000,LOWER_LEG,0.00191408,-0.00728290,0.00411473,-0.07665029,0.06397989,0.31547714,-0.08016976,0.06018366,0.09503000,0.02417620,0.00334094,32.31495689,0.00000000,46.84255387,37.93843887,0.19028335,-0.49824479,1.33309963,0.19667473,-0.49885190,1.33386688,8.05719699,0.00000008
7.78000000,LOWER_LEG,0.00191334,-0.00728341,0.00411522,-0.07665051,0.06398004,0.31547727,-0.08016964,0.06018379,0.09503010,0.02413691,0.00330165,32.31474492,0.00000000,46.84261500,37.93727097,0.19025908,-0.49811717,1.33281199,0.19664443,-0.49869579,1.33351636,8.05723161,0.00000007
7.79000000,LOWER_LEG,0.00191263,-0.00728392,0.00411575,-0.07665074,0.06398020,0.31547738,-0.08016949,0.06018392,0.09503024,0.02409228,0.00325702,32.31391799,0.00000000,46.84358032,37.93682602,0.19023145,-0.49797256,1.33248623,0.19661063,-0.49852151,1.33312509,8.05738756,0.00000005
7.80000000,LOWER_LEG,0.00191190,-0.00728440,0.00411629,-0.07665098,0.06398037,0.31547748,-0.08016932,0.06018406,0.09503041,0.02404212,0.00320686,32.31332191,0.00000000,46.84459060,37.93628504,0.19020033,-0.49781030,1.33212091,0.19657322,-0.49832853,1.33269188,8.05755420,0.00000008
7.81000000,LOWER_LEG,0.00191121,-0.00728486,0.00411684,-0.07665123,0.06398054,0.31547757,-0.08016910,0.06018421,0.09503062,0.02398624,0.00315098,32.31338299,0.00000000,46.84470439,37.93528403,0.19016566,-0.49762983,1.33171470,0.19653213,-0.49811639,1.33221567,8.05760224,0.00000007
7.82000000,LOWER_LEG,0.00191056,-0.00728532,0.00411739,-0.07665149,0.06398071,0.31547765,-0.08016885,0.06018436,0.09503087,0.02392447,0.00308921,32.31280173,0.00000000,46.84563227,37.93498996,0.19012732,-0.49743062,1.33126646,0.19648729,-0.49788467,1.33169559,8.05775855,0.00000005
7.83000000,LOWER_LEG,0.00190991,-0.00728575,0.00411792,-0.07665176,0.06398089,0.31547771,-0.08016855,0.06018451,0.09503116,0.02385669,0.00302143,32.31241618,0.00000000,46.84590998,37.93457717,0.19008522,-0.49721221,1.33077521,0.19643865,-0.49763306,1.33113092,8.05783463,0.00000008
7.84000000,LOWER_LEG,0.00190930,-0.00728614,0.00411841,-0.07665203,0.06398107,0.31547776,-0.08016821,0.06018465,0.09503150,0.02378278,0.00294752,32.31275676,0.00000000,46.84707854,37.93359453,0.19003935,-0.49697425,1.33024009,0.19638616,-0.49736127,1.33052104,8.05802115,0.00000001
7.85000000,LOWER_LEG,0.00190876,-0.00728654,0.00411887,-0.07665231,0.06398124,0.31547781,-0.08016783,0.06018480,0.09503189,0.02370265,0.00286739,32.31226664,0.00000000,46.84729523,37.93353517,0.18998963,-0.49671642,1.32966040,0.19632980,-0.49706910,1.32986549,8.05808565,0.00000006
7.86000000,LOWER_LEG,0.00190826,-0.00728690,0.00411927,-0.07665258,0.06398140,0.31547784,-0.08016739,0.06018493,0.09503234,0.02361623,0.00278097,32.31199443,0.00000000,46.84763936,37.93326877,0.18993601,-0.49643844,1.32903560,0.19626954,-0.49675639,1.32916397,8.05816923,0.00000008
7.87000000,LOWER_LEG,0.00190778,-0.00728723,0.00411961,-0.07665285,0.06398156,0.31547786,-0.08016691,0.06018506,0.09503283,0.02352345,0.00268819,32.31181978,0.00000000,46.84796041,37.93299955,0.18987849,-0.49614013,1.32836526,0.19620540,-0.49642305,1.32841628,8.05824987,0.00000010
7.88000000,LOWER_LEG,0.00190736,-0.00728751,0.00411988,-0.07665312,0.06398171,0.31547788,-0.08016637,0.06018518,0.09503339,0.02342430,0.00258904,32.31171979,0.00000000,46.84832309,37.93275116,0.18981706,-0.49582136,1.32764910,0.19613737,-0.49606903,1.32762234,8.05833461,0.00000010
7.89000000,LOWER_LEG,0.00190702,-0.00728777,0.00412008,-0.07665339,0.06398184,0.31547789,-0.08016577,0.06018529,0.09503401,0.02331875,0.00248349,32.31214500,0.00000000,46.84878971,37.93220377,0.18975175,-0.49548207,1.32688693,0.19606547,-0.49569435,1.32678219,8.05842400,0.00000008
7.90000000,LOWER_LEG,0.00190677,-0.00728803,0.00412022,-0.07665364,0.06398196,0.31547789,-0.08016511,0.06018538,0.09503469,0.02320681,0.00237155,32.31198256,0.00000000,46.84918163,37.93220198,0.18968251,-0.49512221,1.32607874,0.19598974,-0.49529909,1.32589605,8.05850626,0.00000005
7.91000000,LOWER_LEG,0.00190657,-0.00728825,0.00412028,-0.07665389,0.06398206,0.31547789,-0.08016439,0.06018546,0.09503543,0.02308850,0.00225324,32.31196653,0.00000000,46.84967715,37.93218147,0.18960938,-0.49474179,1.32522463,0.19591021,-0.49488337,1.32496420,8.05860155,0.00000001
7.92000000,LOWER_LEG,0.00190643,-0.00728839,0.00412026,-0.07665412,0.06398214,0.31547788,-0.08016361,0.06018551,0.09503624,0.02296386,0.00212860,32.31204221,0.00000000,46.84926524,37.93215884,0.18953241,-0.49434091,1.32432480,0.19582694,-0.49444733,1.32398702,8.05858014,0.00000006
7.93000000,LOWER_LEG,0.00190635,-0.00728850,0.00412017,-0.07665434,0.06398221,0.31547786,-0.08016276,0.06018556,0.09503713,0.02283294,0.00199768,32.31221513,0.00000000,46.84908185,37.93224765,0.18945165,-0.49391973,1.32337956,0.19573999,-0.49399122,1.32296505,8.05858461,0.00000008
7.94000000,LOWER_LEG,0.00190634,-0.00728855,0.00411999,-0.07665453,0.06398225,0.31547784,-0.08016185,0.06018558,0.09503809,0.02269581,0.00186055,32.31248110,0.00000000,46.84892820,37.93237859,0.18936714,-0.49347841,1.32238936,0.19564943,-0.49351529,1.32189890,8.05858920,0.00000010
7.95000000,LOWER_LEG,0.00190640,-0.00728854,0.00411973,-0.07665471,0.06398228,0.31547781,-0.08016086,0.06018558,0.09503912,0.02255256,0.00171730,32.31283380,0.00000000,46.84875803,37.93254088,0.18927897,-0.49301719,1.32135473,0.19555533,-0.49301985,1.32078929,8.05858872,0.00000009
7.96000000,LOWER_LEG,0.00190655,-0.00728847,0.00411940,-0.07665486,0.06398229,0.31547777,-0.08015981,0.06018557,0.09504022,0.02240328,0.00156802,32.31326517,0.00000000,46.84854753,37.93273261,0.18918719,-0.49253633,1.32027632,0.19545779,-0.49250525,1.31963702,8.05858064,0.00000006
7.97000000,LOWER_LEG,0.00190678,-0.00728833,0.00411899,-0.07665499,0.06398227,0.31547773,-0.08015868,0.06018554,0.09504141,0.02224810,0.00141284,32.31376706,0.00000000,46.84828125,37.93295563,0.18909189,-0.49203615,1.31915486,0.19535690,-0.49197188,1.31844300,8.05856323,0.00000004
7.98000000,LOWER_LEG,0.00190710,-0.00728810,0.00411853,-0.07665510,0.06398224,0.31547768,-0.08015748,0.06018548,0.09504266,0.02208713,0.00125187,32.31433206,0.00000000,46.84794885,37.93321331,0.18899315,-0.49151702,1.31799120,0.19525277,-0.49142017,1.31720823,8.05853526,0.00000008
7.99000000,LOWER_LEG,0.00189904,-0.00729137,0.00411816,-0.07665544,0.06398243,0.31547818,-0.08015645,0.06018551,0.09504378,0.02194203,0.00110677,32.28389493,1.37900505,46.88488061,37.90147127,0.18890841,-0.49105089,1.31697511,0.19514609,-0.49085374,1.31594083,8.06252493,0.00000001
8.00000000,LOWER_LEG,0.00180858,-0.00734613,0.00413073,-0.07665955,0.06398715,0.31548768,-0.08015841,0.06018884,0.09504137,0.02188779,0.00105253,32.03687747,1.78009090,47.10984083,37.73135688,0.18887816,-0.49068167,1.31625761,0.19504775,-0.49033046,1.31477029,8.08739253,0.00000001
8.01000000,LOWER_LEG,0.00167306,-0.00745537,0.00417194,-0.07666972,0.06399990,0.31551009,-0.08016535,0.06019910,0.09503167,0.02186198,0.00102672,31.69259559,1.80326466,47.30148504,37.53334821,0.18888923,-0.49026762,1.31541245,0.19495635,-0.48984314,1.31368040,8.10829050,0.00000001
8.02000000,LOWER_LEG,0.00152280,-0.00758990,0.00424484,-0.07668586,0.06402083,0.31554290,-0.08017755,0.06021678,0.09501441,0.02184805,0.00101279,31.34121823,1.80062079,47.44526636,37.29558364,0.18893153,-0.48982425,1.31446783,0.19486615,-0.48936132,1.31260306,8.12562859,0.00000001
8.03000000,LOWER_LEG,0.00136139,-0.00773004,0.00434870,-0.07670714,0.06404922,0.31558229,-0.08019444,0.06024131,0.09499104,0.02184045,0.00100519,31.02992123,1.81390157,47.57057205,37.03283855,0.18899481,-0.48936167,1.31346459,0.19477494,-0.48887317,1.31151180,8.14299298,0.00000001
8.04000000,LOWER_LEG,0.00118786,-0.00786688,0.00448167,-0.07673250,0.06408410,0.31562455,-0.08021521,0.06027183,0.09496318,0.02183579,0.00100053,30.77674539,1.85451687,47.70262941,36.76579207,0.18907266,-0.48888607,1.31242717,0.19468205,-0.48837507,1.31039852,8.16289671,0.00000001
8.05000000,LOWER_LEG,0.00100203,-0.00799814,0.00464100,-0.07676108,0.06412447,0.31566672,-0.08023905,0.06030743,0.09493201,0.02183183,0.00099657,30.58170020,1.92406169,47.85566607,36.50816725,0.18916133,-0.48840174,1.31136949,0.19458740,-0.48786651,1.30926213,8.18657033,0.00000001
8.06000000,LOWER_LEG,0.00080497,-0.00812469,0.00482307,-0.07679228,0.06416939,0.31570689,-0.08026545,0.06034725,0.09489818,0.02182719,0.00099193,30.43495669,2.01921036,48.03423900,36.26541787,0.18925825,-0.48791096,1.31029931,0.19449110,-0.48734810,1.30810400,8.21423662,0.00000001
8.07000000,LOWER_LEG,0.00059852,-0.00824854,0.00502356,-0.07682588,0.06421796,0.31574410,-0.08029415,0.06039047,0.09486186,0.02182118,0.00098592,30.32215496,2.13442337,48.23659428,36.03744363,0.18936113,-0.48741407,1.30922065,0.19439334,-0.48682070,1.30692603,8.24547909,0.00000001
8.08000000,LOWER_LEG,0.00038488,-0.00837194,0.00523775,-0.07686188,0.06426935,0.31577820,-0.08032513,0.06043634,0.09482293,0.02181363,0.00097837,30.22784704,2.26369738,48.45781696,35.82162119,0.18946765,-0.48691001,1.30813518,0.19429426,-0.48628511,1.30573008,8.27956751,0.00000001
8.09000000,LOWER_LEG,0.00016633,-0.00849696,0.00546091,-0.07690045,0.06432280,0.31580956,-0.08035850,0.06048417,0.09478113,0.02180467,0.00096941,30.13777835,2.40168534,48.69204693,35.61488988,0.18957539,-0.48639700,1.30704326,0.19419402,-0.48574208,1.30451777,8.31569051,0.00000001
8.10000000,LOWER_LEG,-0.00005496,-0.00862532,0.00568854,-0.07694180,0.06437758,0.31583882,-0.08039446,0.06053333,0.09473618,0.02179460,0.00095934,30.04032376,2.54432537,48.93376249,35.41480566,0.18968198,-0.48587321,1.30594466,0.19409274,-0.48519224,1.30329056,8.35309581,0.00000001
8.11000000,LOWER_LEG,-0.00027706,-0.00875835,0.00591667,-0.07698612,0.06443307,0.31586674,-0.08043317,0.06058323,0.09468785,0.02178377,0.00094851,29.92721391,2.68906096,49.17838487,35.21986672,0.18978529,-0.48533709,1.30483907,0.19399053,-0.48463616,1.30204972,8.39115969,0.00000001
8.12000000,LOWER_LEG,-0.00049838,-0.00889686,0.00614197,-0.07703351,0.06448870,0.31589400,-0.08047474,0.06063338,0.09463602,0.02177251,0.00093725,29.79366200,2.83474047,49.42246559,35.02943495,0.18988353,-0.48478767,1.30372646,0.19388748,-0.48407434,1.30079639,8.42940951,0.00000001
8.13000000,LOWER_LEG,-0.00071766,-0.00904120,0.00636186,-0.07708400,0.06454400,0.31592115,-0.08051918,0.06068332,0.09458068,0.02176105,0.00092579,29.63803292,2.98130164,49.66364586,34.84348348,0.18997544,-0.48422456,1.30260716,0.19378370,-0.48350725,1.29953160,8.46751826,0.00000001
8.14000000,LOWER_LEG,-0.00093403,-0.00919128,0.00657451,-0.07713747,0.06459858,0.31594856,-0.08056641,0.06073270,0.09452195,0.02174955,0.00091429,29.46122287,3.12935332,49.90050345,34.66230479,0.19006028,-0.48364792,1.30148189,0.19367927,-0.48293532,1.29825634,8.50528407,0.00000001
8.15000000,LOWER_LEG,-0.00114698,-0.00934666,0.00677883,-0.07719370,0.06465218,0.31597645,-0.08061624,0.06078127,0.09446005,0.02173810,0.00090284,29.26591450,3.27975373,50.13235311,34.48625013,0.19013785,-0.48305841,1.30035160,0.19357427,-0.48235902,1.29697164,8.54260308,0.00000001
8.16000000,LOWER_LEG,-0.00135632,-0.00950666,0.00697438,-0.07725241,0.06470462,0.31600488,-0.08066842,0.06082883,0.09439529,0.02172670,0.00089144,29.05584364,3.43325821,50.35903893,34.31553299,0.19020846,-0.48245706,1.29921735,0.19346881,-0.48177884,1.29567861,8.57944121,0.00000001
8.17000000,LOWER_LEG,-0.00156213,-0.00967046,0.00716133,-0.07731324,0.06475581,0.31603384,-0.08072261,0.06087531,0.09432802,0.02171534,0.00088009,28.83516998,3.59027824,50.58074270,34.15010901,0.19027278,-0.48184519,1.29808022,0.19336298,-0.48119536,1.29437856,8.61580819,0.00000001
8.18000000,LOWER_LEG,-0.00176471,-0.00983718,0.00734028,-0.07737578,0.06480578,0.31606324,-0.08077846,0.06092069,0.09425865,0.02170402,0.00086876,28.60799887,3.75076263,50.79782265,33.98963068,0.19033181,-0.48122431,1.29694114,0.19325691,-0.48060925,1.29307297,8.65173606,0.00000001
8.19000000,LOWER_LEG,-0.00196452,-0.01000597,0.00751218,-0.07743963,0.06485461,0.31609298,-0.08083560,0.06096504,0.09418758,0.02169273,0.00085747,28.37806413,3.91418869,51.01069015,33.83346620,0.19038671,-0.48059606,1.29580095,0.19315075,-0.48002126,1.29176353,8.68726286,0.00000001
8.20000000,LOWER_LEG,-0.00216209,-0.01017607,0.00767821,-0.07750438,0.06490244,0.31612297,-0.08089363,0.06100849,0.09411522,0.02168149,0.00084623,28.14855505,4.07963673,51.21972508,33.68076610,0.19043869,-0.47996214,1.29466030,0.19304464,-0.47943224,1.29045211,8.72242170,0.00000001
8.21000000,LOWER_LEG,-0.00235796,-0.01034677,0.00783965,-0.07756965,0.06494947,0.31615313,-0.08095221,0.06105118,0.09404194,0.02167034,0.00083508,27.92205648,4.24591577,51.42522615,33.53055799,0.19048895,-0.47932426,1.29351977,0.19293875,-0.47884308,1.28914071,8.75723440,0.00000001
8.22000000,LOWER_LEG,-0.00255266,-0.01051747,0.00799777,-0.07763506,0.06499589,0.31618341,-0.08101098,0.06109330,0.09396810,0.02165936,0.00082410,27.70056621,4.41170975,51.62738900,33.38185098,0.19053860,-0.47868407,1.29237989,0.19283324,-0.47825472,1.28783143,8.79170876,0.00000001
8.23000000,LOWER_LEG,-0.00274663,-0.01068768,0.00815377,-0.07770029,0.06504191,0.31621379,-0.08106963,0.06113504,0.09389401,0.02164862,0.00081336,27.48555646,4.57571878,51.82630432,33.23373353,0.19058854,-0.47804318,1.29124119,0.19272829,-0.47766811,1.28652636,8.82583848,0.00000001
8.24000000,LOWER_LEG,-0.00294021,-0.01085695,0.00830871,-0.07776504,0.06508773,0.31624425,-0.08112789,0.06117657,0.09381996,0.02163819,0.00080293,27.27805285,4.73677742,52.02196801,33.08545328,0.19063954,-0.47740308,1.29010429,0.19262405,-0.47708417,1.28522756,8.85960453,0.00000001
8.25000000,LOWER_LEG,-0.00313361,-0.01102491,0.00846342,-0.07782906,0.06513351,0.31627481,-0.08118550,0.06121803,0.09374620,0.02162816,0.00079290,27.07871287,4.89393913,52.21429733,32.93647217,0.19069210,-0.47676514,1.28896994,0.19252068,-0.47650381,1.28393701,8.89297738,0.00000001
8.26000000,LOWER_LEG,-0.00332691,-0.01119124,0.00861850,-0.07789213,0.06517936,0.31630546,-0.08124227,0.06125956,0.09367295,0.02161857,0.00078331,26.88789390,5.04652273,52.40314838,32.78649484,0.19074655,-0.47613061,1.28783904,0.19241833,-0.47592787,1.28265661,8.92591935,0.00000001
8.27000000,LOWER_LEG,-0.00352005,-0.01135567,0.00877432,-0.07795406,0.06522538,0.31633622,-0.08129801,0.06130123,0.09360039,0.02160946,0.00077420,26.70570792,5.19412221,52.58833232,32.63547197,0.19080300,-0.47550057,1.28671268,0.19231712,-0.47535714,1.28138811,8.95838695,0.00000001
8.28000000,LOWER_LEG,-0.00371285,-0.01151794,0.00893099,-0.07801470,0.06527160,0.31636706,-0.08135257,0.06134308,0.09352869,0.02160085,0.00076559,26.53206440,5.33658568,52.76962912,32.48358284,0.19086140,-0.47487600,1.28559211,0.19221719,-0.47479237,1.28013315,8.99033290,0.00000001
8.29000000,LOWER_LEG,-0.00390502,-0.01167784,0.00908840,-0.07807393,0.06531800,0.31639799,-0.08140585,0.06138511,0.09345796,0.02159274,0.00075748,26.36670559,5.47397168,52.94679873,32.33120300,0.19092155,-0.47425770,1.28447875,0.19211865,-0.47423425,1.27889326,9.02170790,0.00000001
8.30000000,LOWER_LEG,-0.00409619,-0.01183521,0.00924623,-0.07813168,0.06536454,0.31642895,-0.08145776,0.06142727,0.09338831,0.02158510,0.00074984,26.20923857,5.60649253,53.11959036,32.17886293,0.19098314,-0.47364638,1.28337415,0.19202161,-0.47368342,1.27766985,9.05246225,0.00000001
8.31000000,LOWER_LEG,-0.00428592,-0.01198987,0.00940402,-0.07818786,0.06541112,0.31645993,-0.08150825,0.06146950,0.09331983,0.02157792,0.00074266,26.05916755,5.73445362,53.28775071,32.02720321,0.19104575,-0.47304262,1.28227995,0.19192616,-0.47314051,1.27646429,9.08254731,0.00000001
8.32000000,LOWER_LEG,-0.00447371,-0.01214173,0.00956115,-0.07824246,0.06545764,0.31649085,-0.08155727,0.06151170,0.09325256,0.02157114,0.00073588,25.91592822,5.85819626,53.45103167,31.87693080,0.19110895,-0.47244689,1.28119786,0.19183240,-0.47260609,1.27527786,9.11191682,0.00000001
8.33000000,LOWER_LEG,-0.00465907,-0.01229067,0.00971696,-0.07829546,0.06550394,0.31652168,-0.08160482,0.06155374,0.09318653,0.02156475,0.00072949,25.77892394,5.97804934,53.60919809,31.72877940,0.19117226,-0.47185960,1.28012961,0.19174041,-0.47208073,1.27411179,9.14052829,0.00000001
8.34000000,LOWER_LEG,-0.00484150,-0.01243662,0.00987071,-0.07834687,0.06554988,0.31655234,-0.08165091,0.06159548,0.09312178,0.02155870,0.00072344,25.64756223,6.09429252,53.76203546,31.58347590,0.19123521,-0.47128109,1.27907691,0.19165029,-0.47156498,1.27296731,9.16834414,0.00000001
8.35000000,LOWER_LEG,-0.00502051,-0.01257953,0.01002169,-0.07839670,0.06559531,0.31658277,-0.08169555,0.06163680,0.09305830,0.02155296,0.00071771,25.52128918,6.20713175,53.90935708,31.44171356,0.19129736,-0.47071165,1.27804143,0.19156212,-0.47105940,1.27184561,9.19533273,0.00000001
8.36000000,LOWER_LEG,-0.00519564,-0.01271934,0.01016919,-0.07844501,0.06564008,0.31661289,-0.08173880,0.06167755,0.09299608,0.02154751,0.00071225,25.39961917,6.31668628,54.05101033,31.30413203,0.19135831,-0.47015154,1.27702478,0.19147597,-0.47056451,1.27074787,9.22146916,0.00000001
8.37000000,LOWER_LEG,-0.00536648,-0.01285601,0.01031256,-0.07849183,0.06568403,0.31664265,-0.08178068,0.06171760,0.09293512,0.02154232,0.00070706,25.28215775,6.42298534,54.18688121,31.17130353,0.19141769,-0.46960104,1.27602849,0.19139194,-0.47008086,1.26967528,9.24673567,0.00000001
8.38000000,LOWER_LEG,-0.00553269,-0.01298951,0.01045124,-0.07853722,0.06572703,0.31667196,-0.08182126,0.06175683,0.09287538,0.02153738,0.00070212,25.16861629,6.52597247,54.31689682,31.04372448,0.19147523,-0.46906038,1.27505397,0.19131011,-0.46960898,1.26862899,9.27112173,0.00000001
8.39000000,LOWER_LEG,-0.00569394,-0.01311979,0.01058474,-0.07858124,0.06576897,0.31670075,-0.08186059,0.06179512,0.09281684,0.02153267,0.00069741,25.05881786,6.62551530,54.44102531,30.92181166,0.19153069,-0.46852985,1.27410258,0.19123055,-0.46914940,1.26761014,9.29462369,0.00000001
8.40000000,LOWER_LEG,-0.00585000,-0.01324682,0.01071268,-0.07862394,0.06580975,0.31672896,-0.08189873,0.06183238,0.09275949,0.02152819,0.00069293,24.95269484,6.72141906,54.55927348,30.80590191,0.19158389,-0.46800975,1.27317552,0.19115334,-0.46870262,1.26661988,9.31724407,0.00000001
8.41000000,LOWER_LEG,-0.00600066,-0.01337054,0.01083477,-0.07866538,0.06584927,0.31675652,-0.08193573,0.06186852,0.09270330,0.02152394,0.00068868,24.85027934,6.81344212,54.67168217,30.69625486,0.19163474,-0.46750039,1.27227394,0.19107855,-0.46826916,1.26565931,9.33899058,0.00000001
8.42000000,LOWER_LEG,-0.00614577,-0.01349089,0.01095081,-0.07870561,0.06588748,0.31678335,-0.08197164,0.06190350,0.09264824,0.02151992,0.00068466,24.75168794,6.90131266,54.77831986,30.59305764,0.19168316,-0.46700214,1.27139886,0.19100627,-0.46784949,1.26472947,9.35987485,0.00000001
8.43000000,LOWER_LEG,-0.00628524,-0.01360781,0.01106069,-0.07874467,0.06592433,0.31680939,-0.08200651,0.06193726,0.09259431,0.02151613,0.00068087,24.65710284,6.98474528,54.87927513,30.49643129,0.19172914,-0.46651539,1.27055121,0.19093655,-0.46744409,1.26383139,9.37991107,0.00000001
8.44000000,LOWER_LEG,-0.00641900,-0.01372125,0.01116437,-0.07878260,0.06595978,0.31683459,-0.08204037,0.06196977,0.09254151,0.02151257,0.00067731,24.56675105,7.06345703,54.97464864,30.40643806,0.19177269,-0.46604054,1.26973184,0.19086946,-0.46705340,1.26296602,9.39911460,0.00000001
8.45000000,LOWER_LEG,-0.00654700,-0.01383112,0.01126188,-0.07881943,0.06599381,0.31685889,-0.08207327,0.06200101,0.09248981,0.02150925,0.00067399,24.48088340,7.13718211,55.06454522,30.32308927,0.19181385,-0.46557803,1.26894150,0.19080506,-0.46667781,1.26213424,9.41750062,0.00000001
8.46000000,LOWER_LEG,-0.00666924,-0.01393735,0.01135330,-0.07885518,0.06602642,0.31688224,-0.08210521,0.06203096,0.09243925,0.02150617,0.00067092,24.39975490,7.20568496,55.14906662,30.24635319,0.19185268,-0.46512831,1.26818087,0.19074340,-0.46631769,1.26133684,9.43508297,0.00000001
8.47000000,LOWER_LEG,-0.00678573,-0.01403986,0.01143874,-0.07888987,0.06605760,0.31690459,-0.08213622,0.06205962,0.09238981,0.02150334,0.00066808,24.32360738,7.26877113,55.22830545,30.17616261,0.19188922,-0.46469185,1.26745054,0.19068453,-0.46597338,1.26057455,9.45187314,0.00000001
8.48000000,LOWER_LEG,-0.00689647,-0.01413860,0.01151833,-0.07892349,0.06608736,0.31692592,-0.08216630,0.06208700,0.09234154,0.02150074,0.00066548,24.25265514,7.32629585,55.30234054,30.11242169,0.19192355,-0.46426911,1.26675104,0.19062848,-0.46564515,1.25984795,9.46787960,0.00000001
8.49000000,LOWER_LEG,-0.00700149,-0.01423348,0.01159222,-0.07895604,0.06611571,0.31694619,-0.08219544,0.06211309,0.09229444,0.02149839,0.00066313,24.18707436,7.37815982,55.37123376,30.05501211,0.19195571,-0.46386054,1.26608282,0.19057527,-0.46533323,1.25915756,9.48310728,0.00000001
8.50000000,LOWER_LEG,-0.00710080,-0.01432444,0.01166057,-0.07898752,0.06614265,0.31696539,-0.08222365,0.06213792,0.09224856,0.02149628,0.00066102,24.12699915,7.42429860,55.43502589,30.00380075,0.19198574,-0.46346658,1.26544623,0.19052494,-0.46503780,1.25850374,9.49755716,0.00000001
8.51000000,LOWER_LEG,-0.00719445,-0.01441142,0.01172352,-0.07901789,0.06616819,0.31698350,-0.08225090,0.06216148,0.09220394,0.02149440,0.00065914,24.07265483,7.46477053,55.49370349,29.95838027,0.19201368,-0.46308763,1.26484159,0.19047749,-0.46475898,1.25788675,9.51122438,0.00000001
8.52000000,LOWER_LEG,-0.00728246,-0.01449435,0.01178121,-0.07904713,0.06619236,0.31700052,-0.08227716,0.06218378,0.09216061,0.02149275,0.00065749,24.02390287,7.49971260,55.54735012,29.91903043,0.19203953,-0.46272407,1.26426913,0.19043292,-0.46449683,1.25730672,9.52410847,0.00000001
8.53000000,LOWER_LEG,-0.00736482,-0.01457320,0.01183376,-0.07907522,0.06621514,0.31701645,-0.08230242,0.06220484,0.09211862,0.02149131,0.00065605,23.97990718,7.52922860,55.59595858,29.88640659,0.19206333,-0.46237627,1.26372898,0.19039123,-0.46425135,1.25676364,9.53620135,0.00000009
8.54000000,LOWER_LEG,-0.00744158,-0.01464795,0.01188130,-0.07910211,0.06623655,0.31703131,-0.08232663,0.06222465,0.09207802,0.02149009,0.00065483,23.94260126,7.55353931,55.63947939,29.85792583,0.19208505,-0.46204452,1.26322122,0.19035240,-0.46402251,1.25625739,9.54749002,0.00000005
8.55000000,LOWER_LEG,-0.00751276,-0.01471856,0.01192392,-0.07912776,0.06625660,0.31704510,-0.08234977,0.06224323,0.09203887,0.02148908,0.00065382,23.91029801,7.57286650,55.67791172,29.83526742,0.19210469,-0.46172908,1.26274584,0.19031640,-0.46381017,1.25578770,9.55796475,0.00000005
8.56000000,LOWER_LEG,-0.00757839,-0.01478503,0.01196174,-0.07915214,0.06627528,0.31705787,-0.08237178,0.06226057,0.09200120,0.02148826,0.00065300,23.88398878,7.58748838,55.71128331,29.81703390,0.19212224,-0.46143015,1.26230270,0.19028319,-0.46361417,1.25535419,9.56761662,0.00000005
8.57000000,LOWER_LEG,-0.00763849,-0.01484738,0.01199483,-0.07917521,0.06629261,0.31706964,-0.08239264,0.06227667,0.09196509,0.02148762,0.00065236,23.86131344,7.59764973,55.73954543,29.80536584,0.19213769,-0.46114788,1.26189159,0.19025273,-0.46343426,1.25495630,9.57643289,0.00000000
8.58000000,LOWER_LEG,-0.00769315,-0.01490557,0.01202327,-0.07919692,0.06630859,0.31708044,-0.08241231,0.06229155,0.09193056,0.02148716,0.00065190,23.84423940,7.60376522,55.76261690,29.79744817,0.19215099,-0.46088230,1.26151221,0.19022497,-0.46327016,1.25459339,9.58439917,0.00000000
8.59000000,LOWER_LEG,-0.00774245,-0.01495961,0.01204716,-0.07921724,0.06632323,0.31709030,-0.08243075,0.06230522,0.09189767,0.02148685,0.00065159,23.83189778,7.60617458,55.78061142,29.79403306,0.19216214,-0.46063343,1.26116417,0.19019983,-0.46312148,1.25426462,9.59151601,0.00000000
8.60000000,LOWER_LEG,-0.00778644,-0.01500954,0.01206658,-0.07923614,0.06633654,0.31709928,-0.08244792,0.06231767,0.09186647,0.02148670,0.00065144,23.82399989,7.60519705,55.79359746,29.79490598,0.19217116,-0.46040120,1.26084689,0.19017724,-0.46298782,1.25396905,9.59778309,0.00000000
8.61000000,LOWER_LEG,-0.00782527,-0.01505541,0.01208165,-0.07925357,0.06634853,0.31710741,-0.08246379,0.06232894,0.09183698,0.02148668,0.00065142,23.82058096,7.60120284,55.80159214,29.79933196,0.19217805,-0.46018549,1.26055973,0.19015712,-0.46286868,1.25370561,9.60319938,0.00000000
8.62000000,LOWER_LEG,-0.00785903,-0.01509728,0.01209248,-0.07926952,0.06635925,0.31711474,-0.08247834,0.06233903,0.09180925,0.02148677,0.00065151,23.82107245,7.59454981,55.80480677,29.80768650,0.19218286,-0.45998608,1.26030190,0.19013936,-0.46276351,1.25347309,9.60777913,0.00000000
8.63000000,LOWER_LEG,-0.00788788,-0.01513523,0.01209922,-0.07928397,0.06636870,0.31712131,-0.08249154,0.06234797,0.09178329,0.02148698,0.00065172,23.82527276,7.58557270,55.80335102,29.81946351,0.19218566,-0.45980272,1.26007247,0.19012387,-0.46267172,1.25327015,9.61153321,0.00000000
8.64000000,LOWER_LEG,-0.00791200,-0.01516937,0.01210204,-0.07929690,0.06637692,0.31712718,-0.08250339,0.06235579,0.09175912,0.02148728,0.00065202,23.83295319,7.57464376,55.79738785,29.83429746,0.19218649,-0.45963504,1.25987042,0.19011053,-0.46259263,1.25309529,9.61447937,0.00000000
8.65000000,LOWER_LEG,-0.00793159,-0.01519980,0.01210113,-0.07930832,0.06638395,0.31713240,-0.08251387,0.06236252,0.09173676,0.02148765,0.00065239,23.84385373,7.56213548,55.78712627,29.85184536,0.19218544,-0.45948262,1.25969456,0.19009920,-0.46252551,1.25294691,9.61664211,0.00000000
8.66000000,LOWER_LEG,-0.00794689,-0.01522664,0.01209669,-0.07931823,0.06638985,0.31713701,-0.08252300,0.06236822,0.09171619,0.02148810,0.00065284,23.85769535,7.54841916,55.77281925,29.87175692,0.19218260,-0.45934495,1.25954361,0.19008977,-0.46246956,1.25282322,9.61805278,0.00000000
8.67000000,LOWER_LEG,-0.00795817,-0.01525005,0.01208895,-0.07932665,0.06639466,0.31714108,-0.08253077,0.06237292,0.09169739,0.02148860,0.00065334,23.87418034,7.53386608,55.75476143,29.89366880,0.19217810,-0.45922145,1.25941613,0.19008208,-0.46242392,1.25272233,9.61874946,0.00000000
8.68000000,LOWER_LEG,-0.00796571,-0.01527019,0.01207819,-0.07933362,0.06639845,0.31714464,-0.08253722,0.06237668,0.09168035,0.02148913,0.00065387,23.89299082,7.51884983,55.73328684,29.91720239,0.19217206,-0.45911144,1.25931056,0.19007596,-0.46238766,1.25264217,9.61877678,0.00000000
8.69000000,LOWER_LEG,-0.00796984,-0.01528726,0.01206469,-0.07933917,0.06640129,0.31714776,-0.08254238,0.06237956,0.09166503,0.02148969,0.00065443,23.91378662,7.50374906,55.70876736,29.94196319,0.19216462,-0.45901419,1.25922518,0.19007126,-0.46235978,1.25258054,9.61818585,0.00000000
8.70000000,LOWER_LEG,-0.00797090,-0.01530146,0.01204875,-0.07934335,0.06640326,0.31715049,-0.08254630,0.06238164,0.09165137,0.02149026,0.00065500,23.93620286,7.48895047,55.68161158,29.96754111,0.19215595,-0.45892888,1.25915816,0.19006780,-0.46233922,1.25253508,9.61703404,0.00000000
8.71000000,LOWER_LEG,-0.00796926,-0.01531304,0.01203073,-0.07934624,0.06640443,0.31715288,-0.08254902,0.06238299,0.09163931,0.02149083,0.00065557,23.95984750,7.47485150,55.65226377,29.99351086,0.19214620,-0.45885458,1.25910751,0.19006537,-0.46232484,1.25250329,9.61538491,0.00000000
8.72000000,LOWER_LEG,-0.00796534,-0.01532227,0.01201096,-0.07934790,0.06640492,0.31715500,-0.08255062,0.06238369,0.09162877,0.02149137,0.00065611,23.98430511,7.46184181,55.62087154,30.01947201,0.19213555,-0.45879033,1.25907111,0.19006379,-0.46231543,1.25248250,9.61326506,0.00000006
8.73000000,LOWER_LEG,-0.00795956,-0.01532943,0.01198984,-0.07934844,0.06640480,0.31715690,-0.08255118,0.06238382,0.09161967,0.02149189,0.00065663,24.00912512,7.45036740,55.58851613,30.04493817,0.19212419,-0.45873504,1.25904670,0.19006283,-0.46230973,1.25246989,9.61082290,0.00000009
8.74000000,LOWER_LEG,-0.00795236,-0.01533481,0.01196775,-0.07934795,0.06640419,0.31715864,-0.08255078,0.06238349,0.09161189,0.02149235,0.00065709,24.03382885,7.44119782,55.55606202,30.06930504,0.19211232,-0.45868758,1.25903192,0.19006226,-0.46230635,1.25246242,9.60818078,0.00000000
8.75000000,LOWER_LEG,-0.00794422,-0.01533874,0.01194515,-0.07934655,0.06640320,0.31716029,-0.08254953,0.06238279,0.09160533,0.02149274,0.00065748,24.05788092,7.43423727,55.52348906,30.09224654,0.19210015,-0.45864666,1.25902420,0.19006184,-0.46230384,1.25245687,9.60535262,0.00000007
8.76000000,VERIFY_CONTACT,-0.00793566,-0.01534161,0.01192247,-0.07934437,0.06640195,0.31716192,-0.08254753,0.06238184,0.09159984,0.02149305,0.00065779,24.08072016,7.42972502,55.49105324,30.11328419,0.19208786,-0.45861096,1.25902079,0.19006135,-0.46230097,1.25245053,9.60238041,0.00000009
8.77000000,VERIFY_CONTACT,-0.00792715,-0.01534376,0.01190015,-0.07934155,0.06640055,0.31716359,-0.08254492,0.06238072,0.09159530,0.02149327,0.00065801,24.10202156,7.42584537,55.45947379,30.13205845,0.19207570,-0.45857931,1.25901931,0.19006080,-0.46229772,1.25244334,9.59937658,0.00000010
8.78000000,VERIFY_CONTACT,-0.00791900,-0.01534546,0.01187864,-0.07933821,0.06639912,0.31716533,-0.08254181,0.06237956,0.09159155,0.02149345,0.00065819,24.12184567,7.42143625,55.42898293,30.14843057,0.19206393,-0.45855087,1.25901820,0.19006024,-0.46229439,1.25243599,9.59639641,0.00000010
8.79000000,VERIFY_CONTACT,-0.00791143,-0.01534683,0.01185829,-0.07933450,0.06639776,0.31716717,-0.08253832,0.06237844,0.09158847,0.02149361,0.00065835,24.14051463,7.41599539,55.39978053,30.16242717,0.19205279,-0.45852510,1.25901661,0.19005970,-0.46229119,1.25242891,9.59349194,0.00000009
8.80000000,VERIFY_CONTACT,-0.00790462,-0.01534796,0.01183939,-0.07933053,0.06639655,0.31716908,-0.08253458,0.06237743,0.09158592,0.02149380,0.00065854,24.15845683,7.40939600,55.37208664,30.17422854,0.19204245,-0.45850163,1.25901416,0.19005921,-0.46228823,1.25242237,9.59071504,0.00000008
8.81000000,VERIFY_CONTACT,-0.00789865,-0.01534887,0.01182217,-0.07932641,0.06639553,0.31717103,-0.08253068,0.06237660,0.09158379,0.02149403,0.00065877,24.17599346,7.40174083,55.34615794,30.18428885,0.19203301,-0.45848020,1.25901075,0.19005876,-0.46228560,1.25241654,9.58811670,0.00000007
8.82000000,VERIFY_CONTACT,-0.00789356,-0.01534962,0.01180675,-0.07932225,0.06639475,0.31717296,-0.08252673,0.06237596,0.09158197,0.02149430,0.00065904,24.19340301,7.39320252,55.32217995,30.19282566,0.19202452,-0.45846064,1.25900646,0.19005838,-0.46228332,1.25241152,9.58573773,0.00000006
8.83000000,VERIFY_CONTACT,-0.00788939,-0.01535021,0.01179315,-0.07931815,0.06639423,0.31717483,-0.08252281,0.06237555,0.09158037,0.02149461,0.00065935,24.21105147,7.38405297,55.30028282,30.19989339,0.19201693,-0.45844275,1.25900152,0.19005806,-0.46228144,1.25240736,9.58360984,0.00000005
8.84000000,VERIFY_CONTACT,-0.00788609,-0.01535067,0.01178136,-0.07931418,0.06639396,0.31717658,-0.08251902,0.06237536,0.09157890,0.02149495,0.00065969,24.22881828,7.37425339,55.28081587,30.20600481,0.19201020,-0.45842639,1.25899622,0.19005783,-0.46228008,1.25240434,9.58178582,0.00000008
8.85000000,VERIFY_CONTACT,-0.00788361,-0.01535110,0.01177127,-0.07931044,0.06639394,0.31717818,-0.08251542,0.06237539,0.09157747,0.02149531,0.00066005,24.24672974,7.36456393,55.26328586,30.21126981,0.19200422,-0.45841141,1.25899075,0.19005764,-0.46227894,1.25240183,9.58020676,0.00000005
8.86000000,VERIFY_CONTACT,-0.00788187,-0.01535158,0.01176273,-0.07930699,0.06639414,0.31717958,-0.08251209,0.06237562,0.09157599,0.02149568,0.00066042,24.26392655,7.35495007,55.24811264,30.21660066,0.19199887,-0.45839767,1.25898535,0.19005751,-0.46227816,1.25240011,9.57893442,0.00000005
8.87000000,VERIFY_CONTACT,-0.00788078,-0.01535218,0.01175556,-0.07930390,0.06639454,0.31718077,-0.08250910,0.06237602,0.09157441,0.02149606,0.00066080,24.28089674,7.34416207,55.23497016,30.22122041,0.19199400,-0.45838498,1.25898022,0.19005751,-0.46227816,1.25240011,9.57793186,0.00000009
8.88000000,VERIFY_CONTACT,-0.00788021,-0.01535298,0.01174955,-0.07930123,0.06639509,0.31718174,-0.08250648,0.06237657,0.09157265,0.02149645,0.00066119,24.29648874,7.33439338,55.22382481,30.22635806,0.19198945,-0.45837322,1.25897558,0.19005751,-0.46227816,1.25240011,9.57719673,0.00000006
8.89000000,VERIFY_CONTACT,-0.00788011,-0.01535409,0.01174449,-0.07929901,0.06639577,0.31718248,-0.08250430,0.06237723,0.09157068,0.02149683,0.00066157,24.31052535,7.32500613,55.21490934,30.23196106,0.19198505,-0.45836215,1.25897135,0.19005751,-0.46227816,1.25240011,9.57675890,0.00000008
8.90000000,VERIFY_CONTACT,-0.00788034,-0.01535556,0.01174016,-0.07929730,0.06639654,0.31718301,-0.08250258,0.06237797,0.09156843,0.02149721,0.00066195,24.32405405,7.31488224,55.20723609,30.23658478,0.19198071,-0.45835164,1.25896771,0.19005765,-0.46227899,1.25240193,9.57649579,0.00000009
8.91000000,VERIFY_CONTACT,-0.00788077,-0.01535738,0.01173638,-0.07929610,0.06639736,0.31718332,-0.08250135,0.06237877,0.09156588,0.02149760,0.00066234,24.33539558,7.30501590,55.20146935,30.24220959,0.19197631,-0.45834167,1.25896492,0.19005784,-0.46228015,1.25240451,9.57649720,0.00000009
8.92000000,VERIFY_CONTACT,-0.00788132,-0.01535959,0.01173297,-0.07929543,0.06639820,0.31718344,-0.08250062,0.06237958,0.09156301,0.02149798,0.00066272,24.34440425,7.29475890,55.19647002,30.24899440,0.19197173,-0.45833211,1.25896300,0.19005812,-0.46228180,1.25240815,9.57661430,0.00000009
8.93000000,VERIFY_CONTACT,-0.00788194,-0.01536221,0.01172979,-0.07929529,0.06639903,0.31718336,-0.08250039,0.06238038,0.09155982,0.02149836,0.00066310,24.35299688,7.28601018,55.19332656,30.25466821,0.19196689,-0.45832288,1.25896193,0.19005837,-0.46228327,1.25241140,9.57698473,0.00000006
8.94000000,VERIFY_CONTACT,-0.00788256,-0.01536523,0.01172674,-0.07929567,0.06639983,0.31718312,-0.08250065,0.06238116,0.09155630,0.02149872,0.00066346,24.35952838,7.27731762,55.19082345,30.26126834,0.19196176,-0.45831396,1.25896175,0.19005868,-0.46228510,1.25241545,9.57745215,0.00000008
8.95000000,VERIFY_CONTACT,-0.00788315,-0.01536865,0.01172372,-0.07929653,0.06640057,0.31718272,-0.08250137,0.06238188,0.09155249,0.02149907,0.00066381,24.36375277,7.26890291,55.18929971,30.26918423,0.19195629,-0.45830531,1.25896240,0.19005902,-0.46228713,1.25241992,9.57805635,0.00000006
8.96000000,VERIFY_CONTACT,-0.00788368,-0.01537243,0.01172069,-0.07929785,0.06640126,0.31718218,-0.08250253,0.06238255,0.09154839,0.02149940,0.00066414,24.36763584,7.26087564,55.18854081,30.27610125,0.19195051,-0.45829693,1.25896383,0.19005939,-0.46228932,1.25242477,9.57876877,0.00000007
8.97000000,VERIFY_CONTACT,-0.00788416,-0.01537654,0.01171763,-0.07929959,0.06640187,0.31718151,-0.08250410,0.06238316,0.09154403,0.02149972,0.00066446,24.36999994,7.25326473,55.18841888,30.28357393,0.19194440,-0.45828883,1.25896598,0.19005978,-0.46229165,1.25242993,9.57957098,0.00000007
8.98000000,VERIFY_CONTACT,-0.00788458,-0.01538092,0.01171455,-0.07930171,0.06640242,0.31718075,-0.08250602,0.06238370,0.09153946,0.02150003,0.00066477,24.37124883,7.24604972,55.18885731,30.29133433,0.19193804,-0.45828105,1.25896880,0.19006019,-0.46229410,1.25243534,9.58044749,0.00000007
8.99000000,VERIFY_CONTACT,-0.00788493,-0.01538554,0.01171146,-0.07930414,0.06640290,0.31717989,-0.08250825,0.06238417,0.09153471,0.02150031,0.00066505,24.37162742,7.23921172,55.18973314,30.29916734,0.19193148,-0.45827364,1.25897217,0.19006062,-0.46229664,1.25244096,9.58138032,0.00000008
9.00000000,VERIFY_CONTACT,-0.00788525,-0.01539033,0.01170840,-0.07930684,0.06640332,0.31717897,-0.08251075,0.06238459,0.09152983,0.02150059,0.00066533,24.37134313,7.23273471,55.19094658,30.30695685,0.19192476,-0.45826664,1.25897601,0.19006106,-0.46229926,1.25244674,9.58235324,0.00000008
9.01000000,VERIFY_CONTACT,-0.00788554,-0.01539524,0.01170542,-0.07930975,0.06640368,0.31717800,-0.08251345,0.06238496,0.09152485,0.02150084,0.00066559,24.37058712,7.22659921,55.19240742,30.31459800,0.19191796,-0.45826011,1.25898022,0.19006151,-0.46230193,1.25245264,9.58335086,0.00000008
9.02000000,VERIFY_CONTACT,-0.00788584,-0.01540022,0.01170257,-0.07931282,0.06640401,0.31717700,-0.08251631,0.06238529,0.09151984,0.02150109,0.00066583,24.36953342,7.22078601,55.19403302,30.32199262,0.19191114,-0.45825410,1.25898469,0.19006197,-0.46230463,1.25245863,9.58435864,0.00000008
9.03000000,VERIFY_CONTACT,-0.00788616,-0.01540520,0.01169991,-0.07931599,0.06640430,0.31717599,-0.08251927,0.06238559,0.09151483,0.02150132,0.00066606,24.36833593,7.21527895,55.19574686,30.32905087,0.19190436,-0.45824867,1.25898934,0.19006243,-0.46230736,1.25246465,9.58536276,0.00000008
9.04000000,VERIFY_CONTACT,-0.00788651,-0.01541014,0.01169746,-0.07931919,0.06640458,0.31717498,-0.08252229,0.06238586,0.09150986,0.02150154,0.00066628,24.36712612,7.21006686,55.19747780,30.33569357,0.19189767,-0.45824385,1.25899407,0.19006289,-0.46231008,1.25247067,9.58635017,0.00000008
9.05000000,VERIFY_CONTACT,-0.00788691,-0.01541499,0.01169528,-0.07932240,0.06640484,0.31717399,-0.08252530,0.06238612,0.09150499,0.02150175,0.00066649,24.36601182,7.20514461,55.19915997,30.34185434,0.19189112,-0.45823969,1.25899879,0.19006334,-0.46231279,1.25247666,9.58730866,0.00000008
9.06000000,VERIFY_CONTACT,-0.00788737,-0.01541971,0.01169340,-0.07932555,0.06640511,0.31717304,-0.08252827,0.06238638,0.09150024,0.02150195,0.00066669,24.36507703,7.20051311,55.20073311,30.34748117,0.19188476,-0.45823622,1.25900344,0.19006379,-0.46231546,1.25248257,9.58822700,0.00000008
9.07000000,VERIFY_CONTACT,-0.00788789,-0.01542426,0.01169182,-0.07932860,0.06640538,0.31717213,-0.08253116,0.06238664,0.09149566,0.02150213,0.00066687,24.36438266,7.19617874,55.20214308,30.35253721,0.19187862,-0.45823346,1.25900796,0.19006424,-0.46231808,1.25248836,9.58909501,0.00000008
9.08000000,VERIFY_CONTACT,-0.00788847,-0.01542861,0.01169056,-0.07933151,0.06640565,0.31717128,-0.08253392,0.06238690,0.09149127,0.02150231,0.00066705,24.36396812,7.19215199,55.20334240,30.35700089,0.19187271,-0.45823140,1.25901229,0.19006467,-0.46232063,1.25249399,9.58990375,0.00000007
9.09000000,VERIFY_CONTACT,-0.00788909,-0.01543273,0.01168961,-0.07933426,0.06640594,0.31717051,-0.08253653,0.06238718,0.09148710,0.02150247,0.00066721,24.36385356,7.18844588,55.20429085,30.36086524,0.19186705,-0.45823004,1.25901640,0.19006508,-0.46232310,1.25249944,9.59064566,0.00000007
9.10000000,VERIFY_CONTACT,-0.00788975,-0.01543662,0.01168896,-0.07933681,0.06640624,0.31716981,-0.08253897,0.06238747,0.09148318,0.02150262,0.00066736,24.36352499,7.18506545,55.20498803,30.36482030,0.19186167,-0.45822937,1.25902026,0.19006548,-0.46232546,1.25250466,9.59131672,0.00000007
9.11000000,VERIFY_CONTACT,-0.00789044,-0.01544026,0.01168858,-0.07933914,0.06640656,0.31716920,-0.08254120,0.06238776,0.09147951,0.02150276,0.00066750,24.36438517,7.18203116,55.20532706,30.36701167,0.19185653,-0.45822935,1.25902384,0.19006586,-0.46232771,1.25250963,9.59190653,0.00000006
9.12000000,VERIFY_CONTACT,-0.00789115,-0.01544362,0.01168845,-0.07934124,0.06640688,0.31716867,-0.08254321,0.06238806,0.09147612,0.02150288,0.00066762,24.36543689,7.17936690,55.20534965,30.36880370,0.19185165,-0.45822993,1.25902716,0.19006622,-0.46232983,1.25251432,9.59241633,0.00000008
9.13000000,VERIFY_CONTACT,-0.00789187,-0.01544670,0.01168852,-0.07934310,0.06640721,0.31716824,-0.08254500,0.06238838,0.09147300,0.02150299,0.00066773,24.36582835,7.17707047,55.20504542,30.37116878,0.19184701,-0.45823107,1.25903020,0.19006655,-0.46233181,1.25251870,9.59284488,0.00000006
9.14000000,VERIFY_CONTACT,-0.00789256,-0.01544951,0.01168876,-0.07934471,0.06640755,0.31716790,-0.08254655,0.06238869,0.09147016,0.02150309,0.00066783,24.36753420,7.17513311,55.20441220,30.37176079,0.19184261,-0.45823272,1.25903297,0.19006686,-0.46233364,1.25252275,9.59319150,0.00000006
9.15000000,VERIFY_CONTACT,-0.00789324,-0.01545206,0.01168913,-0.07934607,0.06640788,0.31716765,-0.08254787,0.06238900,0.09146761,0.02150317,0.00066791,24.36838415,7.17292539,55.20400812,30.37318695,0.19183843,-0.45823479,1.25903542,0.19006717,-0.46233549,1.25252685,9.59352867,0.00000000
9.16000000,VERIFY_CONTACT,-0.00789387,-0.01545436,0.01168959,-0.07934719,0.06640821,0.31716748,-0.08254896,0.06238931,0.09146532,0.02150324,0.00066798,24.37012400,7.17216605,55.20234023,30.37329264,0.19183446,-0.45823723,1.25903764,0.19006740,-0.46233687,1.25252989,9.59366627,0.00000004
9.17000000,VERIFY_CONTACT,-0.00789445,-0.01545640,0.01169010,-0.07934808,0.06640853,0.31716740,-0.08254982,0.06238961,0.09146329,0.02150329,0.00066803,24.37174035,7.17159268,55.20049353,30.37336740,0.19183070,-0.45823998,1.25903963,0.19006761,-0.46233812,1.25253265,9.59374580,0.00000008
9.18000000,VERIFY_CONTACT,-0.00789497,-0.01545820,0.01169064,-0.07934874,0.06640883,0.31716739,-0.08255048,0.06238990,0.09146152,0.02150333,0.00066807,24.37324257,7.17033706,55.19931855,30.37348714,0.19182714,-0.45824297,1.25904141,0.19006786,-0.46233959,1.25253590,9.59387740,0.00000000
9.19000000,VERIFY_CONTACT,-0.00789543,-0.01545979,0.01169116,-0.07934919,0.06640912,0.31716745,-0.08255094,0.06239018,0.09145998,0.02150336,0.00066810,24.37558906,7.17056196,55.19680450,30.37233418,0.19182374,-0.45824612,1.25904296,0.19006801,-0.46234045,1.25253781,9.59380655,0.00000007
9.20000000,VERIFY_CONTACT,-0.00789582,-0.01546117,0.01169165,-0.07934946,0.06640939,0.31716757,-0.08255122,0.06239044,0.09145865,0.02150338,0.00066812,24.37676309,7.16992759,55.19514054,30.37253343,0.19182052,-0.45824938,1.25904432,0.19006820,-0.46234158,1.25254031,9.59381465,0.00000000
9.21000000,VERIFY_CONTACT,-0.00789615,-0.01546237,0.01169209,-0.07934956,0.06640965,0.31716774,-0.08255133,0.06239068,0.09145752,0.02150339,0.00066813,24.37879269,7.17001913,55.19282697,30.37148525,0.19181747,-0.45825268,1.25904551,0.19006833,-0.46234238,1.25254208,9.59371525,0.00000003
9.22000000,VERIFY_CONTACT,-0.00789642,-0.01546341,0.01169247,-0.07934951,0.06640988,0.31716796,-0.08255131,0.06239091,0.09145657,0.02150338,0.00066812,24.38060936,7.17121130,55.18960184,30.37062195,0.19181457,-0.45825596,1.25904655,0.19006839,-0.46234274,1.25254286,9.59347439,0.00000009
9.23000000,VERIFY_CONTACT,-0.00789662,-0.01546431,0.01169277,-0.07934933,0.06641009,0.31716820,-0.08255116,0.06239111,0.09145577,0.02150337,0.00066811,24.38228582,7.17132616,55.18745332,30.36985383,0.19181183,-0.45825919,1.25904745,0.19006852,-0.46234348,1.25254449,9.59335194,0.00000005
9.24000000,VERIFY_CONTACT,-0.00789676,-0.01546508,0.01169299,-0.07934906,0.06641028,0.31716847,-0.08255091,0.06239130,0.09145510,0.02150336,0.00066810,24.38381047,7.17207652,55.18475576,30.36921470,0.19180923,-0.45826231,1.25904822,0.19006858,-0.46234384,1.25254530,9.59314163,0.00000008
9.25000000,VERIFY_CONTACT,-0.00789687,-0.01546576,0.01169313,-0.07934870,0.06641045,0.31716876,-0.08255059,0.06239147,0.09145454,0.02150334,0.00066808,24.38516290,7.17270240,55.18229056,30.36880483,0.19180678,-0.45826528,1.25904889,0.19006864,-0.46234421,1.25254612,9.59294559,0.00000009
9.26000000,VERIFY_CONTACT,-0.00789694,-0.01546634,0.01169319,-0.07934829,0.06641061,0.31716905,-0.08255020,0.06239162,0.09145407,0.02150332,0.00066806,24.38738137,7.17327550,55.17993018,30.36721401,0.19180446,-0.45826808,1.25904947,0.19006870,-0.46234456,1.25254690,9.59275445,0.00000009
9.27000000,VERIFY_CONTACT,-0.00789697,-0.01546686,0.01169319,-0.07934784,0.06641075,0.31716934,-0.08254978,0.06239176,0.09145367,0.02150330,0.00066804,24.38865721,7.17374301,55.17777194,30.36668812,0.19180228,-0.45827068,1.25904999,0.19006876,-0.46234493,1.25254771,9.59258096,0.00000007
9.28000000,VERIFY_CONTACT,-0.00789698,-0.01546734,0.01169311,-0.07934738,0.06641087,0.31716961,-0.08254935,0.06239189,0.09145332,0.02150327,0.00066801,24.38975286,7.17406751,55.17585983,30.36640285,0.19180023,-0.45827306,1.25905043,0.19006882,-0.46234529,1.25254851,9.59243151,0.00000004
9.29000000,VERIFY_CONTACT,-0.00789699,-0.01546779,0.01169299,-0.07934692,0.06641099,0.31716988,-0.08254891,0.06239200,0.09145300,0.02150325,0.00066799,24.39146046,7.17395694,55.17440304,30.36552701,0.19179830,-0.45827521,1.25905081,0.19006888,-0.46234565,1.25254929,9.59233535,0.00000009
9.30000000,VERIFY_CONTACT,-0.00789698,-0.01546821,0.01169281,-0.07934648,0.06641109,0.31717012,-0.08254849,0.06239211,0.09145269,0.02150323,0.00066797,24.39244256,7.17509116,55.17193975,30.36529051,0.19179649,-0.45827714,1.25905121,0.19006888,-0.46234565,1.25254929,9.59211182,0.00000006
9.31000000,VERIFY_CONTACT,-0.00789697,-0.01546864,0.01169260,-0.07934607,0.06641119,0.31717033,-0.08254810,0.06239221,0.09145238,0.02150321,0.00066795,24.39313653,7.17507744,55.17065559,30.36549326,0.19179479,-0.45827883,1.25905154,0.19006894,-0.46234600,1.25255006,9.59203664,0.00000002
9.32000000,VERIFY_CONTACT,-0.00789698,-0.01546908,0.01169236,-0.07934571,0.06641128,0.31717051,-0.08254775,0.06239230,0.09145205,0.02150320,0.00066794,24.39460069,7.17562013,55.16890203,30.36484770,0.19179319,-0.45828028,1.25905188,0.19006894,-0.46234600,1.25255006,9.59190338,0.00000009
9.33000000,VERIFY_CONTACT,-0.00789699,-0.01546953,0.01169211,-0.07934541,0.06641137,0.31717066,-0.08254746,0.06239239,0.09145170,0.02150319,0.00066794,24.39522405,7.17550712,55.16790174,30.36504333,0.19179169,-0.45828152,1.25905225,0.19006900,-0.46234635,1.25255085,9.59187149,0.00000006
9.34000000,VERIFY_CONTACT,-0.00789701,-0.01547002,0.01169185,-0.07934518,0.06641146,0.31717078,-0.08254723,0.06239248,0.09145132,0.02150319,0.00066793,24.39562332,7.17522147,55.16719138,30.36564330,0.19179027,-0.45828254,1.25905260,0.19006906,-0.46234670,1.25255162,9.59187723,0.00000003
9.35000000,VERIFY_CONTACT,-0.00789706,-0.01547054,0.01169158,-0.07934502,0.06641155,0.31717085,-0.08254706,0.06239257,0.09145089,0.02150319,0.00066793,24.39685005,7.17468795,55.16675741,30.36523058,0.19178892,-0.45828335,1.25905297,0.19006912,-0.46234707,1.25255243,9.59192438,0.00000008
9.36000000,VERIFY_CONTACT,-0.00789713,-0.01547110,0.01169131,-0.07934494,0.06641163,0.31717089,-0.08254697,0.06239265,0.09145042,0.02150320,0.00066794,24.39716727,7.17421095,55.16634734,30.36578142,0.19178765,-0.45828399,1.25905339,0.19006918,-0.46234741,1.25255319,9.59198071,0.00000004
9.37000000,VERIFY_CONTACT,-0.00789720,-0.01547170,0.01169106,-0.07934493,0.06641171,0.31717090,-0.08254696,0.06239273,0.09144990,0.02150321,0.00066795,24.39731708,7.17378354,55.16604339,30.36658917,0.19178644,-0.45828447,1.25905384,0.19006924,-0.46234776,1.25255396,9.59205331,0.00000002
9.38000000,VERIFY_CONTACT,-0.00789731,-0.01547235,0.01169081,-0.07934501,0.06641180,0.31717087,-0.08254702,0.06239282,0.09144933,0.02150322,0.00066796,24.39823058,7.17322010,55.16597593,30.36654107,0.19178528,-0.45828480,1.25905433,0.19006930,-0.46234814,1.25255480,9.59215992,0.00000010
9.39000000,VERIFY_CONTACT,-0.00789743,-0.01547303,0.01169059,-0.07934517,0.06641188,0.31717081,-0.08254715,0.06239290,0.09144871,0.02150324,0.00066798,24.39835690,7.17283263,55.16582979,30.36724153,0.19178416,-0.45828500,1.25905486,0.19006936,-0.46234851,1.25255562,9.59226336,0.00000008
9.40000000,VERIFY_CONTACT,-0.00789756,-0.01547376,0.01169038,-0.07934539,0.06641197,0.31717072,-0.08254735,0.06239298,0.09144804,0.02150327,0.00066801,24.39841125,7.17247915,55.16572467,30.36800630,0.19178308,-0.45828511,1.25905546,0.19006942,-0.46234886,1.25255639,9.59237596,0.00000006
9.41000000,VERIFY_CONTACT,-0.00789771,-0.01547453,0.01169019,-0.07934569,0.06641205,0.31717060,-0.08254762,0.06239306,0.09144733,0.02150329,0.00066803,24.39833495,7.17195322,55.16582343,30.36889678,0.19178203,-0.45828514,1.25905608,0.19006948,-0.46234923,1.25255720,9.59251790,0.00000007
9.42000000,VERIFY_CONTACT,-0.00789788,-0.01547533,0.01169002,-0.07934606,0.06641214,0.31717046,-0.08254795,0.06239314,0.09144658,0.02150332,0.00066806,24.39823629,7.17045025,55.16688570,30.36979175,0.19178100,-0.45828510,1.25905674,0.19006961,-0.46234996,1.25255883,9.59278637,0.00000004
9.43000000,VERIFY_CONTACT,-0.00789805,-0.01547617,0.01168987,-0.07934647,0.06641222,0.31717030,-0.08254834,0.06239322,0.09144579,0.02150335,0.00066809,24.39805309,7.17017733,55.16693693,30.37072373,0.19178000,-0.45828502,1.25905746,0.19006967,-0.46235032,1.25255962,9.59292629,0.00000005
9.44000000,VERIFY_CONTACT,-0.00789823,-0.01547703,0.01168974,-0.07934694,0.06641230,0.31717013,-0.08254877,0.06239330,0.09144497,0.02150338,0.00066812,24.39789765,7.16966685,55.16719673,30.37157484,0.19177901,-0.45828491,1.25905820,0.19006973,-0.46235069,1.25256043,9.59309477,0.00000009
9.45000000,VERIFY_CONTACT,-0.00789841,-0.01547790,0.01168963,-0.07934745,0.06641238,0.31716994,-0.08254925,0.06239338,0.09144414,0.02150341,0.00066815,24.39769123,7.16837506,55.16827345,30.37243788,0.19177804,-0.45828480,1.25905898,0.19006986,-0.46235144,1.25256210,9.59336819,0.00000003
9.46000000,VERIFY_CONTACT,-0.00789860,-0.01547879,0.01168955,-0.07934799,0.06641246,0.31716974,-0.08254975,0.06239345,0.09144329,0.02150345,0.00066819,24.39743156,7.16793948,55.16856038,30.37330335,0.19177708,-0.45828470,1.25905978,0.19006992,-0.46235183,1.25256296,9.59353963,0.00000008
9.47000000,VERIFY_CONTACT,-0.00789879,-0.01547968,0.01168949,-0.07934855,0.06641254,0.31716954,-0.08255028,0.06239352,0.09144243,0.02150348,0.00066822,24.39714338,7.16656158,55.16975521,30.37415567,0.19177614,-0.45828462,1.25906059,0.19007006,-0.46235261,1.25256468,9.59382640,0.00000003
9.48000000,VERIFY_CONTACT,-0.00789898,-0.01548057,0.01168944,-0.07934913,0.06641261,0.31716933,-0.08255082,0.06239359,0.09144157,0.02150351,0.00066825,24.39684121,7.16626583,55.16998229,30.37495916,0.19177521,-0.45828458,1.25906143,0.19007012,-0.46235300,1.25256554,9.59398655,0.00000006
9.49000000,VERIFY_CONTACT,-0.00789917,-0.01548145,0.01168942,-0.07934971,0.06641268,0.31716913,-0.08255137,0.06239366,0.09144072,0.02150354,0.00066828,24.39652386,7.16483955,55.17122002,30.37575171,0.19177429,-0.45828457,1.25906226,0.19007025,-0.46235377,1.25256724,9.59427394,0.00000003
9.50000000,VERIFY_CONTACT,-0.00789934,-0.01548232,0.01168941,-0.07935029,0.06641274,0.31716893,-0.08255191,0.06239372,0.09143989,0.02150357,0.00066831,24.39622247,7.16473421,55.17132457,30.37645500,0.19177340,-0.45828463,1.25906310,0.19007031,-0.46235414,1.25256807,9.59441136,0.00000005
9.51000000,STAND,-0.00789952,-0.01548316,0.01168943,-0.07935086,0.06641281,0.31716874,-0.08255245,0.06239378,0.09143907,0.02150360,0.00066834,24.39589828,7.16318429,55.17219232,30.37704878,0.19177252,-0.45828475,1.25906393,0.19007027,-0.46235515,1.25256992,9.59464893,0.00000006
9.52000000,STAND,-0.00789980,-0.01548400,0.01168946,-0.07935141,0.06641286,0.31716855,-0.08255297,0.06239383,0.09143830,0.02150364,0.00066838,24.39492010,7.16020035,55.17268381,30.37511931,0.19177147,-0.45828520,1.25906506,0.19006903,-0.46235836,1.25257397,9.59486737,0.00000000
9.53000000,STAND,-0.00790052,-0.01548510,0.01168959,-0.07935188,0.06641286,0.31716830,-0.08255343,0.06239384,0.09143761,0.02150374,0.00066848,24.39402142,7.15312934,55.17520478,30.37134167,0.19176964,-0.45828692,1.25906733,0.19006540,-0.46236677,1.25258389,9.59539605,0.00000000
9.54000000,STAND,-0.00790207,-0.01548674,0.01168992,-0.07935220,0.06641272,0.31716791,-0.08255378,0.06239374,0.09143710,0.02150397,0.00066871,24.39324523,7.14093749,55.18088113,30.36526492,0.19176622,-0.45829143,1.25907224,0.19005821,-0.46238317,1.25260302,9.59640470,0.00000000
9.55000000,STAND,-0.00790483,-0.01548916,0.01169058,-0.07935226,0.06641230,0.31716725,-0.08255392,0.06239339,0.09143687,0.02150436,0.00066910,24.39327973,7.12337137,55.19089598,30.35723703,0.19176019,-0.45830065,1.25908191,0.19004631,-0.46241026,1.25263461,9.59807451,0.00000000
9.56000000,STAND,-0.00790909,-0.01549255,0.01169174,-0.07935192,0.06641140,0.31716618,-0.08255374,0.06239264,0.09143706,0.02150496,0.00066970,24.39472879,7.10057818,55.20604191,30.34771818,0.19175045,-0.45831681,1.25909888,0.19002860,-0.46245059,1.25268165,9.60053858,0.00000000
9.57000000,STAND,-0.00791506,-0.01549701,0.01169355,-0.07935100,0.06640977,0.31716456,-0.08255308,0.06239124,0.09143782,0.02150576,0.00067050,24.39799602,7.07302377,55.22673624,30.33725472,0.19173586,-0.45834229,1.25912594,0.19000399,-0.46250655,1.25274684,9.60388107,0.00000000
9.58000000,STAND,-0.00792283,-0.01550260,0.01169616,-0.07934929,0.06640710,0.31716226,-0.08255176,0.06238891,0.09143934,0.02150676,0.00067150,24.40319790,7.04133779,55.25305677,30.32642878,0.19171520,-0.45837951,1.25916596,0.18997141,-0.46258038,1.25283268,9.60813873,0.00000000
9.59000000,STAND,-0.00793240,-0.01550938,0.01169969,-0.07934654,0.06640301,0.31715918,-0.08254957,0.06238532,0.09144184,0.02150793,0.00067267,24.41014218,7.00620822,55.28478561,30.31581526,0.19168727,-0.45843090,1.25922180,0.18992982,-0.46267418,1.25294138,9.61330449,0.00000000
9.60000000,STAND,-0.00794367,-0.01551735,0.01170422,-0.07934250,0.06639712,0.31715526,-0.08254628,0.06238010,0.09144556,0.02150927,0.00067401,24.41836465,6.96833011,55.32145720,30.30594806,0.19165083,-0.45849885,1.25929621,0.18987821,-0.46278992,1.25307501,9.61933247,0.00000000
9.61000000,STAND,-0.00795648,-0.01552655,0.01170974,-0.07933687,0.06638898,0.31715045,-0.08254162,0.06237285,0.09145077,0.02151073,0.00067547,24.42720407,6.92839237,55.36241038,30.29729703,0.19160463,-0.45858569,1.25939178,0.18981560,-0.46292945,1.25323540,9.62614419,0.00000000
9.62000000,STAND,-0.00797057,-0.01553697,0.01171622,-0.07932932,0.06637813,0.31714477,-0.08253530,0.06236315,0.09145777,0.02151230,0.00067704,24.43589343,6.88708278,55.40684284,30.29025483,0.19154744,-0.45869362,1.25951100,0.18974102,-0.46309450,1.25342425,9.63363559,0.00000000
9.63000000,STAND,-0.00798565,-0.01554859,0.01172351,-0.07931949,0.06636411,0.31713825,-0.08252699,0.06235055,0.09146690,0.02151394,0.00067868,24.44364972,6.84509614,55.45386460,30.28513089,0.19147804,-0.45882480,1.25965614,0.18965356,-0.46328669,1.25364308,9.64168412,0.00000000
9.64000000,STAND,-0.00800139,-0.01556138,0.01173145,-0.07930702,0.06634642,0.31713095,-0.08251636,0.06233461,0.09147850,0.02151563,0.00068037,24.44975065,6.80313620,55.50254653,30.28214977,0.19139524,-0.45898124,1.25982935,0.18955230,-0.46350755,1.25389324,9.65015547,0.00000000
9.65000000,STAND,-0.00801744,-0.01557524,0.01173979,-0.07929149,0.06632461,0.31712293,-0.08250302,0.06231489,0.09149295,0.02151735,0.00068209,24.45359239,6.76190873,55.55196098,30.28145146,0.19129793,-0.45916487,1.26003262,0.18943638,-0.46375849,1.25417598,9.65890944,0.00000000
9.66000000,STAND,-0.00803346,-0.01559009,0.01174824,-0.07927246,0.06629820,0.31711429,-0.08248658,0.06229096,0.09151068,0.02151907,0.00068381,24.45472688,6.72210676,55.60121286,30.28309272,0.19118503,-0.45937754,1.26026780,0.18930497,-0.46404086,1.25449240,9.66780478,0.00000000
9.67000000,STAND,-0.00804909,-0.01560575,0.01175651,-0.07924948,0.06626675,0.31710512,-0.08246662,0.06226240,0.09153212,0.02152075,0.00068549,24.45288028,6.68439138,55.64946121,30.28704946,0.19105557,-0.45962097,1.26053659,0.18915724,-0.46435589,1.25484349,9.67670287,0.00000000
9.68000000,STAND,-0.00806402,-0.01562206,0.01176428,-0.07922206,0.06622983,0.31709551,-0.08244270,0.06222882,0.09155771,0.02152237,0.00068711,24.44795538,6.64937201,55.69593222,30.29322061,0.19090866,-0.45989680,1.26084055,0.18899243,-0.46470476,1.25523016,9.68547047,0.00000001
9.69000000,STAND,-0.00807798,-0.01563879,0.01177125,-0.07918973,0.06618705,0.31708556,-0.08241435,0.06218983,0.09158792,0.02152390,0.00068864,24.44002169,6.61758959,55.73992535,30.30143401,0.19074350,-0.46020659,1.26118110,0.18880978,-0.46508857,1.25565324,9.69398145,0.00000001
9.70000000,STAND,-0.00809072,-0.01565570,0.01177713,-0.07915196,0.06613804,0.31707537,-0.08238112,0.06214510,0.09162323,0.02152531,0.00069005,24.42929669,6.58950467,55.78081427,30.31145476,0.19055940,-0.46055181,1.26155952,0.18860858,-0.46550838,1.25611347,9.70211793,0.00000001
9.71000000,STAND,-0.00810204,-0.01567253,0.01178167,-0.07910826,0.06608246,0.31706502,-0.08234252,0.06209431,0.09166413,0.02152659,0.00069133,24.41612124,6.56549174,55.81804438,30.32299591,0.19035577,-0.46093383,1.26197693,0.18838816,-0.46596515,1.25661158,9.70977081,0.00000001
9.72000000,STAND,-0.00811177,-0.01568899,0.01178466,-0.07905810,0.06602001,0.31705461,-0.08229809,0.06203717,0.09171110,0.02152771,0.00069245,24.40093196,6.54583952,55.85112822,30.33573114,0.19013211,-0.46135397,1.26243435,0.18814786,-0.46645983,1.25714821,9.71683997,0.00000001
9.73000000,STAND,-0.00811980,-0.01570479,0.01178594,-0.07900100,0.06595040,0.31704422,-0.08224735,0.06197343,0.09176461,0.02152866,0.00069340,24.38423239,6.53075646,55.87963983,30.34930879,0.18988800,-0.46181345,1.26293266,0.18788706,-0.46699329,1.25772396,9.72323416,0.00000001
9.74000000,STAND,-0.00812606,-0.01571964,0.01178540,-0.07893645,0.06587340,0.31703391,-0.08218984,0.06190284,0.09182514,0.02152942,0.00069416,24.36656484,6.52038014,55.90320894,30.36336639,0.18962309,-0.46231340,1.26347264,0.18760519,-0.46756637,1.25833941,9.72887077,0.00000001
9.75000000,STAND,-0.00813047,-0.01573323,0.01178295,-0.07886398,0.06578879,0.31702377,-0.08212510,0.06182520,0.09189314,0.02152999,0.00069473,24.34848383,6.51478916,55.92151529,30.37754505,0.18933712,-0.46285490,1.26405494,0.18730169,-0.46817984,1.25899508,9.73367549,0.00000001
9.76000000,STAND,-0.00813302,-0.01574528,0.01177858,-0.07878313,0.06569635,0.31701385,-0.08205271,0.06174031,0.09196904,0.02153035,0.00069509,24.33053231,6.51401605,55.93428365,30.39150263,0.18902986,-0.46343894,1.26468014,0.18697605,-0.46883444,1.25969147,9.73758194,0.00000001
9.77000000,STAND,-0.00813371,-0.01575551,0.01177228,-0.07869345,0.06559591,0.31700422,-0.08197226,0.06164801,0.09205327,0.02153051,0.00069525,24.31322118,6.51805997,55.94127941,30.40492554,0.18870111,-0.46406641,1.26534875,0.18662777,-0.46953085,1.26042901,9.74053129,0.00000001
9.78000000,STAND,-0.00813252,-0.01576365,0.01176407,-0.07859454,0.06548731,0.31699492,-0.08188335,0.06154814,0.09214620,0.02153046,0.00069520,24.29701255,6.52689839,55.94230502,30.41753825,0.18835072,-0.46473816,1.26606120,0.18625640,-0.47026972,1.26120811,9.74247189,0.00000001
9.79000000,STAND,-0.00812948,-0.01576946,0.01175399,-0.07848602,0.06537040,0.31698599,-0.08178563,0.06144055,0.09224821,0.02153021,0.00069495,24.28230697,6.54049689,55.93719719,30.42911059,0.18797855,-0.46545491,1.26681788,0.18586151,-0.47105163,1.26202913,9.74335896,0.00000001
9.80000000,STAND,-0.00812459,-0.01577273,0.01174207,-0.07836755,0.06524503,0.31697749,-0.08167876,0.06132512,0.09235963,0.02152975,0.00069449,24.26943480,6.55881695,55.92582467,30.43946254,0.18758446,-0.46621734,1.26761913,0.18544271,-0.47187713,1.26289238,9.74315431,0.00000001
9.81000000,STAND,-0.00811787,-0.01577325,0.01172837,-0.07823879,0.06511108,0.31696943,-0.08156244,0.06120173,0.09248076,0.02152908,0.00069382,24.25865141,6.58182143,55.90808667,30.44846666,0.18716832,-0.46702601,1.26846526,0.18499961,-0.47274670,1.26379812,9.74182610,0.00000001
9.82000000,STAND,-0.00810932,-0.01577085,0.01171290,-0.07809949,0.06496843,0.31696184,-0.08143641,0.06107025,0.09261187,0.02152822,0.00069296,24.25013612,6.60947793,55.88391164,30.45604824,0.18673001,-0.46788142,1.26935652,0.18453189,-0.47366079,1.26474656,9.73934861,0.00000001
9.83000000,STAND,-0.00809894,-0.01576539,0.01169568,-0.07794938,0.06481695,0.31695474,-0.08130043,0.06093057,0.09275320,0.02152715,0.00069189,24.24399437,6.64176023,55.85325646,30.46218339,0.18626937,-0.46878396,1.27029317,0.18403922,-0.47461980,1.26573787,9.73570210,0.00000001
9.84000000,STAND,-0.00808672,-0.01575675,0.01167670,-0.07778826,0.06465654,0.31694812,-0.08115430,0.06078259,0.09290496,0.02152590,0.00069064,24.24026268,6.67864800,55.81610563,30.46689547,0.18578628,-0.46973396,1.27127543,0.18352132,-0.47562407,1.26677217,9.73087260,0.00000001
9.85000000,STAND,-0.00807263,-0.01574483,0.01165595,-0.07761595,0.06448709,0.31694200,-0.08099784,0.06062621,0.09306732,0.02152445,0.00068919,24.23891580,6.72012540,55.77247061,30.47025019,0.18528057,-0.47073166,1.27230348,0.18297794,-0.47667389,1.26784952,9.72485174,0.00000001
9.86000000,STAND,-0.00805666,-0.01572958,0.01163339,-0.07743230,0.06430850,0.31693637,-0.08083091,0.06046134,0.09324042,0.02152281,0.00068755,24.23987544,6.76617872,55.72238900,30.47234962,0.18475209,-0.47177722,1.27337749,0.18240883,-0.47776952,1.26896995,9.71763657,0.00000002
9.87000000,STAND,-0.00803878,-0.01571095,0.01160894,-0.07723721,0.06412067,0.31693121,-0.08065340,0.06028787,0.09342439,0.02152098,0.00068572,24.24301998,6.81679357,55.66592352,30.47332560,0.18420069,-0.47287072,1.27449759,0.18181379,-0.47891118,1.27013342,9.70922929,0.00000002
9.88000000,STAND,-0.00801895,-0.01568892,0.01158253,-0.07703060,0.06392352,0.31692650,-0.08046524,0.06010573,0.09361931,0.02151898,0.00068372,24.24819459,6.87195194,55.60316074,30.47333286,0.18362619,-0.47401219,1.27566388,0.18119264,-0.48009900,1.27133988,9.69963697,0.00000002
9.89000000,STAND,-0.00799714,-0.01566349,0.01155409,-0.07681241,0.06371695,0.31692222,-0.08026636,0.05991483,0.09382523,0.02151680,0.00068154,24.25522125,6.93162942,55.53420941,30.47254201,0.18302846,-0.47520157,1.27687643,0.18054522,-0.48133313,1.27258920,9.68887127,0.00000002
9.90000000,STAND,-0.00797333,-0.01563468,0.01152351,-0.07658261,0.06350089,0.31691835,-0.08005674,0.05971510,0.09353694,0.02151445,0.00067919,24.26390819,6.99579279,55.45919851,30.47113294,0.18240733,-0.47643878,1.27813525,0.17987140,-0.48261362,1.27388124,9.67694798,0.00000002
9.91000000,STAND,-0.00794748,-0.01560251,0.01149070,-0.07634120,0.06327528,0.31691485,-0.07983636,0.05950649,0.09323367,0.02151193,0.00067668,24.27405840,7.06439831,55.37827487,30.46928858,0.18176267,-0.47772365,1.27944032,0.17917108,-0.48394052,1.27521579,9.66388657,0.00000002
9.92000000,STAND,-0.00791958,-0.01556704,0.01145558,-0.07608821,0.06304006,0.31691168,-0.07960525,0.05928892,0.09291706,0.02150926,0.00067400,24.28547706,7.13739055,55.29160050,30.46718931,0.18109435,-0.47905600,1.28079157,0.17844417,-0.48531382,1.27659261,9.64970975,0.00000002
9.93000000,STAND,-0.00788961,-0.01552833,0.01141806,-0.07582367,0.06279518,0.31690881,-0.07936344,0.05906236,0.09258711,0.02150643,0.00067117,24.29797756,7.21470215,55.19934961,30.46500818,0.18040227,-0.48043559,1.28218888,0.17769061,-0.48673346,1.27801144,9.63444282,0.00000002
9.94000000,STAND,-0.00785757,-0.01548643,0.01137806,-0.07554764,0.06254061,0.31690618,-0.07911097,0.05882677,0.09224385,0.02150346,0.00066820,24.31138621,7.29625423,55.10170545,30.46290690,0.17968633,-0.48186215,1.28363208,0.17691037,-0.48819936,1.27947196,9.61811314,0.00000002
9.95000000,STAND,-0.00782346,-0.01544141,0.01133553,-0.07526018,0.06227631,0.31690378,-0.07884790,0.05858212,0.09188733,0.02150035,0.00066509,24.32554555,7.38195754,54.99885699,30.46103269,0.17894646,-0.48333539,1.28512094,0.17610344,-0.48971139,1.28097380,9.60074949,0.00000002
9.96000000,STAND,-0.00778730,-0.01539336,0.01129042,-0.07496138,0.06200228,0.31690154,-0.07857430,0.05832839,0.09151760,0.02149711,0.00066185,24.34031706,7.47168166,54.89099484,30.45951663,0.17818262,-0.48485499,1.28665516,0.17526983,-0.49126939,1.28251658,9.58238138,0.00000002
9.97000000,STAND,-0.00774910,-0.01534234,0.01124272,-0.07465134,0.06171851,0.31689943,-0.07829027,0.05806558,0.09113473,0.02149375,0.00065849,24.35559075,7.56524928,54.77830062,30.45847805,0.17739477,-0.48642059,1.28823437,0.17440956,-0.49287313,1.28409985,9.56303759,0.00000002
9.98000000,STAND,-0.00770889,-0.01528842,0.01119240,-0.07433014,0.06142500,0.31689740,-0.07799588,0.05779369,0.09073880,0.02149026,0.00065500,24.37128448,7.66257415,54.66095077,30.45802061,0.17658290,-0.48803182,1.28985815,0.17352270,-0.49452237,1.28572311,9.54274642,0.00000002
9.99000000,STAND,-0.00766670,-0.01523169,0.01113948,-0.07399791,0.06112178,0.31689543,-0.07769125,0.05751273,0.09032990,0.02148666,0.00065140,24.38733094,7.76357577,54.53912200,30.45822773,0.17574702,-0.48968830,1.29152603,0.17260931,-0.49621681,1.28738583,9.52153594,0.00000002
10.00000000,STAND,-0.00762257,-0.01517221,0.01108398,-0.07365475,0.06080888,0.31689346,-0.07737646,0.05722274,0.08990813,0.02148294,0.00064768,24.40367244,7.86816188,54.41298467,30.45916326,0.17488717,-0.49138963,1.29323749,0.17166948,-0.49795612,1.28908743,9.49943299,0.00000002
10.01000000,STAND,-0.00757654,-0.01511004,0.01102592,-0.07330077,0.06048632,0.31689146,-0.07705162,0.05692373,0.08947359,0.02147912,0.00064386,24.42025999,7.97623421,54.28269692,30.46087152,0.17400339,-0.49313541,1.29499195,0.17070334,-0.49973991,1.29082729,9.47646238,0.00000002
10.02000000,STAND,-0.00752867,-0.01504526,0.01096536,-0.07293610,0.06015417,0.31688940,-0.07671683,0.05661575,0.08902641,0.02147519,0.00063993,24.43705353,8.08769522,54.14840152,30.46337804,0.17309575,-0.49492519,1.29678880,0.16971101,-0.50156779,1.29260474,9.45264648,0.00000002
10.03000000,STAND,-0.00747900,-0.01497793,0.01090235,-0.07256085,0.05981247,0.31688726,-0.07637222,0.05629884,0.08856668,0.02147117,0.00063591,24.45402200,8.20245331,54.01022468,30.46669137,0.17216436,-0.49675854,1.29862734,0.16869264,-0.50343930,1.29441908,9.42800494,0.00000002
10.04000000,STAND,-0.00742759,-0.01490811,0.01083695,-0.07217515,0.05946129,0.31688500,-0.07601788,0.05597308,0.08809455,0.02146706,0.00063180,24.47114293,8.32042648,53.86827590,30.47080518,0.17120931,-0.49863501,1.30050683,0.16764842,-0.50535394,1.29626955,9.40255464,0.00000003
10.05000000,STAND,-0.00737448,-0.01483586,0.01076923,-0.07177910,0.05910070,0.31688260,-0.07565391,0.05563851,0.08761014,0.02146286,0.00062760,24.48840158,8.44154449,53.72264843,30.47570050,0.17023073,-0.50055409,1.30242651,0.16657852,-0.50731118,1.29815535,9.37630968,0.00000003
10.06000000,STAND,-0.00731973,-0.01476123,0.01069925,-0.07137284,0.05873078,0.31688005,-0.07528044,0.05529522,0.08711358,0.02145858,0.00062332,24.50578973,8.56574995,53.57341993,30.48134765,0.16922876,-0.50251531,1.30438555,0.16548315,-0.50931045,1.30007563,9.34928139,0.00000003
10.07000000,STAND,-0.00726340,-0.01468425,0.01062710,-0.07095648,0.05835163,0.31687732,-0.07489757,0.05494328,0.08660500,0.02145423,0.00061897,24.52330449,8.69299846,53.42065337,30.48770797,0.16820356,-0.50451813,1.30638306,0.16436254,-0.51135114,1.30202951,9.32147851,0.00000003
10.08000000,STAND,-0.00720551,-0.01460498,0.01055284,-0.07053014,0.05796333,0.31687442,-0.07450539,0.05458277,0.08608455,0.02144980,0.00061454,24.54094710,8.82325798,53.26439821,30.49473530,0.16715529,-0.50656202,1.30841815,0.16321692,-0.51343261,1.30401605,9.29290731,0.00000003
10.09000000,STAND,-0.00714613,-0.01452346,0.01047654,-0.07009394,0.05756598,0.31687133,-0.07410403,0.05421379,0.08555237,0.02144530,0.00061004,24.55872188,8.95650773,53.10469166,30.50237728,0.16608416,-0.50864641,1.31048985,0.16204656,-0.51555417,1.30603429,9.26357182,0.00000003
10.10000000,STAND,-0.00708529,-0.01443971,0.01039826,-0.06964799,0.05715969,0.31686804,-0.07369358,0.05383642,0.08500859,0.02144073,0.00060547,24.57663545,9.09273667,52.94156034,30.51057659,0.16499035,-0.51077072,1.31259719,0.16085174,-0.51771510,1.30808320,9.23347412,0.00000003
10.11000000,STAND,-0.00702304,-0.01435376,0.01031807,-0.06919242,0.05674457,0.31686454,-0.07327415,0.05345078,0.08445338,0.02143610,0.00060084,24.59469609,9.23194166,52.77502198,30.51927209,0.16387409,-0.51293432,1.31473914,0.15963273,-0.51991465,1.31016176,9.20261464,0.00000003
10.12000000,STAND,-0.00695941,-0.01426565,0.01023602,-0.06872734,0.05632074,0.31686085,-0.07284585,0.05305696,0.08388688,0.02143140,0.00059614,24.61291339,9.37412557,52.60508745,30.52839988,0.16273560,-0.51513658,1.31691465,0.15838986,-0.52215204,1.31226888,9.17099250,0.00000003
10.13000000,STAND,-0.00689445,-0.01417540,0.01015217,-0.06825288,0.05588832,0.31685695,-0.07240878,0.05265508,0.08330925,0.02142664,0.00059138,24.63129797,9.51929526,52.43176276,30.53789434,0.16157513,-0.51737683,1.31912263,0.15712344,-0.52442645,1.31440346,9.13860590,0.00000003
10.14000000,STAND,-0.00682818,-0.01408302,0.01006656,-0.06776915,0.05544743,0.31685284,-0.07196305,0.05224525,0.08272064,0.02142181,0.00058655,24.64986142,9.66745960,52.25505118,30.54768913,0.16039295,-0.51965438,1.32136197,0.15583381,-0.52673704,1.31656436,9.10545248,0.00000003
10.15000000,STAND,-0.00676065,-0.01398856,0.00997925,-0.06727629,0.05499822,0.31684854,-0.07150878,0.05182760,0.08212124,0.02141693,0.00058167,24.66861623,9.81862757,52.07495531,30.55771814,0.15918933,-0.52196850,1.32363154,0.15452133,-0.52908293,1.31875042,9.07152973,0.00000003
10.16000000,STAND,-0.00669189,-0.01389202,0.00989028,-0.06677441,0.05454081,0.31684403,-0.07104608,0.05140225,0.08151119,0.02141198,0.00057672,24.68757567,9.97280643,51.89147913,30.56791636,0.15796457,-0.52431843,1.32593015,0.15318637,-0.53146324,1.32096046,9.03683535,0.00000003
10.17000000,STAND,-0.00662193,-0.01379343,0.00979969,-0.06626367,0.05407536,0.31683933,-0.07057506,0.05096934,0.08089069,0.02140697,0.00057171,24.70675379,10.13000009,51.70462981,30.57822076,0.15671897,-0.52670340,1.32825664,0.15182931,-0.53387704,1.32319330,9.00136761,0.00000003
10.18000000,STAND,-0.00655083,-0.01369281,0.00970751,-0.06574418,0.05360200,0.31683443,-0.07009586,0.05052899,0.08025992,0.02140191,0.00056665,24.72616514,10.29020767,51.51441942,30.58857101,0.15545285,-0.52912260,1.33060978,0.15045056,-0.53632339,1.32544771,8.96512567,0.00000003
10.19000000,STAND,-0.00647860,-0.01359019,0.00961380,-0.06521610,0.05312091,0.31682933,-0.06960860,0.05008136,0.07961906,0.02139678,0.00056152,24.74582458,10.45342222,51.32086645,30.59891026,0.15416656,-0.53157519,1.33298836,0.14905054,-0.53880132,1.32772248,8.92810986,0.00000003
10.20000000,STAND,-0.00640530,-0.01348559,0.00951857,-0.06467958,0.05263223,0.31682405,-0.06911340,0.04962658,0.07896831,0.02139160,0.00055634,24.76574686,10.61962973,51.12399697,30.60918576,0.15286045,-0.53406030,1.33539113,0.14762966,-0.54130985,1.33001637,8.89032195,0.00000003
10.21000000,STAND,-0.00633096,-0.01337904,0.00942188,-0.06413478,0.05213613,0.31681857,-0.06861043,0.04916482,0.07830789,0.02138636,0.00055110,24.78594624,10.78880830,50.92384568,30.61934944,0.15153489,-0.53657703,1.33781683,0.14618839,-0.54384798,1.33232815,8.85176537,0.00000003
10.22000000,STAND,-0.00625562,-0.01327058,0.00932376,-0.06358185,0.05163279,0.31681290,-0.06809981,0.04869622,0.07763799,0.02138107,0.00054581,24.80643593,10.96092762,50.72045659,30.62935843,0.15019027,-0.53912448,1.34026420,0.14472718,-0.54641469,1.33465658,8.81244531,0.00000003
10.23000000,STAND,-0.00617934,-0.01316024,0.00922425,-0.06302097,0.05112237,0.31680703,-0.06758171,0.04822094,0.07695884,0.02137572,0.00054046,24.82722760,11.13594862,50.51388349,30.63917544,0.14882699,-0.54170170,1.34273196,0.14324650,-0.54900894,1.33700040,8.77236892,0.00000003
10.24000000,STAND,-0.00610216,-0.01304805,0.00912338,-0.06245232,0.05060507,0.31680097,-0.06705628,0.04773917,0.07627067,0.02137032,0.00053506,24.84833080,11.31382342,50.30419021,30.64876911,0.14744545,-0.54430770,1.34521882,0.14174683,-0.55162969,1.33935838,8.73154532,0.00000003
10.25000000,STAND,-0.00602412,-0.01293406,0.00902120,-0.06187609,0.05008106,0.31679471,-0.06652369,0.04725105,0.07557371,0.02136486,0.00052960,24.86975246,11.49449537,50.09145055,30.65811425,0.14604609,-0.54694150,1.34772348,0.14022869,-0.55427587,1.34172926,8.68998566,0.00000003
10.26000000,STAND,-0.00594528,-0.01281833,0.00891775,-0.06129247,0.04955053,0.31678823,-0.06598413,0.04675678,0.07486821,0.02135936,0.00052410,24.89149640,11.67789935,49.87574806,30.66719191,0.14462935,-0.54960209,1.35024465,0.13869259,-0.55694641,1.34411182,8.64770311,0.00000003
10.27000000,STAND,-0.00586569,-0.01270088,0.00881307,-0.06070166,0.04901369,0.31678155,-0.06543777,0.04625652,0.07415442,0.02135381,0.00051855,24.91356293,11.86396222,49.65717568,30.67598947,0.14319569,-0.55228840,1.35278104,0.13713904,-0.55964022,1.34650482,8.60471279,0.00000003
10.28000000,STAND,-0.00578540,-0.01258179,0.00870720,-0.06010389,0.04847072,0.31677464,-0.06488481,0.04575047,0.07343260,0.02134822,0.00051296,24.93594857,12.05260331,49.43583509,30.68450047,0.14174556,-0.55499940,1.35533133,0.13556860,-0.56235621,1.34890703,8.56103174,0.00000003
10.29000000,STAND,-0.00570445,-0.01246111,0.00860020,-0.05949937,0.04792184,0.31676750,-0.06432545,0.04523880,0.07270301,0.02134258,0.00050732,24.95864581,12.24373512,49.21183605,30.69272447,0.14027945,-0.55773399,1.35789424,0.13398180,-0.56509327,1.35131722,8.51667876,0.00000003
10.30000000,STAND,-0.00562292,-0.01233891,0.00849210,-0.05888832,0.04736725,0.31676012,-0.06375989,0.04472172,0.07196594,0.02133690,0.00050164,24.98164306,12.43726399,48.98529555,30.70066672,0.13879784,-0.56049107,1.36046847,0.13237922,-0.56785029,1.35373418,8.47167431,0.00000003
10.31000000,STAND,-0.00554084,-0.01221524,0.00838295,-0.05827099,0.04680716,0.31675249,-0.06318836,0.04419941,0.07122165,0.02133118,0.00049592,25.00492469,12.63309087,48.75633690,30.70833776,0.13730124,-0.56326953,1.36305272,0.13076143,-0.57062613,1.35615672,8.42604037,0.00000003
10.32000000,STAND,-0.00545828,-0.01209019,0.00827280,-0.05764762,0.04624178,0.31674460,-0.06261107,0.04367208,0.07047045,0.02132542,0.00049016,25.02847119,12.83111207,48.52508882,30.71575291,0.13579015,-0.56606823,1.36564571,0.12912900,-0.57341968,1.35858363,8.37980025,0.00000003
10.33000000,STAND,-0.00537529,-0.01196382,0.00816169,-0.05701847,0.04567134,0.31673644,-0.06202825,0.04313992,0.06971261,0.02131963,0.00048437,25.05225944,13.03122003,48.29168439,30.72293175,0.13426509,-0.56888604,1.36824616,0.12748255,-0.57622980,1.36101374,8.33297844,0.00000003
10.34000000,STAND,-0.00529192,-0.01183621,0.00804967,-0.05638377,0.04509605,0.31672798,-0.06144014,0.04260314,0.06894845,0.02131381,0.00047855,25.07626310,13.23330408,48.05626007,30.72989742,0.13272659,-0.57172178,1.37085280,0.12582267,-0.57905533,1.36344587,8.28560042,0.00000003
10.35000000,STAND,-0.00520822,-0.01170744,0.00793679,-0.05574381,0.04451614,0.31671923,-0.06084698,0.04206194,0.06817827,0.02130796,0.00047270,25.10045309,13.43725113,47.81895476,30.73667600,0.13117520,-0.57457429,1.37346436,0.12414999,-0.58189514,1.36587886,8.23769248,0.00000003
10.36000000,STAND,-0.00512424,-0.01157758,0.00782310,-0.05509885,0.04393184,0.31671017,-0.06024902,0.04151654,0.06740237,0.02130208,0.00046682,25.12479811,13.64294638,47.57990878,30.74329577,0.12961146,-0.57744238,1.37607960,0.12246511,-0.58474806,1.36831157,8.18928156,0.00000003
10.37000000,STAND,-0.00504005,-0.01144673,0.00770864,-0.05444915,0.04334337,0.31670079,-0.05964650,0.04096715,0.06662106,0.02129617,0.00046091,25.14926523,13.85027393,47.33926303,30.74978647,0.12803592,-0.58032488,1.37869728,0.12076869,-0.58761294,1.37074286,8.14039503,0.00000003
10.38000000,STAND,-0.00495568,-0.01131496,0.00759347,-0.05379500,0.04275096,0.31669107,-0.05903968,0.04041398,0.06583468,0.02129024,0.00045498,25.17382051,14.05911735,47.09715810,30.75617860,0.12644915,-0.58322058,1.38131615,0.11906136,-0.59048861,1.37317162,8.09106057,0.00000003
10.39000000,STAND,-0.00487120,-0.01118236,0.00747763,-0.05313667,0.04215485,0.31668100,-0.05842882,0.03985724,0.06504353,0.02128429,0.00044903,25.19842964,14.26936022,46.85373351,30.76250274,0.12485172,-0.58612828,1.38393501,0.11734377,-0.59337390,1.37559673,8.04130601,0.00000003
10.40000000,STAND,-0.00478663,-0.01104900,0.00736116,-0.05247446,0.04155527,0.31667059,-0.05781417,0.03929716,0.06424794,0.02127831,0.00044305,25.22305855,14.48088657,46.60912704,30.76878884,0.12324422,-0.58904677,1.38655265,0.11561659,-0.59626766,1.37801711,7.99115913,0.00000003
10.41000000,STAND,-0.00470205,-0.01091498,0.00724412,-0.05180863,0.04095246,0.31665980,-0.05719601,0.03873396,0.06344823,0.02127232,0.00043706,25.24767399,14.69358129,46.36347412,30.77506563,0.12162724,-0.59197486,1.38916788,0.11388047,-0.59916869,1.38043168,7.94064762,0.00000003
10.42000000,STAND,-0.00461748,-0.01078038,0.00712656,-0.05113949,0.04034665,0.31664865,-0.05657458,0.03816785,0.06264474,0.02126631,0.00043105,25.27224411,14.90733049,46.11690730,30.78136008,0.12000137,-0.59491132,1.39177952,0.11213610,-0.60207584,1.38283939,7.88979887,0.00000003
10.43000000,STAND,-0.00453297,-0.01064527,0.00700852,-0.05046731,0.03973810,0.31663711,-0.05595017,0.03759907,0.06183779,0.02126028,0.00042502,25.29673892,15.12202175,45.86955584,30.78769691,0.11836722,-0.59785496,1.39438640,0.11038416,-0.60498793,1.38523918,7.83863995,0.00000003
10.44000000,STAND,-0.00444857,-0.01050974,0.00689005,-0.04979238,0.03912704,0.31662519,-0.05532304,0.03702783,0.06102772,0.02125423,0.00041897,25.32113073,15.33754440,45.62154540,30.79409820,0.11672541,-0.60080455,1.39698739,0.10862532,-0.60790378,1.38763004,7.78719746,0.00000003
10.45000000,STAND,-0.00436433,-0.01037386,0.00677121,-0.04911499,0.03851371,0.31661288,-0.05469345,0.03645436,0.06021485,0.02124817,0.00041291,25.34539448,15.55378967,45.37299777,30.80058307,0.11507656,-0.60375889,1.39958135,0.10686029,-0.61082222,1.39001095,7.73549752,0.00000003
10.46000000,STAND,-0.00428027,-0.01023771,0.00665203,-0.04843544,0.03789836,0.31660018,-0.05406167,0.03587889,0.05939952,0.02124210,0.00040684,25.36950804,15.77065079,45.12403075,30.80716748,0.11342128,-0.60671678,1.40216716,0.10508976,-0.61374207,1.39238092,7.68356570,0.00000003
10.47000000,STAND,-0.00419645,-0.01010137,0.00653257,-0.04775399,0.03728123,0.31658708,-0.05342796,0.03530166,0.05858205,0.02123601,0.00040075,25.39345238,15.98802314,44.87475807,30.81386409,0.11176023,-0.60967701,1.40474373,0.10331443,-0.61666216,1.39473899,7.63142694,0.00000003
10.48000000,STAND,-0.00411290,-0.00996491,0.00641288,-0.04707095,0.03666257,0.31657358,-0.05279260,0.03472288,0.05776279,0.02122991,0.00039465,25.41721168,16.20580420,44.62528942,30.82068221,0.11009405,-0.61263838,1.40730997,0.10153501,-0.61958133,1.39708419,7.57910562,0.00000003
10.49000000,STAND,-0.00402966,-0.00982839,0.00629301,-0.04638660,0.03604263,0.31655968,-0.05215584,0.03414279,0.05694206,0.02122380,0.00038854,25.44077335,16.42389358,44.37573052,30.82762783,0.10842338,-0.61559971,1.40986484,0.09975222,-0.62249840,1.39941559,7.52662548,0.00000003
10.50000000,STAND,-0.00394677,-0.00969189,0.00617300,-0.04570121,0.03542166,0.31654540,-0.05151795,0.03356162,0.05612019,0.02121767,0.00038241,25.46412801,16.64219297,44.12618328,30.83470376,0.10674888,-0.61855980,1.41240727,0.09796677,-0.62541222,1.40173228,7.47400968,0.00000003
10.51000000,STAND,-0.00386425,-0.00955546,0.00605291,-0.04501507,0.03479990,0.31653072,-0.05087919,0.03297960,0.05529752,0.02121153,0.00037627,25.48726937,16.86060601,43.87674600,30.84190982,0.10507121,-0.62151747,1.41493626,0.09617937,-0.62832162,1.40403336,7.42128077,0.00000003
10.52000000,STAND,-0.00378216,-0.00941916,0.00593278,-0.04432846,0.03417761,0.31651565,-0.05023983,0.03239697,0.05447437,0.02120538,0.00037012,25.51019406,17.07903819,43.62751361,30.84924303,0.10339105,-0.62447155,1.41745080,0.09439076,-0.63122545,1.40631797,7.36846079,0.00000003
10.53000000,STAND,-0.00370051,-0.00928307,0.00581265,-0.04364166,0.03355503,0.31650020,-0.04960011,0.03181397,0.05365107,0.02119922,0.00036396,25.53290143,17.29739670,43.37857800,30.85669797,0.10170905,-0.62742087,1.41994991,0.09260165,-0.63412256,1.40858524,7.31557124,0.00000003
10.54000000,STAND,-0.00361935,-0.00914723,0.00569259,-0.04295494,0.03293241,0.31648438,-0.04896031,0.03123081,0.05282796,0.02119304,0.00035778,25.55539332,17.51559021,43.13002831,30.86426711,0.10002592,-0.63036426,1.42243263,0.09081277,-0.63701182,1.41083436,7.26263318,0.00000003
10.55000000,STAND,-0.00353870,-0.00901169,0.00557263,-0.04226857,0.03231000,0.31646819,-0.04832066,0.03064774,0.05200535,0.02118685,0.00035159,25.57767373,17.73352869,42.88195126,30.87194114,0.09834231,-0.63330056,1.42489802,0.08902485,-0.63989208,1.41306451,7.20966726,0.00000003
10.56000000,STAND,-0.00345859,-0.00887652,0.00545283,-0.04158283,0.03168806,0.31645164,-0.04768143,0.03006499,0.05118357,0.02118065,0.00034539,25.59974858,17.95112322,42.63443155,30.87970940,0.09665893,-0.63622864,1.42734516,0.08723862,-0.64276222,1.41527492,7.15669378,0.00000003
10.57000000,STAND,-0.00337906,-0.00874176,0.00533322,-0.04089799,0.03106683,0.31643474,-0.04704288,0.02948280,0.05036295,0.02117443,0.00033917,25.62162533,18.16828570,42.38755217,30.88756028,0.09497646,-0.63914735,1.42977317,0.08545481,-0.64562113,1.41746482,7.10373277,0.00000003
10.58000000,STAND,-0.00330013,-0.00860745,0.00521386,-0.04021431,0.03044655,0.31641750,-0.04640524,0.02890139,0.04954380,0.02116819,0.00033293,25.64331275,18.38492865,42.14139476,30.89548157,0.09329559,-0.64205557,1.43218118,0.08367415,-0.64846769,1.41963348,7.05080401,0.00000003
10.59000000,STAND,-0.00322183,-0.00847365,0.00509478,-0.03953206,0.02982748,0.31639993,-0.04576876,0.02832101,0.04872646,0.02116194,0.00032668,25.66482056,18.60096501,41.89603994,30.90346092,0.09161702,-0.64495216,1.43456834,0.08189736,-0.65130081,1.42178019,6.99792713,0.00000003
10.60000000,STAND,-0.00314418,-0.00834040,0.00497604,-0.03885151,0.02920987,0.31638205,-0.04513371,0.02774187,0.04791123,0.02115568,0.00032042,25.68615914,18.81630783,41.65156764,30.91148619,0.08994145,-0.64783601,1.43693383,0.08012519,-0.65411941,1.42390426,6.94512164,0.00000003
10.61000000,STAND,-0.00306720,-0.00820773,0.00485767,-0.03817291,0.02859396,0.31636386,-0.04450032,0.02716422,0.04709844,0.02114939,0.00031413,25.70733928,19.03087012,41.40805737,30.91954577,0.08826958,-0.65070602,1.43927687,0.07835834,-0.65692240,1.42600504,6.89240697,0.00000003
10.62000000,STAND,-0.00299093,-0.00807571,0.00473972,-0.03749653,0.02797999,0.31634537,-0.04386883,0.02658829,0.04628840,0.02114309,0.00030783,25.72837191,19.24456465,41.16558847,30.92762896,0.08660211,-0.65356110,1.44159668,0.07659756,-0.65970873,1.42808188,6.83980256,0.00000003
10.63000000,STAND,-0.00291538,-0.00794435,0.00462223,-0.03682263,0.02736821,0.31632661,-0.04323950,0.02601429,0.04548143,0.02113676,0.00030150,25.74926787,19.45730373,40.92424034,30.93572620,0.08493973,-0.65640015,1.44389252,0.07484356,-0.66247734,1.43013418,6.78732786,0.00000003
10.64000000,STAND,-0.00284057,-0.00781371,0.00450523,-0.03615146,0.02675887,0.31630758,-0.04261255,0.02544247,0.04467784,0.02113041,0.00029515,25.77003773,19.66899907,40.68409257,30.94382937,0.08328315,-0.65922210,1.44616368,0.07309707,-0.66522720,1.43216136,6.73500238,0.00000003
10.65000000,STAND,-0.00276653,-0.00768383,0.00438878,-0.03548329,0.02615220,0.31628830,-0.04198825,0.02487305,0.04387794,0.02112404,0.00028878,25.79069165,19.87956167,40.44522512,30.95193195,0.08163307,-0.66202588,1.44840947,0.07135881,-0.66795729,1.43416286,6.68284569,0.00000003
10.66000000,STAND,-0.00269327,-0.00755473,0.00427290,-0.03481835,0.02554843,0.31626877,-0.04136681,0.02430626,0.04308203,0.02111764,0.00028238,25.81123918,20.08890169,40.20771837,30.96002924,0.07999018,-0.66481043,1.45062922,0.06962948,-0.67066660,1.43613814,6.63087748,0.00000003
10.67000000,STAND,-0.00262081,-0.00742646,0.00415764,-0.03415692,0.02494782,0.31624902,-0.04074849,0.02374231,0.04229044,0.02111122,0.00027596,25.83168925,20.29692838,39.97165318,30.96811842,0.07835519,-0.66757472,1.45282230,0.06790980,-0.67335415,1.43808670,6.57911752,0.00000003
10.68000000,STAND,-0.00254916,-0.00729906,0.00404303,-0.03349924,0.02435060,0.31622906,-0.04013351,0.02318143,0.04150345,0.02110476,0.00026950,25.85205006,20.50355005,39.73711086,30.97619867,0.07672878,-0.67031770,1.45498810,0.06620048,-0.67601895,1.44000806,6.52758569,0.00000003
10.69000000,STAND,-0.00247834,-0.00717256,0.00392911,-0.03284555,0.02375699,0.31620889,-0.03952212,0.02262385,0.04072137,0.02109828,0.00026302,25.87232909,20.70867406,39.50417313,30.98427121,0.07511164,-0.67303837,1.45712604,0.06450220,-0.67866005,1.44190177,6.47630194,0.00000003
10.70000000,STAND,-0.00240837,-0.00704699,0.00381590,-0.03219612,0.02316723,0.31618854,-0.03891455,0.02206978,0.03994451,0.02109176,0.00025650,25.89253307,20.91220681,39.27292202,30.99233929,0.07350447,-0.67573570,1.45923555,0.06281568,-0.68127650,1.44376741,6.42528630,0.00000003
10.71000000,STAND,-0.00233926,-0.00692240,0.00370346,-0.03155117,0.02258154,0.31616802,-0.03831103,0.02151943,0.03917315,0.02108521,0.00024995,25.91266806,21.11405379,39.04343978,31.00040816,0.07190795,-0.67840870,1.46131612,0.06114159,-0.68386740,1.44560455,6.37455886,0.00000003
10.72000000,STAND,-0.00227101,-0.00679880,0.00359180,-0.03091097,0.02200016,0.31614735,-0.03771179,0.02097302,0.03840760,0.02107862,0.00024336,25.93273949,21.31411966,38.81580866,31.00848502,0.07032275,-0.68105640,1.46336724,0.05948062,-0.68643182,1.44741284,6.32413968,0.00000003
10.73000000,STAND,-0.00220365,-0.00667625,0.00348096,-0.03027574,0.02142330,0.31612652,-0.03711707,0.02043076,0.03764814,0.02107199,0.00023673,25.95275226,21.51230832,38.59011075,31.01657890,0.06874954,-0.68367783,1.46538844,0.05783344,-0.68896889,1.44919192,6.27404884,0.00000003
10.74000000,STAND,-0.00213717,-0.00655477,0.00337098,-0.02964574,0.02085119,0.31610557,-0.03652708,0.01989285,0.03689506,0.02106532,0.00023006,25.97271088,21.70852301,38.36642775,31.02470058,0.06718900,-0.68627203,1.46737926,0.05620071,-0.69147774,1.45094146,6.22430631,0.00000003
10.75000000,STAND,-0.00207159,-0.00643439,0.00326187,-0.02902119,0.02028403,0.31608450,-0.03594206,0.01935952,0.03614865,0.02105861,0.00022335,25.99261958,21.90266639,38.14484074,31.03286246,0.06564178,-0.68883807,1.46933927,0.05458309,-0.69395752,1.45266116,6.17493195,0.00000003
10.76000000,STAND,-0.00200691,-0.00631514,0.00315368,-0.02840232,0.01972206,0.31606333,-0.03536222,0.01883094,0.03540918,0.02105184,0.00021658,26.01248249,22.09464072,37.92542989,31.04107842,0.06410854,-0.69137503,1.47126809,0.05298123,-0.69640741,1.45435073,6.12594545,0.00000002
10.77000000,STAND,-0.00194314,-0.00619706,0.00304643,-0.02778939,0.01916546,0.31604207,-0.03478778,0.01830734,0.03467694,0.02104503,0.00020977,26.03230381,22.28434790,37.70827425,31.04936368,0.06258991,-0.69388202,1.47316533,0.05139577,-0.69882659,1.45600993,6.07736628,0.00000002
10.78000000,STAND,-0.00188028,-0.00608018,0.00294014,-0.02718259,0.01861446,0.31602073,-0.03421897,0.01778890,0.03395218,0.02103816,0.00020290,26.05208799,22.47168963,37.49345141,31.05773465,0.06108654,-0.69635814,1.47503064,0.04982734,-0.70121430,1.45763852,6.02921361,0.00000002
10.79000000,STAND,-0.00181834,-0.00596451,0.00283484,-0.02658218,0.01806925,0.31599933,-0.03365599,0.01727581,0.03323519,0.02103123,0.00019597,26.07183996,22.65656746,37.28103723,31.06620882,0.05959906,-0.69880253,1.47686371,0.04827654,-0.70356975,1.45923628,5.98150627,0.00000002
10.80000000,STAND,-0.00175731,-0.00585010,0.00273057,-0.02598835,0.01753003,0.31597789,-0.03309906,0.01676826,0.03252622,0.02102423,0.00018897,26.09156532,22.83888289,37.07110560,31.07480465,0.05812808,-0.70121435,1.47866423,0.04674400,-0.70589222,1.46080304,5.93426270,0.00000002
10.81000000,STAND,-0.00169720,-0.00573696,0.00262733,-0.02540134,0.01699700,0.31595640,-0.03254838,0.01626645,0.03182553,0.02101717,0.00018191,26.11127057,23.01853741,36.86372809,31.08354144,0.05667420,-0.70359278,1.48043191,0.04523029,-0.70818098,1.46233862,5.88750089,0.00000002
10.82000000,STAND,-0.00163800,-0.00562512,0.00252516,-0.02482135,0.01647035,0.31593490,-0.03200415,0.01577055,0.03113338,0.02101003,0.00017477,26.13096334,23.19543250,36.65897371,31.09243929,0.05523804,-0.70593701,1.48216651,0.04373601,-0.71043534,1.46384288,5.84123832,0.00000002
10.83000000,STAND,-0.00157971,-0.00551460,0.00242407,-0.02424858,0.01595026,0.31591339,-0.03146657,0.01528073,0.03045000,0.02100281,0.00016755,26.15065264,23.36946956,36.45690861,31.10151903,0.05382016,-0.70824624,1.48386778,0.04226172,-0.71265462,1.46531569,5.79549189,0.00000002
10.84000000,STAND,-0.00152234,-0.00540542,0.00232409,-0.02368325,0.01543691,0.31589189,-0.03093584,0.01479718,0.02977565,0.02099550,0.00016024,26.17034803,23.54066457,36.25759725,31.11080156,0.05242114,-0.71051974,1.48553553,0.04080798,-0.71483816,1.46675694,5.75027803,0.00000002
10.85000000,STAND,-0.00146588,-0.00529761,0.00222523,-0.02312555,0.01493049,0.31587040,-0.03041215,0.01432006,0.02911055,0.02098813,0.00015287,26.19001263,23.70968322,36.06114867,31.12027824,0.05104154,-0.71275686,1.48716973,0.03937532,-0.71698536,1.46816656,5.70561702,0.00000002
10.86000000,STAND,-0.00141037,-0.00519122,0.00212752,-0.02257567,0.01443116,0.31584896,-0.02989567,0.01384953,0.02845494,0.02098073,0.00014547,26.20950196,23.87657800,35.86771231,31.12988646,0.04968187,-0.71495708,1.48877049,0.03796428,-0.71909565,1.46954457,5.66153215,0.00000002
10.87000000,STAND,-0.00135586,-0.00508633,0.00203101,-0.02203381,0.01393911,0.31582759,-0.02938660,0.01338578,0.02780904,0.02097335,0.00013809,26.22865432,24.04104061,35.67738179,31.13954884,0.04834264,-0.71711984,1.49033778,0.03657536,-0.72116851,1.47089103,5.61804159,0.00000002
10.88000000,STAND,-0.00130238,-0.00498299,0.00193573,-0.02150015,0.01345449,0.31580632,-0.02888512,0.01292895,0.02717309,0.02096603,0.00013077,26.24735871,24.20278109,35.49021354,31.14918585,0.04702439,-0.71924457,1.49187155,0.03520907,-0.72320344,1.47220600,5.57516102,0.00000002
10.89000000,STAND,-0.00124996,-0.00488127,0.00184175,-0.02097488,0.01297750,0.31578518,-0.02839140,0.01247921,0.02654731,0.02095879,0.00012353,26.26556958,24.36157699,35.30626132,31.15872873,0.04572762,-0.72133069,1.49337167,0.03386589,-0.72519995,1.47348956,5.53290677,0.00000002
10.90000000,STAND,-0.00119862,-0.00478120,0.00174912,-0.02045817,0.01250828,0.31576420,-0.02790562,0.01203673,0.02593192,0.02095165,0.00011639,26.28329711,24.51726764,35.12559315,31.16812871,0.04445285,-0.72337761,1.49483805,0.03254627,-0.72715757,1.47474177,5.49129700,0.00000002
10.91000000,STAND,-0.00114838,-0.00468282,0.00165792,-0.01995021,0.01204701,0.31574340,-0.02742793,0.01160165,0.02532711,0.02094463,0.00010937,26.30058941,24.66973927,34.94829369,31.17735852,0.04320057,-0.72538481,1.49627062,0.03125066,-0.72907587,1.47596273,5.45035151,0.00000002
10.92000000,STAND,-0.00109927,-0.00458614,0.00156819,-0.01945116,0.01159384,0.31572280,-0.02695851,0.01117413,0.02473310,0.02093773,0.00010247,26.31751412,24.81891015,34.77445896,31.18640852,0.04197125,-0.72735176,1.49766935,0.02997949,-0.73095443,1.47715251,5.41009095,0.00000002
10.93000000,STAND,-0.00105130,-0.00449120,0.00147999,-0.01896117,0.01114892,0.31570243,-0.02649751,0.01075432,0.02415008,0.02093097,0.00009571,26.33414290,24.96471799,34.60418869,31.19528087,0.04076535,-0.72927797,1.49903423,0.02873316,-0.73279283,1.47831122,5.37053592,0.00000002
10.94000000,STAND,-0.00100448,-0.00439800,0.00139339,-0.01848040,0.01071240,0.31568228,-0.02604508,0.01034234,0.02357822,0.02092434,0.00008908,26.35053984,25.10711051,34.43757949,31.20398420,0.03958330,-0.73116300,1.50036529,0.02751208,-0.73459073,1.47943897,5.33170610,0.00000002
10.95000000,STAND,-0.00095882,-0.00430656,0.00130843,-0.01800901,0.01028442,0.31566238,-0.02560135,0.00993834,0.02301771,0.02091786,0.00008260,26.36675433,25.24603929,34.27471999,31.21252987,0.03842552,-0.73300640,1.50166257,0.02631659,-0.73634776,1.48053588,5.29361978,0.00000002
10.96000000,STAND,-0.00091434,-0.00421690,0.00122514,-0.01754712,0.00986509,0.31564274,-0.02516647,0.00954244,0.02246871,0.02091153,0.00007627,26.38281771,25.38145640,34.11568817,31.22092975,0.03729240,-0.73480778,1.50292614,0.02514707,-0.73806361,1.48160210,5.25629350,0.00000002
10.97000000,STAND,-0.00087103,-0.00412905,0.00114358,-0.01709488,0.00945455,0.31562336,-0.02474057,0.00915476,0.02193138,0.02090534,0.00007008,26.39874332,25.51331349,33.96055054,31.22919536,0.03618430,-0.73656676,1.50415608,0.02400382,-0.73973801,1.48263776,5.21974196,0.00000002
10.98000000,STAND,-0.00082890,-0.00404300,0.00106376,-0.01665240,0.00905291,0.31560426,-0.02432377,0.00877540,0.02140587,0.02089931,0.00006405,26.41452875,25.64156230,33.80936258,31.23733772,0.03510157,-0.73828300,1.50535251,0.02288717,-0.74137067,1.48364305,5.18397813,0.00000002
10.99000000,STAND,-0.00078794,-0.00395879,0.00098571,-0.01621982,0.00866027,0.31558545,-0.02391619,0.00840447,0.02089231,0.02089343,0.00005817,26.43015947,25.76615602,33.66216998,31.24536765,0.03404453,-0.73995618,1.50651553,0.02179739,-0.74296138,1.48461813,5.14901334,0.00000002
11.00000000,STAND,-0.00074814,-0.00387643,0.00090944,-0.01579725,0.00827674,0.31556694,-0.02351794,0.00804207,0.02039083,0.02088771,0.00005245,26.44561296,25.88705080,33.51901022,31.25329612,0.03301347,-0.74158600,1.50764529,0.02073475,-0.74450994,1.48556319,5.11485755,0.00000002
11.01000000,STAND,-0.00070950,-0.00379593,0.00083497,-0.01538478,0.00790240,0.31554875,-0.02312912,0.00768828,0.01990155,0.02088214,0.00004688,26.46086266,26.00420696,33.37991420,31.26113448,0.03200865,-0.74317220,1.50874193,0.01969949,-0.74601616,1.48647843,5.08151953,0.00000001
11.02000000,STAND,-0.00067201,-0.00371731,0.00076229,-0.01498252,0.00753733,0.31553088,-0.02274983,0.00734319,0.01942458,0.02087674,0.00004148,26.47588135,26.11758960,33.24490780,31.26889447,0.03103033,-0.74471455,1.50980561,0.01869184,-0.74747992,1.48736408,5.04900704,0.00000001
11.03000000,STAND,-0.00063564,-0.00364058,0.00069142,-0.01459055,0.00718161,0.31551335,-0.02238015,0.00700686,0.01896002,0.02087150,0.00003624,26.49064374,26.22716869,33.11401304,31.27658805,0.03007871,-0.74621285,1.51083653,0.01771197,-0.74890109,1.48822034,5.01732702,0.00000001
11.04000000,STAND,-0.00060040,-0.00356575,0.00062236,-0.01420896,0.00683529,0.31549617,-0.02202017,0.00667936,0.01850795,0.02086643,0.00003117,26.50512817,26.33291859,32.98724910,31.28422701,0.02915400,-0.74766693,1.51183486,0.01676007,-0.75027961,1.48904748,4.98648573,0.00000001
11.05000000,STAND,-0.00056627,-0.00349283,0.00055510,-0.01383781,0.00649845,0.31547936,-0.02166996,0.00636075,0.01806844,0.02086152,0.00002626,26.51931769,26.43481729,32.86463294,31.29182251,0.02825636,-0.74907667,1.51280084,0.01583628,-0.75161542,1.48984572,4.95648879,0.00000001
11.06000000,STAND,-0.00053324,-0.00342184,0.00048963,-0.01347717,0.00617113,0.31546291,-0.02132957,0.00605108,0.01764158,0.02085678,0.00002152,26.53320035,26.53284541,32.74617973,31.29938453,0.02738594,-0.75044195,1.51373469,0.01494071,-0.75290851,1.49061534,4.92734131,0.00000001
11.07000000,STAND,-0.00050129,-0.00335277,0.00042596,-0.01312710,0.00585337,0.31544684,-0.02099907,0.00575038,0.01722740,0.02085220,0.00001694,26.54676925,26.62698531,32.63190310,31.30692148,0.02654287,-0.75176273,1.51463664,0.01407347,-0.75415890,1.49135661,4.89904789,0.00000001
11.08000000,STAND,-0.00047041,-0.00328563,0.00036409,-0.01278763,0.00554521,0.31543117,-0.02067850,0.00545871,0.01682597,0.02084780,0.00001254,26.56002209,26.71722032,32.52181521,31.31443981,0.02572723,-0.75303896,1.51550695,0.01323462,-0.75536665,1.49206982,4.87161265,0.00000001
11.09000000,STAND,-0.00044060,-0.00322042,0.00030400,-0.01245880,0.00524667,0.31541589,-0.02036789,0.00517607,0.01643731,0.02084357,0.00000831,26.57296074,26.80353417,32.41592675,31.32194383,0.02493912,-0.75427066,1.51634590,0.01242420,-0.75653184,1.49275528,4.84503926,0.00000001
11.10000000,STAND,-0.00041184,-0.00315716,0.00024570,-0.01214064,0.00495778,0.31540102,-0.02006729,0.00490251,0.01606144,0.02083950,0.00000424,26.58559058,26.88591080,32.31424687,31.32943563,0.02417858,-0.75545788,1.51715376,0.01164222,-0.75765460,1.49341330,4.81933093,0.00000001
11.11000000,STAND,-0.00038412,-0.00309582,0.00018918,-0.01183316,0.00467854,0.31538656,-0.01977670,0.00463802,0.01569839,0.02083561,0.00000035,26.59791988,26.96433433,32.21678314,31.33691524,0.02344564,-0.75660070,1.51793082,0.01088867,-0.75873508,1.49404420,4.79449039,0.00000001
11.12000000,STAND,-0.00035744,-0.00303642,0.00013445,-0.01153638,0.00440895,0.31537252,-0.01949613,0.00438262,0.01534814,0.02083190,-0.00000336,26.60995919,27.03878932,32.12354135,31.34438076,0.02274029,-0.75769923,1.51867741,0.01016352,-0.75977349,1.49464835,4.77051993,0.00000001
11.13000000,STAND,-0.00033179,-0.00297896,0.00008150,-0.01125028,0.00414902,0.31535890,-0.01922559,0.00413630,0.01501070,0.02082835,-0.00000691,26.62172071,27.10926118,32.03452543,31.35182877,0.02206252,-0.75875364,1.51939384,0.00946668,-0.76077005,1.49522608,4.74742133,0.00000001
11.14000000,STAND,-0.00030716,-0.00292342,0.00003033,-0.01097486,0.00389872,0.31534571,-0.01896507,0.00389905,0.01468604,0.02082498,-0.00001028,26.63321777,27.17573666,31.94973730,31.35925463,0.02141227,-0.75976412,1.52008043,0.00879807,-0.76172505,1.49577777,4.72519590,0.00000001
11.15000000,STAND,-0.00028355,-0.00286981,-0.00001906,-0.01071009,0.00365804,0.31533295,-0.01871455,0.00367086,0.01437412,0.02082179,-0.00001347,26.64446421,27.23820443,31.86917674,31.36665289,0.02078947,-0.76073091,1.52073755,0.00815754,-0.76263877,1.49630381,4.70384445,0.00000001
11.16000000,STAND,-0.00026094,-0.00281811,-0.00006667,-0.01045594,0.00342695,0.31532062,-0.01847401,0.00345169,0.01407491,0.02081877,-0.00001649,26.65547398,27.29665561,31.79284122,31.37401768,0.02019399,-0.76165430,1.52136556,0.00754495,-0.76351158,1.49680460,4.68336727,0.00000001
11.17000000,STAND,-0.00023935,-0.00276834,-0.00011250,-0.01021237,0.00320541,0.31530873,-0.01824341,0.00324152,0.01378834,0.02081592,-0.00001934,26.66626060,27.35108426,31.72072576,31.38134307,0.01962571,-0.76253458,1.52196484,0.00696010,-0.76434386,1.49728055,4.66376410,0.00000001
11.18000000,STAND,-0.00021875,-0.00272047,-0.00015656,-0.00997933,0.00299335,0.31529727,-0.01802270,0.00304030,0.01351435,0.02081326,-0.00002200,26.67683683,27.40148783,31.65282281,31.38862339,0.01908446,-0.76337213,1.52253577,0.00640277,-0.76513604,1.49773209,4.64503415,0.00000001
11.19000000,STAND,-0.00019914,-0.00267450,-0.00019884,-0.00975675,0.00279074,0.31528625,-0.01781182,0.00284797,0.01325286,0.02081076,-0.00002450,26.68721431,27.44786744,31.58912216,31.39585344,0.01857004,-0.76416734,1.52307878,0.00587271,-0.76588858,1.49815966,4.62717607,0.00000001
11.20000000,STAND,-0.00018052,-0.00263042,-0.00023935,-0.00954456,0.00259750,0.31527567,-0.01761072,0.00266447,0.01300376,0.02080845,-0.00002681,26.69740330,27.49022821,31.52961077,31.40302874,0.01808222,-0.76492066,1.52359429,0.00536963,-0.76660198,1.49856371,4.61018796,0.00000001
11.21000000,STAND,-0.00016287,-0.00258822,-0.00027809,-0.00934269,0.00241354,0.31526553,-0.01741932,0.00248974,0.01276696,0.02080631,-0.00002895,26.70741251,27.52857932,31.47427274,31.41014560,0.01762073,-0.76563257,1.52408274,0.00489323,-0.76727680,1.49894473,4.59406732,0.00000001
11.22000000,STAND,-0.00014620,-0.00254790,-0.00031509,-0.00915102,0.00223879,0.31525581,-0.01723753,0.00232369,0.01254233,0.02080435,-0.00003091,26.71724897,27.56293417,31.42308927,31.41720123,0.01718528,-0.76630360,1.52454461,0.00444315,-0.76791362,1.49930319,4.57881109,0.00000001
11.23000000,STAND,-0.00013050,-0.00250944,-0.00035033,-0.00896947,0.00207314,0.31524652,-0.01706526,0.00216623,0.01232974,0.02080257,-0.00003269,26.72691804,27.59331035,31.37603856,31.42419371,0.01677555,-0.76693431,1.52498037,0.00401901,-0.76851308,1.49963961,4.56441561,0.00000001
11.24000000,STAND,-0.00011574,-0.00247283,-0.00038384,-0.00879791,0.00191648,0.31523766,-0.01690241,0.00201726,0.01212903,0.02080096,-0.00003430,26.73642340,27.61972963,31.33309585,31.43112203,0.01639116,-0.76752534,1.52539053,0.00362040,-0.76907586,1.49995451,4.55087668,0.00000001
11.25000000,STAND,-0.00010194,-0.00243806,-0.00041562,-0.00863622,0.00176870,0.31522921,-0.01674885,0.00187666,0.01194006,0.02079953,-0.00003573,26.74576718,27.64221784,31.29423341,31.43798592,0.01603172,-0.76807733,1.52577561,0.00324685,-0.76960266,1.50024842,4.53818948,0.00000001
11.26000000,STAND,-0.00008908,-0.00240511,-0.00044569,-0.00848426,0.00162966,0.31522118,-0.01660446,0.00174432,0.01176264,0.02079827,-0.00003699,26.75495008,27.66080487,31.25942051,31.44478584,0.01569680,-0.76859101,1.52613615,0.00289791,-0.77009427,1.50052191,4.52634863,0.00000001
11.27000000,STAND,-0.00007714,-0.00237398,-0.00047408,-0.00834189,0.00149921,0.31521354,-0.01646911,0.00162010,0.01159658,0.02079718,-0.00003808,26.76397159,27.67552445,31.22862350,31.45152282,0.01538593,-0.76906712,1.52647271,0.00257303,-0.77055148,1.50077554,4.51534818,0.00000000
11.28000000,STAND,-0.00006612,-0.00234464,-0.00050079,-0.00820894,0.00137722,0.31520630,-0.01634264,0.00150387,0.01144168,0.02079627,-0.00003899,26.77283013,27.68641414,31.20180575,31.45819829,0.01509861,-0.76950646,1.52678588,0.00227168,-0.77097516,1.50100992,4.50518160,0.00000000
11.29000000,STAND,-0.00005602,-0.00231709,-0.00052584,-0.00808524,0.00126350,0.31519945,-0.01622491,0.00139547,0.01129772,0.02079552,-0.00003974,26.78152329,27.69351519,31.17892773,31.46481402,0.01483430,-0.76990990,1.52707627,0.00199325,-0.77136621,1.50122566,4.49584179,0.00000000
11.30000000,STAND,-0.00004681,-0.00229130,-0.00054926,-0.00797062,0.00115789,0.31519297,-0.01611574,0.00129473,0.01116447,0.02079495,-0.00004031,26.79004804,27.69687243,31.15994696,31.47137190,0.01459242,-0.77027833,1.52734450,0.00173714,-0.77172558,1.50142340,4.48732109,0.00000000
11.31000000,STAND,-0.00003849,-0.00226726,-0.00057108,-0.00786488,0.00106021,0.31518685,-0.01601495,0.00120149,0.01104169,0.02079454,-0.00004072,26.79840090,27.69653430,31.14481798,31.47787389,0.01437237,-0.77061269,1.52759123,0.00150266,-0.77205426,1.50160380,4.47961125,0.00000000
11.32000000,STAND,-0.00003105,-0.00224496,-0.00059131,-0.00776780,0.00097024,0.31518109,-0.01592234,0.00111555,0.01092910,0.02079430,-0.00004096,26.80657809,27.69255273,31.13349240,31.48432180,0.01417349,-0.77091401,1.52781713,0.00128913,-0.77235332,1.50176754,4.47270343,0.00000000
11.33000000,STAND,-0.00002448,-0.00222437,-0.00060998,-0.00767918,0.00088779,0.31517565,-0.01583773,0.00103673,0.01082644,0.02079422,-0.00004104,26.81457573,27.68498317,31.12591876,31.49071728,0.01399510,-0.77118332,1.52802292,0.00109581,-0.77262385,1.50191532,4.46658820,0.00000000
11.34000000,STAND,-0.00001877,-0.00220548,-0.00062712,-0.00759878,0.00081262,0.31517054,-0.01576088,0.00096481,0.01073341,0.02079430,-0.00004096,26.82238991,27.67388462,31.12204252,31.49706166,0.01383648,-0.77142174,1.52820930,0.00092193,-0.77286700,1.50204788,4.46125554,0.00000000
11.35000000,STAND,-0.00001390,-0.00218826,-0.00064276,-0.00752635,0.00074451,0.31516574,-0.01569158,0.00089957,0.01064969,0.02079454,-0.00004072,26.83001678,27.65931965,31.12180598,31.50335591,0.01369687,-0.77163043,1.52837705,0.00076667,-0.77308398,1.50216598,4.45669478,0.00000000
11.36000000,STAND,-0.00000987,-0.00217270,-0.00065692,-0.00746165,0.00068322,0.31516123,-0.01562959,0.00084079,0.01057498,0.02079493,-0.00004033,26.83745263,27.64135446,31.12514815,31.50960057,0.01357547,-0.77181060,1.52852693,0.00062918,-0.77327603,1.50227040,4.45289464,0.00000000
11.37000000,STAND,-0.00000667,-0.00215877,-0.00066964,-0.00740440,0.00062847,0.31515698,-0.01557464,0.00078822,0.01050892,0.02079548,-0.00003978,26.84469392,27.62005900,31.13200471,31.51579573,0.01347144,-0.77196352,1.52865976,0.00050858,-0.77344448,1.50236194,4.44984317,0.00000000
11.38000000,STAND,-0.00000428,-0.00214645,-0.00068095,-0.00735432,0.00058001,0.31515300,-0.01552650,0.00074162,0.01045115,0.02079618,-0.00003908,26.85173727,27.59550703,31.14230782,31.52194101,0.01338390,-0.77209053,1.52877639,0.00040394,-0.77359069,1.50244145,4.44752773,0.00000000
11.39000000,STAND,-0.00000269,-0.00213571,-0.00069088,-0.00731111,0.00053754,0.31514924,-0.01548486,0.00070071,0.01040132,0.02079703,-0.00003823,26.85857951,27.56777626,31.15598608,31.52803553,0.01331195,-0.77219301,1.52887767,0.00031429,-0.77371607,1.50250979,4.44593502,0.00000000
11.40000000,STAND,-0.00000189,-0.00212653,-0.00069947,-0.00727446,0.00050078,0.31514570,-0.01544946,0.00066523,0.01035903,0.02079802,-0.00003724,26.86521762,27.53694840,31.17296436,31.53407796,0.01325462,-0.77227241,1.52896451,0.00023863,-0.77382210,1.50256787,4.44505098,0.00000000
11.41000000,STAND,-0.00000188,-0.00211888,-0.00070675,-0.00724406,0.00046942,0.31514236,-0.01541997,0.00063487,0.01032386,0.02079915,-0.00003611,26.87164870,27.50310935,31.19316371,31.54006648,0.01321093,-0.77233022,1.52903784,0.00017590,-0.77391032,1.50261661,4.44486084,0.00000000
11.42000000,STAND,-0.00000263,-0.00211273,-0.00071276,-0.00721956,0.00044314,0.31513918,-0.01539610,0.00060935,0.01029541,0.02080041,-0.00003485,26.87786997,27.46634925,31.21650123,31.54599890,0.01317983,-0.77236801,1.52909863,0.00012501,-0.77398230,1.50265697,4.44534904,0.00000000
11.43000000,STAND,-0.00000413,-0.00210805,-0.00071755,-0.00720061,0.00042159,0.31513616,-0.01537752,0.00058835,0.01027322,0.02080182,-0.00003344,26.88387875,27.42676258,31.24288996,31.55187260,0.01316026,-0.77238740,1.52914787,0.00008484,-0.77403972,1.50268994,4.44649928,0.00000000
11.44000000,STAND,-0.00000638,-0.00210482,-0.00072114,-0.00718685,0.00040445,0.31513325,-0.01536387,0.00057154,0.01025684,0.02080334,-0.00003191,26.88967237,27.38444826,31.27223879,31.55768464,0.01315109,-0.77239008,1.52918661,0.00005422,-0.77408426,1.50271656,4.44829441,0.00000000
11.45000000,STAND,-0.00000935,-0.00210300,-0.00072358,-0.00717790,0.00039133,0.31513045,-0.01535481,0.00055858,0.01024580,0.02080500,-0.00003026,26.89524820,27.33950972,31.30445235,31.56343178,0.01315118,-0.77237780,1.52921591,0.00003193,-0.77411769,1.50273788,4.45071651,0.00000000
11.46000000,STAND,-0.00001305,-0.00210255,-0.00072492,-0.00717337,0.00038188,0.31512773,-0.01534997,0.00054913,0.01023960,0.02080678,-0.00002848,26.90060360,27.29205494,31.33943093,31.56911054,0.01315930,-0.77235236,1.52923688,0.00001672,-0.77414186,1.50275499,4.45374679,0.00000000
11.47000000,STAND,-0.00001744,-0.00210344,-0.00072520,-0.00717284,0.00037570,0.31512506,-0.01534897,0.00054282,0.01023773,0.02080867,-0.00002659,26.90573592,27.24219649,31.37707040,31.57471722,0.01317424,-0.77231565,1.52925067,0.00000728,-0.77415864,1.50276904,4.45736562,0.00000000
11.48000000,STAND,-0.00002252,-0.00210563,-0.00072447,-0.00717590,0.00037239,0.31512240,-0.01535141,0.00053928,0.01023966,0.02081067,-0.00002459,26.91064248,27.19005156,31.41726216,31.58024798,0.01319470,-0.77226960,1.52925845,0.00000228,-0.77416999,1.50278118,4.46155253,0.00000000
11.49000000,STAND,-0.00002827,-0.00210908,-0.00072277,-0.00718209,0.00037155,0.31511975,-0.01535688,0.00053811,0.01024484,0.02081278,-0.00002248,26.91539316,27.13576751,31.45982821,31.58555287,0.01321934,-0.77221621,1.52926147,0.00000033,-0.77417793,1.50279262,4.46628055,0.00000000
11.50000000,STAND,-0.00003469,-0.00211374,-0.00072017,-0.00719098,0.00037273,0.31511706,-0.01536495,0.00053891,0.01025271,0.02081500,-0.00002026,26.91937119,27.07943065,31.50477671,31.59141010,0.01324680,-0.77215754,1.52926098,0.00000000,-0.77418452,1.50280461,4.47153962,0.00000007
