Script started on 2026-09-13 19:24:28+03:00 [COMMAND="./lite3_validation_console" TERM="dumb" TTY="/dev/pts/1" COLUMNS="80" LINES="24"]
[ONNX INIT] Loading model: /home/abx/Lite3_rl_deploy/build_supported_stand/../policy/ppo/policy.onnx
[ONNX INIT] Model loaded successfully.
robot2policy_idx[0]: 0
policy2robot_idx[0]: 0
robot2policy_idx[1]: 1
policy2robot_idx[1]: 1
robot2policy_idx[2]: 2
policy2robot_idx[2]: 2
robot2policy_idx[3]: 3
policy2robot_idx[3]: 3
robot2policy_idx[4]: 4
policy2robot_idx[4]: 4
robot2policy_idx[5]: 5
policy2robot_idx[5]: 5
robot2policy_idx[6]: 6
policy2robot_idx[6]: 6
robot2policy_idx[7]: 7
policy2robot_idx[7]: 7
robot2policy_idx[8]: 8
policy2robot_idx[8]: 8
robot2policy_idx[9]: 9
policy2robot_idx[9]: 9
robot2policy_idx[10]: 10
policy2robot_idx[10]: 10
robot2policy_idx[11]: 11
policy2robot_idx[11]: 11
test_onnx ONNX policy network test success
test_onnx ONNX policy network test success
ONNX policy: test_onnx
path: /home/abx/Lite3_rl_deploy/build_supported_stand/../policy/ppo/policy.onnx
obs_dim: 45, action_dim: 12
Robot interface started
Waiting for stand up...
PASSIVE validation console started. No SDK control or motion has been requested.
Commands: status | acquire | authorize_stand SUPPORTED_ESTOP_HEALTH_LIMITS_CONFIRMED | stand | stop | release | quit. RL and velocity are blocked.
STAND_TEST WAITING_FOR_TELEMETRY
STAND_TEST LOCKED
Joint Data: 
pos:  -0.44651  -1.16035   2.73911  0.436204  -1.16328   2.74182 -0.445359  -1.14955   2.74533  0.440934  -1.14779    2.7475
vel:   0.0509262 -0.00232697   0.0264359   -0.116386  -0.0295639   0.0262833  -0.0754166   0.0133133   0.0223923 -0.00957489  -0.0227737  -0.0201797
tau:  -0.00549316 -0.000610352  -0.00183105  -0.00183105   0.00305176   0.00305176  -0.00183105  -0.00183105 -0.000610352   0.00305176   0.00793457  -0.00183105
Imu Data: 
rpy:  0.00200003 -0.00361988   0.0153027
acc: 0.022623 0.013754   9.7929
omg:  -0.00408407 -0.000262759   0.00193896
User Command Input: 
axis value:  0 0 0
target mode: 0
Joint Data: 
pos: -0.446434  -1.16028   2.73919  0.436433  -1.16328   2.74189 -0.445283  -1.14955   2.74526  0.440934  -1.14802   2.74734
vel:   -0.0284195    0.0315475  -0.00469208    0.0348282   3.8147e-05  -0.00629425    0.0499344   -0.0140762   -0.0613022    0.0674057 -0.000114441   0.00682831
tau: -0.000610352  -0.00183105 -0.000610352   0.00183105  0.000610352  -0.00183105  0.000610352 -0.000610352 -0.000610352  -0.00183105  -0.00183105   0.00305176
Imu Data: 
rpy:   0.0016087 -0.00375939   0.0153396
acc: 0.036556 0.016433  9.79883
omg: 0.000774891 0.000449527 -0.00104276
User Command Input: 
axis value:  0 0 0
target mode: 0
Joint Data: 
pos:  -0.44651   -1.1602   2.73911  0.436204  -1.16336   2.74182 -0.445512  -1.14947   2.74518  0.441011  -1.14779   2.74734
vel:  0.0370407  0.0207901  0.0185013 -0.0460434 -0.0102615  0.0156784  0.0242996 -0.0310898  0.0289536 -0.0314713  -0.026741 0.00911713
tau: -0.000610352 -0.000610352  0.000610352  -0.00305176  0.000610352   0.00183105   0.00427246 -0.000610352  -0.00305176  0.000610352   0.00305176 -0.000610352
Imu Data: 
rpy:  0.00167213 -0.00345038   0.0154617
acc: 0.016032  0.00169  9.78257
omg:  -0.0037871  0.00252525 -0.00139295
User Command Input: 
axis value:  0 0 0
target mode: 0
Joint Data: 
pos: -0.446663  -1.16035   2.73919  0.436128   -1.1632   2.74182 -0.445436  -1.14955   2.74518  0.440858  -1.14794   2.74734
vel: -0.00911713   0.0163651  -0.0502396   -0.057869   0.0187302   -0.037117   0.0716782  -0.0188065  -0.0240707   0.0632095   0.0394058  -0.0259018
tau:  0.00183105 -0.00305176 -0.00183105 -0.00183105  0.00183105  0.00671387  0.00305176 -0.00183105 -0.00671387  0.00427246  0.00183105  0.00183105
Imu Data: 
rpy:  0.00224186 -0.00319427   0.0154789
acc: 0.030163 0.031783  9.79255
omg:  -0.00134523 -0.000120079 -9.63945e-05
User Command Input: 
axis value:  0 0 0
target mode: 0
Joint Data: 
pos: -0.446587  -1.16028   2.73926  0.435975  -1.16313   2.74182 -0.445207  -1.14962   2.74541  0.441011  -1.14794   2.74734
vel:  0.0644302 -0.0386429 -0.0136948 -0.0451279 -0.0455856  0.0400925  0.0201035  0.0134659  0.0127792 -0.0636673  0.0109482  0.0094223
tau:  0.000610352 -0.000610352   0.00183105  -0.00183105 -0.000610352   0.00183105  -0.00427246  -0.00305176  -0.00305176  0.000610352   0.00305176   0.00549316
Imu Data: 
rpy: 0.00262779 -0.0030501  0.0153302
acc: 0.035665 0.027786  9.78982
omg:  0.00188194 0.000604024  0.00252036
User Command Input: 
axis value:  0 0 0
target mode: 0
Joint Data: 
pos: -0.446663  -1.16035   2.73919  0.435975  -1.16351   2.74189 -0.445512  -1.14962   2.74526  0.440858  -1.14802   2.74727
vel:  0.0160599 -0.0233841 -0.0188828 -0.0323105 -0.0282669  0.0153732 0.00385284 -0.0295639 0.00514984 -0.0117874 -0.0137711  0.0676346
tau:  0.000610352  -0.00183105  -0.00183105   0.00427246   0.00183105  -0.00183105  -0.00549316  -0.00305176 -0.000610352 -0.000610352   0.00549316   0.00549316
Imu Data: 
rpy:  0.00229942 -0.00298896   0.0151022
acc: 0.033104 0.038384  9.78171
omg: -0.00104175  0.00233427 0.000908775
User Command Input: 
axis value:  0 0 0
target mode: 0
Joint Data: 
pos: -0.446663  -1.16043   2.73911  0.436357  -1.16328   2.74174 -0.445283  -1.14955   2.74533  0.440782  -1.14787   2.74727
vel:     0.045433   -0.0455856   -0.0365829  -0.00934601    0.0555801 -0.000267029     0.021553   -0.0167465    0.0662613   -0.0675583    0.0094223  -0.00514984
tau:  -0.00305176 -0.000610352   0.00305176  -0.00183105  0.000610352   0.00305176   0.00183105  -0.00183105 -0.000610352  0.000610352 -0.000610352  -0.00183105
Imu Data: 
rpy:  0.00199521 -0.00291887   0.0149312
acc: 0.019116 0.027523  9.78446
omg:  -0.00119091 -4.81013e-05 -0.000367531
User Command Input: 
axis value:  0 0 0
target mode: 0
Joint Data: 
pos: -0.446587  -1.16028   2.73926  0.436128   -1.1632   2.74189 -0.445359  -1.14955   2.74526  0.440934  -1.14779   2.74711
vel:  -0.0253677  -0.0510788  -0.0236893  -0.0258255    0.030098   0.0669479   0.0125504 0.000343323   0.0309372   0.0257492     0.07267   0.0355148
tau: -0.00427246 -0.00183105 -0.00305176 -0.00183105  0.00305176 -0.00305176 -0.00183105 -0.00305176 0.000610352  0.00183105 -0.00183105 0.000610352
Imu Data: 
rpy:   0.0024835 -0.00312634   0.0151446
acc: 0.039914 0.009723  9.78793
omg: -0.000471867 -0.000177378  -0.00027084
User Command Input: 
axis value:  0 0 0
target mode: 0
status
STATUS state=0 state_source=LOCAL_DEPLOY_STATE_MACHINE stand_test=LOCKED abort_reason=[] preflight=[OK] acquisition=NOT_REQUESTED ownership=NOT_REQUESTED telemetry=FRESH feedback_age_s=0.000917748 joint_send_enabled=0 forward=0 lateral=0 yaw=0
Joint Data: 
pos: -0.446434  -1.16028   2.73911  0.436204  -1.16336   2.74182 -0.445359  -1.14955   2.74549  0.440782  -1.14787   2.74734
vel:  -0.0555801  -0.0248337  -0.0204849   -0.053215   0.0143814 0.000190735   0.0113297 -0.00682831 -0.00926971   0.0165939  -0.0263596   0.0533676
tau:   0.00305176  -0.00183105   0.00183105  -0.00305176   0.00305176  0.000610352  -0.00305176 -0.000610352  0.000610352   0.00183105   0.00183105   0.00793457
Imu Data: 
rpy:  0.00261751 -0.00361365    0.015286
acc: 0.035839 0.023446  9.78315
omg: 0.000964294   0.0015768  0.00148761
User Command Input: 
axis value:  0 0 0
target mode: 0
Joint Data: 
pos:  -0.44651  -1.16028   2.73903  0.436051   -1.1632   2.74182 -0.445359  -1.14947   2.74533  0.440782   -1.1481   2.74734
vel: -0.000801086   -0.0166702   -0.0169754   -0.0361252  -0.00980377    0.0380325   0.00637054   -0.0492477    0.0281143  -0.00621796   -0.0223923   0.00507355
tau: -0.000610352  -0.00427246   0.00427246 -0.000610352   0.00183105  0.000610352  0.000610352  -0.00183105  -0.00305176   0.00305176   0.00183105 -0.000610352
Imu Data: 
rpy:  0.00269653 -0.00378836   0.0153648
acc: 0.014422 0.026782  9.80218
omg:  0.000420258  0.000283738 -0.000536287
User Command Input: 
axis value:  0 0 0
target mode: 0
Joint Data: 
pos:  -0.44651  -1.16035   2.73919  0.435899  -1.16358   2.74189 -0.445512  -1.14955   2.74533  0.440858  -1.14779   2.74734
vel:  0.00804901  -0.0680161  -0.0175095  -0.0416946  0.00240326 -0.00888824  -0.0931168 -0.00110626   0.0574112  -0.0737381  -0.0330734  0.00743866
tau:  -0.00183105 -0.000610352  0.000610352  -0.00305176  0.000610352   0.00427246   0.00183105  -0.00305176  -0.00549316   0.00305176   0.00305176 -0.000610352
Imu Data: 
rpy:  0.00239382 -0.00348659   0.0154026
acc: 0.036258 0.026294  9.77983
omg:  0.00104088 0.000315748 0.000588909
User Command Input: 
axis value:  0 0 0
target mode: 0
Joint Data: 
pos: -0.446739   -1.1602   2.73934  0.436357  -1.16328   2.74174 -0.445359  -1.14955   2.74526  0.440705  -1.14787   2.74742
vel:    0.0235367  -0.00331879    0.0515366    0.0305557    0.0350571   0.00293732    0.0031662 -0.000114441    -0.010643    0.0204849   -0.0570297  -0.00217438
tau:   0.00427246  -0.00183105 -0.000610352 -0.000610352 -0.000610352  0.000610352 -0.000610352  -0.00183105  -0.00305176  -0.00183105  0.000610352   0.00183105
Imu Data: 
rpy:  0.00203834 -0.00337592   0.0153365
acc: 0.044464 0.021388  9.78138
omg:    0.0028917   0.00222793 -0.000208096
User Command Input: 
axis value:  0 0 0
target mode: 0
Joint Data: 
pos:  -0.44651  -1.16028   2.73926  0.436357   -1.1632   2.74189 -0.445588   -1.1497    2.7451  0.441087  -1.14779   2.74742
vel:   0.0424576  -0.0056076   0.0056076   0.0984573   0.0288773   0.0162888   0.0212479  0.00652313 -0.00614166  -0.0187302  -0.0269699  -0.0094223
tau:  -0.00549316  -0.00183105  -0.00305176   0.00183105   0.00183105   0.00183105 -0.000610352  -0.00183105  -0.00427246   0.00305176  -0.00183105  -0.00183105
Imu Data: 
rpy:  0.00210597 -0.00340646   0.0156849
acc: 0.040498  0.03848  9.79133
omg: -0.000408023   0.00125301   0.00126432
User Command Input: 
axis value:  0 0 0
target mode: 0
Joint Data: 
pos: -0.446358  -1.16012   2.73911  0.436433   -1.1632   2.74189 -0.445436  -1.14939   2.74541  0.440858   -1.1481   2.74719
vel:   0.0242996  -0.0165939  0.00331879  -0.0465012  -0.0069809 -0.00453949   0.0301743 -0.00720978  -0.0229263   0.0133133   0.0359726   -0.024147
tau:  -0.00183105 -0.000610352  -0.00183105 -0.000610352  0.000610352  0.000610352   0.00305176   0.00305176 -0.000610352   0.00183105   0.00183105   0.00427246
Imu Data: 
rpy:  0.00225151 -0.00355147    0.016027
acc:  0.00351 0.017639  9.78502
omg: -0.000893364   0.00136539  -0.00157837
User Command Input: 
axis value:  0 0 0
target mode: 0
Joint Data: 
pos:  -0.44651  -1.16035   2.73911  0.436051   -1.1632   2.74189 -0.445283  -1.14955   2.74518  0.441011  -1.14794   2.74742
vel:  0.0821304  -0.103416 -0.0503159 -0.0271225  -0.048027  0.0121689 -0.0325394 -0.0111008 -0.0369644 -0.0631332  0.0210953 -0.0139999
tau:  -0.00305176  0.000610352   0.00305176  0.000610352   0.00305176   0.00183105  0.000610352  -0.00305176  -0.00305176 -0.000610352   0.00305176   0.00183105
Imu Data: 
rpy:  0.00235944 -0.00360217   0.0161163
acc:  0.023513 -0.003606   9.80023
omg: 0.000712758 -0.00216398 -0.00198268
User Command Input: 
axis value:  0 0 0
target mode: 0
Joint Data: 
pos: -0.446892  -1.16035   2.73903  0.436128  -1.16313   2.74189 -0.445512  -1.14947   2.74518  0.440782  -1.14794   2.74719
vel: -0.0468063 -0.0264359 -0.0180435   0.073967   0.079689 -0.0281906 -0.0331497 -0.0248337 0.00537872 -0.0359726  0.0265884 -0.0510788
tau:  -0.00427246  0.000610352  -0.00427246 -0.000610352  0.000610352  -0.00183105   0.00671387  -0.00305176   0.00305176   0.00183105  0.000610352   0.00427246
Imu Data: 
rpy:  0.00183207 -0.00347453   0.0158943
acc: 0.003052 0.000884  9.79723
omg:  -0.00143461   0.00248181 -0.000998136
User Command Input: 
axis value:  0 0 0
target mode: 0
Joint Data: 
pos: -0.446434   -1.1602   2.73926  0.436051  -1.16313   2.74189 -0.445436  -1.14955   2.74518  0.441011  -1.14787   2.74734
vel:   0.0827408   0.0141525  0.00606537  -0.0717545 0.000267029    0.015831  -0.0317001   0.0161362 -0.00659943  -0.0246048   0.0255203   0.0135422
tau:  -0.00305176  0.000610352   0.00183105  -0.00183105   0.00305176   0.00183105   0.00183105  0.000610352   0.00183105  0.000610352 -0.000610352 -0.000610352
Imu Data: 
rpy:  0.00157732 -0.00340552   0.0158171
acc: 0.042544 0.004819  9.80973
omg: -0.00134301  0.00180327  0.00175786
User Command Input: 
axis value:  0 0 0
target mode: 0
Joint Data: 
pos: -0.446663  -1.16035   2.73919  0.436509  -1.16328   2.74182 -0.445359  -1.14939   2.74526  0.440934  -1.14787   2.74734
vel:   -0.0387955  -0.00858307    0.0229263    0.0209427  -0.00217438   -0.0163651   0.00476837    0.0217819   -0.0148392    0.0246811 -0.000343323  -0.00400543
tau:  -0.00549316  -0.00183105   0.00183105  -0.00427246   0.00183105   0.00427246  0.000610352 -0.000610352  -0.00793457 -0.000610352   0.00549316   0.00671387
Imu Data: 
rpy:  0.00174636 -0.00313461   0.0158119
acc: 0.037234 0.039385  9.80157
omg:  -0.00227971  0.000999236 -0.000402281
User Command Input: 
axis value:  0 0 0
target mode: 0
Joint Data: 
pos: -0.446587   -1.1602   2.73926  0.436509   -1.1632   2.74189 -0.445512  -1.14962   2.74533  0.441011  -1.14779   2.74742
vel: 0.00102997  0.0411606  0.0379562   0.117912  0.0127792 -0.0172043 -0.0785446 -0.0239182 0.00392914 -0.0193405  0.0550461  0.0242996
tau:  0.000610352 -0.000610352 -0.000610352  -0.00427246   0.00183105 -0.000610352   0.00427246  -0.00183105  -0.00305176 -0.000610352   0.00427246  -0.00305176
Imu Data: 
rpy:  0.00181345 -0.00332969    0.015862
acc: 0.034302 0.012404  9.78204
omg:  0.00304476 -0.00195266 -0.00200221
User Command Input: 
axis value:  0 0 0
target mode: 0
Joint Data: 
pos: -0.446739  -1.16028   2.73911  0.436204  -1.16313   2.74197 -0.445512  -1.14955   2.74526  0.440934  -1.14779   2.74727
vel: -0.00499725  -0.0278091  -0.0294876   0.0489426   0.0118637 -0.00156403  -0.0289536   0.0192642   0.0483322  -0.0130081    -0.02285  -0.0127792
tau: -0.000610352  0.000610352  -0.00183105  -0.00183105   0.00427246   0.00183105  0.000610352 -0.000610352  -0.00183105   0.00183105  0.000610352  -0.00305176
Imu Data: 
rpy: 0.00222018 -0.0033445  0.0159452
acc: 0.032039 0.022998  9.81876
omg:   0.00204369   0.00041654 -0.000244974
User Command Input: 
axis value:  0 0 0
target mode: 0
Joint Data: 
pos: -0.446587  -1.16012   2.73903   0.43628  -1.16328   2.74174 -0.445512   -1.1497   2.74518  0.441011  -1.14779   2.74742
vel:  -0.0249863   0.0265884  -0.0281906  -0.0252151  0.00087738   0.0392532   -0.032692  -0.0217056 -0.00835419  -0.0307083    0.100899   0.0676346
tau:  -0.00305176  -0.00183105  -0.00183105  -0.00183105  0.000610352   0.00305176  -0.00183105  0.000610352 -0.000610352 -0.000610352 -0.000610352  -0.00305176
Imu Data: 
rpy:  0.00230429 -0.00342743   0.0158541
acc: 0.069856  0.01001  9.80174
omg:  0.00182026 6.44026e-06  0.00156544
User Command Input: 
axis value:  0 0 0
target mode: 0
Joint Data: 
pos: -0.446663  -1.16005   2.73911   0.43628   -1.1632   2.74182 -0.445207  -1.14962   2.74518  0.441087  -1.14802   2.74734
vel:   -0.105705  0.00957489 -0.00865936    0.057869   0.0462723 -0.00423431    0.055809  -0.0111008  -0.0370407  -0.0362778 -0.00247955   0.0381088
tau:   0.00183105 -0.000610352 -0.000610352 -0.000610352  0.000610352   0.00305176  0.000610352  -0.00183105  -0.00427246  0.000610352   0.00305176   0.00305176
Imu Data: 
rpy:  0.00214669 -0.00338124   0.0158105
acc: 0.005094 0.011627  9.78782
omg: -0.00049145   0.0015694 -0.00151896
User Command Input: 
axis value:  0 0 0
target mode: 0
Joint Data: 
pos: -0.446663  -1.16028   2.73926  0.436357  -1.16297   2.74174 -0.445359  -1.14955   2.74533  0.440934  -1.14787   2.74719
vel:  0.00270844   0.0271225  0.00881195  -0.0155258  -0.0188065  0.00865936 -0.00301361 -0.00888824   0.0364304   0.0352097  -0.0296402  0.00514984
tau:   0.00183105  -0.00183105  -0.00183105  -0.00183105   0.00183105  -0.00183105 -0.000610352 -0.000610352  -0.00305176  -0.00183105  0.000610352   0.00183105
Imu Data: 
rpy:  0.00205209 -0.00335088   0.0158965
acc: 0.001449 0.035548  9.79209
omg:  0.00156097  0.00105486 -0.00328909
User Command Input: 
axis value:  0 0 0
target mode: 0
Joint Data: 
pos: -0.446815  -1.16058   2.73926   0.43628   -1.1632   2.74182 -0.445207  -1.14955   2.74518  0.440629  -1.14802   2.74727
vel:  -0.0407791  -0.0873184  -0.0149918   0.0246048 -0.00644684  -0.0206375   0.0230789   0.0494003  -0.0321579   0.0353622 -0.00278473   -0.018425
tau:  -0.00183105 -0.000610352   0.00671387  -0.00183105   0.00427246   0.00305176   0.00671387  -0.00183105   0.00427246   0.00427246   0.00305176  -0.00183105
Imu Data: 
rpy:  0.00199692 -0.00339903   0.0158956
acc: 0.019386 0.023308  9.80778
omg: 0.000356065 -0.00193873  0.00250641
User Command Input: 
axis value:  0 0 0
target mode: 0
Joint Data: 
pos:  -0.44651  -1.16028   2.73903   0.43628   -1.1632   2.74197 -0.445283  -1.14962   2.74526  0.440858  -1.14771   2.74742
vel:   0.0265121   0.0178146  -0.0834274  -0.0379562  -0.0420761   0.0201035  -0.0233841  -0.0288773   0.0179672 -0.00408173  -0.0541306  -0.0133133
tau:  -0.00305176  0.000610352  -0.00183105  -0.00305176   0.00183105 -0.000610352  -0.00183105 -0.000610352  -0.00427246   0.00305176   0.00305176  0.000610352
Imu Data: 
rpy:  0.00237091 -0.00343596   0.0160451
acc:  0.02254 0.028149  9.78353
omg:  0.000627708 -0.000570531  -0.00214824
User Command Input: 
axis value:  0 0 0
target mode: 0
Joint Data: 
pos: -0.446739  -1.16035   2.73903  0.436051  -1.16328   2.74197 -0.445588  -1.14962   2.74526  0.440629  -1.14787   2.74734
vel:  -0.0238419  -0.0771713   -0.034523  0.00324249  0.00644684  0.00270844  0.00606537  -0.0194931  -0.0555038  -0.0354385  -0.0723648 -0.00469208
tau:  -0.00305176  0.000610352   0.00427246  -0.00183105 -0.000610352  0.000610352  0.000610352  -0.00305176  -0.00305176  -0.00305176   0.00427246  -0.00305176
Imu Data: 
rpy:  0.00244793 -0.00365542   0.0161221
acc: 0.034498 0.024599  9.78868
omg:   0.00139021   -0.0033673 -9.36195e-05
User Command Input: 
axis value:  0 0 0
target mode: 0
Joint Data: 
pos: -0.446739  -1.16028   2.73919  0.436509   -1.1632   2.74182 -0.445359  -1.14924   2.74526  0.440782  -1.14802   2.74734
vel:   0.0162125 -0.00530243   0.0340652     0.04879 -0.00133514  -0.0251389  -0.0747299   0.0361252   0.0415421  -0.0307083   0.0489426    0.030632
tau:  -0.00183105  -0.00305176  0.000610352  -0.00549316 -0.000610352  0.000610352   0.00427246  -0.00183105    -0.010376   0.00183105  0.000610352   0.00427246
Imu Data: 
rpy:  0.00208083 -0.00363851   0.0160284
acc: 0.050239 0.010529  9.79962
omg: 8.86453e-05 -0.00172596 -0.00030538
User Command Input: 
axis value:  0 0 0
target mode: 0
Joint Data: 
pos: -0.446739  -1.16028   2.73926   0.43628   -1.1632   2.74189 -0.445207  -1.14955   2.74533  0.441011  -1.14802   2.74734
vel:    0.0510788   0.00713348 -0.000953674   -0.0742722   -0.0275803   -0.0151443    0.0303268  -0.00652313    0.0174332   0.00408173      0.03582   -0.0291824
tau:  -0.00183105  -0.00183105  -0.00549316  -0.00305176   0.00305176   0.00427246 -0.000610352  -0.00183105  -0.00427246 -0.000610352   0.00305176  0.000610352
Imu Data: 
rpy:  0.00200692 -0.00356901   0.0161112
acc:  0.035666 -0.004905   9.79208
omg: 0.000847724   0.0043632 0.000575906
User Command Input: 
axis value:  0 0 0
target mode: 0
Joint Data: 
pos: -0.446968  -1.16073   2.73934  0.436128  -1.16328   2.74189 -0.445588  -1.14955   2.74533  0.440934  -1.14787   2.74719
vel:  -0.0117874  -0.0496292   0.0111008   0.0127029  -0.0159073 -0.00408173  -0.0232315  0.00759125   0.0111771  0.00141144  0.00537872  -0.0360489
tau:   0.00183105 -0.000610352  -0.00671387   0.00183105   0.00427246   0.00183105   0.00305176  -0.00183105  -0.00427246   0.00183105 -0.000610352  0.000610352
Imu Data: 
rpy:  0.00191517 -0.00343666   0.0160601
acc: 0.013311 0.001334  9.79985
omg:  0.00405105 -0.00128249  0.00213639
User Command Input: 
axis value:  0 0 0
target mode: 0
Joint Data: 
pos: -0.446739  -1.16035   2.73911   0.43628  -1.16343   2.74189 -0.445436  -1.14962   2.74541  0.440858  -1.14787   2.74734
vel:   0.0374985  -0.0136185 -0.00354767  -0.0336075  -0.0175858 -0.00957489  -0.0044632   -0.019722  -0.0204086  0.00171661  -0.0261307   0.0120926
tau:  0.000610352 -0.000610352  -0.00183105  0.000610352   0.00183105  0.000610352   0.00305176  -0.00183105  0.000610352   0.00183105   0.00549316   0.00183105
Imu Data: 
rpy:  0.00170119 -0.00366706   0.0159517
acc: 0.028733  0.00282  9.79491
omg: -0.000381058   0.00385323 -8.63589e-05
User Command Input: 
axis value:  0 0 0
target mode: 0
Joint Data: 
pos: -0.446815   -1.1602   2.73911  0.436433  -1.16336   2.74189 -0.445436  -1.14955   2.74533  0.441087  -1.14794   2.74757
vel:  -0.0307846 -0.00141144   0.0721359   0.0172043   0.0214767  0.00743866  -0.0531387   0.0416946  -0.0111008   0.0102615  -0.0432968   0.0648117
tau: -0.000610352 -0.000610352  -0.00427246  -0.00427246  0.000610352  -0.00183105   0.00305176 -0.000610352  -0.00427246   0.00183105  0.000610352   0.00305176
Imu Data: 
rpy: 0.00175568   -0.00383  0.0160668
acc: 0.032738 0.007175  9.78074
omg: 0.00378799 0.00190571 0.00121847
User Command Input: 
axis value:  0 0 0
target mode: 0
Joint Data: 
pos: -0.446663  -1.16035   2.73926  0.436204  -1.16328   2.74174 -0.445588  -1.14962    2.7451  0.440858  -1.14794   2.74742
vel:   0.0438309   0.0484085  -0.0172043  0.00423431  -0.0195694  0.00988007   -0.109215    -0.01194  -0.0301743  -0.0259018 0.000801086   0.0185776
tau:  -0.00183105  -0.00305176 -0.000610352 -0.000610352  0.000610352   0.00183105   0.00427246  0.000610352  -0.00183105  0.000610352   0.00305176   0.00427246
Imu Data: 
rpy:  0.00171301 -0.00366673   0.0159283
acc: 0.018504 0.028094  9.78674
omg:    0.0033356 -0.000734853  0.000601091
User Command Input: 
axis value:  0 0 0
target mode: 0
Joint Data: 
pos: -0.446739   -1.1602   2.73911  0.436433  -1.16336   2.74189 -0.445283  -1.14977   2.74533  0.440934  -1.14794   2.74742
vel: -0.0381088 -0.0559616  0.0255203  0.0841141 -0.0709152 0.00827789  0.0362015  0.0069046 0.00858307  0.0261307  0.0163651  0.0134659
tau: -0.00183105 -0.00183105 -0.00183105 -0.00305176  0.00549316  0.00427246 0.000610352 0.000610352  0.00183105  0.00305176 0.000610352  0.00183105
Imu Data: 
rpy: 0.00136097  -0.003458  0.0158158
acc: 0.031027 0.017403  9.79545
omg:   0.00312826  0.000134059 -0.000571403
User Command Input: 
axis value:  0 0 0
target mode: 0
Joint Data: 
pos: -0.446663  -1.16028   2.73911  0.436204   -1.1632   2.74197 -0.445207  -1.14947   2.74526  0.440858  -1.14794   2.74734
vel:  -0.0195694 -0.00377655  -0.0285721  -0.0139999  0.00865936  -0.0224686   0.0494003 0.000953674  0.00637054   0.0790787 -0.00385284  -0.0255203
tau: -0.00549316 0.000610352 -0.00183105 -0.00305176  0.00305176 -0.00427246  0.00915527 -0.00183105 -0.00549316 0.000610352  0.00305176  0.00305176
Imu Data: 
rpy:  0.00106655 -0.00304522   0.0157304
acc:  0.02365 0.016257  9.80214
omg:   0.00126788   0.00130732 -0.000314473
User Command Input: 
axis value:  0 0 0
target mode: 0
Joint Data: 
pos: -0.446434  -1.16028   2.73926  0.436128   -1.1632   2.74182 -0.445512  -1.14955   2.74526  0.440858  -1.14787   2.74719
vel:   0.0125504   0.0116348  -0.0165939  -0.0619125   0.0509262   0.0130844   0.0590897  -0.0490189  -0.0259018  -0.0393295 -0.00347137  -0.0018692
tau:  -0.00305176  -0.00183105  -0.00793457  -0.00183105  0.000610352  -0.00183105   0.00183105 -0.000610352  -0.00427246  0.000610352  0.000610352  -0.00427246
Imu Data: 
rpy:  0.00133505 -0.00277024   0.0156982
acc:  0.003322 -0.006605   9.77752
omg:  0.000530231 -0.000533966 -0.000110846
User Command Input: 
axis value:  0 0 0
target mode: 0
Joint Data: 
pos: -0.446892   -1.1602   2.73911   0.43628  -1.16328   2.74189 -0.445436  -1.14947   2.74526  0.441011  -1.14787   2.74727
vel:  0.00110626   0.0878525  -0.0386429   0.0465775  -0.0105667   0.0146866  -0.0888443  0.00881195  -0.0159836   -0.029335  -0.0235367 -0.00385284
tau:  -0.00427246  -0.00305176  -0.00427246   0.00427246   0.00183105  0.000610352  0.000610352 -0.000610352   0.00305176 -0.000610352  -0.00183105   0.00183105
Imu Data: 
rpy:  0.00178971 -0.00291884     0.01578
acc:  0.03764 0.044781  9.78172
omg:  0.00330784  0.00288753 -0.00252533
User Command Input: 
axis value:  0 0 0
target mode: 0
Joint Data: 
pos: -0.446587  -1.16028   2.73919  0.436204  -1.16313   2.74182 -0.445359   -1.1497   2.74533  0.441087  -1.14794   2.74727
vel:    0.014534  -0.0346756   0.0489426    0.026207  -0.0082016  -0.0677109   0.0709915 -0.00362396   0.0527573  -0.0259018    0.047493    0.018959
tau:  -0.00183105  -0.00305176 -0.000610352  0.000610352   0.00183105   0.00305176 -0.000610352  -0.00305176  0.000610352  0.000610352   0.00183105  -0.00183105
Imu Data: 
rpy:    0.001538 -0.00307347   0.0154944
acc:  0.05038 0.008195  9.79629
omg: -0.00192375 0.000946021 -0.00274577
User Command Input: 
axis value:  0 0 0
target mode: 0
Joint Data: 
pos: -0.446739   -1.1602   2.73926  0.436051   -1.1632   2.74189 -0.445283  -1.14955   2.74526  0.441011  -1.14825   2.74734
vel:   -0.114174  -0.0450516  0.00179291    0.107079   0.0468826  0.00743866   0.0225449    0.039711  -0.0101852   0.0391006  -0.0117874 -0.00720978
tau:  -0.00549316 -0.000610352  -0.00915527  -0.00183105   0.00183105   0.00183105   0.00183105 -0.000610352   0.00305176 -0.000610352   0.00305176   0.00183105
Imu Data: 
rpy:   0.0014485 -0.00323905   0.0153337
acc: 0.024746 0.026081   9.8013
omg: 0.000336831  0.00436891 -0.00208598
User Command Input: 
axis value:  0 0 0
target mode: 0
Joint Data: 
pos: -0.446358  -1.16028   2.73911  0.436357   -1.1632   2.74182 -0.445283  -1.14947   2.74533  0.440705  -1.14779   2.74719
vel:  0.00423431  -0.0606918  -0.0142288   0.0580215   0.0478745 -0.00232697 -0.00888824   0.0303268  0.00385284  -0.0288773   0.0258255  0.00469208
tau:  -0.00305176  0.000610352   0.00549316 -0.000610352  0.000610352  0.000610352   0.00183105  -0.00305176   0.00305176   0.00183105   0.00183105   0.00305176
Imu Data: 
rpy:   0.0015194 -0.00308579   0.0152974
acc:  0.04037 0.024412  9.80268
omg:  0.00193341  0.00153866 0.000352609
User Command Input: 
axis value:  0 0 0
target mode: 0
Joint Data: 
pos: -0.446587  -1.16051   2.73903   0.43628  -1.16313   2.74182 -0.445359  -1.14955   2.74518  0.440858  -1.14771   2.74742
vel: -0.0122452  0.0221634 0.00988007 0.00339508  -0.013237 -0.0056076 -0.0362778  0.0439072 0.00202179  0.0147629  0.0347519 -0.0286484
tau:   0.00183105  0.000610352  -0.00305176  -0.00305176   0.00305176  -0.00549316   0.00427246 -0.000610352 -0.000610352   0.00183105  0.000610352  0.000610352
Imu Data: 
rpy: 0.00176184 -0.0031274   0.015529
acc: 0.031649 0.022016  9.80497
omg:  0.00353694 -0.00041956 0.000756565
User Command Input: 
axis value:  0 0 0
target mode: 0
Joint Data: 
pos: -0.446587  -1.16043   2.73911  0.436433  -1.16328   2.74182 -0.445359  -1.14955   2.74518  0.441011  -1.14779   2.74742
vel:  0.00354767  -0.0628281 -0.00705719   0.0645065 -0.00453949   0.0338364   0.0270462  -0.0183487   0.0330734 -0.00751495   0.0341415   0.0475693
tau: -0.000610352  -0.00183105  -0.00427246  -0.00183105  0.000610352   0.00183105   0.00427246 -0.000610352  -0.00671387  0.000610352  -0.00427246  -0.00183105
Imu Data: 
rpy:  0.00200945 -0.00356223   0.0155576
acc: 0.019093 0.029747  9.78237
omg:   0.00616429   0.00122609 -0.000848597
User Command Input: 
axis value:  0 0 0
target mode: 0
Joint Data: 
pos:  -0.44651  -1.16035   2.73919  0.436357  -1.16305   2.74182 -0.445436  -1.14955   2.74533  0.441011  -1.14794   2.74742
vel:     0.04673   0.0807571   0.0112534   0.0669479  0.00278473   0.0234604 -0.00255585  -0.0111008  -0.0161362   0.0423813   0.0387955  0.00988007
tau:  -0.00183105 -0.000610352   0.00183105 -0.000610352   0.00183105  0.000610352  0.000610352  -0.00183105   0.00305176   0.00549316  -0.00183105 -0.000610352
Imu Data: 
rpy:  0.00233263 -0.00379244    0.015626
acc: 0.024243 0.017536   9.7962
omg: -0.000616014    0.0014574  -1.5132e-05
User Command Input: 
axis value:  0 0 0
target mode: 0
Joint Data: 
pos:  -0.44651  -1.16012   2.73911  0.436357   -1.1632   2.74182 -0.445359  -1.14947    2.7451  0.440858  -1.14779   2.74742
vel: -0.0237656  0.0376511 -0.0309372 -0.0407791 -0.0345993 -0.0339127  0.0352097 -0.0031662  0.0247574 0.00354767  0.0425339  0.0161362
tau:   0.00183105 -0.000610352  -0.00305176  -0.00549316   0.00305176   0.00183105  0.000610352  -0.00183105  -0.00793457  -0.00183105 -0.000610352   0.00305176
Imu Data: 
rpy:  0.00210651 -0.00366324   0.0154898
acc:  0.03869 0.013034  9.79416
omg: 0.00216522 0.00346713 0.00182193
User Command Input: 
axis value:  0 0 0
target mode: 0
Joint Data: 
pos: -0.446815  -1.16012   2.73934  0.436051  -1.16313   2.74174 -0.445283  -1.14962   2.74526  0.441011  -1.14779   2.74719
vel:  -0.045433  0.0197983 -0.0191116 -0.0181961  0.0251389 -0.0239944 -0.0117111  0.0044632 0.00926971 -0.0602341  0.0407791  0.0421524
tau: -0.000610352 -0.000610352  -0.00549316  -0.00427246   0.00183105   0.00549316   0.00183105  -0.00183105  -0.00183105  0.000610352   0.00305176   0.00183105
Imu Data: 
rpy:  0.00204006 -0.00339884   0.0156313
acc:  0.011304 -0.005151   9.81021
omg:  0.0019066 0.00115899 -0.0012707
User Command Input: 
axis value:  0 0 0
target mode: 0
Joint Data: 
pos:  -0.44651  -1.16005   2.73926  0.435899   -1.1632   2.74189 -0.445817  -1.14962   2.74526  0.440858  -1.14802   2.74727
vel:   0.0671005   0.0657272   0.0532913   -0.111809  0.00133514   0.0201797  -0.0156021  -0.0384903 -0.00110626   0.0446701 -0.00850677 -0.00141144
tau:  -0.00305176  -0.00305176 -0.000610352 -0.000610352   0.00183105   0.00305176  -0.00183105  -0.00183105  -0.00305176  0.000610352   0.00427246   0.00549316
Imu Data: 
rpy:  0.00194658 -0.00330822   0.0158539
acc: 0.034323   0.0206  9.78117
omg:   0.00161251  -0.00115509 -0.000232338
User Command Input: 
axis value:  0 0 0
target mode: 0
Joint Data: 
pos: -0.446663   -1.1602   2.73919  0.436051   -1.1632   2.74174 -0.445283  -1.14955   2.74526  0.440782   -1.1481   2.74742
vel: -0.0138474  0.0680161 -0.0382614  -0.060997 -0.0186539 -0.0310135  0.0310898  0.0219345  0.0230789 0.00324249 -0.0144577  0.0403976
tau:  -0.00671387 -0.000610352   0.00305176  -0.00305176   0.00183105   0.00183105   0.00183105  -0.00183105   0.00305176  -0.00305176   0.00671387   0.00183105
Imu Data: 
rpy:  0.00213808 -0.00298181   0.0158401
acc:  0.03575 0.028805  9.78592
omg: -0.00157149  0.00135415 5.57284e-05
User Command Input: 
axis value:  0 0 0
target mode: 0
Joint Data: 
pos: -0.446663  -1.16035   2.73911  0.436433  -1.16328   2.74182 -0.445436  -1.14955   2.74518  0.440934  -1.14794   2.74727
vel:   0.0495529   0.0706863  -0.0214767  0.00789642  -0.0213242  -0.0488663   0.0841141 -0.00911713  -0.0237656   0.0352097  -0.0198746   0.0112534
tau:  0.000610352  -0.00183105 -0.000610352  -0.00427246  0.000610352  0.000610352   0.00183105 -0.000610352  -0.00549316  -0.00427246  0.000610352   0.00183105
Imu Data: 
rpy:  0.00218508 -0.00293835   0.0158187
acc: 0.033068  0.00592   9.7885
omg:  0.00334649 -0.00192196 0.000827042
User Command Input: 
axis value:  0 0 0
target mode: 0
Joint Data: 
pos: -0.446663  -1.16028   2.73919   0.43628  -1.16328   2.74182 -0.445436  -1.14962   2.74526  0.440934  -1.14779   2.74727
vel:   0.0297928  -0.0632858 -0.00896454  -0.0397873   0.0474167 -0.00667572 -0.00720978 -0.00896454 -0.00171661  -0.0320053  -0.0265121   0.0248337
tau:  -0.00305176 -0.000610352  -0.00671387  -0.00427246   0.00427246   0.00549316  0.000610352 -0.000610352   0.00305176  -0.00183105  -0.00183105   0.00183105
Imu Data: 
rpy:  0.00194686 -0.00309389   0.0157817
acc: 0.012538 0.009919  9.79557
omg:  -0.00115413 -4.68621e-05  -0.00263293
User Command Input: 
axis value:  0 0 0
target mode: 0
Joint Data: 
pos: -0.446663   -1.1602   2.73926  0.436357  -1.16305   2.74197 -0.445512  -1.14955    2.7451  0.440629  -1.14779   2.74727
vel:  -0.0379562  -0.0143051  -0.0165176   0.0276566   0.0265121   0.0408554   0.0373459 -0.00492096  -0.0391769  3.8147e-05    0.020256 -0.00499725
tau: -0.000610352 -0.000610352 -0.000610352  0.000610352   0.00305176  -0.00305176 -0.000610352 -0.000610352   0.00427246  0.000610352   0.00427246   0.00183105
Imu Data: 
rpy:  0.00175718 -0.00295093   0.0157908
acc: 0.033722 0.013861   9.7826
omg:  -0.00227015   0.00419745 -4.63734e-05
User Command Input: 
axis value:  0 0 0
target mode: 0
Joint Data: 
pos: -0.446892  -1.16028   2.73926  0.436051  -1.16313   2.74182 -0.445359  -1.14955   2.74518  0.441011  -1.14787   2.74734
vel:   0.0282669   0.0208664   0.0107956  0.00911713 -0.00736237   0.0140762   0.0253677   0.0211716  -0.0282669  -0.0044632   0.0310898  -0.0257492
tau:   0.00183105 -0.000610352 -0.000610352  -0.00183105   0.00183105 -0.000610352  -0.00183105  -0.00183105  -0.00183105   0.00183105   0.00183105 -0.000610352
Imu Data: 
rpy:  0.00161686 -0.00275162   0.0155895
acc: 0.035815 0.040351  9.79539
omg:  0.000426174 -0.000807005  -0.00124114
User Command Input: 
axis value:  0 0 0
target mode: 0
Joint Data: 
pos: -0.446434  -1.16012   2.73911   0.43628  -1.16313   2.74182 -0.445588  -1.14962   2.74533  0.440934  -1.14787   2.74727
vel: -0.0385666 0.00904083  0.0261307  0.0108719  0.0102615  0.0031662 -0.0192642  0.0315475  0.0265884  0.0419998 -0.0364304 -0.0179672
tau: -0.000610352  0.000610352 -0.000610352  -0.00183105  0.000610352 -0.000610352   0.00183105  -0.00183105  -0.00427246   0.00183105 -0.000610352  -0.00427246
Imu Data: 
rpy:  0.00161591 -0.00299964   0.0153183
acc: -0.000292  0.025637   9.77752
omg:   0.00090045 -0.000387742 -0.000392629
User Command Input: 
axis value:  0 0 0
target mode: 0
Joint Data: 
pos:  -0.44651  -1.16035   2.73911  0.436204  -1.16328   2.74197 -0.445283  -1.14955    2.7451  0.440858  -1.14817   2.74727
vel:  0.0191116 -0.0110245 -0.0414658  0.0238419 -0.0207901 0.00469208 -0.0265121  0.0603867 -0.0104904 -0.0922012 -0.0395584 -0.0204086
tau:  -0.00305176 -0.000610352  -0.00305176  -0.00183105   0.00183105   0.00183105  0.000610352  -0.00183105   0.00183105  0.000610352   0.00183105  -0.00549316
Imu Data: 
rpy:  0.00154491 -0.00338491   0.0153403
acc:  0.019373 -0.003001   9.80136
omg: -0.00121911  0.00016359  0.00168728
User Command Input: 
axis value:  0 0 0
target mode: 0
Joint Data: 
pos: -0.446358   -1.1602   2.73911  0.436128   -1.1632   2.74189 -0.445359  -1.14955   2.74541  0.441087  -1.14787   2.74734
vel:     0.10067  -0.0559616    0.038414   0.0461197   0.0327682   0.0462723   0.0271988  -0.0495529  0.00881195   0.0455093 -0.00286102  0.00087738
tau: 0.000610352 0.000610352 -0.00305176 0.000610352  0.00183105  0.00305176  0.00427246 0.000610352  0.00305176  0.00183105 -0.00183105  0.00427246
Imu Data: 
rpy:  0.00142988 -0.00305551   0.0153463
acc: 0.039994 0.008812  9.81489
omg:  0.00250891 -0.00198086 -0.00100623
User Command Input: 
axis value:  0 0 0
target mode: 0
Joint Data: 
pos: -0.446434  -1.16028   2.73919  0.436433  -1.16328   2.74197 -0.445359  -1.14947   2.74533  0.440782  -1.14794   2.74727
vel:   0.00675201    0.0875473   -0.0353622    0.0600815    0.0143814   -0.0170517  -0.00888824  -0.00667572 -0.000343323   -0.0294113   -0.0231552    0.0204086
tau: -0.00183105 0.000610352 -0.00305176 -0.00305176  0.00183105 -0.00549316 -0.00183105 0.000610352 -0.00549316  0.00183105  0.00427246 -0.00305176
Imu Data: 
rpy: 0.00112239  -0.002878  0.0155413
acc: 0.023723 0.011124  9.80106
omg: -0.000559221   0.00149039    0.0005436
User Command Input: 
axis value:  0 0 0
target mode: 0
Joint Data: 
pos:  -0.44651  -1.16035   2.73926  0.436128  -1.16328   2.74182 -0.445359  -1.14962   2.74526  0.441011  -1.14794   2.74727
vel: -0.0281143   0.107918  0.0167465   0.023613  0.0377274 -0.0508499  0.0199509  0.0139999 -0.0728989 0.00431061  0.0412369  0.0387192
tau:  -0.00793457  -0.00183105  0.000610352  -0.00183105   0.00183105 -0.000610352 -0.000610352  -0.00305176  -0.00671387   0.00183105  -0.00183105   0.00549316
Imu Data: 
rpy: 0.00116745 -0.0029551  0.0156322
acc: 0.033921 0.023988  9.79482
omg:  -0.00279919 -0.000938114  0.000260962
User Command Input: 
axis value:  0 0 0
target mode: 0
Joint Data: 
pos: -0.446739   -1.1602   2.73903  0.435975   -1.1632   2.74182 -0.445359  -1.14962   2.74518  0.441011  -1.14794   2.74727
vel:   0.0973892 -0.00347137  -0.0329208  -0.0764847   0.0143051   0.0113297    0.014534   0.0130081  3.8147e-05   -0.018425   0.0428391  -0.0382614
tau:  -0.00305176 -0.000610352 -0.000610352  -0.00305176 -0.000610352  -0.00183105   0.00549316 -0.000610352  -0.00305176   0.00305176   0.00183105   0.00305176
Imu Data: 
rpy:  0.00139389 -0.00320764   0.0156338
acc: 0.034537 0.014869  9.80533
omg:  0.00280391  0.00278343 -0.00145363
User Command Input: 
axis value:  0 0 0
target mode: 0
Joint Data: 
pos: -0.446587  -1.16043   2.73919   0.43628   -1.1632   2.74197 -0.445588  -1.14947   2.74518  0.440782  -1.14787   2.74727
vel:    0.0544357   -0.0629044    0.0126266     0.027504 -0.000343323  -0.00919342    0.0462723   -0.0133896   -0.0442123    0.0147629  0.000267029    -0.018425
tau:  -0.00183105 -0.000610352  -0.00183105  -0.00305176  0.000610352 -0.000610352 -0.000610352  -0.00183105  -0.00549316   0.00427246 -0.000610352 -0.000610352
Imu Data: 
rpy:  0.00178924 -0.00311667   0.0155436
acc: 0.044565 0.014235  9.81664
omg:  0.00102283   0.0010664 8.14022e-05
User Command Input: 
axis value:  0 0 0
target mode: 0
Joint Data: 
pos: -0.446358  -1.16035   2.73919  0.436204   -1.1632   2.74189 -0.445359  -1.14955   2.74503  0.440782  -1.14787   2.74719
vel:  0.0101852 -0.0439835  0.0265884  0.0109482  0.0264359 -0.0162888  0.0690079 -0.0121689 -0.0056839 -0.0165939 -0.0339127 -0.0190353
tau:  -0.00305176 -0.000610352  0.000610352  -0.00305176  0.000610352  -0.00427246   0.00183105  0.000610352  -0.00305176   0.00183105  -0.00305176  -0.00549316
Imu Data: 
rpy:  0.00130029 -0.00335218   0.0155043
acc: 0.013039 0.014421  9.79666
omg:  -0.00376937  0.000603325 -0.000221081
User Command Input: 
axis value:  0 0 0
target mode: 0
Joint Data: 
pos: -0.446739   -1.1602   2.73919  0.436051   -1.1632   2.74189 -0.445512  -1.14955   2.74518  0.440934  -1.14817   2.74734
vel:   0.0692368 -0.00461578   0.0449753  -0.0530624  -0.0222397   0.0207901  -0.0422287  -0.0286484   -0.018959    0.021019 -0.00911713   0.0465012
tau:  -0.00549316  -0.00183105  -0.00427246   0.00183105   0.00183105  -0.00183105  0.000610352  -0.00183105  -0.00305176   0.00305176   0.00183105 -0.000610352
Imu Data: 
rpy: 0.000981626 -0.00337486   0.0154715
acc: 0.031347 0.011471  9.78759
omg: -0.00178093 -0.00133336  0.00156101
User Command Input: 
axis value:  0 0 0
target mode: 0
Joint Data: 
pos: -0.446739  -1.16012   2.73919  0.436128   -1.1632   2.74189 -0.445207  -1.14947   2.74518  0.440782  -1.14787   2.74734
vel: -0.00324249 -0.00278473  -0.0278091  -0.0245285   -0.069313  0.00637054  -0.0139999   0.0631332   0.0322342   0.0411606  -0.0056839  0.00270844
tau: -0.000610352  -0.00305176 -0.000610352  -0.00183105  0.000610352 -0.000610352  -0.00183105 -0.000610352  -0.00427246 -0.000610352  0.000610352  -0.00183105
Imu Data: 
rpy: 0.000898112 -0.00321463   0.0153056
acc: 0.035687 0.001693  9.79959
omg:  -0.00127975 -4.50295e-05 -0.000181636
User Command Input: 
axis value:  0 0 0
target mode: 0
Joint Data: 
pos:  -0.44651  -1.16028   2.73911  0.436433  -1.16328   2.74182 -0.445207  -1.14947    2.7451  0.440934  -1.14794   2.74719
vel: -0.0307083 -0.0238419 0.00247955 0.00759125  0.0157547  0.0109482  0.0317001  0.0305557  0.0490189 -0.0354385  -0.014534 -0.0226212
tau:  0.000610352 -0.000610352  -0.00671387  0.000610352  0.000610352   0.00305176  0.000610352  -0.00183105  -0.00671387  0.000610352   0.00183105 -0.000610352
Imu Data: 
rpy:  0.00106086 -0.00312177   0.0154219
acc: 0.029079 0.003731  9.78751
omg:   0.00479808    0.0021532 -0.000349083
User Command Input: 
axis value:  0 0 0
target mode: 0
Joint Data: 
pos: -0.446663  -1.16035   2.73911  0.436204  -1.16328   2.74189 -0.445436  -1.14939   2.74533  0.440782  -1.14802   2.74742
vel:   0.0438309 -0.00835419 -0.00644684 -0.00324249   -0.030098  -0.0288773   -0.048027 -0.00888824   0.0147629  -0.0159073   0.0253677   0.0253677
tau:   0.00183105  -0.00183105   0.00427246  -0.00305176   0.00305176   0.00305176  0.000610352 -0.000610352  -0.00427246  -0.00183105  0.000610352  0.000610352
Imu Data: 
rpy:  0.00132912 -0.00331766   0.0155543
acc: 0.013776 0.010344    9.803
omg: -0.00120763 -0.00173313 -0.00135176
User Command Input: 
axis value:  0 0 0
target mode: 0
Joint Data: 
pos: -0.446663  -1.16028   2.73926  0.436357  -1.16328   2.74182 -0.445283  -1.14955   2.74541  0.440858  -1.14833   2.74734
vel:   0.0669479 -0.00202179  -0.0170517   0.0297165    0.010643  -0.0442886   0.0345993  -0.0124741   0.0864792   0.0401688  0.00881195    0.042305
tau: -0.00305176 -0.00305176 -0.00183105 -0.00305176 0.000610352 -0.00305176  0.00793457 -0.00183105 -0.00183105  0.00305176  0.00305176  0.00549316
Imu Data: 
rpy:  0.00136886 -0.00317451   0.0156471
acc: 0.015963 0.021612  9.81102
omg:  -0.0018401 -0.00209054 0.000220697
User Command Input: 
axis value:  0 0 0
target mode: 0
Joint Data: 
pos: -0.446434  -1.16005   2.73911  0.436204  -1.16313   2.74174 -0.445359  -1.14962   2.74533  0.440858  -1.14787   2.74719
vel:    0.107231   0.0317764  -0.0350571  -0.0172806    0.021553  -0.0291824   -0.046196  0.00766754   0.0136948  -0.0154495  -0.0362015 0.000495911
tau: -0.000610352 -0.000610352   0.00305176  -0.00549316  0.000610352   0.00305176 -0.000610352  -0.00549316   0.00305176   0.00549316  -0.00305176   0.00305176
Imu Data: 
rpy: 0.00135305 -0.0029646  0.0156542
acc: 0.016553 0.014322  9.78559
omg: -0.000894185  0.000440416 -0.000462128
User Command Input: 
axis value:  0 0 0
target mode: 0
Joint Data: 
pos: -0.446587   -1.1602   2.73919   0.43628   -1.1632   2.74189 -0.445512  -1.14947   2.74518  0.441087  -1.14802   2.74719
vel:  0.00347137   0.0220108 -0.00171661   0.0720596  -0.0507736  0.00682831   0.0535965   0.0367355  -0.0151443  0.00789642  -0.0424576   0.0127029
tau:   0.00305176  -0.00183105  0.000610352  -0.00671387   0.00183105   0.00305176  -0.00427246  -0.00183105   0.00671387 -0.000610352   0.00427246   0.00671387
Imu Data: 
rpy:  0.00127287 -0.00292859   0.0154855
acc: 0.038427 0.006233   9.8081
omg: -0.00233368  0.00194927  0.00169458
User Command Input: 
axis value:  0 0 0
target mode: 0
Joint Data: 
pos: -0.446434  -1.16035   2.73919  0.435823   -1.1632   2.74182 -0.445207  -1.14955   2.74518  0.440782   -1.1481   2.74742
vel:   0.00499725    0.0420761   -0.0094223   0.00835419    0.0043869     0.022316    0.0439835  -0.00728607    0.0246811   -0.0617599  -0.00385284 -0.000495911
tau:  -0.00183105  0.000610352  -0.00427246  0.000610352  0.000610352   0.00305176   0.00183105  0.000610352  -0.00183105   0.00183105 -0.000610352   0.00671387
Imu Data: 
rpy:  0.00138012 -0.00296832   0.0153612
acc: 0.037078 0.028234  9.78614
omg:  -0.00150496  -0.00347814 -0.000633013
User Command Input: 
axis value:  0 0 0
target mode: 0
Joint Data: 
pos: -0.446434  -1.16035   2.73926  0.436051  -1.16343   2.74182 -0.445436  -1.14955   2.74518  0.440934  -1.14802   2.74734
vel:  -0.0316238 -0.00537872   0.0738907  -0.0623703 -0.00492096   0.0207138   -0.013237  0.00766754   0.0133896   0.0257492   0.0511551   0.0219345
tau:   0.00427246 -0.000610352   -0.0115967  0.000610352   0.00183105  0.000610352   0.00183105 -0.000610352 -0.000610352  0.000610352  0.000610352  0.000610352
Imu Data: 
rpy:  0.00172264 -0.00272886   0.0152628
acc: 0.048896 0.020705  9.80239
omg:  -0.00366488 -0.000925513 -0.000635579
User Command Input: 
axis value:  0 0 0
target mode: 0
Joint Data: 
pos:  -0.44651  -1.16058   2.73911  0.435899   -1.1632   2.74166 -0.445512  -1.14939   2.74526  0.440934  -1.14802   2.74719
vel:   0.0650406  -0.0127792  -0.0187302  -0.0375748  -0.0301743  -0.0212479  -0.0664902    0.031929 0.000495911   0.0124741   0.0416946   0.0266647
tau: 0.000610352 -0.00183105 -0.00183105 -0.00305176 0.000610352  0.00427246 0.000610352  0.00183105  0.00183105  0.00183105  0.00305176  0.00305176
Imu Data: 
rpy:  0.00192637 -0.00277624   0.0153057
acc: 0.017368 0.037624  9.77768
omg:   0.0029697 0.000799989  0.00105716
User Command Input: 
axis value:  0 0 0
target mode: 0
Joint Data: 
pos:  -0.44651   -1.1602   2.73911   0.43628   -1.1632   2.74182 -0.445283  -1.14955   2.74526  0.440782  -1.14787   2.74734
vel:   0.0912857  -0.0676346 -0.00148773  -0.0204086    0.037117   0.0130081    0.010643  0.00598907  0.00782013  -0.0982285  0.00583649   0.0153732
tau:  -0.00549316  -0.00183105  -0.00305176 -0.000610352 -0.000610352  -0.00183105  0.000610352  0.000610352   0.00427246  0.000610352   0.00305176  -0.00183105
Imu Data: 
rpy:  0.00179963 -0.00289939   0.0154043
acc: 0.029552 0.014069  9.81803
omg:  -0.00155385  -0.00104147 -0.000366013
User Command Input: 
axis value:  0 0 0
target mode: 0
Joint Data: 
pos: -0.446815  -1.16035   2.73896   0.43628  -1.16328   2.74182 -0.445436   -1.1497   2.74526  0.440858  -1.14794   2.74711
vel:  -0.0310135  -0.0453568  0.00682831   0.0125504    0.049324  -0.0112534   0.0230026   0.0108719  0.00545502 0.000343323  -0.0460434  -0.0615311
tau:   0.00305176  -0.00183105  -0.00427246  -0.00549316  -0.00183105  0.000610352   0.00427246 -0.000610352 -0.000610352  0.000610352   0.00427246  -0.00305176
Imu Data: 
rpy:  0.00124337 -0.00316512    0.015455
acc:  0.03909 0.003674  9.80313
omg:  0.00297538 0.000121597   0.0023766
User Command Input: 
axis value:  0 0 0
target mode: 0
Joint Data: 
pos: -0.446815   -1.1602   2.73934  0.436128   -1.1632   2.74182 -0.445359  -1.14955   2.74526  0.440782  -1.14794   2.74734
vel:  -0.0206375  -0.0203323   0.0170517 -0.00553131   0.0587082  0.00118256  -0.0326157     0.01194 -0.00347137  0.00171661  -0.0165176   0.0196457
tau:  -0.00183105 -0.000610352  -0.00305176  -0.00305176  0.000610352 -0.000610352  -0.00305176 -0.000610352  0.000610352  0.000610352  -0.00183105   0.00549316
Imu Data: 
rpy:  0.00146196 -0.00315173   0.0155326
acc: 0.020741 0.020301  9.80911
omg: 0.000811997  0.00176941  0.00139677
User Command Input: 
axis value:  0 0 0
target mode: 0
Joint Data: 
pos: -0.44651 -1.16012  2.73919 0.436051 -1.16328  2.74174 -0.44513 -1.14947  2.74526 0.441087  -1.1481  2.74742
vel:  -0.0329971    0.100822   0.0221634  -0.0774002   0.0284195   0.0297928   0.0349045    0.019722   0.0430679   0.0233841   0.0337601 -0.00484467
tau:  -0.00305176  -0.00305176  -0.00915527   0.00183105 -0.000610352   0.00427246   0.00427246 -0.000610352 -0.000610352   0.00183105   0.00305176   0.00305176
Imu Data: 
rpy: 0.00170698 -0.0030886  0.0156426
acc: 0.017805  0.02789  9.79502
omg: -0.000810287  0.000445024 -0.000219021
User Command Input: 
axis value:  0 0 0
target mode: 0
Joint Data: 
pos:  -0.44651  -1.16035   2.73903  0.436051   -1.1632   2.74174 -0.445741  -1.14962   2.74526  0.440705  -1.14771   2.74719
vel: -0.0242996  -0.017128 -0.0465012 -0.0613022  0.0356674  0.0117874  -0.079689 -0.0146103  0.0220871 0.00919342  0.0165176 -0.0195694
tau:  -0.00305176 -0.000610352  -0.00183105  -0.00183105 -0.000610352   0.00427246   0.00427246 -0.000610352 -0.000610352   0.00183105   0.00183105  0.000610352
Imu Data: 
rpy:  0.00202938 -0.00326101   0.0157595
acc: 0.038652 0.015039  9.79361
omg:  -0.00164503 -0.000798663  -0.00126212
User Command Input: 
axis value:  0 0 0
target mode: 0
Joint Data: 
pos: -0.446815  -1.16028   2.73911  0.436051   -1.1632   2.74182 -0.445436   -1.1497    2.7451  0.440934  -1.14794   2.74727
vel:  0.00728607  -0.0361252   0.0323105   0.0281143 0.000190735     0.03582   0.0527573  -0.0146866   0.0237656 -0.00263214  -0.0518417   0.0123978
tau:   0.00183105  -0.00183105 -0.000610352  -0.00305176  0.000610352 -0.000610352   0.00305176  -0.00305176  -0.00427246  0.000610352   0.00183105  -0.00183105
Imu Data: 
rpy:  0.00144819 -0.00349057   0.0155349
acc: 0.039454 0.023219  9.79193
omg: -0.00282106 -0.00102266 -0.00205237
User Command Input: 
axis value:  0 0 0
target mode: 0
Joint Data: 
pos: -0.446663  -1.16035   2.73926  0.436051  -1.16343   2.74174 -0.445436  -1.14947   2.74541  0.440782  -1.14787   2.74727
vel:   0.0431442   0.0326157   0.0113297   0.0460434  -0.0401688  -0.0201797 -0.00125885  -0.0330734  -0.0272751   -0.017128   0.0030899 -0.00629425
tau:  -0.00671387 -0.000610352  -0.00183105  -0.00305176  -0.00183105   0.00305176  0.000610352 -0.000610352  -0.00549316 -0.000610352   0.00305176   0.00671387
Imu Data: 
rpy: 0.000831423 -0.00354295   0.0153857
acc: 0.028108 0.015217  9.78959
omg:  0.00152016 0.000281452  0.00138892
User Command Input: 
axis value:  0 0 0
target mode: 0
Joint Data: 
pos: -0.446663   -1.1602   2.73926   0.43628  -1.16328   2.74182 -0.445359  -1.14947   2.74541  0.441011   -1.1481   2.74734
vel: 0.00881195  0.0305557  0.0101089 -0.0629044  0.0268173  0.0168228 -0.0101852 -0.0404739  0.0204849  0.0518417 -0.0250626  0.0409317
tau: -0.000610352  0.000610352  -0.00427246  -0.00427246   0.00305176   0.00305176 -0.000610352  -0.00305176  -0.00183105  0.000610352 -0.000610352  -0.00183105
Imu Data: 
rpy:  0.00039893 -0.00361891   0.0152975
acc: 0.034677 0.013047  9.80193
omg: -0.00076517  0.00105488  0.00118712
User Command Input: 
axis value:  0 0 0
target mode: 0
Joint Data: 
pos: -0.446358  -1.16058   2.73911   0.43628  -1.16305   2.74182 -0.445588  -1.14962   2.74526  0.440858  -1.14787   2.74719
vel:   0.0427628   -0.106087  -0.0156021  -0.0473404  -0.0243759 -0.00118256 -0.00270844  -0.0234604  0.00453949  -0.0198746  0.00469208  0.00209808
tau: -0.000610352  -0.00183105  0.000610352  -0.00305176   0.00305176   0.00305176   0.00305176 -0.000610352  -0.00549316 -0.000610352 -0.000610352  -0.00549316
Imu Data: 
rpy: 0.000877918 -0.00346034   0.0153927
acc: 0.034227 0.014509  9.80056
omg:  0.00420616  -0.0041181 0.000500194
User Command Input: 
axis value:  0 0 0
target mode: 0
Joint Data: 
pos: -0.446739  -1.16028   2.73926  0.436051   -1.1632   2.74174 -0.445207  -1.14947   2.74533  0.441011  -1.14794   2.74742
vel:  -0.0368118  -0.0395584  -0.0069809  -0.0360489   0.0192642 -0.00873566   0.0310135   0.0351334  0.00102997  -0.0125504  -0.0143051  -0.0172043
tau:  -0.00305176 -0.000610352  -0.00183105  -0.00305176   0.00183105   0.00305176  -0.00183105 -0.000610352  -0.00183105  0.000610352   0.00305176  -0.00183105
Imu Data: 
rpy:  0.00141707 -0.00348591   0.0155529
acc: 0.024963  0.01658  9.80681
omg:  0.00169049 -0.00137473 0.000809641
User Command Input: 
axis value:  0 0 0
target mode: 0
Joint Data: 
pos: -0.446587  -1.16028   2.73919   0.43628  -1.16328   2.74189 -0.445283  -1.14955    2.7451  0.440934   -1.1481   2.74734
vel:   0.0735092  -0.0633621   0.0297928   0.0636673  -0.0278091   0.0308609  -0.0162125 0.000572205  0.00713348  -0.0336075  -0.0396347  0.00118256
tau:  -0.00549316 -0.000610352  -0.00305176  -0.00183105   0.00183105   0.00305176 -0.000610352  -0.00305176 -0.000610352   0.00305176   0.00305176   0.00183105
Imu Data: 
rpy:  0.00145072 -0.00356049    0.015444
acc: 0.034972 0.016947  9.76783
omg:   0.0045088 0.000530056  0.00381574
User Command Input: 
axis value:  0 0 0
target mode: 0
Joint Data: 
pos: -0.446663  -1.16005   2.73926  0.435975  -1.16328   2.74174 -0.445665  -1.14962   2.74518  0.440934   -1.1481   2.74734
vel: -0.0139236   0.109367 -0.0181198  0.0125504  0.0498581 0.00888824 0.00240326 -0.0262833 0.00240326  0.0690842  -0.102272 -0.0044632
tau:  -0.00183105 -0.000610352 -0.000610352  -0.00183105   0.00183105   0.00305176  -0.00305176 -0.000610352   0.00305176   0.00183105  -0.00549316 -0.000610352
Imu Data: 
rpy:  0.00115127 -0.00360397   0.0152064
acc: 0.033468 0.006699   9.7899
omg:   0.00436983    0.0032113 -0.000515256
User Command Input: 
axis value:  0 0 0
target mode: 0
Joint Data: 
pos:  -0.44651   -1.1602   2.73926  0.436051  -1.16313   2.74166 -0.445359  -1.14962   2.74518  0.440858  -1.14787   2.74734
vel:   -0.0207901    0.0324631   -0.0220108    0.0931168 -0.000114441   0.00988007   0.00896454  -0.00995636    0.0030899   -0.0148392   -0.0108719    0.0177383
tau:  0.000610352  0.000610352  -0.00793457  -0.00183105   0.00183105   0.00305176   0.00305176  -0.00183105 -0.000610352   0.00305176   0.00183105  -0.00183105
Imu Data: 
rpy:  0.00102901 -0.00323783    0.014993
acc: 0.051331 0.029906  9.78292
omg:  -0.0015447 0.000264871    0.001169
User Command Input: 
axis value:  0 0 0
target mode: 0
Joint Data: 
pos: -0.446739   -1.1602   2.73919  0.436051  -1.16336   2.74182 -0.445512  -1.14947   2.74533  0.441011  -1.14787   2.74734
vel: -0.0749588  -0.034523  0.0299454  0.0422287  0.0336075 0.00232697  0.0304031  0.0253677 -0.0248337 -0.0214005  0.0178909  0.0104904
tau: -0.00305176 -0.00305176 -0.00427246 -0.00549316  0.00305176  0.00305176 0.000610352 -0.00183105  0.00793457  0.00183105  0.00305176  0.00183105
Imu Data: 
rpy:  0.00134249 -0.00308723   0.0152873
acc: 0.026149 0.024169  9.82556
omg:  -0.0013106  0.00270758 -0.00259764
User Command Input: 
axis value:  0 0 0
target mode: 0
Joint Data: 
pos: -0.446358  -1.16035   2.73903  0.436051  -1.16328   2.74182 -0.445359   -1.1497   2.74526  0.440705  -1.14771   2.74727
vel:   0.0237656  -0.0494766  -0.0173569  -0.0664902   0.0240707  -0.0131607   0.0738144  -0.0140762  -0.0134659 -0.00171661  -0.0386429   -0.015831
tau:  -0.00427246 -0.000610352 -0.000610352   0.00183105 -0.000610352  0.000610352 -0.000610352 -0.000610352  0.000610352   0.00183105   0.00183105   0.00549316
Imu Data: 
rpy:  0.00162077 -0.00330979    0.015373
acc: 0.029162 0.005412  9.81188
omg: 0.000665703 -0.00138785 0.000308103
User Command Input: 
axis value:  0 0 0
target mode: 0
Joint Data: 
pos: -0.446968  -1.16028   2.73903  0.436357   -1.1632   2.74174 -0.445436   -1.1497    2.7451  0.441087  -1.14794   2.74734
vel:   -0.0380325   -0.0456619  -0.00484467     0.119286  -0.00644684   0.00576019    0.0706863 -0.000724792   -0.0268936   -0.0728226   -0.0429916    -0.015831
tau:  -0.00427246  -0.00183105   0.00305176  -0.00305176   0.00183105  0.000610352   0.00183105 -0.000610352   0.00305176 -0.000610352 -0.000610352 -0.000610352
Imu Data: 
rpy:  0.00160574 -0.00358697   0.0154279
acc: 0.032748 0.023919  9.77334
omg:  -0.0020091  0.00189518 -0.00117881
User Command Input: 
axis value:  0 0 0
target mode: 0
Joint Data: 
pos: -0.446663  -1.16035   2.73926  0.436128  -1.16328   2.74182 -0.445283  -1.14962    2.7451  0.440934   -1.1481   2.74727
vel: -0.0121689  0.0361252  0.0130081 -0.0421524  0.0206375  0.0357437 -0.0355911 0.00896454  0.0172806  0.0208664 -0.0761032  0.0213242
tau:  -0.00183105  -0.00183105  -0.00183105  0.000610352   0.00305176  -0.00183105   0.00183105 -0.000610352  -0.00549316   0.00305176  0.000610352  0.000610352
Imu Data: 
rpy:  0.00177545 -0.00341968   0.0155217
acc:  0.01622 0.019552  9.78246
omg:  -0.0030175 -0.00102395 -0.00190473
User Command Input: 
axis value:  0 0 0
target mode: 0
Joint Data: 
pos: -0.446739   -1.1602   2.73911  0.436204  -1.16328   2.74189 -0.445436  -1.14955   2.74533  0.440858  -1.14787   2.74734
vel:  -0.0201035   -0.039711  -0.0612259  -0.0109482  0.00370026  -0.0121689 -0.00614166 -0.00293732   0.0544357    0.014534   0.0181198   0.0312424
tau:  -0.00183105 -0.000610352  0.000610352  -0.00183105   0.00183105   0.00549316   0.00549316  -0.00305176  -0.00183105  0.000610352   0.00183105   0.00793457
Imu Data: 
rpy:  0.00173737 -0.00316013   0.0154379
acc: 0.009775 0.001172  9.81628
omg: -0.00170391 0.000807669 -0.00123198
User Command Input: 
axis value:  0 0 0
target mode: 0
Joint Data: 
pos:  -0.44651  -1.16028   2.73903  0.436051  -1.16328   2.74182 -0.445359  -1.14955   2.74526  0.440858  -1.14794   2.74742
vel:  0.00431061   0.0277328  -0.0149155  -0.0391769  0.00415802   0.0142288  0.00301361 -0.00492096  -0.0150681  -0.0471878 -0.00156403  0.00682831
tau: -0.000610352  -0.00183105  -0.00183105  -0.00183105   0.00427246   0.00305176   0.00183105  -0.00183105   0.00183105   0.00183105  0.000610352  -0.00305176
Imu Data: 
rpy:  0.00151638 -0.00317498   0.0155571
acc: 0.020483 0.022403  9.77301
omg: -4.56229e-05 -0.000124739  -0.00161104
User Command Input: 
axis value:  0 0 0
target mode: 0
Joint Data: 
pos: -0.446815   -1.1602   2.73919   0.43628   -1.1632   2.74174  -0.44513  -1.14955   2.74518  0.440705  -1.14802   2.74734
vel:  -0.0582504  -0.0786209   0.0466537   0.0573349 -0.00324249  -0.0462723 -0.00888824   0.0408554  -0.0251389   0.0368881   0.0175095   0.0312424
tau:   0.00183105   0.00183105 -0.000610352  -0.00305176  0.000610352   0.00305176   0.00183105  -0.00305176 -0.000610352   0.00183105   0.00305176  0.000610352
Imu Data: 
rpy: 0.00212099 -0.0030246   0.015593
acc:  0.02735 0.032703  9.79337
omg: -0.00222432 -0.00121082 0.000171618
User Command Input: 
axis value:  0 0 0
target mode: 0
Joint Data: 
pos: -0.446434   -1.1602   2.73911   0.43628  -1.16313   2.74182 -0.445359  -1.14962   2.74518  0.440858  -1.14771   2.74719
vel:  -0.0606918  -0.0233841  -0.0329971  -0.0044632   0.0183487   0.0269699  -0.0859451 -0.00118256  -0.0168991   0.0512314 -0.00171661  -0.0409317
tau:  0.000610352  -0.00183105  -0.00183105   0.00427246  0.000610352 -0.000610352   0.00305176 -0.000610352 -0.000610352   0.00183105  0.000610352  -0.00305176
Imu Data: 
rpy:  0.00244688 -0.00300989   0.0156371
acc: 0.057553 0.019239  9.79497
omg:  0.00165415 0.000447677 0.000560094
User Command Input: 
axis value:  0 0 0
target mode: 0
Joint Data: 
pos: -0.446892   -1.1602   2.73911   0.43628  -1.16313   2.74182 -0.444978  -1.14962   2.74526  0.440934  -1.14794   2.74727
vel: -0.0728989 -0.0284958 0.00087738 -0.0736618  0.0394058  0.0138474  0.0251389   -0.01194  0.0344467 -0.0162125   0.050621  0.0349045
tau:  -0.00305176  -0.00183105  -0.00305176  -0.00305176   0.00305176   0.00305176   0.00305176  -0.00183105 -0.000610352   0.00183105   0.00183105   0.00183105
Imu Data: 
rpy:   0.0021325 -0.00310368   0.0156914
acc: 0.034089 0.010157  9.78491
omg: 0.000483334  0.00300699  0.00257586
User Command Input: 
axis value:  0 0 0
target mode: 0
Joint Data: 
pos: -0.446281   -1.1599   2.73919  0.435975  -1.16328   2.74189 -0.445436  -1.14955   2.74526  0.441011  -1.14794   2.74727
vel:  0.00667572    0.169106  -0.0197983  0.00682831  0.00469208  -0.0108719 -0.00637054  -0.0101089   0.0317764  0.00988007  -0.0286484   0.0188065
tau: -0.000610352  -0.00305176  -0.00183105 -0.000610352  0.000610352 -0.000610352   0.00183105  0.000610352 -0.000610352  -0.00183105  0.000610352   0.00183105
Imu Data: 
rpy:  0.00203697 -0.00338079   0.0156614
acc: 0.008784 0.009846  9.79878
omg: -0.00191937  0.00213363 0.000145089
User Command Input: 
axis value:  0 0 0
target mode: 0
Joint Data: 
pos: -0.446434  -1.16012   2.73919  0.436051   -1.1632   2.74189 -0.445359  -1.14955   2.74526  0.441011  -1.14794   2.74734
vel:  0.0399399    0.02285  0.0146866 -0.0257492 -0.0456619  0.0197983  0.0143814  -0.025444  0.0154495 -0.0323105 -0.0418472  0.0181961
tau:  -0.00183105  0.000610352  -0.00183105 -0.000610352   0.00183105  -0.00305176   0.00427246  -0.00183105 -0.000610352   0.00183105   0.00305176 -0.000610352
Imu Data: 
rpy:  0.00194301 -0.00334023   0.0156332
acc: 0.036044 0.032377  9.81178
omg: -0.000481641   0.00234302  -0.00171945
User Command Input: 
axis value:  0 0 0
target mode: 0
Joint Data: 
pos: -0.446281  -1.16028   2.73903  0.436128  -1.16313   2.74189 -0.445588  -1.14955   2.74541  0.441011  -1.14794   2.74734
vel:   0.0448227  -0.0165176   -0.052681   0.0712204   0.0163651  -0.0139999   0.0452042  -0.0429153   0.0490189 -0.00354767  -0.0291061  0.00705719
tau:  0.000610352  0.000610352  -0.00183105  -0.00427246   0.00183105   0.00305176  -0.00183105  -0.00305176  -0.00427246  0.000610352 -0.000610352   0.00305176
Imu Data: 
rpy: 0.00181373 -0.0034443  0.0155432
acc: 0.032271  0.03183  9.78762
omg: -0.00105816 0.000208864 0.000519829
User Command Input: 
axis value:  0 0 0
target mode: 0
Joint Data: 
pos: -0.446739  -1.16012   2.73911   0.43628  -1.16328   2.74189 -0.445512  -1.14955   2.74518  0.441087  -1.14794   2.74742
vel: -0.0273514    0.02285  0.0196457 -0.0224686  0.0368881  0.0252914 -0.0427628  0.0325394 -0.0342178  0.0201797 -0.0122452 0.00545502
tau: -0.000610352 -0.000610352  -0.00183105  -0.00183105  0.000610352  -0.00305176  0.000610352  -0.00183105  -0.00427246   0.00305176   0.00183105   0.00427246
Imu Data: 
rpy:  0.00163145 -0.00360761   0.0156041
acc: 0.038736 0.017716  9.79156
omg:  0.00258658 -0.00162047  -0.0015106
User Command Input: 
axis value:  0 0 0
target mode: 0
Joint Data: 
pos: -0.446663   -1.1602   2.73911  0.435899  -1.16343   2.74189 -0.445436  -1.14947   2.74533  0.440782  -1.14787   2.74727
vel:  -0.0575638 -0.00362396  -0.0214005  -0.0379562  0.00171661   0.0135422  -0.0408554  -0.0104141  -0.0030899    -0.10952  -0.0300217   0.0452042
tau:  -0.00183105  -0.00183105  -0.00183105  -0.00183105 -0.000610352  0.000610352  -0.00183105  -0.00183105  -0.00671387   0.00305176   0.00305176   0.00549316
Imu Data: 
rpy:  0.00167649 -0.00364718   0.0157777
acc: 0.046093 0.036097  9.78497
omg:  -0.00142689  -0.00153706 -0.000920242
User Command Input: 
axis value:  0 0 0
target mode: 0
Joint Data: 
pos: -0.446587  -1.16043   2.73934  0.436128  -1.16313   2.74189 -0.445207  -1.14947    2.7451  0.440858  -1.14794   2.74719
vel: -0.0903702 -0.0561142  0.0031662  0.0391006 -0.0207901  0.0111008  0.0382614  0.0161362 -0.0343704 -0.0313187  0.0250626 -0.0297928
tau:  -0.00183105 -0.000610352   0.00183105  -0.00427246   0.00427246   0.00427246   0.00305176  -0.00183105   0.00183105  0.000610352  -0.00183105 -0.000610352
Imu Data: 
rpy:  0.00119759 -0.00349214   0.0157854
acc: 0.011183 0.016095  9.76637
omg: -0.00124957  0.00020752 -0.00128711
User Command Input: 
axis value:  0 0 0
target mode: 0
Joint Data: 
pos:  -0.44651  -1.16035   2.73926  0.436128   -1.1632   2.74189 -0.445359  -1.14962   2.74533  0.441011  -1.14802   2.74734
vel:    0.0445938   -0.0451279    0.0229263   -0.0230789 -0.000953674  -0.00759125    0.0444412   -0.0185776   -0.0018692    0.0143814     0.048027   -0.0019455
tau:  -0.00305176  0.000610352  -0.00183105  -0.00183105   0.00305176  0.000610352 -0.000610352 -0.000610352  0.000610352  0.000610352  0.000610352  0.000610352
Imu Data: 
rpy: 0.000855962 -0.00313791   0.0155667
acc: 0.034831 0.031475  9.77314
omg: -0.000856608 -0.000343917 -0.000917921
User Command Input: 
axis value:  0 0 0
target mode: 0
Joint Data: 
pos: -0.446587  -1.16035   2.73926  0.436204   -1.1632   2.74182 -0.445207  -1.14962   2.74518  0.440934  -1.14787   2.74719
vel: -0.0031662  0.0312424 -0.0240707  0.0263596  0.0141525 0.00225067  0.0152969  0.0031662  0.0530624 -0.0494766  0.0259018 0.00171661
tau: -0.000610352  -0.00183105 -0.000610352  0.000610352 -0.000610352   0.00427246 -0.000610352 -0.000610352  -0.00305176   0.00305176   0.00183105   0.00305176
Imu Data: 
rpy:  0.00104083 -0.00326226   0.0156781
acc:  0.01497 0.010022  9.81221
omg:   0.00296657  0.000946457 -0.000788697
User Command Input: 
axis value:  0 0 0
target mode: 0
Joint Data: 
pos: -0.446434  -1.16012   2.73919  0.436051   -1.1632   2.74189 -0.445665  -1.14955   2.74541  0.440934  -1.14779   2.74734
vel:   0.0127029  -0.0264359   0.0207901   0.0642014  -0.0159073 -0.00270844  -0.0650406 -0.00209808   0.0289536   0.0203323  -0.0473404 -0.00461578
tau:  -0.00427246  -0.00183105  -0.00305176  -0.00427246  0.000610352   0.00183105  -0.00305176 -0.000610352   0.00183105   0.00183105  0.000610352  -0.00183105
Imu Data: 
rpy:  0.00142494 -0.00330178   0.0158537
acc: 0.053655  0.03229  9.80027
omg: -0.00165531  0.00282359      0.0043
User Command Input: 
axis value:  0 0 0
target mode: 0
Joint Data: 
pos: -0.446815  -1.16028   2.73919  0.436204   -1.1632   2.74197 -0.445588  -1.14955   2.74518  0.440858  -1.14802   2.74742
vel:   -0.0976181   -0.0383377 -0.000572205    -0.095253   0.00133514    0.0031662   -0.0294876    0.0117111   -0.0168991   -0.0761795   -0.0960159    0.0233078
tau:  -0.00671387  0.000610352    -0.010376 -0.000610352   0.00305176  0.000610352   0.00183105 -0.000610352   0.00305176   0.00305176  0.000610352   0.00671387
Imu Data: 
rpy:  0.00166461 -0.00341898   0.0158787
acc: 0.021429 0.009897  9.78937
omg:   0.0029055 -0.00114464  0.00181615
User Command Input: 
axis value:  0 0 0
target mode: 0
Joint Data: 
pos: -0.446587  -1.16028   2.73926  0.435975  -1.16328   2.74174 -0.445588   -1.1497   2.74518  0.441087   -1.1481   2.74742
vel:  -0.0423813   0.0501633  -0.0128555  -0.0178909   0.0324631  0.00225067 -0.00301361  0.00980377  -0.0117874   0.0347519  -0.0522232  -0.0167465
tau:  -0.00427246 -0.000610352  -0.00671387  -0.00549316 -0.000610352  -0.00183105  0.000610352  -0.00183105   0.00305176  0.000610352  0.000610352   0.00427246
Imu Data: 
rpy:  0.00168686 -0.00369402   0.0158434
acc: 0.020794 0.002636  9.80685
omg: -5.78402e-05   0.00206033  -0.00160225
User Command Input: 
axis value:  0 0 0
target mode: 0
Joint Data: 
pos: -0.446281  -1.16043   2.73903   0.43628  -1.16313   2.74182 -0.445512  -1.14962   2.74518  0.441011  -1.14817   2.74727
vel:  -0.0191879   -0.021553   0.0196457  -0.0214005   0.0526047   -0.033226   0.0347519  -0.0213242  -0.0373459    0.100517   0.0442886 -0.00148773
tau:  -0.00183105 -0.000610352   0.00183105  -0.00427246   0.00183105  0.000610352  0.000610352  -0.00305176  -0.00305176  0.000610352   0.00183105   0.00183105
Imu Data: 
rpy:  0.00159396 -0.00360384     0.01585
acc:  0.02845 0.014837  9.80657
omg:  -0.00120309   0.00141337 -0.000519585
User Command Input: 
axis value:  0 0 0
target mode: 0
Joint Data: 
pos: -0.446587  -1.16012   2.73919   0.43628   -1.1632   2.74174 -0.445436  -1.14962   2.74526  0.441011   -1.1481   2.74742
vel:  0.0172806 -0.0186539 -0.0570297  0.0343704 0.00202179 0.00911713 -0.0270462  0.0162125 0.00644684  0.0242233  0.0463486 -0.0288773
tau:  -0.00183105 -0.000610352  -0.00305176  -0.00305176   0.00183105  -0.00549316  -0.00183105  0.000610352  -0.00549316   0.00427246 -0.000610352  0.000610352
Imu Data: 
rpy:  0.00171068 -0.00338077    0.015991
acc: 0.065943 0.025586  9.80077
omg:  -0.00172798    0.0040386 -2.29336e-05
User Command Input: 
axis value:  0 0 0
target mode: 0
Joint Data: 
pos: -0.446434  -1.16035   2.73911   0.43628   -1.1632   2.74182 -0.445512  -1.14955   2.74518  0.440934  -1.14794   2.74734
vel:  -0.019722 -0.0729752  0.0256729    0.02491  0.0439835  0.0208664 -0.0423813  0.0217819  0.0253677  0.0247574 -0.0759506 -0.0335312
tau: -0.00183105 0.000610352 -0.00183105 0.000610352  0.00183105 0.000610352 0.000610352 -0.00305176  0.00183105 0.000610352  0.00427246  0.00305176
Imu Data: 
rpy:  0.00179629 -0.00353422   0.0161039
acc:  0.048947 -0.013519   9.79614
omg: -0.000786533   0.00221044   0.00204207
User Command Input: 
axis value:  0 0 0
target mode: 0
Joint Data: 
pos: -0.446815  -1.16043   2.73911  0.435823   -1.1632   2.74197 -0.445283  -1.14947   2.74526  0.440858  -1.14771   2.74734
vel:  0.00408173   0.0365067   0.0131607  -0.0716019   0.0142288 0.000343323   0.0142288  -0.0149155   0.0297165  -0.0374985   0.0124741   0.0307083
tau:  -0.00305176 -0.000610352  -0.00183105 -0.000610352   0.00183105 -0.000610352   0.00305176 -0.000610352  0.000610352  0.000610352   0.00549316 -0.000610352
Imu Data: 
rpy:  0.00182719 -0.00370661   0.0161944
acc: 0.020807 0.020495  9.78486
omg: 0.000828002 0.000397324  0.00167854
User Command Input: 
axis value:  0 0 0
target mode: 0
Joint Data: 
pos: -0.446739   -1.1602   2.73911  0.436509  -1.16313   2.74182 -0.445283  -1.14955   2.74518  0.440934  -1.14794   2.74727
vel:   0.0402451   0.0188828 -0.00804901    0.143852    0.032692  0.00988007  -0.0188828 -0.00621796  0.00202179   0.0307083  0.00492096  -0.0276566
tau: -0.00305176 0.000610352 -0.00427246 -0.00305176 0.000610352 -0.00549316  0.00305176 -0.00183105  0.00305176 0.000610352 -0.00305176 0.000610352
Imu Data: 
rpy:  0.00182769 -0.00362238   0.0160037
acc: 0.056466 0.013403  9.79023
omg: 0.00163235 0.00240897  0.0012137
User Command Input: 
axis value:  0 0 0
target mode: 0
Joint Data: 
pos: -0.446892  -1.16035   2.73903   0.43628  -1.16336   2.74174 -0.445436  -1.14955   2.74518  0.441011  -1.14787   2.74711
vel:  0.0417709 -0.0416183  -0.064888  0.0503922 0.00896454  0.0150681 -0.0187302   -0.02285  0.0126266   0.064888   0.018959 -0.0415421
tau:   0.00183105  -0.00183105  -0.00183105 -0.000610352  0.000610352   0.00549316 -0.000610352  -0.00183105  -0.00183105  0.000610352   0.00183105   0.00183105
Imu Data: 
rpy:  0.00183863 -0.00328956   0.0159475
acc:  0.050312 -0.001031   9.79283
omg: -0.00654392  0.00126791 -0.00143031
User Command Input: 
axis value:  0 0 0
target mode: 0
Joint Data: 
pos: -0.446739  -1.16035   2.73903  0.436051  -1.16297   2.74197 -0.445359  -1.14947   2.74518  0.440782  -1.14787   2.74734
vel:   0.0346756   0.0156021  -0.0221634  -0.0434494  -0.0601578 -0.00545502  -0.0945663   0.0397873   0.0194931 -0.00514984  -0.0333023  -0.0236893
tau: -0.000610352  -0.00183105  -0.00183105  -0.00183105   0.00183105   0.00305176  -0.00305176  -0.00183105  -0.00549316   0.00305176   0.00183105   0.00549316
Imu Data: 
rpy:  0.00164487 -0.00325286   0.0158125
acc: 0.044476 0.026774  9.78436
omg: -0.00121054  0.00099304  0.00052051
User Command Input: 
axis value:  0 0 0
target mode: 0
Joint Data: 
pos: -0.446587  -1.16058   2.73911  0.435899  -1.16328   2.74197 -0.445359  -1.14947   2.74541  0.440934  -1.14802   2.74734
vel: -0.00431061  -0.0564957   0.0204849   0.0126266   0.0413895   0.0191879   0.0390244   0.0273514  0.00461578  -0.0129318   0.0165939 0.000114441
tau:  0.000610352  0.000610352   0.00305176 -0.000610352   0.00183105   0.00305176   0.00305176  -0.00183105  -0.00183105  -0.00183105   0.00183105  0.000610352
Imu Data: 
rpy:  0.00207066 -0.00311712   0.0160196
acc: 0.022669 0.030784  9.81386
omg:   0.00260241   0.00328998 -8.37758e-05
User Command Input: 
axis value:  0 0 0
target mode: 0
Joint Data: 
pos: -0.446739  -1.16028   2.73919  0.436357   -1.1632   2.74189 -0.445207  -1.14955   2.74533  0.440934  -1.14794   2.74727
vel:  -0.0727463 -0.00926971   0.0222397   -0.084877   0.0161362   0.0424576   0.0711441   0.0310135  -0.0301743    0.014534    0.020256  -0.0226212
tau: 0.000610352 0.000610352 -0.00305176  0.00305176  0.00183105  0.00183105  0.00427246 -0.00183105 -0.00305176  0.00427246 -0.00183105  0.00183105
Imu Data: 
rpy:  0.00232028 -0.00309384   0.0160199
acc: 0.053296 0.001492  9.79288
omg:  0.00415559 0.000560059  0.00130666
User Command Input: 
axis value:  0 0 0
target mode: 0
Joint Data: 
pos: -0.446434  -1.16043   2.73919   0.43628  -1.16328   2.74174 -0.445207  -1.14947   2.74526  0.440858  -1.14802   2.74742
vel:   0.0455856  -0.0201035   0.0252914   0.0756454   0.0386429   0.0303268   0.0551987   0.0044632  -0.0134659  -0.0275803 -0.00720978   0.0344467
tau:  0.000610352  -0.00183105   0.00183105 -0.000610352 -0.000610352  -0.00427246  -0.00183105 -0.000610352   0.00305176  0.000610352   0.00427246  0.000610352
Imu Data: 
rpy:  0.00245638 -0.00321947   0.0159879
acc: 0.029338 0.043748  9.79151
omg:   0.00190267   0.00101624 -0.000397743
User Command Input: 
axis value:  0 0 0
target mode: 0
Joint Data: 
pos: -0.446739  -1.16035   2.73926  0.436128  -1.16328   2.74174 -0.445512  -1.14962    2.7451  0.440934  -1.14787   2.74727
vel:  -0.0497818   0.0588608  -0.0390244  -0.0535202   0.0567245   -0.026207   0.0147629 -0.00759125   0.0365067   0.0123978   0.0792313  -0.0331497
tau: -0.000610352  -0.00183105 -0.000610352  -0.00305176 -0.000610352 -0.000610352  -0.00183105 -0.000610352  -0.00183105   0.00427246   0.00183105   0.00183105
Imu Data: 
rpy:  0.00184574 -0.00324167   0.0161024
acc: 0.032084 0.010921  9.80744
omg:  0.00253125  0.00168087 -4.9323e-05
User Command Input: 
axis value:  0 0 0
target mode: 0
Joint Data: 
pos: -0.446815   -1.1602   2.73919   0.43628   -1.1632   2.74174 -0.445207  -1.14962   2.74526  0.440858  -1.14802   2.74734
vel: -0.00782013  0.00240326  -0.0194168  -0.0689316  -0.0281906   0.0388718   -0.060997  0.00850677   0.0191116  -0.0272751    0.025444  0.00408173
tau:  -0.00183105  0.000610352  -0.00183105  -0.00305176 -0.000610352  -0.00183105 -0.000610352 -0.000610352   0.00183105  0.000610352  -0.00183105   0.00305176
Imu Data: 
rpy:  0.00176716 -0.00311716   0.0162045
acc:   0.04779 -0.000874   9.79154
omg: 0.000610185 0.000481571  0.00216538
User Command Input: 
axis value:  0 0 0
target mode: 0
Joint Data: 
pos: -0.446663  -1.16043   2.73911  0.436357  -1.16313   2.74182 -0.445436  -1.14962   2.74518  0.440858  -1.14779   2.74719
vel: -0.0484085  0.0166702   0.018425  0.0374985 -0.0298691  0.0199509 -0.0056076  0.0111771  0.0100327  0.0156784  0.0381851 0.00133514
tau:  -0.00305176 -0.000610352  -0.00305176   0.00183105   0.00427246  -0.00183105  -0.00183105  -0.00183105   0.00305176   0.00183105   0.00305176  0.000610352
Imu Data: 
rpy:  0.00154287 -0.00298532   0.0165902
acc: 0.018279  0.00379  9.77353
omg: -0.00351272  0.00028681 0.000194377
User Command Input: 
axis value:  0 0 0
target mode: 0
Joint Data: 
pos: -0.446739  -1.16035   2.73926   0.43628   -1.1632   2.74182 -0.445283  -1.14962   2.74518  0.440782  -1.14802   2.74742
vel:  -0.0531387  -0.0284958   0.0231552    0.054512   0.0433731   0.0494766  -0.0959396  -0.0043869  -0.0308609  -0.0124741 -0.00980377   0.0407791
tau:  -0.00183105  -0.00183105  0.000610352  0.000610352 -0.000610352   0.00183105   0.00427246  -0.00183105  0.000610352   0.00305176   0.00305176   0.00183105
Imu Data: 
rpy:  0.00164583 -0.00328623   0.0167681
acc: 0.033762 0.013821  9.77962
omg:  0.00175364  0.00204139 -0.00280502
User Command Input: 
axis value:  0 0 0
target mode: 0
Joint Data: 
pos:  -0.44651  -1.16066   2.73911   0.43628  -1.16336   2.74182 -0.445359  -1.14955   2.74518  0.440705  -1.14787   2.74711
vel: -0.00743866  -0.0573349  0.00431061  -0.0018692  -0.0542068   0.0360489 -0.00209808   0.0242996  -0.0152206  -0.0152206    0.030632 -0.00995636
tau:  0.000610352  -0.00183105  -0.00305176  0.000610352 -0.000610352   0.00305176   0.00305176 -0.000610352 -0.000610352 -0.000610352   0.00183105   0.00305176
Imu Data: 
rpy:  0.00169445 -0.00322991   0.0167097
acc: 0.021808 0.012285  9.79095
omg: -0.000928184   0.00107455 -4.83456e-06
User Command Input: 
axis value:  0 0 0
target mode: 0
Joint Data: 
pos: -0.446587  -1.16043   2.73911  0.436051  -1.16297   2.74174 -0.445359  -1.14947   2.74526  0.440858   -1.1481   2.74719
vel:   0.0152206  -0.0535202  -0.0056839  0.00324249  -0.0423813  -0.0264359   0.0367355  0.00904083  -0.0192642  -0.0101089   0.0043869 -0.00850677
tau:  -0.00305176 -0.000610352  0.000610352  -0.00427246   0.00305176   0.00183105  0.000610352 -0.000610352  0.000610352  0.000610352  0.000610352   0.00305176
Imu Data: 
rpy:  0.00133247 -0.00313297   0.0163442
acc: 0.027456 0.011915  9.80262
omg: -0.00476775 -0.00189567 -0.00138747
User Command Input: 
axis value:  0 0 0
target mode: 0
Joint Data: 
pos: -0.446892  -1.16035   2.73919  0.436357   -1.1632   2.74189 -0.445436  -1.14962   2.74526  0.440858  -1.14756   2.74742
vel:  -0.0262833  -0.0687027 -0.00621796   0.0647354  -0.0309372 -0.00797272   0.0613022  0.00553131   0.0125504  -0.0516891   0.0365829 -0.00392914
tau: -0.000610352  0.000610352  -0.00305176  -0.00183105   0.00305176   0.00427246   0.00183105  -0.00305176   0.00183105   0.00305176 -0.000610352   0.00427246
Imu Data: 
rpy:  0.00119614 -0.00290891   0.0162062
acc:  0.03365 0.019728  9.78913
omg:  0.00150168 -0.00104224  0.00172817
User Command Input: 
axis value:  0 0 0
target mode: 0
Joint Data: 
pos: -0.446663  -1.16035   2.73934  0.436128  -1.16313   2.74197 -0.445512  -1.14962   2.74518  0.440934  -1.14794   2.74727
vel:    0.0056839   -0.0508499    0.0350571    -0.064888   0.00705719    -0.021019   -0.0659561 -0.000114441   -0.0265121   -0.0375748   -0.0200272   -0.0588608
tau:  -0.00671387  -0.00183105   0.00427246  -0.00183105   0.00183105   0.00549316   0.00183105 -0.000610352 -0.000610352 -0.000610352  0.000610352  -0.00305176
Imu Data: 
rpy:  0.00127355 -0.00316074   0.0162837
acc: 0.031893 0.025396  9.77755
omg:  0.00159022 0.000273528 -0.00264801
User Command Input: 
axis value:  0 0 0
target mode: 0
Joint Data: 
pos: -0.446587  -1.16028   2.73903  0.436128  -1.16336   2.74182 -0.445588  -1.14962   2.74541  0.440782  -1.14802   2.74727
vel:  0.0622177 -0.0610733  -0.026207 -0.0925064 -0.0139236  0.0161362 -0.0157547 0.00759125 -0.0230789 -0.0666428 0.00087738 -0.0265884
tau: -0.000610352 -0.000610352  -0.00549316  -0.00305176  0.000610352   0.00183105  -0.00183105 -0.000610352   0.00305176 -0.000610352   0.00549316  0.000610352
Imu Data: 
rpy:  0.00182157 -0.00301497   0.0162037
acc: 0.052169 0.026504   9.7847
omg:  0.00159059  0.00046602 0.000975866
User Command Input: 
axis value:  0 0 0
target mode: 0
Joint Data: 
pos: -0.446587   -1.1602   2.73911  0.436128   -1.1632   2.74189 -0.445512  -1.14955   2.74518  0.440934  -1.14787   2.74734
vel: -0.000572205    0.0298691    0.0464249   -0.0336075   0.00156403    0.0252914  -0.00202179   -0.0166702   -0.0225449 -0.000648499    0.0407791  -0.00736237
tau:  -0.00305176  -0.00305176  0.000610352  -0.00183105  0.000610352  -0.00183105 -0.000610352 -0.000610352   0.00183105  0.000610352   0.00305176   0.00183105
Imu Data: 
rpy:  0.00214782 -0.00299036   0.0162606
acc:  0.057647 -0.008368   9.80395
omg: -0.00163935  0.00215936 -0.00196596
User Command Input: 
axis value:  0 0 0
target mode: 0
Joint Data: 
pos:  -0.44651  -1.16043   2.73903  0.436128   -1.1632   2.74159 -0.445512  -1.14947    2.7451  0.440705   -1.1481   2.74719
vel:   0.0160599  -0.0139236 -0.00492096   0.0514603   -0.031395  -0.0146866  -0.0117111   0.0161362   0.0268936 -0.00835419   0.0612259   -0.055275
tau:  -0.00183105  -0.00305176  -0.00793457   0.00427246  0.000610352  -0.00183105   0.00549316 -0.000610352   0.00183105  0.000610352   0.00427246   0.00549316
Imu Data: 
rpy:  0.00195632 -0.00310738    0.016013
acc: 0.021243 0.009337  9.77722
omg: -0.000745221   0.00267304   0.00237222
User Command Input: 
axis value:  0 0 0
target mode: 0
Joint Data: 
pos: -0.446892  -1.16073   2.73911  0.436128   -1.1632   2.74182 -0.445207  -1.14962   2.74526  0.441087  -1.14817   2.74734
vel:  0.00232697 -0.00591278  -0.0143814   0.0300217  0.00545502  -0.0349045   0.0848007   0.0113297   0.0113297  0.00141144  0.00270844  -0.0134659
tau: 0.000610352 -0.00183105 -0.00793457 0.000610352 0.000610352  0.00427246 -0.00183105 -0.00183105  0.00305176  0.00305176  0.00183105  0.00183105
Imu Data: 
rpy:  0.00181301 -0.00304127   0.0159917
acc: 0.040601 0.037528  9.79113
omg: -0.00179118 -0.00130727 0.000570548
User Command Input: 
axis value:  0 0 0
target mode: 0
Joint Data: 
pos: -0.446892  -1.16028   2.73919  0.436433  -1.16313   2.74174 -0.445436  -1.14947   2.74526  0.440705  -1.14794   2.74734
vel:  0.0886154 -0.0141525 0.00659943  0.0303268 0.00743866 -0.0206375  -0.102501 -0.0167465  0.0257492 -0.0308609 0.00102997 -0.0302505
tau:  -0.00427246  -0.00183105   0.00183105   0.00427246  0.000610352  0.000610352 -0.000610352  -0.00183105  -0.00427246   0.00183105   0.00671387  0.000610352
Imu Data: 
rpy:  0.00183103 -0.00288168   0.0157865
acc: 0.022883 0.042965  9.79285
omg: -0.000288241   0.00117475   0.00157317
User Command Input: 
axis value:  0 0 0
target mode: 0
Joint Data: 
pos: -0.446892  -1.16035   2.73934  0.436051   -1.1632   2.74189 -0.445588  -1.14955   2.74526  0.441087  -1.14787   2.74719
vel:   -0.051918   0.0100327   0.0551224   -0.028801   0.0149918  -0.0374222  -0.0330734   0.0277328 -0.00812531   0.0406265    0.051918  -0.0208664
tau:  -0.00427246  -0.00183105  -0.00427246  0.000610352  0.000610352   0.00427246   0.00183105 -0.000610352  -0.00305176  0.000610352   0.00427246   0.00183105
Imu Data: 
rpy:  0.00209237 -0.00300387   0.0160111
acc: 0.030353 0.021111  9.79098
omg: 0.000380482 -0.00115652 -6.6148e-06
User Command Input: 
axis value:  0 0 0
target mode: 0
Joint Data: 
pos: -0.446587  -1.16028   2.73919  0.436204  -1.16336   2.74189 -0.445359  -1.14955   2.74518  0.441011  -1.14787   2.74734
vel:   0.106239 -0.0837326 0.00453949  0.0593948 -0.0379562 0.00553131  0.0428391  0.0133133 -0.0206375  0.0374985  0.0677872 -0.0120926
tau:   0.00183105 -0.000610352 -0.000610352  -0.00183105  0.000610352   0.00427246   0.00305176  -0.00305176  0.000610352  0.000610352  -0.00427246   0.00305176
Imu Data: 
rpy:   0.0021795 -0.00302982    0.016124
acc:  0.05207 0.003688  9.77693
omg: 0.000702059  0.00227961 0.000875649
User Command Input: 
axis value:  0 0 0
target mode: 0
Joint Data: 
pos: -0.446739   -1.1602   2.73926  0.435975  -1.16328   2.74182 -0.445359   -1.1497   2.74518  0.441087  -1.14794   2.74742
vel:  0.00286102   0.0593948   0.0135422   0.0452805  -0.0104141  0.00148773  -0.0182724  -0.0018692     0.04879   0.0128555 -0.00331879   -0.013237
tau: -0.000610352  -0.00183105  0.000610352   0.00427246   0.00305176  -0.00305176  -0.00183105  -0.00183105  0.000610352  0.000610352  0.000610352  -0.00305176
Imu Data: 
rpy: 0.00221784 -0.0028281  0.0159821
acc:  0.015427 -0.010182   9.77893
omg:   0.00230855  0.000942966 -0.000829922
User Command Input: 
axis value:  0 0 0
target mode: 0
Joint Data: 
pos: -0.446434   -1.1602   2.73926  0.436051  -1.16328   2.74189 -0.445283  -1.14962   2.74518  0.440782  -1.14802   2.74719
vel:   -0.060463   0.0218582   0.0337601   0.0764084  -0.0157547 -0.00835419  -0.0626755    0.026741   0.0750351   0.0621414 -0.00255585  -0.0150681
tau:  0.000610352 -0.000610352  -0.00183105 -0.000610352   0.00305176  -0.00305176  -0.00305176  0.000610352    -0.010376  0.000610352   0.00427246  -0.00183105
Imu Data: 
rpy:  0.00199301 -0.00274116   0.0159072
acc: 0.010071 0.024023  9.79428
omg: -0.00131111  -0.0012488 -0.00206823
User Command Input: 
axis value:  0 0 0
target mode: 0
Joint Data: 
pos: -0.446663  -1.16028   2.73911  0.436128  -1.16305   2.74174 -0.445283  -1.14947   2.74541  0.441087  -1.14794   2.74742
vel:  0.0364304 -0.0941849  0.0204086 -0.0130081 -0.0104904 -0.0274277   0.119286  -0.051918 -0.0317001  0.0113297  0.0082016  0.0195694
tau: -0.000610352  -0.00183105 -0.000610352  -0.00305176   0.00305176   0.00427246 -0.000610352 -0.000610352   0.00183105   0.00183105  -0.00305176   0.00183105
Imu Data: 
rpy:  0.00202497 -0.00308222    0.015969
acc: 0.027372 0.016536  9.78248
omg: 0.000355209  0.00319338 -0.00065099
User Command Input: 
axis value:  0 0 0
target mode: 0
Joint Data: 
pos: -0.446205  -1.16028   2.73903  0.436128  -1.16336   2.74174 -0.445359  -1.14955   2.74518  0.440782  -1.14794   2.74742
vel:   0.0383377  -0.0161362  -0.0333786  -0.0712967  -0.0368118  -0.0290298   0.0127792  -0.0348282  -0.0105667   -0.014534  -0.0294113 -3.8147e-05
tau:   0.00305176 -0.000610352  -0.00305176   0.00305176   0.00183105   0.00183105  0.000610352  -0.00305176  -0.00305176  -0.00183105 -0.000610352  -0.00427246
Imu Data: 
rpy:  0.00210989 -0.00320989   0.0159793
acc: 0.013831 0.028581  9.79023
omg: -0.000998398   0.00165611   0.00123685
User Command Input: 
axis value:  0 0 0
target mode: 0
Joint Data: 
pos: -0.446434  -1.16028   2.73919  0.436128  -1.16313   2.74189 -0.445588  -1.14947    2.7451  0.441011  -1.14779   2.74727
vel:    0.135612   0.0217056 0.000419617  -0.0588608   0.0118637  -0.0449753   -0.109444   0.0056839  0.00148773  0.00423431    0.018425  -0.0188828
tau: -0.000610352  -0.00305176  0.000610352   0.00183105  0.000610352   0.00305176  -0.00183105 -0.000610352  -0.00549316   0.00183105   0.00671387  0.000610352
Imu Data: 
rpy:   0.0024085 -0.00320463   0.0159529
acc:   0.01785 -0.008687   9.82075
omg: -0.00127529  0.00206186 0.000343638
User Command Input: 
axis value:  0 0 0
target mode: 0
Joint Data: 
pos: -0.446587   -1.1602   2.73911  0.435975   -1.1632   2.74189 -0.445893  -1.14955   2.74526  0.440858  -1.14779   2.74734
vel:  0.0279617   0.031395 -0.0388718  -0.138512 0.00133514 0.00782013  0.0315475  -0.020256  0.0364304  0.0640488 3.8147e-05 0.00469208
tau:  -0.00427246  -0.00183105  -0.00305176   0.00427246   0.00427246   0.00427246  -0.00549316 -0.000610352   0.00305176   0.00183105  0.000610352   0.00183105
Imu Data: 
rpy:  0.00240658 -0.00347258   0.0159471
acc: 0.040391  0.03107  9.77764
omg:  0.00080896 -0.00255897 0.000759305
User Command Input: 
axis value:  0 0 0
target mode: 0
Joint Data: 
pos: -0.446739  -1.16035   2.73911  0.436509  -1.16328   2.74182 -0.445436  -1.14947   2.74526  0.441011  -1.14779   2.74719
vel:  -0.0639725   0.0291824  -0.0123978   0.0589371  0.00904083 -0.00591278  -0.0148392   0.0521469  0.00263214   0.0303268   0.0540543  -0.0203323
tau:  -0.00305176 -0.000610352  -0.00305176  -0.00183105   0.00183105   0.00427246  -0.00305176  -0.00305176  -0.00427246  0.000610352  -0.00183105  0.000610352
Imu Data: 
rpy:  0.00188949 -0.00341798   0.0160212
acc: 0.016374 0.013918   9.7641
omg:   0.00167894 -0.000826693  0.000344668
User Command Input: 
axis value:  0 0 0
target mode: 0
Joint Data: 
pos: -0.446587   -1.1602   2.73903  0.436204   -1.1632   2.74189 -0.445436  -1.14955   2.74541  0.441011   -1.1481   2.74734
vel:  0.0764847  0.0360489 -0.0231552  0.0761032  0.0282669 0.00354767 -0.0982285  0.0127792  0.0304794  0.0120926  -0.019722  -0.026207
tau:  -0.00183105 -0.000610352 -0.000610352 -0.000610352   0.00305176 -0.000610352 -0.000610352  -0.00183105  0.000610352   0.00183105   0.00427246  0.000610352
Imu Data: 
rpy:  0.00172109 -0.00316734   0.0161275
acc: 0.005805 0.032451  9.78873
omg: -0.000472007   0.00145749 -0.000124547
User Command Input: 
axis value:  0 0 0
target mode: 0
Joint Data: 
pos: -0.446739  -1.16051   2.73919  0.436051  -1.16305   2.74174 -0.445512  -1.14955   2.74526  0.440858   -1.1481   2.74727
vel:   -0.083046   0.0390244  0.00865936  0.00812531   0.0094986 -0.00087738  -0.0902939  -0.0125504   -0.033226   0.0397873   0.0473404   0.0235367
tau:  -0.00305176  -0.00183105 -0.000610352   0.00183105  0.000610352  -0.00305176   0.00305176 -0.000610352  0.000610352   0.00183105   0.00183105  0.000610352
Imu Data: 
rpy:  0.00187297 -0.00328546   0.0161601
acc: 0.033268 0.015524  9.79705
omg:   0.00119176 -0.000742446  0.000329728
User Command Input: 
axis value:  0 0 0
target mode: 0
Joint Data: 
pos: -0.446815  -1.16012   2.73911  0.436204  -1.16343   2.74197 -0.445512  -1.14939   2.74526  0.440782  -1.14779   2.74719
vel:   0.0201797   0.0320053  -0.0292587  -0.0577927  -0.0162888 -0.00102997    0.116005  -0.0120163   0.0448227 -0.00522614  -0.0069809  0.00209808
tau: -0.000610352  -0.00183105  0.000610352   0.00305176   0.00183105  -0.00305176   0.00183105 -0.000610352  0.000610352   0.00183105  0.000610352 -0.000610352
Imu Data: 
rpy:  0.00205977 -0.00360231   0.0162271
acc: 0.029094 0.011906  9.78771
omg: -0.00131772   0.0022584 -0.00159813
User Command Input: 
axis value:  0 0 0
target mode: 0
Joint Data: 
pos:  -0.44651  -1.16028   2.73903  0.436128   -1.1632   2.74174 -0.445436   -1.1497   2.74518  0.441011  -1.14794   2.74711
vel:    0.0311661   -0.0156021   -0.0146866 -0.000267029   -0.0294876  -0.00804901    0.0239944   -0.0247574   0.00255585    0.0489426  -0.00301361   0.00164032
tau: -0.00183105 0.000610352 -0.00427246 -0.00427246  0.00183105  0.00427246  0.00671387 -0.00183105  0.00183105  0.00305176  0.00183105 -0.00549316
Imu Data: 
rpy:  0.00223434 -0.00381327    0.016308
acc:  0.012047 -0.002921    9.8017
omg:  -0.00274535  -0.00111682 -0.000604111
User Command Input: 
axis value:  0 0 0
target mode: 0
Joint Data: 
pos: -0.446434  -1.16035   2.73919  0.436128   -1.1632   2.74182 -0.445207  -1.14947   2.74533  0.440858  -1.14794   2.74727
vel:  -0.0226974 -0.00637054  -0.0399399   0.0358963 0.000572205  -0.0323105   0.0471115   0.0400162   0.0113297 0.000724792   0.0208664   0.0218582
tau:  -0.00183105  0.000610352   0.00549316  -0.00427246 -0.000610352 -0.000610352   0.00183105  -0.00183105 -0.000610352  0.000610352  0.000610352  -0.00305176
Imu Data: 
rpy:  0.00227724 -0.00378728   0.0162432
acc:  0.036274 -0.000508   9.79741
omg: 0.000486284 -0.00158279 -0.00100918
User Command Input: 
axis value:  0 0 0
target mode: 0
Joint Data: 
pos: -0.446815  -1.16035   2.73926  0.436128  -1.16336   2.74182 -0.445359  -1.14955   2.74526  0.440782  -1.14802   2.74734
vel:   0.0453568   0.0284958 -0.00545502   0.0411606   0.0168228 -0.00354767 0.000190735  0.00171661   0.0133133  -0.0185776  -0.0141525   0.0452805
tau:  -0.00183105  -0.00305176   0.00183105 -0.000610352  -0.00183105   0.00183105 -0.000610352  -0.00183105  -0.00183105   0.00427246  -0.00305176  0.000610352
Imu Data: 
rpy:  0.00216815 -0.00376886   0.0161666
acc: 0.046833 0.012191  9.80737
omg:  0.00328405   5.887e-05 0.000386974
User Command Input: 
axis value:  0 0 0
target mode: 0
Joint Data: 
pos: -0.446587  -1.16043   2.73903  0.436357   -1.1632   2.74182 -0.445359  -1.14955   2.74526  0.440858  -1.14794   2.74727
vel:   0.095253 0.00286102 0.00621796  0.0553513  -0.052681 -0.0107193 -0.0330734  0.0277328  0.0246811 -0.0828934  0.0542068 -0.0416946
tau:  -0.00183105 -0.000610352   0.00305176 -0.000610352   0.00305176 -0.000610352  -0.00183105  -0.00183105   0.00183105  0.000610352   0.00305176  0.000610352
Imu Data: 
rpy:  0.00208066 -0.00383885   0.0161202
acc: 0.013517 0.005735  9.82214
omg: -0.0015124  0.0018353 0.00268739
User Command Input: 
axis value:  0 0 0
target mode: 0
Joint Data: 
pos: -0.446587   -1.1602   2.73911   0.43628  -1.16328   2.74189 -0.445359  -1.14955    2.7451  0.440934  -1.14787   2.74734
vel:   0.0683212   0.0325394  -0.0199509  -0.0195694 -0.00545502  -0.0273514   0.0487137  -0.0082016   -0.042305 -0.00659943  0.00850677   -0.013237
tau:  -0.00183105  -0.00183105 -0.000610352 -0.000610352  0.000610352 -0.000610352  0.000610352 -0.000610352  -0.00183105 -0.000610352   0.00427246  -0.00305176
Imu Data: 
rpy:  0.00249231 -0.00381759   0.0162276
acc: 0.038297 0.003411  9.79862
omg:   0.00547381   0.00303975 -0.000448637
User Command Input: 
axis value:  0 0 0
target mode: 0
Joint Data: 
pos:  -0.44651   -1.1602   2.73926  0.436357  -1.16313   2.74189 -0.445436  -1.14955   2.74518  0.440629  -1.14779   2.74727
vel:   -0.0481796    0.0365829    0.0271225   0.00965118   -0.0341415 -0.000801086   -0.0625229     0.022316    0.0341415  -0.00255585   -0.0416183  -0.00873566
tau: -0.000610352  -0.00183105  -0.00183105  -0.00183105  0.000610352 -0.000610352  -0.00305176  -0.00305176  0.000610352   0.00305176   0.00305176  -0.00305176
Imu Data: 
rpy:   0.0025559 -0.00364126   0.0161834
acc: 0.041318 0.020372  9.78637
omg:  0.0019843 0.00153645 0.00137644
User Command Input: 
axis value:  0 0 0
target mode: 0
Joint Data: 
pos: -0.446892   -1.1602   2.73903  0.436204  -1.16313   2.74197 -0.445512  -1.14947    2.7451  0.441011  -1.14817   2.74742
vel:   0.022316    0.10891 -0.0427628 0.00728607  0.0415421  0.0213242 -0.0982285  0.0137711 -0.0244522 0.00263214  0.0609207 -0.0264359
tau:  -0.00549316 -0.000610352  0.000610352  -0.00427246  -0.00183105   0.00427246 -0.000610352  -0.00183105   0.00183105   0.00305176   0.00183105  0.000610352
Imu Data: 
rpy:  0.00241348 -0.00376687    0.016223
acc: 0.023768  0.02952  9.80458
omg:  0.00327584 -0.00218222  0.00260344
User Command Input: 
axis value:  0 0 0
target mode: 0
Joint Data: 
pos:  -0.44651  -1.16028   2.73911   0.43628   -1.1632   2.74189 -0.445207  -1.14962   2.74526  0.441011  -1.14802   2.74727
vel:  0.0323105 -0.0056076 -0.0165176  0.0272751  -0.026207  0.0250626 -0.0353622 0.00492096 -0.0155258 0.00171661 -0.0541306   0.020256
tau:  -0.00305176 -0.000610352 -0.000610352  -0.00183105   0.00183105   0.00183105  0.000610352  -0.00305176  -0.00183105  0.000610352 -0.000610352  -0.00305176
Imu Data: 
rpy:  0.00190204 -0.00334428   0.0162136
acc: 0.014611 0.021889  9.77551
omg:  0.00114019 -0.00152264 -0.00233881
User Command Input: 
axis value:  0 0 0
target mode: 0
Joint Data: 
pos: -0.446587  -1.16051   2.73919  0.436204  -1.16328   2.74182  -0.44513  -1.14955   2.74533  0.441011  -1.14794   2.74734
vel: -0.00644684  -0.0431442 -0.00499725   -0.014534   0.0303268  -0.0437546   0.0943375   -0.014534 -0.00225067   0.0019455   0.0265884   0.0217056
tau:  -0.00671387 -0.000610352  -0.00671387  -0.00183105  0.000610352   0.00305176   0.00305176  -0.00305176  0.000610352   0.00793457   0.00183105   0.00549316
Imu Data: 
rpy:  0.00176352 -0.00303734   0.0161005
acc: 0.036464 0.014346  9.79854
omg: -0.000308487  7.04589e-05   0.00112052
User Command Input: 
axis value:  0 0 0
target mode: 0
Joint Data: 
pos: -0.446739  -1.16058   2.73919  0.436357  -1.16336   2.74182 -0.445588  -1.14947   2.74526  0.441087  -1.14794   2.74727
vel:  -0.0568771 -0.00133514  3.8147e-05  -0.0294113  -0.0197983   0.0127029   -0.093956 -0.00965118   0.0135422  0.00392914   0.0182724   0.0224686
tau:   0.00183105  -0.00305176  -0.00183105 -0.000610352   0.00427246   0.00183105   0.00183105  0.000610352   -0.0115967  -0.00183105 -0.000610352   0.00305176
Imu Data: 
rpy:  0.00166105 -0.00304804    0.016125
acc: 0.056198 0.011453  9.80985
omg: -0.000631635   0.00207818  -0.00306443
User Command Input: 
axis value:  0 0 0
target mode: 0
Joint Data: 
pos: -0.446892  -1.16028   2.73919   0.43628  -1.16328   2.74189 -0.445359  -1.14955   2.74526  0.440705  -1.14779   2.74727
vel: -0.0019455  0.0725174  0.0139236  0.0115585  0.0359726  0.0128555 0.00812531  0.0069046 -0.0181198 -0.0250626 -0.0321579  0.0307846
tau: -0.000610352 -0.000610352   0.00305176  -0.00305176  0.000610352   0.00671387  -0.00305176 -0.000610352  0.000610352   0.00305176   0.00427246  0.000610352
Imu Data: 
rpy: 0.00174439 -0.0032158   0.016159
acc: 0.036234 0.006028  9.78486
omg:   0.00471216 -4.10152e-05    0.0012119
User Command Input: 
axis value:  0 0 0
target mode: 0
Joint Data: 
pos:  -0.44651  -1.16035   2.73926  0.436051   -1.1632   2.74182 -0.445436  -1.14962   2.74533  0.440858  -1.14794   2.74727
vel: -0.000343323   0.00408173    0.0117874    0.0329971   -0.0371933   -0.0159073    0.0651932   -0.0179672    0.0347519    0.0167465   0.00904083   -0.0111771
tau:  0.00305176 -0.00305176 0.000610352 -0.00183105  0.00305176 0.000610352  0.00183105 -0.00183105 -0.00549316 -0.00183105  0.00671387  0.00305176
Imu Data: 
rpy:  0.00165873 -0.00297048   0.0161441
acc: 0.025939  0.01443  9.79474
omg:   -0.0027883 -0.000645301 -0.000267978
User Command Input: 
axis value:  0 0 0
target mode: 0
Joint Data: 
pos: -0.446663  -1.16028   2.73903  0.436204  -1.16336   2.74182 -0.445359  -1.14955   2.74518  0.441011  -1.14794   2.74742
vel:  -0.0442123   0.0275803 -0.00972748  -0.0528336   0.0265121 -0.00423431   0.0246811  0.00904083 -0.00118256   0.0391769    0.110512  -0.0190353
tau:  -0.00549316  0.000610352  -0.00183105  -0.00305176  -0.00305176   0.00793457  -0.00427246 -0.000610352  -0.00183105   0.00427246 -0.000610352 -0.000610352
Imu Data: 
rpy:  0.00142059 -0.00304937   0.0161361
acc: 0.012915 0.015166  9.79529
omg:  0.00121939  0.00238312 -0.00171454
User Command Input: 
axis value:  0 0 0
target mode: 0
Joint Data: 
pos: -0.446739   -1.1602   2.73903  0.436357  -1.16328   2.74182 -0.445512  -1.14962    2.7451  0.440782  -1.14779   2.74711
vel:   0.0151443  0.00896454   0.0207138  -0.0866318 -0.00614166   0.0200272  0.00736237   0.0366592  -0.0217819  0.00171661   0.0452805  -0.0136948
tau:   0.00183105  0.000610352  -0.00305176 -0.000610352  0.000610352 -0.000610352  -0.00183105  -0.00183105  -0.00183105  0.000610352  0.000610352  0.000610352
Imu Data: 
rpy: 0.00134767 -0.0031587  0.0160122
acc: 0.032474 0.026527  9.80686
omg:  0.000779377 -0.000347687   0.00205888
User Command Input: 
axis value:  0 0 0
target mode: 0
Joint Data: 
pos: -0.446587   -1.1602   2.73919  0.436357  -1.16328   2.74182  -0.44513  -1.14955   2.74533  0.440705  -1.14771   2.74734
vel:  0.0385666 -0.0857162 0.00537872 -0.0255203  0.0232315  0.0229263 -0.0220871 -0.0489426 -0.0496292   0.053215  0.0044632  0.0221634
tau:  -0.00305176  -0.00305176 -0.000610352   0.00427246   0.00183105   0.00305176   0.00305176  -0.00183105   0.00427246 -0.000610352  -0.00183105   0.00671387
Imu Data: 
rpy:  0.00151823 -0.00316454   0.0159423
acc: 0.051084 0.034867   9.8012
omg: -0.00555793 0.000377358 -0.00118656
User Command Input: 
axis value:  0 0 0
target mode: 0
Joint Data: 
pos: -0.446434   -1.1602   2.73911  0.436357  -1.16336   2.74174 -0.445512  -1.14955   2.74526  0.441011  -1.14794   2.74734
vel:   0.0816727  -0.0951767  -0.0626755   0.0248337  0.00835419 -0.00896454  -0.0343704   0.0131607   -0.031929   0.0834274  0.00598907   0.0056076
tau: -0.000610352 -0.000610352  -0.00793457 -0.000610352   0.00305176   0.00305176  0.000610352  -0.00183105  -0.00183105   0.00183105   0.00183105  0.000610352
Imu Data: 
rpy:   0.0021308 -0.00286347   0.0159535
acc: 0.006336 0.022834  9.80923
omg:   0.00134783   0.00129126 -0.000329954
User Command Input: 
axis value:  0 0 0
target mode: 0
Joint Data: 
pos: -0.446434  -1.16028   2.73919  0.435899  -1.16313   2.74197  -0.44513  -1.14947   2.74518  0.440934   -1.1481   2.74727
vel: -0.0446701  -0.110435   0.017662 -0.0250626  0.0535202  0.0234604  0.0230789 0.00164032  0.0130844 0.00133514  0.0170517 -0.0363541
tau: -0.000610352  -0.00183105 -0.000610352  -0.00305176 -0.000610352   0.00549316   0.00305176  -0.00183105   0.00305176   0.00183105  0.000610352  0.000610352
Imu Data: 
rpy:  0.00231677 -0.00314627   0.0158999
acc: 0.027967  0.01428  9.77918
omg: -0.000832958  -0.00132933 -0.000414638
User Command Input: 
axis value:  0 0 0
target mode: 0
Joint Data: 
pos: -0.446587  -1.16035   2.73919  0.436357  -1.16336   2.74182 -0.445283  -1.14962   2.74526  0.441011  -1.14787   2.74734
vel:   0.0143051   0.0225449  0.00926971   0.0593185  -0.0212479  0.00522614 -0.00720978  -0.0442886   0.0474167   0.0181198   0.0391769   0.0383377
tau:  -0.00305176  -0.00183105  -0.00427246  -0.00427246 -0.000610352   0.00427246   0.00183105 -0.000610352 -0.000610352  -0.00305176 -0.000610352  -0.00305176
Imu Data: 
rpy:  0.00233365 -0.00309349   0.0158565
acc: 0.024758 0.023883  9.81404
omg: -0.00474213  0.00142785 0.000664761
User Command Input: 
axis value:  0 0 0
target mode: 0
Joint Data: 
pos: -0.446281  -1.16035   2.73896   0.43628  -1.16313   2.74182 -0.445207  -1.14947   2.74526  0.440782   -1.1481   2.74719
vel:  0.0272751  0.0381088 -0.0194931 0.00362396  0.0614548  0.0297165  0.0133896  0.0148392  0.0458145  0.0252914 -0.0211716  0.0217056
tau:  -0.00183105 -0.000610352  -0.00305176 -0.000610352   0.00427246   0.00183105 -0.000610352  -0.00183105   0.00427246   0.00183105  0.000610352   0.00183105
Imu Data: 
rpy:  0.0021988 -0.0031302  0.0159503
acc: 0.058639 0.021366  9.79554
omg: -0.00249456 0.000496581 -0.00162146
User Command Input: 
axis value:  0 0 0
target mode: 0
Joint Data: 
pos:  -0.44651  -1.16028   2.73919  0.436204  -1.16328   2.74166 -0.445588  -1.14955   2.74526  0.441011  -1.14779   2.74727
vel:   0.0388718  -0.0392532    0.042305  -0.0163651  -0.0094986  -0.0681686   -0.067482  -0.0252151   0.0094223  -0.0251389 -0.00957489  -0.0146103
tau:  -0.00183105 -0.000610352 -0.000610352   0.00305176 -0.000610352  -0.00305176   0.00305176  -0.00183105  0.000610352  -0.00183105   0.00549316   0.00305176
Imu Data: 
rpy:  0.00260986 -0.00296373   0.0161351
acc: 0.024811 0.005726  9.79837
omg: -0.000133518   0.00147854 -7.11222e-05
User Command Input: 
axis value:  0 0 0
target mode: 0
Joint Data: 
pos:  -0.44651  -1.16028   2.73919   0.43628  -1.16328   2.74174 -0.445436  -1.14955   2.74526  0.440934  -1.14787   2.74734
vel:   0.0172806   -0.074501    0.010643   0.0325394  -0.0211716    0.026741 -0.00179291 -0.00423431  -0.0182724  -0.0114059  -0.0164413   0.0108719
tau: -0.000610352  -0.00305176  -0.00305176   0.00305176  0.000610352   0.00183105  0.000610352  -0.00183105   0.00305176   0.00183105   0.00183105  -0.00305176
Imu Data: 
rpy:  0.00240278 -0.00312369   0.0162558
acc: 0.055272 0.022109  9.77743
omg:  0.000759829   0.00195521 -0.000596536
User Command Input: 
axis value:  0 0 0
target mode: 0
Joint Data: 
pos: -0.446663  -1.16035   2.73911   0.43628  -1.16336   2.74189 -0.445359  -1.14955   2.74518  0.440858  -1.14794   2.74734
vel:  -0.0114059  -0.0177383 -0.00247955  0.00713348  -0.0432968   0.0230789 -0.00705719 -0.00408173  -0.0519943  0.00225067   0.0524521  0.00652313
tau:  -0.00305176  0.000610352  -0.00305176 -0.000610352 -0.000610352  0.000610352   0.00183105 -0.000610352 -0.000610352   0.00183105  -0.00183105  -0.00183105
Imu Data: 
rpy:  0.00239176 -0.00328157    0.016208
acc: 0.054161 0.042531  9.78371
omg:  0.00294774 0.000732724 -0.00170707
User Command Input: 
axis value:  0 0 0
target mode: 0
Joint Data: 
pos: -0.446358  -1.16035   2.73919   0.43628   -1.1632   2.74197 -0.445359  -1.14955   2.74526  0.440934  -1.14787   2.74742
vel:    0.042305  -0.0313187 -0.00774384   0.0672531   0.0150681   0.0179672   0.0704575   0.0177383  -0.0185776  -0.0242233   0.0424576  0.00751495
tau:  -0.00305176  -0.00183105  -0.00183105  -0.00427246   0.00183105   0.00305176  0.000610352  -0.00183105   0.00427246 -0.000610352  0.000610352 -0.000610352
Imu Data: 
rpy: 0.00226135 -0.0033122  0.0160928
acc: 0.021997 0.020912  9.77328
omg:  0.00046808 0.000456945 -0.00103714
User Command Input: 
axis value:  0 0 0
target mode: 0
Joint Data: 
pos: -0.446663   -1.1602   2.73919  0.435975   -1.1632   2.74174  -0.44513  -1.14955   2.74518  0.440858  -1.14794   2.74742
vel:  -0.0130081   0.0422287 -3.8147e-05   -0.071373   0.0285721   0.0125504  -0.0139999  0.00606537  -0.0069046  -0.0414658  0.00774384  0.00911713
tau:  0.000610352 -0.000610352 -0.000610352  -0.00427246  0.000610352  -0.00183105   0.00305176  -0.00183105  0.000610352   0.00305176   0.00183105   0.00183105
Imu Data: 
rpy:  0.00196269 -0.00319969   0.0160082
acc: 0.037036 0.033206  9.80855
omg: -8.23446e-05   0.00163113   0.00112256
User Command Input: 
axis value:  0 0 0
target mode: 0
Joint Data: 
pos: -0.446587   -1.1602   2.73926  0.436204  -1.16336   2.74182 -0.445359  -1.14947   2.74526  0.440934   -1.1481   2.74719
vel:   0.0188065    0.021553  0.00972748 -0.00408173  3.8147e-05  -0.0141525   0.0204086   0.0343704   0.0384903   -0.030632  0.00278473   -0.014534
tau:  -0.00793457 -0.000610352 -0.000610352 -0.000610352  0.000610352   0.00183105  0.000610352  0.000610352  -0.00183105  0.000610352   0.00305176  -0.00549316
Imu Data: 
rpy:   0.0020069 -0.00301897   0.0160148
acc: 0.006976 0.006713  9.81726
omg: -0.00075749 0.000795189   0.0022447
User Command Input: 
axis value:  0 0 0
target mode: 0
Joint Data: 
pos:  -0.44651  -1.16035   2.73903   0.43628  -1.16328   2.74174 -0.445665  -1.14955    2.7451  0.440934  -1.14802   2.74727
vel:    0.0252914    0.0278854   -0.0146103   -0.0128555  -0.00972748  -0.00858307   -0.0459671  -0.00629425  -0.00972748   -0.0214005 -0.000801086   -0.0294876
tau:   0.00183105  -0.00183105  0.000610352 -0.000610352  0.000610352   0.00183105   0.00305176  -0.00183105  -0.00427246   0.00183105   0.00549316   0.00793457
Imu Data: 
rpy: 0.00238227 -0.0029612  0.0160757
acc: 0.026209 0.018928   9.8165
omg: 0.00411447 0.00255097 0.00265831
User Command Input: 
axis value:  0 0 0
target mode: 0
Joint Data: 
pos: -0.446663  -1.16035   2.73934  0.436357   -1.1632   2.74166 -0.445512  -1.14955   2.74518  0.440934   -1.1481   2.74734
vel:    0.033226  -0.0458908  0.00835419   0.0513077  -0.0389481 -0.00591278   0.0231552  -0.0172806 -0.00812531  0.00835419   0.0249863   0.0301743
tau:  0.000610352 -0.000610352   0.00183105  -0.00183105   0.00427246   0.00183105   0.00305176  -0.00183105 -0.000610352  0.000610352 -0.000610352   0.00183105
Imu Data: 
rpy:  0.00239555 -0.00282204   0.0160573
acc: 0.019915 0.026001  9.80316
omg: 0.00165729 0.00305153 0.00213637
User Command Input: 
axis value:  0 0 0
target mode: 0
Joint Data: 
pos:  -0.44651  -1.16012   2.73926  0.436128  -1.16305   2.74189 -0.445283  -1.14955   2.74533  0.441011  -1.14802   2.74734
vel:  0.0191116  0.0348282  0.0427628 0.00278473  0.0115585  0.0219345   -0.02285 0.00888824 -0.0661087 -0.0286484   0.051384 0.00301361
tau: -0.000610352 -0.000610352  -0.00671387  -0.00183105   0.00183105  -0.00183105   0.00305176 -0.000610352   0.00427246   0.00183105 -0.000610352   0.00549316
Imu Data: 
rpy:  0.00194857 -0.00306899   0.0160684
acc: 0.023966 0.042879  9.79513
omg:  -0.00110715   0.00103948 -0.000405964
User Command Input: 
axis value:  0 0 0
target mode: 0
Joint Data: 
pos: -0.446358  -1.16043   2.73903  0.436433  -1.16313   2.74174 -0.445359  -1.14962    2.7451  0.440934  -1.14802   2.74734
vel:   0.0436783  -0.0465775 -0.00522614    -0.04673  0.00545502  -0.0567245  -0.0627518  -0.0242996  -0.0208664    0.024147  0.00164032   0.0100327
tau:  -0.00183105  -0.00183105  0.000610352  -0.00305176 -0.000610352   0.00549316   0.00305176 -0.000610352  -0.00671387  -0.00305176   0.00183105   0.00183105
Imu Data: 
rpy:  0.00186527 -0.00300235   0.0159725
acc: 0.036232 0.016881  9.80382
omg:   0.00198135  0.000821334 -0.000694467
User Command Input: 
axis value:  0 0 0
target mode: 0
Joint Data: 
pos: -0.446205  -1.16043   2.73919  0.436357  -1.16336   2.74197  -0.44513  -1.14962   2.74526  0.440858  -1.14802   2.74727
vel:  0.0130844 -0.0268173  0.0112534 -0.0144577 -0.0621414 -0.0138474  0.0301743 -0.0471115  0.0350571  0.0320053 -0.0242996  0.0153732
tau:  -0.00305176  -0.00183105  -0.00305176  0.000610352   0.00427246  -0.00183105 -0.000610352  -0.00183105  -0.00549316 -0.000610352   0.00305176  0.000610352
Imu Data: 
rpy:  0.00191808 -0.00285621   0.0160085
acc: 0.051938 0.006436  9.77895
omg:  0.00265271 3.90954e-06  0.00204139
User Command Input: 
axis value:  0 0 0
target mode: 0
Joint Data: 
pos: -0.446663  -1.16035   2.73919  0.436357   -1.1632   2.74189 -0.445436  -1.14977   2.74526  0.440858  -1.14779   2.74734
vel:   -0.097847   -0.132713 -0.00225067   0.0606918   -0.028038  0.00209808  0.00370026   -0.059166  -0.0308609 -0.00385284   0.0148392  -0.0133896
tau:  -0.00305176 -0.000610352  -0.00183105  -0.00183105  -0.00183105  -0.00183105   0.00183105 -0.000610352  -0.00549316   0.00183105  0.000610352   0.00305176
Imu Data: 
rpy:   0.0021286 -0.00280396   0.0160422
acc: 0.016424 0.004777  9.80263
omg:   0.00541405 -4.06836e-05  0.000494557
User Command Input: 
axis value:  0 0 0
target mode: 0
Joint Data: 
pos: -0.446358  -1.16043   2.73911  0.436433  -1.16305   2.74189 -0.445359  -1.14955   2.74533  0.441011   -1.1481   2.74711
vel:  -0.0295639   -0.103645  -0.0256729  -0.0253677   0.0170517   0.0167465   0.0649643 -0.00087738 -0.00431061   0.0323105  -0.0373459   0.0146103
tau: -0.000610352  -0.00305176   0.00183105  -0.00183105   0.00305176   0.00427246   0.00183105 -0.000610352  -0.00427246   0.00183105   0.00549316  -0.00183105
Imu Data: 
rpy:  0.00225586 -0.00308152   0.0161898
acc: 0.032805 0.011518  9.78722
omg:  -0.0034177 -0.00148967 -0.00134956
User Command Input: 
axis value:  0 0 0
target mode: 0
Joint Data: 
pos: -0.446815  -1.16035   2.73903  0.436204  -1.16313   2.74189 -0.445359  -1.14947    2.7451  0.440934  -1.14794   2.74734
vel:  -0.0634384   0.0668716 -0.00133514    0.148125 -0.00865936  0.00782013  -0.0518417   0.0114059  0.00087738  -0.0159836  0.00743866  -0.0494766
tau: -0.000610352  -0.00305176 -0.000610352  -0.00183105   0.00305176   0.00183105   0.00671387  -0.00305176   0.00183105   0.00183105   0.00305176  0.000610352
Imu Data: 
rpy:  0.00237492 -0.00305321   0.0160978
acc: 0.026685 0.010912   9.7854
omg:  0.000195425  -0.00167037 -0.000428059
User Command Input: 
axis value:  0 0 0
target mode: 0
Joint Data: 
pos: -0.446663  -1.15997   2.73911  0.436128  -1.16328   2.74189 -0.445512  -1.14962   2.74526  0.440934  -1.14794   2.74734
vel:  -0.0230789   0.0955582 -0.00827789  -0.0670242   0.0434494 -0.00530243  -0.0439835   0.0483322  -0.0167465   0.0515366  -0.0113297  -0.0423813
tau:  0.000610352 -0.000610352  0.000610352  0.000610352   0.00183105   0.00305176  0.000610352  -0.00183105 -0.000610352 -0.000610352  0.000610352  -0.00305176
Imu Data: 
rpy:  0.00231642 -0.00282735   0.0158152
acc: 0.025994 0.012285  9.81017
omg:  0.00410194  0.00089024 0.000403084
User Command Input: 
axis value:  0 0 0
target mode: 0
Joint Data: 
pos:  -0.44651  -1.16035   2.73919  0.436357   -1.1632   2.74189 -0.445283   -1.1497   2.74526  0.441011  -1.14787   2.74742
vel: -0.0590134 -0.0599289  0.0249863  0.0379562 -0.0417709 -0.0181198 0.00812531 0.00217438  0.0207138  0.0283432  0.0724411  0.0695419
tau: 0.000610352 0.000610352 -0.00183105  0.00427246  0.00183105  0.00183105  0.00183105 -0.00305176 -0.00915527 0.000610352  0.00305176  0.00305176
Imu Data: 
rpy: 0.00190799 -0.0029325  0.0159337
acc: 0.056839 0.008192  9.77358
omg:  -0.00075386 -5.34594e-05   0.00183125
User Command Input: 
axis value:  0 0 0
target mode: 0
Joint Data: 
pos: -0.446434   -1.1602   2.73919  0.436128   -1.1632   2.74174 -0.445359  -1.14962   2.74503  0.440705  -1.14794   2.74742
vel:    0.0444412    0.0523758   -0.0226974    0.0240707    0.0423813  -0.00843048   0.00133514     0.014534 -0.000648499   -0.0162125   -0.0431442   0.00461578
tau:  -0.00305176  -0.00183105  0.000610352 -0.000610352  -0.00183105  0.000610352  -0.00183105  -0.00183105 -0.000610352   0.00305176   0.00549316 -0.000610352
Imu Data: 
rpy:  0.00207345 -0.00291172   0.0162231
acc:   0.03414 -0.008201   9.81226
omg:  0.00324504 0.000608108  0.00248624
User Command Input: 
axis value:  0 0 0
target mode: 0
Joint Data: 
pos: -0.446587  -1.16028   2.73926   0.43628  -1.16336   2.74174 -0.445436  -1.14947   2.74526  0.441011  -1.14787   2.74727
vel: -0.0223923  0.0174332  0.0579453  0.0114822  -0.026207 0.00797272 0.00667572  0.0124741  0.0239944 -0.0182724  0.0156784  0.0450516
tau:  0.000610352  -0.00183105  -0.00427246  0.000610352   0.00427246  -0.00183105 -0.000610352  -0.00183105  0.000610352   0.00183105   0.00305176   0.00183105
Imu Data: 
rpy:  0.00227727 -0.00329981   0.0163026
acc: 0.030405 0.029511  9.79763
omg:   -0.0020079  0.000346326 -0.000201638
User Command Input: 
axis value:  0 0 0
target mode: 0
Joint Data: 
pos: -0.446739  -1.16043   2.73911  0.436357  -1.16313   2.74182 -0.445359  -1.14947   2.74526  0.441011  -1.14771   2.74734
vel:    0.0056076   -0.0214767   -0.0120926    0.0437546    0.0701523   0.00736237    0.0167465    0.0238419   0.00743866   -0.0194931 -0.000114441   -0.0281906
tau:  -0.00183105  -0.00183105  0.000610352  -0.00183105   0.00305176   0.00305176 -0.000610352  -0.00183105  -0.00305176   0.00183105   0.00183105  -0.00671387
Imu Data: 
rpy:  0.00252563 -0.00329136   0.0164728
acc: 0.018842 0.003954  9.79529
omg: -0.00346409  0.00166464 0.000104022
User Command Input: 
axis value:  0 0 0
target mode: 0
Joint Data: 
pos: -0.446358  -1.16066   2.73934  0.436204  -1.16328   2.74166 -0.445588  -1.14955   2.74518  0.440934  -1.14771   2.74734
vel:   0.0882339  -0.0231552   0.0568008  -0.0600052  0.00362396   -0.043602  -0.0259018  -0.0172806  0.00461578  -0.0120926   0.0674057 -0.00827789
tau: -0.00549316 -0.00183105 0.000610352 -0.00427246 0.000610352  0.00427246 0.000610352 -0.00183105 -0.00183105  0.00183105  0.00305176 0.000610352
Imu Data: 
rpy:  0.00196624 -0.00304733   0.0164404
acc: 0.011904 0.011313  9.80013
omg: -0.00247835 0.000509793  0.00165866
User Command Input: 
axis value:  0 0 0
target mode: 0
status
STATUS state=0 state_source=LOCAL_DEPLOY_STATE_MACHINE stand_test=LOCKED abort_reason=[] preflight=[OK] acquisition=NOT_REQUESTED ownership=NOT_REQUESTED telemetry=FRESH feedback_age_s=0.000403798 joint_send_enabled=0 forward=0 lateral=0 yaw=0
Joint Data: 
pos: -0.446358   -1.1602   2.73919  0.436051  -1.16336   2.74182 -0.445436  -1.14947   2.74533  0.440934  -1.14787   2.74719
vel: -0.00110626  0.00469208   0.0129318  -0.0133133  -0.0551224 -0.00347137   -0.084877   0.0162888   0.0165176   0.0447464   0.0289536  -0.0773239
tau:  -0.00305176 -0.000610352  -0.00183105  -0.00427246   0.00305176 -0.000610352   0.00183105  -0.00183105 -0.000610352  -0.00183105  0.000610352 -0.000610352
Imu Data: 
rpy:  0.00216793 -0.00297436   0.0164552
acc:  0.037256 -0.004194   9.79544
omg:  -0.00129242 -7.09127e-05  -0.00057814
User Command Input: 
axis value:  0 0 0
target mode: 0
Joint Data: 
pos: -0.446587   -1.1602   2.73926  0.436128  -1.16305   2.74182  -0.44513  -1.14962   2.74526  0.441011  -1.14787   2.74727
vel:    0.052681   0.0544357   0.0460434   0.0233078   0.0260544 -0.00453949   0.0151443 -0.00339508   0.0414658 -3.8147e-05  -0.0640488   0.0401688
tau:  -0.00427246  -0.00183105   0.00183105  -0.00305176 -0.000610352   0.00183105   0.00427246  -0.00183105  0.000610352   0.00549316   0.00183105 -0.000610352
Imu Data: 
rpy:  0.00236209 -0.00300314   0.0165781
acc: 0.040543 0.021113  9.80781
omg:  -0.00113513 -0.000821439 -0.000383135
User Command Input: 
axis value:  0 0 0
target mode: 0
Joint Data: 
pos: -0.446587  -1.16028   2.73911  0.435899   -1.1632   2.74197 -0.445512  -1.14947   2.74526  0.440858  -1.14787   2.74734
vel:     0.128441    0.0390244    0.0185013 -0.000953674  -0.00812531    0.0138474    0.0594711   -0.0104141   0.00812531     0.013237   -0.0348282   -0.0094223
tau:  -0.00427246  -0.00183105   0.00427246  -0.00549316 -0.000610352 -0.000610352   0.00427246 -0.000610352  0.000610352  0.000610352   0.00305176 -0.000610352
Imu Data: 
rpy:  0.00220966 -0.00316524   0.0167007
acc: 0.023022 0.025404  9.80492
omg:   0.00102613 -0.000275727   0.00082493
User Command Input: 
axis value:  0 0 0
target mode: 0
Joint Data: 
pos: -0.446587  -1.16035   2.73919  0.436433   -1.1632   2.74197 -0.445665  -1.14955   2.74541  0.441011  -1.14794   2.74742
vel:   0.076561 -0.0056076 -0.0211716 0.00835419 -0.0392532 -0.0389481   -0.10807  0.0253677 0.00659943  0.0462723   0.028801  -0.021553
tau:  -0.00183105 -0.000610352  -0.00305176   0.00305176   0.00305176  -0.00671387  -0.00427246  -0.00183105   0.00305176   0.00305176   0.00427246 -0.000610352
Imu Data: 
rpy:  0.00223748 -0.00371663   0.0170324
acc: 0.030933 0.020915  9.76222
omg: -1.04022e-05  -0.00059219   0.00445249
User Command Input: 
axis value:  0 0 0
target mode: 0
Joint Data: 
pos: -0.446892  -1.16028   2.73919   0.43628  -1.16328   2.74197 -0.445436  -1.14955    2.7451  0.441011  -1.14787   2.74734
vel:  0.0069809  0.0135422 -0.0329971  0.0555801 -0.0246811  0.0200272  0.0300217  0.0233078 -0.0291061  0.0330734 -0.0233078  0.0431442
tau:  0.000610352  -0.00183105 -0.000610352  -0.00183105  0.000610352 -0.000610352  -0.00183105 -0.000610352    -0.010376 -0.000610352   0.00305176   0.00671387
Imu Data: 
rpy:  0.00209535 -0.00362014   0.0168911
acc:  0.04803 0.029482  9.78877
omg: -0.000414341   0.00120101  -0.00039427
User Command Input: 
axis value:  0 0 0
target mode: 0
Joint Data: 
pos: -0.446968  -1.16028   2.73911  0.436433  -1.16336   2.74182 -0.445436  -1.14955    2.7451  0.440934  -1.14817   2.74719
vel:  -0.0642776 -0.00621796  -0.0561142 -0.00362396  -0.0249863 -0.00270844  -0.0484848  0.00911713  -0.0391006  -0.0111008  -0.0207138   -0.045433
tau:  0.000610352 -0.000610352  -0.00427246   0.00427246   0.00183105  0.000610352  -0.00427246  -0.00305176   0.00671387   0.00305176   0.00305176   0.00305176
Imu Data: 
rpy:  0.00183486 -0.00326483   0.0168073
acc: 0.015208 0.006634  9.81522
omg: -0.000703385   0.00126627  9.09491e-05
User Command Input: 
axis value:  0 0 0
target mode: 0
acquire
ACQUIRE request submitted; MotionSDK exposes no ownership acknowledgement. Verify robot posture and telemetry before the next action.
STATUS state=0 state_source=LOCAL_DEPLOY_STATE_MACHINE stand_test=LOCKED abort_reason=[] preflight=[OK] acquisition=REQUEST_SENT ownership=OWNERSHIP_UNCONFIRMED telemetry=FRESH feedback_age_s=0.000366095 joint_send_enabled=0 forward=0 lateral=0 yaw=0
Joint Data: 
pos: -0.446739  -1.16043   2.73911   0.43628   -1.1632   2.74174 -0.445359  -1.14977   2.74518  0.440934  -1.14794   2.74734
vel:  -0.153923 -0.0708389 -0.0122452 -0.0590897   0.023613 0.00957489 -0.0271988  0.0161362   -0.02285 -0.0794601  0.0754929 -0.0104904
tau: -0.000610352 -0.000610352  -0.00427246  -0.00427246  0.000610352  -0.00305176   0.00427246  -0.00183105  -0.00549316   0.00427246 -0.000610352   0.00671387
Imu Data: 
rpy:  0.00147767 -0.00318971   0.0167601
acc: 0.041288 0.025121  9.77547
omg:  0.00142637  0.00147906 0.000708516
User Command Input: 
axis value:  0 0 0
target mode: 0
Joint Data: 
pos: -0.446358   -1.1602   2.73903  0.436128  -1.16313   2.74182 -0.445359  -1.14955   2.74541  0.440934  -1.14779   2.74734
vel:   0.0414658  -0.0920486  -0.0187302  0.00743866 0.000114441  -0.0326157  -0.0465012  0.00614166  0.00370026 -0.00492096 -0.00507355  -0.0114059
tau: -0.000610352   0.00427246    -0.022583     0.010376   0.00549316   0.00549316    0.0201416  -0.00183105   -0.0140381   0.00183105    0.0213623    0.0140381
Imu Data: 
rpy:  0.00172997 -0.00315934   0.0170897
acc: 0.009504  0.01346  9.78585
omg:  0.000846171 -2.26718e-05   0.00131034
User Command Input: 
axis value:  0 0 0
target mode: 0
Joint Data: 
pos: -0.446587   -1.1602   2.73926  0.436357  -1.16328   2.74189 -0.445283   -1.1497   2.74533  0.440858  -1.14794   2.74727
vel:  -0.0391006   0.0233841  -0.0187302    0.104942 -0.00911713  -0.0239182   0.0226974  -0.0205612   0.0374222  -0.0515366  -0.0761795  -0.0113297
tau:   -0.0189209  0.000610352   -0.0140381  -0.00671387   -0.0128174     0.022583 -0.000610352   -0.0274658  -0.00793457   0.00183105    0.0128174  -0.00427246
Imu Data: 
rpy:  0.00212326 -0.00334192   0.0172627
acc: 0.035863 0.023206  9.80561
omg:  0.00124699 -0.00211703 2.20784e-05
User Command Input: 
axis value:  0 0 0
target mode: 0
Joint Data: 
pos: -0.446587  -1.16035   2.73903  0.436357  -1.16313   2.74182 -0.445588  -1.14939   2.74533  0.441011  -1.14787   2.74719
vel: -0.0458145   0.020256 -0.0339127 -0.0447464  0.0475693 -0.0101852  -0.130348 0.00293732   0.025444 0.00873566 0.00392914  0.0117111
tau:  -0.0274658 -0.00305176   -0.010376  -0.0421143  0.00305176   0.0115967  0.00549316 0.000610352 -0.00549316   0.0140381  -0.0152588  -0.0115967
Imu Data: 
rpy:  0.00230064 -0.00345114   0.0172875
acc: 0.021926 0.012756  9.78804
omg:  -0.00110394 -0.000468848  0.000829712
User Command Input: 
axis value:  0 0 0
target mode: 0
Joint Data: 
pos: -0.446434  -1.16028   2.73919  0.435899  -1.16313   2.74189 -0.445588  -1.14962   2.74518  0.440934  -1.14787   2.74734
vel:    0.051384   0.0136185   0.0458908  -0.0520706   0.0373459   0.0561142 -0.00362396  -0.0386429  -0.0192642  -0.0336075   0.0339127   0.0344467
tau:  0.00549316 -0.00183105 -0.00793457 -0.00915527   0.0140381   0.0152588 -0.00915527 -0.00549316  0.00427246  0.00793457   0.0152588 -0.00793457
Imu Data: 
rpy:  0.00202252 -0.00365221   0.0170989
acc: 0.039849 0.020067  9.80506
omg: -0.00366938 0.000315556  0.00220306
User Command Input: 
axis value:  0 0 0
target mode: 0
Joint Data: 
pos: -0.446587  -1.16051   2.73911  0.436128   -1.1632   2.74182 -0.445436  -1.14955   2.74526  0.441087  -1.14764   2.74734
vel:  0.00347137  -0.0198746   0.0741959 -0.00736237 -0.00995636   0.0109482  -0.0128555  -0.0200272  -0.0348282  0.00659943   0.0260544 -0.00850677
tau:   0.0189209  -0.0469971   -0.010376 -0.00427246   0.0177002   0.0140381 -0.00671387  0.00183105 -0.00549316   0.0140381  0.00183105  0.00305176
Imu Data: 
rpy:  0.00193403 -0.00351459   0.0169519
acc:  0.013748 -0.000202    9.8259
omg: 0.000867882  0.00543562  0.00103255
User Command Input: 
axis value:  0 0 0
target mode: 0
Joint Data: 
pos: -0.446587  -1.16028   2.73896   0.43628  -1.16313   2.74189 -0.445436  -1.14947   2.74518  0.441163  -1.14779   2.74734
vel:  0.00835419   0.0678635   0.0094223  -0.0416183  -0.0133133     0.02491  -0.0120163    0.033989 -0.00263214  0.00286102   0.0214767 0.000267029
tau:   -0.0128174   -0.0189209     0.010376   0.00793457   0.00305176    0.0201416    0.0115967  -0.00549316  -0.00671387  -0.00305176 -0.000610352    0.0213623
Imu Data: 
rpy:  0.00193962 -0.00358649   0.0169268
acc: 0.046491 0.016364  9.80017
omg: 0.000134198  0.00164612 0.000300109
User Command Input: 
axis value:  0 0 0
target mode: 0
Joint Data: 
pos: -0.446739  -1.16058   2.73919   0.43628  -1.16328   2.74182 -0.445665  -1.14955   2.74526  0.440782  -1.14794   2.74742
vel:  -0.0580215 -0.00347137   0.0577927   0.0457382  0.00637054  0.00774384  -0.0806046 -0.00209808  -0.0019455  -0.0942612  -0.0468063   0.0347519
tau:   -0.0128174    0.0140381  -0.00549316    -0.022583    0.0128174  -0.00305176    -0.010376  -0.00549316   -0.0140381  -0.00427246 -0.000610352     0.022583
Imu Data: 
rpy:  0.00210878 -0.00384238   0.0170451
acc: 0.051968 0.007327  9.78558
omg:   0.00037816 -0.000270421   0.00251092
User Command Input: 
axis value:  0 0 0
target mode: 0
status
STATUS state=0 state_source=LOCAL_DEPLOY_STATE_MACHINE stand_test=LOCKED abort_reason=[] preflight=[OK] acquisition=REQUEST_SENT ownership=OWNERSHIP_UNCONFIRMED telemetry=FRESH feedback_age_s=0.000530693 joint_send_enabled=0 forward=0 lateral=0 yaw=0
Joint Data: 
pos: -0.446434  -1.16035   2.73911   0.43628  -1.16328   2.74189 -0.445207  -1.14962   2.74533  0.440782  -1.14794   2.74727
vel:   -0.0329208    0.0056076   -0.0350571    0.0597763 -0.000801086    0.0127029    0.0497055   -0.0445938   -0.0031662  -0.00926971  -0.00476837  -0.00728607
tau:   0.0115967  -0.0299072 -0.00427246   -0.010376   0.0128174  0.00183105 0.000610352   -0.010376  0.00427246   0.0128174   0.0189209  0.00549316
Imu Data: 
rpy:  0.00224268 -0.00375445   0.0172534
acc: 0.040348 0.031162  9.81806
omg: -0.000389994 -0.000393362  0.000185947
User Command Input: 
axis value:  0 0 0
target mode: 0
Joint Data: 
pos:  -0.44651  -1.16043   2.73903  0.436433   -1.1632   2.74174 -0.445359  -1.14947   2.74518  0.441087  -1.14794   2.74734
vel:    0.0754166   -0.0653458 -0.000953674    0.0566483   -0.0102615   -0.0520706    0.0207901    0.0133133   -0.0155258    0.0888443   0.00164032  -0.00705719
tau: -0.000610352  -0.00549316   -0.0128174   -0.0115967   0.00305176 -0.000610352    0.0164795   -0.0177002    0.0164795    -0.010376    0.0213623   0.00427246
Imu Data: 
rpy:   0.0021192 -0.00327703    0.017152
acc: 0.026878 0.020911  9.83934
omg:  -8.3322e-05   -0.0031093 -0.000813864
User Command Input: 
axis value:  0 0 0
target mode: 0
Joint Data: 
pos: -0.446434  -1.16028   2.73926   0.43628  -1.16297   2.74189 -0.445436  -1.14955   2.74518  0.440782  -1.14802   2.74727
vel:   0.00675201    0.0483322    0.0387192   0.00514984    0.0104904 -0.000648499   -0.0672531   -0.0162125    0.0271988  -0.00278473   -0.0466537    0.0322342
tau: -0.00305176  0.00305176  0.00183105   0.0140381  0.00793457  0.00671387  0.00427246  0.00183105 -0.00793457   0.0177002 -0.00427246   -0.010376
Imu Data: 
rpy:  0.00195899 -0.00315507   0.0172041
acc: 0.045093 0.006836   9.7954
omg:  0.000273004 -0.000202545 -0.000679457
User Command Input: 
axis value:  0 0 0
target mode: 0
Joint Data: 
pos: -0.446663   -1.1602   2.73934  0.436204  -1.16313   2.74166 -0.445283  -1.14955   2.74541  0.440934  -1.14779   2.74734
vel:  0.00545502   0.0242233 -0.00911713  0.00957489  -0.0164413  -0.0308609 -0.00118256  0.00804901   0.0339127   0.0407791  -0.0175858 -0.00957489
tau:  0.000610352  0.000610352   0.00183105  -0.00427246  0.000610352  0.000610352  -0.00305176  -0.00183105   0.00305176  0.000610352   0.00427246 -0.000610352
Imu Data: 
rpy:  0.00205736 -0.00358313   0.0171206
acc: 0.023634 0.018303  9.79846
omg:  0.00190847 0.000172857  0.00112879
User Command Input: 
axis value:  0 0 0
target mode: 0
Joint Data: 
pos: -0.446587  -1.16051   2.73919  0.436128   -1.1632   2.74189 -0.445359  -1.14947   2.74526  0.440858  -1.14802   2.74734
vel:   0.0764847   0.0243759   0.0449753  -0.0387955   0.0408554   0.0204849  0.00247955  -0.0218582  -0.0242996  -0.0518417 -0.00797272   0.0143051
tau:  -0.00183105 -0.000610352  0.000610352 -0.000610352  0.000610352   0.00427246   0.00427246 -0.000610352  -0.00183105  -0.00183105  0.000610352   0.00183105
Imu Data: 
rpy:  0.00243542 -0.00358651   0.0170948
acc:  0.052862 -0.010332   9.79857
omg:  -0.00132207   0.00324127 -0.000234921
User Command Input: 
axis value:  0 0 0
target mode: 0
Joint Data: 
pos: -0.446587  -1.16043   2.73926  0.436051   -1.1632   2.74174 -0.445283  -1.14955   2.74533  0.441011  -1.14794   2.74734
vel: 0.00431061 -0.0632858 -0.0335312 -0.0210953  0.0367355  0.0268173  0.0114822 -0.0179672 -0.0136185 -0.0234604  0.0392532  0.0236893
tau: -0.000610352 -0.000610352  -0.00183105  -0.00183105   0.00183105  0.000610352   0.00427246  -0.00305176  -0.00793457  0.000610352  0.000610352  -0.00793457
Imu Data: 
rpy:  0.00251158 -0.00377455   0.0170804
acc: 0.017112 0.006809  9.78881
omg: -2.55516e-05   0.00329639  0.000330461
User Command Input: 
axis value:  0 0 0
target mode: 0
Joint Data: 
pos:  -0.44651  -1.16051   2.73911  0.436051  -1.16313   2.74174 -0.445359  -1.14955   2.74518  0.441087  -1.14802   2.74727
vel:  -0.0276566 -0.00217438   0.0389481   0.0516129 -0.00995636  -0.0226212   -0.052681   0.0255203  -0.0211716   0.0109482    0.054512 -0.00797272
tau:  -0.00183105 -0.000610352  0.000610352  0.000610352  0.000610352  0.000610352   0.00305176  -0.00183105  -0.00305176   0.00305176 -0.000610352   0.00183105
Imu Data: 
rpy:  0.00215051 -0.00380751   0.0172337
acc: 0.018868 0.011637  9.79539
omg: -0.00041668 -0.00197962 3.14159e-06
User Command Input: 
axis value:  0 0 0
target mode: 0
Joint Data: 
pos: -0.446587  -1.16035   2.73903  0.436051  -1.16313   2.74197 -0.445359  -1.14962   2.74518  0.441011  -1.14787   2.74727
vel: -0.00408173  -0.0407028  -0.0230789  -0.0555038   0.0149918   0.0211716  -0.0629807  0.00598907  0.00339508  0.00255585  -0.0164413  -0.0347519
tau:  -0.00183105 -0.000610352 -0.000610352  -0.00305176 -0.000610352   0.00305176   0.00183105 -0.000610352  -0.00427246 -0.000610352   0.00305176 -0.000610352
Imu Data: 
rpy:  0.00179861 -0.00335358   0.0172745
acc: 0.026787 0.021907  9.80539
omg:  0.00175172 -0.00247978  0.00113888
User Command Input: 
axis value:  0 0 0
target mode: 0
Joint Data: 
pos: -0.446587   -1.1602   2.73926  0.436204  -1.16328   2.74182 -0.445436  -1.14955   2.74526  0.440782  -1.14779   2.74711
vel:   0.0632095  -0.0180435   0.0194931  0.00667572   -0.015831  -0.0124741  -0.0303268  -0.0226212  -0.0246811 -0.00278473   0.0137711  -0.0186539
tau:  -0.00305176 -0.000610352  -0.00183105  0.000610352   0.00183105  0.000610352  -0.00427246  -0.00183105   0.00183105 -0.000610352   0.00427246   0.00183105
Imu Data: 
rpy:  0.00189403 -0.00313712   0.0173523
acc:  0.03637 0.008113  9.79393
omg:     0.002073    0.0034236 -0.000803375
User Command Input: 
axis value:  0 0 0
target mode: 0
Joint Data: 
pos:  -0.44651  -1.16028   2.73926   0.43628  -1.16313   2.74174 -0.445359  -1.14955    2.7451  0.440629  -1.14787   2.74734
vel:  0.0195694  0.0947952 0.00270844 0.00324249  0.0426865 -0.0164413 0.00965118  0.0167465 -0.0413132 -0.0223923  -0.014534 -0.0282669
tau:  -0.00305176 -0.000610352  0.000610352  -0.00549316   0.00183105  0.000610352  -0.00183105  -0.00183105 -0.000610352   0.00183105  0.000610352   0.00305176
Imu Data: 
rpy:  0.00216049 -0.00324034   0.0175648
acc: 0.038885 0.017909  9.81403
omg: -0.000715533 -0.000792292  -0.00011781
User Command Input: 
axis value:  0 0 0
target mode: 0
Joint Data: 
pos: -0.446434  -1.16005   2.73919  0.436204  -1.16313   2.74189 -0.445207  -1.14962   2.74533  0.441011  -1.14802   2.74734
vel:  -0.0427628   0.0606918  -0.0185013   0.0191879  0.00484467  -0.0031662   0.0623703 -0.00545502  -0.0178146  0.00972748   -0.018959  0.00843048
tau: -0.00427246 -0.00183105 -0.00549316 0.000610352  0.00427246  0.00183105 0.000610352 -0.00183105 -0.00183105  0.00305176 0.000610352  0.00305176
Imu Data: 
rpy:  0.00202467 -0.00334454   0.0176487
acc: -0.003715  0.015141   9.79627
omg: -0.000168738 -0.000475759  -0.00105542
User Command Input: 
axis value:  0 0 0
target mode: 0
Joint Data: 
pos: -0.446892  -1.16012   2.73903  0.436128  -1.16328   2.74174 -0.445359  -1.14955   2.74518  0.441011  -1.14794    2.7475
vel:   0.0226212  -0.0159836   0.0170517   0.0214767   0.0301743 -0.00232697   0.0448227 0.000801086   0.0216293   0.0439072 -0.00797272  -0.0156021
tau:  0.000610352  -0.00183105  -0.00305176  -0.00305176 -0.000610352   0.00427246   0.00183105  -0.00183105  -0.00427246  0.000610352  -0.00183105   0.00183105
Imu Data: 
rpy:  0.00172639 -0.00336213   0.0174258
acc: 0.047283 0.014548  9.78512
omg: -0.00185619 -0.00192539  0.00307764
User Command Input: 
axis value:  0 0 0
target mode: 0
Joint Data: 
pos: -0.446663  -1.16028   2.73911  0.436433   -1.1632   2.74189 -0.445436  -1.14955   2.74526  0.441011  -1.14794   2.74734
vel:  -0.0542831 -0.00988007  -0.0463486   0.0426102   0.0331497   0.0226212   0.0571823   -0.028801   0.0101089  -0.0303268 -0.00614166   0.0130844
tau:  0.000610352 -0.000610352  -0.00305176  -0.00671387   0.00305176   0.00305176   0.00305176  -0.00183105 -0.000610352   0.00305176   0.00549316  0.000610352
Imu Data: 
rpy:  0.00158425 -0.00331321   0.0174457
acc: 0.037285 0.016647  9.80724
omg: 0.000554334  0.00251123 0.000588333
User Command Input: 
axis value:  0 0 0
target mode: 0
Joint Data: 
pos: -0.446739  -1.16043   2.73919  0.436204   -1.1632   2.74182 -0.445512  -1.14955   2.74533  0.440934  -1.14802   2.74719
vel:  -0.0238419   -0.103722 -0.00492096   0.0168991   0.0207138  -0.0261307   0.0198746   0.0108719  -0.0181198   0.0426865   0.0179672  -0.0140762
tau: -0.000610352 -0.000610352  -0.00671387 -0.000610352   0.00183105 -0.000610352  -0.00183105 -0.000610352   0.00427246   0.00183105   0.00305176   0.00305176
Imu Data: 
rpy:  0.00146318 -0.00315641   0.0175686
acc:  0.03469 0.029153  9.80578
omg:  -0.00418006   0.00237796 -0.000803375
User Command Input: 
axis value:  0 0 0
target mode: 0
Joint Data: 
pos: -0.446587  -1.16035   2.73911  0.436204   -1.1632   2.74174 -0.445283  -1.14947    2.7451  0.441011  -1.14802   2.74742
vel:  -0.0878525 -0.00156403   0.0107956  -0.0159073  -0.0655746  -0.0111008   0.0806046   0.0152206  -0.0751877  -0.0543594  -0.0761795  0.00720978
tau: -0.00427246 -0.00183105 0.000610352 0.000610352 0.000610352  0.00305176  0.00305176 -0.00305176  0.00549316 -0.00183105  0.00305176 -0.00549316
Imu Data: 
rpy:  0.00158616 -0.00328649   0.0175953
acc: 0.026692 0.006825  9.78295
omg:   0.00294454 -0.000673139 -4.00379e-05
User Command Input: 
axis value:  0 0 0
target mode: 0
Joint Data: 
pos:  -0.44651  -1.16043   2.73911  0.435899  -1.16313   2.74182 -0.445283  -1.14955    2.7451  0.440858  -1.14794   2.74727
vel:  -0.0233841   0.0436783  0.00988007   0.0133896  -0.0130844   0.0629807  -0.0312424  -0.0369644 -0.00217438   0.0265121   0.0219345  0.00759125
tau:  -0.00183105  -0.00305176  0.000610352  0.000610352   0.00305176  0.000610352  -0.00305176 -0.000610352  -0.00183105  -0.00183105   0.00183105 -0.000610352
Imu Data: 
rpy:   0.0019633 -0.00326825   0.0175937
acc: 0.025452 0.014894  9.79311
omg: 2.48535e-05  0.00315606 2.71224e-05
User Command Input: 
axis value:  0 0 0
target mode: 0
Joint Data: 
pos:  -0.44651  -1.16035   2.73926   0.43628  -1.16328   2.74182 -0.445283  -1.14955   2.74518  0.440858  -1.14802   2.74727
vel: 0.000343323  -0.0186539   0.0420761    0.026741  3.8147e-05  -0.0468826   0.0169754    0.018959  -0.0227737   -0.026207  -0.0246048  -0.0127029
tau: -0.000610352 -0.000610352  -0.00305176 -0.000610352   0.00305176  0.000610352   0.00671387  -0.00183105 -0.000610352 -0.000610352  0.000610352 -0.000610352
Imu Data: 
rpy:  0.00169461 -0.00317999   0.0175039
acc: 0.012589  0.02999   9.7916
omg: -0.00108603  0.00194466  -0.0031606
User Command Input: 
axis value:  0 0 0
target mode: 0
Joint Data: 
pos:  -0.44651  -1.16035   2.73919   0.43628   -1.1632   2.74174 -0.445359  -1.14955   2.74518  0.440858  -1.14779   2.74711
vel:    0.0187302   -0.0844193 -0.000648499   -0.0490952   0.00614166   -0.0474167    0.0409317   -0.0129318   -0.0203323    0.0278091    0.0323868  -0.00675201
tau: -0.000610352 -0.000610352  -0.00427246 -0.000610352 -0.000610352   0.00305176   0.00183105  -0.00183105  -0.00305176   0.00305176   0.00549316  0.000610352
Imu Data: 
rpy:  0.00137092 -0.00314976   0.0173082
acc:  0.036803 -0.004785    9.7999
omg: -0.00156078  0.00400101 -0.00266493
User Command Input: 
axis value:  0 0 0
target mode: 0
Joint Data: 
pos: -0.446739  -1.16012   2.73903  0.436204  -1.16297   2.74189 -0.445436  -1.14939   2.74518  0.440858  -1.14802   2.74727
vel:  -0.0355148    0.101051  -0.0359726  -0.0117111  -0.0082016   0.0218582 -0.00339508  0.00667572   0.0352859   0.0281906  -0.0721359 -0.00347137
tau:  -0.00183105  -0.00305176 -0.000610352  0.000610352 -0.000610352   0.00183105   0.00183105  -0.00183105   0.00183105   0.00427246   0.00427246   0.00915527
Imu Data: 
rpy:  0.00144887 -0.00294509   0.0171464
acc:  0.024992 -0.003742   9.78697
omg: -0.000666105  -0.00146115  -0.00104474
User Command Input: 
axis value:  0 0 0
target mode: 0
Joint Data: 
pos: -0.446739  -1.16012   2.73919  0.436051   -1.1632   2.74166 -0.445665  -1.14955   2.74533  0.440934  -1.14787   2.74727
vel:  -0.0777817   0.0336075 -0.00362396 -0.00133514   0.0271988  -0.0407791  -0.0577164  -0.0260544   0.0266647  -0.0442886   0.0403214   0.0130081
tau:  -0.00549316 -0.000610352 -0.000610352  -0.00183105   0.00183105   0.00183105  -0.00549316  0.000610352   0.00427246 -0.000610352   0.00793457  -0.00305176
Imu Data: 
rpy:   0.0016294 -0.00291199   0.0170517
acc: 0.030049 0.012555  9.78967
omg:  0.00133006  0.00246673 0.000144705
User Command Input: 
axis value:  0 0 0
target mode: 0
Joint Data: 
pos: -0.446434  -1.16028   2.73919  0.436204  -1.16336   2.74189 -0.445359  -1.14955   2.74518  0.440858  -1.14771   2.74719
vel:  -0.0528336  -0.0349045 -0.00904083  -0.0110245  -0.0268173  -0.0129318  -0.0478745 -0.00545502    0.021019    0.021019  -0.0122452  -0.0242996
tau:  0.000610352 -0.000610352  -0.00671387  0.000610352   0.00305176   0.00183105  -0.00305176  0.000610352 -0.000610352   0.00183105  0.000610352  -0.00183105
Imu Data: 
rpy:  0.00176064 -0.00313932   0.0172138
acc: 0.025372 0.013142   9.7882
omg:  0.00304094 0.000902754 -0.00123782
User Command Input: 
axis value:  0 0 0
target mode: 0
Joint Data: 
pos: -0.446205  -1.16012   2.73926   0.43628   -1.1632   2.74174 -0.445359  -1.14955   2.74533  0.441011  -1.14794   2.74734
vel:   0.0260544  -0.0414658 -0.00385284  0.00133514   0.0069809  0.00530243  0.00774384 -0.00476837   0.0135422   0.0127792  -0.0342178    0.048027
tau: -0.000610352  -0.00183105  -0.00305176  -0.00183105   0.00427246 -0.000610352  -0.00183105 -0.000610352 -0.000610352   0.00305176   0.00305176 -0.000610352
Imu Data: 
rpy:  0.00188098 -0.00350984   0.0173529
acc:  0.03262 0.023778  9.80149
omg: -0.000204849   -0.0015253   -0.0012698
User Command Input: 
axis value:  0 0 0
target mode: 0
Joint Data: 
pos: -0.44651 -1.16012  2.73919 0.436357 -1.16313  2.74182 -0.44513 -1.14955  2.74526 0.441163 -1.14779   2.7475
vel:  0.0831985  0.0566483 -0.0302505 -0.0770187  0.0455093 -0.0343704 -0.0281906 -0.0159836 0.00133514  0.0571823  0.0056076  0.0477219
tau:  -0.00305176 -0.000610352   0.00183105  -0.00183105   0.00183105   0.00427246  0.000610352 -0.000610352  -0.00305176   0.00183105   0.00183105  -0.00549316
Imu Data: 
rpy:  0.00183164 -0.00342943   0.0172762
acc: 0.013934 0.013064  9.80518
omg:  -0.00368378  0.000709529 -0.000513249
User Command Input: 
axis value:  0 0 0
target mode: 0
Joint Data: 
pos:  -0.44651  -1.16012   2.73903  0.436128  -1.16305   2.74197 -0.445436  -1.14955   2.74526  0.440782  -1.14802   2.74734
vel: -0.0186539  0.0394821 -0.0335312  0.0149155   0.052681  0.0186539 -0.0399399 -0.0262833 0.00278473  0.0494766 -0.0331497  0.0485611
tau: 0.000610352 -0.00183105  0.00183105 -0.00183105  0.00183105  0.00305176 0.000610352  0.00183105 -0.00915527 0.000610352  0.00183105  0.00305176
Imu Data: 
rpy:  0.00169444 -0.00339004   0.0172831
acc: 0.032065 0.013419  9.80768
omg: -0.000448846   0.00257967  -1.8867e-05
User Command Input: 
axis value:  0 0 0
target mode: 0
Joint Data: 
pos:  -0.44651  -1.16043   2.73903  0.436357  -1.16328   2.74197 -0.445359  -1.14947    2.7451  0.441011   -1.1481   2.74727
vel:  0.0361252  0.0094986  0.0281906 0.00682831 0.00354767 0.00965118  0.0531387 0.00804901 -0.0105667  0.0619888 0.00278473 -0.0234604
tau: -0.000610352 -0.000610352   0.00183105   0.00183105 -0.000610352   0.00305176   0.00427246 -0.000610352   0.00183105   0.00305176   0.00305176  -0.00305176
Imu Data: 
rpy:  0.00186558 -0.00327808   0.0173364
acc: 0.018987 0.027576  9.79469
omg:   0.00114446 -0.000910626   0.00139714
User Command Input: 
axis value:  0 0 0
target mode: 0
Joint Data: 
pos: -0.446587  -1.16028   2.73919  0.436357   -1.1632   2.74174 -0.445512  -1.14947    2.7451  0.440934  -1.14779   2.74727
vel: -0.00782013  0.00652313  -0.0374985   0.0325394  -0.0115585  -0.0207901   0.0107956   0.0221634  -0.0123978 -0.00537872  0.00789642  0.00652313
tau:  0.000610352 -0.000610352  -0.00427246   0.00183105  0.000610352   0.00305176   0.00549316 -0.000610352  -0.00549316 -0.000610352   0.00183105  0.000610352
Imu Data: 
rpy:  0.00208296 -0.00345134   0.0173751
acc: 0.043458 0.011031  9.79365
omg:  0.00219992 0.000629366  0.00161898
User Command Input: 
axis value:  0 0 0
target mode: 0
Joint Data: 
pos: -0.446739  -1.16028   2.73934   0.43628   -1.1632   2.74174 -0.445207  -1.14947   2.74526  0.440934  -1.14787   2.74727
vel:    0.0223923    0.0442886    0.0330734   -0.0342178 -0.000495911    0.0279617    0.0680923   -0.0285721   -0.0130844   0.00980377     -0.01194    0.0365067
tau:   0.00305176 -0.000610352  -0.00305176  -0.00183105   0.00183105   0.00183105 -0.000610352  0.000610352  -0.00549316   0.00183105   0.00183105 -0.000610352
Imu Data: 
rpy:  0.00202797 -0.00340191   0.0173797
acc: 0.039009 0.021133  9.78029
omg:  0.00330248 -0.00157863 0.000856904
User Command Input: 
axis value:  0 0 0
target mode: 0
Joint Data: 
pos: -0.446663  -1.15997   2.73903  0.436128  -1.16328   2.74189 -0.445436  -1.14955    2.7451  0.441011  -1.14794   2.74734
vel: -0.0806808  0.0175858 0.00675201 -0.0995255  0.0237656  0.0161362  0.0399399 -0.0243759 0.00988007  0.0469589   0.022316   0.029335
tau:  -0.00183105  -0.00305176   0.00305176 -0.000610352 -0.000610352  -0.00549316  0.000610352  -0.00305176  -0.00427246  0.000610352  0.000610352   0.00793457
Imu Data: 
rpy:  0.00154097 -0.00337566   0.0172646
acc: 0.025689  0.03416  9.77251
omg: -0.000297299  -0.00266939  -0.00117016
User Command Input: 
axis value:  0 0 0
target mode: 0
Joint Data: 
pos: -0.446663  -1.16012   2.73911  0.436051   -1.1632   2.74182 -0.445359  -1.14955   2.74518  0.440705  -1.14787   2.74742
vel:   0.0232315 0.000495911   0.0308609   0.0159836   0.0438309  0.00331879   0.0393295  -0.0200272   -0.029335   0.0154495  -0.0134659  -0.0178909
tau: -0.000610352 -0.000610352   0.00183105  0.000610352 -0.000610352   0.00305176  0.000610352  0.000610352   0.00305176   0.00183105   0.00183105  -0.00305176
Imu Data: 
rpy:  0.00143897 -0.00316791   0.0172305
acc: 0.044788 0.021774  9.78722
omg:   0.00204025   0.00148924 -0.000640867
User Command Input: 
axis value:  0 0 0
target mode: 0
Joint Data: 
pos: -0.446587  -1.16066   2.73926   0.43628  -1.16343   2.74189 -0.445283  -1.14947   2.74518  0.440858  -1.14794   2.74719
vel:  -0.0682449  -0.0341415 -0.00720978  0.00278473  -0.0107193 -0.00370026  -0.0104904   -0.031395  -0.0100327   0.0314713  -0.0187302 -0.00911713
tau: -0.000610352  -0.00183105  -0.00183105  -0.00183105  -0.00305176  -0.00183105  -0.00183105 -0.000610352  -0.00427246  0.000610352  0.000610352  -0.00671387
Imu Data: 
rpy:  0.00132247 -0.00309625   0.0169186
acc: 0.047267 0.008716  9.79121
omg: -0.00142967 -0.00371122 -0.00303277
User Command Input: 
axis value:  0 0 0
target mode: 0
Joint Data: 
pos:  -0.44651  -1.16043   2.73926  0.436051  -1.16328   2.74174 -0.445436  -1.14947   2.74503  0.441011  -1.14794   2.74727
vel:   0.00576019    0.0706863   -0.0278854  -0.00415802    0.0277328    0.0164413    0.0547409   0.00156403 -0.000267029    0.0240707    0.0107956  -0.00759125
tau: -0.000610352 -0.000610352 -0.000610352   0.00183105  -0.00183105   0.00427246   0.00671387  -0.00183105  0.000610352   0.00183105   0.00183105   0.00305176
Imu Data: 
rpy:   0.0014906 -0.00297476   0.0169218
acc: 0.033399  0.01036  9.78342
omg: -0.00117213 -0.00175091  0.00331447
User Command Input: 
axis value:  0 0 0
target mode: 0
Joint Data: 
pos: -0.446434  -1.16005   2.73903  0.436051  -1.16328   2.74189 -0.445512  -1.14947   2.74503  0.441011  -1.14802   2.74719
vel:   -0.060463  -0.0295639   0.0136185  0.00545502 -0.00415802  -0.0122452   0.0164413    0.030632  -0.0244522 -0.00492096  -0.0126266  0.00392914
tau: -0.00183105 -0.00183105 -0.00671387 -0.00305176  0.00427246  0.00183105  0.00427246 -0.00183105 -0.00549316  0.00305176 0.000610352  0.00183105
Imu Data: 
rpy:  0.00190925 -0.00299181   0.0170357
acc: 0.032387 0.022824  9.79506
omg:  0.000977454   -0.0011215 -0.000843151
User Command Input: 
axis value:  0 0 0
target mode: 0
Joint Data: 
pos: -0.446434  -1.16035   2.73919  0.435899  -1.16328   2.74197 -0.445359   -1.1497   2.74541  0.440934  -1.14794   2.74719
vel:   0.111656  0.0291824 -0.0226212 -0.0722122 -0.0414658  0.0255203  0.0334549   0.045433  0.0182724 -0.0114059 -0.0315475 -0.0223923
tau:  -0.00427246 -0.000610352  -0.00427246  -0.00183105   0.00183105   0.00183105  0.000610352 -0.000610352   0.00549316 -0.000610352  0.000610352   0.00427246
Imu Data: 
rpy:  0.00190105 -0.00277322   0.0171536
acc: 0.023921 0.034068  9.81634
omg: 0.00193492  0.0012784 0.00102653
User Command Input: 
axis value:  0 0 0
target mode: 0
Joint Data: 
pos: -0.446968  -1.16035   2.73934  0.436051  -1.16305   2.74182 -0.445588  -1.14947   2.74518  0.441087   -1.1481   2.74734
vel:  0.00431061   0.0488663 -0.00667572  -0.0534439  -0.0378036  -0.0318527   -0.018425   0.0271988  -0.0133896   0.0362015 0.000648499   0.0105667
tau:  -0.00305176  -0.00183105  -0.00427246  0.000610352   0.00427246  -0.00183105 -0.000610352  -0.00183105  -0.00671387   0.00183105  0.000610352   0.00305176
Imu Data: 
rpy:  0.00156196 -0.00288845   0.0170643
acc: 0.017271 0.046009  9.80028
omg: -0.000833622    0.0038633 -0.000521504
User Command Input: 
axis value:  0 0 0
target mode: 0
Joint Data: 
pos: -0.446434   -1.1602   2.73903  0.436357  -1.16328   2.74174 -0.445359  -1.14947   2.74533  0.441087  -1.14802   2.74734
vel:  0.00179291  -0.0168991  -0.0296402   0.0316238  -0.0231552  -0.0208664  -0.0542068   0.0094986   0.0387955 -0.00270844  -0.0568771 -0.00843048
tau: -0.000610352 -0.000610352 -0.000610352  0.000610352   0.00427246   0.00305176   0.00183105  -0.00183105  -0.00183105 -0.000610352   0.00549316   0.00305176
Imu Data: 
rpy:  0.00116523 -0.00281296   0.0170922
acc: 0.014601 0.014401  9.79738
omg:   0.0022261 -0.00186715 -0.00245369
User Command Input: 
axis value:  0 0 0
target mode: 0
Joint Data: 
pos: -0.446587  -1.16043   2.73919  0.436128  -1.16328   2.74182  -0.44513  -1.14947   2.74533  0.441087   -1.1481   2.74734
vel:  -0.0362778  -0.0368118  -0.0303268  -0.0731277   0.0134659   0.0150681  -0.0723648   0.0270462   0.0166702   0.0477982 -0.00614166 0.000419617
tau: -0.000610352 -0.000610352  -0.00305176  -0.00427246  0.000610352  0.000610352  -0.00305176  -0.00183105  -0.00549316   0.00305176   0.00305176   0.00183105
Imu Data: 
rpy:  0.00124233 -0.00276261   0.0171743
acc:  0.03779 0.017675    9.803
omg: -0.000243404   0.00137338  -0.00394369
User Command Input: 
axis value:  0 0 0
target mode: 0
Joint Data: 
pos: -0.446663   -1.1602   2.73919   0.43628   -1.1632   2.74182 -0.445359  -1.14955   2.74518  0.440782  -1.14794   2.74734
vel:   0.0163651  -0.0686264 -0.00240326 -0.00270844  -0.0344467 -0.00347137  -0.0431442   0.0156784  0.00667572    0.015831  -0.0287247   0.0270462
tau:  -0.00305176  0.000610352  -0.00183105  -0.00183105   0.00183105  0.000610352 -0.000610352  -0.00305176  -0.00671387  -0.00183105   0.00427246   0.00549316
Imu Data: 
rpy:  0.00145545 -0.00263807   0.0172405
acc: 0.021408  0.02224   9.7752
omg: 0.000347984  0.00130689  0.00269596
User Command Input: 
axis value:  0 0 0
target mode: 0
Joint Data: 
pos: -0.446358  -1.16028   2.73903  0.436433   -1.1632   2.74189 -0.445283  -1.14962   2.74526  0.440934  -1.14802   2.74727
vel:  -0.0239944  -0.0239182  -0.0240707  -0.0380325   0.0138474  0.00904083   -0.028038  -0.0232315  -0.0360489 -0.00423431  -0.0736618   -0.031929
tau:  -0.00183105 -0.000610352  -0.00549316   0.00305176  0.000610352  0.000610352  -0.00183105  -0.00305176  -0.00305176  0.000610352   0.00427246   0.00183105
Imu Data: 
rpy:  0.00148414 -0.00296367   0.0171308
acc: 0.049971 0.048807   9.7828
omg:  0.000849277 -0.000386713  0.000595681
User Command Input: 
axis value:  0 0 0
target mode: 0
Joint Data: 
pos:  -0.44651  -1.16028   2.73919  0.436433  -1.16313   2.74182 -0.445283   -1.1497   2.74533  0.440782  -1.14779   2.74734
vel:   0.0838089  -0.0346756  -0.0168991  0.00545502  0.00614166  -0.0203323  -0.0416946  -0.0257492 -0.00888824  0.00476837   0.0247574   0.0439072
tau:  -0.00427246 -0.000610352   0.00183105 -0.000610352  0.000610352  0.000610352  -0.00183105 -0.000610352  0.000610352  -0.00305176 -0.000610352   0.00549316
Imu Data: 
rpy:  0.00107223 -0.00295802   0.0168341
acc: 0.031198 0.007298  9.77373
omg:  -0.00265269 -8.78075e-05  -0.00116857
User Command Input: 
axis value:  0 0 0
target mode: 0
Joint Data: 
pos:  -0.44651  -1.16035   2.73934  0.436128  -1.16313   2.74189 -0.445054  -1.14947   2.74518  0.440782  -1.14779   2.74719
vel:  0.00278473  -0.0601578  0.00270844   0.0138474 -0.00278473   0.0510025 -0.00125885 -0.00370026   0.0201797  -0.0551987  -0.0178146  -0.0186539
tau:  -0.00183105 -0.000610352   0.00305176  -0.00549316   0.00305176   0.00427246   0.00549316  -0.00183105    -0.010376   0.00183105  0.000610352  0.000610352
Imu Data: 
rpy:  0.00096028 -0.00287545   0.0168594
acc: 0.030971  0.00096   9.8054
omg: 0.00103599 0.00185715 -0.0010499
User Command Input: 
axis value:  0 0 0
target mode: 0
Joint Data: 
pos: -0.446739   -1.1602   2.73926  0.436051  -1.16305   2.74182 -0.445207  -1.14947    2.7451  0.440858  -1.14787   2.74734
vel:   -0.059166   0.0600052  -0.0242996   0.0347519  0.00476837   0.0220871   0.0271988    0.013237  0.00164032  -0.0152206  -0.0310135 -0.00202179
tau: -0.00549316 -0.00183105 0.000610352 -0.00427246  0.00183105 0.000610352 -0.00427246 -0.00305176 -0.00427246  0.00183105 0.000610352  0.00305176
Imu Data: 
rpy:  0.00121428 -0.00297977   0.0169078
acc: 0.053651 0.011051  9.79226
omg: -0.00520703 -0.00100578  0.00178709
User Command Input: 
axis value:  0 0 0
target mode: 0
Joint Data: 
pos: -0.44651 -1.16012  2.73911 0.436128 -1.16336  2.74189 -0.44513 -1.14947  2.74526 0.440934 -1.14794  2.74727
vel:  0.0510788  0.0287247 0.00263214 -0.0680161 -0.0107193 0.00499725   0.043602 -0.0249863  0.0140762 0.00743866  0.0323868  0.0133133
tau:  -0.00305176  -0.00183105 -0.000610352  -0.00671387   0.00183105   0.00305176 -0.000610352 -0.000610352 -0.000610352  0.000610352 -0.000610352 -0.000610352
Imu Data: 
rpy:  0.00156219 -0.00323197   0.0172464
acc: 0.061946  0.01191  9.82073
omg: 0.00188541 0.00171365 0.00167892
User Command Input: 
axis value:  0 0 0
target mode: 0
Joint Data: 
pos: -0.446663  -1.16051   2.73926  0.436128   -1.1632   2.74189 -0.445436  -1.14955   2.74526  0.440629  -1.14802   2.74742
vel:  -0.0276566  -0.0509262 -0.00408173   0.0435257  -0.0108719   0.0246811  -0.0116348  0.00499725  -0.0450516  -0.0595474  -0.0475693   0.0416183
tau:  -0.00305176  0.000610352  -0.00183105  0.000610352   0.00183105   0.00183105   0.00549316  0.000610352 -0.000610352  -0.00183105   0.00183105   0.00183105
Imu Data: 
rpy:  0.00194287 -0.00322067    0.017036
acc: 0.043787 0.022769  9.78272
omg:  -0.00138614 -0.000226212 -0.000161408
User Command Input: 
axis value:  0 0 0
target mode: 0
Joint Data: 
pos:  -0.44651  -1.16051   2.73919  0.436204  -1.16313   2.74189 -0.445054  -1.14955   2.74518  0.440934   -1.1481   2.74742
vel:  -0.0217056   -0.143394 -0.00675201  -0.0353622   0.0207901  -0.0567245   0.0847244  -0.0056839 -0.00797272    0.019722  -0.0209427 -0.00415802
tau:  -0.00427246  -0.00183105  -0.00183105  -0.00671387   0.00183105  0.000610352 -0.000610352  -0.00183105  -0.00305176   0.00305176  0.000610352  0.000610352
Imu Data: 
rpy:  0.00225092 -0.00333325   0.0170321
acc: 0.016317 0.017886  9.81268
omg: 0.00101685 0.00120665 0.00194543
User Command Input: 
axis value:  0 0 0
target mode: 0
Joint Data: 
pos: -0.446663  -1.16005   2.73926  0.436051  -1.16313   2.74182 -0.445283  -1.14962   2.74533  0.440858   -1.1481   2.74727
vel:    0.0030899    -0.067482   -0.0043869   0.00972748    0.0470352   -0.0318527    0.0043869   0.00965118 -0.000114441  -0.00598907  -0.00782013   0.00141144
tau: 0.000610352 -0.00183105 -0.00427246 -0.00183105  0.00183105  0.00183105 -0.00183105 0.000610352 -0.00183105 0.000610352  0.00305176  0.00183105
Imu Data: 
rpy:  0.00225568 -0.00336349   0.0167578
acc: 0.003678 0.025282  9.79478
omg:  0.0012384 0.00146938 0.00214227
User Command Input: 
axis value:  0 0 0
target mode: 0
Joint Data: 
pos:  -0.44651   -1.1602   2.73919  0.436204  -1.16343   2.74189 -0.445283  -1.14955    2.7451  0.441011  -1.14794   2.74727
vel:    0.116005   0.0439835   0.0159836   0.0542831 -0.00614166  -0.0499344 0.000419617   0.0180435  -0.0317001  -0.0103378 -0.00553131  0.00873566
tau:  -0.00427246  -0.00183105   0.00183105 -0.000610352  -0.00183105   0.00427246   0.00305176  -0.00427246  0.000610352 -0.000610352   0.00183105   0.00305176
Imu Data: 
rpy:  0.00206539 -0.00322656   0.0167014
acc: 0.022328 0.018872  9.79015
omg: 0.00365517 0.00164989 0.00237862
User Command Input: 
axis value:  0 0 0
target mode: 0
Joint Data: 
pos: -0.446739  -1.16035   2.73911  0.436204  -1.16328   2.74189 -0.445588  -1.14947   2.74526  0.441011  -1.14779   2.74711
vel:  -0.0255203  -0.0724411  -0.0259781  -0.0133133   0.0278091  -0.0155258 -0.00148773 -0.00614166 0.000572205  -0.0162888  0.00171661  -0.0381088
tau:  -0.00183105  0.000610352   0.00183105   0.00305176   0.00183105   0.00427246   0.00549316 -0.000610352 -0.000610352 -0.000610352   0.00183105  0.000610352
Imu Data: 
rpy:  0.00231761 -0.00322069   0.0168567
acc: 0.027999 0.009506  9.80172
omg: -0.00332857 0.000501398  0.00095747
User Command Input: 
axis value:  0 0 0
target mode: 0
Joint Data: 
pos:  -0.44651  -1.16035   2.73926  0.436051  -1.16328   2.74166 -0.445359  -1.14947   2.74526  0.440934  -1.14779   2.74727
vel:   -0.080986   0.0365829  0.00843048   0.0973892   0.0525284 -0.00812531  -0.0551224  -0.0133896  -0.0153732   0.0128555   -0.023613   0.0128555
tau:  -0.00183105 -0.000610352  -0.00671387   0.00305176  -0.00183105   0.00183105  -0.00305176  -0.00305176  -0.00183105  0.000610352 -0.000610352 -0.000610352
Imu Data: 
rpy: 0.00241993 -0.0031159  0.0169888
acc: 0.025752  0.04331  9.77352
omg:  0.00341374 0.000526025  0.00039715
User Command Input: 
axis value:  0 0 0
target mode: 0
Joint Data: 
pos: -0.446587   -1.1602   2.73926  0.435975  -1.16336   2.74174 -0.445207  -1.14947   2.74526  0.440705  -1.14802   2.74734
vel: -0.0381851 -0.0043869  0.0190353 -0.0333786 -0.0123978  -0.015831  0.0535202 -0.0304794 -0.0217056 -0.0160599   0.044899 0.00370026
tau:  -0.00183105  -0.00427246  -0.00183105 -0.000610352  -0.00183105  -0.00427246   0.00427246  -0.00183105  -0.00427246 -0.000610352  0.000610352   0.00183105
Imu Data: 
rpy:  0.00228961 -0.00322694   0.0171007
acc: -0.00059 0.006199  9.80259
omg: -0.00151765 -0.00196227 0.000293442
User Command Input: 
axis value:  0 0 0
target mode: 0
Joint Data: 
pos: -0.446663  -1.16035   2.73926  0.436128  -1.16328   2.74182 -0.445207  -1.14955   2.74526  0.441011  -1.14787   2.74734
vel:  -0.0862503   0.0392532   0.0104904 -0.00293732   0.0400162  -0.0142288   0.0825882 -0.00705719    0.032692  -0.0566483    0.021553   0.0261307
tau:  -0.00183105 -0.000610352  -0.00915527 -0.000610352  0.000610352   0.00183105 -0.000610352 -0.000610352   0.00427246 -0.000610352   0.00549316   0.00427246
Imu Data: 
rpy:    0.001951 -0.00334791   0.0171253
acc: 0.039318  0.03078  9.79148
omg:   0.00292629   0.00457528 -0.000191707
User Command Input: 
axis value:  0 0 0
target mode: 0
Joint Data: 
pos: -0.446434  -1.16028   2.73919  0.436204  -1.16313   2.74182 -0.445512  -1.14955   2.74518  0.441163  -1.14794   2.74727
vel:  -0.0436783 -0.00705719  -0.0180435  -0.0354385  0.00461578  -0.0104904  -0.0542068   -0.023613   0.0453568  -0.0245285  -0.0309372   -0.021019
tau: -0.000610352  -0.00183105 -0.000610352  -0.00671387   0.00305176   0.00305176   0.00305176 -0.000610352  -0.00305176   0.00183105  0.000610352   0.00183105
Imu Data: 
rpy:  0.00183534 -0.00323427   0.0172281
acc:  0.04571 0.001136  9.81655
omg:   0.00166459 -0.000246475 -0.000181601
User Command Input: 
axis value:  0 0 0
target mode: 0
Joint Data: 
pos: -0.446663  -1.16051   2.73926  0.436128   -1.1632   2.74182 -0.445207  -1.14947   2.74526  0.441087  -1.14794   2.74734
vel:  0.00324249  -0.0606155 -0.00270844  -0.0295639 -0.00263214  0.00179291  -0.0748825 -0.00667572 -0.00904083  -0.0413132   0.0270462  -0.0576401
tau: -0.000610352  -0.00183105  -0.00183105 -0.000610352   0.00305176  0.000610352  -0.00549316  0.000610352  -0.00305176   0.00183105   0.00427246 -0.000610352
Imu Data: 
rpy:  0.00203722 -0.00315309    0.017423
acc: 0.028999 0.022885  9.79726
omg:  -0.0013594   0.0017125 -0.00146313
User Command Input: 
axis value:  0 0 0
target mode: 0
Joint Data: 
pos: -0.446739  -1.16028   2.73911  0.436204   -1.1632   2.74182 -0.445359  -1.14955   2.74518  0.441087   -1.1481   2.74727
vel:   0.0260544 -0.00110626   0.0120926   0.0329971  0.00499725 -0.00507355  0.00286102  0.00507355  0.00301361   0.0307846 -0.00339508  -0.0139236
tau:  -0.00549316  0.000610352 -0.000610352 -0.000610352   0.00183105  0.000610352  0.000610352 -0.000610352  -0.00793457   0.00549316   0.00305176   0.00305176
Imu Data: 
rpy:  0.00191475 -0.00309721   0.0175146
acc: 0.042923 0.004128  9.78638
omg:    0.0015957 -0.000106221  -0.00110802
User Command Input: 
axis value:  0 0 0
target mode: 0
Joint Data: 
pos: -0.446663   -1.1602   2.73934  0.436204  -1.16328   2.74182 -0.445665  -1.14955   2.74518  0.441011  -1.14764   2.74734
vel:    0.0714493   -0.0108719    0.0138474    0.0432968    0.0275803  -0.00537872     0.023613   -0.0258255 -0.000801086    0.0517654   0.00591278   -0.0331497
tau:  0.000610352 -0.000610352   0.00305176 -0.000610352 -0.000610352   0.00427246  0.000610352  -0.00183105   0.00183105   0.00183105  0.000610352   0.00183105
Imu Data: 
rpy:  0.00159692 -0.00322193   0.0174889
acc: 0.022918 0.028397  9.77932
omg: -0.00360945 0.000587583 -0.00110256
User Command Input: 
axis value:  0 0 0
target mode: 0
Joint Data: 
pos: -0.446434  -1.16043   2.73903  0.435975   -1.1632   2.74174 -0.445359  -1.14955   2.74518  0.441087  -1.14794   2.74742
vel:    0.026741  -0.0351334  0.00354767  -0.0706863   0.0193405  -0.0275803 -0.00957489  -0.0281906  0.00423431   0.0375748  -0.0492477 -0.00087738
tau:  -0.00427246  -0.00305176  -0.00183105  -0.00427246  0.000610352 -0.000610352   0.00305176 -0.000610352   0.00305176 -0.000610352  0.000610352  0.000610352
Imu Data: 
rpy:   0.0012307 -0.00320186   0.0173478
acc: 0.040091 0.035859  9.79651
omg:   0.00122348  -0.00304993 -0.000578385
User Command Input: 
axis value:  0 0 0
target mode: 0
status
STATUS state=0 state_source=LOCAL_DEPLOY_STATE_MACHINE stand_test=LOCKED abort_reason=[] preflight=[OK] acquisition=REQUEST_SENT ownership=OWNERSHIP_UNCONFIRMED telemetry=FRESH feedback_age_s=0.002396 joint_send_enabled=0 forward=0 lateral=0 yaw=0
Joint Data: 
pos: -0.446358  -1.16028   2.73903  0.436128  -1.16313   2.74189 -0.445588  -1.14955   2.74526  0.440934  -1.14787   2.74734
vel: -0.00469208 -0.00988007   0.0405502  -0.0960159   0.0255203  -0.0187302  -0.0127029  0.00812531  -0.0326157 -0.00759125  -0.0030899  -0.0351334
tau: -0.000610352  -0.00183105  0.000610352   0.00183105   0.00305176   0.00183105   0.00427246  -0.00305176  0.000610352   0.00183105  0.000610352 -0.000610352
Imu Data: 
rpy: 0.000838072 -0.00321259   0.0172285
acc: 0.027315  0.03391  9.80232
omg: -0.000974173  0.000317458   0.00110425
User Command Input: 
axis value:  0 0 0
target mode: 0
Joint Data: 
pos: -0.446587  -1.16012   2.73919  0.436357  -1.16328   2.74182 -0.445283  -1.14947    2.7451  0.441011  -1.14787   2.74742
vel:   0.0205612   -0.010643 -0.00751495   0.0598526  -0.0367355  -0.0210953  -0.0172806   0.0494766  -0.0237656   0.0255203  -0.0151443   0.0154495
tau: -0.000610352 -0.000610352 -0.000610352 -0.000610352   0.00183105   0.00183105  -0.00427246  -0.00183105  -0.00671387  0.000610352  -0.00183105 -0.000610352
Imu Data: 
rpy:  0.00076976 -0.00320626   0.0173242
acc:  0.04831 0.018819   9.7654
omg:  -0.00339423 -0.000706125  -0.00116464
User Command Input: 
axis value:  0 0 0
target mode: 0
Joint Data: 
pos:  -0.44651  -1.16028   2.73919  0.436509  -1.16328   2.74182 -0.445436  -1.14962   2.74526  0.440934  -1.14802   2.74734
vel:   0.0719833   0.0605392    -0.01194   0.0201797   0.0455856     0.01194  -0.0204849 -0.00980377  -0.0139236   0.0313187   0.0377274   0.0242233
tau:  -0.00183105 -0.000610352  -0.00427246   0.00183105   0.00427246  -0.00183105 -0.000610352 -0.000610352  -0.00915527  0.000610352 -0.000610352   0.00549316
Imu Data: 
rpy:  0.00103137 -0.00300528    0.017251
acc: 0.020085 0.007529  9.80657
omg:   0.00139937 -0.000659612 -2.77333e-05
User Command Input: 
axis value:  0 0 0
target mode: 0
Joint Data: 
pos: -0.446587  -1.16043   2.73926  0.436204  -1.16313   2.74182 -0.445436  -1.14955   2.74526  0.440782  -1.14779   2.74734
vel:  0.0159836  0.0150681 -0.0477219  0.0285721 -0.0191879 -0.0373459   0.097084 -0.0348282 -0.0300217  0.0233078  0.0354385 -0.0129318
tau: -0.00183105 -0.00183105 -0.00305176 -0.00183105 0.000610352  0.00549316 -0.00183105 -0.00183105  0.00183105 0.000610352  0.00305176 -0.00305176
Imu Data: 
rpy:  0.00126718 -0.00302319   0.0171529
acc: 0.020638 0.018098  9.81288
omg:  -0.00218885  -0.00124938 -0.000368369
User Command Input: 
axis value:  0 0 0
target mode: 0
Joint Data: 
pos: -0.446587   -1.1602   2.73919   0.43628  -1.16328   2.74182 -0.445512  -1.14955   2.74518  0.440858  -1.14794   2.74734
vel:   0.0242996   0.0971603  -0.0414658  -0.0230026  -0.0376511   0.0259781  -0.0629044   0.0127029   0.0209427  -0.0580978 -0.00812531  -0.0294876
tau:  -0.00427246  -0.00183105  0.000610352 -0.000610352  -0.00183105   0.00305176   0.00305176 -0.000610352  -0.00427246   0.00305176  0.000610352  -0.00305176
Imu Data: 
rpy: 0.000946946 -0.00287341   0.0169962
acc: 0.051095  0.05524  9.78243
omg: -0.000843989   0.00174245  -0.00557032
User Command Input: 
axis value:  0 0 0
target mode: 0
Joint Data: 
pos: -0.446739  -1.16043   2.73926  0.436357  -1.16328   2.74182 -0.445283  -1.14947   2.74526  0.440934  -1.14794   2.74727
vel:  -0.0851059  -0.0128555  0.00774384   0.0818253  -0.0182724   0.0763321  -0.0305557    0.017128 -0.00347137   0.0191116  -0.0111771   0.0165939
tau:  -0.00183105  -0.00183105  -0.00549316  -0.00183105  -0.00183105  -0.00305176   0.00183105  0.000610352 -0.000610352   0.00183105   0.00305176 -0.000610352
Imu Data: 
rpy: 0.000801752  -0.0029672   0.0168066
acc: 0.021587 0.018134  9.78813
omg:  0.000826728  -0.00149023 -0.000331473
User Command Input: 
axis value:  0 0 0
target mode: 0
Joint Data: 
pos: -0.446663   -1.1602   2.73919  0.436509  -1.16313   2.74189  -0.44513  -1.14955   2.74518  0.440782  -1.14779   2.74727
vel:  0.0871658  0.0683212    0.01194  0.0262833  0.0248337  0.0259781 -0.0111771 -0.0233078  0.0212479 0.00751495 -0.0439072 -0.0030899
tau:   0.00183105  -0.00183105  -0.00793457  -0.00305176  -0.00183105   0.00305176  -0.00183105  -0.00183105  -0.00305176 -0.000610352   0.00183105  0.000610352
Imu Data: 
rpy:   0.0012783 -0.00299814   0.0169667
acc: 0.032598 0.022703  9.81546
omg: 0.000220627  0.00354037  0.00172046
User Command Input: 
axis value:  0 0 0
target mode: 0
Joint Data: 
pos: -0.446434  -1.16012   2.73911   0.43628  -1.16305   2.74174 -0.445054  -1.14955   2.74518  0.440858  -1.14779   2.74727
vel:   0.0343704   0.0366592   -0.020256  -0.0814438  -0.0258255  -0.0477982  -0.0127029 -0.00995636  -0.0102615  -0.0537491   0.0120926   0.0220871
tau:  0.000610352  -0.00183105  -0.00305176   0.00183105 -0.000610352   0.00305176   0.00305176  -0.00183105  -0.00549316  0.000610352   0.00183105  -0.00183105
Imu Data: 
rpy:  0.00143621 -0.00332159   0.0171457
acc: 0.033309 0.033638  9.78813
omg: -0.000151652  -0.00138164 -0.000989759
User Command Input: 
axis value:  0 0 0
target mode: 0
Joint Data: 
pos:  -0.44651  -1.16043   2.73903  0.436204   -1.1632   2.74174 -0.445436  -1.14962    2.7451  0.440934  -1.14794   2.74742
vel:  -0.0180435  -0.0253677  -0.0405502   0.0970078   -0.044899  -0.0271225   0.0204086  -0.0275803   0.0392532 -0.00614166   0.0043869   0.0204849
tau: -0.000610352  0.000610352 -0.000610352  -0.00183105  0.000610352  0.000610352   0.00549316   0.00305176  0.000610352   0.00305176   0.00427246 -0.000610352
Imu Data: 
rpy:  0.00147435 -0.00348102    0.017099
acc: 0.015227 0.017951   9.7934
omg: -0.00351284 0.000158109  0.00123395
User Command Input: 
axis value:  0 0 0
target mode: 0
Joint Data: 
pos: -0.446663  -1.16035   2.73911  0.435975  -1.16328   2.74182 -0.445436  -1.14955   2.74526  0.441087  -1.14794   2.74719
vel:  -0.0185776   0.0152206   0.0188828  -0.0292587 -0.00545502    0.019722  -0.0162125 -0.00858307  -0.0188828   0.0363541 -0.00278473  -0.0212479
tau:  -0.00427246 -0.000610352   0.00183105 -0.000610352 -0.000610352   0.00305176 -0.000610352 -0.000610352 -0.000610352 -0.000610352 -0.000610352  0.000610352
Imu Data: 
rpy:  0.00157108 -0.00314981   0.0169988
acc: 0.027737 0.012536  9.80346
omg:  -0.00261428 -0.000201062  -0.00201622
User Command Input: 
axis value:  0 0 0
target mode: 0
Joint Data: 
pos: -0.446358  -1.16043   2.73919   0.43628  -1.16313   2.74189 -0.445207  -1.14962   2.74526  0.441087  -1.14787   2.74742
vel:  0.0271988 -0.0194168  0.0153732 -0.0275803  0.0279617  0.0188065  0.0973129 -0.0139999 -0.0136185 -0.0426102 -0.0270462  0.0329208
tau: -0.000610352  0.000610352  -0.00427246 -0.000610352 -0.000610352   0.00427246   0.00183105  -0.00183105  -0.00183105  -0.00183105   0.00183105  -0.00305176
Imu Data: 
rpy:  0.00147274 -0.00292138   0.0167291
acc: 0.037889  0.01789  9.78406
omg:  0.00241194 0.000543286 0.000390238
User Command Input: 
axis value:  0 0 0
target mode: 0
Joint Data: 
pos: -0.446663  -1.16043   2.73919  0.436128   -1.1632   2.74182 -0.445207  -1.14955   2.74526  0.440858  -1.14779   2.74734
vel:  -0.0261307  0.00461578   0.0448227   0.0396347  -0.0112534 0.000801086  -0.0382614  -0.0227737  -0.0159836   0.0242233   0.0492477  -0.0166702
tau:  -0.00183105 -0.000610352   0.00183105  -0.00183105   0.00305176  -0.00183105 -0.000610352   0.00183105   0.00427246   0.00183105  -0.00183105  0.000610352
Imu Data: 
rpy:  0.00120351 -0.00274179   0.0166559
acc: 0.027663 0.012234  9.80408
omg:  0.000285274  -0.00164407 -0.000794456
User Command Input: 
axis value:  0 0 0
target mode: 0
Joint Data: 
pos: -0.446587  -1.16035   2.73919  0.436357  -1.16313   2.74174 -0.445207  -1.14962   2.74518  0.440705  -1.14802   2.74734
vel: -0.0365829 -0.0149918 -0.0172806 -0.0069046 -0.0156021 -0.0209427 -0.0582504  0.0352097 -0.0271988  0.0249863  0.0934982 0.00751495
tau:  0.000610352 -0.000610352   0.00183105   0.00183105   0.00183105  0.000610352 -0.000610352 -0.000610352  -0.00305176  0.000610352   0.00183105   0.00305176
Imu Data: 
rpy:  0.00170931 -0.00289699   0.0168298
acc: 0.039368 0.037175  9.78077
omg: -0.00196449  0.00397741  0.00211888
User Command Input: 
axis value:  0 0 0
target mode: 0
Joint Data: 
pos: -0.446663  -1.16035   2.73911  0.436357   -1.1632   2.74174 -0.445207  -1.14947   2.74503  0.440858   -1.1481    2.7475
vel: -0.0439835  0.0156784  0.0365067 -0.0130081 0.00530243 -0.0401688  0.0266647 0.00965118  0.0684738 -0.0197983  -0.019722  0.0212479
tau:  -0.00183105  -0.00305176   0.00183105  0.000610352   0.00183105   0.00183105   0.00549316 -0.000610352   0.00427246  0.000610352   0.00427246   0.00549316
Imu Data: 
rpy:  0.00208274 -0.00290545   0.0169174
acc:  0.033617 -0.004414   9.78862
omg:  -0.00184778 -0.000482985 -0.000953264
User Command Input: 
axis value:  0 0 0
target mode: 0
Joint Data: 
pos:  -0.44651  -1.16035   2.73926   0.43628   -1.1632   2.74166 -0.445436  -1.14947   2.74526  0.440782  -1.14787   2.74727
vel: -0.00278473  -0.0043869   0.0585556   0.0329208   0.0139236  -0.0487137  0.00507355  -0.0187302   0.0401688 -0.00576019   0.0378036    0.019722
tau:  0.000610352 -0.000610352  -0.00183105  -0.00183105   0.00305176   0.00305176   0.00549316  -0.00183105   0.00427246   0.00549316  -0.00183105   0.00183105
Imu Data: 
rpy:  0.00200948 -0.00301816   0.0167171
acc: 0.014628 0.000448  9.80144
omg: -0.00108029  0.00233342  0.00105809
User Command Input: 
axis value:  0 0 0
target mode: 0
Joint Data: 
pos: -0.446434  -1.16028   2.73919   0.43628   -1.1632   2.74182 -0.445207  -1.14955   2.74541  0.440629  -1.14794   2.74719
vel:   0.0440598  -0.0260544   -0.028038  -0.0344467   0.0240707   0.0265884   0.0226974 0.000114441  -0.0105667 -0.00484467   0.0230026   0.0190353
tau:  0.000610352 -0.000610352  0.000610352   0.00305176   0.00427246   0.00305176   0.00183105 -0.000610352   0.00183105   0.00427246 -0.000610352  0.000610352
Imu Data: 
rpy:  0.00183354 -0.00320568   0.0167428
acc: 0.025387 0.009515   9.7968
omg: 0.000100269  0.00329213 0.000587967
User Command Input: 
axis value:  0 0 0
target mode: 0
Joint Data: 
pos:  -0.44651  -1.16012   2.73903   0.43628  -1.16313   2.74182 -0.445359  -1.14962    2.7451  0.441011  -1.14771   2.74734
vel:   0.0133896    -0.04879  0.00835419  -0.0491714   0.0329971  -0.0327682   0.0962448   0.0381851  -0.0162888   0.0265884   0.0355148 -0.00919342
tau:  -0.00671387  0.000610352   0.00183105  -0.00183105  -0.00183105  -0.00183105   0.00427246 -0.000610352  -0.00549316  -0.00183105   0.00183105   0.00549316
Imu Data: 
rpy:  0.00168363 -0.00281902   0.0166848
acc:  0.01627 0.017019  9.78842
omg:  0.00106784 0.000615752  0.00155226
User Command Input: 
axis value:  0 0 0
target mode: 0
Joint Data: 
pos:  -0.44651   -1.1602   2.73919   0.43628  -1.16313   2.74174 -0.445359  -1.14955   2.74518  0.441011  -1.14794   2.74719
vel:   -0.134773   0.0595474  -0.0313187   0.0906754   0.0348282  -0.0360489  -0.0188828   0.0291824   -0.031929   0.0422287 -0.00141144   0.0300217
tau:  -0.00183105 -0.000610352   0.00305176  -0.00305176  0.000610352   0.00427246  0.000610352  0.000610352  -0.00793457  -0.00305176  0.000610352  0.000610352
Imu Data: 
rpy:  0.00163883 -0.00286145   0.0166889
acc: 0.032141 0.041923  9.77547
omg:   0.00150702 -0.000659857   0.00398183
User Command Input: 
axis value:  0 0 0
target mode: 0
Joint Data: 
pos: -0.446358  -1.16012   2.73903  0.436357  -1.16313   2.74174 -0.445436  -1.14955    2.7451  0.440782  -1.14779   2.74742
vel: -0.0368881  0.0509262  -0.024147 0.00530243  0.0352859 -0.0638962 0.00835419 0.00659943  -0.028801 -0.0135422 0.00537872 0.00125885
tau:  -0.00305176  -0.00183105  -0.00549316  -0.00549316   0.00305176  0.000610352   0.00305176  -0.00183105  0.000610352   0.00183105 -0.000610352  -0.00305176
Imu Data: 
rpy:  0.00178544 -0.00326801    0.016993
acc: 0.045747 0.013305  9.77657
omg:  0.00377681 -0.00312536 0.000668723
User Command Input: 
axis value:  0 0 0
target mode: 0
Joint Data: 
pos: -0.446587  -1.16035   2.73919   0.43628   -1.1629   2.74166 -0.445359  -1.14955    2.7451  0.440934  -1.14802   2.74742
vel:  -0.0133133  0.00408173  -0.0069046   -0.044136   0.0116348   -0.018959  -0.0183487   0.0328445  -0.0476456 0.000724792  -0.0577164 -0.00881195
tau:  -0.00427246  0.000610352 -0.000610352 -0.000610352  0.000610352   0.00183105 -0.000610352 -0.000610352  -0.00305176 -0.000610352   0.00183105  0.000610352
Imu Data: 
rpy:  0.00176383 -0.00329743   0.0168222
acc: 0.048236  0.02696  9.76242
omg: 0.000933804 -0.00460057  0.00284152
User Command Input: 
axis value:  0 0 0
target mode: 0
Joint Data: 
pos: -0.446358  -1.16035   2.73903  0.436509  -1.16328   2.74197 -0.445359  -1.14955   2.74533  0.441011   -1.1481    2.7475
vel:   0.0654221   0.0459671  -0.0199509 -0.00843048  -0.0181961    0.028801  -0.0825882  -0.0265884   0.0208664   0.0133896  -0.0356674   0.0375748
tau:  -0.00305176  -0.00427246  -0.00671387 -0.000610352   0.00183105   0.00183105 -0.000610352  -0.00427246 -0.000610352  -0.00183105   0.00183105  -0.00549316
Imu Data: 
rpy:  0.00142201 -0.00309494   0.0165563
acc: 0.018546 0.037361  9.79483
omg:  -0.00409411 -0.000536863  -0.00172692
User Command Input: 
axis value:  0 0 0
target mode: 0
Joint Data: 
pos:  -0.44651  -1.16028   2.73934  0.436433  -1.16328   2.74189 -0.445283  -1.14955    2.7451  0.440858  -1.14802   2.74734
vel:   0.0327682  -0.0643539   0.0281906   0.0513077  0.00835419   0.0240707   -0.024147  -0.0151443   0.0706863 0.000572205  -0.0150681  -0.0372696
tau:  0.000610352  -0.00183105   0.00305176   0.00305176  -0.00183105  -0.00183105  -0.00305176 -0.000610352  -0.00183105   0.00427246   0.00183105   0.00427246
Imu Data: 
rpy:   0.0011064 -0.00320685   0.0164816
acc: 0.015907 0.016997  9.79719
omg:  -0.00323211   0.00372088 -0.000537055
User Command Input: 
axis value:  0 0 0
target mode: 0
Joint Data: 
pos:  -0.44651  -1.16028   2.73919  0.436357  -1.16328   2.74189 -0.445207  -1.14947   2.74518  0.441011  -1.14787   2.74727
vel:    0.0783157    0.0201035    0.0259018    0.0524521  -0.00133514  -0.00270844 -0.000190735   -0.0101852  -0.00873566   -0.0104141    0.0124741   -0.0352859
tau: -0.000610352  -0.00183105 -0.000610352 -0.000610352  0.000610352   0.00305176  0.000610352  -0.00183105   0.00305176   0.00183105 -0.000610352  -0.00183105
Imu Data: 
rpy:  0.00138743 -0.00304965   0.0165657
acc: 0.039901 0.004743  9.78253
omg:   0.00380815   0.00152352 -0.000372034
User Command Input: 
axis value:  0 0 0
target mode: 0
Joint Data: 
pos:  -0.44651  -1.16035   2.73919  0.436128  -1.16313   2.74189 -0.445207  -1.14947   2.74533  0.440934  -1.14771   2.74742
vel: -0.0231552 -0.0353622  0.0094986  0.0539017 -0.0101089 -0.0113297 -0.0298691 0.00545502  0.0459671  -0.018959  0.0369644 -0.0291061
tau:   0.00427246 -0.000610352 -0.000610352  -0.00183105  0.000610352 -0.000610352  -0.00305176 -0.000610352  -0.00427246   0.00427246   0.00305176 -0.000610352
Imu Data: 
rpy:  0.00170613 -0.00284145   0.0165576
acc: 0.027557 0.018091  9.79659
omg:  -0.00134631   0.00278005 -8.36013e-05
User Command Input: 
axis value:  0 0 0
target mode: 0
Joint Data: 
pos: -0.446587   -1.1602   2.73911   0.43628  -1.16328   2.74189 -0.445436  -1.14955   2.74518  0.440705  -1.14787   2.74742
vel:   0.0460434   0.0525284 -0.00347137   0.0741196 -0.00789642   0.0127792  -0.0863266  -0.0114059 -0.00408173  -0.0268936   -0.013237  -0.0069046
tau:  -0.00549316 -0.000610352  -0.00305176  -0.00183105  0.000610352  0.000610352 -0.000610352  -0.00183105 -0.000610352  0.000610352  0.000610352  0.000610352
Imu Data: 
rpy:  0.00180771 -0.00313109   0.0167287
acc: 0.036331 0.013479  9.79988
omg:  -0.00384906    -0.003892 -0.000874864
User Command Input: 
axis value:  0 0 0
target mode: 0
Joint Data: 
pos: -0.446281  -1.16012   2.73942  0.436128  -1.16328   2.74174 -0.445359  -1.14955   2.74526  0.440934  -1.14817   2.74734
vel:  -0.0542831  0.00385284   0.0502396  -0.0123978   0.0173569 -0.00476837   0.0178909   0.0362015  -0.0203323   0.0446701  -0.0634384  0.00614166
tau: -0.000610352  -0.00183105  -0.00427246 -0.000610352  -0.00183105  -0.00183105  0.000610352  -0.00183105  -0.00183105   0.00183105   0.00183105   0.00427246
Imu Data: 
rpy:  0.00136007 -0.00339276    0.016713
acc: 0.041242  0.02651  9.79961
omg:   0.00295203 -0.000656157 -0.000572171
User Command Input: 
axis value:  0 0 0
target mode: 0
Joint Data: 
pos: -0.446587  -1.16035   2.73919   0.43628  -1.16313   2.74182 -0.445283  -1.14947   2.74533  0.440858  -1.14794   2.74742
vel:  0.00629425   0.0310898   0.0211716    0.062294  -0.0408554   -0.030632  -0.0703812   0.0137711    0.051384   0.0103378   -0.033989 -0.00804901
tau:  -0.00671387  -0.00305176   0.00305176 -0.000610352   0.00183105   0.00183105 -0.000610352  0.000610352  -0.00549316   0.00183105   0.00183105  0.000610352
Imu Data: 
rpy:  0.00117255 -0.00329351   0.0168298
acc: 0.034973 0.039126  9.81024
omg: -0.000595646   0.00284449  -0.00156978
User Command Input: 
axis value:  0 0 0
target mode: 0
Joint Data: 
pos:  -0.44651  -1.16028   2.73911  0.436204  -1.16313   2.74182 -0.445283  -1.14939   2.74526  0.441087  -1.14787   2.74727
vel:   0.0393295   0.0612259  -0.0159073  -0.0194931  0.00812531   0.0139236   0.0530624 -0.00171661   0.0223923  0.00705719 -0.00133514  0.00286102
tau:  0.000610352 -0.000610352  0.000610352   0.00183105   0.00427246 -0.000610352   0.00183105 -0.000610352   0.00183105   0.00305176   0.00305176   0.00793457
Imu Data: 
rpy:  0.00108909 -0.00316289   0.0167425
acc: 0.032979 0.023521  9.80288
omg: -0.00154219  0.00292467 0.000494434
User Command Input: 
axis value:  0 0 0
target mode: 0
Joint Data: 
pos: -0.446587   -1.1602   2.73919   0.43628   -1.1632   2.74182 -0.445283  -1.14955   2.74533  0.440934  -1.14787   2.74734
vel:   0.0269699  0.00911713  -0.0142288   0.0191879    0.053215   0.0141525   0.0363541 0.000724792 -0.00972748  -0.0264359 -0.00972748   0.0104141
tau:  -0.00549316 -0.000610352   0.00183105  0.000610352 -0.000610352  0.000610352   0.00427246  -0.00183105 -0.000610352  -0.00183105   0.00183105   0.00671387
Imu Data: 
rpy:  0.00162162 -0.00331457   0.0168179
acc: 0.031655  0.03342  9.78452
omg: -0.000298835  0.000580968  0.000976634
User Command Input: 
axis value:  0 0 0
target mode: 0
Joint Data: 
pos: -0.446739  -1.16028   2.73903  0.436433   -1.1632   2.74189 -0.445512  -1.14955   2.74533  0.440782  -1.14787   2.74719
vel:   -0.049324  0.00339508  -0.0468063   0.0356674  -0.0307846  -0.0465012 -0.00476837   0.0185013   -0.037117   0.0130081  0.00400543   0.0431442
tau: -0.000610352  -0.00427246  0.000610352  0.000610352   0.00305176  0.000610352  -0.00183105  -0.00183105  -0.00305176   0.00305176   0.00427246  -0.00427246
Imu Data: 
rpy: 0.00180343  -0.003496  0.0168573
acc: 0.040381 0.022364  9.81124
omg: 0.000617515 -0.00180478 -0.00311894
User Command Input: 
axis value:  0 0 0
target mode: 0
Joint Data: 
pos: -0.446663  -1.16035   2.73919  0.436357  -1.16328   2.74189 -0.445207  -1.14955   2.74518  0.440629  -1.14779   2.74742
vel:   -0.0738144   0.00133514   -0.0411606  -0.00484467 -0.000801086  -0.00743866   -0.0107956    0.0162125   -0.0292587   -0.0146103   -0.0282669    0.0484848
tau: -0.000610352  -0.00183105   0.00305176  -0.00183105   0.00305176   0.00671387 -0.000610352  -0.00183105  -0.00183105  0.000610352   0.00183105  0.000610352
Imu Data: 
rpy:  0.00207211 -0.00355356    0.016711
acc: 0.030517 0.009769  9.76935
omg: -0.00136569 0.000399855 0.000756722
User Command Input: 
axis value:  0 0 0
target mode: 0
Joint Data: 
pos: -0.446434  -1.16035   2.73911  0.436204   -1.1632   2.74174 -0.445207  -1.14947   2.74518  0.441087  -1.14802   2.74727
vel: -0.00904083   -0.132103   -0.033226  -0.0210953   0.0201035  -0.0213242 -0.00118256   0.0299454 0.000648499   0.0599289  -0.0124741  -0.0674057
tau: -0.00183105 -0.00183105  0.00183105 -0.00183105  0.00183105 -0.00549316 -0.00183105 -0.00427246 -0.00549316  0.00427246 0.000610352  0.00549316
Imu Data: 
rpy:  0.00205902 -0.00357009   0.0165637
acc: 0.044296 0.014771  9.78779
omg:  0.00306509  0.00157848 -0.00130818
User Command Input: 
axis value:  0 0 0
target mode: 0
Joint Data: 
pos: -0.446663  -1.16051   2.73934  0.436128  -1.16328   2.74182 -0.445359  -1.14947   2.74541  0.440858  -1.14787   2.74719
vel:  -0.00743866   -0.0018692   -0.0338364    0.0343704   0.00102997   0.00255585   -0.0678635    0.0190353 -0.000267029   -0.0486374    0.0436783  -0.00965118
tau:   0.00305176  0.000610352 -0.000610352   0.00183105  -0.00183105   0.00183105  -0.00549316  -0.00183105   0.00183105   0.00427246  0.000610352   0.00427246
Imu Data: 
rpy:  0.00193313 -0.00351235   0.0166108
acc: 0.023159 0.024037  9.80184
omg: -5.66359e-05  0.000663976 -0.000614705
User Command Input: 
axis value:  0 0 0
target mode: 0
Joint Data: 
pos:  -0.44651  -1.16028   2.73926  0.436128   -1.1632   2.74174 -0.445207  -1.14947   2.74526  0.440705  -1.14794   2.74719
vel:  0.0277328  0.0749588 0.00453949  0.0235367 0.00484467 -0.0568008 -0.0136948  0.0381851  -0.049324  0.0640488  -0.080986  0.0153732
tau:   0.00183105  -0.00183105 -0.000610352 -0.000610352 -0.000610352   0.00427246  0.000610352  -0.00183105  -0.00427246   0.00183105 -0.000610352   0.00305176
Imu Data: 
rpy:  0.00200868 -0.00349455   0.0166451
acc: 0.039443  0.02555  9.80793
omg:   0.00499827 -0.000966354  4.75079e-05
User Command Input: 
axis value:  0 0 0
target mode: 0
Joint Data: 
pos:  -0.44651  -1.16043   2.73934  0.436357   -1.1632   2.74182 -0.445207  -1.14962   2.74518  0.440934  -1.14771   2.74734
vel:   0.0315475   0.0718307   0.0216293  -0.0161362  -0.0378036   0.0387192    0.070076   0.0245285   0.0201035   0.0742722 -0.00545502   0.0275803
tau: -0.000610352  -0.00427246  -0.00305176   0.00183105   0.00305176   0.00549316  0.000610352  -0.00183105  -0.00305176   0.00427246   0.00549316  -0.00183105
Imu Data: 
rpy:  0.00248854 -0.00344198   0.0168117
acc: 0.021844 0.026341  9.78054
omg:  -0.00106133 -0.000344249    0.0019983
User Command Input: 
axis value:  0 0 0
target mode: 0
Joint Data: 
pos: -0.446815   -1.1602   2.73911   0.43628   -1.1632   2.74182 -0.445283  -1.14947   2.74518  0.441011  -1.14802   2.74742
vel:  -0.076561   0.030632 -0.0671768  0.0667953 -0.0226212 -0.0432205  0.0124741  0.0239182 -0.0334549  0.0160599  0.0430679 -0.0281906
tau:  -0.00183105  -0.00427246   0.00427246  0.000610352   0.00305176   0.00549316   0.00305176 -0.000610352   0.00793457  0.000610352  0.000610352   0.00305176
Imu Data: 
rpy:  0.00275029 -0.00344544   0.0168713
acc: 0.006132 0.016662  9.79781
omg: -3.7542e-05  0.00122485 -0.00302588
User Command Input: 
axis value:  0 0 0
target mode: 0
Joint Data: 
pos: -0.446358  -1.16028   2.73926   0.43628  -1.16297   2.74182 -0.445283  -1.14955   2.74526  0.440934  -1.14787   2.74734
vel: 0.00385284 -0.0350571  -0.024147  0.0323868  0.0167465   0.027504  0.0372696  0.0100327  -0.020256 0.00270844  0.0175095 -0.0124741
tau:  -0.00183105 -0.000610352   0.00305176  -0.00183105  0.000610352   0.00305176   0.00427246  -0.00305176   0.00183105   0.00671387   0.00183105  0.000610352
Imu Data: 
rpy:  0.00245241 -0.00326117   0.0168909
acc:  0.028112 -0.005378   9.77228
omg:  0.00191705 -0.00373073  0.00108408
User Command Input: 
axis value:  0 0 0
target mode: 0
Joint Data: 
pos:  -0.44651  -1.16043   2.73926  0.436204  -1.16328   2.74182 -0.445283  -1.14947    2.7451  0.441163  -1.14794   2.74734
vel:   0.0823593   -0.033226  0.00736237  -0.0368118   0.0258255  -0.0329208    0.030632 -0.00499725   0.0139999   0.0337601  -0.0711441   0.0271225
tau:  -0.00183105  -0.00183105  -0.00183105   0.00305176  0.000610352   0.00305176   0.00305176  -0.00183105 -0.000610352   0.00183105   0.00183105  -0.00183105
Imu Data: 
rpy:  0.00227608 -0.00320326    0.016872
acc: 0.032313 0.023392  9.81622
omg:    0.0040373 -0.000520702  0.000583115
User Command Input: 
axis value:  0 0 0
target mode: 0
Joint Data: 
pos: -0.446129  -1.16043   2.73903   0.43628  -1.16328   2.74189 -0.445588  -1.14955   2.74526  0.440934  -1.14787   2.74734
vel:   0.0109482   0.0313187 -0.00583649  0.00400543   0.0242233  -0.0371933   0.0418472 -0.00812531 -0.00873566  -0.0927353 -0.00423431  -0.0276566
tau:  -0.00183105 -0.000610352 -0.000610352   0.00305176  0.000610352  0.000610352  0.000610352  -0.00305176  -0.00183105  0.000610352   0.00183105  -0.00305176
Imu Data: 
rpy:  0.00219032 -0.00313381   0.0167811
acc: 0.059096 0.004613  9.80516
omg:  3.60934e-05 -0.000532448 -6.58164e-05
User Command Input: 
axis value:  0 0 0
target mode: 0
Joint Data: 
pos: -0.446587   -1.1602   2.73934  0.435899  -1.16313   2.74174 -0.445283  -1.14947   2.74526  0.440858  -1.14802   2.74719
vel: -0.000190735   -0.0153732    0.0323868    0.0094223    0.0284958  -0.00850677    0.0539017  -0.00370026    0.0112534    0.0517654  -0.00118256   -0.0223923
tau:  -0.00427246  -0.00183105 -0.000610352  -0.00427246 -0.000610352  -0.00305176  -0.00183105  -0.00183105  -0.00183105   0.00305176   0.00549316  -0.00183105
Imu Data: 
rpy:  0.00227624 -0.00320573   0.0167361
acc: 0.018884  0.03719  9.78965
omg:  0.00190407 -0.00278724 0.000388859
User Command Input: 
axis value:  0 0 0
target mode: 0
Joint Data: 
pos: -0.44651 -1.16043  2.73926 0.436128 -1.16305  2.74174 -0.44513 -1.14955  2.74518 0.440858 -1.14802   2.7475
vel:  -0.045433  0.0246048 0.00133514 -0.0445175  0.0166702 -0.0204849  0.0707626 0.00133514  0.0487137 -0.0154495 -0.0154495  0.0094223
tau:  -0.00305176 -0.000610352   0.00183105   0.00183105  0.000610352  0.000610352  0.000610352  -0.00305176  0.000610352 -0.000610352  -0.00183105   0.00183105
Imu Data: 
rpy:  0.00223516 -0.00317624   0.0167014
acc:  0.026503 -0.002637   9.79774
omg: -0.0036307 0.00119696 0.00106294
User Command Input: 
axis value:  0 0 0
target mode: 0
Joint Data: 
pos: -0.446739  -1.16035   2.73926   0.43628   -1.1632   2.74182 -0.445283  -1.14955   2.74533  0.440858  -1.14779   2.74734
vel: -0.0369644 -0.0117874  0.0146103  0.0201797  0.0104904 -0.0138474  0.0160599 0.00484467   -0.02285 -0.0394058 -0.0323105  0.0261307
tau:   0.00183105 -0.000610352  -0.00549316  0.000610352   0.00305176   0.00793457   0.00305176 -0.000610352   0.00427246  -0.00305176  -0.00305176  -0.00671387
Imu Data: 
rpy:  0.00184125 -0.00314002   0.0165263
acc: 0.007334  0.02263  9.77628
omg:   0.00436339 -8.52244e-05   0.00172116
User Command Input: 
axis value:  0 0 0
target mode: 0
Joint Data: 
pos: -0.446663  -1.16005   2.73926   0.43628   -1.1632   2.74197 -0.445207  -1.14955   2.74541  0.441011   -1.1481   2.74719
vel:   0.0569534   0.0203323   0.0196457  -0.0123215  -0.0310898   0.0413132   0.0123215   0.0148392   0.0187302 -0.00087738  -0.0170517  0.00453949
tau:  0.000610352 -0.000610352  -0.00427246  0.000610352   0.00305176  0.000610352  0.000610352  0.000610352   0.00549316   0.00305176   0.00183105   0.00549316
Imu Data: 
rpy:  0.00165817 -0.00310915   0.0166115
acc: 0.013077 0.011308  9.80424
omg:  -0.00150285  0.000335941 -0.000595157
User Command Input: 
axis value:  0 0 0
target mode: 0
Joint Data: 
pos:  -0.44651  -1.16043   2.73896  0.436128   -1.1632   2.74174 -0.445207  -1.14955   2.74518  0.441011  -1.14802   2.74742
vel:    0.0233078  -0.00713348   -0.0352859    -0.030632    0.0186539 -0.000801086    0.0958633    0.0188065    0.0300217  -0.00659943    0.0359726    0.0194168
tau:  -0.00183105  -0.00183105  0.000610352 -0.000610352   0.00305176   0.00305176   0.00427246 -0.000610352   0.00549316   0.00183105 -0.000610352 -0.000610352
Imu Data: 
rpy:  0.00173168 -0.00306103   0.0166785
acc: 0.031996 0.046775  9.79819
omg:  0.000658844 -0.000118072 -0.000553042
User Command Input: 
axis value:  0 0 0
target mode: 0
Joint Data: 
pos: -0.446358  -1.16043   2.73919   0.43628   -1.1632   2.74189 -0.445436  -1.14962   2.74526  0.440858  -1.14779   2.74727
vel:   0.0177383  -0.0846481  -0.0143814    0.069313   0.0120926  -0.0434494   0.0192642  -0.0342941  -0.0114059  -0.0415421 -0.00667572  -0.0686264
tau:  0.000610352 -0.000610352  -0.00427246  -0.00427246  0.000610352 -0.000610352  -0.00427246 -0.000610352  -0.00671387   0.00183105  0.000610352  -0.00549316
Imu Data: 
rpy:  0.00198149 -0.00315547   0.0166553
acc:  0.037509 -0.003729    9.7753
omg:  -0.00171739 -0.000347704 -0.000303722
User Command Input: 
axis value:  0 0 0
target mode: 0
Joint Data: 
pos: -0.446434  -1.16012   2.73919  0.436051  -1.16336   2.74189 -0.445283  -1.14962   2.74503  0.441011  -1.14802   2.74734
vel:  -0.0626755  0.00576019   0.0859451  -0.0178909  -0.0253677  -0.0152969   0.0664139   0.0172043  -0.0449753   0.0200272 -0.00286102   0.0422287
tau: -0.000610352  -0.00305176  -0.00671387  0.000610352   0.00305176   0.00305176   0.00183105  0.000610352   0.00549316   0.00183105  -0.00183105   0.00305176
Imu Data: 
rpy: 0.00210338 -0.0031569   0.016681
acc: 0.030901 0.020172  9.79993
omg: 0.000408198  0.00102763 0.000133204
User Command Input: 
axis value:  0 0 0
target mode: 0
Joint Data: 
pos: -0.446663   -1.1602   2.73911  0.436357   -1.1632   2.74189 -0.445283  -1.14947   2.74518  0.441011  -1.14794   2.74734
vel:    0.0555801   -0.0382614    0.0069809   -0.0447464   -0.0105667   0.00835419   -0.0179672    0.0284958   0.00507355    0.0653458 -0.000648499    -0.034523
tau:  -0.00183105  -0.00183105  -0.00671387  -0.00305176   0.00183105   0.00183105   0.00305176  -0.00183105 -0.000610352 -0.000610352   0.00305176   0.00671387
Imu Data: 
rpy:  0.00207795 -0.00320502   0.0165517
acc: 0.054871 0.013687  9.80579
omg:  0.00264679 -0.00158174   0.0021367
User Command Input: 
axis value:  0 0 0
target mode: 0
Joint Data: 
pos: -0.446663   -1.1602   2.73911  0.436357  -1.16313   2.74174 -0.445436  -1.14939    2.7451  0.440858  -1.14787   2.74727
vel:   0.0570297   0.0018692  -0.0610733  0.00148773   0.0120163 -0.00812531  -0.0509262 -0.00102997  -0.0191116   0.0128555  -0.0239944  0.00385284
tau:  -0.00183105 -0.000610352   0.00305176  -0.00305176  -0.00305176   0.00671387   0.00549316  -0.00183105   0.00183105  -0.00183105   0.00183105   0.00305176
Imu Data: 
rpy:  0.00181354 -0.00328101    0.016557
acc:  0.03139 0.016521  9.78316
omg: -0.000126222 -0.000298504 -0.000796376
User Command Input: 
axis value:  0 0 0
target mode: 0
Joint Data: 
pos: -0.446663   -1.1602   2.73919   0.43628  -1.16336   2.74182 -0.445512  -1.14955   2.74533  0.440858  -1.14794   2.74727
vel:   0.0597763   0.0103378   0.0524521   -0.107918   0.0600815 -0.00858307 -0.00705719 -0.00919342   0.0750351  -0.0291824   0.0113297   0.0191116
tau:  0.000610352  -0.00183105  -0.00427246  -0.00305176 -0.000610352  -0.00183105 -0.000610352 -0.000610352  -0.00427246  0.000610352   0.00183105   0.00549316
Imu Data: 
rpy:  0.00184424 -0.00324415    0.016603
acc: 0.020212 0.025913  9.81141
omg:   0.00178942 -0.000114441  -0.00121101
User Command Input: 
axis value:  0 0 0
target mode: 0
Joint Data: 
pos: -0.446663  -1.16043   2.73911  0.435823  -1.16328   2.74182 -0.445207  -1.14955    2.7451  0.440858  -1.14794   2.74734
vel: -0.00965118  -0.0127029   0.0260544  0.00637054  0.00400543  -0.0019455   0.0185013  -0.0533676   0.0256729   0.0390244   0.0212479    0.029335
tau:  0.000610352  -0.00183105 -0.000610352  -0.00427246   0.00305176   0.00427246  0.000610352  -0.00183105  -0.00549316  0.000610352 -0.000610352 -0.000610352
Imu Data: 
rpy:  0.00178224 -0.00337803   0.0166457
acc: 0.022951 0.031547  9.78868
omg:  0.00112785 0.000595873 0.000843343
User Command Input: 
axis value:  0 0 0
target mode: 0
Joint Data: 
pos: -0.446358  -1.16035   2.73926  0.436433   -1.1632   2.74189 -0.445588  -1.14939   2.74526  0.440858  -1.14787   2.74711
vel:  -0.00606537   -0.0580215    0.0261307    0.0374985     0.021553  -0.00408173   -0.0419235 -0.000724792    0.0214005    0.0141525    0.0159836    0.0227737
tau:  -0.00305176 -0.000610352  -0.00427246 -0.000610352  -0.00305176   0.00427246  -0.00183105  0.000610352  -0.00671387  -0.00183105  0.000610352  -0.00183105
Imu Data: 
rpy:  0.00212155 -0.00340299   0.0168494
acc: 0.036772 0.008394    9.799
omg:   0.00054662   0.00495724 -0.000509846
User Command Input: 
axis value:  0 0 0
target mode: 0
Joint Data: 
pos: -0.446358  -1.16035   2.73911  0.436128  -1.16313   2.74182  -0.44513  -1.14962   2.74518  0.440934  -1.14787   2.74727
vel:   -0.0257492   -0.0307846   -0.0248337     0.066185    0.0123978 -0.000953674    0.0805283   -0.0358963   -0.0159836    0.0199509   -0.0538254  0.000953674
tau:  0.000610352 -0.000610352  -0.00549316  -0.00427246  0.000610352   0.00183105  0.000610352  -0.00183105  -0.00549316  0.000610352  0.000610352 -0.000610352
Imu Data: 
rpy:  0.00229355 -0.00342507   0.0167885
acc: 0.045438 0.024999  9.75518
omg:   0.00364296  -0.00159071 -0.000446001
User Command Input: 
axis value:  0 0 0
target mode: 0
Joint Data: 
pos:  -0.44651  -1.16035   2.73911  0.435975  -1.16328   2.74189 -0.445207  -1.14955   2.74518  0.440934  -1.14779   2.74734
vel:  0.00453949   0.0123215 -0.00980377   0.0200272  -0.0101852  -0.0082016  0.00957489   0.0317764   0.0231552   0.0153732    -0.02285   0.0416183
tau: -0.000610352  -0.00183105  -0.00427246  -0.00183105   0.00305176   0.00305176   0.00183105 -0.000610352   0.00183105  0.000610352  0.000610352   0.00671387
Imu Data: 
rpy: 0.00213384 -0.0034179  0.0168025
acc: 0.038929 0.008113  9.78435
omg:  0.00158268  0.00113832 1.70868e-05
User Command Input: 
axis value:  0 0 0
target mode: 0
Joint Data: 
pos: -0.446663  -1.16012   2.73926  0.436357  -1.16328   2.74189 -0.445054  -1.14962   2.74526  0.440858  -1.14787   2.74719
vel:  0.0347519 -0.0235367  0.0450516 3.8147e-05 -0.0292587  0.0535965  0.0688553  0.0257492  0.0268173 -0.0497055 -0.0815964   -0.02491
tau:   0.00305176 -0.000610352   0.00305176  -0.00305176  0.000610352  -0.00427246 -0.000610352  -0.00183105  -0.00671387  0.000610352 -0.000610352   0.00183105
Imu Data: 
rpy:  0.00175161 -0.00338124   0.0167871
acc:  0.02962 0.003258  9.78108
omg: -0.000578193 -0.000535118  0.000959373
User Command Input: 
axis value:  0 0 0
target mode: 0
Joint Data: 
pos: -0.446815  -1.16005   2.73911  0.436357  -1.16328   2.74182 -0.445665  -1.14955    2.7451  0.441011  -1.14794   2.74719
vel: -0.00988007 -0.00385284  -0.0105667     0.07267  0.00278473  -0.0127029  -0.0935745 -0.00652313   0.0120926  0.00858307  -0.0346756 -0.00728607
tau:  -0.00549316  -0.00183105 -0.000610352  -0.00183105  -0.00183105   0.00183105  -0.00427246  -0.00183105   0.00427246   0.00305176   0.00183105  -0.00183105
Imu Data: 
rpy:  0.00163426 -0.00343193   0.0168286
acc: 0.035388 0.028273  9.77872
omg:   0.0043617 -0.00159553  0.00216449
User Command Input: 
axis value:  0 0 0
target mode: 0
Joint Data: 
pos: -0.446815  -1.16043   2.73919  0.436128   -1.1632   2.74189 -0.445207  -1.14962   2.74518  0.440782  -1.14802   2.74719
vel:   -0.0750351   -0.0385666   0.00164032    -0.123024    0.0127029    0.0140762    0.0178146 -0.000572205   -0.0382614   -0.0603867    0.0595474    0.0220871
tau:  -0.00305176 -0.000610352  -0.00427246 -0.000610352   0.00427246  0.000610352   0.00427246 -0.000610352   0.00549316   0.00305176   0.00305176 -0.000610352
Imu Data: 
rpy:  0.00187509 -0.00352131   0.0169498
acc: 0.047727 0.035412  9.79681
omg:   -0.0058187  0.000796272 -0.000775031
User Command Input: 
axis value:  0 0 0
target mode: 0
Joint Data: 
pos: -0.446434  -1.16035   2.73911  0.436128  -1.16328   2.74189 -0.445512  -1.14962   2.74503  0.440934  -1.14794   2.74734
vel:  -0.0323868   0.0333786  -0.0226974  -0.0237656  -0.0204849  -0.0367355   -0.018959   0.0120926 0.000724792 -0.00896454    -0.02491  0.00362396
tau:  0.000610352  0.000610352  -0.00427246 -0.000610352   0.00183105  0.000610352   0.00549316 -0.000610352  -0.00183105  0.000610352  0.000610352  0.000610352
Imu Data: 
rpy:  0.00221962 -0.00340866   0.0170069
acc: 0.039124   0.0093  9.81023
omg:   0.00191365 -0.000658792   0.00279427
User Command Input: 
axis value:  0 0 0
target mode: 0
Joint Data: 
pos: -0.446587  -1.16028   2.73911  0.436051  -1.16328   2.74189 -0.445283  -1.14955   2.74541  0.440858  -1.14817   2.74727
vel: 0.000648499  -0.0123215  -0.0258255 -0.00522614   0.0110245   0.0199509  0.00293732  -0.0419235  0.00301361   0.0188828  -0.0152206  -0.0310135
tau:   0.00305176 -0.000610352   0.00183105  -0.00549316 -0.000610352   0.00427246 -0.000610352  0.000610352 -0.000610352  0.000610352   0.00305176  0.000610352
Imu Data: 
rpy:  0.00170798 -0.00319949   0.0166778
acc: 0.043044 0.019242  9.78544
omg: 0.00246732 0.00189934 0.00249964
User Command Input: 
axis value:  0 0 0
target mode: 0
Joint Data: 
pos: -0.446663  -1.16005   2.73911  0.436204  -1.16305   2.74189 -0.445207  -1.14962   2.74526  0.440782  -1.14794   2.74734
vel:   -0.128288    0.107231   -0.020256    0.055275  -0.0178909 -0.00461578  -0.0152206 -0.00209808  -0.0402451  -0.0271225   0.0239182   0.0416183
tau:  -0.00305176 -0.000610352 -0.000610352  -0.00305176   0.00183105   0.00183105 -0.000610352 -0.000610352  0.000610352  -0.00305176   0.00305176  -0.00183105
Imu Data: 
rpy:  0.00154179 -0.00274043   0.0163803
acc: 0.025873 0.036811  9.77798
omg:  0.00124322 0.000662562  0.00303724
User Command Input: 
axis value:  0 0 0
target mode: 0
Joint Data: 
pos: -0.446739   -1.1602   2.73926   0.43628   -1.1632   2.74159 -0.445359  -1.14947   2.74526  0.441011  -1.14779   2.74727
vel: -0.00843048   0.0973892   -0.018959  -0.0537491  -0.0247574   0.0432968   0.0295639    0.019722  -0.0120163  -0.0231552  -0.0563431  0.00576019
tau:  -0.00183105 -0.000610352  -0.00305176  0.000610352  -0.00183105 -0.000610352   0.00305176  -0.00183105 -0.000610352   0.00183105 -0.000610352  -0.00427246
Imu Data: 
rpy:  0.00162705 -0.00287169   0.0164831
acc: 0.035816 0.008163  9.78316
omg:  0.00575843  0.00191073 -0.00117541
User Command Input: 
axis value:  0 0 0
target mode: 0
Joint Data: 
pos:  -0.44651  -1.16035   2.73934  0.436051  -1.16305   2.74182 -0.445283  -1.14955   2.74518  0.440858  -1.14802   2.74734
vel: -0.00881195  -0.0329971  -0.0200272   0.0151443   0.0162125  -0.0181961  -0.0151443   0.0258255   0.0828934  -0.0111008    0.019722 -0.00141144
tau: -0.000610352 -0.000610352  0.000610352 -0.000610352   0.00305176   0.00305176  0.000610352 -0.000610352   0.00427246  0.000610352   0.00427246   0.00549316
Imu Data: 
rpy: 0.00173481 -0.0033125  0.0167329
acc: 0.042029 0.023722  9.79756
omg:   0.00057177 -0.000574423   -0.0002363
User Command Input: 
axis value:  0 0 0
target mode: 0
Joint Data: 
pos: -0.446358  -1.16012   2.73919  0.436357  -1.16313   2.74182 -0.445359  -1.14955    2.7451  0.441011  -1.14802   2.74742
vel:   0.0282669  -0.0181961  -0.0220108  -0.0236893   0.0362778  -0.0233841   -0.021553  -0.0246811 -0.00453949 -0.00751495  -0.0031662  -0.0389481
tau:  0.000610352  -0.00305176 -0.000610352  -0.00183105 -0.000610352   0.00305176  -0.00305176  -0.00183105  -0.00671387  0.000610352   0.00427246  -0.00549316
Imu Data: 
rpy:  0.00155127 -0.00335431   0.0165733
acc: 0.041185 0.027567  9.78987
omg: 0.000401129 -0.00283031 -0.00168667
User Command Input: 
axis value:  0 0 0
target mode: 0
Joint Data: 
pos: -0.446587  -1.16051   2.73911  0.436128  -1.16305   2.74182 -0.445588  -1.14955   2.74533  0.441163  -1.14787   2.74719
vel:  0.0172806  0.0291061  -0.046196 -0.0678635  0.0323868 0.00865936  -0.097084 -0.0019455 -0.0799942  0.0429153   0.028038  0.0104141
tau:  -0.00427246  -0.00183105  0.000610352  0.000610352  -0.00183105  0.000610352  0.000610352 -0.000610352  0.000610352   0.00183105   0.00549316  -0.00305176
Imu Data: 
rpy:  0.00165312 -0.00326848   0.0163754
acc: 0.028089 0.031077  9.82019
omg: -0.00119361  0.00269674 -0.00100266
User Command Input: 
axis value:  0 0 0
target mode: 0
Joint Data: 
pos: -0.446663  -1.16035   2.73919  0.436204  -1.16313   2.74174 -0.445207  -1.14955   2.74541  0.441011  -1.14787   2.74734
vel:   -0.0951767    0.0352097    0.0218582    0.0723648    0.0536728  -0.00743866  -0.00759125    0.0094223    0.0259781  -0.00865936    0.0669479 -0.000114441
tau:   0.00183105 -0.000610352  -0.00793457   0.00183105 -0.000610352   0.00183105  0.000610352 -0.000610352   0.00183105 -0.000610352   0.00183105   0.00183105
Imu Data: 
rpy:  0.00136069 -0.00325652   0.0160444
acc:  0.011094 -0.001866   9.78765
omg:  0.00457741   -0.001887 -8.6516e-05
User Command Input: 
axis value:  0 0 0
target mode: 0
Joint Data: 
pos: -0.446739  -1.16012   2.73911  0.435975  -1.16328   2.74182 -0.445359  -1.14955   2.74518  0.441011  -1.14794   2.74727
vel: -0.0631332   0.056572 -0.0292587 -0.0864792  0.0271988  0.0172806  0.0627518 0.00354767  0.0188065 3.8147e-05 0.00522614 -0.0326157
tau:  -0.00427246  -0.00183105  -0.00305176   0.00305176   0.00183105   0.00183105   0.00305176 -0.000610352 -0.000610352   0.00183105  -0.00183105  0.000610352
Imu Data: 
rpy:  0.00111883 -0.00349185   0.0162078
acc: 0.019722 0.044615  9.78605
omg: -0.000818385  0.000195128  0.000506983
User Command Input: 
axis value:  0 0 0
target mode: 0
Joint Data: 
pos: -0.446663  -1.16051   2.73919  0.436128  -1.16328   2.74182 -0.445436  -1.14962   2.74526  0.440934  -1.14794   2.74727
vel:  0.0251389 -0.0531387 -0.0294876  0.0508499  0.0094223  0.0193405  -0.066185  0.0275803 -0.0173569  0.0043869 0.00087738 0.00576019
tau:   0.00183105  -0.00183105 -0.000610352   0.00183105   0.00183105  0.000610352  0.000610352  -0.00183105 -0.000610352  0.000610352   0.00183105   0.00183105
Imu Data: 
rpy:  0.00140286 -0.00353668    0.016651
acc: 0.057285 0.007764  9.81005
omg: -0.000948848 -0.000446857  -0.00107703
User Command Input: 
axis value:  0 0 0
target mode: 0
Joint Data: 
pos:  -0.44651  -1.16043   2.73896   0.43628  -1.16336   2.74197 -0.445588  -1.14955   2.74518  0.440858  -1.14802   2.74719
vel:   0.0494766   0.0185013  -0.0172806   -0.020256  -0.0289536   0.0281143  -0.0188065   0.0149155  -0.0494003   0.0474167 -0.00507355  -0.0136185
tau: -0.000610352  -0.00183105  -0.00915527 -0.000610352   0.00427246   0.00183105  0.000610352 -0.000610352   0.00305176   0.00183105   0.00183105   0.00549316
Imu Data: 
rpy:  0.00174707 -0.00343257   0.0167708
acc: 0.018812   0.0165  9.79884
omg: -0.00318308 -0.00273338 -0.00159291
User Command Input: 
axis value:  0 0 0
target mode: 0
Joint Data: 
pos: -0.446434   -1.1602   2.73926   0.43628   -1.1632   2.74189 -0.445359  -1.14962   2.74503  0.440934  -1.14794   2.74704
vel:  0.0133133  0.0069046 -0.0406265 -0.0220871  0.0303268 0.00278473  0.0308609  0.0146103  0.0194168   0.080452  -0.017662 -0.0489426
tau:  -0.00183105  0.000610352 -0.000610352  -0.00427246  -0.00183105   0.00305176  0.000610352  -0.00183105 -0.000610352   0.00183105  0.000610352  0.000610352
Imu Data: 
rpy: 0.00149014 -0.0035821  0.0167052
acc: 0.035861 0.023193  9.77623
omg: 0.000842278 -0.00104064  0.00233953
User Command Input: 
axis value:  0 0 0
target mode: 0
Joint Data: 
pos: -0.446205  -1.16035   2.73903   0.43628  -1.16328   2.74182 -0.445359  -1.14962   2.74526  0.440782  -1.14802   2.74727
vel:  0.0850296 -0.0172806 -0.0444412  0.0118637  -0.023613  0.0193405 0.00972748 0.00972748  0.0230026  0.0133133 -0.0696945  0.0304794
tau:  -0.00305176  0.000610352  -0.00305176  0.000610352   0.00305176  -0.00183105   0.00427246  -0.00183105 -0.000610352  -0.00183105  -0.00427246   0.00549316
Imu Data: 
rpy:  0.00137211 -0.00363222   0.0166822
acc: 0.025394 0.030176  9.80024
omg: -0.00323233 0.000747647 9.51554e-05
User Command Input: 
axis value:  0 0 0
target mode: 0
Joint Data: 
pos: -0.446434  -1.16035   2.73942  0.436051   -1.1632   2.74189 -0.445207  -1.14947   2.74518  0.440934  -1.14787   2.74734
vel:  0.00476837  -0.0532913 0.000801086   0.0623703 0.000495911 -0.00629425   0.0651932   0.0107956   0.0118637  0.00682831  -0.0424576  -0.0226974
tau:  -0.00305176  -0.00183105  -0.00915527 -0.000610352  0.000610352 -0.000610352 -0.000610352  -0.00183105 -0.000610352  0.000610352   0.00183105 -0.000610352
Imu Data: 
rpy:  0.00144105 -0.00321947   0.0166704
acc: 0.016479 0.011438  9.79109
omg:  -0.0017048   0.0012222 0.000902614
User Command Input: 
axis value:  0 0 0
target mode: 0
Joint Data: 
pos: -0.446739  -1.16066   2.73919  0.436433   -1.1632   2.74182 -0.445359  -1.14962   2.74526  0.441011  -1.14779   2.74734
vel:  -0.0105667  -0.0190353  -0.0471115 -0.00385284   0.0129318  -0.0285721   0.0561905  -0.0212479  -0.0110245   0.0199509  -0.0151443  -0.0339127
tau:  -0.00183105  0.000610352 -0.000610352  -0.00305176   0.00305176  0.000610352   0.00305176 -0.000610352  0.000610352   0.00427246   0.00183105  0.000610352
Imu Data: 
rpy:  0.00174442 -0.00323282   0.0166795
acc:  0.017245 -0.015416   9.78927
omg: -0.00311112 -0.00401328   0.0018108
User Command Input: 
axis value:  0 0 0
target mode: 0
Joint Data: 
pos: -0.446587  -1.16005   2.73926  0.436128  -1.16305   2.74182 -0.445359  -1.14947    2.7451  0.441087  -1.14794   2.74727
vel:  0.0734329    0.04673 -0.0405502  0.0173569  0.0103378   0.018425 -0.0872421  0.0449753 -0.0317764 0.00156403 -0.0500107 -0.0422287
tau:  0.000610352  -0.00183105    -0.010376 -0.000610352  0.000610352   0.00183105 -0.000610352 -0.000610352  -0.00427246  0.000610352  0.000610352  -0.00183105
Imu Data: 
rpy:  0.00190791 -0.00355457   0.0167659
acc: 0.020194 0.010543  9.79222
omg:   0.00219702 -9.57139e-05  -0.00282281
User Command Input: 
axis value:  0 0 0
target mode: 0
Joint Data: 
pos: -0.446739  -1.16035   2.73911  0.436357   -1.1632   2.74182 -0.445436  -1.14955    2.7451  0.440858  -1.14802   2.74727
vel:  0.0303268 0.00675201  0.0101089  0.0773239  0.0168228   0.017662  0.0423813   0.025444  0.0149155  0.0152206  0.0199509 0.00926971
tau:  -0.00183105 -0.000610352   0.00549316  -0.00183105   0.00305176   0.00305176  -0.00305176  -0.00183105  -0.00549316   0.00305176  -0.00183105   0.00427246
Imu Data: 
rpy:  0.00213934 -0.00333719    0.016721
acc: 0.013706 0.004485  9.79762
omg: -0.00044553 0.000609853 -0.00132401
User Command Input: 
axis value:  0 0 0
target mode: 0
Joint Data: 
pos:  -0.44651  -1.16043   2.73919  0.436128   -1.1632   2.74174 -0.445207  -1.14947   2.74549  0.440858  -1.14779   2.74734
vel: 0.00720978  0.0281906  0.0133896  0.0224686 0.00148773 -0.0195694  0.0268173 -0.0284195 -0.0187302  0.0260544  0.0244522  0.0179672
tau:   0.00305176  -0.00183105 -0.000610352   0.00183105 -0.000610352   0.00305176   0.00183105 -0.000610352  -0.00915527 -0.000610352   0.00305176   0.00183105
Imu Data: 
rpy:  0.00161045 -0.00324516   0.0165699
acc:  0.021122 -0.013731   9.78511
omg: -0.00174851 -0.00107207  0.00123988
User Command Input: 
axis value:  0 0 0
target mode: 0
Joint Data: 
pos: -0.446281   -1.1602   2.73919  0.436433   -1.1632   2.74174 -0.445283  -1.14955   2.74518  0.440858  -1.14802   2.74719
vel:   -0.0352097    0.0105667 -0.000572205    0.0816727   -0.0255203  -0.00789642    0.0320816    0.0359726  -0.00591278   -0.0278854    0.0146103   -0.0359726
tau: -0.000610352  0.000610352  0.000610352  -0.00183105 -0.000610352   0.00305176 -0.000610352 -0.000610352  -0.00305176  0.000610352  0.000610352   0.00183105
Imu Data: 
rpy:  0.00129092 -0.00323855   0.0165168
acc: 0.019254 0.032878  9.76928
omg:   0.00342746 -0.000487942    0.0011634
User Command Input: 
axis value:  0 0 0
target mode: 0
Joint Data: 
pos: -0.446358   -1.1602   2.73903  0.436051  -1.16328   2.74182 -0.445436  -1.14947    2.7451  0.440934  -1.14802   2.74727
vel:  -0.0100327   0.0732803   0.0432968  -0.0412369  -0.0417709 -0.00171661  -0.0146103 -0.00492096  -0.0201035  -0.0232315  -0.0252151   0.0136948
tau: -0.00427246 -0.00183105  0.00183105 -0.00183105  0.00183105  0.00305176  0.00305176 -0.00183105  0.00305176  0.00305176  0.00183105  0.00305176
Imu Data: 
rpy:  0.00148962 -0.00314781   0.0166133
acc: 0.021279 0.022471  9.79434
omg:  -0.00317111 -0.000342311  -0.00092855
User Command Input: 
axis value:  0 0 0
target mode: 0
Joint Data: 
pos: -0.446358  -1.16035   2.73903  0.436357  -1.16328   2.74189 -0.445436  -1.14947   2.74518  0.441087  -1.14794   2.74734
vel: 0.000267029  -0.0374985  -0.0165939  -0.0129318  -0.0413132 -0.00370026   0.0365067 -0.00278473  -0.0466537 -0.00843048   0.0316238  -0.0227737
tau:  -0.00305176  -0.00183105  -0.00671387  0.000610352   0.00183105  -0.00427246   0.00305176 -0.000610352  -0.00305176 -0.000610352 -0.000610352  0.000610352
Imu Data: 
rpy:  0.00191539 -0.00307031   0.0165387
acc: 0.016702 0.017495  9.80298
omg:  0.000427833 -0.000834948 -0.000930034
User Command Input: 
axis value:  0 0 0
target mode: 0
Joint Data: 
pos: -0.446587  -1.16035   2.73926  0.436128   -1.1632   2.74189 -0.445512  -1.14947    2.7451  0.440934  -1.14771   2.74734
vel: -0.0462723  0.0201035 -0.0264359    0.12249  0.0245285 -0.0248337 -0.0173569 -0.0187302 0.00843048 -0.0912094  0.0163651  0.0227737
tau: -0.000610352 -0.000610352  -0.00183105 -0.000610352   0.00305176   0.00183105   0.00183105  -0.00183105  0.000610352 -0.000610352   0.00183105  0.000610352
Imu Data: 
rpy:  0.00221952 -0.00315437   0.0165791
acc: 0.042607 0.014652  9.80002
omg:  0.00414949 0.000533268  0.00371368
User Command Input: 
axis value:  0 0 0
target mode: 0
Joint Data: 
pos:  -0.44651  -1.16012   2.73926  0.436128  -1.16313   2.74182 -0.445359  -1.14947   2.74541  0.440782  -1.14794   2.74727
vel:   0.017128  0.0728989  0.0352859  0.0589371  0.0252151 -0.0069046  0.0863266  0.0616074 0.00720978 -0.0399399  0.0102615   0.022316
tau:  -0.00305176  -0.00183105  -0.00183105  0.000610352 -0.000610352 -0.000610352  0.000610352 -0.000610352   0.00183105   0.00183105  0.000610352 -0.000610352
Imu Data: 
rpy:  0.00200264 -0.00309271   0.0164632
acc: 0.019968 0.029202  9.80901
omg: -0.00134321  0.00292353 -0.00352515
User Command Input: 
axis value:  0 0 0
target mode: 0
Joint Data: 
pos:  -0.44651  -1.16012   2.73919   0.43628   -1.1632   2.74166 -0.445207  -1.14955   2.74526  0.440934  -1.14787   2.74734
vel:   0.0645065    0.033989   0.0294876  -0.0751877 -0.00843048  0.00980377  -0.0149918   0.0214005   0.0378036  0.00659943  -0.0195694  0.00530243
tau:  -0.00183105 -0.000610352  -0.00305176  -0.00427246   0.00183105   0.00549316   0.00183105 -0.000610352  -0.00305176   0.00183105   0.00305176   0.00427246
Imu Data: 
rpy:  0.00173685 -0.00295297   0.0162948
acc: 0.050841 0.004791  9.80027
omg:  -0.00248512 -0.000865666  -0.00111399
User Command Input: 
axis value:  0 0 0
target mode: 0
Joint Data: 
pos: -0.446587  -1.16028   2.73903  0.436433  -1.16336   2.74182 -0.445283  -1.14962   2.74518  0.440858  -1.14794   2.74742
vel:    0.0899124    0.0120926    0.0143814    0.0455093   -0.0275803   -0.0142288   -0.0686264 -0.000648499  -0.00637054     0.073967    0.0196457  0.000419617
tau:  0.000610352 -0.000610352 -0.000610352  -0.00427246   0.00305176   0.00305176   0.00183105 -0.000610352  -0.00427246  0.000610352   0.00183105   0.00183105
Imu Data: 
rpy:    0.001971 -0.00288721   0.0162845
acc: 0.019413 0.017239  9.78266
omg:  -0.00204834  -0.00269786 -0.000407011
User Command Input: 
axis value:  0 0 0
target mode: 0
Joint Data: 
pos: -0.446739  -1.16005   2.73903  0.436128  -1.16328   2.74197 -0.445359  -1.14955   2.74526  0.441087  -1.14817   2.74727
vel:   -0.020256  -0.0577164  0.00843048   0.0141525  0.00606537 -0.00354767   0.0581741   0.0111008  -0.0124741    0.023613  -0.0848007 -0.00545502
tau:  -0.00183105 -0.000610352  -0.00183105  0.000610352   0.00305176   0.00305176 -0.000610352  -0.00183105  0.000610352   0.00183105  0.000610352  -0.00183105
Imu Data: 
rpy:  0.00228261 -0.00330443   0.0166038
acc: 0.043882 0.019922  9.78992
omg: 0.00198065 0.00182678 0.00110621
User Command Input: 
axis value:  0 0 0
target mode: 0
Joint Data: 
pos: -0.446587   -1.1602   2.73911  0.436204  -1.16328   2.74182 -0.445436  -1.14955    2.7451  0.440858  -1.14779   2.74727
vel:  -0.0101852  -0.0640488 -0.00141144   0.0113297   0.0277328 -0.00751495  -0.0731277   0.0323868  -0.0271225  -0.0273514 -0.00591278  -0.0233078
tau: -0.000610352  -0.00183105 -0.000610352  -0.00183105   0.00427246   0.00305176  -0.00427246  -0.00183105   0.00427246   0.00305176   0.00183105  -0.00183105
Imu Data: 
rpy:  0.00230987 -0.00371739   0.0165064
acc: 0.018144 0.013131  9.79113
omg: -0.00110469    0.001105 0.000526374
User Command Input: 
axis value:  0 0 0
target mode: 0
Joint Data: 
pos: -0.446663   -1.1602   2.73926  0.436051  -1.16313   2.74189 -0.445207  -1.14962   2.74526  0.440858  -1.14787   2.74734
vel: -0.0141525  0.0101852 0.00225067  0.0871658  0.0187302 -0.0166702 -0.0323868 -0.0305557 -0.0255966  0.0571823   0.071373  0.0044632
tau:  0.000610352  -0.00183105   0.00183105 -0.000610352   0.00427246   0.00427246  0.000610352  -0.00183105   0.00305176  0.000610352 -0.000610352   0.00305176
Imu Data: 
rpy:   0.0022594 -0.00356496   0.0164089
acc: 0.039093 0.032135  9.78931
omg:  0.000494679   0.00172946 -0.000694397
User Command Input: 
axis value:  0 0 0
target mode: 0
Joint Data: 
pos:  -0.44651   -1.1599   2.73919  0.436433  -1.16328   2.74174 -0.445283  -1.14962   2.74526  0.440705  -1.14794   2.74727
vel:   -0.0738144   -0.0164413    0.0504684   -0.0468826    -0.028801   -0.0399399     -0.10601   -0.0309372    0.0226974   -0.0502396 -0.000801086    0.0221634
tau: -0.000610352  -0.00183105  -0.00549316   0.00183105  0.000610352   0.00183105 -0.000610352  -0.00183105   0.00183105 -0.000610352   0.00305176   0.00183105
Imu Data: 
rpy:  0.00161857 -0.00312756   0.0163737
acc: 0.037992 0.038852  9.78758
omg:   0.0043642 0.000914657 4.93754e-05
User Command Input: 
axis value:  0 0 0
target mode: 0
Joint Data: 
pos: -0.446434  -1.16005   2.73911  0.436204  -1.16336   2.74182 -0.445436  -1.14947   2.74518  0.440934  -1.14787    2.7475
vel:   -0.039711   0.0881577  -0.0568771    0.103264  -0.0468063 0.000267029   0.0162888 -0.00377655   0.0218582   0.0107956   0.0136948  -0.0219345
tau:  -0.00427246 -0.000610352  -0.00549316  -0.00305176  -0.00183105   0.00183105   0.00183105 -0.000610352  -0.00549316  0.000610352   0.00183105   0.00549316
Imu Data: 
rpy:  0.00159544 -0.00340074   0.0164167
acc: 0.033141 0.016396   9.7864
omg: -0.000240541   0.00248797   0.00140906
User Command Input: 
axis value:  0 0 0
target mode: 0
Joint Data: 
pos: -0.446434  -1.16028   2.73911  0.436128   -1.1632   2.74174 -0.445283  -1.14947    2.7451  0.440858  -1.14802   2.74734
vel:   -0.0114822    0.0177383   -0.0317764    0.0165939    0.0104141    -0.028801    0.0271225    0.0361252 -0.000343323   -0.0330734   -0.0556564    -0.017662
tau:  -0.00183105  0.000610352   0.00305176  0.000610352 -0.000610352   0.00305176 -0.000610352   0.00183105 -0.000610352  0.000610352   0.00427246  -0.00549316
Imu Data: 
rpy:  0.00179006 -0.00358457   0.0166054
acc:  0.05058 0.030615  9.80879
omg: 0.000629697  0.00201158  0.00322209
User Command Input: 
axis value:  0 0 0
target mode: 0
Joint Data: 
pos: -0.446434  -1.16028   2.73926  0.436128   -1.1632   2.74182 -0.445359  -1.14962   2.74518  0.440782  -1.14802   2.74727
vel:  -0.0372696  0.00179291  -0.0388718   0.0188065  -0.0207901 -0.00774384   0.0379562 -0.00148773   0.0516891  -0.0347519  -0.0196457  -0.0157547
tau: -0.000610352  0.000610352  -0.00305176  -0.00183105  -0.00183105   0.00549316   0.00305176 -0.000610352  -0.00427246 -0.000610352  -0.00427246  -0.00183105
Imu Data: 
rpy:  0.00218618 -0.00355876   0.0168366
acc: 0.062303 0.028899  9.77211
omg: -0.00300804 0.000184394 -0.00268411
User Command Input: 
axis value:  0 0 0
target mode: 0
Joint Data: 
pos: -0.446358   -1.1602   2.73919  0.436128  -1.16328   2.74182 -0.445436  -1.14947   2.74533  0.441011  -1.14794   2.74719
vel:   0.0518417   0.0233078   0.0128555 -0.00202179   0.0285721   0.0248337   0.0429153  -0.0120926   0.0190353   0.0494766   -0.033989  -0.0430679
tau:  0.000610352  -0.00305176 -0.000610352  0.000610352   0.00427246  -0.00305176 -0.000610352 -0.000610352  -0.00305176  0.000610352  -0.00305176 -0.000610352
Imu Data: 
rpy:  0.00233354 -0.00370582   0.0168089
acc: 0.037027 0.015101  9.78955
omg:   0.00308923  0.000232146 -0.000942635
User Command Input: 
axis value:  0 0 0
target mode: 0
Joint Data: 
pos:  -0.44651   -1.1602   2.73919  0.436051  -1.16313   2.74182 -0.445283  -1.14947   2.74518  0.440782  -1.14771    2.7475
vel: -0.0273514  0.0103378 -0.0133896 -0.0279617  -0.017662  0.0289536  0.0600052  0.0722122 -0.0161362 -0.0263596  0.0468063 0.00537872
tau:  -0.00183105  0.000610352  -0.00427246 -0.000610352   0.00427246  0.000610352  -0.00305176 -0.000610352   0.00427246   0.00305176   0.00305176  -0.00549316
Imu Data: 
rpy:   0.0022427 -0.00354469   0.0166291
acc: 0.011133 0.018433  9.78988
omg: -0.000515186 -0.000603482   0.00020827
User Command Input: 
axis value:  0 0 0
target mode: 0
Joint Data: 
pos: -0.446663  -1.16028   2.73934  0.436357  -1.16313   2.74182 -0.445283  -1.14947   2.74526  0.441011   -1.1481   2.74734
vel: 0.00759125 -0.0674057  -0.032692 -0.0031662  0.0172043  0.0170517 -0.0266647 -0.0118637  0.0378799 -0.0522995   0.026741  0.0130844
tau:  -0.00183105  -0.00183105  -0.00427246  -0.00183105  0.000610352   0.00305176  -0.00305176 -0.000610352 -0.000610352   0.00427246  -0.00183105   0.00183105
Imu Data: 
rpy:  0.00210422 -0.00324411    0.016587
acc: 0.041378 0.020089   9.7835
omg:   0.00163159 -0.000785747  -0.00115733
User Command Input: 
axis value:  0 0 0
target mode: 0
Joint Data: 
pos: -0.446815  -1.16051   2.73926  0.436128  -1.16313   2.74182 -0.445588  -1.14962   2.74541  0.441087  -1.14817   2.74727
vel:  -0.0722885 -0.00347137 0.000953674  -0.0858688   0.0318527   0.0355911  0.00583649   0.0129318  -0.0094223  -0.0165939  -0.0362015   -0.028801
tau: -0.00183105 -0.00183105 0.000610352 -0.00183105 0.000610352 0.000610352  0.00183105 -0.00305176 -0.00427246  0.00183105  0.00305176 -0.00549316
Imu Data: 
rpy:  0.00231635 -0.00316121   0.0168025
acc: 0.026216 0.018296  9.80298
omg:  0.00303495 -0.00206017   0.0019185
User Command Input: 
axis value:  0 0 0
target mode: 0
Joint Data: 
pos: -0.446587  -1.16043   2.73911  0.436051  -1.16328   2.74182 -0.445588  -1.14939    2.7451  0.441011   -1.1481   2.74719
vel:   0.0335312  0.00232697 -0.00270844  -0.0933456 -0.00461578   0.0408554   0.0412369   0.0329971  -0.0402451 -0.00743866   0.0399399  -0.0111008
tau: -0.000610352  -0.00183105  -0.00549316  -0.00305176   0.00183105 -0.000610352   0.00427246  -0.00183105   0.00671387   0.00183105  0.000610352   0.00549316
Imu Data: 
rpy:  0.00255558 -0.00365952   0.0168921
acc: 0.037977 0.005085  9.80491
omg: -0.000935985 -9.16996e-05  -0.00109921
User Command Input: 
axis value:  0 0 0
target mode: 0
Joint Data: 
pos: -0.446739   -1.1602   2.73934  0.436357   -1.1632   2.74174 -0.445588  -1.14962   2.74533  0.440934  -1.14779   2.74742
vel:   0.0137711   0.0658798  -0.0173569  -0.0260544  -0.0362778 -0.00164032   0.0667953   0.0403214   0.0178146  -0.0444412   -0.053978   0.0114059
tau: -0.000610352  -0.00183105  -0.00183105  -0.00549316  0.000610352 -0.000610352  -0.00305176 -0.000610352  -0.00183105  0.000610352   0.00305176  -0.00549316
Imu Data: 
rpy:  0.00262422 -0.00363407   0.0168159
acc: 0.039366 0.050196  9.82309
omg: -0.000532797  -0.00118763  -0.00170269
User Command Input: 
axis value:  0 0 0
target mode: 0
Joint Data: 
pos: -0.446205   -1.1602   2.73919  0.436357  -1.16313   2.74174 -0.445207  -1.14947    2.7451  0.440934  -1.14794   2.74704
vel:  0.0529861  0.0120163 -0.0194931  0.0257492 -0.0156021 0.00247955  0.0458145  0.0266647 -0.0322342  -0.010643  0.0162888 -0.0124741
tau:   0.00183105 -0.000610352  -0.00305176  -0.00183105   0.00183105  0.000610352  -0.00183105  -0.00183105  -0.00427246  -0.00305176   0.00427246   0.00183105
Imu Data: 
rpy:  0.00252277 -0.00323324   0.0167002
acc: 0.046608 0.015838  9.78434
omg: -0.00258707  0.00142042  0.00045602
User Command Input: 
axis value:  0 0 0
target mode: 0
Joint Data: 
pos: -0.446663  -1.16035   2.73919  0.436204  -1.16351   2.74189 -0.445359  -1.14962   2.74518  0.440934  -1.14794   2.74734
vel:   0.0362015    0.010643   0.0212479  -0.0120163   0.0199509 -0.00919342  -0.0307846 -0.00888824  -0.0127792  -0.0310898   0.0529861  -0.0144577
tau: -0.000610352 -0.000610352  0.000610352  -0.00305176   0.00305176   0.00427246  0.000610352  -0.00183105   0.00183105  -0.00183105  0.000610352  0.000610352
Imu Data: 
rpy:  0.00208181 -0.00288114   0.0167352
acc: 0.033606 0.007847  9.78645
omg:   0.00190976  -0.00231476 -0.000972201
User Command Input: 
axis value:  0 0 0
target mode: 0
Joint Data: 
pos: -0.446815  -1.16035   2.73911   0.43628   -1.1632   2.74166  -0.44513  -1.14955   2.74518  0.441163  -1.14779   2.74727
vel: -0.0323868  0.0851822 0.00759125  0.0716782 -0.0298691 -0.0355911  0.0475693 -0.0246811 -0.0243759  0.0292587 0.00476837   0.017662
tau: -0.00427246 -0.00183105 -0.00183105 0.000610352  0.00183105 -0.00427246 -0.00183105 -0.00305176 -0.00549316  0.00183105  0.00183105  0.00549316
Imu Data: 
rpy:  0.00193623 -0.00276301   0.0167919
acc: 0.046735 0.025677  9.80336
omg: -0.00186516  0.00210258 -0.00255783
User Command Input: 
axis value:  0 0 0
target mode: 0
Joint Data: 
pos: -0.446739  -1.16043   2.73919  0.436051   -1.1632   2.74197 -0.445283  -1.14955    2.7451  0.440858  -1.14794   2.74734
vel:   0.013237 -0.0165176  0.0201035  0.0800705 -0.0298691 0.00637054  0.0349045 -0.0253677 -0.0187302 -0.0336075 0.00385284  0.0231552
tau: -0.000610352  -0.00183105 -0.000610352  -0.00305176   0.00305176   0.00183105  -0.00183105 -0.000610352  -0.00427246  0.000610352   0.00183105  0.000610352
Imu Data: 
rpy:  0.00205033 -0.00258495   0.0168151
acc: 0.014922 0.041419   9.7997
omg:   0.00164452 -0.000888809 -0.000595751
User Command Input: 
axis value:  0 0 0
target mode: 0
Joint Data: 
pos: -0.446358  -1.16028   2.73911  0.436128  -1.16313   2.74189 -0.445512  -1.14955   2.74526  0.440782  -1.14802   2.74734
vel:  0.0551987  -0.027504 -0.0172806  0.0159836  0.0222397  0.0198746 -0.0542831  0.0128555  0.0585556 -0.0223923  0.0395584 -0.0173569
tau: -0.000610352 -0.000610352   0.00305176  -0.00183105   0.00183105  0.000610352   0.00305176  0.000610352 -0.000610352   0.00183105   0.00183105  0.000610352
Imu Data: 
rpy:   0.0019129 -0.00289564    0.016781
acc: 0.036541 0.020176  9.77834
omg:  -0.00383705   0.00112008 -0.000883486
User Command Input: 
axis value:  0 0 0
target mode: 0
Joint Data: 
pos: -0.446434  -1.16028   2.73926  0.435899  -1.16328   2.74182 -0.445283  -1.14955   2.74526  0.440629   -1.1481   2.74719
vel:  -0.0645065   0.0501633   0.0178146 0.000114441  0.00522614 -0.00362396 -0.00392914   0.0309372 -0.00476837  -0.0741196  -0.0117111  -0.0247574
tau:  -0.00183105  0.000610352  -0.00305176  -0.00305176   0.00183105 -0.000610352  -0.00183105 -0.000610352  -0.00183105   0.00305176  -0.00183105   0.00427246
Imu Data: 
rpy:  0.00175826 -0.00316444   0.0165871
acc:  0.03812 0.023627  9.78887
omg:  0.00320985  0.00268528 0.000540947
User Command Input: 
axis value:  0 0 0
target mode: 0
Joint Data: 
pos: -0.446434  -1.16028   2.73926  0.436128   -1.1632   2.74182 -0.445359  -1.14947   2.74518  0.440934  -1.14787   2.74742
vel:  -0.0547409 -0.00255585   0.0164413  -0.0172043  -0.0269699  -0.0207901    0.022316 -0.00644684  -0.0252151  -0.0349808   0.0477982    0.038414
tau: 0.000610352 -0.00427246  0.00183105 -0.00305176  0.00305176  0.00427246  0.00183105 -0.00305176  0.00549316 -0.00183105 0.000610352  0.00427246
Imu Data: 
rpy: 0.00142552 -0.0029625  0.0164925
acc: 0.036205 0.001465  9.80991
omg:  0.00142311 -0.00102023  0.00269776
User Command Input: 
axis value:  0 0 0
target mode: 0
Joint Data: 
pos: -0.446663  -1.15997   2.73926  0.436128  -1.16328   2.74182 -0.445283  -1.14962   2.74526  0.441011  -1.14794   2.74734
vel: -0.0590897  0.0468063   0.030632 -0.0629807 -0.0599289  0.0139999  -0.100365  0.0292587 -0.0101852  0.0581741 0.00774384  0.0413132
tau:  0.000610352  -0.00183105 -0.000610352 -0.000610352   0.00305176  0.000610352  0.000610352 -0.000610352  -0.00671387  0.000610352   0.00305176   0.00305176
Imu Data: 
rpy:  0.00145564 -0.00275786   0.0165399
acc: 0.025437 0.005565  9.79515
omg:  -0.0040078 0.000489547  0.00124151
User Command Input: 
axis value:  0 0 0
target mode: 0
Joint Data: 
pos:  -0.44651  -1.16035   2.73934  0.436433   -1.1632   2.74197 -0.445054  -1.14955    2.7451  0.440858  -1.14794   2.74727
vel:  0.0515366  0.0520706  0.0421524 0.00385284  0.0116348  0.0617599   0.039711  -0.014534  0.0168991 -0.0394058 -0.0173569  0.0362778
tau: -0.000610352  -0.00183105  0.000610352  -0.00305176   0.00427246  0.000610352   0.00549316  -0.00183105 -0.000610352  0.000610352   0.00427246   0.00183105
Imu Data: 
rpy:  0.00161923 -0.00282684   0.0165696
acc:  0.03052 0.016693  9.81866
omg:  -0.00112171 -0.000686246   0.00262096
User Command Input: 
axis value:  0 0 0
target mode: 0
Joint Data: 
pos: -0.446434  -1.15997   2.73919   0.43628   -1.1632   2.74189  -0.44513   -1.1497   2.74533  0.440934  -1.14787   2.74734
vel:  -0.00911713    0.0395584   -0.0301743    0.0973892     0.019722   -0.0216293    0.0947952 -0.000801086   -0.0385666   -0.0290298    0.0160599    0.0353622
tau:  0.000610352  -0.00183105  -0.00427246   0.00183105 -0.000610352   0.00549316   0.00671387 -0.000610352  -0.00183105  0.000610352  0.000610352 -0.000610352
Imu Data: 
rpy:  0.00177392 -0.00314988   0.0165745
acc: 0.043919 0.030365  9.77285
omg:  0.00143004 0.000294961  0.00116476
User Command Input: 
axis value:  0 0 0
target mode: 0
Joint Data: 
pos: -0.446815  -1.16058   2.73911  0.436433  -1.16336   2.74189 -0.445512  -1.14962   2.74518  0.441011  -1.14771   2.74742
vel:  -0.0930405 -0.00904083  -0.0256729  -0.0290298  -0.0570297   0.0272751  0.00225067    0.041008  0.00659943  -0.0530624     0.08564 -0.00453949
tau: -0.000610352  -0.00305176  -0.00915527 -0.000610352 -0.000610352  0.000610352 -0.000610352 -0.000610352  -0.00305176  0.000610352   0.00427246   0.00305176
Imu Data: 
rpy:  0.00166361 -0.00313395   0.0164958
acc: 0.051723 0.009651  9.79931
omg: -0.00428293 0.000884463 -0.00131666
User Command Input: 
axis value:  0 0 0
target mode: 0
Joint Data: 
pos: -0.446739  -1.16028   2.73903  0.435975   -1.1632   2.74182  -0.44513   -1.1497   2.74518  0.441011  -1.14779   2.74734
vel: 0.00850677  0.0190353 0.00156403 0.00774384  0.0328445  0.0131607  0.0398636 -0.0164413 -0.0448227  0.0289536  0.0708389 -0.0116348
tau:  -0.00427246  -0.00305176  -0.00183105  -0.00305176   0.00305176   0.00427246  -0.00305176  -0.00183105  -0.00305176 -0.000610352 -0.000610352   0.00427246
Imu Data: 
rpy:  0.00172145 -0.00295353   0.0163899
acc: 0.043139 0.014741  9.81401
omg: -0.00255685  0.00123426 -2.3178e-05
User Command Input: 
axis value:  0 0 0
target mode: 0
Joint Data: 
pos: -0.446434  -1.16012   2.73911  0.436051   -1.1632   2.74197 -0.445359  -1.14955    2.7451  0.440705  -1.14779   2.74734
vel:  0.00156403   0.0312424   0.0118637  -0.0644302  -0.0101089   0.0442886   0.0326157   0.0442123   0.0371933  -0.0195694  -0.0113297 -0.00087738
tau: -0.00183105 -0.00183105 -0.00183105  0.00549316 -0.00183105  0.00183105  0.00549316 0.000610352 -0.00305176 0.000610352  0.00427246  0.00183105
Imu Data: 
rpy:  0.00137768 -0.00297244   0.0165122
acc: 0.005602 0.013004  9.80027
omg: -4.31794e-05 -6.89231e-05  0.000959338
User Command Input: 
axis value:  0 0 0
target mode: 0
Joint Data: 
pos: -0.446663  -1.16028   2.73919   0.43628   -1.1632   2.74174 -0.445359  -1.14955   2.74526  0.440858  -1.14787   2.74727
vel:  -0.0226212   0.0178909   0.0214767   0.0312424 -0.00919342   0.0094223  -0.0216293   0.0210953   0.0507736  -0.0126266  -0.0216293   0.0373459
tau:  0.000610352  -0.00183105  -0.00183105  0.000610352   0.00183105  -0.00305176   0.00183105 -0.000610352  -0.00305176   0.00183105   0.00549316   0.00427246
Imu Data: 
rpy:  0.00146981 -0.00272884   0.0164685
acc:  0.026242 -0.003691   9.81141
omg: -0.00180549  0.00246212  0.00108804
User Command Input: 
axis value:  0 0 0
target mode: 0
Joint Data: 
pos: -0.446587  -1.16043   2.73911  0.436051  -1.16313   2.74182 -0.445207  -1.14962   2.74526  0.441087  -1.14802   2.74719
vel: 0.00591278  0.0110245 -0.0109482  0.0188065 -0.0298691  0.0185776 -0.0134659  0.0364304  -0.043602   0.043602  0.0343704  0.0794601
tau:  -0.00183105  -0.00183105 -0.000610352  -0.00427246  0.000610352  -0.00183105   0.00427246  -0.00183105   0.00671387  0.000610352  0.000610352  0.000610352
Imu Data: 
rpy:  0.00188403 -0.00245051   0.0164532
acc: 0.022324 0.004689   9.7972
omg: -0.00203252 -0.00169533 -0.00052503
User Command Input: 
axis value:  0 0 0
target mode: 0
Joint Data: 
pos: -0.446815  -1.16012   2.73926  0.436128   -1.1632   2.74182 -0.445054  -1.14947   2.74541  0.440934  -1.14794   2.74719
vel:  -0.025444 -0.0248337  0.0251389 -0.0360489  0.0192642 -0.0272751 -0.0287247  0.0244522  0.0276566 0.00736237 -0.0416946 -0.0217056
tau: -0.000610352  -0.00183105  -0.00427246 -0.000610352   0.00305176   0.00183105  0.000610352  -0.00305176  -0.00183105   0.00305176   0.00183105   0.00793457
Imu Data: 
rpy:  0.00187888 -0.00266349   0.0163972
acc: 0.029322 0.021228     9.79
omg: -0.000108542   0.00147643  0.000252322
User Command Input: 
axis value:  0 0 0
target mode: 0
Joint Data: 
pos:  -0.44651  -1.16028   2.73911  0.436204  -1.16313   2.74182 -0.445359  -1.14955   2.74526  0.440934  -1.14787   2.74734
vel:    0.0382614   -0.0651169    0.0188828   0.00888824    0.0135422   -0.0043869   -0.0125504   -0.0123215   -0.0203323   -0.0298691    0.0204086 -0.000495911
tau:  -0.00549316  -0.00183105  -0.00183105   0.00183105  0.000610352   0.00183105 -0.000610352 -0.000610352  -0.00427246  0.000610352 -0.000610352 -0.000610352
Imu Data: 
rpy:  0.00131895 -0.00282848   0.0163794
acc: 0.01569 0.00579 9.81861
omg: 0.00253776 0.00333524 0.00056341
User Command Input: 
axis value:  0 0 0
target mode: 0
Joint Data: 
pos: -0.446663  -1.16043   2.73934  0.436051  -1.16305   2.74182 -0.445512  -1.14962   2.74526  0.440858  -1.14787   2.74727
vel:  -0.032692 -0.0590134  0.0245285 0.00743866 -0.0094986  0.0242996 -0.0402451 -0.0112534  -0.044899 -0.0227737  0.0139236 -0.0277328
tau: -0.000610352  -0.00183105  -0.00183105   0.00183105  0.000610352   0.00549316 -0.000610352 -0.000610352   0.00183105  0.000610352  0.000610352   0.00183105
Imu Data: 
rpy:  0.00097611 -0.00269257   0.0162912
acc: 0.039275 0.032367  9.81115
omg:  0.000392018 -0.000618562    0.0014578
User Command Input: 
axis value:  0 0 0
target mode: 0
Joint Data: 
pos: -0.446587  -1.16028   2.73919  0.436433  -1.16336   2.74174 -0.445207   -1.1497   2.74518  0.440934   -1.1481   2.74734
vel: -0.0403976  0.0734329  0.0135422  0.0576401   0.020256   -0.04673 -0.0645065  -0.018959  0.0252914 -0.0425339 -0.0104141 0.00141144
tau:  -0.00183105   0.00183105  -0.00183105   0.00183105 -0.000610352   0.00183105   0.00183105  0.000610352   0.00183105   0.00183105   0.00427246     0.010376
Imu Data: 
rpy:   0.0013265 -0.00257646   0.0164031
acc:  0.033488 -0.001184   9.81198
omg: -0.00215759 -0.00137157 -0.00140598
User Command Input: 
axis value:  0 0 0
target mode: 0
Joint Data: 
pos: -0.446663  -1.16005   2.73919  0.436357   -1.1632   2.74182 -0.445512  -1.14947   2.74518  0.440934   -1.1481    2.7475
vel: -0.0526047  -0.010643 -0.0359726 0.00354767 0.00766754 -0.0316238  0.0112534 -0.0108719 -0.0240707 -0.0323868 -0.0507736  0.0188065
tau:   0.00305176 -0.000610352  0.000610352  -0.00305176   0.00183105  0.000610352  -0.00427246 -0.000610352  -0.00427246  0.000610352   0.00305176   0.00183105
Imu Data: 
rpy:   0.0013611 -0.00299617    0.016435
acc: 0.008223 0.024125  9.80992
omg:  -0.0027952 0.000169751 -0.00061015
User Command Input: 
axis value:  0 0 0
target mode: 0
Joint Data: 
pos: -0.446281  -1.16012   2.73926   0.43628   -1.1632   2.74189 -0.445512  -1.14955   2.74526  0.440858  -1.14779   2.74742
vel:    0.102043   0.0217056  -0.0219345  -0.0243759   0.0618362   0.0185776  -0.0149918  -0.0491714  -0.0320816  -0.0725174 -0.00873566    0.033989
tau:  -0.00183105  -0.00183105  -0.00305176  -0.00549316  0.000610352   0.00183105 -0.000610352  -0.00183105   0.00549316  -0.00183105   0.00427246   0.00549316
Imu Data: 
rpy:    0.001447 -0.00296442   0.0164356
acc: 0.020717 0.012588  9.79795
omg:   0.00508961  0.000723736 -1.56731e-05
User Command Input: 
axis value:  0 0 0
target mode: 0
Joint Data: 
pos:  -0.44651  -1.16043   2.73911  0.436204  -1.16328   2.74189 -0.445359  -1.14947   2.74518  0.440705  -1.14817   2.74727
vel:  -0.0365067 -0.00110626  -0.0368118  -0.0477982  0.00377655  0.00110626  -0.0466537  -0.0125504  -0.0498581  -0.0141525   0.0056839   0.0112534
tau:  -0.00183105  0.000610352   0.00305176   0.00427246  -0.00305176   0.00427246   0.00427246  -0.00183105  0.000610352  0.000610352 -0.000610352   0.00549316
Imu Data: 
rpy:  0.00149884 -0.00292791   0.0163497
acc: 0.033775  0.01739  9.79569
omg: -0.00203771 0.000612384  -0.0013376
User Command Input: 
axis value:  0 0 0
target mode: 0
Joint Data: 
pos: -0.446739   -1.1602   2.73911  0.436128  -1.16328   2.74174 -0.445283  -1.14962    2.7451  0.440934  -1.14802   2.74742
vel: 0.00827789 -0.0449753 -0.0134659  0.0186539 -0.0114059 -0.0353622  0.0416183 -0.0162125 -0.0252151 -0.0144577  0.0230026  0.0018692
tau:   0.00183105 -0.000610352  0.000610352 -0.000610352  0.000610352   0.00671387  0.000610352 -0.000610352  -0.00305176   0.00183105   0.00305176   0.00549316
Imu Data: 
rpy:  0.00136942 -0.00284194   0.0164834
acc: 0.023768 0.020215  9.79484
omg: 0.00160652 0.00143031 0.00213792
User Command Input: 
axis value:  0 0 0
target mode: 0
Joint Data: 
pos: -0.446434  -1.16043   2.73919   0.43628  -1.16313   2.74166  -0.44513  -1.14955   2.74526  0.441011  -1.14771   2.74727
vel:  0.00980377  -0.0620651  -0.0139236  -0.0131607   0.0166702 -0.00408173   0.0253677  -0.0362015  -0.0704575   0.0259781   0.0205612   0.0324631
tau:  0.000610352  -0.00183105  -0.00183105  -0.00183105  0.000610352  0.000610352  0.000610352  -0.00183105 -0.000610352   0.00183105   0.00427246   0.00549316
Imu Data: 
rpy:  0.00129046 -0.00298813   0.0166081
acc: 0.014162 0.011744  9.78867
omg: -0.000866678  0.000124302  0.000608439
User Command Input: 
axis value:  0 0 0
target mode: 0
Joint Data: 
pos: -0.446739  -1.16005   2.73911  0.436128  -1.16313   2.74166 -0.445665  -1.14955   2.74526  0.440934  -1.14794   2.74727
vel: -0.0831985  0.0672531  0.0494766   0.066185 0.00339508 0.00537872 -0.0356674   0.013237 -0.0346756  0.0654984  0.0517654  -0.015831
tau:  -0.00305176  -0.00183105   0.00183105  -0.00305176  0.000610352   0.00427246   0.00183105 -0.000610352  -0.00549316  0.000610352   0.00427246   0.00183105
Imu Data: 
rpy:  0.00147143 -0.00283438   0.0165298
acc: 0.060212 0.010198  9.78766
omg: -0.000504836   0.00264236  -8.5399e-05
User Command Input: 
axis value:  0 0 0
target mode: 0
Joint Data: 
pos: -0.446663  -1.16035   2.73926  0.436128   -1.1632   2.74174 -0.445436  -1.14947   2.74526  0.440629  -1.14779   2.74719
vel: -0.0688553 -0.0297928 0.00713348 -0.0200272  0.0147629 -0.0141525 -0.0608444   0.024147 0.00629425 -0.0252151  0.0069809 -0.0453568
tau:  -0.00671387 -0.000610352   0.00305176  -0.00549316   0.00183105  -0.00427246   0.00183105  0.000610352  0.000610352  0.000610352   0.00305176  -0.00183105
Imu Data: 
rpy:  0.00171999 -0.00266716   0.0164733
acc: 0.025465 0.025087  9.76288
omg:   0.00154968    0.0005828 -0.000408808
User Command Input: 
axis value:  0 0 0
target mode: 0
Joint Data: 
pos: -0.446358  -1.16005   2.73919  0.435975   -1.1632   2.74174 -0.445283  -1.14955   2.74518  0.440782   -1.1481   2.74727
vel:   0.0139236  0.00453949 -0.00667572  -0.0218582   0.0107956  -0.0432205   -0.018959  0.00865936  -0.0133133   0.0252914  -0.0626755 -0.00354767
tau:  -0.00549316 -0.000610352  -0.00183105  -0.00427246   0.00183105  -0.00305176  -0.00671387  -0.00183105   0.00183105  0.000610352  -0.00183105   0.00549316
Imu Data: 
rpy:  0.00157713 -0.00278877   0.0163686
acc: 0.039279 0.017737  9.81084
omg: -0.000657326  9.64469e-05  -0.00103355
User Command Input: 
axis value:  0 0 0
target mode: 0
Joint Data: 
pos: -0.446663   -1.1602   2.73911  0.436204  -1.16336   2.74189 -0.445283  -1.14947    2.7451  0.441011  -1.14779   2.74727
vel:   -0.119362   0.0018692  -0.0599289   0.0857925  -0.0617599  0.00102997  -0.0505447  -0.0204849 -0.00720978  -0.0497818   0.0226212  -0.0225449
tau: -0.000610352  -0.00183105 -0.000610352  -0.00305176   0.00305176   0.00183105   0.00183105  -0.00183105   0.00183105  0.000610352  0.000610352  -0.00305176
Imu Data: 
rpy:  0.00152474 -0.00266713   0.0163442
acc:  0.022884 -0.015966   9.80216
omg:  -0.00139419 -4.33016e-05  -0.00231699
User Command Input: 
axis value:  0 0 0
target mode: 0
Joint Data: 
pos: -0.446358   -1.1602   2.73919  0.436128  -1.16328   2.74197 -0.445512  -1.14947   2.74518  0.440782  -1.14787   2.74734
vel:   -0.048027   0.0577164 -0.00392914   0.0152969  -0.0277328   0.0391769  -0.0259781  0.00530243 -0.00865936  -0.0579453  0.00644684   0.0268173
tau: -0.000610352  -0.00183105  0.000610352  -0.00183105  0.000610352   0.00305176   0.00183105  -0.00183105  0.000610352 -0.000610352   0.00305176  0.000610352
Imu Data: 
rpy:  0.00161796 -0.00263222   0.0162545
acc: 0.015624 0.022063  9.81936
omg: -0.00367517 0.000730752 -0.00011952
User Command Input: 
axis value:  0 0 0
target mode: 0
Joint Data: 
pos: -0.446358  -1.16043   2.73919  0.435975  -1.16336   2.74197 -0.445359  -1.14947   2.74526  0.441011  -1.14779   2.74742
vel:   0.0634384  -0.0535965  -0.0431442 -0.00286102  -0.0440598 -0.00858307   0.0204849  -0.0142288  -0.0262833 0.000648499   0.0522995 -0.00614166
tau:   0.00305176  -0.00183105   0.00183105  -0.00549316  0.000610352   0.00427246  0.000610352  -0.00183105 -0.000610352  0.000610352  0.000610352  0.000610352
Imu Data: 
rpy:  0.00189555 -0.00255246   0.0162219
acc: 0.024843 0.022174  9.77578
omg:  -0.00355155 -0.000665354   0.00024103
User Command Input: 
axis value:  0 0 0
target mode: 0
Joint Data: 
pos:  -0.44651  -1.16035   2.73903  0.436433   -1.1632   2.74197 -0.445359  -1.14962   2.74518  0.441011  -1.14794   2.74727
vel:   0.0439835   0.0247574  0.00957489   0.0260544 0.000267029   0.0401688    0.013237  -0.0069809  -0.0195694   0.0474167  0.00865936  0.00125885
tau:  -0.00427246 -0.000610352  -0.00427246  -0.00183105  0.000610352   0.00183105   0.00427246  -0.00183105 -0.000610352  0.000610352   0.00183105 -0.000610352
Imu Data: 
rpy:  0.00202844 -0.00271392   0.0161907
acc: 0.023147 0.017517  9.77097
omg:  0.00223273 -0.00024925 0.000882212
User Command Input: 
axis value:  0 0 0
target mode: 0
Joint Data: 
pos:  -0.44651   -1.1602   2.73903  0.436051  -1.16305   2.74189 -0.445283  -1.14947    2.7451  0.440934  -1.14779   2.74734
vel: -0.00377655   0.0317001   0.0235367 -0.00408173  0.00720978   0.0168991    0.027504 -0.00217438   0.0140762  -0.0196457  -0.0351334 -0.00743866
tau:  -0.00183105 -0.000610352   0.00305176  -0.00305176 -0.000610352  -0.00183105  0.000610352  -0.00183105   0.00183105  -0.00183105   0.00183105   0.00549316
Imu Data: 
rpy: 0.00212787 -0.0026873  0.0159772
acc: 0.043495 0.033224  9.77651
omg:  0.000924012 -0.000221709  0.000110357
User Command Input: 
axis value:  0 0 0
target mode: 0
Joint Data: 
pos:  -0.44651   -1.1602   2.73903   0.43628   -1.1632   2.74182 -0.445283  -1.14947   2.74503  0.440934  -1.14794   2.74734
vel:   0.0226974  -0.0243759   0.0138474  -0.0313187   0.0147629   0.0198746  -0.0240707  0.00965118  0.00598907   0.0284958 -0.00957489  -0.0266647
tau: -0.000610352  -0.00183105  0.000610352  -0.00305176   0.00183105 -0.000610352   0.00183105  -0.00183105  0.000610352   0.00427246   0.00305176  -0.00183105
Imu Data: 
rpy:  0.00167553 -0.00280211   0.0158758
acc: 0.039515 0.020001  9.78674
omg:  0.00319608  0.00160698 0.000894289
User Command Input: 
axis value:  0 0 0
target mode: 0
Joint Data: 
pos: -0.446587  -1.16028   2.73919  0.436204  -1.16328   2.74189 -0.445436  -1.14955   2.74533  0.440934  -1.14771   2.74727
vel:  -0.0317764  -0.0102615  -0.0375748  -0.0104904  -0.0164413  0.00797272 -0.00324249  0.00682831   0.0431442  -0.0347519   0.0265121  -0.0310898
tau: -0.000610352  -0.00183105  -0.00183105 -0.000610352   0.00305176  0.000610352   0.00305176  -0.00183105   0.00183105   0.00305176  -0.00183105   0.00305176
Imu Data: 
rpy:  0.00151599 -0.00290414   0.0161521
acc: 0.031598 0.010231  9.78887
omg: -0.00108053  0.00148905  0.00045506
User Command Input: 
axis value:  0 0 0
target mode: 0
Joint Data: 
pos:  -0.44651  -1.16043   2.73926  0.436204  -1.16328   2.74182 -0.445436  -1.14962   2.74518  0.440858  -1.14794   2.74742
vel:    0.0287247   -0.0997543 -0.000267029   -0.0146103    0.0152969   -0.0212479   -0.0642776   -0.0130844   -0.0304794    0.0336075   -0.0429153    0.0767136
tau:  -0.00305176  -0.00183105 -0.000610352  -0.00183105  0.000610352   0.00427246 -0.000610352  -0.00305176  0.000610352 -0.000610352   0.00427246   0.00427246
Imu Data: 
rpy:  0.00162344 -0.00310018   0.0163669
acc: 0.012553 0.000565  9.80853
omg: -0.00190166 -0.00183685  0.00333848
User Command Input: 
axis value:  0 0 0
target mode: 0
Joint Data: 
pos:  -0.44651  -1.16028   2.73919  0.436433   -1.1632   2.74197 -0.445283  -1.14955   2.74533  0.441087  -1.14802   2.74719
vel:   0.0167465   0.0108719   0.0264359  -0.0149918   0.0168991   -0.018959   0.0796127   0.0044632 -0.00957489  -0.0124741  -0.0161362  0.00614166
tau:   0.00305176 -0.000610352  -0.00183105  -0.00427246 -0.000610352 -0.000610352 -0.000610352  0.000610352  -0.00793457  -0.00183105 -0.000610352  -0.00305176
Imu Data: 
rpy:  0.00214019 -0.00311929   0.0163941
acc:  0.04008 0.036771   9.8153
omg: -0.000471117   0.00476969 -0.000983737
User Command Input: 
axis value:  0 0 0
target mode: 0
Joint Data: 
pos:  -0.44651  -1.16051   2.73919  0.436357  -1.16328   2.74182 -0.445436  -1.14962   2.74526  0.440858  -1.14787   2.74727
vel:   0.0165176  -0.0475693   0.0201035  -0.0429153  -0.0147629   0.0168991 -0.00385284 -0.00415802  -0.0432205 -0.00766754  -0.0195694  -0.0304794
tau:  -0.00427246 -0.000610352  0.000610352  0.000610352  0.000610352  0.000610352  0.000610352 -0.000610352  0.000610352   0.00183105   0.00183105   0.00305176
Imu Data: 
rpy:  0.00219753 -0.00325317   0.0162786
acc: 0.009496 0.019368  9.80051
omg: -0.00277068 -0.00262105 -0.00362611
User Command Input: 
axis value:  0 0 0
target mode: 0
Joint Data: 
pos:  -0.44651  -1.16012   2.73903  0.435975  -1.16328   2.74189 -0.445436  -1.14947   2.74533  0.440858  -1.14787   2.74727
vel:   0.0587082  -0.0282669  -0.0018692  -0.0259018  0.00240326 -0.00667572  -0.0111008  0.00400543  -0.0133133   0.0465012   -0.030098  -0.0214005
tau: -0.000610352  -0.00183105   0.00305176 -0.000610352  -0.00183105   0.00305176   0.00183105  0.000610352  0.000610352  0.000610352  -0.00183105  -0.00305176
Imu Data: 
rpy:  0.00185796 -0.00345985   0.0160298
acc: 0.028444 0.022292  9.78382
omg:  0.00145239 -0.00280562  0.00129783
User Command Input: 
axis value:  0 0 0
target mode: 0
Joint Data: 
pos: -0.446815  -1.16028   2.73903  0.435899   -1.1632   2.74182 -0.445588  -1.14955   2.74526  0.440934  -1.14794   2.74734
vel:   -0.041008   0.0123978  -0.0201797  -0.0930405 -0.00164032 -0.00873566  -0.0121689  -0.0043869  -0.0110245  -0.0180435   0.0362778   0.0166702
tau:  -0.00305176  -0.00427246 -0.000610352   0.00183105   0.00305176   0.00427246 -0.000610352  -0.00183105  -0.00305176  0.000610352   0.00183105  -0.00305176
Imu Data: 
rpy:  0.00169606 -0.00318695   0.0157331
acc: 0.038494 0.038249  9.79178
omg:  -0.00032882   -0.0025849 -1.97397e-05
User Command Input: 
axis value:  0 0 0
target mode: 0
Joint Data: 
pos: -0.446815  -1.16043   2.73911  0.436204  -1.16336   2.74182 -0.445588  -1.14962   2.74518  0.440934  -1.14794   2.74734
vel: -0.0529099 -0.0217819  0.0188828  0.0209427  0.0111771  0.0117874  0.0468826 -0.0162125 0.00782013 -0.0401688  0.0399399 0.00171661
tau: -0.000610352 -0.000610352   0.00671387  -0.00183105   0.00183105  0.000610352   0.00183105 -0.000610352 -0.000610352   0.00549316  -0.00305176   0.00305176
Imu Data: 
rpy:   0.0016747 -0.00309302   0.0156521
acc: 0.043476 0.017623  9.79712
omg:  -0.00184342  -0.00239037 -1.89717e-05
User Command Input: 
axis value:  0 0 0
target mode: 0
Joint Data: 
pos: -0.446663   -1.1602   2.73926  0.436204  -1.16328   2.74182 -0.445283  -1.14947   2.74503  0.440858  -1.14794   2.74734
vel:  0.0911331  0.0469589  0.0143051  0.0378799 -0.0781631  0.0155258  0.0172806  0.0318527  -0.019722 -0.0557327  0.0220871  0.0168991
tau:  0.000610352 -0.000610352 -0.000610352  0.000610352   0.00427246  0.000610352  0.000610352  0.000610352   0.00183105   0.00183105  -0.00183105  -0.00305176
Imu Data: 
rpy:  0.00189236 -0.00301888   0.0158906
acc: 0.021243 0.034082  9.79485
omg:  0.00469617 0.000722462 -0.00139588
User Command Input: 
axis value:  0 0 0
target mode: 0
Joint Data: 
pos: -0.446739  -1.16028   2.73919   0.43628  -1.16328   2.74159 -0.445207  -1.14955   2.74526  0.441011  -1.14779   2.74742
vel: -0.0244522 -0.0636673 -0.0182724  0.0328445 -0.0056076 -0.0404739  0.0156784 0.00728607  0.0490952 -0.0502396  0.0335312  0.0227737
tau:  -0.00183105 -0.000610352 -0.000610352  0.000610352  -0.00183105   0.00305176   0.00305176 -0.000610352  -0.00671387 -0.000610352   0.00427246   0.00427246
Imu Data: 
rpy:  0.00197486 -0.00313032    0.015897
acc: 0.061026 0.027315  9.80369
omg:  -0.00191641   0.00277823 -0.000755466
User Command Input: 
axis value:  0 0 0
target mode: 0
Joint Data: 
pos: -0.446358  -1.16028   2.73911  0.436204   -1.1632   2.74197 -0.445207  -1.14962   2.74526  0.440858  -1.14787   2.74734
vel:  0.0253677  0.0069809 -0.0126266 -0.0217056  0.0291061 -0.0101852   0.018959  -0.018425  -0.031395 -0.0175858  0.0348282 -0.0144577
tau:  -0.00549316 -0.000610352  -0.00183105  -0.00183105  0.000610352   0.00305176  0.000610352 -0.000610352 -0.000610352   0.00183105  0.000610352  -0.00305176
Imu Data: 
rpy:  0.00207111 -0.00290569   0.0159097
acc: 0.034439  0.02306   9.7593
omg: -0.00173693 -0.00158609  0.00464052
User Command Input: 
axis value:  0 0 0
target mode: 0
Joint Data: 
pos: -0.446739  -1.16043   2.73934   0.43628  -1.16328   2.74182 -0.445359  -1.14955   2.74518  0.440934  -1.14787   2.74742
vel:  -0.0263596  -0.0221634 -0.00614166  -0.0069046  -0.0466537 -0.00408173   0.0622177 -0.00865936   0.0275803  -0.0069046 -0.00164032   0.0410843
tau:  0.000610352 -0.000610352  0.000610352  -0.00183105 -0.000610352   0.00305176   0.00183105 -0.000610352  -0.00183105  0.000610352   0.00427246  0.000610352
Imu Data: 
rpy:  0.00178373 -0.00285792   0.0159782
acc: 0.035796 0.028827   9.7965
omg: -0.000818053  -0.00112246  0.000213017
User Command Input: 
axis value:  0 0 0
target mode: 0
Joint Data: 
pos: -0.446663  -1.16035   2.73911  0.436128   -1.1632   2.74182 -0.445512  -1.14947   2.74533  0.441011  -1.14794   2.74734
vel:  0.0163651  0.0322342 0.00545502  0.0123215 -0.0116348 0.00263214 -0.0194931 0.00431061  0.0315475  0.0213242  0.0194168 0.00858307
tau:  0.000610352 -0.000610352  -0.00793457   0.00549316   0.00183105 -0.000610352 -0.000610352 -0.000610352  -0.00549316  -0.00183105 -0.000610352 -0.000610352
Imu Data: 
rpy:  0.00153407 -0.00286136   0.0159973
acc: 0.001559 0.011652  9.79853
omg:  0.00338381  0.00166646 0.000297142
User Command Input: 
axis value:  0 0 0
target mode: 0
Joint Data: 
pos: -0.446434  -1.16012   2.73903  0.436357   -1.1632   2.74174 -0.445283  -1.14955   2.74533  0.440934  -1.14771   2.74742
vel:   0.0435257   0.0357437  -0.0156021  -0.0226974   0.0303268   0.0198746   0.0934219 -0.00545502  0.00339508   0.0348282   0.0366592   0.0236893
tau:  -0.00427246  -0.00183105 -0.000610352   0.00305176   0.00305176   0.00305176   0.00427246  -0.00183105  -0.00183105   0.00305176 -0.000610352  -0.00427246
Imu Data: 
rpy: 0.00184638 -0.0028767   0.016109
acc: 0.040308 0.035474  9.80212
omg:  0.000826413   -0.0022438 -0.000646836
User Command Input: 
axis value:  0 0 0
target mode: 0
Joint Data: 
pos: -0.446663   -1.1602   2.73896  0.436128  -1.16328   2.74189 -0.445207  -1.14947   2.74518  0.440858  -1.14802   2.74719
vel:  0.0137711  0.0421524 -0.0863266  0.0488663  0.0216293  0.0237656  0.0321579  -0.014534  0.0499344  -0.021019  0.0110245  0.0196457
tau: -0.00183105 -0.00305176 -0.00183105  0.00183105  0.00549316  0.00305176 0.000610352 -0.00183105  0.00549316  0.00305176  0.00183105  0.00671387
Imu Data: 
rpy:  0.00210209 -0.00266123   0.0162019
acc: 0.038008 0.016935  9.80015
omg:   -0.0028492 -0.000644358 -0.000233403
User Command Input: 
axis value:  0 0 0
target mode: 0
Joint Data: 
pos: -0.446739  -1.16035   2.73919  0.436204   -1.1632   2.74182 -0.445283  -1.14939   2.74518  0.440782  -1.14794   2.74742
vel:   0.0283432  -0.0316238   0.0340652 -0.00102997  -0.0130844   0.0181961  -0.0555801   0.0510025   0.0812149   0.0300217   0.0647354  -0.0114059
tau:  -0.00549316 -0.000610352  -0.00305176   0.00183105   0.00183105   0.00183105 -0.000610352 -0.000610352  -0.00305176   0.00549316 -0.000610352   0.00183105
Imu Data: 
rpy:  0.00204954 -0.00284457   0.0162572
acc: 0.019722 0.012043  9.79698
omg:  0.00235019  0.00180279 -0.00261127
User Command Input: 
axis value:  0 0 0
target mode: 0
Joint Data: 
pos: -0.446663  -1.16028   2.73919  0.436051  -1.16313   2.74182 -0.445512  -1.14962   2.74518  0.440934  -1.14764   2.74734
vel:  -0.0880051   0.0409317 -0.00629425   -0.041008 -0.00087738   0.0140762   0.0056076   0.0355911   0.0435257    0.071373   0.0610733   0.0056076
tau:  -0.00671387  0.000610352  -0.00183105 -0.000610352   0.00549316   0.00305176   0.00549316  -0.00183105  -0.00183105  0.000610352   0.00183105   0.00793457
Imu Data: 
rpy:  0.00172681 -0.00305813   0.0162332
acc: 0.047947 0.030897  9.79687
omg:   0.0030452  0.00178149 0.000658949
User Command Input: 
axis value:  0 0 0
target mode: 0
Joint Data: 
pos: -0.44651 -1.16005  2.73919 0.436204 -1.16328  2.74174 -0.44513 -1.14955  2.74518 0.440858 -1.14794  2.74734
vel:  0.0136185 0.00247955 -0.0056839 0.00392914  0.0160599 -0.0291061  0.0458908 -0.0349808 0.00125885   -0.01194   0.033989 -0.0407028
tau:  -0.00305176  -0.00183105   0.00183105 -0.000610352  0.000610352   0.00305176  0.000610352  -0.00183105   0.00183105   0.00183105 -0.000610352 -0.000610352
Imu Data: 
rpy: 0.00169466 -0.0028364  0.0161077
acc:  0.046293 -0.014945   9.78689
omg: -0.00522202  0.00104048 -0.00246221
User Command Input: 
axis value:  0 0 0
target mode: 0
Joint Data: 
pos: -0.446663   -1.1602   2.73919  0.436204  -1.16336   2.74182 -0.445588  -1.14962   2.74526  0.440782  -1.14779   2.74734
vel: -0.00133514  -0.0199509  -0.0056076   0.0304794  -0.0773239  -0.0169754   -0.120811   0.0123978   -0.028038   0.0291824  -0.0144577    0.018959
tau:  -0.00183105  -0.00305176  -0.00183105 -0.000610352  0.000610352   0.00305176  -0.00305176  -0.00183105  0.000610352  -0.00305176   0.00915527   0.00671387
Imu Data: 
rpy:  0.00171609 -0.00281724   0.0160411
acc: 0.025933 0.031131  9.78806
omg: 0.00254382 0.00142162 0.00214196
User Command Input: 
axis value:  0 0 0
target mode: 0
Joint Data: 
pos: -0.446663  -1.16005   2.73934   0.43628   -1.1632   2.74189 -0.445436  -1.14955    2.7451  0.441011  -1.14787   2.74742
vel:  -0.0225449  -0.0170517   0.0625992  -0.0585556  -0.0110245   0.0192642  -0.0660324   0.0156021   0.0395584 -0.00148773  -0.0607681  -0.0122452
tau: -0.000610352 -0.000610352    -0.010376  -0.00183105   0.00305176   0.00305176   0.00427246  -0.00305176  -0.00427246   0.00427246   0.00549316   0.00305176
Imu Data: 
rpy:  0.00200243 -0.00316962   0.0159239
acc:  0.025902 -0.000959   9.77881
omg:   0.00244339 -0.000137602   0.00123451
User Command Input: 
axis value:  0 0 0
target mode: 0
Joint Data: 
pos:  -0.44651  -1.16028   2.73911  0.436128  -1.16328   2.74174 -0.445359  -1.14932   2.74518  0.441087  -1.14771   2.74727
vel:    0.0638962   0.00415802     -0.01194   0.00118256 -0.000267029   -0.0218582   0.00225067   -0.0457382    0.0157547    0.0342941   -0.0114822    0.0104904
tau:  0.000610352 -0.000610352  -0.00671387  -0.00427246  0.000610352 -0.000610352   0.00305176  -0.00305176  0.000610352   0.00305176  0.000610352   0.00549316
Imu Data: 
rpy:  0.00239187 -0.00327263   0.0159996
acc: 0.026281 0.016869   9.7933
omg: 0.000544211  0.00369202  0.00163077
User Command Input: 
axis value:  0 0 0
target mode: 0
Joint Data: 
pos: -0.446281  -1.16012   2.73919  0.436509  -1.16305   2.74189 -0.445359  -1.14955   2.74533  0.440858  -1.14787   2.74711
vel:   0.067482 0.00514984 -0.0195694  0.0560379  0.0210953 -0.0180435 -0.0103378 0.00232697 -0.0155258  -0.109825  0.0418472 -0.0385666
tau:   0.00427246 -0.000610352 -0.000610352   0.00183105   0.00305176   0.00183105   0.00427246  -0.00183105  0.000610352 -0.000610352 -0.000610352  0.000610352
Imu Data: 
rpy:  0.00232635 -0.00303741   0.0158631
acc: 0.016585 0.016539  9.78773
omg:  -0.00236914 -0.000670346   0.00102261
User Command Input: 
axis value:  0 0 0
target mode: 0
Joint Data: 
pos: -0.446815  -1.16005   2.73911  0.436357  -1.16336   2.74174 -0.445283  -1.14947   2.74533  0.440934  -1.14802   2.74734
vel:    0.105247 -0.00774384 0.000648499  -0.0884628   0.0152969  -0.0207138   0.0391006  -0.0374222 -0.00377655    0.028801  -0.0362015  0.00331879
tau:  -0.00305176  -0.00183105   0.00305176 -0.000610352   0.00183105 -0.000610352  -0.00183105 -0.000610352   0.00305176   0.00183105  0.000610352  -0.00305176
Imu Data: 
rpy:  0.00229898 -0.00298649   0.0157882
acc: 0.044609 0.021477  9.79816
omg:  0.00111788 0.000356169  0.00166517
User Command Input: 
axis value:  0 0 0
target mode: 0
Joint Data: 
pos: -0.446281   -1.1602   2.73934  0.436128  -1.16328   2.74182 -0.445665  -1.14947   2.74533  0.441163  -1.14802   2.74727
vel:    0.0651169    0.0471878    0.0527573    -0.041008   -0.0114059   -0.0172043    0.0151443 -0.000114441    0.0335312   -0.0360489   -0.0374985  -0.00865936
tau:  -0.00183105 -0.000610352  -0.00671387  -0.00305176   0.00305176  -0.00183105  -0.00183105  -0.00183105  -0.00305176  0.000610352   0.00305176 -0.000610352
Imu Data: 
rpy:  0.00238384 -0.00297294   0.0158008
acc: 0.014523 0.011341  9.79137
omg: -0.00098838  0.00302014  0.00204757
User Command Input: 
axis value:  0 0 0
target mode: 0
Joint Data: 
pos: -0.446587  -1.16012   2.73911  0.436433  -1.16328   2.74174 -0.445588  -1.14955   2.74518  0.441011  -1.14794   2.74719
vel:  -0.0295639  0.00118256   -0.010643   0.0253677   0.0152969   -0.015831  -0.0152206   0.0130081  -0.0151443 -0.00576019   0.0114059  -0.0164413
tau:   0.00305176  -0.00183105  0.000610352  -0.00305176 -0.000610352   0.00305176   0.00183105 -0.000610352  -0.00427246   0.00183105   0.00183105   0.00549316
Imu Data: 
rpy:  0.00276177 -0.00300575   0.0157347
acc: 0.033314 0.000301  9.77892
omg: -5.46986e-05  -0.00154643   0.00299706
User Command Input: 
axis value:  0 0 0
target mode: 0
Joint Data: 
pos: -0.446358   -1.1602   2.73919  0.436204  -1.16336   2.74182  -0.44513  -1.14947   2.74518  0.441087  -1.14794   2.74727
vel:  -0.0337601  0.00499725  -0.0156784  0.00492096   0.0276566  -0.0124741 -0.00743866   0.0094986   -0.026207  0.00980377  -0.0172806   0.0136185
tau:  -0.00183105  -0.00305176   0.00183105  -0.00549316 -0.000610352   0.00183105   0.00549316  -0.00305176   0.00427246  -0.00305176 -0.000610352 -0.000610352
Imu Data: 
rpy:   0.0025168 -0.00308672   0.0158207
acc: 0.023266 0.034441  9.79283
omg:   0.00101884 -0.000236283 -0.000172508
User Command Input: 
axis value:  0 0 0
target mode: 0
Joint Data: 
pos: -0.446663  -1.16028   2.73911   0.43628  -1.16328   2.74189  -0.44513  -1.14955   2.74518  0.440934  -1.14802   2.74734
vel:  -0.0392532   0.0094986 -0.00621796 -0.00324249 0.000114441   -0.030632   0.0434494  -0.0296402  -0.0130844  -0.0389481  0.00133514 -0.00583649
tau:  -0.00305176  -0.00183105   0.00305176   0.00183105  -0.00305176 -0.000610352 -0.000610352  -0.00427246 -0.000610352  0.000610352   0.00183105   0.00427246
Imu Data: 
rpy: 0.00220927 -0.0032043  0.0157226
acc:   0.02633 -0.002412   9.78889
omg: -0.000321577 -0.000969653   0.00157226
User Command Input: 
axis value:  0 0 0
target mode: 0
Joint Data: 
pos: -0.446663  -1.16035   2.73919  0.436051  -1.16336   2.74182 -0.445207  -1.14955   2.74526  0.441011  -1.14794    2.7475
vel:  -0.0540543  -0.0114059   0.0204849   0.0928879  -0.0369644  -0.0518417   0.0544357   0.0466537 -0.00995636  -0.0107956 -0.00301361 -0.00713348
tau: 0.000610352 -0.00183105  0.00793457  0.00305176  0.00183105  0.00305176 -0.00427246 -0.00183105 -0.00183105  0.00427246  0.00305176  0.00183105
Imu Data: 
rpy:  0.00200828 -0.00313568   0.0155087
acc: 0.048643 0.034991  9.77267
omg: -0.000331194   0.00159102 -4.98815e-05
User Command Input: 
axis value:  0 0 0
target mode: 0
Joint Data: 
pos:  -0.44651   -1.1602   2.73919   0.43628  -1.16328   2.74182 -0.445359  -1.14955   2.74518  0.441011   -1.1481   2.74742
vel:    0.054512   0.0285721  -0.0684738   -0.026207  -0.0230026  0.00926971 -0.00934601  -0.0356674 0.000724792   0.0437546  -0.0625229   -0.046196
tau:  -0.00305176  0.000610352  0.000610352   0.00183105 -0.000610352   0.00305176  0.000610352  -0.00183105  -0.00671387   0.00427246 -0.000610352   0.00549316
Imu Data: 
rpy:   0.0023463 -0.00293491   0.0156785
acc: 0.022695 0.011745  9.78882
omg: 0.000135106 -0.00221276  0.00102262
User Command Input: 
axis value:  0 0 0
target mode: 0
Joint Data: 
pos: -0.446358  -1.16043   2.73919  0.435746  -1.16328   2.74197 -0.445283  -1.14947   2.74518  0.441087  -1.14794   2.74711
vel:   -0.0706863   -0.0835037 -0.000267029   -0.0346756   0.00988007   0.00102997    0.0148392  0.000495911  -0.00843048   -0.0410843   -0.0503159  -0.00469208
tau:  -0.00427246  -0.00183105 -0.000610352  -0.00793457 -0.000610352   0.00305176  -0.00305176  0.000610352   0.00183105 -0.000610352   0.00305176   0.00305176
Imu Data: 
rpy:   0.0026056 -0.00293034   0.0157586
acc: 0.014608 0.014813  9.79482
omg:    0.0028216 -0.000644672   0.00043621
User Command Input: 
axis value:  0 0 0
target mode: 0
Joint Data: 
pos: -0.446587  -1.16051   2.73919   0.43628  -1.16336   2.74182 -0.445359  -1.14962   2.74518  0.441011  -1.14794   2.74727
vel: -0.0807571  0.0181198 -0.0369644  0.0825119 -0.0635147 0.00553131   0.119972  0.0139999 -0.0178909 -0.0214767 -0.0246811 0.00850677
tau: -0.000610352  0.000610352   0.00305176  -0.00793457  -0.00305176   0.00305176   0.00305176  -0.00305176  -0.00183105 -0.000610352   0.00305176   0.00183105
Imu Data: 
rpy:  0.00259757 -0.00294207   0.0158823
acc: 0.015917 0.013746  9.81526
omg:   0.0024288 0.000735778  0.00054559
User Command Input: 
axis value:  0 0 0
target mode: 0
Joint Data: 
pos: -0.446587  -1.16028   2.73911  0.436357  -1.16328   2.74182 -0.445207  -1.14962    2.7451  0.440858  -1.14779   2.74734
vel:  0.0583267 0.00919342 0.00675201   -0.08564 -0.0245285  0.0123978  0.0138474 0.00896454  0.0111008  0.0316238  0.0221634  0.0439835
tau:  -0.00183105  -0.00305176   0.00183105  -0.00183105   0.00183105 -0.000610352 -0.000610352  -0.00183105  -0.00549316  0.000610352  0.000610352   0.00549316
Imu Data: 
rpy:  0.00258197 -0.00276554   0.0157959
acc: 0.007538 0.009721  9.79993
omg: -0.00119408 -0.00256734 0.000594407
User Command Input: 
axis value:  0 0 0
target mode: 0
Joint Data: 
pos: -0.446434   -1.1602   2.73919  0.436051   -1.1632   2.74197 -0.445588  -1.14947   2.74518  0.440782  -1.14779   2.74734
vel:  -0.0264359   0.0488663  0.00553131    0.112877 -0.00766754   -0.031929  -0.0352859  -0.0312424 -0.00850677  -0.0251389  -0.0102615   -0.038414
tau:  -0.00427246  -0.00183105   0.00305176  0.000610352  0.000610352   0.00427246   0.00183105  -0.00305176  -0.00671387   0.00305176 -0.000610352   0.00183105
Imu Data: 
rpy:  0.00253439 -0.00277279   0.0157656
acc: 0.034773 0.018081  9.79579
omg: 0.000100374 -0.00362063 -0.00249799
User Command Input: 
axis value:  0 0 0
target mode: 0
Joint Data: 
pos: -0.446739  -1.16035   2.73911  0.436051  -1.16328   2.74182  -0.44513  -1.14955   2.74526  0.441011  -1.14802   2.74727
vel:  -0.0216293  -0.0113297   0.0394058   0.0464249  0.00720978  -0.0439072   0.0165939   0.0262833 -0.00225067  -0.0279617  -0.0242996 -0.00133514
tau:  -0.00183105 -0.000610352   0.00183105  -0.00305176 -0.000610352  -0.00183105  -0.00427246  -0.00183105  -0.00427246 -0.000610352  0.000610352   0.00427246
Imu Data: 
rpy:  0.00225694 -0.00296467   0.0157404
acc: 0.023763 0.017866   9.8047
omg: -0.00340091   0.0015831 -0.00211777
User Command Input: 
axis value:  0 0 0
target mode: 0
Joint Data: 
pos: -0.446587  -1.16012   2.73903  0.435975  -1.16328   2.74189 -0.445054  -1.14947   2.74533  0.440858  -1.14764   2.74727
vel:  -0.0349808   0.0302505  -0.0181961  -0.0191116 -0.00156403   0.0270462   0.0479507  -0.0185013 -0.00888824  -0.0255966   0.0451279  -0.0419235
tau: -0.000610352 -0.000610352  0.000610352   0.00305176   0.00427246 -0.000610352   0.00427246  -0.00183105   0.00671387  0.000610352   0.00183105  -0.00183105
Imu Data: 
rpy:  0.00228717 -0.00305258   0.0157944
acc:  0.04934 0.025189  9.79898
omg: -0.000511626  -0.00144211  -0.00128369
User Command Input: 
axis value:  0 0 0
target mode: 0
Joint Data: 
pos: -0.446434  -1.16043   2.73926  0.435899  -1.16336   2.74174 -0.445436  -1.14939   2.74533  0.440553  -1.14802   2.74734
vel:   0.0222397   0.0178146   0.0439072  0.00331879   0.0352859 -0.00469208 -0.00102997   0.0191116 -0.00263214  -0.0445938  -0.0298691   0.0395584
tau:  -0.00183105  -0.00183105 -0.000610352  0.000610352   0.00183105   0.00427246  -0.00305176  -0.00183105  -0.00183105  -0.00183105   0.00427246 -0.000610352
Imu Data: 
rpy:   0.0025405 -0.00287269   0.0157736
acc: 0.049264   0.0184  9.78809
omg:   0.00224242    0.0021085 -0.000109642
User Command Input: 
axis value:  0 0 0
target mode: 0
Joint Data: 
pos: -0.446663  -1.16012   2.73911  0.436051  -1.16336   2.74174 -0.445359  -1.14947    2.7451  0.440858  -1.14787   2.74742
vel:    0.0281143   -0.0507736   0.00476837     0.124779    0.0175095 -0.000419617    0.0217056   -0.0299454   0.00415802    0.0387192    0.0347519    0.0191116
tau:  0.00183105 -0.00183105 -0.00183105 -0.00427246  0.00183105 0.000610352 0.000610352 0.000610352 0.000610352 -0.00183105  0.00183105  0.00183105
Imu Data: 
rpy:  0.00224067 -0.00276136    0.015947
acc: 0.027934 0.034493  9.80109
omg: -0.000727331  0.000205006  0.000979741
User Command Input: 
axis value:  0 0 0
target mode: 0
Joint Data: 
pos: -0.446587  -1.16035   2.73926   0.43628  -1.16336   2.74189 -0.445359  -1.14955   2.74518  0.440858  -1.14794   2.74719
vel:  0.0206375  -0.106926   0.019722  -0.030632 -0.0288773  0.0203323 -0.0214005  0.0230026 0.00720978 -0.0175858  0.0143814  0.0112534
tau:  0.000610352 -0.000610352  -0.00305176 -0.000610352   0.00305176   0.00427246  0.000610352 -0.000610352  -0.00305176  -0.00305176   0.00549316  0.000610352
Imu Data: 
rpy:  0.00197573 -0.00265049   0.0157287
acc: 0.045327 0.015993  9.79762
omg:   0.00181214   0.00109001 -0.000784508
User Command Input: 
axis value:  0 0 0
target mode: 0
Joint Data: 
pos: -0.446663  -1.16012   2.73911  0.436051  -1.16328   2.74166 -0.445207  -1.14947   2.74526  0.441087  -1.14787   2.74734
vel:   -0.0278854   0.00423431   -0.0593948   -0.0104904   -0.0217056  -0.00400543    0.0185776   0.00400543    0.0152969   -0.0412369 -0.000267029    0.0226212
tau:  -0.00305176 -0.000610352  -0.00305176  0.000610352   0.00183105   0.00305176  -0.00305176  -0.00183105  -0.00183105 -0.000610352  -0.00183105  0.000610352
Imu Data: 
rpy:  0.00163061 -0.00276122   0.0157312
acc:  0.03226 0.021491  9.78313
omg: -0.000989968 -0.000693611 -0.000452372
User Command Input: 
axis value:  0 0 0
target mode: 0
Joint Data: 
pos: -0.446587  -1.16028   2.73903  0.436433   -1.1632   2.74182 -0.445207  -1.14962   2.74533  0.441011  -1.14779   2.74727
vel:  0.0376511  0.0440598 0.00629425  0.0478745  0.0183487  0.0136185 -0.0342941  0.0179672 -0.0151443  0.0147629 0.00637054   0.024147
tau: -0.00305176 -0.00183105 -0.00305176 -0.00305176 0.000610352  0.00183105 -0.00183105 -0.00183105 -0.00549316  0.00305176 -0.00183105  0.00549316
Imu Data: 
rpy:  0.00144356 -0.00276017   0.0157762
acc: 0.034188 0.039878  9.80897
omg: -0.000535624  -0.00139864  0.000893172
User Command Input: 
axis value:  0 0 0
target mode: 0
Joint Data: 
pos: -0.446739  -1.16012   2.73926  0.436051  -1.16343   2.74182  -0.44513  -1.14955   2.74526  0.441011  -1.14787   2.74734
vel:  -0.0217056  -0.0488663  -0.0378799  -0.0294876  -0.0452805 0.000190735   0.0475693  -0.0143814  -0.0294113   0.0524521  0.00614166  -0.0166702
tau:  -0.00305176  0.000610352 -0.000610352  -0.00183105  0.000610352  -0.00183105  0.000610352 -0.000610352  -0.00549316   0.00183105 -0.000610352  -0.00305176
Imu Data: 
rpy: 0.00134902 -0.0031477  0.0159765
acc:  0.032887 -0.003941   9.79639
omg:  -0.00169943   0.00143958 -0.000542256
User Command Input: 
axis value:  0 0 0
target mode: 0
Joint Data: 
pos: -0.446587  -1.16012   2.73919  0.436051   -1.1632   2.74182 -0.445512  -1.14947   2.74518  0.441239  -1.14771   2.74719
vel:  0.00827789    0.054512 -0.00492096    -0.02285   0.0221634   0.0402451   0.0733566   0.0333786  -0.0212479    0.018425  -0.0168228  0.00553131
tau:  -0.00183105  -0.00183105  0.000610352  -0.00183105 -0.000610352   0.00183105 -0.000610352 -0.000610352 -0.000610352  0.000610352   0.00549316   0.00427246
Imu Data: 
rpy: 0.00163801 -0.0033658   0.016081
acc: 0.044421 0.003748  9.79537
omg:   0.00214286 -0.000738484  -0.00145101
User Command Input: 
axis value:  0 0 0
target mode: 0
Joint Data: 
pos: -0.446434   -1.1602   2.73926   0.43628  -1.16328   2.74182 -0.445359  -1.14962   2.74518  0.441087  -1.14802   2.74727
vel:  0.00469208  -0.0210953   0.0155258  0.00583649 -0.00377655  -0.0336075  -0.0159836   0.0284958   0.0147629  -0.0510025   -0.024147  -0.0728989
tau:  -0.00305176 -0.000610352   0.00183105  -0.00427246   0.00305176   0.00305176   0.00183105  -0.00183105 -0.000610352  -0.00305176   0.00183105   0.00305176
Imu Data: 
rpy:  0.00163921 -0.00316865   0.0159571
acc: 0.033348 0.002531  9.79298
omg:  0.00227394  0.00307574 0.000200364
User Command Input: 
axis value:  0 0 0
target mode: 0
Joint Data: 
pos: -0.446434  -1.16012   2.73919  0.436357  -1.16343   2.74182 -0.445359  -1.14955   2.74518  0.440858  -1.14779   2.74734
vel:  -0.0230026   0.0323105   0.0357437   0.0127792  -0.0235367  0.00843048   0.0323105 0.000114441   -0.014534  -0.0256729   0.0485611   0.0416183
tau: -0.000610352  0.000610352   0.00427246  -0.00183105 -0.000610352   0.00305176   0.00549316  -0.00183105 -0.000610352   0.00183105   0.00183105   0.00915527
Imu Data: 
rpy: 0.00137336 -0.0030093  0.0159348
acc: 0.035902 0.012621  9.75492
omg: -0.000438758   0.00102861  -0.00286789
User Command Input: 
axis value:  0 0 0
target mode: 0
Joint Data: 
pos: -0.446281  -1.16035   2.73934  0.436204  -1.16313   2.74182 -0.445283  -1.14955   2.74533  0.441011  -1.14802   2.74734
vel:  0.0443649  0.0304794  0.0286484 -0.0854111 -0.0143051 0.00759125 -0.0814438  -0.013237 -0.0485611  0.0108719  0.0142288  0.0390244
tau:  -0.00183105  -0.00305176  -0.00549316  -0.00549316 -0.000610352   0.00427246  -0.00793457 -0.000610352  -0.00183105 -0.000610352  -0.00305176   0.00427246
Imu Data: 
rpy:  0.0015376 -0.0030035   0.015995
acc: 0.017777 0.047642  9.80545
omg: -0.00141462 0.000727104   0.0015908
User Command Input: 
axis value:  0 0 0
target mode: 0
Joint Data: 
pos:  -0.44651  -1.16035   2.73919  0.436357   -1.1632   2.74182 -0.445283  -1.14947    2.7451  0.440934  -1.14794   2.74727
vel: -0.0400162 -0.0469589 -0.0410843  0.0349808  -0.020256 -0.0143051  0.0340652  0.0164413 -0.0494003  0.0243759 0.00156403 -0.0216293
tau:  -0.00305176 -0.000610352 -0.000610352  -0.00183105 -0.000610352   0.00427246   0.00183105 -0.000610352   0.00427246   0.00427246   0.00183105   0.00305176
Imu Data: 
rpy:  0.0015291 -0.0029195  0.0159302
acc: 0.023013 0.012204  9.80524
omg: -0.00104688  0.00205945 0.000405911
User Command Input: 
axis value:  0 0 0
target mode: 0
Joint Data: 
pos:  -0.44651  -1.16012   2.73911  0.436204  -1.16313   2.74189 -0.445207  -1.14947   2.74533  0.440705  -1.14802   2.74734
vel:  -0.0448227    0.112801  -0.0524521  -0.0191116   0.0209427   0.0640488   0.0684738 -0.00553131    0.037117  -0.0719833   -0.121574 -0.00896454
tau:   0.00183105  -0.00305176  -0.00427246  0.000610352  -0.00183105   0.00183105   0.00549316  -0.00183105 -0.000610352 -0.000610352   0.00183105  0.000610352
Imu Data: 
rpy:  0.00152646 -0.00323221   0.0157982
acc: 0.046533 0.014753   9.7933
omg: -0.00124838 -0.00176114 0.000337808
User Command Input: 
axis value:  0 0 0
target mode: 0
Joint Data: 
pos: -0.446587  -1.16035   2.73919  0.436051   -1.1632   2.74182 -0.445359  -1.14955   2.74541  0.440858  -1.14771   2.74734
vel: -0.00720978   0.0632858  -0.0288773   0.0516891 -0.00865936  0.00484467   0.0242233   0.0109482 0.000801086  -0.0102615 0.000572205  -0.0308609
tau:  0.000610352  -0.00183105  -0.00183105 -0.000610352  0.000610352   0.00183105   0.00183105 -0.000610352 -0.000610352   0.00549316  0.000610352 -0.000610352
Imu Data: 
rpy:  0.00134757 -0.00361119   0.0158142
acc: 0.053784 0.019365   9.7926
omg:  -0.00185937 -0.000642107  0.000131842
User Command Input: 
axis value:  0 0 0
target mode: 0
Joint Data: 
pos: -0.446434  -1.16012   2.73911  0.436128   -1.1632   2.74174 -0.445359  -1.14955   2.74518  0.441087   -1.1481   2.74734
vel:  0.00423431  -0.0355148  -0.0147629  -0.0125504  -0.0234604   0.0249863   0.0564957   0.0173569 0.000114441   0.0328445  -0.0295639  0.00720978
tau:  0.000610352  -0.00183105  -0.00183105  -0.00183105   0.00183105   0.00183105   0.00183105 -0.000610352   0.00183105 -0.000610352   0.00427246   0.00183105
Imu Data: 
rpy:  0.00115007 -0.00335377   0.0157771
acc: 0.049744 0.014794  9.78845
omg: -0.00117927  0.00109863 -0.00112139
User Command Input: 
axis value:  0 0 0
target mode: 0
Joint Data: 
pos: -0.446663  -1.16028   2.73926  0.436051  -1.16313   2.74182 -0.445512  -1.14947   2.74526  0.440782   -1.1481   2.74734
vel:  -0.0221634  -0.0585556   0.0056076   0.0504684   0.0445938  0.00125885   0.0198746   0.0100327   -0.015831  -0.0654984   0.0134659 -0.00644684
tau:  0.000610352 -0.000610352  -0.00793457  0.000610352 -0.000610352   0.00427246   0.00427246  -0.00183105 -0.000610352  0.000610352   0.00305176  -0.00305176
Imu Data: 
rpy:  0.00135876 -0.00325556   0.0158363
acc: 0.023418 0.019415  9.79327
omg: -0.00214478  0.00365715 -0.00156792
User Command Input: 
axis value:  0 0 0
target mode: 0
Joint Data: 
pos:  -0.44651  -1.16043   2.73919  0.436204  -1.16328   2.74174 -0.445359  -1.14955    2.7451  0.441011  -1.14802   2.74727
vel: -0.0477219 -0.0117874  0.0268936  0.0370407 -0.0236893 -0.0345993 -0.0669479  0.0104141   0.020256  0.0352859 -0.0194168 -0.0111008
tau:  -0.00549316 -0.000610352  -0.00427246  -0.00183105   0.00427246   0.00305176  0.000610352  -0.00305176  -0.00671387   0.00183105  -0.00183105  0.000610352
Imu Data: 
rpy:   0.0017603 -0.00313681   0.0161104
acc: 0.012922 0.013162  9.80537
omg:   0.00127425 -0.000412055  0.000972183
User Command Input: 
axis value:  0 0 0
target mode: 0
Joint Data: 
pos: -0.446358  -1.16043   2.73903  0.435899  -1.16313   2.74189  -0.44513  -1.14947   2.74518  0.441011  -1.14794   2.74734
vel:   0.0177383   0.0330734  -0.0179672   -0.029335  0.00209808   0.0127029   0.0164413   0.0349045   0.0295639    0.017662  0.00972748 -0.00934601
tau: -0.000610352  -0.00183105   0.00183105  -0.00427246  0.000610352   0.00183105  -0.00671387  -0.00183105  -0.00671387 -0.000610352  -0.00183105  -0.00305176
Imu Data: 
rpy:  0.00217465 -0.00302183   0.0163111
acc: 0.051267  0.01379  9.77868
omg:  0.00163913  0.00144398 0.000784787
User Command Input: 
axis value:  0 0 0
target mode: 0
Joint Data: 
pos:  -0.44651  -1.16028   2.73911  0.435899  -1.16313   2.74182 -0.445588  -1.14955   2.74533  0.440934  -1.14794   2.74727
vel:    0.047493  0.00827789 -0.00415802   -0.039711   0.0105667   0.0510025  -0.0260544  -0.0210953    -0.02285   -0.039711  -0.0185776  -0.0056839
tau: -0.000610352 -0.000610352  -0.00305176  -0.00183105  0.000610352  -0.00427246  0.000610352  0.000610352  -0.00305176  0.000610352   0.00305176  -0.00183105
Imu Data: 
rpy:   0.0020065 -0.00307492   0.0162386
acc: 0.030608 0.011086  9.79911
omg: -0.00133926 -0.00188057  -0.0023553
User Command Input: 
axis value:  0 0 0
target mode: 0
Joint Data: 
pos: -0.446358  -1.16028   2.73919  0.436128   -1.1632   2.74182 -0.445359  -1.14947   2.74526  0.441087  -1.14779   2.74734
vel:  0.0993729 0.00453949  0.0112534 0.00522614  0.0357437   0.042305  0.0398636  0.0317764  0.0112534 0.00995636  0.0149918 -0.0458908
tau:  -0.00305176 -0.000610352 -0.000610352  -0.00183105 -0.000610352  0.000610352  -0.00183105  -0.00183105  -0.00305176   0.00183105 -0.000610352  -0.00305176
Imu Data: 
rpy:   0.0018208 -0.00316308   0.0159768
acc:  0.02773 0.013294  9.78806
omg:  0.00475632  0.00129716 0.000433994
User Command Input: 
axis value:  0 0 0
target mode: 0
Joint Data: 
pos: -0.446434  -1.16028   2.73926  0.436051  -1.16328   2.74182 -0.445207  -1.14962   2.74526  0.441011  -1.14787   2.74734
vel: 0.00789642  -0.166206 0.00232697   0.028038  0.0253677 -0.0389481   0.113716  -0.013237 -0.0607681  0.0499344 -0.0162125 -0.0316238
tau:  -0.00305176 -0.000610352  0.000610352 -0.000610352  0.000610352 -0.000610352 -0.000610352  -0.00183105  -0.00793457  -0.00183105  -0.00183105 -0.000610352
Imu Data: 
rpy:  0.00173655 -0.00314182   0.0159478
acc:  0.04148 0.022652  9.79159
omg:  0.00148089 0.000473438 -0.00124828
User Command Input: 
axis value:  0 0 0
target mode: 0
Joint Data: 
pos: -0.446434  -1.16035   2.73926  0.436357   -1.1632   2.74189 -0.445359  -1.14955    2.7451  0.441011  -1.14779   2.74727
vel:  0.0140762  0.0143051   0.051384 -0.0407791 0.00278473  0.0154495   0.104942  -0.018959  0.0345993 0.00522614 -0.0873184  0.0139236
tau:  -0.00183105  -0.00427246 -0.000610352  -0.00183105  0.000610352   0.00549316 -0.000610352   0.00183105   0.00427246 -0.000610352  -0.00183105   0.00549316
Imu Data: 
rpy:  0.00157003 -0.00304895   0.0160979
acc: 0.026766 0.019959  9.78924
omg:   0.0031827 5.73864e-05  0.00110462
User Command Input: 
axis value:  0 0 0
target mode: 0
Joint Data: 
pos: -0.446663   -1.1602   2.73919  0.436051   -1.1632   2.74182 -0.445512  -1.14939    2.7451  0.440934  -1.14787   2.74742
vel: -0.0161362   0.084343 -0.0458908  0.0239182  0.0217056  0.0294113  0.0542831 -0.0130844 -0.0271225  0.0326157  0.0244522  0.0307846
tau: -0.000610352  -0.00305176  0.000610352 -0.000610352  0.000610352  -0.00183105  0.000610352 -0.000610352  0.000610352   0.00305176   0.00183105  -0.00549316
Imu Data: 
rpy:  0.00199774 -0.00288201   0.0160962
acc: 0.022764 0.019618  9.76203
omg:   0.00395198  -0.00060172 -0.000325626
User Command Input: 
axis value:  0 0 0
target mode: 0
Joint Data: 
pos: -0.446434  -1.15997   2.73919  0.436128  -1.16328   2.74182 -0.445283  -1.14955   2.74518  0.441011  -1.14787   2.74742
vel: -0.000801086    0.0619125    0.0325394   -0.0148392    -0.028038   -0.0019455     0.024147   -0.0262833   -0.0340652    0.0164413  -0.00202179   -0.0249863
tau:  -0.00183105 -0.000610352  0.000610352 -0.000610352   0.00183105   0.00427246   0.00427246  -0.00305176  0.000610352 -0.000610352   0.00183105  0.000610352
Imu Data: 
rpy:  0.00218665 -0.00297814   0.0160507
acc: 0.060917 0.041842  9.79504
omg:   -0.003221  0.00158902 0.000348769
User Command Input: 
axis value:  0 0 0
target mode: 0
Joint Data: 
pos:  -0.44651  -1.16028   2.73903  0.436204  -1.16328   2.74189 -0.445283  -1.14955   2.74518  0.441011   -1.1481   2.74742
vel:   0.0442886 -0.00759125   -0.013237   0.0203323   0.0123215 -0.00209808  -0.0259781   0.0224686  -0.0198746   0.0178909  -0.0404739  -0.0131607
tau:   0.00183105 -0.000610352   0.00183105 -0.000610352   0.00183105  -0.00305176   0.00305176 -0.000610352  -0.00549316   0.00305176   0.00305176 -0.000610352
Imu Data: 
rpy:  0.00152331 -0.00310515   0.0158851
acc: 0.043468 0.005238  9.81401
omg: -0.00265011 0.000946562 0.000798837
User Command Input: 
axis value:  0 0 0
target mode: 0
Joint Data: 
pos: -0.446358  -1.16043   2.73919   0.43628  -1.16328   2.74182  -0.44513  -1.14947   2.74541  0.440934  -1.14802   2.74727
vel:  -0.024147 0.00797272 -0.0130844  0.0404739 -0.0394821  0.0414658  0.0249863 -0.0357437 -0.0031662 0.00278473  -0.018959  0.0069809
tau:  -0.00183105 -0.000610352  -0.00427246  -0.00183105   0.00305176  -0.00427246   0.00183105  -0.00183105  0.000610352   0.00427246   0.00305176 -0.000610352
Imu Data: 
rpy:  0.00138382 -0.00304094   0.0156647
acc: 0.021201 0.007306   9.7955
omg: 0.000931692  0.00195246 -0.00226146
User Command Input: 
axis value:  0 0 0
target mode: 0
Joint Data: 
pos: -0.446587  -1.16035   2.73926   0.43628  -1.16328   2.74174  -0.44513  -1.14955   2.74518  0.441011  -1.14771   2.74742
vel:  -0.0577164  -0.0355148  -0.0118637  -0.0157547   -0.021553    0.051384    0.053215  0.00362396 -0.00270844  -0.0317001   0.0144577 0.000419617
tau:  -0.00305176  -0.00305176 -0.000610352  0.000610352  -0.00183105  -0.00183105 -0.000610352  -0.00183105 -0.000610352   0.00427246   0.00183105  0.000610352
Imu Data: 
rpy: 0.00172046 -0.0030242  0.0155733
acc: -0.000634  0.020613   9.79881
omg:  0.00128264  0.00235426 0.000254888
User Command Input: 
axis value:  0 0 0
target mode: 0
Joint Data: 
pos: -0.446739  -1.16043   2.73919  0.436509   -1.1632   2.74174 -0.445283  -1.14962   2.74526  0.441087  -1.14794   2.74719
vel:  0.00720978   -0.104408 -0.00957489   0.0595474  0.00400543 -0.00652313  -0.0841904   0.0334549  -0.0056839   0.0296402   0.0114059   -0.047493
tau: -0.000610352  0.000610352  -0.00183105  0.000610352   0.00305176 -0.000610352 -0.000610352 -0.000610352   0.00183105  0.000610352  0.000610352   0.00305176
Imu Data: 
rpy:  0.00164817 -0.00313707   0.0155925
acc: 0.006766 0.028621  9.77756
omg:  0.00536738 0.000724347 6.79108e-05
User Command Input: 
axis value:  0 0 0
target mode: 0
Joint Data: 
pos: -0.446434  -1.16012   2.73896  0.436433  -1.16328   2.74174 -0.445207  -1.14947   2.74526  0.440934  -1.14802   2.74727
vel:   0.0248337   0.0301743   0.0181198   0.0501633  -0.0109482   0.0121689    0.125771 -0.00896454   0.0764847  0.00865936  -0.0130844   0.0139236
tau:   0.00305176  -0.00305176  -0.00305176 -0.000610352   0.00305176   0.00305176   0.00549316 -0.000610352  -0.00427246   0.00183105   0.00305176  0.000610352
Imu Data: 
rpy:  0.00173613 -0.00310826   0.0155609
acc:  0.027549 -0.000605   9.76886
omg: -0.000920888 -0.000125943 -0.000528538
User Command Input: 
axis value:  0 0 0
target mode: 0
Joint Data: 
pos: -0.446739  -1.16005   2.73919  0.436128   -1.1632   2.74189 -0.445436  -1.14955   2.74518  0.440934   -1.1481   2.74734
vel:   0.0548935   0.0136185  -0.0167465  -0.0230026   0.0589371  0.00247955  -0.0191116   0.0125504  -0.0149918  -0.0354385 -0.00171661  -0.0199509
tau:  -0.00305176  -0.00305176 -0.000610352   0.00305176  0.000610352   0.00183105   0.00427246  -0.00183105  0.000610352  -0.00305176   0.00183105   0.00915527
Imu Data: 
rpy:  0.00184186 -0.00293203   0.0153866
acc:   0.03551 -0.001567   9.78563
omg:  0.00481196  0.00149154 0.000214187
User Command Input: 
axis value:  0 0 0
target mode: 0
Joint Data: 
pos:  -0.44651  -1.16035   2.73919  0.436128  -1.16328   2.74189 -0.445283  -1.14939   2.74518  0.440934  -1.14779   2.74719
vel:   0.0229263   0.0031662    -0.04879   0.0018692   0.0304794  -0.0304794  -0.0557327  -0.0113297  0.00469208 -0.00400543  0.00789642 -0.00843048
tau:  -0.00183105 -0.000610352  -0.00183105 -0.000610352   0.00183105  -0.00183105   0.00549316  -0.00183105 -0.000610352   0.00183105   0.00305176  -0.00183105
Imu Data: 
rpy: 0.00163434 -0.0028204  0.0154451
acc: 0.016991 0.023058  9.79165
omg: -0.00491647  -0.0013716 0.000484137
User Command Input: 
axis value:  0 0 0
target mode: 0
Joint Data: 
pos: -0.446663   -1.1602   2.73926  0.436433   -1.1632   2.74189 -0.445359  -1.14955   2.74518  0.440934  -1.14787   2.74719
vel: 0.00835419 -0.0151443   0.051918  0.0298691  0.0130081  0.0113297  0.0414658  0.0182724 -0.0120926 -0.0321579 -0.0211716 0.00904083
tau:   0.00183105 -0.000610352  -0.00305176  -0.00183105  0.000610352   0.00305176  0.000610352 -0.000610352  -0.00427246  -0.00183105   0.00183105 -0.000610352
Imu Data: 
rpy:  0.00160794 -0.00306246   0.0154809
acc: 0.024369 0.003283  9.81579
omg:   0.00293392 -0.000644009  0.000905878
User Command Input: 
axis value:  0 0 0
target mode: 0
Joint Data: 
pos: -0.446739  -1.16012   2.73919  0.435899  -1.16313   2.74182 -0.445588  -1.14962    2.7451  0.441011  -1.14802   2.74734
vel:   -0.124245  -0.0365067   0.0380325  -0.0783157   0.0143051 -0.00377655  -0.0603104 -0.00522614  -0.0111008   0.0478745  -0.0204849   -0.028801
tau: -0.00183105 -0.00183105 -0.00305176 -0.00183105  0.00305176 -0.00671387  0.00183105 -0.00183105  0.00183105  0.00549316  0.00427246  0.00427246
Imu Data: 
rpy:  0.00197383 -0.00299991   0.0156906
acc: 0.030843 0.002031  9.81021
omg:  0.00236323 0.000852698 0.000766758
User Command Input: 
axis value:  0 0 0
target mode: 0
Joint Data: 
pos: -0.446358  -1.16012   2.73903   0.43628   -1.1632   2.74189 -0.445207  -1.14947    2.7451  0.440934  -1.14794   2.74727
vel: -0.00705719 0.000495911  0.00324249 -0.00606537   0.0218582  0.00179291  -0.0290298   0.0103378   0.0056076  -0.0239944  -0.0640488   -0.020256
tau:   0.00305176  0.000610352  -0.00183105  0.000610352   0.00183105   0.00427246   0.00305176  -0.00183105 -0.000610352   0.00183105   0.00427246   0.00549316
Imu Data: 
rpy:  0.00213672 -0.00315816   0.0157619
acc: 0.053862 0.049793  9.80037
omg:  0.00238527 -0.00190663  -0.0014078
User Command Input: 
axis value:  0 0 0
target mode: 0
Joint Data: 
pos: -0.446587  -1.16028   2.73934  0.436204  -1.16343   2.74189 -0.445207  -1.14955    2.7451  0.441011  -1.14771   2.74734
vel:  -0.0297928  0.00331879  -0.0352859   0.0230026   0.0173569  -0.0120926   0.0426865 -0.00202179  -0.0304031   0.0094986   0.0611496 -0.00782013
tau:  -0.00183105 -0.000610352   0.00427246 -0.000610352  0.000610352   0.00793457  0.000610352  -0.00183105 -0.000610352  0.000610352  -0.00183105 -0.000610352
Imu Data: 
rpy:  0.00194896 -0.00304356   0.0156928
acc: 0.000501 0.010039  9.78035
omg:  0.00239747 0.000120026 -0.00291407
User Command Input: 
axis value:  0 0 0
target mode: 0
Joint Data: 
pos: -0.446358  -1.15997   2.73919  0.436051  -1.16336   2.74174 -0.445436  -1.14955   2.74518  0.440934  -1.14787   2.74727
vel:   0.0100327  -0.0224686  0.00888824  -0.0664902   0.0223923   0.0364304  0.00255585 0.000953674  -0.0198746   0.0481033   0.0336075   0.0192642
tau: 0.000610352 -0.00183105 -0.00793457 -0.00305176 0.000610352 -0.00183105  0.00183105 -0.00183105 -0.00183105  0.00183105 0.000610352 0.000610352
Imu Data: 
rpy:  0.00184455 -0.00308595   0.0156809
acc: 0.023432 0.018135  9.78214
omg:  0.00297607 -0.00117658  0.00271215
User Command Input: 
axis value:  0 0 0
target mode: 0
Joint Data: 
pos: -0.446663  -1.16005   2.73919  0.436051  -1.16328   2.74174  -0.44513  -1.14955   2.74518  0.441087  -1.14802   2.74727
vel: 0.00675201 -0.0255966   0.017662 -0.0451279 0.00843048  0.0178909  -0.132866 -0.0203323  0.0391006  0.0641251  0.0044632 -0.0204849
tau:   0.00305176 -0.000610352  -0.00549316  -0.00549316   0.00427246   0.00427246   0.00183105  -0.00183105 -0.000610352   0.00183105   0.00183105   0.00305176
Imu Data: 
rpy:  0.00184699 -0.00302685    0.015624
acc: 0.047846 0.013209  9.78195
omg: -0.00313622  0.00160881 0.000572835
User Command Input: 
axis value:  0 0 0
target mode: 0
Joint Data: 
pos: -0.447044   -1.1602   2.73919  0.436051   -1.1632   2.74189 -0.445359  -1.14955   2.74518  0.440858  -1.14794   2.74734
vel:   -0.0136185  -0.00926971      0.03582    -0.032692  -0.00270844    0.0541306   -0.0338364    0.0167465   -0.0309372 -0.000343323    0.0740433    0.0329208
tau:  -0.00305176  -0.00183105 -0.000610352  0.000610352   0.00549316  0.000610352   0.00427246  -0.00305176   0.00183105   0.00305176   0.00183105   0.00183105
Imu Data: 
rpy:  0.00184298 -0.00317018   0.0155671
acc: 0.016504 0.023415   9.7949
omg: -0.00212244  0.00138879 -0.00153188
User Command Input: 
axis value:  0 0 0
target mode: 0
Joint Data: 
pos: -0.446358  -1.16051   2.73919   0.43628   -1.1632   2.74189 -0.445359  -1.14955   2.74541  0.441087  -1.14779   2.74727
vel:  -0.0400925  -0.0419998  -0.0275803  -0.0188828 -0.00614166 -0.00904083  0.00858307   0.0115585 -0.00286102   0.0239944  -0.0209427   0.0110245
tau:  -0.00183105   0.00183105  -0.00305176   0.00183105   0.00183105   0.00305176   0.00305176   0.00183105  -0.00305176  0.000610352 -0.000610352  -0.00427246
Imu Data: 
rpy:  0.00205947 -0.00353387   0.0155587
acc:  0.002649 -0.003375   9.81244
omg:  -0.00043347  -0.00442268 -0.000784037
User Command Input: 
axis value:  0 0 0
target mode: 0
Joint Data: 
pos:  -0.44651  -1.16028   2.73919   0.43628   -1.1632   2.74182 -0.445359  -1.14939    2.7451  0.440858  -1.14802   2.74734
vel:  -0.0725174   0.0134659 -0.00385284  -0.0113297   0.0144577  0.00118256  0.00759125 -0.00652313  0.00614166   0.0282669  -0.0199509   0.0304031
tau:  -0.00793457 -0.000610352  0.000610352  0.000610352  -0.00183105   0.00183105   0.00183105  -0.00183105   0.00183105   0.00183105   0.00183105   0.00183105
Imu Data: 
rpy:  0.00219311 -0.00352368   0.0157039
acc: 0.011108 0.012366  9.79178
omg:   0.00292889 -0.000175423 -3.33881e-05
User Command Input: 
axis value:  0 0 0
target mode: 0
Joint Data: 
pos:  -0.44651  -1.16028   2.73911   0.43628  -1.16328   2.74182 -0.445436  -1.14955   2.74518  0.440858  -1.14779   2.74734
vel:   0.0133896   0.0336838  -0.0683212   0.0651169  3.8147e-05 -0.00812531   0.0619125  -0.0237656   0.0120163   0.0117874 0.000267029 -0.00469208
tau:  0.000610352  -0.00183105  0.000610352  0.000610352   0.00305176  0.000610352 -0.000610352  -0.00305176 -0.000610352  0.000610352 -0.000610352  -0.00549316
Imu Data: 
rpy:  0.00209595 -0.00345558   0.0155299
acc: 0.026381 0.036241  9.78238
omg:  -0.00252972 -0.000900241   0.00121869
User Command Input: 
axis value:  0 0 0
target mode: 0
Joint Data: 
pos: -0.446663  -1.16012   2.73926  0.436433   -1.1632   2.74189 -0.445359  -1.14955   2.74518  0.440934  -1.14787   2.74719
vel: 0.00583649 -0.0225449  0.0221634  0.0520706  0.0101089 -0.0110245 0.00881195 -0.0344467  0.0142288 -0.0229263  0.0876236 0.00926971
tau:  0.000610352  -0.00305176  0.000610352   0.00183105  0.000610352   0.00549316 -0.000610352  -0.00183105 -0.000610352 -0.000610352   0.00183105   0.00183105
Imu Data: 
rpy:  0.00183952 -0.00304616   0.0155052
acc: 0.034498  0.01744  9.78131
omg: -0.00291905  0.00137832  -0.0011988
User Command Input: 
axis value:  0 0 0
target mode: 0
Joint Data: 
pos: -0.446587  -1.16043   2.73903  0.436128  -1.16328   2.74182 -0.445359  -1.14947   2.74526  0.440858  -1.14787   2.74727
vel:   0.0647354   -0.049324  0.00514984   -0.105324  -0.0196457 -0.00225067   0.0153732  -0.0153732  -0.0150681    0.034523  0.00347137  0.00896454
tau:  0.000610352  -0.00427246   0.00183105   0.00183105  0.000610352   0.00671387 -0.000610352 -0.000610352  -0.00305176   0.00183105   0.00305176   0.00183105
Imu Data: 
rpy:   0.0019687 -0.00273481   0.0154556
acc: 0.016505 0.024734  9.79048
omg: -0.000196576  4.53437e-05  -0.00182115
User Command Input: 
axis value:  0 0 0
target mode: 0
Joint Data: 
pos: -0.446587   -1.1602   2.73903  0.436204   -1.1632   2.74174 -0.445436  -1.14962    2.7451  0.440934  -1.14779   2.74734
vel:  0.0325394  0.0365829 0.00934601   0.083046 -0.0177383  0.0159836  0.0133133 -0.0226212 -0.0136948  0.0142288  0.0835037 0.00743866
tau:  -0.00305176  -0.00183105  0.000610352  -0.00427246   0.00427246  0.000610352  0.000610352 -0.000610352  0.000610352   0.00305176   0.00183105   0.00549316
Imu Data: 
rpy:  0.00252973 -0.00275205   0.0155958
acc: 0.023673 0.014571  9.80135
omg:  0.00456124 0.000967261  0.00012795
User Command Input: 
axis value:  0 0 0
target mode: 0
Joint Data: 
pos:  -0.44651  -1.16012   2.73896  0.436128  -1.16305   2.74182 -0.445436  -1.14962   2.74518  0.441011  -1.14764   2.74719
vel:  -0.0255203 -0.00675201  -0.0610733   0.0558853   -0.015831   0.0120926   0.0358963 -0.00797272 -0.00377655   0.0403214 -0.00988007 -0.00988007
tau:   0.00183105  -0.00183105   0.00305176   0.00183105  -0.00305176  0.000610352   0.00305176  -0.00183105  -0.00305176   0.00305176  0.000610352 -0.000610352
Imu Data: 
rpy:  0.00245859 -0.00286761   0.0157384
acc: 0.000289 0.011387  9.80245
omg: 0.000653399 -0.00114056  0.00406044
User Command Input: 
axis value:  0 0 0
target mode: 0
Joint Data: 
pos: -0.446815  -1.16035   2.73903   0.43628   -1.1632   2.74182 -0.445283  -1.14947    2.7451  0.441011  -1.14794   2.74742
vel: -0.00171661  -0.0503922 -0.00858307 -0.00339508   0.0274277   0.0218582    0.030098   0.0242996     0.02285   0.0394821  -0.0180435   0.0214005
tau:  -0.00305176  -0.00183105   0.00183105  -0.00305176  0.000610352   0.00427246 -0.000610352 -0.000610352  -0.00183105  0.000610352  0.000610352   0.00427246
Imu Data: 
rpy:  0.00195596 -0.00305296   0.0157331
acc: 0.036684 0.010402  9.78425
omg: 7.95346e-05  0.00118454  0.00252307
User Command Input: 
axis value:  0 0 0
target mode: 0
Joint Data: 
pos: -0.446434  -1.16028   2.73942  0.435899  -1.16328   2.74182 -0.445207  -1.14962    2.7451  0.440705  -1.14794   2.74727
vel:   -0.0831985    0.0297165    0.0378799   0.00415802   -0.0340652 -0.000419617   -0.0675583    0.0464249    0.0172806    -0.033989   0.00370026   -0.0238419
tau: -0.000610352  -0.00305176  -0.00427246  -0.00183105  0.000610352   0.00427246  0.000610352 -0.000610352  0.000610352  -0.00183105 -0.000610352  -0.00549316
Imu Data: 
rpy:  0.00155545 -0.00311999   0.0156724
acc:  0.03499 0.018696   9.8156
omg:  -0.00100388 -0.000616293  -0.00217444
User Command Input: 
axis value:  0 0 0
target mode: 0
Joint Data: 
pos: -0.44651 -1.16035  2.73911 0.436357  -1.1632  2.74189 -0.44513 -1.14977  2.74533 0.440934 -1.14794  2.74727
vel:  0.0122452  0.0259018   0.049324   0.029335 0.00347137  -0.052681  0.0342941 -0.0526047  0.0377274 0.00743866 -0.0483322  0.0252151
tau:  -0.00305176 -0.000610352  0.000610352   0.00427246   0.00305176  0.000610352  -0.00183105  -0.00183105  0.000610352  0.000610352  0.000610352  -0.00305176
Imu Data: 
rpy:  0.00171418 -0.00304141   0.0156667
acc: 0.033248 0.015422  9.78923
omg:   0.00179802   0.00157019 -0.000117024
User Command Input: 
axis value:  0 0 0
target mode: 0
Joint Data: 
pos: -0.446663  -1.16028   2.73896   0.43628   -1.1632   2.74182 -0.445283  -1.14947    2.7451  0.441087  -1.14794   2.74734
vel:    0.155525  -0.0676346 -0.00530243  -0.0179672  -0.0470352   0.0204849   0.0205612   0.0151443  -0.0200272 -0.00408173  -0.0458145  0.00392914
tau:   0.00183105  -0.00183105 -0.000610352  -0.00183105   0.00305176  -0.00549316   0.00183105  -0.00183105 -0.000610352 -0.000610352   0.00427246 -0.000610352
Imu Data: 
rpy:  0.00199997 -0.00313489   0.0157008
acc: 0.014037 0.021743  9.80402
omg: -0.000198182  -0.00130987   0.00256541
User Command Input: 
axis value:  0 0 0
target mode: 0
Joint Data: 
pos:  -0.44651  -1.16028   2.73903  0.436128  -1.16328   2.74182 -0.445359  -1.14947   2.74526  0.440934  -1.14787   2.74742
vel:   0.0477219   -0.169411  0.00209808   0.0533676  -0.0275803  -0.0399399  0.00354767  -0.0417709 -0.00545502  -0.0102615 -0.00202179  0.00476837
tau: -0.000610352  -0.00183105   0.00427246 -0.000610352   0.00183105   0.00427246   0.00183105  -0.00183105  -0.00427246   0.00183105   0.00183105  -0.00671387
Imu Data: 
rpy: 0.00227127 -0.0032611  0.0154226
acc: 0.026862 0.009636  9.80289
omg: -0.00031011  0.00148578  0.00215754
User Command Input: 
axis value:  0 0 0
target mode: 0
Joint Data: 
pos: -0.44651 -1.16035  2.73919 0.436051  -1.1632  2.74189 -0.44513 -1.14947  2.74526 0.441087 -1.14794  2.74727
vel:  0.0483322  0.0671768 0.00576019 -0.0967026  0.0169754  0.0296402 -0.0451279 0.00766754 -0.0168991  0.0880051  0.0379562   -0.01194
tau:  0.000610352   0.00183105 -0.000610352  0.000610352  0.000610352   0.00427246   0.00671387   0.00183105 -0.000610352  0.000610352   0.00183105   0.00183105
Imu Data: 
rpy:  0.00263847 -0.00343798   0.0150823
acc: 0.012348  -0.0008   9.7686
omg: -0.00365557  0.00175613 9.37242e-06
User Command Input: 
axis value:  0 0 0
target mode: 0
Joint Data: 
pos: -0.446663  -1.16028   2.73926   0.43628  -1.16328   2.74174 -0.445436  -1.14955   2.74549  0.440934  -1.14802   2.74734
vel:  -0.0268173   0.0131607   0.0258255   0.0918961  -0.0100327 0.000648499   0.0442886  -0.0197983   0.0542831   0.0679398  -0.0291061  -0.0104904
tau:  -0.00305176 -0.000610352  -0.00183105  -0.00183105  0.000610352 -0.000610352   0.00183105  -0.00183105 -0.000610352  0.000610352   0.00183105   0.00549316
Imu Data: 
rpy:  0.00228327 -0.00335192   0.0149871
acc: 0.032573 0.017147  9.80754
omg:  0.0020154 -0.0010525 0.00217723
User Command Input: 
axis value:  0 0 0
target mode: 0
Joint Data: 
pos: -0.446587  -1.15997   2.73919  0.436051  -1.16336   2.74189  -0.44513  -1.14947   2.74526  0.440934  -1.14794   2.74734
vel:  -0.0498581   0.0439072 -0.00934601   -0.023613 0.000343323   0.0188828   0.0261307   0.0133133  -0.0164413  -0.0044632 -0.00881195 0.000419617
tau:  -0.00305176 -0.000610352  -0.00305176  -0.00183105   0.00183105   0.00427246   0.00549316 -0.000610352  -0.00305176  0.000610352  0.000610352   0.00671387
Imu Data: 
rpy:   0.0017932 -0.00328324   0.0149589
acc: 0.035727 0.014302  9.81007
omg:  0.000823918 -4.35983e-05 -0.000538696
User Command Input: 
axis value:  0 0 0
target mode: 0
Joint Data: 
pos: -0.446663   -1.1602   2.73926  0.436204  -1.16313   2.74182 -0.445436  -1.14962   2.74518  0.441011  -1.14787   2.74719
vel:   -0.0126266    0.0421524   -0.0352097 -0.000572205    0.0107956   -0.0224686   -0.0476456   -0.0535202   0.00583649    0.0411606   -0.0522232    0.0414658
tau:  -0.00305176  -0.00183105  0.000610352  0.000610352  -0.00183105   0.00183105  -0.00183105 -0.000610352  -0.00915527   0.00183105   0.00671387 -0.000610352
Imu Data: 
rpy:  0.00196786 -0.00339912   0.0152296
acc: 0.040025 0.019012  9.78402
omg: -0.000720018  -0.00222617   0.00186548
User Command Input: 
axis value:  0 0 0
target mode: 0
Joint Data: 
pos: -0.446358  -1.16035   2.73896   0.43628  -1.16328   2.74166 -0.445283  -1.14939   2.74526  0.440858  -1.14779   2.74727
vel:    0.126305 -0.00667572  0.00087738   0.0178146  -0.0282669   0.0130844  -0.0509262   0.0668716   0.0111008   0.0271225   0.0123978   -0.050621
tau: -0.000610352 -0.000610352  -0.00183105  -0.00793457 -0.000610352 -0.000610352  0.000610352  -0.00183105  -0.00183105  0.000610352  -0.00183105   0.00427246
Imu Data: 
rpy:  0.00211754 -0.00336351   0.0154509
acc: 0.020128 0.021758  9.79499
omg:  0.0019877 0.00148318 0.00153521
User Command Input: 
axis value:  0 0 0
target mode: 0
Joint Data: 
pos:  -0.44651  -1.16035   2.73911  0.436204  -1.16336   2.74174 -0.445359  -1.14955    2.7451  0.440934  -1.14794   2.74734
vel:   0.0423813    -0.12394  -0.0527573  -0.0250626   0.0292587  -0.0315475   0.0352859 -0.00286102  0.00102997  -0.0156021  -0.0120163 -0.00408173
tau:  0.000610352  -0.00183105  -0.00305176   0.00427246   0.00183105   0.00427246  0.000610352  -0.00183105  -0.00305176   0.00671387  0.000610352 -0.000610352
Imu Data: 
rpy:  0.00197468 -0.00315873   0.0155169
acc: 0.042428 0.033396  9.78678
omg: 3.59538e-06  0.00174885  0.00316488
User Command Input: 
axis value:  0 0 0
target mode: 0
Joint Data: 
pos:  -0.44651   -1.1602   2.73911  0.436128  -1.16313   2.74189 -0.445207  -1.14947   2.74526  0.440858  -1.14802   2.74734
vel:  -0.0465012  -0.0551224   0.0220108    0.032692 -0.00293732  -0.0442123   0.0783157 -0.00179291   0.0590897   0.0124741  -0.0223923  -0.0311661
tau:  0.000610352  -0.00183105 -0.000610352  0.000610352   0.00183105   0.00305176  -0.00183105  -0.00183105 -0.000610352 -0.000610352 -0.000610352   0.00305176
Imu Data: 
rpy:  0.00191756 -0.00333346   0.0154234
acc:  0.023258 -0.004333   9.78841
omg:  -0.0014116   0.0015791 -0.00122997
User Command Input: 
axis value:  0 0 0
target mode: 0
Joint Data: 
pos: -0.446892  -1.16005   2.73919  0.435899   -1.1632   2.74182 -0.445436  -1.14955   2.74518  0.441087  -1.14794   2.74727
vel:   0.0155258  -0.0496292 -0.00782013   0.0104141   0.0205612   0.0107956  -0.0111008 -0.00400543  -0.0153732   0.0448227  -0.0285721  -0.0094223
tau: -0.000610352 -0.000610352   0.00183105  0.000610352  0.000610352  -0.00183105  0.000610352  -0.00183105  -0.00305176   0.00305176 -0.000610352   0.00183105
Imu Data: 
rpy:  0.00176416 -0.00330628   0.0154314
acc: 0.026167 0.022636  9.81194
omg:  0.00346547 -0.00130716 0.000784508
User Command Input: 
axis value:  0 0 0
target mode: 0
Joint Data: 
pos: -0.446739  -1.16035   2.73919   0.43628   -1.1632   2.74189 -0.445359  -1.14947   2.74526  0.440934  -1.14787   2.74727
vel:   -0.0108719   -0.0529861   -0.0300217 -0.000724792    0.0135422    0.0121689    0.0082016  -0.00469208  -0.00278473    0.0108719   0.00873566    0.0355911
tau: -0.000610352 -0.000610352   0.00427246  -0.00305176  0.000610352  -0.00183105   0.00305176  -0.00183105  -0.00671387  0.000610352   0.00183105  -0.00183105
Imu Data: 
rpy: 0.00184452 -0.0033636  0.0156147
acc:  0.02929 0.023097   9.8055
omg: 0.00279139 0.00126669 0.00172918
User Command Input: 
axis value:  0 0 0
target mode: 0
Joint Data: 
pos: -0.446663  -1.16028   2.73919   0.43628  -1.16328   2.74182 -0.445359  -1.14955   2.74518  0.440858  -1.14787   2.74734
vel:  -0.0461197  -0.0550461 -3.8147e-05   0.0144577 -0.00461578   0.0104141  -0.0355148  0.00705719  -0.0135422   0.0140762  -0.0289536   0.0218582
tau:  -0.00305176 -0.000610352  -0.00183105  -0.00305176   0.00183105   0.00305176  -0.00183105 -0.000610352 -0.000610352 -0.000610352 -0.000610352  -0.00183105
Imu Data: 
rpy:  0.00209612 -0.00358112   0.0155157
acc: 0.036761 0.010801  9.79825
omg:   0.00246177 -0.000650222   0.00347916
User Command Input: 
axis value:  0 0 0
target mode: 0
Joint Data: 
pos:  -0.44651   -1.1602   2.73919   0.43628  -1.16328   2.74174 -0.445359  -1.14962   2.74526  0.441011  -1.14794   2.74727
vel:   0.048027  -0.106773  0.0268936 -0.0321579  0.0342178 -0.0381851  0.0252914 -0.0257492 0.00133514  0.0751114 -0.0360489 0.00118256
tau:   0.00305176  -0.00183105  0.000610352  -0.00305176 -0.000610352   0.00183105  0.000610352  -0.00183105   0.00427246   0.00549316   0.00183105  0.000610352
Imu Data: 
rpy:  0.00221084 -0.00370924   0.0155221
acc: 0.022196 0.004824  9.79765
omg:   0.00232909 -0.000343236   0.00197882
User Command Input: 
axis value:  0 0 0
target mode: 0
Joint Data: 
pos: -0.446587   -1.1602   2.73911   0.43628  -1.16328   2.74174 -0.445283  -1.14955   2.74518  0.440858  -1.14817    2.7475
vel:   0.0359726  -0.0669479  -0.0508499 0.000648499  -0.0400925  0.00728607 -0.00118256 -0.00705719  -0.0282669 0.000343323  -0.0343704  0.00957489
tau: -0.00305176 -0.00305176  0.00183105 0.000610352  0.00183105 0.000610352  0.00183105 -0.00183105 -0.00305176 0.000610352 0.000610352    0.010376
Imu Data: 
rpy:  0.00199441 -0.00357911   0.0151425
acc: 0.048227 0.016703  9.80875
omg: -0.000608736   0.00237302 -0.000658041
User Command Input: 
axis value:  0 0 0
target mode: 0
Joint Data: 
pos: -0.446663  -1.16012   2.73903  0.436357  -1.16343   2.74189 -0.445207  -1.14955   2.74518  0.440934  -1.14771   2.74727
vel:    0.0883865  -0.00598907   -0.0124741   -0.0371933   -0.0517654   0.00904083   -0.0342941 -0.000953674    0.0156021    0.0282669  -0.00461578   -0.0536728
tau:  -0.00305176 -0.000610352 -0.000610352 -0.000610352   0.00183105   0.00183105  -0.00183105  -0.00183105 -0.000610352   0.00427246   0.00427246   0.00671387
Imu Data: 
rpy:  0.00172735 -0.00342273   0.0150203
acc:  0.006423 -0.009445   9.79803
omg: -0.000841755  0.000452128   0.00122454
User Command Input: 
axis value:  0 0 0
target mode: 0
Joint Data: 
pos:  -0.44651  -1.16005   2.73911  0.436357  -1.16328   2.74182 -0.445207  -1.14962    2.7451  0.441011  -1.14794   2.74727
vel:  0.00331879 -0.00934601  -0.0125504   0.0607681  0.00637054  -0.0214767  -0.0420761  -0.0198746  -0.0201035  -0.0442886   0.0030899  -0.0222397
tau: -0.000610352  -0.00183105  -0.00671387  -0.00427246   0.00183105  -0.00183105   0.00549316 -0.000610352  0.000610352  -0.00183105  -0.00183105  -0.00305176
Imu Data: 
rpy:  0.00197414 -0.00343702   0.0152291
acc: 0.030681 0.046038  9.81364
omg:  0.00248908  0.00381419 0.000786253
User Command Input: 
axis value:  0 0 0
target mode: 0
Joint Data: 
pos: -0.446358  -1.16028   2.73911  0.436357   -1.1632   2.74189  -0.44513  -1.14939   2.74526  0.440705  -1.14779   2.74719
vel:   -0.028038  -0.0524521   0.0259018   -0.127068   0.0094223  0.00431061   0.0148392  -0.0325394 -0.00392914   0.0465012  0.00743866  0.00667572
tau:  -0.00427246  0.000610352   0.00305176  -0.00183105  0.000610352  0.000610352  -0.00427246  -0.00183105 -0.000610352 -0.000610352  0.000610352   0.00793457
Imu Data: 
rpy:  0.00225495 -0.00333873   0.0153903
acc: 0.027577 -0.00133  9.80221
omg: 0.000197955 -0.00105046 -0.00199999
User Command Input: 
axis value:  0 0 0
target mode: 0
Joint Data: 
pos:  -0.44651  -1.16043   2.73926  0.436128   -1.1632   2.74189 -0.445283  -1.14962   2.74533  0.441011  -1.14794   2.74734
vel:  -0.0156784  -0.0611496   0.0288773   0.0795364  -0.0031662  -0.0116348   0.0471115  0.00514984   0.0102615   0.0129318 -0.00247955    0.020256
tau: -0.000610352  -0.00183105  -0.00305176  -0.00305176   0.00305176   0.00183105   0.00305176 -0.000610352  -0.00305176  0.000610352   0.00305176   0.00915527
Imu Data: 
rpy:  0.00209138 -0.00320401   0.0153847
acc:  0.05433 0.023266  9.80119
omg: -0.000252951  -0.00122274  0.000558052
User Command Input: 
axis value:  0 0 0
target mode: 0
Joint Data: 
pos:  -0.44651  -1.16005   2.73903  0.436357  -1.16313   2.74189 -0.445283  -1.14947    2.7451  0.440858  -1.14794   2.74734
vel:   -0.103951 -0.00469208  -0.0129318    0.032692  -0.0295639   -0.026207  -0.0486374   0.0412369  0.00934601  -0.0199509  -0.0844955  -0.0549698
tau: -0.000610352  0.000610352   0.00305176  -0.00305176   0.00305176  0.000610352   0.00183105  -0.00183105   0.00549316   0.00427246  -0.00183105   0.00427246
Imu Data: 
rpy:  0.00180413 -0.00324961   0.0153093
acc: 0.040272 0.006943  9.80781
omg: -0.000787283 -0.000957261 -0.000201533
User Command Input: 
axis value:  0 0 0
target mode: 0
Joint Data: 
pos:  -0.44651  -1.16005   2.73919   0.43628   -1.1632   2.74182 -0.445588  -1.14955   2.74526  0.440705  -1.14779   2.74734
vel:   0.0596237  -0.0933456  -0.0330734  -0.0220871  -0.0123215   0.0279617   0.0388718 -0.00598907   -0.018425   -0.098381   0.0372696   0.0589371
tau:   0.00183105  -0.00183105  -0.00427246   0.00305176  0.000610352   0.00305176   0.00305176 -0.000610352  -0.00305176   0.00183105  0.000610352  -0.00549316
Imu Data: 
rpy: 0.00169721 -0.0031521  0.0153402
acc: 0.047013 0.026036  9.79651
omg: -0.000851057    0.0025897  -0.00108605
User Command Input: 
axis value:  0 0 0
target mode: 0
Joint Data: 
pos: -0.446739   -1.1602   2.73911   0.43628  -1.16328   2.74182 -0.445512  -1.14947    2.7451  0.440934  -1.14787   2.74734
vel:  0.00431061   0.0358963   0.0325394   0.0318527   0.0185776  -0.0266647  -0.0210953   0.0317764 -0.00202179 -0.00156403   0.0102615  -0.0326157
tau: -0.000610352  0.000610352  0.000610352  0.000610352  0.000610352   0.00549316  -0.00305176  -0.00183105   0.00427246  0.000610352  0.000610352   0.00427246
Imu Data: 
rpy:  0.00187714 -0.00306616   0.0153192
acc: 0.012273 0.016764  9.78444
omg:  0.00344612 0.000364913 -0.00255768
User Command Input: 
axis value:  0 0 0
target mode: 0
Joint Data: 
pos: -0.446358   -1.1602   2.73919  0.436051  -1.16328   2.74174 -0.445436  -1.14947    2.7451  0.441087  -1.14817   2.74727
vel:  0.0201035  0.0514603 -0.0416183 -0.0133896 -0.0265121  0.0175858 -0.0146103  0.0179672  0.0207138  0.0621414 0.00835419 -0.0131607
tau:  -0.00183105  -0.00305176  -0.00305176  0.000610352  0.000610352 -0.000610352  -0.00305176 -0.000610352 -0.000610352  0.000610352  0.000610352  -0.00549316
Imu Data: 
rpy:  0.00236302 -0.00331679   0.0155644
acc: 0.023744 0.010003  9.79617
omg:  -0.00114244   0.00100639 -0.000884777
User Command Input: 
axis value:  0 0 0
target mode: 0
Joint Data: 
pos: -0.446815  -1.16043   2.73903  0.436128  -1.16328   2.74197 -0.445283  -1.14955   2.74518  0.441087  -1.14779   2.74727
vel:   -0.066185   0.0175858  -0.0477219  -0.0710678  -0.0107956 -0.00156403  -0.0371933  -0.0284195  -0.0206375 -0.00797272  0.00965118  -0.0247574
tau:  -0.00183105  -0.00183105  -0.00183105   0.00183105   0.00183105  0.000610352   0.00183105 -0.000610352    -0.010376  -0.00183105 -0.000610352   0.00305176
Imu Data: 
rpy:  0.00246149 -0.00365936   0.0156236
acc: 0.013466 0.021139  9.77758
omg: -0.00232399 -0.00114242  -0.0013848
User Command Input: 
axis value:  0 0 0
target mode: 0
Joint Data: 
pos: -0.446434  -1.16028   2.73926  0.436433   -1.1632   2.74189 -0.445207  -1.14947    2.7451  0.440858  -1.14779   2.74727
vel:   0.0584793   0.0907516   0.0345993 -0.00865936  -0.0288773  -0.0237656  -0.0358963   0.0204849    0.058403   0.0424576   0.0609207  0.00232697
tau:  -0.00183105  -0.00305176   0.00183105  -0.00183105  0.000610352   0.00549316  -0.00305176 -0.000610352 -0.000610352   0.00183105  -0.00427246   0.00549316
Imu Data: 
rpy:  0.00253441 -0.00382487   0.0155369
acc: 0.032969 0.002637  9.80843
omg: -0.000768102  0.000628755  -0.00197322
User Command Input: 
axis value:  0 0 0
target mode: 0
Joint Data: 
pos: -0.446587  -1.16051   2.73919   0.43628  -1.16328   2.74182 -0.445359  -1.14947    2.7451  0.440858  -1.14794   2.74727
vel:   0.0310135  -0.0204086  0.00759125  -0.0225449 -0.00331879  -0.0233841   0.0153732  -0.0177383   0.0239944   0.0508499  -0.0372696  0.00728607
tau: -0.000610352  -0.00183105  -0.00305176  -0.00183105 -0.000610352   0.00549316 -0.000610352  0.000610352 -0.000610352   0.00427246   0.00305176  0.000610352
Imu Data: 
rpy:  0.00225453 -0.00367203   0.0154885
acc: 0.029854 0.034998  9.77756
omg: -0.00142372 0.000413102 -0.00318811
User Command Input: 
axis value:  0 0 0
target mode: 0
Joint Data: 
pos: -0.446587  -1.16005   2.73903  0.436433  -1.16336   2.74174 -0.445283  -1.14955   2.74503  0.441011  -1.14787   2.74727
vel:  -0.00675201    0.0213242  -0.00141144    0.0535965    -0.010643   -0.0600052   -0.0641251  -0.00835419   -0.0629044    0.0266647   0.00751495 -0.000190735
tau: -0.000610352  0.000610352  -0.00549316  -0.00305176   0.00305176   0.00183105 -0.000610352 -0.000610352   0.00427246  0.000610352   0.00183105   0.00305176
Imu Data: 
rpy:  0.00253424 -0.00366762    0.015449
acc: 0.019875 0.028108  9.79127
omg: -0.00264697  0.00049693  0.00156832
User Command Input: 
axis value:  0 0 0
target mode: 0
Joint Data: 
pos:  -0.44651  -1.16035   2.73903  0.436051  -1.16336   2.74174 -0.445512  -1.14947    2.7451  0.440782  -1.14794   2.74742
vel: -0.00453949   0.0489426   0.0399399 -0.00576019  -0.0685501   0.0313187 0.000801086  0.00293732  -0.0612259   0.0115585 -0.00301361 -0.00774384
tau:  0.000610352  0.000610352  -0.00671387 -0.000610352   0.00305176  -0.00183105   0.00427246 -0.000610352  -0.00183105   0.00305176   0.00305176   0.00183105
Imu Data: 
rpy:  0.00276916 -0.00365242   0.0155305
acc: 0.033676 0.028978  9.78359
omg: -0.000761976  -0.00185897 -0.000740508
User Command Input: 
axis value:  0 0 0
target mode: 0
Joint Data: 
pos: -0.446663  -1.16058   2.73919  0.436204  -1.16328   2.74182 -0.445436  -1.14939   2.74541  0.440934  -1.14787   2.74742
vel:  -0.0387955  -0.0138474  -0.0497818   0.0272751 -0.00522614    0.026741   0.0278854   0.0225449   0.0284958  0.00881195 -0.00240326  -0.0323868
tau:   0.00305176 -0.000610352  0.000610352  -0.00427246   0.00183105   0.00305176   0.00305176 -0.000610352   0.00183105   0.00305176   0.00305176 -0.000610352
Imu Data: 
rpy:   0.0029203 -0.00359892   0.0156632
acc: 0.037395 0.007021  9.78196
omg:  -0.00105315 -0.000513598  -0.00248228
User Command Input: 
axis value:  0 0 0
target mode: 0
Joint Data: 
pos: -0.446663  -1.16043   2.73926  0.436204  -1.16336   2.74189 -0.445436  -1.14955    2.7451  0.440782   -1.1481   2.74734
vel:   -0.029335 -0.00637054   0.0170517   0.0710678  -0.0322342   0.0551224   0.0128555  -0.0522232  -0.0191116  -0.0143814  -0.0113297  -0.0438309
tau:  -0.00183105  -0.00305176  -0.00305176 -0.000610352   0.00305176  -0.00183105  -0.00305176  0.000610352  -0.00305176   0.00305176   0.00305176  -0.00305176
Imu Data: 
rpy:  0.00246435 -0.00351459   0.0155932
acc: 0.041308 0.022555  9.79402
omg: 0.000716475 0.000438828  0.00184696
User Command Input: 
axis value:  0 0 0
target mode: 0
Joint Data: 
pos: -0.446815   -1.1602   2.73911  0.436357  -1.16313   2.74189 -0.445436  -1.14955   2.74518  0.440858  -1.14787   2.74734
vel:  -0.0381851  -0.0225449 -0.00988007   0.0956345   0.0290298    0.019722  -0.0358963 -0.00835419   0.0101089 -0.00675201 -0.00957489    0.017128
tau:  -0.00427246 -0.000610352   0.00183105  -0.00183105  0.000610352   0.00183105 -0.000610352  -0.00183105  -0.00549316  0.000610352  0.000610352  -0.00183105
Imu Data: 
rpy:  0.00202619 -0.00334133   0.0154983
acc: 0.030355 0.006092  9.77864
omg:   0.00156465 -2.09265e-05  -0.00056629
User Command Input: 
axis value:  0 0 0
target mode: 0
Joint Data: 
pos: -0.446587  -1.16035   2.73934  0.436357  -1.16313   2.74189 -0.445436  -1.14947   2.74533  0.441011  -1.14802   2.74719
vel: -0.00240326   0.0329208   -0.042305  0.00598907  0.00415802   0.0286484  -0.0564957  -0.0333023   0.0284958   0.0345993 -0.00789642  -0.0260544
tau: -0.000610352 -0.000610352  -0.00183105  -0.00305176 -0.000610352   0.00183105  -0.00183105 -0.000610352  -0.00305176   0.00549316   0.00427246   0.00305176
Imu Data: 
rpy:  0.00169875 -0.00315739   0.0153279
acc: 0.042368 0.002792  9.78153
omg: 0.000633555  0.00236354 -0.00100149
User Command Input: 
axis value:  0 0 0
target mode: 0
Joint Data: 
pos: -0.446739  -1.16005   2.73911  0.436433  -1.16328   2.74182 -0.445283  -1.14947   2.74518  0.440934  -1.14794   2.74719
vel:   0.0642014  -0.0732803   0.0413895  -0.0031662 -0.00614166   0.0334549   0.0246048    0.044899  -0.0227737   0.0477219  0.00499725   0.0162888
tau:  -0.00183105 -0.000610352   0.00183105  0.000610352  0.000610352   0.00305176   0.00305176 -0.000610352  -0.00183105   0.00427246   0.00305176  -0.00427246
Imu Data: 
rpy:  0.00171098 -0.00336955   0.0152635
acc: 0.027516 0.031624  9.82949
omg: -0.00338676  0.00024932  0.00056238
User Command Input: 
axis value:  0 0 0
target mode: 0
Joint Data: 
pos: -0.446663  -1.16028   2.73903  0.436357  -1.16313   2.74174 -0.445054  -1.14955   2.74518  0.440858  -1.14779   2.74727
vel:   -0.0225449     0.050087  -0.00537872    0.0444412    0.0127029   -0.0056076   -0.0502396   -0.0357437 -0.000953674   -0.0833511  -0.00492096    0.0168228
tau: -0.00183105 -0.00305176 -0.00183105 -0.00305176 0.000610352  0.00305176  0.00183105 -0.00305176 -0.00427246  0.00305176  0.00793457  0.00427246
Imu Data: 
rpy:  0.00205877 -0.00363079   0.0154674
acc: 0.034084 0.028421   9.8053
omg:  0.000229825  -0.00280548 -0.000720961
User Command Input: 
axis value:  0 0 0
target mode: 0
Joint Data: 
pos:  -0.44651  -1.16028   2.73926  0.436051  -1.16313   2.74174 -0.445283  -1.14962   2.74518  0.440858  -1.14794   2.74734
vel:  0.0244522 -0.0376511  0.0146103 -0.0442886  0.0423813 -0.0246048  0.0365829 -0.0242996  0.0477982  0.0192642 -0.0468826  0.0342178
tau: -0.000610352  -0.00305176  0.000610352  -0.00183105   0.00183105   0.00305176  -0.00305176  0.000610352  -0.00427246  -0.00183105  0.000610352   0.00671387
Imu Data: 
rpy: 0.00195575  -0.003605  0.0153517
acc: 0.038855 0.011318   9.8068
omg:   0.0038636  0.00182144 -0.00119707
User Command Input: 
axis value:  0 0 0
target mode: 0
Joint Data: 
pos: -0.44651 -1.16043  2.73926 0.435975 -1.16336  2.74174 -0.44513 -1.14955  2.74526 0.440934 -1.14771  2.74734
vel:  -0.0371933  -0.0910568    0.077858   0.0201797 -0.00965118  -0.0543594  -0.0274277 -3.8147e-05  0.00797272  -0.0111008    0.014534   0.0294113
tau:  0.000610352  -0.00183105  -0.00183105 -0.000610352   0.00305176   0.00183105 -0.000610352  0.000610352 -0.000610352   0.00427246   0.00183105 -0.000610352
Imu Data: 
rpy:  0.00165223 -0.00351165   0.0151973
acc: 0.012728 0.015364  9.83468
omg:  0.00181551 0.000219702  0.00182296
User Command Input: 
axis value:  0 0 0
target mode: 0
Joint Data: 
pos: -0.446358  -1.16028   2.73903   0.43628  -1.16328   2.74182 -0.445817  -1.14955   2.74518  0.441011   -1.1481    2.7475
vel: -0.0722885 -0.0133133 -0.0227737 -0.0540543  0.0274277   0.010643  -0.124245  0.0141525   0.021019  0.0376511 0.00400543  0.0384903
tau:  -0.00427246 -0.000610352   0.00183105  -0.00305176 -0.000610352   0.00183105  -0.00183105  -0.00183105  -0.00671387 -0.000610352   0.00671387  -0.00305176
Imu Data: 
rpy:   0.0011893 -0.00357279   0.0152023
acc: 0.040805 0.021167  9.79283
omg:  -0.00315097 -0.000377375  0.000532709
User Command Input: 
axis value:  0 0 0
target mode: 0
Joint Data: 
pos: -0.446434   -1.1602   2.73903  0.436509  -1.16328   2.74182 -0.445512  -1.14947   2.74526  0.441011  -1.14794   2.74719
vel:  -0.0314713  0.00957489 -0.00331879   0.0812912  -0.0357437  -0.0220108   -0.083046   0.0204086   0.0182724 -0.00911713   0.0154495  0.00385284
tau:  0.000610352  -0.00183105  -0.00305176 -0.000610352 -0.000610352   0.00183105  -0.00183105  -0.00183105  -0.00305176  0.000610352   0.00183105  -0.00183105
Imu Data: 
rpy:  0.00136178 -0.00368437   0.0150303
acc:  0.030474 -0.001763   9.78595
omg:  0.00268817 -0.00100552 0.000735202
User Command Input: 
axis value:  0 0 0
target mode: 0
Joint Data: 
pos:  -0.44651  -1.16043   2.73911  0.436128  -1.16328   2.74182 -0.445207  -1.14955    2.7451  0.440934  -1.14771   2.74734
vel:  0.0237656   0.030632 -0.0515366 -0.0284958    0.02285 -0.0118637 -0.0569534  0.0232315  0.0548172 -0.0268936 -0.0120926  0.0147629
tau: -0.000610352  -0.00183105  -0.00183105  -0.00183105   0.00183105   0.00427246   0.00183105 -0.000610352  -0.00427246 -0.000610352   0.00427246  -0.00183105
Imu Data: 
rpy:   0.0019635 -0.00377974   0.0150391
acc: 0.038955 0.036832  9.78838
omg: 0.000743371   7.662e-06  -0.0017032
User Command Input: 
axis value:  0 0 0
target mode: 0
Joint Data: 
pos: -0.446663  -1.16028   2.73911  0.435975  -1.16313   2.74182 -0.445359  -1.14962   2.74526  0.441087  -1.14779   2.74727
vel:  -0.028038   0.104408  0.0043869  0.0526047  0.0325394  0.0347519 0.00507355 0.00362396 -0.0281906  0.0188065 -0.0351334 -0.0443649
tau: -0.000610352  -0.00305176  -0.00183105 -0.000610352   0.00183105   0.00183105 -0.000610352  -0.00183105  -0.00671387   0.00183105   0.00305176   0.00549316
Imu Data: 
rpy:  0.00236613 -0.00374211    0.014801
acc: 0.020988 0.007003  9.78635
omg:  -0.00189548 -0.000978903  -0.00123602
User Command Input: 
axis value:  0 0 0
target mode: 0
Joint Data: 
pos:  -0.44651  -1.16028   2.73919   0.43628   -1.1632   2.74182 -0.445359  -1.14962   2.74541  0.441087  -1.14787   2.74734
vel: -0.0217056 -0.0174332  0.0282669  0.0351334 -0.0181961  0.0363541 -0.0157547 -0.0123215 -0.0147629  0.0188065 -0.0486374  0.0168228
tau:  -0.00183105  -0.00183105  -0.00549316  -0.00305176  0.000610352   0.00183105 -0.000610352  0.000610352   0.00549316   0.00183105   0.00183105  0.000610352
Imu Data: 
rpy:  0.00211134 -0.00386158   0.0147476
acc: 0.042123 0.041784  9.79648
omg: -0.00453503 0.000777178 0.000206979
User Command Input: 
axis value:  0 0 0
target mode: 0
Joint Data: 
pos: -0.446434   -1.1602   2.73911  0.436357  -1.16328   2.74182 -0.445283  -1.14932   2.74533  0.441011  -1.14779   2.74719
vel:   0.0197983  0.00865936  -0.0307846  0.00377655   0.0172043   0.0242233 -0.00980377  -0.0313187   0.0388718   0.0182724   0.0111008  -0.0114059
tau:  0.000610352 -0.000610352    -0.010376  0.000610352   0.00305176  -0.00427246 -0.000610352  -0.00305176  -0.00305176  0.000610352   0.00183105  0.000610352
Imu Data: 
rpy:  0.00166417 -0.00356004   0.0147118
acc: 0.021658 0.015458  9.79806
omg: -0.000621075   0.00013371   0.00380175
User Command Input: 
axis value:  0 0 0
target mode: 0
Joint Data: 
pos: -0.446587  -1.16043   2.73911  0.436357  -1.16328   2.74182 -0.445207  -1.14955    2.7451  0.440934  -1.14794   2.74734
vel:   0.0496292  -0.0450516 0.000190735  -0.0199509 -0.00705719   0.0147629  -0.0833511 -0.00957489  -0.0333786   0.0407028  -0.0162125 -0.00972748
tau:  -0.00183105 -0.000610352   0.00305176  -0.00183105   0.00183105   0.00183105 -0.000610352  -0.00183105  -0.00305176  -0.00183105   0.00305176  -0.00671387
Imu Data: 
rpy: 0.00169377 -0.0031853  0.0147687
acc: 0.051489 0.021154  9.80378
omg:  0.00167545 0.000524663  0.00277806
User Command Input: 
axis value:  0 0 0
target mode: 0
Joint Data: 
pos: -0.446434  -1.16058   2.73896  0.436204   -1.1632   2.74174 -0.445207  -1.14955   2.74518  0.440858   -1.1481   2.74734
vel:  -0.106239  0.0173569 -0.0245285 -0.0807571 0.00995636  0.0201797 -0.0185776 -0.0323868 -0.0172806  0.0361252 -0.0110245  0.0139236
tau:  -0.00427246  -0.00427246  0.000610352   0.00183105   0.00183105   0.00549316  0.000610352  0.000610352  -0.00183105   0.00549316 -0.000610352 -0.000610352
Imu Data: 
rpy: 0.00227083 -0.0034236  0.0149558
acc: 0.015683 0.044712  9.79683
omg:  0.00170749 -0.00123475  0.00152662
User Command Input: 
axis value:  0 0 0
target mode: 0
Joint Data: 
pos: -0.446587   -1.1602   2.73911  0.436204  -1.16328   2.74174 -0.445359  -1.14947   2.74518  0.440858  -1.14802   2.74727
vel:   0.0548172   0.0553513  -0.0101089  0.00270844  -0.0069809  -0.0178146   0.0111008 0.000648499   0.0379562   -0.037117 -0.00240326    0.017128
tau:  -0.00427246  -0.00183105  -0.00671387 -0.000610352   0.00305176 -0.000610352   0.00549316  -0.00183105  -0.00915527 -0.000610352   0.00305176  -0.00793457
Imu Data: 
rpy:  0.00249758 -0.00358163   0.0151087
acc:  0.042721 -0.003177   9.78976
omg: -0.00059233  0.00101809 -0.00235818
User Command Input: 
axis value:  0 0 0
target mode: 0
Joint Data: 
pos: -0.446434  -1.16005   2.73911  0.436128   -1.1632   2.74197 -0.445359  -1.14955   2.74526  0.440858  -1.14787   2.74734
vel:  0.00980377  -0.0185776    0.013237   0.0148392   0.0590134  0.00156403 -0.00133514  -0.0018692  -0.0477982   0.0270462   0.0343704   0.0222397
tau:  -0.00305176 -0.000610352  -0.00671387  0.000610352 -0.000610352  0.000610352  0.000610352  -0.00183105   0.00183105   0.00427246  0.000610352 -0.000610352
Imu Data: 
rpy:  0.00238155 -0.00365327   0.0151293
acc: 0.047955 0.011204  9.80559
omg: 0.00153154 0.00027283 0.00248392
User Command Input: 
axis value:  0 0 0
target mode: 0
Joint Data: 
pos: -0.446739  -1.16035   2.73911  0.435975  -1.16336   2.74182 -0.445207  -1.14955   2.74533  0.440782  -1.14764   2.74742
vel: -0.00751495   0.0590134  -0.0320816   0.0487137   0.0207901  -0.0111771   0.0496292    0.017128   0.0377274  0.00720978   0.0799179   0.0489426
tau:  -0.00305176  -0.00183105   0.00305176   0.00183105 -0.000610352  0.000610352   0.00183105  -0.00183105  -0.00427246   0.00305176  -0.00183105   0.00183105
Imu Data: 
rpy:   0.0021884 -0.00338131   0.0150588
acc: 0.021739 0.029393   9.7716
omg:   0.00142775 -0.000263039  -0.00031278
User Command Input: 
axis value:  0 0 0
target mode: 0
Joint Data: 
pos: -0.446587  -1.16051   2.73911  0.436051  -1.16343   2.74189 -0.445283  -1.14939   2.74518  0.441011  -1.14787   2.74734
vel:  -0.0248337  -0.0702286  -0.0127029  -0.0599289 -0.00255585 -0.00164032  -0.0585556   -0.028038   0.0260544  -0.0251389  -0.0599289   -0.026207
tau:  0.000610352  -0.00305176   0.00183105  -0.00183105  0.000610352 -0.000610352   0.00305176 -0.000610352   0.00305176   0.00183105  0.000610352   0.00183105
Imu Data: 
rpy:  0.00206973 -0.00334026   0.0149716
acc: 0.032958 0.002481  9.80772
omg:  0.000289707  0.000620814 -0.000930976
User Command Input: 
axis value:  0 0 0
target mode: 0
Joint Data: 
pos: -0.446358  -1.16043   2.73919  0.436204   -1.1632   2.74189 -0.445283  -1.14939   2.74518  0.440858  -1.14787   2.74742
vel:  -0.0101089   0.0230026  -0.0323868  0.00659943  -0.0399399   0.0374985  -0.0233841   0.0146103 -0.00675201    0.044136  -0.0193405   0.0105667
tau:   0.00183105  0.000610352  0.000610352  0.000610352   0.00183105   0.00305176   0.00183105 -0.000610352  -0.00183105   0.00183105   0.00183105   0.00427246
Imu Data: 
rpy:  0.00228422 -0.00327206   0.0149844
acc: 0.026197 0.024362  9.79469
omg:   0.00212148 -0.000578472  0.000518799
User Command Input: 
axis value:  0 0 0
target mode: 0
Joint Data: 
pos:  -0.44651  -1.16043   2.73919  0.435975  -1.16328   2.74189 -0.445588  -1.14955   2.74526  0.441011  -1.14771   2.74742
vel: -0.00865936  -0.0907516  -0.0462723  -0.0281906   0.0307846   0.0178909  -0.0102615  -0.0160599   0.0166702   0.0452805  0.00232697  0.00209808
tau:  -0.00427246  0.000610352  -0.00305176  -0.00305176   0.00305176   0.00183105   0.00427246  -0.00183105 -0.000610352 -0.000610352   0.00427246  -0.00183105
Imu Data: 
rpy:  0.00267166 -0.00345903   0.0150912
acc: 0.061349 0.017234  9.80009
omg: -0.00148767 0.000220313  0.00151034
User Command Input: 
axis value:  0 0 0
target mode: 0
Joint Data: 
pos:  -0.44651   -1.1602   2.73903  0.436204  -1.16336   2.74182 -0.445436  -1.14939    2.7451  0.440705  -1.14794   2.74734
vel:    0.106163   0.0688553   0.0201035  -0.0354385  -0.0496292 -0.00911713  0.00644684  0.00865936   0.0330734   0.0469589  -0.0527573    0.028801
tau:  -0.00305176  0.000610352  -0.00427246  -0.00183105 -0.000610352   0.00183105   0.00305176  -0.00183105   0.00183105   0.00305176   0.00183105   0.00427246
Imu Data: 
rpy: 0.00285487  -0.003448  0.0150022
acc: 0.021453  0.01688  9.80249
omg:   0.00304912 -0.000759079   0.00150851
User Command Input: 
axis value:  0 0 0
target mode: 0
Joint Data: 
pos: -0.446434   -1.1602   2.73919  0.436433  -1.16351   2.74189 -0.445512  -1.14955   2.74526  0.441087  -1.14794   2.74734
vel:   0.0521469     0.02285   0.0258255    0.028038  -0.0417709  -0.0316238  -0.0291824 0.000343323    0.044136   0.0398636  -0.0653458  -0.0240707
tau:   0.00183105  -0.00183105  -0.00183105 -0.000610352   0.00183105  -0.00183105   0.00183105 -0.000610352  -0.00183105  0.000610352   0.00427246 -0.000610352
Imu Data: 
rpy:   0.0024332 -0.00324127   0.0149522
acc: 0.033642 0.045949   9.8058
omg:  -0.00217953 -0.000718866  -0.00225322
User Command Input: 
axis value:  0 0 0
target mode: 0
Joint Data: 
pos:  -0.44651  -1.16043   2.73926  0.436051   -1.1632   2.74182 -0.445436  -1.14955   2.74541  0.440858  -1.14787   2.74742
vel: -0.00423431   0.0322342   0.0172806  -0.0368118   0.0494003  -0.0255966   0.0828171   0.0301743   0.0043869  -0.0372696  -0.0255203 -0.00255585
tau:  -0.00549316 -0.000610352  -0.00183105  0.000610352 -0.000610352   0.00305176  -0.00183105  -0.00183105  -0.00305176   0.00183105   0.00305176   0.00427246
Imu Data: 
rpy:  0.00221203 -0.00318369   0.0149452
acc:  0.036131 -0.000686   9.80451
omg: 0.00326837 0.00214024 0.00159816
User Command Input: 
axis value:  0 0 0
target mode: 0
Joint Data: 
pos:  -0.44651  -1.16035   2.73919  0.436051  -1.16328   2.74182 -0.445665  -1.14947   2.74526  0.441087  -1.14794   2.74734
vel:   0.0780869   0.0248337  -0.0214767   0.0642776  0.00934601  -0.0212479  -0.0201035   0.0125504 -0.00164032   0.0528336  -0.0186539  -0.0252151
tau: -0.000610352  -0.00183105  -0.00183105 -0.000610352  0.000610352   0.00427246   0.00183105 -0.000610352   0.00183105   0.00183105   0.00305176   0.00183105
Imu Data: 
rpy:  0.00229158 -0.00305867   0.0149539
acc: 0.026106 0.023903  9.80492
omg:  0.00110198 -0.00108198  0.00324795
User Command Input: 
axis value:  0 0 0
target mode: 0
Joint Data: 
pos: -0.446815  -1.16005   2.73934  0.436204  -1.16343   2.74182  -0.44513  -1.14947   2.74518  0.440934  -1.14794   2.74734
vel:   0.0136185  -0.0461197   0.0208664  -0.0397873   -0.017128 -0.00598907    0.113335   -0.026741 -0.00431061  -0.0238419  -0.0579453  -0.0169754
tau:  -0.00305176  -0.00305176  -0.00183105  -0.00427246  0.000610352  -0.00183105   0.00305176 -0.000610352   0.00183105 -0.000610352 -0.000610352 -0.000610352
Imu Data: 
rpy:  0.00237501 -0.00342648   0.0151974
acc:  0.05309 0.039971  9.78511
omg:  0.000863467 -0.000538766  -0.00103055
User Command Input: 
axis value:  0 0 0
target mode: 0
Joint Data: 
pos: -0.446663  -1.16012   2.73911  0.436128   -1.1632   2.74182 -0.445359  -1.14939   2.74533  0.440553  -1.14771   2.74727
vel:   0.0434494  -0.0104904 -3.8147e-05    0.059166   0.0178909  0.00301361  -0.0345993   0.0284958   0.0263596  0.00507355   0.0404739   0.0273514
tau:  -0.00305176 -0.000610352   0.00183105  -0.00183105  -0.00183105   0.00549316 -0.000610352 -0.000610352   0.00305176  0.000610352  -0.00183105   0.00183105
Imu Data: 
rpy:   0.0020893 -0.00330754    0.015266
acc:  0.01184 0.025547  9.78536
omg: -0.000987612 -0.000845211 -8.78424e-05
User Command Input: 
axis value:  0 0 0
target mode: 0
Joint Data: 
pos: -0.446663  -1.16028   2.73919  0.435975  -1.16336   2.74182 -0.445207  -1.14962    2.7451  0.441087  -1.14771   2.74719
vel: -0.00514984  -0.0205612  -0.0453568   0.0410843  -0.0030899  0.00713348   0.0369644  0.00682831  0.00530243    0.020256   0.0133896  0.00400543
tau:  0.000610352  -0.00183105  -0.00427246 -0.000610352  -0.00183105  0.000610352   0.00427246 -0.000610352 -0.000610352   0.00305176   0.00305176  -0.00183105
Imu Data: 
rpy:  0.00188867 -0.00305951   0.0151912
acc:  0.02607 0.001669  9.80208
omg:  0.000588141 -5.67057e-05 -0.000392525
User Command Input: 
axis value:  0 0 0
target mode: 0
Joint Data: 
pos: -0.446663  -1.16028   2.73911  0.436128  -1.16343   2.74174 -0.445283  -1.14955   2.74526  0.440782  -1.14794   2.74719
vel:  -0.0504684 -0.00766754  0.00118256  -0.0333786   0.0355148 -0.00965118  -0.0300217  -0.0342941 -0.00362396  -0.0748062   0.0312424  -0.0722122
tau:   0.00183105  -0.00183105  0.000610352  -0.00427246 -0.000610352  0.000610352  0.000610352  -0.00183105  -0.00183105 -0.000610352   0.00549316  0.000610352
Imu Data: 
rpy: 0.00157036 -0.0028244  0.0153388
acc: 0.038218 0.023771  9.80399
omg: 0.000164602  0.00171121 -0.00165763
User Command Input: 
axis value:  0 0 0
target mode: 0
Joint Data: 
pos: -0.446434  -1.16043   2.73911  0.436433   -1.1632   2.74182 -0.445283  -1.14947   2.74518  0.440934  -1.14787   2.74734
vel:  -0.0240707   0.0101089   0.0251389   0.0229263  -0.0317001    0.022316    0.020256 -0.00835419  -0.0323868   0.0214005   0.0281143    0.030632
tau:  0.000610352  -0.00183105  -0.00671387 -0.000610352   0.00305176   0.00427246   0.00183105  -0.00183105  -0.00793457   0.00549316  -0.00671387  -0.00183105
Imu Data: 
rpy:  0.00148241 -0.00282031    0.015442
acc: 0.048747  0.02934  9.79207
omg: 0.000218096  0.00253413 -0.00113038
User Command Input: 
axis value:  0 0 0
target mode: 0
Joint Data: 
pos: -0.446815  -1.16035   2.73903  0.436051  -1.16328   2.74189  -0.44513  -1.14962   2.74526  0.440934  -1.14794   2.74734
vel:  0.00148773    0.048027  -0.0239944   -0.092659   0.0491714 -0.00484467   0.0326157 -0.00621796  0.00713348   -0.047493  -0.0717545  -0.0307083
tau:  -0.00305176  -0.00305176  -0.00183105  -0.00549316  0.000610352  -0.00793457 -0.000610352  -0.00183105 -0.000610352   0.00183105   0.00305176   0.00183105
Imu Data: 
rpy:  0.00168824 -0.00295304   0.0152675
acc: 0.044738  0.02131  9.78828
omg: -0.000810252  0.000511608 -8.41249e-06
User Command Input: 
axis value:  0 0 0
target mode: 0
Joint Data: 
pos: -0.446739  -1.16035   2.73911  0.436128  -1.16313   2.74189 -0.445436  -1.14947   2.74518  0.440934  -1.14787   2.74734
vel:  -0.157661  0.0182724  0.0358963 -0.0520706 -0.0018692 -0.0256729 0.00965118  0.0124741  0.0328445  0.0196457 0.00652313 -0.0253677
tau:  -0.00183105 -0.000610352   0.00183105  -0.00427246   0.00183105   0.00427246   0.00183105 -0.000610352  -0.00183105  0.000610352 -0.000610352   0.00305176
Imu Data: 
rpy:   0.0018382 -0.00294371   0.0151973
acc: 0.030374 0.010706  9.79953
omg:  -0.00125727 -0.000644376 -0.000275448
User Command Input: 
axis value:  0 0 0
target mode: 0
Joint Data: 
pos: -0.446663   -1.1602   2.73919  0.436128  -1.16313   2.74174 -0.445207  -1.14955   2.74526  0.440934  -1.14787   2.74734
vel:    0.017662   0.0233841   0.0339127  0.00720978  0.00736237  0.00911713 -0.00995636  -0.0110245   0.0141525 -0.00614166  -0.0167465   0.0385666
tau:  -0.00183105 -0.000610352   0.00305176 -0.000610352   0.00549316  0.000610352  -0.00671387  -0.00183105 -0.000610352  -0.00305176  -0.00183105  0.000610352
Imu Data: 
rpy:  0.00173343 -0.00294437   0.0151651
acc: 0.025866 0.024602  9.82421
omg:  0.00039996 0.000738745    0.001311
User Command Input: 
axis value:  0 0 0
target mode: 0
Joint Data: 
pos: -0.446434  -1.16035   2.73919   0.43628  -1.16297   2.74189 -0.445207  -1.14955    2.7451  0.440934  -1.14802   2.74727
vel: -0.0260544 -0.0304794  0.0349808  0.0172806  0.0386429 0.00827789  0.0318527  0.0514603  0.0266647 0.00675201  0.0181961   0.025444
tau:  -0.00183105  -0.00427246  -0.00427246   0.00427246  0.000610352   0.00671387   0.00183105   0.00183105 -0.000610352  0.000610352  0.000610352  -0.00305176
Imu Data: 
rpy: 0.00158308 -0.0032391  0.0150664
acc:  0.02468 0.022542  9.80142
omg: -0.000608666  0.000734243 -0.000615421
User Command Input: 
axis value:  0 0 0
target mode: 0
Joint Data: 
pos: -0.446663  -1.15997   2.73919  0.436509  -1.16328   2.74159 -0.445436  -1.14955   2.74518  0.441011  -1.14787   2.74719
vel:   -0.0149155    0.0360489    0.0214005 -0.000343323    0.0162125   -0.0124741   -0.0214005   -0.0258255   -0.0268936   -0.0238419  -0.00919342    0.0103378
tau: -0.00183105 -0.00183105 -0.00183105 -0.00305176  0.00183105  0.00183105 -0.00183105 -0.00183105  0.00427246 0.000610352  0.00183105 0.000610352
Imu Data: 
rpy: 0.00155896  -0.002949  0.0149552
acc: 0.036987 0.010482  9.78845
omg:  -0.00160345   0.00116562 -0.000767509
User Command Input: 
axis value:  0 0 0
target mode: 0
Joint Data: 
pos: -0.446663  -1.16028   2.73926  0.436509  -1.16328   2.74189 -0.445283  -1.14947   2.74518  0.440782  -1.14787   2.74734
vel: -3.8147e-05  -0.0800705  0.00125885  -0.0729752  -0.0211716   0.0177383  -0.0389481   -0.010643  -0.0598526   0.0122452  -0.0225449   0.0396347
tau:  -0.00183105 -0.000610352   0.00183105  -0.00305176   0.00305176   0.00427246  -0.00305176 -0.000610352   0.00183105 -0.000610352  -0.00427246  0.000610352
Imu Data: 
rpy:  0.00187937 -0.00315147   0.0148595
acc: 0.016574 0.022565  9.78402
omg: 0.000290754  0.00139092 -0.00285688
User Command Input: 
axis value:  0 0 0
target mode: 0
Joint Data: 
pos: -0.446358  -1.16012   2.73919  0.436051   -1.1632   2.74182 -0.445436  -1.14955   2.74518  0.441087   -1.1481   2.74734
vel:   0.00873566    0.0231552   -0.0223923   -0.0123215   -0.0465775    -0.023613    -0.139961  -0.00858307  -0.00736237   0.00263214 -0.000724792  0.000953674
tau:   0.00183105  -0.00183105  -0.00671387  -0.00427246   0.00305176   0.00427246  0.000610352 -0.000610352  -0.00183105  0.000610352  0.000610352   0.00183105
Imu Data: 
rpy: 0.00190592 -0.0031458  0.0148929
acc: 0.008607 0.028456  9.80825
omg:   0.00111947 -0.000329239  0.000927677
User Command Input: 
axis value:  0 0 0
target mode: 0
Joint Data: 
pos: -0.446663   -1.1602   2.73919  0.436433   -1.1632   2.74189 -0.445283  -1.14962   2.74518  0.440858  -1.14787   2.74734
vel:   0.0313187    0.114937   0.0174332 -0.00202179   0.0461197   0.0297928 0.000572205  0.00240326  -0.0147629  -0.0031662   -0.053215   0.0018692
tau:   0.00183105 -0.000610352  -0.00305176   0.00183105   0.00183105 -0.000610352   0.00427246 -0.000610352  -0.00183105   0.00427246   0.00305176  -0.00183105
Imu Data: 
rpy:  0.00215381 -0.00307115   0.0146695
acc: 0.013016 0.014873  9.78908
omg:   0.00200238 -3.57618e-05  0.000832016
User Command Input: 
axis value:  0 0 0
target mode: 0
Joint Data: 
pos: -0.446739  -1.16043   2.73919  0.436433  -1.16313   2.74174 -0.445436  -1.14939   2.74518  0.440858  -1.14779   2.74727
vel: -0.00988007  -0.0323105  0.00148773  0.00637054  0.00362396  -0.0327682  0.00675201  -0.0194168  -0.0126266  -0.0786972 -0.00324249   0.0175095
tau:  -0.00305176  -0.00183105   0.00183105  0.000610352 -0.000610352   0.00427246   0.00183105  -0.00183105   0.00549316   0.00183105   0.00427246   0.00305176
Imu Data: 
rpy:  0.00192349 -0.00309761     0.01455
acc: 0.056594 0.024429  9.78878
omg:  -0.00229977 -7.95521e-05  0.000269287
User Command Input: 
axis value:  0 0 0
target mode: 0
Joint Data: 
pos: -0.446587  -1.16005   2.73911  0.436357  -1.16313   2.74166 -0.445436  -1.14962   2.74526  0.440705  -1.14787   2.74727
vel:  -0.0551224   0.0149918  0.00766754   0.0323105  -0.0378036   0.0397873  0.00431061  -0.0465775   0.0403214 -0.00278473   0.0239182  -0.0264359
tau:  -0.00427246 -0.000610352 -0.000610352  -0.00427246   0.00427246 -0.000610352  0.000610352 -0.000610352  -0.00427246   0.00183105   0.00549316   0.00305176
Imu Data: 
rpy:  0.00185068 -0.00313599   0.0146059
acc:  0.032081 -0.011889   9.82553
omg: -0.00380134 0.000154601  -0.0014787
User Command Input: 
axis value:  0 0 0
target mode: 0
Joint Data: 
pos: -0.446358  -1.16043   2.73926  0.436204   -1.1632   2.74182 -0.445359  -1.14955   2.74526  0.440934  -1.14794   2.74742
vel:  0.0596237  0.0613022 -0.0191116 -0.0571823 0.00865936 -0.0256729  0.0664139  0.0162125 -0.0298691  0.0488663  0.0143051  0.0140762
tau:  -0.00427246 -0.000610352   0.00183105  -0.00305176   0.00305176  0.000610352   0.00549316 -0.000610352  -0.00427246   0.00305176 -0.000610352   0.00305176
Imu Data: 
rpy:  0.00190977 -0.00319442   0.0148168
acc: 0.031048 0.022513  9.77778
omg:  -0.00363093 -3.10494e-05  0.000686874
User Command Input: 
axis value:  0 0 0
target mode: 0
Joint Data: 
pos: -0.446587   -1.1602   2.73903  0.436204  -1.16328   2.74166  -0.44513  -1.14955   2.74526  0.440858  -1.14787   2.74727
vel:  -0.0139999   0.0963974   -0.056572   0.0649643 -0.00675201  0.00736237  0.00591278   0.0139999  0.00743866   0.0180435  -0.0162125 0.000343323
tau:  -0.00183105  -0.00305176  -0.00427246   0.00305176   0.00427246   0.00427246  -0.00183105 -0.000610352  0.000610352  0.000610352   0.00305176   0.00427246
Imu Data: 
rpy:  0.00243388 -0.00304166   0.0148427
acc: 0.02433 0.02976 9.78857
omg:   -0.0012439 -0.000707382   0.00149786
User Command Input: 
axis value:  0 0 0
target mode: 0
Joint Data: 
pos: -0.446434  -1.16035   2.73926  0.436357  -1.16313   2.74182 -0.445207  -1.14947   2.74518  0.441011   -1.1481   2.74742
vel:   0.0876236  -0.0225449  0.00377655   -0.026741   0.0367355    0.077858   0.0105667   0.0439835   0.0509262 0.000953674  0.00621796  0.00728607
tau:  -0.00305176 -0.000610352  0.000610352   0.00183105  -0.00183105   0.00305176  0.000610352  -0.00305176  -0.00305176 -0.000610352  -0.00183105   0.00183105
Imu Data: 
rpy: 0.00273973 -0.0032668  0.0148781
acc: 0.041444 0.020033  9.80374
omg:   0.00323647 -0.000135856   0.00112549
User Command Input: 
axis value:  0 0 0
target mode: 0
Joint Data: 
pos: -0.446663   -1.1602   2.73911   0.43628  -1.16313   2.74182 -0.445359  -1.14955   2.74518  0.440782  -1.14779   2.74734
vel:   0.0371933    0.023613    0.025444   0.0317001   0.0471115  -0.0245285    0.026207  0.00476837  -0.0104904  -0.0226974   0.0407028 -0.00843048
tau:  0.000610352 -0.000610352 -0.000610352 -0.000610352   0.00305176   0.00305176  0.000610352  -0.00183105   0.00671387 -0.000610352   0.00305176   0.00305176
Imu Data: 
rpy:  0.00250582 -0.00327886   0.0146878
acc: 0.019499 0.014857  9.78061
omg:  0.00365311 0.000768748 -0.00146777
User Command Input: 
axis value:  0 0 0
target mode: 0
Joint Data: 
pos:  -0.44651  -1.15997   2.73911  0.435899  -1.16313   2.74174 -0.445283  -1.14947   2.74518  0.440934  -1.14794   2.74719
vel:   0.0678635   0.0237656 -0.00766754  -0.0259018   0.0216293   0.0257492    0.066185   0.0181198  0.00331879  -0.0273514   0.0168991   0.0446701
tau:  -0.00183105  -0.00305176  -0.00305176   0.00305176   0.00183105   0.00427246 -0.000610352 -0.000610352  -0.00183105 -0.000610352   0.00305176   0.00305176
Imu Data: 
rpy:  0.00217726 -0.00310623   0.0145913
acc: 0.033051 0.009602  9.80692
omg: -0.00253738 -0.00371956 -0.00146236
User Command Input: 
axis value:  0 0 0
target mode: 0
Joint Data: 
pos: -0.446663  -1.16012   2.73919  0.436128  -1.16305   2.74182 -0.445436  -1.14955   2.74541  0.440858  -1.14802   2.74734
vel:  0.0163651  0.0214767  0.0379562  0.0138474  0.0069046  0.0238419  0.0476456 -0.0465012   0.018959  -0.063591  0.0303268  0.0201797
tau:  0.000610352  -0.00305176  0.000610352   0.00183105 -0.000610352   0.00305176   0.00671387  -0.00183105  -0.00305176   0.00183105 -0.000610352   0.00305176
Imu Data: 
rpy:  0.00214255 -0.00277931    0.014706
acc:   0.01941 -0.012746   9.78559
omg: 0.00137813 0.00116328  0.0016792
User Command Input: 
axis value:  0 0 0
target mode: 0
Joint Data: 
pos:  -0.44651  -1.16035   2.73911  0.436357   -1.1632   2.74182 -0.445512  -1.14947   2.74503  0.440858  -1.14779   2.74727
vel:   0.0374222   -0.073967   0.0297928  -0.0218582  -0.0124741   0.0206375  -0.0148392 -0.00347137 -0.00263214    0.026741    0.010643 -0.00217438
tau:  -0.00549316  -0.00183105  -0.00183105  -0.00183105   0.00427246  -0.00549316   0.00183105  -0.00427246  0.000610352   0.00305176 -0.000610352   0.00427246
Imu Data: 
rpy:  0.00207671 -0.00289129   0.0149285
acc: 0.029963  0.02888  9.78633
omg:  0.00425272 -0.00190405 0.000337547
User Command Input: 
axis value:  0 0 0
target mode: 0
Joint Data: 
pos: -0.446663  -1.16043   2.73903  0.436128  -1.16313   2.74197 -0.445359  -1.14947   2.74526  0.441011   -1.1481   2.74742
vel:  -0.0205612  -0.0458908  -0.0489426  -0.0534439 -0.00858307   0.0178146   0.0513077   0.0405502  -0.0270462   0.0324631   0.0281143  0.00247955
tau:   0.00183105  0.000610352 -0.000610352  -0.00427246  0.000610352   0.00183105   0.00305176 -0.000610352  -0.00305176 -0.000610352 -0.000610352  0.000610352
Imu Data: 
rpy:  0.00191498 -0.00290763    0.014954
acc: 0.011343 0.017915  9.79321
omg: -0.00493323 -0.00100931  0.00125081
User Command Input: 
axis value:  0 0 0
target mode: 0
Joint Data: 
pos: -0.446587  -1.16012   2.73919  0.436128  -1.16328   2.74182 -0.445207  -1.14947    2.7451  0.441087  -1.14779   2.74711
vel:  0.00850677 -0.00370026   0.0208664 -0.00850677   -0.038414 -0.00484467  -0.0313187  0.00110626  0.00102997   0.0103378  0.00865936  -0.0256729
tau:  -0.00305176  -0.00183105  -0.00305176  0.000610352   0.00305176   0.00549316 -0.000610352  -0.00183105   0.00183105   0.00549316   0.00183105   0.00427246
Imu Data: 
rpy:  0.00202699 -0.00285918   0.0150149
acc: 0.003076 0.031609  9.77327
omg:   0.00181118    0.0011246 -0.000465322
User Command Input: 
axis value:  0 0 0
target mode: 0
Joint Data: 
pos: -0.446663  -1.16028   2.73911  0.436204  -1.16313   2.74182 -0.445207  -1.14962   2.74526  0.441011  -1.14794   2.74734
vel:   0.0249863  -0.0116348   0.0019455  0.00255585  -0.0297165  -0.0181198   0.0555801  -0.0383377   0.0175858  -0.0432968   0.0168228 -0.00888824
tau:  -0.00305176 -0.000610352   0.00183105  0.000610352   0.00183105   0.00183105   0.00183105 -0.000610352  0.000610352  0.000610352   0.00183105  -0.00183105
Imu Data: 
rpy:  0.00161436 -0.00280579   0.0150901
acc: 0.016249 0.046511  9.78973
omg:  0.000602121 -0.000621983   0.00107306
User Command Input: 
axis value:  0 0 0
target mode: 0
Joint Data: 
pos: -0.446205  -1.16066   2.73903  0.436128  -1.16313   2.74189 -0.445283  -1.14947   2.74549  0.441011  -1.14787   2.74734
vel:  0.0644302 -0.0561142 -0.0116348  0.0292587 0.00545502  0.0536728 -0.0284958 -0.0155258  0.0253677  0.0342941 0.00797272  0.0326157
tau:   0.00183105  -0.00305176 -0.000610352   0.00183105  0.000610352  -0.00183105  0.000610352 -0.000610352 -0.000610352   0.00305176   0.00183105   0.00183105
Imu Data: 
rpy:  0.00158863 -0.00281455   0.0152185
acc: 0.025603  0.02411  9.80642
omg:  0.00418994 0.000431899  0.00180006
User Command Input: 
axis value:  0 0 0
target mode: 0
Joint Data: 
pos: -0.446815  -1.16058   2.73888  0.435899   -1.1632   2.74182 -0.445512   -1.1497    2.7451  0.440629  -1.14787   2.74727
vel:  -0.0478745   0.0260544  -0.0179672   0.0130081 -0.00118256   0.0268173 -0.00133514 -0.00354767  -0.0166702   0.0243759  -0.0210953    0.052681
tau:  0.000610352 -0.000610352  -0.00549316  -0.00427246   0.00305176   0.00427246   0.00305176 -0.000610352  -0.00183105   0.00183105   0.00305176  0.000610352
Imu Data: 
rpy:  0.00211366 -0.00279511   0.0153606
acc:  0.026849 -0.000464   9.78888
omg: 0.000952182 0.000363203  0.00142192
User Command Input: 
axis value:  0 0 0
target mode: 0
Joint Data: 
pos: -0.446281  -1.16028   2.73919  0.436128  -1.16336   2.74182 -0.445283  -1.14947   2.74533  0.440934  -1.14794   2.74742
vel:  -0.0126266    0.058403 -0.00743866  0.00423431  -0.0466537  0.00209808     0.02285 -0.00522614 -0.00843048   0.0192642   0.0213242   0.0249863
tau:  -0.00305176 -0.000610352  -0.00427246  -0.00183105   0.00183105  0.000610352   0.00305176  0.000610352  -0.00183105   0.00183105  -0.00183105  -0.00793457
Imu Data: 
rpy:  0.00250226 -0.00264276    0.015296
acc: 0.023252 0.013307  9.79007
omg: -0.00174102  0.00188365  0.00151819
User Command Input: 
axis value:  0 0 0
target mode: 0
Joint Data: 
pos: -0.446281  -1.16028   2.73926   0.43628   -1.1632   2.74189 -0.445283  -1.14955   2.74526  0.440782  -1.14817   2.74742
vel:   0.0470352 -0.00881195   0.0230026   0.0134659   0.0128555   0.0606918    -0.08564  -0.0104904   0.0278854  -0.0773239  -0.0143814   0.0147629
tau:  0.000610352  0.000610352   0.00427246  -0.00671387   0.00183105  -0.00549316   0.00671387 -0.000610352  -0.00183105 -0.000610352 -0.000610352  -0.00183105
Imu Data: 
rpy:  0.00220243 -0.00268332   0.0150886
acc: 0.034259  0.02561   9.7796
omg: 0.000719145  -0.0016419 -0.00114206
User Command Input: 
axis value:  0 0 0
target mode: 0
Joint Data: 
pos:  -0.44651  -1.16043   2.73926  0.436204  -1.16336   2.74182 -0.445359  -1.14947   2.74518  0.440629  -1.14779   2.74727
vel:   0.00644684    0.0120926   -0.0117874   -0.0518417  -0.00911713    0.0346756   -0.0966263   -0.0168228    0.0468826   -0.0458908 -0.000953674  0.000343323
tau:  -0.00183105  -0.00183105  -0.00183105  -0.00549316 -0.000610352 -0.000610352  0.000610352 -0.000610352   0.00183105   0.00427246  0.000610352   0.00305176
Imu Data: 
rpy:  0.00203121 -0.00271205   0.0150629
acc: 0.035062 0.019869  9.80807
omg:  0.00129968 0.000160431 0.000575243
User Command Input: 
axis value:  0 0 0
target mode: 0
Joint Data: 
pos:  -0.44651  -1.16028   2.73903  0.436128  -1.16328   2.74197 -0.445512  -1.14962    2.7451  0.441011  -1.14787   2.74734
vel:   0.0566483 -0.00713348 -0.00530243   0.0315475 -0.00209808  -0.0259781  -0.0371933 -0.00988007  -0.0069809  -0.0252151  -0.0162888  -0.0207901
tau:   0.00305176  -0.00183105 -0.000610352 -0.000610352 -0.000610352   0.00305176  0.000610352  -0.00305176  -0.00671387   0.00183105   0.00183105   0.00427246
Imu Data: 
rpy:  0.00217245 -0.00270557   0.0149157
acc: 0.029764 0.045633  9.78908
omg: 0.00217887 0.00396329 0.00357875
User Command Input: 
axis value:  0 0 0
target mode: 0
Joint Data: 
pos: -0.446587  -1.16028   2.73896  0.436128   -1.1632   2.74189 -0.445207  -1.14939   2.74518  0.440934  -1.14787   2.74727
vel:    0.0607681 -0.000648499   0.00659943   0.00324249    0.0466537    0.0151443   -0.0347519  -0.00835419   -0.0140762    -0.044136   -0.0297928    -0.017128
tau: -0.000610352 -0.000610352  -0.00305176  -0.00305176  0.000610352  0.000610352   0.00305176   0.00183105  0.000610352  0.000610352  0.000610352   0.00305176
Imu Data: 
rpy:   0.0024165 -0.00259239   0.0152022
acc: 0.016357 0.012158  9.78124
omg:  0.000354529 -0.000809571  -0.00250402
User Command Input: 
axis value:  0 0 0
target mode: 0
Joint Data: 
pos:  -0.44651  -1.16005   2.73919   0.43628   -1.1632   2.74189 -0.445283  -1.14955   2.74541  0.440858  -1.14771   2.74734
vel:    0.0442886   -0.0220871   -0.0168991    -0.048027 -0.000419617  -0.00217438   0.00667572   0.00621796    0.0159836    0.0178146    0.0405502    0.0381851
tau: -0.000610352 -0.000610352  -0.00671387  0.000610352 -0.000610352   0.00183105  -0.00549316  -0.00183105 -0.000610352  0.000610352   0.00305176   0.00305176
Imu Data: 
rpy:  0.00257227 -0.00287803   0.0152723
acc: 0.023245 0.040819  9.78723
omg:  -0.0034469  0.00413758 -0.00138689
User Command Input: 
axis value:  0 0 0
target mode: 0
Joint Data: 
pos: -0.446815  -1.16028   2.73911  0.435899   -1.1632   2.74197 -0.445359  -1.14955   2.74518  0.440934  -1.14787   2.74719
vel:  -0.0268173  0.00514984  0.00911713  0.00278473  0.00904083   0.0440598   -0.022316  -0.0212479 -0.00667572   0.0776291   0.0615311   0.0355148
tau: -0.000610352  -0.00183105  -0.00427246  -0.00183105   0.00305176  -0.00305176 -0.000610352  -0.00183105  0.000610352  0.000610352   0.00305176   0.00305176
Imu Data: 
rpy:  0.00268625 -0.00277947   0.0152887
acc:  0.030973 -0.006181   9.80982
omg: -0.000211813   0.00118222  -0.00293587
User Command Input: 
axis value:  0 0 0
target mode: 0
Joint Data: 
pos: -0.446358   -1.1602   2.73911   0.43628   -1.1632   2.74174 -0.445359  -1.14947    2.7451  0.441163   -1.1481   2.74719
vel:   0.113945 -0.0457382  0.0289536  -0.073204  0.0614548  0.0271988 -0.0429153 -0.0156021  0.0141525  0.0175095 -0.0197983 -0.0361252
tau:  -0.00183105  -0.00183105  -0.00671387  -0.00305176   0.00183105  -0.00305176   0.00305176  -0.00183105  -0.00183105   0.00671387 -0.000610352   0.00549316
Imu Data: 
rpy:  0.00241869 -0.00270652   0.0150911
acc: 0.026035  0.02142  9.77965
omg: -0.00137364 -0.00333489  -0.0020264
User Command Input: 
axis value:  0 0 0
target mode: 0
Joint Data: 
pos: -0.446434  -1.16035   2.73903  0.436128  -1.16328   2.74182 -0.445207  -1.14947   2.74526  0.440705  -1.14787   2.74734
vel:   0.0443649  -0.0146103   0.0201035  -0.0231552   0.0124741  -0.0175095   0.0219345   0.0381851   0.0485611 0.000953674  -0.0237656   0.0199509
tau:  -0.00549316 -0.000610352 -0.000610352 -0.000610352 -0.000610352 -0.000610352  -0.00427246 -0.000610352   0.00183105  0.000610352   0.00305176  -0.00427246
Imu Data: 
rpy:  0.00199516 -0.00256682   0.0150069
acc: 0.033885 0.016495    9.777
omg: 4.79442e-05  0.00146541  0.00320353
User Command Input: 
axis value:  0 0 0
target mode: 0
Joint Data: 
pos: -0.446358  -1.16051   2.73911   0.43628  -1.16328   2.74182 -0.445054  -1.14955    2.7451  0.441087  -1.14787   2.74734
vel:    0.138741  -0.0336838  -0.0281906  -0.0860977   -0.062294 -0.00217438   0.0896835  0.00850677   0.0141525 -0.00431061   0.0233078  -0.0269699
tau:  0.000610352 -0.000610352  -0.00183105  -0.00183105   0.00305176   0.00427246  0.000610352  -0.00183105  -0.00671387   0.00183105   0.00305176   0.00305176
Imu Data: 
rpy:  0.00198543 -0.00295036   0.0151552
acc: 0.033191 0.000953   9.7802
omg:   -0.0012166 -0.000935863  -0.00128976
User Command Input: 
axis value:  0 0 0
target mode: 0
Joint Data: 
pos:  -0.44651  -1.16035   2.73919  0.435823   -1.1632   2.74182 -0.445283  -1.14962    2.7451  0.440934  -1.14794   2.74727
vel: -0.00484467  -0.0162125 -0.00850677   0.0451279   0.0140762   0.0220108   0.0056839 -0.00965118   0.0378036   0.0190353  -0.0262833  0.00354767
tau:  -0.00183105 -0.000610352  0.000610352  -0.00671387   0.00183105   0.00427246  0.000610352  -0.00183105  -0.00671387  -0.00183105   0.00183105  0.000610352
Imu Data: 
rpy:  0.00218623 -0.00257527   0.0151369
acc: 0.029063 0.004655  9.79437
omg: 0.000277438  0.00114232  -0.0021874
User Command Input: 
axis value:  0 0 0
target mode: 0
Joint Data: 
pos: -0.446587  -1.16028   2.73903  0.436357  -1.16328   2.74189 -0.445283  -1.14955    2.7451  0.440934  -1.14794   2.74734
vel:  0.0537491 0.00125885 -0.0439835  -0.021019 -0.0056839 0.00522614  0.0105667  0.0491714 -0.0018692  0.0624466  -0.026207  0.0538254
tau:  -0.00183105  -0.00183105  -0.00183105   0.00427246 -0.000610352   0.00549316   0.00427246 -0.000610352  -0.00549316 -0.000610352 -0.000610352   0.00915527
Imu Data: 
rpy:  0.00245934 -0.00273425   0.0152426
acc: 0.017296 0.021229  9.79585
omg:  -0.0012647  0.00154734 0.000190171
User Command Input: 
axis value:  0 0 0
target mode: 0
Joint Data: 
pos: -0.446587  -1.16035   2.73926  0.436204   -1.1632   2.74182 -0.445207  -1.14939    2.7451  0.440934  -1.14802   2.74742
vel:  -0.0504684    0.021019   0.0546646  -0.0094223    0.018959   0.0518417   0.0530624  0.00125885 -0.00125885 -0.00240326   0.0226974   0.0167465
tau:   0.00305176 -0.000610352  -0.00305176 -0.000610352   0.00427246   0.00183105   0.00427246 -0.000610352   0.00305176   0.00427246  0.000610352   0.00183105
Imu Data: 
rpy:  0.00248303 -0.00294283   0.0151507
acc:  0.028753 -0.013007     9.794
omg: -0.00271208   0.0045988 -0.00072871
User Command Input: 
axis value:  0 0 0
target mode: 0
Joint Data: 
pos: -0.446739   -1.1602   2.73903   0.43628   -1.1632   2.74189 -0.445436  -1.14947   2.74518  0.440858  -1.14794   2.74734
vel:  -0.0528336  -0.0836563   0.0230026  -0.0426865  -0.0121689  -0.0275803 -0.00408173  0.00736237   0.0130081  -0.0511551  -0.0227737   0.0186539
tau:  -0.00183105 -0.000610352 -0.000610352  0.000610352  -0.00183105   0.00305176   0.00183105  -0.00183105 -0.000610352   0.00183105   0.00427246 -0.000610352
Imu Data: 
rpy:  0.00243754 -0.00279097   0.0150481
acc: 0.020415 0.000381  9.79014
omg:   -0.0005081  0.000179978 -0.000804475
User Command Input: 
axis value:  0 0 0
target mode: 0
Joint Data: 
pos: -0.446434  -1.16035   2.73934   0.43628  -1.16313   2.74166 -0.445588  -1.14947   2.74518  0.441011  -1.14779   2.74742
vel: -0.00263214  -0.0706863   0.0439835   0.0259781 -0.00102997   0.0359726    0.038414  -0.0019455  0.00118256  -0.0790024  0.00858307   0.0192642
tau:  -0.00305176  -0.00183105  -0.00305176  -0.00671387   0.00183105  -0.00305176   0.00427246 -0.000610352   0.00183105   0.00305176  0.000610352  0.000610352
Imu Data: 
rpy:  0.00227231 -0.00259366   0.0150571
acc:  0.010474 -0.006732    9.7819
omg: 0.00465965 0.00013097 0.00115335
User Command Input: 
axis value:  0 0 0
target mode: 0
Joint Data: 
pos: -0.446663   -1.1602   2.73903  0.436433   -1.1632   2.74182 -0.445359  -1.14955   2.74526  0.440934  -1.14787   2.74719
vel:   -0.034523  -0.0262833  -0.0375748   0.0242233   -0.060997  -0.0146103  -0.0365829 -0.00507355  0.00202179 -0.00499725 -0.00156403 -0.00476837
tau:  -0.00183105 -0.000610352   0.00183105  -0.00183105   0.00183105  0.000610352  0.000610352 -0.000610352  -0.00183105  0.000610352   0.00305176  0.000610352
Imu Data: 
rpy:  0.0024248 -0.0027565  0.0152322
acc:   0.04043 -0.001715   9.80278
omg: -0.000363151  0.000732358   0.00126046
User Command Input: 
axis value:  0 0 0
target mode: 0
Joint Data: 
pos: -0.446663  -1.16005   2.73911  0.436357  -1.16328   2.74189 -0.445436  -1.14962   2.74518  0.440782   -1.1481   2.74727
vel:   -0.0330734   -0.0442123   0.00637054   -0.0368881  -0.00499725   0.00576019   -0.0179672   -0.0211716 -0.000801086    0.0069809   -0.0680923  -0.00675201
tau: -0.00183105 -0.00183105  0.00183105 -0.00427246 0.000610352  0.00671387  0.00915527 -0.00183105 -0.00305176  0.00183105 -0.00427246 -0.00183105
Imu Data: 
rpy:  0.00247537 -0.00303434   0.0153916
acc: 0.029706 0.023505  9.79168
omg:  -0.00303099  -0.00183279 -0.000465828
User Command Input: 
axis value:  0 0 0
target mode: 0
Joint Data: 
pos: -0.446739  -1.16005   2.73896   0.43628  -1.16328   2.74174 -0.445436  -1.14947   2.74526  0.441316  -1.14787   2.74742
vel:   -0.0447464    0.0716019    0.0114059    -0.049324    0.0458908    -0.024147 -0.000190735   0.00301361    0.0401688   -0.0265884     0.033989  -0.00263214
tau: -0.000610352  0.000610352   0.00183105   0.00183105  -0.00305176  -0.00427246   0.00183105  -0.00183105  -0.00183105  0.000610352 -0.000610352  0.000610352
Imu Data: 
rpy:  0.00232537 -0.00313283   0.0153157
acc:  0.03136 0.011546  9.80034
omg: -0.00313552 0.000727069 -0.00114455
User Command Input: 
axis value:  0 0 0
target mode: 0
Joint Data: 
pos: -0.446434  -1.16005   2.73911  0.436051  -1.16336   2.74182 -0.445512  -1.14955    2.7451  0.440858  -1.14787   2.74734
vel:  -0.0927353   0.0735855   0.0177383   0.0192642  -0.0291061 -0.00835419  -0.0221634  0.00858307  0.00331879   0.0354385   0.0101852 -0.00530243
tau:  0.000610352 -0.000610352  0.000610352  -0.00183105  0.000610352   0.00183105  0.000610352  -0.00183105  -0.00305176   0.00305176   0.00549316  0.000610352
Imu Data: 
rpy:  0.00188976 -0.00324577   0.0150647
acc: 0.056773 0.020438  9.79587
omg: -0.000437798  -0.00015214   0.00159155
User Command Input: 
axis value:  0 0 0
target mode: 0
Joint Data: 
pos: -0.446663  -1.16051   2.73911  0.436204   -1.1632   2.74189 -0.445283  -1.14955    2.7451  0.440858  -1.14794   2.74742
vel: -0.00812531  -0.0240707   0.0492477   0.0436783   0.0143051 -0.00362396  -0.0895309 -0.00232697  -0.0346756   0.0338364  -0.0356674  -0.0056076
tau: -0.00427246 -0.00183105 -0.00305176 0.000610352  0.00305176  0.00549316 -0.00671387 -0.00183105 -0.00305176  0.00183105 0.000610352  0.00183105
Imu Data: 
rpy:  0.00178223 -0.00319416   0.0152334
acc: 0.041133 0.017863  9.79921
omg: -0.00099311  0.00274636 0.000395195
User Command Input: 
axis value:  0 0 0
target mode: 0
Joint Data: 
pos: -0.446358  -1.16012   2.73919  0.436128  -1.16328   2.74189 -0.445512  -1.14962   2.74518  0.440934  -1.14794   2.74727
vel:  -0.0253677  -0.0174332   0.0110245  -0.0208664  -0.0183487 -0.00797272  -0.0721359  -0.0271225  -0.0127029   0.0167465   0.0535202   0.0391769
tau:   0.00183105  -0.00183105   0.00183105  0.000610352  0.000610352  0.000610352 -0.000610352  0.000610352  -0.00549316  0.000610352   0.00183105   0.00305176
Imu Data: 
rpy:  0.00194473 -0.00324057   0.0153004
acc: 0.035711 0.022805  9.78316
omg:  -0.00180832 -0.000706317  -0.00162612
User Command Input: 
axis value:  0 0 0
target mode: 0
Joint Data: 
pos: -0.446434  -1.16035   2.73926  0.436204   -1.1632   2.74166 -0.445207  -1.14939    2.7451  0.440858  -1.14787   2.74727
vel:   0.0847244   0.0165176   0.0292587  -0.0361252  -0.0126266   0.0219345   0.0121689   0.0477219  -0.0205612   0.0107193 -0.00171661  0.00827789
tau: -0.000610352  -0.00183105  -0.00549316   0.00305176   0.00183105  -0.00305176   0.00305176 -0.000610352  -0.00183105  0.000610352  0.000610352  -0.00305176
Imu Data: 
rpy:  0.00235066 -0.00339882   0.0152919
acc: 0.036338 0.004891  9.78143
omg:  0.00202235 -0.00069204  0.00184982
User Command Input: 
axis value:  0 0 0
target mode: 0
Joint Data: 
pos:  -0.44651   -1.1602   2.73926  0.436051  -1.16328   2.74182 -0.445359  -1.14947   2.74518  0.440858   -1.1481    2.7475
vel:   0.0466537    0.029335   0.0348282   0.0703049   -0.014534   0.0221634   0.0540543   0.0196457 -0.00102997  -0.0922775 -0.00659943  -0.0117111
tau: -0.000610352  0.000610352  0.000610352  -0.00427246  0.000610352  0.000610352   0.00183105 -0.000610352  0.000610352  0.000610352   0.00183105   0.00305176
Imu Data: 
rpy:   0.0019818 -0.00328363    0.015149
acc: 0.024224 0.008075  9.78888
omg:  -0.00253809  -0.00210358 -0.000747036
User Command Input: 
axis value:  0 0 0
target mode: 0
Joint Data: 
pos: -0.446739   -1.1602   2.73926   0.43628   -1.1632   2.74189 -0.445283  -1.14947   2.74518  0.440858  -1.14771   2.74727
vel:   0.0664902   -0.018959  -0.0297928  -0.0639725 -0.00682831   0.0175095   -0.034523  0.00988007   0.0113297  -0.0345993   0.0281143    0.015831
tau: -0.000610352  -0.00183105  0.000610352  -0.00305176 -0.000610352   0.00427246   0.00305176 -0.000610352 -0.000610352 -0.000610352  -0.00305176  -0.00183105
Imu Data: 
rpy:  0.00159363 -0.00336756   0.0149913
acc: 0.032211 0.002014  9.78583
omg:  0.00219632 -0.00052599 -0.00152453
User Command Input: 
axis value:  0 0 0
target mode: 0
Joint Data: 
pos: -0.446587   -1.1602   2.73919  0.436433   -1.1632   2.74182  -0.44513  -1.14939   2.74526  0.440934  -1.14794   2.74719
vel: 0.00164032  0.0169754 -0.0167465  0.0555038  0.0357437 -0.0208664  0.0545883  0.0123215  0.0445175  0.0576401 -0.0381088  -0.043602
tau:  -0.00427246  -0.00183105  -0.00549316  0.000610352   0.00305176 -0.000610352  -0.00305176  -0.00183105   0.00549316   0.00183105  0.000610352   0.00671387
Imu Data: 
rpy: 0.00125959 -0.0032149  0.0148449
acc: 0.043425 0.049466  9.79042
omg:   0.00201718 -0.000182719  0.000809641
User Command Input: 
axis value:  0 0 0
target mode: 0
Joint Data: 
pos: -0.446587  -1.16035   2.73919  0.436051  -1.16328   2.74182 -0.445283  -1.14955   2.74518  0.440858  -1.14794   2.74742
vel:   0.033226 -0.0456619 -0.0296402 -0.0195694 -0.0174332  0.0149918 -0.0357437 0.00164032 -0.0295639  -0.027504 0.00576019 -0.0342941
tau:  0.000610352 -0.000610352  -0.00305176  -0.00305176   0.00305176  0.000610352  -0.00183105 -0.000610352  0.000610352   0.00305176 -0.000610352  -0.00427246
Imu Data: 
rpy:   0.0013701 -0.00310477   0.0148913
acc: 0.047263 0.019642  9.76232
omg:  -0.0029062 0.000945654  0.00292988
User Command Input: 
axis value:  0 0 0
target mode: 0
Joint Data: 
pos: -0.446281  -1.16012   2.73926   0.43628  -1.16328   2.74197 -0.445207  -1.14939    2.7451  0.440858  -1.14794   2.74742
vel: -0.000343323    0.0748825    0.0390244  -0.00514984  0.000267029    0.0231552    0.0507736    0.0194168   -0.0530624   0.00171661     0.022316    0.0564194
tau: -0.00427246 -0.00305176 -0.00427246 -0.00427246 0.000610352 -0.00305176 -0.00183105 -0.00183105 -0.00793457  0.00183105 0.000610352  0.00549316
Imu Data: 
rpy:  0.00150653 -0.00330017   0.0152447
acc: 0.041599 0.010725  9.78202
omg:  0.00404758  0.00190426 -0.00152125
User Command Input: 
axis value:  0 0 0
target mode: 0
Joint Data: 
pos: -0.446663  -1.16043   2.73919  0.436204  -1.16336   2.74166 -0.445283  -1.14947   2.74518  0.441087  -1.14779   2.74719
vel:   0.0153732   -0.097084  -0.0174332   0.0257492   0.0328445  -0.0115585    0.049324  -0.0104141    0.044899   0.0056839 -0.00453949  0.00751495
tau:  -0.00305176 -0.000610352   0.00183105  -0.00305176  -0.00183105  0.000610352  0.000610352 -0.000610352  -0.00183105   0.00305176   0.00305176  -0.00183105
Imu Data: 
rpy: 0.00183209 -0.0033977  0.0155227
acc: 0.031262 0.014206  9.79974
omg:  0.000358194 -0.000518206   -0.0009256
User Command Input: 
axis value:  0 0 0
target mode: 0
Joint Data: 
pos: -0.446358   -1.1602   2.73911  0.436204  -1.16313   2.74166 -0.445283  -1.14955   2.74518  0.440934  -1.14802   2.74727
vel: -0.00865936   -0.051384   0.0321579   0.0208664   0.0135422  -0.0389481  -0.0352097   -0.031929   0.0239944  -0.0030899   0.0115585 -0.00728607
tau:  -0.00183105 -0.000610352  -0.00183105   0.00183105   0.00305176  -0.00183105   0.00183105 -0.000610352 -0.000610352  0.000610352   0.00183105   0.00183105
Imu Data: 
rpy:  0.00187574 -0.00327775   0.0155482
acc: 0.035471 0.004514  9.79548
omg:   0.00148016 -6.75442e-06  -8.5556e-05
User Command Input: 
axis value:  0 0 0
target mode: 0
Joint Data: 
pos: -0.446815  -1.16035   2.73919  0.436357  -1.16343   2.74182 -0.445207  -1.14962   2.74518  0.441087  -1.14802   2.74719
vel:  -0.0511551   0.0442886  -0.0136185 -0.00385284   0.0295639   0.0472641   0.0239944 -0.00652313  0.00988007   0.0120926  -0.0360489 0.000190735
tau:  -0.00183105  -0.00183105   0.00183105  -0.00549316  0.000610352 -0.000610352  -0.00305176 -0.000610352   0.00305176   0.00183105   0.00183105   0.00183105
Imu Data: 
rpy:  0.00175221 -0.00327066   0.0154193
acc: 0.034259 0.026575  9.81186
omg: -0.00132078 -0.00362058 0.000478517
User Command Input: 
axis value:  0 0 0
target mode: 0
Joint Data: 
pos: -0.446663  -1.16035   2.73911   0.43628   -1.1632   2.74174 -0.445359  -1.14962   2.74518  0.441011  -1.14794   2.74727
vel:  -0.0322342  -0.0208664  -0.0564194  -0.0258255  -0.0137711  -0.0133896   0.0571823  -0.0126266 -0.00797272   0.0242233 -0.00545502   0.0133133
tau:  0.00305176 -0.00305176 -0.00305176 -0.00183105 -0.00305176 0.000610352  0.00671387 -0.00183105 -0.00305176  0.00183105 0.000610352 -0.00305176
Imu Data: 
rpy:  0.00176196 -0.00340325   0.0152344
acc: 0.046305 0.020899   9.8001
omg: 0.000649315  0.00351658 -0.00169122
User Command Input: 
axis value:  0 0 0
target mode: 0
Joint Data: 
pos:  -0.44651  -1.16035   2.73919  0.435899  -1.16328   2.74182 -0.445359  -1.14947   2.74533  0.441087  -1.14802   2.74734
vel:  0.0378799 -0.0222397  0.0400925 -0.0840378 -0.0353622 -0.0433731 -0.0678635  0.0234604  0.0133133  0.0330734 -0.0130081  0.0352859
tau:  -0.00305176  -0.00183105  -0.00305176  -0.00183105   0.00427246   0.00183105  -0.00183105 -0.000610352 -0.000610352   0.00305176   0.00305176  -0.00549316
Imu Data: 
rpy:  0.00201099 -0.00335861   0.0152651
acc: 0.017918 0.025466  9.81091
omg:   0.00560633 -5.33024e-05   0.00108167
User Command Input: 
axis value:  0 0 0
target mode: 0
Joint Data: 
pos: -0.446587  -1.16035   2.73919  0.436357  -1.16305   2.74182 -0.445207  -1.14939   2.74526  0.440782   -1.1481   2.74734
vel:   0.0542831  -0.0814438   0.0120163   0.0526047 -0.00865936  -0.0243759   0.0148392  -0.0317001   0.0264359  -0.0329971   0.0094223   0.0350571
tau: -0.000610352  -0.00183105   0.00183105  -0.00305176   0.00427246   0.00183105  0.000610352  -0.00183105   0.00671387   0.00183105  0.000610352   0.00549316
Imu Data: 
rpy:  0.00222378 -0.00344924   0.0151866
acc: 0.034427  0.01972  9.80064
omg: -2.96357e-05 -7.17679e-05 -0.000536444
User Command Input: 
axis value:  0 0 0
target mode: 0
Joint Data: 
pos: -0.446663   -1.1602   2.73919  0.436051   -1.1632   2.74174 -0.445665  -1.14962   2.74526  0.440858  -1.14794   2.74734
vel:  -0.0925827   0.0413895   0.0148392   0.0122452  -0.0198746   0.0194931  -0.0152206  -0.0342941   0.0234604 -0.00682831  0.00827789   0.0137711
tau:  0.000610352  -0.00183105   0.00183105 -0.000610352   0.00183105  0.000610352  -0.00427246 -0.000610352  0.000610352   0.00183105   0.00305176  -0.00183105
Imu Data: 
rpy:  0.00216478 -0.00339474   0.0151147
acc: 0.04496 0.02349 9.79203
omg:   -0.0027131 -0.000758904  -0.00140904
User Command Input: 
axis value:  0 0 0
target mode: 0
Joint Data: 
pos: -0.446587  -1.16035   2.73911  0.436357  -1.16313   2.74166 -0.445436  -1.14962   2.74518  0.440705  -1.14794   2.74727
vel: -0.0294113 -0.0596237 0.00102997 0.00171661 -0.0475693  -0.050087 -0.0353622 -0.0320053 -0.0154495 -0.0422287 -0.0286484 -0.0510025
tau:  -0.00427246 -0.000610352  -0.00183105  -0.00305176  0.000610352 -0.000610352  0.000610352  -0.00183105  -0.00549316   0.00183105   0.00305176   0.00305176
Imu Data: 
rpy:  0.00192154 -0.00316173   0.0150093
acc: -0.013981  0.015831   9.79178
omg: -0.000231204 -0.000105226  -0.00104716
User Command Input: 
axis value:  0 0 0
target mode: 0
Joint Data: 
pos:  -0.44651  -1.16028   2.73911  0.436357   -1.1632   2.74182 -0.445436  -1.14955   2.74518  0.440934  -1.14794   2.74734
vel:   -0.050621   0.0357437   0.0127029 -0.00507355  0.00858307 -0.00499725 -0.00728607   0.0157547  -0.0212479  -0.0345993  -0.0401688  -0.0140762
tau:  -0.00427246  -0.00305176 -0.000610352  -0.00671387   0.00183105  0.000610352   0.00183105 -0.000610352 -0.000610352  -0.00183105   0.00305176   0.00183105
Imu Data: 
rpy:  0.00176788 -0.00274561   0.0150241
acc:  0.02142 0.034151  9.80293
omg:  0.000997962 -0.000321804  0.000668461
User Command Input: 
axis value:  0 0 0
target mode: 0
Joint Data: 
pos: -0.446358  -1.16005   2.73919  0.436128   -1.1632   2.74189 -0.445283  -1.14955   2.74526  0.440858  -1.14794   2.74727
vel:  0.0168991  0.0462723 -0.0128555 -0.0520706  0.0149155 -0.0111008  0.0124741 -0.0269699  -0.046196 -0.0113297  0.0140762  0.0217056
tau:  0.000610352 -0.000610352  0.000610352  -0.00427246   0.00183105  -0.00183105   0.00305176 -0.000610352  0.000610352  0.000610352   0.00183105 -0.000610352
Imu Data: 
rpy:  0.0021378 -0.0029303  0.0152819
acc:  0.014281 -0.005356   9.81607
omg: 9.55568e-05 -0.00332321 0.000147864
User Command Input: 
axis value:  0 0 0
target mode: 0
Joint Data: 
pos: -0.446663  -1.16035   2.73911   0.43628   -1.1632   2.74159 -0.445359  -1.14955   2.74518  0.441011  -1.14794   2.74727
vel:   -0.0349045    0.0525284 -0.000572205   -0.0246811  -0.00499725   -0.0312424   -0.0547409   -0.0192642  -0.00797272  -0.00499725   0.00736237     0.026741
tau:  0.000610352  -0.00183105  -0.00671387  -0.00427246   0.00183105   0.00427246   0.00305176  0.000610352 -0.000610352   0.00305176  -0.00183105   0.00427246
Imu Data: 
rpy:  0.00223016 -0.00328213    0.015563
acc: 0.022089 0.000844  9.80495
omg: -0.00296231  0.00162679 0.000747263
User Command Input: 
axis value:  0 0 0
target mode: 0
Joint Data: 
pos: -0.446358  -1.16005   2.73903  0.436433   -1.1632   2.74182 -0.445588  -1.14955   2.74526  0.441011  -1.14779   2.74719
vel:   0.0170517 -0.00324249  -0.0160599  -0.0671768   0.0115585   0.0082016  -0.0883102  -0.0272751   0.0117111  -0.0401688 -0.00171661   -0.021019
tau:  -0.00183105  -0.00305176  -0.00305176  0.000610352  -0.00183105 -0.000610352   0.00183105  -0.00183105  0.000610352 -0.000610352   0.00671387 -0.000610352
Imu Data: 
rpy:  0.00208167 -0.00329708   0.0156039
acc: 0.013918 0.035247  9.74937
omg: -0.000789308 -0.000409489  -0.00220229
User Command Input: 
axis value:  0 0 0
target mode: 0
Joint Data: 
pos: -0.446587   -1.1599   2.73911  0.436357   -1.1632   2.74182 -0.445207  -1.14962   2.74518  0.440934  -1.14787   2.74734
vel:  -0.0156021  -0.0335312 -0.00545502   0.0864792  -0.0310135   0.0031662   0.0268173   0.0204086  0.00247955  0.00286102  0.00827789 -0.00370026
tau: -0.000610352 -0.000610352  -0.00549316   0.00427246   0.00305176  0.000610352 -0.000610352  -0.00183105  0.000610352   0.00183105   0.00427246 -0.000610352
Imu Data: 
rpy:  0.00192798 -0.00316496   0.0154256
acc: 0.055324 0.015429  9.79806
omg:  0.00314779 2.94088e-05 -0.00109638
User Command Input: 
axis value:  0 0 0
target mode: 0
Joint Data: 
pos: -0.446739   -1.1602   2.73934  0.436051   -1.1632   2.74182 -0.445283  -1.14939   2.74503  0.440705  -1.14787   2.74742
vel:  -0.0705338   0.0993729   0.0056076 -0.00431061 -0.00164032   0.0191116   0.0265121 -0.00583649  -0.0322342   0.0545883  -0.0288773 -0.00347137
tau:  -0.00671387  -0.00183105   0.00183105  -0.00427246  -0.00305176   0.00183105   0.00183105 -0.000610352   0.00305176  0.000610352   0.00305176  0.000610352
Imu Data: 
rpy:  0.00160768 -0.00292765   0.0154011
acc: 0.037832 0.012875  9.77402
omg:  0.00374727 0.000713909 -0.00150397
User Command Input: 
axis value:  0 0 0
target mode: 0
Joint Data: 
pos: -0.446587  -1.16035   2.73903  0.436357  -1.16328   2.74182 -0.445512  -1.14947   2.74533  0.441011   -1.1481   2.74727
vel:  0.0300217 0.00797272 -0.0137711 -0.0279617  0.0673294 0.00736237  0.0288773   0.019722 0.00301361  -0.051918 0.00400543 -0.0111008
tau: -0.000610352  -0.00183105  0.000610352 -0.000610352  0.000610352   0.00549316   0.00671387  -0.00183105  -0.00671387   0.00183105   0.00183105   0.00305176
Imu Data: 
rpy:  0.00151625 -0.00277328   0.0154782
acc: 0.041769  0.03609  9.80535
omg:  0.00146793 -0.00121149   0.0034387
User Command Input: 
axis value:  0 0 0
target mode: 0
Joint Data: 
pos: -0.446663  -1.16028   2.73911  0.436204   -1.1632   2.74189 -0.445436  -1.14962   2.74533  0.440934  -1.14794   2.74734
vel:   -0.151482   0.0207138   0.0366592   0.0355911   0.0195694   0.0094223   0.0625992   0.0303268  -0.0333786  -0.0490952 -0.00263214  0.00484467
tau:  -0.00183105 -0.000610352  0.000610352   0.00305176 -0.000610352   0.00427246  -0.00183105  0.000610352  -0.00793457 -0.000610352   0.00183105   0.00549316
Imu Data: 
rpy:  0.00184609 -0.00290985    0.015384
acc: 0.02324 0.00898 9.78831
omg:  0.00164208 -0.00187326 -0.00231904
User Command Input: 
axis value:  0 0 0
target mode: 0
Joint Data: 
pos: -0.446663  -1.16035   2.73919  0.436204  -1.16313   2.74182 -0.445512  -1.14955    2.7451  0.441087   -1.1481   2.74719
vel:     0.025444   -0.0329208 -0.000190735    0.0284958   -0.0284195  -0.00362396    0.0442123   -0.0304794   -0.0391769  -0.00743866  -0.00408173  -0.00110626
tau: -0.000610352 -0.000610352  -0.00427246  -0.00427246   0.00183105   0.00305176  -0.00183105 -0.000610352  -0.00183105  0.000610352   0.00183105  -0.00549316
Imu Data: 
rpy:  0.00202373 -0.00302108   0.0153773
acc: 0.045034  0.00542  9.80917
omg: -0.00126418   0.0028566 0.000793688
User Command Input: 
axis value:  0 0 0
target mode: 0
Joint Data: 
pos: -0.446739  -1.16028   2.73903  0.436586  -1.16328   2.74182 -0.445283  -1.14947   2.74526  0.440934  -1.14794   2.74727
vel:   0.0191116 -0.00392914  -0.0167465   0.0219345   0.0156784    0.059166  -0.0672531  -0.0187302   -0.053215   0.0117874   0.0374222   0.0131607
tau:  -0.00183105 -0.000610352  -0.00549316  0.000610352   0.00305176   0.00183105   0.00305176   0.00183105 -0.000610352  -0.00183105   0.00305176   0.00305176
Imu Data: 
rpy:  0.00183057 -0.00304883   0.0154716
acc: 0.049455 0.006068  9.77793
omg:  0.00129355  0.00194993 0.000129922
User Command Input: 
axis value:  0 0 0
target mode: 0
Joint Data: 
pos: -0.446434  -1.16035   2.73926  0.436204   -1.1632   2.74182 -0.445283  -1.14939   2.74518  0.440782  -1.14794   2.74734
vel:    -0.04673  -0.0220108 -0.00751495   0.0242996   0.0114822  0.00530243  -0.0178146     0.02491   0.0223923   0.0339127  -0.0628281   0.0284195
tau: -0.000610352 -0.000610352   0.00427246  -0.00915527  0.000610352 -0.000610352   0.00183105  -0.00305176   0.00183105  0.000610352   0.00183105   0.00183105
Imu Data: 
rpy:   0.0017506 -0.00296772   0.0155119
acc: 0.033942 0.035232  9.78715
omg:  -0.00232261  0.000981678 -0.000499025
User Command Input: 
axis value:  0 0 0
target mode: 0
Joint Data: 
pos:  -0.44651  -1.16012   2.73903  0.435899  -1.16313   2.74182 -0.445283  -1.14955    2.7451  0.440858  -1.14787   2.74734
vel: -0.00507355   0.0378036  -0.0413895  -0.0677109  -0.0105667   0.0130844   0.0113297   -0.015831   0.0428391   0.0187302  0.00637054 -0.00141144
tau:  0.000610352  0.000610352 -0.000610352  -0.00183105  -0.00305176   0.00183105   0.00183105 -0.000610352  0.000610352   0.00427246  0.000610352  -0.00305176
Imu Data: 
rpy:  0.00219758 -0.00280476    0.015661
acc: 0.022062 0.033011  9.79544
omg: 0.000657902  0.00183096  0.00109104
User Command Input: 
axis value:  0 0 0
target mode: 0
Joint Data: 
pos: -0.446587  -1.16043   2.73903  0.436204   -1.1632   2.74189 -0.445436  -1.14955   2.74503  0.440782  -1.14779   2.74727
vel:  0.00118256   0.0165176 -0.00858307   -0.062294  -0.0310135   0.0543594   0.0582504 -0.00675201  0.00988007  -0.0498581  -0.0271225  -0.0284195
tau:  -0.00427246 -0.000610352  -0.00183105 -0.000610352  0.000610352 -0.000610352  0.000610352  -0.00305176  -0.00549316  -0.00305176  0.000610352  -0.00183105
Imu Data: 
rpy:  0.00243957 -0.00274491   0.0158212
acc:  0.03743 0.031106  9.80162
omg:  0.00163166 -0.00346675 0.000167639
User Command Input: 
axis value:  0 0 0
target mode: 0
Joint Data: 
pos: -0.446739  -1.16035   2.73919  0.436357  -1.16328   2.74182 -0.445283  -1.14955   2.74526  0.441087  -1.14779   2.74734
vel:  -0.0240707  -0.0712967   0.0534439  -0.0240707  -0.0118637    0.030098   0.0156021  0.00667572 -0.00209808   0.0156021 -0.00217438 -0.00850677
tau:  -0.00671387 -0.000610352  0.000610352  -0.00183105   0.00427246   0.00183105  0.000610352  -0.00183105 -0.000610352  0.000610352   0.00305176  0.000610352
Imu Data: 
rpy: 0.00252118  -0.002631  0.0158676
acc: 0.019874 0.038843  9.76219
omg: -0.000326097  -0.00193924   0.00358838
User Command Input: 
axis value:  0 0 0
target mode: 0
Joint Data: 
pos: -0.446587  -1.16035   2.73903  0.436357  -1.16336   2.74182 -0.445436  -1.14939   2.74518  0.440629  -1.14787   2.74734
vel:   0.101814  0.0104141  -0.026207   0.113258  0.0448227 -0.0357437 -0.0524521   0.010643  0.0173569  0.0193405 0.00507355 0.00736237
tau:  -0.00305176  -0.00305176  -0.00305176  -0.00183105   0.00305176   0.00183105  -0.00305176 -0.000610352  0.000610352  0.000610352 -0.000610352  -0.00915527
Imu Data: 
rpy:  0.00243466 -0.00289501   0.0157346
acc: 0.026835 0.031376  9.78044
omg: -0.000416401  0.000231361 -6.33904e-05
User Command Input: 
axis value:  0 0 0
target mode: 0
Joint Data: 
pos: -0.446663  -1.16012   2.73903  0.436128  -1.16336   2.74182 -0.445359  -1.14924   2.74526  0.441011  -1.14802   2.74734
vel: 0.000953674   0.0197983  -0.0438309   0.0105667   0.0201797  -0.0296402  0.00377655   0.0120926  -0.0151443   0.0318527   0.0374222   0.0431442
tau:   0.00183105 -0.000610352   0.00183105  -0.00183105  0.000610352   0.00549316 -0.000610352 -0.000610352 -0.000610352   0.00183105   0.00305176   0.00305176
Imu Data: 
rpy:  0.00188469 -0.00312131   0.0155874
acc: 0.039905 0.013252  9.78567
omg: 0.000651444 -0.00283632 -0.00223334
User Command Input: 
axis value:  0 0 0
target mode: 0
Joint Data: 
pos:  -0.44651  -1.16005   2.73911   0.43628   -1.1632   2.74182 -0.445359  -1.14955    2.7451  0.440934   -1.1481   2.74734
vel:  -0.0348282   0.0301743 -0.00530243    0.115547   -0.042305  -0.0159073  -0.0278854 -0.00667572  -0.0188065  -0.0251389  -0.0489426   0.0362778
tau: -0.000610352  -0.00183105 -0.000610352  0.000610352  0.000610352 -0.000610352   0.00183105  -0.00183105  -0.00183105   0.00183105   0.00305176   0.00549316
Imu Data: 
rpy:  0.00184118 -0.00349003   0.0154776
acc: 0.051479 0.033945  9.79301
omg:   0.0043909 -0.00122608  0.00291224
User Command Input: 
axis value:  0 0 0
target mode: 0
Joint Data: 
pos: -0.446587  -1.16035   2.73911  0.436051   -1.1632   2.74197 -0.445283   -1.1497   2.74518  0.440858  -1.14787   2.74742
vel:  0.0188065 -0.0461197 -0.0094986 0.00118256 -0.0265121  0.0361252 -0.0715256 -0.0387955 -0.0185776 -0.0149155  0.0458908  0.0395584
tau:   0.00305176 -0.000610352   0.00183105  -0.00305176   0.00183105 -0.000610352 -0.000610352 -0.000610352  0.000610352  -0.00427246  -0.00183105 -0.000610352
Imu Data: 
rpy:  0.00206605 -0.00317456   0.0154692
acc: 0.036508 0.006302  9.81305
omg: -0.000430433    0.0010465   0.00152037
User Command Input: 
axis value:  0 0 0
target mode: 0
Joint Data: 
pos: -0.446663  -1.16012   2.73911  0.435823   -1.1632   2.74174 -0.445207  -1.14939   2.74526  0.440858  -1.14794   2.74734
vel:   0.0276566  -0.0113297 -0.00736237    0.031929  -0.0291061  -0.0204849  -0.0764847  -0.0271988 -0.00232697   -0.124779   0.0417709   0.0156021
tau:  -0.00183105  -0.00183105 -0.000610352 -0.000610352   0.00305176   0.00183105  0.000610352  -0.00183105   0.00549316   0.00183105 -0.000610352   0.00305176
Imu Data: 
rpy:  0.00234012 -0.00291512   0.0153719
acc: 0.026093 0.015228  9.79879
omg:   0.00144037 -0.000435111 -0.000716301
User Command Input: 
axis value:  0 0 0
target mode: 0
Joint Data: 
pos: -0.446434   -1.1602   2.73896   0.43628  -1.16328   2.74182 -0.445207   -1.1497   2.74526  0.440934  -1.14794   2.74727
vel:  -0.0290298   0.0273514 -0.00995636   0.0649643  -0.0320816  -0.0154495   0.0581741  -0.0266647   0.0221634  -0.0555038   0.0208664  -0.0525284
tau: -0.00549316 0.000610352 -0.00549316  0.00183105  0.00183105  0.00183105 0.000610352 -0.00305176 -0.00183105  0.00305176  0.00427246 0.000610352
Imu Data: 
rpy:   0.0020727 -0.00278972    0.015163
acc: 0.012481 0.023329  9.78966
omg:  0.00285604 -0.00458154   0.0021097
User Command Input: 
axis value:  0 0 0
target mode: 0
Joint Data: 
pos: -0.446739  -1.16028   2.73911  0.436128  -1.16328   2.74189 -0.445359  -1.14955    2.7451  0.440553  -1.14787   2.74727
vel:   0.0811386   0.0469589   0.0177383 0.000190735 -0.00934601   0.0104904   0.0653458  -0.0178146   -0.034523 -0.00865936  0.00484467  -0.0129318
tau:   0.00183105 -0.000610352  0.000610352   0.00549316  0.000610352  -0.00427246  -0.00427246  -0.00305176   0.00305176   0.00183105  -0.00305176  -0.00427246
Imu Data: 
rpy:  0.00172437 -0.00262175   0.0148523
acc: 0.033444 0.031344   9.7986
omg:  -0.00225425  0.000948464 -0.000255708
User Command Input: 
axis value:  0 0 0
target mode: 0
Joint Data: 
pos: -0.446358   -1.1602   2.73926  0.436051  -1.16328   2.74189 -0.445283  -1.14955   2.74533  0.440858  -1.14802   2.74727
vel:    0.060463   0.0204849   0.0678635   0.0317764 -0.00537872   0.0203323  -0.0405502   0.0310135   0.0429153   0.0167465  0.00576019   0.0175858
tau: -0.00183105 -0.00183105 -0.00305176 -0.00183105  0.00427246  0.00427246 -0.00427246 0.000610352  0.00305176 0.000610352  0.00305176 -0.00183105
Imu Data: 
rpy:  0.00177484 -0.00255045   0.0148322
acc: 0.030631 0.010064  9.77791
omg: -0.000772745 -9.17345e-05   0.00195925
User Command Input: 
axis value:  0 0 0
target mode: 0
Joint Data: 
pos: -0.446892  -1.16005   2.73926  0.436051   -1.1632   2.74182 -0.445359  -1.14947   2.74518  0.440934  -1.14779   2.74734
vel:  -0.0478745   0.0560379   0.0127029  -0.0509262   0.0270462  0.00797272   -0.058403  0.00713348 -0.00270844  -0.0753403   0.0292587    -0.01194
tau:  -0.00305176 -0.000610352  -0.00183105  -0.00549316 -0.000610352   0.00427246  0.000610352 -0.000610352  -0.00183105 -0.000610352   0.00183105   0.00183105
Imu Data: 
rpy:  0.00206626 -0.00250121   0.0148643
acc:  0.00917 0.013268   9.7871
omg: 0.000986966 0.000766374  0.00160507
User Command Input: 
axis value:  0 0 0
target mode: 0
Joint Data: 
pos: -0.446434  -1.16035   2.73926  0.436051  -1.16313   2.74166  -0.44513  -1.14947   2.74533  0.440858  -1.14787   2.74727
vel:   -0.0265884   -0.0317001    0.0102615   -0.0689316    0.0336838  0.000419617   -0.0394058    0.0157547   -0.0110245   0.00545502   -0.0485611 -0.000801086
tau: -0.000610352  -0.00183105  -0.00183105  -0.00427246  -0.00305176  -0.00427246  -0.00305176  -0.00305176  -0.00549316   0.00305176   0.00305176   0.00183105
Imu Data: 
rpy: 0.00219512 -0.0027753  0.0151763
acc: 0.017282   0.0256  9.79287
omg:  -0.00326675   0.00345624 -0.000367723
User Command Input: 
axis value:  0 0 0
target mode: 0
Joint Data: 
pos: -0.446587   -1.1602   2.73896   0.43628  -1.16328   2.74189 -0.445207  -1.14962   2.74518  0.440934  -1.14779   2.74727
vel:   0.0520706  -0.0185776  -0.0292587  -0.0165176   0.0458908   0.0207901   0.0724411  -0.0237656  -0.0133896    0.028038 -0.00774384   0.0297928
tau:  -0.00183105 -0.000610352 -0.000610352  -0.00183105 -0.000610352   0.00427246   0.00549316  -0.00183105  0.000610352   0.00183105  0.000610352  -0.00183105
Imu Data: 
rpy:  0.00217883 -0.00287142   0.0151609
acc: 0.020682 0.035153  9.80231
omg: 0.000695741  0.00264487  -0.0022384
User Command Input: 
axis value:  0 0 0
target mode: 0
Joint Data: 
pos: -0.446663  -1.16028   2.73911   0.43628   -1.1632   2.74182 -0.445283  -1.14947   2.74503  0.440934  -1.14802   2.74734
vel:  -0.0365829  -0.0616837  -0.0389481  -0.0397873 -0.00591278 -0.00507355  -0.0320053  0.00087738  -0.0149918  -0.0341415    0.043602  -0.0471115
tau:  -0.00183105 -0.000610352  0.000610352  -0.00427246   0.00305176   0.00305176   0.00305176  -0.00183105  0.000610352 -0.000610352 -0.000610352   0.00305176
Imu Data: 
rpy:   0.0016763 -0.00281347    0.014923
acc: 0.039206 0.021424  9.81275
omg: -0.000803846   0.00135193  0.000810548
User Command Input: 
axis value:  0 0 0
target mode: 0
Joint Data: 
pos: -0.446892   -1.1602   2.73903  0.436204   -1.1632   2.74182 -0.445207  -1.14962    2.7451  0.440934  -1.14787   2.74734
vel:   0.0154495    0.107079  -0.0031662  0.00659943  0.00598907  -0.0203323  -0.0317001  -0.0104904 -0.00339508  -0.0352859   0.0220108   0.0434494
tau:  -0.00305176  -0.00183105  -0.00427246  -0.00183105   0.00305176   0.00183105  0.000610352 -0.000610352  0.000610352  -0.00183105  0.000610352  -0.00793457
Imu Data: 
rpy:  0.00179205 -0.00297088   0.0148144
acc: 0.020945 0.017062  9.79414
omg: 4.17657e-05 -0.00233085 0.000446385
User Command Input: 
axis value:  0 0 0
target mode: 0
Joint Data: 
pos:  -0.44651  -1.16051   2.73903  0.436204   -1.1632   2.74166 -0.445512  -1.14955   2.74526  0.440934  -1.14787   2.74742
vel:  -0.0730515   0.0225449   -0.025444   -0.014534  -0.0381088 0.000572205   0.0468063  -0.0186539   0.0170517   -0.051384  -0.0201797 -0.00400543
tau:  -0.00183105  -0.00183105  -0.00305176  -0.00183105  0.000610352  0.000610352   0.00427246  -0.00183105  0.000610352   0.00183105 -0.000610352  -0.00915527
Imu Data: 
rpy:  0.00181643 -0.00316034   0.0148436
acc: 0.030656 0.015564  9.79988
omg: -0.00159492 -0.00142407 -0.00283092
User Command Input: 
axis value:  0 0 0
target mode: 0
Joint Data: 
pos: -0.446434  -1.16035   2.73911  0.436357   -1.1632   2.74174 -0.445283  -1.14962   2.74533  0.440934  -1.14802   2.74727
vel:  -0.0714493   -0.070076 -0.00637054    0.106544  -0.0531387   0.0417709  -0.0188065  -0.0238419 0.000724792 -0.00240326   0.0404739 -0.00980377
tau: -0.000610352  0.000610352  0.000610352  -0.00427246   0.00183105 -0.000610352   0.00183105  -0.00183105  -0.00183105  -0.00183105   0.00427246   0.00427246
Imu Data: 
rpy: 0.00246718 -0.0033615  0.0147585
acc: 0.026143 0.011718  9.81047
omg:  0.000645859 -0.000166051  -0.00118908
User Command Input: 
axis value:  0 0 0
target mode: 0
Joint Data: 
pos: -0.446663  -1.16012   2.73919  0.436509   -1.1632   2.74174 -0.445588  -1.14955    2.7451  0.440782  -1.14779   2.74727
vel: -0.00934601   0.0658035   0.0274277  -0.0360489   0.0233078  -0.0498581  -0.0561142  -0.0223923  -0.0370407  -0.0170517  -0.0186539   -0.033226
tau:  -0.00427246 -0.000610352  -0.00427246  -0.00183105   0.00183105   0.00183105   0.00305176  -0.00305176  -0.00549316  0.000610352 -0.000610352 -0.000610352
Imu Data: 
rpy:  0.00262632 -0.00347289   0.0148609
acc: 0.025205  0.03013  9.80295
omg: -0.00072672 0.000322258 0.000367915
User Command Input: 
axis value:  0 0 0
target mode: 0
Joint Data: 
pos: -0.446587  -1.16028   2.73926  0.436128  -1.16328   2.74182 -0.445436  -1.14947    2.7451  0.440858  -1.14787   2.74734
vel:  -0.0341415  -0.0302505  -0.0122452  0.00537872  -0.0197983   0.0226974   0.0355148 -0.00232697    0.046196   0.0131607   0.0168228   0.0104904
tau:  -0.00671387 -0.000610352 -0.000610352  -0.00183105  0.000610352  0.000610352   0.00427246  -0.00183105  -0.00305176  0.000610352 -0.000610352 -0.000610352
Imu Data: 
rpy:  0.00212586 -0.00357766   0.0147275
acc: 0.029782 0.004073  9.77646
omg: -0.000460348  -0.00123595  -0.00139174
User Command Input: 
axis value:  0 0 0
target mode: 0
Joint Data: 
pos: -0.446358   -1.1602   2.73903   0.43628  -1.16328   2.74189 -0.445283  -1.14955    2.7451  0.441087  -1.14794   2.74734
vel:   0.0159073   0.0352097  -0.0224686   0.0284958  -0.0151443   0.0160599   0.0355148  0.00431061  -0.0377274   0.0349808 -0.00583649 -0.00347137
tau:  -0.00183105  -0.00183105   0.00427246 -0.000610352  -0.00183105  0.000610352  -0.00427246 -0.000610352  -0.00305176  -0.00183105  -0.00183105  -0.00305176
Imu Data: 
rpy:  0.00178627 -0.00325139   0.0147458
acc: 0.032844  0.03752  9.78831
omg:  -0.00226703   0.00010088 -0.000941954
User Command Input: 
axis value:  0 0 0
target mode: 0
Joint Data: 
pos: -0.446587   -1.1602   2.73911  0.436357  -1.16328   2.74189 -0.445283  -1.14947   2.74518  0.441087  -1.14779   2.74727
vel: 0.000953674 -0.00713348 -0.00537872   0.0117111   0.0207901   0.0172043      0.0597   0.0124741  -0.0468826  0.00278473 -0.00614166 -0.00324249
tau:  -0.00183105 -0.000610352  -0.00183105   0.00183105   0.00427246 -0.000610352   0.00549316  -0.00183105  -0.00915527  0.000610352   0.00549316   0.00183105
Imu Data: 
rpy:  0.00178622 -0.00302617   0.0150161
acc: 0.026915 0.022936  9.78034
omg:  0.00108242 0.000649629 -0.00332466
User Command Input: 
axis value:  0 0 0
target mode: 0
Joint Data: 
pos: -0.446358  -1.16043   2.73911  0.436433  -1.16328   2.74182 -0.445283  -1.14955   2.74518  0.441163  -1.14779   2.74719
vel:  -0.00637054   -0.0128555    0.0188828    0.0256729   0.00164032  -0.00614166   0.00980377 -0.000953674    0.0420761   0.00431061  -0.00133514   0.00469208
tau:  -0.00183105 -0.000610352  0.000610352  -0.00183105 -0.000610352 -0.000610352   0.00549316  -0.00183105   0.00427246   0.00183105   0.00183105  -0.00305176
Imu Data: 
rpy:  0.00206668 -0.00318777   0.0152764
acc: 0.023404 0.034755  9.78504
omg:   0.0016368 -0.00232577  0.00107736
User Command Input: 
axis value:  0 0 0
target mode: 0
Joint Data: 
pos: -0.446358  -1.16005   2.73903  0.436357  -1.16328   2.74174 -0.445512  -1.14955   2.74526  0.440934  -1.14802   2.74734
vel: 0.00202179  0.0709915 0.00812531  0.0551987  0.0341415 -0.0133896  -0.117226 -0.0121689  0.0516891   0.018959 -0.0336075  0.0117874
tau:  -0.00427246 -0.000610352   0.00183105  -0.00305176 -0.000610352 -0.000610352  0.000610352  -0.00183105  0.000610352   0.00305176  0.000610352 -0.000610352
Imu Data: 
rpy:  0.00233054 -0.00325102   0.0154098
acc: 0.045808 0.025829  9.78282
omg: -4.79093e-05  -0.00190595  0.000213436
User Command Input: 
axis value:  0 0 0
target mode: 0
Joint Data: 
pos:  -0.44651  -1.16035   2.73926  0.436051   -1.1632   2.74182 -0.445436  -1.14947   2.74518  0.441011  -1.14794   2.74727
vel:   0.0472641  0.00270844 -0.00408173   0.0468063   0.0249863   0.0364304 -0.00209808  0.00865936  0.00591278  -0.0549698  -0.0403214   0.0227737
tau: -0.000610352 -0.000610352 -0.000610352 -0.000610352   0.00305176 -0.000610352  -0.00549316 -0.000610352   0.00183105  -0.00183105   0.00305176  -0.00305176
Imu Data: 
rpy:  0.00218866 -0.00322659   0.0151643
acc: 0.040293 0.027206  9.80155
omg: 0.00160406 0.00144222 0.00110464
User Command Input: 
axis value:  0 0 0
target mode: 0
Joint Data: 
pos:  -0.44651  -1.16028   2.73888  0.436204   -1.1632   2.74174 -0.445436  -1.14955   2.74526  0.441011  -1.14802   2.74734
vel: -0.0317001  0.0374985 0.00843048 -0.0275803  0.0329208 0.00904083 -0.0709915  0.0238419 -0.0507736  0.0217819 -0.0661087 -0.0421524
tau:  -0.00305176 -0.000610352  -0.00305176  -0.00427246   0.00183105  0.000610352   0.00183105  -0.00183105  -0.00183105   0.00183105   0.00183105  -0.00305176
Imu Data: 
rpy:  0.00196727 -0.00283867    0.014933
acc: 0.025135 0.005101  9.80023
omg:   0.00381855   0.00156788 -0.000908723
User Command Input: 
axis value:  0 0 0
target mode: 0
Joint Data: 
pos: -0.446587   -1.1602   2.73911  0.436357  -1.16313   2.74182 -0.445283  -1.14947   2.74526  0.441087   -1.1481   2.74734
vel:   0.0564194  -0.0477219   0.0164413 -0.00461578  -0.0162888  -0.0133133  -0.0094223   0.0094986 -0.00537872   0.0539017  -0.0107956   0.0294876
tau:  -0.00305176 -0.000610352   0.00183105  -0.00305176  -0.00183105   0.00305176   0.00183105 -0.000610352  -0.00183105   0.00183105   0.00183105  -0.00183105
Imu Data: 
rpy: 0.00152133 -0.0027379  0.0148213
acc: 0.031503 0.004481  9.82003
omg: -0.000764489  0.000428199  0.000136991
User Command Input: 
axis value:  0 0 0
target mode: 0
Joint Data: 
pos:  -0.44651  -1.16035   2.73919  0.436204  -1.16336   2.74182 -0.445665  -1.14955   2.74518  0.440705  -1.14794   2.74727
vel:  -0.0479507  -0.0149155  -0.0123978  -0.0174332 -0.00293732 -0.00591278  -0.0399399  -0.0185776 -0.00980377 0.000953674 -0.00598907   0.0309372
tau:   0.00305176  0.000610352  -0.00305176   0.00305176   0.00183105 -0.000610352  -0.00183105 -0.000610352 -0.000610352 -0.000610352  -0.00427246  -0.00671387
Imu Data: 
rpy:  0.00175458 -0.00286688   0.0149689
acc: 0.044739 0.032813   9.7902
omg: -0.000795399 -0.000812835 -0.000567651
User Command Input: 
axis value:  0 0 0
target mode: 0
Joint Data: 
pos: -0.446281   -1.1602   2.73934   0.43628   -1.1632   2.74182 -0.445283  -1.14962    2.7451  0.441011  -1.14779   2.74734
vel:  0.0451279  -0.031395  0.0094986 0.00240326  0.0172806 -0.0261307 -0.0484085 -0.0489426 -0.0156021 -0.0504684 -0.0312424 -0.0204849
tau:  -0.00305176  -0.00183105   0.00305176  -0.00305176  -0.00183105   0.00427246   0.00671387 -0.000610352 -0.000610352 -0.000610352   0.00183105   0.00183105
Imu Data: 
rpy:  0.00202437 -0.00276563   0.0150257
acc: 0.018704  0.01527  9.80352
omg: -0.000414847  -0.00157141  0.000442685
User Command Input: 
axis value:  0 0 0
target mode: 0
Joint Data: 
pos: -0.446434  -1.16028   2.73926  0.436128   -1.1632   2.74189  -0.44513  -1.14947   2.74503  0.441087  -1.14802   2.74727
vel:   0.0723648  -0.0130844 -0.00118256   0.0160599  0.00980377   0.0536728   0.0551224 0.000343323   0.0100327 -0.00423431  -0.0355148  -0.0611496
tau: -0.000610352  -0.00305176  -0.00427246  -0.00427246   0.00183105  -0.00183105  0.000610352 -0.000610352  0.000610352  0.000610352  0.000610352  0.000610352
Imu Data: 
rpy:  0.00171325 -0.00294006   0.0147586
acc: 0.028877 0.020911  9.78859
omg:  -0.00165082 -6.16625e-05 -0.000147864
User Command Input: 
axis value:  0 0 0
target mode: 0
Joint Data: 
pos:  -0.44651   -1.1602   2.73911  0.436051  -1.16336   2.74182 -0.445359  -1.14947   2.74518  0.441011  -1.14787   2.74734
vel:    -0.01194  -0.0056076  0.00888824  -0.0139999 0.000572205  -0.0318527  -0.0421524  -0.0209427   0.0659561   0.0645065   -0.082283   0.0285721
tau:  -0.00183105  -0.00183105  0.000610352  -0.00305176 -0.000610352   0.00305176   0.00305176  -0.00183105   0.00305176  0.000610352   0.00549316   0.00427246
Imu Data: 
rpy:  0.00144288 -0.00283108   0.0145401
acc:  0.005191 -0.004933   9.77737
omg:  0.00102077  0.00198704 0.000853187
User Command Input: 
axis value:  0 0 0
target mode: 0
Joint Data: 
pos: -0.446129  -1.16043   2.73911  0.436128   -1.1632   2.74182 -0.445359  -1.14955    2.7451  0.440934   -1.1481   2.74727
vel:  -0.0056839   0.0320053  -0.0395584 -0.00125885  -0.0130081   -0.025444 -0.00919342  0.00270844 -0.00415802    -0.02491   0.0391006  -0.0181198
tau:  -0.00183105  -0.00183105  -0.00549316  -0.00427246   0.00305176  0.000610352   0.00427246  -0.00183105 -0.000610352  -0.00183105   0.00183105  -0.00183105
Imu Data: 
rpy:  0.00186981 -0.00275882   0.0145506
acc: 0.039568 0.017719  9.79828
omg: -0.000864636 -0.000576988  0.000880955
User Command Input: 
axis value:  0 0 0
target mode: 0
Joint Data: 
pos: -0.446358  -1.16028   2.73919  0.436051  -1.16343   2.74189 -0.445436  -1.14955   2.74526  0.440858  -1.14779   2.74734
vel:   0.0374222  0.00339508   0.0159836  -0.0609207  -0.0608444  -0.0224686  0.00659943  -0.0767136 -0.00362396  -0.0323105  0.00133514 -0.00171661
tau: -0.000610352  -0.00183105  -0.00671387  -0.00305176   0.00305176   0.00305176  0.000610352  -0.00183105 -0.000610352  -0.00305176   0.00427246  -0.00305176
Imu Data: 
rpy:  0.00210855 -0.00290634   0.0145547
acc:  0.03097 0.026088  9.80003
omg:  -0.00441769   0.00215843 -0.000249163
User Command Input: 
axis value:  0 0 0
target mode: 0
Joint Data: 
pos: -0.446281  -1.16035   2.73911  0.436433   -1.1632   2.74189  -0.44513  -1.14955   2.74526  0.440934  -1.14802   2.74734
vel:   0.0364304   0.0623703   -0.076561  0.00728607   0.0143814   0.0384903   0.0284195 0.000648499 -0.00659943  -0.0388718  -0.0172806 0.000648499
tau:  -0.00183105  -0.00183105 -0.000610352  -0.00427246  -0.00183105   0.00183105   0.00305176   0.00183105   0.00427246  -0.00183105   0.00183105   0.00427246
Imu Data: 
rpy:     0.00212 -0.00324432   0.0145276
acc: 0.032878 0.032671  9.78702
omg: -0.000767194  -0.00268946  6.34602e-05
User Command Input: 
axis value:  0 0 0
target mode: 0
Joint Data: 
pos: -0.446587  -1.16035   2.73919  0.436357  -1.16328   2.74174 -0.445359  -1.14932    2.7451  0.441011  -1.14794   2.74727
vel:  0.0662613 -0.0389481  -0.062294 0.00896454  0.0239182 0.00720978 0.00385284 -0.0240707  0.0239944 -0.0536728  0.0442886  0.0317001
tau: -0.000610352  -0.00183105  -0.00183105  -0.00183105  0.000610352  0.000610352   0.00427246  -0.00183105 -0.000610352   0.00183105   0.00183105   0.00427246
Imu Data: 
rpy:   0.0019403 -0.00318521   0.0142564
acc: 0.023842 0.019386  9.77537
omg: -0.000618056   0.00213169  0.000840865
User Command Input: 
axis value:  0 0 0
target mode: 0
Joint Data: 
pos: -0.446663  -1.16035   2.73911  0.436128  -1.16313   2.74189 -0.445283  -1.14939   2.74526  0.441011  -1.14787   2.74727
vel:  -0.0474167   -0.110054  0.00652313   0.0238419  -0.0356674  0.00545502   0.0322342  -0.0103378  -0.0333786  -0.0275803 -0.00675201   0.0159836
tau: -0.00427246 -0.00183105 -0.00183105 -0.00427246 0.000610352  0.00671387 -0.00183105 -0.00183105  0.00183105 0.000610352  0.00305176  0.00427246
Imu Data: 
rpy: 0.00172667 -0.0027305  0.0141515
acc: 0.025665 0.029068  9.79587
omg: -0.00391146  0.00168522 0.000778295
User Command Input: 
axis value:  0 0 0
target mode: 0
Joint Data: 
pos: -0.446358  -1.16051   2.73911   0.43628   -1.1632   2.74189 -0.445283  -1.14947   2.74533  0.441087   -1.1481   2.74734
vel:   0.0279617   0.0301743  -0.0191879    -0.14843   0.0391006  -0.0305557   0.0775528 -0.00705719  -0.0274277  -0.0252151  -0.0191879   0.0203323
tau:  0.000610352 -0.000610352  -0.00183105  -0.00549316  0.000610352   0.00427246   0.00183105  -0.00305176   0.00183105  0.000610352   0.00183105  -0.00183105
Imu Data: 
rpy:  0.00165841 -0.00260517   0.0142787
acc: 0.028383 0.013906  9.79178
omg: -0.00174802  0.00142796 -0.00299835
User Command Input: 
axis value:  0 0 0
target mode: 0
Joint Data: 
pos: -0.446663  -1.16035   2.73926  0.436204  -1.16305   2.74182 -0.445665  -1.14955   2.74518  0.441011  -1.14787   2.74734
vel:   -0.052681   -0.028038  -0.0860214  -0.0760269    0.034523  -0.0100327  0.00919342  -0.0111008 -0.00797272   -0.015831   0.0316238   0.0100327
tau: -0.000610352 -0.000610352  -0.00183105  0.000610352   0.00183105  0.000610352  -0.00427246  -0.00183105  -0.00549316  0.000610352  0.000610352   0.00549316
Imu Data: 
rpy:  0.00201446 -0.00261569   0.0145019
acc: 0.030723 0.033537  9.78588
omg: 0.000919317   0.0016826 -0.00110575
User Command Input: 
axis value:  0 0 0
target mode: 0
Joint Data: 
pos: -0.446663  -1.16012   2.73919  0.435975   -1.1632   2.74182 -0.445207  -1.14955   2.74518  0.441163  -1.14802   2.74727
vel: -0.0329208  0.0369644 -0.0107193  -0.124397 -0.0056076 -0.0210953  -0.023613  0.0417709 -0.0357437  0.0164413 0.00705719  0.0147629
tau:  -0.00305176  0.000610352  -0.00183105   0.00183105 -0.000610352   0.00427246  -0.00305176 -0.000610352  -0.00183105   0.00305176   0.00427246  0.000610352
Imu Data: 
rpy:  0.00210628 -0.00262126    0.014522
acc: 0.036637 0.018028  9.78658
omg:   0.00076606  -0.00187295 -0.000385386
User Command Input: 
axis value:  0 0 0
target mode: 0
Joint Data: 
pos: -0.446358  -1.16051   2.73919   0.43628  -1.16328   2.74189 -0.445588  -1.14939    2.7451  0.441011  -1.14779   2.74727
vel:   0.0664139  -0.0135422 -0.00896454   -0.026207 -0.00217438  -0.0209427   0.0415421   0.0347519  -0.0174332  -0.0210953     0.02491  -0.0292587
tau:  -0.00183105  -0.00305176  0.000610352  0.000610352   0.00549316   0.00549316  0.000610352  -0.00427246 -0.000610352   0.00427246   0.00183105  -0.00183105
Imu Data: 
rpy:  0.00208322 -0.00286824   0.0144975
acc:  0.02252 0.014142  9.77768
omg:  -0.0012687 -0.00106495 -0.00217583
User Command Input: 
axis value:  0 0 0
target mode: 0
Joint Data: 
pos: -0.446358  -1.15997   2.73903  0.435975  -1.16328   2.74182 -0.445283  -1.14947   2.74541  0.440934  -1.14794   2.74734
vel: -0.00797272    0.143929  -0.0336838  -0.0537491  0.00247955 -0.00370026   -0.025444  0.00621796  -0.0223923   0.0223923   0.0321579   0.0233078
tau:  0.000610352  -0.00305176  -0.00183105  -0.00549316   0.00305176 -0.000610352   0.00305176  -0.00305176   0.00305176  0.000610352   0.00305176   0.00305176
Imu Data: 
rpy: 0.00191335 -0.0030944  0.0145418
acc: 0.040144 0.029479  9.81211
omg: -0.000346134  0.000441743    -0.001901
User Command Input: 
axis value:  0 0 0
target mode: 0
Joint Data: 
pos: -0.446587  -1.16051   2.73903  0.436051   -1.1632   2.74182 -0.445512  -1.14955   2.74526  0.440934  -1.14802   2.74742
vel:   0.0242996  -0.0430679 -0.00827789  -0.0136948  0.00156403   0.0362015  -0.0252914  0.00492096   0.0298691  -0.0316238   0.0855637   0.0194168
tau: -0.000610352  -0.00183105  -0.00427246  -0.00305176 -0.000610352 -0.000610352  -0.00183105  -0.00183105   0.00427246   0.00305176 -0.000610352  -0.00549316
Imu Data: 
rpy:  0.00154772 -0.00297128   0.0144301
acc:  0.034545 -0.003357   9.78666
omg:  -0.00393746   0.00298317 -0.000917328
User Command Input: 
axis value:  0 0 0
target mode: 0
Joint Data: 
pos: -0.446739  -1.16035   2.73903  0.436204  -1.16313   2.74174 -0.445588  -1.14939   2.74503  0.440782  -1.14794    2.7475
vel: -0.0111771  0.0243759 -0.0711441  0.0185776  0.0195694 -0.0392532 -0.0976181 -0.0166702 0.00423431 0.00797272  0.0278091  0.0323105
tau:  -0.00549316  -0.00183105   0.00183105  -0.00671387  0.000610352  -0.00183105  0.000610352 -0.000610352  -0.00427246  0.000610352 -0.000610352   0.00427246
Imu Data: 
rpy:  0.00177017 -0.00277228   0.0144308
acc:  0.01361 0.030242  9.76282
omg:  -0.00173645 -0.000486772   0.00294585
User Command Input: 
axis value:  0 0 0
target mode: 0
Joint Data: 
pos: -0.446739  -1.16043   2.73919  0.436128  -1.16328   2.74174 -0.445207  -1.14962   2.74518  0.441011  -1.14787   2.74727
vel:  -0.0252151   0.0271225  -0.0201797   0.0156784  -0.0107956  -0.0589371  0.00934601 -0.00751495  -0.0476456   -0.044899  -0.0638199   0.0301743
tau:  0.000610352  -0.00183105 -0.000610352  -0.00183105   0.00183105  0.000610352   0.00427246 -0.000610352  -0.00549316   0.00183105   0.00305176  -0.00305176
Imu Data: 
rpy:  0.00232776 -0.00297439   0.0147539
acc: 0.037272 0.022022  9.80698
omg: -0.000979095   0.00226895  0.000445548
User Command Input: 
axis value:  0 0 0
target mode: 0
Joint Data: 
pos: -0.446358  -1.16035   2.73911  0.436128   -1.1632   2.74182 -0.445283  -1.14962   2.74518  0.440858  -1.14802   2.74734
vel:  -0.0664139 -0.00331879  -0.0568008  -0.0107956  0.00988007  -0.0168228   0.0648117   0.0203323   0.0265121  -0.0463486 -0.00980377  -0.0422287
tau: -0.000610352 -0.000610352   0.00427246  -0.00671387   0.00183105  0.000610352  -0.00183105  -0.00305176 -0.000610352   0.00183105 -0.000610352   0.00183105
Imu Data: 
rpy:  0.00234787 -0.00314367   0.0149093
acc: 0.009464 0.012499  9.76303
omg: -0.00132158  0.00301137 -0.00251064
User Command Input: 
axis value:  0 0 0
target mode: 0
Joint Data: 
pos:  -0.44651  -1.16043   2.73919  0.436357  -1.16336   2.74174 -0.445283  -1.14955   2.74503  0.440782  -1.14779   2.74727
vel:  0.0136185 -0.0368881 -0.0233078 -0.0412369  0.0130081  0.0118637 -0.0323868 0.00278473 0.00659943 -0.0133896 0.00286102 0.00202179
tau:  -0.00183105 -0.000610352  -0.00183105 -0.000610352 -0.000610352   0.00183105  -0.00549316  -0.00183105  0.000610352  0.000610352 -0.000610352  -0.00305176
Imu Data: 
rpy:  0.00235101 -0.00300771   0.0148622
acc: 0.015057 0.017702  9.78493
omg:   0.00283112  -0.00150725 -0.000128927
User Command Input: 
axis value:  0 0 0
target mode: 0
Joint Data: 
pos: -0.446434   -1.1602   2.73926  0.436433  -1.16328   2.74182 -0.445207  -1.14955    2.7451  0.440705  -1.14779   2.74727
vel:    0.0175858    0.0823593   -0.0222397    0.0382614     0.018425   -0.0122452    0.0548172  -0.00362396   -0.0236893 -0.000267029    0.0506973    0.0205612
tau:  -0.00183105  -0.00305176  -0.00183105  -0.00183105  -0.00305176   0.00305176 -0.000610352  -0.00183105  -0.00671387  0.000610352  -0.00183105   0.00549316
Imu Data: 
rpy:  0.00200502 -0.00293608   0.0147668
acc: 0.03489 0.02178 9.80109
omg: -0.000291435   0.00216719  -0.00114426
User Command Input: 
axis value:  0 0 0
target mode: 0
Joint Data: 
pos: -0.446281  -1.16035   2.73911  0.436357   -1.1632   2.74197 -0.445359  -1.14955   2.74518  0.440934  -1.14794   2.74727
vel:   0.0105667  -0.0470352 -0.00102997  -0.0142288  -0.0284195   0.0222397 0.000419617   0.0111008 -0.00202179   0.0564957  -0.0839615  -0.0198746
tau:  0.000610352   0.00183105   0.00549316 -0.000610352 -0.000610352  0.000610352  -0.00427246  -0.00183105  -0.00183105  0.000610352   0.00427246   0.00427246
Imu Data: 
rpy:  0.00156174 -0.00284195    0.014814
acc: 0.008554 0.025521  9.79348
omg: 0.000362226  0.00180005 0.000410763
User Command Input: 
axis value:  0 0 0
target mode: 0
Joint Data: 
pos: -0.446358  -1.16035   2.73911  0.436204   -1.1632   2.74197 -0.445359  -1.14962    2.7451  0.441011  -1.14802   2.74734
vel:  -0.0178146  -0.0094223  -0.0249863   -0.107613 -0.00278473   0.0368118  0.00156403  -0.0179672  -0.0575638   0.0494766  -0.0622177   0.0352859
tau: -0.000610352  -0.00183105 -0.000610352  -0.00183105  -0.00183105 -0.000610352 -0.000610352  -0.00305176  0.000610352   0.00183105  -0.00183105 -0.000610352
Imu Data: 
rpy:  0.00189379 -0.00271043   0.0149419
acc: 0.039729   0.0132  9.78518
omg:  0.00227254 0.000313374 -0.00217129
User Command Input: 
axis value:  0 0 0
target mode: 0
Joint Data: 
pos: -0.446587  -1.16028   2.73903   0.43628  -1.16313   2.74174 -0.444978  -1.14962    2.7451  0.440782  -1.14802   2.74734
vel:   -0.028801    0.046196 -0.00804901   0.0374222   0.0490952 -0.00171661   0.0115585  -0.0165939 -0.00835419   0.0056076  -0.0383377   0.0172806
tau:  0.000610352 -0.000610352  -0.00183105 -0.000610352   0.00305176   0.00305176  -0.00305176 -0.000610352   0.00183105  -0.00183105  0.000610352  -0.00305176
Imu Data: 
rpy:  0.00245336 -0.00285323   0.0152606
acc: 0.019441 0.021493  9.77906
omg:   0.00123714 -0.000610237   0.00239323
User Command Input: 
axis value:  0 0 0
target mode: 0
Joint Data: 
pos:  -0.44651  -1.16035   2.73911  0.436204  -1.16336   2.74182 -0.445436  -1.14962   2.74518  0.440858  -1.14771   2.74719
vel: -0.00774384 -0.00377655   0.0118637   0.0030899  -0.0323105   0.0103378  -0.0502396  -0.0113297  -0.0172043  -0.0120163   0.0230026   0.0168228
tau:  -0.00793457 -0.000610352   0.00183105   0.00427246 -0.000610352   0.00427246  -0.00305176 -0.000610352   0.00183105   0.00549316   0.00427246   0.00305176
Imu Data: 
rpy:  0.00265627 -0.00285927   0.0152992
acc: 0.020228 0.012439  9.78356
omg:  0.000542187 -0.000149784  -0.00028208
User Command Input: 
axis value:  0 0 0
target mode: 0
Joint Data: 
pos: -0.446739  -1.16058   2.73926  0.436357  -1.16328   2.74189 -0.445359  -1.14955   2.74526  0.440934  -1.14794   2.74734
vel:  -0.0175095 -0.00339508 -0.00644684   0.0599289  -0.0465012  0.00713348   0.0250626  -0.0203323  -0.0105667  -0.0255203  -0.0446701 -0.00286102
tau:  -0.00183105  -0.00183105  -0.00305176  0.000610352 -0.000610352   0.00183105   0.00793457  -0.00183105  0.000610352  0.000610352  -0.00305176 -0.000610352
Imu Data: 
rpy:  0.00233522 -0.00282904   0.0154134
acc: 0.023584 0.022165  9.78676
omg:  -0.00287478  -0.00193892 -3.46448e-05
User Command Input: 
axis value:  0 0 0
target mode: 0
Joint Data: 
pos: -0.446587  -1.16043   2.73911  0.436357  -1.16328   2.74182 -0.445512  -1.14947   2.74526  0.441011  -1.14787   2.74727
vel:  0.00331879   0.0412369   0.0245285 -0.00705719   0.0631332   0.0146866  -0.0178909  -0.0259018  -0.0136948   0.0461197   0.0368118  -0.0138474
tau:  0.000610352 -0.000610352   0.00305176  0.000610352  0.000610352   0.00305176  -0.00305176 -0.000610352  -0.00183105  0.000610352   0.00305176 -0.000610352
Imu Data: 
rpy:  0.00206867 -0.00305228   0.0152655
acc: 0.029565 0.025409   9.7878
omg: 0.00137829 0.00128345 0.00101758
User Command Input: 
axis value:  0 0 0
target mode: 0
Joint Data: 
pos: -0.446739  -1.16043   2.73926  0.436128   -1.1632   2.74174 -0.445283  -1.14947   2.74526  0.441011  -1.14787   2.74734
vel:  -0.0122452  -0.0709152   0.0383377   0.0391006     0.01194  -0.0447464  -0.0398636 -0.00995636   0.0637436  -0.0104141  0.00843048   0.0510788
tau: -0.000610352  -0.00183105  -0.00427246  -0.00427246  0.000610352  0.000610352  -0.00549316 -0.000610352  -0.00549316  -0.00183105  0.000610352   0.00549316
Imu Data: 
rpy:  0.00211705 -0.00315456   0.0153256
acc: 0.069303 0.008741  9.78344
omg: -0.00238328 -0.00119428  0.00127599
User Command Input: 
axis value:  0 0 0
target mode: 0
Joint Data: 
pos: -0.446587  -1.16035   2.73911   0.43628  -1.16313   2.74189 -0.445436  -1.14939   2.74526  0.440858  -1.14787   2.74734
vel:   0.0382614   -0.069313  0.00499725   -0.071907  0.00514984  -0.0391769   -0.022316   0.0229263 -0.00247955   0.0188828  0.00484467  -0.0126266
tau:  -0.00183105  -0.00305176  -0.00305176 -0.000610352  0.000610352   0.00305176  -0.00183105 -0.000610352   0.00183105   0.00305176   0.00183105  0.000610352
Imu Data: 
rpy:  0.00230595 -0.00333801   0.0153946
acc: 0.020568 0.013958  9.77562
omg:  0.000538923   0.00164574 -0.000510282
User Command Input: 
axis value:  0 0 0
target mode: 0
Joint Data: 
pos: -0.446281   -1.1602   2.73919  0.436204   -1.1632   2.74189 -0.445359  -1.14962   2.74503  0.440858  -1.14787   2.74734
vel: -0.0162888 -0.0632858  0.0307083 -0.0349045 -0.0350571 0.00545502  0.0772476  -0.028038 -0.0133133 -0.0156784 0.00720978  0.0504684
tau:  0.000610352  -0.00183105  -0.00305176  0.000610352   0.00183105   0.00183105   0.00183105  -0.00183105  -0.00183105   0.00427246  0.000610352 -0.000610352
Imu Data: 
rpy:  0.00233858 -0.00329574   0.0153301
acc: 0.025078 0.015386  9.79571
omg:  0.00303597 -0.00081067  0.00031868
User Command Input: 
axis value:  0 0 0
target mode: 0
Joint Data: 
pos:  -0.44651   -1.1602   2.73926   0.43628  -1.16328   2.74182 -0.445359  -1.14962   2.74503  0.441087  -1.14794   2.74727
vel:  -0.0429916 -0.00202179    0.028801   0.0317001   0.0117874  0.00972748  -0.0141525  -0.0094223 -0.00736237   0.0274277   0.0120163  -0.0200272
tau: -0.000610352 -0.000610352   0.00305176  -0.00183105  0.000610352  0.000610352  0.000610352 -0.000610352   0.00305176  0.000610352   0.00427246   0.00305176
Imu Data: 
rpy:  0.00196374 -0.00305338   0.0152014
acc: 0.031139 0.041244  9.79887
omg: 0.000409454 -0.00102049 -0.00138141
User Command Input: 
axis value:  0 0 0
target mode: 0
Joint Data: 
pos: -0.446739  -1.16028   2.73942   0.43628   -1.1632   2.74204 -0.445588  -1.14955   2.74526  0.440782  -1.14802   2.74734
vel:  -0.0650406 -0.00545502   0.0325394   -0.013237  -0.0314713   0.0183487 0.000801086  -0.0018692   0.0209427  -0.0543594 -0.00904083 -0.00286102
tau:   0.00183105 -0.000610352  -0.00183105  -0.00305176 -0.000610352   0.00183105 -0.000610352  -0.00183105  -0.00183105 -0.000610352  0.000610352  -0.00549316
Imu Data: 
rpy:   0.0020663 -0.00287515   0.0151871
acc: 0.021272 0.009854  9.79294
omg: 0.00185862  0.0010732 0.00233307
User Command Input: 
axis value:  0 0 0
target mode: 0
Joint Data: 
pos: -0.446358  -1.16043   2.73903  0.436128   -1.1632   2.74189 -0.445436  -1.14955   2.74533  0.441087   -1.1481   2.74727
vel:  -0.0223923  -0.0666428   0.0250626   0.0120926 -0.00881195   0.0114822  -0.0294113  -0.0194168   0.0183487  -0.0311661  -0.0204849  0.00125885
tau: -0.000610352  -0.00183105  -0.00183105  -0.00427246   0.00305176   0.00549316 -0.000610352  -0.00183105  -0.00549316  0.000610352  -0.00183105  0.000610352
Imu Data: 
rpy:  0.00201849 -0.00294081   0.0152246
acc: 0.032269 0.005918  9.79133
omg:   -0.0035441   0.00128887 -0.000699528
User Command Input: 
axis value:  0 0 0
target mode: 0
Joint Data: 
pos: -0.446129  -1.16012   2.73926   0.43628   -1.1632   2.74174 -0.445588  -1.14955   2.74533  0.440934  -1.14779   2.74734
vel:   0.0639725  -0.0264359   0.0188828   0.0150681   -0.033226  0.00125885   -0.043602  -0.0415421 -0.00720978  -0.0697708 -0.00102997 -0.00774384
tau:  -0.00183105 -0.000610352 -0.000610352  0.000610352   0.00305176   0.00183105  -0.00183105   0.00183105 -0.000610352   0.00183105 -0.000610352 -0.000610352
Imu Data: 
rpy:  0.00246461 -0.00277741   0.0153641
acc: 0.03348 0.01956 9.80905
omg:  0.00141075  0.00102648 0.000419804
User Command Input: 
axis value:  0 0 0
target mode: 0
Joint Data: 
pos: -0.446587  -1.16012   2.73919  0.436204   -1.1632   2.74182 -0.445436  -1.14962   2.74518  0.441163  -1.14794   2.74734
vel:  -0.0114822    0.057106  0.00385284  -0.0114059   0.0101089 -0.00514984  -0.0658035   0.0114822   0.0188828   0.0155258  -0.0352859  -0.0188065
tau:   0.00183105  -0.00183105  -0.00549316  -0.00183105  0.000610352  -0.00549316   0.00549316 -0.000610352 -0.000610352  -0.00305176  0.000610352   0.00427246
Imu Data: 
rpy:  0.00251975 -0.00294175   0.0154206
acc: 0.032749  0.04331  9.80166
omg:  -0.00072309    0.0029569 -0.000132732
User Command Input: 
axis value:  0 0 0
target mode: 0
Joint Data: 
pos: -0.446434  -1.16028   2.73911  0.435899   -1.1632   2.74182 -0.445283  -1.14955   2.74518  0.440858  -1.14802   2.74727
vel:    0.0969315  -0.00835419     0.033226   0.00850677  -0.00217438 -0.000801086   -0.0154495    0.0258255   -0.0175095   -0.0180435   -0.0180435 -0.000648499
tau: 0.000610352 -0.00183105 -0.00793457 -0.00183105  0.00305176  0.00549316  0.00183105 -0.00183105 -0.00427246  0.00305176 0.000610352  0.00183105
Imu Data: 
rpy:  0.0023356 -0.0030893  0.0152563
acc: 0.006642 0.031656  9.79368
omg: -0.000991015   0.00201512  -0.00125742
User Command Input: 
axis value:  0 0 0
target mode: 0
Joint Data: 
pos: -0.446587  -1.16012   2.73911  0.436357  -1.16328   2.74189 -0.445588  -1.14955   2.74526  0.441011  -1.14794   2.74734
vel:  -0.0455093   0.0276566   -0.051384   0.0452042  -0.0344467  -0.0105667  -0.0904465 -0.00431061   0.0297165 0.000267029  -0.0468826  -0.0211716
tau:  -0.00183105  -0.00305176   0.00305176  -0.00305176  0.000610352   0.00427246  -0.00549316 -0.000610352  -0.00427246   0.00183105 -0.000610352   0.00793457
Imu Data: 
rpy:  0.00199009 -0.00283775   0.0151962
acc: 0.030975  0.01132  9.81248
omg:   0.00201558  -0.00139759 -0.000271835
User Command Input: 
axis value:  0 0 0
target mode: 0
Joint Data: 
pos: -0.446434   -1.1602   2.73903   0.43628   -1.1632   2.74182 -0.445359  -1.14955   2.74526  0.440858  -1.14779   2.74727
vel: -0.00583649   -0.088768 -0.00858307   0.0725937   0.0233078 -0.00125885  -0.0218582   -0.038414  -0.0300217   0.0175858    -0.04673   0.0170517
tau:  0.000610352 -0.000610352  -0.00305176   0.00183105  0.000610352  0.000610352   0.00305176  -0.00305176 -0.000610352   0.00305176  0.000610352  -0.00183105
Imu Data: 
rpy:  0.00184658 -0.00268269   0.0152943
acc: 0.058531 0.027641  9.76494
omg:   0.00322348  -0.00138579 -0.000285414
User Command Input: 
axis value:  0 0 0
target mode: 0
Joint Data: 
pos: -0.446358  -1.16028   2.73919  0.436128  -1.16336   2.74189 -0.445359  -1.14962   2.74518  0.440858  -1.14794   2.74734
vel:  0.0248337 -0.0477982  0.0207901  0.0216293 -0.0118637 -0.0120926  0.0230789 0.00423431 -0.0123978 -0.0421524 -0.0246811 -0.0429916
tau: -0.000610352 -0.000610352 -0.000610352   0.00183105  0.000610352   0.00549316  0.000610352 -0.000610352  -0.00183105   0.00183105 -0.000610352  0.000610352
Imu Data: 
rpy: 0.00218234 -0.0027613  0.0154668
acc: 0.046188 0.010238  9.79563
omg:  0.00443291 -0.00217835 0.000521888
User Command Input: 
axis value:  0 0 0
target mode: 0
Joint Data: 
pos:  -0.44651  -1.16005   2.73919  0.436204   -1.1632   2.74182 -0.445436  -1.14939   2.74518  0.440858  -1.14794    2.7475
vel:  -0.0593185   0.0224686   0.0116348   -0.112495   0.0201035 -0.00759125    0.025444   0.0372696   0.0213242   -0.017662  -0.0346756  -0.0217819
tau:  -0.00305176 -0.000610352   0.00305176  0.000610352   0.00183105   0.00427246   0.00671387  -0.00183105 -0.000610352   0.00183105   0.00183105   0.00305176
Imu Data: 
rpy:  0.00251692 -0.00323095   0.0155199
acc: 0.049375 0.023675  9.80156
omg: -0.00283852 0.000527875 -0.00226736
User Command Input: 
axis value:  0 0 0
target mode: 0
Joint Data: 
pos:  -0.44651   -1.1602   2.73919  0.436051   -1.1632   2.74174 -0.445283  -1.14939   2.74518  0.441011  -1.14794   2.74734
vel:  -0.0275803    0.103569  -0.0056076 -0.00766754  -0.0107956   0.0518417    0.073204    0.025444   0.0204849    0.048027   0.0658798  -0.0194168
tau: -0.000610352  0.000610352  -0.00793457  -0.00427246 -0.000610352   0.00305176  -0.00427246  -0.00183105  -0.00305176  0.000610352   0.00305176 -0.000610352
Imu Data: 
rpy:  0.0024413 -0.0033591  0.0154331
acc: 0.054731 0.019633  9.77142
omg:   -0.0031121  0.000852628 -0.000529533
User Command Input: 
axis value:  0 0 0
target mode: 0
Joint Data: 
pos:  -0.44651  -1.16005   2.73911   0.43628   -1.1632   2.74182 -0.445512  -1.14962   2.74526  0.440858  -1.14802   2.74742
vel:   0.055275  0.0570297  0.0455856 -0.0712204  0.0143814 -0.0373459 -0.0165176  0.0328445  0.0271225  0.0044632  0.0220871 -0.0378799
tau: -0.00183105 0.000610352 -0.00671387 -0.00305176  0.00427246  0.00183105  0.00671387 -0.00183105  0.00183105  0.00549316 0.000610352 -0.00305176
Imu Data: 
rpy:  0.00188141 -0.00343722   0.0154399
acc:  0.01371 0.028993  9.78549
omg:  0.0036221 0.00104505 0.00249383
User Command Input: 
axis value:  0 0 0
target mode: 0
Joint Data: 
pos: -0.446434  -1.16012   2.73896  0.436357  -1.16313   2.74182 -0.445512  -1.14955   2.74503  0.440934  -1.14771   2.74742
vel:   0.0606155  -0.0193405  -0.0502396  -0.0220871   0.0147629  0.00804901   0.0357437 -0.00202179  -0.0155258   0.0851059 -0.00217438   -0.024147
tau:  -0.00183105  -0.00183105 -0.000610352  -0.00183105  0.000610352   0.00427246   0.00549316  -0.00183105   0.00305176   0.00183105   0.00305176  0.000610352
Imu Data: 
rpy:   0.0016619 -0.00349319   0.0156457
acc: 0.027542 0.025556  9.79804
omg:  -0.00224022 -0.000140185   0.00106619
User Command Input: 
axis value:  0 0 0
target mode: 0
Joint Data: 
pos: -0.446739   -1.1602   2.73911  0.436051  -1.16328   2.74182 -0.445207  -1.14955    2.7451  0.440934  -1.14771   2.74719
vel:   -0.0600052    0.0723648 -0.000114441  -0.00148773  -0.00171661    0.0213242    0.0179672    -0.019722   -0.0236893    -0.023613   0.00782013   0.00812531
tau:  -0.00183105 -0.000610352  -0.00671387  0.000610352  -0.00183105   0.00427246   0.00183105 -0.000610352  -0.00549316   0.00549316   0.00305176   0.00305176
Imu Data: 
rpy:  0.00185663 -0.00335234     0.01571
acc: 0.030352 0.011903  9.78764
omg:  -0.00270372 -0.000389453 -0.000662754
User Command Input: 
axis value:  0 0 0
target mode: 0
Joint Data: 
pos: -0.446663  -1.16051   2.73919  0.435975  -1.16313   2.74174 -0.445359  -1.14955   2.74526  0.440934  -1.14787   2.74742
vel: -0.00888824     0.03582  0.00530243  -0.0943375 -0.00225067   0.0382614    0.017128   0.0169754   0.0295639   0.0366592  3.8147e-05 -0.00339508
tau:  -0.00305176 -0.000610352  -0.00305176  -0.00549316  0.000610352   0.00183105  -0.00183105  -0.00183105  0.000610352  0.000610352   0.00183105   0.00183105
Imu Data: 
rpy:  0.00230912 -0.00330839   0.0157479
acc: 0.039768 0.010999  9.78448
omg: -0.00334576  -0.0033307   0.0011537
User Command Input: 
axis value:  0 0 0
target mode: 0
Joint Data: 
pos: -0.446663  -1.16012   2.73934  0.436128  -1.16328   2.74189 -0.445588  -1.14947   2.74526  0.440934  -1.14779   2.74727
vel:   0.0161362  -0.0408554  -0.0445175   -0.101814  -0.0194931    0.026741  -0.0497818 -0.00492096   0.0069809   0.0271988   0.0339127 -0.00919342
tau:  -0.00671387 -0.000610352  0.000610352 -0.000610352  0.000610352  -0.00427246   0.00183105  -0.00183105  0.000610352  -0.00183105   0.00427246  -0.00183105
Imu Data: 
rpy:   0.0022801 -0.00347436   0.0155912
acc: 0.020454 0.012527  9.78874
omg:  -0.00218981 -0.000406295   0.00025234
User Command Input: 
axis value:  0 0 0
target mode: 0
Joint Data: 
pos: -0.446663   -1.1602   2.73903  0.436128  -1.16328   2.74189 -0.445283  -1.14947   2.74518  0.441011  -1.14787   2.74727
vel:   0.0394058  -0.0429153   0.0213242   0.0115585 -0.00713348  -0.0185776   0.0909042  -0.0231552  0.00408173   0.0185776  0.00637054 0.000114441
tau:  -0.00183105 -0.000610352  -0.00305176  -0.00305176  0.000610352   0.00549316   0.00305176  -0.00183105   0.00183105  -0.00183105   0.00183105   0.00305176
Imu Data: 
rpy:  0.0017506 -0.0032638  0.0154051
acc: 0.022807 0.028421   9.8012
omg: -0.000446595  -0.00082191   0.00130036
User Command Input: 
axis value:  0 0 0
target mode: 0
Joint Data: 
pos: -0.446358  -1.16028   2.73896  0.436128  -1.16328   2.74189  -0.44513  -1.14955   2.74518  0.440858  -1.14802   2.74734
vel:   0.0153732  -0.0323868  -0.0503922   0.0460434  -0.0362015 -0.00133514   0.0101852 -0.00164032  -0.0336075  0.00492096   0.0178146   0.0155258
tau:   0.00183105  -0.00183105  -0.00183105  -0.00305176 -0.000610352 -0.000610352  -0.00427246  -0.00183105  -0.00305176  0.000610352 -0.000610352  0.000610352
Imu Data: 
rpy:  0.00157992 -0.00304787   0.0153311
acc: 0.014926 0.030274  9.79192
omg: -0.000672685  -0.00067813  -0.00157718
User Command Input: 
axis value:  0 0 0
target mode: 0
Joint Data: 
pos: -0.446434  -1.16028   2.73911  0.436357  -1.16328   2.74182 -0.445359  -1.14955   2.74526  0.441011   -1.1481   2.74734
vel:  0.0159836 -0.0313187 -0.0240707 -0.0152206 -0.0530624 0.00789642  0.0740433  0.0102615  0.0185776  0.0373459 -0.0406265  0.0201035
tau: -0.000610352 -0.000610352  -0.00183105 -0.000610352   0.00183105   0.00427246   0.00183105  -0.00183105 -0.000610352  0.000610352   0.00305176  -0.00427246
Imu Data: 
rpy:  0.0019492 -0.0028623  0.0154591
acc: 0.032745 -0.00574  9.77118
omg:  -0.00406068  -0.00214944 -0.000111614
User Command Input: 
axis value:  0 0 0
target mode: 0
Joint Data: 
pos: -0.446587  -1.16012   2.73903  0.436357   -1.1632   2.74197  -0.44513  -1.14939    2.7451  0.440858   -1.1481   2.74734
vel:   -0.08358 -0.0318527 -0.0120163  0.0488663  0.0213242    0.01194  0.0449753 -0.0102615 -0.0019455 -0.0177383 0.00545502 -0.0488663
tau: -0.00183105 -0.00183105 -0.00183105 -0.00671387  0.00305176  0.00427246  0.00183105 -0.00183105 -0.00305176  0.00183105  0.00183105  0.00183105
Imu Data: 
rpy:  0.00211445 -0.00304122   0.0154077
acc: 0.028035 0.015723  9.78817
omg: 0.000653172  0.00319645 0.000511975
User Command Input: 
axis value:  0 0 0
target mode: 0
Joint Data: 
pos:  -0.44651  -1.16028   2.73903  0.436128  -1.16328   2.74182 -0.445283  -1.14947   2.74526  0.441163  -1.14787   2.74742
vel:   0.0101089  -0.0513077   0.0069046   0.0260544   0.0133896   -0.034523  0.00522614 -0.00293732  0.00240326   0.0780106   0.0460434   0.0304794
tau:  -0.00427246  -0.00427246  -0.00671387  -0.00183105  0.000610352  0.000610352 -0.000610352  -0.00183105  -0.00183105   0.00549316 -0.000610352  -0.00183105
Imu Data: 
rpy:  0.00216173 -0.00326558     0.01529
acc: 0.026899 0.026857   9.8031
omg: 4.01426e-07 -0.00152336 -0.00216848
User Command Input: 
axis value:  0 0 0
target mode: 0
Joint Data: 
pos: -0.446663  -1.16028   2.73911  0.436433  -1.16336   2.74189 -0.445436  -1.14947    2.7451  0.441011  -1.14794    2.7475
vel:  0.00087738  -0.0529099 -0.00209808   0.0177383 -0.00133514   0.0169754    0.017662  -0.0056076   0.0446701   0.0139236   0.0387192   0.0183487
tau:  -0.00305176  -0.00183105 -0.000610352  -0.00183105  0.000610352   0.00183105  -0.00305176 -0.000610352 -0.000610352   0.00305176 -0.000610352   0.00305176
Imu Data: 
rpy:  0.00211441 -0.00302199   0.0149526
acc: 0.015733 0.041738  9.78662
omg:  0.000246423   0.00125873 -0.000392909
User Command Input: 
axis value:  0 0 0
target mode: 0
Joint Data: 
pos: -0.446587  -1.15997   2.73926  0.436051   -1.1632   2.74174 -0.445359  -1.14955   2.74526  0.440858   -1.1481   2.74727
vel:   0.0018692  -0.0885391    -0.01194   0.0268173  0.00911713 -0.00171661   0.0445175   0.0156784 -0.00156403  -0.0124741  -0.0466537  -0.0130844
tau: -0.000610352  -0.00183105   0.00427246   0.00183105  0.000610352   0.00183105 -0.000610352  -0.00183105   0.00183105   0.00183105 -0.000610352  -0.00183105
Imu Data: 
rpy:  0.00209492 -0.00305228   0.0147692
acc: 0.036241 0.017967  9.79928
omg: -0.00260295  0.00172503  0.00187462
User Command Input: 
axis value:  0 0 0
target mode: 0
Joint Data: 
pos:  -0.44651  -1.16012   2.73911   0.43628  -1.16313   2.74182 -0.445665  -1.14962   2.74518  0.441011  -1.14794   2.74734
vel:   0.0514603  -0.0243759   0.0127792   0.0645065 -0.00240326  -0.0206375 -0.00591278  -0.0275803 -0.00728607    0.026207  -0.0315475    0.039711
tau:  -0.00183105 -0.000610352  -0.00305176  -0.00427246 -0.000610352   0.00427246  0.000610352  -0.00305176  -0.00183105  0.000610352   0.00183105  -0.00305176
Imu Data: 
rpy:  0.00201727 -0.00317372   0.0147107
acc: -0.001536  0.023525   9.77987
omg:   0.00454922   0.00349921 -0.000673121
User Command Input: 
axis value:  0 0 0
target mode: 0
Joint Data: 
pos: -0.446892   -1.1602   2.73911  0.436204  -1.16328   2.74182 -0.445283  -1.14947   2.74526  0.440782  -1.14779   2.74719
vel:  -0.0574112   0.0463486  -0.0240707   0.0181961  -0.0188828 -0.00492096     0.04879   0.0221634  -0.0517654   0.0290298  -0.0203323   -0.018959
tau:  -0.00183105 -0.000610352  -0.00305176  -0.00183105   0.00183105   0.00305176 -0.000610352  -0.00183105  -0.00549316   0.00305176 -0.000610352   0.00183105
Imu Data: 
rpy:  0.00232131 -0.00315067   0.0146878
acc: 0.001891 -0.00147  9.79253
omg:  -0.00127606 -7.27279e-05   -0.0012328
User Command Input: 
axis value:  0 0 0
target mode: 0
Joint Data: 
pos:  -0.44651  -1.16028   2.73926  0.436433  -1.16328   2.74182 -0.445207  -1.14962   2.74533  0.441087  -1.14764   2.74727
vel:  -0.0616837  -0.0172043   0.0376511  -0.0370407   0.0345993 -0.00591278   0.0909805 -0.00583649   0.0276566   0.0488663 0.000724792   0.0103378
tau:   0.00183105  -0.00183105  -0.00305176 -0.000610352  0.000610352   0.00427246  -0.00183105 -0.000610352   0.00183105   0.00183105   0.00305176   0.00305176
Imu Data: 
rpy:  0.00229233 -0.00322195   0.0146064
acc: 0.027351 0.036353  9.77713
omg:  0.000270788   0.00159731 -0.000500875
User Command Input: 
axis value:  0 0 0
target mode: 0
Joint Data: 
pos: -0.446663  -1.16028   2.73911   0.43628  -1.16313   2.74189 -0.445359  -1.14947   2.74526  0.441011  -1.14779   2.74734
vel:   0.0121689  -0.0349808  -0.0763321   0.0291061   0.0178146  0.00736237   0.0597763 -0.00301361   0.0515366   0.0532913  -0.0255203  3.8147e-05
tau:  -0.00183105  -0.00183105  -0.00183105  0.000610352   0.00305176  0.000610352  -0.00305176  -0.00183105 -0.000610352   0.00305176   0.00305176   0.00305176
Imu Data: 
rpy:  0.00202271 -0.00310805   0.0144443
acc: 0.024094 0.026791  9.81209
omg:   0.00202463   -0.0028774 -0.000472373
User Command Input: 
axis value:  0 0 0
target mode: 0
Joint Data: 
pos: -0.446434  -1.16051   2.73926   0.43628   -1.1632   2.74166 -0.445512  -1.14955   2.74526  0.441011  -1.14787   2.74734
vel:   -0.0378799   0.00385284  -0.00469208   -0.0613785   -0.0137711   -0.0304031    0.0720596   -0.0384903    0.0295639 -0.000572205    0.0442886      0.02285
tau:  0.000610352 -0.000610352  -0.00183105  -0.00427246  -0.00183105  0.000610352  0.000610352 -0.000610352 -0.000610352   0.00183105  0.000610352   0.00305176
Imu Data: 
rpy:  0.00173273 -0.00301933   0.0144648
acc: 0.039209 0.025994  9.77585
omg: -0.000125943  -0.00144566  0.000227015
User Command Input: 
axis value:  0 0 0
target mode: 0
Joint Data: 
pos: -0.446587  -1.16012   2.73911  0.436051  -1.16328   2.74174 -0.445359  -1.14947   2.74533  0.441087  -1.14764   2.74734
vel: 0.00225067  0.0517654 -0.0135422  0.0214005 -0.0153732 -0.0249863  0.0320053  0.0424576  0.0339127  0.0239182  0.0414658  0.0172043
tau:  0.000610352 -0.000610352   0.00183105  -0.00549316 -0.000610352  0.000610352   0.00305176 -0.000610352   0.00427246  -0.00305176  -0.00549316   0.00305176
Imu Data: 
rpy:  0.00154182 -0.00280682   0.0143744
acc: 0.037828 0.008504  9.81136
omg: -0.00243779 -0.00130346  0.00017277
User Command Input: 
axis value:  0 0 0
target mode: 0
Joint Data: 
pos: -0.446739  -1.16035   2.73903  0.436051  -1.16336   2.74197 -0.445283  -1.14947    2.7451  0.440858  -1.14794   2.74727
vel:  -0.0414658   -0.019722  0.00873566  0.00392914   -0.015831   0.0583267   0.0490952  -0.0333023 0.000419617   0.0478745 0.000267029 -0.00797272
tau: -0.000610352 -0.000610352  -0.00793457 -0.000610352   0.00183105  0.000610352  -0.00305176  -0.00183105  -0.00549316  -0.00183105  -0.00183105 -0.000610352
Imu Data: 
rpy: 0.00174618 -0.0026558  0.0146258
acc: 0.029561 0.006234  9.79114
omg:   0.00298406 -0.000262707   0.00143899
User Command Input: 
axis value:  0 0 0
target mode: 0
Joint Data: 
pos: -0.446739  -1.16035   2.73903  0.436357  -1.16328   2.74189  -0.44513  -1.14947   2.74533  0.441087  -1.14802   2.74734
vel:   0.0948715   0.0103378  -0.0400162   0.0530624  0.00156403 -0.00804901  -0.0491714  -0.0483322  0.00782013  -0.0196457   0.0122452   0.0245285
tau: -0.000610352  0.000610352   0.00427246  -0.00671387  0.000610352  -0.00183105   0.00549316 -0.000610352  0.000610352  0.000610352   0.00183105   0.00427246
Imu Data: 
rpy:  0.0019722 -0.0028858  0.0146421
acc: 0.017714 0.004428  9.78061
omg: -0.000717016   0.00168032  -0.00026255
User Command Input: 
axis value:  0 0 0
target mode: 0
Joint Data: 
pos: -0.446358  -1.16051   2.73911  0.436357  -1.16328   2.74189 -0.445588  -1.14939   2.74518  0.440934  -1.14794   2.74727
vel:  0.0667191 -0.0945663 -0.0094223  0.0194931 -0.0143051 -0.0242996 -0.0411606  0.0175858 0.00766754 0.00789642 0.00675201 -0.0233841
tau:  -0.00183105  -0.00183105  -0.00549316  0.000610352   0.00183105   0.00305176   0.00305176  -0.00183105   0.00183105   0.00305176 -0.000610352  0.000610352
Imu Data: 
rpy:  0.00231113 -0.00298394    0.014594
acc: 0.031186 0.011869  9.79945
omg:  0.00099208 0.000886714   0.0014053
User Command Input: 
axis value:  0 0 0
target mode: 0
